Copenhagen International Open Jiu-Jitsu No-Gi Championship 2017,Adult/Male/Blue/Light,1,MatejTomic,SampaBJJGermany
Copenhagen International Open Jiu-Jitsu No-Gi Championship 2017,Adult/Male/Blue/Light,2,AnFongNguyen,CheckMat
Copenhagen International Open Jiu-Jitsu No-Gi Championship 2017,Adult/Male/Blue/Middle,1,LongTran,TeamTrondheimBJJ
Copenhagen International Open Jiu-Jitsu No-Gi Championship 2017,Adult/Male/Blue/Middle,2,IgorDeSouzaPaula,GracieBarra
Copenhagen International Open Jiu-Jitsu No-Gi Championship 2017,Adult/Male/Blue/Middle,3,SamiMäkelä,BrasaCTA
Copenhagen International Open Jiu-Jitsu No-Gi Championship 2017,Adult/Male/Blue/Middle,3,ThibaultDamian,GFTeamFrance
Copenhagen International Open Jiu-Jitsu No-Gi Championship 2017,Adult/Male/Blue/Medium-Heavy,1,ChristofferLie,FrontlineAcademy
Copenhagen International Open Jiu-Jitsu No-Gi Championship 2017,Adult/Male/Blue/Medium-Heavy,2,IvanSundell,ArtofRoll
Copenhagen International Open Jiu-Jitsu No-Gi Championship 2017,Adult/Male/Blue/Medium-Heavy,3,AugustSchiøtz,CheckMat
Copenhagen International Open Jiu-Jitsu No-Gi Championship 2017,Adult/Male/Blue/Medium-Heavy,3,HåvardSætevikBerteig,BJJGlobetrotters
Copenhagen International Open Jiu-Jitsu No-Gi Championship 2017,Adult/Male/Blue/Super-Heavy,1,AmeerHarrisKhan,FrontlineAcademy
Copenhagen International Open Jiu-Jitsu No-Gi Championship 2017,Adult/Male/Blue/Super-Heavy,2,KasperVirtanen,PolarJiuJitsuTeam
Copenhagen International Open Jiu-Jitsu No-Gi Championship 2017,Adult/Male/Blue/Super-Heavy,3,ZakariaHaddou,GracieBarra
Copenhagen International Open Jiu-Jitsu No-Gi Championship 2017,Adult/Male/Blue/Ultra-Heavy,1,MikeRoberts,TheMMAAcademyLiverpool
Copenhagen International Open Jiu-Jitsu No-Gi Championship 2017,Adult/Male/Blue/Enum_WeightDivision_OpenClass_Label,1,IgorDeSouzaPaula,GracieBarra
Copenhagen International Open Jiu-Jitsu No-Gi Championship 2017,Adult/Male/Blue/Enum_WeightDivision_OpenClass_Label,2,AmeerHarrisKhan,FrontlineAcademy
Copenhagen International Open Jiu-Jitsu No-Gi Championship 2017,Adult/Male/Blue/Enum_WeightDivision_OpenClass_Label,3,IvanSundell,ArtofRoll
Copenhagen International Open Jiu-Jitsu No-Gi Championship 2017,Adult/Male/Blue/Enum_WeightDivision_OpenClass_Label,3,MikeRoberts,TheMMAAcademyLiverpool
Copenhagen International Open Jiu-Jitsu No-Gi Championship 2017,Adult/Male/Purple/Feather,1,AndrewMcGahon,ACTJJInternational
Copenhagen International Open Jiu-Jitsu No-Gi Championship 2017,Adult/Male/Purple/Feather,2,DannyPedersen,ChokeAcademy
Copenhagen International Open Jiu-Jitsu No-Gi Championship 2017,Adult/Male/Purple/Feather,3,AthanasiosNasis,ZentihBJJ,Greece
Copenhagen International Open Jiu-Jitsu No-Gi Championship 2017,Adult/Male/Purple/Light,1,AntoniTomic,SampaBJJGermany
Copenhagen International Open Jiu-Jitsu No-Gi Championship 2017,Adult/Male/Purple/Light,2,MarcusDahlRasmussen,CheckMat
Copenhagen International Open Jiu-Jitsu No-Gi Championship 2017,Adult/Male/Purple/Light,3,RyanNoelMcCartney,ACTJJInt.
Copenhagen International Open Jiu-Jitsu No-Gi Championship 2017,Adult/Male/Purple/Middle,1,MortenGullaksen,CheckMat
Copenhagen International Open Jiu-Jitsu No-Gi Championship 2017,Adult/Male/Purple/Middle,2,TomiHimberg,PolarJiuJitsuTeam
Copenhagen International Open Jiu-Jitsu No-Gi Championship 2017,Adult/Male/Purple/Middle,3,AndreiLanin,CheckMatInternational
Copenhagen International Open Jiu-Jitsu No-Gi Championship 2017,Adult/Male/Purple/Middle,3,VeljkoNikolic,GracieBarra
Copenhagen International Open Jiu-Jitsu No-Gi Championship 2017,Adult/Male/Purple/Medium-Heavy,1,JamesKirkham,TheMMAAcademyLiverpool
Copenhagen International Open Jiu-Jitsu No-Gi Championship 2017,Adult/Male/Purple/Super-Heavy,1,JoshuaAmanManczak,CheckMat
Copenhagen International Open Jiu-Jitsu No-Gi Championship 2017,Adult/Male/Purple/Super-Heavy,2,JohnElsey,CheckMat
Copenhagen International Open Jiu-Jitsu No-Gi Championship 2017,Adult/Male/Purple/Super-Heavy,3,BerndHornikel,SampaBJJGermany
Copenhagen International Open Jiu-Jitsu No-Gi Championship 2017,Adult/Male/Purple/Enum_WeightDivision_OpenClass_Label,1,JoshuaAmanManczak,CheckMat
Copenhagen International Open Jiu-Jitsu No-Gi Championship 2017,Adult/Male/Purple/Enum_WeightDivision_OpenClass_Label,2,JamesKirkham,TheMMAAcademyLiverpool
Copenhagen International Open Jiu-Jitsu No-Gi Championship 2017,Adult/Male/Purple/Enum_WeightDivision_OpenClass_Label,3,JohnElsey,CheckMat
Copenhagen International Open Jiu-Jitsu No-Gi Championship 2017,Adult/Male/Purple/Enum_WeightDivision_OpenClass_Label,3,RyanNoelMcCartney,ACTJJInt.
Copenhagen International Open Jiu-Jitsu No-Gi Championship 2017,Adult/Male/Brown/Middle,1,RokasNarusevicius,A,ForceBrazilianJiu,JitsuInternational
Copenhagen International Open Jiu-Jitsu No-Gi Championship 2017,Adult/Male/Brown/Medium-Heavy,1,JaakkoVilander,BrasaHelsinki
Copenhagen International Open Jiu-Jitsu No-Gi Championship 2017,Adult/Male/Brown/Medium-Heavy,2,BenjaminAlanFletcher,DJTeam
Copenhagen International Open Jiu-Jitsu No-Gi Championship 2017,Adult/Male/Brown/Enum_WeightDivision_OpenClass_Label,1,JaakkoVilander,BrasaHelsinki
Copenhagen International Open Jiu-Jitsu No-Gi Championship 2017,Adult/Male/Brown/Enum_WeightDivision_OpenClass_Label,2,RokasNarusevicius,A,ForceBrazilianJiu,JitsuInternational
Copenhagen International Open Jiu-Jitsu No-Gi Championship 2017,Adult/Male/Black/Middle,1,ArthurPucci,Alliance
Copenhagen International Open Jiu-Jitsu No-Gi Championship 2017,Adult/Male/Black/Middle,2,KenjiBenjaminSette,CercleTissierBJJ
Copenhagen International Open Jiu-Jitsu No-Gi Championship 2017,Adult/Male/Black/Medium-Heavy,1,AndreasM.SebastianBroschéJonsson,FrontlineAcademy
Copenhagen International Open Jiu-Jitsu No-Gi Championship 2017,Adult/Male/Black/Medium-Heavy,2,JoachimSveinson,FrontlineAcademy
Copenhagen International Open Jiu-Jitsu No-Gi Championship 2017,Adult/Male/Black/Medium-Heavy,3,GottrellWKingJr.,GracieBarra
Copenhagen International Open Jiu-Jitsu No-Gi Championship 2017,Adult/Male/Black/Heavy,1,AdamWardzinski,CheckMat
Copenhagen International Open Jiu-Jitsu No-Gi Championship 2017,Adult/Male/Black/Heavy,2,NicolasE.Penzer,PATAcademyBelgium
Copenhagen International Open Jiu-Jitsu No-Gi Championship 2017,Adult/Male/Black/Super-Heavy,1,RodrigoFerreiraReis,RodrigoReisJiu,JitsuTeam
Copenhagen International Open Jiu-Jitsu No-Gi Championship 2017,Adult/Male/Black/Enum_WeightDivision_OpenClass_Label,1,AdamWardzinski,CheckMat
Copenhagen International Open Jiu-Jitsu No-Gi Championship 2017,Adult/Male/Black/Enum_WeightDivision_OpenClass_Label,2,AndreasM.SebastianBroschéJonsson,FrontlineAcademy
Copenhagen International Open Jiu-Jitsu No-Gi Championship 2017,Adult/Male/Black/Enum_WeightDivision_OpenClass_Label,3,JoachimSveinson,FrontlineAcademy
Copenhagen International Open Jiu-Jitsu No-Gi Championship 2017,Adult/Male/Black/Enum_WeightDivision_OpenClass_Label,3,RodrigoFerreiraReis,RodrigoReisJiu,JitsuTeam
Copenhagen International Open Jiu-Jitsu No-Gi Championship 2017,Adult/Female/Blue/Light,1,MaritTyssedal,FrontlineAcademy
Copenhagen International Open Jiu-Jitsu No-Gi Championship 2017,Adult/Female/Blue/Light,2,SarahGreenwood,CombatBaseUK
Copenhagen International Open Jiu-Jitsu No-Gi Championship 2017,Adult/Female/Blue/Light,3,EliamarCoelhoGuimaraes,GracieBarra
Copenhagen International Open Jiu-Jitsu No-Gi Championship 2017,Adult/Female/Blue/Light,3,MelissaÅdinWallbom,FrontlineAcademy
Copenhagen International Open Jiu-Jitsu No-Gi Championship 2017,Adult/Female/Blue/Enum_WeightDivision_OpenClass_Label,1,EliamarCoelhoGuimaraes,GracieBarra
Copenhagen International Open Jiu-Jitsu No-Gi Championship 2017,Adult/Female/Blue/Enum_WeightDivision_OpenClass_Label,2,SarahGreenwood,CombatBaseUK
Copenhagen International Open Jiu-Jitsu No-Gi Championship 2017,Adult/Female/Purple/Feather,1,LarissaCamposCarvalho,GracieReunion
Copenhagen International Open Jiu-Jitsu No-Gi Championship 2017,Adult/Female/Purple/Feather,2,LauraPeretti,JSBrazilianJiu,Jitsu
Copenhagen International Open Jiu-Jitsu No-Gi Championship 2017,Adult/Female/Purple/Light,1,AnjaBergo,FrontlineAcademy
Copenhagen International Open Jiu-Jitsu No-Gi Championship 2017,Adult/Female/Purple/Light,2,IngibjorgBirnaArsaelsdóttir,Mjolnir
Copenhagen International Open Jiu-Jitsu No-Gi Championship 2017,Adult/Female/Purple/Enum_WeightDivision_OpenClass_Label,1,LarissaCamposCarvalho,GracieReunion
Copenhagen International Open Jiu-Jitsu No-Gi Championship 2017,Adult/Female/Purple/Enum_WeightDivision_OpenClass_Label,2,AnjaBergo,FrontlineAcademy
Copenhagen International Open Jiu-Jitsu No-Gi Championship 2017,Adult/Female/Purple/Enum_WeightDivision_OpenClass_Label,3,IngibjorgBirnaArsaelsdóttir,Mjolnir
Copenhagen International Open Jiu-Jitsu No-Gi Championship 2017,Adult/Female/Purple/Enum_WeightDivision_OpenClass_Label,3,LauraPeretti,JSBrazilianJiu,Jitsu
Copenhagen International Open Jiu-Jitsu No-Gi Championship 2017,Master1/Male/Blue/Feather,1,AhileasBolovan,DeSouzaDojo
Copenhagen International Open Jiu-Jitsu No-Gi Championship 2017,Master1/Male/Blue/Feather,2,KjetilKunPyoRamdal,FrontlineAcademy
Copenhagen International Open Jiu-Jitsu No-Gi Championship 2017,Master1/Male/Blue/Feather,3,EsaVähäjylkkä,PolarJiuJitsuTeam
Copenhagen International Open Jiu-Jitsu No-Gi Championship 2017,Master1/Male/Blue/Light,1,SiphoSondela,FrontlineAcademy
Copenhagen International Open Jiu-Jitsu No-Gi Championship 2017,Master1/Male/Blue/Light,2,AsbjørnStoveland,FrontlineAcademy
Copenhagen International Open Jiu-Jitsu No-Gi Championship 2017,Master1/Male/Blue/Middle,1,VladimirAlexandrovichKhomutov,ZenithBJJ,International
Copenhagen International Open Jiu-Jitsu No-Gi Championship 2017,Master1/Male/Blue/Medium-Heavy,1,WilsonJoséDaSilva,SBGIreland
Copenhagen International Open Jiu-Jitsu No-Gi Championship 2017,Master1/Male/Blue/Medium-Heavy,2,ToymyratBugayev,JungleBJJ
Copenhagen International Open Jiu-Jitsu No-Gi Championship 2017,Master1/Male/Blue/Heavy,1,ChristianSpets,TeamTrondheimBJJ
Copenhagen International Open Jiu-Jitsu No-Gi Championship 2017,Master1/Male/Blue/Heavy,2,TonyFethke,FrontlineAcademy
Copenhagen International Open Jiu-Jitsu No-Gi Championship 2017,Master1/Male/Blue/Super-Heavy,1,TarekEl,zein,CheckMat
Copenhagen International Open Jiu-Jitsu No-Gi Championship 2017,Master1/Male/Blue/Enum_WeightDivision_OpenClass_Label,1,WilsonJoséDaSilva,SBGIreland
Copenhagen International Open Jiu-Jitsu No-Gi Championship 2017,Master1/Male/Blue/Enum_WeightDivision_OpenClass_Label,2,VladimirAlexandrovichKhomutov,ZenithBJJ,International
Copenhagen International Open Jiu-Jitsu No-Gi Championship 2017,Master1/Male/Blue/Enum_WeightDivision_OpenClass_Label,3,AsbjørnStoveland,FrontlineAcademy
Copenhagen International Open Jiu-Jitsu No-Gi Championship 2017,Master1/Male/Blue/Enum_WeightDivision_OpenClass_Label,3,TarekEl,zein,CheckMat
Copenhagen International Open Jiu-Jitsu No-Gi Championship 2017,Master1/Male/Purple/Middle,1,YassineBendaoud,TarguistiFightSports
Copenhagen International Open Jiu-Jitsu No-Gi Championship 2017,Master1/Male/Purple/Middle,2,IvarBrondboKjerstad,TeamTrondheimBJJ
Copenhagen International Open Jiu-Jitsu No-Gi Championship 2017,Master1/Male/Purple/Middle,3,AndreiGrigorian,ChokeAcademy
Copenhagen International Open Jiu-Jitsu No-Gi Championship 2017,Master1/Male/Purple/Heavy,1,MartinJohnYoung,RioGrapplingClubEurope
Copenhagen International Open Jiu-Jitsu No-Gi Championship 2017,Master1/Male/Purple/Heavy,2,GabrielRufinoEstrela,BARBOSAJIU,JITSU
Copenhagen International Open Jiu-Jitsu No-Gi Championship 2017,Master1/Male/Purple/Enum_WeightDivision_OpenClass_Label,1,MartinJohnYoung,RioGrapplingClubEurope
Copenhagen International Open Jiu-Jitsu No-Gi Championship 2017,Master1/Male/Brown/Middle,1,LukasmarBandeiraBorges,TeamJucãoSpain
Copenhagen International Open Jiu-Jitsu No-Gi Championship 2017,Master1/Male/Brown/Medium-Heavy,1,JohnBurke,Alliance
Copenhagen International Open Jiu-Jitsu No-Gi Championship 2017,Master1/Male/Brown/Medium-Heavy,2,SamGrundy,LucioSergioBJJLifestyle
Copenhagen International Open Jiu-Jitsu No-Gi Championship 2017,Master1/Male/Brown/Heavy,1,LeeWhitehead,LucioSergioBJJLifestyle
Copenhagen International Open Jiu-Jitsu No-Gi Championship 2017,Master1/Male/Brown/Enum_WeightDivision_OpenClass_Label,1,JohnBurke,Alliance
Copenhagen International Open Jiu-Jitsu No-Gi Championship 2017,Master1/Male/Brown/Enum_WeightDivision_OpenClass_Label,2,LukasmarBandeiraBorges,TeamJucãoSpain
Copenhagen International Open Jiu-Jitsu No-Gi Championship 2017,Master1/Male/Brown/Enum_WeightDivision_OpenClass_Label,3,LeeWhitehead,LucioSergioBJJLifestyle
Copenhagen International Open Jiu-Jitsu No-Gi Championship 2017,Master1/Male/Brown/Enum_WeightDivision_OpenClass_Label,3,SamGrundy,LucioSergioBJJLifestyle
Copenhagen International Open Jiu-Jitsu No-Gi Championship 2017,Master1/Male/Black/Light,1,LucasLuzGonçalvesLeite,GracieBarcelona
Copenhagen International Open Jiu-Jitsu No-Gi Championship 2017,Master1/Male/Black/Medium-Heavy,1,AlvaroEnricoFernandezRibeiro,FrontlineAcademy
Copenhagen International Open Jiu-Jitsu No-Gi Championship 2017,Master1/Male/Black/Heavy,1,CleitonNovasPinheiro,C,FighterAcademy
Copenhagen International Open Jiu-Jitsu No-Gi Championship 2017,Master1/Male/Black/Enum_WeightDivision_OpenClass_Label,1,AlvaroEnricoFernandezRibeiro,FrontlineAcademy
Copenhagen International Open Jiu-Jitsu No-Gi Championship 2017,Master1/Male/Black/Enum_WeightDivision_OpenClass_Label,2,LucasLuzGonçalvesLeite,GracieBarcelona
Copenhagen International Open Jiu-Jitsu No-Gi Championship 2017,Master1/Male/Black/Enum_WeightDivision_OpenClass_Label,3,CleitonNovasPinheiro,C,FighterAcademy
Copenhagen International Open Jiu-Jitsu No-Gi Championship 2017,Master2/Male/Blue/Light,1,MartinLagermand,CheckMat
Copenhagen International Open Jiu-Jitsu No-Gi Championship 2017,Master2/Male/Blue/Medium-Heavy,1,JuriAhokas,PolarJiuJitsuTeam
Copenhagen International Open Jiu-Jitsu No-Gi Championship 2017,Master2/Male/Blue/Heavy,1,AboudiDjemma,JacksonPauloTeam
Copenhagen International Open Jiu-Jitsu No-Gi Championship 2017,Master2/Male/Blue/Heavy,2,TjMcmenamin,GracieEliteTeam
Copenhagen International Open Jiu-Jitsu No-Gi Championship 2017,Master2/Male/Blue/Enum_WeightDivision_OpenClass_Label,1,JuriAhokas,PolarJiuJitsuTeam
Copenhagen International Open Jiu-Jitsu No-Gi Championship 2017,Master2/Male/Blue/Enum_WeightDivision_OpenClass_Label,2,AboudiDjemma,JacksonPauloTeam
Copenhagen International Open Jiu-Jitsu No-Gi Championship 2017,Master2/Male/Blue/Enum_WeightDivision_OpenClass_Label,3,MartinLagermand,CheckMat
Copenhagen International Open Jiu-Jitsu No-Gi Championship 2017,Master2/Male/Blue/Enum_WeightDivision_OpenClass_Label,3,TjMcmenamin,GracieEliteTeam
Copenhagen International Open Jiu-Jitsu No-Gi Championship 2017,Master2/Male/Purple/Ultra-Heavy,1,RaduStefanTeodorescu,AbsolutoBJJB
Copenhagen International Open Jiu-Jitsu No-Gi Championship 2017,Master2/Male/Purple/Enum_WeightDivision_OpenClass_Label,1,RaduStefanTeodorescu,AbsolutoBJJB
Copenhagen International Open Jiu-Jitsu No-Gi Championship 2017,Master2/Male/Black/Feather,1,AlexsandroSilvadeAlmeida,GracieBarra
Copenhagen International Open Jiu-Jitsu No-Gi Championship 2017,Master2/Male/Black/Medium-Heavy,1,JaquesDouglasGuimarães,BrazilianPowerTeam
Copenhagen International Open Jiu-Jitsu No-Gi Championship 2017,Master2/Male/Black/Ultra-Heavy,1,FernandoNascimentoAraujo,JungleBrazilianJiu,Jitsu
Copenhagen International Open Jiu-Jitsu No-Gi Championship 2017,Master2/Male/Black/Ultra-Heavy,2,TeoAntonViitala,PolarJiuJitsuTeam
Copenhagen International Open Jiu-Jitsu No-Gi Championship 2017,Master2/Male/Black/Enum_WeightDivision_OpenClass_Label,1,JaquesDouglasGuimarães,BrazilianPowerTeam
Copenhagen International Open Jiu-Jitsu No-Gi Championship 2017,Master2/Male/Black/Enum_WeightDivision_OpenClass_Label,2,AlexsandroSilvadeAlmeida,GracieBarra
