Atlanta International Open 2014,Juvenile/Male/White/Feather,1,AndrewGeorgeSmith,RobertoTravenBJJ
Atlanta International Open 2014,Juvenile/Male/White/Feather,2,JoshuaHolley,RobertoTravenBJJ
Atlanta International Open 2014,Juvenile/Male/White/Feather,3,DraytonCullen,GracieBarra
Atlanta International Open 2014,Juvenile/Male/White/Feather,3,RyanWilliamTumbleson,GracieBarra
Atlanta International Open 2014,Juvenile/Male/White/Light,1,GustavodeFariasdaSilva,Alliance
Atlanta International Open 2014,Juvenile/Male/White/Light,2,TylerSeladi,GracieBarra
Atlanta International Open 2014,Juvenile/Male/White/Light,3,JeremyBassett,RobertoTravenBJJ
Atlanta International Open 2014,Juvenile/Male/Blue/Feather,1,RobertoJoseRivas,RobertoTravenBJJ
Atlanta International Open 2014,Juvenile/Male/Blue/Feather,2,ParkerBayneGraham,KnuckleUp
Atlanta International Open 2014,Juvenile/Male/Blue/Feather,3,MichaelDerbes,RobertoTravenBJJ
Atlanta International Open 2014,Juvenile/Male/Blue/Feather,3,SamsonSausser,GustavoMachadoBJJ
Atlanta International Open 2014,Juvenile/Male/Blue/Light,1,ThomasFosterKennedy,KnuckleUp
Atlanta International Open 2014,Juvenile/Male/Blue/Light,2,SherwenPaulMendozaTriguero,RobertoTravenBJJ
Atlanta International Open 2014,Juvenile/Male/Blue/Light,3,ZennonPark,SouthBJJ
Atlanta International Open 2014,Juvenile/Male/Blue/Middle,1,DaniloSchermerhorn,MemphisBJJ
Atlanta International Open 2014,Juvenile/Male/Blue/Medium-Heavy,1,ChaseAndrewDavis,TACTeamBJJ
Atlanta International Open 2014,Juvenile/Male/Blue/OpenClass,1,DaniloSchermerhorn,MemphisBJJ
Atlanta International Open 2014,Juvenile/Male/Blue/OpenClass,2,ChaseAndrewDavis,TACTeamBJJ
Atlanta International Open 2014,Adult/Male/White/Rooster,1,StevenFlowers,GracieEliteTeam
Atlanta International Open 2014,Adult/Male/White/Rooster,2,BrandonHunnicutt,MarcioCruzBJJ
Atlanta International Open 2014,Adult/Male/White/Light-Feather,1,TheodoreSanders,LuizPalharesJiuJitsu
Atlanta International Open 2014,Adult/Male/White/Light-Feather,2,PatHunter,CheckMatUSA
Atlanta International Open 2014,Adult/Male/White/Light-Feather,3,GaryPhan,SouthBJJ
Atlanta International Open 2014,Adult/Male/White/Light-Feather,3,ZacharyAllison,MarcioCruzBJJ
Atlanta International Open 2014,Adult/Male/White/Feather,1,NadeemKhattak,RobertoTravenBJJ
Atlanta International Open 2014,Adult/Male/White/Feather,2,AndrewWills,RobertoTravenBJJ
Atlanta International Open 2014,Adult/Male/White/Feather,3,AnthonyMeares,GracieBarraJJ
Atlanta International Open 2014,Adult/Male/White/Feather,3,PhilipMarte,GracieEliteTeam
Atlanta International Open 2014,Adult/Male/White/Light,1,ShammahWomack,RobertoTravenBJJ
Atlanta International Open 2014,Adult/Male/White/Light,2,PatrickKidder,GracieEliteTeam
Atlanta International Open 2014,Adult/Male/White/Light,3,JayTeasley,GracieBarra
Atlanta International Open 2014,Adult/Male/White/Light,3,JordanPenn,GracieBarra
Atlanta International Open 2014,Adult/Male/White/Middle,1,CarlosChatman,BernardoPitel
Atlanta International Open 2014,Adult/Male/White/Middle,2,JakeVinje,WolfpackBJJ
Atlanta International Open 2014,Adult/Male/White/Middle,3,HunterRiley,GracieBarra
Atlanta International Open 2014,Adult/Male/White/Middle,3,RobertShermer,RobertoTravenBJJAtlanta
Atlanta International Open 2014,Adult/Male/White/Medium-Heavy,1,DamianSims,RobertoTravenBJJ
Atlanta International Open 2014,Adult/Male/White/Medium-Heavy,2,ChrisBranuelas,AresBJJ,KennyKim
Atlanta International Open 2014,Adult/Male/White/Medium-Heavy,3,DanielPhannamvong,GracieBarra
Atlanta International Open 2014,Adult/Male/White/Medium-Heavy,3,MurryHyman(repetido69984),GracieBarra
Atlanta International Open 2014,Adult/Male/White/Heavy,1,DerrickMaxwell,Alliance
Atlanta International Open 2014,Adult/Male/White/Heavy,2,PatrickGrimes,TACTeamBJJ
Atlanta International Open 2014,Adult/Male/White/Heavy,3,JeromyMurphy,MemphisBJJ
Atlanta International Open 2014,Adult/Male/White/Heavy,3,JonathanRans,GracieBarra
Atlanta International Open 2014,Adult/Male/White/Super-Heavy,1,JustinFoster,RobertoTravenBJJ
Atlanta International Open 2014,Adult/Male/White/Super-Heavy,2,AndrewYoung,RobertoTravenBJJ
Atlanta International Open 2014,Adult/Male/White/Super-Heavy,3,CoreyRogers,GracieEliteTeam
Atlanta International Open 2014,Adult/Male/White/Ultra-Heavy,1,JacobBenjamin,GracieBarra
Atlanta International Open 2014,Adult/Male/White/Ultra-Heavy,2,MackenzyLouis,RobertoTravenBJJ
Atlanta International Open 2014,Adult/Male/White/Ultra-Heavy,3,AndrewCox,CobraBrazilianJiu,Jitsu
Atlanta International Open 2014,Adult/Male/White/Ultra-Heavy,3,EdwinChanquin,GracieEliteTeam
Atlanta International Open 2014,Adult/Female/White/Rooster,1,MaureenGrams,MarcioCruzBJJ
Atlanta International Open 2014,Adult/Female/White/Rooster,2,BrittanyRaines,GreatGrapplingBrazilianJiuJitsu
Atlanta International Open 2014,Adult/Female/White/Light-Feather,1,DanielaMadrigal,KnuckleUp
Atlanta International Open 2014,Adult/Female/White/Light-Feather,2,ShelbyAppling,Alliance
Atlanta International Open 2014,Adult/Female/White/Light-Feather,3,JenniIvers,SmithBJJAcademy
Atlanta International Open 2014,Adult/Female/White/Light-Feather,3,VikiTimian,RobertoTravenBJJ
Atlanta International Open 2014,Adult/Female/White/Feather,1,HeatherMorgan,GracieEliteTeam
Atlanta International Open 2014,Adult/Female/White/Feather,2,CarmenBlanco,Alliance
Atlanta International Open 2014,Adult/Female/White/Feather,3,AnnaCononge,KnuckleUp
Atlanta International Open 2014,Adult/Female/White/Feather,3,StacieGerrity,RobertoTravenBJJ
Atlanta International Open 2014,Adult/Female/White/Light,1,AudreyBaise,BigBrothers
Atlanta International Open 2014,Adult/Female/White/Light,2,MadelineMann,RobertoTravenBJJ
Atlanta International Open 2014,Adult/Female/White/Light,3,AshleyWilliams,RobertoTravenBJJ
Atlanta International Open 2014,Adult/Female/White/Light,3,SarahAndriola,RobertoTravenBJJAtlanta
Atlanta International Open 2014,Adult/Female/White/Middle,1,SusannaLeftwich,LuizPalharesJiuJitsu
Atlanta International Open 2014,Adult/Female/White/Middle,2,SoniaMitchell,RobertoTravenBJJ
Atlanta International Open 2014,Adult/Female/White/Middle,3,AliciaArnst,MarcioCruzBJJ
Atlanta International Open 2014,Adult/Female/White/Middle,3,JenWehrheim,KnuckleUp
Atlanta International Open 2014,Adult/Female/White/Medium-Heavy,1,MarlaWilliams,MemphisBJJ
Atlanta International Open 2014,Adult/Female/White/Medium-Heavy,2,KatherineSmith,NashvilleMMA
Atlanta International Open 2014,Adult/Female/White/Medium-Heavy,3,AmberShannon,AresBJJ,KennyKim
Atlanta International Open 2014,Adult/Female/White/Medium-Heavy,3,KimberlyDean,RobertoTravenBJJ
Atlanta International Open 2014,Adult/Female/White/Super-Heavy,1,BrittanySeeley,RobertoTravenBJJ
Atlanta International Open 2014,Adult/Female/White/Super-Heavy,2,DominiqueJohnson,TeamRobsonMoura
Atlanta International Open 2014,Adult/Female/White/Super-Heavy,3,RachelleHolloman,TACTeamBJJ
Atlanta International Open 2014,Adult/Male/Blue/Rooster,1,osvaldobatista,RobertoTravenBJJ
Atlanta International Open 2014,Adult/Male/Blue/Light-Feather,1,ManuelRobertoAguilar,GFTeam
Atlanta International Open 2014,Adult/Male/Blue/Light-Feather,2,MarufSarwar,GracieBarra
Atlanta International Open 2014,Adult/Male/Blue/Light-Feather,3,mileskirby,LuizPalharesJiuJitsu
Atlanta International Open 2014,Adult/Male/Blue/Light-Feather,3,WyattAnderson,MegalodonMMA
Atlanta International Open 2014,Adult/Male/Blue/Feather,1,AustinMichaelDill,GFTeam
Atlanta International Open 2014,Adult/Male/Blue/Feather,2,EvanNoahWhyte,Alliance
Atlanta International Open 2014,Adult/Male/Blue/Feather,3,ChristopherKim,TeamLloydIrvin
Atlanta International Open 2014,Adult/Male/Blue/Feather,3,MarkSanPedro,RobertoTravenBJJ
Atlanta International Open 2014,Adult/Male/Blue/Light,1,TaylorReidDove,Alliance
Atlanta International Open 2014,Adult/Male/Blue/Light,2,DylanC.Whyte,Alliance
Atlanta International Open 2014,Adult/Male/Blue/Light,3,ArthurWalcottCeesay,TeamLloydIrvin
Atlanta International Open 2014,Adult/Male/Blue/Light,3,NathanDanielHadley,X3Sports
Atlanta International Open 2014,Adult/Male/Blue/Middle,1,JustinIrwin,RobertoTravenBJJ
Atlanta International Open 2014,Adult/Male/Blue/Middle,2,mohammadibrahim,RobertoTravenBJJ
Atlanta International Open 2014,Adult/Male/Blue/Middle,3,AndrewKordower,TACTeamBJJ
Atlanta International Open 2014,Adult/Male/Blue/Middle,3,JaronHampton,BigBrothers
Atlanta International Open 2014,Adult/Male/Blue/Medium-Heavy,1,DylanThompkins,SmithBJJAcademy
Atlanta International Open 2014,Adult/Male/Blue/Medium-Heavy,2,FernandoNeresdosSantos,Alliance
Atlanta International Open 2014,Adult/Male/Blue/Medium-Heavy,3,BrandonScottMorris,MarcioCruzBrazilianJiu,Jitsu
Atlanta International Open 2014,Adult/Male/Blue/Medium-Heavy,3,DrewMorelli,StrikerFightCenter
Atlanta International Open 2014,Adult/Male/Blue/Heavy,1,JakeFrederick,HelioSonecaBJJ
Atlanta International Open 2014,Adult/Male/Blue/Heavy,2,KevinO'donnell,RobertoTravenBJJ
Atlanta International Open 2014,Adult/Male/Blue/Heavy,3,AndrewBitner,GracieRaleigh
Atlanta International Open 2014,Adult/Male/Blue/Heavy,3,John,DylanRomann,AllianceAtlanta
Atlanta International Open 2014,Adult/Male/Blue/Super-Heavy,1,DustinMeyers,TriadMartialArts
Atlanta International Open 2014,Adult/Male/Blue/Super-Heavy,2,JustinWohler,GracieBarra
Atlanta International Open 2014,Adult/Male/Blue/Super-Heavy,3,LuisArturoZertuche,AresBJJ,KennyKim
Atlanta International Open 2014,Adult/Male/Blue/Super-Heavy,3,TadeuOliveira,Alliance
Atlanta International Open 2014,Adult/Male/Blue/Ultra-Heavy,1,ZachDarroch,GracieEliteTeam
Atlanta International Open 2014,Adult/Male/Blue/Ultra-Heavy,2,dannyhellmann,MarcioCruzBJJ
Atlanta International Open 2014,Adult/Male/Blue/Ultra-Heavy,3,GrahamBurkhalter,AmericanTopTeamAtlanta
Atlanta International Open 2014,Adult/Male/Blue/Ultra-Heavy,3,WalterTerrell,X3Sports
Atlanta International Open 2014,Adult/Male/Blue/OpenClass,1,JakeFrederick,HelioSonecaBJJ
Atlanta International Open 2014,Adult/Male/Blue/OpenClass,2,AustinMichaelDill,GFTeam
Atlanta International Open 2014,Adult/Male/Blue/OpenClass,3,FernandoNeresdosSantos,Alliance
Atlanta International Open 2014,Adult/Male/Blue/OpenClass,3,JustinWohler,GracieBarra
Atlanta International Open 2014,Adult/Female/Blue/Rooster,1,JessicaDuncan,KnuckleUp
Atlanta International Open 2014,Adult/Female/Blue/Rooster,2,JaclynYin,RobertoTravenBJJ
Atlanta International Open 2014,Adult/Female/Blue/Feather,1,ElizabethChastain,Alliance
Atlanta International Open 2014,Adult/Female/Blue/Feather,2,TaylorKatherineSausser,GustavoMachadoBJJ
Atlanta International Open 2014,Adult/Female/Blue/Feather,3,AndrielLove,KillerBeesBJJCollege
Atlanta International Open 2014,Adult/Female/Blue/Feather,3,JenniferAshleyDarr,StrikerFightCenter
Atlanta International Open 2014,Adult/Female/Blue/Light,1,NicholleStoller,TACTeamBJJ
Atlanta International Open 2014,Adult/Female/Blue/Light,2,RebeccaWolfe,GreatGrapplingBrazilianJiuJitsu
Atlanta International Open 2014,Adult/Female/Blue/Light,3,CourtneyGardner,RobertoTravenBJJ
Atlanta International Open 2014,Adult/Female/Blue/Light,3,JesseHauch,X3Sports
Atlanta International Open 2014,Adult/Female/Blue/Middle,1,RebeccaShowalter,GracieEliteTeam
Atlanta International Open 2014,Adult/Female/Blue/Middle,2,AudreyGarcia,ParagonBrazilianJiuJitsuCorpusChristi
Atlanta International Open 2014,Adult/Female/Blue/Middle,3,ChristinMicheleCook,MemphisBJJ
Atlanta International Open 2014,Adult/Female/Blue/Medium-Heavy,1,HeatherCaylor,NovaUnião
Atlanta International Open 2014,Adult/Female/Blue/Medium-Heavy,2,MaddieWilbanks,RobertoTravenBJJ
Atlanta International Open 2014,Adult/Female/Blue/Medium-Heavy,3,AmandaJung,RobertoTravenBJJ
Atlanta International Open 2014,Adult/Female/Blue/Heavy,1,JessicaMonea,GracieBarra
Atlanta International Open 2014,Adult/Female/Blue/Heavy,2,BrunaKamylladeSouzaLimadaCosta,CheckMat
Atlanta International Open 2014,Adult/Female/Blue/Heavy,3,EasterToluaMaleRobinson,GracieEliteTeam
Atlanta International Open 2014,Adult/Female/Blue/Heavy,3,IvySmith,AresBJJ,KennyKim
Atlanta International Open 2014,Adult/Female/Blue/OpenClass,1,NicholleStoller,TACTeamBJJ
Atlanta International Open 2014,Adult/Female/Blue/OpenClass,2,HeatherCaylor,NovaUnião
Atlanta International Open 2014,Adult/Female/Blue/OpenClass,3,CourtneyGardner,RobertoTravenBJJ
Atlanta International Open 2014,Adult/Female/Blue/OpenClass,3,TaylorKatherineSausser,GustavoMachadoBJJ
Atlanta International Open 2014,Adult/Male/Purple/Light-Feather,1,DannyNoelVega,Alliance
Atlanta International Open 2014,Adult/Male/Purple/Light-Feather,2,AustinBroach(repetido121982),Alliance
Atlanta International Open 2014,Adult/Male/Purple/Light-Feather,3,DemarcusPalmer,RobertoTravenBJJ
Atlanta International Open 2014,Adult/Male/Purple/Light-Feather,3,EdwardsShaver,MarcioCruzBJJ
Atlanta International Open 2014,Adult/Male/Purple/Feather,1,MatthewRominoFox,GFTeam
Atlanta International Open 2014,Adult/Male/Purple/Feather,2,HeitorTolêdoBraga,NovaUnião
Atlanta International Open 2014,Adult/Male/Purple/Feather,3,NicholasMichaelSpirito,WolfpackBJJ
Atlanta International Open 2014,Adult/Male/Purple/Feather,3,SungChulShin,Alliance
Atlanta International Open 2014,Adult/Male/Purple/Light,1,SiDoan(repetido148212),Alliance
Atlanta International Open 2014,Adult/Male/Purple/Light,2,DanielChristianDonahue,Alliance
Atlanta International Open 2014,Adult/Male/Purple/Light,3,DanielJosephSeaberg,AllianceAtlanta
Atlanta International Open 2014,Adult/Male/Purple/Light,3,JulianL.Synan,RobertoTravenBJJ
Atlanta International Open 2014,Adult/Male/Purple/Middle,1,LeoGraf,Alliance
Atlanta International Open 2014,Adult/Male/Purple/Middle,2,ShaneAdamSorensen,Alliance
Atlanta International Open 2014,Adult/Male/Purple/Middle,3,JosephJustinRuggiero,TeamLloydIrvin
Atlanta International Open 2014,Adult/Male/Purple/Middle,3,JosephRobertFormica,TeamLloydIrvin
Atlanta International Open 2014,Adult/Male/Purple/Medium-Heavy,1,BrendanAllen,SouthBJJ
Atlanta International Open 2014,Adult/Male/Purple/Medium-Heavy,2,RyanDouglasHagerty,Alliance
Atlanta International Open 2014,Adult/Male/Purple/Medium-Heavy,3,AdamToomey,RobertoTravenBJJ
Atlanta International Open 2014,Adult/Male/Purple/Medium-Heavy,3,WilliamEdmondson,Alliance
Atlanta International Open 2014,Adult/Male/Purple/Heavy,1,JordanKane,RobertoTravenBJJ
Atlanta International Open 2014,Adult/Male/Purple/Heavy,2,ErixsReyes,Alliance
Atlanta International Open 2014,Adult/Male/Purple/Heavy,3,ElioenaiAbreuCampos,GracieBarra
Atlanta International Open 2014,Adult/Male/Purple/Heavy,3,WilliamSutton,GracieEliteTeam
Atlanta International Open 2014,Adult/Male/Purple/Super-Heavy,1,PaulS.Ardila,Ibarra,Alliance
Atlanta International Open 2014,Adult/Male/Purple/Super-Heavy,2,LabanEugenePropst,GracieBarra
Atlanta International Open 2014,Adult/Male/Purple/Super-Heavy,3,CodyHeller,RobertoTravenBJJ
Atlanta International Open 2014,Adult/Male/Purple/Super-Heavy,3,ColonEloySantana,BenavidesIII,MarcioCruzBJJ
Atlanta International Open 2014,Adult/Male/Purple/Ultra-Heavy,1,StuartRandleMaddox,LuizPalharesJiuJitsu
Atlanta International Open 2014,Adult/Male/Purple/Ultra-Heavy,2,RobertGabelmann,RobertoTravenBJJ
Atlanta International Open 2014,Adult/Male/Purple/Ultra-Heavy,3,EvanColeRamsden,GracieEliteTeam
Atlanta International Open 2014,Adult/Male/Purple/Ultra-Heavy,3,VijayanandHemanchal,GracieHumaitaCanadá
Atlanta International Open 2014,Adult/Male/Purple/OpenClass,1,StuartRandleMaddox,LuizPalharesJiuJitsu
Atlanta International Open 2014,Adult/Male/Purple/OpenClass,2,JosephRobertFormica,TeamLloydIrvin
Atlanta International Open 2014,Adult/Male/Purple/OpenClass,3,ColonEloySantana,BenavidesIII,MarcioCruzBJJ
Atlanta International Open 2014,Adult/Male/Purple/OpenClass,3,SiDoan(repetido148212),Alliance
Atlanta International Open 2014,Adult/Female/Purple/Feather,1,AnnaElizabethSalome,RobertoTravenBJJ
Atlanta International Open 2014,Adult/Female/Purple/Feather,2,RachelClaireRanschau,TeamLloydIrvin
Atlanta International Open 2014,Adult/Female/Purple/Feather,3,JessicaCatherineBuckner,KillerBeesBJJCollege
Atlanta International Open 2014,Adult/Female/Purple/Light,1,KaylaPatterson,MemphisBJJ
Atlanta International Open 2014,Adult/Female/Purple/Light,2,LorenadeAraujoOliveira,GracieBarra
Atlanta International Open 2014,Adult/Female/Purple/Heavy,1,KrissaJeaneneTimbs,RobertoTravenBJJ
Atlanta International Open 2014,Adult/Female/Purple/Heavy,2,KassiNicoleGulliford,GustavoMachadoBJJ
Atlanta International Open 2014,Adult/Female/Purple/OpenClass,1,AnnaElizabethSalome,RobertoTravenBJJ
Atlanta International Open 2014,Adult/Female/Purple/OpenClass,2,KaylaPatterson,MemphisBJJ
Atlanta International Open 2014,Adult/Female/Purple/OpenClass,3,LorenadeAraujoOliveira,GracieBarra
Atlanta International Open 2014,Adult/Female/Purple/OpenClass,3,RachelClaireRanschau,TeamLloydIrvin
Atlanta International Open 2014,Adult/Male/Brown/Light-Feather,1,MarkStevenSeagleJr.,RobertoTravenBJJ
Atlanta International Open 2014,Adult/Male/Brown/Light-Feather,2,MichaelMartinWestcott,GracieBarra
Atlanta International Open 2014,Adult/Male/Brown/Light-Feather,3,BenPeco,SouthBJJ
Atlanta International Open 2014,Adult/Male/Brown/Feather,1,BrienCalloway,Alliance
Atlanta International Open 2014,Adult/Male/Brown/Feather,2,RodrigoBatistadeLima,AmericanTopTeam
Atlanta International Open 2014,Adult/Male/Brown/Feather,3,AndrewKylePayne,GracieBarra
Atlanta International Open 2014,Adult/Male/Brown/Light,1,ChadAllenBingham,Alliance
Atlanta International Open 2014,Adult/Male/Brown/Light,2,JeffreyTimothyCummings,Alliance
Atlanta International Open 2014,Adult/Male/Brown/Light,3,JonathanRoberts,CobraBrazilianJiu,Jitsu
Atlanta International Open 2014,Adult/Male/Brown/Middle,1,SamuelSethSnow,Alliance
Atlanta International Open 2014,Adult/Male/Brown/Middle,2,JoshuaLeeBowlin,GracieBarra
Atlanta International Open 2014,Adult/Male/Brown/Middle,3,CollinAnthonyMoran,Alliance
Atlanta International Open 2014,Adult/Male/Brown/Middle,3,MattGeiger,GracieBarra
Atlanta International Open 2014,Adult/Male/Brown/Medium-Heavy,1,TyeRyanMurphy,TeamLloydIrvin
Atlanta International Open 2014,Adult/Male/Brown/Medium-Heavy,2,HigorCDiniz,Alliance
Atlanta International Open 2014,Adult/Male/Brown/Medium-Heavy,3,QuentinRosenzweig,KnuckleUp
Atlanta International Open 2014,Adult/Male/Brown/Medium-Heavy,3,TylerKingDriskell,CreightonMixedMartialArtsAcademy
Atlanta International Open 2014,Adult/Male/Brown/Super-Heavy,1,AaronMichaelJohnson,Alliance
Atlanta International Open 2014,Adult/Male/Brown/Super-Heavy,2,GabrielRialD.daSilva,GracieBarra
Atlanta International Open 2014,Adult/Male/Brown/Ultra-Heavy,1,AdmilsonGobiJunior,TeamLloydIrvin
Atlanta International Open 2014,Adult/Male/Brown/OpenClass,1,TyeRyanMurphy,TeamLloydIrvin
Atlanta International Open 2014,Adult/Male/Brown/OpenClass,2,AdmilsonGobiJunior,TeamLloydIrvin
Atlanta International Open 2014,Adult/Male/Brown/OpenClass,3,AaronMichaelJohnson,Alliance
Atlanta International Open 2014,Adult/Male/Brown/OpenClass,3,JeffreyTimothyCummings,Alliance
Atlanta International Open 2014,Adult/Male/Black/Light-Feather,1,CaioTerra,RobertoTravenBJJ
Atlanta International Open 2014,Adult/Male/Black/Feather,1,JonathanPaulThomas,Alliance
Atlanta International Open 2014,Adult/Male/Black/Feather,2,WellingtonLealDias,GracieHumaita
Atlanta International Open 2014,Adult/Male/Black/Middle,1,RafaelRosendodosSantos,Alliance
Atlanta International Open 2014,Adult/Male/Black/Middle,2,JohnJamesPiper,GreatGrapplingBrazilianJiuJitsu
Atlanta International Open 2014,Adult/Male/Black/Middle,3,GregoryScottWalker,GustavoMachadoBJJ
Atlanta International Open 2014,Adult/Male/Black/Middle,3,GuilhermeTavaresC.deLyra,GracieBarra
Atlanta International Open 2014,Adult/Male/Black/Medium-Heavy,1,VitorFabioMartinsToledo,AtosJiu,Jitsu
Atlanta International Open 2014,Adult/Male/Black/Medium-Heavy,2,BrentFWeedman,HelioSonecaBJJ
Atlanta International Open 2014,Adult/Male/Black/Medium-Heavy,3,AnthonyWardMitchell,KillerBeesBJJCollege
Atlanta International Open 2014,Adult/Male/Black/Medium-Heavy,3,IanMcPherson,Alliance
Atlanta International Open 2014,Adult/Male/Black/Heavy,1,Timothy,MichaelSpriggs,TeamLloydIrvin
Atlanta International Open 2014,Adult/Male/Black/Heavy,2,RobertoTorralbas,TeamLloydIrvin
Atlanta International Open 2014,Adult/Male/Black/Heavy,3,NicholasM.Albin,RenatoTavaresAssociation
Atlanta International Open 2014,Adult/Male/Black/Heavy,3,PaulElezaj,Alliance
Atlanta International Open 2014,Adult/Male/Black/Super-Heavy,1,GuybsonCostaeSá,SASTeamUSA
Atlanta International Open 2014,Adult/Male/Black/Super-Heavy,2,KaliffaGonçalvesOliveira,GracieBarra
Atlanta International Open 2014,Adult/Male/Black/Super-Heavy,3,WalnanPrestoConstantino,EquipeMineirinhoJiu,Jitsu
Atlanta International Open 2014,Adult/Male/Black/OpenClass,1,RobertoTorralbas,TeamLloydIrvin
Atlanta International Open 2014,Adult/Male/Black/OpenClass,2,Timothy,MichaelSpriggs,TeamLloydIrvin
Atlanta International Open 2014,Adult/Male/Black/OpenClass,3,WalnanPrestoConstantino,EquipeMineirinhoJiu,Jitsu
Atlanta International Open 2014,Adult/Male/Black/OpenClass,3,WellingtonLealDias,GracieHumaita
Atlanta International Open 2014,Master1/Male/White/Feather,1,ScottRhee,GracieEliteTeam
Atlanta International Open 2014,Master1/Male/White/Feather,2,StephenMitchell,GracieEliteTeam
Atlanta International Open 2014,Master1/Male/White/Feather,3,CarverRoya,Alliance
Atlanta International Open 2014,Master1/Male/White/Feather,3,ShawnFlowers,GracieBarra
Atlanta International Open 2014,Master1/Male/White/Light,1,IsaacMoreno,LloydIrvinMartialArts
Atlanta International Open 2014,Master1/Male/White/Light,2,JacobPashia,Alliance
Atlanta International Open 2014,Master1/Male/White/Light,3,ChadPosey,Alliance
Atlanta International Open 2014,Master1/Male/White/Light,3,EmmanuelDonate,RobertoTravenBJJ
Atlanta International Open 2014,Master1/Male/White/Middle,1,MichaelBrown,GracieBarra
Atlanta International Open 2014,Master1/Male/White/Middle,2,DmytroSukhynia,KnuckleUp
Atlanta International Open 2014,Master1/Male/White/Middle,3,DartaignonPeacher,GracieBarraJJ
Atlanta International Open 2014,Master1/Male/White/Middle,3,TrasonWilliams,NovaUnião
Atlanta International Open 2014,Master1/Male/White/Medium-Heavy,1,MarioSoto,GracieBarra
Atlanta International Open 2014,Master1/Male/White/Medium-Heavy,2,DanielWhite,NovaUnião
Atlanta International Open 2014,Master1/Male/White/Medium-Heavy,3,JohnChagas,GracieBarra
Atlanta International Open 2014,Master1/Male/White/Medium-Heavy,3,JustinGriffin,RobertoTravenBJJ
Atlanta International Open 2014,Master1/Male/White/Heavy,1,SuleymanMakhmudov,KnuckleUp
Atlanta International Open 2014,Master1/Male/White/Heavy,2,BartMingledorff,MegalodonMMA
Atlanta International Open 2014,Master1/Male/White/Heavy,3,KareemKhoury,RobertoTravenBJJ
Atlanta International Open 2014,Master1/Male/White/Heavy,3,PhillipHagood,GracieBarra
Atlanta International Open 2014,Master1/Male/White/Super-Heavy,1,TimothyBurghart,RobertoTravenBJJ
Atlanta International Open 2014,Master1/Male/White/Super-Heavy,2,LorenLynch,ZenithBJJ,USA
Atlanta International Open 2014,Master1/Male/White/Super-Heavy,3,JesseHurt,AresBJJ,KennyKim
Atlanta International Open 2014,Master1/Male/White/Super-Heavy,3,JosephSitter,GracieBarra
Atlanta International Open 2014,Master1/Male/White/Ultra-Heavy,1,BlakeJones,AresBJJ,KennyKim
Atlanta International Open 2014,Master1/Male/White/Ultra-Heavy,2,ClintBlack,RobertoTravenBJJ
Atlanta International Open 2014,Master1/Male/White/Ultra-Heavy,3,DouglasLeal,GracieBarra
Atlanta International Open 2014,Master1/Male/White/Ultra-Heavy,3,JoelGreen,GracieBarra
Atlanta International Open 2014,Master1/Male/Blue/Feather,1,JimmyChien,Alliance
Atlanta International Open 2014,Master1/Male/Blue/Feather,2,RaheemChisman,Alliance
Atlanta International Open 2014,Master1/Male/Blue/Feather,3,KennethMathewWright,GracieEliteTeam
Atlanta International Open 2014,Master1/Male/Blue/Feather,3,OctaviusAllen,GracieEliteTeamAmerica
Atlanta International Open 2014,Master1/Male/Blue/Light,1,BrandonOpitz,RobertoTravenBJJ
Atlanta International Open 2014,Master1/Male/Blue/Light,2,BrianCunningham,CreightonMixedMartialArtsAcademy
Atlanta International Open 2014,Master1/Male/Blue/Light,3,EdmondBrown,RobertoTravenBJJ
Atlanta International Open 2014,Master1/Male/Blue/Light,3,thomasmiller,MarcioCruzBJJ
Atlanta International Open 2014,Master1/Male/Blue/Middle,1,MinsukSong,ShinchonJiu,Jitsu
Atlanta International Open 2014,Master1/Male/Blue/Middle,2,PedroJimenez,CreightonMixedMartialArtsAcademy
Atlanta International Open 2014,Master1/Male/Blue/Middle,3,SeanO'Connell,ZicroAcademy,AllianceTL
Atlanta International Open 2014,Master1/Male/Blue/Middle,3,Timsyn,Alliance
Atlanta International Open 2014,Master1/Male/Blue/Medium-Heavy,1,ChristianHaire,Alliance
Atlanta International Open 2014,Master1/Male/Blue/Medium-Heavy,2,MichaelBrodeur,RobertoTravenBJJ
Atlanta International Open 2014,Master1/Male/Blue/Medium-Heavy,3,JonathanLuddeke,KnuckleUp
Atlanta International Open 2014,Master1/Male/Blue/Medium-Heavy,3,KiwistainySouza,GracieBarra
Atlanta International Open 2014,Master1/Male/Blue/Heavy,1,EricPhillips,KnuckleUp
Atlanta International Open 2014,Master1/Male/Blue/Heavy,2,KenCross,TACTeamBJJ
Atlanta International Open 2014,Master1/Male/Blue/Heavy,3,DanielNestorsson,AmericanTopTeamAtlanta
Atlanta International Open 2014,Master1/Male/Blue/Heavy,3,JohnathanMcClain,Alliance
Atlanta International Open 2014,Master1/Male/Blue/Super-Heavy,1,JosephEmmanuelCampbell,RobertoTravenBJJ
Atlanta International Open 2014,Master1/Male/Blue/Super-Heavy,2,ScottBass,GustavoMachadoBJJ
Atlanta International Open 2014,Master1/Male/Blue/Super-Heavy,3,FrankDoggett,WolfpackBJJ
Atlanta International Open 2014,Master1/Male/Blue/Ultra-Heavy,1,JasonStevenLapene,Alliance
Atlanta International Open 2014,Master1/Male/Blue/Ultra-Heavy,2,PeteAcquaviva,CreightonMixedMartialArtsAcademy
Atlanta International Open 2014,Master1/Male/Blue/OpenClass,1,JosephEmmanuelCampbell,RobertoTravenBJJ
Atlanta International Open 2014,Master1/Male/Blue/OpenClass,2,MichaelBrodeur,RobertoTravenBJJ
Atlanta International Open 2014,Master1/Male/Blue/OpenClass,3,KiwistainySouza,GracieBarra
Atlanta International Open 2014,Master1/Male/Blue/OpenClass,3,OctaviusAllen,GracieEliteTeamAmerica
Atlanta International Open 2014,Master1/Female/Blue/Light-Feather,1,MelissaRimoldi,KnuckleUp
Atlanta International Open 2014,Master1/Female/Blue/Light-Feather,2,OlgaVerpatova,KnuckleUp
Atlanta International Open 2014,Master1/Female/Blue/Light-Feather,3,MariaChavez,WayofJiu,JitsuAcademy/RiganMachado
Atlanta International Open 2014,Master1/Female/Blue/Feather,1,MoniqueTravis,KnuckleUp
Atlanta International Open 2014,Master1/Female/Blue/Feather,2,MichelleDarko,GracieBarra
Atlanta International Open 2014,Master1/Female/Blue/Feather,3,ErinRoberts,HelioSonecaBJJ
Atlanta International Open 2014,Master1/Female/Blue/Light,1,JuliaGordon,GracieEliteTeam
Atlanta International Open 2014,Master1/Female/Blue/Light,2,MelissaMoore(repetido110837),ZenithBJJ
Atlanta International Open 2014,Master1/Female/Blue/Light,3,ErinConnelly,RCJMachado
Atlanta International Open 2014,Master1/Female/Blue/Light,3,SaraBlunk,GracieBarra
Atlanta International Open 2014,Master1/Female/Blue/Middle,1,RachelStephens,RobertoTravenBJJ
Atlanta International Open 2014,Master1/Female/Blue/Middle,2,JonelleLafian,RobertoTravenBJJ
Atlanta International Open 2014,Master1/Female/Blue/Middle,3,AlisonCaldwell,CreightonMixedMartialArtsAcademy
Atlanta International Open 2014,Master1/Female/Blue/Middle,3,NicoleIglesias,MemphisBJJ
Atlanta International Open 2014,Master1/Female/Blue/OpenClass,1,JonelleLafian,RobertoTravenBJJ
Atlanta International Open 2014,Master1/Female/Blue/OpenClass,2,RachelStephens,RobertoTravenBJJ
Atlanta International Open 2014,Master1/Female/Blue/OpenClass,3,MelissaMoore(repetido110837),ZenithBJJ
Atlanta International Open 2014,Master1/Female/Blue/OpenClass,3,NicoleIglesias,MemphisBJJ
Atlanta International Open 2014,Master1/Male/Purple/Light-Feather,1,RekSoh,RobertoTravenBJJ
Atlanta International Open 2014,Master1/Male/Purple/Light-Feather,2,YenChouJoeChen,NovaUnião
Atlanta International Open 2014,Master1/Male/Purple/Feather,1,JaeLee,RobertoTravenBJJ
Atlanta International Open 2014,Master1/Male/Purple/Feather,2,MauriciodeOliveiraRitter,ScorpyonJiu,JitsuFiliais
Atlanta International Open 2014,Master1/Male/Purple/Light,1,MauricioAndradeSilvaFilho,Alliance
Atlanta International Open 2014,Master1/Male/Purple/Light,2,AhmedElsayed,RobertoTravenBJJ
Atlanta International Open 2014,Master1/Male/Purple/Light,3,JaromMatson,RobertoTravenBJJ
Atlanta International Open 2014,Master1/Male/Purple/Light,3,TravisKorink,GracieBarra
Atlanta International Open 2014,Master1/Male/Purple/Middle,1,NicholasLeeLewis,GracieBarra
Atlanta International Open 2014,Master1/Male/Purple/Middle,2,JoshTrampas,GracieBarra
Atlanta International Open 2014,Master1/Male/Purple/Middle,3,JoshuaJayDavila,SouthBJJ
Atlanta International Open 2014,Master1/Male/Purple/Middle,3,NealPeduzzi,GracieEliteTeam
Atlanta International Open 2014,Master1/Male/Purple/Heavy,1,JERRYGreen,RobertoTravenBJJ
Atlanta International Open 2014,Master1/Male/Purple/Heavy,2,AdrianWolfgangTeddington,X3Sports
Atlanta International Open 2014,Master1/Male/Purple/Heavy,3,JRGay,MarcioCruzBJJ
Atlanta International Open 2014,Master1/Male/Purple/Heavy,3,LukeWoodard,RenatoTavaresAssociation
Atlanta International Open 2014,Master1/Male/Purple/Super-Heavy,1,JohnnyLoydMyung,MegalodonMMA
Atlanta International Open 2014,Master1/Male/Purple/Super-Heavy,2,FrancisWayneRoncadoriJr.,GracieBarra
Atlanta International Open 2014,Master1/Male/Purple/Ultra-Heavy,1,StephenBalenteHernandez,RobertoTravenBJJ
Atlanta International Open 2014,Master1/Male/Purple/Ultra-Heavy,2,BrandonLeeBell,RobertoTravenBJJ
Atlanta International Open 2014,Master1/Male/Purple/Ultra-Heavy,3,RickySelf,GracieBarra
Atlanta International Open 2014,Master1/Male/Purple/OpenClass,1,MauricioAndradeSilvaFilho,Alliance
Atlanta International Open 2014,Master1/Male/Purple/OpenClass,2,JERRYGreen,RobertoTravenBJJ
Atlanta International Open 2014,Master1/Male/Purple/OpenClass,3,JoshuaJayDavila,SouthBJJ
Atlanta International Open 2014,Master1/Male/Purple/OpenClass,3,StephenBalenteHernandez,RobertoTravenBJJ
Atlanta International Open 2014,Master1/Female/Purple/Feather,1,CynthiaAFink,GracieHumaitaNewJersey
Atlanta International Open 2014,Master1/Female/Purple/Feather,2,GingerMark,RobertoTravenBJJ
Atlanta International Open 2014,Master1/Female/Purple/Feather,3,ChristyMadisonSynan,RobertoTravenBJJ
Atlanta International Open 2014,Master1/Female/Purple/Feather,3,MarciaCristinaCarvalho,GracieBarra
Atlanta International Open 2014,Master1/Female/Purple/Middle,1,LauraL.Weldon,GracieEliteTeam
Atlanta International Open 2014,Master1/Female/Purple/Middle,2,LauraHart,GracieEliteTeam
Atlanta International Open 2014,Master1/Female/Purple/Middle,3,DeniseA.Houle,RobertoTravenBJJ
Atlanta International Open 2014,Master1/Female/Purple/Super-Heavy,1,VictoriaHudsonBoudreaux,RobertoTravenBJJ
Atlanta International Open 2014,Master1/Female/Purple/Super-Heavy,2,TanzaniaMooreEnnis,SouthBJJ
Atlanta International Open 2014,Master1/Female/Purple/OpenClass,1,VictoriaHudsonBoudreaux,RobertoTravenBJJ
Atlanta International Open 2014,Master1/Female/Purple/OpenClass,2,DeniseA.Houle,RobertoTravenBJJ
Atlanta International Open 2014,Master1/Female/Purple/OpenClass,3,LauraHart,GracieEliteTeam
Atlanta International Open 2014,Master1/Female/Purple/OpenClass,3,LauraL.Weldon,GracieEliteTeam
Atlanta International Open 2014,Master1/Male/Brown/Light,1,QuentinWesleyGrant,GracieEliteTeam
Atlanta International Open 2014,Master1/Male/Brown/Light,2,TracyConner,Alliance
Atlanta International Open 2014,Master1/Male/Brown/Light,3,ChristopherMichaelRuiz,RobertoTravenBJJ
Atlanta International Open 2014,Master1/Male/Brown/Light,3,RaymondRosadoJr,GracieBarra
Atlanta International Open 2014,Master1/Male/Brown/Medium-Heavy,1,RichardAlanSpencer,RobertoTravenBJJ
Atlanta International Open 2014,Master1/Male/Brown/Medium-Heavy,2,TroyAlonzoDavis,RobertoTravenBJJ
Atlanta International Open 2014,Master1/Male/Brown/Medium-Heavy,3,LawrenceC.Dunning,ValkoBJJ
Atlanta International Open 2014,Master1/Male/Brown/Heavy,1,JefferyJohnBoudreaux,RobertoTravenBJJ
Atlanta International Open 2014,Master1/Male/Brown/Heavy,2,ThomasJamesWuerth,GracieBarra
Atlanta International Open 2014,Master1/Male/Brown/Heavy,3,JeremyWilliamAbney,GracieBarra
Atlanta International Open 2014,Master1/Male/Brown/Heavy,3,MichaelLeeTruitt,GracieBarraJJ
Atlanta International Open 2014,Master1/Male/Brown/Ultra-Heavy,1,BrandonLeeCunningham,GracieEliteTeam
Atlanta International Open 2014,Master1/Male/Brown/Ultra-Heavy,2,RoscoeLucianHornbuckleIII,GracieBarra
Atlanta International Open 2014,Master1/Male/Brown/Ultra-Heavy,3,DanielJoshuaPriebe,RobertoTravenBJJ
Atlanta International Open 2014,Master1/Male/Brown/Ultra-Heavy,3,MiltonNealHays,RobertoTravenBJJ
Atlanta International Open 2014,Master1/Male/Brown/OpenClass,1,JefferyJohnBoudreaux,RobertoTravenBJJ
Atlanta International Open 2014,Master1/Male/Brown/OpenClass,2,DanielJoshuaPriebe,RobertoTravenBJJ
Atlanta International Open 2014,Master1/Male/Brown/OpenClass,3,MichaelLeeTruitt,GracieBarraJJ
Atlanta International Open 2014,Master1/Male/Brown/OpenClass,3,ThomasJamesWuerth,GracieBarra
Atlanta International Open 2014,Master1/Female/Brown/Feather,1,RachelNoelleMorrison,ZenithBJJ
Atlanta International Open 2014,Master1/Female/Brown/Medium-Heavy,1,FolanaDioneMiller,VitorShaolinBJJ
Atlanta International Open 2014,Master1/Female/Brown/OpenClass,1,RachelNoelleMorrison,ZenithBJJ
Atlanta International Open 2014,Master1/Female/Brown/OpenClass,2,FolanaDioneMiller,VitorShaolinBJJ
Atlanta International Open 2014,Master1/Male/Black/Feather,1,LuisFernandoLoorVera,GilbertDurinhoAssociation
Atlanta International Open 2014,Master1/Male/Black/Feather,2,JoséLuisdosSantosVarella,GFTeam
Atlanta International Open 2014,Master1/Male/Black/Light,1,BrunoJoseCorreiaAlves,GFTeam
Atlanta International Open 2014,Master1/Male/Black/Light,2,DiegodeAraujoSaraiva,NovaUnião
Atlanta International Open 2014,Master1/Male/Black/Medium-Heavy,1,RafaelPiresdeLima,MarcioCruzBJJ
Atlanta International Open 2014,Master1/Male/Black/Heavy,1,AdeildoJoséSilvadeMelo,GFTeam
Atlanta International Open 2014,Master1/Male/Black/Heavy,2,MichaelAnthonySergi,MarcioCruzBJJ
Atlanta International Open 2014,Master1/Male/Black/Ultra-Heavy,1,JonathanWarrenTooker,Alliance
Atlanta International Open 2014,Master1/Male/Black/Ultra-Heavy,2,JeremyJamesArel,GreatGrapplingBrazilianJiuJitsu
Atlanta International Open 2014,Master1/Male/Black/Ultra-Heavy,3,FabioRibeiroCostaJúnior,GracieBarra
Atlanta International Open 2014,Master1/Male/Black/Ultra-Heavy,3,ThiagoVeigaXimenes,RobertoTravenBJJ
Atlanta International Open 2014,Master1/Male/Black/OpenClass,1,FabioRibeiroCostaJúnior,GracieBarra
Atlanta International Open 2014,Master1/Male/Black/OpenClass,2,ThiagoVeigaXimenes,RobertoTravenBJJ
Atlanta International Open 2014,Master1/Male/Black/OpenClass,3,AdeildoJoséSilvadeMelo,GFTeam
Atlanta International Open 2014,Master1/Male/Black/OpenClass,3,RafaelPiresdeLima,MarcioCruzBJJ
Atlanta International Open 2014,Master2/Male/White/Light,1,ClintonFoshee,GracieBarra
Atlanta International Open 2014,Master2/Male/White/Light,2,BienvenidoRodriguez,GracieBarra
Atlanta International Open 2014,Master2/Male/White/Light,3,JohnMandato,Alliance
Atlanta International Open 2014,Master2/Male/White/Light,3,SeanCulbreth,SBGAtlanta
Atlanta International Open 2014,Master2/Male/White/Middle,1,JoshFields,RobertoTravenBJJ
Atlanta International Open 2014,Master2/Male/White/Middle,2,JoseVilla,GracieBarra
Atlanta International Open 2014,Master2/Male/White/Middle,3,ErickPons,RobertoTravenBJJ
Atlanta International Open 2014,Master2/Male/White/Medium-Heavy,1,JustinTurner,KnuckleUp
Atlanta International Open 2014,Master2/Male/White/Medium-Heavy,2,EarleDiones,RobertoTravenBJJ
Atlanta International Open 2014,Master2/Male/White/Medium-Heavy,3,GlenDemeritt,RobertoTravenBJJ
Atlanta International Open 2014,Master2/Male/White/Heavy,1,ShawnSvec,RobertoTravenBJJ
Atlanta International Open 2014,Master2/Male/White/Heavy,2,MaxHartman,RobertoTravenBJJ
Atlanta International Open 2014,Master2/Male/White/Heavy,3,DerekWhitis,Alliance
Atlanta International Open 2014,Master2/Male/White/Super-Heavy,1,SteveOvalles,RobertoTravenBJJ
Atlanta International Open 2014,Master2/Male/White/Super-Heavy,2,TerencePhillips,GracieBarra
Atlanta International Open 2014,Master2/Male/White/Ultra-Heavy,1,ZacAdams,KnuckleUp
Atlanta International Open 2014,Master2/Male/White/Ultra-Heavy,2,TerryKownack,MemphisBJJ
Atlanta International Open 2014,Master2/Male/White/Ultra-Heavy,3,benjaminpowell,SouthBJJ
Atlanta International Open 2014,Master2/Male/White/Ultra-Heavy,3,ThomasSilas,KillerBeesBJJCollege
Atlanta International Open 2014,Master2/Male/Blue/Feather,1,WesFuller,AmericanTopTeamAtlanta
Atlanta International Open 2014,Master2/Male/Blue/Feather,2,SeanChampelle,RobertoTravenBJJ
Atlanta International Open 2014,Master2/Male/Blue/Feather,3,MattFreedman,AresBJJ,KennyKim
Atlanta International Open 2014,Master2/Male/Blue/Middle,1,JosephRoberts,AresBJJ,KennyKim
Atlanta International Open 2014,Master2/Male/Blue/Middle,2,DannyVergara,NovaUnião
Atlanta International Open 2014,Master2/Male/Blue/Middle,3,JohnE.Coaker,RobertoTravenBJJ
Atlanta International Open 2014,Master2/Male/Blue/Middle,3,RussellSirmans,RobertoTravenBJJAtlanta
Atlanta International Open 2014,Master2/Male/Blue/Medium-Heavy,1,ChristopherLewter,GracieRaleigh
Atlanta International Open 2014,Master2/Male/Blue/Medium-Heavy,2,AbrahamGray,RobertoTravenBJJ
Atlanta International Open 2014,Master2/Male/Blue/Medium-Heavy,3,BuckKingery,GracieBarra
Atlanta International Open 2014,Master2/Male/Blue/Medium-Heavy,3,MatthewWhite,RobertoTravenBJJ
Atlanta International Open 2014,Master2/Male/Blue/Heavy,1,DamonMcclure,RobertoTravenBJJ
Atlanta International Open 2014,Master2/Male/Blue/Heavy,2,EddieMwangi,Alliance
Atlanta International Open 2014,Master2/Male/Blue/Heavy,3,JonathanMontoya,KnuckleUp
Atlanta International Open 2014,Master2/Male/Blue/Super-Heavy,1,YooChong,GracieEliteTeam
Atlanta International Open 2014,Master2/Male/Blue/Super-Heavy,2,ManuelMacall,WolfpackBJJ
Atlanta International Open 2014,Master2/Male/Blue/Super-Heavy,3,JosephWiener"Etienne",RobertoTravenBJJ
Atlanta International Open 2014,Master2/Male/Blue/Super-Heavy,3,MichaelMcinally,RobertoTravenBJJ
Atlanta International Open 2014,Master2/Male/Blue/Ultra-Heavy,1,AbongoHumphrey,RobertoTravenBJJ
Atlanta International Open 2014,Master2/Male/Blue/Ultra-Heavy,2,JeffEckels,RobertoTravenBJJ
Atlanta International Open 2014,Master2/Male/Blue/Ultra-Heavy,3,KennethJohnson,DeLaRivaJiu,JitsuUSA
Atlanta International Open 2014,Master2/Male/Blue/OpenClass,1,JeffEckels,RobertoTravenBJJ
Atlanta International Open 2014,Master2/Male/Blue/OpenClass,2,AbongoHumphrey,RobertoTravenBJJ
Atlanta International Open 2014,Master2/Male/Blue/OpenClass,3,ChristopherLewter,GracieRaleigh
Atlanta International Open 2014,Master2/Male/Purple/Light-Feather,1,JustinCourt,RenatoTavaresAssociation
Atlanta International Open 2014,Master2/Male/Purple/Light-Feather,2,KevinDouglasDomen,Alliance
Atlanta International Open 2014,Master2/Male/Purple/Light,1,RichardColey,AllianceAtlanta
Atlanta International Open 2014,Master2/Male/Purple/Light,2,JasonKellyMatherley,TACTeamBJJ
Atlanta International Open 2014,Master2/Male/Purple/Light,3,DaveSmith,GFTeam
Atlanta International Open 2014,Master2/Male/Purple/Light,3,ErvinPalomaQuintin,RobertoTravenBJJ
Atlanta International Open 2014,Master2/Male/Purple/Middle,1,BrianJeffreyLogan,GracieEliteTeam
Atlanta International Open 2014,Master2/Male/Purple/Middle,2,CarlosRaymoneCratic,Alliance
Atlanta International Open 2014,Master2/Male/Purple/Middle,3,BernardChristopheAtmore,NovaUnião
Atlanta International Open 2014,Master2/Male/Purple/Middle,3,CraigGordonGrams,MarcioCruzBJJ
Atlanta International Open 2014,Master2/Male/Purple/Medium-Heavy,1,BrianThompkins,RobertoTravenBJJ
Atlanta International Open 2014,Master2/Male/Purple/Medium-Heavy,2,JamesWest,MarcioCruzBJJ
Atlanta International Open 2014,Master2/Male/Purple/Medium-Heavy,3,EdisonDwightGunterJr.,GracieEliteTeam
Atlanta International Open 2014,Master2/Male/Purple/Medium-Heavy,3,RyanEmbry,RenatoTavaresAssociation
Atlanta International Open 2014,Master2/Male/Purple/Heavy,1,IsaacFelixCotto,GracieEliteTeam
Atlanta International Open 2014,Master2/Male/Purple/Heavy,2,CharlesButterfield,GracieEliteTeam
Atlanta International Open 2014,Master2/Male/Purple/Heavy,3,DexterRivers,Alliance
Atlanta International Open 2014,Master2/Male/Purple/Heavy,3,EfrainRamos,GracieBarra
Atlanta International Open 2014,Master2/Male/Purple/Super-Heavy,1,ToddB.Gardner,RobertoTravenBJJ
Atlanta International Open 2014,Master2/Male/Purple/Super-Heavy,2,KevinStafford,GracieBarra
Atlanta International Open 2014,Master2/Male/Purple/Ultra-Heavy,1,ShannonBlakeGriffin,GracieBarra
Atlanta International Open 2014,Master2/Male/Purple/Ultra-Heavy,2,phillipcampos,CreightonMixedMartialArtsAcademy
Atlanta International Open 2014,Master2/Male/Purple/OpenClass,1,BrianThompkins,RobertoTravenBJJ
Atlanta International Open 2014,Master2/Male/Purple/OpenClass,2,IsaacFelixCotto,GracieEliteTeam
Atlanta International Open 2014,Master2/Male/Purple/OpenClass,3,BernardChristopheAtmore,NovaUnião
Atlanta International Open 2014,Master2/Male/Purple/OpenClass,3,JamesWest,MarcioCruzBJJ
Atlanta International Open 2014,Master2/Male/Brown/Feather,1,KoonTingLau,RobertoTravenBJJ
Atlanta International Open 2014,Master2/Male/Brown/Feather,2,DarrickLamontClark,GracieBarra
Atlanta International Open 2014,Master2/Male/Brown/Middle,1,JefferyMichaelDonovan,Alliance
Atlanta International Open 2014,Master2/Male/Brown/Middle,2,AlexandreBarretoDaltro,RobertoTravenBJJ
Atlanta International Open 2014,Master2/Male/Brown/Middle,3,AnthonyGodeauxHenshawJr.,GracieRaleigh
Atlanta International Open 2014,Master2/Male/Brown/Medium-Heavy,1,BrandonBeech,RobertoTravenBJJ
Atlanta International Open 2014,Master2/Male/Brown/Medium-Heavy,2,JessePoag,TheJiu,JitsuAcademy
Atlanta International Open 2014,Master2/Male/Brown/Medium-Heavy,3,JosephShaneRiveira,AmericanTopTeamCoconutCreek
Atlanta International Open 2014,Master2/Male/Brown/Heavy,1,DerekAnthonyBattle,Alliance
Atlanta International Open 2014,Master2/Male/Brown/Ultra-Heavy,1,GewinnerGarrison,RobertoTravenBJJ
Atlanta International Open 2014,Master2/Male/Brown/Ultra-Heavy,2,BradleyOneilSteinborn,ZenithBJJ
Atlanta International Open 2014,Master2/Male/Brown/OpenClass,1,GewinnerGarrison,RobertoTravenBJJ
Atlanta International Open 2014,Master2/Male/Brown/OpenClass,2,KoonTingLau,RobertoTravenBJJ
Atlanta International Open 2014,Master2/Male/Brown/OpenClass,3,BradleyOneilSteinborn,ZenithBJJ
Atlanta International Open 2014,Master2/Male/Brown/OpenClass,3,JefferyMichaelDonovan,Alliance
Atlanta International Open 2014,Master2/Male/Black/Feather,1,MarlondRicauterLoorVera,GilbertDurinhoAssociationUSA
Atlanta International Open 2014,Master2/Male/Black/Light,1,AlejandroSiqueiraDoudement,GracieBarra
Atlanta International Open 2014,Master2/Male/Black/Light,2,SamuelJoseph,BuckheadJiu,Jitsu
Atlanta International Open 2014,Master2/Male/Black/Middle,1,CarlosFredericoRodriguez,CarlsonGracie
Atlanta International Open 2014,Master2/Male/Black/Middle,2,JulianoLeiroSilva,GracieBarra
Atlanta International Open 2014,Master2/Male/Black/Middle,3,BenjaminJ.Eaton,RibeiroJiu,Jitsu
Atlanta International Open 2014,Master2/Male/Black/Middle,3,KennyKim,AresBJJ,KennyKim
Atlanta International Open 2014,Master2/Male/Black/Super-Heavy,1,RoryM.Singer,RobertoTravenBJJ
Atlanta International Open 2014,Master2/Male/Black/Super-Heavy,2,JamesBlakeWood,RobertoTravenBJJAtlanta
Atlanta International Open 2014,Master2/Male/Black/Ultra-Heavy,1,RanieriPaivadeAlbuquerque,GracieEliteTeam
Atlanta International Open 2014,Master2/Male/Black/Ultra-Heavy,2,CarlosEduardodeAraujoFarias,RobertoTravenBJJ
Atlanta International Open 2014,Master2/Male/Black/OpenClass,1,CarlosEduardodeAraujoFarias,RobertoTravenBJJ
Atlanta International Open 2014,Master2/Male/Black/OpenClass,2,RanieriPaivadeAlbuquerque,GracieEliteTeam
Atlanta International Open 2014,Master2/Male/Black/OpenClass,3,MarlondRicauterLoorVera,GilbertDurinhoAssociationUSA
Atlanta International Open 2014,Master2/Male/Black/OpenClass,3,RoryM.Singer,RobertoTravenBJJ
Atlanta International Open 2014,Master3/Male/Blue/Feather,1,DavidAlfredPetrone(repitido),GordoJiu,Jitsu,International
Atlanta International Open 2014,Master3/Male/Blue/Feather,2,mikeduncan,RobertoTravenBJJ
Atlanta International Open 2014,Master3/Male/Blue/Feather,3,RaymondWong,GracieBarra
Atlanta International Open 2014,Master3/Male/Blue/Feather,3,ScottMason,RobertoTravenBJJ
Atlanta International Open 2014,Master3/Male/Blue/Light,1,KevinWyomaWilliams,RobertoTravenBJJ
Atlanta International Open 2014,Master3/Male/Blue/Light,2,SylvanWaller,RobertoTravenBJJ
Atlanta International Open 2014,Master3/Male/Blue/Light,3,Lemu,elWatson,RobertoTravenBJJAtlanta
Atlanta International Open 2014,Master3/Male/Blue/Middle,1,StephenOverbaugh,RobertoTravenBJJ
Atlanta International Open 2014,Master3/Male/Blue/Middle,2,CedricJeromeBrown,RobertoTravenBJJ
Atlanta International Open 2014,Master3/Male/Blue/Middle,3,BillySegars,GreatGrapplingBrazilianJiuJitsu
Atlanta International Open 2014,Master3/Male/Blue/Middle,3,KevinBrooks,GreatGrapplingBrazilianJiuJitsu
Atlanta International Open 2014,Master3/Male/Blue/Medium-Heavy,1,WalterMontano,GracieEliteTeam
Atlanta International Open 2014,Master3/Male/Blue/Medium-Heavy,2,EdwardVinter,GracieEliteTeam
Atlanta International Open 2014,Master3/Male/Blue/Medium-Heavy,3,CharlesPorter,RobertoTravenBJJ
Atlanta International Open 2014,Master3/Male/Blue/Heavy,1,BillJames,Alliance
Atlanta International Open 2014,Master3/Male/Blue/Heavy,2,MarcLawson,GracieEliteTeam
Atlanta International Open 2014,Master3/Male/Blue/Heavy,3,ClevelandMcKinney,RobertoTravenBJJ
Atlanta International Open 2014,Master3/Male/Blue/Heavy,3,FloydWilliams,GracieEliteTeam
Atlanta International Open 2014,Master3/Male/Blue/Super-Heavy,1,SethMeyerson,RobertoTravenBJJ
Atlanta International Open 2014,Master3/Male/Blue/Super-Heavy,2,EricSanford,GracieBarra
Atlanta International Open 2014,Master3/Male/Blue/Ultra-Heavy,1,ChadMassaker,GracieEliteTeam
Atlanta International Open 2014,Master3/Male/Blue/OpenClass,1,SethMeyerson,RobertoTravenBJJ
Atlanta International Open 2014,Master3/Male/Blue/OpenClass,2,ClevelandMcKinney,RobertoTravenBJJ
Atlanta International Open 2014,Master3/Male/Blue/OpenClass,3,ChadMassaker,GracieEliteTeam
Atlanta International Open 2014,Master3/Male/Blue/OpenClass,3,EdwardVinter,GracieEliteTeam
Atlanta International Open 2014,Master3/Male/Purple/Feather,1,chrisortiz,RobertoTravenBJJ
Atlanta International Open 2014,Master3/Male/Purple/Feather,2,ThandiTurner,Alliance
Atlanta International Open 2014,Master3/Male/Purple/Feather,3,bencorpuz,GracieBarra
Atlanta International Open 2014,Master3/Male/Purple/Light,1,KevinJamali,Brazil021SchoolofJiu,Jitsu
Atlanta International Open 2014,Master3/Male/Purple/Light,2,JimMcCall,Alliance
Atlanta International Open 2014,Master3/Male/Purple/Light,3,DavidSmith,CreightonMixedMartialArtsAcademy
Atlanta International Open 2014,Master3/Male/Purple/Medium-Heavy,1,JasonG.Weeks,GracieEliteTeam
Atlanta International Open 2014,Master3/Male/Purple/Medium-Heavy,2,AlexanderC.Jutis,CreightonMixedMartialArtsAcademy
Atlanta International Open 2014,Master3/Male/Purple/Medium-Heavy,3,CameronAnthonyAyer,RobertoTravenBJJ
Atlanta International Open 2014,Master3/Male/Purple/Medium-Heavy,3,PrestonInglee,RobertoTravenBJJ
Atlanta International Open 2014,Master3/Male/Purple/Heavy,1,BryanDavidHunt,NashvilleMMA
Atlanta International Open 2014,Master3/Male/Purple/Heavy,2,MartinBushell,GracieBarra
Atlanta International Open 2014,Master3/Male/Purple/Heavy,3,BiswadeepGanguly,CabeçaBrazilianJiuJitsu
Atlanta International Open 2014,Master3/Male/Purple/Ultra-Heavy,1,PaulMerritt,Alliance
Atlanta International Open 2014,Master3/Male/Purple/Ultra-Heavy,2,PatrickMullinax,CheckMat
Atlanta International Open 2014,Master3/Male/Purple/Ultra-Heavy,3,JamesMastrobattista,RobertoTravenBJJ
Atlanta International Open 2014,Master3/Male/Purple/OpenClass,1,PaulMerritt,Alliance
Atlanta International Open 2014,Master3/Male/Purple/OpenClass,2,BryanDavidHunt,NashvilleMMA
Atlanta International Open 2014,Master3/Male/Purple/OpenClass,3,chrisortiz,RobertoTravenBJJ
Atlanta International Open 2014,Master3/Male/Purple/OpenClass,3,JamesMastrobattista,RobertoTravenBJJ
Atlanta International Open 2014,Master3/Male/Brown/Ultra-Heavy,1,KevinWayneSynan,RobertoTravenBJJ
Atlanta International Open 2014,Master3/Male/Brown/Ultra-Heavy,2,MarcoAntoniodeSouza,RobertoTravenBJJ
Atlanta International Open 2014,Master3/Male/Brown/Ultra-Heavy,3,JoeyBraddock,SamuelPuccioBJJ
Atlanta International Open 2014,Master3/Male/Brown/OpenClass,1,MarcoAntoniodeSouza,RobertoTravenBJJ
Atlanta International Open 2014,Master3/Male/Brown/OpenClass,2,KevinWayneSynan,RobertoTravenBJJ
Atlanta International Open 2014,Master3/Male/Black/Feather,1,RenatoSampaioTavaresFilho,RenatoTavaresAssociation
Atlanta International Open 2014,Master3/Male/Black/Feather,2,AnthonyDavidZavarella,RobertoTravenBJJ
Atlanta International Open 2014,Master3/Male/Black/Heavy,1,RayEdwardCasias,ZenithBJJ,LasVegas
Atlanta International Open 2014,Master3/Male/Black/Heavy,2,StephenWilliamSnyder,NovaUnião
Atlanta International Open 2014,Master3/Male/Black/Super-Heavy,1,JamesToddCrompton,BigBrothers
Atlanta International Open 2014,Master3/Male/Black/Super-Heavy,2,JamesCasonBaynesJr.,MegalodonMMA
Atlanta International Open 2014,Master3/Male/Black/Ultra-Heavy,1,ChristopherJHaraszti,RobertoTravenBJJ
Atlanta International Open 2014,Master3/Male/Black/Ultra-Heavy,2,KellyJGrissom,BigBrothers
Atlanta International Open 2014,Master3/Male/Black/OpenClass,1,ChristopherJHaraszti,RobertoTravenBJJ
Atlanta International Open 2014,Master3/Male/Black/OpenClass,2,RayEdwardCasias,ZenithBJJ,LasVegas
Atlanta International Open 2014,Master3/Male/Black/OpenClass,3,AnthonyDavidZavarella,RobertoTravenBJJ
Atlanta International Open 2014,Master4/Male/Blue/Middle,1,DaniloArmandoMontecinos,Alliance
Atlanta International Open 2014,Master4/Male/Blue/Middle,2,BarryVanOver,NovaUnião
Atlanta International Open 2014,Master4/Male/Blue/Middle,3,HowardGivens,KnuckleUp
Atlanta International Open 2014,Master4/Male/Blue/Middle,3,WallaceStrom,KnuckleUp
Atlanta International Open 2014,Master4/Male/Blue/Medium-Heavy,1,JamesByrne,RibeiroJiu,Jitsu
Atlanta International Open 2014,Master4/Male/Blue/Medium-Heavy,2,PatrickBuckey,RobertoTravenBJJ
Atlanta International Open 2014,Master4/Male/Blue/Medium-Heavy,3,LoydWayneHawkinsJr.,Alliance
Atlanta International Open 2014,Master4/Male/Blue/Medium-Heavy,3,MattParrish,GracieEliteTeam
Atlanta International Open 2014,Master4/Male/Blue/Heavy,1,AlbertSmith,Alliance
Atlanta International Open 2014,Master4/Male/Blue/OpenClass,1,PatrickBuckey,RobertoTravenBJJ
Atlanta International Open 2014,Master4/Male/Purple/Middle,1,RobertCMaggio,Alliance
Atlanta International Open 2014,Master4/Male/Purple/Middle,2,GilbertValenzuela,GFTeam
Atlanta International Open 2014,Master4/Male/Purple/Middle,3,RoderickW.Ennis,SouthBJJ
Atlanta International Open 2014,Master4/Male/Purple/Medium-Heavy,1,ThomasE.Pennington,RobertoTravenBJJ
Atlanta International Open 2014,Master4/Male/Purple/Medium-Heavy,2,AndrewBrianSheard,GracieBarra
Atlanta International Open 2014,Master4/Male/Purple/Medium-Heavy,3,JamesLenocker,GracieBarra
Atlanta International Open 2014,Master4/Male/Purple/Medium-Heavy,3,ThomasPitts,Alliance
Atlanta International Open 2014,Master4/Male/Purple/Ultra-Heavy,1,DavidBennett,RenatoTavaresAssociation
Atlanta International Open 2014,Master4/Male/Purple/Ultra-Heavy,2,MaxAstor,RobertoTravenBJJ
Atlanta International Open 2014,Master4/Male/Purple/Ultra-Heavy,3,ScottR.Audas,Alliance
Atlanta International Open 2014,Master4/Male/Purple/OpenClass,1,ThomasE.Pennington,RobertoTravenBJJ
Atlanta International Open 2014,Master4/Male/Purple/OpenClass,2,MaxAstor,RobertoTravenBJJ
Atlanta International Open 2014,Master4/Male/Purple/OpenClass,3,AndrewBrianSheard,GracieBarra
Atlanta International Open 2014,Master4/Male/Purple/OpenClass,3,DavidBennett,RenatoTavaresAssociation
Atlanta International Open 2014,Master4/Male/Brown/Feather,1,JamesWhyteIV,Alliance
Atlanta International Open 2014,Master4/Male/Brown/Feather,2,PeterMCaragher,RobertoTravenBJJ
Atlanta International Open 2014,Master4/Male/Black/Middle,1,JoelT.Gingery,Alliance
Atlanta International Open 2014,Master4/Male/Black/Middle,2,ManuelBenjaminSalas,CarlsonGracieTeam
Atlanta International Open 2014,Master4/Male/Black/Medium-Heavy,1,ArmandoJohnAvecilla,RobertoTravenBJJ
Atlanta International Open 2014,Master4/Male/Black/Medium-Heavy,2,MichaelJamesAtkin,SASTeamUSA
Atlanta International Open 2014,Master4/Male/Black/Super-Heavy,1,JosephPaulMorgan,RobertoTravenBJJ
Atlanta International Open 2014,Master4/Male/Black/Super-Heavy,2,JorgeLuisNunesdosSantos,CheckMatUSA
Atlanta International Open 2014,Master4/Male/Black/OpenClass,1,JoelT.Gingery,Alliance
Atlanta International Open 2014,Master4/Male/Black/OpenClass,2,JosephPaulMorgan,RobertoTravenBJJ
Atlanta International Open 2014,Master4/Male/Black/OpenClass,3,ArmandoJohnAvecilla,RobertoTravenBJJ
Atlanta International Open 2014,Master4/Male/Black/OpenClass,3,MichaelJamesAtkin,SASTeamUSA
Atlanta International Open 2014,Master5/Male/Blue/Ultra-Heavy,1,KrisCorder,RobertoTravenBJJ
Atlanta International Open 2014,Master5/Male/Blue/Ultra-Heavy,2,KerrySweat,GracieBarra
Atlanta International Open 2014,Master5/Male/Blue/OpenClass,1,KerrySweat,GracieBarra
Atlanta International Open 2014,Master5/Male/Blue/OpenClass,2,KrisCorder,RobertoTravenBJJ
Atlanta International Open 2014,Master5/Male/Purple/Light,1,stanmabry,LuisPalhares
Atlanta International Open 2014,Master5/Male/Purple/Medium-Heavy,1,WilliamBoutwell,TriadMartialArts
Atlanta International Open 2014,Master5/Male/Purple/OpenClass,1,stanmabry,LuisPalhares
Atlanta International Open 2014,Master5/Male/Black/Light,1,PauloAlbertoCaramElsimaani,CheckMatUSA
Atlanta International Open 2014,Master5/Male/Black/Middle,1,MarkRogerSausser,GustavoMachadoBJJ
Atlanta International Open 2014,Master5/Male/Black/OpenClass,1,MarkRogerSausser,GustavoMachadoBJJ
Atlanta International Open 2014,Master6/Male/Blue/Medium-Heavy,1,mKearns,CreightonMixedMartialArtsAcademy
Atlanta International Open 2014,Master6/Male/Blue/OpenClass,1,mKearns,CreightonMixedMartialArtsAcademy
Atlanta International Open 2014,Master6/Male/Purple/Ultra-Heavy,1,TimothyMatthewKennedy,CreightonMixedMartialArtsAcademy
