Munich International Open IBJJF Jiu-Jitsu Championship 2018,Adult/Male/White/Light-Feather,1,SerkanOrtac,PoundforPoundTeam
Munich International Open IBJJF Jiu-Jitsu Championship 2018,Adult/Male/White/Light-Feather,2,ThiagoHenriqueSantosDeLima,KMRBJJKIMURA
Munich International Open IBJJF Jiu-Jitsu Championship 2018,Adult/Male/White/Light-Feather,3,IbrahimAllaoui,BudoClanAustria
Munich International Open IBJJF Jiu-Jitsu Championship 2018,Adult/Male/White/Light-Feather,3,TobiasBrück,KMRBJJKIMURA
Munich International Open IBJJF Jiu-Jitsu Championship 2018,Adult/Male/White/Feather,1,JoshuaValentin,JiuJitsuAcademyWorblental
Munich International Open IBJJF Jiu-Jitsu Championship 2018,Adult/Male/White/Feather,2,StanleyRichardBeier,BudoClanAustria
Munich International Open IBJJF Jiu-Jitsu Championship 2018,Adult/Male/White/Feather,3,RicardoCambeiro,CarlsonGracieZurich
Munich International Open IBJJF Jiu-Jitsu Championship 2018,Adult/Male/White/Feather,3,ThanhAnVu,BJJAkademieBerlin
Munich International Open IBJJF Jiu-Jitsu Championship 2018,Adult/Male/White/Light,1,DmitrijVadimovichAjdakov,PoundforPoundTeam
Munich International Open IBJJF Jiu-Jitsu Championship 2018,Adult/Male/White/Light,2,LorenzoAngeloCalapai,FrotaTeamNogueira
Munich International Open IBJJF Jiu-Jitsu Championship 2018,Adult/Male/White/Light,3,EmilArnaudov,KMRBJJKIMURA
Munich International Open IBJJF Jiu-Jitsu Championship 2018,Adult/Male/White/Light,3,FlorianHaum,PoundforPoundTeam
Munich International Open IBJJF Jiu-Jitsu Championship 2018,Adult/Male/White/Middle,1,FlorentinYorikJeronimoFischer,BJJ4Life
Munich International Open IBJJF Jiu-Jitsu Championship 2018,Adult/Male/White/Middle,2,NiklasFazler,PoundforPoundTeam
Munich International Open IBJJF Jiu-Jitsu Championship 2018,Adult/Male/White/Middle,3,AnhMinhNguyen,ZurichBJJLab
Munich International Open IBJJF Jiu-Jitsu Championship 2018,Adult/Male/White/Middle,3,MirzaCebiric,LuizPalharesJiu,JitsuEurope
Munich International Open IBJJF Jiu-Jitsu Championship 2018,Adult/Male/White/Medium-Heavy,1,SimonRuch,GracieBarra
Munich International Open IBJJF Jiu-Jitsu Championship 2018,Adult/Male/White/Medium-Heavy,2,MicheleSinico,FnFight.coEuropa
Munich International Open IBJJF Jiu-Jitsu Championship 2018,Adult/Male/White/Medium-Heavy,3,DmytroMurovanniy,BJJAkademieBerlin
Munich International Open IBJJF Jiu-Jitsu Championship 2018,Adult/Male/White/Medium-Heavy,3,MarcoEisenkolb,LuizPalharesJiu,JitsuEurope
Munich International Open IBJJF Jiu-Jitsu Championship 2018,Adult/Male/White/Heavy,1,MatteoParolin,TribeJiu,JitsuRoma
Munich International Open IBJJF Jiu-Jitsu Championship 2018,Adult/Male/White/Heavy,2,EstebanGardon,KMRBJJKIMURA
Munich International Open IBJJF Jiu-Jitsu Championship 2018,Adult/Male/White/Heavy,3,MatveyPitkevich,JungleBJJ
Munich International Open IBJJF Jiu-Jitsu Championship 2018,Adult/Male/White/Heavy,3,MaximilianHasler,PoundforPoundTeam
Munich International Open IBJJF Jiu-Jitsu Championship 2018,Adult/Male/White/Super-Heavy,1,MahirZuka,PoundforPoundTeam
Munich International Open IBJJF Jiu-Jitsu Championship 2018,Adult/Male/White/Super-Heavy,2,JakubSevcik,JungleBJJ
Munich International Open IBJJF Jiu-Jitsu Championship 2018,Adult/Male/White/Super-Heavy,3,AlexandrDanilichev,IconJiu,JitsuTeam
Munich International Open IBJJF Jiu-Jitsu Championship 2018,Adult/Male/White/Super-Heavy,3,JakeWalton,RobertoTravenBJJ
Munich International Open IBJJF Jiu-Jitsu Championship 2018,Adult/Male/White/Ultra-Heavy,1,PetrHusek,JungleBJJ
Munich International Open IBJJF Jiu-Jitsu Championship 2018,Adult/Male/White/Ultra-Heavy,2,AntonDanilichev,IconJiu,JitsuTeam
Munich International Open IBJJF Jiu-Jitsu Championship 2018,Adult/Male/White/Ultra-Heavy,3,MichaelSuntinger,GracieBarra
Munich International Open IBJJF Jiu-Jitsu Championship 2018,Adult/Male/White/Ultra-Heavy,3,TobiasGuggemos,LuizPalharesJiu,JitsuEurope
Munich International Open IBJJF Jiu-Jitsu Championship 2018,Adult/Male/Blue/Rooster,1,OrShitrit,ParienteAcademy
Munich International Open IBJJF Jiu-Jitsu Championship 2018,Adult/Male/Blue/Rooster,2,ShotaBakuradze,PoundforPoundTeam
Munich International Open IBJJF Jiu-Jitsu Championship 2018,Adult/Male/Blue/Light-Feather,1,FrankEduardoQuiñonezOviedo,CiceroCosthaInternacional
Munich International Open IBJJF Jiu-Jitsu Championship 2018,Adult/Male/Blue/Light-Feather,2,CaenBourke,SBGIreland
Munich International Open IBJJF Jiu-Jitsu Championship 2018,Adult/Male/Blue/Light-Feather,3,AranRahnavardBazar,KMRBJJKIMURA
Munich International Open IBJJF Jiu-Jitsu Championship 2018,Adult/Male/Blue/Feather,1,LuizGuilhermedeOliveiraRodrigues,IconJiu,JitsuTeam
Munich International Open IBJJF Jiu-Jitsu Championship 2018,Adult/Male/Blue/Feather,2,DanielAradaFerreira,IconJiu,JitsuTeam
Munich International Open IBJJF Jiu-Jitsu Championship 2018,Adult/Male/Blue/Feather,3,RomanMayr,PoundforPoundTeam
Munich International Open IBJJF Jiu-Jitsu Championship 2018,Adult/Male/Blue/Feather,3,SemirPiric,PoundforPoundTeam
Munich International Open IBJJF Jiu-Jitsu Championship 2018,Adult/Male/Blue/Light,1,MariusSocher,RibeiroJiu,Jitsu
Munich International Open IBJJF Jiu-Jitsu Championship 2018,Adult/Male/Blue/Light,2,FrancescoTaurino,JiuJitsuClubVerona
Munich International Open IBJJF Jiu-Jitsu Championship 2018,Adult/Male/Blue/Light,3,BrentWilliamBowes,Team,Choco
Munich International Open IBJJF Jiu-Jitsu Championship 2018,Adult/Male/Blue/Light,3,IrashkaKhizriev,Alliance
Munich International Open IBJJF Jiu-Jitsu Championship 2018,Adult/Male/Blue/Middle,1,RomanNepota,ZRTeamUkraine
Munich International Open IBJJF Jiu-Jitsu Championship 2018,Adult/Male/Blue/Middle,2,JanKnütter,PoundforPoundTeam
Munich International Open IBJJF Jiu-Jitsu Championship 2018,Adult/Male/Blue/Middle,3,JavidAsgarov,RogerGracieVienna
Munich International Open IBJJF Jiu-Jitsu Championship 2018,Adult/Male/Blue/Middle,3,PeterGuzsván,ZRTeamHungary
Munich International Open IBJJF Jiu-Jitsu Championship 2018,Adult/Male/Blue/Medium-Heavy,1,OmarCondé,TribeJiu,JitsuRoma
Munich International Open IBJJF Jiu-Jitsu Championship 2018,Adult/Male/Blue/Medium-Heavy,2,ErolBayraktar,PoundforPoundTeam
Munich International Open IBJJF Jiu-Jitsu Championship 2018,Adult/Male/Blue/Medium-Heavy,3,FlorianKanus,CaveirinhaJiu,JitsuFamily
Munich International Open IBJJF Jiu-Jitsu Championship 2018,Adult/Male/Blue/Medium-Heavy,3,MarioHamurculu,GCPGodzillaCompetitionProject
Munich International Open IBJJF Jiu-Jitsu Championship 2018,Adult/Male/Blue/Heavy,1,EdisBayraktar,PoundforPoundTeam
Munich International Open IBJJF Jiu-Jitsu Championship 2018,Adult/Male/Blue/Heavy,2,RedaMaroufi,BJJGlobetrotters
Munich International Open IBJJF Jiu-Jitsu Championship 2018,Adult/Male/Blue/Heavy,3,BryanGerzner,KMRBJJKIMURA
Munich International Open IBJJF Jiu-Jitsu Championship 2018,Adult/Male/Blue/Heavy,3,DiogoQuintasNogueira,ArtofFight,Lisboa
Munich International Open IBJJF Jiu-Jitsu Championship 2018,Adult/Male/Blue/Ultra-Heavy,1,NahuiotiuCarlosTeiefitu,SchmitzTeam
Munich International Open IBJJF Jiu-Jitsu Championship 2018,Adult/Male/Blue/Ultra-Heavy,2,JánBartakovič,A,ForceBrazilianJiu,JitsuInternational
Munich International Open IBJJF Jiu-Jitsu Championship 2018,Adult/Male/Blue/Ultra-Heavy,3,JanHorák,CarlsonGracieZurich
Munich International Open IBJJF Jiu-Jitsu Championship 2018,Adult/Male/Blue/OpenClass,1,LuizGuilhermedeOliveiraRodrigues,IconJiu,JitsuTeam
Munich International Open IBJJF Jiu-Jitsu Championship 2018,Adult/Male/Blue/OpenClass,2,RomanNepota,ZRTeamUkraine
Munich International Open IBJJF Jiu-Jitsu Championship 2018,Adult/Male/Blue/OpenClass,3,DiogoQuintasNogueira,ArtofFight,Lisboa
Munich International Open IBJJF Jiu-Jitsu Championship 2018,Adult/Male/Blue/OpenClass,3,EdisBayraktar,PoundforPoundTeam
Munich International Open IBJJF Jiu-Jitsu Championship 2018,Adult/Male/Purple/Rooster,1,DavyAlexandredeOliveiraSilva,IconJiu,JitsuTeam
Munich International Open IBJJF Jiu-Jitsu Championship 2018,Adult/Male/Purple/Rooster,2,ShayAnandaMontague,SBGIreland
Munich International Open IBJJF Jiu-Jitsu Championship 2018,Adult/Male/Purple/Light-Feather,1,FranciscoJonasBorgesAndrade,CiceroCosthaInternacional
Munich International Open IBJJF Jiu-Jitsu Championship 2018,Adult/Male/Purple/Light-Feather,2,SeverinPatrickZemp,ZurichBJJLab
Munich International Open IBJJF Jiu-Jitsu Championship 2018,Adult/Male/Purple/Light-Feather,3,ItamarAttali,SoulFightersBJJ
Munich International Open IBJJF Jiu-Jitsu Championship 2018,Adult/Male/Purple/Light-Feather,3,ManuelGuerrisi,AeternaJiuJitsu
Munich International Open IBJJF Jiu-Jitsu Championship 2018,Adult/Male/Purple/Feather,1,YaroslavBlazhko,ZRTeamUkraine
Munich International Open IBJJF Jiu-Jitsu Championship 2018,Adult/Male/Purple/Feather,2,BrahimElKhatabi,CalasansBJJInternational
Munich International Open IBJJF Jiu-Jitsu Championship 2018,Adult/Male/Purple/Feather,3,RobyRickPeñalosa,AeternaJiuJitsu
Munich International Open IBJJF Jiu-Jitsu Championship 2018,Adult/Male/Purple/Feather,3,VikiDabush,SoulFightersBJJ
Munich International Open IBJJF Jiu-Jitsu Championship 2018,Adult/Male/Purple/Light,1,TimHinrichs,BJJAkademieBerlin
Munich International Open IBJJF Jiu-Jitsu Championship 2018,Adult/Male/Purple/Light,2,FabianBenz,BJJAkademieBerlin
Munich International Open IBJJF Jiu-Jitsu Championship 2018,Adult/Male/Purple/Light,3,AlexanderMatschl,PoundforPoundTeam
Munich International Open IBJJF Jiu-Jitsu Championship 2018,Adult/Male/Purple/Light,3,AthanasiosNasis,ZentihBJJ,Greece
Munich International Open IBJJF Jiu-Jitsu Championship 2018,Adult/Male/Purple/Middle,1,LucianoRobertoSantinAlfonso,WarriorsFactoryHaubertTeamBJJ
Munich International Open IBJJF Jiu-Jitsu Championship 2018,Adult/Male/Purple/Middle,2,RaphaelLesnino,PoundforPoundTeam
Munich International Open IBJJF Jiu-Jitsu Championship 2018,Adult/Male/Purple/Middle,3,AmirAlroy,SoulFightersBJJ
Munich International Open IBJJF Jiu-Jitsu Championship 2018,Adult/Male/Purple/Middle,3,CaioJardimVictor,NovaUnião
Munich International Open IBJJF Jiu-Jitsu Championship 2018,Adult/Male/Purple/Medium-Heavy,1,MichaelLampart,BJJTeamBasel
Munich International Open IBJJF Jiu-Jitsu Championship 2018,Adult/Male/Purple/Medium-Heavy,2,BarakMeyouhas,SoulFightersBJJ
Munich International Open IBJJF Jiu-Jitsu Championship 2018,Adult/Male/Purple/Medium-Heavy,3,KevinEnz,Alliance
Munich International Open IBJJF Jiu-Jitsu Championship 2018,Adult/Male/Purple/Medium-Heavy,3,KristianHernandez,NSBrotherhoodInternational
Munich International Open IBJJF Jiu-Jitsu Championship 2018,Adult/Male/Purple/Heavy,1,AlessandroBorgonovo,ArtofJiu,Jitsu,Italy
Munich International Open IBJJF Jiu-Jitsu Championship 2018,Adult/Male/Purple/Heavy,2,YoussefzaiAhmed,IconJiu,JitsuTeam
Munich International Open IBJJF Jiu-Jitsu Championship 2018,Adult/Male/Purple/OpenClass,1,FranciscoJonasBorgesAndrade,CiceroCosthaInternacional
Munich International Open IBJJF Jiu-Jitsu Championship 2018,Adult/Male/Purple/OpenClass,2,CaioJardimVictor,NovaUnião
Munich International Open IBJJF Jiu-Jitsu Championship 2018,Adult/Male/Purple/OpenClass,3,AlessandroBorgonovo,ArtofJiu,Jitsu,Italy
Munich International Open IBJJF Jiu-Jitsu Championship 2018,Adult/Male/Purple/OpenClass,3,MichaelLampart,BJJTeamBasel
Munich International Open IBJJF Jiu-Jitsu Championship 2018,Adult/Male/Brown/Light-Feather,1,DavidJPrescott,LucioSergioBJJLifestyle
Munich International Open IBJJF Jiu-Jitsu Championship 2018,Adult/Male/Brown/Light-Feather,2,XaviBas,CFCTeam
Munich International Open IBJJF Jiu-Jitsu Championship 2018,Adult/Male/Brown/Light-Feather,3,JoséManuelVarelaSanchez,KMRBJJKIMURA
Munich International Open IBJJF Jiu-Jitsu Championship 2018,Adult/Male/Brown/Light,1,IvanIlinskii,JungleBJJ
Munich International Open IBJJF Jiu-Jitsu Championship 2018,Adult/Male/Brown/Light,2,JosephRobertBreslin,SBGIreland
Munich International Open IBJJF Jiu-Jitsu Championship 2018,Adult/Male/Brown/Light,3,TomerAlroy,SoulFightersBJJ
Munich International Open IBJJF Jiu-Jitsu Championship 2018,Adult/Male/Brown/Middle,1,CaioCaetanoSoares,NsBrotherhood
Munich International Open IBJJF Jiu-Jitsu Championship 2018,Adult/Male/Brown/Middle,2,PatrickLouys,ZurichBJJLab
Munich International Open IBJJF Jiu-Jitsu Championship 2018,Adult/Male/Brown/Middle,3,CésarSteffen,IconJiu,JitsuTeam
Munich International Open IBJJF Jiu-Jitsu Championship 2018,Adult/Male/Brown/Super-Heavy,1,FelipeFigueiredoMauricio,IconJiu,JitsuTeam
Munich International Open IBJJF Jiu-Jitsu Championship 2018,Adult/Male/Brown/Super-Heavy,2,AlmogBigFootBritch,SoulFightersBJJ
Munich International Open IBJJF Jiu-Jitsu Championship 2018,Adult/Male/Brown/Super-Heavy,3,DanielBrauchle,LuizPalharesJiu,JitsuEurope
Munich International Open IBJJF Jiu-Jitsu Championship 2018,Adult/Male/Brown/OpenClass,1,FelipeFigueiredoMauricio,IconJiu,JitsuTeam
Munich International Open IBJJF Jiu-Jitsu Championship 2018,Adult/Male/Brown/OpenClass,2,AlmogBigFootBritch,SoulFightersBJJ
Munich International Open IBJJF Jiu-Jitsu Championship 2018,Adult/Male/Brown/OpenClass,3,CaioCaetanoSoares,NsBrotherhood
Munich International Open IBJJF Jiu-Jitsu Championship 2018,Adult/Male/Brown/OpenClass,3,CésarSteffen,IconJiu,JitsuTeam
Munich International Open IBJJF Jiu-Jitsu Championship 2018,Adult/Male/Black/Light-Feather,1,JosephWooSunLee,RenzoGracieLA
Munich International Open IBJJF Jiu-Jitsu Championship 2018,Adult/Male/Black/Light-Feather,2,TadashiTakashima,BostonBJJ
Munich International Open IBJJF Jiu-Jitsu Championship 2018,Adult/Male/Black/Feather,1,JanAndreasBasso,NSBrotherhoodInternational
Munich International Open IBJJF Jiu-Jitsu Championship 2018,Adult/Male/Black/Feather,2,EduardoHenriqueGalana,ToziJiuJitsuInternational
Munich International Open IBJJF Jiu-Jitsu Championship 2018,Adult/Male/Black/Feather,3,EsdrasFélixBezerraJúnior,BocaTeam
Munich International Open IBJJF Jiu-Jitsu Championship 2018,Adult/Male/Black/Light,1,AlexCabanesGisbert,CalasansBJJInternational
Munich International Open IBJJF Jiu-Jitsu Championship 2018,Adult/Male/Black/Light,2,GersondaSilvaCarvalho,Alliance
Munich International Open IBJJF Jiu-Jitsu Championship 2018,Adult/Male/Black/Light,3,JamesErikMatsKytösaho,DynamixFightingSports
Munich International Open IBJJF Jiu-Jitsu Championship 2018,Adult/Male/Black/Light,3,LucaCaracciolo,TribeJiu,JitsuRoma
Munich International Open IBJJF Jiu-Jitsu Championship 2018,Adult/Male/Black/Middle,1,JaimeSoaresCanuto,GFTeam
Munich International Open IBJJF Jiu-Jitsu Championship 2018,Adult/Male/Black/Middle,2,AndreasM.SebastianBroschéJonsson,FrontlineAcademy
Munich International Open IBJJF Jiu-Jitsu Championship 2018,Adult/Male/Black/Middle,3,IlkeKubilayBulut,IconJiu,JitsuTeam
Munich International Open IBJJF Jiu-Jitsu Championship 2018,Adult/Male/Black/Middle,3,VegardArentzRandeberg,RogerGracieAcademyNorway
Munich International Open IBJJF Jiu-Jitsu Championship 2018,Adult/Male/Black/Medium-Heavy,1,ArthurPucci,Alliance
Munich International Open IBJJF Jiu-Jitsu Championship 2018,Adult/Male/Black/Medium-Heavy,2,WilsonLouladeCarvalhoNeto,TeamJucão
Munich International Open IBJJF Jiu-Jitsu Championship 2018,Adult/Male/Black/Heavy,1,JakubMikolajMroczkowski,GracieBarra
Munich International Open IBJJF Jiu-Jitsu Championship 2018,Adult/Male/Black/Heavy,2,ValterPlazzer,BrazilianJiuJitsuBolzanoA.S.D.
Munich International Open IBJJF Jiu-Jitsu Championship 2018,Adult/Male/Black/Super-Heavy,1,NicolasE.Penzer,StallionGym
Munich International Open IBJJF Jiu-Jitsu Championship 2018,Adult/Male/Black/Super-Heavy,2,TyroneGonsalves,ClubeOmarSalumFranca
Munich International Open IBJJF Jiu-Jitsu Championship 2018,Adult/Male/Black/Ultra-Heavy,1,MarekPawelZbrog,GracieBarra
Munich International Open IBJJF Jiu-Jitsu Championship 2018,Adult/Male/Black/Ultra-Heavy,2,MartinJohannesGobel,GCPGodzillaCompetitionProject
Munich International Open IBJJF Jiu-Jitsu Championship 2018,Adult/Male/Black/OpenClass,1,JaimeSoaresCanuto,GFTeam
Munich International Open IBJJF Jiu-Jitsu Championship 2018,Adult/Male/Black/OpenClass,2,NicolasE.Penzer,StallionGym
Munich International Open IBJJF Jiu-Jitsu Championship 2018,Adult/Male/Black/OpenClass,3,AndreasM.SebastianBroschéJonsson,FrontlineAcademy
Munich International Open IBJJF Jiu-Jitsu Championship 2018,Adult/Male/Black/OpenClass,3,IlkeKubilayBulut,IconJiu,JitsuTeam
Munich International Open IBJJF Jiu-Jitsu Championship 2018,Adult/Female/White/Rooster,1,LauraGiuliaHunziker,ZurichBJJLab
Munich International Open IBJJF Jiu-Jitsu Championship 2018,Adult/Female/White/Rooster,2,DaniaNaomiOsatoMeira,GracieBarcelona
Munich International Open IBJJF Jiu-Jitsu Championship 2018,Adult/Female/White/Feather,1,ScoutBosshard,CarlsonGracieZurich
Munich International Open IBJJF Jiu-Jitsu Championship 2018,Adult/Female/White/Feather,2,FonjallazAnne,BJJTeamBasel
Munich International Open IBJJF Jiu-Jitsu Championship 2018,Adult/Female/White/Feather,3,AleciaJaynePasquin,onderko,Team,Choco
Munich International Open IBJJF Jiu-Jitsu Championship 2018,Adult/Female/White/Feather,3,MariaKuhl,LuizPalharesJiu,JitsuEurope
Munich International Open IBJJF Jiu-Jitsu Championship 2018,Adult/Female/White/Light,1,AlinaCeylan,FrotaTeamNogueira
Munich International Open IBJJF Jiu-Jitsu Championship 2018,Adult/Female/White/Light,2,Anna,IsabellaHijman,ZurichBJJLab
Munich International Open IBJJF Jiu-Jitsu Championship 2018,Adult/Female/White/Light,3,JelenaZikic,GFTeam
Munich International Open IBJJF Jiu-Jitsu Championship 2018,Adult/Female/White/Light,3,LaraNoemiPosch,BudoClanAustria
Munich International Open IBJJF Jiu-Jitsu Championship 2018,Adult/Female/White/Middle,1,CorinneIsenegger,BJJTeamBasel
Munich International Open IBJJF Jiu-Jitsu Championship 2018,Adult/Female/White/Middle,2,JohannaJohn,ZurichBJJLab
Munich International Open IBJJF Jiu-Jitsu Championship 2018,Adult/Female/White/Middle,3,KristyToompalu,FrontlineAcademy
Munich International Open IBJJF Jiu-Jitsu Championship 2018,Adult/Female/White/Medium-Heavy,1,AurélieLEVern,ClubeOmarSalumFranca
Munich International Open IBJJF Jiu-Jitsu Championship 2018,Adult/Female/White/Medium-Heavy,2,HannahTabeaBecker,LuizPalharesJiu,JitsuEurope
Munich International Open IBJJF Jiu-Jitsu Championship 2018,Adult/Female/Blue/Rooster,1,FionaLee,CheckMat
Munich International Open IBJJF Jiu-Jitsu Championship 2018,Adult/Female/Blue/Feather,1,NataliaKarpiuk,FrotaTeamNogueira
Munich International Open IBJJF Jiu-Jitsu Championship 2018,Adult/Female/Blue/Feather,2,NgocDungLe,GFTeam
Munich International Open IBJJF Jiu-Jitsu Championship 2018,Adult/Female/Blue/Light,1,MeshyRosenfeld,SoulFightersBJJ
Munich International Open IBJJF Jiu-Jitsu Championship 2018,Adult/Female/Blue/Light,2,CostanzaAmadio,JiuJitsuClubVerona
Munich International Open IBJJF Jiu-Jitsu Championship 2018,Adult/Female/Blue/Light,3,AyaTalhouni,TeamMirza
Munich International Open IBJJF Jiu-Jitsu Championship 2018,Adult/Female/Blue/Middle,1,SumiaDuehlmeyer,Alliance
Munich International Open IBJJF Jiu-Jitsu Championship 2018,Adult/Female/Blue/Heavy,1,ChristineKrämer,LuizPalharesJiu,JitsuEurope
Munich International Open IBJJF Jiu-Jitsu Championship 2018,Adult/Female/Blue/OpenClass,1,SumiaDuehlmeyer,Alliance
Munich International Open IBJJF Jiu-Jitsu Championship 2018,Adult/Female/Blue/OpenClass,2,FionaLee,CheckMat
Munich International Open IBJJF Jiu-Jitsu Championship 2018,Adult/Female/Blue/OpenClass,3,NataliaKarpiuk,FrotaTeamNogueira
Munich International Open IBJJF Jiu-Jitsu Championship 2018,Adult/Female/Blue/OpenClass,3,NgocDungLe,GFTeam
Munich International Open IBJJF Jiu-Jitsu Championship 2018,Adult/Female/Black/Light,1,SirleiAparecidaCosta,KMRBJJKIMURA
Munich International Open IBJJF Jiu-Jitsu Championship 2018,Adult/Female/Black/OpenClass,1,SirleiAparecidaCosta,KMRBJJKIMURA
Munich International Open IBJJF Jiu-Jitsu Championship 2018,Master1/Male/White/Feather,1,MarceloCarreira,PoundforPoundTeam
Munich International Open IBJJF Jiu-Jitsu Championship 2018,Master1/Male/White/Feather,2,SulaimanFASEAlsaleh,GFTeam
Munich International Open IBJJF Jiu-Jitsu Championship 2018,Master1/Male/White/Feather,3,PhilipWinston,Team,Choco
Munich International Open IBJJF Jiu-Jitsu Championship 2018,Master1/Male/White/Feather,3,RalfHiller,GFTeam
Munich International Open IBJJF Jiu-Jitsu Championship 2018,Master1/Male/White/Light,1,BojanBorjanic,PoundforPoundTeam
Munich International Open IBJJF Jiu-Jitsu Championship 2018,Master1/Male/White/Light,2,VolkanKoçer,PoundforPoundTeam
Munich International Open IBJJF Jiu-Jitsu Championship 2018,Master1/Male/White/Light,3,AlejandroPineda,BJJGlobetrottersUSA
Munich International Open IBJJF Jiu-Jitsu Championship 2018,Master1/Male/White/Light,3,VolodymyrTarverdov,LuizPalharesJiu,JitsuEurope
Munich International Open IBJJF Jiu-Jitsu Championship 2018,Master1/Male/White/Middle,1,DimitriPapyschew,WolfgangHeindelAcademy
Munich International Open IBJJF Jiu-Jitsu Championship 2018,Master1/Male/White/Middle,2,DavideCannavale,PoundforPoundTeam
Munich International Open IBJJF Jiu-Jitsu Championship 2018,Master1/Male/White/Middle,3,ArtemBalitskiy,BJJAkademieBerlin
Munich International Open IBJJF Jiu-Jitsu Championship 2018,Master1/Male/White/Middle,3,SebastianMarcoOláh,IndependentBJJHungary
Munich International Open IBJJF Jiu-Jitsu Championship 2018,Master1/Male/White/Medium-Heavy,1,MuratSultanov,KMRBJJKIMURA
Munich International Open IBJJF Jiu-Jitsu Championship 2018,Master1/Male/White/Medium-Heavy,2,StephanGeissbühler,ZurichBJJLab
Munich International Open IBJJF Jiu-Jitsu Championship 2018,Master1/Male/White/Medium-Heavy,3,BoskoAngov,FrotaTeamNogueira
Munich International Open IBJJF Jiu-Jitsu Championship 2018,Master1/Male/White/Medium-Heavy,3,MichalČáp,JungleBJJ
Munich International Open IBJJF Jiu-Jitsu Championship 2018,Master1/Male/White/Heavy,1,PavloBushkov,ZRTeamUkraine
Munich International Open IBJJF Jiu-Jitsu Championship 2018,Master1/Male/White/Heavy,2,VlachosThomas,CheckMat
Munich International Open IBJJF Jiu-Jitsu Championship 2018,Master1/Male/White/Heavy,3,DietmarHelwig,GracieBarra
Munich International Open IBJJF Jiu-Jitsu Championship 2018,Master1/Male/White/Super-Heavy,1,CarlosEmanuelGregorioPrates,GracieBarra
Munich International Open IBJJF Jiu-Jitsu Championship 2018,Master1/Male/White/Super-Heavy,2,ReinierStevenvanRamshorst,WolfgangHeindelAcademy
Munich International Open IBJJF Jiu-Jitsu Championship 2018,Master1/Male/Blue/Feather,1,AndrewMüller,ZurichBJJLab
Munich International Open IBJJF Jiu-Jitsu Championship 2018,Master1/Male/Blue/Feather,2,StefanRiegel,WolfgangHeindelAcademy
Munich International Open IBJJF Jiu-Jitsu Championship 2018,Master1/Male/Blue/Feather,3,StefanWild,PoundforPoundTeam
Munich International Open IBJJF Jiu-Jitsu Championship 2018,Master1/Male/Blue/Light,1,DominicSchmidt,WolfgangHeindelAcademy
Munich International Open IBJJF Jiu-Jitsu Championship 2018,Master1/Male/Blue/Light,2,MoreiraSteveDomingos,IconJiu,JitsuTeam
Munich International Open IBJJF Jiu-Jitsu Championship 2018,Master1/Male/Blue/Light,3,FlorianPeters,GFTeam
Munich International Open IBJJF Jiu-Jitsu Championship 2018,Master1/Male/Blue/Light,3,Jan,ChristianThiele,PoundforPoundTeam
Munich International Open IBJJF Jiu-Jitsu Championship 2018,Master1/Male/Blue/Middle,1,PhilippeBest,GFTeam
Munich International Open IBJJF Jiu-Jitsu Championship 2018,Master1/Male/Blue/Middle,2,TinStojanac,PoundforPoundTeam
Munich International Open IBJJF Jiu-Jitsu Championship 2018,Master1/Male/Blue/Middle,3,HristoIvanovLyubenov,GFTeam
Munich International Open IBJJF Jiu-Jitsu Championship 2018,Master1/Male/Blue/Middle,3,RieppelSebastianFranz,BJJAkademieBerlin
Munich International Open IBJJF Jiu-Jitsu Championship 2018,Master1/Male/Blue/Medium-Heavy,1,JaschaKristek,PoundforPoundTeam
Munich International Open IBJJF Jiu-Jitsu Championship 2018,Master1/Male/Blue/Medium-Heavy,2,FlorianGrübl,TeamWingRevolution
Munich International Open IBJJF Jiu-Jitsu Championship 2018,Master1/Male/Blue/Medium-Heavy,3,MartinBunge,GCPGodzillaCompetitionProject
Munich International Open IBJJF Jiu-Jitsu Championship 2018,Master1/Male/Blue/Medium-Heavy,3,VisarShala,RilionGracieJiuJitsuVittorioVeneto
Munich International Open IBJJF Jiu-Jitsu Championship 2018,Master1/Male/Blue/Heavy,1,MarcoBirolRieger,PoundforPoundTeam
Munich International Open IBJJF Jiu-Jitsu Championship 2018,Master1/Male/Blue/Heavy,2,GrantMichels,CarlsonGracieZurich
Munich International Open IBJJF Jiu-Jitsu Championship 2018,Master1/Male/Blue/Heavy,3,AndyLuetzow,GFTeam
Munich International Open IBJJF Jiu-Jitsu Championship 2018,Master1/Male/Blue/Heavy,3,KrzysztofNowak,GFTeam
Munich International Open IBJJF Jiu-Jitsu Championship 2018,Master1/Male/Blue/Super-Heavy,1,DominikTarsa,GFTeam
Munich International Open IBJJF Jiu-Jitsu Championship 2018,Master1/Male/Blue/Super-Heavy,2,JarkkoJohannesSuojoki,HiltiBJJTampere
Munich International Open IBJJF Jiu-Jitsu Championship 2018,Master1/Male/Blue/Super-Heavy,3,MartinKrone,CarlosHolandaBrazilianJiu,JitsuEurope
Munich International Open IBJJF Jiu-Jitsu Championship 2018,Master1/Male/Blue/Super-Heavy,3,MilanSpomenkoMihajlov,TeamRedzovic
Munich International Open IBJJF Jiu-Jitsu Championship 2018,Master1/Male/Blue/OpenClass,1,MoreiraSteveDomingos,IconJiu,JitsuTeam
Munich International Open IBJJF Jiu-Jitsu Championship 2018,Master1/Male/Blue/OpenClass,2,MilanSpomenkoMihajlov,TeamRedzovic
Munich International Open IBJJF Jiu-Jitsu Championship 2018,Master1/Male/Blue/OpenClass,3,DominikTarsa,GFTeam
Munich International Open IBJJF Jiu-Jitsu Championship 2018,Master1/Male/Blue/OpenClass,3,PhilippeBest,GFTeam
Munich International Open IBJJF Jiu-Jitsu Championship 2018,Master1/Male/Purple/Feather,1,GilesGarcia,MNBJJ
Munich International Open IBJJF Jiu-Jitsu Championship 2018,Master1/Male/Purple/Feather,2,PetritMemeti,PoundforPoundTeam
Munich International Open IBJJF Jiu-Jitsu Championship 2018,Master1/Male/Purple/Feather,3,NeilDuffy,RioGrapplingClubEurope
Munich International Open IBJJF Jiu-Jitsu Championship 2018,Master1/Male/Purple/Light,1,SebastianStudirach,ZurichBJJLab
Munich International Open IBJJF Jiu-Jitsu Championship 2018,Master1/Male/Purple/Light,2,ShmuelChai("gotcha")Kellen,SoulFightersBJJ
Munich International Open IBJJF Jiu-Jitsu Championship 2018,Master1/Male/Purple/Medium-Heavy,1,ShaizKhan,RioGrapplingClubEurope
Munich International Open IBJJF Jiu-Jitsu Championship 2018,Master1/Male/Purple/Medium-Heavy,2,AlishaAhmad,CarlsonGracieUK
Munich International Open IBJJF Jiu-Jitsu Championship 2018,Master1/Male/Purple/OpenClass,1,ShaizKhan,RioGrapplingClubEurope
Munich International Open IBJJF Jiu-Jitsu Championship 2018,Master1/Male/Purple/OpenClass,2,AlishaAhmad,CarlsonGracieUK
Munich International Open IBJJF Jiu-Jitsu Championship 2018,Master1/Male/Purple/OpenClass,3,PetritMemeti,PoundforPoundTeam
Munich International Open IBJJF Jiu-Jitsu Championship 2018,Master1/Male/Purple/OpenClass,3,ShmuelChai("gotcha")Kellen,SoulFightersBJJ
Munich International Open IBJJF Jiu-Jitsu Championship 2018,Master1/Male/Brown/Heavy,1,EmirAlagic,PoundforPoundTeam
Munich International Open IBJJF Jiu-Jitsu Championship 2018,Master1/Male/Brown/OpenClass,1,EmirAlagic,PoundforPoundTeam
Munich International Open IBJJF Jiu-Jitsu Championship 2018,Master1/Male/Black/Light-Feather,1,DiegoFigueiredodeAzevedo,GFTeam
Munich International Open IBJJF Jiu-Jitsu Championship 2018,Master1/Male/Black/Feather,1,ValmyrMattosPereiraNeto,CheckMat
Munich International Open IBJJF Jiu-Jitsu Championship 2018,Master1/Male/Black/Feather,2,ClaudemirJosédeSouza,IconJiu,JitsuTeam
Munich International Open IBJJF Jiu-Jitsu Championship 2018,Master1/Male/Black/Feather,3,BrianCoyle,RilionGracieIreland
Munich International Open IBJJF Jiu-Jitsu Championship 2018,Master1/Male/Black/Feather,3,JoséAlexandreCorreaDoEspíritoSanto,KMRBJJKIMURA
Munich International Open IBJJF Jiu-Jitsu Championship 2018,Master1/Male/Black/Light,1,GabrielRainhoFontes,GFTeam
Munich International Open IBJJF Jiu-Jitsu Championship 2018,Master1/Male/Black/Light,2,PauloRobertodosSantosPeixoto,RogerGracieAcademyNorway
Munich International Open IBJJF Jiu-Jitsu Championship 2018,Master1/Male/Black/Light,3,BenediktJohannesSchotthöfer,PoundforPoundTeam
Munich International Open IBJJF Jiu-Jitsu Championship 2018,Master1/Male/Black/Middle,1,MarcosBuenoNardini,MNBJJ
Munich International Open IBJJF Jiu-Jitsu Championship 2018,Master1/Male/Black/Middle,2,RobertGraalfs,BJJAkademieBerlin
Munich International Open IBJJF Jiu-Jitsu Championship 2018,Master1/Male/Black/Middle,3,GustavoGuimaraesMichels,KMRBJJKIMURA
Munich International Open IBJJF Jiu-Jitsu Championship 2018,Master1/Male/Black/Middle,3,IvanChumakov,RibeiroJiu,Jitsu
Munich International Open IBJJF Jiu-Jitsu Championship 2018,Master1/Male/Black/Medium-Heavy,1,JoãoRamosdeAndradeJunior,KMRBJJKIMURA
Munich International Open IBJJF Jiu-Jitsu Championship 2018,Master1/Male/Black/Medium-Heavy,2,StefanoMeneguzzo,FnFight.coEuropa
Munich International Open IBJJF Jiu-Jitsu Championship 2018,Master1/Male/Black/Super-Heavy,1,IuryMartinsCurpentino,CheckMat
Munich International Open IBJJF Jiu-Jitsu Championship 2018,Master1/Male/Black/Super-Heavy,2,JeffWilliamLinzey,Team,Choco
Munich International Open IBJJF Jiu-Jitsu Championship 2018,Master1/Male/Black/OpenClass,1,BenediktJohannesSchotthöfer,PoundforPoundTeam
Munich International Open IBJJF Jiu-Jitsu Championship 2018,Master1/Male/Black/OpenClass,2,DiegoFigueiredodeAzevedo,GFTeam
Munich International Open IBJJF Jiu-Jitsu Championship 2018,Master1/Male/Black/OpenClass,3,IuryMartinsCurpentino,CheckMat
Munich International Open IBJJF Jiu-Jitsu Championship 2018,Master1/Male/Black/OpenClass,3,IvanChumakov,RibeiroJiu,Jitsu
Munich International Open IBJJF Jiu-Jitsu Championship 2018,Master1/Female/Blue/Light,1,ChristinaBrauchle,LuizPalharesJiu,JitsuEurope
Munich International Open IBJJF Jiu-Jitsu Championship 2018,Master1/Female/Blue/Light,2,Martina,Sitarova,ClubedeJiu,jitsuPitbullEurope
Munich International Open IBJJF Jiu-Jitsu Championship 2018,Master1/Female/Blue/Light,3,ElizabethAnnePereira,CheckMat
Munich International Open IBJJF Jiu-Jitsu Championship 2018,Master1/Female/Blue/Middle,1,JuliaSymannek,RenzoGracieHolland
Munich International Open IBJJF Jiu-Jitsu Championship 2018,Master1/Female/Blue/OpenClass,1,ChristinaBrauchle,LuizPalharesJiu,JitsuEurope
Munich International Open IBJJF Jiu-Jitsu Championship 2018,Master1/Female/Blue/OpenClass,2,JuliaSymannek,RenzoGracieHolland
Munich International Open IBJJF Jiu-Jitsu Championship 2018,Master1/Female/Blue/OpenClass,3,ElizabethAnnePereira,CheckMat
Munich International Open IBJJF Jiu-Jitsu Championship 2018,Master1/Female/Purple/Middle,1,OxanaBench,RibeiroJiu,Jitsu
Munich International Open IBJJF Jiu-Jitsu Championship 2018,Master1/Female/Purple/Medium-Heavy,1,NicoleUrschinger,AssociationAranha
Munich International Open IBJJF Jiu-Jitsu Championship 2018,Master1/Female/Purple/OpenClass,1,NicoleUrschinger,AssociationAranha
Munich International Open IBJJF Jiu-Jitsu Championship 2018,Master1/Female/Purple/OpenClass,2,OxanaBench,RibeiroJiu,Jitsu
Munich International Open IBJJF Jiu-Jitsu Championship 2018,Master2/Male/White/Light-Feather,1,OleksandrKostyuk,ZRTeamUkraine
Munich International Open IBJJF Jiu-Jitsu Championship 2018,Master2/Male/White/Feather,1,DmitryPulin,StoneFight
Munich International Open IBJJF Jiu-Jitsu Championship 2018,Master2/Male/White/Feather,2,AndreaDiBlasio,FrotaTeamNogueira
Munich International Open IBJJF Jiu-Jitsu Championship 2018,Master2/Male/White/Feather,3,MichaelWarnke,KMRBJJKIMURA
Munich International Open IBJJF Jiu-Jitsu Championship 2018,Master2/Male/White/Light,1,DanielLalic,PoundforPoundTeam
Munich International Open IBJJF Jiu-Jitsu Championship 2018,Master2/Male/White/Light,2,VolodymyrDehtiarov,ZRTeamUkraine
Munich International Open IBJJF Jiu-Jitsu Championship 2018,Master2/Male/White/Light,3,DanielDiemers,ZurichBJJLab
Munich International Open IBJJF Jiu-Jitsu Championship 2018,Master2/Male/White/Light,3,WernerBroennimann,ZurichBJJLab
Munich International Open IBJJF Jiu-Jitsu Championship 2018,Master2/Male/White/Middle,1,SofianeBenhamimid,IconJiu,JitsuTeam
Munich International Open IBJJF Jiu-Jitsu Championship 2018,Master2/Male/White/Middle,2,OliverCserny,IndependentBJJHungary
Munich International Open IBJJF Jiu-Jitsu Championship 2018,Master2/Male/White/Middle,3,KarelBarta,JungleBJJ
Munich International Open IBJJF Jiu-Jitsu Championship 2018,Master2/Male/White/Middle,3,PeterFilip,RenzoGracieInternational
Munich International Open IBJJF Jiu-Jitsu Championship 2018,Master2/Male/White/Medium-Heavy,1,RobertPaulNeredith,99NineNineJJ,International
Munich International Open IBJJF Jiu-Jitsu Championship 2018,Master2/Male/White/Medium-Heavy,2,PavelHoudek,SampaBJJInternational
Munich International Open IBJJF Jiu-Jitsu Championship 2018,Master2/Male/White/Medium-Heavy,3,TamasBako,IndependentBJJHungary
Munich International Open IBJJF Jiu-Jitsu Championship 2018,Master2/Male/White/Medium-Heavy,3,ThorstenKopp,RibeiroJiu,Jitsu
Munich International Open IBJJF Jiu-Jitsu Championship 2018,Master2/Male/White/Super-Heavy,1,ArturDrachenberg,PoundforPoundTeam
Munich International Open IBJJF Jiu-Jitsu Championship 2018,Master2/Male/White/Super-Heavy,2,GinoDickmeis,AkxeBJJGermany
Munich International Open IBJJF Jiu-Jitsu Championship 2018,Master2/Male/White/Ultra-Heavy,1,BenjaminKrause,BJJAkademieBerlin
Munich International Open IBJJF Jiu-Jitsu Championship 2018,Master2/Male/White/Ultra-Heavy,2,AhmedinHasankovic,PoundforPoundTeam
Munich International Open IBJJF Jiu-Jitsu Championship 2018,Master2/Male/Blue/Light,1,FrancescoMininni,CheckMat
Munich International Open IBJJF Jiu-Jitsu Championship 2018,Master2/Male/Blue/Light,2,MassimilianoZucchi,JiuJitsuClubVerona
Munich International Open IBJJF Jiu-Jitsu Championship 2018,Master2/Male/Blue/Light,3,AndreasGuenther,Alliance
Munich International Open IBJJF Jiu-Jitsu Championship 2018,Master2/Male/Blue/Light,3,PetkoPolitov,PoundforPoundTeam
Munich International Open IBJJF Jiu-Jitsu Championship 2018,Master2/Male/Blue/Middle,1,BernartPugner,PoundforPoundTeam
Munich International Open IBJJF Jiu-Jitsu Championship 2018,Master2/Male/Blue/Middle,2,AntónioPereiradeAraújoJúnior,GracieBarra
Munich International Open IBJJF Jiu-Jitsu Championship 2018,Master2/Male/Blue/Middle,3,NicolasSchäfer,RibeiroJiu,Jitsu
Munich International Open IBJJF Jiu-Jitsu Championship 2018,Master2/Male/Blue/Middle,3,PeterStrocinsky,ClubedeJiu,JitsuPitbullCzechRepublic
Munich International Open IBJJF Jiu-Jitsu Championship 2018,Master2/Male/Blue/Medium-Heavy,1,EmanuelVieira,JungleBJJ
Munich International Open IBJJF Jiu-Jitsu Championship 2018,Master2/Male/Blue/Heavy,1,AlbertIveljic,FrotaTeamNogueira
Munich International Open IBJJF Jiu-Jitsu Championship 2018,Master2/Male/Blue/Heavy,2,KremmelMartin,MarcioCruzBrazilianJiu,Jitsu
Munich International Open IBJJF Jiu-Jitsu Championship 2018,Master2/Male/Blue/Ultra-Heavy,1,DenisSoshilov,StrelaTeam
Munich International Open IBJJF Jiu-Jitsu Championship 2018,Master2/Male/Blue/Ultra-Heavy,2,UmutCelik,GFTeam
Munich International Open IBJJF Jiu-Jitsu Championship 2018,Master2/Male/Blue/Ultra-Heavy,3,MichaelGeorgeSwift,FrotaTeamNogueira
Munich International Open IBJJF Jiu-Jitsu Championship 2018,Master2/Male/Blue/OpenClass,1,PeterStrocinsky,ClubedeJiu,JitsuPitbullCzechRepublic
Munich International Open IBJJF Jiu-Jitsu Championship 2018,Master2/Male/Blue/OpenClass,2,FrancescoMininni,CheckMat
Munich International Open IBJJF Jiu-Jitsu Championship 2018,Master2/Male/Blue/OpenClass,3,PetkoPolitov,PoundforPoundTeam
Munich International Open IBJJF Jiu-Jitsu Championship 2018,Master2/Male/Blue/OpenClass,3,UmutCelik,GFTeam
Munich International Open IBJJF Jiu-Jitsu Championship 2018,Master2/Male/Purple/Medium-Heavy,1,MarcoDanielEusébiodeAbreu,BrazilianPowerTeamInternational
Munich International Open IBJJF Jiu-Jitsu Championship 2018,Master2/Male/Purple/Medium-Heavy,2,FlorianRoesemann,RibeiroJiu,Jitsu
Munich International Open IBJJF Jiu-Jitsu Championship 2018,Master2/Male/Purple/Heavy,1,MuratEfendi,PoundforPoundTeam
Munich International Open IBJJF Jiu-Jitsu Championship 2018,Master2/Male/Purple/Heavy,2,AndreasHolzer,AkxeBJJGermany
Munich International Open IBJJF Jiu-Jitsu Championship 2018,Master2/Male/Purple/OpenClass,1,MuratEfendi,PoundforPoundTeam
Munich International Open IBJJF Jiu-Jitsu Championship 2018,Master2/Male/Purple/OpenClass,2,FlorianRoesemann,RibeiroJiu,Jitsu
Munich International Open IBJJF Jiu-Jitsu Championship 2018,Master2/Male/Purple/OpenClass,3,AndreasHolzer,AkxeBJJGermany
Munich International Open IBJJF Jiu-Jitsu Championship 2018,Master2/Male/Purple/OpenClass,3,MarcoDanielEusébiodeAbreu,BrazilianPowerTeamInternational
Munich International Open IBJJF Jiu-Jitsu Championship 2018,Master2/Male/Brown/Light,1,GavinStephenThomas,99NineNineJJ,International
Munich International Open IBJJF Jiu-Jitsu Championship 2018,Master2/Male/Brown/Light,2,LuigiMazzettidiPietralata,PoundforPoundTeam
Munich International Open IBJJF Jiu-Jitsu Championship 2018,Master2/Male/Brown/Middle,1,ThiagoHerbertFerreira,CheckMat
Munich International Open IBJJF Jiu-Jitsu Championship 2018,Master2/Male/Brown/Middle,2,BryanGorman,RilionGracieIreland
Munich International Open IBJJF Jiu-Jitsu Championship 2018,Master2/Male/Brown/Medium-Heavy,1,RichardKerrigan,RogerGracieAcademy
Munich International Open IBJJF Jiu-Jitsu Championship 2018,Master2/Male/Brown/Heavy,1,DanielPrantner,BudoClanAustria
Munich International Open IBJJF Jiu-Jitsu Championship 2018,Master2/Male/Brown/Super-Heavy,1,kleberrogeriodeoliveira,TorontoBJJ
Munich International Open IBJJF Jiu-Jitsu Championship 2018,Master2/Male/Brown/Ultra-Heavy,1,MatteoPagani,CheckMat
Munich International Open IBJJF Jiu-Jitsu Championship 2018,Master2/Male/Brown/OpenClass,1,MatteoPagani,CheckMat
Munich International Open IBJJF Jiu-Jitsu Championship 2018,Master2/Male/Brown/OpenClass,2,ThiagoHerbertFerreira,CheckMat
Munich International Open IBJJF Jiu-Jitsu Championship 2018,Master2/Male/Brown/OpenClass,3,BryanGorman,RilionGracieIreland
Munich International Open IBJJF Jiu-Jitsu Championship 2018,Master2/Male/Brown/OpenClass,3,GavinStephenThomas,99NineNineJJ,International
Munich International Open IBJJF Jiu-Jitsu Championship 2018,Master2/Male/Black/Light,1,AmirBoaron,SoulFightersBJJ
Munich International Open IBJJF Jiu-Jitsu Championship 2018,Master2/Male/Black/Light,2,WalterMarkJohnBarnes,GracieBarra
Munich International Open IBJJF Jiu-Jitsu Championship 2018,Master2/Male/Black/Light,3,SergioPlazzer,BrazilianJiuJitsuBolzanoA.S.D.
Munich International Open IBJJF Jiu-Jitsu Championship 2018,Master2/Male/Black/Middle,1,HaroldoVictorianoBunn,NovaUnião
Munich International Open IBJJF Jiu-Jitsu Championship 2018,Master2/Male/Black/Middle,2,AlbertRosSunyer,CalasansBJJInternational
Munich International Open IBJJF Jiu-Jitsu Championship 2018,Master2/Male/Black/Super-Heavy,1,TomaszCiszewski,GracieBarra
Munich International Open IBJJF Jiu-Jitsu Championship 2018,Master2/Male/Black/Super-Heavy,2,MarcosAlbertoOliveiraRossi,RossiTeamBJJ
Munich International Open IBJJF Jiu-Jitsu Championship 2018,Master2/Male/Black/OpenClass,1,TomaszCiszewski,GracieBarra
Munich International Open IBJJF Jiu-Jitsu Championship 2018,Master2/Male/Black/OpenClass,2,HaroldoVictorianoBunn,NovaUnião
Munich International Open IBJJF Jiu-Jitsu Championship 2018,Master2/Male/Black/OpenClass,3,SergioPlazzer,BrazilianJiuJitsuBolzanoA.S.D.
Munich International Open IBJJF Jiu-Jitsu Championship 2018,Master3/Male/Blue/Middle,1,MircoChristianKarjalainen,FrotaTeamNogueira
Munich International Open IBJJF Jiu-Jitsu Championship 2018,Master3/Male/Blue/Middle,2,ThomasMarcSymannek,RenzoGracieHolland
Munich International Open IBJJF Jiu-Jitsu Championship 2018,Master3/Male/Blue/Middle,3,OliverWinter,NSBrotherhoodInternational
Munich International Open IBJJF Jiu-Jitsu Championship 2018,Master3/Male/Blue/Heavy,1,VladimirBykovnikov,PoundforPoundTeam
Munich International Open IBJJF Jiu-Jitsu Championship 2018,Master3/Male/Blue/Ultra-Heavy,1,MartinSitar,ClubedeJiu,jitsuPitbullEurope
Munich International Open IBJJF Jiu-Jitsu Championship 2018,Master3/Male/Blue/Ultra-Heavy,2,RaymondOMiller,MarcioCruzBrazilianJiu,Jitsu
Munich International Open IBJJF Jiu-Jitsu Championship 2018,Master3/Male/Blue/Ultra-Heavy,3,AttilaSzecsödi,RogerGracieVienna
Munich International Open IBJJF Jiu-Jitsu Championship 2018,Master3/Male/Blue/OpenClass,1,MircoChristianKarjalainen,FrotaTeamNogueira
Munich International Open IBJJF Jiu-Jitsu Championship 2018,Master3/Male/Blue/OpenClass,2,VladimirBykovnikov,PoundforPoundTeam
Munich International Open IBJJF Jiu-Jitsu Championship 2018,Master3/Male/Blue/OpenClass,3,RaymondOMiller,MarcioCruzBrazilianJiu,Jitsu
Munich International Open IBJJF Jiu-Jitsu Championship 2018,Master3/Male/Blue/OpenClass,3,ThomasMarcSymannek,RenzoGracieHolland
Munich International Open IBJJF Jiu-Jitsu Championship 2018,Master3/Male/Purple/Middle,1,WilhelmSiegemund,WolfgangHeindelAcademy
Munich International Open IBJJF Jiu-Jitsu Championship 2018,Master3/Male/Purple/Middle,2,MatthiasDörr,BJJTeamBasel
Munich International Open IBJJF Jiu-Jitsu Championship 2018,Master3/Male/Purple/Middle,3,IlyaMotorygin,FrotaTeamNogueira
Munich International Open IBJJF Jiu-Jitsu Championship 2018,Master3/Male/Purple/Medium-Heavy,1,MaikHenneberg,GracieBarra
Munich International Open IBJJF Jiu-Jitsu Championship 2018,Master3/Male/Purple/Super-Heavy,1,OlegGanichev,ZRTeamUkraine
Munich International Open IBJJF Jiu-Jitsu Championship 2018,Master3/Male/Purple/Super-Heavy,2,MohamedSalahMansouri,PoundforPoundTeam
Munich International Open IBJJF Jiu-Jitsu Championship 2018,Master3/Male/Purple/Super-Heavy,3,MarkSimonLittle,MillHillBJJ
Munich International Open IBJJF Jiu-Jitsu Championship 2018,Master3/Male/Purple/OpenClass,1,OlegGanichev,ZRTeamUkraine
Munich International Open IBJJF Jiu-Jitsu Championship 2018,Master3/Male/Purple/OpenClass,2,WilhelmSiegemund,WolfgangHeindelAcademy
Munich International Open IBJJF Jiu-Jitsu Championship 2018,Master3/Male/Purple/OpenClass,3,IlyaMotorygin,FrotaTeamNogueira
Munich International Open IBJJF Jiu-Jitsu Championship 2018,Master3/Male/Purple/OpenClass,3,MaikHenneberg,GracieBarra
Munich International Open IBJJF Jiu-Jitsu Championship 2018,Master4/Male/Brown/Heavy,1,AmirMahmutovic,PoundforPoundTeam
Munich International Open IBJJF Jiu-Jitsu Championship 2018,Master4/Male/Brown/OpenClass,1,AmirMahmutovic,PoundforPoundTeam
Munich International Open IBJJF Jiu-Jitsu Championship 2018,Master4/Male/Black/Ultra-Heavy,1,ChristopherMichaelGlew,CarlsonGracieTeam
Munich International Open IBJJF Jiu-Jitsu Championship 2018,Master4/Male/Black/OpenClass,1,ChristopherMichaelGlew,CarlsonGracieTeam
Munich International Open IBJJF Jiu-Jitsu Championship 2018,Master5/Male/Black/Medium-Heavy,1,MordechaiGlam,TeamLagarto
Munich International Open IBJJF Jiu-Jitsu Championship 2018,Master5/Male/Black/Medium-Heavy,2,M.PatrickWorley,Alliance
Munich International Open IBJJF Jiu-Jitsu Championship 2018,Juvenile/Male/Blue/Feather,1,DavidGabrielBejedeAzevedo,KMRBJJKIMURA
Munich International Open IBJJF Jiu-Jitsu Championship 2018,Juvenile/Male/Blue/Feather,2,SerhiiKrasovskyi,ZRTeamUkraine
Munich International Open IBJJF Jiu-Jitsu Championship 2018,Juvenile/Male/Blue/OpenClassLight,1,DavidGabrielBejedeAzevedo,KMRBJJKIMURA
Munich International Open IBJJF Jiu-Jitsu Championship 2018,Juvenile/Male/Blue/OpenClassLight,2,SerhiiKrasovskyi,ZRTeamUkraine
