New York Spring International Open IBJJF Jiu-Jitsu Championship 2018,Adult/Male/White/Rooster,1,FelixTorres,NorthSouthJiu,Jitsu
New York Spring International Open IBJJF Jiu-Jitsu Championship 2018,Adult/Male/White/Rooster,2,ArmaniHarper,GracieBarra
New York Spring International Open IBJJF Jiu-Jitsu Championship 2018,Adult/Male/White/Rooster,3,KirillMironov,BJJGlobetrottersUSA
New York Spring International Open IBJJF Jiu-Jitsu Championship 2018,Adult/Male/White/Light-Feather,1,NeilMehta,TeamJucãoUSA
New York Spring International Open IBJJF Jiu-Jitsu Championship 2018,Adult/Male/White/Light-Feather,2,RichardCollinson,RenzoGracieOttawa
New York Spring International Open IBJJF Jiu-Jitsu Championship 2018,Adult/Male/White/Light-Feather,3,AlexandruArhondMarculescu,VitorShaolinBJJ
New York Spring International Open IBJJF Jiu-Jitsu Championship 2018,Adult/Male/White/Light-Feather,3,MarkAnthonyReid,BuffaloUnitedMartialArts
New York Spring International Open IBJJF Jiu-Jitsu Championship 2018,Adult/Male/White/Feather,1,JosiahSwarr,Balance
New York Spring International Open IBJJF Jiu-Jitsu Championship 2018,Adult/Male/White/Feather,2,JamesThomasMullenIV,SASTeamUSA
New York Spring International Open IBJJF Jiu-Jitsu Championship 2018,Adult/Male/White/Feather,3,HendryHendry,RenzoGracieAcademy
New York Spring International Open IBJJF Jiu-Jitsu Championship 2018,Adult/Male/White/Feather,3,JasonRobertStuedemann,Brasa
New York Spring International Open IBJJF Jiu-Jitsu Championship 2018,Adult/Male/White/Light,1,BrysonKaimanaYoro,OneJiu,JitsuUSA
New York Spring International Open IBJJF Jiu-Jitsu Championship 2018,Adult/Male/White/Light,2,AdamAndrewHofling,XcellJiu,JitsuAcademy
New York Spring International Open IBJJF Jiu-Jitsu Championship 2018,Adult/Male/White/Light,3,MasonBoy,GFTeam
New York Spring International Open IBJJF Jiu-Jitsu Championship 2018,Adult/Male/White/Light,3,WardvanDonselaar,Alliance
New York Spring International Open IBJJF Jiu-Jitsu Championship 2018,Adult/Male/White/Middle,1,MikeQuintonHolmes,LuizPalharesJiuJitsu
New York Spring International Open IBJJF Jiu-Jitsu Championship 2018,Adult/Male/White/Middle,2,HongWa(Corey)Tang,VitorShaolinBJJ
New York Spring International Open IBJJF Jiu-Jitsu Championship 2018,Adult/Male/White/Middle,3,AnthonyEarlParis,RenzoGracieBrooklyn
New York Spring International Open IBJJF Jiu-Jitsu Championship 2018,Adult/Male/White/Middle,3,MichaelCarleo,GracieBarra
New York Spring International Open IBJJF Jiu-Jitsu Championship 2018,Adult/Male/White/Medium-Heavy,1,MarleyDoherty,KiotoBJJ
New York Spring International Open IBJJF Jiu-Jitsu Championship 2018,Adult/Male/White/Medium-Heavy,2,ConnorSeidenschwarz,BigBrothers
New York Spring International Open IBJJF Jiu-Jitsu Championship 2018,Adult/Male/White/Medium-Heavy,3,BrendanThomasHughes,GFTeamConnecticut
New York Spring International Open IBJJF Jiu-Jitsu Championship 2018,Adult/Male/White/Medium-Heavy,3,JoshuaKunjuHerrera,RibeiroJiu,Jitsu
New York Spring International Open IBJJF Jiu-Jitsu Championship 2018,Adult/Male/White/Heavy,1,AdamGroesbeck,Balance
New York Spring International Open IBJJF Jiu-Jitsu Championship 2018,Adult/Male/White/Heavy,2,JuanCarlosVanoniMoscoso,DojoLeoIturralde
New York Spring International Open IBJJF Jiu-Jitsu Championship 2018,Adult/Male/White/Super-Heavy,1,DillonGeneZaro,GFTeamConnecticut
New York Spring International Open IBJJF Jiu-Jitsu Championship 2018,Adult/Male/White/Super-Heavy,2,MohamedGamalSarour,TeamJucãoUSA
New York Spring International Open IBJJF Jiu-Jitsu Championship 2018,Adult/Male/White/Super-Heavy,3,GamalHassan,TeamJucãoUSA
New York Spring International Open IBJJF Jiu-Jitsu Championship 2018,Adult/Male/White/Ultra-Heavy,1,ScottCarter,RenzoGracieOttawa
New York Spring International Open IBJJF Jiu-Jitsu Championship 2018,Adult/Male/White/Ultra-Heavy,2,SebastianCBowman,TeamJucãoUSA
New York Spring International Open IBJJF Jiu-Jitsu Championship 2018,Adult/Male/White/Ultra-Heavy,3,MelvinJaredDerby,TeamRobsonMoura
New York Spring International Open IBJJF Jiu-Jitsu Championship 2018,Adult/Male/White/Ultra-Heavy,3,MohamedZedan,RenzoGracieJJ
New York Spring International Open IBJJF Jiu-Jitsu Championship 2018,Adult/Male/Blue/Rooster,1,GarciaAlmeida,GFTeamMaryland
New York Spring International Open IBJJF Jiu-Jitsu Championship 2018,Adult/Male/Blue/Rooster,2,ChristianSandoval,WolterBrazilianJiu,Jitsu
New York Spring International Open IBJJF Jiu-Jitsu Championship 2018,Adult/Male/Blue/Light-Feather,1,MichaelRKelch,AtosJiu,Jitsu
New York Spring International Open IBJJF Jiu-Jitsu Championship 2018,Adult/Male/Blue/Light-Feather,2,JoseLuisPereira,AllianceInternational
New York Spring International Open IBJJF Jiu-Jitsu Championship 2018,Adult/Male/Blue/Light-Feather,3,HanzMacedonio,SocaBJJ
New York Spring International Open IBJJF Jiu-Jitsu Championship 2018,Adult/Male/Blue/Light-Feather,3,RaymundoGonzalez,ClockworkJiu,Jitsu
New York Spring International Open IBJJF Jiu-Jitsu Championship 2018,Adult/Male/Blue/Feather,1,AmartoRajaram,UnityJiu,jitsu
New York Spring International Open IBJJF Jiu-Jitsu Championship 2018,Adult/Male/Blue/Feather,2,AnthonyChristopherOrtiz,UnityJiu,jitsu
New York Spring International Open IBJJF Jiu-Jitsu Championship 2018,Adult/Male/Blue/Feather,3,JonathanPagan,TeamRobsonMoura
New York Spring International Open IBJJF Jiu-Jitsu Championship 2018,Adult/Male/Blue/Feather,3,MatthewCrockett,Fifty/50Jiu,Jitsu
New York Spring International Open IBJJF Jiu-Jitsu Championship 2018,Adult/Male/Blue/Light,1,AndrewCarter,TeamLloydIrvin
New York Spring International Open IBJJF Jiu-Jitsu Championship 2018,Adult/Male/Blue/Light,2,FrancisDolanMarshall,PellegrinoMixedMartialArts
New York Spring International Open IBJJF Jiu-Jitsu Championship 2018,Adult/Male/Blue/Light,3,GuilhermeHenriqueLimao,RenzoGracieNewark
New York Spring International Open IBJJF Jiu-Jitsu Championship 2018,Adult/Male/Blue/Light,3,JamesA.Serra,RenzoGracieNewark
New York Spring International Open IBJJF Jiu-Jitsu Championship 2018,Adult/Male/Blue/Middle,1,TravisLeroyLindahl,Coalition95
New York Spring International Open IBJJF Jiu-Jitsu Championship 2018,Adult/Male/Blue/Middle,2,IoannisMastrominas,HermesClub
New York Spring International Open IBJJF Jiu-Jitsu Championship 2018,Adult/Male/Blue/Middle,3,JustinReina,AtosJiu,Jitsu
New York Spring International Open IBJJF Jiu-Jitsu Championship 2018,Adult/Male/Blue/Middle,3,MichaelJ.Dakessian,TeamOliveira
New York Spring International Open IBJJF Jiu-Jitsu Championship 2018,Adult/Male/Blue/Medium-Heavy,1,StevenDavis,UnityJiu,jitsu
New York Spring International Open IBJJF Jiu-Jitsu Championship 2018,Adult/Male/Blue/Medium-Heavy,2,ConnorJohnathanDance,GUVNABJJ
New York Spring International Open IBJJF Jiu-Jitsu Championship 2018,Adult/Male/Blue/Medium-Heavy,3,HenryEdson,KimuraBJJUSA
New York Spring International Open IBJJF Jiu-Jitsu Championship 2018,Adult/Male/Blue/Medium-Heavy,3,MatthewClark,UnityJiu,jitsu
New York Spring International Open IBJJF Jiu-Jitsu Championship 2018,Adult/Male/Blue/Heavy,1,JoséMiguelDíazUreña,CheckMat
New York Spring International Open IBJJF Jiu-Jitsu Championship 2018,Adult/Male/Blue/Heavy,2,TylerJasonRoberts,AtosJiu,Jitsu
New York Spring International Open IBJJF Jiu-Jitsu Championship 2018,Adult/Male/Blue/Heavy,3,AlexandreChabord.Di,fiore,MakoTeamParis
New York Spring International Open IBJJF Jiu-Jitsu Championship 2018,Adult/Male/Blue/Heavy,3,ObiEmejulu,RenzoGracieAcademy
New York Spring International Open IBJJF Jiu-Jitsu Championship 2018,Adult/Male/Blue/Super-Heavy,1,AlexanderTestani,AtosJiu,Jitsu
New York Spring International Open IBJJF Jiu-Jitsu Championship 2018,Adult/Male/Blue/Super-Heavy,2,JosephAnthonyRodriguez,RenzoGracieAcademy
New York Spring International Open IBJJF Jiu-Jitsu Championship 2018,Adult/Male/Blue/Super-Heavy,3,JeremyCollins,Crazy88
New York Spring International Open IBJJF Jiu-Jitsu Championship 2018,Adult/Male/Blue/Ultra-Heavy,1,EverettVaccaro,EastCoastUnitedBJJ
New York Spring International Open IBJJF Jiu-Jitsu Championship 2018,Adult/Male/Blue/Ultra-Heavy,2,RobertAnthonyBonsenor,AtosJiu,Jitsu
New York Spring International Open IBJJF Jiu-Jitsu Championship 2018,Adult/Male/Blue/Ultra-Heavy,3,ColtonJamesParker,TeamRubaoCariocaBJJ
New York Spring International Open IBJJF Jiu-Jitsu Championship 2018,Adult/Male/Blue/Enum_WeightDivision_OpenClass_Label,1,HenryEdson,KimuraBJJUSA
New York Spring International Open IBJJF Jiu-Jitsu Championship 2018,Adult/Male/Blue/Enum_WeightDivision_OpenClass_Label,2,JeremyCollins,Crazy88
New York Spring International Open IBJJF Jiu-Jitsu Championship 2018,Adult/Male/Blue/Enum_WeightDivision_OpenClass_Label,3,GarciaAlmeida,GFTeamMaryland
New York Spring International Open IBJJF Jiu-Jitsu Championship 2018,Adult/Male/Blue/Enum_WeightDivision_OpenClass_Label,3,GuilhermeHenriqueLimao,RenzoGracieNewark
New York Spring International Open IBJJF Jiu-Jitsu Championship 2018,Adult/Male/Purple/Rooster,1,EricNaples,RMNUTeam
New York Spring International Open IBJJF Jiu-Jitsu Championship 2018,Adult/Male/Purple/Rooster,2,DidierChaikov,UnityJiu,jitsu
New York Spring International Open IBJJF Jiu-Jitsu Championship 2018,Adult/Male/Purple/Rooster,3,DavidAlexanderMorales,Alliance
New York Spring International Open IBJJF Jiu-Jitsu Championship 2018,Adult/Male/Purple/Light-Feather,1,ShonRicoStatonII,TeamLloydIrvin
New York Spring International Open IBJJF Jiu-Jitsu Championship 2018,Adult/Male/Purple/Light-Feather,2,GabrielVieiradeSáBottinoGaudio,GFTeam
New York Spring International Open IBJJF Jiu-Jitsu Championship 2018,Adult/Male/Purple/Light-Feather,3,DennyRussellSisti,TACTeamBJJ
New York Spring International Open IBJJF Jiu-Jitsu Championship 2018,Adult/Male/Purple/Light-Feather,3,TylerMooney,Balance
New York Spring International Open IBJJF Jiu-Jitsu Championship 2018,Adult/Male/Purple/Feather,1,IsraeldeSousaAlmeida,GFTeam
New York Spring International Open IBJJF Jiu-Jitsu Championship 2018,Adult/Male/Purple/Feather,2,JoshuaAnthonyCisneros,CleberJiuJitsuVisalia
New York Spring International Open IBJJF Jiu-Jitsu Championship 2018,Adult/Male/Purple/Feather,3,EvanArredondo,GracieRaleigh
New York Spring International Open IBJJF Jiu-Jitsu Championship 2018,Adult/Male/Purple/Feather,3,JoséAndrésBaldaCedeno,Alliance
New York Spring International Open IBJJF Jiu-Jitsu Championship 2018,Adult/Male/Purple/Light,1,RohanPatel,Brasa
New York Spring International Open IBJJF Jiu-Jitsu Championship 2018,Adult/Male/Purple/Light,2,JaanHasan,Alliance
New York Spring International Open IBJJF Jiu-Jitsu Championship 2018,Adult/Male/Purple/Light,3,Chris,AnthonyD.Thompson,GFTeamConnecticut
New York Spring International Open IBJJF Jiu-Jitsu Championship 2018,Adult/Male/Purple/Light,3,TyroneGarcia,AtosJiu,Jitsu
New York Spring International Open IBJJF Jiu-Jitsu Championship 2018,Adult/Male/Purple/Middle,1,GiancarloBodoni,Alliance
New York Spring International Open IBJJF Jiu-Jitsu Championship 2018,Adult/Male/Purple/Middle,2,NickDomgjoni,AtosJiu,Jitsu
New York Spring International Open IBJJF Jiu-Jitsu Championship 2018,Adult/Male/Purple/Middle,3,BorisAbelCamposParedes,DojoLeoIturralde
New York Spring International Open IBJJF Jiu-Jitsu Championship 2018,Adult/Male/Purple/Middle,3,SeanAnthonyYadimarco,SavareseBrazilianJiu,JitsuAcademy
New York Spring International Open IBJJF Jiu-Jitsu Championship 2018,Adult/Male/Purple/Medium-Heavy,1,BrianGill,Alliance
New York Spring International Open IBJJF Jiu-Jitsu Championship 2018,Adult/Male/Purple/Medium-Heavy,2,JamesKirkham,TheMMAAcademyLiverpool
New York Spring International Open IBJJF Jiu-Jitsu Championship 2018,Adult/Male/Purple/Medium-Heavy,3,EduardoViana,Crazy88
New York Spring International Open IBJJF Jiu-Jitsu Championship 2018,Adult/Male/Purple/Medium-Heavy,3,LuisCabrera,VitorShaolinBJJ
New York Spring International Open IBJJF Jiu-Jitsu Championship 2018,Adult/Male/Purple/Heavy,1,MichaëlRoy,SampaBJJInternational
New York Spring International Open IBJJF Jiu-Jitsu Championship 2018,Adult/Male/Purple/Heavy,2,FayyazAkbari,LuizPalharesJiuJitsu
New York Spring International Open IBJJF Jiu-Jitsu Championship 2018,Adult/Male/Purple/Heavy,3,IliasApostolopoulos,Alliance
New York Spring International Open IBJJF Jiu-Jitsu Championship 2018,Adult/Male/Purple/Super-Heavy,1,WilsonMoreiraCostaJunior,PSLPBCiceroCostha
New York Spring International Open IBJJF Jiu-Jitsu Championship 2018,Adult/Male/Purple/Super-Heavy,2,SeanClayton,RenzoGracieAcademy
New York Spring International Open IBJJF Jiu-Jitsu Championship 2018,Adult/Male/Purple/Super-Heavy,3,MarcCerrone,AtosJiu,Jitsu
New York Spring International Open IBJJF Jiu-Jitsu Championship 2018,Adult/Male/Purple/Ultra-Heavy,1,StyvensBelloge,BigBrothers
New York Spring International Open IBJJF Jiu-Jitsu Championship 2018,Adult/Male/Purple/Ultra-Heavy,2,JoãoPauloCostaFonseca,GracieBarra
New York Spring International Open IBJJF Jiu-Jitsu Championship 2018,Adult/Male/Purple/Ultra-Heavy,3,NicolasRoy,Tri,StarMontreal
New York Spring International Open IBJJF Jiu-Jitsu Championship 2018,Adult/Male/Purple/Enum_WeightDivision_OpenClass_Label,1,GiancarloBodoni,Alliance
New York Spring International Open IBJJF Jiu-Jitsu Championship 2018,Adult/Male/Purple/Enum_WeightDivision_OpenClass_Label,2,MichaëlRoy,SampaBJJInternational
New York Spring International Open IBJJF Jiu-Jitsu Championship 2018,Adult/Male/Purple/Enum_WeightDivision_OpenClass_Label,3,NicolasRoy,Tri,StarMontreal
New York Spring International Open IBJJF Jiu-Jitsu Championship 2018,Adult/Male/Purple/Enum_WeightDivision_OpenClass_Label,3,SeanClayton,RenzoGracieAcademy
New York Spring International Open IBJJF Jiu-Jitsu Championship 2018,Adult/Male/Brown/Light-Feather,1,MalachiJamesC.Edmond,TeamLloydIrvin
New York Spring International Open IBJJF Jiu-Jitsu Championship 2018,Adult/Male/Brown/Light-Feather,2,SurajKumarBudhram,RenatoTavaresAssociation
New York Spring International Open IBJJF Jiu-Jitsu Championship 2018,Adult/Male/Brown/Light-Feather,3,EdwinOcasio,UnityJiu,jitsu
New York Spring International Open IBJJF Jiu-Jitsu Championship 2018,Adult/Male/Brown/Feather,1,DanielAndrésQuintanaMartinez,Alliance
New York Spring International Open IBJJF Jiu-Jitsu Championship 2018,Adult/Male/Brown/Feather,2,NicolasLoraOspina,Alliance
New York Spring International Open IBJJF Jiu-Jitsu Championship 2018,Adult/Male/Brown/Feather,3,DavidMosleh,Jiu,JitsuForLifeTeam
New York Spring International Open IBJJF Jiu-Jitsu Championship 2018,Adult/Male/Brown/Feather,3,KyvannGonzalez,Jiu,JitsuForThePeople,SheridanBJJ
New York Spring International Open IBJJF Jiu-Jitsu Championship 2018,Adult/Male/Brown/Light,1,KieranRobertKichuk,TeamLloydIrvin
New York Spring International Open IBJJF Jiu-Jitsu Championship 2018,Adult/Male/Brown/Light,2,OliverTaza,RenzoGracieOttawa
New York Spring International Open IBJJF Jiu-Jitsu Championship 2018,Adult/Male/Brown/Light,3,ConnorJamesDonaldson,GracieBarra
New York Spring International Open IBJJF Jiu-Jitsu Championship 2018,Adult/Male/Brown/Light,3,TysonDavidAntillon,GDJiu,JitsuAssociation
New York Spring International Open IBJJF Jiu-Jitsu Championship 2018,Adult/Male/Brown/Middle,1,BrenoDamiériRicaldeMaciel,PSLPBCiceroCostha
New York Spring International Open IBJJF Jiu-Jitsu Championship 2018,Adult/Male/Brown/Middle,2,BrockNicholasGorang,GHBJJ
New York Spring International Open IBJJF Jiu-Jitsu Championship 2018,Adult/Male/Brown/Middle,3,AdamAparicio,UnityJiu,jitsu
New York Spring International Open IBJJF Jiu-Jitsu Championship 2018,Adult/Male/Brown/Middle,3,AngeloDequanClaiborne,TeamLloydIrvin
New York Spring International Open IBJJF Jiu-Jitsu Championship 2018,Adult/Male/Brown/Medium-Heavy,1,MatheusFranciscoLutes,Alliance
New York Spring International Open IBJJF Jiu-Jitsu Championship 2018,Adult/Male/Brown/Medium-Heavy,2,NathanJdosSantos,Jiu,JitsuForLifeTeam
New York Spring International Open IBJJF Jiu-Jitsu Championship 2018,Adult/Male/Brown/Medium-Heavy,3,MatthewMartinez,EastCoastUnitedBJJ
New York Spring International Open IBJJF Jiu-Jitsu Championship 2018,Adult/Male/Brown/Medium-Heavy,3,RobertMaldonado,VitorShaolinBJJ
New York Spring International Open IBJJF Jiu-Jitsu Championship 2018,Adult/Male/Brown/Heavy,1,DavidRodriguez,CarlsonGracieTeam
New York Spring International Open IBJJF Jiu-Jitsu Championship 2018,Adult/Male/Brown/Heavy,2,ErnstFrederikJacobusvanBruggen,Alliance
New York Spring International Open IBJJF Jiu-Jitsu Championship 2018,Adult/Male/Brown/Heavy,3,LucasVieiraLeite,GracieBarra
New York Spring International Open IBJJF Jiu-Jitsu Championship 2018,Adult/Male/Brown/Heavy,3,StevenNichols,GracieBarra
New York Spring International Open IBJJF Jiu-Jitsu Championship 2018,Adult/Male/Brown/Super-Heavy,1,LeonE.JacksonIII,GracieBarra
New York Spring International Open IBJJF Jiu-Jitsu Championship 2018,Adult/Male/Brown/Super-Heavy,2,DamienRoberts,SoulFightersBJJ
New York Spring International Open IBJJF Jiu-Jitsu Championship 2018,Adult/Male/Brown/Super-Heavy,3,DinkoBektic,BJJRevolutionTeam
New York Spring International Open IBJJF Jiu-Jitsu Championship 2018,Adult/Male/Brown/Super-Heavy,3,NicolasHand,AtosJiu,Jitsu
New York Spring International Open IBJJF Jiu-Jitsu Championship 2018,Adult/Male/Brown/Ultra-Heavy,1,StuartRandleMaddox,LuizPalharesJiuJitsu
New York Spring International Open IBJJF Jiu-Jitsu Championship 2018,Adult/Male/Brown/Ultra-Heavy,2,RafaelBabiloniaCristovão,UnityJiu,jitsu
New York Spring International Open IBJJF Jiu-Jitsu Championship 2018,Adult/Male/Brown/Ultra-Heavy,3,NicholasWolz,FightSports
New York Spring International Open IBJJF Jiu-Jitsu Championship 2018,Adult/Male/Brown/Enum_WeightDivision_OpenClass_Label,1,MatheusFranciscoLutes,Alliance
New York Spring International Open IBJJF Jiu-Jitsu Championship 2018,Adult/Male/Brown/Enum_WeightDivision_OpenClass_Label,2,AngeloDequanClaiborne,TeamLloydIrvin
New York Spring International Open IBJJF Jiu-Jitsu Championship 2018,Adult/Male/Brown/Enum_WeightDivision_OpenClass_Label,3,ConnorJamesDonaldson,GracieBarra
New York Spring International Open IBJJF Jiu-Jitsu Championship 2018,Adult/Male/Brown/Enum_WeightDivision_OpenClass_Label,3,NathanJdosSantos,Jiu,JitsuForLifeTeam
New York Spring International Open IBJJF Jiu-Jitsu Championship 2018,Adult/Male/Black/Rooster,1,EduardoBarbozadaSilva,GFTeamConnecticut
New York Spring International Open IBJJF Jiu-Jitsu Championship 2018,Adult/Male/Black/Rooster,2,KristianRWoodmansee,AtosJiu,Jitsu
New York Spring International Open IBJJF Jiu-Jitsu Championship 2018,Adult/Male/Black/Rooster,3,ChristopherMichaelNoonan,TheHiveMartialArtsAcademy
New York Spring International Open IBJJF Jiu-Jitsu Championship 2018,Adult/Male/Black/Rooster,3,JimmySantiagoIII,BuffaloBJJAcademy
New York Spring International Open IBJJF Jiu-Jitsu Championship 2018,Adult/Male/Black/Light-Feather,1,JoãoPedroOliveiraRodrigues,SoulFightersBJJ
New York Spring International Open IBJJF Jiu-Jitsu Championship 2018,Adult/Male/Black/Light-Feather,2,DanielJosephKeane,Alliance
New York Spring International Open IBJJF Jiu-Jitsu Championship 2018,Adult/Male/Black/Light-Feather,3,TadashiTakashima,BostonBJJ
New York Spring International Open IBJJF Jiu-Jitsu Championship 2018,Adult/Male/Black/Feather,1,AdamBenayoun,Fifty/50Jiu,Jitsu
New York Spring International Open IBJJF Jiu-Jitsu Championship 2018,Adult/Male/Black/Feather,2,MatheusEvangelistaGonzaga,AllianceBernardoFaria
New York Spring International Open IBJJF Jiu-Jitsu Championship 2018,Adult/Male/Black/Feather,3,CristhianAndresCevallosMueckay,Alliance
New York Spring International Open IBJJF Jiu-Jitsu Championship 2018,Adult/Male/Black/Feather,3,TiagoAlvesRibeiro,NewEnglandUnitedBJJ
New York Spring International Open IBJJF Jiu-Jitsu Championship 2018,Adult/Male/Black/Light,1,JohnnyJoachinTamaApolinario,Alliance
New York Spring International Open IBJJF Jiu-Jitsu Championship 2018,Adult/Male/Black/Light,2,AlexandreFariaMolinaro,CarlsonGracieTeam
New York Spring International Open IBJJF Jiu-Jitsu Championship 2018,Adult/Male/Black/Light,3,FelipeHugodeSouzaSimplicio,SoulFightersBJJ
New York Spring International Open IBJJF Jiu-Jitsu Championship 2018,Adult/Male/Black/Middle,1,MarcosViníciusdaSilvaTinoco,Alliance
New York Spring International Open IBJJF Jiu-Jitsu Championship 2018,Adult/Male/Black/Middle,2,JonathanT.Satava,Alliance
New York Spring International Open IBJJF Jiu-Jitsu Championship 2018,Adult/Male/Black/Middle,3,GabrielProcópiodaFonseca,BrazilianTopTeam
New York Spring International Open IBJJF Jiu-Jitsu Championship 2018,Adult/Male/Black/Middle,3,ManuelRibamarV.deOliveiraFilho,UnityJiu,jitsu
New York Spring International Open IBJJF Jiu-Jitsu Championship 2018,Adult/Male/Black/Medium-Heavy,1,MuriloSilvaFerreiradeSantana,UnityJiu,jitsu
New York Spring International Open IBJJF Jiu-Jitsu Championship 2018,Adult/Male/Black/Medium-Heavy,2,DiogoSampaioAraujo,SoulFightersBJJ
New York Spring International Open IBJJF Jiu-Jitsu Championship 2018,Adult/Male/Black/Heavy,1,AaronMichaelJohnson,UnityJiu,jitsu
New York Spring International Open IBJJF Jiu-Jitsu Championship 2018,Adult/Male/Black/Heavy,2,NicolasE.Penzer,StallionGym
New York Spring International Open IBJJF Jiu-Jitsu Championship 2018,Adult/Male/Black/Heavy,3,AmirMohamedYafawi,Jiu,JitsuForLifeTeam
New York Spring International Open IBJJF Jiu-Jitsu Championship 2018,Adult/Male/Black/Heavy,3,ThiagoRelaConstantinoJiuliani,RenzoGracieAcademy
New York Spring International Open IBJJF Jiu-Jitsu Championship 2018,Adult/Male/Black/Enum_WeightDivision_OpenClass_Label,1,MarcosViníciusdaSilvaTinoco,Alliance
New York Spring International Open IBJJF Jiu-Jitsu Championship 2018,Adult/Male/Black/Enum_WeightDivision_OpenClass_Label,2,MuriloSilvaFerreiradeSantana,UnityJiu,jitsu
New York Spring International Open IBJJF Jiu-Jitsu Championship 2018,Adult/Male/Black/Enum_WeightDivision_OpenClass_Label,3,DiogoSampaioAraujo,SoulFightersBJJ
New York Spring International Open IBJJF Jiu-Jitsu Championship 2018,Adult/Male/Black/Enum_WeightDivision_OpenClass_Label,3,FelipeCesarSilva,UnityJiu,jitsu
New York Spring International Open IBJJF Jiu-Jitsu Championship 2018,Adult/Female/White/Light-Feather,1,RontriceThomas,Alliance
New York Spring International Open IBJJF Jiu-Jitsu Championship 2018,Adult/Female/White/Light-Feather,2,MelissaCristenRamos,OCBJJ
New York Spring International Open IBJJF Jiu-Jitsu Championship 2018,Adult/Female/White/Feather,1,MariaBoggi,TACTeamBJJ
New York Spring International Open IBJJF Jiu-Jitsu Championship 2018,Adult/Female/White/Feather,2,RachelGlover,Jiu,JitsuForLifeTeam
New York Spring International Open IBJJF Jiu-Jitsu Championship 2018,Adult/Female/White/Feather,3,JordanLynnWelch,TeamLloydIrvin
New York Spring International Open IBJJF Jiu-Jitsu Championship 2018,Adult/Female/White/Feather,3,TamiresdeOliveiraSodré,Alliance
New York Spring International Open IBJJF Jiu-Jitsu Championship 2018,Adult/Female/White/Light,1,TaylorHeatherFindlay,BodyofFour
New York Spring International Open IBJJF Jiu-Jitsu Championship 2018,Adult/Female/White/Light,2,JacquelineGiuliano,RibeiroJiu,Jitsu
New York Spring International Open IBJJF Jiu-Jitsu Championship 2018,Adult/Female/White/Light,3,DaelenMusat,Balance
New York Spring International Open IBJJF Jiu-Jitsu Championship 2018,Adult/Female/White/Middle,1,GloriaGerena,SoulFightersBJJ
New York Spring International Open IBJJF Jiu-Jitsu Championship 2018,Adult/Female/White/Middle,2,LisetteTatianaGalvan,AresBJJ
New York Spring International Open IBJJF Jiu-Jitsu Championship 2018,Adult/Female/White/Middle,3,StevieAngelino,Balance
New York Spring International Open IBJJF Jiu-Jitsu Championship 2018,Adult/Female/White/Middle,3,TaisleyIsaac,OpenMatMixedMartialArts
New York Spring International Open IBJJF Jiu-Jitsu Championship 2018,Adult/Female/White/Medium-Heavy,1,MaryCaldwell,RenzoGracieAcademy
New York Spring International Open IBJJF Jiu-Jitsu Championship 2018,Adult/Female/White/Medium-Heavy,2,AliciaVargo,PentagonMixedMartialArts
New York Spring International Open IBJJF Jiu-Jitsu Championship 2018,Adult/Female/White/Medium-Heavy,3,AlisonKidd,CheckMat
New York Spring International Open IBJJF Jiu-Jitsu Championship 2018,Adult/Female/White/Medium-Heavy,3,SamanthaBevacqua,TeamJucãoUSA
New York Spring International Open IBJJF Jiu-Jitsu Championship 2018,Adult/Female/White/Super-Heavy,1,TracyNanaQuoikapor,TACTeamBJJ
New York Spring International Open IBJJF Jiu-Jitsu Championship 2018,Adult/Female/White/Super-Heavy,2,AmandaJeanneLalonde,Balance
New York Spring International Open IBJJF Jiu-Jitsu Championship 2018,Adult/Female/White/Super-Heavy,3,NaomiNGreene,LotusClubUSA
New York Spring International Open IBJJF Jiu-Jitsu Championship 2018,Adult/Female/White/Super-Heavy,3,TiffanyChristineGaray,LotusClubUSA
New York Spring International Open IBJJF Jiu-Jitsu Championship 2018,Adult/Female/Blue/Rooster,1,GabrielleKariEtzel,TheHiveMartialArtsAcademy
New York Spring International Open IBJJF Jiu-Jitsu Championship 2018,Adult/Female/Blue/Rooster,2,SophiaRoseMagana,SoulFightersBJJ
New York Spring International Open IBJJF Jiu-Jitsu Championship 2018,Adult/Female/Blue/Rooster,3,FatimaGabrielaAmaya,CarlsonGracieTeam
New York Spring International Open IBJJF Jiu-Jitsu Championship 2018,Adult/Female/Blue/Light-Feather,1,FionaKo,AtosJiu,Jitsu
New York Spring International Open IBJJF Jiu-Jitsu Championship 2018,Adult/Female/Blue/Light-Feather,2,JeanieChan,UnityJiu,jitsu
New York Spring International Open IBJJF Jiu-Jitsu Championship 2018,Adult/Female/Blue/Light-Feather,3,CarolinaArguello,CheckMat
New York Spring International Open IBJJF Jiu-Jitsu Championship 2018,Adult/Female/Blue/Light-Feather,3,DanielaOsio,RenzoGracieAcademy
New York Spring International Open IBJJF Jiu-Jitsu Championship 2018,Adult/Female/Blue/Feather,1,EveLeblanc,bouchard,SampaBJJInternational
New York Spring International Open IBJJF Jiu-Jitsu Championship 2018,Adult/Female/Blue/Feather,2,NicoleMaier,DavidJacobsJiu,JitsuTeam
New York Spring International Open IBJJF Jiu-Jitsu Championship 2018,Adult/Female/Blue/Feather,3,ChristineKBriggs,Balance
New York Spring International Open IBJJF Jiu-Jitsu Championship 2018,Adult/Female/Blue/Feather,3,MarleeHirson,TorontoBJJ
New York Spring International Open IBJJF Jiu-Jitsu Championship 2018,Adult/Female/Blue/Light,1,JanineLillianMutton,ActionandReactionMixedMartialArts
New York Spring International Open IBJJF Jiu-Jitsu Championship 2018,Adult/Female/Blue/Light,2,EmilyPakulski,UnityJiu,jitsu
New York Spring International Open IBJJF Jiu-Jitsu Championship 2018,Adult/Female/Blue/Light,3,EkaterinaPotapova,KiotoBJJNYC
New York Spring International Open IBJJF Jiu-Jitsu Championship 2018,Adult/Female/Blue/Light,3,TinaMason,AtosJiu,Jitsu
New York Spring International Open IBJJF Jiu-Jitsu Championship 2018,Adult/Female/Blue/Middle,1,MaiaAlexisRolland,TeamLloydIrvin
New York Spring International Open IBJJF Jiu-Jitsu Championship 2018,Adult/Female/Blue/Middle,2,GabriellaMarieBushaw,AtosJiu,Jitsu
New York Spring International Open IBJJF Jiu-Jitsu Championship 2018,Adult/Female/Blue/Middle,3,BrunaSartoriNesi,GracieBarra
New York Spring International Open IBJJF Jiu-Jitsu Championship 2018,Adult/Female/Blue/Middle,3,ColleenHarner,TACTeamBJJ
New York Spring International Open IBJJF Jiu-Jitsu Championship 2018,Adult/Female/Blue/Medium-Heavy,1,AshleaAustin,TheMMAAcademyLiverpool
New York Spring International Open IBJJF Jiu-Jitsu Championship 2018,Adult/Female/Blue/Medium-Heavy,2,ErinMOrange,QuintellaMartialArtsLLC
New York Spring International Open IBJJF Jiu-Jitsu Championship 2018,Adult/Female/Blue/Medium-Heavy,3,LeahMays,TeamLloydIrvin
New York Spring International Open IBJJF Jiu-Jitsu Championship 2018,Adult/Female/Blue/Medium-Heavy,3,MaryAnnMarsala,TorontoBJJ
New York Spring International Open IBJJF Jiu-Jitsu Championship 2018,Adult/Female/Blue/Heavy,1,MichelleGarzon,CheckMat
New York Spring International Open IBJJF Jiu-Jitsu Championship 2018,Adult/Female/Blue/Heavy,2,LydiaColeman,Alliance
New York Spring International Open IBJJF Jiu-Jitsu Championship 2018,Adult/Female/Blue/Heavy,3,AnjaKovacevic,TorontoBJJ
New York Spring International Open IBJJF Jiu-Jitsu Championship 2018,Adult/Female/Blue/Heavy,3,KaylaDehm,TeamLloydIrvin
New York Spring International Open IBJJF Jiu-Jitsu Championship 2018,Adult/Female/Blue/Super-Heavy,1,OliviaObodoagha,TeamLloydIrvin
New York Spring International Open IBJJF Jiu-Jitsu Championship 2018,Adult/Female/Blue/Super-Heavy,2,KhadijahPeek,SpaCityJiuJitsu
New York Spring International Open IBJJF Jiu-Jitsu Championship 2018,Adult/Female/Blue/Super-Heavy,3,AlisonSumprer,AtosJiu,Jitsu
New York Spring International Open IBJJF Jiu-Jitsu Championship 2018,Adult/Female/Blue/Super-Heavy,3,AndreaRoseTuttle,LuizFilhoAcademy
New York Spring International Open IBJJF Jiu-Jitsu Championship 2018,Adult/Female/Blue/Enum_WeightDivision_OpenClass_Label,1,EmilyPakulski,UnityJiu,jitsu
New York Spring International Open IBJJF Jiu-Jitsu Championship 2018,Adult/Female/Blue/Enum_WeightDivision_OpenClass_Label,2,LydiaColeman,Alliance
New York Spring International Open IBJJF Jiu-Jitsu Championship 2018,Adult/Female/Blue/Enum_WeightDivision_OpenClass_Label,3,MaiaAlexisRolland,TeamLloydIrvin
New York Spring International Open IBJJF Jiu-Jitsu Championship 2018,Adult/Female/Blue/Enum_WeightDivision_OpenClass_Label,3,OliviaObodoagha,TeamLloydIrvin
New York Spring International Open IBJJF Jiu-Jitsu Championship 2018,Adult/Female/Purple/Rooster,1,FayeCherrier,KnuckleUp
New York Spring International Open IBJJF Jiu-Jitsu Championship 2018,Adult/Female/Purple/Rooster,2,YesenyaYaelVillafuerte,LotusClubUSA
New York Spring International Open IBJJF Jiu-Jitsu Championship 2018,Adult/Female/Purple/Light-Feather,1,VickyHoang,TorontoBJJ
New York Spring International Open IBJJF Jiu-Jitsu Championship 2018,Adult/Female/Purple/Light-Feather,2,FayeFarrales,RenzoGracieAcademy
New York Spring International Open IBJJF Jiu-Jitsu Championship 2018,Adult/Female/Purple/Light-Feather,3,CrystalGaxiola,AtosJiu,Jitsu
New York Spring International Open IBJJF Jiu-Jitsu Championship 2018,Adult/Female/Purple/Light-Feather,3,NoraTichaLevy,Forsythe,Fifty/50Jiu,Jitsu
New York Spring International Open IBJJF Jiu-Jitsu Championship 2018,Adult/Female/Purple/Feather,1,AlexisAndrade,GuerrillaJiuJitsu
New York Spring International Open IBJJF Jiu-Jitsu Championship 2018,Adult/Female/Purple/Feather,2,AnjaBergo,FrontlineAcademy
New York Spring International Open IBJJF Jiu-Jitsu Championship 2018,Adult/Female/Purple/Feather,3,ElizabethN.Cornejo,VamosBrazilianJiuJitsu
New York Spring International Open IBJJF Jiu-Jitsu Championship 2018,Adult/Female/Purple/Feather,3,NatalieKonieczny,RibeiroJiu,Jitsu
New York Spring International Open IBJJF Jiu-Jitsu Championship 2018,Adult/Female/Purple/Light,1,MeaganCurran,TorontoBJJ
New York Spring International Open IBJJF Jiu-Jitsu Championship 2018,Adult/Female/Purple/Light,2,GursharnGill,TorontoBJJ
New York Spring International Open IBJJF Jiu-Jitsu Championship 2018,Adult/Female/Purple/Light,3,CaitlinMcmanus,SavareseBrazilianJiu,JitsuAcademy
New York Spring International Open IBJJF Jiu-Jitsu Championship 2018,Adult/Female/Purple/Light,3,MargauxGenoff,UnityJiu,jitsu
New York Spring International Open IBJJF Jiu-Jitsu Championship 2018,Adult/Female/Purple/Middle,1,KylieJ.BakerVillicano,TRUJITSU/Bakersfield
New York Spring International Open IBJJF Jiu-Jitsu Championship 2018,Adult/Female/Purple/Middle,2,MichelleLeighTemel,Alliance
New York Spring International Open IBJJF Jiu-Jitsu Championship 2018,Adult/Female/Purple/Middle,3,KathleenPangilinan,SocaBJJ
New York Spring International Open IBJJF Jiu-Jitsu Championship 2018,Adult/Female/Purple/Medium-Heavy,1,ElizabethMohammed,SerraBJJAcademy
New York Spring International Open IBJJF Jiu-Jitsu Championship 2018,Adult/Female/Purple/Medium-Heavy,2,KatrinaPhillips,MonsterBrazilianJiuJitsuandMMA
New York Spring International Open IBJJF Jiu-Jitsu Championship 2018,Adult/Female/Purple/Super-Heavy,1,AlexandraBrynnColeman,BJJGlobetrottersUSA
New York Spring International Open IBJJF Jiu-Jitsu Championship 2018,Adult/Female/Purple/Enum_WeightDivision_OpenClass_Label,1,AlexandraBrynnColeman,BJJGlobetrottersUSA
New York Spring International Open IBJJF Jiu-Jitsu Championship 2018,Adult/Female/Purple/Enum_WeightDivision_OpenClass_Label,2,ElizabethMohammed,SerraBJJAcademy
New York Spring International Open IBJJF Jiu-Jitsu Championship 2018,Adult/Female/Purple/Enum_WeightDivision_OpenClass_Label,3,KatrinaPhillips,MonsterBrazilianJiuJitsuandMMA
New York Spring International Open IBJJF Jiu-Jitsu Championship 2018,Adult/Female/Purple/Enum_WeightDivision_OpenClass_Label,3,MeaganCurran,TorontoBJJ
New York Spring International Open IBJJF Jiu-Jitsu Championship 2018,Adult/Female/Brown/Light,1,NicoleSullivan,AtosJiu,Jitsu
New York Spring International Open IBJJF Jiu-Jitsu Championship 2018,Adult/Female/Brown/Light,2,SarahBlock,RibeiroJiu,Jitsu
New York Spring International Open IBJJF Jiu-Jitsu Championship 2018,Adult/Female/Brown/Light,3,NataliyaPilipenko,Alliance
New York Spring International Open IBJJF Jiu-Jitsu Championship 2018,Adult/Female/Brown/Light,3,SvenjaJuffernbruch,SoulFightersBJJ
New York Spring International Open IBJJF Jiu-Jitsu Championship 2018,Adult/Female/Brown/Middle,1,VannessaNancyGriffin,TeamLloydIrvin
New York Spring International Open IBJJF Jiu-Jitsu Championship 2018,Adult/Female/Brown/Middle,2,JessicaConstanceSwanson,SoulFightersBJJ
New York Spring International Open IBJJF Jiu-Jitsu Championship 2018,Adult/Female/Brown/Middle,3,AndreaMartyn,Jiu,JitsuForLifeTeam
New York Spring International Open IBJJF Jiu-Jitsu Championship 2018,Adult/Female/Brown/Middle,3,YanelisaReyes,Jiu,JitsuForThePeople,SheridanBJJ
New York Spring International Open IBJJF Jiu-Jitsu Championship 2018,Adult/Female/Brown/Medium-Heavy,1,VedhaClementeToscano,CheckMat
New York Spring International Open IBJJF Jiu-Jitsu Championship 2018,Adult/Female/Brown/Medium-Heavy,2,BridgetMceliece,RenzoGracieAcademy
New York Spring International Open IBJJF Jiu-Jitsu Championship 2018,Adult/Female/Brown/Medium-Heavy,3,JulianaRemigioFontoura,FenixBJJLowell
New York Spring International Open IBJJF Jiu-Jitsu Championship 2018,Adult/Female/Brown/Enum_WeightDivision_OpenClass_Label,1,JessicaConstanceSwanson,SoulFightersBJJ
New York Spring International Open IBJJF Jiu-Jitsu Championship 2018,Adult/Female/Brown/Enum_WeightDivision_OpenClass_Label,2,NicoleSullivan,AtosJiu,Jitsu
New York Spring International Open IBJJF Jiu-Jitsu Championship 2018,Adult/Female/Brown/Enum_WeightDivision_OpenClass_Label,3,JulianaRemigioFontoura,FenixBJJLowell
New York Spring International Open IBJJF Jiu-Jitsu Championship 2018,Adult/Female/Black/Light-Feather,1,MelissaBiscardi,Jiu,JitsuForLifeTeam
New York Spring International Open IBJJF Jiu-Jitsu Championship 2018,Adult/Female/Black/Light-Feather,2,FionaM.Watson,FightClub
New York Spring International Open IBJJF Jiu-Jitsu Championship 2018,Adult/Female/Black/Middle,1,AmandaElouiseAlequin,MarcioCruzBrazilianJiu,Jitsu
New York Spring International Open IBJJF Jiu-Jitsu Championship 2018,Adult/Female/Black/Middle,2,NatashaAileenQuiza,FightSports
New York Spring International Open IBJJF Jiu-Jitsu Championship 2018,Adult/Female/Black/Heavy,1,ClaudiaFernandaOnofreValimDoval,DeLaRivaJJ
New York Spring International Open IBJJF Jiu-Jitsu Championship 2018,Adult/Female/Black/Super-Heavy,1,NathielyKarolineMelodeJesus,SoulFightersBJJ
New York Spring International Open IBJJF Jiu-Jitsu Championship 2018,Adult/Female/Black/Enum_WeightDivision_OpenClass_Label,1,ClaudiaFernandaOnofreValimDoval,DeLaRivaJJ
New York Spring International Open IBJJF Jiu-Jitsu Championship 2018,Adult/Female/Black/Enum_WeightDivision_OpenClass_Label,2,FionaM.Watson,FightClub
New York Spring International Open IBJJF Jiu-Jitsu Championship 2018,Adult/Female/Black/Enum_WeightDivision_OpenClass_Label,3,AmandaElouiseAlequin,MarcioCruzBrazilianJiu,Jitsu
New York Spring International Open IBJJF Jiu-Jitsu Championship 2018,Adult/Female/Black/Enum_WeightDivision_OpenClass_Label,3,MelissaBiscardi,Jiu,JitsuForLifeTeam
New York Spring International Open IBJJF Jiu-Jitsu Championship 2018,Master1/Male/White/Feather,1,RyanHoar,CheckMat
New York Spring International Open IBJJF Jiu-Jitsu Championship 2018,Master1/Male/White/Feather,2,JorgeChavez,BJJGlobetrottersUSA
New York Spring International Open IBJJF Jiu-Jitsu Championship 2018,Master1/Male/White/Feather,3,PhilCalçado,CheckMat
New York Spring International Open IBJJF Jiu-Jitsu Championship 2018,Master1/Male/White/Light,1,NicholasAllanCotham,DelMarJiu,JitsuClub
New York Spring International Open IBJJF Jiu-Jitsu Championship 2018,Master1/Male/White/Light,2,ChristopherPaulZappia,GracieBarra
New York Spring International Open IBJJF Jiu-Jitsu Championship 2018,Master1/Male/White/Light,3,JohnAshenfelder,Balance
New York Spring International Open IBJJF Jiu-Jitsu Championship 2018,Master1/Male/White/Light,3,KellenFreeman,SoulFightersBJJ
New York Spring International Open IBJJF Jiu-Jitsu Championship 2018,Master1/Male/White/Middle,1,MattLSouthworth,SoulFightersBJJ
New York Spring International Open IBJJF Jiu-Jitsu Championship 2018,Master1/Male/White/Middle,2,HarinderRana,EmersonSouzaBJJ
New York Spring International Open IBJJF Jiu-Jitsu Championship 2018,Master1/Male/White/Middle,3,DanNguyen,Workshop
New York Spring International Open IBJJF Jiu-Jitsu Championship 2018,Master1/Male/White/Middle,3,HectorDietterGundlach,PellegrinoMixedMartialArts
New York Spring International Open IBJJF Jiu-Jitsu Championship 2018,Master1/Male/White/Medium-Heavy,1,MarcosAntonioUrbaez,YamasakiAcademy/MacheteBJJ
New York Spring International Open IBJJF Jiu-Jitsu Championship 2018,Master1/Male/White/Medium-Heavy,2,BrettHoustonMeyer,BJJGlobetrottersUSA
New York Spring International Open IBJJF Jiu-Jitsu Championship 2018,Master1/Male/White/Medium-Heavy,3,DavidTu,CaioTerraAssociation
New York Spring International Open IBJJF Jiu-Jitsu Championship 2018,Master1/Male/White/Heavy,1,RobertLeeGoldinger,BjjConquest
New York Spring International Open IBJJF Jiu-Jitsu Championship 2018,Master1/Male/White/Heavy,2,AriostoMayobanexAlmonteHidalgo,YamasakiAcademy/MacheteBJJ
New York Spring International Open IBJJF Jiu-Jitsu Championship 2018,Master1/Male/White/Heavy,3,RogetAndreAouad,GFTeam
New York Spring International Open IBJJF Jiu-Jitsu Championship 2018,Master1/Male/White/Heavy,3,ZachHandler,CheckMat
New York Spring International Open IBJJF Jiu-Jitsu Championship 2018,Master1/Male/White/Super-Heavy,1,JosephSuarez,RenatoTavaresAssociation
New York Spring International Open IBJJF Jiu-Jitsu Championship 2018,Master1/Male/White/Super-Heavy,2,IanKurtz,BJJGlobetrottersUSA
New York Spring International Open IBJJF Jiu-Jitsu Championship 2018,Master1/Male/White/Super-Heavy,3,BenjaminLind,GFTeamConnecticut
New York Spring International Open IBJJF Jiu-Jitsu Championship 2018,Master1/Male/White/Ultra-Heavy,1,MartinForde,PlusOneDefenseSystems
New York Spring International Open IBJJF Jiu-Jitsu Championship 2018,Master1/Male/Blue/Light-Feather,1,ThiagoLeal,XcellJiu,JitsuAcademy
New York Spring International Open IBJJF Jiu-Jitsu Championship 2018,Master1/Male/Blue/Light-Feather,2,BayarbaatarBatchuluun,Crazy88
New York Spring International Open IBJJF Jiu-Jitsu Championship 2018,Master1/Male/Blue/Light-Feather,3,JeremyFlores,GracieBarra
New York Spring International Open IBJJF Jiu-Jitsu Championship 2018,Master1/Male/Blue/Light-Feather,3,NiccoloGarcia,RenzoGracieAcademy
New York Spring International Open IBJJF Jiu-Jitsu Championship 2018,Master1/Male/Blue/Feather,1,EricWeiss,TorontoBJJ
New York Spring International Open IBJJF Jiu-Jitsu Championship 2018,Master1/Male/Blue/Feather,2,FrankDeegan,NotoriousMixedMartialArts
New York Spring International Open IBJJF Jiu-Jitsu Championship 2018,Master1/Male/Blue/Feather,3,DavyLam,Fifty/50Jiu,Jitsu
New York Spring International Open IBJJF Jiu-Jitsu Championship 2018,Master1/Male/Blue/Feather,3,KevinSolecki,SocaBJJ
New York Spring International Open IBJJF Jiu-Jitsu Championship 2018,Master1/Male/Blue/Light,1,RoryMTobias,BuffaloUnitedMartialArts
New York Spring International Open IBJJF Jiu-Jitsu Championship 2018,Master1/Male/Blue/Light,2,AlexTiernan,GFTeamMaryland
New York Spring International Open IBJJF Jiu-Jitsu Championship 2018,Master1/Male/Blue/Light,3,ChristopherWalls,GracieHumaitaPhiladelphia
New York Spring International Open IBJJF Jiu-Jitsu Championship 2018,Master1/Male/Blue/Light,3,GeorgeAnthonyStrunk,JBMBJJAcademy
New York Spring International Open IBJJF Jiu-Jitsu Championship 2018,Master1/Male/Blue/Middle,1,ClementeAttolicoTrivulzio,VitorShaolinBJJ
New York Spring International Open IBJJF Jiu-Jitsu Championship 2018,Master1/Male/Blue/Middle,2,JonCamacho,SoulFightersBJJ
New York Spring International Open IBJJF Jiu-Jitsu Championship 2018,Master1/Male/Blue/Middle,3,AngelEspinal,MikeMoses'CompetitionTeam
New York Spring International Open IBJJF Jiu-Jitsu Championship 2018,Master1/Male/Blue/Middle,3,SamirAmaurinPortilloJr.,TACTeamBJJ
New York Spring International Open IBJJF Jiu-Jitsu Championship 2018,Master1/Male/Blue/Medium-Heavy,1,NickJosephZabbatino,EmersonSouzaBJJ
New York Spring International Open IBJJF Jiu-Jitsu Championship 2018,Master1/Male/Blue/Medium-Heavy,2,MattDeSanctis,QuintellaMartialArtsLLC
New York Spring International Open IBJJF Jiu-Jitsu Championship 2018,Master1/Male/Blue/Medium-Heavy,3,EduardSnesarev,RenzoGracieAcademy
New York Spring International Open IBJJF Jiu-Jitsu Championship 2018,Master1/Male/Blue/Heavy,1,IlyaJPanchernikov,FightSports
New York Spring International Open IBJJF Jiu-Jitsu Championship 2018,Master1/Male/Blue/Heavy,2,DarkoSretenovic,LotusClubUSA
New York Spring International Open IBJJF Jiu-Jitsu Championship 2018,Master1/Male/Blue/Heavy,3,JoshuaSmith,Balance
New York Spring International Open IBJJF Jiu-Jitsu Championship 2018,Master1/Male/Blue/Super-Heavy,1,JeffreyStandish,Balance
New York Spring International Open IBJJF Jiu-Jitsu Championship 2018,Master1/Male/Blue/Super-Heavy,2,JohnJosephFenyvesJr,RenzoGracieBrooklyn
New York Spring International Open IBJJF Jiu-Jitsu Championship 2018,Master1/Male/Blue/Ultra-Heavy,1,EddieGomez,Alliance
New York Spring International Open IBJJF Jiu-Jitsu Championship 2018,Master1/Male/Blue/Ultra-Heavy,2,LuisMartell,TeamJucãoUSA
New York Spring International Open IBJJF Jiu-Jitsu Championship 2018,Master1/Male/Blue/Ultra-Heavy,3,MichaelPrete,BJJGlobetrottersUSA
New York Spring International Open IBJJF Jiu-Jitsu Championship 2018,Master1/Male/Blue/Enum_WeightDivision_OpenClass_Label,1,ClementeAttolicoTrivulzio,VitorShaolinBJJ
New York Spring International Open IBJJF Jiu-Jitsu Championship 2018,Master1/Male/Blue/Enum_WeightDivision_OpenClass_Label,2,JeffreyStandish,Balance
New York Spring International Open IBJJF Jiu-Jitsu Championship 2018,Master1/Male/Blue/Enum_WeightDivision_OpenClass_Label,3,EricWeiss,TorontoBJJ
New York Spring International Open IBJJF Jiu-Jitsu Championship 2018,Master1/Male/Blue/Enum_WeightDivision_OpenClass_Label,3,NiccoloGarcia,RenzoGracieAcademy
New York Spring International Open IBJJF Jiu-Jitsu Championship 2018,Master1/Male/Purple/Feather,1,RanyHosny,GFTeamConnecticut
New York Spring International Open IBJJF Jiu-Jitsu Championship 2018,Master1/Male/Purple/Feather,2,AnthonyPace,VitorShaolinBJJ
New York Spring International Open IBJJF Jiu-Jitsu Championship 2018,Master1/Male/Purple/Light,1,SpencerLing,Alliance
New York Spring International Open IBJJF Jiu-Jitsu Championship 2018,Master1/Male/Purple/Light,2,BobbyFlorianCircu,Alliance
New York Spring International Open IBJJF Jiu-Jitsu Championship 2018,Master1/Male/Purple/Light,3,RaphaelRosalvosBarcellos,GracieBarra
New York Spring International Open IBJJF Jiu-Jitsu Championship 2018,Master1/Male/Purple/Light,3,RonaldBuglione,WolterBrazilianJiu,Jitsu
New York Spring International Open IBJJF Jiu-Jitsu Championship 2018,Master1/Male/Purple/Middle,1,ArwinManalac,ActionandReactionMixedMartialArts
New York Spring International Open IBJJF Jiu-Jitsu Championship 2018,Master1/Male/Purple/Middle,2,RobertGarod,Alliance
New York Spring International Open IBJJF Jiu-Jitsu Championship 2018,Master1/Male/Purple/Middle,3,EugeneBidchenco,ValkoBJJAcademy
New York Spring International Open IBJJF Jiu-Jitsu Championship 2018,Master1/Male/Purple/Middle,3,TimComer,SocaBJJ
New York Spring International Open IBJJF Jiu-Jitsu Championship 2018,Master1/Male/Purple/Medium-Heavy,1,LeandroRothierRodrigues,GFTeamMassachusetts
New York Spring International Open IBJJF Jiu-Jitsu Championship 2018,Master1/Male/Purple/Medium-Heavy,2,JohnCoxhead,QuintellaMartialArtsLLC
New York Spring International Open IBJJF Jiu-Jitsu Championship 2018,Master1/Male/Purple/Medium-Heavy,3,JamesAnderson,VitorShaolinBJJ
New York Spring International Open IBJJF Jiu-Jitsu Championship 2018,Master1/Male/Purple/Medium-Heavy,3,PetersonRodrigues,FenixBJJLowell
New York Spring International Open IBJJF Jiu-Jitsu Championship 2018,Master1/Male/Purple/Heavy,1,ChrisBell,MarcusSoaresAcademy
New York Spring International Open IBJJF Jiu-Jitsu Championship 2018,Master1/Male/Purple/Heavy,2,KevinKlein,Alliance
New York Spring International Open IBJJF Jiu-Jitsu Championship 2018,Master1/Male/Purple/Heavy,3,JoeHacken,BuffaloUnitedMartialArts
New York Spring International Open IBJJF Jiu-Jitsu Championship 2018,Master1/Male/Purple/Super-Heavy,1,PedroRamos,XcellJiu,JitsuAcademy
New York Spring International Open IBJJF Jiu-Jitsu Championship 2018,Master1/Male/Purple/Super-Heavy,2,CoreyPhelps,BETAAcademy
New York Spring International Open IBJJF Jiu-Jitsu Championship 2018,Master1/Male/Purple/Enum_WeightDivision_OpenClass_Label,1,SpencerLing,Alliance
New York Spring International Open IBJJF Jiu-Jitsu Championship 2018,Master1/Male/Purple/Enum_WeightDivision_OpenClass_Label,2,PetersonRodrigues,FenixBJJLowell
New York Spring International Open IBJJF Jiu-Jitsu Championship 2018,Master1/Male/Purple/Enum_WeightDivision_OpenClass_Label,3,ArwinManalac,ActionandReactionMixedMartialArts
New York Spring International Open IBJJF Jiu-Jitsu Championship 2018,Master1/Male/Purple/Enum_WeightDivision_OpenClass_Label,3,CoreyPhelps,BETAAcademy
New York Spring International Open IBJJF Jiu-Jitsu Championship 2018,Master1/Male/Brown/Light-Feather,1,Jamesan,ActionandReactionMixedMartialArts
New York Spring International Open IBJJF Jiu-Jitsu Championship 2018,Master1/Male/Brown/Light-Feather,2,JohnKim,ClockworkJiu,Jitsu
New York Spring International Open IBJJF Jiu-Jitsu Championship 2018,Master1/Male/Brown/Light-Feather,3,ChanghunKim,Alliance
New York Spring International Open IBJJF Jiu-Jitsu Championship 2018,Master1/Male/Brown/Feather,1,JohnsonClayTelford,BJJRevolutionTeam
New York Spring International Open IBJJF Jiu-Jitsu Championship 2018,Master1/Male/Brown/Feather,2,KevinM.Meyers,GracieHumaitaPhiladelphia
New York Spring International Open IBJJF Jiu-Jitsu Championship 2018,Master1/Male/Brown/Feather,3,ThomasWaldron,RenzoGracieAcademy
New York Spring International Open IBJJF Jiu-Jitsu Championship 2018,Master1/Male/Brown/Light,1,KevinWheeler,ActionandReactionMixedMartialArts
New York Spring International Open IBJJF Jiu-Jitsu Championship 2018,Master1/Male/Brown/Light,2,ChangHeeKim,LeonardoPeçanhaAssociation
New York Spring International Open IBJJF Jiu-Jitsu Championship 2018,Master1/Male/Brown/Middle,1,BrendanParker,GustavoMachadoBJJ
New York Spring International Open IBJJF Jiu-Jitsu Championship 2018,Master1/Male/Brown/Middle,2,AkbarU.Muhammad,GracieEliteTeam
New York Spring International Open IBJJF Jiu-Jitsu Championship 2018,Master1/Male/Brown/Middle,3,JonathanMatthewThomas,AmericanTopTeamConnecticut
New York Spring International Open IBJJF Jiu-Jitsu Championship 2018,Master1/Male/Brown/Middle,3,SargonTabbakh,GracieBarra
New York Spring International Open IBJJF Jiu-Jitsu Championship 2018,Master1/Male/Brown/Medium-Heavy,1,EliasMoralesJr.,PlusOneDefenseSystems
New York Spring International Open IBJJF Jiu-Jitsu Championship 2018,Master1/Male/Brown/Heavy,1,MichaelAnthonyJoshua,GustavoMachadoBJJ
New York Spring International Open IBJJF Jiu-Jitsu Championship 2018,Master1/Male/Brown/Heavy,2,FabioCaneladoRosarioLandulfoAlves,UnityJiu,jitsu
New York Spring International Open IBJJF Jiu-Jitsu Championship 2018,Master1/Male/Brown/Heavy,3,EzekielOkunola,RenzoGracieAcademy
New York Spring International Open IBJJF Jiu-Jitsu Championship 2018,Master1/Male/Brown/Ultra-Heavy,1,EdAbrasley,Balance
New York Spring International Open IBJJF Jiu-Jitsu Championship 2018,Master1/Male/Brown/Ultra-Heavy,2,JonathanStroup,QuintellaMartialArtsLLC
New York Spring International Open IBJJF Jiu-Jitsu Championship 2018,Master1/Male/Brown/Ultra-Heavy,3,ShaneLeamMcCarthy,Alliance
New York Spring International Open IBJJF Jiu-Jitsu Championship 2018,Master1/Male/Brown/Ultra-Heavy,3,WilliamG.DaSilva,TeamJucãoUSA
New York Spring International Open IBJJF Jiu-Jitsu Championship 2018,Master1/Male/Brown/Enum_WeightDivision_OpenClass_Label,1,MichaelAnthonyJoshua,GustavoMachadoBJJ
New York Spring International Open IBJJF Jiu-Jitsu Championship 2018,Master1/Male/Brown/Enum_WeightDivision_OpenClass_Label,2,WilliamG.DaSilva,TeamJucãoUSA
New York Spring International Open IBJJF Jiu-Jitsu Championship 2018,Master1/Male/Brown/Enum_WeightDivision_OpenClass_Label,3,EliasMoralesJr.,PlusOneDefenseSystems
New York Spring International Open IBJJF Jiu-Jitsu Championship 2018,Master1/Male/Brown/Enum_WeightDivision_OpenClass_Label,3,JonathanMatthewThomas,AmericanTopTeamConnecticut
New York Spring International Open IBJJF Jiu-Jitsu Championship 2018,Master1/Male/Black/Feather,1,JoelMBurgess,Alliance
New York Spring International Open IBJJF Jiu-Jitsu Championship 2018,Master1/Male/Black/Feather,2,OrlandoCantagessiJunior,KiotoBJJNYC
New York Spring International Open IBJJF Jiu-Jitsu Championship 2018,Master1/Male/Black/Feather,3,AlvaroTautivaJr.,VitorShaolinBJJ
New York Spring International Open IBJJF Jiu-Jitsu Championship 2018,Master1/Male/Black/Feather,3,TeuiraE.Crivello,RalphGracie
New York Spring International Open IBJJF Jiu-Jitsu Championship 2018,Master1/Male/Black/Light,1,FranciscoDanielPiresTavares,SASTeamUSA
New York Spring International Open IBJJF Jiu-Jitsu Championship 2018,Master1/Male/Black/Light,2,JohnJacobMiclot,GFTeam
New York Spring International Open IBJJF Jiu-Jitsu Championship 2018,Master1/Male/Black/Light,3,AlexLuisdeOliveira,A,ForceBrazilianJiu,Jitsu
New York Spring International Open IBJJF Jiu-Jitsu Championship 2018,Master1/Male/Black/Light,3,TomaszPiotrowski,VitorShaolinBJJ
New York Spring International Open IBJJF Jiu-Jitsu Championship 2018,Master1/Male/Black/Middle,1,FilipeBragaCosta,SoulFightersBJJ
New York Spring International Open IBJJF Jiu-Jitsu Championship 2018,Master1/Male/Black/Middle,2,LeonardoDelgadodeOliveira,SoulFightersBJJ
New York Spring International Open IBJJF Jiu-Jitsu Championship 2018,Master1/Male/Black/Middle,3,AnthonyWolter,SocaBJJ
New York Spring International Open IBJJF Jiu-Jitsu Championship 2018,Master1/Male/Black/Middle,3,BenjaminTallini,Balance
New York Spring International Open IBJJF Jiu-Jitsu Championship 2018,Master1/Male/Black/Medium-Heavy,1,RafaelMonteiroBarbosa,SoulFightersBJJ
New York Spring International Open IBJJF Jiu-Jitsu Championship 2018,Master1/Male/Black/Medium-Heavy,2,JordanSamuelLutsky,SoulFightersBJJ
New York Spring International Open IBJJF Jiu-Jitsu Championship 2018,Master1/Male/Black/Medium-Heavy,3,StephenMichaelPlyler,Balance
New York Spring International Open IBJJF Jiu-Jitsu Championship 2018,Master1/Male/Black/Medium-Heavy,3,TyeRyanMurphy,TeamLloydIrvin
New York Spring International Open IBJJF Jiu-Jitsu Championship 2018,Master1/Male/Black/Heavy,1,RodrigoTeixeiraSantos,LotusClubUSA
New York Spring International Open IBJJF Jiu-Jitsu Championship 2018,Master1/Male/Black/Heavy,2,FrederickNagle,BigBrothers
New York Spring International Open IBJJF Jiu-Jitsu Championship 2018,Master1/Male/Black/Heavy,3,OlegAlf,TACTeamBJJ
New York Spring International Open IBJJF Jiu-Jitsu Championship 2018,Master1/Male/Black/Super-Heavy,1,NicholasRaymondSanders,LeonardoPeçanhaAssociation
New York Spring International Open IBJJF Jiu-Jitsu Championship 2018,Master1/Male/Black/Super-Heavy,2,MichaelCodyMiller,SASTeamUSA
New York Spring International Open IBJJF Jiu-Jitsu Championship 2018,Master1/Male/Black/Ultra-Heavy,1,WalterJohnson,TeamJucãoUSA
New York Spring International Open IBJJF Jiu-Jitsu Championship 2018,Master1/Male/Black/Enum_WeightDivision_OpenClass_Label,1,RafaelMonteiroBarbosa,SoulFightersBJJ
New York Spring International Open IBJJF Jiu-Jitsu Championship 2018,Master1/Male/Black/Enum_WeightDivision_OpenClass_Label,2,TyeRyanMurphy,TeamLloydIrvin
New York Spring International Open IBJJF Jiu-Jitsu Championship 2018,Master1/Male/Black/Enum_WeightDivision_OpenClass_Label,3,FranciscoDanielPiresTavares,SASTeamUSA
New York Spring International Open IBJJF Jiu-Jitsu Championship 2018,Master1/Male/Black/Enum_WeightDivision_OpenClass_Label,3,LeonardoDelgadodeOliveira,SoulFightersBJJ
New York Spring International Open IBJJF Jiu-Jitsu Championship 2018,Master1/Female/Blue/Light-Feather,1,ChristyFoote,TheHiveMartialArtsAcademy
New York Spring International Open IBJJF Jiu-Jitsu Championship 2018,Master1/Female/Blue/Light-Feather,2,AngelaLeite,TonyPassosJiu,Jitsu
New York Spring International Open IBJJF Jiu-Jitsu Championship 2018,Master1/Female/Blue/Feather,1,JacquelynSarahGola,GracieHumaitaPhiladelphia
New York Spring International Open IBJJF Jiu-Jitsu Championship 2018,Master1/Female/Blue/Feather,2,MariannaZafiroudis,BodyofFour
New York Spring International Open IBJJF Jiu-Jitsu Championship 2018,Master1/Female/Blue/Feather,3,ElizabethLLavezzi,TACTeamBJJ
New York Spring International Open IBJJF Jiu-Jitsu Championship 2018,Master1/Female/Blue/Feather,3,LindenClark,AtosJiu,Jitsu
New York Spring International Open IBJJF Jiu-Jitsu Championship 2018,Master1/Female/Blue/Light,1,MonicaBarlow,TeamLloydIrvin
New York Spring International Open IBJJF Jiu-Jitsu Championship 2018,Master1/Female/Blue/Light,2,BrittanyPaige,LotusClubUSA
New York Spring International Open IBJJF Jiu-Jitsu Championship 2018,Master1/Female/Blue/Light,3,DianaMatus,PlusOneDefenseSystems
New York Spring International Open IBJJF Jiu-Jitsu Championship 2018,Master1/Female/Blue/Light,3,MaryWolter,SocaBJJ
New York Spring International Open IBJJF Jiu-Jitsu Championship 2018,Master1/Female/Blue/Middle,1,MollyBrown,GFTeamMassachusetts
New York Spring International Open IBJJF Jiu-Jitsu Championship 2018,Master1/Female/Blue/Middle,2,DannielleGilrein,DannySaveryBJJ/NewEnglandUnited
New York Spring International Open IBJJF Jiu-Jitsu Championship 2018,Master1/Female/Blue/Middle,3,AnsleyElizabethCox,Balance
New York Spring International Open IBJJF Jiu-Jitsu Championship 2018,Master1/Female/Blue/Medium-Heavy,1,TheresaD'Andrea,VitorShaolinBJJ
New York Spring International Open IBJJF Jiu-Jitsu Championship 2018,Master1/Female/Blue/Medium-Heavy,2,ChristineDavila,TeamJucãoUSA
New York Spring International Open IBJJF Jiu-Jitsu Championship 2018,Master1/Female/Blue/Heavy,1,ElizabethO'RessaVenditto,CaioTerraAssociation
New York Spring International Open IBJJF Jiu-Jitsu Championship 2018,Master1/Female/Blue/Heavy,2,MelodyJeter,CarlsonGracieTeam
New York Spring International Open IBJJF Jiu-Jitsu Championship 2018,Master1/Female/Blue/Heavy,3,MichellePepin,ZenithBJJ
New York Spring International Open IBJJF Jiu-Jitsu Championship 2018,Master1/Female/Blue/Super-Heavy,1,JoanieGaudreau,Jiu,JitsuForLifeTeam
New York Spring International Open IBJJF Jiu-Jitsu Championship 2018,Master1/Female/Blue/Super-Heavy,2,RyanEileenOutlaw,FabinRosaBrazilianJiu,Jitsu
New York Spring International Open IBJJF Jiu-Jitsu Championship 2018,Master1/Female/Blue/Super-Heavy,3,JocelynMartinez,DemianMaiaJiu,JitsuUSA
New York Spring International Open IBJJF Jiu-Jitsu Championship 2018,Master1/Female/Blue/Super-Heavy,3,SusanHughesSampson,SampsonJiu,JitsuAcademy
New York Spring International Open IBJJF Jiu-Jitsu Championship 2018,Master1/Female/Blue/Enum_WeightDivision_OpenClass_Label,1,JocelynMartinez,DemianMaiaJiu,JitsuUSA
New York Spring International Open IBJJF Jiu-Jitsu Championship 2018,Master1/Female/Blue/Enum_WeightDivision_OpenClass_Label,2,MonicaBarlow,TeamLloydIrvin
New York Spring International Open IBJJF Jiu-Jitsu Championship 2018,Master1/Female/Blue/Enum_WeightDivision_OpenClass_Label,3,DianaMatus,PlusOneDefenseSystems
New York Spring International Open IBJJF Jiu-Jitsu Championship 2018,Master1/Female/Blue/Enum_WeightDivision_OpenClass_Label,3,JacquelynSarahGola,GracieHumaitaPhiladelphia
New York Spring International Open IBJJF Jiu-Jitsu Championship 2018,Master1/Female/Purple/Light-Feather,1,ElizabethRosenshine,VitorShaolinBJJ
New York Spring International Open IBJJF Jiu-Jitsu Championship 2018,Master1/Female/Purple/Light-Feather,2,BrendaDianeDang,AresBJJ
New York Spring International Open IBJJF Jiu-Jitsu Championship 2018,Master1/Female/Purple/Light-Feather,3,SamanthaSoufrine,AmericanTopTeamConnecticut
New York Spring International Open IBJJF Jiu-Jitsu Championship 2018,Master1/Female/Purple/Feather,1,BrianneCorral,BJJCoach,Corral'sMartialArts
New York Spring International Open IBJJF Jiu-Jitsu Championship 2018,Master1/Female/Purple/Feather,2,Kim,LienKendall,VitorShaolinBJJ
New York Spring International Open IBJJF Jiu-Jitsu Championship 2018,Master1/Female/Purple/Feather,3,CarolynS.Long,SerraBJJAcademy
New York Spring International Open IBJJF Jiu-Jitsu Championship 2018,Master1/Female/Purple/Feather,3,MichelleSparacio,CarlsonGracieTeam
New York Spring International Open IBJJF Jiu-Jitsu Championship 2018,Master1/Female/Purple/Light,1,LeonaMansapit,TeamLloydIrvin
New York Spring International Open IBJJF Jiu-Jitsu Championship 2018,Master1/Female/Purple/Light,2,MaryAnderson,Workshop
New York Spring International Open IBJJF Jiu-Jitsu Championship 2018,Master1/Female/Purple/Light,3,CynthiaAnnNaranjo,LotusClubUSA
New York Spring International Open IBJJF Jiu-Jitsu Championship 2018,Master1/Female/Purple/Light,3,MelissaTanner,PresaBrazilianJiu,Jitsu
New York Spring International Open IBJJF Jiu-Jitsu Championship 2018,Master1/Female/Purple/Middle,1,KimberlyPinske,EastonBJJ
New York Spring International Open IBJJF Jiu-Jitsu Championship 2018,Master1/Female/Purple/Middle,2,LouisaBruschi,RibeiroJiu,Jitsu
New York Spring International Open IBJJF Jiu-Jitsu Championship 2018,Master1/Female/Purple/Middle,3,BonnieCooper,VitorShaolinBJJ
New York Spring International Open IBJJF Jiu-Jitsu Championship 2018,Master1/Female/Purple/Middle,3,CarleneMulhall,SoulFightersBJJ
New York Spring International Open IBJJF Jiu-Jitsu Championship 2018,Master1/Female/Purple/Super-Heavy,1,JodyMorris,SoulFightersBJJ
New York Spring International Open IBJJF Jiu-Jitsu Championship 2018,Master1/Female/Purple/Super-Heavy,2,JoyHoneycutt,BJJGlobetrottersUSA
New York Spring International Open IBJJF Jiu-Jitsu Championship 2018,Master1/Female/Purple/Enum_WeightDivision_OpenClass_Label,1,JodyMorris,SoulFightersBJJ
New York Spring International Open IBJJF Jiu-Jitsu Championship 2018,Master1/Female/Purple/Enum_WeightDivision_OpenClass_Label,2,LouisaBruschi,RibeiroJiu,Jitsu
New York Spring International Open IBJJF Jiu-Jitsu Championship 2018,Master1/Female/Purple/Enum_WeightDivision_OpenClass_Label,3,MelissaTanner,PresaBrazilianJiu,Jitsu
New York Spring International Open IBJJF Jiu-Jitsu Championship 2018,Master1/Female/Brown/Feather,1,AprilCorpuz,AmericanTopTeamConnecticut
New York Spring International Open IBJJF Jiu-Jitsu Championship 2018,Master1/Female/Brown/Feather,2,CynthiaAFink,Alliance
New York Spring International Open IBJJF Jiu-Jitsu Championship 2018,Master1/Female/Brown/Feather,3,JoanDeAgro,RenzoGracieAcademy
New York Spring International Open IBJJF Jiu-Jitsu Championship 2018,Master1/Female/Brown/Enum_WeightDivision_OpenClass_Label,1,AprilCorpuz,AmericanTopTeamConnecticut
New York Spring International Open IBJJF Jiu-Jitsu Championship 2018,Master1/Female/Black/Medium-Heavy,1,KatharineElizabethLantz,RibeiroJiu,Jitsu
New York Spring International Open IBJJF Jiu-Jitsu Championship 2018,Master1/Female/Black/Medium-Heavy,2,JenniferL.Russell,OCBJJ
New York Spring International Open IBJJF Jiu-Jitsu Championship 2018,Master2/Male/White/Light-Feather,1,MarlonDomingoVineza,TeamJucãoUSA
New York Spring International Open IBJJF Jiu-Jitsu Championship 2018,Master2/Male/White/Light-Feather,2,MikeTran,SoulFightersBJJ
New York Spring International Open IBJJF Jiu-Jitsu Championship 2018,Master2/Male/White/Light-Feather,3,OleksandrKostyuk,ZRTeamUkraine
New York Spring International Open IBJJF Jiu-Jitsu Championship 2018,Master2/Male/White/Feather,1,JaysonRivera,SocaBrazilianJiu,Jitsu
New York Spring International Open IBJJF Jiu-Jitsu Championship 2018,Master2/Male/White/Feather,2,AnthonyLee,CaioTerraAssociation
New York Spring International Open IBJJF Jiu-Jitsu Championship 2018,Master2/Male/White/Feather,3,Michael,PaulCuccia,TeamJucãoUSA
New York Spring International Open IBJJF Jiu-Jitsu Championship 2018,Master2/Male/White/Feather,3,WashingtondeCastroMilagres,KiotoBJJNYC
New York Spring International Open IBJJF Jiu-Jitsu Championship 2018,Master2/Male/White/Light,1,FrankieRivera,GracieBarra
New York Spring International Open IBJJF Jiu-Jitsu Championship 2018,Master2/Male/White/Light,2,MichaelTorres,KiotoBJJNYC
New York Spring International Open IBJJF Jiu-Jitsu Championship 2018,Master2/Male/White/Light,3,BrianBobbyChiong,VitorShaolinBJJ
New York Spring International Open IBJJF Jiu-Jitsu Championship 2018,Master2/Male/White/Light,3,GregoryLamarTaylor,Alliance
New York Spring International Open IBJJF Jiu-Jitsu Championship 2018,Master2/Male/White/Middle,1,VinceCuomo,GracieHumaitaLasVegas
New York Spring International Open IBJJF Jiu-Jitsu Championship 2018,Master2/Male/White/Medium-Heavy,1,BarryBrooks,AMBJJ,AlexMartinsBrazilianJiu,Jitsu
New York Spring International Open IBJJF Jiu-Jitsu Championship 2018,Master2/Male/White/Medium-Heavy,2,JosephMirabile,RenzoGracieNewark
New York Spring International Open IBJJF Jiu-Jitsu Championship 2018,Master2/Male/White/Medium-Heavy,3,EdwardRakler,TeamJucãoUSA
New York Spring International Open IBJJF Jiu-Jitsu Championship 2018,Master2/Male/White/Medium-Heavy,3,MahfouzAbumanneh,Balance
New York Spring International Open IBJJF Jiu-Jitsu Championship 2018,Master2/Male/White/Heavy,1,AndresLebron,RenzoGracieNewark
New York Spring International Open IBJJF Jiu-Jitsu Championship 2018,Master2/Male/White/Heavy,2,DavidTPerna,VitorShaolinBJJ
New York Spring International Open IBJJF Jiu-Jitsu Championship 2018,Master2/Male/White/Heavy,3,FelixCaba,RenzoGracieNewark
New York Spring International Open IBJJF Jiu-Jitsu Championship 2018,Master2/Male/White/Heavy,3,MarkDonoghue,SoulFightersBJJ
New York Spring International Open IBJJF Jiu-Jitsu Championship 2018,Master2/Male/White/Super-Heavy,1,MatthewMenard,Balance
New York Spring International Open IBJJF Jiu-Jitsu Championship 2018,Master2/Male/White/Super-Heavy,2,MikeDinnie,Alliance
New York Spring International Open IBJJF Jiu-Jitsu Championship 2018,Master2/Male/White/Super-Heavy,3,MarkAaronson,TACTeamBJJ
New York Spring International Open IBJJF Jiu-Jitsu Championship 2018,Master2/Male/Blue/Feather,1,PatCaruana,Alliance
New York Spring International Open IBJJF Jiu-Jitsu Championship 2018,Master2/Male/Blue/Feather,2,ChampWinchell,TeamJucãoUSA
New York Spring International Open IBJJF Jiu-Jitsu Championship 2018,Master2/Male/Blue/Feather,3,AndrewCampbell,TeamRobsonMoura
New York Spring International Open IBJJF Jiu-Jitsu Championship 2018,Master2/Male/Blue/Feather,3,MarlonSolares,CapitalMMA
New York Spring International Open IBJJF Jiu-Jitsu Championship 2018,Master2/Male/Blue/Light,1,LewisIm,AxisJiu,Jitsu
New York Spring International Open IBJJF Jiu-Jitsu Championship 2018,Master2/Male/Blue/Light,2,EricLaCour,AllianceInternational
New York Spring International Open IBJJF Jiu-Jitsu Championship 2018,Master2/Male/Blue/Light,3,MarcusFelder,AllianceInternational
New York Spring International Open IBJJF Jiu-Jitsu Championship 2018,Master2/Male/Blue/Light,3,yolee,BigBrothers
New York Spring International Open IBJJF Jiu-Jitsu Championship 2018,Master2/Male/Blue/Middle,1,JosephShapiro,VitorShaolinBJJ
New York Spring International Open IBJJF Jiu-Jitsu Championship 2018,Master2/Male/Blue/Middle,2,BrianHoppe,BJJGlobetrottersUSA
New York Spring International Open IBJJF Jiu-Jitsu Championship 2018,Master2/Male/Blue/Middle,3,JoseMorales,SoulFightersBJJ
New York Spring International Open IBJJF Jiu-Jitsu Championship 2018,Master2/Male/Blue/Middle,3,ShinyoungMa,Alliance
New York Spring International Open IBJJF Jiu-Jitsu Championship 2018,Master2/Male/Blue/Medium-Heavy,1,KenClement,ZenithBJJ,Canada
New York Spring International Open IBJJF Jiu-Jitsu Championship 2018,Master2/Male/Blue/Medium-Heavy,2,JungLee,RenzoGracieAcademy
New York Spring International Open IBJJF Jiu-Jitsu Championship 2018,Master2/Male/Blue/Medium-Heavy,3,JohnLoffredo,BrazilianTopTeam
New York Spring International Open IBJJF Jiu-Jitsu Championship 2018,Master2/Male/Blue/Heavy,1,PatrickHumphries,AtosJiu,Jitsu
New York Spring International Open IBJJF Jiu-Jitsu Championship 2018,Master2/Male/Blue/Heavy,2,AndresFernandoEsparza,CasaofJiu,Jitsu
New York Spring International Open IBJJF Jiu-Jitsu Championship 2018,Master2/Male/Blue/Heavy,3,ChristianCalle,BJJGlobetrottersUSA
New York Spring International Open IBJJF Jiu-Jitsu Championship 2018,Master2/Male/Blue/Heavy,3,EugeneB.Turonis,Alliance
New York Spring International Open IBJJF Jiu-Jitsu Championship 2018,Master2/Male/Blue/Enum_WeightDivision_OpenClass_Label,1,KenClement,ZenithBJJ,Canada
New York Spring International Open IBJJF Jiu-Jitsu Championship 2018,Master2/Male/Blue/Enum_WeightDivision_OpenClass_Label,2,JohnLoffredo,BrazilianTopTeam
New York Spring International Open IBJJF Jiu-Jitsu Championship 2018,Master2/Male/Purple/Light-Feather,1,JaimeUrribarri,Cardona'sBJJMartialArts
New York Spring International Open IBJJF Jiu-Jitsu Championship 2018,Master2/Male/Purple/Feather,1,FrancoSergiu,A,ForceBrazilianJiu,JitsuInternational
New York Spring International Open IBJJF Jiu-Jitsu Championship 2018,Master2/Male/Purple/Feather,2,EricV.Plourde,DaniloChermanBJJ
New York Spring International Open IBJJF Jiu-Jitsu Championship 2018,Master2/Male/Purple/Light,1,JonathanMiller,Alliance
New York Spring International Open IBJJF Jiu-Jitsu Championship 2018,Master2/Male/Purple/Light,2,EugeneSullivan,EmersonSouzaBJJ
New York Spring International Open IBJJF Jiu-Jitsu Championship 2018,Master2/Male/Purple/Light,3,KristopherSparks,TeamRobsonMoura
New York Spring International Open IBJJF Jiu-Jitsu Championship 2018,Master2/Male/Purple/Middle,1,AltonDeonMossJr.,SASTeamUSA
New York Spring International Open IBJJF Jiu-Jitsu Championship 2018,Master2/Male/Purple/Middle,2,WarlleyDeFreitas,BodyofFour
New York Spring International Open IBJJF Jiu-Jitsu Championship 2018,Master2/Male/Purple/Medium-Heavy,1,ChrisDube,Alliance
New York Spring International Open IBJJF Jiu-Jitsu Championship 2018,Master2/Male/Purple/Medium-Heavy,2,JasonHadjstylianos,AtosJiu,Jitsu
New York Spring International Open IBJJF Jiu-Jitsu Championship 2018,Master2/Male/Purple/Medium-Heavy,3,ClaytonBundschuh,CaioTerraAssociation
New York Spring International Open IBJJF Jiu-Jitsu Championship 2018,Master2/Male/Purple/Heavy,1,JohnWilliamEhrhardt,VitorShaolinBJJ
New York Spring International Open IBJJF Jiu-Jitsu Championship 2018,Master2/Male/Purple/Heavy,2,NolanArmpriester,TACTeamBJJ
New York Spring International Open IBJJF Jiu-Jitsu Championship 2018,Master2/Male/Purple/Super-Heavy,1,MichaelCerrone,DaniloChermanBJJ
New York Spring International Open IBJJF Jiu-Jitsu Championship 2018,Master2/Male/Purple/Super-Heavy,2,ArthurKuyumchian,KiotoBJJNYC
New York Spring International Open IBJJF Jiu-Jitsu Championship 2018,Master2/Male/Purple/Super-Heavy,3,JosefJustinDeLaVega,CarlsonGracieTeam
New York Spring International Open IBJJF Jiu-Jitsu Championship 2018,Master2/Male/Purple/Ultra-Heavy,1,ShawnChapa,Balance
New York Spring International Open IBJJF Jiu-Jitsu Championship 2018,Master2/Male/Purple/Ultra-Heavy,2,CraigBolen,TACTeamBJJ
New York Spring International Open IBJJF Jiu-Jitsu Championship 2018,Master2/Male/Purple/Enum_WeightDivision_OpenClass_Label,1,MichaelCerrone,DaniloChermanBJJ
New York Spring International Open IBJJF Jiu-Jitsu Championship 2018,Master2/Male/Purple/Enum_WeightDivision_OpenClass_Label,2,JonathanMiller,Alliance
New York Spring International Open IBJJF Jiu-Jitsu Championship 2018,Master2/Male/Purple/Enum_WeightDivision_OpenClass_Label,3,AltonDeonMossJr.,SASTeamUSA
New York Spring International Open IBJJF Jiu-Jitsu Championship 2018,Master2/Male/Purple/Enum_WeightDivision_OpenClass_Label,3,JaimeUrribarri,Cardona'sBJJMartialArts
New York Spring International Open IBJJF Jiu-Jitsu Championship 2018,Master2/Male/Brown/Feather,1,PedroMincBaumfeldAndre,GracieSportsUSA
New York Spring International Open IBJJF Jiu-Jitsu Championship 2018,Master2/Male/Brown/Feather,2,SethGreer,TeamOliveira
New York Spring International Open IBJJF Jiu-Jitsu Championship 2018,Master2/Male/Brown/Feather,3,DerekEnglish,DavidJacobsJiu,JitsuTeam
New York Spring International Open IBJJF Jiu-Jitsu Championship 2018,Master2/Male/Brown/Feather,3,RyanM.Allard,SoulFightersBJJ
New York Spring International Open IBJJF Jiu-Jitsu Championship 2018,Master2/Male/Brown/Light,1,RafaelCesardeAssis,TeamJucãoUSA
New York Spring International Open IBJJF Jiu-Jitsu Championship 2018,Master2/Male/Brown/Light,2,NoamKerner,Alliance
New York Spring International Open IBJJF Jiu-Jitsu Championship 2018,Master2/Male/Brown/Light,3,JosephSirju,RilionGracieJiu,JitsuAcademy
New York Spring International Open IBJJF Jiu-Jitsu Championship 2018,Master2/Male/Brown/Light,3,PedroAraujoPGomes,VitorShaolinBJJ
New York Spring International Open IBJJF Jiu-Jitsu Championship 2018,Master2/Male/Brown/Middle,1,OmarS.Delgado,VitorShaolinBJJ
New York Spring International Open IBJJF Jiu-Jitsu Championship 2018,Master2/Male/Brown/Middle,2,ThiagoA.Thomaz,SASTeamUSA
New York Spring International Open IBJJF Jiu-Jitsu Championship 2018,Master2/Male/Brown/Middle,3,BrianDeMuro,GracieBarra
New York Spring International Open IBJJF Jiu-Jitsu Championship 2018,Master2/Male/Brown/Middle,3,JohnJames,AtosJiu,Jitsu
New York Spring International Open IBJJF Jiu-Jitsu Championship 2018,Master2/Male/Brown/Medium-Heavy,1,RobertoRepettoCoelho,BrazilianTopTeam
New York Spring International Open IBJJF Jiu-Jitsu Championship 2018,Master2/Male/Brown/Medium-Heavy,2,EvanCantor,ClockworkJiu,Jitsu
New York Spring International Open IBJJF Jiu-Jitsu Championship 2018,Master2/Male/Brown/Medium-Heavy,3,ChristopherG.Froelich,Alliance
New York Spring International Open IBJJF Jiu-Jitsu Championship 2018,Master2/Male/Brown/Super-Heavy,1,JamesMcneely,KiotoBJJNYC
New York Spring International Open IBJJF Jiu-Jitsu Championship 2018,Master2/Male/Brown/Super-Heavy,2,DwayneAntonDepeiza,SocaBJJ
New York Spring International Open IBJJF Jiu-Jitsu Championship 2018,Master2/Male/Brown/Enum_WeightDivision_OpenClass_Label,1,ThiagoA.Thomaz,SASTeamUSA
New York Spring International Open IBJJF Jiu-Jitsu Championship 2018,Master2/Male/Brown/Enum_WeightDivision_OpenClass_Label,2,JamesMcneely,KiotoBJJNYC
New York Spring International Open IBJJF Jiu-Jitsu Championship 2018,Master2/Male/Brown/Enum_WeightDivision_OpenClass_Label,3,ChristopherG.Froelich,Alliance
New York Spring International Open IBJJF Jiu-Jitsu Championship 2018,Master2/Male/Black/Feather,1,DanielJ.Covel,Alliance
New York Spring International Open IBJJF Jiu-Jitsu Championship 2018,Master2/Male/Black/Feather,2,JonathanMarshallMorrell,Alliance
New York Spring International Open IBJJF Jiu-Jitsu Championship 2018,Master2/Male/Black/Feather,3,DiegodeAraujoSaraiva,NovaUniãoUSA
New York Spring International Open IBJJF Jiu-Jitsu Championship 2018,Master2/Male/Black/Feather,3,JuanM.Ortega,VitorShaolinBJJ
New York Spring International Open IBJJF Jiu-Jitsu Championship 2018,Master2/Male/Black/Light,1,JoaoPauloMeiraCruvinel,GFTeamConnecticut
New York Spring International Open IBJJF Jiu-Jitsu Championship 2018,Master2/Male/Black/Light,2,AndréMottaMarques,VitorShaolinBJJ
New York Spring International Open IBJJF Jiu-Jitsu Championship 2018,Master2/Male/Black/Light,3,JavierAlejandroCardozo,GFTeam
New York Spring International Open IBJJF Jiu-Jitsu Championship 2018,Master2/Male/Black/Light,3,JosephCarringtonSmith,Fifty/50Jiu,Jitsu
New York Spring International Open IBJJF Jiu-Jitsu Championship 2018,Master2/Male/Black/Middle,1,AlexMartinsdoNascimento,AMBJJ,AlexMartinsBrazilianJiu,Jitsu
New York Spring International Open IBJJF Jiu-Jitsu Championship 2018,Master2/Male/Black/Middle,2,DavidH.Escobar,TeamJucãoUSA
New York Spring International Open IBJJF Jiu-Jitsu Championship 2018,Master2/Male/Black/Middle,3,MarvinBLee,ClockworkJiu,Jitsu
New York Spring International Open IBJJF Jiu-Jitsu Championship 2018,Master2/Male/Black/Medium-Heavy,1,JorgeLuizSantiagoRodrigues,XcellJiu,JitsuAcademy
New York Spring International Open IBJJF Jiu-Jitsu Championship 2018,Master2/Male/Black/Medium-Heavy,2,RaphaelB.CarneiroFischetti,FenixBJJLowell
New York Spring International Open IBJJF Jiu-Jitsu Championship 2018,Master2/Male/Black/Medium-Heavy,3,GustavoAntonioLarrea,RenzoGracieAcademy
New York Spring International Open IBJJF Jiu-Jitsu Championship 2018,Master2/Male/Black/Medium-Heavy,3,LucianoGersondeCastroFerreira,KMRBJJKIMURA
New York Spring International Open IBJJF Jiu-Jitsu Championship 2018,Master2/Male/Black/Heavy,1,RadjiBryson,Barrett,TeamJucãoUSA
New York Spring International Open IBJJF Jiu-Jitsu Championship 2018,Master2/Male/Black/Heavy,2,MikhailKalika,CheckMat
New York Spring International Open IBJJF Jiu-Jitsu Championship 2018,Master2/Male/Black/Heavy,3,LourivalJuliodaS.Binda,ZenithBJJ,LasVegas
New York Spring International Open IBJJF Jiu-Jitsu Championship 2018,Master2/Male/Black/Heavy,3,SérgioGutierrez,LouisVintaloroJiu,Jitsu
New York Spring International Open IBJJF Jiu-Jitsu Championship 2018,Master2/Male/Black/Super-Heavy,1,KennethVernonOtienoBrown,MikeMoses'CompetitionTeam
New York Spring International Open IBJJF Jiu-Jitsu Championship 2018,Master2/Male/Black/Super-Heavy,2,CarlosEduardoPlacidoLima,TeamRandoriMartialArts
New York Spring International Open IBJJF Jiu-Jitsu Championship 2018,Master2/Male/Black/Super-Heavy,3,BrunoMenezesProtasio,CheckMat
New York Spring International Open IBJJF Jiu-Jitsu Championship 2018,Master2/Male/Black/Ultra-Heavy,1,VandersonGomesDiasdosSantos,TeamJucãoUSA
New York Spring International Open IBJJF Jiu-Jitsu Championship 2018,Master2/Male/Black/Enum_WeightDivision_OpenClass_Label,1,AlexMartinsdoNascimento,AMBJJ,AlexMartinsBrazilianJiu,Jitsu
New York Spring International Open IBJJF Jiu-Jitsu Championship 2018,Master2/Male/Black/Enum_WeightDivision_OpenClass_Label,2,DiegodeAraujoSaraiva,NovaUniãoUSA
New York Spring International Open IBJJF Jiu-Jitsu Championship 2018,Master2/Male/Black/Enum_WeightDivision_OpenClass_Label,3,RadjiBryson,Barrett,TeamJucãoUSA
New York Spring International Open IBJJF Jiu-Jitsu Championship 2018,Master2/Male/Black/Enum_WeightDivision_OpenClass_Label,3,VandersonGomesDiasdosSantos,TeamJucãoUSA
New York Spring International Open IBJJF Jiu-Jitsu Championship 2018,Master3/Male/Blue/Feather,1,JustinArguelles,TACTeamBJJ
New York Spring International Open IBJJF Jiu-Jitsu Championship 2018,Master3/Male/Blue/Feather,2,TonySimo,ClockworkJiu,Jitsu
New York Spring International Open IBJJF Jiu-Jitsu Championship 2018,Master3/Male/Blue/Feather,3,DouglasRosen,A,ForceBrazilianJiu,Jitsu
New York Spring International Open IBJJF Jiu-Jitsu Championship 2018,Master3/Male/Blue/Middle,1,BradleyDavidBruce,3rdGenerationJiu,JitsuAcademy
New York Spring International Open IBJJF Jiu-Jitsu Championship 2018,Master3/Male/Blue/Middle,2,JohnDeering,TACTeamBJJ
New York Spring International Open IBJJF Jiu-Jitsu Championship 2018,Master3/Male/Blue/Medium-Heavy,1,AnthonyVincentFalotico,FabinRosaBrazilianJiu,Jitsu
New York Spring International Open IBJJF Jiu-Jitsu Championship 2018,Master3/Male/Blue/Medium-Heavy,2,CoryVokey,BodyofFour
New York Spring International Open IBJJF Jiu-Jitsu Championship 2018,Master3/Male/Blue/Medium-Heavy,3,SameerNahal,RenzoGracieAcademy
New York Spring International Open IBJJF Jiu-Jitsu Championship 2018,Master3/Male/Blue/Heavy,1,EstefanoEIsaias,RilionGracieJiu,JitsuAcademy
New York Spring International Open IBJJF Jiu-Jitsu Championship 2018,Master3/Male/Blue/Heavy,2,MarcDrouin,SoulFightersBJJ
New York Spring International Open IBJJF Jiu-Jitsu Championship 2018,Master3/Male/Blue/Super-Heavy,1,CharlieDeeGunel,LotusClubUSA
New York Spring International Open IBJJF Jiu-Jitsu Championship 2018,Master3/Male/Blue/Super-Heavy,2,BrettFrancisHaas,Balance
New York Spring International Open IBJJF Jiu-Jitsu Championship 2018,Master3/Male/Blue/Ultra-Heavy,1,RichardCrossman,Brazil021SchoolofJiu,Jitsu
New York Spring International Open IBJJF Jiu-Jitsu Championship 2018,Master3/Male/Blue/Enum_WeightDivision_OpenClass_Label,1,CharlieDeeGunel,LotusClubUSA
New York Spring International Open IBJJF Jiu-Jitsu Championship 2018,Master3/Male/Blue/Enum_WeightDivision_OpenClass_Label,2,MarcDrouin,SoulFightersBJJ
New York Spring International Open IBJJF Jiu-Jitsu Championship 2018,Master3/Male/Blue/Enum_WeightDivision_OpenClass_Label,3,BradleyDavidBruce,3rdGenerationJiu,JitsuAcademy
New York Spring International Open IBJJF Jiu-Jitsu Championship 2018,Master3/Male/Purple/Light,1,hugolara,RilionGracieJiu,JitsuAcademy
New York Spring International Open IBJJF Jiu-Jitsu Championship 2018,Master3/Male/Purple/Light,2,DavidMayne,Balance
New York Spring International Open IBJJF Jiu-Jitsu Championship 2018,Master3/Male/Purple/Light,3,AmauryAdaoFerreiraBonfim,GFTeamMassachusetts
New York Spring International Open IBJJF Jiu-Jitsu Championship 2018,Master3/Male/Purple/Light,3,IanZaffino,WolterBrazilianJiu,Jitsu
New York Spring International Open IBJJF Jiu-Jitsu Championship 2018,Master3/Male/Purple/Middle,1,AleksandrJones,Alliance
New York Spring International Open IBJJF Jiu-Jitsu Championship 2018,Master3/Male/Purple/Middle,2,KennethShort,BadgerStyleBJJ
New York Spring International Open IBJJF Jiu-Jitsu Championship 2018,Master3/Male/Purple/Middle,3,JamesDarrow,CheckMat
New York Spring International Open IBJJF Jiu-Jitsu Championship 2018,Master3/Male/Purple/Medium-Heavy,1,JasonRSherrod,AtosJiu,Jitsu
New York Spring International Open IBJJF Jiu-Jitsu Championship 2018,Master3/Male/Purple/Medium-Heavy,2,IwanBalinge,VitorShaolinBJJ
New York Spring International Open IBJJF Jiu-Jitsu Championship 2018,Master3/Male/Purple/Medium-Heavy,3,AndrewMartin,TeamJucãoUSA
New York Spring International Open IBJJF Jiu-Jitsu Championship 2018,Master3/Male/Purple/Medium-Heavy,3,ErolMDalpiaz,SerraBJJAcademy
New York Spring International Open IBJJF Jiu-Jitsu Championship 2018,Master3/Male/Purple/Heavy,1,DanielT.Serrano,KiotoBJJ,Sayville
New York Spring International Open IBJJF Jiu-Jitsu Championship 2018,Master3/Male/Purple/Super-Heavy,1,C.D.Dietrich,KiotoBJJ
New York Spring International Open IBJJF Jiu-Jitsu Championship 2018,Master3/Male/Purple/Enum_WeightDivision_OpenClass_Label,1,C.D.Dietrich,KiotoBJJ
New York Spring International Open IBJJF Jiu-Jitsu Championship 2018,Master3/Male/Purple/Enum_WeightDivision_OpenClass_Label,2,DanielT.Serrano,KiotoBJJ,Sayville
New York Spring International Open IBJJF Jiu-Jitsu Championship 2018,Master3/Male/Purple/Enum_WeightDivision_OpenClass_Label,3,AleksandrJones,Alliance
New York Spring International Open IBJJF Jiu-Jitsu Championship 2018,Master3/Male/Purple/Enum_WeightDivision_OpenClass_Label,3,KennethShort,BadgerStyleBJJ
New York Spring International Open IBJJF Jiu-Jitsu Championship 2018,Master3/Male/Brown/Feather,1,JulianRivera,SoulFightersBJJ
New York Spring International Open IBJJF Jiu-Jitsu Championship 2018,Master3/Male/Brown/Feather,2,LuisE.Gomez,LotusClubUSA
New York Spring International Open IBJJF Jiu-Jitsu Championship 2018,Master3/Male/Brown/Feather,3,DeanMatthewBenson,TeamJucãoUSA
New York Spring International Open IBJJF Jiu-Jitsu Championship 2018,Master3/Male/Brown/Feather,3,JimZaremski,Balance
New York Spring International Open IBJJF Jiu-Jitsu Championship 2018,Master3/Male/Brown/Light,1,BrianRafat,ActionandReactionMixedMartialArts
New York Spring International Open IBJJF Jiu-Jitsu Championship 2018,Master3/Male/Brown/Light,2,JonathanJ.Key,AtosJiu,Jitsu
New York Spring International Open IBJJF Jiu-Jitsu Championship 2018,Master3/Male/Brown/Light,3,MauroCanteros,ClockworkJiu,Jitsu
New York Spring International Open IBJJF Jiu-Jitsu Championship 2018,Master3/Male/Brown/Middle,1,PerinoYann,AssociationAranha
New York Spring International Open IBJJF Jiu-Jitsu Championship 2018,Master3/Male/Brown/Middle,2,JoshuaG.Roy,Alliance
New York Spring International Open IBJJF Jiu-Jitsu Championship 2018,Master3/Male/Brown/Medium-Heavy,1,AdamBarbee,RenzoGracieNewark
New York Spring International Open IBJJF Jiu-Jitsu Championship 2018,Master3/Male/Brown/Medium-Heavy,2,MauricioRodriguez,GracieBarra
New York Spring International Open IBJJF Jiu-Jitsu Championship 2018,Master3/Male/Brown/Heavy,1,JJFilipovic,ZenithBJJ,Canada
New York Spring International Open IBJJF Jiu-Jitsu Championship 2018,Master3/Male/Brown/Super-Heavy,1,JonathanL.Terry,KiotoBJJNYC
New York Spring International Open IBJJF Jiu-Jitsu Championship 2018,Master3/Male/Brown/Super-Heavy,2,MichaelB.Zaransky,SocaBJJ
New York Spring International Open IBJJF Jiu-Jitsu Championship 2018,Master3/Male/Brown/Super-Heavy,3,FrankJosephKerner,VitorShaolinBJJ
New York Spring International Open IBJJF Jiu-Jitsu Championship 2018,Master3/Male/Brown/Ultra-Heavy,1,RyanScottBiedenkapp,RenzoGracieAcademy
New York Spring International Open IBJJF Jiu-Jitsu Championship 2018,Master3/Male/Brown/Ultra-Heavy,2,VijayanandHemanchal,ActionandReactionMixedMartialArts
New York Spring International Open IBJJF Jiu-Jitsu Championship 2018,Master3/Male/Brown/Enum_WeightDivision_OpenClass_Label,1,JonathanL.Terry,KiotoBJJNYC
New York Spring International Open IBJJF Jiu-Jitsu Championship 2018,Master3/Male/Brown/Enum_WeightDivision_OpenClass_Label,2,PerinoYann,AssociationAranha
New York Spring International Open IBJJF Jiu-Jitsu Championship 2018,Master3/Male/Brown/Enum_WeightDivision_OpenClass_Label,3,JJFilipovic,ZenithBJJ,Canada
New York Spring International Open IBJJF Jiu-Jitsu Championship 2018,Master3/Male/Brown/Enum_WeightDivision_OpenClass_Label,3,VijayanandHemanchal,ActionandReactionMixedMartialArts
New York Spring International Open IBJJF Jiu-Jitsu Championship 2018,Master3/Male/Black/Light,1,MarlondRicauterLoorVera,AtosJiu,Jitsu
New York Spring International Open IBJJF Jiu-Jitsu Championship 2018,Master3/Male/Black/Light,2,WojciechHusak,AtosJiu,Jitsu
New York Spring International Open IBJJF Jiu-Jitsu Championship 2018,Master3/Male/Black/Light,3,NealeEhrenHoerle,Alliance
New York Spring International Open IBJJF Jiu-Jitsu Championship 2018,Master3/Male/Black/Middle,1,WaltairBandeiraCordeiro,BrazilianTopTeam
New York Spring International Open IBJJF Jiu-Jitsu Championship 2018,Master3/Male/Black/Middle,2,WilsonRobertoSgai,RilionGracieJiu,JitsuAcademy
New York Spring International Open IBJJF Jiu-Jitsu Championship 2018,Master3/Male/Black/Middle,3,RafaelMoreno,BoranJiu,Jitsu
New York Spring International Open IBJJF Jiu-Jitsu Championship 2018,Master3/Male/Black/Middle,3,UiltonR.Dias,CasaofJiu,Jitsu
New York Spring International Open IBJJF Jiu-Jitsu Championship 2018,Master3/Male/Black/Medium-Heavy,1,KevinD.Landry,RenzoGracieAcademy
New York Spring International Open IBJJF Jiu-Jitsu Championship 2018,Master3/Male/Black/Heavy,1,CliffordDavidFonseca,FlaglerGracieJiu,Jitsu
New York Spring International Open IBJJF Jiu-Jitsu Championship 2018,Master3/Male/Black/Heavy,2,JosephOppedisano,CarlsonGracieTeam
New York Spring International Open IBJJF Jiu-Jitsu Championship 2018,Master3/Male/Black/Heavy,3,RobertJ.Henricksen,Alliance
New York Spring International Open IBJJF Jiu-Jitsu Championship 2018,Master3/Male/Black/Heavy,3,RoryM.Singer,SBGInternational(SBGI)
New York Spring International Open IBJJF Jiu-Jitsu Championship 2018,Master3/Male/Black/Super-Heavy,1,LukeHarris,ZenithBJJ,Canada
New York Spring International Open IBJJF Jiu-Jitsu Championship 2018,Master3/Male/Black/Ultra-Heavy,1,NelsR.Larson,TeamJucãoUSA
New York Spring International Open IBJJF Jiu-Jitsu Championship 2018,Master3/Male/Black/Enum_WeightDivision_OpenClass_Label,1,LukeHarris,ZenithBJJ,Canada
New York Spring International Open IBJJF Jiu-Jitsu Championship 2018,Master3/Male/Black/Enum_WeightDivision_OpenClass_Label,2,RoryM.Singer,SBGInternational(SBGI)
New York Spring International Open IBJJF Jiu-Jitsu Championship 2018,Master3/Male/Black/Enum_WeightDivision_OpenClass_Label,3,NelsR.Larson,TeamJucãoUSA
New York Spring International Open IBJJF Jiu-Jitsu Championship 2018,Master4/Male/Blue/Light,1,MikeHanson,AtosJiu,Jitsu
New York Spring International Open IBJJF Jiu-Jitsu Championship 2018,Master4/Male/Blue/Light,2,AndreasSumpich,TeamWingRevolution
New York Spring International Open IBJJF Jiu-Jitsu Championship 2018,Master4/Male/Blue/Light,3,DavidLangiulli,PauloRibeiroBrazilianJiuJitsuTeam
New York Spring International Open IBJJF Jiu-Jitsu Championship 2018,Master4/Male/Blue/Middle,1,IanRobertOdom,UnityJiu,jitsu
New York Spring International Open IBJJF Jiu-Jitsu Championship 2018,Master4/Male/Blue/Middle,2,StevenHunter,RenzoGracieOttawa
New York Spring International Open IBJJF Jiu-Jitsu Championship 2018,Master4/Male/Blue/Medium-Heavy,1,MarcosPitangui,BigBrothers
New York Spring International Open IBJJF Jiu-Jitsu Championship 2018,Master4/Male/Blue/Medium-Heavy,2,EduardoAracena,Alliance
New York Spring International Open IBJJF Jiu-Jitsu Championship 2018,Master4/Male/Blue/Medium-Heavy,3,KenBraun,SocaBJJ
New York Spring International Open IBJJF Jiu-Jitsu Championship 2018,Master4/Male/Blue/Heavy,1,KarimWahib,RenzoGracieAcademy
New York Spring International Open IBJJF Jiu-Jitsu Championship 2018,Master4/Male/Blue/Heavy,2,DinoRubino,VitorShaolinBJJ
New York Spring International Open IBJJF Jiu-Jitsu Championship 2018,Master4/Male/Blue/Heavy,3,JayLewis,VitorShaolinBJJ
New York Spring International Open IBJJF Jiu-Jitsu Championship 2018,Master4/Male/Blue/Super-Heavy,1,SamuelJohnson,EmersonSouzaBJJ
New York Spring International Open IBJJF Jiu-Jitsu Championship 2018,Master4/Male/Blue/Super-Heavy,2,DouglasMccaffer,Balance
New York Spring International Open IBJJF Jiu-Jitsu Championship 2018,Master4/Male/Blue/Super-Heavy,3,ChrisWharton,Hood,MnunesBJJAcademy
New York Spring International Open IBJJF Jiu-Jitsu Championship 2018,Master4/Male/Blue/Ultra-Heavy,1,ShanHarewood,GracieBarra
New York Spring International Open IBJJF Jiu-Jitsu Championship 2018,Master4/Male/Blue/Enum_WeightDivision_OpenClass_Label,1,KarimWahib,RenzoGracieAcademy
New York Spring International Open IBJJF Jiu-Jitsu Championship 2018,Master4/Male/Blue/Enum_WeightDivision_OpenClass_Label,2,StevenHunter,RenzoGracieOttawa
New York Spring International Open IBJJF Jiu-Jitsu Championship 2018,Master4/Male/Blue/Enum_WeightDivision_OpenClass_Label,3,DavidLangiulli,PauloRibeiroBrazilianJiuJitsuTeam
New York Spring International Open IBJJF Jiu-Jitsu Championship 2018,Master4/Male/Blue/Enum_WeightDivision_OpenClass_Label,3,EduardoAracena,Alliance
New York Spring International Open IBJJF Jiu-Jitsu Championship 2018,Master4/Male/Purple/Light,1,WaihungMa,AtosJiu,Jitsu
New York Spring International Open IBJJF Jiu-Jitsu Championship 2018,Master4/Male/Purple/Light,2,ChristopherLionelHardy,CheckMat
New York Spring International Open IBJJF Jiu-Jitsu Championship 2018,Master4/Male/Purple/Light,3,JohnCambronero,SerraBJJAcademy
New York Spring International Open IBJJF Jiu-Jitsu Championship 2018,Master4/Male/Purple/Middle,1,GregoryCinelli,FenixBJJLowell
New York Spring International Open IBJJF Jiu-Jitsu Championship 2018,Master4/Male/Purple/Middle,2,KurtPechinsky,PellegrinoMixedMartialArts
New York Spring International Open IBJJF Jiu-Jitsu Championship 2018,Master4/Male/Purple/Heavy,1,ChristopherShay,SoulFightersBJJ
New York Spring International Open IBJJF Jiu-Jitsu Championship 2018,Master4/Male/Purple/Heavy,2,MarkDavidHunter,RilionGracieJiu,JitsuAcademy
New York Spring International Open IBJJF Jiu-Jitsu Championship 2018,Master4/Male/Purple/Super-Heavy,1,EdwardF.SylviaIII,EmersonSouzaBJJ
New York Spring International Open IBJJF Jiu-Jitsu Championship 2018,Master4/Male/Purple/Super-Heavy,2,jocquashropshire,MikeMoses'CompetitionTeam
New York Spring International Open IBJJF Jiu-Jitsu Championship 2018,Master4/Male/Purple/Super-Heavy,3,LadislavMathis,TeamOliveira
New York Spring International Open IBJJF Jiu-Jitsu Championship 2018,Master4/Male/Purple/Ultra-Heavy,1,MonteTanner,BJJGlobetrotters
New York Spring International Open IBJJF Jiu-Jitsu Championship 2018,Master4/Male/Purple/Enum_WeightDivision_OpenClass_Label,1,ChristopherShay,SoulFightersBJJ
New York Spring International Open IBJJF Jiu-Jitsu Championship 2018,Master4/Male/Purple/Enum_WeightDivision_OpenClass_Label,2,JohnCambronero,SerraBJJAcademy
New York Spring International Open IBJJF Jiu-Jitsu Championship 2018,Master4/Male/Purple/Enum_WeightDivision_OpenClass_Label,3,MonteTanner,BJJGlobetrotters
New York Spring International Open IBJJF Jiu-Jitsu Championship 2018,Master4/Male/Brown/Ultra-Heavy,1,BobbyLentini,VitorShaolinBJJ
New York Spring International Open IBJJF Jiu-Jitsu Championship 2018,Master4/Male/Brown/Ultra-Heavy,2,VictorI.Bazzani,NewEnglandUnitedBJJ
New York Spring International Open IBJJF Jiu-Jitsu Championship 2018,Master4/Male/Black/Feather,1,JohnJVargas,SocaBJJ
New York Spring International Open IBJJF Jiu-Jitsu Championship 2018,Master4/Male/Black/Feather,2,ChadD.Smith,TeamJucãoUSA
New York Spring International Open IBJJF Jiu-Jitsu Championship 2018,Master4/Male/Black/Middle,1,RobertD.Gutierrez,EastCoastUnitedBJJ
New York Spring International Open IBJJF Jiu-Jitsu Championship 2018,Master4/Male/Black/Middle,2,FernandoLuizFZulick,ActionandReactionMixedMartialArts
New York Spring International Open IBJJF Jiu-Jitsu Championship 2018,Master4/Male/Black/Middle,3,JefferyA.Rozovics,CarlsonGracieTeam
New York Spring International Open IBJJF Jiu-Jitsu Championship 2018,Master4/Male/Black/Middle,3,WilliamFBontcueIV,VitorShaolinBJJ
New York Spring International Open IBJJF Jiu-Jitsu Championship 2018,Master4/Male/Black/Medium-Heavy,1,MichaelFalco,KiotoBJJ,Sayville
New York Spring International Open IBJJF Jiu-Jitsu Championship 2018,Master4/Male/Black/Medium-Heavy,2,KurtC.Otto,RenzoGracieCresskill
New York Spring International Open IBJJF Jiu-Jitsu Championship 2018,Master4/Male/Black/Medium-Heavy,3,RonaldManes,TritonFightCenter
New York Spring International Open IBJJF Jiu-Jitsu Championship 2018,Master4/Male/Black/Ultra-Heavy,1,LuigiEmileMondelli,AmericanTopTeamConnecticut
New York Spring International Open IBJJF Jiu-Jitsu Championship 2018,Master4/Male/Black/Ultra-Heavy,2,EgorRadzievskii,BodyofFour
New York Spring International Open IBJJF Jiu-Jitsu Championship 2018,Master4/Male/Black/Enum_WeightDivision_OpenClass_Label,1,EgorRadzievskii,BodyofFour
New York Spring International Open IBJJF Jiu-Jitsu Championship 2018,Master4/Male/Black/Enum_WeightDivision_OpenClass_Label,2,MichaelFalco,KiotoBJJ,Sayville
New York Spring International Open IBJJF Jiu-Jitsu Championship 2018,Master5/Male/Purple/Middle,1,GeorgeStamis,RenzoGracieAcademy
New York Spring International Open IBJJF Jiu-Jitsu Championship 2018,Master5/Male/Purple/Middle,2,AlexeyIskhakov,MikeMoses'CompetitionTeam
New York Spring International Open IBJJF Jiu-Jitsu Championship 2018,Master5/Male/Purple/Super-Heavy,1,peteroberc,SoulFightersBJJ
New York Spring International Open IBJJF Jiu-Jitsu Championship 2018,Master5/Male/Purple/Super-Heavy,2,JamesCHevner,FenixBJJLowell
New York Spring International Open IBJJF Jiu-Jitsu Championship 2018,Master5/Male/Purple/Enum_WeightDivision_OpenClass_Label,1,peteroberc,SoulFightersBJJ
New York Spring International Open IBJJF Jiu-Jitsu Championship 2018,Master5/Male/Purple/Enum_WeightDivision_OpenClass_Label,2,JamesCHevner,FenixBJJLowell
New York Spring International Open IBJJF Jiu-Jitsu Championship 2018,Master5/Male/Brown/Light,1,OrlandoLopez,TeamJucãoUSA
New York Spring International Open IBJJF Jiu-Jitsu Championship 2018,Master5/Male/Brown/Light,2,CarlosCuri,Alliance
New York Spring International Open IBJJF Jiu-Jitsu Championship 2018,Master5/Male/Black/Middle,1,MarceloCapoMartins,CheckMat
New York Spring International Open IBJJF Jiu-Jitsu Championship 2018,Master5/Male/Black/Heavy,1,MarioBowers,SocaBJJ
New York Spring International Open IBJJF Jiu-Jitsu Championship 2018,Master5/Male/Black/Heavy,2,BraulioCorralJr.,MarcelloCMonteiroBrazilianJiuJitsuAcademy
New York Spring International Open IBJJF Jiu-Jitsu Championship 2018,Master5/Male/Black/Heavy,3,PatrickJohnBaker,EquipeTCA
New York Spring International Open IBJJF Jiu-Jitsu Championship 2018,Master5/Male/Black/Super-Heavy,1,AilsonHenriqueBrites,TeamJucãoUSA
New York Spring International Open IBJJF Jiu-Jitsu Championship 2018,Master5/Male/Black/Super-Heavy,2,JoseAntonioTabora,TeamRobsonMoura
New York Spring International Open IBJJF Jiu-Jitsu Championship 2018,Master5/Male/Black/Enum_WeightDivision_OpenClass_Label,1,AilsonHenriqueBrites,TeamJucãoUSA
New York Spring International Open IBJJF Jiu-Jitsu Championship 2018,Master5/Male/Black/Enum_WeightDivision_OpenClass_Label,2,MarceloCapoMartins,CheckMat
New York Spring International Open IBJJF Jiu-Jitsu Championship 2018,Master6/Male/Brown/Middle,1,KenWinnik,VitorShaolinBJJ
New York Spring International Open IBJJF Jiu-Jitsu Championship 2018,Master6/Male/Brown/Middle,2,FrancescoMoscarelli,SocaBJJ
New York Spring International Open IBJJF Jiu-Jitsu Championship 2018,Master6/Male/Brown/Enum_WeightDivision_OpenClass_Label,1,KenWinnik,VitorShaolinBJJ
New York Spring International Open IBJJF Jiu-Jitsu Championship 2018,Master6/Male/Brown/Enum_WeightDivision_OpenClass_Label,2,FrancescoMoscarelli,SocaBJJ
New York Spring International Open IBJJF Jiu-Jitsu Championship 2018,Master6/Male/Black/Middle,1,StanMabry,LuizPalharesJiuJitsu
New York Spring International Open IBJJF Jiu-Jitsu Championship 2018,Master6/Male/Black/Middle,2,AlanJGatoff,TeamJucãoUSA
New York Spring International Open IBJJF Jiu-Jitsu Championship 2018,Master6/Male/Black/Medium-Heavy,1,JosephThompson,SocaBJJ
New York Spring International Open IBJJF Jiu-Jitsu Championship 2018,Master6/Male/Black/Medium-Heavy,2,LuizHenriqueLinckMiller,GetFight
New York Spring International Open IBJJF Jiu-Jitsu Championship 2018,Master6/Male/Black/Enum_WeightDivision_OpenClass_Label,1,JosephThompson,SocaBJJ
New York Spring International Open IBJJF Jiu-Jitsu Championship 2018,Master6/Male/Black/Enum_WeightDivision_OpenClass_Label,2,LuizHenriqueLinckMiller,GetFight
New York Spring International Open IBJJF Jiu-Jitsu Championship 2018,Master6/Male/Black/Enum_WeightDivision_OpenClass_Label,3,AlanJGatoff,TeamJucãoUSA
New York Spring International Open IBJJF Jiu-Jitsu Championship 2018,Master6/Male/Black/Enum_WeightDivision_OpenClass_Label,3,StanMabry,LuizPalharesJiuJitsu
New York Spring International Open IBJJF Jiu-Jitsu Championship 2018,Juvenile/Male/White/Light,1,GavinGraves,Alliance
New York Spring International Open IBJJF Jiu-Jitsu Championship 2018,Juvenile/Male/White/Light,2,BenSimone,VitorShaolinBJJ
New York Spring International Open IBJJF Jiu-Jitsu Championship 2018,Juvenile/Male/White/Light,3,AndrewSebastianFernandez,CasaofJiu,Jitsu
New York Spring International Open IBJJF Jiu-Jitsu Championship 2018,Juvenile/Male/White/Light,3,BrayanRosas,RenzoGracieAcademy
New York Spring International Open IBJJF Jiu-Jitsu Championship 2018,Juvenile/Male/White/Heavy,1,JadonFrederickTelep,LotusClubUSA
New York Spring International Open IBJJF Jiu-Jitsu Championship 2018,Juvenile/Male/White/Heavy,2,ZacharyKennethJamesBurns,ActionandReactionMixedMartialArts
New York Spring International Open IBJJF Jiu-Jitsu Championship 2018,Juvenile/Male/White/Heavy,3,ShaneLamparter,Balance
New York Spring International Open IBJJF Jiu-Jitsu Championship 2018,Juvenile/Male/Blue/Feather,1,JoaoMarceloRibeiro,RMAJiu,JitsuAcademy
New York Spring International Open IBJJF Jiu-Jitsu Championship 2018,Juvenile/Male/Blue/Feather,2,IvriFaitelson,UnityJiu,jitsu
New York Spring International Open IBJJF Jiu-Jitsu Championship 2018,Juvenile/Male/Blue/Feather,3,KevinMendez,AtosJiu,Jitsu
New York Spring International Open IBJJF Jiu-Jitsu Championship 2018,Juvenile/Male/Blue/Feather,3,KyleKievit,TheHiveMartialArtsAcademy
New York Spring International Open IBJJF Jiu-Jitsu Championship 2018,Juvenile/Male/Blue/Light,1,ElijahAmirDorsey,TeamLloydIrvin
New York Spring International Open IBJJF Jiu-Jitsu Championship 2018,Juvenile/Male/Blue/Light,2,AbdulMateenStevens,UnityJiu,jitsu
New York Spring International Open IBJJF Jiu-Jitsu Championship 2018,Juvenile/Male/Blue/Light,3,JakeAnthonyColalilo,GracieBarra
New York Spring International Open IBJJF Jiu-Jitsu Championship 2018,Juvenile/Male/Blue/Light,3,NevoYemini,VitorShaolinBJJ
New York Spring International Open IBJJF Jiu-Jitsu Championship 2018,Juvenile/Male/Blue/Ultra-Heavy,1,JohnPoznanski,VitorShaolinBJJ
New York Spring International Open IBJJF Jiu-Jitsu Championship 2018,Juvenile/Male/Blue/Ultra-Heavy,2,EmilioFrancoSandoval,AtosJiu,Jitsu
New York Spring International Open IBJJF Jiu-Jitsu Championship 2018,Juvenile/Male/Blue/Ultra-Heavy,3,JoshuaAsadKhan,TeamJucãoUSA
New York Spring International Open IBJJF Jiu-Jitsu Championship 2018,Juvenile/Male/Blue/Enum_WeightDivision_OpenClass_Label,1,ElijahAmirDorsey,TeamLloydIrvin
New York Spring International Open IBJJF Jiu-Jitsu Championship 2018,Juvenile/Male/Blue/Enum_WeightDivision_OpenClass_Label,2,AbdulMateenStevens,UnityJiu,jitsu
New York Spring International Open IBJJF Jiu-Jitsu Championship 2018,Juvenile/Male/Blue/Enum_WeightDivision_OpenClass_Label,1,EmilioFrancoSandoval,AtosJiu,Jitsu
