Rio Fall International Open IBJJF Jiu-Jitsu No-Gi 2017,Adult/Male/Blue/Rooster,1,RoiterLimaSilvaJunior,MGTEAM
Rio Fall International Open IBJJF Jiu-Jitsu No-Gi 2017,Adult/Male/Blue/Rooster,2,JohnifdeOliveiraRocha,PSLPBCiceroCostha
Rio Fall International Open IBJJF Jiu-Jitsu No-Gi 2017,Adult/Male/Blue/Rooster,3,RhuanVictorOliveiradeSouza,IconJiu,JitsuTeam,RiodeJaneiro
Rio Fall International Open IBJJF Jiu-Jitsu No-Gi 2017,Adult/Male/Blue/Rooster,3,WellisonJeffersondaSilva,NsBrotherhood
Rio Fall International Open IBJJF Jiu-Jitsu No-Gi 2017,Adult/Male/Blue/Light-Feather,1,ErmesonSousa,QuartelGeneraldaLuta
Rio Fall International Open IBJJF Jiu-Jitsu No-Gi 2017,Adult/Male/Blue/Light-Feather,2,CleisondosSantosGabriel,CaioTerraAssociationBrasil
Rio Fall International Open IBJJF Jiu-Jitsu No-Gi 2017,Adult/Male/Blue/Light-Feather,3,BrunoEduardoRamos,JFCAlmeidaJJ
Rio Fall International Open IBJJF Jiu-Jitsu No-Gi 2017,Adult/Male/Blue/Light-Feather,3,FranciscoMota,SASTeam
Rio Fall International Open IBJJF Jiu-Jitsu No-Gi 2017,Adult/Male/Blue/Feather,1,RurikRodrigues,GFTeam
Rio Fall International Open IBJJF Jiu-Jitsu No-Gi 2017,Adult/Male/Blue/Feather,2,ThierryReisFaria,GFTeam
Rio Fall International Open IBJJF Jiu-Jitsu No-Gi 2017,Adult/Male/Blue/Feather,3,JeizielMororóMarinhoCavalcante,SASTeam
Rio Fall International Open IBJJF Jiu-Jitsu No-Gi 2017,Adult/Male/Blue/Light,1,VyctorHugoCodeçoBuzatto,GameFightBJJ/Manimal
Rio Fall International Open IBJJF Jiu-Jitsu No-Gi 2017,Adult/Male/Blue/Light,2,MarcelodosSantosSilva,PSLPBCiceroCostha
Rio Fall International Open IBJJF Jiu-Jitsu No-Gi 2017,Adult/Male/Blue/Light,3,JoséLucasCostaDaSilva,GameFightBJJ/Manimal
Rio Fall International Open IBJJF Jiu-Jitsu No-Gi 2017,Adult/Male/Blue/Light,3,LucasMoreiraLorêdo,GFTeam
Rio Fall International Open IBJJF Jiu-Jitsu No-Gi 2017,Adult/Male/Blue/Middle,1,MatheusRangel,GFTeam
Rio Fall International Open IBJJF Jiu-Jitsu No-Gi 2017,Adult/Male/Blue/Middle,2,GiovanniRibeiroBrundo,Alliance
Rio Fall International Open IBJJF Jiu-Jitsu No-Gi 2017,Adult/Male/Blue/Middle,3,DanielBatistaRodrigues,014RBJJ
Rio Fall International Open IBJJF Jiu-Jitsu No-Gi 2017,Adult/Male/Blue/Middle,3,ThiagoRodriguesdosS.Finamora,SoulFightersBJJ
Rio Fall International Open IBJJF Jiu-Jitsu No-Gi 2017,Adult/Male/Blue/Medium-Heavy,1,GabrielNevesSerra,ZenithBJJ
Rio Fall International Open IBJJF Jiu-Jitsu No-Gi 2017,Adult/Male/Blue/Medium-Heavy,2,AndrédaSilvaBomfim,CheckMat
Rio Fall International Open IBJJF Jiu-Jitsu No-Gi 2017,Adult/Male/Blue/Medium-Heavy,3,BrunoRodriguesCarmodeSOuza,TeamFilhãoArraialdoCabo
Rio Fall International Open IBJJF Jiu-Jitsu No-Gi 2017,Adult/Male/Blue/Medium-Heavy,3,MateusVianaFerreiradeSiqueira,NovaUnião
Rio Fall International Open IBJJF Jiu-Jitsu No-Gi 2017,Adult/Male/Blue/Heavy,1,DaviSilvaSouza,GFTeam
Rio Fall International Open IBJJF Jiu-Jitsu No-Gi 2017,Adult/Male/Blue/Heavy,2,DanielDouglasSantAna,DemianMaiaJiu,Jitsu
Rio Fall International Open IBJJF Jiu-Jitsu No-Gi 2017,Adult/Male/Blue/Super-Heavy,1,IanRaphaelSantosPinto,MatoGrossoJiu,Jitsu
Rio Fall International Open IBJJF Jiu-Jitsu No-Gi 2017,Adult/Male/Blue/Super-Heavy,2,EdiCarlosCarvalho,CaveirinhaJiu,JitsuFamily
Rio Fall International Open IBJJF Jiu-Jitsu No-Gi 2017,Adult/Male/Blue/Super-Heavy,3,CelsoAbrantesJunior,NsBrotherhood
Rio Fall International Open IBJJF Jiu-Jitsu No-Gi 2017,Adult/Male/Blue/Ultra-Heavy,1,RaphaelHenriqueSantos,GFTeam
Rio Fall International Open IBJJF Jiu-Jitsu No-Gi 2017,Adult/Male/Blue/Enum_WeightDivision_OpenClass_Label,1,DaviSilvaSouza,GFTeam
Rio Fall International Open IBJJF Jiu-Jitsu No-Gi 2017,Adult/Male/Blue/Enum_WeightDivision_OpenClass_Label,2,RaphaelHenriqueSantos,GFTeam
Rio Fall International Open IBJJF Jiu-Jitsu No-Gi 2017,Adult/Male/Blue/Enum_WeightDivision_OpenClass_Label,3,EdiCarlosCarvalho,CaveirinhaJiu,JitsuFamily
Rio Fall International Open IBJJF Jiu-Jitsu No-Gi 2017,Adult/Male/Purple/Rooster,1,MoisesdaSilvaSouzaJr.,LEADBJJ
Rio Fall International Open IBJJF Jiu-Jitsu No-Gi 2017,Adult/Male/Purple/Light-Feather,1,YuriHendrexAssunçãoSoares,PSLPBCiceroCostha
Rio Fall International Open IBJJF Jiu-Jitsu No-Gi 2017,Adult/Male/Purple/Light-Feather,2,JoseLima,NovaUnião
Rio Fall International Open IBJJF Jiu-Jitsu No-Gi 2017,Adult/Male/Purple/Light-Feather,3,DanielJustinoAlves,GFTeam
Rio Fall International Open IBJJF Jiu-Jitsu No-Gi 2017,Adult/Male/Purple/Light-Feather,3,IagoDaSilvaDosSantos,GFTeamSergipe
Rio Fall International Open IBJJF Jiu-Jitsu No-Gi 2017,Adult/Male/Purple/Feather,1,VeninoM.RondonDeLimaJunior,GracieBarra
Rio Fall International Open IBJJF Jiu-Jitsu No-Gi 2017,Adult/Male/Purple/Feather,2,ErmilioLucasFerreiraLima,Alliance
Rio Fall International Open IBJJF Jiu-Jitsu No-Gi 2017,Adult/Male/Purple/Feather,3,UiltonCarvalho,NovaUnião
Rio Fall International Open IBJJF Jiu-Jitsu No-Gi 2017,Adult/Male/Purple/Light,1,MatheusFerreiradePaulaRochaFelippe,Alliance
Rio Fall International Open IBJJF Jiu-Jitsu No-Gi 2017,Adult/Male/Purple/Light,2,JardeldeOliveiraCosta,ZenithBJJ
Rio Fall International Open IBJJF Jiu-Jitsu No-Gi 2017,Adult/Male/Purple/Light,3,FelipeMendesBasilio,TopBrotherBrasil
Rio Fall International Open IBJJF Jiu-Jitsu No-Gi 2017,Adult/Male/Purple/Light,3,LucasDeAlmeidaBrandão,014RBJJ
Rio Fall International Open IBJJF Jiu-Jitsu No-Gi 2017,Adult/Male/Purple/Middle,1,RafaeldosAnjosTorres,Alliance
Rio Fall International Open IBJJF Jiu-Jitsu No-Gi 2017,Adult/Male/Purple/Middle,2,LucasLisboaAlves,PSLPBCiceroCostha
Rio Fall International Open IBJJF Jiu-Jitsu No-Gi 2017,Adult/Male/Purple/Middle,3,BrendoWashingtondeSouza,BarneyTeamProFight
Rio Fall International Open IBJJF Jiu-Jitsu No-Gi 2017,Adult/Male/Purple/Middle,3,MatheusdeOliveiraBatista,GFTeam
Rio Fall International Open IBJJF Jiu-Jitsu No-Gi 2017,Adult/Male/Purple/Medium-Heavy,1,PedroFillipeSerraMarinho,BrazilianTopTeam
Rio Fall International Open IBJJF Jiu-Jitsu No-Gi 2017,Adult/Male/Purple/Medium-Heavy,2,JoalissonDeivydeGomesdeLima,LuizPauloJiu,Jitsu
Rio Fall International Open IBJJF Jiu-Jitsu No-Gi 2017,Adult/Male/Purple/Medium-Heavy,3,MaxwelRodriguesdeCarvalho,AllianceSP
Rio Fall International Open IBJJF Jiu-Jitsu No-Gi 2017,Adult/Male/Purple/Heavy,1,CristianoCostadeSouza,DenisMoraisTeamD.M.T
Rio Fall International Open IBJJF Jiu-Jitsu No-Gi 2017,Adult/Male/Purple/Heavy,2,JacksonDouglasdeCarvalhoBatista,PSLPBCiceroCostha
Rio Fall International Open IBJJF Jiu-Jitsu No-Gi 2017,Adult/Male/Purple/Heavy,3,LeonardoAlvesdeSouza,AcademiaColiseu
Rio Fall International Open IBJJF Jiu-Jitsu No-Gi 2017,Adult/Male/Purple/Super-Heavy,1,GuilhermeWanderL.deAndrade,GracieBarra
Rio Fall International Open IBJJF Jiu-Jitsu No-Gi 2017,Adult/Male/Purple/Super-Heavy,2,JadsonLimaCarneiro,ZenithBJJ
Rio Fall International Open IBJJF Jiu-Jitsu No-Gi 2017,Adult/Male/Purple/Ultra-Heavy,1,MarceloAlbertoRochadaSilva,InfightJJ
Rio Fall International Open IBJJF Jiu-Jitsu No-Gi 2017,Adult/Male/Purple/Enum_WeightDivision_OpenClass_Label,1,RafaeldosAnjosTorres,Alliance
Rio Fall International Open IBJJF Jiu-Jitsu No-Gi 2017,Adult/Male/Purple/Enum_WeightDivision_OpenClass_Label,2,CristianoCostadeSouza,DenisMoraisTeamD.M.T
Rio Fall International Open IBJJF Jiu-Jitsu No-Gi 2017,Adult/Male/Purple/Enum_WeightDivision_OpenClass_Label,3,JacksonDouglasdeCarvalhoBatista,PSLPBCiceroCostha
Rio Fall International Open IBJJF Jiu-Jitsu No-Gi 2017,Adult/Male/Brown/Feather,1,AlexssandroPintoSodré,NovaUnião
Rio Fall International Open IBJJF Jiu-Jitsu No-Gi 2017,Adult/Male/Brown/Feather,2,RodrigoGortaridoCouto,AcademiaTatuapuTeam
Rio Fall International Open IBJJF Jiu-Jitsu No-Gi 2017,Adult/Male/Brown/Feather,3,LucasRamosGonçalves,GracieBarra
Rio Fall International Open IBJJF Jiu-Jitsu No-Gi 2017,Adult/Male/Brown/Light,1,YgordosSantosRodrigues,EquipeMarcioRodrigues
Rio Fall International Open IBJJF Jiu-Jitsu No-Gi 2017,Adult/Male/Brown/Light,2,OthonBrunoMirandaMendonça,GFTeam
Rio Fall International Open IBJJF Jiu-Jitsu No-Gi 2017,Adult/Male/Brown/Light,3,BrunoSILVA,InstitutoReaçãoJJ
Rio Fall International Open IBJJF Jiu-Jitsu No-Gi 2017,Adult/Male/Brown/Light,3,GialyssonAdãoSilvaFreitas,GFTeam
Rio Fall International Open IBJJF Jiu-Jitsu No-Gi 2017,Adult/Male/Brown/Middle,1,RicardoSorançodeAndradeCruz,BarneyTeamProFight
Rio Fall International Open IBJJF Jiu-Jitsu No-Gi 2017,Adult/Male/Brown/Middle,2,VitorCassianoZandona,AllianceSP
Rio Fall International Open IBJJF Jiu-Jitsu No-Gi 2017,Adult/Male/Brown/Middle,3,LucasMatiasVieira,FiveRounds
Rio Fall International Open IBJJF Jiu-Jitsu No-Gi 2017,Adult/Male/Brown/Medium-Heavy,1,AndreJoseCostaSantos,GFTeam
Rio Fall International Open IBJJF Jiu-Jitsu No-Gi 2017,Adult/Male/Brown/Medium-Heavy,2,DennisMarquesSalles,GFTeam
Rio Fall International Open IBJJF Jiu-Jitsu No-Gi 2017,Adult/Male/Brown/Heavy,1,JoãoCarlosSilvadeOliveira,NovaUnião
Rio Fall International Open IBJJF Jiu-Jitsu No-Gi 2017,Adult/Male/Brown/Heavy,2,MateusdaFonsecaLasco,Alliance
Rio Fall International Open IBJJF Jiu-Jitsu No-Gi 2017,Adult/Male/Brown/Super-Heavy,1,MarceloGomideOliveira,GracieBarra
Rio Fall International Open IBJJF Jiu-Jitsu No-Gi 2017,Adult/Male/Brown/Ultra-Heavy,1,RenanMarcelRodriguesVieira,CarecaJJ
Rio Fall International Open IBJJF Jiu-Jitsu No-Gi 2017,Adult/Male/Brown/Ultra-Heavy,2,RodolfodeJesusPrata,RilionGracieSãoBernardodoCampo
Rio Fall International Open IBJJF Jiu-Jitsu No-Gi 2017,Adult/Male/Brown/Ultra-Heavy,3,wallacyfontenele,GFTeam
Rio Fall International Open IBJJF Jiu-Jitsu No-Gi 2017,Adult/Male/Brown/Enum_WeightDivision_OpenClass_Label,1,RodolfodeJesusPrata,RilionGracieSãoBernardodoCampo
Rio Fall International Open IBJJF Jiu-Jitsu No-Gi 2017,Adult/Male/Brown/Enum_WeightDivision_OpenClass_Label,2,JoãoCarlosSilvadeOliveira,NovaUnião
Rio Fall International Open IBJJF Jiu-Jitsu No-Gi 2017,Adult/Male/Brown/Enum_WeightDivision_OpenClass_Label,3,LucasMatiasVieira,FiveRounds
Rio Fall International Open IBJJF Jiu-Jitsu No-Gi 2017,Adult/Male/Brown/Enum_WeightDivision_OpenClass_Label,3,RenanMarcelRodriguesVieira,CarecaJJ
Rio Fall International Open IBJJF Jiu-Jitsu No-Gi 2017,Adult/Male/Black/Light-Feather,1,JorgeLuizNakamura,GFTeam
Rio Fall International Open IBJJF Jiu-Jitsu No-Gi 2017,Adult/Male/Black/Light-Feather,2,EltonJohnAlvesDourado,GFTeamRecreio
Rio Fall International Open IBJJF Jiu-Jitsu No-Gi 2017,Adult/Male/Black/Feather,1,MatheusNicolauPereira,RodrigoFreitasBrazilianJiu,Jitsu
Rio Fall International Open IBJJF Jiu-Jitsu No-Gi 2017,Adult/Male/Black/Feather,2,EduardoYezeguiellianBotega,ZenithBJJ
Rio Fall International Open IBJJF Jiu-Jitsu No-Gi 2017,Adult/Male/Black/Feather,3,MarcioLivioAndradeAbraçado,BTT
Rio Fall International Open IBJJF Jiu-Jitsu No-Gi 2017,Adult/Male/Black/Light,1,WagnerNunesdeSousa,Alliance
Rio Fall International Open IBJJF Jiu-Jitsu No-Gi 2017,Adult/Male/Black/Light,2,AryGomesMarcelo,RibeiroJiu,Jitsu
Rio Fall International Open IBJJF Jiu-Jitsu No-Gi 2017,Adult/Male/Black/Light,3,JorgeFurtadoCorreaJunior,FrankikoTeam
Rio Fall International Open IBJJF Jiu-Jitsu No-Gi 2017,Adult/Male/Black/Light,3,PauloAndreBichoLobato,OmarSalumJiu,Jitsu
Rio Fall International Open IBJJF Jiu-Jitsu No-Gi 2017,Adult/Male/Black/Middle,1,CaioGregorioCipriano,GracieBarra
Rio Fall International Open IBJJF Jiu-Jitsu No-Gi 2017,Adult/Male/Black/Middle,2,JoséCarlosDias,NovaUnião
Rio Fall International Open IBJJF Jiu-Jitsu No-Gi 2017,Adult/Male/Black/Middle,3,AndréLuizCantanhededeAlmeida,LucianoMendes
Rio Fall International Open IBJJF Jiu-Jitsu No-Gi 2017,Adult/Male/Black/Medium-Heavy,1,DanilodeSousaLemos,CentroEducacionaldeJiu,JitsudeAraxá
Rio Fall International Open IBJJF Jiu-Jitsu No-Gi 2017,Adult/Male/Black/Medium-Heavy,2,ViniciusGimenesdaSilvaFerreira,NovaUnião
Rio Fall International Open IBJJF Jiu-Jitsu No-Gi 2017,Adult/Male/Black/Medium-Heavy,3,RodrigoCoutodeSouza,BodyLimits
Rio Fall International Open IBJJF Jiu-Jitsu No-Gi 2017,Adult/Male/Black/Heavy,1,MarcusViníciusMoraesdosSantos,GFTeam
Rio Fall International Open IBJJF Jiu-Jitsu No-Gi 2017,Adult/Male/Black/Heavy,2,AndreLuizDanielSantos,GFTeam
Rio Fall International Open IBJJF Jiu-Jitsu No-Gi 2017,Adult/Male/Black/Heavy,3,HebertPenidodasDoresJunior,GracieBarra
Rio Fall International Open IBJJF Jiu-Jitsu No-Gi 2017,Adult/Male/Black/Super-Heavy,1,MarcosAurélioGoulartAlvesJunior,GFTeam
Rio Fall International Open IBJJF Jiu-Jitsu No-Gi 2017,Adult/Male/Black/Ultra-Heavy,1,ErberthSantosdeMesquita,JFCAlmeidaJJ
Rio Fall International Open IBJJF Jiu-Jitsu No-Gi 2017,Adult/Male/Black/Ultra-Heavy,2,ViniciusdeBarros,GracieBarra
Rio Fall International Open IBJJF Jiu-Jitsu No-Gi 2017,Adult/Male/Black/Enum_WeightDivision_OpenClass_Label,1,ErberthSantosdeMesquita,JFCAlmeidaJJ
Rio Fall International Open IBJJF Jiu-Jitsu No-Gi 2017,Adult/Male/Black/Enum_WeightDivision_OpenClass_Label,2,MarcosAurélioGoulartAlvesJunior,GFTeam
Rio Fall International Open IBJJF Jiu-Jitsu No-Gi 2017,Adult/Female/Blue/Feather,1,LetíciaWambier,StrikerJJ
Rio Fall International Open IBJJF Jiu-Jitsu No-Gi 2017,Adult/Female/Blue/Light,1,NayaraArnaultMaiaCorreia,GracieBarra
Rio Fall International Open IBJJF Jiu-Jitsu No-Gi 2017,Adult/Female/Blue/Light,2,BárbaraPires,CheckMat
Rio Fall International Open IBJJF Jiu-Jitsu No-Gi 2017,Adult/Female/Blue/Light,3,IngridMarinhoGomesdaSilva,GFTeam
Rio Fall International Open IBJJF Jiu-Jitsu No-Gi 2017,Adult/Female/Blue/Light,3,RenataGuedes,MatoGrossoJiu,Jitsu
Rio Fall International Open IBJJF Jiu-Jitsu No-Gi 2017,Adult/Female/Blue/Middle,1,LúciaPradoMoreiraCavalli,NsBrotherhood
Rio Fall International Open IBJJF Jiu-Jitsu No-Gi 2017,Adult/Female/Blue/Middle,2,MaiaraMacarioGomes,ViníciusPrudêncioBJJ
Rio Fall International Open IBJJF Jiu-Jitsu No-Gi 2017,Adult/Female/Blue/Middle,3,NathaliaSiquaradaSilvaKagami,NovaUnião
Rio Fall International Open IBJJF Jiu-Jitsu No-Gi 2017,Adult/Female/Blue/Medium-Heavy,1,JéssikaBartoliAlmeida,CheckMat,Equipe1
Rio Fall International Open IBJJF Jiu-Jitsu No-Gi 2017,Adult/Female/Blue/Medium-Heavy,2,EstelinaMarianaFernandesChamoschine,NovaUnião
Rio Fall International Open IBJJF Jiu-Jitsu No-Gi 2017,Adult/Female/Blue/Medium-Heavy,3,JordanaLiriodeAmorim,ViníciusPrudêncioBJJ
Rio Fall International Open IBJJF Jiu-Jitsu No-Gi 2017,Adult/Female/Blue/Super-Heavy,1,MariaVictoriaBarbosaDeSantiago,NovaUnião
Rio Fall International Open IBJJF Jiu-Jitsu No-Gi 2017,Adult/Female/Blue/Super-Heavy,2,BrunadeNazareCarolinaBraga,Alliance
Rio Fall International Open IBJJF Jiu-Jitsu No-Gi 2017,Adult/Female/Blue/Super-Heavy,3,AlanaFernandesdaR.Silva,GFTeam
Rio Fall International Open IBJJF Jiu-Jitsu No-Gi 2017,Adult/Female/Blue/Enum_WeightDivision_OpenClass_Label,1,MariaVictoriaBarbosaDeSantiago,NovaUnião
Rio Fall International Open IBJJF Jiu-Jitsu No-Gi 2017,Adult/Female/Blue/Enum_WeightDivision_OpenClass_Label,2,JéssikaBartoliAlmeida,CheckMat,Equipe1
Rio Fall International Open IBJJF Jiu-Jitsu No-Gi 2017,Adult/Female/Blue/Enum_WeightDivision_OpenClass_Label,3,AlanaFernandesdaR.Silva,GFTeam
Rio Fall International Open IBJJF Jiu-Jitsu No-Gi 2017,Adult/Female/Blue/Enum_WeightDivision_OpenClass_Label,3,EstelinaMarianaFernandesChamoschine,NovaUnião
Rio Fall International Open IBJJF Jiu-Jitsu No-Gi 2017,Adult/Female/Purple/Light-Feather,1,JessicaCarolineCoelhoDantas,CaioTerraAssociationBrasil
Rio Fall International Open IBJJF Jiu-Jitsu No-Gi 2017,Adult/Female/Purple/Light-Feather,2,AndrezaCostaMoraesdeSousa,AresBJJBrasil
Rio Fall International Open IBJJF Jiu-Jitsu No-Gi 2017,Adult/Female/Purple/Light,1,GabrielaMeirelesFechter,CheckMat
Rio Fall International Open IBJJF Jiu-Jitsu No-Gi 2017,Adult/Female/Purple/Light,2,LaraGabriellaSilvaParra,RyanGracieTeamB
Rio Fall International Open IBJJF Jiu-Jitsu No-Gi 2017,Adult/Female/Purple/Middle,1,GessicaRodriguesFongNien,CheckMat
Rio Fall International Open IBJJF Jiu-Jitsu No-Gi 2017,Adult/Female/Purple/Enum_WeightDivision_OpenClass_Label,1,GabrielaMeirelesFechter,CheckMat
Rio Fall International Open IBJJF Jiu-Jitsu No-Gi 2017,Adult/Female/Purple/Enum_WeightDivision_OpenClass_Label,2,GessicaRodriguesFongNien,CheckMat
Rio Fall International Open IBJJF Jiu-Jitsu No-Gi 2017,Adult/Female/Purple/Enum_WeightDivision_OpenClass_Label,3,JessicaCarolineCoelhoDantas,CaioTerraAssociationBrasil
Rio Fall International Open IBJJF Jiu-Jitsu No-Gi 2017,Adult/Female/Purple/Enum_WeightDivision_OpenClass_Label,3,LaraGabriellaSilvaParra,RyanGracieTeamB
Rio Fall International Open IBJJF Jiu-Jitsu No-Gi 2017,Adult/Female/Brown/Medium-Heavy,1,PamelaBoveda,NovaUnião
Rio Fall International Open IBJJF Jiu-Jitsu No-Gi 2017,Adult/Female/Brown/Medium-Heavy,2,JoyceAmanajasCardoso,BlackNorteJiu,Jitsu
Rio Fall International Open IBJJF Jiu-Jitsu No-Gi 2017,Adult/Female/Black/Super-Heavy,1,TalitaAndreaNogueira,NsBrotherhood
Rio Fall International Open IBJJF Jiu-Jitsu No-Gi 2017,Adult/Female/Black/Super-Heavy,2,KarlaHipolitodeAlbuquerque,TopBrother
Rio Fall International Open IBJJF Jiu-Jitsu No-Gi 2017,Adult/Female/Black/Super-Heavy,3,CarladeSouzaCarvalho,GracieBarra
Rio Fall International Open IBJJF Jiu-Jitsu No-Gi 2017,Adult/Female/Black/Super-Heavy,3,FlorenciaVeronicaDiezBayer,NovaUnião
Rio Fall International Open IBJJF Jiu-Jitsu No-Gi 2017,Adult/Female/Black/Enum_WeightDivision_OpenClass_Label,1,TalitaAndreaNogueira,NsBrotherhood
Rio Fall International Open IBJJF Jiu-Jitsu No-Gi 2017,Adult/Female/Black/Enum_WeightDivision_OpenClass_Label,2,KarlaHipolitodeAlbuquerque,TopBrother
Rio Fall International Open IBJJF Jiu-Jitsu No-Gi 2017,Master1/Male/Blue/Light,1,RafaeldeAndradeFerreira,014RBJJ
Rio Fall International Open IBJJF Jiu-Jitsu No-Gi 2017,Master1/Male/Blue/Light,2,FranciscoReginaldoJorge,SoulFightersBJJ
Rio Fall International Open IBJJF Jiu-Jitsu No-Gi 2017,Master1/Male/Blue/Light,3,RafaelMachadodeAraujoMachado,RibeiroJiu,Jitsu
Rio Fall International Open IBJJF Jiu-Jitsu No-Gi 2017,Master1/Male/Blue/Middle,1,GuilhermedaSilvaBenedito,SoulFightersBJJ
Rio Fall International Open IBJJF Jiu-Jitsu No-Gi 2017,Master1/Male/Blue/Middle,2,RenatoCarlosTeixeiraCelestino,014RBJJ
Rio Fall International Open IBJJF Jiu-Jitsu No-Gi 2017,Master1/Male/Blue/Medium-Heavy,1,DanieldosSantosTeixeira,NovaUnião
Rio Fall International Open IBJJF Jiu-Jitsu No-Gi 2017,Master1/Male/Blue/Heavy,1,MarcosMonteiroBarbosa,PRMTeam
Rio Fall International Open IBJJF Jiu-Jitsu No-Gi 2017,Master1/Male/Blue/Heavy,2,LeandroRodolfoClausdoNascimento,NovaUnião
Rio Fall International Open IBJJF Jiu-Jitsu No-Gi 2017,Master1/Male/Blue/Heavy,3,FernandoNonatoFerreira,TopBrother
Rio Fall International Open IBJJF Jiu-Jitsu No-Gi 2017,Master1/Male/Blue/Heavy,3,RogérioPinheiro,JFCAlmeidaJJ
Rio Fall International Open IBJJF Jiu-Jitsu No-Gi 2017,Master1/Male/Blue/Ultra-Heavy,1,MarcelSadaoUchihashi,GracieBarra
Rio Fall International Open IBJJF Jiu-Jitsu No-Gi 2017,Master1/Male/Blue/Enum_WeightDivision_OpenClass_Label,1,MarcosMonteiroBarbosa,PRMTeam
Rio Fall International Open IBJJF Jiu-Jitsu No-Gi 2017,Master1/Male/Blue/Enum_WeightDivision_OpenClass_Label,2,RafaeldeAndradeFerreira,014RBJJ
Rio Fall International Open IBJJF Jiu-Jitsu No-Gi 2017,Master1/Male/Blue/Enum_WeightDivision_OpenClass_Label,3,DanieldosSantosTeixeira,NovaUnião
Rio Fall International Open IBJJF Jiu-Jitsu No-Gi 2017,Master1/Male/Blue/Enum_WeightDivision_OpenClass_Label,3,FernandoNonatoFerreira,TopBrother
Rio Fall International Open IBJJF Jiu-Jitsu No-Gi 2017,Master1/Male/Purple/Feather,1,RodrigoTomazdeSouza,GFTeam
Rio Fall International Open IBJJF Jiu-Jitsu No-Gi 2017,Master1/Male/Purple/Feather,2,EltondaSilvaBezerra,Brazil021SchoolofJiu,JitsuBR
Rio Fall International Open IBJJF Jiu-Jitsu No-Gi 2017,Master1/Male/Purple/Middle,1,JúlioCésardoCarmoPaixão,014RBJJ
Rio Fall International Open IBJJF Jiu-Jitsu No-Gi 2017,Master1/Male/Purple/Middle,2,MicheldaSilvaOliveira,GFTeam
Rio Fall International Open IBJJF Jiu-Jitsu No-Gi 2017,Master1/Male/Purple/Middle,3,GuilhermeRomeroCooper,NovaGeração
Rio Fall International Open IBJJF Jiu-Jitsu No-Gi 2017,Master1/Male/Purple/Heavy,1,LeonardoVieira,GracieHumaitaRJ
Rio Fall International Open IBJJF Jiu-Jitsu No-Gi 2017,Master1/Male/Purple/Heavy,2,JonathanRobertodaSilva,014RBJJ
Rio Fall International Open IBJJF Jiu-Jitsu No-Gi 2017,Master1/Male/Purple/Heavy,3,MaxwellTrindade,NovaUnião
Rio Fall International Open IBJJF Jiu-Jitsu No-Gi 2017,Master1/Male/Purple/Heavy,3,RodrigoDaSilvaLeite,AllianceSP
Rio Fall International Open IBJJF Jiu-Jitsu No-Gi 2017,Master1/Male/Purple/Super-Heavy,1,EdsonRobertoBatistaDosSantos,RilionGracieSãoBernardodoCampo
Rio Fall International Open IBJJF Jiu-Jitsu No-Gi 2017,Master1/Male/Purple/Ultra-Heavy,1,FlavioMajerowiczQuirino,GracieBarra
Rio Fall International Open IBJJF Jiu-Jitsu No-Gi 2017,Master1/Male/Purple/Ultra-Heavy,2,WagnerFelicianodaCosta,ArteLivreJiu,Jitsu
Rio Fall International Open IBJJF Jiu-Jitsu No-Gi 2017,Master1/Male/Purple/Enum_WeightDivision_OpenClass_Label,1,WagnerFelicianodaCosta,ArteLivreJiu,Jitsu
Rio Fall International Open IBJJF Jiu-Jitsu No-Gi 2017,Master1/Male/Purple/Enum_WeightDivision_OpenClass_Label,2,JúlioCésardoCarmoPaixão,014RBJJ
Rio Fall International Open IBJJF Jiu-Jitsu No-Gi 2017,Master1/Male/Purple/Enum_WeightDivision_OpenClass_Label,3,MicheldaSilvaOliveira,GFTeam
Rio Fall International Open IBJJF Jiu-Jitsu No-Gi 2017,Master1/Male/Purple/Enum_WeightDivision_OpenClass_Label,3,RodrigoTomazdeSouza,GFTeam
Rio Fall International Open IBJJF Jiu-Jitsu No-Gi 2017,Master1/Male/Brown/Feather,1,PedroRafaelL.Leandro,GFTeam
Rio Fall International Open IBJJF Jiu-Jitsu No-Gi 2017,Master1/Male/Brown/Feather,2,RicardoYukioArita,GracieBarra
Rio Fall International Open IBJJF Jiu-Jitsu No-Gi 2017,Master1/Male/Brown/Feather,3,RonaldoMenesesdeAraujo,SoulFightersBJJ
Rio Fall International Open IBJJF Jiu-Jitsu No-Gi 2017,Master1/Male/Brown/Middle,1,FabioNeryFernandes,NovaUnião
Rio Fall International Open IBJJF Jiu-Jitsu No-Gi 2017,Master1/Male/Brown/Middle,2,JonilsonCarvalhoRibeiro,ZMTJiu,Jitsu
Rio Fall International Open IBJJF Jiu-Jitsu No-Gi 2017,Master1/Male/Brown/Medium-Heavy,1,JoãoVictordeSouza,NovaUnião
Rio Fall International Open IBJJF Jiu-Jitsu No-Gi 2017,Master1/Male/Brown/Medium-Heavy,2,DiegoEstevesPacheco,LEADBJJ
Rio Fall International Open IBJJF Jiu-Jitsu No-Gi 2017,Master1/Male/Brown/Heavy,1,RodrigoLimaEva,SoulFightersBJJ
Rio Fall International Open IBJJF Jiu-Jitsu No-Gi 2017,Master1/Male/Brown/Heavy,2,MarcusViniciusdeSouzaRamos,GracieHumaitaRJ
Rio Fall International Open IBJJF Jiu-Jitsu No-Gi 2017,Master1/Male/Brown/Ultra-Heavy,1,CornelioBatistadaSilveiraNetto,C.TAlanGalvão
Rio Fall International Open IBJJF Jiu-Jitsu No-Gi 2017,Master1/Male/Brown/Ultra-Heavy,2,BrechtPatakiMondragon,NsBrotherhood
Rio Fall International Open IBJJF Jiu-Jitsu No-Gi 2017,Master1/Male/Brown/Enum_WeightDivision_OpenClass_Label,1,MarcusViniciusdeSouzaRamos,GracieHumaitaRJ
Rio Fall International Open IBJJF Jiu-Jitsu No-Gi 2017,Master1/Male/Brown/Enum_WeightDivision_OpenClass_Label,2,BrechtPatakiMondragon,NsBrotherhood
Rio Fall International Open IBJJF Jiu-Jitsu No-Gi 2017,Master1/Male/Brown/Enum_WeightDivision_OpenClass_Label,3,CornelioBatistadaSilveiraNetto,C.TAlanGalvão
Rio Fall International Open IBJJF Jiu-Jitsu No-Gi 2017,Master1/Male/Brown/Enum_WeightDivision_OpenClass_Label,3,DiegoEstevesPacheco,LEADBJJ
Rio Fall International Open IBJJF Jiu-Jitsu No-Gi 2017,Master1/Male/Black/Feather,1,RafaelPortodaCosta,014RBJJ
Rio Fall International Open IBJJF Jiu-Jitsu No-Gi 2017,Master1/Male/Black/Feather,2,RodrigoJoséAraujodoSocorro,SimetriaFight
Rio Fall International Open IBJJF Jiu-Jitsu No-Gi 2017,Master1/Male/Black/Light,1,ThiagoNunesMagalhães,SoulFightersBJJ
Rio Fall International Open IBJJF Jiu-Jitsu No-Gi 2017,Master1/Male/Black/Light,2,EnockCarteadoC.deAlbuquerqueNeto,BTT
Rio Fall International Open IBJJF Jiu-Jitsu No-Gi 2017,Master1/Male/Black/Light,3,ErickDjanFrancadeAlmeidaVilhena,BlackNorteJiu,Jitsu
Rio Fall International Open IBJJF Jiu-Jitsu No-Gi 2017,Master1/Male/Black/Middle,1,EdjonsonRodriguesdeAndrade,NovaUnião
Rio Fall International Open IBJJF Jiu-Jitsu No-Gi 2017,Master1/Male/Black/Middle,2,AndersondaSilvaPortugal,GFTeam
Rio Fall International Open IBJJF Jiu-Jitsu No-Gi 2017,Master1/Male/Black/Middle,3,GuilhermeFerreiraIunes,GracieBarra
Rio Fall International Open IBJJF Jiu-Jitsu No-Gi 2017,Master1/Male/Black/Middle,3,ItuãdeBritosSales,AresBJJBrasil
Rio Fall International Open IBJJF Jiu-Jitsu No-Gi 2017,Master1/Male/Black/Medium-Heavy,1,KennyAmanajasDias,BlackNorteJiu,Jitsu
Rio Fall International Open IBJJF Jiu-Jitsu No-Gi 2017,Master1/Male/Black/Medium-Heavy,2,TedeMarcioVelosoPinto,GracieBarra
Rio Fall International Open IBJJF Jiu-Jitsu No-Gi 2017,Master1/Male/Black/Medium-Heavy,3,LucasGattiGarin,Alliance
Rio Fall International Open IBJJF Jiu-Jitsu No-Gi 2017,Master1/Male/Black/Medium-Heavy,3,ViniciusdeOliveiraPrudêncio,ViníciusPrudêncioBJJ
Rio Fall International Open IBJJF Jiu-Jitsu No-Gi 2017,Master1/Male/Black/Heavy,1,NiltonBarbosadeOliveiraJunior,GFTeam
Rio Fall International Open IBJJF Jiu-Jitsu No-Gi 2017,Master1/Male/Black/Heavy,2,FredericoBizamBlum,RilionGracieBalneárioCamboriú
Rio Fall International Open IBJJF Jiu-Jitsu No-Gi 2017,Master1/Male/Black/Heavy,3,BernardoGouveiadeSiqueiraCampos,RibeiroJiu,Jitsu
Rio Fall International Open IBJJF Jiu-Jitsu No-Gi 2017,Master1/Male/Black/Heavy,3,JoseTadeuTeixeiradosSantos,GracieBarra
Rio Fall International Open IBJJF Jiu-Jitsu No-Gi 2017,Master1/Male/Black/Super-Heavy,1,ItaloRamonMagalhãesVieira,CheckMat
Rio Fall International Open IBJJF Jiu-Jitsu No-Gi 2017,Master1/Male/Black/Ultra-Heavy,1,FilipePaesCabral,NovaUnião
Rio Fall International Open IBJJF Jiu-Jitsu No-Gi 2017,Master1/Male/Black/Ultra-Heavy,2,BrunoFonsecadaSilva,NovaUnião
Rio Fall International Open IBJJF Jiu-Jitsu No-Gi 2017,Master1/Male/Black/Enum_WeightDivision_OpenClass_Label,1,ItaloRamonMagalhãesVieira,CheckMat
Rio Fall International Open IBJJF Jiu-Jitsu No-Gi 2017,Master1/Male/Black/Enum_WeightDivision_OpenClass_Label,2,FilipePaesCabral,NovaUnião
Rio Fall International Open IBJJF Jiu-Jitsu No-Gi 2017,Master1/Male/Black/Enum_WeightDivision_OpenClass_Label,3,BernardoGouveiadeSiqueiraCampos,RibeiroJiu,Jitsu
Rio Fall International Open IBJJF Jiu-Jitsu No-Gi 2017,Master1/Male/Black/Enum_WeightDivision_OpenClass_Label,3,RafaelPortodaCosta,014RBJJ
Rio Fall International Open IBJJF Jiu-Jitsu No-Gi 2017,Master1/Female/Blue/Super-Heavy,1,DanielaSoaresdaSilva,NovaUnião
Rio Fall International Open IBJJF Jiu-Jitsu No-Gi 2017,Master1/Female/Blue/Enum_WeightDivision_OpenClass_Label,1,DanielaSoaresdaSilva,NovaUnião
Rio Fall International Open IBJJF Jiu-Jitsu No-Gi 2017,Master1/Female/Brown/Super-Heavy,1,CéliaReginaHonoratodeOliveira,GFTeam
Rio Fall International Open IBJJF Jiu-Jitsu No-Gi 2017,Master1/Female/Brown/Enum_WeightDivision_OpenClass_Label,1,CéliaReginaHonoratodeOliveira,GFTeam
Rio Fall International Open IBJJF Jiu-Jitsu No-Gi 2017,Master2/Male/Purple/Light,1,ThiagoAdolphoBoquett,BrigadeiroBJJ,Cascavel
Rio Fall International Open IBJJF Jiu-Jitsu No-Gi 2017,Master2/Male/Purple/Light,2,DiogoHenriqueRibeiroO.deBettencourt,JFCAlmeidaJJ
Rio Fall International Open IBJJF Jiu-Jitsu No-Gi 2017,Master2/Male/Purple/Middle,1,MarcioGuadagnini,GracieBarra
Rio Fall International Open IBJJF Jiu-Jitsu No-Gi 2017,Master2/Male/Purple/Medium-Heavy,1,SidineiFerreiraGuimarãesFilho,EquipeA
Rio Fall International Open IBJJF Jiu-Jitsu No-Gi 2017,Master2/Male/Purple/Heavy,1,GersonM.deA.Filho,InfightJJ
Rio Fall International Open IBJJF Jiu-Jitsu No-Gi 2017,Master2/Male/Purple/Ultra-Heavy,1,DeltonCervinhoF.Lima,GFTeam
Rio Fall International Open IBJJF Jiu-Jitsu No-Gi 2017,Master2/Male/Purple/Ultra-Heavy,2,OlegasOrlovas,InfightJJ
Rio Fall International Open IBJJF Jiu-Jitsu No-Gi 2017,Master2/Male/Purple/Enum_WeightDivision_OpenClass_Label,1,OlegasOrlovas,InfightJJ
Rio Fall International Open IBJJF Jiu-Jitsu No-Gi 2017,Master2/Male/Purple/Enum_WeightDivision_OpenClass_Label,2,GersonM.deA.Filho,InfightJJ
Rio Fall International Open IBJJF Jiu-Jitsu No-Gi 2017,Master2/Male/Brown/Feather,1,AndersonQueirozSilva,NovaUnião/NU
Rio Fall International Open IBJJF Jiu-Jitsu No-Gi 2017,Master2/Male/Brown/Middle,1,MarioCarriço,EquipeTottiJiu,Jitsu
Rio Fall International Open IBJJF Jiu-Jitsu No-Gi 2017,Master2/Male/Brown/Medium-Heavy,1,ReginaldoSantosDoCarmo,CheckMat
Rio Fall International Open IBJJF Jiu-Jitsu No-Gi 2017,Master2/Male/Brown/Heavy,1,MarceloLacorteSoares,AkxeBJJ
Rio Fall International Open IBJJF Jiu-Jitsu No-Gi 2017,Master2/Male/Brown/Heavy,2,RodrigoJunioPereiraDosSantos,GracieBarra
Rio Fall International Open IBJJF Jiu-Jitsu No-Gi 2017,Master2/Male/Brown/Heavy,3,AnselmoBorgesdeMoraesJunior,MoemacrewBJJ
Rio Fall International Open IBJJF Jiu-Jitsu No-Gi 2017,Master2/Male/Brown/Heavy,3,MinorodeOliveiraCarvalho,NovaUnião
Rio Fall International Open IBJJF Jiu-Jitsu No-Gi 2017,Master2/Male/Brown/Ultra-Heavy,1,LenildoMachadoRibeiroLima,NovaUnião
Rio Fall International Open IBJJF Jiu-Jitsu No-Gi 2017,Master2/Male/Brown/Enum_WeightDivision_OpenClass_Label,1,RodrigoJunioPereiraDosSantos,GracieBarra
Rio Fall International Open IBJJF Jiu-Jitsu No-Gi 2017,Master2/Male/Brown/Enum_WeightDivision_OpenClass_Label,2,ReginaldoSantosDoCarmo,CheckMat
Rio Fall International Open IBJJF Jiu-Jitsu No-Gi 2017,Master2/Male/Brown/Enum_WeightDivision_OpenClass_Label,3,AndersonQueirozSilva,NovaUnião/NU
Rio Fall International Open IBJJF Jiu-Jitsu No-Gi 2017,Master2/Male/Black/Feather,1,LeonardodaSilvaRodrigues,TopBrother
Rio Fall International Open IBJJF Jiu-Jitsu No-Gi 2017,Master2/Male/Black/Light,1,LidioHenriquedaSilvaSantos,GFTeam
Rio Fall International Open IBJJF Jiu-Jitsu No-Gi 2017,Master2/Male/Black/Light,2,EuclidesBarbosadaCostaJunior,G13Jiu,Jitsu
Rio Fall International Open IBJJF Jiu-Jitsu No-Gi 2017,Master2/Male/Black/Light,3,EvertonLuizSantosDantas,GFTeam
Rio Fall International Open IBJJF Jiu-Jitsu No-Gi 2017,Master2/Male/Black/Light,3,LeonardoAndradeSantosLaiola,GFTeamSergipe
Rio Fall International Open IBJJF Jiu-Jitsu No-Gi 2017,Master2/Male/Black/Middle,1,GuilhermeMadeiraGoraib,GracieHumaita
Rio Fall International Open IBJJF Jiu-Jitsu No-Gi 2017,Master2/Male/Black/Middle,2,AlbertoBremgartnerNeto,DeLaRivaJJ
Rio Fall International Open IBJJF Jiu-Jitsu No-Gi 2017,Master2/Male/Black/Middle,3,KennyKim,AresBJJ
Rio Fall International Open IBJJF Jiu-Jitsu No-Gi 2017,Master2/Male/Black/Middle,3,RafaelCarneirodeMiranda,NovaUnião
Rio Fall International Open IBJJF Jiu-Jitsu No-Gi 2017,Master2/Male/Black/Medium-Heavy,1,AntonioJoseInacio,NovaUnião
Rio Fall International Open IBJJF Jiu-Jitsu No-Gi 2017,Master2/Male/Black/Medium-Heavy,2,AlexSanderSouzaBrandão,014RBJJ
Rio Fall International Open IBJJF Jiu-Jitsu No-Gi 2017,Master2/Male/Black/Medium-Heavy,3,CleberAparecidoIzidroSouto,NsBrotherhood
Rio Fall International Open IBJJF Jiu-Jitsu No-Gi 2017,Master2/Male/Black/Super-Heavy,1,LucianoSilvaCandal,GFTeam
Rio Fall International Open IBJJF Jiu-Jitsu No-Gi 2017,Master2/Male/Black/Super-Heavy,2,FernandoSouzaMaciel,CentroEducacionaldeJiu,JitsudeAraxá
Rio Fall International Open IBJJF Jiu-Jitsu No-Gi 2017,Master2/Male/Black/Super-Heavy,3,WilkerGeraldoDuarteCampos,ÁguiaDourada
Rio Fall International Open IBJJF Jiu-Jitsu No-Gi 2017,Master2/Male/Black/Ultra-Heavy,1,FranciscoEliezerdeAlbuquerque,NovaUnião
Rio Fall International Open IBJJF Jiu-Jitsu No-Gi 2017,Master2/Male/Black/Ultra-Heavy,2,GilbertoAntôniodaCostaJúnior,GFTeamBahia
Rio Fall International Open IBJJF Jiu-Jitsu No-Gi 2017,Master2/Male/Black/Enum_WeightDivision_OpenClass_Label,1,FranciscoEliezerdeAlbuquerque,NovaUnião
Rio Fall International Open IBJJF Jiu-Jitsu No-Gi 2017,Master2/Male/Black/Enum_WeightDivision_OpenClass_Label,2,LucianoSilvaCandal,GFTeam
Rio Fall International Open IBJJF Jiu-Jitsu No-Gi 2017,Master2/Male/Black/Enum_WeightDivision_OpenClass_Label,3,AlexSanderSouzaBrandão,014RBJJ
Rio Fall International Open IBJJF Jiu-Jitsu No-Gi 2017,Master2/Male/Black/Enum_WeightDivision_OpenClass_Label,3,LeonardoAndradeSantosLaiola,GFTeamSergipe
Rio Fall International Open IBJJF Jiu-Jitsu No-Gi 2017,Master3/Male/Blue/Light,1,ValdemirCostaBarbosa,EquipeTottiJiu,Jitsu
Rio Fall International Open IBJJF Jiu-Jitsu No-Gi 2017,Master3/Male/Blue/Middle,1,AlfredoSiciliani,X,TeamSports
Rio Fall International Open IBJJF Jiu-Jitsu No-Gi 2017,Master3/Male/Blue/Middle,2,RafaeldeCastro,Alliance
Rio Fall International Open IBJJF Jiu-Jitsu No-Gi 2017,Master3/Male/Blue/Medium-Heavy,1,MarceloRegueiradaSilva,014RBJJ
Rio Fall International Open IBJJF Jiu-Jitsu No-Gi 2017,Master3/Male/Blue/Enum_WeightDivision_OpenClass_Label,1,ValdemirCostaBarbosa,EquipeTottiJiu,Jitsu
Rio Fall International Open IBJJF Jiu-Jitsu No-Gi 2017,Master3/Male/Blue/Enum_WeightDivision_OpenClass_Label,2,MarceloRegueiradaSilva,014RBJJ
Rio Fall International Open IBJJF Jiu-Jitsu No-Gi 2017,Master3/Male/Purple/Medium-Heavy,1,DanielAmatuzi,NovaUnião
Rio Fall International Open IBJJF Jiu-Jitsu No-Gi 2017,Master3/Male/Purple/Medium-Heavy,2,JeanAlvesPereiraAlmeida,WillcoxTeam
Rio Fall International Open IBJJF Jiu-Jitsu No-Gi 2017,Master3/Male/Purple/Super-Heavy,1,HelderdeMoura,BarneyTeamProFight
Rio Fall International Open IBJJF Jiu-Jitsu No-Gi 2017,Master3/Male/Purple/Enum_WeightDivision_OpenClass_Label,1,DanielAmatuzi,NovaUnião
Rio Fall International Open IBJJF Jiu-Jitsu No-Gi 2017,Master3/Male/Purple/Enum_WeightDivision_OpenClass_Label,2,HelderdeMoura,BarneyTeamProFight
Rio Fall International Open IBJJF Jiu-Jitsu No-Gi 2017,Master3/Male/Brown/Light,1,SérgiodeAmorimB.daSilva,RibeiroJiu,Jitsu
Rio Fall International Open IBJJF Jiu-Jitsu No-Gi 2017,Master3/Male/Brown/Medium-Heavy,1,JoãoSalvadorFeitosa,GracieBarra
Rio Fall International Open IBJJF Jiu-Jitsu No-Gi 2017,Master3/Male/Brown/Medium-Heavy,2,EduardoGomesdaSilva,GFTeam
Rio Fall International Open IBJJF Jiu-Jitsu No-Gi 2017,Master3/Male/Brown/Ultra-Heavy,1,LucianoAlvesPereira,ArteLivreJiu,Jitsu
Rio Fall International Open IBJJF Jiu-Jitsu No-Gi 2017,Master3/Male/Brown/Enum_WeightDivision_OpenClass_Label,1,JoãoSalvadorFeitosa,GracieBarra
Rio Fall International Open IBJJF Jiu-Jitsu No-Gi 2017,Master3/Male/Brown/Enum_WeightDivision_OpenClass_Label,2,SérgiodeAmorimB.daSilva,RibeiroJiu,Jitsu
Rio Fall International Open IBJJF Jiu-Jitsu No-Gi 2017,Master3/Male/Brown/Enum_WeightDivision_OpenClass_Label,3,EduardoGomesdaSilva,GFTeam
Rio Fall International Open IBJJF Jiu-Jitsu No-Gi 2017,Master3/Male/Brown/Enum_WeightDivision_OpenClass_Label,3,LucianoAlvesPereira,ArteLivreJiu,Jitsu
Rio Fall International Open IBJJF Jiu-Jitsu No-Gi 2017,Master3/Male/Black/Middle,1,GustavoSoutoPerdigãoGranha,EquipeTottiJiu,Jitsu
Rio Fall International Open IBJJF Jiu-Jitsu No-Gi 2017,Master3/Male/Black/Middle,2,ViniciusAlvesAlkaim,GFTeam
Rio Fall International Open IBJJF Jiu-Jitsu No-Gi 2017,Master3/Male/Black/Heavy,1,ArthurMarioPinheiroMachado,GFTeam
Rio Fall International Open IBJJF Jiu-Jitsu No-Gi 2017,Master3/Male/Black/Heavy,2,LeonardoPereiraMachado,LuizPauloJiu,Jitsu
Rio Fall International Open IBJJF Jiu-Jitsu No-Gi 2017,Master3/Male/Black/Heavy,3,FelipeBergaminiCobra,NovaGeração
Rio Fall International Open IBJJF Jiu-Jitsu No-Gi 2017,Master3/Male/Black/Super-Heavy,1,JoãoClebeHerrera,LótusClub
Rio Fall International Open IBJJF Jiu-Jitsu No-Gi 2017,Master3/Male/Black/Super-Heavy,2,ViniciusFerreiradeMorais,GFTeam
Rio Fall International Open IBJJF Jiu-Jitsu No-Gi 2017,Master3/Male/Black/Enum_WeightDivision_OpenClass_Label,1,JoãoClebeHerrera,LótusClub
Rio Fall International Open IBJJF Jiu-Jitsu No-Gi 2017,Master3/Male/Black/Enum_WeightDivision_OpenClass_Label,2,LeonardoPereiraMachado,LuizPauloJiu,Jitsu
Rio Fall International Open IBJJF Jiu-Jitsu No-Gi 2017,Master3/Male/Black/Enum_WeightDivision_OpenClass_Label,3,ViniciusFerreiradeMorais,GFTeam
Rio Fall International Open IBJJF Jiu-Jitsu No-Gi 2017,Master4/Male/Blue/Middle,1,CristianHumbertoDonosoSantana,FightSportsInternational
Rio Fall International Open IBJJF Jiu-Jitsu No-Gi 2017,Master4/Male/Blue/Heavy,1,ValdirSeverianoDaCruz,014RBJJ
Rio Fall International Open IBJJF Jiu-Jitsu No-Gi 2017,Master4/Male/Blue/Enum_WeightDivision_OpenClass_Label,1,CristianHumbertoDonosoSantana,FightSportsInternational
Rio Fall International Open IBJJF Jiu-Jitsu No-Gi 2017,Master4/Male/Blue/Enum_WeightDivision_OpenClass_Label,2,ValdirSeverianoDaCruz,014RBJJ
Rio Fall International Open IBJJF Jiu-Jitsu No-Gi 2017,Master4/Male/Brown/Medium-Heavy,1,JosielGuilhermeAquinodeAlmeida,JoãoRoqueJJ
Rio Fall International Open IBJJF Jiu-Jitsu No-Gi 2017,Master4/Male/Brown/Enum_WeightDivision_OpenClass_Label,1,JosielGuilhermeAquinodeAlmeida,JoãoRoqueJJ
Rio Fall International Open IBJJF Jiu-Jitsu No-Gi 2017,Master4/Male/Black/Feather,1,SueddosSantos,Alliance
Rio Fall International Open IBJJF Jiu-Jitsu No-Gi 2017,Juvenile/Male/Blue/Light-Feather,1,IsaiasHiginoPereiradosSantos,NovaUnião
Rio Fall International Open IBJJF Jiu-Jitsu No-Gi 2017,Juvenile/Male/Blue/Light-Feather,2,KayqueEstevamXavier,MarcelloC.MonteiroBJJCoachBrasil
Rio Fall International Open IBJJF Jiu-Jitsu No-Gi 2017,Juvenile/Male/Blue/Light-Feather,3,MatheusValleAndrade,SoulFightersBJJ
Rio Fall International Open IBJJF Jiu-Jitsu No-Gi 2017,Juvenile/Male/Blue/Feather,1,JoacyMendesdaSilvaJr.,GameFightBJJ/Manimal
Rio Fall International Open IBJJF Jiu-Jitsu No-Gi 2017,Juvenile/Male/Blue/Feather,2,BrunoRobertoSilvaMunhoz,NovaUnião
Rio Fall International Open IBJJF Jiu-Jitsu No-Gi 2017,Juvenile/Male/Blue/Feather,3,GersonMacielDeAlmeidaNeto,InfightJJ
Rio Fall International Open IBJJF Jiu-Jitsu No-Gi 2017,Juvenile/Male/Blue/Feather,3,LeonardoOliveiraBenvindo,NovaUnião
Rio Fall International Open IBJJF Jiu-Jitsu No-Gi 2017,Juvenile/Male/Blue/Light,1,JoãoPauloLopesdeMoraes,NsBrotherhood
Rio Fall International Open IBJJF Jiu-Jitsu No-Gi 2017,Juvenile/Male/Blue/Light,2,VictorAlmeidadeSouza,RyanGracieTeam
Rio Fall International Open IBJJF Jiu-Jitsu No-Gi 2017,Juvenile/Male/Blue/Light,3,MatheusCharlesMartinsNunes,NovaUnião
Rio Fall International Open IBJJF Jiu-Jitsu No-Gi 2017,Juvenile/Male/Blue/Middle,1,CatrielFernandesdeOliveiraRodrigues,GFTeam
Rio Fall International Open IBJJF Jiu-Jitsu No-Gi 2017,Juvenile/Male/Blue/Middle,2,LucasNicoletiMicheli,GracieBarra
Rio Fall International Open IBJJF Jiu-Jitsu No-Gi 2017,Juvenile/Male/Blue/Middle,3,LeandrodaSilvaCampos,WeltonRibeiro
Rio Fall International Open IBJJF Jiu-Jitsu No-Gi 2017,Juvenile/Male/Blue/Middle,3,MatheusInáciodaSilva,Alliance
Rio Fall International Open IBJJF Jiu-Jitsu No-Gi 2017,Juvenile/Male/Blue/Medium-Heavy,1,GleisonRogériodaSilvaSantos,NovaUnião
Rio Fall International Open IBJJF Jiu-Jitsu No-Gi 2017,Juvenile/Male/Blue/Medium-Heavy,2,LucasMontalvão,GFTeam
Rio Fall International Open IBJJF Jiu-Jitsu No-Gi 2017,Juvenile/Male/Blue/Heavy,1,GabrielChavesBerriel,NovaUnião
Rio Fall International Open IBJJF Jiu-Jitsu No-Gi 2017,Juvenile/Male/Blue/Heavy,2,SamuelJonathanLopesAlves,LuizPauloJiu,Jitsu
Rio Fall International Open IBJJF Jiu-Jitsu No-Gi 2017,Juvenile/Male/Blue/Super-Heavy,1,JoséJuremaNascimentodeCarvalho,PSLPBCiceroCostha
Rio Fall International Open IBJJF Jiu-Jitsu No-Gi 2017,Juvenile/Male/Blue/Enum_WeightDivision_OpenClass_Label,1,JoãoPauloLopesdeMoraes,NsBrotherhood
Rio Fall International Open IBJJF Jiu-Jitsu No-Gi 2017,Juvenile/Male/Blue/Enum_WeightDivision_OpenClass_Label,2,JoacyMendesdaSilvaJr.,GameFightBJJ/Manimal
Rio Fall International Open IBJJF Jiu-Jitsu No-Gi 2017,Juvenile/Male/Blue/Enum_WeightDivision_OpenClass_Label,3,BrunoRobertoSilvaMunhoz,NovaUnião
Rio Fall International Open IBJJF Jiu-Jitsu No-Gi 2017,Juvenile/Male/Blue/Enum_WeightDivision_OpenClass_Label,3,IsaiasHiginoPereiradosSantos,NovaUnião
Rio Fall International Open IBJJF Jiu-Jitsu No-Gi 2017,Juvenile/Male/Blue/Enum_WeightDivision_OpenClass_Label,1,GleisonRogériodaSilvaSantos,NovaUnião
Rio Fall International Open IBJJF Jiu-Jitsu No-Gi 2017,Juvenile/Male/Blue/Enum_WeightDivision_OpenClass_Label,2,SamuelJonathanLopesAlves,LuizPauloJiu,Jitsu
Rio Fall International Open IBJJF Jiu-Jitsu No-Gi 2017,Juvenile/Male/Blue/Enum_WeightDivision_OpenClass_Label,3,GabrielChavesBerriel,NovaUnião
Rio Fall International Open IBJJF Jiu-Jitsu No-Gi 2017,Juvenile/Male/Blue/Enum_WeightDivision_OpenClass_Label,3,LucasMontalvão,GFTeam
Rio Fall International Open IBJJF Jiu-Jitsu No-Gi 2017,Juvenile/Female/Blue/Light,1,VitoriaCamilaSilveiraSantos,GFTeam
Rio Fall International Open IBJJF Jiu-Jitsu No-Gi 2017,Juvenile/Female/Blue/Medium-Heavy,1,MayaradeRamosRibeiro,014RBJJ
Rio Fall International Open IBJJF Jiu-Jitsu No-Gi 2017,Juvenile/Female/Blue/Enum_WeightDivision_OpenClass_Label,1,VitoriaCamilaSilveiraSantos,GFTeam
Rio Fall International Open IBJJF Jiu-Jitsu No-Gi 2017,Juvenile/Female/Blue/Enum_WeightDivision_OpenClass_Label,1,MayaradeRamosRibeiro,014RBJJ
