Las Vegas Spring International Open 2013,Juvenile/Male/White/Light,1,GavinLeeBanda,CavalcantiBJJ,CarlsonGracieLasVegas
Las Vegas Spring International Open 2013,Juvenile/Male/White/Middle,1,DavidAugustineFraser,GracieBarra
Las Vegas Spring International Open 2013,Juvenile/Male/White/Middle,2,AndreLucasAlvesSilva,GracieHumaitaLasVegas
Las Vegas Spring International Open 2013,Juvenile/Male/White/Middle,3,DeanAnthonyGerber,SergioPenhaBrazilianJiu,Jitsu
Las Vegas Spring International Open 2013,Juvenile/Female/White/Feather,1,CierraNicoleSmith,CavalcantiBJJ,CarlsonGracieLasVegas
Las Vegas Spring International Open 2013,Juvenile/Male/Blue/Medium-Heavy,1,RobertJosephMaloneyII,LotusClubJiu,Jitsu
Las Vegas Spring International Open 2013,Juvenile/Male/Blue/Medium-Heavy,2,AnthonyDavidNajera,AlliancePalmdale
Las Vegas Spring International Open 2013,Juvenile/Male/Blue/OpenClass,1,AnthonyDavidNajera,AlliancePalmdale
Las Vegas Spring International Open 2013,Adult/Male/White/Rooster,1,WilfredNazareth,FredsonPaixaoBJJLasVegas
Las Vegas Spring International Open 2013,Adult/Male/White/Rooster,2,SergioCastillo,LotusClubJiu,Jitsu
Las Vegas Spring International Open 2013,Adult/Male/White/Rooster,3,ArthurNicholas,GracieHumaitaLasVegas
Las Vegas Spring International Open 2013,Adult/Male/White/Rooster,3,WesleyCortazar,GracieBarra
Las Vegas Spring International Open 2013,Adult/Male/White/Light-Feather,1,MarcAndreiAbucejo,RenzoGracieLA
Las Vegas Spring International Open 2013,Adult/Male/White/Light-Feather,2,BasilGhafoor,NovaUnião
Las Vegas Spring International Open 2013,Adult/Male/White/Light-Feather,3,GarryLewis,RibeiroJiu,Jitsu
Las Vegas Spring International Open 2013,Adult/Male/White/Light-Feather,3,nicholasmitchell,CascaoBJJLasVegas
Las Vegas Spring International Open 2013,Adult/Male/White/Feather,1,PaulKim,AllianceLosAngeles
Las Vegas Spring International Open 2013,Adult/Male/White/Feather,2,JesseLimon,CleberJiuJitsu
Las Vegas Spring International Open 2013,Adult/Male/White/Feather,3,JorgeTapia,DethroneBrazilianJiu,Jitsu
Las Vegas Spring International Open 2013,Adult/Male/White/Feather,3,JustinAguilar,GracieBarra
Las Vegas Spring International Open 2013,Adult/Male/White/Light,1,YueHongGoh,AllianceLosAngeles
Las Vegas Spring International Open 2013,Adult/Male/White/Light,2,RobertLopez,CarlsonGracie
Las Vegas Spring International Open 2013,Adult/Male/White/Light,3,JCGuy,DrysdaleBJJ
Las Vegas Spring International Open 2013,Adult/Male/White/Light,3,philipoh,AtosJiu,Jitsu
Las Vegas Spring International Open 2013,Adult/Male/White/Middle,1,KevinCrane,GracieMorumbi
Las Vegas Spring International Open 2013,Adult/Male/White/Middle,2,JoshValles,GracieBarra
Las Vegas Spring International Open 2013,Adult/Male/White/Middle,3,JustinGreene,LotusClubJiu,Jitsu
Las Vegas Spring International Open 2013,Adult/Male/White/Middle,3,MichaelStrang,CascaoBJJLasVegas
Las Vegas Spring International Open 2013,Adult/Male/White/Medium-Heavy,1,ArmandoGaeta,TinguinhaBJJacademy
Las Vegas Spring International Open 2013,Adult/Male/White/Medium-Heavy,2,BobbyNassiri,GracieBarra
Las Vegas Spring International Open 2013,Adult/Male/White/Medium-Heavy,3,EdwardPoo,AtosJiu,Jitsu
Las Vegas Spring International Open 2013,Adult/Male/White/Heavy,1,KameronMendez,CheckmatBayJiu,Jitsu
Las Vegas Spring International Open 2013,Adult/Male/White/Heavy,2,FelixPachon,NovaUnião
Las Vegas Spring International Open 2013,Adult/Male/White/Heavy,3,EmmanuelWaddy,DrysdaleBJJ
Las Vegas Spring International Open 2013,Adult/Male/White/Heavy,3,GriffinConway,AtosJiu,Jitsu
Las Vegas Spring International Open 2013,Adult/Female/White/Light-Feather,1,YukariYoshioka,AllianceLosAngeles
Las Vegas Spring International Open 2013,Adult/Female/White/Light-Feather,2,SofiaPimentel,BrazilianTopTeamLongBeach
Las Vegas Spring International Open 2013,Adult/Female/White/Feather,1,SamanthaCourtneyLeong,NewBreedAcademy
Las Vegas Spring International Open 2013,Adult/Female/White/Feather,2,JulieneRoseLim,DrysdaleBJJ
Las Vegas Spring International Open 2013,Adult/Female/White/Feather,3,AmiaFrench,ParagonBJJAcademy
Las Vegas Spring International Open 2013,Adult/Female/White/Light,1,JulieBateman,CascaoBJJLasVegas
Las Vegas Spring International Open 2013,Adult/Female/White/Light,2,Jennylopez,armenta(repetido184266),NewBreedAcademy
Las Vegas Spring International Open 2013,Adult/Female/White/Light,3,JulieRobinson,GracieBarra
Las Vegas Spring International Open 2013,Adult/Female/White/Light,3,KellyTaylor,JeanJacquesMachadoBJJ
Las Vegas Spring International Open 2013,Adult/Female/White/Middle,1,SarahMarieEkberg,GracieFighter
Las Vegas Spring International Open 2013,Adult/Female/White/Middle,2,MoniqueCabera,BJJRevolutionTeam
Las Vegas Spring International Open 2013,Adult/Female/White/Middle,3,CatalinaGonzalez,DrysdaleBJJ
Las Vegas Spring International Open 2013,Adult/Female/White/Middle,3,DesiraeEspinoza,JeanJacquesMachadoBJJ
Las Vegas Spring International Open 2013,Adult/Female/White/Medium-Heavy,1,CourtneyMackenzie,BroadwayJiu,Jitsu
Las Vegas Spring International Open 2013,Adult/Female/White/Medium-Heavy,2,KimberleySimmons,JeanJacquesMachadoBJJ
Las Vegas Spring International Open 2013,Adult/Female/White/Heavy,1,BrittneyCurley,RibeiroJiu,Jitsu
Las Vegas Spring International Open 2013,Adult/Female/White/Heavy,2,juliacastillo,JeanJacquesMachadoBJJ
Las Vegas Spring International Open 2013,Adult/Female/White/Heavy,3,ChantiaMitchell,CascaoBJJLasVegas
Las Vegas Spring International Open 2013,Adult/Male/Blue/Rooster,1,TakuIshii,AtosJiu,Jitsu
Las Vegas Spring International Open 2013,Adult/Male/Blue/Rooster,2,CruzYbarraJr,SoulFightersInternational
Las Vegas Spring International Open 2013,Adult/Male/Blue/Rooster,3,KevinOrtiz,DrysdaleBJJ
Las Vegas Spring International Open 2013,Adult/Male/Blue/Rooster,3,OctavioFlores(repetido169416),NovaUnião
Las Vegas Spring International Open 2013,Adult/Male/Blue/Light-Feather,1,IanPhyllipSanders,GracieBarra
Las Vegas Spring International Open 2013,Adult/Male/Blue/Light-Feather,2,MasonMonsevais,AtosJiu,Jitsu
Las Vegas Spring International Open 2013,Adult/Male/Blue/Light-Feather,3,JasonRobertPachecoJr,FredsonPaixaoBJJLasVegas
Las Vegas Spring International Open 2013,Adult/Male/Blue/Light-Feather,3,MichaelGeorge,RelsonGracieJiu,JitsuColorado
Las Vegas Spring International Open 2013,Adult/Male/Blue/Feather,1,KylerPhillips,CarlsonGracieTeam
Las Vegas Spring International Open 2013,Adult/Male/Blue/Feather,2,ScottCardenas,ZenithBJJ,Canada
Las Vegas Spring International Open 2013,Adult/Male/Blue/Feather,3,EduardoSandoval,CascaoBJJLasVegas
Las Vegas Spring International Open 2013,Adult/Male/Blue/Feather,3,RigobertoCuriel,AllianceLosAngeles
Las Vegas Spring International Open 2013,Adult/Male/Blue/Light,1,BenjaminSilvaIV,SeraoMixedMartialArts
Las Vegas Spring International Open 2013,Adult/Male/Blue/Light,2,ThomasJohnKeenan,NovaUnião
Las Vegas Spring International Open 2013,Adult/Male/Blue/Light,3,amadeoALONSO,Alliance
Las Vegas Spring International Open 2013,Adult/Male/Blue/Light,3,MichaelBarbosa,CheckMat
Las Vegas Spring International Open 2013,Adult/Male/Blue/Middle,1,DamienAaronNitkin,DrysdaleBJJ
Las Vegas Spring International Open 2013,Adult/Male/Blue/Middle,2,DavidYusonKim,RibeiroJiu,Jitsu
Las Vegas Spring International Open 2013,Adult/Male/Blue/Middle,3,ANDREISAYAN,GracieBarra
Las Vegas Spring International Open 2013,Adult/Male/Blue/Middle,3,KEVINMARQUINA,CavalcantiBJJ,CarlsonGracieLasVegas
Las Vegas Spring International Open 2013,Adult/Male/Blue/Medium-Heavy,1,NathanHagberg,NovaUnião
Las Vegas Spring International Open 2013,Adult/Male/Blue/Medium-Heavy,2,GarySevilleHatchIII,NovaUnião
Las Vegas Spring International Open 2013,Adult/Male/Blue/Medium-Heavy,3,AndrewBrindle,DrysdaleBJJ
Las Vegas Spring International Open 2013,Adult/Male/Blue/Medium-Heavy,3,cameronfraser,GracieBarra
Las Vegas Spring International Open 2013,Adult/Male/Blue/Heavy,1,AdilOuassini,DrysdaleBJJ
Las Vegas Spring International Open 2013,Adult/Male/Blue/Heavy,2,JustinWhitehair,Brasa
Las Vegas Spring International Open 2013,Adult/Male/Blue/Heavy,3,JordanCalon,AllianceLosAngeles
Las Vegas Spring International Open 2013,Adult/Male/Blue/Heavy,3,KEVINVAUGHN,UnitedBrazilianJiu,Jitsu
Las Vegas Spring International Open 2013,Adult/Male/Blue/Super-Heavy,1,RansenRodrigues,RibeiroJiu,Jitsu
Las Vegas Spring International Open 2013,Adult/Male/Blue/Super-Heavy,2,JelaniHunter,TinguinhaBJJacademy
Las Vegas Spring International Open 2013,Adult/Male/Blue/Super-Heavy,3,MathewLowry,UnifiedJiuJitsu
Las Vegas Spring International Open 2013,Adult/Male/Blue/Super-Heavy,3,StephenNelson,CheckmatMillennia
Las Vegas Spring International Open 2013,Adult/Male/Blue/Ultra-Heavy,1,BrandonTucker,AtosJiu,Jitsu
Las Vegas Spring International Open 2013,Adult/Male/Blue/Ultra-Heavy,2,JamesIanHarris,RibeiroJiu,Jitsu
Las Vegas Spring International Open 2013,Adult/Male/Blue/Ultra-Heavy,3,charlesbaker,DrysdaleBJJ
Las Vegas Spring International Open 2013,Adult/Male/Blue/OpenClass,1,IanPhyllipSanders,GracieBarra
Las Vegas Spring International Open 2013,Adult/Male/Blue/OpenClass,2,KylerPhillips,CarlsonGracieTeam
Las Vegas Spring International Open 2013,Adult/Male/Blue/OpenClass,3,BrandonTucker,AtosJiu,Jitsu
Las Vegas Spring International Open 2013,Adult/Male/Blue/OpenClass,3,ThomasJohnKeenan,NovaUnião
Las Vegas Spring International Open 2013,Adult/Female/Blue/Light-Feather,1,RamonaRoss,JeanJacquesMachadoBJJ
Las Vegas Spring International Open 2013,Adult/Female/Blue/Light-Feather,2,MelissaDawnCampanella,JeanJacquesMachadoBJJ
Las Vegas Spring International Open 2013,Adult/Female/Blue/Light-Feather,3,KristelPeachieCRoxas,DrysdaleBJJ
Las Vegas Spring International Open 2013,Adult/Female/Blue/Light-Feather,3,MANDYSCHUMAN,KingsJiu,Jitsu
Las Vegas Spring International Open 2013,Adult/Female/Blue/Feather,1,MyleneRamosManalo,CascaoBJJLasVegas
Las Vegas Spring International Open 2013,Adult/Female/Blue/Feather,2,SandraGeorge,RelsonGracie
Las Vegas Spring International Open 2013,Adult/Female/Blue/Feather,3,DianePadre,RenzoGracieLA
Las Vegas Spring International Open 2013,Adult/Female/Blue/Feather,3,JamieMoyle,FredsonPaixaoBJJLasVegas
Las Vegas Spring International Open 2013,Adult/Female/Blue/Light,1,AmberIturralde,Alliance
Las Vegas Spring International Open 2013,Adult/Female/Blue/Light,2,FiorellaCotoSegnini,RenzoGracieInternational
Las Vegas Spring International Open 2013,Adult/Female/Blue/Light,3,EricaAliciaSantana,LotusClubJiu,Jitsu
Las Vegas Spring International Open 2013,Adult/Female/Blue/Light,3,laurenborja,BrazilianTopTeamLongBeach
Las Vegas Spring International Open 2013,Adult/Female/Blue/Middle,1,BethanyEash,TheAvengers
Las Vegas Spring International Open 2013,Adult/Female/Blue/Middle,2,CaseyGregorio,CascaoBJJLasVegas
Las Vegas Spring International Open 2013,Adult/Female/Blue/Middle,3,NycoleBrewer,JeanJacquesMachadoBJJ
Las Vegas Spring International Open 2013,Adult/Female/Blue/Medium-Heavy,1,JenniferElizabethScott,Greenall,CleberJiuJitsu
Las Vegas Spring International Open 2013,Adult/Female/Blue/Medium-Heavy,2,BethanyBates,FredsonPaixaoBJJLasVegas
Las Vegas Spring International Open 2013,Adult/Female/Blue/Medium-Heavy,3,GiannaNicoleLancia,GracieHumaitaLasVegas
Las Vegas Spring International Open 2013,Adult/Female/Blue/Medium-Heavy,3,LaurenBarefoot,RodrigoVaghiBJJ
Las Vegas Spring International Open 2013,Adult/Female/Blue/Heavy,1,TaraWhite(repetido138268),AtosJiu,Jitsu
Las Vegas Spring International Open 2013,Adult/Female/Blue/Heavy,2,JoAnnaSmith,JeanJacquesMachadoBJJ
Las Vegas Spring International Open 2013,Adult/Female/Blue/Heavy,3,valentinabigman,Brasa
Las Vegas Spring International Open 2013,Adult/Female/Blue/OpenClass,1,TaraWhite(repetido138268),AtosJiu,Jitsu
Las Vegas Spring International Open 2013,Adult/Female/Blue/OpenClass,2,valentinabigman,Brasa
Las Vegas Spring International Open 2013,Adult/Female/Blue/OpenClass,3,EricaAliciaSantana,LotusClubJiu,Jitsu
Las Vegas Spring International Open 2013,Adult/Male/Purple/Rooster,1,JeromeBasilio,AtosJiu,Jitsu
Las Vegas Spring International Open 2013,Adult/Male/Purple/Light-Feather,1,WallaceFernandoSantos,GracieHumaitaLasVegas
Las Vegas Spring International Open 2013,Adult/Male/Purple/Light-Feather,2,ArnoldGladimirMonterroso,NovaUnião
Las Vegas Spring International Open 2013,Adult/Male/Purple/Light-Feather,3,ColeThomasFranson,TinguinhaBJJacademy
Las Vegas Spring International Open 2013,Adult/Male/Purple/Light-Feather,3,LanceBlagg,AllianceLosAngeles
Las Vegas Spring International Open 2013,Adult/Male/Purple/Feather,1,EdwinNajmi,GracieBarra
Las Vegas Spring International Open 2013,Adult/Male/Purple/Feather,2,AlexAemalemaloD'Hue,GracieBarraAmerica
Las Vegas Spring International Open 2013,Adult/Male/Purple/Feather,3,AnthonyPinedo,AtosJiu,Jitsu
Las Vegas Spring International Open 2013,Adult/Male/Purple/Feather,3,JoshuaS.Rodriguez,NovaUnião
Las Vegas Spring International Open 2013,Adult/Male/Purple/Light,1,RichardStephenSlombaJr.,AtosJiu,Jitsu
Las Vegas Spring International Open 2013,Adult/Male/Purple/Light,2,RossDanielKeeping,GracieHumaita
Las Vegas Spring International Open 2013,Adult/Male/Purple/Light,3,AlessandroTecce,EastonBJJ
Las Vegas Spring International Open 2013,Adult/Male/Purple/Light,3,MichaelAllenLedesma,ParagonBJJAcademy
Las Vegas Spring International Open 2013,Adult/Male/Purple/Middle,1,GabrielArgesdeSousa,GracieBarra
Las Vegas Spring International Open 2013,Adult/Male/Purple/Middle,2,RehanMuttalib(repetido143263),AllianceLosAngeles
Las Vegas Spring International Open 2013,Adult/Male/Purple/Middle,3,BenHodgkinson,deBeen100%Jiu,Jitsu
Las Vegas Spring International Open 2013,Adult/Male/Purple/Middle,3,DominiqueAnfeneyHoskins,BJJRevolutionTeam
Las Vegas Spring International Open 2013,Adult/Male/Purple/Medium-Heavy,1,DanielHampton,NovaUnião
Las Vegas Spring International Open 2013,Adult/Male/Purple/Medium-Heavy,2,PedroLucasAguiarAraujo,GracieBarra
Las Vegas Spring International Open 2013,Adult/Male/Purple/Medium-Heavy,3,AnthonyPonce,TACTeamBJJ
Las Vegas Spring International Open 2013,Adult/Male/Purple/Medium-Heavy,3,BrunoJoseMilagresCSchaeppi,GordoJiu,Jitsu
Las Vegas Spring International Open 2013,Adult/Male/Purple/Heavy,1,JesseLeeForbes,NovaUnião
Las Vegas Spring International Open 2013,Adult/Male/Purple/Heavy,2,VitorRobertoCheloniMello,GracieBarra
Las Vegas Spring International Open 2013,Adult/Male/Purple/Heavy,3,DanPatrickBrecht,Undisputed
Las Vegas Spring International Open 2013,Adult/Male/Purple/Heavy,3,JoseVillarreal,CheckMatUSA
Las Vegas Spring International Open 2013,Adult/Male/Purple/Super-Heavy,1,DanielJoshuaPriebe,BJJGlobetrotters
Las Vegas Spring International Open 2013,Adult/Male/Purple/Super-Heavy,2,DavidTheodoreMorehead,CheckMatUSA
Las Vegas Spring International Open 2013,Adult/Male/Purple/Super-Heavy,3,indianadanaher(repetido130579),EastonBJJ
Las Vegas Spring International Open 2013,Adult/Male/Purple/Super-Heavy,3,ShawnKocab,DrysdaleBJJ
Las Vegas Spring International Open 2013,Adult/Male/Purple/Ultra-Heavy,1,JosephMarchie,FabioSantosBJJ
Las Vegas Spring International Open 2013,Adult/Male/Purple/Ultra-Heavy,2,GeromeJayectinUy,BrazilianTopTeamLongBeach
Las Vegas Spring International Open 2013,Adult/Male/Purple/OpenClass,1,BrunoJoseMilagresCSchaeppi,GordoJiu,Jitsu
Las Vegas Spring International Open 2013,Adult/Male/Purple/OpenClass,2,DanielHampton,NovaUnião
Las Vegas Spring International Open 2013,Adult/Male/Purple/OpenClass,3,GabrielArgesdeSousa,GracieBarra
Las Vegas Spring International Open 2013,Adult/Male/Purple/OpenClass,3,JosephMarchie,FabioSantosBJJ
Las Vegas Spring International Open 2013,Adult/Female/Purple/Light-Feather,1,NanaHosokawa,CarlsonGracieTeam
Las Vegas Spring International Open 2013,Adult/Female/Purple/Light-Feather,2,CharrisMorgenstern,GracieHumaitaLasVegas
Las Vegas Spring International Open 2013,Adult/Female/Purple/Feather,1,JenniferTurner,AllianceLosAngeles
Las Vegas Spring International Open 2013,Adult/Female/Purple/Feather,2,JudithJoanMarieGomes,LuizPauloJiu,Jitsu
Las Vegas Spring International Open 2013,Adult/Female/Purple/Feather,3,KateWilson,GuigoJJInternational
Las Vegas Spring International Open 2013,Adult/Female/Purple/Feather,3,MariaHenderson,JCBJJ
Las Vegas Spring International Open 2013,Adult/Female/Purple/Light,1,SamanthaShineAnnexstein,ParagonBJJAcademy
Las Vegas Spring International Open 2013,Adult/Female/Purple/Light,2,angelaguimaraes,UnifiedJiuJitsu
Las Vegas Spring International Open 2013,Adult/Female/Purple/Middle,1,SarahJohnelBlack,NovaUnião
Las Vegas Spring International Open 2013,Adult/Female/Purple/Heavy,1,AmandaHodson,RibeiroJiu,Jitsu
Las Vegas Spring International Open 2013,Adult/Female/Purple/Heavy,2,AngelenaOrmonde,GracieBarra
Las Vegas Spring International Open 2013,Adult/Female/Purple/OpenClass,1,SarahJohnelBlack,NovaUnião
Las Vegas Spring International Open 2013,Adult/Female/Purple/OpenClass,2,MariaHenderson,JCBJJ
Las Vegas Spring International Open 2013,Adult/Female/Purple/OpenClass,3,KateWilson,GuigoJJInternational
Las Vegas Spring International Open 2013,Adult/Male/Brown/Light-Feather,1,ReneEduardoLopez,DrysdaleBJJ
Las Vegas Spring International Open 2013,Adult/Male/Brown/Light-Feather,2,DonaldMaxFlowers,GracieBarra
Las Vegas Spring International Open 2013,Adult/Male/Brown/Light-Feather,3,BrandonWoodlyWalensky,SanDiegoBrazilianJiuJitsuAcademy
Las Vegas Spring International Open 2013,Adult/Male/Brown/Light-Feather,3,KristianRWoodmansee,ZenithBJJ,Poland
Las Vegas Spring International Open 2013,Adult/Male/Brown/Feather,1,SergioErnestoHernandez,Undisputed
Las Vegas Spring International Open 2013,Adult/Male/Brown/Feather,2,PaulEveretteBarbosa,NewBreedAcademy
Las Vegas Spring International Open 2013,Adult/Male/Brown/Feather,3,ArthurDaneMolina,RenzoGracieLA
Las Vegas Spring International Open 2013,Adult/Male/Brown/Feather,3,DamonJoesphMorgan,UnifiedJiuJitsu
Las Vegas Spring International Open 2013,Adult/Male/Brown/Light,1,ChristianNBroadnax,NovaUnião
Las Vegas Spring International Open 2013,Adult/Male/Brown/Light,2,GarrettMatthewBeck,DrysdaleBJJ
Las Vegas Spring International Open 2013,Adult/Male/Brown/Light,3,JasonDesmondYouseph,WorldMMA
Las Vegas Spring International Open 2013,Adult/Male/Brown/Light,3,MatthewTrudeau,DynamicMixedMartialArts
Las Vegas Spring International Open 2013,Adult/Male/Brown/Middle,1,RomuloRamosCaiado,CavalcantiBJJ,CarlsonGracieLasVegas
Las Vegas Spring International Open 2013,Adult/Male/Brown/Middle,2,CollinAnthonyMoran,AllianceAtlanta
Las Vegas Spring International Open 2013,Adult/Male/Brown/Middle,3,MarkHidalgo,SakoraJiu,Jitsu
Las Vegas Spring International Open 2013,Adult/Male/Brown/Middle,3,TimothyJamesPablo,Undisputed
Las Vegas Spring International Open 2013,Adult/Male/Brown/Medium-Heavy,1,KeenanKai,JamesCornelius,AtosJiu,Jitsu
Las Vegas Spring International Open 2013,Adult/Male/Brown/Medium-Heavy,2,InacioFerreiraGomesNeto,GracieBarra
Las Vegas Spring International Open 2013,Adult/Male/Brown/Medium-Heavy,3,BernardoCamposBedinelli,RibeiroJiu,Jitsu
Las Vegas Spring International Open 2013,Adult/Male/Brown/Medium-Heavy,3,JacobMcClintock,NovaUnião
Las Vegas Spring International Open 2013,Adult/Male/Brown/Heavy,1,JamesMichaelStrater,Smith,EastonBJJ
Las Vegas Spring International Open 2013,Adult/Male/Brown/Heavy,2,ManuelDiaz,CaioTerraAssociation
Las Vegas Spring International Open 2013,Adult/Male/Brown/Heavy,3,DanielStevenMadrid,NovaUnião
Las Vegas Spring International Open 2013,Adult/Male/Brown/Heavy,3,StephenGabrielMartinez,CheckmatMillennia
Las Vegas Spring International Open 2013,Adult/Male/Brown/Super-Heavy,1,WellingtonModenaPeroto,LotusClubJiu,Jitsu
Las Vegas Spring International Open 2013,Adult/Male/Brown/OpenClass,1,KeenanKai,JamesCornelius,AtosJiu,Jitsu
Las Vegas Spring International Open 2013,Adult/Male/Brown/OpenClass,2,ManuelDiaz,CaioTerraAssociation
Las Vegas Spring International Open 2013,Adult/Male/Brown/OpenClass,3,InacioFerreiraGomesNeto,GracieBarra
Las Vegas Spring International Open 2013,Adult/Male/Brown/OpenClass,3,JasonDesmondYouseph,WorldMMA
Las Vegas Spring International Open 2013,Adult/Female/Brown/Feather,1,KarenDeisyAntunesGirottoBorges,CheckMat
Las Vegas Spring International Open 2013,Adult/Female/Brown/Feather,2,TasawanCasey,RibeiroJiu,Jitsu
Las Vegas Spring International Open 2013,Adult/Female/Brown/Middle,1,RondaK.Andrews,Rosa,GracieHumaitaLasVegas
Las Vegas Spring International Open 2013,Adult/Female/Brown/Medium-Heavy,1,JillMarieBaker,JeanJacquesMachadoBJJ
Las Vegas Spring International Open 2013,Adult/Female/Brown/OpenClass,1,KarenDeisyAntunesGirottoBorges,CheckMat
Las Vegas Spring International Open 2013,Adult/Female/Brown/OpenClass,2,JillMarieBaker,JeanJacquesMachadoBJJ
Las Vegas Spring International Open 2013,Adult/Female/Brown/OpenClass,3,RondaK.Andrews,Rosa,GracieHumaitaLasVegas
Las Vegas Spring International Open 2013,Adult/Female/Brown/OpenClass,3,TasawanCasey,RibeiroJiu,Jitsu
Las Vegas Spring International Open 2013,Adult/Male/Black/Feather,1,OsvaldoAugustoHonorioMoizinho,CaioTerraAssociation
Las Vegas Spring International Open 2013,Adult/Male/Black/Feather,2,SamirJoséChantreDahás,CaioTerraAssociation
Las Vegas Spring International Open 2013,Adult/Male/Black/Feather,3,MaykodeAraujoGirottoBorges,CheckMat
Las Vegas Spring International Open 2013,Adult/Male/Black/Feather,3,RenatoLimaVieira(REPETIDO278474),RibeiroJiu,Jitsu
Las Vegas Spring International Open 2013,Adult/Male/Black/Light,1,RodrigoLamounierdeFreitas,GracieBarra
Las Vegas Spring International Open 2013,Adult/Male/Black/Light,2,PhilipeCançadoDellaMonica,GracieBarra
Las Vegas Spring International Open 2013,Adult/Male/Black/Light,3,RenanBorges,BrazilianTopTeamLongBeach
Las Vegas Spring International Open 2013,Adult/Male/Black/Middle,1,OtavioFerreiradeSousa,GracieBarra
Las Vegas Spring International Open 2013,Adult/Male/Black/Middle,2,LucasRochadeFreitas,GracieBarra
Las Vegas Spring International Open 2013,Adult/Male/Black/Middle,3,MarcusV.C.Antelante,SoulFightersInternational
Las Vegas Spring International Open 2013,Adult/Male/Black/Middle,3,NathanAlbrechtMendelsohn,Coalition95
Las Vegas Spring International Open 2013,Adult/Male/Black/Medium-Heavy,1,MarceloFrançaMafra,CheckMatUSA
Las Vegas Spring International Open 2013,Adult/Male/Black/Medium-Heavy,2,DiogoSampaioAraujo,SoulFightersBJJ
Las Vegas Spring International Open 2013,Adult/Male/Black/Medium-Heavy,3,DavidSandoval,GracieBarra
Las Vegas Spring International Open 2013,Adult/Male/Black/Medium-Heavy,3,JasonReneSelva,BJJRevolutionTeam
Las Vegas Spring International Open 2013,Adult/Male/Black/Heavy,1,RenanVitalRosadeFrança,GordoJiu,Jitsu
Las Vegas Spring International Open 2013,Adult/Male/Black/Heavy,2,WalterFontesVitalJr,CascaoBJJLasVegas
Las Vegas Spring International Open 2013,Adult/Male/Black/Heavy,3,BenjaminRossBaxter,RibeiroJiu,Jitsu
Las Vegas Spring International Open 2013,Adult/Male/Black/Heavy,3,JosephAnthonyGutierrez,NewBreedAcademy
Las Vegas Spring International Open 2013,Adult/Male/Black/Super-Heavy,1,YuriCostaSimõesM.daSilva,CheckMatWorld
Las Vegas Spring International Open 2013,Adult/Male/Black/Super-Heavy,2,AntonioSchembriFilho,NinoSchembriTeam
Las Vegas Spring International Open 2013,Adult/Male/Black/Ultra-Heavy,1,GustavodosSantosPires,GracieBarra
Las Vegas Spring International Open 2013,Adult/Male/Black/Ultra-Heavy,2,CarlosEduardodeAraujoFarias,RobertoTravenBJJBrazil
Las Vegas Spring International Open 2013,Adult/Male/Black/OpenClass,1,OtavioFerreiradeSousa,GracieBarra
Las Vegas Spring International Open 2013,Adult/Male/Black/OpenClass,2,YuriCostaSimõesM.daSilva,CheckMatWorld
Las Vegas Spring International Open 2013,Adult/Male/Black/OpenClass,3,CarlosEduardodeAraujoFarias,RobertoTravenBJJBrazil
Las Vegas Spring International Open 2013,Adult/Male/Black/OpenClass,3,OsvaldoAugustoHonorioMoizinho,CaioTerraAssociation
Las Vegas Spring International Open 2013,Adult/Female/Black/Feather,1,MackenzieLynneDern,GracieHumaita
Las Vegas Spring International Open 2013,Adult/Female/Black/Light,1,RenataPitaPimentel,SASTeam
Las Vegas Spring International Open 2013,Adult/Female/Black/Light,2,ThaysaH.RamosdaSilva,TheAvengers
Las Vegas Spring International Open 2013,Adult/Female/Black/OpenClass,1,MackenzieLynneDern,GracieHumaita
Las Vegas Spring International Open 2013,Adult/Female/Black/OpenClass,2,RenataPitaPimentel,SASTeam
Las Vegas Spring International Open 2013,Master1/Male/White/Light-Feather,1,AndrewSanoja,DrysdaleBJJ
Las Vegas Spring International Open 2013,Master1/Male/White/Feather,1,AntoineVu,FredsonPaixaoBJJLasVegas
Las Vegas Spring International Open 2013,Master1/Male/White/Feather,2,DanielMontana,GracieBarra
Las Vegas Spring International Open 2013,Master1/Male/White/Feather,3,BobbyGarcia,BrazilianTopTeamLongBeach
Las Vegas Spring International Open 2013,Master1/Male/White/Feather,3,VictorCordova,CascaoBJJLasVegas
Las Vegas Spring International Open 2013,Master1/Male/White/Light,1,ArmandoRodriguezPerezJr.,CleberJiuJitsu
Las Vegas Spring International Open 2013,Master1/Male/White/Light,2,JeffreyHairston,AtosJiu,Jitsu
Las Vegas Spring International Open 2013,Master1/Male/White/Light,3,ChristopherKrizmanic,GracieHumaitaLasVegas
Las Vegas Spring International Open 2013,Master1/Male/White/Middle,1,TanuMcmillanHsu,BrazilianTopTeamLongBeach
Las Vegas Spring International Open 2013,Master1/Male/White/Middle,2,MarkoDamian,BeverlyHillsJiuJitsuClub
Las Vegas Spring International Open 2013,Master1/Male/White/Middle,3,CraigPribila,GracieHumaitaLasVegas
Las Vegas Spring International Open 2013,Master1/Male/White/Medium-Heavy,1,FrankBaldiviaJr,RibeiroJiu,Jitsu
Las Vegas Spring International Open 2013,Master1/Male/White/Medium-Heavy,2,BrentJ.Hoover,CarlsonGracieTeamMishawaka
Las Vegas Spring International Open 2013,Master1/Male/White/Medium-Heavy,3,MarlonValenzuela,GracieHumaitaLasVegas
Las Vegas Spring International Open 2013,Master1/Male/White/Heavy,1,RayBensley,NovaUnião
Las Vegas Spring International Open 2013,Master1/Male/White/Heavy,2,EdmundoCano,CleberJiuJitsuVisalia
Las Vegas Spring International Open 2013,Master1/Male/White/Super-Heavy,1,KeoniGandy,DrysdaleBJJ
Las Vegas Spring International Open 2013,Master1/Male/White/Super-Heavy,2,JonathanMoses,LotusClubJiu,Jitsu
Las Vegas Spring International Open 2013,Master1/Male/White/Super-Heavy,3,DustinVolkman,CascaoBJJLasVegas
Las Vegas Spring International Open 2013,Master1/Male/White/Super-Heavy,3,PAULSAMSON,AtosJiu,Jitsu
Las Vegas Spring International Open 2013,Master1/Male/White/Ultra-Heavy,1,JasonJedidiahMageo,ExcelJiu,JitsuMMA
Las Vegas Spring International Open 2013,Master1/Male/White/Ultra-Heavy,2,BrysonMedlock,GracieBarra
Las Vegas Spring International Open 2013,Master1/Male/Blue/Light-Feather,1,DonnyLe,YemasoBrazilianJiu,Jitsu
Las Vegas Spring International Open 2013,Master1/Male/Blue/Light-Feather,2,DEANREGUINDIN,RibeiroJiu,Jitsu
Las Vegas Spring International Open 2013,Master1/Male/Blue/Feather,1,NicholasThomas,GracieHumaitaPhoenix
Las Vegas Spring International Open 2013,Master1/Male/Blue/Feather,2,FrankMMoreno,GracieBarra
Las Vegas Spring International Open 2013,Master1/Male/Blue/Feather,3,WilliamStanley,AbuBrothersLasVegas
Las Vegas Spring International Open 2013,Master1/Male/Blue/Light,1,GlennKobayashi,GracieBarra
Las Vegas Spring International Open 2013,Master1/Male/Blue/Light,2,SamuelTy,BrazilianTopTeamLongBeach
Las Vegas Spring International Open 2013,Master1/Male/Blue/Light,3,BryanLopez,AtosJiu,Jitsu
Las Vegas Spring International Open 2013,Master1/Male/Blue/Middle,1,RobertJohnson,NovaUnião
Las Vegas Spring International Open 2013,Master1/Male/Blue/Middle,2,JIMMYWATSON,NovaUnião
Las Vegas Spring International Open 2013,Master1/Male/Blue/Middle,3,MatthewSchecter,NovaUniaoNYC
Las Vegas Spring International Open 2013,Master1/Male/Blue/Middle,3,ReginaldTraver,MarcusSoaresAcademy
Las Vegas Spring International Open 2013,Master1/Male/Blue/Heavy,1,justinkuffel,NovaUnião
Las Vegas Spring International Open 2013,Master1/Male/Blue/Heavy,2,DouglasPenny,GracieBarra
Las Vegas Spring International Open 2013,Master1/Male/Blue/Heavy,3,AndyWillianChavez,GracieBarra
Las Vegas Spring International Open 2013,Master1/Male/Blue/Heavy,3,TomioHuffman,UnifiedJiuJitsu
Las Vegas Spring International Open 2013,Master1/Male/Blue/Super-Heavy,1,ClaytonNicholson,BrazilianTopTeamLongBeach
Las Vegas Spring International Open 2013,Master1/Male/Blue/Ultra-Heavy,1,MichaelZavala,GracieHumaitaPhoenix
Las Vegas Spring International Open 2013,Master1/Male/Blue/OpenClass,1,MichaelZavala,GracieHumaitaPhoenix
Las Vegas Spring International Open 2013,Master1/Male/Blue/OpenClass,2,DonnyLe,YemasoBrazilianJiu,Jitsu
Las Vegas Spring International Open 2013,Master1/Male/Blue/OpenClass,3,BryanLopez,AtosJiu,Jitsu
Las Vegas Spring International Open 2013,Master1/Female/Blue/Feather,1,MonicaMoniqueHolley,Workman,GracieBarra
Las Vegas Spring International Open 2013,Master1/Female/Blue/Light,1,LidiaEspinoza,JeanJacquesMachadoBJJ
Las Vegas Spring International Open 2013,Master1/Female/Blue/Light,2,MonicaAranaSaenz,CascaoBJJLasVegas
Las Vegas Spring International Open 2013,Master1/Female/Blue/OpenClass,1,MonicaMoniqueHolley,Workman,GracieBarra
Las Vegas Spring International Open 2013,Master1/Male/Purple/Feather,1,MichaelJ.Melki,RibeiroJiu,Jitsu
Las Vegas Spring International Open 2013,Master1/Male/Purple/Feather,2,MozartMakalintalGutierrez,CarlosSapaoBJJ
Las Vegas Spring International Open 2013,Master1/Male/Purple/Feather,3,EdwinPagan,GracieHumaitaLasVegas
Las Vegas Spring International Open 2013,Master1/Male/Purple/Feather,3,JoshuaAaronBowling,TinguinhaBJJacademy
Las Vegas Spring International Open 2013,Master1/Male/Purple/Light,1,JonathanNasseri,NinoSchembriTeam
Las Vegas Spring International Open 2013,Master1/Male/Purple/Light,2,ChristianFranciscoCruz,GracieBarra
Las Vegas Spring International Open 2013,Master1/Male/Purple/Light,3,CarlosHenriqueDuarte(repetido15870),RibeiroJiu,Jitsu
Las Vegas Spring International Open 2013,Master1/Male/Purple/Light,3,RudyGalima,RibeiroJiu,Jitsu
Las Vegas Spring International Open 2013,Master1/Male/Purple/Middle,1,MarcoLuizZulauf,CaioTerraAssociation
Las Vegas Spring International Open 2013,Master1/Male/Purple/Middle,2,JasonMeneses,DrysdaleBJJ
Las Vegas Spring International Open 2013,Master1/Male/Purple/Middle,3,DerekWard,BrazilianTopTeamLongBeach
Las Vegas Spring International Open 2013,Master1/Male/Purple/Medium-Heavy,1,JamesDuscio,CascaoBJJLasVegas
Las Vegas Spring International Open 2013,Master1/Male/Purple/Medium-Heavy,2,BillyCrafton,GracieHumaitaSanDiego
Las Vegas Spring International Open 2013,Master1/Male/Purple/Medium-Heavy,3,AdamRichardNadow,BrazilianTopTeamLongBeach
Las Vegas Spring International Open 2013,Master1/Male/Purple/Medium-Heavy,3,JustinTapia,JeanJacquesMachadoBJJ
Las Vegas Spring International Open 2013,Master1/Male/Purple/Heavy,1,JaysenJoseBaxter,BrazilianTopTeamLongBeach
Las Vegas Spring International Open 2013,Master1/Male/Purple/Heavy,2,RalphGanchero,GracieBarra
Las Vegas Spring International Open 2013,Master1/Male/Purple/Heavy,3,RyanBernardino,GracieHumaitaLasVegas
Las Vegas Spring International Open 2013,Master1/Male/Purple/Super-Heavy,1,BruceLMorgenstern,GracieHumaitaLasVegas
Las Vegas Spring International Open 2013,Master1/Male/Purple/Super-Heavy,2,LukeElishaAgajanian,AtosJiu,Jitsu
Las Vegas Spring International Open 2013,Master1/Male/Purple/Ultra-Heavy,1,DerrickFosterBemis,GracieJiu,JitsuAcademy
Las Vegas Spring International Open 2013,Master1/Male/Purple/OpenClass,1,JaysenJoseBaxter,BrazilianTopTeamLongBeach
Las Vegas Spring International Open 2013,Master1/Male/Purple/OpenClass,2,MichaelJ.Melki,RibeiroJiu,Jitsu
Las Vegas Spring International Open 2013,Master1/Male/Purple/OpenClass,3,BruceLMorgenstern,GracieHumaitaLasVegas
Las Vegas Spring International Open 2013,Master1/Male/Purple/OpenClass,3,EdwinPagan,GracieHumaitaLasVegas
Las Vegas Spring International Open 2013,Master1/Male/Brown/Light-Feather,1,BrendanVincentGuccione,RibeiroJiu,Jitsu
Las Vegas Spring International Open 2013,Master1/Male/Brown/Feather,1,MichaeldelaCruzLansang,BrazilianTopTeamLongBeach
Las Vegas Spring International Open 2013,Master1/Male/Brown/Feather,2,JeffreyEmmanuelNolasco,TinguinhaBJJacademy
Las Vegas Spring International Open 2013,Master1/Male/Brown/Light,1,FernandoT.Armenta,NovaUnião
Las Vegas Spring International Open 2013,Master1/Male/Brown/Light,2,JustinTravisPascone,Coalition95
Las Vegas Spring International Open 2013,Master1/Male/Brown/Middle,1,OmarSabha,BrazilianTopTeamLongBeach
Las Vegas Spring International Open 2013,Master1/Male/Brown/Middle,2,MichaelJordanKrider,GracieBarra
Las Vegas Spring International Open 2013,Master1/Male/Brown/Middle,3,GregoryLionelAnderson,CheckMatUSA
Las Vegas Spring International Open 2013,Master1/Male/Brown/Middle,3,JesusJoseArtesi,LotusClubJiu,Jitsu
Las Vegas Spring International Open 2013,Master1/Male/Brown/Heavy,1,SamuelJosephCampanellaIII,JeanJacquesMachadoBJJ
Las Vegas Spring International Open 2013,Master1/Male/Brown/Ultra-Heavy,1,SamuelJChoi,CheckMatUSA
Las Vegas Spring International Open 2013,Master1/Male/Brown/OpenClass,1,SamuelJosephCampanellaIII,JeanJacquesMachadoBJJ
Las Vegas Spring International Open 2013,Master1/Male/Brown/OpenClass,2,OmarSabha,BrazilianTopTeamLongBeach
Las Vegas Spring International Open 2013,Master1/Male/Brown/OpenClass,3,BrendanVincentGuccione,RibeiroJiu,Jitsu
Las Vegas Spring International Open 2013,Master1/Male/Brown/OpenClass,3,GregoryLionelAnderson,CheckMatUSA
Las Vegas Spring International Open 2013,Master1/Female/Brown/Feather,1,GegiEVandeWalker,CiaPaulistaUSA
Las Vegas Spring International Open 2013,Master1/Female/Brown/OpenClass,1,GegiEVandeWalker,CiaPaulistaUSA
Las Vegas Spring International Open 2013,Master1/Male/Black/Feather,1,BaretYoshida,Undisputed
Las Vegas Spring International Open 2013,Master1/Male/Black/Feather,2,LuisFernandoLoorVera,GilbertDurinhoAssociationUSA
Las Vegas Spring International Open 2013,Master1/Male/Black/Feather,3,SilvioJavierMacias,StreetSportsBJJ
Las Vegas Spring International Open 2013,Master1/Male/Black/Light,1,RobsonCamargoRodrigues,CheckMat
Las Vegas Spring International Open 2013,Master1/Male/Black/Light,2,ShamiJosephBaudichon,Clark'sUniversityofMartialArts
Las Vegas Spring International Open 2013,Master1/Male/Black/Light,3,DavidG.Reilly,TACTeamBJJ
Las Vegas Spring International Open 2013,Master1/Male/Black/Light,3,DiogoAlvesFerreira,GracieBarra
Las Vegas Spring International Open 2013,Master1/Male/Black/Middle,1,JoaoPauloFaria,GracieHumaita
Las Vegas Spring International Open 2013,Master1/Male/Black/Middle,2,SergioWilliamMachado,CheckMatUSA
Las Vegas Spring International Open 2013,Master1/Male/Black/Middle,3,AlexanderVamos,GracieEliteTeamAmerica
Las Vegas Spring International Open 2013,Master1/Male/Black/Middle,3,DiogoAlmeida,NovaUnião
Las Vegas Spring International Open 2013,Master1/Male/Black/Medium-Heavy,1,RodrigodeAlmeidaNevesGodoy,GracieHumaitaSanDiego
Las Vegas Spring International Open 2013,Master1/Male/Black/Medium-Heavy,2,PaulSizemore,GracieHumaitaUSA
Las Vegas Spring International Open 2013,Master1/Male/Black/Medium-Heavy,3,LeandroSoaresMartins,MartinsJiu,JitsuTeam
Las Vegas Spring International Open 2013,Master1/Male/Black/Heavy,1,LeopoldoSerãoNeto,SeraoMixedMartialArts
Las Vegas Spring International Open 2013,Master1/Male/Black/Heavy,2,MarkThomasTurner,Brasa
Las Vegas Spring International Open 2013,Master1/Male/Black/Super-Heavy,1,JulioSeixasdeSousaSantos,SASTeam
Las Vegas Spring International Open 2013,Master1/Male/Black/OpenClass,1,AlexanderVamos,GracieEliteTeamAmerica
Las Vegas Spring International Open 2013,Master1/Male/Black/OpenClass,2,SilvioJavierMacias,StreetSportsBJJ
Las Vegas Spring International Open 2013,Master1/Male/Black/OpenClass,3,JulioSeixasdeSousaSantos,SASTeam
Las Vegas Spring International Open 2013,Master2/Male/White/Light,1,JohnHankins,DrysdaleBJJ
Las Vegas Spring International Open 2013,Master2/Male/White/Light,2,WilfredPerez,SakoraJiu,Jitsu
Las Vegas Spring International Open 2013,Master2/Male/White/Light,3,JoeCampbell,DrysdaleBJJ
Las Vegas Spring International Open 2013,Master2/Male/White/Middle,1,JohnFord,GracieHumaitaLasVegas
Las Vegas Spring International Open 2013,Master2/Male/White/Middle,2,MichaelBlasi,RibeiroJiu,Jitsu
Las Vegas Spring International Open 2013,Master2/Male/White/Middle,3,ThomasSteinbeck,DrysdaleBJJ
Las Vegas Spring International Open 2013,Master2/Male/White/Medium-Heavy,1,RichLapp,BrasaWarriorInternational
Las Vegas Spring International Open 2013,Master2/Male/White/Ultra-Heavy,1,ClaytonSmith,NovaUnião
Las Vegas Spring International Open 2013,Master2/Male/White/Ultra-Heavy,2,EdwardAnderson,DrysdaleBJJ
Las Vegas Spring International Open 2013,Master2/Male/White/Ultra-Heavy,3,BobbyLAyres,GracieHumaitaLasVegas
Las Vegas Spring International Open 2013,Master2/Male/Blue/Light-Feather,1,RaymondMassa,NinoSchembriTeam
Las Vegas Spring International Open 2013,Master2/Male/Blue/Feather,1,OscarErnestoGonzalez,BrazilianTopTeamLongBeach
Las Vegas Spring International Open 2013,Master2/Male/Blue/Feather,2,FloresChristopher,YemasoBrazilianJiu,Jitsu
Las Vegas Spring International Open 2013,Master2/Male/Blue/Light,1,MichaelTonyMontoya,TinguinhaBJJacademy
Las Vegas Spring International Open 2013,Master2/Male/Blue/Light,2,RandyLacy,YemasoBrazilianJiu,Jitsu
Las Vegas Spring International Open 2013,Master2/Male/Blue/Light,3,JeremiahMiller,NovaUnião
Las Vegas Spring International Open 2013,Master2/Male/Blue/Light,3,miguelgonzalez,BrazilianTopTeamLongBeach
Las Vegas Spring International Open 2013,Master2/Male/Blue/Middle,1,KristopherBuranasombati,GracieBarra
Las Vegas Spring International Open 2013,Master2/Male/Blue/Medium-Heavy,1,JaimeSuarez,TACTeamBJJ
Las Vegas Spring International Open 2013,Master2/Male/Blue/Medium-Heavy,2,JeffSchultz,GracieHumaitaPhoenix
Las Vegas Spring International Open 2013,Master2/Male/Blue/Medium-Heavy,3,CraigSweeny,GracieBarra
Las Vegas Spring International Open 2013,Master2/Male/Blue/Medium-Heavy,3,WilliamWoodson,TinguinhaBJJacademy
Las Vegas Spring International Open 2013,Master2/Male/Blue/Heavy,1,LincolnGreenJr.,GracieHumaitaPhoenix
Las Vegas Spring International Open 2013,Master2/Male/Blue/Heavy,2,BrianGribben,BrazilianTopTeamLongBeach
Las Vegas Spring International Open 2013,Master2/Male/Blue/Heavy,3,FabioJerezanoJr.,GracieHumaitaLasVegas
Las Vegas Spring International Open 2013,Master2/Male/Blue/Heavy,3,S.BlueGentry,Ruffhouse
Las Vegas Spring International Open 2013,Master2/Male/Blue/Ultra-Heavy,1,RichardYoung,NovaUnião
Las Vegas Spring International Open 2013,Master2/Male/Blue/Ultra-Heavy,2,JoseChavez,BrazilianTopTeamLongBeach
Las Vegas Spring International Open 2013,Master2/Male/Blue/OpenClass,1,RichardYoung,NovaUnião
Las Vegas Spring International Open 2013,Master2/Male/Blue/OpenClass,2,JaimeSuarez,TACTeamBJJ
Las Vegas Spring International Open 2013,Master2/Male/Blue/OpenClass,3,FloresChristopher,YemasoBrazilianJiu,Jitsu
Las Vegas Spring International Open 2013,Master2/Male/Blue/OpenClass,3,KristopherBuranasombati,GracieBarra
Las Vegas Spring International Open 2013,Master2/Male/Purple/Light-Feather,1,KoryV.Paredes,FigueroaAcademyofBrazilianJiu,Jitsu
Las Vegas Spring International Open 2013,Master2/Male/Purple/Light-Feather,2,JeffMacatangay,GracieBarra
Las Vegas Spring International Open 2013,Master2/Male/Purple/Feather,1,AngelPaulLopez,TinguinhaBJJacademy
Las Vegas Spring International Open 2013,Master2/Male/Purple/Feather,2,GarettDacay,GracieHumaitaLasVegas
Las Vegas Spring International Open 2013,Master2/Male/Purple/Light,1,ArielC.Gonzales,BrazilianTopTeamLongBeach
Las Vegas Spring International Open 2013,Master2/Male/Purple/Light,2,TyRaymondSmyth,TeamMegatonBend,Oregon
Las Vegas Spring International Open 2013,Master2/Male/Purple/Light,3,DarvinGallardoLamagna,JeanJacquesMachadoBJJ
Las Vegas Spring International Open 2013,Master2/Male/Purple/Middle,1,DaneChristianBarlow,AllianceInternational
Las Vegas Spring International Open 2013,Master2/Male/Purple/Middle,2,ErynMichaelHardwick,KingsJiu,Jitsu
Las Vegas Spring International Open 2013,Master2/Male/Purple/Middle,3,PhilipJohnGarchitorenaCordova,BrazilianTopTeamLongBeach
Las Vegas Spring International Open 2013,Master2/Male/Purple/Middle,3,RichardSelmarBothun,YemasoBrazilianJiu,Jitsu
Las Vegas Spring International Open 2013,Master2/Male/Purple/Medium-Heavy,1,JuanEdwardoTorres,Lao,GilbertDurinhoAssociationUSA
Las Vegas Spring International Open 2013,Master2/Male/Purple/Super-Heavy,1,DarrellZacharyPayne,CascaoBJJLasVegas
Las Vegas Spring International Open 2013,Master2/Male/Purple/Super-Heavy,2,MichaelBelz,SergioPenhaBrazilianJiu,Jitsu
Las Vegas Spring International Open 2013,Master2/Male/Purple/Ultra-Heavy,1,RaulArroyoJr.,CascaoBJJLasVegas
Las Vegas Spring International Open 2013,Master2/Male/Purple/OpenClass,1,DaneChristianBarlow,AllianceInternational
Las Vegas Spring International Open 2013,Master2/Male/Purple/OpenClass,2,ErynMichaelHardwick,KingsJiu,Jitsu
Las Vegas Spring International Open 2013,Master2/Male/Purple/OpenClass,3,DarrellZacharyPayne,CascaoBJJLasVegas
Las Vegas Spring International Open 2013,Master2/Male/Purple/OpenClass,3,RichardSelmarBothun,YemasoBrazilianJiu,Jitsu
Las Vegas Spring International Open 2013,Master2/Male/Brown/Feather,1,AlanRubi,CheckMatUSA
Las Vegas Spring International Open 2013,Master2/Male/Brown/Middle,1,ThomasJosephCroninJr,CarlsonGracieTeam
Las Vegas Spring International Open 2013,Master2/Male/Brown/Middle,2,AntonioAlvarado,GracieBarra
Las Vegas Spring International Open 2013,Master2/Male/Brown/Middle,3,MaxwellJosephSmyth,Clark'sUniversityofMartialArts
Las Vegas Spring International Open 2013,Master2/Male/Brown/Medium-Heavy,1,BrianDavisMansfield,GracieBarra
Las Vegas Spring International Open 2013,Master2/Male/Brown/Heavy,1,AndrewRobertMora,RobertoTravenBJJBrazil
Las Vegas Spring International Open 2013,Master2/Male/Brown/Heavy,2,BrettSafaAl,Azzawi,BJJRevolutionTeam
Las Vegas Spring International Open 2013,Master2/Male/Brown/Heavy,3,JasonClarkHoward,UnifiedJiuJitsu
Las Vegas Spring International Open 2013,Master2/Male/Brown/Super-Heavy,1,AnthonyA.Carlson,RodrigoVaghiBJJ
Las Vegas Spring International Open 2013,Master2/Male/Brown/Super-Heavy,2,GeorgeExiquioRodriguez,NeutralGrounds/GracieJiuJitsuLongBeach
Las Vegas Spring International Open 2013,Master2/Male/Brown/Ultra-Heavy,1,MichealVictorLaurin,MarcusSoaresAcademy
Las Vegas Spring International Open 2013,Master2/Male/Brown/Ultra-Heavy,2,KellyByronGregoryGray,TeamMica/RodWilson
Las Vegas Spring International Open 2013,Master2/Male/Brown/OpenClass,1,MichealVictorLaurin,MarcusSoaresAcademy
Las Vegas Spring International Open 2013,Master2/Male/Brown/OpenClass,2,KellyByronGregoryGray,TeamMica/RodWilson
Las Vegas Spring International Open 2013,Master2/Male/Brown/OpenClass,3,AlanRubi,CheckMatUSA
Las Vegas Spring International Open 2013,Master2/Male/Brown/OpenClass,3,BrianDavisMansfield,GracieBarra
Las Vegas Spring International Open 2013,Master2/Male/Black/Light-Feather,1,NathanaelBartlettSoli,RibeiroJiu,Jitsu
Las Vegas Spring International Open 2013,Master2/Male/Black/Light-Feather,2,TomVichitVadakan,BrazilianTopTeamLongBeach
Las Vegas Spring International Open 2013,Master2/Male/Black/Feather,1,DanielV.AlvarezJr.,NovaUnião
Las Vegas Spring International Open 2013,Master2/Male/Black/Feather,2,FranklinPatrickQuenga,BrazilianTopTeamLongBeach
Las Vegas Spring International Open 2013,Master2/Male/Black/Feather,3,BryanKeithGlenn,GracieHumaitaLasVegas
Las Vegas Spring International Open 2013,Master2/Male/Black/Light,1,MarlondRicauterLoorVera,GilbertDurinhoAssociationUSA
Las Vegas Spring International Open 2013,Master2/Male/Black/Light,2,JoséCarlosMendonçaMendesJúnior,KingsJiu,Jitsu
Las Vegas Spring International Open 2013,Master2/Male/Black/Middle,1,JohnThomasMcKean,UnifiedJiuJitsu
Las Vegas Spring International Open 2013,Master2/Male/Black/Middle,2,MarkPatrickReding,RedingMartialArts
Las Vegas Spring International Open 2013,Master2/Male/Black/Medium-Heavy,1,AlbertoCrane,GracieBarra
Las Vegas Spring International Open 2013,Master2/Male/Black/Medium-Heavy,2,WalterJ.Holem,ZeroEgoJiuJitsu
Las Vegas Spring International Open 2013,Master2/Male/Black/Medium-Heavy,3,JohnDCarlquist,UnifiedJiuJitsu
Las Vegas Spring International Open 2013,Master2/Male/Black/Medium-Heavy,3,SamuelPuccio,BJJRevolutionTeam
Las Vegas Spring International Open 2013,Master2/Male/Black/Heavy,1,GivanildoSantanadoNascimento,LotusClubJiu,Jitsu
Las Vegas Spring International Open 2013,Master2/Male/Black/Heavy,2,PauloSergioGazzeJr.,CiaPaulistaUSA
Las Vegas Spring International Open 2013,Master2/Male/Black/Heavy,3,ScottGordonCarr,GracieBarra
Las Vegas Spring International Open 2013,Master2/Male/Black/OpenClass,1,GivanildoSantanadoNascimento,LotusClubJiu,Jitsu
Las Vegas Spring International Open 2013,Master2/Male/Black/OpenClass,2,MarlondRicauterLoorVera,GilbertDurinhoAssociationUSA
Las Vegas Spring International Open 2013,Master3/Male/Blue/Feather,1,StaskoHARPER,GracieBarra
Las Vegas Spring International Open 2013,Master3/Male/Blue/Feather,2,JoonLee,GracieBarra
Las Vegas Spring International Open 2013,Master3/Male/Blue/Light,1,JakeBell,EastonBJJ
Las Vegas Spring International Open 2013,Master3/Male/Blue/Light,2,MichaelChungsikYun,GracieBarra
Las Vegas Spring International Open 2013,Master3/Male/Blue/Middle,1,RubenDavila,GracieHumaitaLasVegas
Las Vegas Spring International Open 2013,Master3/Male/Blue/Middle,2,BrandonBrown,GracieBarra
Las Vegas Spring International Open 2013,Master3/Male/Blue/Medium-Heavy,1,KevinBrianO'Donnell,GracieBarra
Las Vegas Spring International Open 2013,Master3/Male/Blue/Medium-Heavy,2,JohnWilliarSheetz,GracieBarra
Las Vegas Spring International Open 2013,Master3/Male/Blue/Medium-Heavy,3,MattBrown,BrazilianTopTeamLongBeach
Las Vegas Spring International Open 2013,Master3/Male/Blue/Heavy,1,MarkGreenall,CleberJiuJitsu
Las Vegas Spring International Open 2013,Master3/Male/Blue/Heavy,2,PaulJessLopez,KingsJiu,Jitsu
Las Vegas Spring International Open 2013,Master3/Male/Blue/Super-Heavy,1,R.JohnCarrilloJr,CavalcantiBJJ,CarlsonGracieLasVegas
Las Vegas Spring International Open 2013,Master3/Male/Blue/Super-Heavy,2,ClarenceE.ChaneyIV,NewBreedAcademy
Las Vegas Spring International Open 2013,Master3/Male/Blue/Super-Heavy,3,AnthonySavelio,CobraKaiJiuJitsu
Las Vegas Spring International Open 2013,Master3/Male/Blue/Ultra-Heavy,1,JulioOlimpioMelodeAraujo,BrazilianTopTeamLongBeach
Las Vegas Spring International Open 2013,Master3/Male/Blue/OpenClass,1,ClarenceE.ChaneyIV,NewBreedAcademy
Las Vegas Spring International Open 2013,Master3/Male/Blue/OpenClass,2,JakeBell,EastonBJJ
Las Vegas Spring International Open 2013,Master3/Male/Blue/OpenClass,3,JohnWilliarSheetz,GracieBarra
Las Vegas Spring International Open 2013,Master3/Male/Blue/OpenClass,3,PaulJessLopez,KingsJiu,Jitsu
Las Vegas Spring International Open 2013,Master3/Male/Purple/Feather,1,ChristopherJHowey,CavalcantiBJJ,CarlsonGracieLasVegas
Las Vegas Spring International Open 2013,Master3/Male/Purple/Feather,2,TommyMontoya,GracieBarra
Las Vegas Spring International Open 2013,Master3/Male/Purple/Light,1,MarkWegener,GracieBarra
Las Vegas Spring International Open 2013,Master3/Male/Purple/Light,2,gregtyson,RibeiroJiu,Jitsu
Las Vegas Spring International Open 2013,Master3/Male/Purple/Middle,1,RoderickSamonteQuevedo,GracieBarra
Las Vegas Spring International Open 2013,Master3/Male/Purple/Medium-Heavy,1,PatrickAndrewScott,RibeiroJiu,Jitsu
Las Vegas Spring International Open 2013,Master3/Male/Purple/Medium-Heavy,2,YoshimuraGlenn,KingsJiu,Jitsu
Las Vegas Spring International Open 2013,Master3/Male/Purple/Medium-Heavy,3,JosephMarkSolorio,NovaUnião
Las Vegas Spring International Open 2013,Master3/Male/Purple/Heavy,1,EdwardLeeMcGowan,GracieBarra
Las Vegas Spring International Open 2013,Master3/Male/Purple/Heavy,2,JoeLord,GracieHumaitaLasVegas
Las Vegas Spring International Open 2013,Master3/Male/Purple/Heavy,3,AldenSimbahon,DrysdaleBJJ
Las Vegas Spring International Open 2013,Master3/Male/Purple/Super-Heavy,1,TaitJohnSkifstrom,NeutralGrounds/GracieJiuJitsuLongBeach
Las Vegas Spring International Open 2013,Master3/Male/Purple/Ultra-Heavy,1,PatrickAnthonyQuesada,KingsJiu,Jitsu
Las Vegas Spring International Open 2013,Master3/Male/Purple/OpenClass,1,TommyMontoya,GracieBarra
Las Vegas Spring International Open 2013,Master3/Male/Purple/OpenClass,2,PatrickAnthonyQuesada,KingsJiu,Jitsu
Las Vegas Spring International Open 2013,Master3/Male/Brown/Light,1,DouglasMartinez,BrazilianTopTeamLongBeach
Las Vegas Spring International Open 2013,Master3/Male/Brown/Light,2,MichaelAnthonyKondracki,RedingMartialArts
Las Vegas Spring International Open 2013,Master3/Male/Brown/Middle,1,JoseAntonioGonzalez,CheckMatUSA
Las Vegas Spring International Open 2013,Master3/Male/Brown/OpenClass,1,JoseAntonioGonzalez,CheckMatUSA
Las Vegas Spring International Open 2013,Master3/Male/Black/Light,1,LesDewayneTate,GracieBarra
Las Vegas Spring International Open 2013,Master3/Male/Black/Medium-Heavy,1,MattJasonBaker,JeanJacquesMachadoBJJ
Las Vegas Spring International Open 2013,Master3/Male/Black/Medium-Heavy,2,JohnWilliamOrr,BrazilianTopTeamLongBeach
Las Vegas Spring International Open 2013,Master3/Male/Black/Medium-Heavy,3,PaulLeonNava,NovaUnião
Las Vegas Spring International Open 2013,Master3/Male/Black/Super-Heavy,1,RhodisleyWilsonRosaJunior,NovaUnião
Las Vegas Spring International Open 2013,Master3/Male/Black/Ultra-Heavy,1,DavidLeeArnold,GracieBarra
Las Vegas Spring International Open 2013,Master3/Male/Black/OpenClass,1,DavidLeeArnold,GracieBarra
Las Vegas Spring International Open 2013,Master3/Male/Black/OpenClass,2,MattJasonBaker,JeanJacquesMachadoBJJ
Las Vegas Spring International Open 2013,Master3/Male/Black/OpenClass,3,PaulLeonNava,NovaUnião
Las Vegas Spring International Open 2013,Master4/Male/Blue/Middle,1,JeffPardeck,GracieHumaita
Las Vegas Spring International Open 2013,Master4/Male/Blue/Heavy,1,GaryLove,BrazilianTopTeamLongBeach
Las Vegas Spring International Open 2013,Master4/Male/Blue/Heavy,2,MarkDavidKelland,CombatBase
Las Vegas Spring International Open 2013,Master4/Male/Blue/OpenClass,1,GaryLove,BrazilianTopTeamLongBeach
Las Vegas Spring International Open 2013,Master4/Male/Blue/OpenClass,2,MarkDavidKelland,CombatBase
Las Vegas Spring International Open 2013,Master4/Male/Purple/Feather,1,KellyJohnson(repetido31942),PedroSauerTeam
Las Vegas Spring International Open 2013,Master4/Male/Purple/Feather,2,PatrickP.Quiray,GracieHumaitaLasVegas
Las Vegas Spring International Open 2013,Master4/Male/Purple/Medium-Heavy,1,georgedavis,GracieBarra
Las Vegas Spring International Open 2013,Master4/Male/Purple/Medium-Heavy,2,MorganLopez,RibeiroJiu,Jitsu
Las Vegas Spring International Open 2013,Master4/Male/Purple/Super-Heavy,1,DeJuanRobinson,GracieHumaitaLasVegas
Las Vegas Spring International Open 2013,Master4/Male/Purple/Super-Heavy,2,RichardFererro,RodrigoVaghiBJJ
Las Vegas Spring International Open 2013,Master4/Male/Purple/OpenClass,1,KellyJohnson(repetido31942),PedroSauerTeam
Las Vegas Spring International Open 2013,Master4/Male/Brown/Heavy,1,AlbertoRamirez,YemasoBrazilianJiu,Jitsu
Las Vegas Spring International Open 2013,Master4/Male/Brown/OpenClass,1,AlbertoRamirez,YemasoBrazilianJiu,Jitsu
Las Vegas Spring International Open 2013,Master4/Male/Black/Heavy,1,EvaldoCorreaLima,NeutralGrounds/GracieJiuJitsuLongBeach
Las Vegas Spring International Open 2013,Master4/Male/Black/Heavy,2,DavisWadeSmith,GracieBarra
Las Vegas Spring International Open 2013,Master4/Male/Black/OpenClass,1,EvaldoCorreaLima,NeutralGrounds/GracieJiuJitsuLongBeach
Las Vegas Spring International Open 2013,Master4/Male/Black/OpenClass,2,DavisWadeSmith,GracieBarra
Las Vegas Spring International Open 2013,Master6/Male/Purple/Super-Heavy,1,LeonardRosen,SakoraJiu,Jitsu
