Sydney International Open 2015,Juvenile/Male/White/Light-Feather,1,EdenChanZhiHang,EquilibriumMixedMartialArts
Sydney International Open 2015,Juvenile/Male/White/Light-Feather,2,JesseAaronLapid,myBJJTeam
Sydney International Open 2015,Juvenile/Male/White/Middle,1,ScottA.Cowper,Farries,NovaUniãoAustralia
Sydney International Open 2015,Juvenile/Male/White/Middle,2,CampbellR.Symes,MarombaAcademiaInternational
Sydney International Open 2015,Adult/Male/White/Light-Feather,1,ArthurPegado,Legacy
Sydney International Open 2015,Adult/Male/White/Light-Feather,2,B.MykoBaluyot,myBJJTeam
Sydney International Open 2015,Adult/Male/White/Light-Feather,3,CarlosJanson,Will/Machado
Sydney International Open 2015,Adult/Male/White/Light-Feather,3,NickolasStonoga,TheDojo
Sydney International Open 2015,Adult/Male/White/Feather,1,CalvinChua,ImpactoJapanB.J.J.
Sydney International Open 2015,Adult/Male/White/Feather,2,KevinHammond,GarageJiuJitsu
Sydney International Open 2015,Adult/Male/White/Feather,3,BinZhu,Will/Machado
Sydney International Open 2015,Adult/Male/White/Feather,3,DanielMoran,GracieBarraAustralia
Sydney International Open 2015,Adult/Male/White/Light,1,PasqualeCotturelli,GracieBarraAustralia
Sydney International Open 2015,Adult/Male/White/Light,2,AlexanderGregoryStoneman,DSTeamJiu,Jitsu
Sydney International Open 2015,Adult/Male/White/Light,3,EuanMurrayClarkin,GarageJiuJitsu
Sydney International Open 2015,Adult/Male/White/Light,3,PeterSmith,GarageJiuJitsu
Sydney International Open 2015,Adult/Male/White/Middle,1,KimMingyu,myBJJTeam
Sydney International Open 2015,Adult/Male/White/Middle,2,PeterJ.P.T.Bell,DSTeamJiu,Jitsu
Sydney International Open 2015,Adult/Male/White/Middle,3,EmreNazlioglu,RootsBJJ
Sydney International Open 2015,Adult/Male/White/Middle,3,JoséAirtonRodriguêsDeAraujoJúnior,GiantTeam,TheSportsPit
Sydney International Open 2015,Adult/Male/White/Medium-Heavy,1,ChristopherR.Maher,NovaUniãoAustralia
Sydney International Open 2015,Adult/Male/White/Medium-Heavy,2,JordonGamble,GracieBarra
Sydney International Open 2015,Adult/Male/White/Medium-Heavy,3,JoshuaRiddett,myBJJTeam
Sydney International Open 2015,Adult/Male/White/Medium-Heavy,3,RyanJ.Stanley,TheDojo
Sydney International Open 2015,Adult/Male/White/Heavy,1,AnthonyElkhoury,GracieHumaitaAustralia
Sydney International Open 2015,Adult/Male/White/Heavy,2,JamesNurka,RootsTeam
Sydney International Open 2015,Adult/Male/White/Heavy,3,ThomasVesey,GracieBarra
Sydney International Open 2015,Adult/Male/White/Heavy,3,ThomasHenryStrembickyj,GracieBarraAustralia
Sydney International Open 2015,Adult/Male/White/Super-Heavy,1,VictorMenshchikov,GracieBarra
Sydney International Open 2015,Adult/Male/White/Super-Heavy,2,GeoffreyLangdale,GracieBarra
Sydney International Open 2015,Adult/Male/White/Super-Heavy,3,AndrewFreebody,myBJJTeam
Sydney International Open 2015,Adult/Male/White/Ultra-Heavy,1,AdamCarle,GracieBarra
Sydney International Open 2015,Adult/Male/White/Ultra-Heavy,2,AdamRidsdale,RootsBJJ
Sydney International Open 2015,Adult/Male/White/Ultra-Heavy,3,NathanToomer,GracieBarra
Sydney International Open 2015,Adult/Male/White/Ultra-Heavy,3,RaminDorani,myBJJTeam
Sydney International Open 2015,Adult/Female/White/Rooster,1,SaraO'Brien,GracieBarra
Sydney International Open 2015,Adult/Female/White/Rooster,2,VirginiaTang,myBJJTeam
Sydney International Open 2015,Adult/Female/White/Light-Feather,1,NatalieLunn,SoulFightersInternational
Sydney International Open 2015,Adult/Female/White/Light-Feather,2,CharmaineShuiManLau,TheDojo
Sydney International Open 2015,Adult/Female/White/Feather,1,AnTruong,GracieHumaitaAustralia
Sydney International Open 2015,Adult/Female/White/Feather,2,PaulaTeKawa,CarlsonGracieTeamAustralia
Sydney International Open 2015,Adult/Female/White/Feather,3,CarlaBocci,GiantTeam,TheSportsPit
Sydney International Open 2015,Adult/Female/White/Feather,3,SitiNurhudaZamrot,EquilibriumMixedMartialArts
Sydney International Open 2015,Adult/Female/White/Light,1,JanetteVlahovich,NovaUniãoAustralia
Sydney International Open 2015,Adult/Female/White/Light,2,KaylaAdam,GracieBarra
Sydney International Open 2015,Adult/Female/White/Light,3,DhuhlasiSivakumaran,RootsBJJ
Sydney International Open 2015,Adult/Female/White/Light,3,JulieRocka,RootsBJJ
Sydney International Open 2015,Adult/Female/White/Middle,1,MirandaOkazima,GuigoJJInternational
Sydney International Open 2015,Adult/Female/White/Middle,2,KimRichards,GracieBarraAustralia
Sydney International Open 2015,Adult/Female/White/Middle,3,SiobhanQuinn,GracieBarra
Sydney International Open 2015,Adult/Female/White/Middle,3,TaissaViana,GracieBarra
Sydney International Open 2015,Adult/Female/White/Medium-Heavy,1,RoxeyKelly,GracieBarra
Sydney International Open 2015,Adult/Female/White/Medium-Heavy,2,RobynSquires,deBeen100%Jiu,Jitsu
Sydney International Open 2015,Adult/Female/White/Heavy,1,AngelicaRasmussen,RootsBJJ
Sydney International Open 2015,Adult/Female/White/Heavy,2,FrancesSargeant,deBeen100%Jiu,Jitsu
Sydney International Open 2015,Adult/Male/Blue/Rooster,1,BillyNewham,GracieBarra
Sydney International Open 2015,Adult/Male/Blue/Rooster,2,DesmondTeng,Legacy
Sydney International Open 2015,Adult/Male/Blue/Rooster,3,EthanCooper,GracieHumaitaAustralia
Sydney International Open 2015,Adult/Male/Blue/Light-Feather,1,KarlDwayneSalva,GracieBarra
Sydney International Open 2015,Adult/Male/Blue/Light-Feather,2,ChristopherAnthonyCaruso,GracieBarra
Sydney International Open 2015,Adult/Male/Blue/Light-Feather,3,MohammadRadeemAbdulRahman,EquilibriumMixedMartialArts
Sydney International Open 2015,Adult/Male/Blue/Light-Feather,3,NickMaroun,GracieHumaitaAustralia
Sydney International Open 2015,Adult/Male/Blue/Feather,1,ThomasAlexanderCaladine,GracieBarra
Sydney International Open 2015,Adult/Male/Blue/Feather,2,RichardElwasfi,Legacy
Sydney International Open 2015,Adult/Male/Blue/Feather,3,BrentonChong,deBeen100%Jiu,Jitsu
Sydney International Open 2015,Adult/Male/Blue/Feather,3,NeilW.Campbell,MarombaAcademiaInternational
Sydney International Open 2015,Adult/Male/Blue/Light,1,FelixChow,GracieHumaitaAustralia
Sydney International Open 2015,Adult/Male/Blue/Light,2,DanielPatching,Legacy
Sydney International Open 2015,Adult/Male/Blue/Light,3,ErionRamljak,GracieBarra
Sydney International Open 2015,Adult/Male/Blue/Light,3,MatthewDiaz,Legacy
Sydney International Open 2015,Adult/Male/Blue/Middle,1,MohamedAbdi,ClubeFeijãoJJ
Sydney International Open 2015,Adult/Male/Blue/Middle,2,ValentinFels,AtosJJInternational
Sydney International Open 2015,Adult/Male/Blue/Middle,3,DaniloSendykDelia,MarombaAcademiaInternational
Sydney International Open 2015,Adult/Male/Blue/Middle,3,RyanThomasElford,DeLaRivaInternational
Sydney International Open 2015,Adult/Male/Blue/Medium-Heavy,1,MaxEvans,RootsBJJ
Sydney International Open 2015,Adult/Male/Blue/Medium-Heavy,2,MitchellBugden,GracieBarra
Sydney International Open 2015,Adult/Male/Blue/Medium-Heavy,3,AmauryMenezes,Legacy
Sydney International Open 2015,Adult/Male/Blue/Medium-Heavy,3,AshShafiezadeh,RootsTeam
Sydney International Open 2015,Adult/Male/Blue/Heavy,1,ArnaldoCardozo,GracieBarra
Sydney International Open 2015,Adult/Male/Blue/Heavy,2,mannytaouk,GracieHumaitaAustralia
Sydney International Open 2015,Adult/Male/Blue/Heavy,3,CharlieDagseven,deBeen100%Jiu,Jitsu
Sydney International Open 2015,Adult/Male/Blue/Heavy,3,MarcCharlesGrayson,GracieBarra
Sydney International Open 2015,Adult/Male/Blue/Super-Heavy,1,CheyneDouglas,InfinityMartialArts
Sydney International Open 2015,Adult/Male/Blue/Super-Heavy,2,JamesWong,GracieBarra
Sydney International Open 2015,Adult/Male/Blue/Super-Heavy,3,KirkForsyth,deBeen100%Jiu,Jitsu
Sydney International Open 2015,Adult/Male/Blue/Super-Heavy,3,LukeRyan,GracieBarra
Sydney International Open 2015,Adult/Male/Blue/Ultra-Heavy,1,stevenrudic,TeamPeroshMixedMartialArts
Sydney International Open 2015,Adult/Male/Blue/Ultra-Heavy,2,ZoranCovic,GuigoJJInternational
Sydney International Open 2015,Adult/Male/Blue/Ultra-Heavy,3,MichaelWarren,deBeen100%Jiu,Jitsu
Sydney International Open 2015,Adult/Male/Blue/Ultra-Heavy,3,MichaelYoung,InfinityMartialArts
Sydney International Open 2015,Adult/Male/Blue/OpenClass,1,MohamedAbdi,ClubeFeijãoJJ
Sydney International Open 2015,Adult/Male/Blue/OpenClass,2,ValentinFels,AtosJJInternational
Sydney International Open 2015,Adult/Male/Blue/OpenClass,3,stevenrudic,TeamPeroshMixedMartialArts
Sydney International Open 2015,Adult/Male/Blue/OpenClass,3,ThomasAlexanderCaladine,GracieBarra
Sydney International Open 2015,Adult/Female/Blue/Rooster,1,DaphneCuniowski,TeamPeroshMixedMartialArts
Sydney International Open 2015,Adult/Female/Blue/Rooster,2,TiffanySchneider,GracieBarra
Sydney International Open 2015,Adult/Female/Blue/Light-Feather,1,LeilaBaroudi,GracieBarra
Sydney International Open 2015,Adult/Female/Blue/Light-Feather,2,LisaJillBlignaut,GracieBarraAustralia
Sydney International Open 2015,Adult/Female/Blue/Feather,1,JoanneVlahovich,NovaUniãoAustralia
Sydney International Open 2015,Adult/Female/Blue/Feather,2,TonnetteHay,GracieBarra
Sydney International Open 2015,Adult/Female/Blue/Feather,3,AlineJorgeCorrea,CiaPaulista,International
Sydney International Open 2015,Adult/Female/Blue/Feather,3,TriciaTan,Legacy
Sydney International Open 2015,Adult/Female/Blue/Light,1,AprylEppinger,MarombaAcademiaInternational
Sydney International Open 2015,Adult/Female/Blue/Light,2,JesseBliss,CiaPaulista,International
Sydney International Open 2015,Adult/Female/Blue/Light,3,EvaHorvath,GracieBarra
Sydney International Open 2015,Adult/Female/Blue/Light,3,MaryWildner,GracieHumaitaAustralia
Sydney International Open 2015,Adult/Female/Blue/Middle,1,GabriellaMotta,GarageJiuJitsu
Sydney International Open 2015,Adult/Female/Blue/Middle,2,MichelleLouiseBradley,GracieBarra
Sydney International Open 2015,Adult/Female/Blue/Middle,3,AudreyKua,EquilibriumMixedMartialArts
Sydney International Open 2015,Adult/Female/Blue/Middle,3,JodieCalow,InfinityMartialArts
Sydney International Open 2015,Adult/Female/Blue/Heavy,1,ShantelleThompson,MarombaAcademiaInternational
Sydney International Open 2015,Adult/Female/Blue/Heavy,2,KarenSiteriNaisoro,GracieBarra
Sydney International Open 2015,Adult/Female/Blue/OpenClass,1,AprylEppinger,MarombaAcademiaInternational
Sydney International Open 2015,Adult/Female/Blue/OpenClass,2,ShantelleThompson,MarombaAcademiaInternational
Sydney International Open 2015,Adult/Female/Blue/OpenClass,3,AudreyKua,EquilibriumMixedMartialArts
Sydney International Open 2015,Adult/Male/Purple/Light-Feather,1,XavierSales,GracieBarra
Sydney International Open 2015,Adult/Male/Purple/Light-Feather,2,JaesungChoi(repetido194342),myBJJTeam
Sydney International Open 2015,Adult/Male/Purple/Light-Feather,3,KangjinChoi,myBJJTeam
Sydney International Open 2015,Adult/Male/Purple/Feather,1,PatrickLim,NovaUniãoAustralia
Sydney International Open 2015,Adult/Male/Purple/Feather,2,GabrielColomb,GracieBarra
Sydney International Open 2015,Adult/Male/Purple/Feather,3,JamesStroud,SouthsideBrazilianJiu,Jitsu
Sydney International Open 2015,Adult/Male/Purple/Feather,3,MikhailTchernych,deBeen100%Jiu,Jitsu
Sydney International Open 2015,Adult/Male/Purple/Light,1,RolandMarahall,Legacy
Sydney International Open 2015,Adult/Male/Purple/Light,2,ArielTabak,TheDojo
Sydney International Open 2015,Adult/Male/Purple/Light,3,CristianoDelGiacco,SouthsideBrazilianJiu,Jitsu
Sydney International Open 2015,Adult/Male/Purple/Light,3,SadaatCheema,GracieHumaitaAustralia
Sydney International Open 2015,Adult/Male/Purple/Middle,1,DavidWillis,GracieBarra
Sydney International Open 2015,Adult/Male/Purple/Middle,2,DanielIreland,Will/Machado
Sydney International Open 2015,Adult/Male/Purple/Middle,3,SimonUm,TeamPeroshMixedMartialArts
Sydney International Open 2015,Adult/Male/Purple/Medium-Heavy,1,GlaucoDeAlmeida,GracieBarra
Sydney International Open 2015,Adult/Male/Purple/Medium-Heavy,2,MarkGrae,GracieHumaitaAustralia
Sydney International Open 2015,Adult/Male/Purple/Medium-Heavy,3,MarlonLambert,GracieBarra
Sydney International Open 2015,Adult/Male/Purple/Medium-Heavy,3,RubenGreeff,NovaUniãoAustralia
Sydney International Open 2015,Adult/Male/Purple/Heavy,1,KarlZuvela,Legacy
Sydney International Open 2015,Adult/Male/Purple/Heavy,2,Sami,nizarBaki,GracieHumaitaAustralia
Sydney International Open 2015,Adult/Male/Purple/Heavy,3,GrantMowbray,GracieBarra
Sydney International Open 2015,Adult/Male/Purple/Heavy,3,MichaelGibson,AmericanTopTeamAtlanta
Sydney International Open 2015,Adult/Male/Purple/OpenClass,1,GlaucoDeAlmeida,GracieBarra
Sydney International Open 2015,Adult/Male/Purple/OpenClass,2,Sami,nizarBaki,GracieHumaitaAustralia
Sydney International Open 2015,Adult/Male/Purple/OpenClass,3,RolandMarahall,Legacy
Sydney International Open 2015,Adult/Female/Purple/Feather,1,KimCousins,MarombaAcademiaInternational
Sydney International Open 2015,Adult/Female/Purple/Feather,2,EleniBerdoukas,GarageJiuJitsu
Sydney International Open 2015,Adult/Female/Purple/Medium-Heavy,1,HopeEllenDouglass,myBJJTeam
Sydney International Open 2015,Adult/Female/Purple/Super-Heavy,1,FatimaDablan,GracieBarra
Sydney International Open 2015,Adult/Female/Purple/OpenClass,1,HopeEllenDouglass,myBJJTeam
Sydney International Open 2015,Adult/Female/Purple/OpenClass,2,KimCousins,MarombaAcademiaInternational
Sydney International Open 2015,Adult/Female/Purple/OpenClass,3,EleniBerdoukas,GarageJiuJitsu
Sydney International Open 2015,Adult/Female/Purple/OpenClass,3,FatimaDablan,GracieBarra
Sydney International Open 2015,Adult/Male/Brown/Feather,1,EricDanielMastro,GarageJiuJitsu
Sydney International Open 2015,Adult/Male/Brown/Feather,2,ChristopherHaoMingSoo,Legacy
Sydney International Open 2015,Adult/Male/Brown/Feather,3,DavidYounan,MarombaAcademiaInternational
Sydney International Open 2015,Adult/Male/Brown/Feather,3,SamuelJamesIsleyHewitt,GracieBarra
Sydney International Open 2015,Adult/Male/Brown/Light,1,RicardoLaffranchi,myBJJTeam
Sydney International Open 2015,Adult/Male/Brown/Heavy,1,ReidJamesReale,deBeen100%Jiu,Jitsu
Sydney International Open 2015,Adult/Male/Brown/Heavy,2,BenoitAuvray,myBJJTeam
Sydney International Open 2015,Adult/Male/Brown/OpenClass,1,RicardoLaffranchi,myBJJTeam
Sydney International Open 2015,Adult/Male/Brown/OpenClass,2,ReidJamesReale,deBeen100%Jiu,Jitsu
Sydney International Open 2015,Adult/Male/Brown/OpenClass,3,BenoitAuvray,myBJJTeam
Sydney International Open 2015,Adult/Male/Black/Feather,1,GuilhermedaSilveiraNeves,GarageJiuJitsu
Sydney International Open 2015,Adult/Male/Black/Feather,2,MichaelThomasHourigan,deBeen100%Jiu,Jitsu
Sydney International Open 2015,Adult/Male/Black/Feather,3,CaioMarinaciTamura,Legacy
Sydney International Open 2015,Adult/Male/Black/Feather,3,ChristopherAnthonySales,GracieBarra
Sydney International Open 2015,Adult/Male/Black/Light,1,LachlanS.Giles,MarombaAcademiaInternational
Sydney International Open 2015,Adult/Male/Black/Light,2,AndersonMarciodaSilvaLemos,GracieBarra
Sydney International Open 2015,Adult/Male/Black/Light,3,MileIvankovic,deBeen100%Jiu,Jitsu
Sydney International Open 2015,Adult/Male/Black/Middle,1,BrianGeorgeFalzon,Legacy
Sydney International Open 2015,Adult/Male/Black/Middle,2,MichaelMiljanToyama,SABrazilianJiu,Jitsu
Sydney International Open 2015,Adult/Male/Black/Medium-Heavy,1,VicenteGomesC.N.Cavalcanti,SouthsideBrazilianJiu,Jitsu
Sydney International Open 2015,Adult/Male/Black/Medium-Heavy,2,ThiagodeGodoiBraga,Legacy
Sydney International Open 2015,Adult/Male/Black/Medium-Heavy,3,ThiagoStefanutti,MarombaAcademiaInternational
Sydney International Open 2015,Adult/Male/Black/Heavy,1,MuratBesnek,MarombaAcademiaInternational
Sydney International Open 2015,Adult/Male/Black/Super-Heavy,1,LeighMichaelBurger,Will/Machado
Sydney International Open 2015,Adult/Male/Black/Ultra-Heavy,1,WilliamFerreiraDias,NovaUniãoAustralia
Sydney International Open 2015,Adult/Male/Black/OpenClass,1,WilliamFerreiraDias,NovaUniãoAustralia
Sydney International Open 2015,Adult/Male/Black/OpenClass,2,BrianGeorgeFalzon,Legacy
Sydney International Open 2015,Adult/Male/Black/OpenClass,3,LeighMichaelBurger,Will/Machado
Sydney International Open 2015,Adult/Male/Black/OpenClass,3,VicenteGomesC.N.Cavalcanti,SouthsideBrazilianJiu,Jitsu
Sydney International Open 2015,Master1/Male/White/Feather,1,AndrewStephen,GarageJiuJitsu
Sydney International Open 2015,Master1/Male/White/Feather,2,RyanPatricio,GracieBarra
Sydney International Open 2015,Master1/Male/White/Light,1,ToddPrice,SoulFightersInternational
Sydney International Open 2015,Master1/Male/White/Light,2,DovMoldovan,GracieBarra
Sydney International Open 2015,Master1/Male/White/Middle,1,ByronLee,myBJJTeam
Sydney International Open 2015,Master1/Male/White/Middle,2,BenAtkins,GracieBarra
Sydney International Open 2015,Master1/Male/White/Middle,3,AltusSnyman,DSTeamJiu,Jitsu
Sydney International Open 2015,Master1/Male/White/Middle,3,GabrielReyes,myBJJTeam
Sydney International Open 2015,Master1/Male/Blue/Feather,1,NeilGourlay,SoulFightersInternational
Sydney International Open 2015,Master1/Male/Blue/Light,1,KristenTeasdale,GracieBarra
Sydney International Open 2015,Master1/Male/Blue/Light,2,JamesBarbour,Will/Machado
Sydney International Open 2015,Master1/Male/Blue/Light,3,LyamQuin,GracieBarraAustralia
Sydney International Open 2015,Master1/Male/Blue/Super-Heavy,1,DougKaegi,MarombaAcademiaInternational
Sydney International Open 2015,Master1/Male/Blue/Super-Heavy,2,BrentTeKawa,CarlsonGracieTeamAustralia
Sydney International Open 2015,Master1/Male/Blue/OpenClass,1,DougKaegi,MarombaAcademiaInternational
Sydney International Open 2015,Master1/Male/Blue/OpenClass,2,NeilGourlay,SoulFightersInternational
Sydney International Open 2015,Master1/Male/Purple/Light,1,IanBruceSaumi,DeLaRivaInternational
Sydney International Open 2015,Master1/Male/Purple/Light,2,ToshihideMiyazawa,myBJJTeam
Sydney International Open 2015,Master1/Male/Purple/Light,3,KitaeKim,GracieBarra
Sydney International Open 2015,Master1/Male/Purple/Middle,1,RafaelAlag,myBJJTeam
Sydney International Open 2015,Master1/Male/Purple/Middle,2,ThiagoPereiraOkazima,GuigoJJInternational
Sydney International Open 2015,Master1/Male/Purple/Medium-Heavy,1,GeorgeHanlan,Legacy
Sydney International Open 2015,Master1/Male/Purple/Medium-Heavy,2,GabrielTomasDeOliveira,GracieBarra
Sydney International Open 2015,Master1/Male/Purple/Medium-Heavy,3,CRISTIANOATSUHIKOHISA,Legacy
Sydney International Open 2015,Master1/Male/Purple/OpenClass,1,RafaelAlag,myBJJTeam
Sydney International Open 2015,Master1/Male/Purple/OpenClass,2,ToshihideMiyazawa,myBJJTeam
Sydney International Open 2015,Master1/Male/Brown/Light,1,JamesCherrie,myBJJTeam
Sydney International Open 2015,Master1/Male/Brown/OpenClass,1,JamesCherrie,myBJJTeam
Sydney International Open 2015,Master2/Male/White/Middle,1,DamonHills,Will/Machado
Sydney International Open 2015,Master2/Male/White/Middle,2,PeterGaul,Will/Machado
Sydney International Open 2015,Master2/Male/White/Middle,3,KevinWilliams,GracieBarra
Sydney International Open 2015,Master2/Male/White/Middle,3,RobertBecvarov,RootsBJJ
Sydney International Open 2015,Master2/Male/White/Medium-Heavy,1,WarenBerger,RootsBJJ
Sydney International Open 2015,Master2/Male/White/Medium-Heavy,2,MichaelGibbs,GracieBarraAustralia
Sydney International Open 2015,Master2/Male/White/Medium-Heavy,3,AshkanMorshedizadeh,GracieBarraAustralia
Sydney International Open 2015,Master2/Male/White/Medium-Heavy,3,BryceLong,GracieBarraSydney
Sydney International Open 2015,Master2/Male/Blue/Middle,1,SeunghyunLee,GracieBarra
Sydney International Open 2015,Master2/Male/Purple/Feather,1,SalvadorJapon,myBJJTeam
Sydney International Open 2015,Master2/Male/Purple/Middle,1,StuartBrain,MarombaAcademiaInternational
Sydney International Open 2015,Master2/Male/Purple/OpenClass,1,StuartBrain,MarombaAcademiaInternational
Sydney International Open 2015,Master2/Male/Purple/OpenClass,2,SalvadorJapon,myBJJTeam
Sydney International Open 2015,Master2/Male/Black/Medium-Heavy,1,LuciodeSousaMonteAlto,AllianceSul
Sydney International Open 2015,Master2/Male/Black/OpenClass,1,LuciodeSousaMonteAlto,AllianceSul
Sydney International Open 2015,Master3/Male/Blue/Middle,1,JovenLapid,myBJJTeam
Sydney International Open 2015,Master3/Male/Blue/OpenClass,1,JovenLapid,myBJJTeam
Sydney International Open 2015,Master3/Male/Purple/Feather,1,TedJosephTarpley,myBJJTeam
Sydney International Open 2015,Master3/Male/Purple/Feather,2,PradeepSriganesh,GracieBarra
Sydney International Open 2015,Master3/Male/Purple/Middle,1,JonathanWood,myBJJTeam
Sydney International Open 2015,Master3/Male/Purple/OpenClass,1,JonathanWood,myBJJTeam
Sydney International Open 2015,Master3/Male/Purple/OpenClass,2,TedJosephTarpley,myBJJTeam
Sydney International Open 2015,Master3/Male/Brown/Super-Heavy,1,MasahitoOsada,GracieBarra
Sydney International Open 2015,Master3/Male/Brown/Super-Heavy,2,StevenJohnBowerman,GracieBarraAustralia
Sydney International Open 2015,Master3/Male/Brown/OpenClass,1,StevenJohnBowerman,GracieBarraAustralia
Sydney International Open 2015,Master3/Male/Brown/OpenClass,2,MasahitoOsada,GracieBarra
Sydney International Open 2015,Master3/Male/Black/Medium-Heavy,1,AndrewJ.Button,LangesMartialArts
Sydney International Open 2015,Master3/Male/Black/Heavy,1,DouglasReginaldodosSantos,DSTeamJiu,Jitsu
Sydney International Open 2015,Master3/Male/Black/Ultra-Heavy,1,MarcoAntonioMedeirosVillela,GiantTeam,TheSportsPit
Sydney International Open 2015,Master3/Male/Black/OpenClass,1,MarcoAntonioMedeirosVillela,GiantTeam,TheSportsPit
Sydney International Open 2015,Master3/Male/Black/OpenClass,2,DouglasReginaldodosSantos,DSTeamJiu,Jitsu
Sydney International Open 2015,Master5/Male/Blue/Middle,1,AndrewMarcSheridon,NovaUniãoAustralia
Sydney International Open 2015,Master5/Male/Black/Light,1,AnthonyThomasByronLange,LangesMartialArts
Sydney International Open 2015,Master5/Male/Black/OpenClass,1,AnthonyThomasByronLange,LangesMartialArts
Sydney International Open 2015,Master6/Male/Black/Middle,1,GreggM.Toyama,SABrazilianJiu,Jitsu
Sydney International Open 2015,Master6/Male/Black/Middle,2,AndrewJ.Nerlich,LangesMartialArts
