Chicago Summer International Open Jiu-Jitsu Championship 2017,Adult/Male/White/Rooster,1,ArbieBalajadia,GracieHumaitaWinnipeg
Chicago Summer International Open Jiu-Jitsu Championship 2017,Adult/Male/White/Rooster,2,JulioEsparza,CarlsonGracieTeam
Chicago Summer International Open Jiu-Jitsu Championship 2017,Adult/Male/White/Light-Feather,1,JesusRivera,RodrigoPinheiroBJJ
Chicago Summer International Open Jiu-Jitsu Championship 2017,Adult/Male/White/Light-Feather,2,KennethNThompson,BonsaiJJ,USA
Chicago Summer International Open Jiu-Jitsu Championship 2017,Adult/Male/White/Light-Feather,3,AlexMoore,CarlsonGracieTeam
Chicago Summer International Open Jiu-Jitsu Championship 2017,Adult/Male/White/Light-Feather,3,AnthonyDo,StaleyMartialArts
Chicago Summer International Open Jiu-Jitsu Championship 2017,Adult/Male/White/Feather,1,DaveChapman,Alliance
Chicago Summer International Open Jiu-Jitsu Championship 2017,Adult/Male/White/Feather,2,ShayanAptinfar,BonsaiJJ,USA
Chicago Summer International Open Jiu-Jitsu Championship 2017,Adult/Male/White/Feather,3,MichaelZagorski,CarlsonGracieTeam
Chicago Summer International Open Jiu-Jitsu Championship 2017,Adult/Male/White/Feather,3,ValentinoOrtiz,UflackerAcademy
Chicago Summer International Open Jiu-Jitsu Championship 2017,Adult/Male/White/Light,1,AnthonyJamesMangi,Alliance
Chicago Summer International Open Jiu-Jitsu Championship 2017,Adult/Male/White/Light,2,TorrenceJosephSavage,StartBrazilianJiu,Jitsu
Chicago Summer International Open Jiu-Jitsu Championship 2017,Adult/Male/White/Light,3,AlbertDushaj,RCJMachado
Chicago Summer International Open Jiu-Jitsu Championship 2017,Adult/Male/White/Light,3,MatthewMorin,BrasaCTA
Chicago Summer International Open Jiu-Jitsu Championship 2017,Adult/Male/White/Middle,1,GrantLaurent,Alliance
Chicago Summer International Open Jiu-Jitsu Championship 2017,Adult/Male/White/Middle,2,JacobLaurent,Alliance
Chicago Summer International Open Jiu-Jitsu Championship 2017,Adult/Male/White/Middle,3,GiovanniCioe,CarlsonGracieTeam
Chicago Summer International Open Jiu-Jitsu Championship 2017,Adult/Male/White/Middle,3,ZacharyBrynOllerman,CheckMat
Chicago Summer International Open Jiu-Jitsu Championship 2017,Adult/Male/White/Medium-Heavy,1,VicenteVielma,BrasaUSA
Chicago Summer International Open Jiu-Jitsu Championship 2017,Adult/Male/White/Medium-Heavy,2,MasonMcDonald,NorthBroadwayJiu,Jitsu
Chicago Summer International Open Jiu-Jitsu Championship 2017,Adult/Male/White/Medium-Heavy,3,AlanEspinoza,GracieBarra
Chicago Summer International Open Jiu-Jitsu Championship 2017,Adult/Male/White/Medium-Heavy,3,KennethClay,ValkoBJJAcademy
Chicago Summer International Open Jiu-Jitsu Championship 2017,Adult/Male/White/Heavy,1,ErikBiberstein,CaiqueJiu,Jitsu
Chicago Summer International Open Jiu-Jitsu Championship 2017,Adult/Male/White/Heavy,2,JosephFazekas,Alliance
Chicago Summer International Open Jiu-Jitsu Championship 2017,Adult/Male/White/Heavy,3,EddieLLewis,ValkoBJJAcademy
Chicago Summer International Open Jiu-Jitsu Championship 2017,Adult/Male/White/Heavy,3,GeoffreyRogers,RilionGracieGreenBay
Chicago Summer International Open Jiu-Jitsu Championship 2017,Adult/Male/White/Super-Heavy,1,DexterTorres,Alliance
Chicago Summer International Open Jiu-Jitsu Championship 2017,Adult/Male/White/Super-Heavy,2,NicholasMadrigal,Alliance
Chicago Summer International Open Jiu-Jitsu Championship 2017,Adult/Male/White/Super-Heavy,3,DavidJEsquivel,CarlsonGracieTeam
Chicago Summer International Open Jiu-Jitsu Championship 2017,Adult/Male/White/Super-Heavy,3,RobertBass,BrasaCTA
Chicago Summer International Open Jiu-Jitsu Championship 2017,Adult/Male/White/Ultra-Heavy,1,ChristopherDurden,Alliance
Chicago Summer International Open Jiu-Jitsu Championship 2017,Adult/Male/White/Ultra-Heavy,2,MarcusSanders,Brazil021International
Chicago Summer International Open Jiu-Jitsu Championship 2017,Adult/Male/White/Ultra-Heavy,3,JosephEdwardFisher,CheckMat
Chicago Summer International Open Jiu-Jitsu Championship 2017,Adult/Male/White/Ultra-Heavy,3,RichardLouissaint,ValkoBJJAcademy
Chicago Summer International Open Jiu-Jitsu Championship 2017,Adult/Male/Blue/Rooster,1,ShawnEncaladoJr.,GFTeamOhio
Chicago Summer International Open Jiu-Jitsu Championship 2017,Adult/Male/Blue/Rooster,2,TimothyApuli,BonsaiJJ,USA
Chicago Summer International Open Jiu-Jitsu Championship 2017,Adult/Male/Blue/Light-Feather,1,CaseyAlanMcWhirter,McVicker'sBrazilianJiuJitsu
Chicago Summer International Open Jiu-Jitsu Championship 2017,Adult/Male/Blue/Light-Feather,2,FelipeRodriguez,UflackerAcademy
Chicago Summer International Open Jiu-Jitsu Championship 2017,Adult/Male/Blue/Light-Feather,3,AndreDionEstoesta,GracieHumaitaWinnipeg
Chicago Summer International Open Jiu-Jitsu Championship 2017,Adult/Male/Blue/Light-Feather,3,AnthonyGoetz,PedigoSubmissionFighting
Chicago Summer International Open Jiu-Jitsu Championship 2017,Adult/Male/Blue/Feather,1,SathyaWiltse,PedigoSubmissionFighting
Chicago Summer International Open Jiu-Jitsu Championship 2017,Adult/Male/Blue/Feather,2,SalvatoreMarandino,GFTeam
Chicago Summer International Open Jiu-Jitsu Championship 2017,Adult/Male/Blue/Feather,3,GavinMikhailCorbe,LuizPalharesJiuJitsu
Chicago Summer International Open Jiu-Jitsu Championship 2017,Adult/Male/Blue/Feather,3,LeonardoToxtle,Alliance
Chicago Summer International Open Jiu-Jitsu Championship 2017,Adult/Male/Blue/Light,1,ChrisWojcik,McVicker'sBrazilianJiuJitsu
Chicago Summer International Open Jiu-Jitsu Championship 2017,Adult/Male/Blue/Light,2,AlejandroWajner,PedigoSubmissionFighting
Chicago Summer International Open Jiu-Jitsu Championship 2017,Adult/Male/Blue/Light,3,JosephRunkel,GracieBarra
Chicago Summer International Open Jiu-Jitsu Championship 2017,Adult/Male/Blue/Light,3,ThomasBolon,GFTeamOhio
Chicago Summer International Open Jiu-Jitsu Championship 2017,Adult/Male/Blue/Middle,1,FelipePortoSchiavon,FightSports
Chicago Summer International Open Jiu-Jitsu Championship 2017,Adult/Male/Blue/Middle,2,NaseemAlsadi,Jiu,JitsuForLifeTeam
Chicago Summer International Open Jiu-Jitsu Championship 2017,Adult/Male/Blue/Middle,3,KyleRobertLindstrom,BrasaCTA
Chicago Summer International Open Jiu-Jitsu Championship 2017,Adult/Male/Blue/Middle,3,RobertoMacaya,RenzoGracieInternational
Chicago Summer International Open Jiu-Jitsu Championship 2017,Adult/Male/Blue/Medium-Heavy,1,DanielMarcCalvert,PrimeJiu,JitsuCenter
Chicago Summer International Open Jiu-Jitsu Championship 2017,Adult/Male/Blue/Medium-Heavy,2,CraigFruth,CarlsonGracieTeam
Chicago Summer International Open Jiu-Jitsu Championship 2017,Adult/Male/Blue/Medium-Heavy,3,AnthonyJCarlos,McVicker'sBrazilianJiuJitsu
Chicago Summer International Open Jiu-Jitsu Championship 2017,Adult/Male/Blue/Medium-Heavy,3,JakeBower,Alliance
Chicago Summer International Open Jiu-Jitsu Championship 2017,Adult/Male/Blue/Heavy,1,RohanPatel,BrasaCTA
Chicago Summer International Open Jiu-Jitsu Championship 2017,Adult/Male/Blue/Heavy,2,MattLim,LCCT,CombatTeam
Chicago Summer International Open Jiu-Jitsu Championship 2017,Adult/Male/Blue/Heavy,3,OrlandoAguilar,CarlsonGracieTeam
Chicago Summer International Open Jiu-Jitsu Championship 2017,Adult/Male/Blue/Super-Heavy,1,EddieParker,Alliance
Chicago Summer International Open Jiu-Jitsu Championship 2017,Adult/Male/Blue/Super-Heavy,2,MatthewSkinner,BrasaCTA
Chicago Summer International Open Jiu-Jitsu Championship 2017,Adult/Male/Blue/Super-Heavy,3,BradleyKupiec,McVicker'sBrazilianJiuJitsu
Chicago Summer International Open Jiu-Jitsu Championship 2017,Adult/Male/Blue/Super-Heavy,3,SeanRider,ValkoBJJAcademy
Chicago Summer International Open Jiu-Jitsu Championship 2017,Adult/Male/Blue/Ultra-Heavy,1,RenanCruz,MarcioCruzBrazilianJiu,Jitsu
Chicago Summer International Open Jiu-Jitsu Championship 2017,Adult/Male/Blue/Ultra-Heavy,2,ConstantineKanavos,UflackerAcademy
Chicago Summer International Open Jiu-Jitsu Championship 2017,Adult/Male/Blue/Ultra-Heavy,3,ClintonJohnsonIII,IndianaBrazilianJiu,JitsuAcademy
Chicago Summer International Open Jiu-Jitsu Championship 2017,Adult/Male/Blue/Ultra-Heavy,3,ZacharySnyder,RibeiroJiu,Jitsu
Chicago Summer International Open Jiu-Jitsu Championship 2017,Adult/Male/Blue/OpenClass,1,RenanCruz,MarcioCruzBrazilianJiu,Jitsu
Chicago Summer International Open Jiu-Jitsu Championship 2017,Adult/Male/Blue/OpenClass,2,FelipePortoSchiavon,FightSports
Chicago Summer International Open Jiu-Jitsu Championship 2017,Adult/Male/Blue/OpenClass,3,ClintonJohnsonIII,IndianaBrazilianJiu,JitsuAcademy
Chicago Summer International Open Jiu-Jitsu Championship 2017,Adult/Male/Blue/OpenClass,3,EddieParker,Alliance
Chicago Summer International Open Jiu-Jitsu Championship 2017,Adult/Male/Purple/Rooster,1,PierrePires,SoulFighter'sChicago,IL,USA
Chicago Summer International Open Jiu-Jitsu Championship 2017,Adult/Male/Purple/Rooster,2,TravisHaywardAnderson,HurricaneJiu,Jitsu
Chicago Summer International Open Jiu-Jitsu Championship 2017,Adult/Male/Purple/Light-Feather,1,FranciscoJonasBorgesAndrade,PSLPBCiceroCostha
Chicago Summer International Open Jiu-Jitsu Championship 2017,Adult/Male/Purple/Light-Feather,2,MarcusBeddor,PedroSauerTeam
Chicago Summer International Open Jiu-Jitsu Championship 2017,Adult/Male/Purple/Light-Feather,3,AnthonyCurry,BonsaiJJ,USA
Chicago Summer International Open Jiu-Jitsu Championship 2017,Adult/Male/Purple/Light-Feather,3,DavidLeeLongoria,SoulFighter'sChicago,IL,USA
Chicago Summer International Open Jiu-Jitsu Championship 2017,Adult/Male/Purple/Feather,1,MatheusGabrielPinheiroBarros,CheckMat
Chicago Summer International Open Jiu-Jitsu Championship 2017,Adult/Male/Purple/Feather,2,IsraeldeSousaAlmeida,GFTeam
Chicago Summer International Open Jiu-Jitsu Championship 2017,Adult/Male/Purple/Feather,3,JaceVevera,BonsaiJJ,USA
Chicago Summer International Open Jiu-Jitsu Championship 2017,Adult/Male/Purple/Feather,3,PaulVang,BrasaCTA
Chicago Summer International Open Jiu-Jitsu Championship 2017,Adult/Male/Purple/Light,1,ItaloMouradeAzevedo,PSLPBCiceroCostha
Chicago Summer International Open Jiu-Jitsu Championship 2017,Adult/Male/Purple/Light,2,AlexanderCharlesYablong,EastonBJJ
Chicago Summer International Open Jiu-Jitsu Championship 2017,Adult/Male/Purple/Light,3,KyleKucsera,BJJCoach,Corral'sMartialArts
Chicago Summer International Open Jiu-Jitsu Championship 2017,Adult/Male/Purple/Light,3,NicholasMccann,Jiu,JitsuForLifeTeam
Chicago Summer International Open Jiu-Jitsu Championship 2017,Adult/Male/Purple/Middle,1,AndrewWiltse,PedigoSubmissionFighting
Chicago Summer International Open Jiu-Jitsu Championship 2017,Adult/Male/Purple/Middle,2,RamsesBugarin,BrasaCTA
Chicago Summer International Open Jiu-Jitsu Championship 2017,Adult/Male/Purple/Middle,3,DohunKim,UnityJiu,jitsu
Chicago Summer International Open Jiu-Jitsu Championship 2017,Adult/Male/Purple/Middle,3,EricRolston,AlvarezBrazilianJiu,Jitsu
Chicago Summer International Open Jiu-Jitsu Championship 2017,Adult/Male/Purple/Medium-Heavy,1,MauriciodeOliveiraSantosNeto,GFTeam
Chicago Summer International Open Jiu-Jitsu Championship 2017,Adult/Male/Purple/Medium-Heavy,2,RyanAitken,Alliance
Chicago Summer International Open Jiu-Jitsu Championship 2017,Adult/Male/Purple/Medium-Heavy,3,BryanPeterson,BonsaiJJ,USA
Chicago Summer International Open Jiu-Jitsu Championship 2017,Adult/Male/Purple/Medium-Heavy,3,PedroHenriqueSeguraVeras,CiceroCosthaInternacional
Chicago Summer International Open Jiu-Jitsu Championship 2017,Adult/Male/Purple/Heavy,1,LukeElders,CavaloTeam
Chicago Summer International Open Jiu-Jitsu Championship 2017,Adult/Male/Purple/Heavy,2,MichaelMays,BrasaCTA
Chicago Summer International Open Jiu-Jitsu Championship 2017,Adult/Male/Purple/Heavy,3,DanielJ.Rodriguez,UflackerAcademy
Chicago Summer International Open Jiu-Jitsu Championship 2017,Adult/Male/Purple/Heavy,3,John,DylanRomann,Alliance
Chicago Summer International Open Jiu-Jitsu Championship 2017,Adult/Male/Purple/Super-Heavy,1,NicholasN.Spacek,BonsaiJJ,USA
Chicago Summer International Open Jiu-Jitsu Championship 2017,Adult/Male/Purple/Super-Heavy,2,RobertoRamirez,IndianaBrazilianJiu,JitsuAcademy
Chicago Summer International Open Jiu-Jitsu Championship 2017,Adult/Male/Purple/Super-Heavy,3,GreysonPlate,BrasaUSA
Chicago Summer International Open Jiu-Jitsu Championship 2017,Adult/Male/Purple/Super-Heavy,3,NolanCampbell,AresBJJ
Chicago Summer International Open Jiu-Jitsu Championship 2017,Adult/Male/Purple/Ultra-Heavy,1,EricHuebner,WatsonMartialArts
Chicago Summer International Open Jiu-Jitsu Championship 2017,Adult/Male/Purple/Ultra-Heavy,2,PedroZapataJr,BrasaCTA
Chicago Summer International Open Jiu-Jitsu Championship 2017,Adult/Male/Purple/Ultra-Heavy,3,MichaelGodfread,TheJiu,JitsuAcademy
Chicago Summer International Open Jiu-Jitsu Championship 2017,Adult/Male/Purple/OpenClass,1,IsraeldeSousaAlmeida,GFTeam
Chicago Summer International Open Jiu-Jitsu Championship 2017,Adult/Male/Purple/OpenClass,2,MauriciodeOliveiraSantosNeto,GFTeam
Chicago Summer International Open Jiu-Jitsu Championship 2017,Adult/Male/Purple/OpenClass,3,AndrewWiltse,PedigoSubmissionFighting
Chicago Summer International Open Jiu-Jitsu Championship 2017,Adult/Male/Purple/OpenClass,3,RyanAitken,Alliance
Chicago Summer International Open Jiu-Jitsu Championship 2017,Adult/Male/Brown/Rooster,1,DeanLewis,Alliance
Chicago Summer International Open Jiu-Jitsu Championship 2017,Adult/Male/Brown/Rooster,2,MarkMillare,RenatoTavaresAssociation
Chicago Summer International Open Jiu-Jitsu Championship 2017,Adult/Male/Brown/Feather,1,ColeThomasFranson,TinguinhaBJJacademy
Chicago Summer International Open Jiu-Jitsu Championship 2017,Adult/Male/Brown/Feather,2,DeandreVillaramaCorbe,LuizPalharesJiuJitsu
Chicago Summer International Open Jiu-Jitsu Championship 2017,Adult/Male/Brown/Feather,3,AaronBrooks,CarlsonGracieTeam
Chicago Summer International Open Jiu-Jitsu Championship 2017,Adult/Male/Brown/Feather,3,AlexJacobHodi,DetroitJiu,JitsuAcademy
Chicago Summer International Open Jiu-Jitsu Championship 2017,Adult/Male/Brown/Light,1,KhalilFadiFadlallah,DetroitJiu,JitsuAcademy
Chicago Summer International Open Jiu-Jitsu Championship 2017,Adult/Male/Brown/Light,2,DylanC.Whyte,PositiveBalanceGrappling
Chicago Summer International Open Jiu-Jitsu Championship 2017,Adult/Male/Brown/Light,3,DanielPatrickSweeney,HurricaneJiu,Jitsu
Chicago Summer International Open Jiu-Jitsu Championship 2017,Adult/Male/Brown/Light,3,RubenEnriqueCoronado,GracieBarra
Chicago Summer International Open Jiu-Jitsu Championship 2017,Adult/Male/Brown/Middle,1,LoganGriffin,GracieBarra
Chicago Summer International Open Jiu-Jitsu Championship 2017,Adult/Male/Brown/Middle,2,BlakeKlassman,McVicker'sBrazilianJiuJitsu
Chicago Summer International Open Jiu-Jitsu Championship 2017,Adult/Male/Brown/Middle,3,JoshuaS.McKinney,WatsonMartialArts
Chicago Summer International Open Jiu-Jitsu Championship 2017,Adult/Male/Brown/Middle,3,MohamadAkhdar,DetroitJiu,JitsuAcademy
Chicago Summer International Open Jiu-Jitsu Championship 2017,Adult/Male/Brown/Medium-Heavy,1,ShaneFishman,BodyofFour
Chicago Summer International Open Jiu-Jitsu Championship 2017,Adult/Male/Brown/Medium-Heavy,2,RobertMichaelLewis,McVicker'sBrazilianJiuJitsu
Chicago Summer International Open Jiu-Jitsu Championship 2017,Adult/Male/Brown/Medium-Heavy,3,BrettCoffland,Alliance
Chicago Summer International Open Jiu-Jitsu Championship 2017,Adult/Male/Brown/Medium-Heavy,3,JoshuaCadenbach,GracieBarra
Chicago Summer International Open Jiu-Jitsu Championship 2017,Adult/Male/Brown/Heavy,1,AdamMaslach,UflackerAcademy
Chicago Summer International Open Jiu-Jitsu Championship 2017,Adult/Male/Brown/Heavy,2,CharlesDavidPaul,BonsaiJJ,USA
Chicago Summer International Open Jiu-Jitsu Championship 2017,Adult/Male/Brown/Super-Heavy,1,JosephC.Watson,GracieBarra
Chicago Summer International Open Jiu-Jitsu Championship 2017,Adult/Male/Brown/Ultra-Heavy,1,OscarJohnHipp,Alliance
Chicago Summer International Open Jiu-Jitsu Championship 2017,Adult/Male/Brown/OpenClass,1,JoshuaS.McKinney,WatsonMartialArts
Chicago Summer International Open Jiu-Jitsu Championship 2017,Adult/Male/Brown/OpenClass,2,AlexJacobHodi,DetroitJiu,JitsuAcademy
Chicago Summer International Open Jiu-Jitsu Championship 2017,Adult/Male/Brown/OpenClass,3,JosephC.Watson,GracieBarra
Chicago Summer International Open Jiu-Jitsu Championship 2017,Adult/Male/Brown/OpenClass,3,LoganGriffin,GracieBarra
Chicago Summer International Open Jiu-Jitsu Championship 2017,Adult/Male/Black/Light-Feather,1,JoãoRicardoBordignonMiyao,PSLPBCiceroCostha
Chicago Summer International Open Jiu-Jitsu Championship 2017,Adult/Male/Black/Light-Feather,2,AlexisAlduncinBarragan,RenzoGracieMexico
Chicago Summer International Open Jiu-Jitsu Championship 2017,Adult/Male/Black/Light-Feather,3,AnthonyJosephFerro,UflackerAcademy
Chicago Summer International Open Jiu-Jitsu Championship 2017,Adult/Male/Black/Light-Feather,3,JuanLopesdaSilva,CarlsonGracieTeam
Chicago Summer International Open Jiu-Jitsu Championship 2017,Adult/Male/Black/Feather,1,SilvioDurandeBarrosSaraiva,VitorShaolinBJJ
Chicago Summer International Open Jiu-Jitsu Championship 2017,Adult/Male/Black/Feather,2,WallaceFernandoSantos,SoulFighter'sChicago,IL,USA
Chicago Summer International Open Jiu-Jitsu Championship 2017,Adult/Male/Black/Feather,3,BruceGuevara,UflackerAcademy
Chicago Summer International Open Jiu-Jitsu Championship 2017,Adult/Male/Black/Light,1,AlexandreFariaMolinaro,CarlsonGracieTeam
Chicago Summer International Open Jiu-Jitsu Championship 2017,Adult/Male/Black/Light,2,JeffreyTimothyCummings,PositiveBalanceGrappling
Chicago Summer International Open Jiu-Jitsu Championship 2017,Adult/Male/Black/Light,3,BricklinJ.Welch,TeamRedzovic
Chicago Summer International Open Jiu-Jitsu Championship 2017,Adult/Male/Black/Light,3,JulioCordovaReyes,RenzoGracieMexico
Chicago Summer International Open Jiu-Jitsu Championship 2017,Adult/Male/Black/Middle,1,DanteLeon,GFTeam
Chicago Summer International Open Jiu-Jitsu Championship 2017,Adult/Male/Black/Middle,2,EliezerDavidRaabSkaf,NsBrotherhood
Chicago Summer International Open Jiu-Jitsu Championship 2017,Adult/Male/Black/Middle,3,IgorMatosinhodePaiva,SoulFighter'sChicago,IL,USA
Chicago Summer International Open Jiu-Jitsu Championship 2017,Adult/Male/Black/Middle,3,OliverLeysGeddes,RogerGracieAcademy
Chicago Summer International Open Jiu-Jitsu Championship 2017,Adult/Male/Black/Medium-Heavy,1,LucasDanielSilvaBarbosa,AtosJiu,Jitsu
Chicago Summer International Open Jiu-Jitsu Championship 2017,Adult/Male/Black/Medium-Heavy,2,MatthewWLeighton,BonsaiJJ,USA
Chicago Summer International Open Jiu-Jitsu Championship 2017,Adult/Male/Black/Medium-Heavy,3,JosephNelsonHooker,GracieBarra
Chicago Summer International Open Jiu-Jitsu Championship 2017,Adult/Male/Black/Heavy,1,KeenanKai,JamesCornelius,AtosJiu,Jitsu
Chicago Summer International Open Jiu-Jitsu Championship 2017,Adult/Male/Black/Heavy,2,JohnBGutta,BonsaiJJ,USA
Chicago Summer International Open Jiu-Jitsu Championship 2017,Adult/Male/Black/Heavy,3,EzraZendtLenon,CavaloTeam
Chicago Summer International Open Jiu-Jitsu Championship 2017,Adult/Male/Black/Super-Heavy,1,GutembergdeJesusSantosPereira,GFTeam
Chicago Summer International Open Jiu-Jitsu Championship 2017,Adult/Male/Black/Super-Heavy,2,JoshuaRoyHinger,AtosJiu,Jitsu
Chicago Summer International Open Jiu-Jitsu Championship 2017,Adult/Male/Black/Super-Heavy,3,StevenJ.Patterson,BrasaCTA
Chicago Summer International Open Jiu-Jitsu Championship 2017,Adult/Male/Black/OpenClass,1,KeenanKai,JamesCornelius,AtosJiu,Jitsu
Chicago Summer International Open Jiu-Jitsu Championship 2017,Adult/Male/Black/OpenClass,2,GutembergdeJesusSantosPereira,GFTeam
Chicago Summer International Open Jiu-Jitsu Championship 2017,Adult/Male/Black/OpenClass,3,DanteLeon,GFTeam
Chicago Summer International Open Jiu-Jitsu Championship 2017,Adult/Male/Black/OpenClass,3,JoshuaRoyHinger,AtosJiu,Jitsu
Chicago Summer International Open Jiu-Jitsu Championship 2017,Adult/Female/White/Rooster,1,CrystalAlexandraContreras,ValkoBJJAcademy
Chicago Summer International Open Jiu-Jitsu Championship 2017,Adult/Female/White/Rooster,2,GabrielaArevalo,CarlsonGracieTeam
Chicago Summer International Open Jiu-Jitsu Championship 2017,Adult/Female/White/Light-Feather,2,KerrielleWerba,CarlsonGracieTeam
Chicago Summer International Open Jiu-Jitsu Championship 2017,Adult/Female/White/Light-Feather,3,ElleWagman,MontanhaJiu,JitsuAcademy
Chicago Summer International Open Jiu-Jitsu Championship 2017,Adult/Female/White/Light-Feather,3,JeniFennell,Choke,U
Chicago Summer International Open Jiu-Jitsu Championship 2017,Adult/Female/White/Feather,1,HeatherShedd,UflackerAcademy
Chicago Summer International Open Jiu-Jitsu Championship 2017,Adult/Female/White/Feather,2,CatBagent,GFTeamOhio
Chicago Summer International Open Jiu-Jitsu Championship 2017,Adult/Female/White/Feather,3,LucyDominguez,CarlsonGracieTeam
Chicago Summer International Open Jiu-Jitsu Championship 2017,Adult/Female/White/Feather,3,SheenamWenzel,BrasaCTA
Chicago Summer International Open Jiu-Jitsu Championship 2017,Adult/Female/White/Light,1,HaydenBrookeBishop,BrasaCTA
Chicago Summer International Open Jiu-Jitsu Championship 2017,Adult/Female/White/Light,2,MarySanders,GracieHumaitaWinnipeg
Chicago Summer International Open Jiu-Jitsu Championship 2017,Adult/Female/White/Light,3,NahiyhaTeliethaPorter,CarlsonGracieTeam
Chicago Summer International Open Jiu-Jitsu Championship 2017,Adult/Female/White/Light,3,SusanNataliaMera,BodyofFour
Chicago Summer International Open Jiu-Jitsu Championship 2017,Adult/Female/White/Middle,1,EmilyHemingway,UnityJiu,jitsu
Chicago Summer International Open Jiu-Jitsu Championship 2017,Adult/Female/White/Middle,2,JasmineVazquez,Alliance
Chicago Summer International Open Jiu-Jitsu Championship 2017,Adult/Female/White/Middle,3,DakotaIreaneLouiseCherup,CarlsonGracieTeam
Chicago Summer International Open Jiu-Jitsu Championship 2017,Adult/Female/White/Middle,3,MariaBPhilipp,CheckMat
Chicago Summer International Open Jiu-Jitsu Championship 2017,Adult/Female/White/Medium-Heavy,1,KatelynMaryAdducci,GracieBarra
Chicago Summer International Open Jiu-Jitsu Championship 2017,Adult/Female/White/Medium-Heavy,2,BriannaPeterson,Alliance
Chicago Summer International Open Jiu-Jitsu Championship 2017,Adult/Female/White/Medium-Heavy,3,HannahIngram,TeamLDMA
Chicago Summer International Open Jiu-Jitsu Championship 2017,Adult/Female/White/Medium-Heavy,3,RositaRamirez,CarlsonGracieTeam
Chicago Summer International Open Jiu-Jitsu Championship 2017,Adult/Female/White/Heavy,1,KylieDanaeMarlowe,PedigoSubmissionFighting
Chicago Summer International Open Jiu-Jitsu Championship 2017,Adult/Female/White/Heavy,2,MelodyJeter,CarlsonGracieTeam
Chicago Summer International Open Jiu-Jitsu Championship 2017,Adult/Female/White/Heavy,3,DannaJalinkaPreciado,CarlsonGracieTeam
Chicago Summer International Open Jiu-Jitsu Championship 2017,Adult/Female/White/Super-Heavy,1,TiffanyStewart,CarlsonGracieTeam
Chicago Summer International Open Jiu-Jitsu Championship 2017,Adult/Female/White/Super-Heavy,2,AnnaKroeger,BonsaiJJ,USA
Chicago Summer International Open Jiu-Jitsu Championship 2017,Adult/Female/White/Super-Heavy,3,JoyNkechiEzidinma,BrasaCTA
Chicago Summer International Open Jiu-Jitsu Championship 2017,Adult/Female/White/Super-Heavy,3,LaceMeyer,BrasaCTA
Chicago Summer International Open Jiu-Jitsu Championship 2017,Adult/Female/Blue/Light-Feather,1,MonicaSusanaSalazarSerna,RodrigoPinheiroBJJ
Chicago Summer International Open Jiu-Jitsu Championship 2017,Adult/Female/Blue/Light-Feather,2,MichelleDonovan,CheckMat
Chicago Summer International Open Jiu-Jitsu Championship 2017,Adult/Female/Blue/Light-Feather,3,BiancaMichelleDefensorVives,BonsaiJJ,USA
Chicago Summer International Open Jiu-Jitsu Championship 2017,Adult/Female/Blue/Light-Feather,3,MelissaAnneDuda,BonsaiJJ,USA
Chicago Summer International Open Jiu-Jitsu Championship 2017,Adult/Female/Blue/Feather,1,KathleenEgan,AMBJJ,AlexMartinsBrazilianJiu,Jitsu
Chicago Summer International Open Jiu-Jitsu Championship 2017,Adult/Female/Blue/Feather,2,AnnabelleDacuycuy,BrasaCTA
Chicago Summer International Open Jiu-Jitsu Championship 2017,Adult/Female/Blue/Light,1,JessicaAnnBuchman,BrasaCTA
Chicago Summer International Open Jiu-Jitsu Championship 2017,Adult/Female/Blue/Light,2,LoganRance,GFTeamOhio
Chicago Summer International Open Jiu-Jitsu Championship 2017,Adult/Female/Blue/Light,3,DarlaSedlacek,HurricaneJiu,Jitsu
Chicago Summer International Open Jiu-Jitsu Championship 2017,Adult/Female/Blue/Middle,1,CorinaStocker,Brazil021SchoolofJiu,Jitsu
Chicago Summer International Open Jiu-Jitsu Championship 2017,Adult/Female/Blue/Middle,2,VictoriaChu,Alliance
Chicago Summer International Open Jiu-Jitsu Championship 2017,Adult/Female/Blue/Middle,3,JulieMichaelaSoenksen,CRBJJUSA
Chicago Summer International Open Jiu-Jitsu Championship 2017,Adult/Female/Blue/Middle,3,SumiaDuehlmeyer,MXTFightAcademy,Canada
Chicago Summer International Open Jiu-Jitsu Championship 2017,Adult/Female/Blue/Medium-Heavy,1,AmberLaurenSmallridge,RCJMachado
Chicago Summer International Open Jiu-Jitsu Championship 2017,Adult/Female/Blue/Medium-Heavy,2,SamanthaHall,GracieBarra
Chicago Summer International Open Jiu-Jitsu Championship 2017,Adult/Female/Blue/Medium-Heavy,3,EdenBerg,CarlsonGracieTeam
Chicago Summer International Open Jiu-Jitsu Championship 2017,Adult/Female/Blue/Medium-Heavy,3,NatalieBarczyk,Alliance
Chicago Summer International Open Jiu-Jitsu Championship 2017,Adult/Female/Blue/Heavy,1,RebeccaFaris,MXTFightAcademy,Canada
Chicago Summer International Open Jiu-Jitsu Championship 2017,Adult/Female/Blue/Heavy,2,TommiLeaRodriguez,CarlsonGracieTeam
Chicago Summer International Open Jiu-Jitsu Championship 2017,Adult/Female/Blue/Super-Heavy,1,MariannaMelannieBelmares,CarlsonGracieTeam
Chicago Summer International Open Jiu-Jitsu Championship 2017,Adult/Female/Blue/Super-Heavy,2,KatelynBird,CarlsonGracieTeam
Chicago Summer International Open Jiu-Jitsu Championship 2017,Adult/Female/Blue/Super-Heavy,3,AngeliqueVences,UflackerAcademy
Chicago Summer International Open Jiu-Jitsu Championship 2017,Adult/Female/Blue/OpenClass,1,RebeccaFaris,MXTFightAcademy,Canada
Chicago Summer International Open Jiu-Jitsu Championship 2017,Adult/Female/Blue/OpenClass,2,JessicaAnnBuchman,BrasaCTA
Chicago Summer International Open Jiu-Jitsu Championship 2017,Adult/Female/Blue/OpenClass,3,CorinaStocker,Brazil021SchoolofJiu,Jitsu
Chicago Summer International Open Jiu-Jitsu Championship 2017,Adult/Female/Blue/OpenClass,3,MonicaSusanaSalazarSerna,RodrigoPinheiroBJJ
Chicago Summer International Open Jiu-Jitsu Championship 2017,Adult/Female/Purple/Feather,1,GabriellaMcauliffe,RioProBrazilianJiuJitsu
Chicago Summer International Open Jiu-Jitsu Championship 2017,Adult/Female/Purple/Feather,2,MelissaDiakova,RenzoGracieInternational
Chicago Summer International Open Jiu-Jitsu Championship 2017,Adult/Female/Purple/Feather,3,AubreyRawlings,IndianaBrazilianJiu,JitsuAcademy
Chicago Summer International Open Jiu-Jitsu Championship 2017,Adult/Female/Purple/Light,1,BuyandelgerBattsogt,MongolianBJJ
Chicago Summer International Open Jiu-Jitsu Championship 2017,Adult/Female/Purple/Light,2,MorganLeighBlack,PrimeJiu,JitsuCenter
Chicago Summer International Open Jiu-Jitsu Championship 2017,Adult/Female/Purple/Light,3,AshleeCooks,Alliance
Chicago Summer International Open Jiu-Jitsu Championship 2017,Adult/Female/Purple/Light,3,CristinaAnaya,SoulFighter'sChicago,IL,USA
Chicago Summer International Open Jiu-Jitsu Championship 2017,Adult/Female/Purple/Middle,1,KatlynFlannery,McCune'sMartialArts
Chicago Summer International Open Jiu-Jitsu Championship 2017,Adult/Female/Purple/Heavy,1,MaxineKnetter,Alliance
Chicago Summer International Open Jiu-Jitsu Championship 2017,Adult/Female/Purple/Heavy,2,PatriciaSheridan,UflackerAcademy
Chicago Summer International Open Jiu-Jitsu Championship 2017,Adult/Female/Purple/OpenClass,1,MaxineKnetter,Alliance
Chicago Summer International Open Jiu-Jitsu Championship 2017,Adult/Female/Purple/OpenClass,2,CristinaAnaya,SoulFighter'sChicago,IL,USA
Chicago Summer International Open Jiu-Jitsu Championship 2017,Adult/Female/Purple/OpenClass,3,GabriellaMcauliffe,RioProBrazilianJiuJitsu
Chicago Summer International Open Jiu-Jitsu Championship 2017,Adult/Female/Purple/OpenClass,3,PatriciaSheridan,UflackerAcademy
Chicago Summer International Open Jiu-Jitsu Championship 2017,Adult/Female/Black/Light,1,LaurahElizabethHallock,GFTeam
Chicago Summer International Open Jiu-Jitsu Championship 2017,Adult/Female/Black/Medium-Heavy,1,CatherineFuhroPerret,CheckMat
Chicago Summer International Open Jiu-Jitsu Championship 2017,Adult/Female/Black/OpenClass,1,CatherineFuhroPerret,CheckMat
Chicago Summer International Open Jiu-Jitsu Championship 2017,Adult/Female/Black/OpenClass,2,LaurahElizabethHallock,GFTeam
Chicago Summer International Open Jiu-Jitsu Championship 2017,Master1/Male/White/Rooster,1,WeiyuLi,ValkoBJJAcademy
Chicago Summer International Open Jiu-Jitsu Championship 2017,Master1/Male/White/Rooster,2,JoseJuanSamano,UflackerAcademy
Chicago Summer International Open Jiu-Jitsu Championship 2017,Master1/Male/White/Light-Feather,1,UsamahLoveless,BrasaCTA
Chicago Summer International Open Jiu-Jitsu Championship 2017,Master1/Male/White/Light-Feather,2,TravisJLang,RibeiroJiu,Jitsu
Chicago Summer International Open Jiu-Jitsu Championship 2017,Master1/Male/White/Light-Feather,3,MelH.Yanson,FabioClementeBJJ
Chicago Summer International Open Jiu-Jitsu Championship 2017,Master1/Male/White/Feather,1,WestonThompson,RibeiroJiu,Jitsu
Chicago Summer International Open Jiu-Jitsu Championship 2017,Master1/Male/White/Feather,2,AndrewWang,GracieBarra
Chicago Summer International Open Jiu-Jitsu Championship 2017,Master1/Male/White/Feather,3,CarlGramata,ValkoBJJAcademy
Chicago Summer International Open Jiu-Jitsu Championship 2017,Master1/Male/White/Feather,3,PaulAndresMantilla,McVicker'sBrazilianJiuJitsu
Chicago Summer International Open Jiu-Jitsu Championship 2017,Master1/Male/White/Light,1,ZacharyDavidPaul,VenerationBJJ
Chicago Summer International Open Jiu-Jitsu Championship 2017,Master1/Male/White/Light,2,ColinMatthewSinger,McCune'sMartialArts
Chicago Summer International Open Jiu-Jitsu Championship 2017,Master1/Male/White/Light,3,DanielDiCamillo,ValkoBJJAcademy
Chicago Summer International Open Jiu-Jitsu Championship 2017,Master1/Male/White/Light,3,JosephWilliamDutra,CarlsonGracieTeam
Chicago Summer International Open Jiu-Jitsu Championship 2017,Master1/Male/White/Middle,1,ColinRSantangelo,BrasaCTA
Chicago Summer International Open Jiu-Jitsu Championship 2017,Master1/Male/White/Middle,2,LawrenceADoria,UflackerAcademy
Chicago Summer International Open Jiu-Jitsu Championship 2017,Master1/Male/White/Middle,3,AnthonyFerrarini,BJJCoach,Corral'sMartialArts
Chicago Summer International Open Jiu-Jitsu Championship 2017,Master1/Male/White/Middle,3,ThomasWilliamThomsen,Alliance
Chicago Summer International Open Jiu-Jitsu Championship 2017,Master1/Male/White/Medium-Heavy,1,RobSchmidt,CheckMat
Chicago Summer International Open Jiu-Jitsu Championship 2017,Master1/Male/White/Medium-Heavy,2,KennethThomas,BrasaCTA
Chicago Summer International Open Jiu-Jitsu Championship 2017,Master1/Male/White/Medium-Heavy,3,JosephJAaronson,CRBJJUSA
Chicago Summer International Open Jiu-Jitsu Championship 2017,Master1/Male/White/Medium-Heavy,3,MarkoKujaca,ValkoBJJAcademy
Chicago Summer International Open Jiu-Jitsu Championship 2017,Master1/Male/White/Heavy,1,RaulVelazquez,UflackerAcademy
Chicago Summer International Open Jiu-Jitsu Championship 2017,Master1/Male/White/Heavy,2,CoreyPowers,BrasaCTA
Chicago Summer International Open Jiu-Jitsu Championship 2017,Master1/Male/White/Heavy,3,DavidDanaher,ValkoBJJAcademy
Chicago Summer International Open Jiu-Jitsu Championship 2017,Master1/Male/White/Heavy,3,JordanSmothers,BrasaCTA
Chicago Summer International Open Jiu-Jitsu Championship 2017,Master1/Male/White/Super-Heavy,1,AddisonMerchut,SoulFighter'sChicago,IL,USA
Chicago Summer International Open Jiu-Jitsu Championship 2017,Master1/Male/White/Super-Heavy,2,AdamJaySmith,GracieBarra
Chicago Summer International Open Jiu-Jitsu Championship 2017,Master1/Male/White/Ultra-Heavy,1,ClementeSantanaLima,A,ForceBrazilianJiu,Jitsu
Chicago Summer International Open Jiu-Jitsu Championship 2017,Master1/Male/White/Ultra-Heavy,2,GeorgeStevenRobbins,GracieBarra
Chicago Summer International Open Jiu-Jitsu Championship 2017,Master1/Male/White/Ultra-Heavy,3,(Wayne)WilliamBrodeur,Alliance
Chicago Summer International Open Jiu-Jitsu Championship 2017,Master1/Male/White/Ultra-Heavy,3,AndrewMarkBrunet,CarlsonGracieTeam
Chicago Summer International Open Jiu-Jitsu Championship 2017,Master1/Male/Blue/Light-Feather,1,SteveHardy,NinoSchembriTeam
Chicago Summer International Open Jiu-Jitsu Championship 2017,Master1/Male/Blue/Light-Feather,2,MatthewJamesSosnicki,ValkoBJJAcademy
Chicago Summer International Open Jiu-Jitsu Championship 2017,Master1/Male/Blue/Light-Feather,3,MarcMorandi,Alliance
Chicago Summer International Open Jiu-Jitsu Championship 2017,Master1/Male/Blue/Feather,1,IdrisSunmola,Alliance
Chicago Summer International Open Jiu-Jitsu Championship 2017,Master1/Male/Blue/Feather,2,JordanShannon,UflackerAcademy
Chicago Summer International Open Jiu-Jitsu Championship 2017,Master1/Male/Blue/Feather,3,BrandonZimmerman,IndianaBrazilianJiu,JitsuAcademy
Chicago Summer International Open Jiu-Jitsu Championship 2017,Master1/Male/Blue/Feather,3,JamesWalters,IndianaBrazilianJiu,JitsuAcademy
Chicago Summer International Open Jiu-Jitsu Championship 2017,Master1/Male/Blue/Light,1,FernandoOrozco,GFTeam
Chicago Summer International Open Jiu-Jitsu Championship 2017,Master1/Male/Blue/Light,2,KevinDevries,CarlsonGracieTeam
Chicago Summer International Open Jiu-Jitsu Championship 2017,Master1/Male/Blue/Light,3,FranciscoHumbertoJuarez,SoulFighter'sChicago,IL,USA
Chicago Summer International Open Jiu-Jitsu Championship 2017,Master1/Male/Blue/Light,3,LukeDWheeler,TeamRedzovic
Chicago Summer International Open Jiu-Jitsu Championship 2017,Master1/Male/Blue/Middle,1,JoeDankowski,CarlsonGracieTeam
Chicago Summer International Open Jiu-Jitsu Championship 2017,Master1/Male/Blue/Middle,2,DorianKarter,BrasaCTA
Chicago Summer International Open Jiu-Jitsu Championship 2017,Master1/Male/Blue/Middle,3,RossSchultz,CarlsonGracieTeam
Chicago Summer International Open Jiu-Jitsu Championship 2017,Master1/Male/Blue/Middle,3,VincentNguyen,BrasaCTA
Chicago Summer International Open Jiu-Jitsu Championship 2017,Master1/Male/Blue/Medium-Heavy,1,CarlJohnSpringer,GDJiu,JitsuAssociation
Chicago Summer International Open Jiu-Jitsu Championship 2017,Master1/Male/Blue/Medium-Heavy,2,IslamSuzarukov,Alliance
Chicago Summer International Open Jiu-Jitsu Championship 2017,Master1/Male/Blue/Medium-Heavy,3,FranciscoBianco,BonsaiJJ,USA
Chicago Summer International Open Jiu-Jitsu Championship 2017,Master1/Male/Blue/Medium-Heavy,3,OscarRosas,BrasaCTA
Chicago Summer International Open Jiu-Jitsu Championship 2017,Master1/Male/Blue/Heavy,1,JeffSchieber,TeamRedzovic
Chicago Summer International Open Jiu-Jitsu Championship 2017,Master1/Male/Blue/Heavy,2,JonathanPoirier,ValkoBJJAcademy
Chicago Summer International Open Jiu-Jitsu Championship 2017,Master1/Male/Blue/Heavy,3,JeremyStarr,BrasaCTA
Chicago Summer International Open Jiu-Jitsu Championship 2017,Master1/Male/Blue/Super-Heavy,1,AdityaNayar,BrasaCTA
Chicago Summer International Open Jiu-Jitsu Championship 2017,Master1/Male/Blue/Super-Heavy,2,ImranAhmad,ValkoBJJAcademy
Chicago Summer International Open Jiu-Jitsu Championship 2017,Master1/Male/Blue/Super-Heavy,3,AaronBarg,SoulFighter'sChicago,IL,USA
Chicago Summer International Open Jiu-Jitsu Championship 2017,Master1/Male/Blue/Super-Heavy,3,JimPatrickMcCarty,PedroSauerTeam
Chicago Summer International Open Jiu-Jitsu Championship 2017,Master1/Male/Blue/Ultra-Heavy,1,VusiMoyo,ValkoBJJAcademy
Chicago Summer International Open Jiu-Jitsu Championship 2017,Master1/Male/Blue/Ultra-Heavy,2,CameronNolin,CombatBase
Chicago Summer International Open Jiu-Jitsu Championship 2017,Master1/Male/Blue/Ultra-Heavy,3,AdamKacala,Alliance
Chicago Summer International Open Jiu-Jitsu Championship 2017,Master1/Male/Blue/Ultra-Heavy,3,ChrisPerez,SoulFighter'sChicago,IL,USA
Chicago Summer International Open Jiu-Jitsu Championship 2017,Master1/Male/Blue/OpenClass,1,AdityaNayar,BrasaCTA
Chicago Summer International Open Jiu-Jitsu Championship 2017,Master1/Male/Blue/OpenClass,2,VusiMoyo,ValkoBJJAcademy
Chicago Summer International Open Jiu-Jitsu Championship 2017,Master1/Male/Blue/OpenClass,3,IslamSuzarukov,Alliance
Chicago Summer International Open Jiu-Jitsu Championship 2017,Master1/Male/Blue/OpenClass,3,JoeDankowski,CarlsonGracieTeam
Chicago Summer International Open Jiu-Jitsu Championship 2017,Master1/Male/Purple/Rooster,1,IrshadKhan,Alliance
Chicago Summer International Open Jiu-Jitsu Championship 2017,Master1/Male/Purple/Rooster,2,MikealD.Wood,CarlsonGracieTeam
Chicago Summer International Open Jiu-Jitsu Championship 2017,Master1/Male/Purple/Feather,1,LiorOfir,ValkoBJJ
Chicago Summer International Open Jiu-Jitsu Championship 2017,Master1/Male/Purple/Feather,2,AndreanAngelov,Alliance
Chicago Summer International Open Jiu-Jitsu Championship 2017,Master1/Male/Purple/Feather,3,MarkEnriquez,HurricaneJiu,Jitsu
Chicago Summer International Open Jiu-Jitsu Championship 2017,Master1/Male/Purple/Feather,3,RafaelSalzano,Alliance
Chicago Summer International Open Jiu-Jitsu Championship 2017,Master1/Male/Purple/Light,1,AaronCarbonell,BonsaiJJ,USA
Chicago Summer International Open Jiu-Jitsu Championship 2017,Master1/Male/Purple/Light,2,ChristopherGerardMaciejewski,CarlsonGracie
Chicago Summer International Open Jiu-Jitsu Championship 2017,Master1/Male/Purple/Light,3,ChristopherM.Jakubiak,CarlsonGracieTeam
Chicago Summer International Open Jiu-Jitsu Championship 2017,Master1/Male/Purple/Light,3,PaulMoloney,SoulFighter'sChicago,IL,USA
Chicago Summer International Open Jiu-Jitsu Championship 2017,Master1/Male/Purple/Middle,1,PatrickCooney,CarlsonGracieTeam
Chicago Summer International Open Jiu-Jitsu Championship 2017,Master1/Male/Purple/Middle,2,KevinKruse,Alliance
Chicago Summer International Open Jiu-Jitsu Championship 2017,Master1/Male/Purple/Middle,3,DomenickAngiello,GracieBarra
Chicago Summer International Open Jiu-Jitsu Championship 2017,Master1/Male/Purple/Middle,3,WilliamKroegher,AtosJiu,Jitsu
Chicago Summer International Open Jiu-Jitsu Championship 2017,Master1/Male/Purple/Medium-Heavy,1,KennethGlenn,CheckMat
Chicago Summer International Open Jiu-Jitsu Championship 2017,Master1/Male/Purple/Medium-Heavy,2,AnthonyJosephKalina,TeamRedzovic
Chicago Summer International Open Jiu-Jitsu Championship 2017,Master1/Male/Purple/Medium-Heavy,3,IonLosetchi,DemianMaiaJiu,JitsuUSA
Chicago Summer International Open Jiu-Jitsu Championship 2017,Master1/Male/Purple/Heavy,1,JonathanSimon,ValkoBJJAcademy
Chicago Summer International Open Jiu-Jitsu Championship 2017,Master1/Male/Purple/Heavy,2,MaxwellTrindade,KMRBJJKIMURA
Chicago Summer International Open Jiu-Jitsu Championship 2017,Master1/Male/Purple/Heavy,3,JesusPerez,BonsaiJJ,USA
Chicago Summer International Open Jiu-Jitsu Championship 2017,Master1/Male/Purple/Heavy,3,MiguelGamezJr,Alliance
Chicago Summer International Open Jiu-Jitsu Championship 2017,Master1/Male/Purple/Super-Heavy,1,ScottMichaelMiller,YamaneChampionshipMMA/TeamBraga
Chicago Summer International Open Jiu-Jitsu Championship 2017,Master1/Male/Purple/Super-Heavy,2,CoreyPhelps,BETAAcademy
Chicago Summer International Open Jiu-Jitsu Championship 2017,Master1/Male/Purple/Super-Heavy,3,PhilMGilbert,BrasaCTA
Chicago Summer International Open Jiu-Jitsu Championship 2017,Master1/Male/Purple/Ultra-Heavy,1,RYANSALISBURY,CarlsonGracieTeam
Chicago Summer International Open Jiu-Jitsu Championship 2017,Master1/Male/Purple/Ultra-Heavy,2,GregorBrower,ValkoBJJAcademy
Chicago Summer International Open Jiu-Jitsu Championship 2017,Master1/Male/Purple/Ultra-Heavy,3,AdamSippos,Alliance
Chicago Summer International Open Jiu-Jitsu Championship 2017,Master1/Male/Purple/Ultra-Heavy,3,KurtWuckertJr,Alliance
Chicago Summer International Open Jiu-Jitsu Championship 2017,Master1/Male/Purple/OpenClass,1,LiorOfir,ValkoBJJ
Chicago Summer International Open Jiu-Jitsu Championship 2017,Master1/Male/Purple/OpenClass,2,AdamSippos,Alliance
Chicago Summer International Open Jiu-Jitsu Championship 2017,Master1/Male/Purple/OpenClass,3,AaronCarbonell,BonsaiJJ,USA
Chicago Summer International Open Jiu-Jitsu Championship 2017,Master1/Male/Purple/OpenClass,3,RYANSALISBURY,CarlsonGracieTeam
Chicago Summer International Open Jiu-Jitsu Championship 2017,Master1/Male/Brown/Feather,1,PedroMincBaumfeldAndre,RenzoGracieAcademy
Chicago Summer International Open Jiu-Jitsu Championship 2017,Master1/Male/Brown/Feather,2,ChristianO.Reynoso,ValkoBJJAcademy
Chicago Summer International Open Jiu-Jitsu Championship 2017,Master1/Male/Brown/Feather,3,BrandonChristopherReilly,Alliance
Chicago Summer International Open Jiu-Jitsu Championship 2017,Master1/Male/Brown/Feather,3,ScottGave,McVicker'sBrazilianJiuJitsu
Chicago Summer International Open Jiu-Jitsu Championship 2017,Master1/Male/Brown/Light,1,CaioCesarOliveira,SoulFighter'sChicago,IL,USA
Chicago Summer International Open Jiu-Jitsu Championship 2017,Master1/Male/Brown/Light,2,MichaelSabo,DaniloChermanBJJ
Chicago Summer International Open Jiu-Jitsu Championship 2017,Master1/Male/Brown/Light,3,AnthonyWong,CaiqueJiu,Jitsu
Chicago Summer International Open Jiu-Jitsu Championship 2017,Master1/Male/Brown/Light,3,JeffYumul,PeteTheGreek'sRio
Chicago Summer International Open Jiu-Jitsu Championship 2017,Master1/Male/Brown/Middle,1,MatthewMiller,DavidJacobsJiu,JitsuTeam
Chicago Summer International Open Jiu-Jitsu Championship 2017,Master1/Male/Brown/Middle,2,RobertCunningham,CarlsonGracieTeam
Chicago Summer International Open Jiu-Jitsu Championship 2017,Master1/Male/Brown/Middle,3,JonathanDWester,TeamLDMA
Chicago Summer International Open Jiu-Jitsu Championship 2017,Master1/Male/Brown/Medium-Heavy,1,RobertoRepettoCoelho,BTT
Chicago Summer International Open Jiu-Jitsu Championship 2017,Master1/Male/Brown/Medium-Heavy,2,IsaacL.Rehner,BETAAcademy
Chicago Summer International Open Jiu-Jitsu Championship 2017,Master1/Male/Brown/Medium-Heavy,3,CharlesDaleBowserIII,McVicker'sBrazilianJiuJitsu
Chicago Summer International Open Jiu-Jitsu Championship 2017,Master1/Male/Brown/Medium-Heavy,3,JamesCarrow,CarlsonGracieTeam
Chicago Summer International Open Jiu-Jitsu Championship 2017,Master1/Male/Brown/Heavy,1,AnthonyCruz,CarlsonGracieTeam
Chicago Summer International Open Jiu-Jitsu Championship 2017,Master1/Male/Brown/Heavy,2,PeterThomasBorkowski,Alliance
Chicago Summer International Open Jiu-Jitsu Championship 2017,Master1/Male/Brown/Heavy,3,AlfredoDiPieroRoesler,GracieBarra
Chicago Summer International Open Jiu-Jitsu Championship 2017,Master1/Male/Brown/Ultra-Heavy,1,NickMurphy,BJJCoach,Corral'sMartialArts
Chicago Summer International Open Jiu-Jitsu Championship 2017,Master1/Male/Brown/Ultra-Heavy,2,EricLeach,Jiu,JitsuForLifeTeam
Chicago Summer International Open Jiu-Jitsu Championship 2017,Master1/Male/Brown/OpenClass,1,IsaacL.Rehner,BETAAcademy
Chicago Summer International Open Jiu-Jitsu Championship 2017,Master1/Male/Brown/OpenClass,2,NickMurphy,BJJCoach,Corral'sMartialArts
Chicago Summer International Open Jiu-Jitsu Championship 2017,Master1/Male/Brown/OpenClass,3,AnthonyWong,CaiqueJiu,Jitsu
Chicago Summer International Open Jiu-Jitsu Championship 2017,Master1/Male/Brown/OpenClass,3,BrandonChristopherReilly,Alliance
Chicago Summer International Open Jiu-Jitsu Championship 2017,Master1/Male/Black/Middle,1,SamuelSethSnow,Alliance
Chicago Summer International Open Jiu-Jitsu Championship 2017,Master1/Male/Black/Middle,2,LeonardoDelgadodeOliveira,SoulFighter'sChicago,IL,USA
Chicago Summer International Open Jiu-Jitsu Championship 2017,Master1/Male/Black/Middle,3,JaredRandallChaffee,CarlsonGracieTeam
Chicago Summer International Open Jiu-Jitsu Championship 2017,Master1/Male/Black/Middle,3,LuisTeofiloGonzalezJr.,McVicker'sBrazilianJiuJitsu
Chicago Summer International Open Jiu-Jitsu Championship 2017,Master1/Male/Black/Super-Heavy,1,NicholasRaymondSanders,LeonardoPeçanhaAssociation
Chicago Summer International Open Jiu-Jitsu Championship 2017,Master1/Male/Black/Super-Heavy,2,HelioBarthemNeto,CheckMat
Chicago Summer International Open Jiu-Jitsu Championship 2017,Master1/Male/Black/Ultra-Heavy,1,MatthewDGarber,BrasaCTA
Chicago Summer International Open Jiu-Jitsu Championship 2017,Master1/Male/Black/Ultra-Heavy,2,RodrigoLeitedeMedeiros,BrasaCTA
Chicago Summer International Open Jiu-Jitsu Championship 2017,Master1/Male/Black/Ultra-Heavy,3,JustinJ.Lemke,CarlsonGracieTeam
Chicago Summer International Open Jiu-Jitsu Championship 2017,Master1/Male/Black/OpenClass,1,LeonardoDelgadodeOliveira,SoulFighter'sChicago,IL,USA
Chicago Summer International Open Jiu-Jitsu Championship 2017,Master1/Male/Black/OpenClass,2,NicholasRaymondSanders,LeonardoPeçanhaAssociation
Chicago Summer International Open Jiu-Jitsu Championship 2017,Master1/Male/Black/OpenClass,3,HelioBarthemNeto,CheckMat
Chicago Summer International Open Jiu-Jitsu Championship 2017,Master1/Male/Black/OpenClass,3,MatthewDGarber,BrasaCTA
Chicago Summer International Open Jiu-Jitsu Championship 2017,Master1/Female/Blue/Light-Feather,1,SarahAnkofski,RCJMachado
Chicago Summer International Open Jiu-Jitsu Championship 2017,Master1/Female/Blue/Light-Feather,2,AnaReyna,CarlsonGracieTeam
Chicago Summer International Open Jiu-Jitsu Championship 2017,Master1/Female/Blue/Light-Feather,3,DanielleTinebro,Alliance
Chicago Summer International Open Jiu-Jitsu Championship 2017,Master1/Female/Blue/Light-Feather,3,MelissaSalgado,Alliance
Chicago Summer International Open Jiu-Jitsu Championship 2017,Master1/Female/Blue/Feather,1,AudreyPang,ValkoBJJAcademy
Chicago Summer International Open Jiu-Jitsu Championship 2017,Master1/Female/Blue/Feather,2,MichelleSparacio,CarlsonGracieTeam
Chicago Summer International Open Jiu-Jitsu Championship 2017,Master1/Female/Blue/Feather,3,PatriciaAnnSmith,CaiqueJiu,Jitsu
Chicago Summer International Open Jiu-Jitsu Championship 2017,Master1/Female/Blue/Feather,3,StephanieBuczek,DemianMaiaJiu,JitsuUSA
Chicago Summer International Open Jiu-Jitsu Championship 2017,Master1/Female/Blue/Light,1,SashaHulisz,BrasaCTA
Chicago Summer International Open Jiu-Jitsu Championship 2017,Master1/Female/Blue/Light,2,HanaMaciolek,Alliance
Chicago Summer International Open Jiu-Jitsu Championship 2017,Master1/Female/Blue/Light,3,LaurenKucera,McVicker'sBrazilianJiuJitsu
Chicago Summer International Open Jiu-Jitsu Championship 2017,Master1/Female/Blue/Light,3,OgeeMuniz,CarlsonGracieTeam
Chicago Summer International Open Jiu-Jitsu Championship 2017,Master1/Female/Blue/Medium-Heavy,1,DorothyLTuohey,GracieBarra
Chicago Summer International Open Jiu-Jitsu Championship 2017,Master1/Female/Blue/Medium-Heavy,2,JennyRoseAndersen,NavaBJJ
Chicago Summer International Open Jiu-Jitsu Championship 2017,Master1/Female/Blue/Super-Heavy,1,EvangelinaRojo,CarlsonGracieTeam
Chicago Summer International Open Jiu-Jitsu Championship 2017,Master1/Female/Blue/OpenClass,1,EvangelinaRojo,CarlsonGracieTeam
Chicago Summer International Open Jiu-Jitsu Championship 2017,Master1/Female/Blue/OpenClass,2,AudreyPang,ValkoBJJAcademy
Chicago Summer International Open Jiu-Jitsu Championship 2017,Master1/Female/Blue/OpenClass,3,StephanieBuczek,DemianMaiaJiu,JitsuUSA
Chicago Summer International Open Jiu-Jitsu Championship 2017,Master1/Female/Purple/Feather,1,BrianneCorral,BJJCoach,Corral'sMartialArts
Chicago Summer International Open Jiu-Jitsu Championship 2017,Master1/Female/Purple/Feather,2,JilldelaVega,BrasaCTA
Chicago Summer International Open Jiu-Jitsu Championship 2017,Master1/Female/Purple/Feather,3,AmandaFigueroa,UflackerAcademy
Chicago Summer International Open Jiu-Jitsu Championship 2017,Master1/Female/Purple/Feather,3,TamaraLeonard,BJJGlobetrottersUSA
Chicago Summer International Open Jiu-Jitsu Championship 2017,Master1/Female/Purple/Light,1,YekaterinaShikhirina,BonsaiJJ,USA
Chicago Summer International Open Jiu-Jitsu Championship 2017,Master1/Female/Purple/Middle,1,KristenCarstensen,CarlsonGracieTeam
Chicago Summer International Open Jiu-Jitsu Championship 2017,Master1/Female/Purple/Middle,2,CrystleKelly,BrasaCTA
Chicago Summer International Open Jiu-Jitsu Championship 2017,Master1/Female/Purple/Middle,3,SabrinaBell,GracieBarra
Chicago Summer International Open Jiu-Jitsu Championship 2017,Master1/Female/Purple/Heavy,1,RafaelaHalucheSchmitz,GracieBarra
Chicago Summer International Open Jiu-Jitsu Championship 2017,Master1/Female/Purple/Super-Heavy,1,MelissaMaine,BrasaCTA
Chicago Summer International Open Jiu-Jitsu Championship 2017,Master1/Female/Purple/OpenClass,1,RafaelaHalucheSchmitz,GracieBarra
Chicago Summer International Open Jiu-Jitsu Championship 2017,Master1/Female/Purple/OpenClass,2,YekaterinaShikhirina,BonsaiJJ,USA
Chicago Summer International Open Jiu-Jitsu Championship 2017,Master1/Female/Purple/OpenClass,3,CrystleKelly,BrasaCTA
Chicago Summer International Open Jiu-Jitsu Championship 2017,Master1/Female/Purple/OpenClass,3,MelissaMaine,BrasaCTA
Chicago Summer International Open Jiu-Jitsu Championship 2017,Master1/Female/Brown/Middle,1,AlexandraR.Peterson,LCCTUSA
Chicago Summer International Open Jiu-Jitsu Championship 2017,Master1/Female/Brown/Middle,2,JuliaGordon,RilionGracieAtlanta,RanieriPaivaBJJ
Chicago Summer International Open Jiu-Jitsu Championship 2017,Master1/Female/Brown/Super-Heavy,1,KatieSweet,BrasaCTA
Chicago Summer International Open Jiu-Jitsu Championship 2017,Master1/Female/Brown/OpenClass,1,KatieSweet,BrasaCTA
Chicago Summer International Open Jiu-Jitsu Championship 2017,Master1/Female/Brown/OpenClass,2,JuliaGordon,RilionGracieAtlanta,RanieriPaivaBJJ
Chicago Summer International Open Jiu-Jitsu Championship 2017,Master1/Female/Brown/OpenClass,3,AlexandraR.Peterson,LCCTUSA
Chicago Summer International Open Jiu-Jitsu Championship 2017,Master2/Male/White/Feather,1,WilliamWeathers,McVicker'sBrazilianJiuJitsu
Chicago Summer International Open Jiu-Jitsu Championship 2017,Master2/Male/White/Feather,2,DavidPavin,CarlsonGracieTeam
Chicago Summer International Open Jiu-Jitsu Championship 2017,Master2/Male/White/Feather,3,MakotoSato,Alliance
Chicago Summer International Open Jiu-Jitsu Championship 2017,Master2/Male/White/Light,1,JoTuazon,BrasaCTA
Chicago Summer International Open Jiu-Jitsu Championship 2017,Master2/Male/White/Light,2,JoaoCoelho,LCCT,CombatTeam
Chicago Summer International Open Jiu-Jitsu Championship 2017,Master2/Male/White/Middle,1,AnthonywLeasure,BrasaCTA
Chicago Summer International Open Jiu-Jitsu Championship 2017,Master2/Male/White/Middle,2,BrandonKarl,BonsaiJJ,USA
Chicago Summer International Open Jiu-Jitsu Championship 2017,Master2/Male/White/Middle,3,EarvinFoster,BrasaCTA
Chicago Summer International Open Jiu-Jitsu Championship 2017,Master2/Male/White/Middle,3,GeorgeKoupatadze,ValkoBJJAcademy
Chicago Summer International Open Jiu-Jitsu Championship 2017,Master2/Male/White/Medium-Heavy,1,DanielBeatty,CarlsonGracieTeam
Chicago Summer International Open Jiu-Jitsu Championship 2017,Master2/Male/White/Medium-Heavy,2,RaminChitsaz,Brazil021International
Chicago Summer International Open Jiu-Jitsu Championship 2017,Master2/Male/White/Medium-Heavy,3,DavidJLeitner,GracieBarra
Chicago Summer International Open Jiu-Jitsu Championship 2017,Master2/Male/White/Medium-Heavy,3,VictorDiaz,BonsaiJJ,USA
Chicago Summer International Open Jiu-Jitsu Championship 2017,Master2/Male/White/Heavy,1,DaleRichardPoquette,BrasaCTA
Chicago Summer International Open Jiu-Jitsu Championship 2017,Master2/Male/White/Heavy,2,ChristopherRichardson,CarlsonGracieTeam
Chicago Summer International Open Jiu-Jitsu Championship 2017,Master2/Male/White/Heavy,3,DavisDunbarGravesBennett,Alliance
Chicago Summer International Open Jiu-Jitsu Championship 2017,Master2/Male/White/Heavy,3,NeftaliMorales,Brazil021SchoolofJiu,Jitsu
Chicago Summer International Open Jiu-Jitsu Championship 2017,Master2/Male/White/Super-Heavy,1,GeorgeDBrown,CarlsonGracieTeam
Chicago Summer International Open Jiu-Jitsu Championship 2017,Master2/Male/White/Super-Heavy,2,AndrewPBaker,BJJCoach,Corral'sMartialArts
Chicago Summer International Open Jiu-Jitsu Championship 2017,Master2/Male/White/Super-Heavy,3,KhesonkMadison,CarlsonGracieTeam
Chicago Summer International Open Jiu-Jitsu Championship 2017,Master2/Male/White/Super-Heavy,3,PhilipBrewster,BonsaiJJ,USA
Chicago Summer International Open Jiu-Jitsu Championship 2017,Master2/Male/White/Ultra-Heavy,1,JodeyCharette,Alliance
Chicago Summer International Open Jiu-Jitsu Championship 2017,Master2/Male/White/Ultra-Heavy,2,RonaldAnthonyPoholik,GracieBarra
Chicago Summer International Open Jiu-Jitsu Championship 2017,Master2/Male/White/Ultra-Heavy,3,BrianCraigManning,CarlsonGracieTeam
Chicago Summer International Open Jiu-Jitsu Championship 2017,Master2/Male/White/Ultra-Heavy,3,JimGuleserian,Alliance
Chicago Summer International Open Jiu-Jitsu Championship 2017,Master2/Male/Blue/Light-Feather,1,AlexdeVera,ValkoBJJAcademy
Chicago Summer International Open Jiu-Jitsu Championship 2017,Master2/Male/Blue/Light-Feather,2,ShaunRichmond,CarlsonGracieTeam
Chicago Summer International Open Jiu-Jitsu Championship 2017,Master2/Male/Blue/Feather,1,KyleRinga,Alliance
Chicago Summer International Open Jiu-Jitsu Championship 2017,Master2/Male/Blue/Feather,2,TomasLeeSkerrett,CarlsonGracieTeam
Chicago Summer International Open Jiu-Jitsu Championship 2017,Master2/Male/Blue/Feather,3,JosephMWegrzyn,UflackerAcademy
Chicago Summer International Open Jiu-Jitsu Championship 2017,Master2/Male/Blue/Light,1,TommyCho,UflackerAcademy
Chicago Summer International Open Jiu-Jitsu Championship 2017,Master2/Male/Blue/Light,2,BartJohnson,BJJLifestyleAcademyBelleville
Chicago Summer International Open Jiu-Jitsu Championship 2017,Master2/Male/Blue/Light,3,ChadAaronGolay,CarlsonGracieTeam
Chicago Summer International Open Jiu-Jitsu Championship 2017,Master2/Male/Blue/Light,3,EugeneBidchenco,ValkoBJJAcademy
Chicago Summer International Open Jiu-Jitsu Championship 2017,Master2/Male/Blue/Middle,1,AngelSilva,Alliance
Chicago Summer International Open Jiu-Jitsu Championship 2017,Master2/Male/Blue/Middle,2,JoshuaCarlWilson,RibeiroJiu,Jitsu
Chicago Summer International Open Jiu-Jitsu Championship 2017,Master2/Male/Blue/Middle,3,CleofasRodriguez,CarlsonGracieTeam
Chicago Summer International Open Jiu-Jitsu Championship 2017,Master2/Male/Blue/Medium-Heavy,1,OscarGarcia,CarlsonGracieTeam
Chicago Summer International Open Jiu-Jitsu Championship 2017,Master2/Male/Blue/Medium-Heavy,2,JeffEdwardGreen,CarlsonGracieTeam
Chicago Summer International Open Jiu-Jitsu Championship 2017,Master2/Male/Blue/Medium-Heavy,3,JonathanMartinSexsmith,FirstBJJCarlsonGracieTeam
Chicago Summer International Open Jiu-Jitsu Championship 2017,Master2/Male/Blue/Medium-Heavy,3,ManuelReyes,TeamRedzovic
Chicago Summer International Open Jiu-Jitsu Championship 2017,Master2/Male/Blue/Heavy,1,MichaelKing,DemianMaiaJiu,Jitsu
Chicago Summer International Open Jiu-Jitsu Championship 2017,Master2/Male/Blue/Heavy,2,RussellFarris,GracieBarra
Chicago Summer International Open Jiu-Jitsu Championship 2017,Master2/Male/Blue/Super-Heavy,1,DanielPetrov,BrasaCTA
Chicago Summer International Open Jiu-Jitsu Championship 2017,Master2/Male/Blue/Super-Heavy,2,SeanKaulikeBaumann,BonsaiJJ,USA
Chicago Summer International Open Jiu-Jitsu Championship 2017,Master2/Male/Blue/Super-Heavy,3,BrianParker,Choke,U
Chicago Summer International Open Jiu-Jitsu Championship 2017,Master2/Male/Blue/OpenClass,1,DanielPetrov,BrasaCTA
Chicago Summer International Open Jiu-Jitsu Championship 2017,Master2/Male/Blue/OpenClass,2,MichaelKing,DemianMaiaJiu,Jitsu
Chicago Summer International Open Jiu-Jitsu Championship 2017,Master2/Male/Blue/OpenClass,3,KyleRinga,Alliance
Chicago Summer International Open Jiu-Jitsu Championship 2017,Master2/Male/Blue/OpenClass,3,ManuelReyes,TeamRedzovic
Chicago Summer International Open Jiu-Jitsu Championship 2017,Master2/Male/Purple/Feather,1,BradAnastasia,ValkoBJJAcademy
Chicago Summer International Open Jiu-Jitsu Championship 2017,Master2/Male/Purple/Feather,2,JonathanMiller,Alliance
Chicago Summer International Open Jiu-Jitsu Championship 2017,Master2/Male/Purple/Feather,3,PaulDo,Brazil021SchoolofJiu,Jitsu
Chicago Summer International Open Jiu-Jitsu Championship 2017,Master2/Male/Purple/Light,1,PaulGallmeier,Alliance
Chicago Summer International Open Jiu-Jitsu Championship 2017,Master2/Male/Purple/Light,2,JosephMElsey,CarlsonGracieTeam
Chicago Summer International Open Jiu-Jitsu Championship 2017,Master2/Male/Purple/Light,3,ChristopherS.Cagadas,BonsaiJJ,USA
Chicago Summer International Open Jiu-Jitsu Championship 2017,Master2/Male/Purple/Light,3,NIKOLAILUNA,BonsaiJJ,USA
Chicago Summer International Open Jiu-Jitsu Championship 2017,Master2/Male/Purple/Middle,1,JeffTardiff,BrasaCTA
Chicago Summer International Open Jiu-Jitsu Championship 2017,Master2/Male/Purple/Middle,2,MichaelRealmuto,Alliance
Chicago Summer International Open Jiu-Jitsu Championship 2017,Master2/Male/Purple/Medium-Heavy,1,FabianJimenez,BJJCoach,Corral'sMartialArts
Chicago Summer International Open Jiu-Jitsu Championship 2017,Master2/Male/Purple/Medium-Heavy,2,WilliamR.Morgan,GracieBarra
Chicago Summer International Open Jiu-Jitsu Championship 2017,Master2/Male/Purple/Heavy,1,KrisKopriva,Brazil021International
Chicago Summer International Open Jiu-Jitsu Championship 2017,Master2/Male/Purple/Heavy,2,JosephWray,CarlsonGracieTeam
Chicago Summer International Open Jiu-Jitsu Championship 2017,Master2/Male/Purple/Super-Heavy,1,PatrickGower,RCJMachado
Chicago Summer International Open Jiu-Jitsu Championship 2017,Master2/Male/Purple/Super-Heavy,2,BenCarpenter,CarlsonGracieTeam
Chicago Summer International Open Jiu-Jitsu Championship 2017,Master2/Male/Purple/OpenClass,1,JeffTardiff,BrasaCTA
Chicago Summer International Open Jiu-Jitsu Championship 2017,Master2/Male/Purple/OpenClass,2,MichaelRealmuto,Alliance
Chicago Summer International Open Jiu-Jitsu Championship 2017,Master2/Male/Purple/OpenClass,3,ChristopherS.Cagadas,BonsaiJJ,USA
Chicago Summer International Open Jiu-Jitsu Championship 2017,Master2/Male/Purple/OpenClass,3,KrisKopriva,Brazil021International
Chicago Summer International Open Jiu-Jitsu Championship 2017,Master2/Male/Brown/Feather,1,MarkBryanHuls,McVicker'sBrazilianJiuJitsu
Chicago Summer International Open Jiu-Jitsu Championship 2017,Master2/Male/Brown/Feather,2,RonVersetto,CarlsonGracieTeam
Chicago Summer International Open Jiu-Jitsu Championship 2017,Master2/Male/Brown/Feather,3,DavidBradleyBergem,McCune'sMartialArts
Chicago Summer International Open Jiu-Jitsu Championship 2017,Master2/Male/Brown/Feather,3,TimThielen,Alliance
Chicago Summer International Open Jiu-Jitsu Championship 2017,Master2/Male/Brown/Light,1,JoseyBoatright,McVicker'sBrazilianJiuJitsu
Chicago Summer International Open Jiu-Jitsu Championship 2017,Master2/Male/Brown/Light,2,DarrellJasonBender,CarlsonGracieTeam
Chicago Summer International Open Jiu-Jitsu Championship 2017,Master2/Male/Brown/Light,3,CharlesBennettIV,BETAAcademy
Chicago Summer International Open Jiu-Jitsu Championship 2017,Master2/Male/Brown/Light,3,WilliamKonkel,RCJMachado
Chicago Summer International Open Jiu-Jitsu Championship 2017,Master2/Male/Brown/Middle,1,IsaacLasfir,Alliance
Chicago Summer International Open Jiu-Jitsu Championship 2017,Master2/Male/Brown/Middle,2,RyanBricco,CarlsonGracieTeam
Chicago Summer International Open Jiu-Jitsu Championship 2017,Master2/Male/Brown/Middle,3,KeithD.Loudenber,BJJCoach,Corral'sMartialArts
Chicago Summer International Open Jiu-Jitsu Championship 2017,Master2/Male/Brown/Middle,3,PeterA.RoyalJr.,SoulFighter'sChicago,IL,USA
Chicago Summer International Open Jiu-Jitsu Championship 2017,Master2/Male/Brown/Medium-Heavy,1,RafaelMoreno,BoranJiu,Jitsu
Chicago Summer International Open Jiu-Jitsu Championship 2017,Master2/Male/Brown/Heavy,1,AdamAAlbrecht,UflackerAcademy
Chicago Summer International Open Jiu-Jitsu Championship 2017,Master2/Male/Brown/Heavy,2,NicholasRichardLauer,Alliance
Chicago Summer International Open Jiu-Jitsu Championship 2017,Master2/Male/Brown/Ultra-Heavy,1,ZigmarsEvamois,Alliance
Chicago Summer International Open Jiu-Jitsu Championship 2017,Master2/Male/Brown/Ultra-Heavy,2,VijayanandHemanchal,ActionandReactionMixedMartialArts
Chicago Summer International Open Jiu-Jitsu Championship 2017,Master2/Male/Brown/Ultra-Heavy,3,JohnMohan,GracieBarra
Chicago Summer International Open Jiu-Jitsu Championship 2017,Master2/Male/Brown/OpenClass,1,ZigmarsEvamois,Alliance
Chicago Summer International Open Jiu-Jitsu Championship 2017,Master2/Male/Brown/OpenClass,2,KeithD.Loudenber,BJJCoach,Corral'sMartialArts
Chicago Summer International Open Jiu-Jitsu Championship 2017,Master2/Male/Brown/OpenClass,3,AdamAAlbrecht,UflackerAcademy
Chicago Summer International Open Jiu-Jitsu Championship 2017,Master2/Male/Brown/OpenClass,3,RafaelMoreno,BoranJiu,Jitsu
Chicago Summer International Open Jiu-Jitsu Championship 2017,Master2/Male/Black/Feather,1,EdwardAnthony,BJJRevolutionTeam
Chicago Summer International Open Jiu-Jitsu Championship 2017,Master2/Male/Black/Light,1,MarcelodosSantosMotta,PrimeJiu,JitsuCenter
Chicago Summer International Open Jiu-Jitsu Championship 2017,Master2/Male/Black/Light,2,MurilloCarvalhodaSilvaNeto,GracieBarra
Chicago Summer International Open Jiu-Jitsu Championship 2017,Master2/Male/Black/Middle,1,AiazbekMustakov,BonsaiJJ,USA
Chicago Summer International Open Jiu-Jitsu Championship 2017,Master2/Male/Black/Middle,2,BrandonJBatchelor,McVicker'sBrazilianJiuJitsu
Chicago Summer International Open Jiu-Jitsu Championship 2017,Master2/Male/Black/Middle,3,JoãoFilipeS.Oliveira,GracieBarra
Chicago Summer International Open Jiu-Jitsu Championship 2017,Master2/Male/Black/Middle,3,LeonardoAntonioPerez,Alliance
Chicago Summer International Open Jiu-Jitsu Championship 2017,Master2/Male/Black/Medium-Heavy,1,CristianoRibeirodaCosta,GracieHumaitaUSA
Chicago Summer International Open Jiu-Jitsu Championship 2017,Master2/Male/Black/Medium-Heavy,2,MarkPhillipPlavcan,Alliance
Chicago Summer International Open Jiu-Jitsu Championship 2017,Master2/Male/Black/Medium-Heavy,3,BenjaminJamesNelson,RelsonGracie
Chicago Summer International Open Jiu-Jitsu Championship 2017,Master2/Male/Black/Medium-Heavy,3,LawrenceC.Dunning,ValkoBJJAcademy
Chicago Summer International Open Jiu-Jitsu Championship 2017,Master2/Male/Black/Heavy,1,AndyKazik,BrasaCTA
Chicago Summer International Open Jiu-Jitsu Championship 2017,Master2/Male/Black/Heavy,2,TrevorJ.Rivers,GDJiu,JitsuAssociation
Chicago Summer International Open Jiu-Jitsu Championship 2017,Master2/Male/Black/Heavy,3,LuigiFioravanti,AmericanTopTeam
Chicago Summer International Open Jiu-Jitsu Championship 2017,Master2/Male/Black/Heavy,3,MichaelMarrello,Alliance
Chicago Summer International Open Jiu-Jitsu Championship 2017,Master2/Male/Black/Super-Heavy,1,JustinRobertCurtis,IndianaBrazilianJiu,JitsuAcademy
Chicago Summer International Open Jiu-Jitsu Championship 2017,Master2/Male/Black/Super-Heavy,2,CarlosArchila,BonsaiJJ,USA
Chicago Summer International Open Jiu-Jitsu Championship 2017,Master2/Male/Black/Super-Heavy,3,WilliamLink,McVicker'sBrazilianJiuJitsu
Chicago Summer International Open Jiu-Jitsu Championship 2017,Master2/Male/Black/Ultra-Heavy,1,RodrigoRibeirodaCruz,MarcioCruzBrazilianJiu,Jitsu
Chicago Summer International Open Jiu-Jitsu Championship 2017,Master2/Male/Black/OpenClass,1,WilliamLink,McVicker'sBrazilianJiuJitsu
Chicago Summer International Open Jiu-Jitsu Championship 2017,Master2/Male/Black/OpenClass,2,LawrenceC.Dunning,ValkoBJJAcademy
Chicago Summer International Open Jiu-Jitsu Championship 2017,Master2/Male/Black/OpenClass,3,BenjaminJamesNelson,RelsonGracie
Chicago Summer International Open Jiu-Jitsu Championship 2017,Master2/Male/Black/OpenClass,3,RodrigoRibeirodaCruz,MarcioCruzBrazilianJiu,Jitsu
Chicago Summer International Open Jiu-Jitsu Championship 2017,Master3/Male/Blue/Rooster,1,LeonardoMoreno,CarlsonGracieTeam
Chicago Summer International Open Jiu-Jitsu Championship 2017,Master3/Male/Blue/Light-Feather,1,AnthonyJZito,SoulFighter'sChicago,IL,USA
Chicago Summer International Open Jiu-Jitsu Championship 2017,Master3/Male/Blue/Feather,1,ZoltanA.Ekk,BodyofFour
Chicago Summer International Open Jiu-Jitsu Championship 2017,Master3/Male/Blue/Feather,2,LouisCalderon,UflackerAcademy
Chicago Summer International Open Jiu-Jitsu Championship 2017,Master3/Male/Blue/Feather,3,RichBongat,Alliance
Chicago Summer International Open Jiu-Jitsu Championship 2017,Master3/Male/Blue/Light,1,MikeCritzer,CarlsonGracieTeam
Chicago Summer International Open Jiu-Jitsu Championship 2017,Master3/Male/Blue/Light,2,WilliamMcGrath,UflackerAcademy
Chicago Summer International Open Jiu-Jitsu Championship 2017,Master3/Male/Blue/Middle,1,EricProescher,BonsaiJJ,USA
Chicago Summer International Open Jiu-Jitsu Championship 2017,Master3/Male/Blue/Middle,2,DavidGuzman,SoulFighter'sChicago,IL,USA
Chicago Summer International Open Jiu-Jitsu Championship 2017,Master3/Male/Blue/Medium-Heavy,1,CoryVokey,BodyofFour
Chicago Summer International Open Jiu-Jitsu Championship 2017,Master3/Male/Blue/Medium-Heavy,2,DarrinDimond,ValkoBJJAcademy
Chicago Summer International Open Jiu-Jitsu Championship 2017,Master3/Male/Blue/Medium-Heavy,3,adamivy,Alliance
Chicago Summer International Open Jiu-Jitsu Championship 2017,Master3/Male/Blue/Medium-Heavy,3,ChrisMichaelVinezeano,CarlsonGracieTeam
Chicago Summer International Open Jiu-Jitsu Championship 2017,Master3/Male/Blue/Heavy,1,ChristopherAkiwowo,CarlsonGracieTeam
Chicago Summer International Open Jiu-Jitsu Championship 2017,Master3/Male/Blue/Heavy,2,RussellHowardChristopher,SoulFighter'sChicago,IL,USA
Chicago Summer International Open Jiu-Jitsu Championship 2017,Master3/Male/Blue/Super-Heavy,1,ScottGiller,StaleyMartialArts
Chicago Summer International Open Jiu-Jitsu Championship 2017,Master3/Male/Blue/Super-Heavy,2,JamesLorton,GracieBarra
Chicago Summer International Open Jiu-Jitsu Championship 2017,Master3/Male/Blue/Super-Heavy,3,AndrewTillman,ValkoBJJAcademy
Chicago Summer International Open Jiu-Jitsu Championship 2017,Master3/Male/Blue/Ultra-Heavy,1,JoshuaHamilton,BonsaiJJ,USA
Chicago Summer International Open Jiu-Jitsu Championship 2017,Master3/Male/Blue/Ultra-Heavy,2,DavidAmin,CarlsonGracieTeam
Chicago Summer International Open Jiu-Jitsu Championship 2017,Master3/Male/Blue/Ultra-Heavy,3,AdamJSettle,TeamLDMA
Chicago Summer International Open Jiu-Jitsu Championship 2017,Master3/Male/Blue/Ultra-Heavy,3,MarcosDoOlival,RodrigoVaghiBJJ
Chicago Summer International Open Jiu-Jitsu Championship 2017,Master3/Male/Blue/OpenClass,1,JoshuaHamilton,BonsaiJJ,USA
Chicago Summer International Open Jiu-Jitsu Championship 2017,Master3/Male/Blue/OpenClass,2,EricProescher,BonsaiJJ,USA
Chicago Summer International Open Jiu-Jitsu Championship 2017,Master3/Male/Blue/OpenClass,3,ChristopherAkiwowo,CarlsonGracieTeam
Chicago Summer International Open Jiu-Jitsu Championship 2017,Master3/Male/Blue/OpenClass,3,DavidGuzman,SoulFighter'sChicago,IL,USA
Chicago Summer International Open Jiu-Jitsu Championship 2017,Master3/Male/Purple/Middle,1,JoseWashington,RenzoGracieInternational
Chicago Summer International Open Jiu-Jitsu Championship 2017,Master3/Male/Purple/Middle,2,NinadDesai,BodyofFour
Chicago Summer International Open Jiu-Jitsu Championship 2017,Master3/Male/Purple/Middle,3,JamesZucco,AllianceInternational
Chicago Summer International Open Jiu-Jitsu Championship 2017,Master3/Male/Purple/Middle,3,JodyWilletts,Alliance
Chicago Summer International Open Jiu-Jitsu Championship 2017,Master3/Male/Purple/Medium-Heavy,1,AleksandrJones,Alliance
Chicago Summer International Open Jiu-Jitsu Championship 2017,Master3/Male/Purple/Medium-Heavy,2,RobHarman,ValkoBJJAcademy
Chicago Summer International Open Jiu-Jitsu Championship 2017,Master3/Male/Purple/Medium-Heavy,3,FabioVargas,GracieBarra
Chicago Summer International Open Jiu-Jitsu Championship 2017,Master3/Male/Purple/Heavy,1,RobbyBurroughs,BonsaiJJ,USA
Chicago Summer International Open Jiu-Jitsu Championship 2017,Master3/Male/Purple/Heavy,2,RaulPesinajr,BrasaCTA
Chicago Summer International Open Jiu-Jitsu Championship 2017,Master3/Male/Purple/Heavy,3,JohnGodoy,BrasaCTA
Chicago Summer International Open Jiu-Jitsu Championship 2017,Master3/Male/Purple/Ultra-Heavy,1,ClintS.Clark,TeamLDMA
Chicago Summer International Open Jiu-Jitsu Championship 2017,Master3/Male/Purple/Ultra-Heavy,2,DanWilliamsII,CarlsonGracieTeam
Chicago Summer International Open Jiu-Jitsu Championship 2017,Master3/Male/Purple/OpenClass,1,AleksandrJones,Alliance
Chicago Summer International Open Jiu-Jitsu Championship 2017,Master3/Male/Purple/OpenClass,2,JamesZucco,AllianceInternational
Chicago Summer International Open Jiu-Jitsu Championship 2017,Master3/Male/Brown/Feather,1,JeffWaldrom,BrasaCTA
Chicago Summer International Open Jiu-Jitsu Championship 2017,Master3/Male/Brown/Feather,2,MartyNunn,McVicker'sBrazilianJiuJitsu
Chicago Summer International Open Jiu-Jitsu Championship 2017,Master3/Male/Brown/Feather,3,SaidHatim,BrasaCTA
Chicago Summer International Open Jiu-Jitsu Championship 2017,Master3/Male/Brown/Middle,1,DarrinJeziorski,CarlsonGracieTeam
Chicago Summer International Open Jiu-Jitsu Championship 2017,Master3/Male/Brown/Middle,2,JesseGarza,BrasaCTA
Chicago Summer International Open Jiu-Jitsu Championship 2017,Master3/Male/Brown/Heavy,1,MichaelHagl,UflackerAcademy
Chicago Summer International Open Jiu-Jitsu Championship 2017,Master3/Male/Brown/Heavy,2,MattThompson,GDJiu,JitsuAssociation
Chicago Summer International Open Jiu-Jitsu Championship 2017,Master3/Male/Brown/Super-Heavy,1,BenjaminJoelLindhout,CarlsonGracieTeam
Chicago Summer International Open Jiu-Jitsu Championship 2017,Master3/Male/Brown/Super-Heavy,2,RaymondA.McFarlane,GoldTeamfightersUSA
Chicago Summer International Open Jiu-Jitsu Championship 2017,Master3/Male/Brown/OpenClass,1,BenjaminJoelLindhout,CarlsonGracieTeam
Chicago Summer International Open Jiu-Jitsu Championship 2017,Master3/Male/Brown/OpenClass,2,RaymondA.McFarlane,GoldTeamfightersUSA
Chicago Summer International Open Jiu-Jitsu Championship 2017,Master3/Male/Brown/OpenClass,3,JesseGarza,BrasaCTA
Chicago Summer International Open Jiu-Jitsu Championship 2017,Master3/Male/Brown/OpenClass,3,MattThompson,GDJiu,JitsuAssociation
Chicago Summer International Open Jiu-Jitsu Championship 2017,Master3/Male/Black/Light,1,SuyanLopesQueiroz,CarlsonGracieTeam
Chicago Summer International Open Jiu-Jitsu Championship 2017,Master3/Male/Black/Light,2,JamesWhyteIV,PositiveBalanceGrappling
Chicago Summer International Open Jiu-Jitsu Championship 2017,Master3/Male/Black/Light,3,RobertSchuster,BrasaCTA
Chicago Summer International Open Jiu-Jitsu Championship 2017,Master3/Male/Black/Middle,1,MarkJ.Vives,BonsaiJJ,USA
Chicago Summer International Open Jiu-Jitsu Championship 2017,Master3/Male/Black/Middle,2,JoshuaWilliamWebb,McVicker'sBrazilianJiuJitsu
Chicago Summer International Open Jiu-Jitsu Championship 2017,Master3/Male/Black/Medium-Heavy,1,ZacharyThomasBeck,KillerBeesBJJCollege
Chicago Summer International Open Jiu-Jitsu Championship 2017,Master3/Male/Black/Medium-Heavy,2,AlanW.Stockman,CarlsonGracieTeam
Chicago Summer International Open Jiu-Jitsu Championship 2017,Master3/Male/Black/Medium-Heavy,3,DavidCharlesReeves,BigBrothers
Chicago Summer International Open Jiu-Jitsu Championship 2017,Master3/Male/Black/Medium-Heavy,3,GustavoArielRudel,StaleyMartialArts
Chicago Summer International Open Jiu-Jitsu Championship 2017,Master3/Male/Black/Heavy,1,MarcosEscobarSaad,BrasaCTA
Chicago Summer International Open Jiu-Jitsu Championship 2017,Master3/Male/Black/Heavy,2,ThomasCWoodruff,TeamCurran
Chicago Summer International Open Jiu-Jitsu Championship 2017,Master3/Male/Black/Super-Heavy,1,SamuelPuccio,CarlsonGracieTeam
Chicago Summer International Open Jiu-Jitsu Championship 2017,Master3/Male/Black/Super-Heavy,2,DeonMarkThompson,BrasaCTA
Chicago Summer International Open Jiu-Jitsu Championship 2017,Master3/Male/Black/OpenClass,1,MarcosEscobarSaad,BrasaCTA
Chicago Summer International Open Jiu-Jitsu Championship 2017,Master3/Male/Black/OpenClass,2,DeonMarkThompson,BrasaCTA
Chicago Summer International Open Jiu-Jitsu Championship 2017,Master3/Male/Black/OpenClass,3,SuyanLopesQueiroz,CarlsonGracieTeam
Chicago Summer International Open Jiu-Jitsu Championship 2017,Master3/Male/Black/OpenClass,3,ThomasCWoodruff,TeamCurran
Chicago Summer International Open Jiu-Jitsu Championship 2017,Master4/Male/Blue/Light,1,JohnFerrick,TeamRedzovic
Chicago Summer International Open Jiu-Jitsu Championship 2017,Master4/Male/Blue/Light,2,NirajShah,BonsaiJJ,USA
Chicago Summer International Open Jiu-Jitsu Championship 2017,Master4/Male/Blue/Middle,1,MikeAnderson,BrasaCTA
Chicago Summer International Open Jiu-Jitsu Championship 2017,Master4/Male/Blue/Middle,2,MichaelGrynberg,BonsaiJJ,USA
Chicago Summer International Open Jiu-Jitsu Championship 2017,Master4/Male/Blue/Medium-Heavy,1,DevinDallaire,BonsaiJJ,USA
Chicago Summer International Open Jiu-Jitsu Championship 2017,Master4/Male/Blue/Medium-Heavy,2,MarkAndeer,Alliance
Chicago Summer International Open Jiu-Jitsu Championship 2017,Master4/Male/Blue/Medium-Heavy,3,PeterCurtis,GracieBarra
Chicago Summer International Open Jiu-Jitsu Championship 2017,Master4/Male/Blue/Heavy,1,JamesMichael,ValkoBJJAcademy
Chicago Summer International Open Jiu-Jitsu Championship 2017,Master4/Male/Blue/Heavy,2,DanielFranciscoOrtiz,CRBJJUSA
Chicago Summer International Open Jiu-Jitsu Championship 2017,Master4/Male/Blue/Super-Heavy,1,RichardWittmann,LCCTUSA
Chicago Summer International Open Jiu-Jitsu Championship 2017,Master4/Male/Blue/Super-Heavy,2,GeoffGrainger,CarlsonGracieTeam
Chicago Summer International Open Jiu-Jitsu Championship 2017,Master4/Male/Purple/Light,1,JasonThomas,MarcioCruzBrazilianJiu,Jitsu
Chicago Summer International Open Jiu-Jitsu Championship 2017,Master4/Male/Purple/Light,2,MikeGould,GracieBarra
Chicago Summer International Open Jiu-Jitsu Championship 2017,Master4/Male/Purple/Light,3,LarryAn,Jiu,JitsuForLifeTeam
Chicago Summer International Open Jiu-Jitsu Championship 2017,Master4/Male/Purple/Middle,1,JasonSmith,Alliance
Chicago Summer International Open Jiu-Jitsu Championship 2017,Master4/Male/Purple/Middle,2,JuanTapia,CounterStrike/JonatasNovaesBJJTeam
Chicago Summer International Open Jiu-Jitsu Championship 2017,Master4/Male/Purple/Middle,3,PaulStamas,BrasaCTA
Chicago Summer International Open Jiu-Jitsu Championship 2017,Master4/Male/Purple/Medium-Heavy,1,SCOTTARMES,BrasaCTA
Chicago Summer International Open Jiu-Jitsu Championship 2017,Master4/Male/Purple/Medium-Heavy,2,AlexAvedikian,Alliance
Chicago Summer International Open Jiu-Jitsu Championship 2017,Master4/Male/Purple/Medium-Heavy,3,AnthonyFox,ValkoBJJAcademy
Chicago Summer International Open Jiu-Jitsu Championship 2017,Master4/Male/Purple/Super-Heavy,1,IvanMoya,RenzoGracieInternational
Chicago Summer International Open Jiu-Jitsu Championship 2017,Master4/Male/Purple/Super-Heavy,2,BrentWillis,AresBJJ
Chicago Summer International Open Jiu-Jitsu Championship 2017,Master4/Male/Purple/Ultra-Heavy,1,A.j.Oglum,Alliance
Chicago Summer International Open Jiu-Jitsu Championship 2017,Master4/Male/Purple/Ultra-Heavy,2,ScottRepec,BonsaiJJ,USA
Chicago Summer International Open Jiu-Jitsu Championship 2017,Master4/Male/Purple/OpenClass,1,SCOTTARMES,BrasaCTA
Chicago Summer International Open Jiu-Jitsu Championship 2017,Master4/Male/Purple/OpenClass,2,PaulStamas,BrasaCTA
Chicago Summer International Open Jiu-Jitsu Championship 2017,Master4/Male/Purple/OpenClass,3,AlexAvedikian,Alliance
Chicago Summer International Open Jiu-Jitsu Championship 2017,Master4/Male/Brown/Medium-Heavy,1,AlexanderC.Jutis,CreightonMixedMartialArtsAcademy
Chicago Summer International Open Jiu-Jitsu Championship 2017,Master4/Male/Brown/Medium-Heavy,2,DonaldRayCradicJr,GracieBarra
Chicago Summer International Open Jiu-Jitsu Championship 2017,Master4/Male/Brown/Medium-Heavy,3,GilbertoMonroyAguas,Alliance
Chicago Summer International Open Jiu-Jitsu Championship 2017,Master4/Male/Brown/Super-Heavy,1,GeorgeB.Reffett,IndianaBrazilianJiu,JitsuAcademy
Chicago Summer International Open Jiu-Jitsu Championship 2017,Master4/Male/Brown/Super-Heavy,2,DavidBrianJones,GracieBarra
Chicago Summer International Open Jiu-Jitsu Championship 2017,Master4/Male/Brown/OpenClass,1,GeorgeB.Reffett,IndianaBrazilianJiu,JitsuAcademy
Chicago Summer International Open Jiu-Jitsu Championship 2017,Master4/Male/Brown/OpenClass,2,AlexanderC.Jutis,CreightonMixedMartialArtsAcademy
Chicago Summer International Open Jiu-Jitsu Championship 2017,Master4/Male/Black/Middle,1,AndreLuizLeite,SoulFighter'sChicago,IL,USA
Chicago Summer International Open Jiu-Jitsu Championship 2017,Master4/Male/Black/Middle,2,MichaelWBruns,BrasaCTA
Chicago Summer International Open Jiu-Jitsu Championship 2017,Master4/Male/Black/OpenClass,1,AndreLuizLeite,SoulFighter'sChicago,IL,USA
Chicago Summer International Open Jiu-Jitsu Championship 2017,Master4/Male/Black/OpenClass,2,MichaelWBruns,BrasaCTA
Chicago Summer International Open Jiu-Jitsu Championship 2017,Master5/Male/Blue/Feather,1,ScottAlanColeman,McCune'sMartialArts
Chicago Summer International Open Jiu-Jitsu Championship 2017,Master5/Male/Blue/Feather,2,SteveTroha,GracieBarra
Chicago Summer International Open Jiu-Jitsu Championship 2017,Master5/Male/Blue/Ultra-Heavy,1,DanielTaylor,BrasaCTA
Chicago Summer International Open Jiu-Jitsu Championship 2017,Master5/Male/Blue/Ultra-Heavy,2,GeorgePrigorski,StaleyMartialArts
Chicago Summer International Open Jiu-Jitsu Championship 2017,Master5/Male/Blue/OpenClass,1,DanielTaylor,BrasaCTA
Chicago Summer International Open Jiu-Jitsu Championship 2017,Master5/Male/Blue/OpenClass,2,ScottAlanColeman,McCune'sMartialArts
Chicago Summer International Open Jiu-Jitsu Championship 2017,Master5/Male/Purple/Medium-Heavy,1,ScottRoffers,BrasaCTA
Chicago Summer International Open Jiu-Jitsu Championship 2017,Master5/Male/Purple/Medium-Heavy,2,AlexeyIskhakov,MikeMoses'CompetitionTeam
Chicago Summer International Open Jiu-Jitsu Championship 2017,Master5/Male/Purple/OpenClass,1,ScottRoffers,BrasaCTA
Chicago Summer International Open Jiu-Jitsu Championship 2017,Master5/Male/Purple/OpenClass,2,AlexeyIskhakov,MikeMoses'CompetitionTeam
Chicago Summer International Open Jiu-Jitsu Championship 2017,Master5/Male/Brown/Middle,1,JohnHubbard,GFTeamArkansas
Chicago Summer International Open Jiu-Jitsu Championship 2017,Master5/Male/Brown/Middle,2,MarkFoster,CombatBase
Chicago Summer International Open Jiu-Jitsu Championship 2017,Master5/Male/Black/Middle,1,MarceloCapoMartins,CheckMat
Chicago Summer International Open Jiu-Jitsu Championship 2017,Master5/Male/Black/OpenClass,1,MarceloCapoMartins,CheckMat
Chicago Summer International Open Jiu-Jitsu Championship 2017,Master6/Male/Blue/Ultra-Heavy,1,GregoryGeorgeKennin,CarlsonGracie
Chicago Summer International Open Jiu-Jitsu Championship 2017,Juvenile/Male/Blue/Feather,1,JoséJuliánEspinosaFlores,RenzoGracieInternational
Chicago Summer International Open Jiu-Jitsu Championship 2017,Juvenile/Male/Blue/Feather,2,ColeDavidNelson,VenerationBJJ
Chicago Summer International Open Jiu-Jitsu Championship 2017,Juvenile/Male/Blue/Feather,3,GrantJamesWilliams,Yackel,ValkoBJJAcademy
Chicago Summer International Open Jiu-Jitsu Championship 2017,Juvenile/Male/Blue/Light,1,JacobAhmadKassama,AtosJiu,Jitsu
Chicago Summer International Open Jiu-Jitsu Championship 2017,Juvenile/Male/Blue/Light,2,AlexanderHowellSalas,CarlsonGracieTeam
Chicago Summer International Open Jiu-Jitsu Championship 2017,Juvenile/Male/Blue/Light,3,AlfredoBlazeGarza,GracieBarra
Chicago Summer International Open Jiu-Jitsu Championship 2017,Juvenile/Male/Blue/Light,3,DylanJosephAlbright,GFTeamOhio
Chicago Summer International Open Jiu-Jitsu Championship 2017,Juvenile/Male/Blue/Middle,1,PhillipGregoryAtkinson,Alliance
Chicago Summer International Open Jiu-Jitsu Championship 2017,Juvenile/Male/Blue/Middle,2,JayAllenMorrisseyJr,Alliance
Chicago Summer International Open Jiu-Jitsu Championship 2017,Juvenile/Male/Blue/Middle,3,JacobBaldreeMorgan,RibeiroJiu,Jitsu
Chicago Summer International Open Jiu-Jitsu Championship 2017,Juvenile/Male/Blue/Medium-Heavy,1,TrevorLeeCameron,BrazilAcademyUSA
Chicago Summer International Open Jiu-Jitsu Championship 2017,Juvenile/Male/Blue/Medium-Heavy,2,BrianDannielBoleaga,SoulFighter'sChicago,IL,USA
Chicago Summer International Open Jiu-Jitsu Championship 2017,Juvenile/Male/Blue/Ultra-Heavy,1,KalumJohnKlausner,BJJLifestyleAcademyBelleville
Chicago Summer International Open Jiu-Jitsu Championship 2017,Juvenile/Male/Blue/OpenClassLight,1,JacobAhmadKassama,AtosJiu,Jitsu
Chicago Summer International Open Jiu-Jitsu Championship 2017,Juvenile/Male/Blue/OpenClassLight,2,JoséJuliánEspinosaFlores,RenzoGracieInternational
Chicago Summer International Open Jiu-Jitsu Championship 2017,Juvenile/Male/Blue/OpenClassLight,3,AlfredoBlazeGarza,GracieBarra
Chicago Summer International Open Jiu-Jitsu Championship 2017,Juvenile/Male/Blue/OpenClassHeavy,1,KalumJohnKlausner,BJJLifestyleAcademyBelleville
