Chicago Summer No-GI International Open 2014,Adult/Male/Blue/Rooster,1,DeanLewis,RenzoGracie
Chicago Summer No-GI International Open 2014,Adult/Male/Blue/Rooster,2,MaxMalave,AndreManecoBJJ
Chicago Summer No-GI International Open 2014,Adult/Male/Blue/Rooster,3,CalebMaxson,GracieBarra
Chicago Summer No-GI International Open 2014,Adult/Male/Blue/Light-Feather,1,JustinPenaflor,CarlsonGracieTeam
Chicago Summer No-GI International Open 2014,Adult/Male/Blue/Light-Feather,2,JarrodTrotter,BrunoBastosBJJMidland
Chicago Summer No-GI International Open 2014,Adult/Male/Blue/Light-Feather,3,MarcusBeddor,PedroSauerTeam
Chicago Summer No-GI International Open 2014,Adult/Male/Blue/Light-Feather,3,TimothyIzzo,Brasa
Chicago Summer No-GI International Open 2014,Adult/Male/Blue/Feather,1,ThomasWadeTurnerJr.,BJJRevolutionTeam
Chicago Summer No-GI International Open 2014,Adult/Male/Blue/Feather,2,ChristopherDominicWright,GracieBarra
Chicago Summer No-GI International Open 2014,Adult/Male/Blue/Feather,3,alexseaver,CarlsonGracieTeam
Chicago Summer No-GI International Open 2014,Adult/Male/Blue/Feather,3,KojiTanaka,Brasa
Chicago Summer No-GI International Open 2014,Adult/Male/Blue/Light,1,AaronBrooks,CarlsonGracieTeam
Chicago Summer No-GI International Open 2014,Adult/Male/Blue/Light,2,JosephThrasher,Brasa
Chicago Summer No-GI International Open 2014,Adult/Male/Blue/Light,3,kevinnoel,BonsaiJJ,USA
Chicago Summer No-GI International Open 2014,Adult/Male/Blue/Light,3,MarcCoss,BonsaiJJ,USA
Chicago Summer No-GI International Open 2014,Adult/Male/Blue/Middle,1,MikeScarcello,ZenithBJJ,Canada
Chicago Summer No-GI International Open 2014,Adult/Male/Blue/Middle,2,MichaelRakauskas,AllianceMadison
Chicago Summer No-GI International Open 2014,Adult/Male/Blue/Middle,3,MichaelRealmuto,ValkoBJJ
Chicago Summer No-GI International Open 2014,Adult/Male/Blue/Middle,3,RamsesBugarin,Brasa
Chicago Summer No-GI International Open 2014,Adult/Male/Blue/Medium-Heavy,1,BrandonScottMorris,MarcioCruzBrazilianJiu,Jitsu
Chicago Summer No-GI International Open 2014,Adult/Male/Blue/Medium-Heavy,2,DominicGarrini,BonsaiJJ,USA
Chicago Summer No-GI International Open 2014,Adult/Male/Blue/Medium-Heavy,3,HenryEms,LincolnBrazilianJiu,JitsuCenter
Chicago Summer No-GI International Open 2014,Adult/Male/Blue/Heavy,1,JoshIhnen,TeamVaghi
Chicago Summer No-GI International Open 2014,Adult/Male/Blue/Heavy,2,JonathanSimon,ValkoBJJ
Chicago Summer No-GI International Open 2014,Adult/Male/Blue/Heavy,3,CameronBatko,RibeiroJiu,Jitsu
Chicago Summer No-GI International Open 2014,Adult/Male/Blue/Heavy,3,HenryD.DavisIV,Brasa
Chicago Summer No-GI International Open 2014,Adult/Male/Blue/Super-Heavy,1,TaylorKettler,RenatoTavaresAssociation
Chicago Summer No-GI International Open 2014,Adult/Male/Blue/Super-Heavy,2,AdamHadley,Brasa
Chicago Summer No-GI International Open 2014,Adult/Male/Blue/Super-Heavy,3,ChrisFeldmeier,BonsaiJJ,USA
Chicago Summer No-GI International Open 2014,Adult/Male/Blue/Ultra-Heavy,1,RobertArnett,IndianaBrazilianJiu,JitsuAcademy
Chicago Summer No-GI International Open 2014,Adult/Male/Blue/Ultra-Heavy,2,MichaelS.Kuta,TeamLink
Chicago Summer No-GI International Open 2014,Adult/Male/Blue/OpenClass,1,RobertArnett,IndianaBrazilianJiu,JitsuAcademy
Chicago Summer No-GI International Open 2014,Adult/Male/Blue/OpenClass,2,TaylorKettler,RenatoTavaresAssociation
Chicago Summer No-GI International Open 2014,Adult/Male/Blue/OpenClass,3,alexseaver,CarlsonGracieTeam
Chicago Summer No-GI International Open 2014,Adult/Male/Blue/OpenClass,3,DominicGarrini,BonsaiJJ,USA
Chicago Summer No-GI International Open 2014,Adult/Female/Blue/Rooster,1,JessicaDuncan,KnuckleUp
Chicago Summer No-GI International Open 2014,Adult/Female/Blue/Rooster,2,LauraWesson,GracieBarra
Chicago Summer No-GI International Open 2014,Adult/Female/Blue/Feather,1,CrystalVanessaDemopoulos,GFTeam
Chicago Summer No-GI International Open 2014,Adult/Female/Blue/Feather,2,TaylorBiagi,BonsaiJJ,USA
Chicago Summer No-GI International Open 2014,Adult/Female/Blue/Light,1,DaniaObeid,Brasa
Chicago Summer No-GI International Open 2014,Adult/Female/Blue/Light,2,ClaireNorth,BonsaiJJ,USA
Chicago Summer No-GI International Open 2014,Adult/Female/Blue/Middle,1,DianaRooney,ValkoBJJ
Chicago Summer No-GI International Open 2014,Adult/Female/Blue/Middle,2,AmberKamischke,10thPlanetJiuJitsu
Chicago Summer No-GI International Open 2014,Adult/Female/Blue/Super-Heavy,1,ElizabethLouiseKirchmeier,Choke,U
Chicago Summer No-GI International Open 2014,Adult/Female/Blue/Super-Heavy,2,MelissaMaine,Brasa
Chicago Summer No-GI International Open 2014,Adult/Female/Blue/Super-Heavy,3,SandraDamiani,TorresMartialArtsAcademy
Chicago Summer No-GI International Open 2014,Adult/Female/Blue/OpenClass,1,TaylorBiagi,BonsaiJJ,USA
Chicago Summer No-GI International Open 2014,Adult/Female/Blue/OpenClass,2,DianaRooney,ValkoBJJ
Chicago Summer No-GI International Open 2014,Adult/Female/Blue/OpenClass,3,MelissaMaine,Brasa
Chicago Summer No-GI International Open 2014,Adult/Male/Purple/Light-Feather,1,PerezR.FigueroaJr.,TeamRedzovic
Chicago Summer No-GI International Open 2014,Adult/Male/Purple/Light-Feather,2,MarkBryanHuls,McVicker'sBJJ
Chicago Summer No-GI International Open 2014,Adult/Male/Purple/Feather,1,FrankAndresQuirósMarín,RogerCoelho,CostaRica
Chicago Summer No-GI International Open 2014,Adult/Male/Purple/Feather,2,IgorPopovic,GracieEliteTeamAmerica
Chicago Summer No-GI International Open 2014,Adult/Male/Purple/Feather,3,EmilioAlejandrohernandez,rodgriquez,ZenithBJJ
Chicago Summer No-GI International Open 2014,Adult/Male/Purple/Feather,3,JohnsonClayTelford,TeamRoyceGracie
Chicago Summer No-GI International Open 2014,Adult/Male/Purple/Light,1,DanPacific,Balance
Chicago Summer No-GI International Open 2014,Adult/Male/Purple/Light,2,IsaacJ.Chung,Brazil021International
Chicago Summer No-GI International Open 2014,Adult/Male/Purple/Light,3,DaltonWayneToombs,GracieHumaitaUSA
Chicago Summer No-GI International Open 2014,Adult/Male/Purple/Light,3,SamuelGehrts,ZenithBJJ
Chicago Summer No-GI International Open 2014,Adult/Male/Purple/Middle,1,DanteLeon,DetroitJiu,JitsuAcademy
Chicago Summer No-GI International Open 2014,Adult/Male/Purple/Middle,2,KhalilFadiFadlallah,DetroitJiu,JitsuAcademy
Chicago Summer No-GI International Open 2014,Adult/Male/Purple/Middle,3,DanielJosephSeaberg,Alliance
Chicago Summer No-GI International Open 2014,Adult/Male/Purple/Middle,3,GarrettAldrich,GracieBarra
Chicago Summer No-GI International Open 2014,Adult/Male/Purple/Medium-Heavy,1,DaniloBorovic,Brasa
Chicago Summer No-GI International Open 2014,Adult/Male/Purple/Medium-Heavy,2,MatthewWLeighton(repetido147352),BonsaiJJ,USA
Chicago Summer No-GI International Open 2014,Adult/Male/Purple/Medium-Heavy,3,CarlosRegalado(repetido33912),Brazil021International
Chicago Summer No-GI International Open 2014,Adult/Male/Purple/Medium-Heavy,3,JordanKeithSchilleman,JacksonvilleGracieJiu,Jitsu
Chicago Summer No-GI International Open 2014,Adult/Male/Purple/Heavy,1,JohnGutta,BonsaiJJ,USA
Chicago Summer No-GI International Open 2014,Adult/Male/Purple/Heavy,2,SamuelRobertFerguson,CarlsonGracieTeam
Chicago Summer No-GI International Open 2014,Adult/Male/Purple/Heavy,3,JohnnyRodogiannis,ValkoBJJ
Chicago Summer No-GI International Open 2014,Adult/Male/Purple/Heavy,3,ShannonWhite,BonsaiJJ,USA
Chicago Summer No-GI International Open 2014,Adult/Male/Purple/Super-Heavy,1,EfstathiosCasternopoulos,BJJRevolutionTeam
Chicago Summer No-GI International Open 2014,Adult/Male/Purple/Super-Heavy,2,GregorBrower,ValkoBJJ
Chicago Summer No-GI International Open 2014,Adult/Male/Purple/Ultra-Heavy,1,MaxVice,Reshel,ValkoBJJ
Chicago Summer No-GI International Open 2014,Adult/Male/Purple/Ultra-Heavy,2,DeuceRachal,CarlsonGracieTeam
Chicago Summer No-GI International Open 2014,Adult/Male/Purple/Ultra-Heavy,3,ChristopherOden,RioProBrazilianJiuJitsu
Chicago Summer No-GI International Open 2014,Adult/Male/Purple/OpenClass,1,DaniloBorovic,Brasa
Chicago Summer No-GI International Open 2014,Adult/Male/Purple/OpenClass,2,DanteLeon,DetroitJiu,JitsuAcademy
Chicago Summer No-GI International Open 2014,Adult/Male/Purple/OpenClass,3,EfstathiosCasternopoulos,BJJRevolutionTeam
Chicago Summer No-GI International Open 2014,Adult/Male/Purple/OpenClass,3,SamuelRobertFerguson,CarlsonGracieTeam
Chicago Summer No-GI International Open 2014,Adult/Female/Purple/Medium-Heavy,1,ASHLEEJOWICKLUND,PedroSauerTeam
Chicago Summer No-GI International Open 2014,Adult/Male/Brown/Light-Feather,1,AlexisAlduncinBarragan,RenzoGracieMexico
Chicago Summer No-GI International Open 2014,Adult/Male/Brown/Light-Feather,2,JoseCarlosSouzaLimaSobrinho,GFTeam
Chicago Summer No-GI International Open 2014,Adult/Male/Brown/Feather,1,BrandonWoodlyWalensky,SanDiegoBrazilianJiuJitsuAcademy
Chicago Summer No-GI International Open 2014,Adult/Male/Brown/Feather,2,DanielJDrzymkowski,Brasa
Chicago Summer No-GI International Open 2014,Adult/Male/Brown/Feather,3,RodrigoFrancioniDias,TeamLink
Chicago Summer No-GI International Open 2014,Adult/Male/Brown/Light,1,JoshuaTRose,Brasa
Chicago Summer No-GI International Open 2014,Adult/Male/Brown/Light,2,JohnJasonLawrence,CarlsonGracieTeam
Chicago Summer No-GI International Open 2014,Adult/Male/Brown/Light,3,StevenDarrylKinnison,GracieBarra
Chicago Summer No-GI International Open 2014,Adult/Male/Brown/Middle,1,RobbyMalof,GFTeam
Chicago Summer No-GI International Open 2014,Adult/Male/Brown/Middle,2,RobertTMoffett,Brasa
Chicago Summer No-GI International Open 2014,Adult/Male/Brown/Middle,3,DavidGarmo,DetroitJiu,JitsuAcademy
Chicago Summer No-GI International Open 2014,Adult/Male/Brown/Middle,3,WilliamVonHoene,CarlsonGracieTeam
Chicago Summer No-GI International Open 2014,Adult/Male/Brown/Medium-Heavy,1,JoãoMarcosdeAlmeidaCarvalho,FiveRounds
Chicago Summer No-GI International Open 2014,Adult/Male/Brown/Super-Heavy,1,GustavoSantiago,TeamLink
Chicago Summer No-GI International Open 2014,Adult/Male/Brown/Ultra-Heavy,1,AllenA.Causevic,ValkoBJJ
Chicago Summer No-GI International Open 2014,Adult/Male/Brown/OpenClass,1,RobertTMoffett,Brasa
Chicago Summer No-GI International Open 2014,Adult/Male/Brown/OpenClass,2,GustavoSantiago,TeamLink
Chicago Summer No-GI International Open 2014,Adult/Male/Brown/OpenClass,3,AllenA.Causevic,ValkoBJJ
Chicago Summer No-GI International Open 2014,Adult/Male/Brown/OpenClass,3,JoãoMarcosdeAlmeidaCarvalho,FiveRounds
Chicago Summer No-GI International Open 2014,Adult/Male/Black/Feather,1,CaioTerra,Brasa
Chicago Summer No-GI International Open 2014,Adult/Male/Black/Light,1,EdsonFranciscodeOliveira,BarbosaJJ2
Chicago Summer No-GI International Open 2014,Adult/Male/Black/Light,2,DavidM.Freetage,MarceloAlonsoBrazilianJiu,Jitsu
Chicago Summer No-GI International Open 2014,Adult/Male/Black/Middle,1,RyanLDurbin,GracieBarra
Chicago Summer No-GI International Open 2014,Adult/Male/Black/Medium-Heavy,1,ViniciusAgudoSilva,TeamLink
Chicago Summer No-GI International Open 2014,Adult/Male/Black/Heavy,1,RenanVitalRosadeFrança,GordoJiu,Jitsu
Chicago Summer No-GI International Open 2014,Adult/Male/Black/Heavy,2,StevenJ.Patterson,Brasa
Chicago Summer No-GI International Open 2014,Adult/Male/Black/Super-Heavy,1,EliotAndrewKelly,YemasoBrazilianJiu,Jitsu
Chicago Summer No-GI International Open 2014,Adult/Male/Black/Super-Heavy,2,PauloVictorVelozoMartins,GracieBarra
Chicago Summer No-GI International Open 2014,Adult/Male/Black/Ultra-Heavy,1,TiagoRibeirodoValleGiussani,FabricioInternationalTeam,FIT
Chicago Summer No-GI International Open 2014,Adult/Male/Black/OpenClass,1,CaioTerra,Brasa
Chicago Summer No-GI International Open 2014,Adult/Male/Black/OpenClass,2,TiagoRibeirodoValleGiussani,FabricioInternationalTeam,FIT
Chicago Summer No-GI International Open 2014,Adult/Male/Black/OpenClass,3,EliotAndrewKelly,YemasoBrazilianJiu,Jitsu
Chicago Summer No-GI International Open 2014,Adult/Male/Black/OpenClass,3,StevenJ.Patterson,Brasa
Chicago Summer No-GI International Open 2014,Master1/Male/Blue/Feather,1,ChadHawkins,RodrigoVaghiBJJ
Chicago Summer No-GI International Open 2014,Master1/Male/Blue/Feather,2,AlexdeVera,ValkoBJJ
Chicago Summer No-GI International Open 2014,Master1/Male/Blue/Feather,3,ChadRunt,RibeiroJiu,Jitsu
Chicago Summer No-GI International Open 2014,Master1/Male/Blue/Light,1,MichaelJ.Wlos,McVicker'sBJJ
Chicago Summer No-GI International Open 2014,Master1/Male/Blue/Light,2,RyanMorrow,GracieBarra
Chicago Summer No-GI International Open 2014,Master1/Male/Blue/Light,3,CharlesSchrader,McVicker'sBJJ
Chicago Summer No-GI International Open 2014,Master1/Male/Blue/Middle,1,RobinJWeerts,BonsaiJJ,USA
Chicago Summer No-GI International Open 2014,Master1/Male/Blue/Middle,2,charleshuber,GFTeam
Chicago Summer No-GI International Open 2014,Master1/Male/Blue/Middle,3,JeffTardiff,Brasa
Chicago Summer No-GI International Open 2014,Master1/Male/Blue/Middle,3,MichaelSears,CarlsonGracieTeam
Chicago Summer No-GI International Open 2014,Master1/Male/Blue/Medium-Heavy,1,AdamMarburger,McVicker'sBrazilianJiuJitsu
Chicago Summer No-GI International Open 2014,Master1/Male/Blue/Medium-Heavy,2,MatthewBourbonnais,ValkoBJJ
Chicago Summer No-GI International Open 2014,Master1/Male/Blue/Heavy,1,MichaelJamesRoberts,Brasa
Chicago Summer No-GI International Open 2014,Master1/Male/Blue/Heavy,2,NathanSherk,ValkoBJJ
Chicago Summer No-GI International Open 2014,Master1/Male/Blue/Heavy,3,ryancollins,Brasa
Chicago Summer No-GI International Open 2014,Master1/Male/Blue/Ultra-Heavy,1,GrantNidey,BonsaiJJ,Guam
Chicago Summer No-GI International Open 2014,Master1/Male/Blue/Ultra-Heavy,2,JonathanRogosich,TeamRedzovic
Chicago Summer No-GI International Open 2014,Master1/Male/Blue/Ultra-Heavy,3,AnthonyD.Poor,CarlsonGracieTeam
Chicago Summer No-GI International Open 2014,Master1/Male/Blue/OpenClass,1,NathanSherk,ValkoBJJ
Chicago Summer No-GI International Open 2014,Master1/Male/Blue/OpenClass,2,AdamMarburger,McVicker'sBrazilianJiuJitsu
Chicago Summer No-GI International Open 2014,Master1/Male/Blue/OpenClass,3,MichaelJ.Wlos,McVicker'sBJJ
Chicago Summer No-GI International Open 2014,Master1/Male/Blue/OpenClass,3,MichaelJamesRoberts,Brasa
Chicago Summer No-GI International Open 2014,Master1/Male/Purple/Light,1,EmreDemirors,Brazil021International
Chicago Summer No-GI International Open 2014,Master1/Male/Purple/Light,2,RichardFitzgerald,FabricioJJInternational
Chicago Summer No-GI International Open 2014,Master1/Male/Purple/Light,3,DarrellJasonBender,CarlsonGracieTeam
Chicago Summer No-GI International Open 2014,Master1/Male/Purple/Medium-Heavy,1,JamieStuartKyler,McVicker'sBJJ
Chicago Summer No-GI International Open 2014,Master1/Male/Purple/Medium-Heavy,2,NicholasS.Garcia,Brasa
Chicago Summer No-GI International Open 2014,Master1/Male/Purple/Medium-Heavy,3,BernieVendlinski,AndreManecoBJJ
Chicago Summer No-GI International Open 2014,Master1/Male/Purple/OpenClass,1,EmreDemirors,Brazil021International
Chicago Summer No-GI International Open 2014,Master1/Male/Purple/OpenClass,2,NicholasS.Garcia,Brasa
Chicago Summer No-GI International Open 2014,Master1/Male/Purple/OpenClass,3,RichardFitzgerald,FabricioJJInternational
Chicago Summer No-GI International Open 2014,Master1/Male/Brown/Medium-Heavy,1,LawrenceC.Dunning,ValkoBJJ
Chicago Summer No-GI International Open 2014,Master1/Male/Brown/Medium-Heavy,2,KevinJonPeterson,GracieBarra
Chicago Summer No-GI International Open 2014,Master1/Male/Brown/Super-Heavy,1,JustinRobertCurtis,IndianaBrazilianJiu,JitsuAcademy
Chicago Summer No-GI International Open 2014,Master1/Male/Brown/Super-Heavy,2,ThomasJMcCoy,Brasa
Chicago Summer No-GI International Open 2014,Master1/Male/Brown/OpenClass,1,KevinJonPeterson,GracieBarra
Chicago Summer No-GI International Open 2014,Master1/Male/Brown/OpenClass,2,JustinRobertCurtis,IndianaBrazilianJiu,JitsuAcademy
Chicago Summer No-GI International Open 2014,Master1/Female/Brown/Light-Feather,1,RachelNoelleMorrison,ZenithBJJ
Chicago Summer No-GI International Open 2014,Master1/Female/Brown/Light,1,GegiEVandeWalker,CiaPaulistaUSA
Chicago Summer No-GI International Open 2014,Master1/Female/Brown/OpenClass,1,GegiEVandeWalker,CiaPaulistaUSA
Chicago Summer No-GI International Open 2014,Master1/Female/Brown/OpenClass,2,RachelNoelleMorrison,ZenithBJJ
Chicago Summer No-GI International Open 2014,Master1/Male/Black/Feather,1,JoséLuisdosSantosVarella,GFTeam
Chicago Summer No-GI International Open 2014,Master1/Male/Black/Light,1,AndrewSall,BJJRevolutionTeam
Chicago Summer No-GI International Open 2014,Master1/Male/Black/Light,2,RolandoDelgadoIII,GFTeamArkansas
Chicago Summer No-GI International Open 2014,Master1/Male/Black/Light,3,GregoryRLawson,TinguinhaBJJacademy
Chicago Summer No-GI International Open 2014,Master1/Male/Black/Middle,1,JonatasNovaesdoNascimento,CounterStrike/JonatasNovaesBJJTeam
Chicago Summer No-GI International Open 2014,Master1/Male/Black/Middle,2,RobsondeLimaRodrigues,GFTeam
Chicago Summer No-GI International Open 2014,Master1/Male/Black/Middle,3,BrentRichardInsco,RibeiroJiu,Jitsu
Chicago Summer No-GI International Open 2014,Master1/Male/Black/Medium-Heavy,1,JoshuaDavidMancuso,BJJRevolutionTeam
Chicago Summer No-GI International Open 2014,Master1/Male/Black/Ultra-Heavy,1,KhamKoneFranciscodeJassoNgondara,SASTeamUSA
Chicago Summer No-GI International Open 2014,Master1/Male/Black/OpenClass,1,RobsondeLimaRodrigues,GFTeam
Chicago Summer No-GI International Open 2014,Master1/Male/Black/OpenClass,2,RolandoDelgadoIII,GFTeamArkansas
Chicago Summer No-GI International Open 2014,Master1/Male/Black/OpenClass,3,JonatasNovaesdoNascimento,CounterStrike/JonatasNovaesBJJTeam
Chicago Summer No-GI International Open 2014,Master2/Male/Blue/Feather,1,JosephWong,Brasa
Chicago Summer No-GI International Open 2014,Master2/Male/Blue/Feather,2,ShaneHoeft,CarlsonGracieTeam
Chicago Summer No-GI International Open 2014,Master2/Male/Blue/Light,1,QuentinPark,CarlsonGracieTeam
Chicago Summer No-GI International Open 2014,Master2/Male/Blue/Middle,1,JESSEWALTON,TeamRedzovic
Chicago Summer No-GI International Open 2014,Master2/Male/Blue/Heavy,1,AnthonyHiller,CarlsonGracieTeam
Chicago Summer No-GI International Open 2014,Master2/Male/Blue/Super-Heavy,1,antoniodeleone,BJJRevolutionTeam
Chicago Summer No-GI International Open 2014,Master2/Male/Blue/Super-Heavy,2,RobertoRamirez,IndianaBrazilianJiu,JitsuAcademy
Chicago Summer No-GI International Open 2014,Master2/Male/Blue/Ultra-Heavy,1,aaronsmalcuga,GracieBarra
Chicago Summer No-GI International Open 2014,Master2/Male/Blue/OpenClass,1,antoniodeleone,BJJRevolutionTeam
Chicago Summer No-GI International Open 2014,Master2/Male/Blue/OpenClass,2,aaronsmalcuga,GracieBarra
Chicago Summer No-GI International Open 2014,Master2/Male/Blue/OpenClass,3,AnthonyHiller,CarlsonGracieTeam
Chicago Summer No-GI International Open 2014,Master2/Male/Blue/OpenClass,3,JosephWong,Brasa
Chicago Summer No-GI International Open 2014,Master2/Male/Purple/Feather,1,PauloWesson,GracieBarra
Chicago Summer No-GI International Open 2014,Master2/Male/Purple/Feather,2,ArturoWessonHerrera,GracieBarra
Chicago Summer No-GI International Open 2014,Master2/Male/Purple/Middle,1,RobertM.WhitefieldJr.,Brasa
Chicago Summer No-GI International Open 2014,Master2/Male/Purple/Middle,2,SidhartaBermudez,GracieBarra
Chicago Summer No-GI International Open 2014,Master2/Male/Purple/Middle,3,RyanBricco,CarlsonGracieTeam
Chicago Summer No-GI International Open 2014,Master2/Male/Purple/Heavy,1,DonGalzarano,ValkoBJJ
Chicago Summer No-GI International Open 2014,Master2/Male/Purple/Ultra-Heavy,1,TylerEdworthy,ZenithBJJ,Canada
Chicago Summer No-GI International Open 2014,Master2/Male/Purple/OpenClass,1,TylerEdworthy,ZenithBJJ,Canada
Chicago Summer No-GI International Open 2014,Master2/Male/Purple/OpenClass,2,RyanBricco,CarlsonGracieTeam
Chicago Summer No-GI International Open 2014,Master2/Male/Purple/OpenClass,3,SidhartaBermudez,GracieBarra
Chicago Summer No-GI International Open 2014,Master2/Male/Brown/Feather,1,MartyNunn,McVicker'sBJJ
Chicago Summer No-GI International Open 2014,Master2/Male/Brown/Feather,2,RonVersetto,CarlsonGracieTeam
Chicago Summer No-GI International Open 2014,Master2/Male/Brown/Middle,1,TimothyHarlanBlackstone,Alliance
Chicago Summer No-GI International Open 2014,Master2/Male/Brown/Medium-Heavy,1,AntoineEvans,CarlsonGracieTeam
Chicago Summer No-GI International Open 2014,Master2/Male/Brown/Heavy,1,DerekAnthonyBattle,AllianceAtlanta
Chicago Summer No-GI International Open 2014,Master2/Male/Brown/Heavy,2,JoshuaAHendricks,GracieBarra
Chicago Summer No-GI International Open 2014,Master2/Male/Brown/OpenClass,1,AntoineEvans,CarlsonGracieTeam
Chicago Summer No-GI International Open 2014,Master2/Male/Brown/OpenClass,2,DerekAnthonyBattle,AllianceAtlanta
Chicago Summer No-GI International Open 2014,Master2/Male/Black/Super-Heavy,1,LukeHarris,ZenithBJJ,Canada
Chicago Summer No-GI International Open 2014,Master2/Male/Black/OpenClass,1,LukeHarris,ZenithBJJ,Canada
Chicago Summer No-GI International Open 2014,Master3/Male/Blue/Middle,1,AngelRodriguez,KronosBJJHQ
Chicago Summer No-GI International Open 2014,Master3/Male/Blue/Middle,2,MichaelAlvarado,Brasa
Chicago Summer No-GI International Open 2014,Master3/Male/Blue/Ultra-Heavy,1,RobertLosiak,CarlsonGracieTeam
Chicago Summer No-GI International Open 2014,Master3/Male/Blue/OpenClass,1,AngelRodriguez,KronosBJJHQ
Chicago Summer No-GI International Open 2014,Master3/Male/Blue/OpenClass,2,MichaelAlvarado,Brasa
Chicago Summer No-GI International Open 2014,Master3/Male/Brown/Middle,1,JoelNBlantonIII,IndianaBrazilianJiu,JitsuAcademy
Chicago Summer No-GI International Open 2014,Master3/Male/Brown/Middle,2,MichaelWBruns,Brasa
Chicago Summer No-GI International Open 2014,Master3/Male/Brown/OpenClass,1,MichaelWBruns,Brasa
Chicago Summer No-GI International Open 2014,Master3/Male/Brown/OpenClass,2,JoelNBlantonIII,IndianaBrazilianJiu,JitsuAcademy
Chicago Summer No-GI International Open 2014,Master3/Male/Black/Medium-Heavy,1,MarceloKropotkinCunhaBarbosa,Brasa
Chicago Summer No-GI International Open 2014,Master3/Male/Black/Medium-Heavy,2,RamiroMotaJr.,Brasa
Chicago Summer No-GI International Open 2014,Master3/Male/Black/Medium-Heavy,3,FernandoLuizFZulick,Action&ReactionMMAToronto
Chicago Summer No-GI International Open 2014,Master3/Male/Black/Super-Heavy,1,SeanRichardBansfield,AnnArborJiu,Jitsu
Chicago Summer No-GI International Open 2014,Master3/Male/Black/OpenClass,1,MarceloKropotkinCunhaBarbosa,Brasa
Chicago Summer No-GI International Open 2014,Master3/Male/Black/OpenClass,2,SeanRichardBansfield,AnnArborJiu,Jitsu
Chicago Summer No-GI International Open 2014,Master4/Male/Blue/Heavy,1,ScottRoffers,Brasa
Chicago Summer No-GI International Open 2014,Master4/Male/Blue/OpenClass,1,ScottRoffers,Brasa
Chicago Summer No-GI International Open 2014,Master4/Male/Black/Middle,1,ManuelBenjaminSalas,CarlsonGracieTeam
Chicago Summer No-GI International Open 2014,Master4/Male/Black/Heavy,1,AhmedMAkl,AnnArborJiu,Jitsu
