Zurich International Open No-GI 2015,Adult/Male/Blue/Light-Feather,1,PietroRizzi,JiuJitsuFactor
Zurich International Open No-GI 2015,Adult/Male/Blue/Light-Feather,2,KevinNguyen,FrotaTeam/IconBJJ
Zurich International Open No-GI 2015,Adult/Male/Blue/Light-Feather,3,brunosouzapaes,NovaUniãoInternational
Zurich International Open No-GI 2015,Adult/Male/Blue/Feather,1,NadavMandil,ParienteAcademy
Zurich International Open No-GI 2015,Adult/Male/Blue/Feather,2,AntoniTomic,SampaBJJGermany
Zurich International Open No-GI 2015,Adult/Male/Blue/Feather,3,JonathanBravin,CentrodeTreinamentodeMaringá
Zurich International Open No-GI 2015,Adult/Male/Blue/Feather,3,NicolòMora,NovaUniãoEuropa
Zurich International Open No-GI 2015,Adult/Male/Blue/Light,1,ChristopherNewman,CheckMat
Zurich International Open No-GI 2015,Adult/Male/Blue/Light,2,ArturAvanesov,ReinaldoRibeiroTeamJJ
Zurich International Open No-GI 2015,Adult/Male/Blue/Light,3,ElijaihFunston,AllianceInternational
Zurich International Open No-GI 2015,Adult/Male/Blue/Light,3,LaurenceIrving,CheckMat
Zurich International Open No-GI 2015,Adult/Male/Blue/Middle,1,RobertProbst,BJJTeamBasel
Zurich International Open No-GI 2015,Adult/Male/Blue/Middle,2,JorgePráxedesHerrera,CarlsonGracieTeam
Zurich International Open No-GI 2015,Adult/Male/Blue/Middle,3,ChristophStäringer,AkxeBJJGermany
Zurich International Open No-GI 2015,Adult/Male/Blue/Middle,3,ChristopherAlt,CarlsonGracieTeam
Zurich International Open No-GI 2015,Adult/Male/Blue/Medium-Heavy,1,DarioKashani,Mirkovic,RuckusBJJ
Zurich International Open No-GI 2015,Adult/Male/Blue/Medium-Heavy,2,HudsonThiagoDaSilvaKobi,GracieBarra
Zurich International Open No-GI 2015,Adult/Male/Blue/Medium-Heavy,3,DannyTeubel,CarlsonGracieTeam
Zurich International Open No-GI 2015,Adult/Male/Blue/Medium-Heavy,3,JanKnütter,RibeiroJiu,Jitsu
Zurich International Open No-GI 2015,Adult/Male/Blue/Heavy,1,YoussefzaiAhmed,FrotaTeam/IconBJJ
Zurich International Open No-GI 2015,Adult/Male/Blue/Heavy,2,DusanKlaparevic,Mirkovic,RuckusBJJ
Zurich International Open No-GI 2015,Adult/Male/Blue/Super-Heavy,1,AlicDzevad,FightMoveBJJ
Zurich International Open No-GI 2015,Adult/Male/Blue/Super-Heavy,2,MatheusSantosSilvera,NovaUniãoInternational
Zurich International Open No-GI 2015,Adult/Male/Blue/OpenClass,1,DarioKashani,Mirkovic,RuckusBJJ
Zurich International Open No-GI 2015,Adult/Male/Blue/OpenClass,2,JorgePráxedesHerrera,CarlsonGracieTeam
Zurich International Open No-GI 2015,Adult/Male/Blue/OpenClass,3,AlicDzevad,FightMoveBJJ
Zurich International Open No-GI 2015,Adult/Male/Blue/OpenClass,3,YoussefzaiAhmed,FrotaTeam/IconBJJ
Zurich International Open No-GI 2015,Adult/Female/Blue/Middle,1,DeniseHuber,FerrerBJJ
Zurich International Open No-GI 2015,Adult/Female/Blue/Middle,2,ChevonWorkman,MarcioCruzBJJ
Zurich International Open No-GI 2015,Adult/Female/Blue/OpenClass,1,DeniseHuber,FerrerBJJ
Zurich International Open No-GI 2015,Adult/Male/Purple/Light-Feather,1,SeverinPatrickZemp,ZurichBJJLab
Zurich International Open No-GI 2015,Adult/Male/Purple/Light-Feather,2,NorioShibayama,ParaestraIkebukuro
Zurich International Open No-GI 2015,Adult/Male/Purple/Feather,1,EmilKadakevliev,FrotaTeam/IconBJJ
Zurich International Open No-GI 2015,Adult/Male/Purple/Feather,2,PawelKozlowski,RogerGracieVienna
Zurich International Open No-GI 2015,Adult/Male/Purple/Feather,3,JamesDanielCosta,CarlsonGracieTeam
Zurich International Open No-GI 2015,Adult/Male/Purple/Light,1,LeonStavoladoRêgoMelo,CarlsonGracieTeam
Zurich International Open No-GI 2015,Adult/Male/Purple/Light,2,JerryanLuciodeMelo,NóbregaTeam
Zurich International Open No-GI 2015,Adult/Male/Purple/Light,3,LucasAmazonas,NovaUniãoInternational
Zurich International Open No-GI 2015,Adult/Male/Purple/Light,3,LukaszBladek,Yaware
Zurich International Open No-GI 2015,Adult/Male/Purple/Middle,1,WalterRubenAntonioFaustino,AurelioZorziJiu,JitsuAssociation
Zurich International Open No-GI 2015,Adult/Male/Purple/Middle,2,IvanIlinskii,JungleBJJ
Zurich International Open No-GI 2015,Adult/Male/Purple/Middle,3,AleksiJoukamoLohi,Brasa
Zurich International Open No-GI 2015,Adult/Male/Purple/Middle,3,IordanisKokolaras,GracieBarra
Zurich International Open No-GI 2015,Adult/Male/Purple/Medium-Heavy,1,MichaelLampart,BJJTeamBasel
Zurich International Open No-GI 2015,Adult/Male/Purple/Heavy,1,AndreasDusek,FrotaTeam/IconBJJ
Zurich International Open No-GI 2015,Adult/Male/Purple/Heavy,2,AtteSipola,Brasa
Zurich International Open No-GI 2015,Adult/Male/Purple/Heavy,3,AntonioStanic,RogerGracieVienna
Zurich International Open No-GI 2015,Adult/Male/Purple/Super-Heavy,1,EldarRafigaev,JungleBJJ
Zurich International Open No-GI 2015,Adult/Male/Purple/Super-Heavy,2,HelioLuizNascimentoJunior,AllianceJJ
Zurich International Open No-GI 2015,Adult/Male/Purple/Ultra-Heavy,1,DannyAndreFelizCapitao,FrotaTeam/IconBJJ
Zurich International Open No-GI 2015,Adult/Male/Purple/Ultra-Heavy,2,SimonOuellette,Yaware
Zurich International Open No-GI 2015,Adult/Male/Purple/OpenClass,1,DannyAndreFelizCapitao,FrotaTeam/IconBJJ
Zurich International Open No-GI 2015,Adult/Male/Purple/OpenClass,2,EldarRafigaev,JungleBJJ
Zurich International Open No-GI 2015,Adult/Male/Purple/OpenClass,3,EmilKadakevliev,FrotaTeam/IconBJJ
Zurich International Open No-GI 2015,Adult/Male/Purple/OpenClass,3,MichaelLampart,BJJTeamBasel
Zurich International Open No-GI 2015,Adult/Male/Brown/Light,1,MartinBuschkamp,FrotaTeam/IconBJJ
Zurich International Open No-GI 2015,Adult/Male/Brown/Light,2,SariOsseiran,AllianceInternational
Zurich International Open No-GI 2015,Adult/Male/Brown/Light,3,EdwardHohl,CheckMat
Zurich International Open No-GI 2015,Adult/Male/Brown/Middle,1,LuisGil,CheckMat
Zurich International Open No-GI 2015,Adult/Male/Brown/Middle,2,CliffordEdwards,FrotaTeam/IconBJJ
Zurich International Open No-GI 2015,Adult/Male/Brown/Middle,3,MoritzSebastianGoll,Brasa
Zurich International Open No-GI 2015,Adult/Male/Brown/Middle,3,RafaelGuilhermedeCarvalho,GracieBarra
Zurich International Open No-GI 2015,Adult/Male/Brown/Super-Heavy,1,IgorDimoski,Mirkovic,RuckusBJJ
Zurich International Open No-GI 2015,Adult/Male/Brown/Super-Heavy,2,UrosDomanovic,FrotaTeam/IconBJJ
Zurich International Open No-GI 2015,Adult/Male/Brown/OpenClass,1,UrosDomanovic,FrotaTeam/IconBJJ
Zurich International Open No-GI 2015,Adult/Male/Brown/OpenClass,2,MartinBuschkamp,FrotaTeam/IconBJJ
Zurich International Open No-GI 2015,Adult/Male/Brown/OpenClass,3,EdwardHohl,CheckMat
Zurich International Open No-GI 2015,Adult/Male/Brown/OpenClass,3,MoritzSebastianGoll,Brasa
Zurich International Open No-GI 2015,Adult/Male/Black/Middle,1,JacobWilliamsMackenzie,GFTeam
Zurich International Open No-GI 2015,Adult/Male/Black/Middle,2,NicRubenNikolaisen,FrontlineAcademy
Zurich International Open No-GI 2015,Adult/Male/Black/Middle,3,IlkeKubilayBulut,FrotaTeam/IconBJJ
Zurich International Open No-GI 2015,Adult/Male/Black/Middle,3,RyanLDurbin,GracieBarra
Zurich International Open No-GI 2015,Adult/Male/Black/Super-Heavy,1,GiacomoRauppZanini,RibeiroJiu,Jitsu
Zurich International Open No-GI 2015,Adult/Male/Black/OpenClass,1,JacobWilliamsMackenzie,GFTeam
Zurich International Open No-GI 2015,Adult/Male/Black/OpenClass,2,NicRubenNikolaisen,FrontlineAcademy
Zurich International Open No-GI 2015,Master1/Male/Blue/Middle,1,Samybenamor,ZenithBJJ,LasVegas
Zurich International Open No-GI 2015,Master1/Male/Blue/Middle,2,KosukeOsawa,FrotaTeam/IconBJJ
Zurich International Open No-GI 2015,Master1/Male/Blue/Middle,3,AymericOlivier,WerdumCombatTeamFrance
Zurich International Open No-GI 2015,Master1/Male/Blue/Middle,3,CiriacoSchiavone,FrotaTeam/IconBJJ
Zurich International Open No-GI 2015,Master1/Male/Blue/Medium-Heavy,1,JoaoPedroGoncalvesFerreira,AurelioZorziJiu,JitsuAssociation
Zurich International Open No-GI 2015,Master1/Male/Blue/Heavy,1,MichaelSchüpbach,JiuJitsuAcademyWorblental
Zurich International Open No-GI 2015,Master1/Male/Blue/Ultra-Heavy,1,Bogdan,florentinMitreaBotezatu,NovaUniãoEuropa
Zurich International Open No-GI 2015,Master1/Male/Blue/Ultra-Heavy,2,KonradVanselow,CarlsonGracieTeam
Zurich International Open No-GI 2015,Master1/Male/Blue/Ultra-Heavy,3,ArijanAlimi,FrotaTeam/IconBJJ
Zurich International Open No-GI 2015,Master1/Male/Blue/Ultra-Heavy,3,PedroLedermann,CarlsonGracieTeam
Zurich International Open No-GI 2015,Master1/Male/Blue/OpenClass,1,AymericOlivier,WerdumCombatTeamFrance
Zurich International Open No-GI 2015,Master1/Male/Blue/OpenClass,2,PedroLedermann,CarlsonGracieTeam
Zurich International Open No-GI 2015,Master1/Male/Blue/OpenClass,3,JoaoPedroGoncalvesFerreira,AurelioZorziJiu,JitsuAssociation
Zurich International Open No-GI 2015,Master1/Male/Blue/OpenClass,3,MichaelSchüpbach,JiuJitsuAcademyWorblental
Zurich International Open No-GI 2015,Master1/Male/Purple/Super-Heavy,1,JeremyWorkman,MarcioCruzBJJ
Zurich International Open No-GI 2015,Master1/Male/Purple/OpenClass,1,JeremyWorkman,MarcioCruzBJJ
Zurich International Open No-GI 2015,Master1/Male/Brown/Heavy,1,ColinJohnHowells,NovaUniãoInternational
Zurich International Open No-GI 2015,Master1/Male/Brown/OpenClass,1,ColinJohnHowells,NovaUniãoInternational
Zurich International Open No-GI 2015,Master1/Male/Black/Light,1,GabrielRainhoFontes,GFTeamBerlin
Zurich International Open No-GI 2015,Master1/Male/Black/Light,2,GustavoGuimaraesMichels,NovaUniãoInternational
Zurich International Open No-GI 2015,Master1/Male/Black/Light,3,ClaudemirJosédeSouza,FrotaTeam/IconBJJ
Zurich International Open No-GI 2015,Master1/Male/Black/Light,3,EdersonRafaelRibeiro,RafaelRibeiroBJJ
Zurich International Open No-GI 2015,Master1/Male/Black/Middle,1,JoseCarlosHissaGranja,NovaUnião
Zurich International Open No-GI 2015,Master1/Male/Black/Medium-Heavy,1,CleitonNovasPinheiro,C,FighterAcademy
Zurich International Open No-GI 2015,Master1/Male/Black/Heavy,1,MarcusCarvalhoNeuenschwander,CaveirinhaJiu,JitsuFamily
Zurich International Open No-GI 2015,Master1/Male/Black/OpenClass,1,GustavoGuimaraesMichels,NovaUniãoInternational
Zurich International Open No-GI 2015,Master1/Male/Black/OpenClass,2,JoseCarlosHissaGranja,NovaUnião
Zurich International Open No-GI 2015,Master1/Male/Black/OpenClass,3,CleitonNovasPinheiro,C,FighterAcademy
Zurich International Open No-GI 2015,Master2/Male/Blue/Medium-Heavy,1,AndreasAumann,CaveirinhaJiu,JitsuFamily
Zurich International Open No-GI 2015,Master2/Male/Blue/Medium-Heavy,2,SERHANFILIBELI,BalabanJiu,JitsuTeam,Bursa
Zurich International Open No-GI 2015,Master2/Male/Blue/Medium-Heavy,3,GregorySelo,FrotaTeam/IconBJJ
Zurich International Open No-GI 2015,Master2/Male/Blue/Ultra-Heavy,1,mutluakin,BalabanJiu,JitsuTeam,Bursa
Zurich International Open No-GI 2015,Master2/Male/Blue/OpenClass,1,mutluakin,BalabanJiu,JitsuTeam,Bursa
Zurich International Open No-GI 2015,Master2/Male/Blue/OpenClass,2,SERHANFILIBELI,BalabanJiu,JitsuTeam,Bursa
Zurich International Open No-GI 2015,Master2/Male/Purple/Middle,1,JarrodHalligan,myBJJTeam
Zurich International Open No-GI 2015,Master2/Male/Brown/Light,1,AhmedSuhailBinHuwaidenAlKetbi,UAEJiu,jitsuTeam
Zurich International Open No-GI 2015,Master2/Male/Brown/Ultra-Heavy,1,StephaneBorisRegard,GracieBarra
Zurich International Open No-GI 2015,Master2/Male/Brown/Ultra-Heavy,2,IwanNegro,FrotaTeam/IconBJJ
Zurich International Open No-GI 2015,Master2/Male/Brown/Ultra-Heavy,3,StefanRüegg,FrotaTeam/IconBJJ
Zurich International Open No-GI 2015,Master2/Male/Brown/OpenClass,1,AhmedSuhailBinHuwaidenAlKetbi,UAEJiu,jitsuTeam
Zurich International Open No-GI 2015,Master2/Male/Brown/OpenClass,2,IwanNegro,FrotaTeam/IconBJJ
Zurich International Open No-GI 2015,Master2/Male/Brown/OpenClass,3,StefanRüegg,FrotaTeam/IconBJJ
Zurich International Open No-GI 2015,Master2/Male/Black/Feather,1,CristianMigovan,NovaUniãoEuropa
Zurich International Open No-GI 2015,Master2/Male/Black/Feather,2,ClaudioBatistaRochaSantos,NovaUniãoInternational
Zurich International Open No-GI 2015,Master2/Male/Black/Medium-Heavy,1,LuciodeSousaMonteAlto,AllianceSul
Zurich International Open No-GI 2015,Master2/Male/Black/OpenClass,1,CristianMigovan,NovaUniãoEuropa
