Sul-Brasileiro de Jiu-Jitsu 2014,Teen1/Male/White/Middle,1,HaroldMonteirodeOliveira,GuethoJiuJitsu
Sul-Brasileiro de Jiu-Jitsu 2014,Teen1/Female/White/Ultra-Heavy,1,NathaliaMaraBarbosa,EliteJJ
Sul-Brasileiro de Jiu-Jitsu 2014,Teen2/Male/White/Feather,1,LuizFernandodaCunha,CoelhoJiu,Jitsu
Sul-Brasileiro de Jiu-Jitsu 2014,Teen2/Male/White/Feather,2,LucasMonteirodosSantos,GuethoJiuJitsu
Sul-Brasileiro de Jiu-Jitsu 2014,Teen2/Male/White/Middle,1,TainanDalpraCosta,A.STeam
Sul-Brasileiro de Jiu-Jitsu 2014,Teen2/Male/White/Middle,2,ThiagoAugustoTavares,MXTAcademyBJJ
Sul-Brasileiro de Jiu-Jitsu 2014,Teen2/Male/White/Super-Heavy,1,MateusRodriguesdeSouza,CheckMat
Sul-Brasileiro de Jiu-Jitsu 2014,Teen2/Male/White/Super-Heavy,2,JoãoPauloLopesdeMoraes,PSPhoenixBJJ
Sul-Brasileiro de Jiu-Jitsu 2014,Teen2/Male/White/Ultra-Heavy,1,JoãoVictorLopes,PSPhoenixBJJ
Sul-Brasileiro de Jiu-Jitsu 2014,Teen2/Female/White/Light-Feather,1,PolyanaRamosAraujo,AtaqueDuplo
Sul-Brasileiro de Jiu-Jitsu 2014,Teen2/Female/White/Super-Heavy,1,BiankaColaçoMaguerroski,Alliance
Sul-Brasileiro de Jiu-Jitsu 2014,Teen2/Female/White/Ultra-Heavy,1,KarinMileneP.deOliveiraGodinho,CheckMat
Sul-Brasileiro de Jiu-Jitsu 2014,Teen3/Male/White/Light,1,MatheusAlexanderLehmannSilva,AcademiaPitbull
Sul-Brasileiro de Jiu-Jitsu 2014,Teen3/Male/White/Light,2,LeonardoEijiNagata,Alliance
Sul-Brasileiro de Jiu-Jitsu 2014,Teen3/Male/White/Middle,1,RafhaelMaiaBorges,Alliance
Sul-Brasileiro de Jiu-Jitsu 2014,Teen3/Male/White/Middle,2,GustavoMatheusDeckedeMoura,GuethoJiuJitsu
Sul-Brasileiro de Jiu-Jitsu 2014,Teen3/Female/White/Feather,1,AniellePereiraDominico,CheckMat
Sul-Brasileiro de Jiu-Jitsu 2014,Juvenile/Male/White/Rooster,1,CaiodeAbreuLeite,GracieBarra
Sul-Brasileiro de Jiu-Jitsu 2014,Juvenile/Male/White/Light-Feather,1,RafaelNascimentoCampos,GracieBarra
Sul-Brasileiro de Jiu-Jitsu 2014,Juvenile/Male/White/Light-Feather,2,VictorFernandesLopes,GuethoJiuJitsu
Sul-Brasileiro de Jiu-Jitsu 2014,Juvenile/Male/White/Feather,1,LoranCostaBonnassis,KullgamCompetition
Sul-Brasileiro de Jiu-Jitsu 2014,Juvenile/Male/White/Super-Heavy,1,GabrielVieiraLopes,Alliance
Sul-Brasileiro de Jiu-Jitsu 2014,Juvenile/Male/White/Super-Heavy,2,HenrikeBiteloCabreira,EquipeBehring
Sul-Brasileiro de Jiu-Jitsu 2014,Juvenile/Male/White/Ultra-Heavy,1,AllyssonGwiggnerDrun,Alliance
Sul-Brasileiro de Jiu-Jitsu 2014,Juvenile/Female/White/Middle,1,ThaynaMartelloSantos,PSPhoenixBJJ
Sul-Brasileiro de Jiu-Jitsu 2014,Juvenile/Male/Blue/Rooster,1,YuriSilveiradoNascimento,A.STeam
Sul-Brasileiro de Jiu-Jitsu 2014,Juvenile/Male/Blue/Rooster,2,ThiagoBuscacioGonçalvesSoares,CheckMat
Sul-Brasileiro de Jiu-Jitsu 2014,Juvenile/Male/Blue/Rooster,3,MatheusLuizdeSouza,A.STeam
Sul-Brasileiro de Jiu-Jitsu 2014,Juvenile/Male/Blue/Feather,1,AndryoBernardesWerenicz,Alliance
Sul-Brasileiro de Jiu-Jitsu 2014,Juvenile/Male/Blue/Feather,2,MarcoSilvaRieth,RilionGracie
Sul-Brasileiro de Jiu-Jitsu 2014,Juvenile/Male/Blue/Feather,3,BrunoNatanMotta,PSPhoenixBJJ
Sul-Brasileiro de Jiu-Jitsu 2014,Juvenile/Male/Blue/Feather,3,VictorZaneliClaveSilveira,SulJiu,Jitsu
Sul-Brasileiro de Jiu-Jitsu 2014,Juvenile/Male/Blue/Light,1,LucasBatistaRodrigues,CheckMat
Sul-Brasileiro de Jiu-Jitsu 2014,Juvenile/Male/Blue/Light,2,CiroHenriqueKnabben,LotusClubCriciúma/SC
Sul-Brasileiro de Jiu-Jitsu 2014,Juvenile/Male/Blue/Light,3,LeonardoGabrielPBorges,GileRibeiroJJ
Sul-Brasileiro de Jiu-Jitsu 2014,Juvenile/Male/Blue/Light,3,MatheusdosSantos,DeLaRivaSC
Sul-Brasileiro de Jiu-Jitsu 2014,Juvenile/Male/Blue/Middle,1,JoaoVitorTeixeiradaPaz,HBJ
Sul-Brasileiro de Jiu-Jitsu 2014,Juvenile/Male/Blue/Middle,2,RicksonArrudaCassimirodosSantos,A.STeam
Sul-Brasileiro de Jiu-Jitsu 2014,Juvenile/Male/Blue/Middle,3,GustavoMedeirosPereira,GracieGym
Sul-Brasileiro de Jiu-Jitsu 2014,Juvenile/Male/Blue/Middle,3,StênioMatheusEstevesCoelho,NovaUnião
Sul-Brasileiro de Jiu-Jitsu 2014,Juvenile/Male/Blue/Medium-Heavy,1,HenriqueNóbregaeSilva,Integração/EOFC
Sul-Brasileiro de Jiu-Jitsu 2014,Juvenile/Male/Blue/Heavy,1,OtávioSantosMarinhodeOliveira,GracieBarra
Sul-Brasileiro de Jiu-Jitsu 2014,Juvenile/Male/Blue/Ultra-Heavy,1,RafaelSpillereMilioli,RilionGracie
Sul-Brasileiro de Jiu-Jitsu 2014,Juvenile/Male/Blue/Ultra-Heavy,2,ViniciusDalagoPedroso,CheckMat
Sul-Brasileiro de Jiu-Jitsu 2014,Juvenile/Male/Blue/Ultra-Heavy,3,LuísAlbertodoValle,GileRibeiroJJ
Sul-Brasileiro de Jiu-Jitsu 2014,Juvenile/Male/Blue/Ultra-Heavy,3,SamuelTrindadeBenaduce,MichelMaiaJiu,Jitsu
Sul-Brasileiro de Jiu-Jitsu 2014,Juvenile/Male/Blue/OpenClass,1,HenriqueNóbregaeSilva,Integração/EOFC
Sul-Brasileiro de Jiu-Jitsu 2014,Juvenile/Male/Blue/OpenClass,2,OtávioSantosMarinhodeOliveira,GracieBarra
Sul-Brasileiro de Jiu-Jitsu 2014,Juvenile/Male/Blue/OpenClass,3,LuísAlbertodoValle,GileRibeiroJJ
Sul-Brasileiro de Jiu-Jitsu 2014,Juvenile/Male/Blue/OpenClass,3,ViniciusDalagoPedroso,CheckMat
Sul-Brasileiro de Jiu-Jitsu 2014,Juvenile/Female/Blue/Light-Feather,1,AnaPaulaLopesdeMoraes,PSPhoenixBJJ
Sul-Brasileiro de Jiu-Jitsu 2014,Juvenile/Female/Blue/Light-Feather,2,AnabellePereiraDominico,CheckMat
Sul-Brasileiro de Jiu-Jitsu 2014,Juvenile/Female/Blue/Light-Feather,3,JéssicadeFrançaFerreira,CheckMat
Sul-Brasileiro de Jiu-Jitsu 2014,Adult/Male/White/Rooster,1,FelipeBurille,AtaqueDuplo
Sul-Brasileiro de Jiu-Jitsu 2014,Adult/Male/White/Rooster,2,MaickAndreideOliveiraDias,MichelMaiaJiu,Jitsu
Sul-Brasileiro de Jiu-Jitsu 2014,Adult/Male/White/Rooster,3,LinMengWen,DeLaRivaSC
Sul-Brasileiro de Jiu-Jitsu 2014,Adult/Male/White/Light-Feather,1,JeffersonAragãoRodrigues,PSPhoenixBJJ
Sul-Brasileiro de Jiu-Jitsu 2014,Adult/Male/White/Light-Feather,2,RobsondaRosaGenuino,A.STeam
Sul-Brasileiro de Jiu-Jitsu 2014,Adult/Male/White/Light-Feather,3,JacquesYuriLimaGoulartOliveira,NovaUnião
Sul-Brasileiro de Jiu-Jitsu 2014,Adult/Male/White/Light-Feather,3,JonathasRamosPedroso,GuethoJiuJitsu
Sul-Brasileiro de Jiu-Jitsu 2014,Adult/Male/White/Feather,1,WeversondaTrindadeMoraes,MichelMaiaJiu,Jitsu,TimeB
Sul-Brasileiro de Jiu-Jitsu 2014,Adult/Male/White/Feather,2,AlissonSadiZambon,NovaUnião
Sul-Brasileiro de Jiu-Jitsu 2014,Adult/Male/White/Feather,3,GabrielMartins,MichelMaiaJiu,Jitsu
Sul-Brasileiro de Jiu-Jitsu 2014,Adult/Male/White/Feather,3,GustavodeOliveiraSchweitzer,A.STeam
Sul-Brasileiro de Jiu-Jitsu 2014,Adult/Male/White/Light,1,AlexMunisdosSantos,NovaUnião
Sul-Brasileiro de Jiu-Jitsu 2014,Adult/Male/White/Light,2,CaioHenriqueKnabben,LotusClubCriciúma/SC
Sul-Brasileiro de Jiu-Jitsu 2014,Adult/Male/White/Light,3,ErivaldoRamos,A.STeam
Sul-Brasileiro de Jiu-Jitsu 2014,Adult/Male/White/Light,3,LeandersonOliveiraPatricio,A.STeamSC
Sul-Brasileiro de Jiu-Jitsu 2014,Adult/Male/White/Middle,1,AndersonMunisdosSantos,NovaUnião
Sul-Brasileiro de Jiu-Jitsu 2014,Adult/Male/White/Middle,2,EliasRicardoPereira,NovaUnião
Sul-Brasileiro de Jiu-Jitsu 2014,Adult/Male/White/Middle,3,CaioBarrosTeixeira,TeamNogueiraJoinville
Sul-Brasileiro de Jiu-Jitsu 2014,Adult/Male/White/Middle,3,FabianDavidMarques,GracieBarra
Sul-Brasileiro de Jiu-Jitsu 2014,Adult/Male/White/Medium-Heavy,1,EdsondeAlmeidaAraujo,RocianGracieJuniordeJiu,Jitsu
Sul-Brasileiro de Jiu-Jitsu 2014,Adult/Male/White/Medium-Heavy,2,MurilloFrançaSilva,Alliance
Sul-Brasileiro de Jiu-Jitsu 2014,Adult/Male/White/Medium-Heavy,3,RomuloMartinsGoulart,A.STeam
Sul-Brasileiro de Jiu-Jitsu 2014,Adult/Male/White/Medium-Heavy,3,WilliamSilvaPrestes,RilionGracieFlorianópolis,SC
Sul-Brasileiro de Jiu-Jitsu 2014,Adult/Male/White/Heavy,1,VinicíusRochadeSouza,AcademiaCMSystem
Sul-Brasileiro de Jiu-Jitsu 2014,Adult/Male/White/Heavy,2,RafaelKirstenBorba,GracieBarra
Sul-Brasileiro de Jiu-Jitsu 2014,Adult/Male/White/Heavy,3,JulianoDalBoscoSusin,Alliance
Sul-Brasileiro de Jiu-Jitsu 2014,Adult/Male/White/Heavy,3,KleberHeinz,KullgamCompetition
Sul-Brasileiro de Jiu-Jitsu 2014,Adult/Male/White/Super-Heavy,1,AndréVechi,NovaUnião
Sul-Brasileiro de Jiu-Jitsu 2014,Adult/Male/White/Super-Heavy,2,KleberScozDomingos,NovaUnião
Sul-Brasileiro de Jiu-Jitsu 2014,Adult/Male/White/Super-Heavy,3,AlexdosSantosDias,GuethoJiuJitsu
Sul-Brasileiro de Jiu-Jitsu 2014,Adult/Male/White/Super-Heavy,3,WagnerdeLimaRiffel,ScorpyonJiu,Jitsu
Sul-Brasileiro de Jiu-Jitsu 2014,Adult/Male/White/Ultra-Heavy,1,NeivoPessavento,Alliance
Sul-Brasileiro de Jiu-Jitsu 2014,Adult/Male/White/Ultra-Heavy,2,RomenitoSilvaSiewerdt,GracieBarra
Sul-Brasileiro de Jiu-Jitsu 2014,Adult/Male/White/Ultra-Heavy,3,FelipeMarradeOliveira,EquipeBravoJJ
Sul-Brasileiro de Jiu-Jitsu 2014,Adult/Male/White/Ultra-Heavy,3,JoãoPaulodeOliveiraCunha,EquipeBravoJJ
Sul-Brasileiro de Jiu-Jitsu 2014,Adult/Female/White/Light-Feather,1,EvilyndeMachadoBraga,ScorpyonJiu,Jitsu
Sul-Brasileiro de Jiu-Jitsu 2014,Adult/Female/White/Light-Feather,2,GracieleInesKunst,MichelMaiaJiu,Jitsu
Sul-Brasileiro de Jiu-Jitsu 2014,Adult/Female/White/Light-Feather,3,LarissaGomesSônego,RilionGracie
Sul-Brasileiro de Jiu-Jitsu 2014,Adult/Female/White/Light-Feather,3,RenataOuriques,A.STeam
Sul-Brasileiro de Jiu-Jitsu 2014,Adult/Female/White/Feather,1,KamilaSilvadaRosa,MichelMaiaJiu,Jitsu
Sul-Brasileiro de Jiu-Jitsu 2014,Adult/Female/White/Feather,2,KasseaneAltenhofen,MichelMaiaJiu,Jitsu
Sul-Brasileiro de Jiu-Jitsu 2014,Adult/Female/White/Feather,3,AlessandraLeitedosSantos,ZenithBJJ
Sul-Brasileiro de Jiu-Jitsu 2014,Adult/Female/White/Feather,3,ArianePetroskideBritto,NovaUnião
Sul-Brasileiro de Jiu-Jitsu 2014,Adult/Female/White/Light,1,EllenCarolineCoelho,CariocaTeam
Sul-Brasileiro de Jiu-Jitsu 2014,Adult/Female/White/Light,2,IsabelaSantosTeixeira,A.STeam
Sul-Brasileiro de Jiu-Jitsu 2014,Adult/Female/White/Light,3,JéssicaPauletti,AtaqueDuplo
Sul-Brasileiro de Jiu-Jitsu 2014,Adult/Female/White/Light,3,ThaisaLopesCoelho,GracieGym
Sul-Brasileiro de Jiu-Jitsu 2014,Adult/Female/White/Middle,1,JacieleAlvesdeAlmeida,TonicãoTeamBJJ
Sul-Brasileiro de Jiu-Jitsu 2014,Adult/Female/White/Medium-Heavy,1,AmandaCristinaAlvesdaSilva,G13BJJ
Sul-Brasileiro de Jiu-Jitsu 2014,Adult/Female/White/Medium-Heavy,2,DanielaAlziradaSilvaArouca,NovaUnião
Sul-Brasileiro de Jiu-Jitsu 2014,Adult/Female/White/Medium-Heavy,3,FernandaRauschKirsch,MichelMaiaJiu,Jitsu
Sul-Brasileiro de Jiu-Jitsu 2014,Adult/Female/White/Medium-Heavy,3,MarciaAlessandraManfrinattoCarvalho,GuethoJiuJitsu
Sul-Brasileiro de Jiu-Jitsu 2014,Adult/Male/Blue/Rooster,1,WellingtonAlexdaSilva,Alliance
Sul-Brasileiro de Jiu-Jitsu 2014,Adult/Male/Blue/Rooster,2,JosédeJesusPalhetaCastro,GFTeam
Sul-Brasileiro de Jiu-Jitsu 2014,Adult/Male/Blue/Rooster,3,MatheusdaSilva,MichelMaiaJiu,Jitsu
Sul-Brasileiro de Jiu-Jitsu 2014,Adult/Male/Blue/Light-Feather,1,AlexssandroPintoSodré,NovaUnião
Sul-Brasileiro de Jiu-Jitsu 2014,Adult/Male/Blue/Light-Feather,2,ArturVentura,A.STeam
Sul-Brasileiro de Jiu-Jitsu 2014,Adult/Male/Blue/Light-Feather,3,CassioRuoccodeArruda,GracieBarra
Sul-Brasileiro de Jiu-Jitsu 2014,Adult/Male/Blue/Light-Feather,3,PabloMantovaniDutra,GuethoJiuJitsu
Sul-Brasileiro de Jiu-Jitsu 2014,Adult/Male/Blue/Feather,1,WillianSalvinodeSousa,PSLPBCiceroCostha
Sul-Brasileiro de Jiu-Jitsu 2014,Adult/Male/Blue/Feather,2,CaioCaetanoSoares,PSLPBCiceroCostha
Sul-Brasileiro de Jiu-Jitsu 2014,Adult/Male/Blue/Feather,3,AndreNascimentodosSantosGois,Alliance
Sul-Brasileiro de Jiu-Jitsu 2014,Adult/Male/Blue/Feather,3,VilsonCardosoJunior,A.STeamJoinville
Sul-Brasileiro de Jiu-Jitsu 2014,Adult/Male/Blue/Light,1,DanielPaiseLimadaSilva,RilionGracie
Sul-Brasileiro de Jiu-Jitsu 2014,Adult/Male/Blue/Light,2,YanGarciaSilveira,RilionGracie
Sul-Brasileiro de Jiu-Jitsu 2014,Adult/Male/Blue/Light,3,JoãoFelipePachecoCizeski,RilionGracieJJ
Sul-Brasileiro de Jiu-Jitsu 2014,Adult/Male/Blue/Light,3,OtávioNunesdosSantos,RilionGracieJJ
Sul-Brasileiro de Jiu-Jitsu 2014,Adult/Male/Blue/Middle,1,AndersonCostadaSilva,Alliance
Sul-Brasileiro de Jiu-Jitsu 2014,Adult/Male/Blue/Middle,2,PedroHenriqueSeguraVeras,PSLPBCiceroCostha
Sul-Brasileiro de Jiu-Jitsu 2014,Adult/Male/Blue/Middle,3,RamonSoaresRosa,Alliance
Sul-Brasileiro de Jiu-Jitsu 2014,Adult/Male/Blue/Middle,3,VictorGabrieldeOliveiraAraujo,AllianceSP
Sul-Brasileiro de Jiu-Jitsu 2014,Adult/Male/Blue/Medium-Heavy,1,FabioBolsoniPires,SulJJCaxiasdoSul
Sul-Brasileiro de Jiu-Jitsu 2014,Adult/Male/Blue/Medium-Heavy,2,EltonHackBarbi,A.STeam
Sul-Brasileiro de Jiu-Jitsu 2014,Adult/Male/Blue/Medium-Heavy,3,AlexGonçalvesOliveiraAgenor,AtaqueDuplo
Sul-Brasileiro de Jiu-Jitsu 2014,Adult/Male/Blue/Medium-Heavy,3,JoséVitorDuartePereira,GracieBarra
Sul-Brasileiro de Jiu-Jitsu 2014,Adult/Male/Blue/Heavy,1,JulianoDiPelliMachado,NovaUnião
Sul-Brasileiro de Jiu-Jitsu 2014,Adult/Male/Blue/Heavy,2,BrunoRodriguesdaSilva,MichelMaiaJiu,Jitsu
Sul-Brasileiro de Jiu-Jitsu 2014,Adult/Male/Blue/Heavy,3,LeandroKendyNakamuraFernandes,G13BJJ
Sul-Brasileiro de Jiu-Jitsu 2014,Adult/Male/Blue/Heavy,3,RafaelCabralMessage,SulJiu,Jitsu
Sul-Brasileiro de Jiu-Jitsu 2014,Adult/Male/Blue/Super-Heavy,1,JonataTeixeira,NovaUnião
Sul-Brasileiro de Jiu-Jitsu 2014,Adult/Male/Blue/Super-Heavy,2,HygorDonatiBeck,GuethoJiuJitsu
Sul-Brasileiro de Jiu-Jitsu 2014,Adult/Male/Blue/Super-Heavy,3,DiegoGenerosodaSilva,NovaUnião
Sul-Brasileiro de Jiu-Jitsu 2014,Adult/Male/Blue/Super-Heavy,3,RodrigoRonchidosSantosKonrad,MichelMaiaJiu,Jitsu
Sul-Brasileiro de Jiu-Jitsu 2014,Adult/Male/Blue/Ultra-Heavy,1,ViniciusFerreira,MichelMaiaJiu,Jitsu
Sul-Brasileiro de Jiu-Jitsu 2014,Adult/Male/Blue/Ultra-Heavy,2,ArthurGomesMaranMangabeira,PSLPBCiceroCostha
Sul-Brasileiro de Jiu-Jitsu 2014,Adult/Male/Blue/Ultra-Heavy,3,HenriqueEyroff,A.STeam
Sul-Brasileiro de Jiu-Jitsu 2014,Adult/Male/Blue/Ultra-Heavy,3,MarcusViniciusGabrieldeOliveira,GracieBarra
Sul-Brasileiro de Jiu-Jitsu 2014,Adult/Male/Blue/OpenClass,1,AndersonCostadaSilva,Alliance
Sul-Brasileiro de Jiu-Jitsu 2014,Adult/Male/Blue/OpenClass,2,RafaelCabralMessage,SulJiu,Jitsu
Sul-Brasileiro de Jiu-Jitsu 2014,Adult/Male/Blue/OpenClass,3,ArthurGomesMaranMangabeira,PSLPBCiceroCostha
Sul-Brasileiro de Jiu-Jitsu 2014,Adult/Male/Blue/OpenClass,3,HenriqueEyroff,A.STeam
Sul-Brasileiro de Jiu-Jitsu 2014,Adult/Female/Blue/Light-Feather,1,BeatrizSouza(REPETIDO:111492),TeamNogueiraJoinville
Sul-Brasileiro de Jiu-Jitsu 2014,Adult/Female/Blue/Light-Feather,2,JulianaBentoVargas,A.STeam
Sul-Brasileiro de Jiu-Jitsu 2014,Adult/Female/Blue/Light-Feather,3,AmandaAndradeCostadaSilva,MacacoGoldTeam
Sul-Brasileiro de Jiu-Jitsu 2014,Adult/Female/Blue/Light-Feather,3,NayaraYolandaGonçalvesdeCampos,CheckMat
Sul-Brasileiro de Jiu-Jitsu 2014,Adult/Female/Blue/Feather,1,JúliaMartinsIlg,SulJiu,Jitsu
Sul-Brasileiro de Jiu-Jitsu 2014,Adult/Female/Blue/Feather,2,ValkiriaAgnesSantos,GracieBarra
Sul-Brasileiro de Jiu-Jitsu 2014,Adult/Female/Blue/Feather,3,EmanuelleCristhinieMendonça,MichelMaiaJiu,Jitsu
Sul-Brasileiro de Jiu-Jitsu 2014,Adult/Female/Blue/Feather,3,LisianeBringhentiBrandelli,GarraTeam
Sul-Brasileiro de Jiu-Jitsu 2014,Adult/Female/Blue/Light,1,LuanadeSouza,ASMBJJ
Sul-Brasileiro de Jiu-Jitsu 2014,Adult/Female/Blue/Light,2,TatianeKoerichMesquita,RilionGracie
Sul-Brasileiro de Jiu-Jitsu 2014,Adult/Female/Blue/Light,3,CíntiaJaquelineElias,A.STeam
Sul-Brasileiro de Jiu-Jitsu 2014,Adult/Female/Blue/Light,3,TainahTiemiTaketomiYamaguchi,BlackGymJiu,Jitsu
Sul-Brasileiro de Jiu-Jitsu 2014,Adult/Female/Blue/Middle,1,MarciaFrancinedeSouza,RilionGracieFlorianópolis,SC
Sul-Brasileiro de Jiu-Jitsu 2014,Adult/Female/Blue/Heavy,1,EvelineAndréiaColaçoMaguerroski,AllianceSul
Sul-Brasileiro de Jiu-Jitsu 2014,Adult/Female/Blue/Heavy,2,BárbaraRodriguesTrevisani,Alliance
Sul-Brasileiro de Jiu-Jitsu 2014,Adult/Female/Blue/OpenClass,1,BárbaraRodriguesTrevisani,Alliance
Sul-Brasileiro de Jiu-Jitsu 2014,Adult/Female/Blue/OpenClass,2,JúliaMartinsIlg,SulJiu,Jitsu
Sul-Brasileiro de Jiu-Jitsu 2014,Adult/Female/Blue/OpenClass,3,LuanadeSouza,ASMBJJ
Sul-Brasileiro de Jiu-Jitsu 2014,Adult/Female/Blue/OpenClass,3,ValkiriaAgnesSantos,GracieBarra
Sul-Brasileiro de Jiu-Jitsu 2014,Adult/Male/Purple/Light-Feather,1,HiagoGeorgeSantosSilva,PSLPBCiceroCostha
Sul-Brasileiro de Jiu-Jitsu 2014,Adult/Male/Purple/Light-Feather,2,SavioFranciscodeVargas,MichelMaiaJiu,Jitsu
Sul-Brasileiro de Jiu-Jitsu 2014,Adult/Male/Purple/Light-Feather,3,MichelRuediger,AtosJiu,Jitsu
Sul-Brasileiro de Jiu-Jitsu 2014,Adult/Male/Purple/Light-Feather,3,WilliamPierreBurkhardt,GordoJiu,Jitsu
Sul-Brasileiro de Jiu-Jitsu 2014,Adult/Male/Purple/Feather,1,SilvioDurandeBarrosSaraiva,ZenithBJJ
Sul-Brasileiro de Jiu-Jitsu 2014,Adult/Male/Purple/Feather,2,JeanCarlosPauleti,AtosJiu,Jitsu
Sul-Brasileiro de Jiu-Jitsu 2014,Adult/Male/Purple/Feather,3,ClaudioNohanAvila,ZenithBJJ
Sul-Brasileiro de Jiu-Jitsu 2014,Adult/Male/Purple/Feather,3,GuilhermedeFraga,CheckMat
Sul-Brasileiro de Jiu-Jitsu 2014,Adult/Male/Purple/Light,1,RenatoForasieppiAlvesCanuto,ZenithBJJ
Sul-Brasileiro de Jiu-Jitsu 2014,Adult/Male/Purple/Light,2,JanBuatimWamser,AtaqueDuplo
Sul-Brasileiro de Jiu-Jitsu 2014,Adult/Male/Purple/Light,3,DiegoSantanadoEspíritoSanto,Alliance
Sul-Brasileiro de Jiu-Jitsu 2014,Adult/Male/Purple/Light,3,JefersondaSilvaBatista,MacacoGoldTeam
Sul-Brasileiro de Jiu-Jitsu 2014,Adult/Male/Purple/Middle,1,IgorVeríssimodeOliveiraChaves,PSLPBCiceroCostha
Sul-Brasileiro de Jiu-Jitsu 2014,Adult/Male/Purple/Middle,2,ManoelMigueldaRochaPortoJunior,GracieGym
Sul-Brasileiro de Jiu-Jitsu 2014,Adult/Male/Purple/Middle,3,GabrielRogerioCardoso,A.STeam
Sul-Brasileiro de Jiu-Jitsu 2014,Adult/Male/Purple/Middle,3,RodrigodeSouzaBarni,NovaUnião
Sul-Brasileiro de Jiu-Jitsu 2014,Adult/Male/Purple/Medium-Heavy,1,LeonardodeCesaro,MichelMaiaJiu,Jitsu
Sul-Brasileiro de Jiu-Jitsu 2014,Adult/Male/Purple/Medium-Heavy,2,FabricioAstorDavid,NovaUnião
Sul-Brasileiro de Jiu-Jitsu 2014,Adult/Male/Purple/Medium-Heavy,3,PedroHenriqueRibeiroGonçalves,Alliance
Sul-Brasileiro de Jiu-Jitsu 2014,Adult/Male/Purple/Medium-Heavy,3,RodrigoAcioliMiguel,NúcleoJJ
Sul-Brasileiro de Jiu-Jitsu 2014,Adult/Male/Purple/Heavy,1,EduardoAlvesFlores,GuethoJiuJitsu
Sul-Brasileiro de Jiu-Jitsu 2014,Adult/Male/Purple/Heavy,2,RogérioCristianodeOliveira,Alliance
Sul-Brasileiro de Jiu-Jitsu 2014,Adult/Male/Purple/Heavy,3,FabioLimadeMoraes,GracieBarraVilaMaiaGuarujá
Sul-Brasileiro de Jiu-Jitsu 2014,Adult/Male/Purple/Heavy,3,MiguelAlencarFloresJunior,GracieBarra
Sul-Brasileiro de Jiu-Jitsu 2014,Adult/Male/Purple/Super-Heavy,1,GuilhermeContePolesso,SulJiu,Jitsu
Sul-Brasileiro de Jiu-Jitsu 2014,Adult/Male/Purple/Super-Heavy,2,FelipeOchnerdaSilveira,A.STeam
Sul-Brasileiro de Jiu-Jitsu 2014,Adult/Male/Purple/Ultra-Heavy,1,RenanMarcelRodriguesVieira,CarecaJJ
Sul-Brasileiro de Jiu-Jitsu 2014,Adult/Male/Purple/Ultra-Heavy,2,RafaelBabiloniaCristovão,PSLPBCiceroCostha
Sul-Brasileiro de Jiu-Jitsu 2014,Adult/Male/Purple/Ultra-Heavy,3,EdigarGuimarãesdeSouza,A.STeam
Sul-Brasileiro de Jiu-Jitsu 2014,Adult/Male/Purple/OpenClass,1,RafaelBabiloniaCristovão,PSLPBCiceroCostha
Sul-Brasileiro de Jiu-Jitsu 2014,Adult/Male/Purple/OpenClass,2,RenanMarcelRodriguesVieira,CarecaJJ
Sul-Brasileiro de Jiu-Jitsu 2014,Adult/Male/Purple/OpenClass,3,GuilhermeContePolesso,SulJiu,Jitsu
Sul-Brasileiro de Jiu-Jitsu 2014,Adult/Male/Purple/OpenClass,3,IgorVeríssimodeOliveiraChaves,PSLPBCiceroCostha
Sul-Brasileiro de Jiu-Jitsu 2014,Adult/Female/Purple/Light,1,CatherineFuhroPerret,CheckMat
Sul-Brasileiro de Jiu-Jitsu 2014,Adult/Female/Purple/Light,2,PaulaMariaZanette,GracieBarra
Sul-Brasileiro de Jiu-Jitsu 2014,Adult/Female/Purple/Middle,1,DeniseSantanaSilva,Alliance
Sul-Brasileiro de Jiu-Jitsu 2014,Adult/Female/Purple/Middle,2,PriscilaLiberatoNarciso,Alliance
Sul-Brasileiro de Jiu-Jitsu 2014,Adult/Female/Purple/Middle,3,JoanaBorsatoSerafimConti,RilionGracie
Sul-Brasileiro de Jiu-Jitsu 2014,Adult/Female/Purple/Medium-Heavy,1,NiviadeSouzaMoura,Barreto
Sul-Brasileiro de Jiu-Jitsu 2014,Adult/Female/Purple/Medium-Heavy,2,AnnaCarolinaNegri,NovaUnião
Sul-Brasileiro de Jiu-Jitsu 2014,Adult/Female/Purple/OpenClass,1,NiviadeSouzaMoura,Barreto
Sul-Brasileiro de Jiu-Jitsu 2014,Adult/Female/Purple/OpenClass,2,AnnaCarolinaNegri,NovaUnião
Sul-Brasileiro de Jiu-Jitsu 2014,Adult/Female/Purple/OpenClass,3,DeniseSantanaSilva,Alliance
Sul-Brasileiro de Jiu-Jitsu 2014,Adult/Female/Purple/OpenClass,3,PriscilaLiberatoNarciso,Alliance
Sul-Brasileiro de Jiu-Jitsu 2014,Adult/Male/Brown/Light-Feather,1,ItamarAparecidoDrobinhewskiCamargo,GaletoBrothersBJJ
Sul-Brasileiro de Jiu-Jitsu 2014,Adult/Male/Brown/Light-Feather,2,GuilhermeHidekiMori,NovaUnião
Sul-Brasileiro de Jiu-Jitsu 2014,Adult/Male/Brown/Feather,1,PabloBragançaPereira,GuethoJiuJitsu
Sul-Brasileiro de Jiu-Jitsu 2014,Adult/Male/Brown/Feather,2,EduardoYezeguiellianBotega,ZenithBJJ
Sul-Brasileiro de Jiu-Jitsu 2014,Adult/Male/Brown/Feather,3,AndréLucchesiSantosCherpinski,CheckMat
Sul-Brasileiro de Jiu-Jitsu 2014,Adult/Male/Brown/Feather,3,RafaelMachadoMansur,CarecaJJ
Sul-Brasileiro de Jiu-Jitsu 2014,Adult/Male/Brown/Light,1,VictordeMatos,ZenithBJJ
Sul-Brasileiro de Jiu-Jitsu 2014,Adult/Male/Brown/Light,2,EsmerlannioMariasViannaNeto,AgnaldoGoes
Sul-Brasileiro de Jiu-Jitsu 2014,Adult/Male/Brown/Light,3,LucianodeMacedoBernert,A.STeam
Sul-Brasileiro de Jiu-Jitsu 2014,Adult/Male/Brown/Light,3,ViníciusBargmann,SulJiu,Jitsu
Sul-Brasileiro de Jiu-Jitsu 2014,Adult/Male/Brown/Middle,1,PedroTeixeiraAlcantaraPimenta,RyanGracieTeam
Sul-Brasileiro de Jiu-Jitsu 2014,Adult/Male/Brown/Middle,2,MatheusFayadMangueiraLopes,GracieBarra
Sul-Brasileiro de Jiu-Jitsu 2014,Adult/Male/Brown/Middle,3,FábiodeAssunçãoPulita,Alliance
Sul-Brasileiro de Jiu-Jitsu 2014,Adult/Male/Brown/Middle,3,MaicondeCastroDias,EquipeBehring
Sul-Brasileiro de Jiu-Jitsu 2014,Adult/Male/Brown/Medium-Heavy,1,JoséHenriqueCardoso,RilionGracie
Sul-Brasileiro de Jiu-Jitsu 2014,Adult/Male/Brown/Medium-Heavy,2,LucasGattiGarin,Alliance
Sul-Brasileiro de Jiu-Jitsu 2014,Adult/Male/Brown/Medium-Heavy,3,GiacomoRauppZanini,RibeiroJiu,Jitsu
Sul-Brasileiro de Jiu-Jitsu 2014,Adult/Male/Brown/Medium-Heavy,3,MarceloMarquesF.Fernandes,GracieBarra
Sul-Brasileiro de Jiu-Jitsu 2014,Adult/Male/Brown/Heavy,1,ErickdosSantosdaRosa,A.STeamSC
Sul-Brasileiro de Jiu-Jitsu 2014,Adult/Male/Brown/Heavy,2,TiagoHilgemberg,A.STeamSC
Sul-Brasileiro de Jiu-Jitsu 2014,Adult/Male/Brown/Super-Heavy,1,CarlosEduardoDiasVidal,NovaUnião
Sul-Brasileiro de Jiu-Jitsu 2014,Adult/Male/Brown/Super-Heavy,2,EvandroPereiradeLima,RilionGracie
Sul-Brasileiro de Jiu-Jitsu 2014,Adult/Male/Brown/Ultra-Heavy,1,PedroHenriquedeSouzaMoura,RibeiroJiu,JitsuBrasil
Sul-Brasileiro de Jiu-Jitsu 2014,Adult/Male/Brown/OpenClass,1,CarlosEduardoDiasVidal,NovaUnião
Sul-Brasileiro de Jiu-Jitsu 2014,Adult/Male/Brown/OpenClass,2,PedroHenriquedeSouzaMoura,RibeiroJiu,JitsuBrasil
Sul-Brasileiro de Jiu-Jitsu 2014,Adult/Male/Brown/OpenClass,3,ErickdosSantosdaRosa,A.STeamSC
Sul-Brasileiro de Jiu-Jitsu 2014,Adult/Male/Brown/OpenClass,3,LucasGattiGarin,Alliance
Sul-Brasileiro de Jiu-Jitsu 2014,Adult/Female/Brown/Feather,1,FernandaBonatto,CheckMat
Sul-Brasileiro de Jiu-Jitsu 2014,Adult/Female/Brown/Light,1,BrunaMarquesOliveiraMeneses,BARBOSAJIU,JITSUUSA
Sul-Brasileiro de Jiu-Jitsu 2014,Adult/Female/Brown/Light,2,AnaCarolinaSchmitt,NovaUnião
Sul-Brasileiro de Jiu-Jitsu 2014,Adult/Female/Brown/Middle,1,GiseleMoreira,A.STeam
Sul-Brasileiro de Jiu-Jitsu 2014,Adult/Female/Brown/Middle,2,JulianadaSilvaTeixeira,A.STeam
Sul-Brasileiro de Jiu-Jitsu 2014,Adult/Female/Brown/OpenClass,1,JulianadaSilvaTeixeira,A.STeam
Sul-Brasileiro de Jiu-Jitsu 2014,Adult/Female/Brown/OpenClass,2,GiseleMoreira,A.STeam
Sul-Brasileiro de Jiu-Jitsu 2014,Adult/Female/Brown/OpenClass,3,AnaCarolinaSchmitt,NovaUnião
Sul-Brasileiro de Jiu-Jitsu 2014,Adult/Female/Brown/OpenClass,3,BrunaMarquesOliveiraMeneses,BARBOSAJIU,JITSUUSA
Sul-Brasileiro de Jiu-Jitsu 2014,Adult/Male/Black/Light-Feather,1,LeandroMartinsdaSilva,CheckMat
Sul-Brasileiro de Jiu-Jitsu 2014,Adult/Male/Black/Light-Feather,2,JoséEduardodeOliveira,EquipeBravoJJ
Sul-Brasileiro de Jiu-Jitsu 2014,Adult/Male/Black/Light-Feather,3,EstevãodosSantos,NovaUnião
Sul-Brasileiro de Jiu-Jitsu 2014,Adult/Male/Black/Light-Feather,3,LeandroLopesEscobar,SoulFightersBJJ
Sul-Brasileiro de Jiu-Jitsu 2014,Adult/Male/Black/Feather,1,PauloH.BordignonMiyao,PSLPBCiceroCostha
Sul-Brasileiro de Jiu-Jitsu 2014,Adult/Male/Black/Feather,2,DavidJulianoLemes,CalasansBJJ
Sul-Brasileiro de Jiu-Jitsu 2014,Adult/Male/Black/Feather,3,ErickViniciusS.RaposoOliveira,SoulFightersBJJ
Sul-Brasileiro de Jiu-Jitsu 2014,Adult/Male/Black/Feather,3,RobsonAlanMaiaBorges,Alliance
Sul-Brasileiro de Jiu-Jitsu 2014,Adult/Male/Black/Light,1,RicardoRochaLima,BARBOSAJIU,JITSUUSA
Sul-Brasileiro de Jiu-Jitsu 2014,Adult/Male/Black/Light,2,MateusBernardiRizzon,SulJJCaxiasdoSul
Sul-Brasileiro de Jiu-Jitsu 2014,Adult/Male/Black/Light,3,EduardodaSilvaConceição,GracieHumaita
Sul-Brasileiro de Jiu-Jitsu 2014,Adult/Male/Black/Light,3,SandroGabrielVieira,CheckMat
Sul-Brasileiro de Jiu-Jitsu 2014,Adult/Male/Black/Middle,1,ViniciusDornellesCorrales,GuethoJiuJitsu
Sul-Brasileiro de Jiu-Jitsu 2014,Adult/Male/Black/Middle,2,RafaelNavesdeCarvalho,PSLPBCiceroCostha
Sul-Brasileiro de Jiu-Jitsu 2014,Adult/Male/Black/Middle,3,CaioAlmeidaSilva,RyanGracieTeam
Sul-Brasileiro de Jiu-Jitsu 2014,Adult/Male/Black/Middle,3,MaurícioTogniAntunes,PSLPBCiceroCostha
Sul-Brasileiro de Jiu-Jitsu 2014,Adult/Male/Black/Medium-Heavy,1,RodrigoFajardo,GracieBarra
Sul-Brasileiro de Jiu-Jitsu 2014,Adult/Male/Black/Medium-Heavy,2,JurandirVieiradaConceição,G13BJJ
Sul-Brasileiro de Jiu-Jitsu 2014,Adult/Male/Black/Medium-Heavy,3,DouglasAlencastroBueno,GuethoJiuJitsu
Sul-Brasileiro de Jiu-Jitsu 2014,Adult/Male/Black/Medium-Heavy,3,VitorFabioMartinsToledo,GuethoJiuJitsu
Sul-Brasileiro de Jiu-Jitsu 2014,Adult/Male/Black/Heavy,1,RicardoBastosCruz,BrunoBastosJiu,Jitsu
Sul-Brasileiro de Jiu-Jitsu 2014,Adult/Male/Black/Heavy,2,FelipeMenezesBueno,Alliance
Sul-Brasileiro de Jiu-Jitsu 2014,Adult/Male/Black/Heavy,3,AlexandroCeconideSouza,CeconiTeam
Sul-Brasileiro de Jiu-Jitsu 2014,Adult/Male/Black/Heavy,3,GustavoAlmeidaSilva,RyanGracieTeam
Sul-Brasileiro de Jiu-Jitsu 2014,Adult/Male/Black/Super-Heavy,1,AntonioCarlosFariasMugnaimi,GFTeam
Sul-Brasileiro de Jiu-Jitsu 2014,Adult/Male/Black/Super-Heavy,2,FelipeOliveiradeSouza,A.STeam
Sul-Brasileiro de Jiu-Jitsu 2014,Adult/Male/Black/Super-Heavy,3,CaioRochaVieira,GracieBarra
Sul-Brasileiro de Jiu-Jitsu 2014,Adult/Male/Black/Super-Heavy,3,HugoBrittoFernandez,GracieBarra
Sul-Brasileiro de Jiu-Jitsu 2014,Adult/Male/Black/Ultra-Heavy,1,LucasdaSilvaCardoso,UnionWorldFightingTeam
Sul-Brasileiro de Jiu-Jitsu 2014,Adult/Male/Black/Ultra-Heavy,2,MarceloTarsoStrada,GuethoJiuJitsu
Sul-Brasileiro de Jiu-Jitsu 2014,Adult/Male/Black/Ultra-Heavy,3,FernandoAugustodaSilva,RilionGracie
Sul-Brasileiro de Jiu-Jitsu 2014,Adult/Male/Black/OpenClass,1,PauloH.BordignonMiyao,PSLPBCiceroCostha
Sul-Brasileiro de Jiu-Jitsu 2014,Adult/Male/Black/OpenClass,2,JurandirVieiradaConceição,G13BJJ
Sul-Brasileiro de Jiu-Jitsu 2014,Adult/Male/Black/OpenClass,3,FelipeOliveiradeSouza,A.STeam
Sul-Brasileiro de Jiu-Jitsu 2014,Adult/Male/Black/OpenClass,3,VitorFabioMartinsToledo,GuethoJiuJitsu
Sul-Brasileiro de Jiu-Jitsu 2014,Adult/Female/Black/Feather,1,AmandaMonzoMendes,WinnerJJ
Sul-Brasileiro de Jiu-Jitsu 2014,Master1/Male/Blue/Light-Feather,1,ClaudemirLuzTrizotti,A.STeamJoinville
Sul-Brasileiro de Jiu-Jitsu 2014,Master1/Male/Blue/Light-Feather,2,WilliamValdevinoCordeiro,Alliance
Sul-Brasileiro de Jiu-Jitsu 2014,Master1/Male/Blue/Light-Feather,3,PetersonAbreuLopes,MichelMaiaJiu,Jitsu
Sul-Brasileiro de Jiu-Jitsu 2014,Master1/Male/Blue/Feather,1,TiagoOsvaldoSoaresFelipe,MichelMaiaJiu,Jitsu
Sul-Brasileiro de Jiu-Jitsu 2014,Master1/Male/Blue/Feather,2,DanielSteimetzdaSilva,SulJiu,Jitsu
Sul-Brasileiro de Jiu-Jitsu 2014,Master1/Male/Blue/Feather,3,LuizPauloKnissJunior,GracieBarra
Sul-Brasileiro de Jiu-Jitsu 2014,Master1/Male/Blue/Light,1,EliseuJorgeCardoso,DeLaRivaSC
Sul-Brasileiro de Jiu-Jitsu 2014,Master1/Male/Blue/Light,2,EfraímBarbosaCicerelli,NovaUnião
Sul-Brasileiro de Jiu-Jitsu 2014,Master1/Male/Blue/Light,3,MaikonDariodeSouza,Alliance
Sul-Brasileiro de Jiu-Jitsu 2014,Master1/Male/Blue/Light,3,ThiagoDionaldoCunhaCorrea,EquipeEdinhoSilva
Sul-Brasileiro de Jiu-Jitsu 2014,Master1/Male/Blue/Middle,1,RamonRicarddosSantosRiediger,AtaqueDuplo
Sul-Brasileiro de Jiu-Jitsu 2014,Master1/Male/Blue/Middle,2,ToniAngeloBenvenutti,A.STeam
Sul-Brasileiro de Jiu-Jitsu 2014,Master1/Male/Blue/Middle,3,FelipeRauschKirsch,MichelMaiaJiu,Jitsu
Sul-Brasileiro de Jiu-Jitsu 2014,Master1/Male/Blue/Middle,3,JohnJonathandaSilva,TeamNogueiraJoinville
Sul-Brasileiro de Jiu-Jitsu 2014,Master1/Male/Blue/Medium-Heavy,1,MauricioFelipe,DeLaRivaSC
Sul-Brasileiro de Jiu-Jitsu 2014,Master1/Male/Blue/Medium-Heavy,2,SidineiFerreiraGuimarãesFilho,MichelMaiaJiu,Jitsu
Sul-Brasileiro de Jiu-Jitsu 2014,Master1/Male/Blue/Medium-Heavy,3,RodrigoNunesTychoniuk,ZenithBJJ
Sul-Brasileiro de Jiu-Jitsu 2014,Master1/Male/Blue/Heavy,1,RodrigoGuedesdeSouza,NovaUnião
Sul-Brasileiro de Jiu-Jitsu 2014,Master1/Male/Blue/Heavy,2,LeandroFernandesdaLuz,GracieBarra
Sul-Brasileiro de Jiu-Jitsu 2014,Master1/Male/Blue/Heavy,3,GabrielDigiovanniGuiz,GracieBarra
Sul-Brasileiro de Jiu-Jitsu 2014,Master1/Male/Blue/Super-Heavy,1,RicardoAbadioBatistadosSantos,CentroEducacionaldeJiu,JitsudeAraxá
Sul-Brasileiro de Jiu-Jitsu 2014,Master1/Male/Blue/Super-Heavy,2,BrunoCarolinoRodriguesNunes,DeLaRivaPoa
Sul-Brasileiro de Jiu-Jitsu 2014,Master1/Male/Blue/Super-Heavy,3,BrunoAlvesLima,Alliance
Sul-Brasileiro de Jiu-Jitsu 2014,Master1/Male/Blue/Super-Heavy,3,LucianodaCostaMendonça,GiovanniReisTeam
Sul-Brasileiro de Jiu-Jitsu 2014,Master1/Male/Blue/Ultra-Heavy,1,EderFernandoDuarte,NovaUnião
Sul-Brasileiro de Jiu-Jitsu 2014,Master1/Male/Blue/Ultra-Heavy,2,FabioBondesandoNascimento,ASMBJJ
Sul-Brasileiro de Jiu-Jitsu 2014,Master1/Male/Blue/Ultra-Heavy,3,DanielZarath,GileRibeiroJJ
Sul-Brasileiro de Jiu-Jitsu 2014,Master1/Male/Blue/Ultra-Heavy,3,GustavoOdoneNegreiros,EquipeBehring
Sul-Brasileiro de Jiu-Jitsu 2014,Master1/Male/Blue/OpenClass,1,EderFernandoDuarte,NovaUnião
Sul-Brasileiro de Jiu-Jitsu 2014,Master1/Male/Blue/OpenClass,2,SidineiFerreiraGuimarãesFilho,MichelMaiaJiu,Jitsu
Sul-Brasileiro de Jiu-Jitsu 2014,Master1/Male/Blue/OpenClass,3,RamonRicarddosSantosRiediger,AtaqueDuplo
Sul-Brasileiro de Jiu-Jitsu 2014,Master1/Male/Blue/OpenClass,3,RodrigoNunesTychoniuk,ZenithBJJ
Sul-Brasileiro de Jiu-Jitsu 2014,Master1/Male/Purple/Feather,1,ThiagoBaptistaDutra,DeLaRivaJJ
Sul-Brasileiro de Jiu-Jitsu 2014,Master1/Male/Purple/Feather,2,RichardsonSilvaBett,RilionGracie
Sul-Brasileiro de Jiu-Jitsu 2014,Master1/Male/Purple/Feather,3,FabianoBentodeAlmeida,BarbosaJJeMMA
Sul-Brasileiro de Jiu-Jitsu 2014,Master1/Male/Purple/Feather,3,RodolfoMachadoDAvilaRufino,RilionGracieFlorianópolis,SC
Sul-Brasileiro de Jiu-Jitsu 2014,Master1/Male/Purple/Light,1,DiegoAcelondeMelo,A.STeam
Sul-Brasileiro de Jiu-Jitsu 2014,Master1/Male/Purple/Light,2,CesarAugustoDelponteFernandes,GileRibeiroJJ
Sul-Brasileiro de Jiu-Jitsu 2014,Master1/Male/Purple/Light,3,LeobertodeSouzaJunior,NovaUnião
Sul-Brasileiro de Jiu-Jitsu 2014,Master1/Male/Purple/Light,3,RafaelAraujoGabardo,GracieBarra
Sul-Brasileiro de Jiu-Jitsu 2014,Master1/Male/Purple/Middle,1,GuilhermeCorreiaAbilhoa,AcademiaCMSystem
Sul-Brasileiro de Jiu-Jitsu 2014,Master1/Male/Purple/Middle,2,JulianoWittMauer,EquipeBehring
Sul-Brasileiro de Jiu-Jitsu 2014,Master1/Male/Purple/Medium-Heavy,1,FabiodeMattos,A.STeam
Sul-Brasileiro de Jiu-Jitsu 2014,Master1/Male/Purple/Medium-Heavy,2,MarcusViníciusMacieldosSantos,EquipeEdinhoSilva
Sul-Brasileiro de Jiu-Jitsu 2014,Master1/Male/Purple/Medium-Heavy,3,LuizFernandodaSilvaGomes,GracieHumaita
Sul-Brasileiro de Jiu-Jitsu 2014,Master1/Male/Purple/Medium-Heavy,3,LuizRicardoFlôres,GracieBarra
Sul-Brasileiro de Jiu-Jitsu 2014,Master1/Male/Purple/Heavy,1,MarcoAntoniodosSantos,NovaUnião
Sul-Brasileiro de Jiu-Jitsu 2014,Master1/Male/Purple/Heavy,2,DiegoAntonioCarbonari,MichelMaiaJiu,Jitsu
Sul-Brasileiro de Jiu-Jitsu 2014,Master1/Male/Purple/Heavy,3,AlbertoB.DrumondFrazãoJunior,TeamConde
Sul-Brasileiro de Jiu-Jitsu 2014,Master1/Male/Purple/Ultra-Heavy,1,MaurodaSilvaPeixotoJunior,GuethoJiuJitsu
Sul-Brasileiro de Jiu-Jitsu 2014,Master1/Male/Purple/Ultra-Heavy,2,MarlonAugustoMarcelino,GaletoBrothersBJJ
Sul-Brasileiro de Jiu-Jitsu 2014,Master1/Male/Purple/Ultra-Heavy,3,LucianoMendesNaigles,GuethoJiuJitsu
Sul-Brasileiro de Jiu-Jitsu 2014,Master1/Male/Purple/OpenClass,1,MaurodaSilvaPeixotoJunior,GuethoJiuJitsu
Sul-Brasileiro de Jiu-Jitsu 2014,Master1/Male/Purple/OpenClass,2,DiegoAntonioCarbonari,MichelMaiaJiu,Jitsu
Sul-Brasileiro de Jiu-Jitsu 2014,Master1/Male/Purple/OpenClass,3,GuilhermeCorreiaAbilhoa,AcademiaCMSystem
Sul-Brasileiro de Jiu-Jitsu 2014,Master1/Male/Purple/OpenClass,3,LuizFernandodaSilvaGomes,GracieHumaita
Sul-Brasileiro de Jiu-Jitsu 2014,Master1/Male/Brown/Feather,1,JoãoAlbertoMatosFadulFilho,RilionGracie
Sul-Brasileiro de Jiu-Jitsu 2014,Master1/Male/Brown/Feather,2,NascimentoJoãoSouzaJr,GracieBarra
Sul-Brasileiro de Jiu-Jitsu 2014,Master1/Male/Brown/Feather,3,GilsonSoares,A.STeam
Sul-Brasileiro de Jiu-Jitsu 2014,Master1/Male/Brown/Light,1,AluizioHonórioMoizinhoJúnior,SoulFightersBJJ
Sul-Brasileiro de Jiu-Jitsu 2014,Master1/Male/Brown/Light,2,ClauberdaCunha,GracieBarra
Sul-Brasileiro de Jiu-Jitsu 2014,Master1/Male/Brown/Light,3,RonaldoDresch,MichelMaiaJiu,Jitsu
Sul-Brasileiro de Jiu-Jitsu 2014,Master1/Male/Brown/Middle,1,RonaldCondédeCarvalho,BrazilianTopTeam
Sul-Brasileiro de Jiu-Jitsu 2014,Master1/Male/Brown/Middle,2,LucioAlexandrePatzlaff,SulJiu,Jitsu
Sul-Brasileiro de Jiu-Jitsu 2014,Master1/Male/Brown/Middle,3,FelicioJosedeMattos,GracieBarra
Sul-Brasileiro de Jiu-Jitsu 2014,Master1/Male/Brown/Middle,3,LauroJoséMartinsNeto,MichelMaiaJiu,Jitsu
Sul-Brasileiro de Jiu-Jitsu 2014,Master1/Male/Brown/Medium-Heavy,1,GuilhermedeOliveira,NovaUnião
Sul-Brasileiro de Jiu-Jitsu 2014,Master1/Male/Brown/Medium-Heavy,2,MaiconJulianoBorges,A.STeam
Sul-Brasileiro de Jiu-Jitsu 2014,Master1/Male/Brown/Heavy,1,WiníciusPereiraBosa,A.STeam
Sul-Brasileiro de Jiu-Jitsu 2014,Master1/Male/Brown/Heavy,2,AlissonMariano,DeLaRivaSC
Sul-Brasileiro de Jiu-Jitsu 2014,Master1/Male/Brown/OpenClass,1,WiníciusPereiraBosa,A.STeam
Sul-Brasileiro de Jiu-Jitsu 2014,Master1/Male/Brown/OpenClass,2,LucioAlexandrePatzlaff,SulJiu,Jitsu
Sul-Brasileiro de Jiu-Jitsu 2014,Master1/Male/Brown/OpenClass,3,MaiconJulianoBorges,A.STeam
Sul-Brasileiro de Jiu-Jitsu 2014,Master1/Male/Brown/OpenClass,3,RonaldoDresch,MichelMaiaJiu,Jitsu
Sul-Brasileiro de Jiu-Jitsu 2014,Master1/Male/Black/Feather,1,CarlosEduardodeBritoRamos,CheckMat
Sul-Brasileiro de Jiu-Jitsu 2014,Master1/Male/Black/Feather,2,RafaelDelfiniReginaFerraz,GracieBarra
Sul-Brasileiro de Jiu-Jitsu 2014,Master1/Male/Black/Feather,3,AlexsandroBittencourtdaSilva,Alliance
Sul-Brasileiro de Jiu-Jitsu 2014,Master1/Male/Black/Feather,3,SergioAlexandreLourençoCapellaJunior,NovaUnião
Sul-Brasileiro de Jiu-Jitsu 2014,Master1/Male/Black/Light,1,LeandroFidelisdosSantos,Alliance
Sul-Brasileiro de Jiu-Jitsu 2014,Master1/Male/Black/Light,2,MarcioCelioLimadeOliveira,GracieBarra
Sul-Brasileiro de Jiu-Jitsu 2014,Master1/Male/Black/Light,3,AndersonLuizRomualdo,NovaUnião
Sul-Brasileiro de Jiu-Jitsu 2014,Master1/Male/Black/Light,3,WagnerMendesCampos,GaletoBrothersBJJ
Sul-Brasileiro de Jiu-Jitsu 2014,Master1/Male/Black/Middle,1,GuilhermeFerreiraIunes,GracieBarraJJ
Sul-Brasileiro de Jiu-Jitsu 2014,Master1/Male/Black/Middle,2,EdenilsonRobertoSiqueiradeLima,NovaUnião
Sul-Brasileiro de Jiu-Jitsu 2014,Master1/Male/Black/Middle,3,DiegoTeixeiradeMoraes,GracieBarra
Sul-Brasileiro de Jiu-Jitsu 2014,Master1/Male/Black/Middle,3,GustavoAlexandreSilvaFernandes,GracieBarra
Sul-Brasileiro de Jiu-Jitsu 2014,Master1/Male/Black/Medium-Heavy,1,DanielLopesRodrigues,JulioSecco
Sul-Brasileiro de Jiu-Jitsu 2014,Master1/Male/Black/Medium-Heavy,2,LeonardoDelgadodeOliveira,SoulFightersBJJ
Sul-Brasileiro de Jiu-Jitsu 2014,Master1/Male/Black/Medium-Heavy,3,CristianoFagundesTavaresBina,RilionGracieFlorianópolis,SC
Sul-Brasileiro de Jiu-Jitsu 2014,Master1/Male/Black/Medium-Heavy,3,HugoLeonardoCabral,DeLaRivaInternational
Sul-Brasileiro de Jiu-Jitsu 2014,Master1/Male/Black/Heavy,1,HumbertoRochaPereira,GracieBarraVilaMaiaGuarujá
Sul-Brasileiro de Jiu-Jitsu 2014,Master1/Male/Black/Heavy,2,LúcioCharlytowNogueiraFernandesSegundo,GracieBarra
Sul-Brasileiro de Jiu-Jitsu 2014,Master1/Male/Black/Heavy,3,CesarAndradeSilva,OsvaldoAlvesSP
Sul-Brasileiro de Jiu-Jitsu 2014,Master1/Male/Black/Heavy,3,LeonardoSilvaBorges,GracieGym
Sul-Brasileiro de Jiu-Jitsu 2014,Master1/Male/Black/Super-Heavy,1,MarcoAntoniodeMesquitaCruz,PSPhoenixBJJ
Sul-Brasileiro de Jiu-Jitsu 2014,Master1/Male/Black/Super-Heavy,2,AdrianoInáciodeRosa,MichelMaiaJiu,Jitsu
Sul-Brasileiro de Jiu-Jitsu 2014,Master1/Male/Black/Super-Heavy,3,RafaelSoaresRodriguesFerreira,GFTeam
Sul-Brasileiro de Jiu-Jitsu 2014,Master1/Male/Black/Super-Heavy,3,RicardoHenriquedeOliveira,NovaUnião
Sul-Brasileiro de Jiu-Jitsu 2014,Master1/Male/Black/Ultra-Heavy,1,PauloLuizOliveiraCamaraFalcão,GileRibeiroJJ
Sul-Brasileiro de Jiu-Jitsu 2014,Master1/Male/Black/Ultra-Heavy,2,UelberMarquesSoares,G13BJJ
Sul-Brasileiro de Jiu-Jitsu 2014,Master1/Male/Black/Ultra-Heavy,3,CleversonAlmindodaSilva,GFTeamCalifornia
Sul-Brasileiro de Jiu-Jitsu 2014,Master1/Male/Black/Ultra-Heavy,3,FelipeBonetti,MichelMaiaJiu,Jitsu
Sul-Brasileiro de Jiu-Jitsu 2014,Master1/Male/Black/OpenClass,1,LúcioCharlytowNogueiraFernandesSegundo,GracieBarra
Sul-Brasileiro de Jiu-Jitsu 2014,Master1/Male/Black/OpenClass,2,CristianoFagundesTavaresBina,RilionGracieFlorianópolis,SC
Sul-Brasileiro de Jiu-Jitsu 2014,Master1/Male/Black/OpenClass,3,GuilhermeFerreiraIunes,GracieBarraJJ
Sul-Brasileiro de Jiu-Jitsu 2014,Master1/Male/Black/OpenClass,3,PauloLuizOliveiraCamaraFalcão,GileRibeiroJJ
Sul-Brasileiro de Jiu-Jitsu 2014,Master2/Male/Blue/Light,1,MarceloRicardoReisPagliuso,CheckMat
Sul-Brasileiro de Jiu-Jitsu 2014,Master2/Male/Blue/Light,2,AndreLuisRamosFagundes,GFTeam
Sul-Brasileiro de Jiu-Jitsu 2014,Master2/Male/Blue/Light,3,CarlosAndrédaSilva,NovaUnião
Sul-Brasileiro de Jiu-Jitsu 2014,Master2/Male/Blue/Middle,1,IsmaelRibasFagundes,MichelMaiaJiu,Jitsu
Sul-Brasileiro de Jiu-Jitsu 2014,Master2/Male/Blue/Middle,2,ArleiJefersonSchmitz,GracieBarra
Sul-Brasileiro de Jiu-Jitsu 2014,Master2/Male/Blue/Middle,3,MárcioAndréBedin,ScorpyonJiu,Jitsu
Sul-Brasileiro de Jiu-Jitsu 2014,Master2/Male/Blue/Heavy,1,EdersonLuisBilck,A.STeam
Sul-Brasileiro de Jiu-Jitsu 2014,Master2/Male/Blue/Ultra-Heavy,1,PedroAldoridosSantosAmado,MichelMaiaJiu,Jitsu
Sul-Brasileiro de Jiu-Jitsu 2014,Master2/Male/Blue/Ultra-Heavy,2,GiovaneSantinPimentel,GuethoJiuJitsu
Sul-Brasileiro de Jiu-Jitsu 2014,Master2/Male/Blue/Ultra-Heavy,3,LuizGustavoGebranVillaça,GFTeam
Sul-Brasileiro de Jiu-Jitsu 2014,Master2/Male/Blue/OpenClass,1,IsmaelRibasFagundes,MichelMaiaJiu,Jitsu
Sul-Brasileiro de Jiu-Jitsu 2014,Master2/Male/Blue/OpenClass,2,MarceloRicardoReisPagliuso,CheckMat
Sul-Brasileiro de Jiu-Jitsu 2014,Master2/Male/Blue/OpenClass,3,EdersonLuisBilck,A.STeam
Sul-Brasileiro de Jiu-Jitsu 2014,Master2/Male/Blue/OpenClass,3,PedroAldoridosSantosAmado,MichelMaiaJiu,Jitsu
Sul-Brasileiro de Jiu-Jitsu 2014,Master2/Male/Purple/Light-Feather,1,SergioRobertodosSantos,RilionGracie
Sul-Brasileiro de Jiu-Jitsu 2014,Master2/Male/Purple/Light,1,CleberMaguerroski,Alliance
Sul-Brasileiro de Jiu-Jitsu 2014,Master2/Male/Purple/Middle,1,RenatoAbraham,RilionGracie
Sul-Brasileiro de Jiu-Jitsu 2014,Master2/Male/Purple/Heavy,1,AlexandredeSouzaBalbo,NovaUnião
Sul-Brasileiro de Jiu-Jitsu 2014,Master2/Male/Purple/Heavy,2,AltairPetris,KizumbaJiu,Jitsu
Sul-Brasileiro de Jiu-Jitsu 2014,Master2/Male/Purple/Heavy,3,AndersonPedrozo,GileRibeiroJJ
Sul-Brasileiro de Jiu-Jitsu 2014,Master2/Male/Purple/Heavy,3,LuisFernandoCoraçaridaSilva,NovaUnião
Sul-Brasileiro de Jiu-Jitsu 2014,Master2/Male/Purple/Super-Heavy,1,AndrédaSilvaOcchioniMartins,RilionGracieFlorianópolis,SC
Sul-Brasileiro de Jiu-Jitsu 2014,Master2/Male/Purple/OpenClass,1,AndrédaSilvaOcchioniMartins,RilionGracieFlorianópolis,SC
Sul-Brasileiro de Jiu-Jitsu 2014,Master2/Male/Purple/OpenClass,2,RenatoAbraham,RilionGracie
Sul-Brasileiro de Jiu-Jitsu 2014,Master2/Male/Brown/Middle,1,RodrigodeMelloKlippel,Alliance
Sul-Brasileiro de Jiu-Jitsu 2014,Master2/Male/Brown/Medium-Heavy,1,FranciscoMachadoJúnior,Alliance
Sul-Brasileiro de Jiu-Jitsu 2014,Master2/Male/Brown/Heavy,1,WagnerRamosTelesdeMoraes,GracieBarra
Sul-Brasileiro de Jiu-Jitsu 2014,Master2/Male/Brown/Ultra-Heavy,1,AlexandreCrespilhoJoia,G13BJJ
Sul-Brasileiro de Jiu-Jitsu 2014,Master2/Male/Brown/Ultra-Heavy,2,CarlosAndredeSiqueira,ASMBJJ
Sul-Brasileiro de Jiu-Jitsu 2014,Master2/Male/Brown/OpenClass,1,WagnerRamosTelesdeMoraes,GracieBarra
Sul-Brasileiro de Jiu-Jitsu 2014,Master2/Male/Brown/OpenClass,2,CarlosAndredeSiqueira,ASMBJJ
Sul-Brasileiro de Jiu-Jitsu 2014,Master2/Male/Brown/OpenClass,3,RodrigodeMelloKlippel,Alliance
Sul-Brasileiro de Jiu-Jitsu 2014,Master2/Male/Black/Light-Feather,1,MarcosFranco,GracieBarra
Sul-Brasileiro de Jiu-Jitsu 2014,Master2/Male/Black/Feather,1,MárcioMarquesMendonça,MichelMaiaJiu,Jitsu
Sul-Brasileiro de Jiu-Jitsu 2014,Master2/Male/Black/Feather,2,MauroSant'anaGaziri,CarlsonGracieTeam
Sul-Brasileiro de Jiu-Jitsu 2014,Master2/Male/Black/Feather,3,EnioMoraes,CheckMat
Sul-Brasileiro de Jiu-Jitsu 2014,Master2/Male/Black/Feather,3,GabrielMedeirosRegnier,AcademiaCMSystem
Sul-Brasileiro de Jiu-Jitsu 2014,Master2/Male/Black/Light,1,ViniciusPaesdeFigueiredo,ToziJiuJitsu
Sul-Brasileiro de Jiu-Jitsu 2014,Master2/Male/Black/Light,2,WendelHeger,A.STeam
Sul-Brasileiro de Jiu-Jitsu 2014,Master2/Male/Black/Light,3,AndersonPereiradaSilva,KullgamCompetition
Sul-Brasileiro de Jiu-Jitsu 2014,Master2/Male/Black/Light,3,AndreLuizMachadoNunesMerbach,ZenithBJJ
Sul-Brasileiro de Jiu-Jitsu 2014,Master2/Male/Black/Middle,1,RodrigoAntonioGarciadaSilva,NovaUnião
Sul-Brasileiro de Jiu-Jitsu 2014,Master2/Male/Black/Middle,2,JulioCesarMigliorini,GileRibeiroJJ
Sul-Brasileiro de Jiu-Jitsu 2014,Master2/Male/Black/Middle,3,AlexandreMarcianoRicardo,GracieBarra
Sul-Brasileiro de Jiu-Jitsu 2014,Master2/Male/Black/Medium-Heavy,1,ClaudirJosédosSantos,BarbosaJJeMMA
Sul-Brasileiro de Jiu-Jitsu 2014,Master2/Male/Black/Medium-Heavy,2,CarlosLimaAvelineNeto,SulJiu,Jitsu
Sul-Brasileiro de Jiu-Jitsu 2014,Master2/Male/Black/Medium-Heavy,3,AlexLuizdosAnjosSantos,MichelMaiaJiu,Jitsu
Sul-Brasileiro de Jiu-Jitsu 2014,Master2/Male/Black/Medium-Heavy,3,FabioKudo,BonSaiJJ
Sul-Brasileiro de Jiu-Jitsu 2014,Master2/Male/Black/Heavy,1,IvanDanielewiczJunior,CheckMat
Sul-Brasileiro de Jiu-Jitsu 2014,Master2/Male/Black/Heavy,2,AndersonRodrigues,RilionGracieFlorianópolis,SC
Sul-Brasileiro de Jiu-Jitsu 2014,Master2/Male/Black/Ultra-Heavy,1,AntonioMarcosSottoMayorRibeiro,GracieBarra
Sul-Brasileiro de Jiu-Jitsu 2014,Master2/Male/Black/Ultra-Heavy,2,AndreLuizCandidodaSilva,NovaUnião
Sul-Brasileiro de Jiu-Jitsu 2014,Master2/Male/Black/Ultra-Heavy,3,FabianoRosarMeira,GracieBarra
Sul-Brasileiro de Jiu-Jitsu 2014,Master2/Male/Black/Ultra-Heavy,3,NelsonMartins,DeLaRivaSC
Sul-Brasileiro de Jiu-Jitsu 2014,Master2/Male/Black/OpenClass,1,AndreLuizCandidodaSilva,NovaUnião
Sul-Brasileiro de Jiu-Jitsu 2014,Master2/Male/Black/OpenClass,2,AntonioMarcosSottoMayorRibeiro,GracieBarra
Sul-Brasileiro de Jiu-Jitsu 2014,Master2/Male/Black/OpenClass,3,AlexLuizdosAnjosSantos,MichelMaiaJiu,Jitsu
Sul-Brasileiro de Jiu-Jitsu 2014,Master2/Male/Black/OpenClass,3,NelsonMartins,DeLaRivaSC
Sul-Brasileiro de Jiu-Jitsu 2014,Master3/Male/Blue/Heavy,1,HenriqueCesarTrilha,DeLaRivaSC
Sul-Brasileiro de Jiu-Jitsu 2014,Master3/Male/Blue/Heavy,2,MarcelodoNascimentoRodrigues,GileRibeiroJJ
Sul-Brasileiro de Jiu-Jitsu 2014,Master3/Male/Blue/OpenClass,1,HenriqueCesarTrilha,DeLaRivaSC
Sul-Brasileiro de Jiu-Jitsu 2014,Master3/Male/Purple/Light,1,EvertonLuísNascimento,GracieBarra
Sul-Brasileiro de Jiu-Jitsu 2014,Master3/Male/Purple/Light,2,HugoFernandoGalantini,TeamNogueira
Sul-Brasileiro de Jiu-Jitsu 2014,Master3/Male/Purple/Middle,1,ClaysonRamosMattos,RilionGracie
Sul-Brasileiro de Jiu-Jitsu 2014,Master3/Male/Purple/Medium-Heavy,1,AdemarHemkemeier,A.STeamJoinville
Sul-Brasileiro de Jiu-Jitsu 2014,Master3/Male/Purple/OpenClass,1,AdemarHemkemeier,A.STeamJoinville
Sul-Brasileiro de Jiu-Jitsu 2014,Master3/Male/Purple/OpenClass,2,ClaysonRamosMattos,RilionGracie
Sul-Brasileiro de Jiu-Jitsu 2014,Master3/Male/Purple/OpenClass,3,HugoFernandoGalantini,TeamNogueira
Sul-Brasileiro de Jiu-Jitsu 2014,Master3/Male/Brown/Light,1,MarceloAlexanderFerreira,Alliance
Sul-Brasileiro de Jiu-Jitsu 2014,Master3/Male/Brown/Heavy,1,FabianoSantanaDavid,UnionWorldFightTeamB
Sul-Brasileiro de Jiu-Jitsu 2014,Master3/Male/Brown/Super-Heavy,1,AndreLisboa,ScorpyonJiu,Jitsu
Sul-Brasileiro de Jiu-Jitsu 2014,Master3/Male/Brown/OpenClass,1,AndreLisboa,ScorpyonJiu,Jitsu
Sul-Brasileiro de Jiu-Jitsu 2014,Master3/Male/Brown/OpenClass,2,MarceloAlexanderFerreira,Alliance
Sul-Brasileiro de Jiu-Jitsu 2014,Master3/Male/Black/Light-Feather,1,PauloRomeuPereiradeMoraes,PSPhoenixBJJ
Sul-Brasileiro de Jiu-Jitsu 2014,Master3/Male/Black/Feather,1,SamuelSauldoNascimento,GracieBarra
Sul-Brasileiro de Jiu-Jitsu 2014,Master3/Male/Black/Feather,2,LucianoPereiraDominico,CheckMat
Sul-Brasileiro de Jiu-Jitsu 2014,Master3/Male/Black/Light,1,RogerBentoHolz,CarlsonGracieClube
Sul-Brasileiro de Jiu-Jitsu 2014,Master3/Male/Black/Light,2,ValdoniDanieldaSilvaFigueiro,ScorpyonJiu,Jitsu
Sul-Brasileiro de Jiu-Jitsu 2014,Master3/Male/Black/Middle,1,MarcosTulioNunesdaRosa,ASMBJJ
Sul-Brasileiro de Jiu-Jitsu 2014,Master3/Male/Black/Middle,2,ArturMárcioRocha,GracieHumaita
Sul-Brasileiro de Jiu-Jitsu 2014,Master3/Male/Black/Middle,3,AndreGaldinoFigueira,GracieBarra
Sul-Brasileiro de Jiu-Jitsu 2014,Master3/Male/Black/Medium-Heavy,1,MarcusViniciusdaLuz,RilionGracieFlorianópolis,SC
Sul-Brasileiro de Jiu-Jitsu 2014,Master3/Male/Black/Medium-Heavy,2,FranciscoSlobodanLopes,GracieBarra
Sul-Brasileiro de Jiu-Jitsu 2014,Master3/Male/Black/Medium-Heavy,3,HernandesPereiradaSilva,BARBOSAJIU,JITSUUSA
Sul-Brasileiro de Jiu-Jitsu 2014,Master3/Male/Black/Medium-Heavy,3,RodolfoEbrahimCarvalho,AcademiaParanaensedeJJBrasileiro
Sul-Brasileiro de Jiu-Jitsu 2014,Master3/Male/Black/Heavy,1,ÉzioLuisAmaro,RocianGracieJuniordeJiu,Jitsu
Sul-Brasileiro de Jiu-Jitsu 2014,Master3/Male/Black/Heavy,2,SérgioÁvila,CheckMat
Sul-Brasileiro de Jiu-Jitsu 2014,Master3/Male/Black/Heavy,3,GiovanniReisCoutinhoPaniccia,GiovanniReisTeam
Sul-Brasileiro de Jiu-Jitsu 2014,Master3/Male/Black/Heavy,3,LeandroSchmitz,MichelMaiaJiu,Jitsu
Sul-Brasileiro de Jiu-Jitsu 2014,Master3/Male/Black/Super-Heavy,1,LeonardoAugustoMartinsLoureiro,GFTeam
Sul-Brasileiro de Jiu-Jitsu 2014,Master3/Male/Black/Ultra-Heavy,1,LuizHenriqueV.Saldanha,GracieBarra
Sul-Brasileiro de Jiu-Jitsu 2014,Master3/Male/Black/Ultra-Heavy,2,AdilsonHigaDorval,DeLaRivaJJ
Sul-Brasileiro de Jiu-Jitsu 2014,Master3/Male/Black/OpenClass,1,LuizHenriqueV.Saldanha,GracieBarra
Sul-Brasileiro de Jiu-Jitsu 2014,Master3/Male/Black/OpenClass,2,SérgioÁvila,CheckMat
Sul-Brasileiro de Jiu-Jitsu 2014,Master3/Male/Black/OpenClass,3,MarcosTulioNunesdaRosa,ASMBJJ
Sul-Brasileiro de Jiu-Jitsu 2014,Master3/Male/Black/OpenClass,3,ValdoniDanieldaSilvaFigueiro,ScorpyonJiu,Jitsu
Sul-Brasileiro de Jiu-Jitsu 2014,Master4/Male/Blue/Light-Feather,1,MarcosRobertoSchultz,GracieBarra
Sul-Brasileiro de Jiu-Jitsu 2014,Master4/Male/Blue/Medium-Heavy,1,LuizAlbertoGiacomelli,PSPhoenixBJJ
Sul-Brasileiro de Jiu-Jitsu 2014,Master4/Male/Blue/Super-Heavy,1,MauroTadeuMorgado,RyanGracieTeam
Sul-Brasileiro de Jiu-Jitsu 2014,Master4/Male/Blue/OpenClass,1,MauroTadeuMorgado,RyanGracieTeam
Sul-Brasileiro de Jiu-Jitsu 2014,Master4/Male/Blue/OpenClass,2,MarcosRobertoSchultz,GracieBarra
Sul-Brasileiro de Jiu-Jitsu 2014,Master4/Male/Purple/Feather,1,MaurícioRibeirodaSilvaSantos,SoulFightersBJJ
Sul-Brasileiro de Jiu-Jitsu 2014,Master4/Male/Purple/Heavy,1,MarceloAntonioMasedaCardozo,EquipeBehring
Sul-Brasileiro de Jiu-Jitsu 2014,Master4/Male/Purple/OpenClass,1,MarceloAntonioMasedaCardozo,EquipeBehring
Sul-Brasileiro de Jiu-Jitsu 2014,Master4/Male/Purple/OpenClass,2,MaurícioRibeirodaSilvaSantos,SoulFightersBJJ
Sul-Brasileiro de Jiu-Jitsu 2014,Master4/Male/Brown/Super-Heavy,1,EbertWaterkemper,BlackGymJiu,Jitsu
Sul-Brasileiro de Jiu-Jitsu 2014,Master4/Male/Brown/Ultra-Heavy,1,WillianBarbosaSiqueira,ColisãoJiu,Jitsu
Sul-Brasileiro de Jiu-Jitsu 2014,Master4/Male/Brown/OpenClass,1,WillianBarbosaSiqueira,ColisãoJiu,Jitsu
Sul-Brasileiro de Jiu-Jitsu 2014,Master4/Male/Brown/OpenClass,2,EbertWaterkemper,BlackGymJiu,Jitsu
Sul-Brasileiro de Jiu-Jitsu 2014,Master4/Male/Black/Feather,1,EvaldoRodrigues,EquipeBravoJJ
Sul-Brasileiro de Jiu-Jitsu 2014,Master4/Male/Black/Light,1,JoãoLuizMachadodaSilva,A.STeam
Sul-Brasileiro de Jiu-Jitsu 2014,Master4/Male/Black/Medium-Heavy,1,MarceloConti,RilionGracie
Sul-Brasileiro de Jiu-Jitsu 2014,Master4/Male/Black/Super-Heavy,1,JoãoEvangelistadaCostaJr,CrolinGracie
Sul-Brasileiro de Jiu-Jitsu 2014,Master4/Male/Black/OpenClass,1,MarceloConti,RilionGracie
Sul-Brasileiro de Jiu-Jitsu 2014,Master4/Male/Black/OpenClass,2,JoãoLuizMachadodaSilva,A.STeam
