London Fall International Open No-Gi 2015,Juvenile/Male/Blue/Heavy,1,CallumThomasMurphy,GracieBarra
London Fall International Open No-Gi 2015,Juvenile/Male/Blue/Heavy,2,HenriqueFerreiraCostaJoaquim,IconJiu,JitsuTeam
London Fall International Open No-Gi 2015,Adult/Male/Blue/Rooster,1,PaulBerthomieu,RibeiroJiu,Jitsu
London Fall International Open No-Gi 2015,Adult/Male/Blue/Rooster,2,DavidNoelFogarty,RibeiroJiu,Jitsu
London Fall International Open No-Gi 2015,Adult/Male/Blue/Rooster,3,AlbertoAlamia,AccademiaKama
London Fall International Open No-Gi 2015,Adult/Male/Blue/Rooster,3,PauloMigueldosSantosPereira,IconJiu,JitsuTeam
London Fall International Open No-Gi 2015,Adult/Male/Blue/Light-Feather,1,RichardGough,RibeiroJiu,Jitsu
London Fall International Open No-Gi 2015,Adult/Male/Blue/Light-Feather,2,RichardRaulBukovcsan,RibeiroJiu,Jitsu
London Fall International Open No-Gi 2015,Adult/Male/Blue/Light-Feather,3,DannyWorters,CheckMat
London Fall International Open No-Gi 2015,Adult/Male/Blue/Light-Feather,3,GuyPoxon,GracieBarra
London Fall International Open No-Gi 2015,Adult/Male/Blue/Feather,1,MarkJosephLindars,StealthBJJ
London Fall International Open No-Gi 2015,Adult/Male/Blue/Feather,2,MartinM.A.Izaguirre,ReinaldoRibeiroTeamJJ
London Fall International Open No-Gi 2015,Adult/Male/Blue/Feather,3,ChristopherNewman,CheckMat
London Fall International Open No-Gi 2015,Adult/Male/Blue/Feather,3,EyasHamza,CombatBaseUK
London Fall International Open No-Gi 2015,Adult/Male/Blue/Light,1,AlexanderZelenskiy,FrontlineAcademy
London Fall International Open No-Gi 2015,Adult/Male/Blue/Light,2,DouglasAtkinson,RogerGracie
London Fall International Open No-Gi 2015,Adult/Male/Blue/Light,3,BalazsFeher,Hilti
London Fall International Open No-Gi 2015,Adult/Male/Blue/Light,3,BenjaminNaylor,OxfordShootfighter
London Fall International Open No-Gi 2015,Adult/Male/Blue/Middle,1,HardeepRai,CarlsonGracieUK
London Fall International Open No-Gi 2015,Adult/Male/Blue/Middle,2,ThomasMagnitis,CarlsonGracieUK
London Fall International Open No-Gi 2015,Adult/Male/Blue/Middle,3,AntonyAwad,RogerGracie
London Fall International Open No-Gi 2015,Adult/Male/Blue/Middle,3,MateuszFlaga,CarlsonGracie
London Fall International Open No-Gi 2015,Adult/Male/Blue/Medium-Heavy,1,AnoshirvanParvazi,JeanJacquesMachadoBJJ
London Fall International Open No-Gi 2015,Adult/Male/Blue/Medium-Heavy,2,FelixHagby,DynamixFightingSports
London Fall International Open No-Gi 2015,Adult/Male/Blue/Medium-Heavy,3,ArtursPaulins,CheckMat
London Fall International Open No-Gi 2015,Adult/Male/Blue/Medium-Heavy,3,mohamedomar,CarlsonGracieUK
London Fall International Open No-Gi 2015,Adult/Male/Blue/Heavy,1,RedaHamzaoui,GFTeamFrance
London Fall International Open No-Gi 2015,Adult/Male/Blue/Heavy,2,IanFeatherstone,RibeiroJiu,Jitsu
London Fall International Open No-Gi 2015,Adult/Male/Blue/Heavy,3,MarcinJarocki,CheckMat
London Fall International Open No-Gi 2015,Adult/Male/Blue/Heavy,3,PatrickJalloh,CheckMat
London Fall International Open No-Gi 2015,Adult/Male/Blue/Super-Heavy,1,TomSpibey,GracieBarra
London Fall International Open No-Gi 2015,Adult/Male/Blue/Super-Heavy,2,DomenicoTricamo,TrinacriaBJJ
London Fall International Open No-Gi 2015,Adult/Male/Blue/Super-Heavy,3,CraigMitchell,GoldTeamFighters
London Fall International Open No-Gi 2015,Adult/Male/Blue/Super-Heavy,3,KristianOlsen,FrontlineAcademy
London Fall International Open No-Gi 2015,Adult/Male/Blue/Ultra-Heavy,1,OliverDillon,BMBNorwichBJJTeam
London Fall International Open No-Gi 2015,Adult/Male/Blue/Ultra-Heavy,2,MartinRose,CheckMat
London Fall International Open No-Gi 2015,Adult/Male/Blue/Ultra-Heavy,3,ArturKlecha,GracieBarra
London Fall International Open No-Gi 2015,Adult/Male/Blue/Ultra-Heavy,3,AthanasiosApostolidis,CarlsonGracieUK
London Fall International Open No-Gi 2015,Adult/Male/Blue/OpenClass,1,AnoshirvanParvazi,JeanJacquesMachadoBJJ
London Fall International Open No-Gi 2015,Adult/Male/Blue/OpenClass,2,RedaHamzaoui,GFTeamFrance
London Fall International Open No-Gi 2015,Adult/Male/Blue/OpenClass,3,MateuszFlaga,CarlsonGracie
London Fall International Open No-Gi 2015,Adult/Male/Blue/OpenClass,3,TomSpibey,GracieBarra
London Fall International Open No-Gi 2015,Adult/Female/Blue/Light-Feather,1,SoojinHong,RogerGracie
London Fall International Open No-Gi 2015,Adult/Female/Blue/Light-Feather,2,AinoTuominen,BrasaCTA
London Fall International Open No-Gi 2015,Adult/Female/Blue/Feather,1,NaiomiAnaiansiMatthewsMartín,Brasa
London Fall International Open No-Gi 2015,Adult/Female/Blue/Feather,2,ElinaMoestam,DynamixFightingSports
London Fall International Open No-Gi 2015,Adult/Female/Blue/Feather,3,EmmaLouiseChamberlain,CarlsonGracieUK
London Fall International Open No-Gi 2015,Adult/Female/Blue/Feather,3,FlaviaMasini,RogerGracie
London Fall International Open No-Gi 2015,Adult/Female/Blue/Light,1,JuliaJanetR.Lubbock,RibeiroJiu,Jitsu
London Fall International Open No-Gi 2015,Adult/Female/Blue/Light,2,SheriPatterson,Jiu,JitsuBrotherhood
London Fall International Open No-Gi 2015,Adult/Female/Blue/Medium-Heavy,1,AneN.Svendsen,RogerGracie
London Fall International Open No-Gi 2015,Adult/Female/Blue/Medium-Heavy,2,HannahWaddington,ElementsBJJ
London Fall International Open No-Gi 2015,Adult/Female/Blue/Medium-Heavy,3,JaneKotchkina,CarlsonGracieUK
London Fall International Open No-Gi 2015,Adult/Female/Blue/Medium-Heavy,3,NakitaRoss,CarlsonGracieUK
London Fall International Open No-Gi 2015,Adult/Female/Blue/OpenClass,1,AneN.Svendsen,RogerGracie
London Fall International Open No-Gi 2015,Adult/Female/Blue/OpenClass,2,NaiomiAnaiansiMatthewsMartín,Brasa
London Fall International Open No-Gi 2015,Adult/Female/Blue/OpenClass,3,EmmaLouiseChamberlain,CarlsonGracieUK
London Fall International Open No-Gi 2015,Adult/Female/Blue/OpenClass,3,NakitaRoss,CarlsonGracieUK
London Fall International Open No-Gi 2015,Adult/Male/Purple/Feather,1,MunkhbayarAltantugs,RogerGracie
London Fall International Open No-Gi 2015,Adult/Male/Purple/Feather,2,MarcusJohnPhelan,RibeiroJiu,Jitsu
London Fall International Open No-Gi 2015,Adult/Male/Purple/Feather,3,AdrianKrzesiakVelCzyzewski,GracieBarra
London Fall International Open No-Gi 2015,Adult/Male/Purple/Feather,3,EmilKadakevliev,FrotaTeam
London Fall International Open No-Gi 2015,Adult/Male/Purple/Light,1,JackCronin(repetido31788),RogerGracie
London Fall International Open No-Gi 2015,Adult/Male/Purple/Light,2,AlessandroBorgonovo,Milanimal
London Fall International Open No-Gi 2015,Adult/Male/Purple/Light,3,NicklasSöderberg,CheckMat
London Fall International Open No-Gi 2015,Adult/Male/Purple/Light,3,PatrickSheridan,RibeiroJiu,Jitsu
London Fall International Open No-Gi 2015,Adult/Male/Purple/Middle,1,TarikHopstock,FrontlineAcademy
London Fall International Open No-Gi 2015,Adult/Male/Purple/Middle,2,JakubZajkowski,GracieBarra
London Fall International Open No-Gi 2015,Adult/Male/Purple/Middle,3,AdrianSvarstad,FrontlineAcademy
London Fall International Open No-Gi 2015,Adult/Male/Purple/Middle,3,thomasbermingham,RibeiroJiu,Jitsu
London Fall International Open No-Gi 2015,Adult/Male/Purple/Medium-Heavy,1,TonyJonsson,CheckMat
London Fall International Open No-Gi 2015,Adult/Male/Purple/Medium-Heavy,2,MichaelOlsenHemmingby,FrontlineAcademy
London Fall International Open No-Gi 2015,Adult/Male/Purple/Medium-Heavy,3,DavidPhelan,RibeiroJiu,Jitsu
London Fall International Open No-Gi 2015,Adult/Male/Purple/Medium-Heavy,3,MihaPerhavec,AllianceInternational
London Fall International Open No-Gi 2015,Adult/Male/Purple/Heavy,1,JesseVuorio,BrasaCaioTerra
London Fall International Open No-Gi 2015,Adult/Male/Purple/Heavy,2,IlyesBarafane,GFTeam
London Fall International Open No-Gi 2015,Adult/Male/Purple/Heavy,3,ItamarMarani,CheckMat
London Fall International Open No-Gi 2015,Adult/Male/Purple/Heavy,3,JanVictorZander,BJJGlobetrotters
London Fall International Open No-Gi 2015,Adult/Male/Purple/Super-Heavy,1,MartinMinar,ClubedeJiu,jitsuPitbullEurope
London Fall International Open No-Gi 2015,Adult/Male/Purple/Ultra-Heavy,1,MartinBuday,AcademiaPitbull
London Fall International Open No-Gi 2015,Adult/Male/Purple/OpenClass,1,TarikHopstock,FrontlineAcademy
London Fall International Open No-Gi 2015,Adult/Male/Purple/OpenClass,2,IlyesBarafane,GFTeam
London Fall International Open No-Gi 2015,Adult/Male/Purple/OpenClass,3,AdrianSvarstad,FrontlineAcademy
London Fall International Open No-Gi 2015,Adult/Male/Purple/OpenClass,3,MunkhbayarAltantugs,RogerGracie
London Fall International Open No-Gi 2015,Adult/Female/Purple/Light,1,claradufau,GracieBarra
London Fall International Open No-Gi 2015,Adult/Female/Purple/Light,2,NinaNavid,RogerGracie
London Fall International Open No-Gi 2015,Adult/Female/Purple/Light,3,HannahKatharinaRauch,BJJGlobetrotters
London Fall International Open No-Gi 2015,Adult/Female/Purple/Light,3,KatherineVictoriaHill,CarlsonGracieUK
London Fall International Open No-Gi 2015,Adult/Female/Purple/OpenClass,1,KatherineVictoriaHill,CarlsonGracieUK
London Fall International Open No-Gi 2015,Adult/Female/Purple/OpenClass,2,HannahKatharinaRauch,BJJGlobetrotters
London Fall International Open No-Gi 2015,Adult/Male/Brown/Feather,1,EnriquedeJesusVillasenorSarvide,CheckMat
London Fall International Open No-Gi 2015,Adult/Male/Brown/Light,1,TommiTapioPulkkanen,HiltiBJJTurku
London Fall International Open No-Gi 2015,Adult/Male/Brown/Light,2,SeanMcdonagh,GracieBarra
London Fall International Open No-Gi 2015,Adult/Male/Brown/Light,3,LucaCaracciolo,TribeJiu,JitsuRoma
London Fall International Open No-Gi 2015,Adult/Male/Brown/Light,3,NélsondaAssunçãodeSousaTeixeira,IconJiu,JitsuTeam
London Fall International Open No-Gi 2015,Adult/Male/Brown/Middle,1,LeoGraf,DynamixFightingSports
London Fall International Open No-Gi 2015,Adult/Male/Brown/Middle,2,NicholasRobinson,NewSchoolBJJ
London Fall International Open No-Gi 2015,Adult/Male/Brown/Middle,3,DavidJamesHulland,GracieBarra
London Fall International Open No-Gi 2015,Adult/Male/Brown/Middle,3,EzraUziHangadi,Teampact
London Fall International Open No-Gi 2015,Adult/Male/Brown/Medium-Heavy,1,VikingWaiChunWong,GFTeamInternational
London Fall International Open No-Gi 2015,Adult/Male/Brown/Medium-Heavy,2,BradleyHill,GracieBarra
London Fall International Open No-Gi 2015,Adult/Male/Brown/Medium-Heavy,3,BenjaminMarkDyson,RoyDeanInternational
London Fall International Open No-Gi 2015,Adult/Male/Brown/Medium-Heavy,3,MichaelHawkins,RogerGracie
London Fall International Open No-Gi 2015,Adult/Male/Brown/Ultra-Heavy,1,DannyAndreFelizCapitao,IconJiu,JitsuTeam
London Fall International Open No-Gi 2015,Adult/Male/Brown/Ultra-Heavy,2,AdamWardzinski,CheckMat
London Fall International Open No-Gi 2015,Adult/Male/Brown/OpenClass,1,AdamWardzinski,CheckMat
London Fall International Open No-Gi 2015,Adult/Male/Brown/OpenClass,2,EnriquedeJesusVillasenorSarvide,CheckMat
London Fall International Open No-Gi 2015,Adult/Male/Brown/OpenClass,3,BradleyHill,GracieBarra
London Fall International Open No-Gi 2015,Adult/Female/Brown/Feather,1,EmiliaTuukkanen,RogerGracie
London Fall International Open No-Gi 2015,Adult/Male/Black/Light-Feather,1,BarucMartinBarrios,BMBNorwichBJJTeam
London Fall International Open No-Gi 2015,Adult/Male/Black/Feather,1,WankiChae,JohnFranklJiu,Jitsu
London Fall International Open No-Gi 2015,Adult/Male/Black/Feather,2,CarlosEduardodeAlmeidaGoncalves,BJJRevolutionTeam,International
London Fall International Open No-Gi 2015,Adult/Male/Black/Light,1,AntonioRobertoCrivelariJunior,CheckMat
London Fall International Open No-Gi 2015,Adult/Male/Black/Light,2,RalfGostaCarneborn,DynamixFightingSports
London Fall International Open No-Gi 2015,Adult/Male/Black/Light,3,IlkeKubilayBulut,IconJiu,JitsuTeam
London Fall International Open No-Gi 2015,Adult/Male/Black/Light,3,RossNicholls,RogerGracie
London Fall International Open No-Gi 2015,Adult/Male/Black/Middle,1,DarraghOConaill,RibeiroJiu,Jitsu
London Fall International Open No-Gi 2015,Adult/Male/Black/Middle,2,LucianoCristovamRodriguesJr.,RogerGracie
London Fall International Open No-Gi 2015,Adult/Male/Black/Middle,3,EsmerlannioMariasViannaNeto,AgnaldoGoes
London Fall International Open No-Gi 2015,Adult/Male/Black/Medium-Heavy,1,CharlesNegromonteSantos,GracieBarra
London Fall International Open No-Gi 2015,Adult/Male/Black/Medium-Heavy,2,SanteriLilius,RogerGracie
London Fall International Open No-Gi 2015,Adult/Male/Black/Heavy,1,CarlosRobsonGracieFilho,GracieEliteTeam
London Fall International Open No-Gi 2015,Adult/Male/Black/Heavy,2,FranciscoJavierMiguelCaraballo,WINGBJJ
London Fall International Open No-Gi 2015,Adult/Male/Black/Ultra-Heavy,1,AlanVitorOliveiraFerreira,DeLaRivaInternational
London Fall International Open No-Gi 2015,Adult/Male/Black/Ultra-Heavy,2,AntonioHenriquesJunior,RogerGracie
London Fall International Open No-Gi 2015,Adult/Male/Black/OpenClass,1,CharlesNegromonteSantos,GracieBarra
London Fall International Open No-Gi 2015,Adult/Male/Black/OpenClass,2,AlanVitorOliveiraFerreira,DeLaRivaInternational
London Fall International Open No-Gi 2015,Adult/Male/Black/OpenClass,3,BarucMartinBarrios,BMBNorwichBJJTeam
London Fall International Open No-Gi 2015,Master1/Male/Blue/Light,1,JasonGoddardBerry,CarlsonGracieUK
London Fall International Open No-Gi 2015,Master1/Male/Blue/Light,2,KolaOgunbanjo,CheckMat
London Fall International Open No-Gi 2015,Master1/Male/Blue/Light,3,LuisAmaral,CheckMat
London Fall International Open No-Gi 2015,Master1/Male/Blue/Middle,1,GeoffreyCarbonel,CheckMat
London Fall International Open No-Gi 2015,Master1/Male/Blue/Middle,2,IvanSilva,NovaUniãoInternational
London Fall International Open No-Gi 2015,Master1/Male/Blue/Middle,3,DanielLewis,CheckMat
London Fall International Open No-Gi 2015,Master1/Male/Blue/Middle,3,RomainBatillat,GracieBarra
London Fall International Open No-Gi 2015,Master1/Male/Blue/Medium-Heavy,1,JackEdwardBurrell,RogerGracie
London Fall International Open No-Gi 2015,Master1/Male/Blue/Medium-Heavy,2,MarcosGondekMacedo,CarlsonGracieUK
London Fall International Open No-Gi 2015,Master1/Male/Blue/Medium-Heavy,3,ADAMURBANSKI,IconJiu,JitsuTeam
London Fall International Open No-Gi 2015,Master1/Male/Blue/Medium-Heavy,3,LuisQuiterio,CheckMat
London Fall International Open No-Gi 2015,Master1/Male/Blue/Heavy,1,StuartPyne,CarlsonGracieUK
London Fall International Open No-Gi 2015,Master1/Male/Blue/Heavy,2,JamesBerry,CarlsonGracieUK
London Fall International Open No-Gi 2015,Master1/Male/Blue/Heavy,3,AndrewPhilipKilkennyGratton,GracieBarra
London Fall International Open No-Gi 2015,Master1/Male/Blue/Heavy,3,DorianHirsch,RogerGracie
London Fall International Open No-Gi 2015,Master1/Male/Blue/Super-Heavy,1,MihutAlexandruIonel,RogerGracie
London Fall International Open No-Gi 2015,Master1/Male/Blue/Ultra-Heavy,1,KonradVanselow,Germano'sTeamBJJ
London Fall International Open No-Gi 2015,Master1/Male/Blue/Ultra-Heavy,2,AndyWilkinson,RogerGracie
London Fall International Open No-Gi 2015,Master1/Male/Blue/Ultra-Heavy,3,JahiemSadozai,GracieBarra
London Fall International Open No-Gi 2015,Master1/Male/Blue/OpenClass,1,KonradVanselow,Germano'sTeamBJJ
London Fall International Open No-Gi 2015,Master1/Male/Blue/OpenClass,2,JackEdwardBurrell,RogerGracie
London Fall International Open No-Gi 2015,Master1/Male/Blue/OpenClass,3,LuisQuiterio,CheckMat
London Fall International Open No-Gi 2015,Master1/Male/Blue/OpenClass,3,MihutAlexandruIonel,RogerGracie
London Fall International Open No-Gi 2015,Master1/Male/Purple/Light,1,HarmanSinghBhamra,CheckMat
London Fall International Open No-Gi 2015,Master1/Male/Purple/Light,2,OferMazor,ParienteAcademy
London Fall International Open No-Gi 2015,Master1/Male/Purple/Middle,1,OmidAlimohammadi,CheckMat
London Fall International Open No-Gi 2015,Master1/Male/Purple/Middle,2,MurshidSalman,CarlsonGracieUK
London Fall International Open No-Gi 2015,Master1/Male/Purple/Medium-Heavy,1,RichardLong,CheckMat
London Fall International Open No-Gi 2015,Master1/Male/Purple/Heavy,1,LeeWhitehead,EnigmaGym
London Fall International Open No-Gi 2015,Master1/Male/Purple/Heavy,2,TerrenceYu,GracieBarra
London Fall International Open No-Gi 2015,Master1/Male/Purple/Super-Heavy,1,LeeroyBarnes,EnigmaGym
London Fall International Open No-Gi 2015,Master1/Male/Purple/Super-Heavy,2,DanielWilliamson,GoldTeamFighters
London Fall International Open No-Gi 2015,Master1/Male/Purple/OpenClass,1,OmidAlimohammadi,CheckMat
London Fall International Open No-Gi 2015,Master1/Male/Purple/OpenClass,2,LeeroyBarnes,EnigmaGym
London Fall International Open No-Gi 2015,Master1/Male/Purple/OpenClass,3,DanielWilliamson,GoldTeamFighters
London Fall International Open No-Gi 2015,Master1/Male/Purple/OpenClass,3,MurshidSalman,CarlsonGracieUK
London Fall International Open No-Gi 2015,Master1/Male/Brown/Light,1,RodrigoViscainoGorgolini,GracieBarra
London Fall International Open No-Gi 2015,Master1/Male/Brown/Light,2,AntanasJazbutis,CheckMat
London Fall International Open No-Gi 2015,Master1/Male/Brown/Light,3,AlexanderUmantsev,ParienteAcademy
London Fall International Open No-Gi 2015,Master1/Male/Brown/Middle,1,RogeriodeLima,RogerGracie
London Fall International Open No-Gi 2015,Master1/Male/Brown/Middle,2,BrunoSchroeder,RogerGracie
London Fall International Open No-Gi 2015,Master1/Male/Brown/Middle,3,LukeSpencer,GracieBarra
London Fall International Open No-Gi 2015,Master1/Male/Brown/Heavy,1,GarethMurphy,GracieBarra
London Fall International Open No-Gi 2015,Master1/Male/Brown/Heavy,2,WojciechZaradzki,Barracuda
London Fall International Open No-Gi 2015,Master1/Male/Brown/Heavy,3,JoseNorbertoMata,NewForceUK
London Fall International Open No-Gi 2015,Master1/Male/Brown/Heavy,3,MichaelJ.W.Fletcher,GracieBarra
London Fall International Open No-Gi 2015,Master1/Male/Brown/Super-Heavy,1,AntoniosPappas,ZentihBJJ,Greece
London Fall International Open No-Gi 2015,Master1/Male/Brown/OpenClass,1,MichaelJ.W.Fletcher,GracieBarra
London Fall International Open No-Gi 2015,Master1/Male/Brown/OpenClass,2,RodrigoViscainoGorgolini,GracieBarra
London Fall International Open No-Gi 2015,Master1/Male/Brown/OpenClass,3,AntanasJazbutis,CheckMat
London Fall International Open No-Gi 2015,Master1/Male/Brown/OpenClass,3,WojciechZaradzki,Barracuda
London Fall International Open No-Gi 2015,Master1/Male/Black/Light-Feather,1,MarcelSassodeOliveira,FratelliLeteri,BrazilianJiu,Jitsu
London Fall International Open No-Gi 2015,Master1/Male/Black/Middle,1,MarcoAurelioOliveiraCanha,CheckMat
London Fall International Open No-Gi 2015,Master1/Male/Black/Middle,2,GiordanoBrozzi,JiuJitsuFactor
London Fall International Open No-Gi 2015,Master1/Male/Black/Medium-Heavy,1,LucioSergiodosSantos,GracieBarra
London Fall International Open No-Gi 2015,Master1/Male/Black/Medium-Heavy,2,IuryMartinsCurpentino,RibeiroJiu,Jitsu
London Fall International Open No-Gi 2015,Master1/Male/Black/Medium-Heavy,3,TiagodeTaddeiE.BastosValente,CheckMat
London Fall International Open No-Gi 2015,Master1/Male/Black/Heavy,1,ChristopherJohnRegan,GracieBarra
London Fall International Open No-Gi 2015,Master1/Male/Black/Heavy,2,RobertLawrenceWestney,RogerGracie
London Fall International Open No-Gi 2015,Master1/Male/Black/Super-Heavy,1,GuilhermeCaetanoBrigagão,RibeiroJiu,Jitsu
London Fall International Open No-Gi 2015,Master1/Male/Black/Ultra-Heavy,1,FranciscoRamosMendesNeto,CheckMat
London Fall International Open No-Gi 2015,Master1/Male/Black/OpenClass,1,MarcoAurelioOliveiraCanha,CheckMat
London Fall International Open No-Gi 2015,Master1/Male/Black/OpenClass,2,FranciscoRamosMendesNeto,CheckMat
London Fall International Open No-Gi 2015,Master1/Male/Black/OpenClass,3,GuilhermeCaetanoBrigagão,RibeiroJiu,Jitsu
London Fall International Open No-Gi 2015,Master2/Male/Blue/Feather,1,LeighRemedios,CFSBJJ
London Fall International Open No-Gi 2015,Master2/Male/Blue/Feather,2,SueGuanChia,RogerGracie
London Fall International Open No-Gi 2015,Master2/Male/Blue/Feather,3,AlexFernandez,CarlsonGracieUK
London Fall International Open No-Gi 2015,Master2/Male/Blue/Feather,3,RobinMaynard,CarlsonGracieUK
London Fall International Open No-Gi 2015,Master2/Male/Blue/Light,1,LucianoAmarodeSousaMachadoOliveira,IconJiu,JitsuTeam
London Fall International Open No-Gi 2015,Master2/Male/Blue/Light,2,KevinCunningham,CheckMat
London Fall International Open No-Gi 2015,Master2/Male/Blue/Light,3,MarcThompson,CarlsonGracieUK
London Fall International Open No-Gi 2015,Master2/Male/Blue/Light,3,MatthewAnthonyJardine,RogerGracie
London Fall International Open No-Gi 2015,Master2/Male/Blue/Middle,1,AnatoliiUsachev,CheckMat
London Fall International Open No-Gi 2015,Master2/Male/Blue/Middle,2,CourjaultWilliams,CheckMat
London Fall International Open No-Gi 2015,Master2/Male/Blue/Middle,3,GunnarOlafsson,CarlsonGracieUK
London Fall International Open No-Gi 2015,Master2/Male/Blue/Middle,3,PokuAndrewForson,RogerGracie
London Fall International Open No-Gi 2015,Master2/Male/Blue/Medium-Heavy,1,NeillHughes,NovaUniãoInternational
London Fall International Open No-Gi 2015,Master2/Male/Blue/Medium-Heavy,2,GrahamKenny,SBGIreland
London Fall International Open No-Gi 2015,Master2/Male/Blue/Heavy,1,TjMcmenamin,GracieEliteTeam
London Fall International Open No-Gi 2015,Master2/Male/Blue/Heavy,2,EamonnWoodcock,GracieBarra
London Fall International Open No-Gi 2015,Master2/Male/Blue/Heavy,3,PaulFrancisAllitt,GracieBarra
London Fall International Open No-Gi 2015,Master2/Male/Blue/Super-Heavy,1,EZEQUIELGRANDESOUZA,RogerGracie
London Fall International Open No-Gi 2015,Master2/Male/Blue/Super-Heavy,2,AndyDoyle,MandalaJiu,JitsuSchool
London Fall International Open No-Gi 2015,Master2/Male/Blue/Super-Heavy,3,RalphBaptista,MandalaJiu,JitsuSchool
London Fall International Open No-Gi 2015,Master2/Male/Blue/OpenClass,1,AnatoliiUsachev,CheckMat
London Fall International Open No-Gi 2015,Master2/Male/Blue/OpenClass,2,LeighRemedios,CFSBJJ
London Fall International Open No-Gi 2015,Master2/Male/Blue/OpenClass,3,GunnarOlafsson,CarlsonGracieUK
London Fall International Open No-Gi 2015,Master2/Male/Blue/OpenClass,3,MarcThompson,CarlsonGracieUK
London Fall International Open No-Gi 2015,Master2/Male/Purple/Light,1,AnthonyMead,CheckMat
London Fall International Open No-Gi 2015,Master2/Male/Purple/Light,2,DanielePisu,RogerGracie
London Fall International Open No-Gi 2015,Master2/Male/Purple/Light,3,ElliottNurse,NewSchoolBJJ
London Fall International Open No-Gi 2015,Master2/Male/Purple/Light,3,RichardLoureiro,CarlsonGracieUK
London Fall International Open No-Gi 2015,Master2/Male/Purple/Middle,1,DeanSmullen,BrasaPoland
London Fall International Open No-Gi 2015,Master2/Male/Purple/Middle,2,AlistairJamesGillisTweed,CarlsonGracieUK
London Fall International Open No-Gi 2015,Master2/Male/Purple/Medium-Heavy,1,ChristopherRichardThompson,LucioSergioBJJLifestyle
London Fall International Open No-Gi 2015,Master2/Male/Purple/Medium-Heavy,2,KaiButzkies,Schiemann,CheckMat
London Fall International Open No-Gi 2015,Master2/Male/Purple/Medium-Heavy,3,BurtonLouie,MandalaJiu,JitsuSchool
London Fall International Open No-Gi 2015,Master2/Male/Purple/Heavy,1,TyroneDerick,NovaUniaoNYC
London Fall International Open No-Gi 2015,Master2/Male/Purple/Super-Heavy,1,MarceloRonyDahlke,CheckMat
London Fall International Open No-Gi 2015,Master2/Male/Purple/Super-Heavy,2,GiuseppeVolo,MatSideJiuJitsu
London Fall International Open No-Gi 2015,Master2/Male/Purple/Ultra-Heavy,1,NealMcMahon,LucioSergioBJJLifestyle
London Fall International Open No-Gi 2015,Master2/Male/Purple/OpenClass,1,MarceloRonyDahlke,CheckMat
London Fall International Open No-Gi 2015,Master2/Male/Purple/OpenClass,2,DeanSmullen,BrasaPoland
London Fall International Open No-Gi 2015,Master2/Male/Purple/OpenClass,3,NealMcMahon,LucioSergioBJJLifestyle
London Fall International Open No-Gi 2015,Master2/Male/Purple/OpenClass,3,TyroneDerick,NovaUniaoNYC
London Fall International Open No-Gi 2015,Master2/Male/Brown/Light,1,AhmedSuhailBinHuwaidenAlKetbi,UAEJiu,jitsuTeam
London Fall International Open No-Gi 2015,Master2/Male/Brown/Light,2,ChristopherJamesDoty,QatarBJJ
London Fall International Open No-Gi 2015,Master2/Male/Brown/Light,3,LudovicParreira,Acemat
London Fall International Open No-Gi 2015,Master2/Male/Brown/Middle,1,StefanPaulZoll,ArenaSaudiArabia
London Fall International Open No-Gi 2015,Master2/Male/Brown/Middle,2,RenatoGermano,Germano'sTeamBJJ
London Fall International Open No-Gi 2015,Master2/Male/Brown/Middle,3,RuneThorbek,ChokeAcademy
London Fall International Open No-Gi 2015,Master2/Male/Brown/Medium-Heavy,1,AbelRochaMarull(repetido39049),EmiratesJiuJitsuCenterBarcelona
London Fall International Open No-Gi 2015,Master2/Male/Brown/Medium-Heavy,2,PaulChristopherSevern,CheckMat
London Fall International Open No-Gi 2015,Master2/Male/Brown/Medium-Heavy,3,PatrickTalmon,GFTeamInternational
London Fall International Open No-Gi 2015,Master2/Male/Brown/Medium-Heavy,3,WillSmith,GracieBarra
London Fall International Open No-Gi 2015,Master2/Male/Brown/Ultra-Heavy,1,MatthewJohnHolland,GoldTeamFighters
London Fall International Open No-Gi 2015,Master2/Male/Brown/OpenClass,1,AhmedSuhailBinHuwaidenAlKetbi,UAEJiu,jitsuTeam
London Fall International Open No-Gi 2015,Master2/Male/Brown/OpenClass,2,PatrickTalmon,GFTeamInternational
London Fall International Open No-Gi 2015,Master2/Male/Brown/OpenClass,3,MatthewJohnHolland,GoldTeamFighters
London Fall International Open No-Gi 2015,Master2/Male/Brown/OpenClass,3,StefanPaulZoll,ArenaSaudiArabia
London Fall International Open No-Gi 2015,Master2/Male/Black/Middle,1,DavidRichardBroughton,CarlsonGracieUK
London Fall International Open No-Gi 2015,Master2/Male/Black/Medium-Heavy,1,JoseBeltranMartinez,WINGBJJ
London Fall International Open No-Gi 2015,Master2/Male/Black/Medium-Heavy,2,RaulGonzalezMartinez,RibeiroJiu,Jitsu
London Fall International Open No-Gi 2015,Master2/Male/Black/Medium-Heavy,3,NicolaiOsei,CheckMat
London Fall International Open No-Gi 2015,Master2/Male/Black/Medium-Heavy,3,PaulNicholasRice,EnigmaGym
London Fall International Open No-Gi 2015,Master2/Male/Black/Super-Heavy,1,EdwardGeorgeBrown,MandalaJiu,JitsuSchool
London Fall International Open No-Gi 2015,Master2/Male/Black/Ultra-Heavy,1,CarlosMedieroMartin,GracieBarra
London Fall International Open No-Gi 2015,Master2/Male/Black/OpenClass,1,JoseBeltranMartinez,WINGBJJ
London Fall International Open No-Gi 2015,Master2/Male/Black/OpenClass,2,DavidRichardBroughton,CarlsonGracieUK
London Fall International Open No-Gi 2015,Master2/Male/Black/OpenClass,3,EdwardGeorgeBrown,MandalaJiu,JitsuSchool
London Fall International Open No-Gi 2015,Master2/Male/Black/OpenClass,3,PaulNicholasRice,EnigmaGym
