Seoul International Open Jiu-Jitsu 2016,Juvenile/Male/White/Feather,1,AitmoldinTemirlan,AtosJiu,Jitsu
Seoul International Open Jiu-Jitsu 2016,Juvenile/Male/White/Light,1,JuhyeongKim,KJCompetitionTeam
Seoul International Open Jiu-Jitsu 2016,Juvenile/Male/White/Middle,1,DarkhanKurbanov,AtosJiu,Jitsu
Seoul International Open Jiu-Jitsu 2016,Juvenile/Male/White/Ultra-Heavy,1,PavelOstrikov,StrelaTeam
Seoul International Open Jiu-Jitsu 2016,Adult/Male/White/Rooster,1,JiWoongAn,KJCompetitionTeam
Seoul International Open Jiu-Jitsu 2016,Adult/Male/White/Rooster,2,SeougilKim,RootsBJJ
Seoul International Open Jiu-Jitsu 2016,Adult/Male/White/Rooster,3,JiwonKim,DeLaRivaKorea
Seoul International Open Jiu-Jitsu 2016,Adult/Male/White/Rooster,3,WeiHengPoh,EquilibriumMixedMartialArts
Seoul International Open Jiu-Jitsu 2016,Adult/Male/White/Light-Feather,1,IliaKarnaukhov,CarlsonGracieInternational
Seoul International Open Jiu-Jitsu 2016,Adult/Male/White/Light-Feather,2,SeongHyeonRyu,AtosJJInternational
Seoul International Open Jiu-Jitsu 2016,Adult/Male/White/Light-Feather,3,DongyupJo,AtosJiu,Jitsu
Seoul International Open Jiu-Jitsu 2016,Adult/Male/White/Light-Feather,3,ParkChanwook,BigMountBJJ
Seoul International Open Jiu-Jitsu 2016,Adult/Male/White/Feather,1,KevinX.Z.Cheng,EvolveMMA
Seoul International Open Jiu-Jitsu 2016,Adult/Male/White/Feather,2,DongMyeongKim,AtosJiu,Jitsu
Seoul International Open Jiu-Jitsu 2016,Adult/Male/White/Feather,3,ChristopherHernandez,ParaestraKorea
Seoul International Open Jiu-Jitsu 2016,Adult/Male/White/Feather,3,TaehoonLee,Jiu,JitsuLab
Seoul International Open Jiu-Jitsu 2016,Adult/Male/White/Light,1,MusongChoi,M.A.R.C.(MartialArtsRevolutionCenter)
Seoul International Open Jiu-Jitsu 2016,Adult/Male/White/Light,2,MyonghoLim,KJCompetitionTeam
Seoul International Open Jiu-Jitsu 2016,Adult/Male/White/Light,3,ArtemPotemin,StrelaTeam
Seoul International Open Jiu-Jitsu 2016,Adult/Male/White/Light,3,GunyoungChoi,JohnFranklJiu,Jitsu
Seoul International Open Jiu-Jitsu 2016,Adult/Male/White/Middle,1,HyundongShin,KJCompetitionTeam
Seoul International Open Jiu-Jitsu 2016,Adult/Male/White/Middle,2,JamesKim,JohnFranklJiu,Jitsu
Seoul International Open Jiu-Jitsu 2016,Adult/Male/White/Middle,3,SergeiZimaev,StrelaTeam
Seoul International Open Jiu-Jitsu 2016,Adult/Male/White/Middle,3,YooJunha,RootsBJJ
Seoul International Open Jiu-Jitsu 2016,Adult/Male/White/Medium-Heavy,1,MichaelBrown,NovaUnião
Seoul International Open Jiu-Jitsu 2016,Adult/Male/White/Medium-Heavy,2,YuhwanHyun,Nexusense
Seoul International Open Jiu-Jitsu 2016,Adult/Male/White/Medium-Heavy,3,Choong,sooLee,AtosJiu,Jitsu
Seoul International Open Jiu-Jitsu 2016,Adult/Male/White/Medium-Heavy,3,LeeJunYong,AtosJJInternational
Seoul International Open Jiu-Jitsu 2016,Adult/Male/White/Heavy,1,KimDongcheol,ParaestraShinagawa
Seoul International Open Jiu-Jitsu 2016,Adult/Male/White/Heavy,2,JeonghunKim,DeLaRivaKorea
Seoul International Open Jiu-Jitsu 2016,Adult/Male/White/Heavy,3,InChunPark,Shined
Seoul International Open Jiu-Jitsu 2016,Adult/Male/White/Heavy,3,JongwonPark,AtosJiu,Jitsu
Seoul International Open Jiu-Jitsu 2016,Adult/Male/White/Super-Heavy,1,JewooPark,AtosJiu,Jitsu
Seoul International Open Jiu-Jitsu 2016,Adult/Male/White/Super-Heavy,2,HaunsuLee,JiuJitsuWorld
Seoul International Open Jiu-Jitsu 2016,Adult/Male/White/Super-Heavy,3,EunsooChoi,KJCompetitionTeam
Seoul International Open Jiu-Jitsu 2016,Adult/Male/White/Super-Heavy,3,KangChanghuyp,AtosJiu,Jitsu
Seoul International Open Jiu-Jitsu 2016,Adult/Female/White/Rooster,1,AnggieaneNauli,AllianceJiu,JitsuIndonesia
Seoul International Open Jiu-Jitsu 2016,Adult/Female/White/Light-Feather,1,AnnaLee,JiuJitsuWorld
Seoul International Open Jiu-Jitsu 2016,Adult/Female/White/Light-Feather,2,KyungheeKwon,AtosJiu,Jitsu
Seoul International Open Jiu-Jitsu 2016,Adult/Female/White/Light-Feather,3,PusitrapornBach,BJJGlobetrotters
Seoul International Open Jiu-Jitsu 2016,Adult/Female/White/Light-Feather,3,SuyeonLee,JiuJitsuWorld
Seoul International Open Jiu-Jitsu 2016,Adult/Female/White/Feather,1,NamYehyun,M.A.R.C.(MartialArtsRevolutionCenter)
Seoul International Open Jiu-Jitsu 2016,Adult/Female/White/Feather,2,NamSuhyun,M.A.R.C.(MartialArtsRevolutionCenter)
Seoul International Open Jiu-Jitsu 2016,Adult/Female/White/Feather,3,HyeeunOh,CiceroCostaTeamLutaShinrimJiu,Jitsu
Seoul International Open Jiu-Jitsu 2016,Adult/Female/White/Feather,3,JinriPark,AtosJiu,Jitsu
Seoul International Open Jiu-Jitsu 2016,Adult/Female/White/Light,1,JoobieLee,JiuJitsuWorld
Seoul International Open Jiu-Jitsu 2016,Adult/Female/White/Light,2,JiyounMoon,JiuJitsuWorld
Seoul International Open Jiu-Jitsu 2016,Adult/Female/White/Light,3,ElaineHuang,TaiwanBJJ
Seoul International Open Jiu-Jitsu 2016,Adult/Female/White/Light,3,JaeheeHam,TaiwanBJJ
Seoul International Open Jiu-Jitsu 2016,Adult/Female/White/Middle,1,HyejinJeon,CiceroCostaTeamLutaShinrimJiu,Jitsu
Seoul International Open Jiu-Jitsu 2016,Adult/Female/White/Middle,2,YangWang,EverlastBarataSpiritTeam
Seoul International Open Jiu-Jitsu 2016,Adult/Female/White/Middle,3,IndigoRouth,GroundControl
Seoul International Open Jiu-Jitsu 2016,Adult/Female/White/Medium-Heavy,1,KarrissaGarza,RobertoTravenBJJ
Seoul International Open Jiu-Jitsu 2016,Adult/Male/Blue/Light-Feather,1,GeunjuLee,KoreaJiu,JitsuCompetitionTeam
Seoul International Open Jiu-Jitsu 2016,Adult/Male/Blue/Light-Feather,2,BradMatthewJohnston,AtosJiu,Jitsu
Seoul International Open Jiu-Jitsu 2016,Adult/Male/Blue/Light-Feather,3,ChanUkKim,M.A.R.C.(MartialArtsRevolutionCenter)
Seoul International Open Jiu-Jitsu 2016,Adult/Male/Blue/Light-Feather,3,ChanghyunLee,AtosJiu,Jitsu
Seoul International Open Jiu-Jitsu 2016,Adult/Male/Blue/Feather,1,ManJungSo,SanaiJiuJitsuAcademy
Seoul International Open Jiu-Jitsu 2016,Adult/Male/Blue/Feather,2,JooPyongPark,Tri,ForceU.C.T.
Seoul International Open Jiu-Jitsu 2016,Adult/Male/Blue/Feather,3,HwangDaBeen,DeLaRivaKorea
Seoul International Open Jiu-Jitsu 2016,Adult/Male/Blue/Feather,3,MinGuJung,JohnFranklJiu,Jitsu
Seoul International Open Jiu-Jitsu 2016,Adult/Male/Blue/Light,1,JiWoongChoi,SanaiJiuJitsuAcademy
Seoul International Open Jiu-Jitsu 2016,Adult/Male/Blue/Light,2,IlyaRybalkin,StrelaTeam
Seoul International Open Jiu-Jitsu 2016,Adult/Male/Blue/Light,3,KoJongHun,DeLaRivaKorea
Seoul International Open Jiu-Jitsu 2016,Adult/Male/Blue/Light,3,SeungkyuYoon,DeLaRivaKorea
Seoul International Open Jiu-Jitsu 2016,Adult/Male/Blue/Middle,1,OhjinKwon,JohnFranklJiu,Jitsu
Seoul International Open Jiu-Jitsu 2016,Adult/Male/Blue/Middle,2,YusufFalahchay,ParaestraKorea
Seoul International Open Jiu-Jitsu 2016,Adult/Male/Blue/Middle,3,JonghunPark,GalebBrothersBrazilianJiuJitsu
Seoul International Open Jiu-Jitsu 2016,Adult/Male/Blue/Middle,3,UkjinSung,Shined
Seoul International Open Jiu-Jitsu 2016,Adult/Male/Blue/Medium-Heavy,1,OhDyuWhan,KJCompetitionTeam
Seoul International Open Jiu-Jitsu 2016,Adult/Male/Blue/Medium-Heavy,2,JubieLee,JiuJitsuWorld
Seoul International Open Jiu-Jitsu 2016,Adult/Male/Blue/Medium-Heavy,3,ChoMa,JohnFranklJiu,Jitsu
Seoul International Open Jiu-Jitsu 2016,Adult/Male/Blue/Medium-Heavy,3,JamesRego,PurebredJiuJitsuGuam
Seoul International Open Jiu-Jitsu 2016,Adult/Male/Blue/Heavy,1,ManKim,Jiu,JitsuLab
Seoul International Open Jiu-Jitsu 2016,Adult/Male/Blue/Heavy,2,TaeheumJo(repitido),Jiu,JitsuLab
Seoul International Open Jiu-Jitsu 2016,Adult/Male/Blue/Heavy,3,HyunukJang,Alliance
Seoul International Open Jiu-Jitsu 2016,Adult/Male/Blue/Super-Heavy,1,ChanghunChoi,AtosJiu,Jitsu
Seoul International Open Jiu-Jitsu 2016,Adult/Male/Blue/Super-Heavy,2,SoonghunChun,JiuJitsuWorld
Seoul International Open Jiu-Jitsu 2016,Adult/Male/Blue/Super-Heavy,3,SangjungKim,Shined
Seoul International Open Jiu-Jitsu 2016,Adult/Male/Blue/Ultra-Heavy,1,YangkeunOh,AtosJiu,Jitsu
Seoul International Open Jiu-Jitsu 2016,Adult/Male/Blue/Ultra-Heavy,2,GeukmyeongTak,AtosJiu,Jitsu
Seoul International Open Jiu-Jitsu 2016,Adult/Male/Blue/Ultra-Heavy,3,KwanYeongJeong,JohnFranklJiu,Jitsu
Seoul International Open Jiu-Jitsu 2016,Adult/Male/Blue/Ultra-Heavy,3,UJungIm,Jiu,JitsuLab
Seoul International Open Jiu-Jitsu 2016,Adult/Male/Blue/OpenClass,1,BradMatthewJohnston,AtosJiu,Jitsu
Seoul International Open Jiu-Jitsu 2016,Adult/Male/Blue/OpenClass,2,KwanYeongJeong,JohnFranklJiu,Jitsu
Seoul International Open Jiu-Jitsu 2016,Adult/Male/Blue/OpenClass,3,JiWoongChoi,SanaiJiuJitsuAcademy
Seoul International Open Jiu-Jitsu 2016,Adult/Male/Blue/OpenClass,3,ManJungSo,SanaiJiuJitsuAcademy
Seoul International Open Jiu-Jitsu 2016,Adult/Female/Blue/Feather,1,JoyceIp,AtosJiu,Jitsu
Seoul International Open Jiu-Jitsu 2016,Adult/Female/Blue/Feather,2,JiHeeKang,DeLaRivaKorea
Seoul International Open Jiu-Jitsu 2016,Adult/Female/Blue/Light,1,Yoon,jeongLee,KJCompetitionTeam
Seoul International Open Jiu-Jitsu 2016,Adult/Female/Blue/Light,2,MinJeongYeo,SanaiJiuJitsuAcademy
Seoul International Open Jiu-Jitsu 2016,Adult/Female/Blue/Medium-Heavy,1,NatalieHallemans,AtosJiu,Jitsu
Seoul International Open Jiu-Jitsu 2016,Adult/Female/Blue/Medium-Heavy,2,EunjiKim,SchonBJJ
Seoul International Open Jiu-Jitsu 2016,Adult/Female/Blue/Heavy,1,JoeyZiLinNg,CheckMat
Seoul International Open Jiu-Jitsu 2016,Adult/Female/Blue/OpenClass,1,Yoon,jeongLee,KJCompetitionTeam
Seoul International Open Jiu-Jitsu 2016,Adult/Female/Blue/OpenClass,2,MinJeongYeo,SanaiJiuJitsuAcademy
Seoul International Open Jiu-Jitsu 2016,Adult/Female/Blue/OpenClass,3,NatalieHallemans,AtosJiu,Jitsu
Seoul International Open Jiu-Jitsu 2016,Adult/Male/Purple/Light-Feather,1,LarryJRuiz,UnityJiu,jitsu
Seoul International Open Jiu-Jitsu 2016,Adult/Male/Purple/Light-Feather,2,JuHyuckYim,JohnFranklJiu,Jitsu
Seoul International Open Jiu-Jitsu 2016,Adult/Male/Purple/Light-Feather,3,InSukSeo,AtosJiu,Jitsu
Seoul International Open Jiu-Jitsu 2016,Adult/Male/Purple/Light-Feather,3,LachlanOaklands,KJCompetitionTeam
Seoul International Open Jiu-Jitsu 2016,Adult/Male/Purple/Feather,1,YeonpungLee,AtosJiu,Jitsu
Seoul International Open Jiu-Jitsu 2016,Adult/Male/Purple/Feather,2,BryanAndresFernandez,AtosJiu,Jitsu
Seoul International Open Jiu-Jitsu 2016,Adult/Male/Purple/Feather,3,JongHoYoo,DeLaRivaKorea
Seoul International Open Jiu-Jitsu 2016,Adult/Male/Purple/Feather,3,SangWonKim,SanaiJiuJitsuAcademy
Seoul International Open Jiu-Jitsu 2016,Adult/Male/Purple/Light,1,DoyoungJeong,AtosJiu,Jitsu
Seoul International Open Jiu-Jitsu 2016,Adult/Male/Purple/Light,2,HermanDuenas,TeamRoyceGracie
Seoul International Open Jiu-Jitsu 2016,Adult/Male/Purple/Light,3,JeongwonRa,JohnFranklJiu,Jitsu
Seoul International Open Jiu-Jitsu 2016,Adult/Male/Purple/Light,3,ParkKyungmin,KJCompetitionTeam
Seoul International Open Jiu-Jitsu 2016,Adult/Male/Purple/Middle,1,BeomjunePark,AllianceInternational
Seoul International Open Jiu-Jitsu 2016,Adult/Male/Purple/Middle,2,HyeongiMin,RootsBJJ
Seoul International Open Jiu-Jitsu 2016,Adult/Male/Purple/Middle,3,HyeongWooLee,KJCompetitionTeam
Seoul International Open Jiu-Jitsu 2016,Adult/Male/Purple/Medium-Heavy,1,VadimLupenko,AtosJiu,Jitsu
Seoul International Open Jiu-Jitsu 2016,Adult/Male/Purple/Medium-Heavy,2,NathanTierney,RobertoTravenBJJ
Seoul International Open Jiu-Jitsu 2016,Adult/Male/Purple/Medium-Heavy,3,GeonhyoKim,JohnFranklJiu,Jitsu
Seoul International Open Jiu-Jitsu 2016,Adult/Male/Purple/Medium-Heavy,3,ShinwooLee,KJCompetitionTeam
Seoul International Open Jiu-Jitsu 2016,Adult/Male/Purple/Heavy,1,PaulFriedlander,RogerGracieVienna
Seoul International Open Jiu-Jitsu 2016,Adult/Male/Purple/Super-Heavy,1,GangJaeLee,Jiu,JitsuLab
Seoul International Open Jiu-Jitsu 2016,Adult/Male/Purple/Super-Heavy,2,MarkSmith,PurebredJiuJitsuGuam
Seoul International Open Jiu-Jitsu 2016,Adult/Male/Purple/Super-Heavy,3,MichaelPohina,AtosJiu,Jitsu
Seoul International Open Jiu-Jitsu 2016,Adult/Male/Purple/OpenClass,1,JuHyuckYim,JohnFranklJiu,Jitsu
Seoul International Open Jiu-Jitsu 2016,Adult/Male/Purple/OpenClass,2,PaulFriedlander,RogerGracieVienna
Seoul International Open Jiu-Jitsu 2016,Adult/Male/Purple/OpenClass,3,GeonhyoKim,JohnFranklJiu,Jitsu
Seoul International Open Jiu-Jitsu 2016,Adult/Male/Purple/OpenClass,3,JongHoYoo,DeLaRivaKorea
Seoul International Open Jiu-Jitsu 2016,Adult/Female/Purple/Feather,1,JaeheeLee,JohnFranklJiu,Jitsu
Seoul International Open Jiu-Jitsu 2016,Adult/Female/Purple/Light,1,HaekyungKwon,JohnFranklJiu,Jitsu
Seoul International Open Jiu-Jitsu 2016,Adult/Female/Purple/Heavy,1,AmeliaLui,AtosJiu,Jitsu
Seoul International Open Jiu-Jitsu 2016,Adult/Female/Purple/OpenClass,1,AmeliaLui,AtosJiu,Jitsu
Seoul International Open Jiu-Jitsu 2016,Adult/Female/Purple/OpenClass,2,HaekyungKwon,JohnFranklJiu,Jitsu
Seoul International Open Jiu-Jitsu 2016,Adult/Male/Brown/Feather,1,BareumLee,RootsBJJ
Seoul International Open Jiu-Jitsu 2016,Adult/Male/Brown/Light,1,YoungseungCho,JohnFranklJiu,Jitsu
Seoul International Open Jiu-Jitsu 2016,Adult/Male/Brown/Light,2,YuetKeiLi,HongKongJiu,Jitsu
Seoul International Open Jiu-Jitsu 2016,Adult/Male/Brown/Medium-Heavy,1,KyungWooHan,KJCompetitionTeam
Seoul International Open Jiu-Jitsu 2016,Adult/Male/Brown/Medium-Heavy,2,EdmundYongwooKim,AtosJiu,Jitsu
Seoul International Open Jiu-Jitsu 2016,Adult/Male/Brown/Medium-Heavy,3,LeeChangKoo,DeLaRivaKorea
Seoul International Open Jiu-Jitsu 2016,Adult/Male/Brown/Heavy,1,IlseopSong,JohnFranklJiu,Jitsu
Seoul International Open Jiu-Jitsu 2016,Adult/Male/Brown/Ultra-Heavy,1,MyengseHwang,AtosJiu,Jitsu
Seoul International Open Jiu-Jitsu 2016,Adult/Male/Brown/Ultra-Heavy,2,DaeWoongLee,JohnFranklJiu,Jitsu
Seoul International Open Jiu-Jitsu 2016,Adult/Male/Brown/OpenClass,1,EdmundYongwooKim,AtosJiu,Jitsu
Seoul International Open Jiu-Jitsu 2016,Adult/Male/Brown/OpenClass,2,DaeWoongLee,JohnFranklJiu,Jitsu
Seoul International Open Jiu-Jitsu 2016,Adult/Male/Brown/OpenClass,3,BareumLee,RootsBJJ
Seoul International Open Jiu-Jitsu 2016,Adult/Male/Brown/OpenClass,3,IlseopSong,JohnFranklJiu,Jitsu
Seoul International Open Jiu-Jitsu 2016,Adult/Male/Black/Light-Feather,1,HideyukiYamada,Tri,ForceJiu,JitsuAcademy
Seoul International Open Jiu-Jitsu 2016,Adult/Male/Black/Light-Feather,2,ShimonKagiyama,DeLaRivaInternational
Seoul International Open Jiu-Jitsu 2016,Adult/Male/Black/Feather,1,TakutoKako,GrapplingShootBoxers
Seoul International Open Jiu-Jitsu 2016,Adult/Male/Black/Feather,2,HiroakiOtsuka,PSBJJOgikubo
Seoul International Open Jiu-Jitsu 2016,Adult/Male/Black/Feather,3,KyeongminLee,PSLPBCiceroCostha
Seoul International Open Jiu-Jitsu 2016,Adult/Male/Black/Light,1,AkiraHosokawa,CarpeDiemHope
Seoul International Open Jiu-Jitsu 2016,Adult/Male/Black/Light,2,AlexsandrodosSantosMachado,CheckMat
Seoul International Open Jiu-Jitsu 2016,Adult/Male/Black/Light,3,TatsuyaKaneko,ParaestraTokyo
Seoul International Open Jiu-Jitsu 2016,Adult/Male/Black/Middle,1,RodrigoBeneditoCaporal,AtosJiu,Jitsu
Seoul International Open Jiu-Jitsu 2016,Adult/Male/Black/Middle,2,PaulAndrewSchon,AllianceLosAngeles
Seoul International Open Jiu-Jitsu 2016,Adult/Male/Black/Heavy,1,HowonJung,JohnFranklJiu,Jitsu
Seoul International Open Jiu-Jitsu 2016,Adult/Male/Black/Ultra-Heavy,1,HyunKabPark,JohnFranklJiu,Jitsu
Seoul International Open Jiu-Jitsu 2016,Adult/Male/Black/OpenClass,1,RodrigoBeneditoCaporal,AtosJiu,Jitsu
Seoul International Open Jiu-Jitsu 2016,Adult/Male/Black/OpenClass,2,AkiraHosokawa,CarpeDiemHope
Seoul International Open Jiu-Jitsu 2016,Adult/Male/Black/OpenClass,3,HideyukiYamada,Tri,ForceJiu,JitsuAcademy
Seoul International Open Jiu-Jitsu 2016,Adult/Male/Black/OpenClass,3,HowonJung,JohnFranklJiu,Jitsu
Seoul International Open Jiu-Jitsu 2016,Master1/Male/White/Feather,1,JunghwanKim,DeLaRivaKorea
Seoul International Open Jiu-Jitsu 2016,Master1/Male/White/Feather,2,LeeMoonJong,DeLaRivaKorea
Seoul International Open Jiu-Jitsu 2016,Master1/Male/White/Feather,3,BrianWilliams,BJJGlobetrottersUSA
Seoul International Open Jiu-Jitsu 2016,Master1/Male/White/Feather,3,HyunTaekJeon,AtosJiu,Jitsu
Seoul International Open Jiu-Jitsu 2016,Master1/Male/White/Light,1,LongZhang,AllianceInternational
Seoul International Open Jiu-Jitsu 2016,Master1/Male/White/Light,2,ParkHyunHee,M.A.R.C.(MartialArtsRevolutionCenter)
Seoul International Open Jiu-Jitsu 2016,Master1/Male/White/Light,3,HeeSooJeon,NinoSchembriTeam
Seoul International Open Jiu-Jitsu 2016,Master1/Male/White/Light,3,ManjinKim,NinoSchembriTeam
Seoul International Open Jiu-Jitsu 2016,Master1/Male/White/Middle,1,KiWookKim,KJCompetitionTeam
Seoul International Open Jiu-Jitsu 2016,Master1/Male/White/Middle,2,YongheeCho,AtosJJInternational
Seoul International Open Jiu-Jitsu 2016,Master1/Male/White/Middle,3,DaniloSinclair,RobertoTravenBJJ
Seoul International Open Jiu-Jitsu 2016,Master1/Male/White/Middle,3,LeeSangBin,AtosJJUSA
Seoul International Open Jiu-Jitsu 2016,Master1/Male/White/Medium-Heavy,1,MatthewStevie,AmericanTopTeamCoconutCreek
Seoul International Open Jiu-Jitsu 2016,Master1/Male/White/Medium-Heavy,2,WooDongMyoung,AtosJJInternational
Seoul International Open Jiu-Jitsu 2016,Master1/Male/White/Medium-Heavy,3,DonggukJeong,JohnFranklJiu,Jitsu
Seoul International Open Jiu-Jitsu 2016,Master1/Male/White/Medium-Heavy,3,HyuncheulCho,AtosJiu,Jitsu
Seoul International Open Jiu-Jitsu 2016,Master1/Male/White/Heavy,1,ChulheeYoun,AtosJiu,Jitsu
Seoul International Open Jiu-Jitsu 2016,Master1/Male/White/Heavy,2,SungChoi,AtosJiu,Jitsu
Seoul International Open Jiu-Jitsu 2016,Master1/Male/Blue/Light-Feather,1,DeokhanJeong,AtosJiu,Jitsu
Seoul International Open Jiu-Jitsu 2016,Master1/Male/Blue/Light-Feather,2,JosepRobejes,CheckMat
Seoul International Open Jiu-Jitsu 2016,Master1/Male/Blue/Feather,1,WonbaeKo,RatelBJJ
Seoul International Open Jiu-Jitsu 2016,Master1/Male/Blue/Feather,2,JongChanKim,KJCompetitionTeam
Seoul International Open Jiu-Jitsu 2016,Master1/Male/Blue/Light,1,ChoiYoungDong,Jiu,JitsuLab
Seoul International Open Jiu-Jitsu 2016,Master1/Male/Blue/Light,2,SunghyunHong,AtosJiu,Jitsu
Seoul International Open Jiu-Jitsu 2016,Master1/Male/Blue/Light,3,DaBo,AllianceInternational
Seoul International Open Jiu-Jitsu 2016,Master1/Male/Blue/Middle,1,ChangYeonCho,JohnFranklJiu,Jitsu
Seoul International Open Jiu-Jitsu 2016,Master1/Male/Blue/Middle,2,HyungminLee,Jiu,JitsuLab
Seoul International Open Jiu-Jitsu 2016,Master1/Male/Blue/Middle,3,JaeyoungJeong,AtosJiu,Jitsu
Seoul International Open Jiu-Jitsu 2016,Master1/Male/Blue/Middle,3,JohnSquire,RobertoTravenBJJ
Seoul International Open Jiu-Jitsu 2016,Master1/Male/Blue/Medium-Heavy,1,ZacharySantos,AtosJiu,Jitsu
Seoul International Open Jiu-Jitsu 2016,Master1/Male/Blue/Medium-Heavy,2,LawrenceRanches,BJJGlobetrottersUSA
Seoul International Open Jiu-Jitsu 2016,Master1/Male/Blue/Medium-Heavy,3,DaeKwangLee,JohnFranklJiu,Jitsu
Seoul International Open Jiu-Jitsu 2016,Master1/Male/Blue/Medium-Heavy,3,JaeHyungSong,M.A.R.C.(MartialArtsRevolutionCenter)
Seoul International Open Jiu-Jitsu 2016,Master1/Male/Blue/Heavy,1,SeungjoJung,JohnFranklJiu,Jitsu
Seoul International Open Jiu-Jitsu 2016,Master1/Male/Blue/Heavy,2,HeeKiHong,M.A.R.C.(MartialArtsRevolutionCenter)
Seoul International Open Jiu-Jitsu 2016,Master1/Male/Blue/Ultra-Heavy,1,JaeSeungSeo,AtosJiu,Jitsu
Seoul International Open Jiu-Jitsu 2016,Master1/Male/Blue/OpenClass,1,JaeSeungSeo,AtosJiu,Jitsu
Seoul International Open Jiu-Jitsu 2016,Master1/Male/Blue/OpenClass,2,JohnSquire,RobertoTravenBJJ
Seoul International Open Jiu-Jitsu 2016,Master1/Male/Blue/OpenClass,3,HeeKiHong,M.A.R.C.(MartialArtsRevolutionCenter)
Seoul International Open Jiu-Jitsu 2016,Master1/Female/Blue/Feather,1,NurhaslinaTahar,CheckMat
Seoul International Open Jiu-Jitsu 2016,Master1/Female/Blue/Feather,2,ChenYenHsu,TaiwanBJJ
Seoul International Open Jiu-Jitsu 2016,Master1/Female/Blue/Feather,3,EunkyungKim,JiuJitsuWorld
Seoul International Open Jiu-Jitsu 2016,Master1/Female/Blue/Heavy,1,AgnieszkaMarzenaSygula,JungleBJJ
Seoul International Open Jiu-Jitsu 2016,Master1/Female/Blue/OpenClass,1,AgnieszkaMarzenaSygula,JungleBJJ
Seoul International Open Jiu-Jitsu 2016,Master1/Female/Blue/OpenClass,2,NurhaslinaTahar,CheckMat
Seoul International Open Jiu-Jitsu 2016,Master1/Male/Purple/Light-Feather,1,SeungJinYoo,AtosJiu,Jitsu
Seoul International Open Jiu-Jitsu 2016,Master1/Male/Purple/Light-Feather,2,ChaeHyunLim,AtosJiu,Jitsu
Seoul International Open Jiu-Jitsu 2016,Master1/Male/Purple/Light-Feather,3,ChoiHyoKyoung,DeLaRivaKorea
Seoul International Open Jiu-Jitsu 2016,Master1/Male/Purple/Feather,1,YongwooKim,RootsBJJ
Seoul International Open Jiu-Jitsu 2016,Master1/Male/Purple/Feather,2,YusukeTabata,ParaestraChiba
Seoul International Open Jiu-Jitsu 2016,Master1/Male/Purple/Feather,3,JihunJeong,AtosJiu,Jitsu
Seoul International Open Jiu-Jitsu 2016,Master1/Male/Purple/Feather,3,LeonardoNavarroVelazquez,SchonBJJ
Seoul International Open Jiu-Jitsu 2016,Master1/Male/Purple/Light,1,JanVincentHao,RibeiroJiu,Jitsu
Seoul International Open Jiu-Jitsu 2016,Master1/Male/Purple/Middle,1,SoonMyeongYoon,ParaestraKorea
Seoul International Open Jiu-Jitsu 2016,Master1/Male/Purple/Middle,2,CésarRodríguezHuerta,SchonBJJ
Seoul International Open Jiu-Jitsu 2016,Master1/Male/Purple/Middle,3,SalvadorFerraro,AllianceBJJHawaii
Seoul International Open Jiu-Jitsu 2016,Master1/Male/Purple/Medium-Heavy,1,WanSeokKim,SanaiJiuJitsuAcademy
Seoul International Open Jiu-Jitsu 2016,Master1/Male/Purple/Medium-Heavy,2,BaekHoYang,AtosJiu,Jitsu
Seoul International Open Jiu-Jitsu 2016,Master1/Male/Purple/Heavy,1,JaeHyungLee,AtosJiu,Jitsu
Seoul International Open Jiu-Jitsu 2016,Master1/Male/Purple/OpenClass,1,CésarRodríguezHuerta,SchonBJJ
Seoul International Open Jiu-Jitsu 2016,Master1/Male/Purple/OpenClass,2,YusukeTabata,ParaestraChiba
Seoul International Open Jiu-Jitsu 2016,Master1/Male/Purple/OpenClass,3,JanVincentHao,RibeiroJiu,Jitsu
Seoul International Open Jiu-Jitsu 2016,Master1/Male/Purple/OpenClass,3,WanSeokKim,SanaiJiuJitsuAcademy
Seoul International Open Jiu-Jitsu 2016,Master1/Male/Brown/Middle,1,KimSangHo,DeLaRivaKorea
Seoul International Open Jiu-Jitsu 2016,Master1/Male/Brown/Middle,2,DenisGurinenko,GracieBarra
Seoul International Open Jiu-Jitsu 2016,Master1/Male/Brown/Middle,3,HyunjungKim,DeLaRivaKorea
Seoul International Open Jiu-Jitsu 2016,Master1/Male/Brown/Medium-Heavy,1,FabianSanchezT.M.,SchonBJJ
Seoul International Open Jiu-Jitsu 2016,Master1/Male/Brown/Ultra-Heavy,1,JasonJooHyungRhee,JiuJitsuWorld
Seoul International Open Jiu-Jitsu 2016,Master1/Male/Brown/OpenClass,1,JasonJooHyungRhee,JiuJitsuWorld
Seoul International Open Jiu-Jitsu 2016,Master1/Male/Brown/OpenClass,2,FabianSanchezT.M.,SchonBJJ
Seoul International Open Jiu-Jitsu 2016,Master1/Male/Brown/OpenClass,3,DenisGurinenko,GracieBarra
Seoul International Open Jiu-Jitsu 2016,Master1/Male/Black/Middle,1,DanSchon,SchonBJJ
Seoul International Open Jiu-Jitsu 2016,Master1/Male/Black/Medium-Heavy,1,JairVicentedeMoraesNeto,AllianceRJ
Seoul International Open Jiu-Jitsu 2016,Master1/Male/Black/OpenClass,1,JairVicentedeMoraesNeto,AllianceRJ
Seoul International Open Jiu-Jitsu 2016,Master1/Male/Black/OpenClass,2,DanSchon,SchonBJJ
Seoul International Open Jiu-Jitsu 2016,Master2/Male/White/Feather,1,DongKyunKim,SchonBJJ
Seoul International Open Jiu-Jitsu 2016,Master2/Male/White/Feather,2,SzeKitPeterChiang,HongKongJiu,Jitsu
Seoul International Open Jiu-Jitsu 2016,Master2/Male/White/Feather,3,DonghanKim,KJCompetitionTeam
Seoul International Open Jiu-Jitsu 2016,Master2/Male/White/Feather,3,KangtaiJung,CarpeDiemHope
Seoul International Open Jiu-Jitsu 2016,Master2/Male/White/Light,1,YEONGJUNBYEONG,JiuJitsuWorld
Seoul International Open Jiu-Jitsu 2016,Master2/Male/White/Light,2,YesubKim,AtosJiu,Jitsu
Seoul International Open Jiu-Jitsu 2016,Master2/Male/White/Medium-Heavy,1,DohoKo,JiuJitsuWorld
Seoul International Open Jiu-Jitsu 2016,Master2/Male/White/Heavy,1,ErasmoGutierrez,RobertoTravenBJJ
Seoul International Open Jiu-Jitsu 2016,Master2/Male/White/Heavy,2,HyunWooLim,AtosJiu,Jitsu
Seoul International Open Jiu-Jitsu 2016,Master2/Male/White/Heavy,3,JenoAguon,Spike22
Seoul International Open Jiu-Jitsu 2016,Master2/Male/Blue/Light-Feather,1,JinkiKim,AtosJiu,Jitsu
Seoul International Open Jiu-Jitsu 2016,Master2/Male/Blue/Feather,1,WilfredoSalinas,FirstBJJCarlsonGracieTeam
Seoul International Open Jiu-Jitsu 2016,Master2/Male/Blue/Feather,2,YoungkyuKim,DeLaRivaKorea
Seoul International Open Jiu-Jitsu 2016,Master2/Male/Blue/Feather,3,Chang,hunLee,KJCompetitionTeam
Seoul International Open Jiu-Jitsu 2016,Master2/Male/Blue/Light,1,JuhanLee,Jiu,JitsuLab
Seoul International Open Jiu-Jitsu 2016,Master2/Male/Blue/Light,2,DavidHan,NovaUnião
Seoul International Open Jiu-Jitsu 2016,Master2/Male/Blue/Light,3,JamesW.Bandril,FortitudeJiu,Jitsu
Seoul International Open Jiu-Jitsu 2016,Master2/Male/Blue/Middle,1,SanghyunLee,AtosJiu,Jitsu
Seoul International Open Jiu-Jitsu 2016,Master2/Male/Blue/Medium-Heavy,1,AndreiTukhvatulin,PhuketTopTeam,MMATrainingCampThailand
Seoul International Open Jiu-Jitsu 2016,Master2/Male/Blue/Medium-Heavy,2,IvanBerezovskii,PhuketTopTeam,MMATrainingCampThailand
Seoul International Open Jiu-Jitsu 2016,Master2/Male/Blue/Medium-Heavy,3,HsienKaiLin,TaiwanBJJ
Seoul International Open Jiu-Jitsu 2016,Master2/Male/Blue/Medium-Heavy,3,KimYoungWoo,RatelBJJ
Seoul International Open Jiu-Jitsu 2016,Master2/Male/Blue/Heavy,1,RomanBudkovskii,GracieBarra
Seoul International Open Jiu-Jitsu 2016,Master2/Male/Blue/Super-Heavy,1,ThomasMatzke,RobertoTravenBJJ
Seoul International Open Jiu-Jitsu 2016,Master2/Male/Blue/OpenClass,1,AndreiTukhvatulin,PhuketTopTeam,MMATrainingCampThailand
Seoul International Open Jiu-Jitsu 2016,Master2/Male/Blue/OpenClass,2,WilfredoSalinas,FirstBJJCarlsonGracieTeam
Seoul International Open Jiu-Jitsu 2016,Master2/Male/Blue/OpenClass,3,JinkiKim,AtosJiu,Jitsu
Seoul International Open Jiu-Jitsu 2016,Master2/Male/Blue/OpenClass,3,SanghyunLee,AtosJiu,Jitsu
Seoul International Open Jiu-Jitsu 2016,Master2/Male/Purple/Light-Feather,1,CharlesC.Brissette,AtosJiu,Jitsu
Seoul International Open Jiu-Jitsu 2016,Master2/Male/Purple/Feather,1,KimKyunghwan,PSBJJOgikubo
Seoul International Open Jiu-Jitsu 2016,Master2/Male/Purple/Feather,2,JinanYoo,AtosJiu,Jitsu
Seoul International Open Jiu-Jitsu 2016,Master2/Male/Purple/Feather,3,JohnHonJok,AtosJiu,Jitsu
Seoul International Open Jiu-Jitsu 2016,Master2/Male/Purple/Light,1,LeeNamhee,AtosJiu,Jitsu
Seoul International Open Jiu-Jitsu 2016,Master2/Male/Purple/Middle,1,DongHyukYeom,AtosJiu,Jitsu
Seoul International Open Jiu-Jitsu 2016,Master2/Male/Purple/Middle,2,RandolphBazile,AxisJiu,Jitsu
Seoul International Open Jiu-Jitsu 2016,Master2/Male/Purple/Middle,3,JamesWishart,JiuJitsuWorld
Seoul International Open Jiu-Jitsu 2016,Master2/Male/Purple/OpenClass,1,LeeNamhee,AtosJiu,Jitsu
Seoul International Open Jiu-Jitsu 2016,Master2/Male/Purple/OpenClass,2,RandolphBazile,AxisJiu,Jitsu
Seoul International Open Jiu-Jitsu 2016,Master2/Male/Purple/OpenClass,3,JohnHonJok,AtosJiu,Jitsu
Seoul International Open Jiu-Jitsu 2016,Master2/Male/Black/Heavy,1,OscarFelipePereiraNeves,PTCBJJGermany
Seoul International Open Jiu-Jitsu 2016,Master2/Male/Black/Ultra-Heavy,1,FernandoNascimentoAraujo,JungleBJJ
Seoul International Open Jiu-Jitsu 2016,Master2/Male/Black/OpenClass,1,FernandoNascimentoAraujo,JungleBJJ
Seoul International Open Jiu-Jitsu 2016,Master2/Male/Black/OpenClass,2,OscarFelipePereiraNeves,PTCBJJGermany
Seoul International Open Jiu-Jitsu 2016,Master3/Male/Blue/Feather,1,YoungmunJung,AtosJiu,Jitsu
Seoul International Open Jiu-Jitsu 2016,Master3/Male/Blue/Feather,2,TaeSukKim,AllianceInternational
Seoul International Open Jiu-Jitsu 2016,Master3/Male/Blue/Feather,3,ToshiroWakimaru,CarpeDiem
Seoul International Open Jiu-Jitsu 2016,Master3/Male/Blue/OpenClass,1,YoungmunJung,AtosJiu,Jitsu
Seoul International Open Jiu-Jitsu 2016,Master3/Male/Purple/Light,1,JungHoonKim,AtosJiu,Jitsu
Seoul International Open Jiu-Jitsu 2016,Master3/Male/Purple/Ultra-Heavy,1,MichaelGibson,AmericanTopTeamCoconutCreek
Seoul International Open Jiu-Jitsu 2016,Master3/Male/Purple/OpenClass,1,MichaelGibson,AmericanTopTeamCoconutCreek
Seoul International Open Jiu-Jitsu 2016,Master4/Male/Blue/Super-Heavy,1,YeonghoKim,SanaiJiuJitsuAcademy
Seoul International Open Jiu-Jitsu 2016,Master4/Male/Blue/OpenClass,1,YeonghoKim,SanaiJiuJitsuAcademy
Seoul International Open Jiu-Jitsu 2016,Master4/Male/Purple/Medium-Heavy,1,FredDeangelo,GrapplingUnlimited
Seoul International Open Jiu-Jitsu 2016,Master4/Male/Brown/Light,1,Hyo,SunngJung,AtosJiu,Jitsu
Seoul International Open Jiu-Jitsu 2016,Master4/Male/Brown/OpenClass,1,Hyo,SunngJung,AtosJiu,Jitsu
