Floripa International Open Championship 2013,Juvenile/Male/White/Feather,1,LuccasdeCarvalhoArruda,CheckMat
Floripa International Open Championship 2013,Juvenile/Male/White/Light,1,ArturVentura,A.STeam
Floripa International Open Championship 2013,Juvenile/Male/White/Light,2,FelipeVillelaSchmitz,RilionGracieFlorianópolis,SC
Floripa International Open Championship 2013,Juvenile/Male/White/Light,3,AndréGuilhermeLipienskiPereiradosSantos,Alliance
Floripa International Open Championship 2013,Juvenile/Male/White/Middle,1,LucasAlbuquerqueFreitasNoronha,GracieBarra
Floripa International Open Championship 2013,Juvenile/Male/White/Middle,2,FabioArthurPadilhaCampelo,A.STeam
Floripa International Open Championship 2013,Juvenile/Male/White/Medium-Heavy,1,LorranMance,CheckMat
Floripa International Open Championship 2013,Juvenile/Male/White/Heavy,1,JoséVitorDuartePereira,GracieBarra
Floripa International Open Championship 2013,Juvenile/Male/White/Heavy,2,LeonardoMozzaquatroEcker,CheckMat
Floripa International Open Championship 2013,Juvenile/Male/White/Heavy,3,VitorMachadodeSousa,Alliance
Floripa International Open Championship 2013,Juvenile/Male/White/Super-Heavy,1,VictorAugustoRibeiroDario,GracieBarra
Floripa International Open Championship 2013,Juvenile/Male/Blue/Rooster,1,NelsonRobertoWeirchJunior,SulJJCaxiasdoSul
Floripa International Open Championship 2013,Juvenile/Male/Blue/Rooster,2,YuriSilveiradoNascimento,A.STeam
Floripa International Open Championship 2013,Juvenile/Male/Blue/Rooster,3,HerbertRickisonOliveiraCaldas,GileRibeiroJJ
Floripa International Open Championship 2013,Juvenile/Male/Blue/Feather,1,ItaloMouradeAzevedo,PSLPBCiceroCostha
Floripa International Open Championship 2013,Juvenile/Male/Blue/Feather,2,EduardoPereiraGranja,CheckMat
Floripa International Open Championship 2013,Juvenile/Male/Blue/Light,1,CaioCaetanoSoares,PSLPBCiceroCostha
Floripa International Open Championship 2013,Juvenile/Male/Blue/Light,2,CristianPolnovAiresdaCosta,SulJJCaxiasdoSul
Floripa International Open Championship 2013,Juvenile/Male/Blue/Light,3,MayconEiderdaCunhaFilho,CoelhoJiu,Jitsu
Floripa International Open Championship 2013,Juvenile/Male/Blue/Light,3,RenanWillianRevers,AcademiaCMSystem
Floripa International Open Championship 2013,Juvenile/Male/Blue/Middle,1,AlexandreFariaMolinaro,GracieHumaita
Floripa International Open Championship 2013,Juvenile/Male/Blue/Middle,2,ThorFerreiradaCruz,RilionGracieFlorianópolis,SC
Floripa International Open Championship 2013,Juvenile/Male/Blue/Medium-Heavy,1,FelipeGeanMartins,GracieBarra
Floripa International Open Championship 2013,Juvenile/Male/Blue/Heavy,1,GustavoEspindolaBatista,A.STeam
Floripa International Open Championship 2013,Juvenile/Male/Blue/Ultra-Heavy,1,LuísAlbertodoValle,GileRibeiroJJ
Floripa International Open Championship 2013,Juvenile/Male/Blue/OpenClass,1,GustavoEspindolaBatista,A.STeam
Floripa International Open Championship 2013,Juvenile/Male/Blue/OpenClass,2,ThorFerreiradaCruz,RilionGracieFlorianópolis,SC
Floripa International Open Championship 2013,Juvenile/Male/Blue/OpenClass,3,FelipeGeanMartins,GracieBarra
Floripa International Open Championship 2013,Juvenile/Male/Blue/OpenClass,3,LuísAlbertodoValle,GileRibeiroJJ
Floripa International Open Championship 2013,Juvenile/Female/Blue/Feather,1,MayraGabrielleNegreirosAbrahão,TeamNogueira
Floripa International Open Championship 2013,Juvenile/Female/Blue/Middle,1,MayssaCaldasPereiraBastos,GFTeam
Floripa International Open Championship 2013,Juvenile/Female/Blue/OpenClass,1,MayssaCaldasPereiraBastos,GFTeam
Floripa International Open Championship 2013,Adult/Male/White/Rooster,1,TiagoLuizdaRosa,GracieBarra
Floripa International Open Championship 2013,Adult/Male/White/Light-Feather,1,BrenoFernandoLamanadePaiva,NúcleoJJ
Floripa International Open Championship 2013,Adult/Male/White/Light-Feather,2,AdrianoSidneydosReis,GracieBarra
Floripa International Open Championship 2013,Adult/Male/White/Light-Feather,3,GuilhermeCleovandaRosa,ScorpyonJiu,Jitsu
Floripa International Open Championship 2013,Adult/Male/White/Feather,1,VictorGeovanNogueiraAntonio,NovaUnião
Floripa International Open Championship 2013,Adult/Male/White/Feather,2,RafaelDuartedeCarlo,NovaUnião
Floripa International Open Championship 2013,Adult/Male/White/Feather,3,JonathanLimadeSouzaFilho,GFTeam
Floripa International Open Championship 2013,Adult/Male/White/Feather,3,RafaelZen,EquipeZero
Floripa International Open Championship 2013,Adult/Male/White/Light,1,LeandrodosSantos,CheckMat
Floripa International Open Championship 2013,Adult/Male/White/Light,2,LucasBorghetiMarcon,GiovanniReisTeam
Floripa International Open Championship 2013,Adult/Male/White/Light,3,LeandroAugustoSnaider,GracieGym
Floripa International Open Championship 2013,Adult/Male/White/Middle,1,VitorCanteledeSouza,MichelMaiaJiu,Jitsu
Floripa International Open Championship 2013,Adult/Male/White/Middle,2,JohnJonathandaSilva,TeamNogueiraJoinville
Floripa International Open Championship 2013,Adult/Male/White/Middle,3,DanielTorresVilarino,Alliance
Floripa International Open Championship 2013,Adult/Male/White/Middle,3,OrenBenjaminVarkony,GracieBarra
Floripa International Open Championship 2013,Adult/Male/White/Medium-Heavy,1,JoãoAugustoMedeiros,RilionGracie
Floripa International Open Championship 2013,Adult/Male/White/Medium-Heavy,2,GiovaneWesterlon,Alliance
Floripa International Open Championship 2013,Adult/Male/White/Medium-Heavy,3,CharlesRodrigoLeoni,TeamNogueiraJoinville
Floripa International Open Championship 2013,Adult/Male/White/Medium-Heavy,3,ReginaldoPradodeMoraes,AtaqueDuplo
Floripa International Open Championship 2013,Adult/Male/White/Heavy,1,ThomasWilhelms,EquipeBehring
Floripa International Open Championship 2013,Adult/Male/White/Heavy,2,BrunoBuenoBernardo,EversonAvilaJiu,Jitsu
Floripa International Open Championship 2013,Adult/Male/White/Heavy,3,BrunodePáduaCavalcante,RilionGracieFlorianópolis,SC
Floripa International Open Championship 2013,Adult/Male/White/Heavy,3,TiagoCunhaGonçalves,AcademiaCMSystem
Floripa International Open Championship 2013,Adult/Male/White/Super-Heavy,1,DiegoCosta,A.STeam
Floripa International Open Championship 2013,Adult/Male/White/Super-Heavy,2,SedineidoCarmo,EquipeEdinhoSilva
Floripa International Open Championship 2013,Adult/Male/White/Super-Heavy,3,CarlosEduardoScholz,TeamNogueiraJoinville
Floripa International Open Championship 2013,Adult/Male/White/Ultra-Heavy,1,TiagodosSantosFernandez,MichelMaiaJiu,Jitsu
Floripa International Open Championship 2013,Adult/Male/White/Ultra-Heavy,2,MauricioMartinsdaCostaJunior,MichelMaiaJiu,Jitsu
Floripa International Open Championship 2013,Adult/Male/White/Ultra-Heavy,3,GuilhermeVieira,RilionGracieFlorianópolis,SC
Floripa International Open Championship 2013,Adult/Male/White/Ultra-Heavy,3,ViniciusSimõesBravo,KullgamCompetition
Floripa International Open Championship 2013,Adult/Female/White/Light-Feather,1,SimoneAparecidadeLimaCicerelli,PSPhoenixBJJ
Floripa International Open Championship 2013,Adult/Female/White/Light-Feather,2,EvilyndeMachadoBraga,ScorpyonJiu,Jitsu
Floripa International Open Championship 2013,Adult/Female/White/Feather,1,KamilaSilvadaRosa,MichelMaiaJiu,Jitsu
Floripa International Open Championship 2013,Adult/Female/White/Feather,2,AlessandraLeitedosSantos,GracieBarra
Floripa International Open Championship 2013,Adult/Female/White/Feather,3,CarolinadeFreitasBonfada,ScorpyonJiu,Jitsu
Floripa International Open Championship 2013,Adult/Female/White/Feather,3,ThayaniCristiniMarquesMarco,ASMBJJ
Floripa International Open Championship 2013,Adult/Female/White/Middle,1,TatianeKoerichMesquita,RilionGracie
Floripa International Open Championship 2013,Adult/Female/White/Middle,2,DavianeFuchinaTressi,RocianGracieJuniordeJiu,Jitsu
Floripa International Open Championship 2013,Adult/Female/White/Medium-Heavy,1,DeniseCamargoPinheiro,GracieBarra
Floripa International Open Championship 2013,Adult/Female/White/Heavy,1,EvelineAndréiaColaçoMaguerroski,Alliance
Floripa International Open Championship 2013,Adult/Male/Blue/Rooster,1,ClaudimarPinheiro,MXTAcademyBJJ
Floripa International Open Championship 2013,Adult/Male/Blue/Light-Feather,1,MarcosOlintoRochaCavalcante,PSLPBCiceroCostha
Floripa International Open Championship 2013,Adult/Male/Blue/Light-Feather,2,ThiagoKosudi,NovaUnião
Floripa International Open Championship 2013,Adult/Male/Blue/Light-Feather,3,AlfredKrausNunesdaSilva,A.STeam
Floripa International Open Championship 2013,Adult/Male/Blue/Light-Feather,3,ClaudemirLuzTrizotti,A.STeam
Floripa International Open Championship 2013,Adult/Male/Blue/Feather,1,DouglasFranciscoAlburquerqueDuarte,ScorpyonJiu,Jitsu
Floripa International Open Championship 2013,Adult/Male/Blue/Feather,2,RafaelDiegoRibeiroLopes,CarlsonGracieClube
Floripa International Open Championship 2013,Adult/Male/Blue/Feather,3,GuilhermeLuizNogueiraRiccetto(REPETIDO100238),CheckMat
Floripa International Open Championship 2013,Adult/Male/Blue/Feather,3,RafaelOliveiraMaiochi,GracieBarra
Floripa International Open Championship 2013,Adult/Male/Blue/Light,1,DanielPaiseLimadaSilva,RilionGracie
Floripa International Open Championship 2013,Adult/Male/Blue/Light,2,YanGarciaSilveira,RilionGracie
Floripa International Open Championship 2013,Adult/Male/Blue/Light,3,AndredeMacedoBernert,A.STeam
Floripa International Open Championship 2013,Adult/Male/Blue/Light,3,BrunoBaracatLanna,G13Jiu,JitsuClub
Floripa International Open Championship 2013,Adult/Male/Blue/Middle,1,JaimeCarlosTramontiniGomesJr.,A.STeam
Floripa International Open Championship 2013,Adult/Male/Blue/Middle,2,RosineiMarquete,BlackHelmets
Floripa International Open Championship 2013,Adult/Male/Blue/Middle,3,DiegoAlmeidaFerreira,CalasansBJJ
Floripa International Open Championship 2013,Adult/Male/Blue/Middle,3,PhilippeSanthiagodaSilva,CheckMat
Floripa International Open Championship 2013,Adult/Male/Blue/Medium-Heavy,1,MateusMartinsObaldia,SulJiu,Jitsu
Floripa International Open Championship 2013,Adult/Male/Blue/Medium-Heavy,2,AltamiroRodriguesJunior,BrigadeiroBJJ,Cascavel
Floripa International Open Championship 2013,Adult/Male/Blue/Medium-Heavy,3,AdemarCardosoNeto,RilionGracieFlorianópolis,SC
Floripa International Open Championship 2013,Adult/Male/Blue/Medium-Heavy,3,PauloRodriguesdosSantos,RocianGracieJuniordeJiu,Jitsu
Floripa International Open Championship 2013,Adult/Male/Blue/Heavy,1,EltonHackBarbi,A.STeam
Floripa International Open Championship 2013,Adult/Male/Blue/Heavy,2,JonataTeixeira,EquipeZero
Floripa International Open Championship 2013,Adult/Male/Blue/Heavy,3,FabioLuizMarquesJunior,EquipeZero
Floripa International Open Championship 2013,Adult/Male/Blue/Heavy,3,JulianoDiPelliMachado,NovaUnião
Floripa International Open Championship 2013,Adult/Male/Blue/Super-Heavy,1,PauloHenriqueTeixeiraDaSilva,CarlsonGracieClube
Floripa International Open Championship 2013,Adult/Male/Blue/Super-Heavy,2,MarcoAurélioFerreira,NovaUnião
Floripa International Open Championship 2013,Adult/Male/Blue/Super-Heavy,3,EvertonEduardoBoturadaSilva,GracieBarra
Floripa International Open Championship 2013,Adult/Male/Blue/Super-Heavy,3,GuilhermeMattenhauerLopes,BonSaiJJ
Floripa International Open Championship 2013,Adult/Male/Blue/Ultra-Heavy,1,MarcusViniciusGabrieldeOliveira,GracieBarra
Floripa International Open Championship 2013,Adult/Male/Blue/Ultra-Heavy,2,JonatasSantanaPereira,BlackGymJiu,Jitsu
Floripa International Open Championship 2013,Adult/Male/Blue/Ultra-Heavy,3,DenisBarlezeBarrios,AtaqueDuplo
Floripa International Open Championship 2013,Adult/Male/Blue/Ultra-Heavy,3,DouglasThiagoVieira,GracieBarra
Floripa International Open Championship 2013,Adult/Male/Blue/OpenClass,1,YanGarciaSilveira,RilionGracie
Floripa International Open Championship 2013,Adult/Male/Blue/OpenClass,2,DanielPaiseLimadaSilva,RilionGracie
Floripa International Open Championship 2013,Adult/Male/Blue/OpenClass,3,DiegoAlmeidaFerreira,CalasansBJJ
Floripa International Open Championship 2013,Adult/Male/Blue/OpenClass,3,EvertonEduardoBoturadaSilva,GracieBarra
Floripa International Open Championship 2013,Adult/Female/Blue/Feather,1,BeatrizSouza(REPETIDO:111492),GracieBarra
Floripa International Open Championship 2013,Adult/Female/Blue/Feather,2,JessicaLouiseArmelinSantos,NovaUnião
Floripa International Open Championship 2013,Adult/Female/Blue/Feather,3,JulianaBentoVargas,A.STeam
Floripa International Open Championship 2013,Adult/Female/Blue/Feather,3,ValkiriaAgnesSantos,GracieBarra
Floripa International Open Championship 2013,Adult/Female/Blue/Light,1,CatherineFuhroPerret,CheckMat
Floripa International Open Championship 2013,Adult/Female/Blue/Light,2,LuanadeSouza,ASMBJJ
Floripa International Open Championship 2013,Adult/Female/Blue/Light,3,AndressaMezariCintra,NovaUnião
Floripa International Open Championship 2013,Adult/Female/Blue/Light,3,RegianeCristinadaSilva,GracieBarra
Floripa International Open Championship 2013,Adult/Female/Blue/Heavy,1,LuanaAzeroAlbernazMuniz,A.STeam
Floripa International Open Championship 2013,Adult/Female/Blue/OpenClass,1,CatherineFuhroPerret,CheckMat
Floripa International Open Championship 2013,Adult/Female/Blue/OpenClass,2,LuanaAzeroAlbernazMuniz,A.STeam
Floripa International Open Championship 2013,Adult/Female/Blue/OpenClass,3,ValkiriaAgnesSantos,GracieBarra
Floripa International Open Championship 2013,Adult/Male/Purple/Feather,1,HiagoGeorgeSantosSilva,CorpoeMente
Floripa International Open Championship 2013,Adult/Male/Purple/Feather,2,RodrigoFrancioniDias,RilionGracie
Floripa International Open Championship 2013,Adult/Male/Purple/Feather,3,GuilhermedeFraga,CheckMat
Floripa International Open Championship 2013,Adult/Male/Purple/Feather,3,JonathanDaltioRossi,NovaUnião
Floripa International Open Championship 2013,Adult/Male/Purple/Light,1,DijacksonWilliandaCruz,NovaUnião
Floripa International Open Championship 2013,Adult/Male/Purple/Light,2,JanBuatimWamser,AtosJiu,Jitsu
Floripa International Open Championship 2013,Adult/Male/Purple/Light,3,MarceloHenriquePalmaresdaSilva,CoelhoJiu,Jitsu
Floripa International Open Championship 2013,Adult/Male/Purple/Light,3,RogerdeMedeirosSinhorelli,EquipeEdinhoSilva
Floripa International Open Championship 2013,Adult/Male/Purple/Middle,1,YagoViniciusdeSouza,PSLPBCiceroCostha
Floripa International Open Championship 2013,Adult/Male/Purple/Middle,2,TiagoZanotto,GarraTeam
Floripa International Open Championship 2013,Adult/Male/Purple/Middle,3,ElpidioKochJúnior,NovaUnião
Floripa International Open Championship 2013,Adult/Male/Purple/Middle,3,GilbertoBezBattiVasques,EquipeEdinhoSilva
Floripa International Open Championship 2013,Adult/Male/Purple/Medium-Heavy,1,ManoelMigueldaRochaPortoJunior,GracieGym
Floripa International Open Championship 2013,Adult/Male/Purple/Medium-Heavy,2,DiegoHenriqueMarcondes,CarecaJJ
Floripa International Open Championship 2013,Adult/Male/Purple/Medium-Heavy,3,BrunoCunhaSouza,GracieBarra
Floripa International Open Championship 2013,Adult/Male/Purple/Medium-Heavy,3,PauloRicardoBenatto,NovaUnião
Floripa International Open Championship 2013,Adult/Male/Purple/Heavy,1,HeltonJoseMendesdaSilvaJunior,PSLPBCiceroCostha
Floripa International Open Championship 2013,Adult/Male/Purple/Heavy,2,PedroFranciscoSant'Anna,RocianGracieJuniordeJiu,Jitsu
Floripa International Open Championship 2013,Adult/Male/Purple/Heavy,3,GabrielArantesVolante,EversonAvilaJiu,Jitsu
Floripa International Open Championship 2013,Adult/Male/Purple/Heavy,3,PaoloStephanoCucitRaven,CheckMat
Floripa International Open Championship 2013,Adult/Male/Purple/Super-Heavy,1,CaioViníciusdaCostaRodrigues,RyanGracieTeam
Floripa International Open Championship 2013,Adult/Male/Purple/Ultra-Heavy,1,RenanMarcelRodriguesVieira,CarecaJJ
Floripa International Open Championship 2013,Adult/Male/Purple/Ultra-Heavy,2,GetulioStadnickNeto,A.STeam
Floripa International Open Championship 2013,Adult/Male/Purple/Ultra-Heavy,3,DanieldeCezareCavalcante,CheckMat
Floripa International Open Championship 2013,Adult/Male/Purple/Ultra-Heavy,3,DiogoJoaquimSilveira,EquipeZero
Floripa International Open Championship 2013,Adult/Male/Purple/OpenClass,1,HeltonJoseMendesdaSilvaJunior,PSLPBCiceroCostha
Floripa International Open Championship 2013,Adult/Male/Purple/OpenClass,2,YagoViniciusdeSouza,PSLPBCiceroCostha
Floripa International Open Championship 2013,Adult/Male/Purple/OpenClass,3,DijacksonWilliandaCruz,NovaUnião
Floripa International Open Championship 2013,Adult/Male/Purple/OpenClass,3,RenanMarcelRodriguesVieira,CarecaJJ
Floripa International Open Championship 2013,Adult/Female/Purple/Light-Feather,1,OthiliaCristineOliveiraJanneck,GaletoBrothersBJJ
Floripa International Open Championship 2013,Adult/Female/Purple/Feather,1,SilvaniaMariaMonteiro,AtaqueDuplo
Floripa International Open Championship 2013,Adult/Female/Purple/Light,1,MayraMelloMazza,Alliance
Floripa International Open Championship 2013,Adult/Female/Purple/Medium-Heavy,1,NiviadeSouzaMoura,Barreto
Floripa International Open Championship 2013,Adult/Female/Purple/OpenClass,1,MayraMelloMazza,Alliance
Floripa International Open Championship 2013,Adult/Female/Purple/OpenClass,2,NiviadeSouzaMoura,Barreto
Floripa International Open Championship 2013,Adult/Female/Purple/OpenClass,3,SilvaniaMariaMonteiro,AtaqueDuplo
Floripa International Open Championship 2013,Adult/Male/Brown/Light-Feather,1,ItamarAparecidoDrobinhewskiCamargo,GaletoBrothersBJJ
Floripa International Open Championship 2013,Adult/Male/Brown/Light-Feather,2,ValterWolterLisboa,GracieBarra
Floripa International Open Championship 2013,Adult/Male/Brown/Light-Feather,3,AntonioVlademirAlvesNascimento,RibeiroJiu,JitsuBrasil
Floripa International Open Championship 2013,Adult/Male/Brown/Feather,1,RafaelMachadoMansur,GuethoJiuJitsu
Floripa International Open Championship 2013,Adult/Male/Brown/Feather,2,RafaelSeveroFreire,TonicãoTeamBJJ
Floripa International Open Championship 2013,Adult/Male/Brown/Light,1,ChristianNBroadnax,NovaUnião
Floripa International Open Championship 2013,Adult/Male/Brown/Light,2,EduardodaSilvaConceição,GracieHumaita
Floripa International Open Championship 2013,Adult/Male/Brown/Light,3,RenatoCristianoCavalcanteRocha,GFTeam
Floripa International Open Championship 2013,Adult/Male/Brown/Middle,1,YgorMachadoDantas,CheckMat
Floripa International Open Championship 2013,Adult/Male/Brown/Middle,2,PedroTeixeiraAlcantaraPimenta,RyanGracieTeam
Floripa International Open Championship 2013,Adult/Male/Brown/Middle,3,DimasDilmoRamos,RilionGracie
Floripa International Open Championship 2013,Adult/Male/Brown/Middle,3,RenatoDiMarco,BonSaiJJ
Floripa International Open Championship 2013,Adult/Male/Brown/Medium-Heavy,1,PedroHenriqueD.ContiSouza,CheckMat
Floripa International Open Championship 2013,Adult/Male/Brown/Medium-Heavy,2,MaurícioTogniAntunes,PSLPBCiceroCostha
Floripa International Open Championship 2013,Adult/Male/Brown/Medium-Heavy,3,FilipeCarpesSilva,Alliance
Floripa International Open Championship 2013,Adult/Male/Brown/Medium-Heavy,3,LuizAugustoAguiarRocha,GracieBarra
Floripa International Open Championship 2013,Adult/Male/Brown/Heavy,1,ErickdosSantosdaRosa,A.STeam
Floripa International Open Championship 2013,Adult/Male/Brown/Heavy,2,GustavoSantiago,A.STeam
Floripa International Open Championship 2013,Adult/Male/Brown/Heavy,3,CristyanSilveiraPrazeres,DeLaRivaSC
Floripa International Open Championship 2013,Adult/Male/Brown/Ultra-Heavy,1,AntônioJoséQuerinoJunior,GFTeam
Floripa International Open Championship 2013,Adult/Male/Brown/OpenClass,1,PedroTeixeiraAlcantaraPimenta,RyanGracieTeam
Floripa International Open Championship 2013,Adult/Male/Brown/OpenClass,2,GustavoSantiago,A.STeam
Floripa International Open Championship 2013,Adult/Male/Brown/OpenClass,3,ChristianNBroadnax,NovaUnião
Floripa International Open Championship 2013,Adult/Male/Brown/OpenClass,3,MaurícioTogniAntunes,PSLPBCiceroCostha
Floripa International Open Championship 2013,Adult/Male/Black/Light-Feather,1,LeandroLopesEscobar,SoulFightersBJJ
Floripa International Open Championship 2013,Adult/Male/Black/Light-Feather,2,ThalesNakassu,CheckMat
Floripa International Open Championship 2013,Adult/Male/Black/Feather,1,DavidJulianoLemes,CalasansBJJ
Floripa International Open Championship 2013,Adult/Male/Black/Feather,2,JohnnyCrispim,GracieBarra
Floripa International Open Championship 2013,Adult/Male/Black/Feather,3,BrunoDavidFonseca,GFTeam
Floripa International Open Championship 2013,Adult/Male/Black/Feather,3,PedroWalterG.Vidal,RilionGracieFlorianópolis,SC
Floripa International Open Championship 2013,Adult/Male/Black/Light,1,RafaelNavesdeCarvalho,PSLPBCiceroCostha
Floripa International Open Championship 2013,Adult/Male/Black/Light,2,GuilhermeFerreiraIunes,GracieBarra
Floripa International Open Championship 2013,Adult/Male/Black/Light,3,AlexandreHenriquedeSouza,RyanGracieTeam
Floripa International Open Championship 2013,Adult/Male/Black/Light,3,LuísGabrielB.S.Venturino,GordoJiu,Jitsu
Floripa International Open Championship 2013,Adult/Male/Black/Middle,1,JacobWilliamsMackenzie,GFTeam
Floripa International Open Championship 2013,Adult/Male/Black/Middle,2,CaioAlmeidaSilva,RyanGracieTeam
Floripa International Open Championship 2013,Adult/Male/Black/Middle,3,MatheusCarmonaPequenodeBarros,AkxeBJJ
Floripa International Open Championship 2013,Adult/Male/Black/Middle,3,MizaelNascimentoFraga,RilionGracieFlorianópolis,SC
Floripa International Open Championship 2013,Adult/Male/Black/Medium-Heavy,1,RodrigoFajardo,GracieBarra
Floripa International Open Championship 2013,Adult/Male/Black/Medium-Heavy,2,RenatoGuimaraesCardoso,CheckMat
Floripa International Open Championship 2013,Adult/Male/Black/Medium-Heavy,3,LuizAntônioB.deS.Pinto,A.STeam
Floripa International Open Championship 2013,Adult/Male/Black/Medium-Heavy,3,PedroGonçalvesRégisdaCunhaMello,A.STeam
Floripa International Open Championship 2013,Adult/Male/Black/Heavy,1,VitorFabioMartinsToledo,AtosJiu,Jitsu
Floripa International Open Championship 2013,Adult/Male/Black/Heavy,2,SilasRobsondeOliveira,GiovanniReisTeam
Floripa International Open Championship 2013,Adult/Male/Black/Heavy,3,AldineyChardsondeLimaCarvalho,AcademiaPitbull
Floripa International Open Championship 2013,Adult/Male/Black/Ultra-Heavy,1,MauroFelipedeOliveiraSoares,A.STeam
Floripa International Open Championship 2013,Adult/Male/Black/Ultra-Heavy,2,PauloLuizOliveiraCamaraFalcão,GileRibeiroJJ
Floripa International Open Championship 2013,Adult/Male/Black/OpenClass,1,RenatoGuimaraesCardoso,CheckMat
Floripa International Open Championship 2013,Adult/Male/Black/OpenClass,2,MauroFelipedeOliveiraSoares,A.STeam
Floripa International Open Championship 2013,Adult/Male/Black/OpenClass,3,AldineyChardsondeLimaCarvalho,AcademiaPitbull
Floripa International Open Championship 2013,Adult/Male/Black/OpenClass,3,RafaelNavesdeCarvalho,PSLPBCiceroCostha
Floripa International Open Championship 2013,Master1/Male/White/Light,1,WeiderRodriguesLacerda,RilionGracieFlorianópolis,SC
Floripa International Open Championship 2013,Master1/Male/White/Light,2,AndreLuisRamosFagundes,GFTeam
Floripa International Open Championship 2013,Master1/Male/White/Ultra-Heavy,1,GustavoOdoneNegreiros,EquipeBehring
Floripa International Open Championship 2013,Master1/Male/White/Ultra-Heavy,2,ValmirdaSilva,Alliance
Floripa International Open Championship 2013,Master1/Male/Blue/Light,1,RafaelAraujoGabardo,GracieBarra
Floripa International Open Championship 2013,Master1/Male/Blue/Light,2,DiegoAcelondeMelo,A.STeam
Floripa International Open Championship 2013,Master1/Male/Blue/Light,3,RenatoCesarQuineto,GracieBarraBrasil
Floripa International Open Championship 2013,Master1/Male/Blue/Light,3,WashingtonLuizdePaulaMartins,GracieBarra
Floripa International Open Championship 2013,Master1/Male/Blue/Middle,1,RicardoUbirajaradaSilva,GracieBarra
Floripa International Open Championship 2013,Master1/Male/Blue/Middle,2,EmersonAndreMarquesVicente,RibeiroJiu,JitsuBrasil
Floripa International Open Championship 2013,Master1/Male/Blue/Middle,3,ArthurCarneiroLima,RilionGracieFlorianópolis,SC
Floripa International Open Championship 2013,Master1/Male/Blue/Middle,3,ToniAngeloBenvenutti,A.STeam
Floripa International Open Championship 2013,Master1/Male/Blue/Medium-Heavy,1,SidineiFerreiraGuimarãesFilho,MichelMaiaJiu,Jitsu
Floripa International Open Championship 2013,Master1/Male/Blue/Medium-Heavy,2,GustavodaCostaPires,GiovanniReisTeam
Floripa International Open Championship 2013,Master1/Male/Blue/Medium-Heavy,3,DenisMatos,ASMBJJ
Floripa International Open Championship 2013,Master1/Male/Blue/Heavy,1,BrunoFragaBrandãodeOliveira,GracieBarra
Floripa International Open Championship 2013,Master1/Male/Blue/Heavy,2,LeandroFernandesdaLuz,GracieBarraBrasil
Floripa International Open Championship 2013,Master1/Male/Blue/Super-Heavy,1,GlauberJoseCordeiro,CheckMat
Floripa International Open Championship 2013,Master1/Male/Blue/Ultra-Heavy,1,EduardoMonteiroViannaH.Silva,CamposJiu,Jitsu
Floripa International Open Championship 2013,Master1/Male/Blue/OpenClass,1,GlauberJoseCordeiro,CheckMat
Floripa International Open Championship 2013,Master1/Male/Blue/OpenClass,2,BrunoFragaBrandãodeOliveira,GracieBarra
Floripa International Open Championship 2013,Master1/Male/Blue/OpenClass,3,EduardoMonteiroViannaH.Silva,CamposJiu,Jitsu
Floripa International Open Championship 2013,Master1/Male/Blue/OpenClass,3,ToniAngeloBenvenutti,A.STeam
Floripa International Open Championship 2013,Master1/Male/Purple/Feather,1,MayconFerreiraFurtado,NovaUnião
Floripa International Open Championship 2013,Master1/Male/Purple/Feather,2,FlaviodeSouzaMourão,BonSaiJJ
Floripa International Open Championship 2013,Master1/Male/Purple/Feather,3,MarcioLuizdosSantos,GaletoBrothersBJJ
Floripa International Open Championship 2013,Master1/Male/Purple/Light,1,RaphaelJennerOzório,GracieFloripaInternational
Floripa International Open Championship 2013,Master1/Male/Purple/Light,2,PauloReisJunior,AtaqueDuplo
Floripa International Open Championship 2013,Master1/Male/Purple/Light,3,LucioMiguelSantos,GileRibeiroJJ
Floripa International Open Championship 2013,Master1/Male/Purple/Light,3,MarceloHathyCorreia,GracieBarra
Floripa International Open Championship 2013,Master1/Male/Purple/Middle,1,AirtonLimaNogoceke,GracieBarra
Floripa International Open Championship 2013,Master1/Male/Purple/Middle,2,RodrigoGonçalvesLopes,GracieBarra
Floripa International Open Championship 2013,Master1/Male/Purple/Middle,3,JairioCavalcantidosSantos,DeLaRivaJJ
Floripa International Open Championship 2013,Master1/Male/Purple/Middle,3,TeofiloCarlosArtatesBergante,A.STeam
Floripa International Open Championship 2013,Master1/Male/Purple/Medium-Heavy,1,AlbertoB.DrumondFrazãoJunior,TeamConde
Floripa International Open Championship 2013,Master1/Male/Purple/Medium-Heavy,2,MarcelGustavoLüdkePereira,GracieBarra
Floripa International Open Championship 2013,Master1/Male/Purple/Super-Heavy,1,MarcelBrunoDuarteQuintanilha,CoelhoJiu,Jitsu
Floripa International Open Championship 2013,Master1/Male/Purple/Super-Heavy,2,FernandoRossoniCavalcanti,A.STeam
Floripa International Open Championship 2013,Master1/Male/Purple/OpenClass,1,MayconFerreiraFurtado,NovaUnião
Floripa International Open Championship 2013,Master1/Male/Purple/OpenClass,2,MarcelGustavoLüdkePereira,GracieBarra
Floripa International Open Championship 2013,Master1/Male/Purple/OpenClass,3,JairioCavalcantidosSantos,DeLaRivaJJ
Floripa International Open Championship 2013,Master1/Male/Purple/OpenClass,3,LucioMiguelSantos,GileRibeiroJJ
Floripa International Open Championship 2013,Master1/Male/Brown/Feather,1,LucasCabeleiraFlores,BlackHelmets
Floripa International Open Championship 2013,Master1/Male/Brown/Feather,2,RichardThomasMaltarolo,NovaUnião
Floripa International Open Championship 2013,Master1/Male/Brown/Feather,3,PauloRobertoBatista,CheckMat
Floripa International Open Championship 2013,Master1/Male/Brown/Light,1,WagnerNunesdeSousa,DeLaRivaJJ
Floripa International Open Championship 2013,Master1/Male/Brown/Light,2,EduardoAfonsodaSilvaMartins,NúcleoJJ
Floripa International Open Championship 2013,Master1/Male/Brown/Middle,1,CleberAparecidoIzidroSouto,BarbosaJJ2
Floripa International Open Championship 2013,Master1/Male/Brown/Middle,2,FelicioJosedeMattos,BlackHelmets
Floripa International Open Championship 2013,Master1/Male/Brown/Heavy,1,DjavanSoutoLoureiro,IsaiasJJ
Floripa International Open Championship 2013,Master1/Male/Brown/Heavy,2,AlissonMariano,DeLaRivaSC
Floripa International Open Championship 2013,Master1/Male/Brown/Ultra-Heavy,1,FelipeBonetti,MichelMaiaJiu,Jitsu
Floripa International Open Championship 2013,Master1/Male/Brown/OpenClass,1,DjavanSoutoLoureiro,IsaiasJJ
Floripa International Open Championship 2013,Master1/Male/Brown/OpenClass,2,AlissonMariano,DeLaRivaSC
Floripa International Open Championship 2013,Master1/Male/Brown/OpenClass,3,CleberAparecidoIzidroSouto,BarbosaJJ2
Floripa International Open Championship 2013,Master1/Male/Brown/OpenClass,3,EduardoAfonsodaSilvaMartins,NúcleoJJ
Floripa International Open Championship 2013,Master1/Male/Black/Feather,1,AlexandreDiChiaraGuimarãesSalgado,SoulFightersBJJ
Floripa International Open Championship 2013,Master1/Male/Black/Feather,2,RafaelDelfiniReginaFerraz,GracieBarra
Floripa International Open Championship 2013,Master1/Male/Black/Feather,3,JeanCarlosFeijó,A.STeam
Floripa International Open Championship 2013,Master1/Male/Black/Feather,3,WlademirCardoso,GileRibeiroJJ
Floripa International Open Championship 2013,Master1/Male/Black/Light,1,BrunoHenriqueMeirelesRocha,GracieBarra
Floripa International Open Championship 2013,Master1/Male/Black/Light,2,MarcioCelioLimadeOliveira,GracieBarra
Floripa International Open Championship 2013,Master1/Male/Black/Light,3,MichelAdelinoEbertz,DeLaRivaSC
Floripa International Open Championship 2013,Master1/Male/Black/Light,3,PauloAdrianoBuligon,GaletoBrothersBJJ
Floripa International Open Championship 2013,Master1/Male/Black/Middle,1,AquilesdasMercêsBarroso,CrolinGracie
Floripa International Open Championship 2013,Master1/Male/Black/Middle,2,OsanilSebastiãoPontesFilho,RibeiroJiu,JitsuBrasil
Floripa International Open Championship 2013,Master1/Male/Black/Middle,3,AlissonRianBarniZanon,NovaUnião
Floripa International Open Championship 2013,Master1/Male/Black/Middle,3,GiullianoAlves,RilionGracieFlorianópolis,SC
Floripa International Open Championship 2013,Master1/Male/Black/Medium-Heavy,1,EduardoMilioli,RilionGracie
Floripa International Open Championship 2013,Master1/Male/Black/Medium-Heavy,2,CristianoFagundesTavaresBina,RilionGracieFlorianópolis,SC
Floripa International Open Championship 2013,Master1/Male/Black/Medium-Heavy,3,FernandoRamosNicolichdaSilva,RilionGracieFlorianópolis,SC
Floripa International Open Championship 2013,Master1/Male/Black/Medium-Heavy,3,LeonardoDelgadodeOliveira,SoulFightersBJJ
Floripa International Open Championship 2013,Master1/Male/Black/Heavy,1,AndreMachadoBastos,NovaUnião
Floripa International Open Championship 2013,Master1/Male/Black/Heavy,2,DanielHenriquesCarvalho,GracieGym
Floripa International Open Championship 2013,Master1/Male/Black/Heavy,3,AugustoSchlederGonçalvesOliveira,GracieBarra
Floripa International Open Championship 2013,Master1/Male/Black/Heavy,3,LucianoPintodaSilva,SulJiu,Jitsu
Floripa International Open Championship 2013,Master1/Male/Black/Super-Heavy,1,RafaelSoaresRodriguesFerreira,GFTeam
Floripa International Open Championship 2013,Master1/Male/Black/Super-Heavy,2,CleversonAlmindodaSilva,GFTeam
Floripa International Open Championship 2013,Master1/Male/Black/Super-Heavy,3,AndersonRodrigues,RilionGracieFlorianópolis,SC
Floripa International Open Championship 2013,Master1/Male/Black/Ultra-Heavy,1,CarlosEvandroAlbernazM.Neto,A.STeam
Floripa International Open Championship 2013,Master1/Male/Black/Ultra-Heavy,2,LeandroJorgePereiraVilar,GFTeam
Floripa International Open Championship 2013,Master1/Male/Black/Ultra-Heavy,3,DanielJungbluth,A.STeam
Floripa International Open Championship 2013,Master1/Male/Black/OpenClass,1,EduardoMilioli,RilionGracie
Floripa International Open Championship 2013,Master1/Male/Black/OpenClass,2,RafaelSoaresRodriguesFerreira,GFTeam
Floripa International Open Championship 2013,Master1/Male/Black/OpenClass,3,DanielJungbluth,A.STeam
Floripa International Open Championship 2013,Master1/Male/Black/OpenClass,3,MarcioCelioLimadeOliveira,GracieBarra
Floripa International Open Championship 2013,Master2/Male/White/Middle,1,CarlosAndrédaSilva,EquipeZero
Floripa International Open Championship 2013,Master2/Male/White/Super-Heavy,1,MarioCesarMoreira,RilionGracieFlorianópolis,SC
Floripa International Open Championship 2013,Master2/Male/Blue/Light,1,MarceloRicardoReisPagliuso,CheckMat
Floripa International Open Championship 2013,Master2/Male/Blue/Light,2,MicheleMantegazza,Alliance
Floripa International Open Championship 2013,Master2/Male/Blue/Middle,1,MárcioMoraisMelo,GracieBarra
Floripa International Open Championship 2013,Master2/Male/Blue/Middle,2,EulógioE.MartinezNeto,RilionGracieFlorianópolis,SC
Floripa International Open Championship 2013,Master2/Male/Blue/Middle,3,AdilsonBelodaSilva,FiveRounds
Floripa International Open Championship 2013,Master2/Male/Blue/OpenClass,1,MárcioMoraisMelo,GracieBarra
Floripa International Open Championship 2013,Master2/Male/Blue/OpenClass,2,MarceloRicardoReisPagliuso,CheckMat
Floripa International Open Championship 2013,Master2/Male/Purple/Feather,1,JoãoAlbertoMatosFadulFilho,BlackHelmets
Floripa International Open Championship 2013,Master2/Male/Purple/Feather,2,JoseRonaldoMedeiros,UnionWorldFightTeamB
Floripa International Open Championship 2013,Master2/Male/Purple/Feather,3,CantalícioFrutuosoOliveiraFilho,FighterJiu,Jitsu
Floripa International Open Championship 2013,Master2/Male/Purple/Light,1,CleberMaguerroski,Alliance
Floripa International Open Championship 2013,Master2/Male/Purple/Light,2,MárcioContiJunior,FighterJiu,Jitsu
Floripa International Open Championship 2013,Master2/Male/Purple/Medium-Heavy,1,FabrícioOliveiraPorfírio,Brasa/99
Floripa International Open Championship 2013,Master2/Male/Purple/Ultra-Heavy,1,JeanClaudioAlphonse,RilionGracieFlorianópolis,SC
Floripa International Open Championship 2013,Master2/Male/Purple/Ultra-Heavy,2,LucioFlaviodeCampos,CamposJiu,Jitsu
Floripa International Open Championship 2013,Master2/Male/Purple/Ultra-Heavy,3,AsbraMichelMateusIzar,GracieBarra
Floripa International Open Championship 2013,Master2/Male/Purple/Ultra-Heavy,3,CarlosAndredeSiqueira,ASMBJJ
Floripa International Open Championship 2013,Master2/Male/Purple/OpenClass,1,CarlosAndredeSiqueira,ASMBJJ
Floripa International Open Championship 2013,Master2/Male/Purple/OpenClass,2,LucioFlaviodeCampos,CamposJiu,Jitsu
Floripa International Open Championship 2013,Master2/Male/Purple/OpenClass,3,AsbraMichelMateusIzar,GracieBarra
Floripa International Open Championship 2013,Master2/Male/Purple/OpenClass,3,JeanClaudioAlphonse,RilionGracieFlorianópolis,SC
Floripa International Open Championship 2013,Master2/Male/Brown/Middle,1,MarceloBizarroFerreira,EquipeEdinhoSilva
Floripa International Open Championship 2013,Master2/Male/Brown/Middle,2,JoãoBatistaSoaresSantosJr,GracieEliteTeam
Floripa International Open Championship 2013,Master2/Male/Brown/Medium-Heavy,1,CarlosFialhoDomato,CheckMat
Floripa International Open Championship 2013,Master2/Male/Brown/Medium-Heavy,2,CarlosMauricioMachado,RilionGracieFlorianópolis,SC
Floripa International Open Championship 2013,Master2/Male/Brown/Super-Heavy,1,FelipeCezarSantos,GileRibeiroJJ
Floripa International Open Championship 2013,Master2/Male/Brown/OpenClass,1,MarceloBizarroFerreira,EquipeEdinhoSilva
Floripa International Open Championship 2013,Master2/Male/Brown/OpenClass,2,FelipeCezarSantos,GileRibeiroJJ
Floripa International Open Championship 2013,Master2/Male/Brown/OpenClass,3,CarlosFialhoDomato,CheckMat
Floripa International Open Championship 2013,Master2/Male/Brown/OpenClass,3,CarlosMauricioMachado,RilionGracieFlorianópolis,SC
Floripa International Open Championship 2013,Master2/Male/Black/Feather,1,MárcioMarquesMendonça,MichelMaiaJiu,Jitsu
Floripa International Open Championship 2013,Master2/Male/Black/Feather,2,GabrielMedeirosRegnier,AcademiaCMSystem
Floripa International Open Championship 2013,Master2/Male/Black/Light,1,ViniciusPaesdeFigueiredo,ToziJiuJitsu
Floripa International Open Championship 2013,Master2/Male/Black/Light,2,AllanMilhomem,MXTAcademyBJJ
Floripa International Open Championship 2013,Master2/Male/Black/Light,3,EmilioSantosNascimento,EquipeZero
Floripa International Open Championship 2013,Master2/Male/Black/Light,3,EnioMoraes,CheckMat
Floripa International Open Championship 2013,Master2/Male/Black/Middle,1,JulioCesarMigliorini,GileRibeiroJJ
Floripa International Open Championship 2013,Master2/Male/Black/Middle,2,CristianoMoskaleskiCubasdeLima,CheckMat
Floripa International Open Championship 2013,Master2/Male/Black/Middle,3,CarlosAlbertoGonçalvesGuimaraesFilho,CamposJiu,Jitsu
Floripa International Open Championship 2013,Master2/Male/Black/Medium-Heavy,1,FabioKudo,BonSaiJJ
Floripa International Open Championship 2013,Master2/Male/Black/Medium-Heavy,2,WagnerDiasdosSantos,ASMBJJ
Floripa International Open Championship 2013,Master2/Male/Black/Super-Heavy,1,MarcosEduardoAntunesGiusti,A.STeam
Floripa International Open Championship 2013,Master2/Male/Black/Super-Heavy,2,GustavoNeryFeres,CheckMat
Floripa International Open Championship 2013,Master2/Male/Black/Ultra-Heavy,1,AntonioMarcosSottoMayorRibeiro,CTMR
Floripa International Open Championship 2013,Master2/Male/Black/Ultra-Heavy,2,GuilhermeAlvesPereira,GileRibeiroJJ
Floripa International Open Championship 2013,Master2/Male/Black/OpenClass,1,AntonioMarcosSottoMayorRibeiro,CTMR
Floripa International Open Championship 2013,Master2/Male/Black/OpenClass,2,MarcosEduardoAntunesGiusti,A.STeam
Floripa International Open Championship 2013,Master2/Male/Black/OpenClass,3,CarlosAlbertoGonçalvesGuimaraesFilho,CamposJiu,Jitsu
Floripa International Open Championship 2013,Master2/Male/Black/OpenClass,3,FabioKudo,BonSaiJJ
Floripa International Open Championship 2013,Master3/Male/Brown/Heavy,1,EbertWaterkemper,BlackGymJiu,Jitsu
Floripa International Open Championship 2013,Master3/Male/Brown/OpenClass,1,EbertWaterkemper,BlackGymJiu,Jitsu
Floripa International Open Championship 2013,Master3/Male/Black/Feather,1,AlexandreCostadeAraujo,ArenaJJ
Floripa International Open Championship 2013,Master3/Male/Black/Feather,2,SamuelSauldoNascimento,GracieBarra
Floripa International Open Championship 2013,Master3/Male/Black/Light,1,LeonardoAugustoMartinsLoureiro,GFTeam
Floripa International Open Championship 2013,Master3/Male/Black/Light,2,RogerBentoHolz,CarlsonGracieClube
Floripa International Open Championship 2013,Master3/Male/Black/Middle,1,AlmansorVaz,Alliance
Floripa International Open Championship 2013,Master3/Male/Black/Middle,2,LeandroPereiraAraujo,RibeiroJiu,JitsuBrasil
Floripa International Open Championship 2013,Master3/Male/Black/Middle,3,CarlosViniciusAlexandreClimacoNascimento,GracieBarra
Floripa International Open Championship 2013,Master3/Male/Black/Heavy,1,GiovanniReisCoutinhoPaniccia,GiovanniReisTeam
Floripa International Open Championship 2013,Master3/Male/Black/Ultra-Heavy,1,AdilsonHigaDorval,DeLaRivaJJ
Floripa International Open Championship 2013,Master3/Male/Black/OpenClass,1,GiovanniReisCoutinhoPaniccia,GiovanniReisTeam
Floripa International Open Championship 2013,Master3/Male/Black/OpenClass,2,SamuelSauldoNascimento,GracieBarra
Floripa International Open Championship 2013,Master3/Male/Black/OpenClass,3,AdilsonHigaDorval,DeLaRivaJJ
Floripa International Open Championship 2013,Master3/Male/Black/OpenClass,3,AlmansorVaz,Alliance
Floripa International Open Championship 2013,Master4/Male/Blue/Super-Heavy,1,MauroTadeuMorgado,RyanGracieTeam
Floripa International Open Championship 2013,Master4/Male/Blue/OpenClass,1,MauroTadeuMorgado,RyanGracieTeam
Floripa International Open Championship 2013,Master4/Male/Purple/Feather,1,MaurícioRibeirodaSilvaSantos,SoulFightersBJJ
Floripa International Open Championship 2013,Master4/Male/Purple/Heavy,1,MarceloAntonioMasedaCardozo,EquipeBehring
Floripa International Open Championship 2013,Master4/Male/Purple/OpenClass,1,MarceloAntonioMasedaCardozo,EquipeBehring
Floripa International Open Championship 2013,Master4/Male/Purple/OpenClass,2,MaurícioRibeirodaSilvaSantos,SoulFightersBJJ
Floripa International Open Championship 2013,Master4/Male/Black/Middle,1,MarceloConti,RilionGracie
Floripa International Open Championship 2013,Master4/Male/Black/OpenClass,1,MarceloConti,RilionGracie
Floripa International Open Championship 2013,Master6/Male/Blue/Light-Feather,1,MarcosRobertoSchultz,GracieBarra
