Pan Kids IBJJF Jiu-Jitsu Championship 2018,Mighty-Mite2/Male/Grey/Feather,1,EmmanuelDeLaFuente,RodrigoFreitasBrazilianJiu,Jitsu
Pan Kids IBJJF Jiu-Jitsu Championship 2018,Mighty-Mite2/Male/Grey/Feather,2,WalkerBush,AtosJiu,Jitsu
Pan Kids IBJJF Jiu-Jitsu Championship 2018,Mighty-Mite2/Female/Grey/Light-Feather,1,DeveneyAllieRios,CoyoteBrazilianJiu,JitsuAcademy
Pan Kids IBJJF Jiu-Jitsu Championship 2018,Mighty-Mite2/Female/Grey/Light-Feather,2,PenelopeGarcia,AtosJiu,Jitsu
Pan Kids IBJJF Jiu-Jitsu Championship 2018,Mighty-Mite2/Female/Grey/Light-Feather,3,KamaileCianTaligatos,Alliance
Pan Kids IBJJF Jiu-Jitsu Championship 2018,Mighty-Mite2/Female/Grey/Feather,1,DarcyDeniseConley,AtosJiu,Jitsu
Pan Kids IBJJF Jiu-Jitsu Championship 2018,Mighty-Mite2/Female/Grey/Feather,2,CharlotteGlass,GracieBarra
Pan Kids IBJJF Jiu-Jitsu Championship 2018,Mighty-Mite3/Male/Grey/Light-Feather,1,SamuelLJunco,MMAMasters
Pan Kids IBJJF Jiu-Jitsu Championship 2018,Mighty-Mite3/Male/Grey/Light-Feather,2,SakaiVu,RodrigoFreitasBrazilianJiu,Jitsu
Pan Kids IBJJF Jiu-Jitsu Championship 2018,Mighty-Mite3/Male/Grey/Light-Feather,3,JakeJo,AtosJiu,Jitsu
Pan Kids IBJJF Jiu-Jitsu Championship 2018,Mighty-Mite3/Male/Grey/Feather,1,IsaiahMichaelMaldonado,TeamRobsonMoura
Pan Kids IBJJF Jiu-Jitsu Championship 2018,Mighty-Mite3/Male/Grey/Feather,2,JuiliusTroyRodriguez,PresaBrazilianJiu,Jitsu
Pan Kids IBJJF Jiu-Jitsu Championship 2018,Mighty-Mite3/Male/Grey/Feather,3,JuanJoseVelasquez,YamasakiAcademy
Pan Kids IBJJF Jiu-Jitsu Championship 2018,Mighty-Mite3/Male/Grey/Feather,3,ZaynZachariyaBudri,AllAmericanMMA
Pan Kids IBJJF Jiu-Jitsu Championship 2018,Mighty-Mite3/Male/Grey/Light,1,LiamPaulStephens,AtosJiu,Jitsu
Pan Kids IBJJF Jiu-Jitsu Championship 2018,Mighty-Mite3/Male/Grey/Light,2,AndreasSarkissian,Alliance
Pan Kids IBJJF Jiu-Jitsu Championship 2018,Mighty-Mite3/Male/Grey/Light,3,CaioRafeSainz,MMAMasters
Pan Kids IBJJF Jiu-Jitsu Championship 2018,Mighty-Mite3/Male/Grey/Light,3,FlavioSantiagoOrozcoChele,DojoLeoIturralde
Pan Kids IBJJF Jiu-Jitsu Championship 2018,Mighty-Mite3/Male/Grey/Middle,1,NicholasMarceloLagrana,YamasakiAcademy
Pan Kids IBJJF Jiu-Jitsu Championship 2018,Mighty-Mite3/Male/Grey/Middle,2,EnzoCuriel,RodrigoFreitasBrazilianJiu,Jitsu
Pan Kids IBJJF Jiu-Jitsu Championship 2018,Mighty-Mite3/Female/Grey/Light-Feather,1,FaithJewelMartinez,CoyoteBrazilianJiu,JitsuAcademy
Pan Kids IBJJF Jiu-Jitsu Championship 2018,Mighty-Mite3/Female/Grey/Light-Feather,2,MadalenaFlores,AtosJiu,Jitsu
Pan Kids IBJJF Jiu-Jitsu Championship 2018,Mighty-Mite3/Female/Grey/Light-Feather,3,BayleighAzlynnLaJeanSimmons,Alliance
Pan Kids IBJJF Jiu-Jitsu Championship 2018,Mighty-Mite3/Female/Grey/Light-Feather,3,HannahGoudey,AresBJJ
Pan Kids IBJJF Jiu-Jitsu Championship 2018,Mighty-Mite3/Female/Grey/Feather,1,RooseveltMavridis,AtosJiu,Jitsu
Pan Kids IBJJF Jiu-Jitsu Championship 2018,Mighty-Mite3/Female/Grey/Feather,2,AnastynCamAsbury,SamirChantreAcademy
Pan Kids IBJJF Jiu-Jitsu Championship 2018,Mighty-Mite3/Female/Grey/Feather,3,AylaFranco,OverLimitBJJ
Pan Kids IBJJF Jiu-Jitsu Championship 2018,Pee-Wee1/Male/Grey/Light-Feather,1,NoahKanashiro,Bull,TerrierBonsai
Pan Kids IBJJF Jiu-Jitsu Championship 2018,Pee-Wee1/Male/Grey/Light-Feather,2,HadeldaSilvaCruz,InfightJJ
Pan Kids IBJJF Jiu-Jitsu Championship 2018,Pee-Wee1/Male/Grey/Light-Feather,3,CarsonPearson,GracieBarraJJ
Pan Kids IBJJF Jiu-Jitsu Championship 2018,Pee-Wee1/Male/Grey/Light-Feather,3,ElijahAnthonyMartinez,SoulFightersBJJ
Pan Kids IBJJF Jiu-Jitsu Championship 2018,Pee-Wee1/Male/Grey/Feather,1,JeremiahRoberts,SoulFightersBJJ
Pan Kids IBJJF Jiu-Jitsu Championship 2018,Pee-Wee1/Male/Grey/Feather,2,VanLeeMorgan,LuizPalharesJiuJitsu
Pan Kids IBJJF Jiu-Jitsu Championship 2018,Pee-Wee1/Male/Grey/Feather,3,JohnAnthonyBrattelli,Alliance
Pan Kids IBJJF Jiu-Jitsu Championship 2018,Pee-Wee1/Male/Grey/Feather,3,TristonMichaelHolcomb,TeamLloydIrvin
Pan Kids IBJJF Jiu-Jitsu Championship 2018,Pee-Wee1/Male/Grey/Light,1,MasonGomez,CheckMat
Pan Kids IBJJF Jiu-Jitsu Championship 2018,Pee-Wee1/Male/Grey/Light,2,LuluGutierrez,Inverse
Pan Kids IBJJF Jiu-Jitsu Championship 2018,Pee-Wee1/Male/Grey/Light,3,BrockGratias,AtosJiu,Jitsu
Pan Kids IBJJF Jiu-Jitsu Championship 2018,Pee-Wee1/Male/Grey/Light,3,JoséFernandoLunaMedina,BrasaCTA
Pan Kids IBJJF Jiu-Jitsu Championship 2018,Pee-Wee1/Male/Grey/Middle,1,BenjaminWilliamFreitas,MarcoNascimentoBJJ
Pan Kids IBJJF Jiu-Jitsu Championship 2018,Pee-Wee1/Male/Grey/Medium-Heavy,1,CassiusJamesHamamoto,OneJiu,JitsuUSA
Pan Kids IBJJF Jiu-Jitsu Championship 2018,Pee-Wee1/Male/Grey/Medium-Heavy,2,IsaacGonzalesSakamoto,TreeBrazilianJiu,Jitsu
Pan Kids IBJJF Jiu-Jitsu Championship 2018,Pee-Wee1/Female/Grey/Light-Feather,1,AmeliaNoelleGuinn,SamirChantreAcademy
Pan Kids IBJJF Jiu-Jitsu Championship 2018,Pee-Wee1/Female/Grey/Light-Feather,2,AishaJulietUrribarri,Cardona'sBJJMartialArts
Pan Kids IBJJF Jiu-Jitsu Championship 2018,Pee-Wee1/Female/Grey/Light-Feather,3,MaciRayeCastro,UFCGym
Pan Kids IBJJF Jiu-Jitsu Championship 2018,Pee-Wee1/Female/Grey/Light-Feather,3,SophiaFaithRobinson,FabioPradoBJJ
Pan Kids IBJJF Jiu-Jitsu Championship 2018,Pee-Wee1/Female/Grey/Feather,1,MilaBenDavid,SoulFighter'sIsrael
Pan Kids IBJJF Jiu-Jitsu Championship 2018,Pee-Wee1/Female/Grey/Feather,2,AshlinLilySalmon,UFCGym
Pan Kids IBJJF Jiu-Jitsu Championship 2018,Pee-Wee1/Female/Grey/Feather,3,AnicaBarnes,SoulFightersBJJ
Pan Kids IBJJF Jiu-Jitsu Championship 2018,Pee-Wee1/Female/Grey/Feather,3,KyraMyers,BarumJiu,Jitsu
Pan Kids IBJJF Jiu-Jitsu Championship 2018,Pee-Wee1/Female/Grey/Light,1,AlaineIsabellaHernandez,Alliance
Pan Kids IBJJF Jiu-Jitsu Championship 2018,Pee-Wee1/Female/Grey/Light,2,CadencePalugod,Alliance
Pan Kids IBJJF Jiu-Jitsu Championship 2018,Pee-Wee1/Female/Grey/Light,3,MilaSerizawa,AtosJiu,Jitsu
Pan Kids IBJJF Jiu-Jitsu Championship 2018,Pee-Wee1/Female/Grey/Middle,1,ArielleEmmaVanFossen,Alliance
Pan Kids IBJJF Jiu-Jitsu Championship 2018,Pee-Wee1/Female/Grey/Middle,2,IsabellaMorra,TeamDNABJJ
Pan Kids IBJJF Jiu-Jitsu Championship 2018,Pee-Wee1/Female/Grey/Middle,3,RafaelaFernandesdaCosta,InfightJJ
Pan Kids IBJJF Jiu-Jitsu Championship 2018,Pee-Wee1/Female/Grey/Heavy,1,KearaAnnMarieWieczorek,SBGMontana
Pan Kids IBJJF Jiu-Jitsu Championship 2018,Pee-Wee2/Male/Grey/Light-Feather,1,NoahPatrickMoylan,GracieBarra
Pan Kids IBJJF Jiu-Jitsu Championship 2018,Pee-Wee2/Male/Grey/Light-Feather,2,AngeloRohannFabianachu,GracieBarra
Pan Kids IBJJF Jiu-Jitsu Championship 2018,Pee-Wee2/Male/Grey/Light-Feather,3,DashylleMcullenDeGuzman,SoulFightersBJJ
Pan Kids IBJJF Jiu-Jitsu Championship 2018,Pee-Wee2/Male/Grey/Light-Feather,3,HudsonHuh,GracieBarraJJ
Pan Kids IBJJF Jiu-Jitsu Championship 2018,Pee-Wee2/Male/Grey/Feather,1,ColeShuster,UnityJiu,jitsu
Pan Kids IBJJF Jiu-Jitsu Championship 2018,Pee-Wee2/Male/Grey/Feather,2,ReeceAnthonyDixon,Alliance
Pan Kids IBJJF Jiu-Jitsu Championship 2018,Pee-Wee2/Male/Grey/Feather,3,AndrewChristopherCuevas,MMAMasters
Pan Kids IBJJF Jiu-Jitsu Championship 2018,Pee-Wee2/Male/Grey/Feather,3,GeorgeMartinHribar,CheckMat
Pan Kids IBJJF Jiu-Jitsu Championship 2018,Pee-Wee2/Male/Grey/Light,1,SoraKaneko,CarpeDiem
Pan Kids IBJJF Jiu-Jitsu Championship 2018,Pee-Wee2/Male/Grey/Light,2,SashaEdkimNixon,GracieBarra
Pan Kids IBJJF Jiu-Jitsu Championship 2018,Pee-Wee2/Male/Grey/Light,3,SebastianAlexanderGarcia,KingsMMAAnaheim
Pan Kids IBJJF Jiu-Jitsu Championship 2018,Pee-Wee2/Male/Grey/Light,3,VitaliiPushnin,GuerrillaJiuJitsu
Pan Kids IBJJF Jiu-Jitsu Championship 2018,Pee-Wee2/Male/Grey/Middle,1,SidneyMatthewKatz,VagnerRochaMartialArts
Pan Kids IBJJF Jiu-Jitsu Championship 2018,Pee-Wee2/Male/Grey/Middle,2,MatthewAbgrall,ApexMartialArts
Pan Kids IBJJF Jiu-Jitsu Championship 2018,Pee-Wee2/Male/Grey/Middle,3,AustinHester,LuizPalharesJiuJitsu
Pan Kids IBJJF Jiu-Jitsu Championship 2018,Pee-Wee2/Male/Grey/Middle,3,MaximSim,GracieBarra
Pan Kids IBJJF Jiu-Jitsu Championship 2018,Pee-Wee2/Male/Grey/Heavy,1,LoganTyDuldulao,RodrigoFreitasBrazilianJiu,Jitsu
Pan Kids IBJJF Jiu-Jitsu Championship 2018,Pee-Wee2/Male/Grey/Heavy,2,CadenBrentWiser,GracieGymTexas
Pan Kids IBJJF Jiu-Jitsu Championship 2018,Pee-Wee2/Male/Grey/Heavy,3,KolbyKalaniDavis,GracieHumaita
Pan Kids IBJJF Jiu-Jitsu Championship 2018,Pee-Wee2/Male/Grey/Ultra-Heavy,1,BenjaminReidMcTaggart,Alliance
Pan Kids IBJJF Jiu-Jitsu Championship 2018,Pee-Wee2/Male/Grey/Ultra-Heavy,2,Mika'eleRigobertoPinto,AtosJiu,Jitsu
Pan Kids IBJJF Jiu-Jitsu Championship 2018,Pee-Wee2/Male/Grey/Ultra-Heavy,3,SamirChrakie,AllAmericanMMA
Pan Kids IBJJF Jiu-Jitsu Championship 2018,Pee-Wee2/Male/Yellow/Middle,1,CarlosRafaelSainzIII,MMAMasters
Pan Kids IBJJF Jiu-Jitsu Championship 2018,Pee-Wee2/Male/Yellow/Middle,2,RichardPrestonPowell,CarlsonGracieTeam
Pan Kids IBJJF Jiu-Jitsu Championship 2018,Pee-Wee2/Female/Grey/Light-Feather,1,MaliaKollmeyer,Alliance
Pan Kids IBJJF Jiu-Jitsu Championship 2018,Pee-Wee2/Female/Grey/Light-Feather,2,SavannahAnders,GracieBarraJJ
Pan Kids IBJJF Jiu-Jitsu Championship 2018,Pee-Wee2/Female/Grey/Light-Feather,3,AlexiaLati,GUVNABJJ
Pan Kids IBJJF Jiu-Jitsu Championship 2018,Pee-Wee2/Female/Grey/Light-Feather,3,GracelynLoveGreiner,BrasaCTA
Pan Kids IBJJF Jiu-Jitsu Championship 2018,Pee-Wee2/Female/Grey/Feather,1,MeganAu,ApexMartialArts
Pan Kids IBJJF Jiu-Jitsu Championship 2018,Pee-Wee2/Female/Grey/Feather,2,BraylinHermes,CarlsonGracieTeam
Pan Kids IBJJF Jiu-Jitsu Championship 2018,Pee-Wee2/Female/Grey/Feather,3,SydneyAnnKroc,AtosJiu,Jitsu
Pan Kids IBJJF Jiu-Jitsu Championship 2018,Pee-Wee2/Female/Grey/Feather,3,ZoeYazminDelgado,MMAMasters
Pan Kids IBJJF Jiu-Jitsu Championship 2018,Pee-Wee2/Female/Grey/Light,1,LandrieAlexJoseph,SoulFightersBJJ
Pan Kids IBJJF Jiu-Jitsu Championship 2018,Pee-Wee2/Female/Grey/Light,2,LanaWalding,Coalition95
Pan Kids IBJJF Jiu-Jitsu Championship 2018,Pee-Wee2/Female/Grey/Light,3,AlyssaK.Wallace,CheckMat
Pan Kids IBJJF Jiu-Jitsu Championship 2018,Pee-Wee2/Female/Grey/Light,3,MayaCitlaliPadilla,LEADBJJ
Pan Kids IBJJF Jiu-Jitsu Championship 2018,Pee-Wee2/Female/Grey/Heavy,1,MariaAlicedeFariasdaSilva,GracieHumaita
Pan Kids IBJJF Jiu-Jitsu Championship 2018,Pee-Wee2/Female/Grey/Heavy,2,KennedyRieAnneO'Donnell,TeamDNABJJ
Pan Kids IBJJF Jiu-Jitsu Championship 2018,Pee-Wee3/Male/Grey/Light-Feather,1,OscarMarquesCavalcanteBisneto,GracieBarra
Pan Kids IBJJF Jiu-Jitsu Championship 2018,Pee-Wee3/Male/Grey/Light-Feather,2,OukaAoki,CarpeDiem
Pan Kids IBJJF Jiu-Jitsu Championship 2018,Pee-Wee3/Male/Grey/Light-Feather,3,BeckettResner,AmazonasRiceBrosBJJ
Pan Kids IBJJF Jiu-Jitsu Championship 2018,Pee-Wee3/Male/Grey/Light-Feather,3,SamuelJimenez,NewBreedAcademy
Pan Kids IBJJF Jiu-Jitsu Championship 2018,Pee-Wee3/Male/Grey/Feather,1,MatthewVelez,TeamRobsonMoura
Pan Kids IBJJF Jiu-Jitsu Championship 2018,Pee-Wee3/Male/Grey/Feather,2,TeaganAlexanderMcrae,RodrigoFreitasBrazilianJiu,Jitsu
Pan Kids IBJJF Jiu-Jitsu Championship 2018,Pee-Wee3/Male/Grey/Feather,3,AlfonsoVirata,CarlsonGracieTeam
Pan Kids IBJJF Jiu-Jitsu Championship 2018,Pee-Wee3/Male/Grey/Feather,3,JarredDabanBenedicto,GracieHumaita
Pan Kids IBJJF Jiu-Jitsu Championship 2018,Pee-Wee3/Male/Grey/Light,1,SeanKIM,MohlerJiu,Jitsu
Pan Kids IBJJF Jiu-Jitsu Championship 2018,Pee-Wee3/Male/Grey/Light,2,WilliamJohnBarden,TRUJITSU/Outliers
Pan Kids IBJJF Jiu-Jitsu Championship 2018,Pee-Wee3/Male/Grey/Light,3,MarianoCristianoMoreno,YamasakiAcademy
Pan Kids IBJJF Jiu-Jitsu Championship 2018,Pee-Wee3/Male/Grey/Light,3,MatijaTuzovic,Alliance
Pan Kids IBJJF Jiu-Jitsu Championship 2018,Pee-Wee3/Male/Grey/Middle,1,DylanBalestino,YamasakiAcademy
Pan Kids IBJJF Jiu-Jitsu Championship 2018,Pee-Wee3/Male/Grey/Middle,2,RyanNewell,RMAJiu,JitsuAcademy
Pan Kids IBJJF Jiu-Jitsu Championship 2018,Pee-Wee3/Male/Grey/Middle,3,KonradVladyslawSliwinski,MamuteMartialArtsAcademy
Pan Kids IBJJF Jiu-Jitsu Championship 2018,Pee-Wee3/Male/Grey/Middle,3,MaximusJarboe,AmericanTopTeamCoconutCreek
Pan Kids IBJJF Jiu-Jitsu Championship 2018,Pee-Wee3/Male/Grey/Medium-Heavy,1,SebastianGonzalez,MiamiWMB
Pan Kids IBJJF Jiu-Jitsu Championship 2018,Pee-Wee3/Male/Grey/Medium-Heavy,2,EvanYim,GracieGymTexas
Pan Kids IBJJF Jiu-Jitsu Championship 2018,Pee-Wee3/Male/Grey/Heavy,1,HazielColin,ATCBJJ
Pan Kids IBJJF Jiu-Jitsu Championship 2018,Pee-Wee3/Male/Grey/Heavy,2,JosiahBuie,BrazilianTopTeam,ATX
Pan Kids IBJJF Jiu-Jitsu Championship 2018,Pee-Wee3/Male/Grey/Ultra-Heavy,1,JaggerKaelSpringfield,LuizPalharesJiuJitsu
Pan Kids IBJJF Jiu-Jitsu Championship 2018,Pee-Wee3/Male/Grey/Ultra-Heavy,2,LukeJaxsonSchoch,RalphGracie
Pan Kids IBJJF Jiu-Jitsu Championship 2018,Pee-Wee3/Male/Grey/Ultra-Heavy,3,ColetonMichaelLaFontaine,ClaudioFranca
Pan Kids IBJJF Jiu-Jitsu Championship 2018,Pee-Wee3/Male/Grey/Ultra-Heavy,3,DarioJoseSanchez,RibeiroJiu,Jitsu
Pan Kids IBJJF Jiu-Jitsu Championship 2018,Pee-Wee3/Male/Yellow/Light-Feather,1,ThomasBoyce,MPREndurance
Pan Kids IBJJF Jiu-Jitsu Championship 2018,Pee-Wee3/Male/Yellow/Light-Feather,2,CarsonRileyLungull,ApexMartialArts
Pan Kids IBJJF Jiu-Jitsu Championship 2018,Pee-Wee3/Male/Yellow/Light-Feather,3,GiovaniSuarez,JavierBlanchardBrazilianJiu,Jitsu
Pan Kids IBJJF Jiu-Jitsu Championship 2018,Pee-Wee3/Male/Yellow/Light-Feather,3,JuliusMarkVillamil,Alliance
Pan Kids IBJJF Jiu-Jitsu Championship 2018,Pee-Wee3/Male/Yellow/Feather,1,TobyJamesGamble,LuizPalharesJiuJitsu
Pan Kids IBJJF Jiu-Jitsu Championship 2018,Pee-Wee3/Male/Yellow/Feather,2,CalahanVuNguyen,RMAJiu,JitsuAcademy
Pan Kids IBJJF Jiu-Jitsu Championship 2018,Pee-Wee3/Male/Yellow/Feather,3,ElijahAgustineNehme,ATCBJJ
Pan Kids IBJJF Jiu-Jitsu Championship 2018,Pee-Wee3/Male/Yellow/Feather,3,KalijahKageWieczorek,SBGMontana
Pan Kids IBJJF Jiu-Jitsu Championship 2018,Pee-Wee3/Male/Yellow/Light,1,MiguelGerenimodaSilva,GracieBarra
Pan Kids IBJJF Jiu-Jitsu Championship 2018,Pee-Wee3/Male/Yellow/Light,2,GabrielXanderJacobus,DeLaRivaColumbus
Pan Kids IBJJF Jiu-Jitsu Championship 2018,Pee-Wee3/Male/Yellow/Light,3,GiovanniRobertBrown,GracieHumaita
Pan Kids IBJJF Jiu-Jitsu Championship 2018,Pee-Wee3/Male/Yellow/Light,3,MaximVinhFedorchak,Alliance
Pan Kids IBJJF Jiu-Jitsu Championship 2018,Pee-Wee3/Male/Yellow/Medium-Heavy,1,JohnChristianPinedaJr,RibeiroJiu,Jitsu
Pan Kids IBJJF Jiu-Jitsu Championship 2018,Pee-Wee3/Male/Yellow/Medium-Heavy,2,JonnathanQuijada,RodrigoFreitasBrazilianJiu,Jitsu
Pan Kids IBJJF Jiu-Jitsu Championship 2018,Pee-Wee3/Male/Yellow/Super-Heavy,1,JadChrissUrribarri,Cardona'sBJJMartialArts
Pan Kids IBJJF Jiu-Jitsu Championship 2018,Pee-Wee3/Male/Yellow/Ultra-Heavy,1,SatoshiBryceDavis,CaveirinhaJiu,JitsuFamilyUSA
Pan Kids IBJJF Jiu-Jitsu Championship 2018,Pee-Wee3/Female/Grey/Light-Feather,1,SierraAnnFahn,TRUJITSU/Outliers
Pan Kids IBJJF Jiu-Jitsu Championship 2018,Pee-Wee3/Female/Grey/Light-Feather,2,AnaliaDiaz,MMAMasters
Pan Kids IBJJF Jiu-Jitsu Championship 2018,Pee-Wee3/Female/Grey/Light-Feather,3,AllisonCruz,RibeiroJiu,Jitsu
Pan Kids IBJJF Jiu-Jitsu Championship 2018,Pee-Wee3/Female/Grey/Light-Feather,3,SydneyFujinoScott,YamasakiAcademy
Pan Kids IBJJF Jiu-Jitsu Championship 2018,Pee-Wee3/Female/Grey/Feather,1,NalaniMCheca,GFTeamCalifornia
Pan Kids IBJJF Jiu-Jitsu Championship 2018,Pee-Wee3/Female/Grey/Feather,2,HeavenAngelEsparza,SFSMMA
Pan Kids IBJJF Jiu-Jitsu Championship 2018,Pee-Wee3/Female/Grey/Feather,3,EmiMarieLorraineHanson,RibeiroJiu,Jitsu
Pan Kids IBJJF Jiu-Jitsu Championship 2018,Pee-Wee3/Female/Grey/Feather,3,KeevaMarieCole,AtosJiu,Jitsu
Pan Kids IBJJF Jiu-Jitsu Championship 2018,Pee-Wee3/Female/Grey/Light,1,NinaJacob,GracieHumaita
Pan Kids IBJJF Jiu-Jitsu Championship 2018,Pee-Wee3/Female/Grey/Light,2,LondonDNavarro,AtosJiu,Jitsu
Pan Kids IBJJF Jiu-Jitsu Championship 2018,Pee-Wee3/Female/Grey/Light,3,EmmaJaneZinser,DelMarJiu,JitsuClub
Pan Kids IBJJF Jiu-Jitsu Championship 2018,Pee-Wee3/Female/Grey/Light,3,MiaMoniqueCastroIglesias,PurebredJiuJitsuGuam
Pan Kids IBJJF Jiu-Jitsu Championship 2018,Pee-Wee3/Female/Yellow/Feather,1,NyaRuotolo,AtosJiu,Jitsu
Pan Kids IBJJF Jiu-Jitsu Championship 2018,Pee-Wee3/Female/Yellow/Feather,2,AylaIsaacs,GhostSquadBJJTeam
Pan Kids IBJJF Jiu-Jitsu Championship 2018,Junior1/Male/Grey/Rooster,1,AaharenAganPiranavan,MamuteMartialArtsAcademy
Pan Kids IBJJF Jiu-Jitsu Championship 2018,Junior1/Male/Grey/Rooster,2,MaxSzymanski,BJJCoach,Corral'sMartialArts
Pan Kids IBJJF Jiu-Jitsu Championship 2018,Junior1/Male/Grey/Rooster,3,RykerRyanLipscomb,MaracabaBJJ
Pan Kids IBJJF Jiu-Jitsu Championship 2018,Junior1/Male/Grey/Rooster,3,YancyJacobJarrell,LEADBJJ
Pan Kids IBJJF Jiu-Jitsu Championship 2018,Junior1/Male/Grey/Light-Feather,1,MickMoylan,GracieBarraBJJ
Pan Kids IBJJF Jiu-Jitsu Championship 2018,Junior1/Male/Grey/Light-Feather,2,ChristopherRyanQureshi,GracieBarra
Pan Kids IBJJF Jiu-Jitsu Championship 2018,Junior1/Male/Grey/Light-Feather,3,GeorellBigalbal,TeamLloydIrvin
Pan Kids IBJJF Jiu-Jitsu Championship 2018,Junior1/Male/Grey/Light-Feather,3,LiamMatthewQureshi,GracieBarra
Pan Kids IBJJF Jiu-Jitsu Championship 2018,Junior1/Male/Grey/Feather,1,MauricioRodySoares,GracieBarra
Pan Kids IBJJF Jiu-Jitsu Championship 2018,Junior1/Male/Grey/Feather,2,YeoPhacharaRedman,NovaUnião
Pan Kids IBJJF Jiu-Jitsu Championship 2018,Junior1/Male/Grey/Feather,3,MaddoxMarinLong,OneJiu,JitsuUSA
Pan Kids IBJJF Jiu-Jitsu Championship 2018,Junior1/Male/Grey/Feather,3,MicahRamos,GracieBarra
Pan Kids IBJJF Jiu-Jitsu Championship 2018,Junior1/Male/Grey/Light,1,BryanMoreiraPessanha,GFTeam
Pan Kids IBJJF Jiu-Jitsu Championship 2018,Junior1/Male/Grey/Light,2,TaiwanDowdII,TeamLloydIrvin
Pan Kids IBJJF Jiu-Jitsu Championship 2018,Junior1/Male/Grey/Light,3,AlbertoSaidLeyva,TeixeiraGarciaBrazilianJiuJitsu
Pan Kids IBJJF Jiu-Jitsu Championship 2018,Junior1/Male/Grey/Light,3,DiegoAlexandreAlasRibeiro,TeamDNABJJ
Pan Kids IBJJF Jiu-Jitsu Championship 2018,Junior1/Male/Grey/Middle,1,LukeEvanReid,BJJCoach,Corral'sMartialArts
Pan Kids IBJJF Jiu-Jitsu Championship 2018,Junior1/Male/Grey/Middle,2,EthanTran,VagnerRochaMartialArts
Pan Kids IBJJF Jiu-Jitsu Championship 2018,Junior1/Male/Grey/Middle,3,LandonElijahGuzman,HonorRollBJJ
Pan Kids IBJJF Jiu-Jitsu Championship 2018,Junior1/Male/Grey/Middle,3,TristanWilliamEdwardDuncan,CleberJiuJitsuVisalia
Pan Kids IBJJF Jiu-Jitsu Championship 2018,Junior1/Male/Grey/Medium-Heavy,1,DidierNovoa,MiamiWMB
Pan Kids IBJJF Jiu-Jitsu Championship 2018,Junior1/Male/Grey/Medium-Heavy,2,VicenzoRikenPascualRamos,GracieHumaita
Pan Kids IBJJF Jiu-Jitsu Championship 2018,Junior1/Male/Grey/Medium-Heavy,3,AndreArutyunKeshishyan,DartanianJiu,Jitsu
Pan Kids IBJJF Jiu-Jitsu Championship 2018,Junior1/Male/Grey/Medium-Heavy,3,ChristianIsaacInzunzaDale,BrasaCTA
Pan Kids IBJJF Jiu-Jitsu Championship 2018,Junior1/Male/Grey/Heavy,1,TristinWebb,TeamRivasBrazilianJiu,Jitsu
Pan Kids IBJJF Jiu-Jitsu Championship 2018,Junior1/Male/Grey/Heavy,2,ConnerHermes,CarlsonGracieTeam
Pan Kids IBJJF Jiu-Jitsu Championship 2018,Junior1/Male/Grey/Ultra-Heavy,1,JackTamarit,MarcioCruzBrazilianJiu,Jitsu
Pan Kids IBJJF Jiu-Jitsu Championship 2018,Junior1/Male/Grey/Ultra-Heavy,2,AaronNathanielSolis,LEADBJJ
Pan Kids IBJJF Jiu-Jitsu Championship 2018,Junior1/Male/Yellow/Rooster,1,SaulodePáduaCazeiroMunizBravo,GracieHumaita
Pan Kids IBJJF Jiu-Jitsu Championship 2018,Junior1/Male/Yellow/Rooster,2,IsaiahGomez,KillerBeesBJJCollege
Pan Kids IBJJF Jiu-Jitsu Championship 2018,Junior1/Male/Yellow/Rooster,3,ArtemZaytsev,GracieJiu,JitsuPraha
Pan Kids IBJJF Jiu-Jitsu Championship 2018,Junior1/Male/Yellow/Light-Feather,1,CameronLeeOlenick,RMAJiu,JitsuAcademy
Pan Kids IBJJF Jiu-Jitsu Championship 2018,Junior1/Male/Yellow/Light-Feather,2,BrodyJamesLiening,CarlsonGracieTeam
Pan Kids IBJJF Jiu-Jitsu Championship 2018,Junior1/Male/Yellow/Light-Feather,3,RioAmaruDeSouza,CarlsonGracieTeam
Pan Kids IBJJF Jiu-Jitsu Championship 2018,Junior1/Male/Yellow/Light-Feather,3,SilverSaulFinkey,BJJRevolutionTeam
Pan Kids IBJJF Jiu-Jitsu Championship 2018,Junior1/Male/Yellow/Feather,1,FrankAlecZambadaLara,AtosJiu,Jitsu
Pan Kids IBJJF Jiu-Jitsu Championship 2018,Junior1/Male/Yellow/Feather,2,DiegoMoreno,GracieBarra
Pan Kids IBJJF Jiu-Jitsu Championship 2018,Junior1/Male/Yellow/Feather,3,BrendanAaronKorsen,GracieBarraJJ
Pan Kids IBJJF Jiu-Jitsu Championship 2018,Junior1/Male/Yellow/Feather,3,JosephLokene,KonalaSchobel,RodrigoFreitasBrazilianJiu,Jitsu
Pan Kids IBJJF Jiu-Jitsu Championship 2018,Junior1/Male/Yellow/Light,1,MasonS.Savidan,CheckMat
Pan Kids IBJJF Jiu-Jitsu Championship 2018,Junior1/Male/Yellow/Light,2,LeviFoote,TheHiveMartialArtsAcademy
Pan Kids IBJJF Jiu-Jitsu Championship 2018,Junior1/Male/Yellow/Light,3,BradenTrang,AllAmericanMMA
Pan Kids IBJJF Jiu-Jitsu Championship 2018,Junior1/Male/Yellow/Light,3,KaseyJamesWycotte,CarlsonGracieTeam
Pan Kids IBJJF Jiu-Jitsu Championship 2018,Junior1/Male/Yellow/Middle,1,Ames,MichaelElijahHoevker,TRUJITSU/Outliers
Pan Kids IBJJF Jiu-Jitsu Championship 2018,Junior1/Male/Yellow/Middle,2,ArthurdaSilvaPimenta,GFTeam
Pan Kids IBJJF Jiu-Jitsu Championship 2018,Junior1/Male/Yellow/Middle,3,AedanJosephPrata,CascaoJiu,Jitsu
Pan Kids IBJJF Jiu-Jitsu Championship 2018,Junior1/Male/Yellow/Middle,3,RyderMichaelWalding,Coalition95
Pan Kids IBJJF Jiu-Jitsu Championship 2018,Junior1/Male/Yellow/Medium-Heavy,1,RicardoCandidoGomesFilho,AcademiaBulldogTeam
Pan Kids IBJJF Jiu-Jitsu Championship 2018,Junior1/Male/Yellow/Medium-Heavy,2,VictorSadraqueGonçalvesDantas,BurtonDeyvesBJJTeam
Pan Kids IBJJF Jiu-Jitsu Championship 2018,Junior1/Male/Yellow/Medium-Heavy,3,KauandaSilvaGallinaro,GracieBarra
Pan Kids IBJJF Jiu-Jitsu Championship 2018,Junior1/Male/Yellow/Medium-Heavy,3,NoahMadoxSantana,Dolan,GracieBarra
Pan Kids IBJJF Jiu-Jitsu Championship 2018,Junior1/Female/Grey/Rooster,1,NataleeFunegra,AtosJiu,Jitsu
Pan Kids IBJJF Jiu-Jitsu Championship 2018,Junior1/Female/Grey/Rooster,2,HarmonyGaniyaDixon,TeamLloydIrvin
Pan Kids IBJJF Jiu-Jitsu Championship 2018,Junior1/Female/Grey/Rooster,3,SiannaSepulveda,FightSports
Pan Kids IBJJF Jiu-Jitsu Championship 2018,Junior1/Female/Grey/Rooster,3,SophiaCelineBehar,EvolveMMA
Pan Kids IBJJF Jiu-Jitsu Championship 2018,Junior1/Female/Grey/Light-Feather,1,ArianaNicoleBrattelli,Alliance
Pan Kids IBJJF Jiu-Jitsu Championship 2018,Junior1/Female/Grey/Light-Feather,2,KaiyaNaomi,FayMaggini,Foster,AresBJJRocklin
Pan Kids IBJJF Jiu-Jitsu Championship 2018,Junior1/Female/Grey/Light-Feather,3,GabrielleHo,AEGJiu,Jitsu
Pan Kids IBJJF Jiu-Jitsu Championship 2018,Junior1/Female/Grey/Light-Feather,3,TylieUalaniAnnPeralta,AtosJiu,Jitsu
Pan Kids IBJJF Jiu-Jitsu Championship 2018,Junior1/Female/Grey/Feather,1,JianaAlexisMartinezRivera,CarlsonGracieTeam
Pan Kids IBJJF Jiu-Jitsu Championship 2018,Junior1/Female/Grey/Feather,2,EllaLynnSims,CarlsonGracieTeam
Pan Kids IBJJF Jiu-Jitsu Championship 2018,Junior1/Female/Grey/Feather,3,DesiréeDeilaPacheco,GracieHumaita
Pan Kids IBJJF Jiu-Jitsu Championship 2018,Junior1/Female/Grey/Feather,3,MarianaIsabellaBowen,ZenithBJJ
Pan Kids IBJJF Jiu-Jitsu Championship 2018,Junior1/Female/Grey/Light,1,PaydenceGiselleManibusan,Alliance
Pan Kids IBJJF Jiu-Jitsu Championship 2018,Junior1/Female/Grey/Light,2,EduardaKeikoChibaDeBessa,MottaJiu,Jitsu
Pan Kids IBJJF Jiu-Jitsu Championship 2018,Junior1/Female/Grey/Light,3,MarleyMaeWulfestieg,GracieBarra
Pan Kids IBJJF Jiu-Jitsu Championship 2018,Junior1/Female/Grey/Light,3,MazzieHetzel,GracieGymTexas
Pan Kids IBJJF Jiu-Jitsu Championship 2018,Junior1/Female/Grey/Middle,1,ElisaReneeCantu,OhanaJiu,JitsuAcademy
Pan Kids IBJJF Jiu-Jitsu Championship 2018,Junior1/Female/Grey/Middle,2,BreannaBunyan,Alliance
Pan Kids IBJJF Jiu-Jitsu Championship 2018,Junior1/Female/Grey/Middle,3,IvanaLynOdle,BrasaCTA
Pan Kids IBJJF Jiu-Jitsu Championship 2018,Junior1/Female/Grey/Medium-Heavy,1,AnaliciaKirk,OneJiu,JitsuUSA
Pan Kids IBJJF Jiu-Jitsu Championship 2018,Junior1/Female/Grey/Medium-Heavy,2,AzizahRahman,CarlsonGracieTeam
Pan Kids IBJJF Jiu-Jitsu Championship 2018,Junior1/Female/Grey/Medium-Heavy,3,AvaKristinRaeSullivan,TeamMaxwell
Pan Kids IBJJF Jiu-Jitsu Championship 2018,Junior1/Female/Yellow/Rooster,1,CarlyReneeRodriguez,PresaBrazilianJiu,Jitsu
Pan Kids IBJJF Jiu-Jitsu Championship 2018,Junior1/Female/Yellow/Rooster,2,CharleeJuneWitsch,SynergyBrazilianJiuJitsu
Pan Kids IBJJF Jiu-Jitsu Championship 2018,Junior1/Female/Yellow/Rooster,3,OliviaEHernandez,BrazilianTopTeam,ATX
Pan Kids IBJJF Jiu-Jitsu Championship 2018,Junior1/Female/Yellow/Light-Feather,1,HadiyaGalvante,AtosJiu,Jitsu
Pan Kids IBJJF Jiu-Jitsu Championship 2018,Junior1/Female/Yellow/Light-Feather,2,YasminCristinaEstefanelidosSantos,InfightJJ
Pan Kids IBJJF Jiu-Jitsu Championship 2018,Junior1/Female/Yellow/Feather,1,DaniaSilva,SoulFightersBJJ
Pan Kids IBJJF Jiu-Jitsu Championship 2018,Junior1/Female/Yellow/Feather,2,LeannaAu,ApexMartialArts
Pan Kids IBJJF Jiu-Jitsu Championship 2018,Junior1/Female/Yellow/Feather,3,OliviaSakuraCiampa,CascaoJiu,Jitsu
Pan Kids IBJJF Jiu-Jitsu Championship 2018,Junior1/Female/Yellow/Light,1,AshlinNeylan,BARBOSAJIU,JITSUUSA
Pan Kids IBJJF Jiu-Jitsu Championship 2018,Junior1/Female/Yellow/Light,2,VanessaIlysePirrello,CheckMat
Pan Kids IBJJF Jiu-Jitsu Championship 2018,Junior1/Female/Yellow/Light,3,AlexandraSykeMorra,TeamDNABJJ
Pan Kids IBJJF Jiu-Jitsu Championship 2018,Junior2/Male/Grey/Rooster,1,ConstantineFrancisco,GracieBarra
Pan Kids IBJJF Jiu-Jitsu Championship 2018,Junior2/Male/Grey/Rooster,2,JerryPerico,CleberJiuJitsuVisalia
Pan Kids IBJJF Jiu-Jitsu Championship 2018,Junior2/Male/Grey/Rooster,3,JacksonWeeks,AllAmericanMMA
Pan Kids IBJJF Jiu-Jitsu Championship 2018,Junior2/Male/Grey/Rooster,3,JesiahConol,AtosJiu,Jitsu
Pan Kids IBJJF Jiu-Jitsu Championship 2018,Junior2/Male/Grey/Light-Feather,1,RenanDoCarmoOttoni,Alliance
Pan Kids IBJJF Jiu-Jitsu Championship 2018,Junior2/Male/Grey/Light-Feather,2,ChaunceyTillman,TeamLloydIrvin
Pan Kids IBJJF Jiu-Jitsu Championship 2018,Junior2/Male/Grey/Light-Feather,3,DarryanRobertMckann,TeamLloydIrvin
Pan Kids IBJJF Jiu-Jitsu Championship 2018,Junior2/Male/Grey/Light-Feather,3,LoganBrickell,ZenithBJJ,USA
Pan Kids IBJJF Jiu-Jitsu Championship 2018,Junior2/Male/Grey/Feather,1,LuisIgnacioGarcia,Ortega,Alliance
Pan Kids IBJJF Jiu-Jitsu Championship 2018,Junior2/Male/Grey/Feather,2,RyuIbe,CarpeDiem
Pan Kids IBJJF Jiu-Jitsu Championship 2018,Junior2/Male/Grey/Feather,3,DamianTemple,GracieBarra
Pan Kids IBJJF Jiu-Jitsu Championship 2018,Junior2/Male/Grey/Feather,3,JadenEDuBois,OneJiu,JitsuUSA
Pan Kids IBJJF Jiu-Jitsu Championship 2018,Junior2/Male/Grey/Light,1,LucaVeras,CheckMat
Pan Kids IBJJF Jiu-Jitsu Championship 2018,Junior2/Male/Grey/Light,2,JacobDeanOwen,GracieBarra
Pan Kids IBJJF Jiu-Jitsu Championship 2018,Junior2/Male/Grey/Light,3,RhoninJamesSwenson,TeamLloydIrvin
Pan Kids IBJJF Jiu-Jitsu Championship 2018,Junior2/Male/Grey/Light,3,YuriJustinRomo,GracieBarraJJ
Pan Kids IBJJF Jiu-Jitsu Championship 2018,Junior2/Male/Grey/Middle,1,JoelThomasHetzel,GracieGymTexas
Pan Kids IBJJF Jiu-Jitsu Championship 2018,Junior2/Male/Grey/Middle,2,AntonioFigueiredoGenovesi,Alliance
Pan Kids IBJJF Jiu-Jitsu Championship 2018,Junior2/Male/Grey/Middle,3,EthanDavidWong,MamuteMartialArtsAcademy
Pan Kids IBJJF Jiu-Jitsu Championship 2018,Junior2/Male/Grey/Middle,3,MylesJoaquinJavelosa,TeixeiraGarciaBrazilianJiuJitsu
Pan Kids IBJJF Jiu-Jitsu Championship 2018,Junior2/Male/Grey/Medium-Heavy,1,OmarDiriee,Juniko'
Pan Kids IBJJF Jiu-Jitsu Championship 2018,Junior2/Male/Grey/Medium-Heavy,2,RyanJoshuaRizo,FightSports
Pan Kids IBJJF Jiu-Jitsu Championship 2018,Junior2/Male/Grey/Medium-Heavy,3,JoaquinSilva,BarumJiu,Jitsu
Pan Kids IBJJF Jiu-Jitsu Championship 2018,Junior2/Male/Grey/Medium-Heavy,3,RohanStorck,BarumJiu,Jitsu
Pan Kids IBJJF Jiu-Jitsu Championship 2018,Junior2/Male/Grey/Heavy,1,NolanArjenEdwardO'Donnell,TeamDNABJJ
Pan Kids IBJJF Jiu-Jitsu Championship 2018,Junior2/Male/Grey/Heavy,2,AdrianDanielCuevas,MMAMasters
Pan Kids IBJJF Jiu-Jitsu Championship 2018,Junior2/Male/Grey/Heavy,3,RyanGaus,CheckMat
Pan Kids IBJJF Jiu-Jitsu Championship 2018,Junior2/Male/Grey/Heavy,3,StephenAndrewPalmaresCartagena,EvolveMMA
Pan Kids IBJJF Jiu-Jitsu Championship 2018,Junior2/Male/Grey/Super-Heavy,1,KaylenShivaHakeemVassoodaven,NewSchoolBJJ
Pan Kids IBJJF Jiu-Jitsu Championship 2018,Junior2/Male/Grey/Super-Heavy,2,RyanJamesGomizelj,ZenithBJJ,Canada
Pan Kids IBJJF Jiu-Jitsu Championship 2018,Junior2/Male/Grey/Super-Heavy,3,CollinC.Bennett,AtosJiu,Jitsu
Pan Kids IBJJF Jiu-Jitsu Championship 2018,Junior2/Male/Grey/Super-Heavy,3,RichardDanielJavier,SamirChantreAcademy
Pan Kids IBJJF Jiu-Jitsu Championship 2018,Junior2/Male/Yellow/Rooster,1,JosephColtonVelaV,GracieBarra
Pan Kids IBJJF Jiu-Jitsu Championship 2018,Junior2/Male/Yellow/Rooster,2,HunterMekoaBerger,CaveirinhaJiu,JitsuFamilyUSA
Pan Kids IBJJF Jiu-Jitsu Championship 2018,Junior2/Male/Yellow/Rooster,3,NickKachasetLee,PhenomBrazilianJiu,Jitsu
Pan Kids IBJJF Jiu-Jitsu Championship 2018,Junior2/Male/Yellow/Rooster,3,RickySousa,TorontoBJJ
Pan Kids IBJJF Jiu-Jitsu Championship 2018,Junior2/Male/Yellow/Light-Feather,1,RileyArjanJhuty,ApexMartialArts
Pan Kids IBJJF Jiu-Jitsu Championship 2018,Junior2/Male/Yellow/Light-Feather,2,IsaAnwerAbdulRahman,CheckMat
Pan Kids IBJJF Jiu-Jitsu Championship 2018,Junior2/Male/Yellow/Light-Feather,3,RenzoInoueMachado,GordoJiu,Jitsu
Pan Kids IBJJF Jiu-Jitsu Championship 2018,Junior2/Male/Yellow/Light-Feather,3,RonaldAnthonyBruceIII,TeamLloydIrvin
Pan Kids IBJJF Jiu-Jitsu Championship 2018,Junior2/Male/Yellow/Feather,1,LoganJamesHicks,SamirChantreAcademy
Pan Kids IBJJF Jiu-Jitsu Championship 2018,Junior2/Male/Yellow/Feather,2,BrendodeLimaRozendo,Alliance
Pan Kids IBJJF Jiu-Jitsu Championship 2018,Junior2/Male/Yellow/Feather,3,DavidSebastianVillegas,AtosJiu,Jitsu
Pan Kids IBJJF Jiu-Jitsu Championship 2018,Junior2/Male/Yellow/Feather,3,JoshuaXavierPatino,AllAmericanMMA
Pan Kids IBJJF Jiu-Jitsu Championship 2018,Junior2/Male/Yellow/Light,1,JulioCesarSuziganMartins,BARBOSAJIU,JITSU
Pan Kids IBJJF Jiu-Jitsu Championship 2018,Junior2/Male/Yellow/Light,2,JacksonC.Glass,GracieBarra
Pan Kids IBJJF Jiu-Jitsu Championship 2018,Junior2/Male/Yellow/Light,3,BenyaminYehoshuaFuller,CobraKaiJiuJitsu
Pan Kids IBJJF Jiu-Jitsu Championship 2018,Junior2/Male/Yellow/Light,3,MarcoSondhi,TorontoBJJ
Pan Kids IBJJF Jiu-Jitsu Championship 2018,Junior2/Male/Yellow/Middle,2,SyrussDomingoFlores,CheckMat
Pan Kids IBJJF Jiu-Jitsu Championship 2018,Junior2/Male/Yellow/Middle,3,JoaquinCarrasco,LEADBJJ
Pan Kids IBJJF Jiu-Jitsu Championship 2018,Junior2/Male/Yellow/Middle,3,YuriMonteiroSilva,IconJiu,JitsuTeam,Niteroi
Pan Kids IBJJF Jiu-Jitsu Championship 2018,Junior2/Male/Yellow/Medium-Heavy,1,DeltonAlexanderKaufmann,MaracabaBJJ
Pan Kids IBJJF Jiu-Jitsu Championship 2018,Junior2/Male/Yellow/Medium-Heavy,2,CadeWilliamHandy,Alliance
Pan Kids IBJJF Jiu-Jitsu Championship 2018,Junior2/Male/Yellow/Medium-Heavy,3,BraedonJosephShaw,NiagaraBrazilianJiu,Jitsu
Pan Kids IBJJF Jiu-Jitsu Championship 2018,Junior2/Male/Yellow/Medium-Heavy,3,JoaoLucasCaiadoGuerra,YamasakiAcademy
Pan Kids IBJJF Jiu-Jitsu Championship 2018,Junior2/Male/Yellow/Heavy,1,MalachiCastano,TeamShark,DanielPinheiroBrazilianJiu,Jitsu
Pan Kids IBJJF Jiu-Jitsu Championship 2018,Junior2/Male/Yellow/Heavy,2,OwenMichaelDuckworth,Coalition95
Pan Kids IBJJF Jiu-Jitsu Championship 2018,Junior2/Male/Yellow/Super-Heavy,1,RyanAnthonyAtilano,HonorRollBJJ
Pan Kids IBJJF Jiu-Jitsu Championship 2018,Junior2/Male/Yellow/Super-Heavy,2,CaíqueCajerondaSilvaCabral,BARBOSAJIU,JITSU
Pan Kids IBJJF Jiu-Jitsu Championship 2018,Junior2/Male/Yellow/Super-Heavy,3,ForrestHitoshiDavis,CaveirinhaJiu,JitsuFamilyUSA
Pan Kids IBJJF Jiu-Jitsu Championship 2018,Junior2/Male/Yellow/Ultra-Heavy,1,JasonLambertDixonJr.,UnityJiu,jitsu
Pan Kids IBJJF Jiu-Jitsu Championship 2018,Junior2/Male/Yellow/Ultra-Heavy,2,ChristopherDHernandez,CarlsonGracieTeam
Pan Kids IBJJF Jiu-Jitsu Championship 2018,Junior2/Male/Yellow/Ultra-Heavy,3,JustinDavidCampos,HonorRollBJJ
Pan Kids IBJJF Jiu-Jitsu Championship 2018,Junior2/Male/Yellow/Ultra-Heavy,3,KasenBlaiseMeeks,LuizPalharesJiuJitsu
Pan Kids IBJJF Jiu-Jitsu Championship 2018,Junior2/Male/Orange/Light-Feather,1,KanoaBrown,AmazonasRiceBrosBJJ
Pan Kids IBJJF Jiu-Jitsu Championship 2018,Junior2/Male/Orange/Light-Feather,2,JuelzSincereDevera,CheckMat
Pan Kids IBJJF Jiu-Jitsu Championship 2018,Junior2/Male/Orange/Medium-Heavy,1,CooperJayHill,Alliance
Pan Kids IBJJF Jiu-Jitsu Championship 2018,Junior2/Male/Orange/Medium-Heavy,2,BarrettPhilipHazen,RibeiroJiu,Jitsu
Pan Kids IBJJF Jiu-Jitsu Championship 2018,Junior2/Male/Orange/Super-Heavy,1,TristanRoccoSainz,MMAMasters
Pan Kids IBJJF Jiu-Jitsu Championship 2018,Junior2/Male/Orange/Super-Heavy,2,JeremyPLeBlanc,OneJiu,JitsuUSA
Pan Kids IBJJF Jiu-Jitsu Championship 2018,Junior2/Male/Orange/Ultra-Heavy,1,MarcosFranciscoAlvarado,AmazonasRiceBrosBJJ
Pan Kids IBJJF Jiu-Jitsu Championship 2018,Junior2/Male/Orange/Ultra-Heavy,2,JadenKhaiMarshall,RodrigoFreitasBrazilianJiu,Jitsu
Pan Kids IBJJF Jiu-Jitsu Championship 2018,Junior2/Female/Grey/Rooster,1,MaliyaJaidenLumahan,GracieHumaita
Pan Kids IBJJF Jiu-Jitsu Championship 2018,Junior2/Female/Grey/Rooster,2,MiaSeleneMendoza,CarlsonGracieTeam
Pan Kids IBJJF Jiu-Jitsu Championship 2018,Junior2/Female/Grey/Rooster,3,AnastasiaPetrushkin,Alliance
Pan Kids IBJJF Jiu-Jitsu Championship 2018,Junior2/Female/Grey/Rooster,3,TamaraL.Grace,CheckMat
Pan Kids IBJJF Jiu-Jitsu Championship 2018,Junior2/Female/Grey/Light-Feather,1,OliviaTorres,UnityJiu,jitsu
Pan Kids IBJJF Jiu-Jitsu Championship 2018,Junior2/Female/Grey/Light-Feather,2,RinoOmura,AxisJiu,Jitsu
Pan Kids IBJJF Jiu-Jitsu Championship 2018,Junior2/Female/Grey/Light-Feather,3,KayaMaliaWare,Alliance
Pan Kids IBJJF Jiu-Jitsu Championship 2018,Junior2/Female/Grey/Light-Feather,3,ZetalynAnaiaAguonMansapit,TeamLloydIrvin
Pan Kids IBJJF Jiu-Jitsu Championship 2018,Junior2/Female/Grey/Feather,1,KristenArellano,CheckMat
Pan Kids IBJJF Jiu-Jitsu Championship 2018,Junior2/Female/Grey/Feather,2,SevannaAguirre,AtosJiu,Jitsu
Pan Kids IBJJF Jiu-Jitsu Championship 2018,Junior2/Female/Grey/Feather,3,CaitlinWinslowGlassman,BrazilianTopTeam,ATX
Pan Kids IBJJF Jiu-Jitsu Championship 2018,Junior2/Female/Grey/Feather,3,EmmaNicoleTrivette,BJJCoach,Corral'sMartialArts
Pan Kids IBJJF Jiu-Jitsu Championship 2018,Junior2/Female/Grey/Light,1,SadieAngelaMcLaughlin,MarcioCruzBrazilianJiu,Jitsu
Pan Kids IBJJF Jiu-Jitsu Championship 2018,Junior2/Female/Grey/Light,2,MiaLenaeWebster,AtosJiu,Jitsu
Pan Kids IBJJF Jiu-Jitsu Championship 2018,Junior2/Female/Grey/Light,3,CheyenneMoreno,GracieHumaita
Pan Kids IBJJF Jiu-Jitsu Championship 2018,Junior2/Female/Grey/Light,3,LailaShayFinkey,BJJRevolutionTeam
Pan Kids IBJJF Jiu-Jitsu Championship 2018,Junior2/Female/Grey/Middle,1,VanessaAguirre,AtosJiu,Jitsu
Pan Kids IBJJF Jiu-Jitsu Championship 2018,Junior2/Female/Grey/Middle,2,PaytonRaelynnRussell,CarlsonGracieTeam
Pan Kids IBJJF Jiu-Jitsu Championship 2018,Junior2/Female/Grey/Middle,3,McKenzieBrookeEpps,TeamLloydIrvin
Pan Kids IBJJF Jiu-Jitsu Championship 2018,Junior2/Female/Grey/Middle,3,MckenzieLennaeMullen,GracieBarra
Pan Kids IBJJF Jiu-Jitsu Championship 2018,Junior2/Female/Grey/Heavy,1,MikaylaEveCayabyab,CheckMat
Pan Kids IBJJF Jiu-Jitsu Championship 2018,Junior2/Female/Grey/Heavy,2,Te'MiraJakellBeck,FabinRosaBrazilianJiu,Jitsu
Pan Kids IBJJF Jiu-Jitsu Championship 2018,Junior2/Female/Grey/Ultra-Heavy,1,JaydenAlainaTrujillo,GracieBarra
Pan Kids IBJJF Jiu-Jitsu Championship 2018,Junior2/Female/Grey/Ultra-Heavy,2,LilianaAmorBarrientos,GracieHumaita
Pan Kids IBJJF Jiu-Jitsu Championship 2018,Junior2/Female/Grey/Ultra-Heavy,3,AniyahJewelBenavente,PurebredJiuJitsuGuam
Pan Kids IBJJF Jiu-Jitsu Championship 2018,Junior2/Female/Grey/Ultra-Heavy,3,EmmaAnnBailey,RodrigoPinheiroBJJ
Pan Kids IBJJF Jiu-Jitsu Championship 2018,Junior2/Female/Yellow/Light-Feather,1,NalaniJasmineTacusalme,BrasaCTA
Pan Kids IBJJF Jiu-Jitsu Championship 2018,Junior2/Female/Yellow/Light-Feather,2,LaylahMaeWatkins,SamuelPuccioBJJ
Pan Kids IBJJF Jiu-Jitsu Championship 2018,Junior2/Female/Yellow/Light-Feather,3,CamilleVictoriaSchulzLajasRibeiro,Alliance
Pan Kids IBJJF Jiu-Jitsu Championship 2018,Junior2/Female/Yellow/Light-Feather,3,DomenicaValeriaSantosDiaz,Alliance
Pan Kids IBJJF Jiu-Jitsu Championship 2018,Junior2/Female/Yellow/Feather,1,AveyahJolenePascualRamos,GracieHumaita
Pan Kids IBJJF Jiu-Jitsu Championship 2018,Junior2/Female/Yellow/Feather,2,Jae,AnThiDuldulao,RodrigoFreitasBrazilianJiu,Jitsu
Pan Kids IBJJF Jiu-Jitsu Championship 2018,Junior2/Female/Yellow/Feather,3,JaslynK.Wallace,CheckMat
Pan Kids IBJJF Jiu-Jitsu Championship 2018,Junior2/Female/Yellow/Feather,3,NoelaniLianaAlmogela,Alliance
Pan Kids IBJJF Jiu-Jitsu Championship 2018,Junior2/Female/Yellow/Medium-Heavy,1,SavannahMaliaGarrison,GracieBarra
Pan Kids IBJJF Jiu-Jitsu Championship 2018,Junior2/Female/Yellow/Medium-Heavy,2,IndiaDawson,CheckMat
Pan Kids IBJJF Jiu-Jitsu Championship 2018,Junior2/Female/Yellow/Medium-Heavy,3,MaiaLeiAlohaWright,Alliance
Pan Kids IBJJF Jiu-Jitsu Championship 2018,Junior2/Female/Yellow/Medium-Heavy,3,ZuriEnitaBlackman,NewSchoolBJJ
Pan Kids IBJJF Jiu-Jitsu Championship 2018,Junior2/Female/Yellow/Super-Heavy,1,AndressaDeSouzaAndradeNival,GracieHumaita
Pan Kids IBJJF Jiu-Jitsu Championship 2018,Junior2/Female/Yellow/Ultra-Heavy,1,HelenaCrevar,CascaoJiu,Jitsu
Pan Kids IBJJF Jiu-Jitsu Championship 2018,Junior2/Female/Yellow/Ultra-Heavy,2,AlexandriaMariePerez,AtosJiu,Jitsu
Pan Kids IBJJF Jiu-Jitsu Championship 2018,Junior2/Female/Yellow/Ultra-Heavy,3,BillieGraceBonwell,CascaoJiu,Jitsu
Pan Kids IBJJF Jiu-Jitsu Championship 2018,Junior3/Male/Grey/Rooster,1,MichaelSouriyaPhoutasen,SamirChantreAcademy
Pan Kids IBJJF Jiu-Jitsu Championship 2018,Junior3/Male/Grey/Rooster,2,FábioHenriqueMendesAlves,AkxeBJJ
Pan Kids IBJJF Jiu-Jitsu Championship 2018,Junior3/Male/Grey/Rooster,3,LoganSoderstrom,AtosJiu,Jitsu
Pan Kids IBJJF Jiu-Jitsu Championship 2018,Junior3/Male/Grey/Rooster,3,NoahJamesAkers,VicenteJr.Team
Pan Kids IBJJF Jiu-Jitsu Championship 2018,Junior3/Male/Grey/Light-Feather,1,LucasLaender,YamasakiAcademy
Pan Kids IBJJF Jiu-Jitsu Championship 2018,Junior3/Male/Grey/Light-Feather,2,DerekConcepcionVargas,Alliance
Pan Kids IBJJF Jiu-Jitsu Championship 2018,Junior3/Male/Grey/Light-Feather,3,CalebAquilo,MamuteMartialArtsAcademy
Pan Kids IBJJF Jiu-Jitsu Championship 2018,Junior3/Male/Grey/Light-Feather,3,EduardoAngelSandoval,BrazilianTopTeamLongBeach
Pan Kids IBJJF Jiu-Jitsu Championship 2018,Junior3/Male/Grey/Feather,1,JaydenJiroSeson,K,Team
Pan Kids IBJJF Jiu-Jitsu Championship 2018,Junior3/Male/Grey/Feather,2,NathanRichardAmescua,BJJCoach,Corral'sMartialArts
Pan Kids IBJJF Jiu-Jitsu Championship 2018,Junior3/Male/Grey/Feather,3,CassiusDaneCox,GracieBarra
Pan Kids IBJJF Jiu-Jitsu Championship 2018,Junior3/Male/Grey/Feather,3,ChristianManuelCompian,GracieBarra
Pan Kids IBJJF Jiu-Jitsu Championship 2018,Junior3/Male/Grey/Light,1,JaydenPerez,UnityJiu,jitsu
Pan Kids IBJJF Jiu-Jitsu Championship 2018,Junior3/Male/Grey/Light,2,AlastarStuartMcrae,RodrigoFreitasBrazilianJiu,Jitsu
Pan Kids IBJJF Jiu-Jitsu Championship 2018,Junior3/Male/Grey/Light,3,KeaweKumarAyau,Alliance
Pan Kids IBJJF Jiu-Jitsu Championship 2018,Junior3/Male/Grey/Light,3,KhafreMarcusFranklin,AtosJiu,Jitsu
Pan Kids IBJJF Jiu-Jitsu Championship 2018,Junior3/Male/Grey/Middle,1,StephenLeeWindhorst,OhanaJiu,JitsuAcademy
Pan Kids IBJJF Jiu-Jitsu Championship 2018,Junior3/Male/Grey/Middle,2,JadenJamesReay,LansangBrazilianJiu,Jitsu
Pan Kids IBJJF Jiu-Jitsu Championship 2018,Junior3/Male/Grey/Middle,3,CraigCFergusonIII,RibeiroJiu,Jitsu
Pan Kids IBJJF Jiu-Jitsu Championship 2018,Junior3/Male/Grey/Middle,3,GabrielYastamiOdani,GracieBarra
Pan Kids IBJJF Jiu-Jitsu Championship 2018,Junior3/Male/Grey/Medium-Heavy,1,NoahTylerChuaTorres,GracieHumaita
Pan Kids IBJJF Jiu-Jitsu Championship 2018,Junior3/Male/Grey/Medium-Heavy,2,AndreIkerHernandez,Alliance
Pan Kids IBJJF Jiu-Jitsu Championship 2018,Junior3/Male/Grey/Medium-Heavy,3,JuanCarlosPuga,CheckMat
Pan Kids IBJJF Jiu-Jitsu Championship 2018,Junior3/Male/Grey/Medium-Heavy,3,UryahValdez,AmazonasRiceBrosBJJ
Pan Kids IBJJF Jiu-Jitsu Championship 2018,Junior3/Male/Grey/Heavy,1,MarkSalas,CheckMat
Pan Kids IBJJF Jiu-Jitsu Championship 2018,Junior3/Male/Grey/Heavy,2,GarrettChristopherDudenhoeffer,AtosJiu,Jitsu
Pan Kids IBJJF Jiu-Jitsu Championship 2018,Junior3/Male/Grey/Heavy,3,TylerCutts,GracieBarra
Pan Kids IBJJF Jiu-Jitsu Championship 2018,Junior3/Male/Yellow/Rooster,1,TomokiOno,CarpeDiem
Pan Kids IBJJF Jiu-Jitsu Championship 2018,Junior3/Male/Yellow/Rooster,2,JorgeAntonioMacíasArista,RenzoGracieMexico
Pan Kids IBJJF Jiu-Jitsu Championship 2018,Junior3/Male/Yellow/Rooster,3,GavinAlexavierOcampo,RibeiroJiu,Jitsu
Pan Kids IBJJF Jiu-Jitsu Championship 2018,Junior3/Male/Yellow/Rooster,3,ZiareEmmanuelAllen,TeamLloydIrvin
Pan Kids IBJJF Jiu-Jitsu Championship 2018,Junior3/Male/Yellow/Light-Feather,1,MarcoAAlarconSanchez,UnityJiu,jitsu
Pan Kids IBJJF Jiu-Jitsu Championship 2018,Junior3/Male/Yellow/Light-Feather,2,BenjaminRyanCraft,AtosJJUSA
Pan Kids IBJJF Jiu-Jitsu Championship 2018,Junior3/Male/Yellow/Light-Feather,3,JacobJohnIniguez,AtosJJUSA
Pan Kids IBJJF Jiu-Jitsu Championship 2018,Junior3/Male/Yellow/Light-Feather,3,JordanMontesa,SoulFightersBJJ
Pan Kids IBJJF Jiu-Jitsu Championship 2018,Junior3/Male/Yellow/Feather,1,JalenMalikMitchell,UnityJiu,jitsu
Pan Kids IBJJF Jiu-Jitsu Championship 2018,Junior3/Male/Yellow/Feather,2,DarenJacobNalle,TeamLloydIrvin
Pan Kids IBJJF Jiu-Jitsu Championship 2018,Junior3/Male/Yellow/Feather,3,GavinEliasSumibcayNavida,AtosJiu,Jitsu
Pan Kids IBJJF Jiu-Jitsu Championship 2018,Junior3/Male/Yellow/Feather,3,TravisE.Grace,CheckMat
Pan Kids IBJJF Jiu-Jitsu Championship 2018,Junior3/Male/Yellow/Light,1,LiamZeh,NotoriousMixedMartialArts
Pan Kids IBJJF Jiu-Jitsu Championship 2018,Junior3/Male/Yellow/Light,2,RawlinsTatsuoFukuda,K,Team
Pan Kids IBJJF Jiu-Jitsu Championship 2018,Junior3/Male/Yellow/Light,3,EthanChrisawn,TRUJITSU/Outliers
Pan Kids IBJJF Jiu-Jitsu Championship 2018,Junior3/Male/Yellow/Light,3,HouseiUjihara,Bull,TerrierBonsai
Pan Kids IBJJF Jiu-Jitsu Championship 2018,Junior3/Male/Yellow/Middle,1,MarcioSantanaFerreiradeVares,ClubedeLutasJusticeirosJiuJitsu
Pan Kids IBJJF Jiu-Jitsu Championship 2018,Junior3/Male/Yellow/Middle,2,AxelMartinSoaringHawkEsparza,CarlsonGracieTeam
Pan Kids IBJJF Jiu-Jitsu Championship 2018,Junior3/Male/Yellow/Middle,3,CalebJamesGoyet,RodrigoPinheiroBJJ
Pan Kids IBJJF Jiu-Jitsu Championship 2018,Junior3/Male/Yellow/Middle,3,KaiWilliamGodwin,MauiJiu,Jitsu
Pan Kids IBJJF Jiu-Jitsu Championship 2018,Junior3/Male/Yellow/Medium-Heavy,1,KaioHideoNogiri,ImpactoJapanB.J.J.
Pan Kids IBJJF Jiu-Jitsu Championship 2018,Junior3/Male/Yellow/Medium-Heavy,2,NoahMancilla,OneJiu,JitsuUSA
Pan Kids IBJJF Jiu-Jitsu Championship 2018,Junior3/Male/Yellow/Medium-Heavy,3,RobertJohnAlanisIII,AtosJiu,Jitsu
Pan Kids IBJJF Jiu-Jitsu Championship 2018,Junior3/Male/Yellow/Medium-Heavy,3,SpencerAidenJackson,TeamLloydIrvin
Pan Kids IBJJF Jiu-Jitsu Championship 2018,Junior3/Male/Yellow/Heavy,1,AchillesRocha,VagnerRochaMartialArts
Pan Kids IBJJF Jiu-Jitsu Championship 2018,Junior3/Male/Yellow/Heavy,2,GavinRhysWilliams,Alliance
Pan Kids IBJJF Jiu-Jitsu Championship 2018,Junior3/Male/Yellow/Heavy,3,EthanVuongHuynh,YamasakiAcademy
Pan Kids IBJJF Jiu-Jitsu Championship 2018,Junior3/Male/Yellow/Super-Heavy,1,EugenioFrancoSandoval,AtosJiu,Jitsu
Pan Kids IBJJF Jiu-Jitsu Championship 2018,Junior3/Male/Yellow/Super-Heavy,2,JaedenCaliforniaGillette,GracieHumaita
Pan Kids IBJJF Jiu-Jitsu Championship 2018,Junior3/Male/Yellow/Super-Heavy,3,ChristopherAnthonySuarez,RibeiroJiu,Jitsu
Pan Kids IBJJF Jiu-Jitsu Championship 2018,Junior3/Male/Yellow/Ultra-Heavy,1,DamianDebonaireSoto,MMAMasters
Pan Kids IBJJF Jiu-Jitsu Championship 2018,Junior3/Male/Yellow/Ultra-Heavy,2,AericLorenzoAmerel,CharlesGracieJiu,JitsuAcademy
Pan Kids IBJJF Jiu-Jitsu Championship 2018,Junior3/Male/Orange/Rooster,1,AlexandrZaytsev,GracieJiu,JitsuPraha
Pan Kids IBJJF Jiu-Jitsu Championship 2018,Junior3/Male/Orange/Rooster,2,LucasGonzalez,FabioNovaesBJJ
Pan Kids IBJJF Jiu-Jitsu Championship 2018,Junior3/Male/Orange/Light-Feather,1,KamrynJayarrDevera,CheckMat
Pan Kids IBJJF Jiu-Jitsu Championship 2018,Junior3/Male/Orange/Light-Feather,2,GordonGibson,GracieBarra
Pan Kids IBJJF Jiu-Jitsu Championship 2018,Junior3/Male/Orange/Light-Feather,3,EduardPugachov,RibeiroJiu,Jitsu
Pan Kids IBJJF Jiu-Jitsu Championship 2018,Junior3/Male/Orange/Light-Feather,3,EmersonWeaverPreuss,RibeiroJiu,Jitsu
Pan Kids IBJJF Jiu-Jitsu Championship 2018,Junior3/Male/Orange/Feather,1,JackRobertWilson,AtosJiu,Jitsu
Pan Kids IBJJF Jiu-Jitsu Championship 2018,Junior3/Male/Orange/Feather,2,JaedenJamesBrown,AmericanTopTeamNewZealand
Pan Kids IBJJF Jiu-Jitsu Championship 2018,Junior3/Male/Orange/Middle,1,AlexanderAdrianOsorioMendez,YamasakiAcademy
Pan Kids IBJJF Jiu-Jitsu Championship 2018,Junior3/Male/Orange/Middle,2,ThrasherWilkins,SBGInternational(SBGI)
Pan Kids IBJJF Jiu-Jitsu Championship 2018,Junior3/Male/Orange/Heavy,1,JosephWilliamBowersJr.,MaracabaBJJ
Pan Kids IBJJF Jiu-Jitsu Championship 2018,Junior3/Male/Orange/Heavy,2,LuisMSosa,MiamiWMB
Pan Kids IBJJF Jiu-Jitsu Championship 2018,Junior3/Female/Grey/Rooster,1,AspenLane,TeamMaxwell
Pan Kids IBJJF Jiu-Jitsu Championship 2018,Junior3/Female/Grey/Rooster,2,HarleeKathleenHiller,StaleyMartialArts
Pan Kids IBJJF Jiu-Jitsu Championship 2018,Junior3/Female/Grey/Rooster,3,MikaylaSullenger,BrazilianTopTeam,ATX
Pan Kids IBJJF Jiu-Jitsu Championship 2018,Junior3/Female/Grey/Light-Feather,1,JadeyaSwayReber,AtosJiu,Jitsu
Pan Kids IBJJF Jiu-Jitsu Championship 2018,Junior3/Female/Grey/Light-Feather,2,KendallRaeDoubet,LotusClubUSA
Pan Kids IBJJF Jiu-Jitsu Championship 2018,Junior3/Female/Grey/Light-Feather,3,AliyahMaghanoy,AtosJiu,Jitsu
Pan Kids IBJJF Jiu-Jitsu Championship 2018,Junior3/Female/Grey/Light-Feather,3,JuliaEveLeykikh,GFTeamConnecticut
Pan Kids IBJJF Jiu-Jitsu Championship 2018,Junior3/Female/Grey/Feather,1,XiomaraGallego,AtosJiu,Jitsu
Pan Kids IBJJF Jiu-Jitsu Championship 2018,Junior3/Female/Grey/Feather,2,MaliaLynnMangaser,CheckMat
Pan Kids IBJJF Jiu-Jitsu Championship 2018,Junior3/Female/Grey/Feather,3,JeddahWood,PacificTopTeam
Pan Kids IBJJF Jiu-Jitsu Championship 2018,Junior3/Female/Grey/Feather,3,KaiyaIsabellaNieves,GracieHumaita
Pan Kids IBJJF Jiu-Jitsu Championship 2018,Junior3/Female/Grey/Light,1,RiannaLienGonzales,AEGJiu,Jitsu
Pan Kids IBJJF Jiu-Jitsu Championship 2018,Junior3/Female/Grey/Light,2,IsabelleVanessaWilliams,NovaUnião
Pan Kids IBJJF Jiu-Jitsu Championship 2018,Junior3/Female/Grey/Light,3,AaralynnHamamoto,OneJiu,JitsuUSA
Pan Kids IBJJF Jiu-Jitsu Championship 2018,Junior3/Female/Grey/Light,3,HannahSueyoAlvarez,GracieBarra
Pan Kids IBJJF Jiu-Jitsu Championship 2018,Junior3/Female/Grey/Middle,1,ShaineLilly,SoulFightersBJJ
Pan Kids IBJJF Jiu-Jitsu Championship 2018,Junior3/Female/Grey/Middle,2,HannaMarieHepworth,CiceroCosthaCanada
Pan Kids IBJJF Jiu-Jitsu Championship 2018,Junior3/Female/Grey/Middle,3,DanicaMarieSmith,LotusClubUSA
Pan Kids IBJJF Jiu-Jitsu Championship 2018,Junior3/Female/Grey/Middle,3,LiletteSantos,BrasaCTA
Pan Kids IBJJF Jiu-Jitsu Championship 2018,Junior3/Female/Grey/Medium-Heavy,1,XinYuNatalieTan,FaMABJJ
Pan Kids IBJJF Jiu-Jitsu Championship 2018,Junior3/Female/Grey/Medium-Heavy,2,RoenneJaeFerrerLavarez,Alliance
Pan Kids IBJJF Jiu-Jitsu Championship 2018,Junior3/Female/Grey/Medium-Heavy,3,JamisonAndreaCloverLong,BrasaCTA
Pan Kids IBJJF Jiu-Jitsu Championship 2018,Junior3/Female/Grey/Medium-Heavy,3,LeiloneeKimTolentino,CarlsonGracieTeam
Pan Kids IBJJF Jiu-Jitsu Championship 2018,Junior3/Female/Grey/Heavy,1,HopeRayenRussell,AllAmericanMMA
Pan Kids IBJJF Jiu-Jitsu Championship 2018,Junior3/Female/Grey/Heavy,2,ZoeAnnOrtiz,TeixeiraGarciaBrazilianJiuJitsu
Pan Kids IBJJF Jiu-Jitsu Championship 2018,Junior3/Female/Grey/Ultra-Heavy,1,JuliannaPrincessWong,MamuteMartialArtsAcademy
Pan Kids IBJJF Jiu-Jitsu Championship 2018,Junior3/Female/Grey/Ultra-Heavy,2,SarethHernandez,CascaoJiu,Jitsu
Pan Kids IBJJF Jiu-Jitsu Championship 2018,Junior3/Female/Grey/Ultra-Heavy,3,NatalieMarieJoyner,LEADBJJ
Pan Kids IBJJF Jiu-Jitsu Championship 2018,Junior3/Female/Yellow/Rooster,1,AnnaliseBrinkman,AtosJiu,Jitsu
Pan Kids IBJJF Jiu-Jitsu Championship 2018,Junior3/Female/Yellow/Rooster,2,AryannaMariaHurtado,NovaUnião
Pan Kids IBJJF Jiu-Jitsu Championship 2018,Junior3/Female/Yellow/Light-Feather,1,LillianJaneMarchand,AtosJJUSA
Pan Kids IBJJF Jiu-Jitsu Championship 2018,Junior3/Female/Yellow/Light-Feather,2,AshleeFunegra,AtosJiu,Jitsu
Pan Kids IBJJF Jiu-Jitsu Championship 2018,Junior3/Female/Yellow/Light-Feather,3,MarjoryFerreiraFranco,OverLimitBJJ
Pan Kids IBJJF Jiu-Jitsu Championship 2018,Junior3/Female/Yellow/Light-Feather,3,MiaFunegra,AtosJiu,Jitsu
Pan Kids IBJJF Jiu-Jitsu Championship 2018,Junior3/Female/Yellow/Feather,1,MariaLuísadePáduaCazeiroMunizBravo,GracieHumaita
Pan Kids IBJJF Jiu-Jitsu Championship 2018,Junior3/Female/Yellow/Feather,2,KristaPrice,GracieBarra
Pan Kids IBJJF Jiu-Jitsu Championship 2018,Junior3/Female/Yellow/Feather,3,KaitlynDanicaSchmidt,NovaUnião
Pan Kids IBJJF Jiu-Jitsu Championship 2018,Junior3/Female/Yellow/Feather,3,VictoriaVivianBrandt,CiceroCosthaCanada
Pan Kids IBJJF Jiu-Jitsu Championship 2018,Junior3/Female/Yellow/Light,1,ChloeDirain,SynergyBrazilianJiuJitsu
Pan Kids IBJJF Jiu-Jitsu Championship 2018,Junior3/Female/Yellow/Light,2,LoisGraceMarsh,ZRTeamUK
Pan Kids IBJJF Jiu-Jitsu Championship 2018,Junior3/Female/Yellow/Light,3,MadisonNekiaMerritt,CarlsonGracieTeam
Pan Kids IBJJF Jiu-Jitsu Championship 2018,Junior3/Female/Yellow/Light,3,SianaMolina,TeamDNABJJ
Pan Kids IBJJF Jiu-Jitsu Championship 2018,Junior3/Female/Yellow/Middle,1,AlinaAbigailSolis,GracieHumaita
Pan Kids IBJJF Jiu-Jitsu Championship 2018,Junior3/Female/Yellow/Middle,2,ZacharaIzzabela,KealaMontenegro,GracieBarra
Pan Kids IBJJF Jiu-Jitsu Championship 2018,Junior3/Female/Yellow/Middle,3,AryahTaylorGarridoQuintanilla,CaveirinhaJiu,JitsuFamilyUSA
Pan Kids IBJJF Jiu-Jitsu Championship 2018,Junior3/Female/Yellow/Medium-Heavy,1,EmilyLynnLeyva,GracieHumaita
Pan Kids IBJJF Jiu-Jitsu Championship 2018,Junior3/Female/Yellow/Medium-Heavy,2,BrookeAlexanderMcCurley,BJJRevolutionTeam
Pan Kids IBJJF Jiu-Jitsu Championship 2018,Junior3/Female/Yellow/Medium-Heavy,3,AeriLynnOsha,BJJRevolutionTeam
Pan Kids IBJJF Jiu-Jitsu Championship 2018,Junior3/Female/Yellow/Medium-Heavy,3,MalibuIsabellaRocco,RodrigoFreitasBrazilianJiu,Jitsu
Pan Kids IBJJF Jiu-Jitsu Championship 2018,Junior3/Female/Yellow/Heavy,1,SofiaDelgado,MMAMasters
Pan Kids IBJJF Jiu-Jitsu Championship 2018,Junior3/Female/Yellow/Heavy,2,MiaSavannahAnzo,CheckMat
Pan Kids IBJJF Jiu-Jitsu Championship 2018,Junior3/Female/Orange/Feather,1,AdriannaLeticiaBarrientos,SamirChantreAcademy
Pan Kids IBJJF Jiu-Jitsu Championship 2018,Junior3/Female/Orange/Feather,2,TaliIsaacs,CarlsonGracieTeam
Pan Kids IBJJF Jiu-Jitsu Championship 2018,Junior3/Female/Orange/Feather,3,RhyannaIrenePrata,CascaoJiu,Jitsu
Pan Kids IBJJF Jiu-Jitsu Championship 2018,Junior3/Female/Orange/Middle,1,CaitlinKirinLarimerYamasta,CheckMat
Pan Kids IBJJF Jiu-Jitsu Championship 2018,Junior3/Female/Orange/Middle,2,MercoriM.Green,DeLaRivaColumbus
Pan Kids IBJJF Jiu-Jitsu Championship 2018,Junior3/Female/Orange/Middle,3,LuciAaronPaulaBlum,RibeiroJiu,Jitsu
Pan Kids IBJJF Jiu-Jitsu Championship 2018,Junior3/Female/Orange/Middle,3,MeganKateVillareal,GracieBarra
Pan Kids IBJJF Jiu-Jitsu Championship 2018,Junior3/Female/Orange/Ultra-Heavy,1,NicollyAparecidaLorenzi,NovaUnião
Pan Kids IBJJF Jiu-Jitsu Championship 2018,Junior3/Female/Orange/Ultra-Heavy,2,MaeIsaacs,CarlsonGracieTeam
Pan Kids IBJJF Jiu-Jitsu Championship 2018,Teen1/Male/Grey/Rooster,1,AndrewPaulCondo,LotusClubUSA
Pan Kids IBJJF Jiu-Jitsu Championship 2018,Teen1/Male/Grey/Rooster,2,CarterHill,BrasaCTA
Pan Kids IBJJF Jiu-Jitsu Championship 2018,Teen1/Male/Grey/Rooster,3,BrockJCarrillo,CarlsonGracieTeam
Pan Kids IBJJF Jiu-Jitsu Championship 2018,Teen1/Male/Grey/Rooster,3,GabrielJrLinarez,CleberJiuJitsuVisalia
Pan Kids IBJJF Jiu-Jitsu Championship 2018,Teen1/Male/Grey/Light-Feather,1,TreavorChristopherRobertDuncan,CleberJiuJitsuVisalia
Pan Kids IBJJF Jiu-Jitsu Championship 2018,Teen1/Male/Grey/Light-Feather,2,JulianAnthonyArguijo,AllAmericanMMA
Pan Kids IBJJF Jiu-Jitsu Championship 2018,Teen1/Male/Grey/Light-Feather,3,DylanMajeste,GUVNABJJ
Pan Kids IBJJF Jiu-Jitsu Championship 2018,Teen1/Male/Grey/Light-Feather,3,RyanFuller,GuethoTexasBJJ
Pan Kids IBJJF Jiu-Jitsu Championship 2018,Teen1/Male/Grey/Feather,1,LiamVeras,CheckMat
Pan Kids IBJJF Jiu-Jitsu Championship 2018,Teen1/Male/Grey/Feather,2,MoosAMusquiz,TeamMaxwell
Pan Kids IBJJF Jiu-Jitsu Championship 2018,Teen1/Male/Grey/Feather,3,JackChristianMaier,Alliance
Pan Kids IBJJF Jiu-Jitsu Championship 2018,Teen1/Male/Grey/Feather,3,PedroPauloLacerda,GracieBarra
Pan Kids IBJJF Jiu-Jitsu Championship 2018,Teen1/Male/Grey/Light,1,JosephZayvantCruz,BrasaCTA
Pan Kids IBJJF Jiu-Jitsu Championship 2018,Teen1/Male/Grey/Light,2,RomanYevgenievichMironenko,UFCGym
Pan Kids IBJJF Jiu-Jitsu Championship 2018,Teen1/Male/Grey/Light,3,HassanKing,SamirChantreAcademy
Pan Kids IBJJF Jiu-Jitsu Championship 2018,Teen1/Male/Grey/Light,3,JohnAndreasRobertoGoldsborough,FabinRosaBrazilianJiu,Jitsu
Pan Kids IBJJF Jiu-Jitsu Championship 2018,Teen1/Male/Grey/Middle,1,ChristianRSchlobohm,MarcioCruzBrazilianJiu,Jitsu
Pan Kids IBJJF Jiu-Jitsu Championship 2018,Teen1/Male/Grey/Middle,2,EfreenObedRojas,GuethoTexasBJJ
Pan Kids IBJJF Jiu-Jitsu Championship 2018,Teen1/Male/Grey/Medium-Heavy,1,WilliamJohnSouthern,BrasaCTA
Pan Kids IBJJF Jiu-Jitsu Championship 2018,Teen1/Male/Grey/Medium-Heavy,2,DanielMattar,GracieBarra
Pan Kids IBJJF Jiu-Jitsu Championship 2018,Teen1/Male/Grey/Medium-Heavy,3,AntonioMarcusJavier,SamirChantreAcademy
Pan Kids IBJJF Jiu-Jitsu Championship 2018,Teen1/Male/Grey/Medium-Heavy,3,StefenAnthonyMarlowe,FabinRosaBrazilianJiu,Jitsu
Pan Kids IBJJF Jiu-Jitsu Championship 2018,Teen1/Male/Grey/Heavy,1,BenedekMagyar,GracieBarra
Pan Kids IBJJF Jiu-Jitsu Championship 2018,Teen1/Male/Grey/Heavy,2,HaydenMJilek,TeamRivasBrazilianJiu,Jitsu
Pan Kids IBJJF Jiu-Jitsu Championship 2018,Teen1/Male/Grey/Heavy,3,EliSamuelCotto,GracieBarra
Pan Kids IBJJF Jiu-Jitsu Championship 2018,Teen1/Male/Grey/Heavy,3,RyanRichardBustillos,OneJiu,JitsuUSA
Pan Kids IBJJF Jiu-Jitsu Championship 2018,Teen1/Male/Grey/Super-Heavy,1,CesarHenriqueRodrigues,BreaJiu,Jitsu
Pan Kids IBJJF Jiu-Jitsu Championship 2018,Teen1/Male/Grey/Super-Heavy,2,JimiFlynnLong,BrasaCTA
Pan Kids IBJJF Jiu-Jitsu Championship 2018,Teen1/Male/Grey/Ultra-Heavy,1,CharlesEdwardZenChan,AmazonasRiceBrosBJJ
Pan Kids IBJJF Jiu-Jitsu Championship 2018,Teen1/Male/Grey/Ultra-Heavy,2,AnthonyJoseFuentes,BrazilianTopTeamLongBeach
Pan Kids IBJJF Jiu-Jitsu Championship 2018,Teen1/Male/Grey/Ultra-Heavy,3,PabloJonathanBice,RodrigoFreitasBrazilianJiu,Jitsu
Pan Kids IBJJF Jiu-Jitsu Championship 2018,Teen1/Male/Yellow/Rooster,1,CarloRayArreola,GracieHumaita
Pan Kids IBJJF Jiu-Jitsu Championship 2018,Teen1/Male/Yellow/Rooster,2,StoneNassirJames,TeamLloydIrvin
Pan Kids IBJJF Jiu-Jitsu Championship 2018,Teen1/Male/Yellow/Rooster,3,JacobTylerBelden,GracieBarra
Pan Kids IBJJF Jiu-Jitsu Championship 2018,Teen1/Male/Yellow/Light-Feather,1,MalikhiBenjaminEspiritu,CarlsonGracieTeam
Pan Kids IBJJF Jiu-Jitsu Championship 2018,Teen1/Male/Yellow/Light-Feather,2,AitoOmura,AxisJiu,Jitsu
Pan Kids IBJJF Jiu-Jitsu Championship 2018,Teen1/Male/Yellow/Light-Feather,3,ChaseKasprzak,BJJCoach,Corral'sMartialArts
Pan Kids IBJJF Jiu-Jitsu Championship 2018,Teen1/Male/Yellow/Light-Feather,3,LakodaJosephWieczorek,SBGMontana
Pan Kids IBJJF Jiu-Jitsu Championship 2018,Teen1/Male/Yellow/Feather,1,YinPhonnarinRedman,NovaUnião
Pan Kids IBJJF Jiu-Jitsu Championship 2018,Teen1/Male/Yellow/Feather,2,NasirWray,YamasakiAcademy
Pan Kids IBJJF Jiu-Jitsu Championship 2018,Teen1/Male/Yellow/Feather,3,AndrewLiamHill,GFTeamConnecticut
Pan Kids IBJJF Jiu-Jitsu Championship 2018,Teen1/Male/Yellow/Feather,3,DavidCharlesHill,GFTeamConnecticut
Pan Kids IBJJF Jiu-Jitsu Championship 2018,Teen1/Male/Yellow/Light,1,NoahKahiauK.Bautista,GracieBarra
Pan Kids IBJJF Jiu-Jitsu Championship 2018,Teen1/Male/Yellow/Light,2,CaydenTeo,EvolveMMA
Pan Kids IBJJF Jiu-Jitsu Championship 2018,Teen1/Male/Yellow/Light,3,LucasdeCarvalhoOliveiraBarbosa,GracieBarra
Pan Kids IBJJF Jiu-Jitsu Championship 2018,Teen1/Male/Yellow/Light,3,NathanialScottGordon,SoulFightersBJJ
Pan Kids IBJJF Jiu-Jitsu Championship 2018,Teen1/Male/Yellow/Middle,1,MarcusIsaiahDaniel,TeamLloydIrvin
Pan Kids IBJJF Jiu-Jitsu Championship 2018,Teen1/Male/Yellow/Middle,2,GavvinAustinStephens,AtosJiu,Jitsu
Pan Kids IBJJF Jiu-Jitsu Championship 2018,Teen1/Male/Yellow/Middle,3,AnthonyPerez,AtosJiu,Jitsu
Pan Kids IBJJF Jiu-Jitsu Championship 2018,Teen1/Male/Yellow/Middle,3,ColbyDouglasOxley,AtosJJUSA
Pan Kids IBJJF Jiu-Jitsu Championship 2018,Teen1/Male/Yellow/Medium-Heavy,1,DannyDiaz,MMAMasters
Pan Kids IBJJF Jiu-Jitsu Championship 2018,Teen1/Male/Yellow/Medium-Heavy,2,AntonioAramburu,AtosJiu,Jitsu
Pan Kids IBJJF Jiu-Jitsu Championship 2018,Teen1/Male/Yellow/Medium-Heavy,3,DangeloGabrieldaSilva,YamasakiAcademy
Pan Kids IBJJF Jiu-Jitsu Championship 2018,Teen1/Male/Yellow/Medium-Heavy,3,LukasArmandoVarela,AresBJJ
Pan Kids IBJJF Jiu-Jitsu Championship 2018,Teen1/Male/Yellow/Super-Heavy,1,EnzoBotinellyRodrigues,GracieBarra
Pan Kids IBJJF Jiu-Jitsu Championship 2018,Teen1/Male/Yellow/Super-Heavy,2,TevitaTauteoliTaufa,AtosJiu,Jitsu
Pan Kids IBJJF Jiu-Jitsu Championship 2018,Teen1/Male/Yellow/Super-Heavy,3,DominicPMontoya,VBrosBJJ
Pan Kids IBJJF Jiu-Jitsu Championship 2018,Teen1/Male/Orange/Rooster,1,ColinMarcusYun,RodrigoFreitasBrazilianJiu,Jitsu
Pan Kids IBJJF Jiu-Jitsu Championship 2018,Teen1/Male/Orange/Rooster,2,MaxAnthonyBesserer,SamirChantreAcademy
Pan Kids IBJJF Jiu-Jitsu Championship 2018,Teen1/Male/Orange/Rooster,3,KaigeLyndonBrown,AmericanTopTeamNewZealand
Pan Kids IBJJF Jiu-Jitsu Championship 2018,Teen1/Male/Orange/Rooster,3,RayanDuchatelet,ZRTeamNice
Pan Kids IBJJF Jiu-Jitsu Championship 2018,Teen1/Male/Orange/Light-Feather,1,JasonChih,YamasakiAcademy
Pan Kids IBJJF Jiu-Jitsu Championship 2018,Teen1/Male/Orange/Light-Feather,2,JalenFonacier,Alliance
Pan Kids IBJJF Jiu-Jitsu Championship 2018,Teen1/Male/Orange/Light-Feather,3,DavidTylerVeloria,GracieBarra
Pan Kids IBJJF Jiu-Jitsu Championship 2018,Teen1/Male/Orange/Light-Feather,3,RyanRichardHamilton,Alliance
Pan Kids IBJJF Jiu-Jitsu Championship 2018,Teen1/Male/Orange/Feather,1,DanielR.Deeder,HonorRollBJJ
Pan Kids IBJJF Jiu-Jitsu Championship 2018,Teen1/Male/Orange/Feather,2,JoaoJ.daSilva,RAIVABrazilianJiu,Jitsu
Pan Kids IBJJF Jiu-Jitsu Championship 2018,Teen1/Male/Orange/Feather,3,DominicSantosMorales,GracieBarra
Pan Kids IBJJF Jiu-Jitsu Championship 2018,Teen1/Male/Orange/Feather,3,RomanCrasto,ApexMartialArts
Pan Kids IBJJF Jiu-Jitsu Championship 2018,Teen1/Male/Orange/Light,1,BraydenKennethWolfe,SoulFightersBJJ
Pan Kids IBJJF Jiu-Jitsu Championship 2018,Teen1/Male/Orange/Light,2,GustavoAAlarconSanchez,UnityJiu,jitsu
Pan Kids IBJJF Jiu-Jitsu Championship 2018,Teen1/Male/Orange/Light,3,AnthonyVazquez,DeLaRivaColumbus
Pan Kids IBJJF Jiu-Jitsu Championship 2018,Teen1/Male/Orange/Light,3,JesiahJoshuaTubby,SoulFightersBJJ
Pan Kids IBJJF Jiu-Jitsu Championship 2018,Teen1/Male/Orange/Middle,1,RafaelHipólitodeOliveiraJunior,GracieBarra
Pan Kids IBJJF Jiu-Jitsu Championship 2018,Teen1/Male/Orange/Middle,2,AdrianJesusOchoa,MiamiWMB
Pan Kids IBJJF Jiu-Jitsu Championship 2018,Teen1/Male/Orange/Middle,3,KhalilDacBang,TorontoBJJ
Pan Kids IBJJF Jiu-Jitsu Championship 2018,Teen1/Male/Orange/Middle,3,WinterBiancoRemeeusBreget,NOSBJJ
Pan Kids IBJJF Jiu-Jitsu Championship 2018,Teen1/Male/Orange/Ultra-Heavy,1,MichaelAlexanderSainz,MMAMasters
Pan Kids IBJJF Jiu-Jitsu Championship 2018,Teen1/Male/Orange/Ultra-Heavy,2,PedroDonosoRangel,GFTeam
Pan Kids IBJJF Jiu-Jitsu Championship 2018,Teen1/Female/Grey/Rooster,1,SamanthaLopez,Alliance
Pan Kids IBJJF Jiu-Jitsu Championship 2018,Teen1/Female/Grey/Rooster,2,AloraVang,OneJiu,JitsuUSA
Pan Kids IBJJF Jiu-Jitsu Championship 2018,Teen1/Female/Grey/Feather,1,NathaliaDuarte,GFTeamConnecticut
Pan Kids IBJJF Jiu-Jitsu Championship 2018,Teen1/Female/Grey/Feather,2,AaliyahGregorio,NiagaraBrazilianJiu,Jitsu
Pan Kids IBJJF Jiu-Jitsu Championship 2018,Teen1/Female/Grey/Feather,3,KatherineMailaniNewman,SynergyBrazilianJiuJitsu
Pan Kids IBJJF Jiu-Jitsu Championship 2018,Teen1/Female/Grey/Feather,3,LilianaMendez,GracieBarra
Pan Kids IBJJF Jiu-Jitsu Championship 2018,Teen1/Female/Grey/Light,1,MariahPerico,CleberJiuJitsuVisalia
Pan Kids IBJJF Jiu-Jitsu Championship 2018,Teen1/Female/Grey/Light,2,AaliahAnne,NicoleBruner,Alliance
Pan Kids IBJJF Jiu-Jitsu Championship 2018,Teen1/Female/Grey/Light,3,DaisyJanethHung,MCUnitAcademy
Pan Kids IBJJF Jiu-Jitsu Championship 2018,Teen1/Female/Grey/Light,3,EmariJa'khiaBrown,FabinRosaBrazilianJiu,Jitsu
Pan Kids IBJJF Jiu-Jitsu Championship 2018,Teen1/Female/Grey/Middle,1,SophiaNeitzell,GFTeamConnecticut
Pan Kids IBJJF Jiu-Jitsu Championship 2018,Teen1/Female/Grey/Middle,2,CelinaEliseVolz,UFCGym
Pan Kids IBJJF Jiu-Jitsu Championship 2018,Teen1/Female/Grey/Middle,3,MiaCarolinaGarcia,Alliance
Pan Kids IBJJF Jiu-Jitsu Championship 2018,Teen1/Female/Grey/Middle,3,TrinityGomez,TeamLloydIrvin
Pan Kids IBJJF Jiu-Jitsu Championship 2018,Teen1/Female/Grey/Medium-Heavy,1,KaylaHoangNguyen,SynergyBrazilianJiuJitsu
Pan Kids IBJJF Jiu-Jitsu Championship 2018,Teen1/Female/Grey/Medium-Heavy,2,AvaMarieCantu,OhanaJiu,JitsuAcademy
Pan Kids IBJJF Jiu-Jitsu Championship 2018,Teen1/Female/Grey/Medium-Heavy,3,DestineyRachelleLynnSimmons,Alliance
Pan Kids IBJJF Jiu-Jitsu Championship 2018,Teen1/Female/Grey/Heavy,1,AnnikaStorck,BarumJiu,Jitsu
Pan Kids IBJJF Jiu-Jitsu Championship 2018,Teen1/Female/Grey/Heavy,2,KaitlynEileenJoyner,LEADBJJ
Pan Kids IBJJF Jiu-Jitsu Championship 2018,Teen1/Female/Grey/Heavy,3,AvaMarieAttia,360Jiu,JitsuAcademy
Pan Kids IBJJF Jiu-Jitsu Championship 2018,Teen1/Female/Grey/Super-Heavy,1,AnabelLopezBeard,CheckMat
Pan Kids IBJJF Jiu-Jitsu Championship 2018,Teen1/Female/Grey/Super-Heavy,2,SofiaMercedesAramburu,AtosJiu,Jitsu
Pan Kids IBJJF Jiu-Jitsu Championship 2018,Teen1/Female/Grey/Ultra-Heavy,1,AliaNgeltengat,CarlsonGracieTeam
Pan Kids IBJJF Jiu-Jitsu Championship 2018,Teen1/Female/Grey/Ultra-Heavy,2,LiselleSantos,BrasaCTA
Pan Kids IBJJF Jiu-Jitsu Championship 2018,Teen1/Female/Grey/Ultra-Heavy,3,LilianaIsabelAlasRibeiro,TeamDNABJJ
Pan Kids IBJJF Jiu-Jitsu Championship 2018,Teen1/Female/Grey/Ultra-Heavy,3,ZoieEBero,BonsaiJJ,USA
Pan Kids IBJJF Jiu-Jitsu Championship 2018,Teen1/Female/Yellow/Light-Feather,1,MaliaDeSouza,CarlsonGracieTeam
Pan Kids IBJJF Jiu-Jitsu Championship 2018,Teen1/Female/Yellow/Light-Feather,2,BriannaMichelleElliott,GracieBarra
Pan Kids IBJJF Jiu-Jitsu Championship 2018,Teen1/Female/Yellow/Light-Feather,3,GraceDanielleNachreiner,GracieBarra
Pan Kids IBJJF Jiu-Jitsu Championship 2018,Teen1/Female/Yellow/Feather,1,CarissaDanielleQureshi,GracieBarra
Pan Kids IBJJF Jiu-Jitsu Championship 2018,Teen1/Female/Yellow/Feather,2,ZoeySanchez,RalphGracieChinoHills
Pan Kids IBJJF Jiu-Jitsu Championship 2018,Teen1/Female/Yellow/Feather,3,BriannaHolcomb,TeamLloydIrvin
Pan Kids IBJJF Jiu-Jitsu Championship 2018,Teen1/Female/Yellow/Feather,3,JessicaMarieBirk,NovaUnião
Pan Kids IBJJF Jiu-Jitsu Championship 2018,Teen1/Female/Yellow/Light,1,HaydenJ.Fry,AtosJiu,Jitsu
Pan Kids IBJJF Jiu-Jitsu Championship 2018,Teen1/Female/Yellow/Light,2,SarahMehl,VicenteJr.Team
Pan Kids IBJJF Jiu-Jitsu Championship 2018,Teen1/Female/Yellow/Light,3,ElenaGonzales,GracieHumaita
Pan Kids IBJJF Jiu-Jitsu Championship 2018,Teen1/Female/Yellow/Middle,1,CarolinaVieiradoCarmoMassot,Alliance
Pan Kids IBJJF Jiu-Jitsu Championship 2018,Teen1/Female/Yellow/Middle,2,JaleneAlexandriaDelsid,GracieBarra
Pan Kids IBJJF Jiu-Jitsu Championship 2018,Teen1/Female/Yellow/Middle,3,CandiceHerrera,HonorRollBJJ
Pan Kids IBJJF Jiu-Jitsu Championship 2018,Teen1/Female/Yellow/Middle,3,MicahGarwood,AllianceBernardoFaria
Pan Kids IBJJF Jiu-Jitsu Championship 2018,Teen1/Female/Yellow/Medium-Heavy,1,BayleyTrang,AllAmericanMMA
Pan Kids IBJJF Jiu-Jitsu Championship 2018,Teen1/Female/Yellow/Medium-Heavy,2,RaquelSaraAtilano,HonorRollBJJ
Pan Kids IBJJF Jiu-Jitsu Championship 2018,Teen1/Female/Yellow/Heavy,1,CarolinaEikoInoueMachado,GordoJiu,Jitsu
Pan Kids IBJJF Jiu-Jitsu Championship 2018,Teen1/Female/Yellow/Heavy,2,NinaCaliAmico,NLJJKaty
Pan Kids IBJJF Jiu-Jitsu Championship 2018,Teen1/Female/Yellow/Heavy,3,VanessaPadilla,LEADBJJ
Pan Kids IBJJF Jiu-Jitsu Championship 2018,Teen1/Female/Orange/Light-Feather,1,KamillySilvaDiasdeSouza,GFTeam
Pan Kids IBJJF Jiu-Jitsu Championship 2018,Teen1/Female/Orange/Light-Feather,2,TaylorColangelo,CascaoJiu,Jitsu
Pan Kids IBJJF Jiu-Jitsu Championship 2018,Teen1/Female/Orange/Light-Feather,3,EllaPaigeHazen,RibeiroJiu,Jitsu
Pan Kids IBJJF Jiu-Jitsu Championship 2018,Teen1/Female/Orange/Light,1,CamrynBrown,GFTeamConnecticut
Pan Kids IBJJF Jiu-Jitsu Championship 2018,Teen1/Female/Orange/Light,2,ChristinaNicoleLinn,RibeiroJiu,Jitsu
Pan Kids IBJJF Jiu-Jitsu Championship 2018,Teen1/Female/Orange/Light,3,CiaraMaeM.Francisco,CaveirinhaJiu,JitsuFamilyUSA
Pan Kids IBJJF Jiu-Jitsu Championship 2018,Teen1/Female/Orange/Middle,1,JasmindaA.Madrid,UnityJiu,jitsu
Pan Kids IBJJF Jiu-Jitsu Championship 2018,Teen1/Female/Orange/Middle,2,AriaSkyeJohnson,AmazonasRiceBrosBJJ
Pan Kids IBJJF Jiu-Jitsu Championship 2018,Teen1/Female/Orange/Middle,3,KennedyLynnJimenez,RodrigoFreitasBrazilianJiu,Jitsu
Pan Kids IBJJF Jiu-Jitsu Championship 2018,Teen1/Female/Orange/Medium-Heavy,1,CamilaEduardaReisdaSilva,TeamMarcosCunha
Pan Kids IBJJF Jiu-Jitsu Championship 2018,Teen1/Female/Orange/Medium-Heavy,2,HannahElizabethRipper,BrasaCTA
Pan Kids IBJJF Jiu-Jitsu Championship 2018,Teen1/Female/Orange/Medium-Heavy,3,LaraleiGandaoli,PurebredJiuJitsuGuam
Pan Kids IBJJF Jiu-Jitsu Championship 2018,Teen1/Female/Orange/Medium-Heavy,3,RuteConstancioMeira,CascãoJiuJitsuBR
Pan Kids IBJJF Jiu-Jitsu Championship 2018,Teen1/Female/Orange/Ultra-Heavy,1,DestinyRoseLynneRamsey,AmazonasRiceBrosBJJ
Pan Kids IBJJF Jiu-Jitsu Championship 2018,Teen1/Female/Orange/Ultra-Heavy,2,GiovannaXavierCarneiro,GFTeam
Pan Kids IBJJF Jiu-Jitsu Championship 2018,Teen1/Female/Orange/Ultra-Heavy,3,AdrianaAlvarado,MohlerJiu,Jitsu
Pan Kids IBJJF Jiu-Jitsu Championship 2018,Teen2/Male/Grey/Rooster,1,IsmaelAlvarezBermudez,FabioPradoBJJ
Pan Kids IBJJF Jiu-Jitsu Championship 2018,Teen2/Male/Grey/Rooster,2,GersonVieiradosSantos,GrandMountainJiu,Jitsu
Pan Kids IBJJF Jiu-Jitsu Championship 2018,Teen2/Male/Grey/Light-Feather,1,JarrenYSeson,K,Team
Pan Kids IBJJF Jiu-Jitsu Championship 2018,Teen2/Male/Grey/Light-Feather,2,CaydenWilliamDeRamus,TeamRivasBrazilianJiu,Jitsu
Pan Kids IBJJF Jiu-Jitsu Championship 2018,Teen2/Male/Grey/Light-Feather,3,CollinWilliamVanDongen,Alliance
Pan Kids IBJJF Jiu-Jitsu Championship 2018,Teen2/Male/Grey/Light-Feather,3,MichaelJohnathanPaige,UnitedBrazilianJiu,Jitsu
Pan Kids IBJJF Jiu-Jitsu Championship 2018,Teen2/Male/Grey/Feather,1,CodyJamesAverett,ZenithBJJ
Pan Kids IBJJF Jiu-Jitsu Championship 2018,Teen2/Male/Grey/Feather,2,BraylonKenjiManuel,SamirChantreAcademy
Pan Kids IBJJF Jiu-Jitsu Championship 2018,Teen2/Male/Grey/Feather,3,BraydenSimmons,Alliance
Pan Kids IBJJF Jiu-Jitsu Championship 2018,Teen2/Male/Grey/Feather,3,JakeAYuen,GracieBarra
Pan Kids IBJJF Jiu-Jitsu Championship 2018,Teen2/Male/Grey/Light,1,WilliamPaulWittkop,Alliance
Pan Kids IBJJF Jiu-Jitsu Championship 2018,Teen2/Male/Grey/Light,2,JathenGeorge,Alliance
Pan Kids IBJJF Jiu-Jitsu Championship 2018,Teen2/Male/Grey/Light,3,GurprasadSinghKandola,ApexMartialArts
Pan Kids IBJJF Jiu-Jitsu Championship 2018,Teen2/Male/Grey/Light,3,SydneyMcdonald,SwampfoxJiu,Jitsu
Pan Kids IBJJF Jiu-Jitsu Championship 2018,Teen2/Male/Grey/Middle,1,LuanVeras,CheckMat
Pan Kids IBJJF Jiu-Jitsu Championship 2018,Teen2/Male/Grey/Middle,2,AidanHolton,LotusClubUSA
Pan Kids IBJJF Jiu-Jitsu Championship 2018,Teen2/Male/Grey/Middle,3,AlexandreKirk,OneJiu,JitsuUSA
Pan Kids IBJJF Jiu-Jitsu Championship 2018,Teen2/Male/Grey/Middle,3,ChristopherMichaelFinnigan,GracieHumaita
Pan Kids IBJJF Jiu-Jitsu Championship 2018,Teen2/Male/Grey/Medium-Heavy,1,NoelTorres,CheckMat
Pan Kids IBJJF Jiu-Jitsu Championship 2018,Teen2/Male/Grey/Medium-Heavy,2,AbralinSeanTiaga,TeamDNABJJ
Pan Kids IBJJF Jiu-Jitsu Championship 2018,Teen2/Male/Grey/Medium-Heavy,3,JacobBlight,GracieHumaita
Pan Kids IBJJF Jiu-Jitsu Championship 2018,Teen2/Male/Grey/Heavy,1,DylanColeHasbrouck,Alliance
Pan Kids IBJJF Jiu-Jitsu Championship 2018,Teen2/Male/Grey/Heavy,2,KauãBarbosaLopes,AkxeBJJ
Pan Kids IBJJF Jiu-Jitsu Championship 2018,Teen2/Male/Grey/Heavy,3,PabloJeremyReyes,MiltonBastosBJJ
Pan Kids IBJJF Jiu-Jitsu Championship 2018,Teen2/Male/Grey/Super-Heavy,1,LoganSmith,Alliance
Pan Kids IBJJF Jiu-Jitsu Championship 2018,Teen2/Male/Grey/Super-Heavy,2,YurielIraelEnriquez,RodrigoFreitasBrazilianJiu,Jitsu
Pan Kids IBJJF Jiu-Jitsu Championship 2018,Teen2/Male/Grey/Ultra-Heavy,1,EsaHopson,YamasakiAcademy
Pan Kids IBJJF Jiu-Jitsu Championship 2018,Teen2/Male/Yellow/Rooster,1,MiguelFloridoRobaina,GracieBarra
Pan Kids IBJJF Jiu-Jitsu Championship 2018,Teen2/Male/Yellow/Rooster,2,RyanM.Tuley,BJJCoach,Corral'sMartialArts
Pan Kids IBJJF Jiu-Jitsu Championship 2018,Teen2/Male/Yellow/Rooster,3,MarcosGiovanniChupin,SoulFightersBJJ
Pan Kids IBJJF Jiu-Jitsu Championship 2018,Teen2/Male/Yellow/Rooster,3,MichaelCalabrese,NotoriousMixedMartialArts
Pan Kids IBJJF Jiu-Jitsu Championship 2018,Teen2/Male/Yellow/Light-Feather,1,JoshuaAlexanderCrago,BJJLifestyleAcademy
Pan Kids IBJJF Jiu-Jitsu Championship 2018,Teen2/Male/Yellow/Light-Feather,2,DamienOrtega,SoulFightersBJJ
Pan Kids IBJJF Jiu-Jitsu Championship 2018,Teen2/Male/Yellow/Light-Feather,3,TylerJoeCastroIglesias,PurebredJiuJitsuGuam
Pan Kids IBJJF Jiu-Jitsu Championship 2018,Teen2/Male/Yellow/Feather,1,BennettMeincke,Alliance
Pan Kids IBJJF Jiu-Jitsu Championship 2018,Teen2/Male/Yellow/Feather,2,AnthonyHowellDelashmet,TeamLloydIrvin
Pan Kids IBJJF Jiu-Jitsu Championship 2018,Teen2/Male/Yellow/Feather,3,JordanRichardGaunt,AmazonasRiceBrosBJJ
Pan Kids IBJJF Jiu-Jitsu Championship 2018,Teen2/Male/Yellow/Feather,3,SkylerAydinLum,SoulFightersBJJ
Pan Kids IBJJF Jiu-Jitsu Championship 2018,Teen2/Male/Yellow/Light,1,BryceKevinSmith,LotusClubUSA
Pan Kids IBJJF Jiu-Jitsu Championship 2018,Teen2/Male/Yellow/Light,2,EvanValdez,AmazonasRiceBrosBJJ
Pan Kids IBJJF Jiu-Jitsu Championship 2018,Teen2/Male/Yellow/Light,3,JacksonMendoncaVaz,Alliance
Pan Kids IBJJF Jiu-Jitsu Championship 2018,Teen2/Male/Yellow/Light,3,SlaterVarain,YemasoBrazilianJiu,Jitsu
Pan Kids IBJJF Jiu-Jitsu Championship 2018,Teen2/Male/Yellow/Middle,1,RyanEscobar,SoulFightersBJJ
Pan Kids IBJJF Jiu-Jitsu Championship 2018,Teen2/Male/Yellow/Middle,2,TaiichiYamamoto,HiroBJJAcademyYokohama
Pan Kids IBJJF Jiu-Jitsu Championship 2018,Teen2/Male/Yellow/Middle,3,ThiagoMassaoOdani,GracieBarra
Pan Kids IBJJF Jiu-Jitsu Championship 2018,Teen2/Male/Yellow/Middle,3,VictorCeja,TorresMartialArtsAcademy
Pan Kids IBJJF Jiu-Jitsu Championship 2018,Teen2/Male/Yellow/Medium-Heavy,1,AlejandroNieto,GracieBarra
Pan Kids IBJJF Jiu-Jitsu Championship 2018,Teen2/Male/Yellow/Medium-Heavy,2,JoseAntonioGarcia,CheckMat
Pan Kids IBJJF Jiu-Jitsu Championship 2018,Teen2/Male/Yellow/Medium-Heavy,3,MicahIgnacioCastro,NovaUnião
Pan Kids IBJJF Jiu-Jitsu Championship 2018,Teen2/Male/Yellow/Medium-Heavy,3,NicholasYoung,GracieBarra
Pan Kids IBJJF Jiu-Jitsu Championship 2018,Teen2/Male/Yellow/Heavy,1,NathanLamNichols,AtosJiu,Jitsu
Pan Kids IBJJF Jiu-Jitsu Championship 2018,Teen2/Male/Yellow/Heavy,2,MichaelSebastianAmico,NLJJKaty
Pan Kids IBJJF Jiu-Jitsu Championship 2018,Teen2/Male/Yellow/Heavy,3,CoryEvanCannan,TeamLloydIrvin
Pan Kids IBJJF Jiu-Jitsu Championship 2018,Teen2/Male/Yellow/Heavy,3,GrahamWayneNesbitt,TeamLloydIrvin
Pan Kids IBJJF Jiu-Jitsu Championship 2018,Teen2/Male/Yellow/Ultra-Heavy,1,MarioAntonioSolis,LEADBJJ
Pan Kids IBJJF Jiu-Jitsu Championship 2018,Teen2/Male/Yellow/Ultra-Heavy,2,AlexanderJaredVokey,BodyofFour
Pan Kids IBJJF Jiu-Jitsu Championship 2018,Teen2/Male/Yellow/Ultra-Heavy,3,AntonioVincentFalotico,FabinRosaBrazilianJiu,Jitsu
Pan Kids IBJJF Jiu-Jitsu Championship 2018,Teen2/Male/Yellow/Ultra-Heavy,3,DiogodosSantosdeOliveira,GracieBarra
Pan Kids IBJJF Jiu-Jitsu Championship 2018,Teen2/Male/Orange/Rooster,1,ColeAnthonyAbate,RodrigoPinheiroBJJ
Pan Kids IBJJF Jiu-Jitsu Championship 2018,Teen2/Male/Orange/Rooster,2,PedroHenriquedeAmorimPinheiro,GracieBarra
Pan Kids IBJJF Jiu-Jitsu Championship 2018,Teen2/Male/Orange/Rooster,3,AshtonNewbern,LuizPalharesJiuJitsu
Pan Kids IBJJF Jiu-Jitsu Championship 2018,Teen2/Male/Orange/Rooster,3,SolomonRyanCraft,AtosJiu,Jitsu
Pan Kids IBJJF Jiu-Jitsu Championship 2018,Teen2/Male/Orange/Light-Feather,1,EthanQureshi,GracieBarra
Pan Kids IBJJF Jiu-Jitsu Championship 2018,Teen2/Male/Orange/Light-Feather,2,SamuelWilliamWinters,CheckMat
Pan Kids IBJJF Jiu-Jitsu Championship 2018,Teen2/Male/Orange/Light-Feather,3,MasonScott,ClarkGracieJiuJitsuAcademy
Pan Kids IBJJF Jiu-Jitsu Championship 2018,Teen2/Male/Orange/Light-Feather,3,PedroBorgesdeSouzaTeixeira,GFTeam
Pan Kids IBJJF Jiu-Jitsu Championship 2018,Teen2/Male/Orange/Feather,1,NoahPrestonElliott,GracieBarra
Pan Kids IBJJF Jiu-Jitsu Championship 2018,Teen2/Male/Orange/Feather,2,KaiseiUjihara,Bull,TerrierBonsai
Pan Kids IBJJF Jiu-Jitsu Championship 2018,Teen2/Male/Orange/Feather,3,AlessioSalis,FightNuoroAcademyA.S.D.
Pan Kids IBJJF Jiu-Jitsu Championship 2018,Teen2/Male/Orange/Feather,3,RubenDarioGarciaLopez,RenzoGracieMexico
Pan Kids IBJJF Jiu-Jitsu Championship 2018,Teen2/Male/Orange/Light,1,StevenAlexanderGomez,AtosJiu,Jitsu
Pan Kids IBJJF Jiu-Jitsu Championship 2018,Teen2/Male/Orange/Light,2,LukeTheProdigyLanderer,AtosJiu,Jitsu
Pan Kids IBJJF Jiu-Jitsu Championship 2018,Teen2/Male/Orange/Light,3,JyousukeIhara,ParaestraKoiwa
Pan Kids IBJJF Jiu-Jitsu Championship 2018,Teen2/Male/Orange/Light,3,SpencerChaliHer,TeamMaxwell
Pan Kids IBJJF Jiu-Jitsu Championship 2018,Teen2/Male/Orange/Middle,1,GustavoUmeokaOgawa,AtosJiu,Jitsu
Pan Kids IBJJF Jiu-Jitsu Championship 2018,Teen2/Male/Orange/Middle,2,JaidenNa'inoaMortel,Alliance
Pan Kids IBJJF Jiu-Jitsu Championship 2018,Teen2/Male/Orange/Middle,3,AndrewBeauJohnson,AmazonasRiceBrosBJJ
Pan Kids IBJJF Jiu-Jitsu Championship 2018,Teen2/Male/Orange/Middle,3,KorbinPearson,CaveirinhaJiu,JitsuFamilyUSA
Pan Kids IBJJF Jiu-Jitsu Championship 2018,Teen2/Male/Orange/Medium-Heavy,1,GabrielTorres,UnityJiu,jitsu
Pan Kids IBJJF Jiu-Jitsu Championship 2018,Teen2/Male/Orange/Medium-Heavy,2,TrentMichaelEvans,BJJRevolutionTeam
Pan Kids IBJJF Jiu-Jitsu Championship 2018,Teen2/Male/Orange/Medium-Heavy,3,WilliamMVermette,Alliance
Pan Kids IBJJF Jiu-Jitsu Championship 2018,Teen2/Male/Orange/Super-Heavy,1,DominicAnthonyAbrams,DeLaRivaColumbus
Pan Kids IBJJF Jiu-Jitsu Championship 2018,Teen2/Male/Orange/Super-Heavy,2,DavidMahonriClay,AresBJJAlaska
Pan Kids IBJJF Jiu-Jitsu Championship 2018,Teen2/Male/Orange/Super-Heavy,3,CharlieDouglasWorley,Alliance
Pan Kids IBJJF Jiu-Jitsu Championship 2018,Teen2/Male/Orange/Ultra-Heavy,1,TakeshiroTaninoKauanYuuki,ImpactoJapanB.J.J.
Pan Kids IBJJF Jiu-Jitsu Championship 2018,Teen2/Male/Orange/Ultra-Heavy,2,EthanAaronBabiarz,LuizPalharesJiuJitsu
Pan Kids IBJJF Jiu-Jitsu Championship 2018,Teen2/Male/Orange/Ultra-Heavy,3,CalebSolorio,RibeiroJiu,Jitsu
Pan Kids IBJJF Jiu-Jitsu Championship 2018,Teen2/Female/Grey/Light-Feather,1,JadenRuthBracewell,LuizPalharesJiuJitsu
Pan Kids IBJJF Jiu-Jitsu Championship 2018,Teen2/Female/Grey/Light-Feather,2,FaithAudreyVanderLaan,BJJCoach,Corral'sMartialArts
Pan Kids IBJJF Jiu-Jitsu Championship 2018,Teen2/Female/Grey/Light-Feather,3,LykaVassoodaven,NewSchoolBJJ
Pan Kids IBJJF Jiu-Jitsu Championship 2018,Teen2/Female/Grey/Light-Feather,3,MarissaPerico,CleberJiuJitsuVisalia
Pan Kids IBJJF Jiu-Jitsu Championship 2018,Teen2/Female/Grey/Feather,1,LorenaCardosoDaSilva,AkxeBJJ
Pan Kids IBJJF Jiu-Jitsu Championship 2018,Teen2/Female/Grey/Feather,2,AveryRoseMartin,Alliance
Pan Kids IBJJF Jiu-Jitsu Championship 2018,Teen2/Female/Grey/Feather,3,JanaeLeeAnnLopez,OneJiu,JitsuUSA
Pan Kids IBJJF Jiu-Jitsu Championship 2018,Teen2/Female/Grey/Light,1,AprilDenolo,CheckMat
Pan Kids IBJJF Jiu-Jitsu Championship 2018,Teen2/Female/Grey/Light,2,AllieAnders,GracieBarra
Pan Kids IBJJF Jiu-Jitsu Championship 2018,Teen2/Female/Grey/Light,3,LeelaReneeSmith,FabinRosaBrazilianJiu,Jitsu
Pan Kids IBJJF Jiu-Jitsu Championship 2018,Teen2/Female/Grey/Light,3,MadisonRoseBrown,SamirChantreAcademy
Pan Kids IBJJF Jiu-Jitsu Championship 2018,Teen2/Female/Grey/Middle,1,CassandraJaneEfole,SoulFightersBJJ
Pan Kids IBJJF Jiu-Jitsu Championship 2018,Teen2/Female/Grey/Middle,2,SophiaReneeZika,PacificTopTeamCalifornia
Pan Kids IBJJF Jiu-Jitsu Championship 2018,Teen2/Female/Grey/Middle,3,CaitlinAnnRackstraw,Alliance
Pan Kids IBJJF Jiu-Jitsu Championship 2018,Teen2/Female/Grey/Middle,3,MckinzeyTorres,GracieBarra
Pan Kids IBJJF Jiu-Jitsu Championship 2018,Teen2/Female/Grey/Heavy,1,AmandaDianeSalcedo,NewBreedAcademy
Pan Kids IBJJF Jiu-Jitsu Championship 2018,Teen2/Female/Grey/Heavy,2,JoneaRoseFerrerLavarez,Alliance
Pan Kids IBJJF Jiu-Jitsu Championship 2018,Teen2/Female/Grey/Heavy,3,KarinaDoughty,RibeiroJiu,Jitsu
Pan Kids IBJJF Jiu-Jitsu Championship 2018,Teen2/Female/Yellow/Light-Feather,1,RyleeAnnSmith,LotusClubUSA
Pan Kids IBJJF Jiu-Jitsu Championship 2018,Teen2/Female/Yellow/Light-Feather,2,EmellyVergara,CascaoJiu,Jitsu
Pan Kids IBJJF Jiu-Jitsu Championship 2018,Teen2/Female/Yellow/Light-Feather,3,EmmaEkk,BodyofFour
Pan Kids IBJJF Jiu-Jitsu Championship 2018,Teen2/Female/Yellow/Feather,1,KianaAmorBriseno,CheckMat
Pan Kids IBJJF Jiu-Jitsu Championship 2018,Teen2/Female/Yellow/Feather,2,CharlizeMendoza,GracieFighter
Pan Kids IBJJF Jiu-Jitsu Championship 2018,Teen2/Female/Yellow/Feather,3,MaelaniArielleEstepa,SynergyBrazilianJiuJitsu
Pan Kids IBJJF Jiu-Jitsu Championship 2018,Teen2/Female/Yellow/Feather,3,MailienTran,UnifiedJiuJitsu
Pan Kids IBJJF Jiu-Jitsu Championship 2018,Teen2/Female/Yellow/Light,1,ShyeLilly,SoulFightersBJJ
Pan Kids IBJJF Jiu-Jitsu Championship 2018,Teen2/Female/Yellow/Light,2,MiaLong,OneJiu,JitsuUSA
Pan Kids IBJJF Jiu-Jitsu Championship 2018,Teen2/Female/Yellow/Middle,1,NinaFeliceSandoval,CarlsonGracieTeam
Pan Kids IBJJF Jiu-Jitsu Championship 2018,Teen2/Female/Yellow/Middle,2,KeilaAriannaHernandez,GracieHumaita
Pan Kids IBJJF Jiu-Jitsu Championship 2018,Teen2/Female/Yellow/Heavy,1,CaitlinArellano,CheckMat
Pan Kids IBJJF Jiu-Jitsu Championship 2018,Teen2/Female/Yellow/Heavy,2,MorganAdairBurnard,FightworxAcademy
Pan Kids IBJJF Jiu-Jitsu Championship 2018,Teen2/Female/Yellow/Heavy,3,GwynnethBuckton,GracieBarra
Pan Kids IBJJF Jiu-Jitsu Championship 2018,Teen2/Female/Yellow/Heavy,3,RachelLaurenPojrazov,MamuteMartialArtsAcademy
Pan Kids IBJJF Jiu-Jitsu Championship 2018,Teen2/Female/Orange/Feather,1,LaurenHanakoSognefest,AtosJiu,Jitsu
Pan Kids IBJJF Jiu-Jitsu Championship 2018,Teen2/Female/Orange/Feather,2,IsabellaMoore,GracieBarra
Pan Kids IBJJF Jiu-Jitsu Championship 2018,Teen2/Female/Orange/Feather,3,LilliNoelani,ChristineMontenegro,GracieBarra
Pan Kids IBJJF Jiu-Jitsu Championship 2018,Teen2/Female/Orange/Middle,1,MonaMareeBailey,GroundDwellers
Pan Kids IBJJF Jiu-Jitsu Championship 2018,Teen2/Female/Orange/Middle,2,KeannaCarolynKlay,GracieBarra
Pan Kids IBJJF Jiu-Jitsu Championship 2018,Teen2/Female/Orange/Middle,3,ElizabethGenge,StealthBJJ
Pan Kids IBJJF Jiu-Jitsu Championship 2018,Teen2/Female/Orange/Middle,3,EzraBellaVeloria,GracieBarra
Pan Kids IBJJF Jiu-Jitsu Championship 2018,Teen2/Female/Orange/Super-Heavy,1,JessieEliseMccurry,CannonBJJ
Pan Kids IBJJF Jiu-Jitsu Championship 2018,Teen2/Female/Orange/Super-Heavy,2,NiaBlackman,NewSchoolBJJ
Pan Kids IBJJF Jiu-Jitsu Championship 2018,Teen2/Female/Orange/Super-Heavy,3,EveIsaacs,CarlsonGracieTeam
Pan Kids IBJJF Jiu-Jitsu Championship 2018,Teen2/Female/Orange/Super-Heavy,3,MeganPence,LuizPalharesJiuJitsu
Pan Kids IBJJF Jiu-Jitsu Championship 2018,Teen3/Male/Grey/Rooster,1,DerickTanDatHuynh,Alliance
Pan Kids IBJJF Jiu-Jitsu Championship 2018,Teen3/Male/Grey/Rooster,2,JoshuaAquilo,MamuteMartialArtsAcademy
Pan Kids IBJJF Jiu-Jitsu Championship 2018,Teen3/Male/Grey/Feather,1,AdenHideoLeyson,AtosJiu,Jitsu
Pan Kids IBJJF Jiu-Jitsu Championship 2018,Teen3/Male/Grey/Feather,2,HunterHarrisIV.,RibeiroJiu,Jitsu
Pan Kids IBJJF Jiu-Jitsu Championship 2018,Teen3/Male/Grey/Light,1,CrisMartinReyPedrajas,Alliance
Pan Kids IBJJF Jiu-Jitsu Championship 2018,Teen3/Male/Grey/Light,2,JulianTLopez,TeamMaxwell
Pan Kids IBJJF Jiu-Jitsu Championship 2018,Teen3/Male/Grey/Middle,1,JaedonLukeNobles,ShebaroJiuJitsu
Pan Kids IBJJF Jiu-Jitsu Championship 2018,Teen3/Male/Grey/Middle,2,PedroDanielAlbarran,FabinRosaBrazilianJiu,Jitsu
Pan Kids IBJJF Jiu-Jitsu Championship 2018,Teen3/Male/Grey/Medium-Heavy,1,ConnorRavinCutting,Alliance
Pan Kids IBJJF Jiu-Jitsu Championship 2018,Teen3/Male/Grey/Ultra-Heavy,1,CallumDavidGrassby,GracieBarra
Pan Kids IBJJF Jiu-Jitsu Championship 2018,Teen3/Male/Yellow/Light-Feather,1,ColtonTheodoreWieczorek,SBGMontana
Pan Kids IBJJF Jiu-Jitsu Championship 2018,Teen3/Male/Yellow/Light-Feather,2,RoryVincentMcLaughlin,MarcioCruzBrazilianJiu,Jitsu
Pan Kids IBJJF Jiu-Jitsu Championship 2018,Teen3/Male/Yellow/Feather,1,PatrickRTran,EliteMixedMartialArts
Pan Kids IBJJF Jiu-Jitsu Championship 2018,Teen3/Male/Yellow/Feather,2,JakeBrendanMallari,Alliance
Pan Kids IBJJF Jiu-Jitsu Championship 2018,Teen3/Male/Yellow/Feather,3,JackMills,GracieBarra
Pan Kids IBJJF Jiu-Jitsu Championship 2018,Teen3/Male/Yellow/Feather,3,TyMichaelBroussard,RibeiroJiu,Jitsu
Pan Kids IBJJF Jiu-Jitsu Championship 2018,Teen3/Male/Yellow/Light,1,JoãoGabrielGonçalvesBastos,AkxeBJJ
Pan Kids IBJJF Jiu-Jitsu Championship 2018,Teen3/Male/Yellow/Light,2,HectorleeMorales,TeamMaxwell
Pan Kids IBJJF Jiu-Jitsu Championship 2018,Teen3/Male/Yellow/Light,3,RobertWallaceAndrewsIV,TheHiveMartialArtsAcademy
Pan Kids IBJJF Jiu-Jitsu Championship 2018,Teen3/Male/Yellow/Light,3,SaulNieto,AMBJJ,AlexMartinsBrazilianJiu,Jitsu
Pan Kids IBJJF Jiu-Jitsu Championship 2018,Teen3/Male/Yellow/Middle,1,JonahScottFogg,DDRJiuJitsu
Pan Kids IBJJF Jiu-Jitsu Championship 2018,Teen3/Male/Yellow/Middle,2,NavarroI.Rosa,Garcia,TeamMaxwell
Pan Kids IBJJF Jiu-Jitsu Championship 2018,Teen3/Male/Yellow/Middle,3,SandrodeAndradeMarquesFilho,GracieBarra
Pan Kids IBJJF Jiu-Jitsu Championship 2018,Teen3/Male/Yellow/Medium-Heavy,1,JulianLozano,MMAMasters
Pan Kids IBJJF Jiu-Jitsu Championship 2018,Teen3/Male/Yellow/Medium-Heavy,2,JoâoAugustoBarbosaFariaSantos,DDRJJ
Pan Kids IBJJF Jiu-Jitsu Championship 2018,Teen3/Male/Yellow/Medium-Heavy,3,ABueno,UKFGym
Pan Kids IBJJF Jiu-Jitsu Championship 2018,Teen3/Male/Yellow/Medium-Heavy,3,TrystanDelRio,Fernandez,LEADBJJ
Pan Kids IBJJF Jiu-Jitsu Championship 2018,Teen3/Male/Yellow/Heavy,1,LuisRobertoVarela,AresBJJ
Pan Kids IBJJF Jiu-Jitsu Championship 2018,Teen3/Male/Yellow/Heavy,2,JardelDaCostaGusmão,GracieBarra
Pan Kids IBJJF Jiu-Jitsu Championship 2018,Teen3/Male/Yellow/Ultra-Heavy,1,JoãoPedroCarvalhoPereira,InfightJJ
Pan Kids IBJJF Jiu-Jitsu Championship 2018,Teen3/Male/Yellow/Ultra-Heavy,2,DamianLunaSanchez,LEADBJJ
Pan Kids IBJJF Jiu-Jitsu Championship 2018,Teen3/Male/Yellow/Ultra-Heavy,3,IanChristianThomas,BonsaiJJ,USA
Pan Kids IBJJF Jiu-Jitsu Championship 2018,Teen3/Male/Orange/Rooster,1,LeonardoSilva,SoulFightersBJJ
Pan Kids IBJJF Jiu-Jitsu Championship 2018,Teen3/Male/Orange/Rooster,2,ElyPocaigueII,PurebredJiuJitsuGuam
Pan Kids IBJJF Jiu-Jitsu Championship 2018,Teen3/Male/Orange/Rooster,3,JesusAdrianSalazar,AllAmericanMMA
Pan Kids IBJJF Jiu-Jitsu Championship 2018,Teen3/Male/Orange/Light-Feather,1,ElanValdenSierkBreget,NOSBJJ
Pan Kids IBJJF Jiu-Jitsu Championship 2018,Teen3/Male/Orange/Light-Feather,2,WeiHuangDarrenGoh,EvolveMMA
Pan Kids IBJJF Jiu-Jitsu Championship 2018,Teen3/Male/Orange/Light-Feather,3,JohnClarenceMorgan,AtosJiu,Jitsu
Pan Kids IBJJF Jiu-Jitsu Championship 2018,Teen3/Male/Orange/Light-Feather,3,NolanKim,Alliance
Pan Kids IBJJF Jiu-Jitsu Championship 2018,Teen3/Male/Orange/Feather,1,EthanShaneJohnston,AtosJiu,Jitsu
Pan Kids IBJJF Jiu-Jitsu Championship 2018,Teen3/Male/Orange/Feather,2,JonahAaronGratt,UnityJiu,jitsu
Pan Kids IBJJF Jiu-Jitsu Championship 2018,Teen3/Male/Orange/Feather,3,IshanManishPatel,AtosJiu,Jitsu
Pan Kids IBJJF Jiu-Jitsu Championship 2018,Teen3/Male/Orange/Feather,3,UlissesAntoniodaSilvaNeto,CheckMat
Pan Kids IBJJF Jiu-Jitsu Championship 2018,Teen3/Male/Orange/Light,1,LeonardoFreitasPiratiningaNeves,GFTeam
Pan Kids IBJJF Jiu-Jitsu Championship 2018,Teen3/Male/Orange/Light,2,CauãAguiarGaldeano,GFTeam
Pan Kids IBJJF Jiu-Jitsu Championship 2018,Teen3/Male/Orange/Light,3,FilipVojinovic,CheckMat
Pan Kids IBJJF Jiu-Jitsu Championship 2018,Teen3/Male/Orange/Light,3,OrlandoJacobGarcia,AtosJiu,Jitsu
Pan Kids IBJJF Jiu-Jitsu Championship 2018,Teen3/Male/Orange/Middle,1,KadeRuotolo,AtosJiu,Jitsu
Pan Kids IBJJF Jiu-Jitsu Championship 2018,Teen3/Male/Orange/Middle,2,JacobdeJesusBrown,AtosJiu,Jitsu
Pan Kids IBJJF Jiu-Jitsu Championship 2018,Teen3/Male/Orange/Middle,3,MoureceNoahRamirez,NovaUnião
Pan Kids IBJJF Jiu-Jitsu Championship 2018,Teen3/Male/Orange/Middle,3,StevenHunterMcCurley,BJJRevolutionTeam
Pan Kids IBJJF Jiu-Jitsu Championship 2018,Teen3/Male/Orange/Medium-Heavy,1,DominicMejia,GracieBarra
Pan Kids IBJJF Jiu-Jitsu Championship 2018,Teen3/Male/Orange/Medium-Heavy,2,TyeRuotolo,AtosJiu,Jitsu
Pan Kids IBJJF Jiu-Jitsu Championship 2018,Teen3/Male/Orange/Medium-Heavy,3,JackSeamusMcmanus,BlackArrow
Pan Kids IBJJF Jiu-Jitsu Championship 2018,Teen3/Male/Orange/Medium-Heavy,3,MarioJesusAlvarado,AmazonasRiceBrosBJJ
Pan Kids IBJJF Jiu-Jitsu Championship 2018,Teen3/Male/Orange/Heavy,1,LuanYudiHukamiMarques,AtosJiu,Jitsu
Pan Kids IBJJF Jiu-Jitsu Championship 2018,Teen3/Male/Orange/Heavy,2,MukhamediyarKudaikulov,KazakhstanTopTeam
Pan Kids IBJJF Jiu-Jitsu Championship 2018,Teen3/Male/Orange/Heavy,3,JoshuaYe,WonHahm,MohlerJiu,Jitsu
Pan Kids IBJJF Jiu-Jitsu Championship 2018,Teen3/Male/Orange/Heavy,3,TuatahiBuchin,AtosJiu,Jitsu
Pan Kids IBJJF Jiu-Jitsu Championship 2018,Teen3/Male/Orange/Super-Heavy,1,GabrielHeiseVivan,A.STeam
Pan Kids IBJJF Jiu-Jitsu Championship 2018,Teen3/Male/Orange/Super-Heavy,2,JakobNakamura,SoulFightersBJJ
Pan Kids IBJJF Jiu-Jitsu Championship 2018,Teen3/Male/Orange/Super-Heavy,3,BlaiceAdenPrescott,RodrigoPinheiroBJJ
Pan Kids IBJJF Jiu-Jitsu Championship 2018,Teen3/Male/Orange/Super-Heavy,3,KingSinsarady,GracieHumaita
Pan Kids IBJJF Jiu-Jitsu Championship 2018,Teen3/Male/Orange/Ultra-Heavy,1,MichaelMiller,Alliance
Pan Kids IBJJF Jiu-Jitsu Championship 2018,Teen3/Male/Orange/Ultra-Heavy,2,RaphaelCamillusCaicedo,Borja,YamasakiAcademy
Pan Kids IBJJF Jiu-Jitsu Championship 2018,Teen3/Male/Orange/Ultra-Heavy,3,JeramiahJacobMarquez,LEADBJJ
Pan Kids IBJJF Jiu-Jitsu Championship 2018,Teen3/Female/Grey/Light-Feather,1,KieraTiegen,Alliance
Pan Kids IBJJF Jiu-Jitsu Championship 2018,Teen3/Female/Grey/Light-Feather,2,HannahGulczynski,OneJiu,JitsuUSA
Pan Kids IBJJF Jiu-Jitsu Championship 2018,Teen3/Female/Grey/Feather,1,BryannaAlyssaRuiz,CleberJiuJitsuVisalia
Pan Kids IBJJF Jiu-Jitsu Championship 2018,Teen3/Female/Grey/Feather,2,KailaAStone,CleberJiuJitsuVisalia
Pan Kids IBJJF Jiu-Jitsu Championship 2018,Teen3/Female/Grey/Feather,3,NatalieMarrewa,AtosJiu,Jitsu
Pan Kids IBJJF Jiu-Jitsu Championship 2018,Teen3/Female/Grey/Light,1,EmilydeMeloSimoes,TeamDNABJJ
Pan Kids IBJJF Jiu-Jitsu Championship 2018,Teen3/Female/Grey/Light,2,OliviaSchauer,AtosJiu,Jitsu
Pan Kids IBJJF Jiu-Jitsu Championship 2018,Teen3/Female/Grey/Light,3,HaleighAnnLeininger,FabinRosaBrazilianJiu,Jitsu
Pan Kids IBJJF Jiu-Jitsu Championship 2018,Teen3/Female/Grey/Light,3,JessieHill,Alliance
Pan Kids IBJJF Jiu-Jitsu Championship 2018,Teen3/Female/Grey/Medium-Heavy,1,KarinaNicoleLagrana,YamasakiAcademy
Pan Kids IBJJF Jiu-Jitsu Championship 2018,Teen3/Female/Grey/Medium-Heavy,2,SavannahAValle,NewBreedAcademy
Pan Kids IBJJF Jiu-Jitsu Championship 2018,Teen3/Female/Grey/Medium-Heavy,3,Elizabeth,AnneMcMurray,GUVNABJJ
Pan Kids IBJJF Jiu-Jitsu Championship 2018,Teen3/Female/Yellow/Light-Feather,1,FlorejaneConde,GracieBarra
Pan Kids IBJJF Jiu-Jitsu Championship 2018,Teen3/Female/Yellow/Light-Feather,2,CarolDelgadillo,CascaoJiu,Jitsu
Pan Kids IBJJF Jiu-Jitsu Championship 2018,Teen3/Female/Yellow/Light,1,AyllaRaphaellyRodriguesdaSilva,GameFightBJJ/Manimal
Pan Kids IBJJF Jiu-Jitsu Championship 2018,Teen3/Female/Yellow/Light,2,AnaDrummondCoelho,SoulFightersBJJ
Pan Kids IBJJF Jiu-Jitsu Championship 2018,Teen3/Female/Yellow/Light,3,JennaCastrenceGarcia,CheckMat
Pan Kids IBJJF Jiu-Jitsu Championship 2018,Teen3/Female/Yellow/Light,3,MaryaYama,TeamDNABJJ
Pan Kids IBJJF Jiu-Jitsu Championship 2018,Teen3/Female/Yellow/Medium-Heavy,1,CaylynnKirstenPunzalan,Decastro,SoulFightersBJJ
Pan Kids IBJJF Jiu-Jitsu Championship 2018,Teen3/Female/Yellow/Medium-Heavy,2,MarcelledaCruzMacedoLeite,InfightJJ
Pan Kids IBJJF Jiu-Jitsu Championship 2018,Teen3/Female/Orange/Rooster,1,MayaGeneHingco,MamuteMartialArtsAcademy
Pan Kids IBJJF Jiu-Jitsu Championship 2018,Teen3/Female/Orange/Rooster,2,JaydaAnnC.Macatangay,GracieBarra
Pan Kids IBJJF Jiu-Jitsu Championship 2018,Teen3/Female/Orange/Light-Feather,1,IzabellaFrezzo,NotoriousMixedMartialArts
Pan Kids IBJJF Jiu-Jitsu Championship 2018,Teen3/Female/Orange/Light-Feather,2,AjayzeeMarieZaballos,SoulFightersBJJ
Pan Kids IBJJF Jiu-Jitsu Championship 2018,Teen3/Female/Orange/Light-Feather,3,ClaireMacDougall,GracieHumaita
Pan Kids IBJJF Jiu-Jitsu Championship 2018,Teen3/Female/Orange/Light-Feather,3,NaomiAhijah,KalaValdez,AtosJiu,Jitsu
Pan Kids IBJJF Jiu-Jitsu Championship 2018,Teen3/Female/Orange/Feather,1,TiffanyButler,RibeiroJiu,Jitsu
Pan Kids IBJJF Jiu-Jitsu Championship 2018,Teen3/Female/Orange/Feather,2,MikaylaElenaBasilioFonacier,Alliance
Pan Kids IBJJF Jiu-Jitsu Championship 2018,Teen3/Female/Orange/Feather,3,AristaMarania,MamuteMartialArtsAcademy
Pan Kids IBJJF Jiu-Jitsu Championship 2018,Teen3/Female/Orange/Feather,3,HelainaMoisant,BJJGlobetrottersUSA
Pan Kids IBJJF Jiu-Jitsu Championship 2018,Teen3/Female/Orange/Light,1,ZoeCrecos,CarlsonGracieTeam
Pan Kids IBJJF Jiu-Jitsu Championship 2018,Teen3/Female/Orange/Light,2,SuriyaDesai,BodyofFour
Pan Kids IBJJF Jiu-Jitsu Championship 2018,Teen3/Female/Orange/Light,3,KaylaWienbeck,MemphisBJJ
Pan Kids IBJJF Jiu-Jitsu Championship 2018,Teen3/Female/Orange/Middle,1,HeloysaFernandaAraujoOliveira,GracieBarra
Pan Kids IBJJF Jiu-Jitsu Championship 2018,Teen3/Female/Orange/Middle,2,AgathaMayaraFerreiraFranco,OverLimitBJJ
Pan Kids IBJJF Jiu-Jitsu Championship 2018,Teen3/Female/Orange/Middle,3,GiulyaMariaMaiaNunes,InfightJJ
Pan Kids IBJJF Jiu-Jitsu Championship 2018,Teen3/Female/Orange/Middle,3,StevieSummerKnapp,Alliance
Pan Kids IBJJF Jiu-Jitsu Championship 2018,Teen3/Female/Orange/Medium-Heavy,1,KethelendoNascimentoArraes,Alliance
Pan Kids IBJJF Jiu-Jitsu Championship 2018,Teen3/Female/Orange/Medium-Heavy,2,FrancescaJolieAdaLizama,PurebredJiuJitsuGuam
Pan Kids IBJJF Jiu-Jitsu Championship 2018,Teen3/Female/Orange/Medium-Heavy,3,KatarinaBastosLuz,Alliance
Pan Kids IBJJF Jiu-Jitsu Championship 2018,Teen3/Female/Orange/Medium-Heavy,3,LaraLadiniXavier,BeOneEPJJ
