Atlanta Summer International Open Jiu-Jitsu No-Gi Championship 2017,Adult/Male/Blue/Light-Feather,1,MichaelChristopherMehl,VicenteJr.Team
Atlanta Summer International Open Jiu-Jitsu No-Gi Championship 2017,Adult/Male/Blue/Light-Feather,2,KevenCarrasco,AresBJJ,KennyKim
Atlanta Summer International Open Jiu-Jitsu No-Gi Championship 2017,Adult/Male/Blue/Light-Feather,3,SebastianCalvo,RenzoGracieInternational
Atlanta Summer International Open Jiu-Jitsu No-Gi Championship 2017,Adult/Male/Blue/Feather,1,AnVu,RobertoTravenBJJ
Atlanta Summer International Open Jiu-Jitsu No-Gi Championship 2017,Adult/Male/Blue/Feather,2,BryceLighthall,Alliance
Atlanta Summer International Open Jiu-Jitsu No-Gi Championship 2017,Adult/Male/Blue/Feather,3,DillanSchouw,JamesShookBrazilianJiu,Jitsu
Atlanta Summer International Open Jiu-Jitsu No-Gi Championship 2017,Adult/Male/Blue/Feather,3,MohammadSadiq,RobertoTravenBJJ
Atlanta Summer International Open Jiu-Jitsu No-Gi Championship 2017,Adult/Male/Blue/Light,1,LoganCruzSantos,CreightonMixedMartialArtsAcademy
Atlanta Summer International Open Jiu-Jitsu No-Gi Championship 2017,Adult/Male/Blue/Light,2,SalvatoreMarandino,GFTeam
Atlanta Summer International Open Jiu-Jitsu No-Gi Championship 2017,Adult/Male/Blue/Light,3,AndrésMadrigalBenavides,Alliance
Atlanta Summer International Open Jiu-Jitsu No-Gi Championship 2017,Adult/Male/Blue/Light,3,ZacharyStevenVanZile,Alliance
Atlanta Summer International Open Jiu-Jitsu No-Gi Championship 2017,Adult/Male/Blue/Middle,1,PaytonRowland,TeamShawnHammonds
Atlanta Summer International Open Jiu-Jitsu No-Gi Championship 2017,Adult/Male/Blue/Middle,2,QuentinYobe,DeLaRivaNantes
Atlanta Summer International Open Jiu-Jitsu No-Gi Championship 2017,Adult/Male/Blue/Middle,3,BryanAltman,BocaDeLaRiva
Atlanta Summer International Open Jiu-Jitsu No-Gi Championship 2017,Adult/Male/Blue/Middle,3,FranklinJackson,BocaDeLaRiva
Atlanta Summer International Open Jiu-Jitsu No-Gi Championship 2017,Adult/Male/Blue/Medium-Heavy,1,DanielMarcCalvert,PrimeJiu,JitsuCenter
Atlanta Summer International Open Jiu-Jitsu No-Gi Championship 2017,Adult/Male/Blue/Medium-Heavy,2,JoshuaSequeira,BodyofFour
Atlanta Summer International Open Jiu-Jitsu No-Gi Championship 2017,Adult/Male/Blue/Medium-Heavy,3,AnthonyCastillo,CarlsonGracieTeam
Atlanta Summer International Open Jiu-Jitsu No-Gi Championship 2017,Adult/Male/Blue/Medium-Heavy,3,IbrahimYahyaAsfour,Alliance
Atlanta Summer International Open Jiu-Jitsu No-Gi Championship 2017,Adult/Male/Blue/Heavy,1,NathanParrish,CornerstoneBrazilianJiu,JitsuLlc.
Atlanta Summer International Open Jiu-Jitsu No-Gi Championship 2017,Adult/Male/Blue/Super-Heavy,1,EdsondeAlmeidaAraujo,CheckMat,Equipe1
Atlanta Summer International Open Jiu-Jitsu No-Gi Championship 2017,Adult/Male/Blue/Enum_WeightDivision_OpenClass_Label,1,AnVu,RobertoTravenBJJ
Atlanta Summer International Open Jiu-Jitsu No-Gi Championship 2017,Adult/Male/Blue/Enum_WeightDivision_OpenClass_Label,2,BryceLighthall,Alliance
Atlanta Summer International Open Jiu-Jitsu No-Gi Championship 2017,Adult/Male/Blue/Enum_WeightDivision_OpenClass_Label,3,DillanSchouw,JamesShookBrazilianJiu,Jitsu
Atlanta Summer International Open Jiu-Jitsu No-Gi Championship 2017,Adult/Male/Blue/Enum_WeightDivision_OpenClass_Label,3,JoshuaSequeira,BodyofFour
Atlanta Summer International Open Jiu-Jitsu No-Gi Championship 2017,Adult/Male/Purple/Light-Feather,1,MarcusBeddor,GracieJiu,JitsuPedroSauerTeam
Atlanta Summer International Open Jiu-Jitsu No-Gi Championship 2017,Adult/Male/Purple/Light-Feather,2,MatheusFonseca,TeamRobsonMoura
Atlanta Summer International Open Jiu-Jitsu No-Gi Championship 2017,Adult/Male/Purple/Light-Feather,3,TerryNguyen,KnuckleUp
Atlanta Summer International Open Jiu-Jitsu No-Gi Championship 2017,Adult/Male/Purple/Light-Feather,3,TinThanhNguyen,ConnorsMMA
Atlanta Summer International Open Jiu-Jitsu No-Gi Championship 2017,Adult/Male/Purple/Feather,1,SheridanMoran,BJJRevolutionTeam
Atlanta Summer International Open Jiu-Jitsu No-Gi Championship 2017,Adult/Male/Purple/Feather,2,EdwardShin,SBGAtlanta
Atlanta Summer International Open Jiu-Jitsu No-Gi Championship 2017,Adult/Male/Purple/Feather,3,BrandonPerry,RobertoTravenBJJ
Atlanta Summer International Open Jiu-Jitsu No-Gi Championship 2017,Adult/Male/Purple/Feather,3,TheodoreSanders,LuizPalharesJiuJitsu
Atlanta Summer International Open Jiu-Jitsu No-Gi Championship 2017,Adult/Male/Purple/Light,1,MatheusGabrielPinheiroBarros,CheckMat
Atlanta Summer International Open Jiu-Jitsu No-Gi Championship 2017,Adult/Male/Purple/Light,2,DanielMaira,MPREndurance
Atlanta Summer International Open Jiu-Jitsu No-Gi Championship 2017,Adult/Male/Purple/Light,3,AhmadJingo,GFTeam
Atlanta Summer International Open Jiu-Jitsu No-Gi Championship 2017,Adult/Male/Purple/Light,3,JayEnoch,FightSports
Atlanta Summer International Open Jiu-Jitsu No-Gi Championship 2017,Adult/Male/Purple/Middle,1,LuanAndreiBarrosdeAlbuquerque,GordoJiu,Jitsu
Atlanta Summer International Open Jiu-Jitsu No-Gi Championship 2017,Adult/Male/Purple/Middle,2,TrevorKnox,Alliance
Atlanta Summer International Open Jiu-Jitsu No-Gi Championship 2017,Adult/Male/Purple/Medium-Heavy,1,PatrickI.Hemenway,PellegrinoMixedMartialArts
Atlanta Summer International Open Jiu-Jitsu No-Gi Championship 2017,Adult/Male/Purple/Medium-Heavy,2,AdlerArmstrong,SASTeamUSA
Atlanta Summer International Open Jiu-Jitsu No-Gi Championship 2017,Adult/Male/Purple/Medium-Heavy,3,RandolphToussaint,CreightonMixedMartialArtsAcademy
Atlanta Summer International Open Jiu-Jitsu No-Gi Championship 2017,Adult/Male/Purple/Heavy,1,TylerJackson,LuizPalharesJiuJitsu
Atlanta Summer International Open Jiu-Jitsu No-Gi Championship 2017,Adult/Male/Purple/Heavy,2,CalebGilmore,TeamJucãoUSA
Atlanta Summer International Open Jiu-Jitsu No-Gi Championship 2017,Adult/Male/Purple/Super-Heavy,1,DanielBalandra,BrazilianTopTeam,Texas
Atlanta Summer International Open Jiu-Jitsu No-Gi Championship 2017,Adult/Male/Purple/Ultra-Heavy,1,TaylorKettler,RenatoTavaresAssociation
Atlanta Summer International Open Jiu-Jitsu No-Gi Championship 2017,Adult/Male/Purple/Ultra-Heavy,2,NoahChristianEchols,GracieBarra
Atlanta Summer International Open Jiu-Jitsu No-Gi Championship 2017,Adult/Male/Purple/Enum_WeightDivision_OpenClass_Label,1,LuanAndreiBarrosdeAlbuquerque,GordoJiu,Jitsu
Atlanta Summer International Open Jiu-Jitsu No-Gi Championship 2017,Adult/Male/Purple/Enum_WeightDivision_OpenClass_Label,2,DanielMaira,MPREndurance
Atlanta Summer International Open Jiu-Jitsu No-Gi Championship 2017,Adult/Male/Purple/Enum_WeightDivision_OpenClass_Label,3,AdlerArmstrong,SASTeamUSA
Atlanta Summer International Open Jiu-Jitsu No-Gi Championship 2017,Adult/Male/Purple/Enum_WeightDivision_OpenClass_Label,3,CalebGilmore,TeamJucãoUSA
Atlanta Summer International Open Jiu-Jitsu No-Gi Championship 2017,Adult/Male/Brown/Feather,1,EmilioAlejandrohernandez,rodgriquez,ZenithBJJ
Atlanta Summer International Open Jiu-Jitsu No-Gi Championship 2017,Adult/Male/Brown/Feather,2,JasonFaglierJr.,TerraPlanusJiu,Jitsu
Atlanta Summer International Open Jiu-Jitsu No-Gi Championship 2017,Adult/Male/Brown/Feather,3,MichaelTalhouk,TeamRobsonMoura
Atlanta Summer International Open Jiu-Jitsu No-Gi Championship 2017,Adult/Male/Brown/Light,1,FernandoAmadeuMachadoSantos,GracieBarra
Atlanta Summer International Open Jiu-Jitsu No-Gi Championship 2017,Adult/Male/Brown/Light,2,ParieMorganTaylorJared,RobertoTravenBJJ
Atlanta Summer International Open Jiu-Jitsu No-Gi Championship 2017,Adult/Male/Brown/Light,3,ColinTaylor,LuizPalharesJiuJitsu
Atlanta Summer International Open Jiu-Jitsu No-Gi Championship 2017,Adult/Male/Brown/Light,3,DanielPatrickSweeney,HurricaneJiu,Jitsu
Atlanta Summer International Open Jiu-Jitsu No-Gi Championship 2017,Adult/Male/Brown/Middle,1,JosephJustinRuggiero,TeamThirdLaw
Atlanta Summer International Open Jiu-Jitsu No-Gi Championship 2017,Adult/Male/Brown/Middle,2,AnthonyElbert,DavidJacobsJiu,JitsuTeam
Atlanta Summer International Open Jiu-Jitsu No-Gi Championship 2017,Adult/Male/Brown/Medium-Heavy,1,RyanDouglasHagerty,Alliance
Atlanta Summer International Open Jiu-Jitsu No-Gi Championship 2017,Adult/Male/Brown/Medium-Heavy,2,JaePeirceMcIntosh,KillerBeesBJJCollege
Atlanta Summer International Open Jiu-Jitsu No-Gi Championship 2017,Adult/Male/Brown/Medium-Heavy,3,DavidOlivier,NOLABrazilianJiu,Jitsu
Atlanta Summer International Open Jiu-Jitsu No-Gi Championship 2017,Adult/Male/Brown/Enum_WeightDivision_OpenClass_Label,1,RyanDouglasHagerty,Alliance
Atlanta Summer International Open Jiu-Jitsu No-Gi Championship 2017,Adult/Male/Brown/Enum_WeightDivision_OpenClass_Label,2,JosephJustinRuggiero,TeamThirdLaw
Atlanta Summer International Open Jiu-Jitsu No-Gi Championship 2017,Adult/Male/Brown/Enum_WeightDivision_OpenClass_Label,3,EmilioAlejandrohernandez,rodgriquez,ZenithBJJ
Atlanta Summer International Open Jiu-Jitsu No-Gi Championship 2017,Adult/Male/Black/Light-Feather,1,TanielSantosdeJesus,AresBJJ
Atlanta Summer International Open Jiu-Jitsu No-Gi Championship 2017,Adult/Male/Black/Feather,1,JonathanVanBuren,AresBJJ,KennyKim
Atlanta Summer International Open Jiu-Jitsu No-Gi Championship 2017,Adult/Male/Black/Feather,2,SilvioDurandeBarrosSaraiva,VitorShaolinBJJ
Atlanta Summer International Open Jiu-Jitsu No-Gi Championship 2017,Adult/Male/Black/Feather,3,ManuelAlejandroMorenoMacias,AresBJJ,KennyKim
Atlanta Summer International Open Jiu-Jitsu No-Gi Championship 2017,Adult/Male/Black/Light,1,FredericoAugustoAlvesSilva,Alliance
Atlanta Summer International Open Jiu-Jitsu No-Gi Championship 2017,Adult/Male/Black/Light,2,JeffreyTimothyCummings,PositiveBalanceGrappling
Atlanta Summer International Open Jiu-Jitsu No-Gi Championship 2017,Adult/Male/Black/Light,3,GianniPaulGrippo,Alliance
Atlanta Summer International Open Jiu-Jitsu No-Gi Championship 2017,Adult/Male/Black/Light,3,IssaAble,AresBJJ,KennyKim
Atlanta Summer International Open Jiu-Jitsu No-Gi Championship 2017,Adult/Male/Black/Medium-Heavy,1,PedroHenriqueMonteiroPalhares,LuizPalharesJiuJitsu
Atlanta Summer International Open Jiu-Jitsu No-Gi Championship 2017,Adult/Male/Black/Medium-Heavy,2,BrenoHenriqueAbreuBittencourt,AresBJJ,KennyKim
Atlanta Summer International Open Jiu-Jitsu No-Gi Championship 2017,Adult/Male/Black/Heavy,1,HorlandodeJesusMonteiro,GDJiu,JitsuAssociation
Atlanta Summer International Open Jiu-Jitsu No-Gi Championship 2017,Adult/Male/Black/Heavy,2,JoshuaLeeBowlin,GracieBarra
Atlanta Summer International Open Jiu-Jitsu No-Gi Championship 2017,Adult/Male/Black/Heavy,3,WalnanPrestoConstantino,Alliance
Atlanta Summer International Open Jiu-Jitsu No-Gi Championship 2017,Adult/Male/Black/Super-Heavy,1,SamirJoséChantreDahás,AresBJJ,KennyKim
Atlanta Summer International Open Jiu-Jitsu No-Gi Championship 2017,Adult/Male/Black/Ultra-Heavy,1,AaronMichaelJohnson,UnityJiu,jitsu
Atlanta Summer International Open Jiu-Jitsu No-Gi Championship 2017,Adult/Male/Black/Ultra-Heavy,2,LeonardoHenriqueD'avilaCorrêa,AtosJiu,Jitsu
Atlanta Summer International Open Jiu-Jitsu No-Gi Championship 2017,Adult/Male/Black/Enum_WeightDivision_OpenClass_Label,1,AaronMichaelJohnson,UnityJiu,jitsu
Atlanta Summer International Open Jiu-Jitsu No-Gi Championship 2017,Adult/Male/Black/Enum_WeightDivision_OpenClass_Label,2,TanielSantosdeJesus,AresBJJ
Atlanta Summer International Open Jiu-Jitsu No-Gi Championship 2017,Adult/Male/Black/Enum_WeightDivision_OpenClass_Label,3,JoshuaMichaelMurdock,GreatGrapplingBrazilianJiuJitsu
Atlanta Summer International Open Jiu-Jitsu No-Gi Championship 2017,Adult/Male/Black/Enum_WeightDivision_OpenClass_Label,3,WalnanPrestoConstantino,Alliance
Atlanta Summer International Open Jiu-Jitsu No-Gi Championship 2017,Adult/Female/Blue/Light-Feather,1,MonicaSusanaSalazarSerna,RodrigoPinheiroBJJ
Atlanta Summer International Open Jiu-Jitsu No-Gi Championship 2017,Adult/Female/Blue/Light-Feather,2,KyraSamuels,MarcioCruzBrazilianJiu,Jitsu
Atlanta Summer International Open Jiu-Jitsu No-Gi Championship 2017,Adult/Female/Blue/Light-Feather,3,AngelinaDeLuca,ZenithBJJ,LasVegas
Atlanta Summer International Open Jiu-Jitsu No-Gi Championship 2017,Adult/Female/Blue/Feather,1,AlexaNicoleYanes,GracieBarra
Atlanta Summer International Open Jiu-Jitsu No-Gi Championship 2017,Adult/Female/Blue/Feather,2,KellyZiemba,BJJRevolutionTeam
Atlanta Summer International Open Jiu-Jitsu No-Gi Championship 2017,Adult/Female/Blue/Feather,3,JenniferClanton,GracieTampaSouth
Atlanta Summer International Open Jiu-Jitsu No-Gi Championship 2017,Adult/Female/Blue/Feather,3,MartaCovre,RobertoTravenBJJ
Atlanta Summer International Open Jiu-Jitsu No-Gi Championship 2017,Adult/Female/Blue/Light,1,Manda,MarieEpiphaniaPiaMiguel,Kabeya,PSLPBCiceroCostha
Atlanta Summer International Open Jiu-Jitsu No-Gi Championship 2017,Adult/Female/Blue/Light,2,RuthShi,LeiHwu,BuckheadJiu,Jitsu
Atlanta Summer International Open Jiu-Jitsu No-Gi Championship 2017,Adult/Female/Blue/Light,3,IsabellaMarieLayton,RobertoTravenBJJ
Atlanta Summer International Open Jiu-Jitsu No-Gi Championship 2017,Adult/Female/Blue/Light,3,TheresaPearlFormica,TeamLloydIrvin
Atlanta Summer International Open Jiu-Jitsu No-Gi Championship 2017,Adult/Female/Blue/Middle,1,LauraGolson,Alliance
Atlanta Summer International Open Jiu-Jitsu No-Gi Championship 2017,Adult/Female/Blue/Middle,2,AmberShannon,RilionGracieAtlanta,RanieriPaivaBJJ
Atlanta Summer International Open Jiu-Jitsu No-Gi Championship 2017,Adult/Female/Blue/Middle,3,JennaWilde,GracieJiu,JitsuPedroSauerTeam
Atlanta Summer International Open Jiu-Jitsu No-Gi Championship 2017,Adult/Female/Blue/Medium-Heavy,1,LeahMays,TeamLloydIrvin
Atlanta Summer International Open Jiu-Jitsu No-Gi Championship 2017,Adult/Female/Blue/Medium-Heavy,2,KatherineAnnKonzal,KnuckleUp
Atlanta Summer International Open Jiu-Jitsu No-Gi Championship 2017,Adult/Female/Blue/Super-Heavy,1,JessicaHurtt,RobertoTravenBJJ
Atlanta Summer International Open Jiu-Jitsu No-Gi Championship 2017,Adult/Female/Blue/Super-Heavy,2,SarahJones,DeSouzaDojo
Atlanta Summer International Open Jiu-Jitsu No-Gi Championship 2017,Adult/Female/Blue/Enum_WeightDivision_OpenClass_Label,1,Manda,MarieEpiphaniaPiaMiguel,Kabeya,PSLPBCiceroCostha
Atlanta Summer International Open Jiu-Jitsu No-Gi Championship 2017,Adult/Female/Blue/Enum_WeightDivision_OpenClass_Label,2,JessicaHurtt,RobertoTravenBJJ
Atlanta Summer International Open Jiu-Jitsu No-Gi Championship 2017,Adult/Female/Blue/Enum_WeightDivision_OpenClass_Label,3,AngelinaDeLuca,ZenithBJJ,LasVegas
Atlanta Summer International Open Jiu-Jitsu No-Gi Championship 2017,Adult/Female/Blue/Enum_WeightDivision_OpenClass_Label,3,MonicaSusanaSalazarSerna,RodrigoPinheiroBJJ
Atlanta Summer International Open Jiu-Jitsu No-Gi Championship 2017,Adult/Female/Purple/Feather,1,AbigailKatePacinelli,TACTeamBJJ
Atlanta Summer International Open Jiu-Jitsu No-Gi Championship 2017,Adult/Female/Purple/Feather,2,FayeCherrier,KnuckleUp
Atlanta Summer International Open Jiu-Jitsu No-Gi Championship 2017,Adult/Female/Purple/Feather,3,chelseakurtzman,GreatGrapplingBrazilianJiuJitsu
Atlanta Summer International Open Jiu-Jitsu No-Gi Championship 2017,Adult/Female/Purple/Feather,3,RachelClaireRanschau,TeamLloydIrvin
Atlanta Summer International Open Jiu-Jitsu No-Gi Championship 2017,Adult/Female/Purple/Light,1,MaggieMcdowell,Alliance
Atlanta Summer International Open Jiu-Jitsu No-Gi Championship 2017,Adult/Female/Purple/Light,2,TerriE.Casillas,SoulFightersTexas
Atlanta Summer International Open Jiu-Jitsu No-Gi Championship 2017,Adult/Female/Purple/Middle,1,AlexandriaL.Enriquez,KnuckleUp
Atlanta Summer International Open Jiu-Jitsu No-Gi Championship 2017,Adult/Female/Purple/Enum_WeightDivision_OpenClass_Label,1,AlexandriaL.Enriquez,KnuckleUp
Atlanta Summer International Open Jiu-Jitsu No-Gi Championship 2017,Adult/Female/Purple/Enum_WeightDivision_OpenClass_Label,2,AbigailKatePacinelli,TACTeamBJJ
Atlanta Summer International Open Jiu-Jitsu No-Gi Championship 2017,Adult/Female/Purple/Enum_WeightDivision_OpenClass_Label,3,MaggieMcdowell,Alliance
Atlanta Summer International Open Jiu-Jitsu No-Gi Championship 2017,Adult/Female/Purple/Enum_WeightDivision_OpenClass_Label,3,RachelClaireRanschau,TeamLloydIrvin
Atlanta Summer International Open Jiu-Jitsu No-Gi Championship 2017,Master1/Male/Blue/Light-Feather,1,DanielBaker,Alliance
Atlanta Summer International Open Jiu-Jitsu No-Gi Championship 2017,Master1/Male/Blue/Light-Feather,2,EfraimZeferino,GracieBarra
Atlanta Summer International Open Jiu-Jitsu No-Gi Championship 2017,Master1/Male/Blue/Light-Feather,3,ColbyWhite,RobertoTravenBJJ
Atlanta Summer International Open Jiu-Jitsu No-Gi Championship 2017,Master1/Male/Blue/Light-Feather,3,OrlandoTurner,GracieBarra
Atlanta Summer International Open Jiu-Jitsu No-Gi Championship 2017,Master1/Male/Blue/Light,1,DixanAleman,SASTeamBJJ
Atlanta Summer International Open Jiu-Jitsu No-Gi Championship 2017,Master1/Male/Blue/Middle,1,NoahDanielWilson,CreightonMixedMartialArtsAcademy
Atlanta Summer International Open Jiu-Jitsu No-Gi Championship 2017,Master1/Male/Blue/Middle,2,SyedMohsinZaidi,TeamRoyceGracie
Atlanta Summer International Open Jiu-Jitsu No-Gi Championship 2017,Master1/Male/Blue/Middle,3,JoshuaMorgan,RobertoTravenBJJ
Atlanta Summer International Open Jiu-Jitsu No-Gi Championship 2017,Master1/Male/Blue/Medium-Heavy,1,MarcinPiotrChrzanowski,SASTeamBJJ
Atlanta Summer International Open Jiu-Jitsu No-Gi Championship 2017,Master1/Male/Blue/Medium-Heavy,2,CaryFowler,SBGInternational(SBGI)
Atlanta Summer International Open Jiu-Jitsu No-Gi Championship 2017,Master1/Male/Blue/Medium-Heavy,3,MichaelBooker,KillerBeesBJJCollege
Atlanta Summer International Open Jiu-Jitsu No-Gi Championship 2017,Master1/Male/Blue/Heavy,1,MarkLee,RobertoTravenBJJ
Atlanta Summer International Open Jiu-Jitsu No-Gi Championship 2017,Master1/Male/Blue/Heavy,2,JeffreyDaniel,X3Sports
Atlanta Summer International Open Jiu-Jitsu No-Gi Championship 2017,Master1/Male/Blue/Heavy,3,EfrainRodriguez,GracieBarra
Atlanta Summer International Open Jiu-Jitsu No-Gi Championship 2017,Master1/Male/Blue/Super-Heavy,1,JohnWDowd,TatuBJJ
Atlanta Summer International Open Jiu-Jitsu No-Gi Championship 2017,Master1/Male/Blue/Super-Heavy,2,WilliamLyles,GracieBarra
Atlanta Summer International Open Jiu-Jitsu No-Gi Championship 2017,Master1/Male/Blue/Enum_WeightDivision_OpenClass_Label,1,MarkLee,RobertoTravenBJJ
Atlanta Summer International Open Jiu-Jitsu No-Gi Championship 2017,Master1/Male/Blue/Enum_WeightDivision_OpenClass_Label,2,CaryFowler,SBGInternational(SBGI)
Atlanta Summer International Open Jiu-Jitsu No-Gi Championship 2017,Master1/Male/Blue/Enum_WeightDivision_OpenClass_Label,3,JeffreyDaniel,X3Sports
Atlanta Summer International Open Jiu-Jitsu No-Gi Championship 2017,Master1/Male/Blue/Enum_WeightDivision_OpenClass_Label,3,JohnWDowd,TatuBJJ
Atlanta Summer International Open Jiu-Jitsu No-Gi Championship 2017,Master1/Male/Purple/Light,1,OrlandoCorrea,CreightonMixedMartialArtsAcademy
Atlanta Summer International Open Jiu-Jitsu No-Gi Championship 2017,Master1/Male/Purple/Middle,1,MarceloLopesBarrosFilho,Alliance
Atlanta Summer International Open Jiu-Jitsu No-Gi Championship 2017,Master1/Male/Purple/Middle,2,OctaviusAllen,GracieBarra
Atlanta Summer International Open Jiu-Jitsu No-Gi Championship 2017,Master1/Male/Purple/Medium-Heavy,1,StephenWest,GracieBarra
Atlanta Summer International Open Jiu-Jitsu No-Gi Championship 2017,Master1/Male/Purple/Medium-Heavy,2,VictorCarpenter,Alliance
Atlanta Summer International Open Jiu-Jitsu No-Gi Championship 2017,Master1/Male/Purple/Heavy,1,ScottMichaelMiller,YamaneChampionshipMixedMartialArts
Atlanta Summer International Open Jiu-Jitsu No-Gi Championship 2017,Master1/Male/Purple/Heavy,2,JustinHembree,BocaDeLaRiva
Atlanta Summer International Open Jiu-Jitsu No-Gi Championship 2017,Master1/Male/Purple/Super-Heavy,1,AlanEmanuelLRibeiro,CarlsonGracieTeam
Atlanta Summer International Open Jiu-Jitsu No-Gi Championship 2017,Master1/Male/Purple/Super-Heavy,2,VernonLawrenceKirk,TeamRubaoCariocaBJJ
Atlanta Summer International Open Jiu-Jitsu No-Gi Championship 2017,Master1/Male/Purple/Ultra-Heavy,1,dannyhellmann,MarcioCruzBrazilianJiu,Jitsu
Atlanta Summer International Open Jiu-Jitsu No-Gi Championship 2017,Master1/Male/Purple/Ultra-Heavy,2,JhonathanDeJesus,TeamRobsonMoura
Atlanta Summer International Open Jiu-Jitsu No-Gi Championship 2017,Master1/Male/Purple/Enum_WeightDivision_OpenClass_Label,1,MarceloLopesBarrosFilho,Alliance
Atlanta Summer International Open Jiu-Jitsu No-Gi Championship 2017,Master1/Male/Purple/Enum_WeightDivision_OpenClass_Label,2,dannyhellmann,MarcioCruzBrazilianJiu,Jitsu
Atlanta Summer International Open Jiu-Jitsu No-Gi Championship 2017,Master1/Male/Purple/Enum_WeightDivision_OpenClass_Label,3,OctaviusAllen,GracieBarra
Atlanta Summer International Open Jiu-Jitsu No-Gi Championship 2017,Master1/Male/Purple/Enum_WeightDivision_OpenClass_Label,3,StephenWest,GracieBarra
Atlanta Summer International Open Jiu-Jitsu No-Gi Championship 2017,Master1/Male/Brown/Feather,1,JamesEFisher,TeamShawnHammonds
Atlanta Summer International Open Jiu-Jitsu No-Gi Championship 2017,Master1/Male/Brown/Feather,2,JohnsonClayTelford,TeamRoyceGracie
Atlanta Summer International Open Jiu-Jitsu No-Gi Championship 2017,Master1/Male/Brown/Light,1,RobertLaney,BJJRevolutionTeam
Atlanta Summer International Open Jiu-Jitsu No-Gi Championship 2017,Master1/Male/Brown/Light,2,MatthewDavidMamolen,AresBJJ,KennyKim
Atlanta Summer International Open Jiu-Jitsu No-Gi Championship 2017,Master1/Male/Brown/Middle,1,JesseDanielElam,Alliance
Atlanta Summer International Open Jiu-Jitsu No-Gi Championship 2017,Master1/Male/Brown/Medium-Heavy,1,IsaacL.Rehner,BETAAcademy
Atlanta Summer International Open Jiu-Jitsu No-Gi Championship 2017,Master1/Male/Brown/Medium-Heavy,2,ChristopherStephenWhite,KillerBeesBJJCollege
Atlanta Summer International Open Jiu-Jitsu No-Gi Championship 2017,Master1/Male/Brown/Medium-Heavy,3,BernardComelinchAlidorIII,HelioSonecaBJJ
Atlanta Summer International Open Jiu-Jitsu No-Gi Championship 2017,Master1/Male/Brown/Heavy,1,TylerKingDriskell,CreightonMixedMartialArtsAcademy
Atlanta Summer International Open Jiu-Jitsu No-Gi Championship 2017,Master1/Male/Brown/Enum_WeightDivision_OpenClass_Label,1,TylerKingDriskell,CreightonMixedMartialArtsAcademy
Atlanta Summer International Open Jiu-Jitsu No-Gi Championship 2017,Master1/Male/Brown/Enum_WeightDivision_OpenClass_Label,2,ChristopherStephenWhite,KillerBeesBJJCollege
Atlanta Summer International Open Jiu-Jitsu No-Gi Championship 2017,Master1/Male/Brown/Enum_WeightDivision_OpenClass_Label,3,JesseDanielElam,Alliance
Atlanta Summer International Open Jiu-Jitsu No-Gi Championship 2017,Master1/Male/Brown/Enum_WeightDivision_OpenClass_Label,3,JohnsonClayTelford,TeamRoyceGracie
Atlanta Summer International Open Jiu-Jitsu No-Gi Championship 2017,Master1/Male/Black/Light,1,RafaelloOliveiraCavalcantiFerreira,BocaDeLaRiva
Atlanta Summer International Open Jiu-Jitsu No-Gi Championship 2017,Master1/Male/Black/Light,2,ErickViniciusS.RaposoOliveira,SoulFightersBJJ
Atlanta Summer International Open Jiu-Jitsu No-Gi Championship 2017,Master1/Male/Black/Medium-Heavy,1,RobsondeLimaRodrigues,GFTeamMassachusetts
Atlanta Summer International Open Jiu-Jitsu No-Gi Championship 2017,Master1/Male/Black/Medium-Heavy,2,DiegoBispoConceição,AresBJJ,KennyKim
Atlanta Summer International Open Jiu-Jitsu No-Gi Championship 2017,Master1/Male/Black/Medium-Heavy,3,AlbertoVieiradaSilva,MarraSenkiBrazilianJiuJitsuAcademyLLC
Atlanta Summer International Open Jiu-Jitsu No-Gi Championship 2017,Master1/Male/Black/Super-Heavy,1,AnthonyWardMitchell,KillerBeesBJJCollege
Atlanta Summer International Open Jiu-Jitsu No-Gi Championship 2017,Master1/Male/Black/Super-Heavy,2,LeonardoDelgadodeOliveira,SoulFightersBJJConnecticut
Atlanta Summer International Open Jiu-Jitsu No-Gi Championship 2017,Master1/Male/Black/Ultra-Heavy,1,KaliffaGonçalvesOliveira,GracieBarra
Atlanta Summer International Open Jiu-Jitsu No-Gi Championship 2017,Master1/Male/Black/Enum_WeightDivision_OpenClass_Label,1,AnthonyWardMitchell,KillerBeesBJJCollege
Atlanta Summer International Open Jiu-Jitsu No-Gi Championship 2017,Master1/Male/Black/Enum_WeightDivision_OpenClass_Label,2,DiegoBispoConceição,AresBJJ,KennyKim
Atlanta Summer International Open Jiu-Jitsu No-Gi Championship 2017,Master1/Male/Black/Enum_WeightDivision_OpenClass_Label,3,KaliffaGonçalvesOliveira,GracieBarra
Atlanta Summer International Open Jiu-Jitsu No-Gi Championship 2017,Master2/Male/Blue/Feather,1,JoshuaNorris,JoryMaloneJiu,Jitsu
Atlanta Summer International Open Jiu-Jitsu No-Gi Championship 2017,Master2/Male/Blue/Feather,2,TAMHuynh,GracieBarra
Atlanta Summer International Open Jiu-Jitsu No-Gi Championship 2017,Master2/Male/Blue/Light,1,PaulKindzia,CreightonMixedMartialArtsAcademy
Atlanta Summer International Open Jiu-Jitsu No-Gi Championship 2017,Master2/Male/Blue/Middle,1,TimothyMichaelLeslie,CreightonMixedMartialArtsAcademy
Atlanta Summer International Open Jiu-Jitsu No-Gi Championship 2017,Master2/Male/Blue/Middle,2,JeffreyScottWilliams,GracieBarra
Atlanta Summer International Open Jiu-Jitsu No-Gi Championship 2017,Master2/Male/Blue/Middle,3,JonathanKidwell,GreatGrapplingBrazilianJiuJitsu
Atlanta Summer International Open Jiu-Jitsu No-Gi Championship 2017,Master2/Male/Blue/Medium-Heavy,1,EricBrook,RilionGracieJiu,JitsuAcademy
Atlanta Summer International Open Jiu-Jitsu No-Gi Championship 2017,Master2/Male/Blue/Medium-Heavy,2,KeithGlines,BragaFightTeam,LosAngeles
Atlanta Summer International Open Jiu-Jitsu No-Gi Championship 2017,Master2/Male/Blue/Medium-Heavy,3,CodyWestmoreland,TeamJucão
Atlanta Summer International Open Jiu-Jitsu No-Gi Championship 2017,Master2/Male/Blue/Heavy,1,MichaelThomasChannell,LuizPalharesJiuJitsu
Atlanta Summer International Open Jiu-Jitsu No-Gi Championship 2017,Master2/Male/Blue/Heavy,2,BryanWagner,RobertoTravenBJJ
Atlanta Summer International Open Jiu-Jitsu No-Gi Championship 2017,Master2/Male/Blue/Heavy,3,JeremyDwightThompson,JoryMaloneJiu,Jitsu
Atlanta Summer International Open Jiu-Jitsu No-Gi Championship 2017,Master2/Male/Blue/Ultra-Heavy,1,dwaynetaylor,TeamRoyceGracie
Atlanta Summer International Open Jiu-Jitsu No-Gi Championship 2017,Master2/Male/Blue/Enum_WeightDivision_OpenClass_Label,1,dwaynetaylor,TeamRoyceGracie
Atlanta Summer International Open Jiu-Jitsu No-Gi Championship 2017,Master2/Male/Blue/Enum_WeightDivision_OpenClass_Label,2,JeffreyScottWilliams,GracieBarra
Atlanta Summer International Open Jiu-Jitsu No-Gi Championship 2017,Master2/Male/Blue/Enum_WeightDivision_OpenClass_Label,3,BryanWagner,RobertoTravenBJJ
Atlanta Summer International Open Jiu-Jitsu No-Gi Championship 2017,Master2/Male/Blue/Enum_WeightDivision_OpenClass_Label,3,TimothyMichaelLeslie,CreightonMixedMartialArtsAcademy
Atlanta Summer International Open Jiu-Jitsu No-Gi Championship 2017,Master2/Male/Purple/Light,1,JonathanMiller,Alliance
Atlanta Summer International Open Jiu-Jitsu No-Gi Championship 2017,Master2/Male/Purple/Light,2,MichaelRaskin,CarlsonGracieTeam
Atlanta Summer International Open Jiu-Jitsu No-Gi Championship 2017,Master2/Male/Purple/Light,3,KevinWyomaWilliams,RobertoTravenBJJ
Atlanta Summer International Open Jiu-Jitsu No-Gi Championship 2017,Master2/Male/Purple/Middle,1,MichaelSebranek,CreightonMixedMartialArtsAcademy
Atlanta Summer International Open Jiu-Jitsu No-Gi Championship 2017,Master2/Male/Purple/Middle,2,EricMcmahon,MemphisBJJ
Atlanta Summer International Open Jiu-Jitsu No-Gi Championship 2017,Master2/Male/Purple/Middle,3,JonF.Lucas,RCJMachado
Atlanta Summer International Open Jiu-Jitsu No-Gi Championship 2017,Master2/Male/Purple/Middle,3,MichaelKelso,LuizPalharesJiuJitsu
Atlanta Summer International Open Jiu-Jitsu No-Gi Championship 2017,Master2/Male/Purple/Medium-Heavy,1,PedroJimenez,CreightonMixedMartialArtsAcademy
Atlanta Summer International Open Jiu-Jitsu No-Gi Championship 2017,Master2/Male/Purple/Medium-Heavy,2,EarlDiones,RobertoTravenBJJ
Atlanta Summer International Open Jiu-Jitsu No-Gi Championship 2017,Master2/Male/Purple/Medium-Heavy,3,Timsyn,X3Sports
Atlanta Summer International Open Jiu-Jitsu No-Gi Championship 2017,Master2/Male/Purple/Medium-Heavy,3,WilliamR.Morgan,GracieBarra
Atlanta Summer International Open Jiu-Jitsu No-Gi Championship 2017,Master2/Male/Purple/Enum_WeightDivision_OpenClass_Label,1,PedroJimenez,CreightonMixedMartialArtsAcademy
Atlanta Summer International Open Jiu-Jitsu No-Gi Championship 2017,Master2/Male/Purple/Enum_WeightDivision_OpenClass_Label,2,MichaelSebranek,CreightonMixedMartialArtsAcademy
Atlanta Summer International Open Jiu-Jitsu No-Gi Championship 2017,Master2/Male/Purple/Enum_WeightDivision_OpenClass_Label,3,WilliamR.Morgan,GracieBarra
Atlanta Summer International Open Jiu-Jitsu No-Gi Championship 2017,Master2/Male/Brown/Middle,1,JamesWest,MarcioCruzBrazilianJiu,Jitsu
Atlanta Summer International Open Jiu-Jitsu No-Gi Championship 2017,Master2/Male/Brown/Middle,2,RogerDuaneThomas,Alliance
Atlanta Summer International Open Jiu-Jitsu No-Gi Championship 2017,Master2/Male/Brown/Middle,3,JasonCasillas,SoulFightersTexas
Atlanta Summer International Open Jiu-Jitsu No-Gi Championship 2017,Master2/Male/Brown/Middle,3,StevenShirley,HendricksonBJJ
Atlanta Summer International Open Jiu-Jitsu No-Gi Championship 2017,Master2/Male/Brown/Medium-Heavy,1,AnthonyL.Byrd,BJJLifestyleAcademy
Atlanta Summer International Open Jiu-Jitsu No-Gi Championship 2017,Master2/Male/Brown/Medium-Heavy,2,AlexanderC.Jutis,CreightonMixedMartialArtsAcademy
Atlanta Summer International Open Jiu-Jitsu No-Gi Championship 2017,Master2/Male/Brown/Heavy,1,StephenBalenteHernandez,RobertoTravenBJJ
Atlanta Summer International Open Jiu-Jitsu No-Gi Championship 2017,Master2/Male/Brown/Super-Heavy,1,LabanEugenePropst,Alliance
Atlanta Summer International Open Jiu-Jitsu No-Gi Championship 2017,Master2/Male/Brown/Super-Heavy,2,WilliamC.Jones,CreightonMixedMartialArtsAcademy
Atlanta Summer International Open Jiu-Jitsu No-Gi Championship 2017,Master2/Male/Brown/Super-Heavy,3,LanceEugeneNichols,GracieBarra
Atlanta Summer International Open Jiu-Jitsu No-Gi Championship 2017,Master2/Male/Brown/Ultra-Heavy,1,FrancisWayneRoncadoriJr.,GracieBarra
Atlanta Summer International Open Jiu-Jitsu No-Gi Championship 2017,Master2/Male/Brown/Ultra-Heavy,2,KennethSeger,AresBJJ,KennyKim
Atlanta Summer International Open Jiu-Jitsu No-Gi Championship 2017,Master2/Male/Brown/Enum_WeightDivision_OpenClass_Label,1,WilliamC.Jones,CreightonMixedMartialArtsAcademy
Atlanta Summer International Open Jiu-Jitsu No-Gi Championship 2017,Master2/Male/Brown/Enum_WeightDivision_OpenClass_Label,2,StephenBalenteHernandez,RobertoTravenBJJ
Atlanta Summer International Open Jiu-Jitsu No-Gi Championship 2017,Master2/Male/Brown/Enum_WeightDivision_OpenClass_Label,3,AlexanderC.Jutis,CreightonMixedMartialArtsAcademy
Atlanta Summer International Open Jiu-Jitsu No-Gi Championship 2017,Master2/Male/Brown/Enum_WeightDivision_OpenClass_Label,3,AnthonyL.Byrd,BJJLifestyleAcademy
Atlanta Summer International Open Jiu-Jitsu No-Gi Championship 2017,Master2/Male/Black/Feather,1,TrevorBirmingham,DeSouzaDojo
Atlanta Summer International Open Jiu-Jitsu No-Gi Championship 2017,Master2/Male/Black/Light,1,BenjaminJoelZapata,AcademiaJiu,Jitsu
Atlanta Summer International Open Jiu-Jitsu No-Gi Championship 2017,Master2/Male/Black/Light,2,EduardoCiprianoDias,GracieBarra
Atlanta Summer International Open Jiu-Jitsu No-Gi Championship 2017,Master2/Male/Black/Light,3,DiegoCabreraMercado,TeamGilCatarinoJJ
Atlanta Summer International Open Jiu-Jitsu No-Gi Championship 2017,Master2/Male/Black/Middle,1,WilsonRobertoSgai,RilionGracieJiu,JitsuAcademy
Atlanta Summer International Open Jiu-Jitsu No-Gi Championship 2017,Master2/Male/Black/Medium-Heavy,1,ChristopherMichaelRuiz,RobertoTravenBJJ
Atlanta Summer International Open Jiu-Jitsu No-Gi Championship 2017,Master2/Male/Black/Heavy,1,PaulLeonNava,AresBJJ,KennyKim
Atlanta Summer International Open Jiu-Jitsu No-Gi Championship 2017,Master2/Male/Black/Heavy,2,DerekAnthonyBattle,Alliance
Atlanta Summer International Open Jiu-Jitsu No-Gi Championship 2017,Master2/Male/Black/Heavy,3,RoryM.Singer,SBGInternational(SBGI)
Atlanta Summer International Open Jiu-Jitsu No-Gi Championship 2017,Master2/Male/Black/Super-Heavy,1,MarcosEscobarSaad,RobertoTravenBJJ
Atlanta Summer International Open Jiu-Jitsu No-Gi Championship 2017,Master2/Male/Black/Ultra-Heavy,1,EduardoVenancioD.daSilva,AmericanTopTeamJacksonville
Atlanta Summer International Open Jiu-Jitsu No-Gi Championship 2017,Master2/Male/Black/Enum_WeightDivision_OpenClass_Label,1,ChristopherMichaelRuiz,RobertoTravenBJJ
Atlanta Summer International Open Jiu-Jitsu No-Gi Championship 2017,Master2/Male/Black/Enum_WeightDivision_OpenClass_Label,2,BenjaminJoelZapata,AcademiaJiu,Jitsu
Atlanta Summer International Open Jiu-Jitsu No-Gi Championship 2017,Master2/Male/Black/Enum_WeightDivision_OpenClass_Label,3,TrevorBirmingham,DeSouzaDojo
