Chicago Summer International Open 2014,Juvenile/Male/White/Middle,1,JohnBrish,CarlsonGracieTeam
Chicago Summer International Open 2014,Juvenile/Male/White/Middle,2,SpencerTeplitz,GracieBarraJJ
Chicago Summer International Open 2014,Juvenile/Male/White/Middle,3,AllenRinderle,GracieBarra
Chicago Summer International Open 2014,Juvenile/Male/White/Middle,3,RobertRinderle,GracieBarra
Chicago Summer International Open 2014,Juvenile/Male/Blue/Middle,1,AmierAliKhamis,Brasa
Chicago Summer International Open 2014,Juvenile/Male/Blue/Middle,2,DmitrySamuelBarros,GracieBarra
Chicago Summer International Open 2014,Juvenile/Male/Blue/Middle,3,TylerJett,Brasa
Chicago Summer International Open 2014,Juvenile/Male/Blue/Heavy,1,NicholasN.Spacek,UflackerAcademy
Chicago Summer International Open 2014,Juvenile/Male/Blue/Heavy,2,MateuszRafalLim,Brasa
Chicago Summer International Open 2014,Juvenile/Male/Blue/OpenClass,1,NicholasN.Spacek,UflackerAcademy
Chicago Summer International Open 2014,Juvenile/Male/Blue/OpenClass,2,DmitrySamuelBarros,GracieBarra
Chicago Summer International Open 2014,Juvenile/Male/Blue/OpenClass,3,MateuszRafalLim,Brasa
Chicago Summer International Open 2014,Adult/Male/White/Light-Feather,1,JeffreySanchez,AndreManecoBJJ
Chicago Summer International Open 2014,Adult/Male/White/Light-Feather,2,RichardCummings,McVicker'sBJJ
Chicago Summer International Open 2014,Adult/Male/White/Light-Feather,3,JustinHallman,Brasa
Chicago Summer International Open 2014,Adult/Male/White/Light-Feather,3,MelvinGermino,Brasa
Chicago Summer International Open 2014,Adult/Male/White/Feather,1,RohanPatel,Brasa
Chicago Summer International Open 2014,Adult/Male/White/Feather,2,JordonSosa,DetroitJiu,JitsuAcademy
Chicago Summer International Open 2014,Adult/Male/White/Feather,3,AdamWhite,CarlsonGracieTeam
Chicago Summer International Open 2014,Adult/Male/White/Feather,3,HoracioRosiles,BonsaiJJ,USA
Chicago Summer International Open 2014,Adult/Male/White/Light,1,BrandonMcNees,ClarkGracieTeamInternational
Chicago Summer International Open 2014,Adult/Male/White/Light,2,TonyGarza,CarlsonGracieTeam
Chicago Summer International Open 2014,Adult/Male/White/Light,3,KyleWendt,GracieBarra
Chicago Summer International Open 2014,Adult/Male/White/Light,3,TonyCruz,BonsaiJJ,USA
Chicago Summer International Open 2014,Adult/Male/White/Middle,1,JeffreyLockwood,TeamRedzovic
Chicago Summer International Open 2014,Adult/Male/White/Middle,2,JosephMcCann,FabioSantosBJJ
Chicago Summer International Open 2014,Adult/Male/White/Middle,3,JoshuaHuanteFlores,CarlsonGracieTeam
Chicago Summer International Open 2014,Adult/Male/White/Middle,3,RyanKeimer,CarlsonGracieTeam
Chicago Summer International Open 2014,Adult/Male/White/Medium-Heavy,1,NathanielPena,UflackerAcademy
Chicago Summer International Open 2014,Adult/Male/White/Medium-Heavy,2,RustamSadygov,ThresholdMartialArts
Chicago Summer International Open 2014,Adult/Male/White/Medium-Heavy,3,StephenOk,BonsaiJJ,USA
Chicago Summer International Open 2014,Adult/Male/White/Medium-Heavy,3,ValantiAtsas,CarlsonGracieTeam
Chicago Summer International Open 2014,Adult/Male/White/Heavy,1,RafaelValverde,TeamRedzovic
Chicago Summer International Open 2014,Adult/Male/White/Heavy,2,AlexanderPeterson,CarlsonGracieTeam
Chicago Summer International Open 2014,Adult/Male/White/Heavy,3,EmilFischer,Brasa
Chicago Summer International Open 2014,Adult/Male/White/Heavy,3,KolbeWeller,McVicker'sBJJ
Chicago Summer International Open 2014,Adult/Male/White/Super-Heavy,1,MacarioGonzalez,TeamVaghi
Chicago Summer International Open 2014,Adult/Male/White/Super-Heavy,2,AlbertPollmeier,McVicker'sBJJ
Chicago Summer International Open 2014,Adult/Male/White/Super-Heavy,3,davidvargas,GracieBarra
Chicago Summer International Open 2014,Adult/Male/White/Ultra-Heavy,1,AnthonyCarlos,McVicker'sBJJ
Chicago Summer International Open 2014,Adult/Male/White/Ultra-Heavy,2,BartonDunn,GFTeam
Chicago Summer International Open 2014,Adult/Male/White/Ultra-Heavy,3,EvanCasey,Team1BJJ
Chicago Summer International Open 2014,Adult/Male/White/Ultra-Heavy,3,JuanHerrera,urizar,CarlsonGracieTeam
Chicago Summer International Open 2014,Adult/Female/White/Light-Feather,1,MorganMiller,RibeiroJiu,Jitsu
Chicago Summer International Open 2014,Adult/Female/White/Light-Feather,2,AnaReyna,CarlsonGracieTeam
Chicago Summer International Open 2014,Adult/Female/White/Light-Feather,3,LisaGuerra,Brasa
Chicago Summer International Open 2014,Adult/Female/White/Light-Feather,3,SydneyParrott,Brazil021International
Chicago Summer International Open 2014,Adult/Female/White/Feather,1,RebeccaReuben,RomuloMeloBrazilianJiu,JitsuLLC.
Chicago Summer International Open 2014,Adult/Female/White/Feather,2,MaggieBaenen,GFTeam
Chicago Summer International Open 2014,Adult/Female/White/Feather,3,BrendaDianeDang,Brazil021International
Chicago Summer International Open 2014,Adult/Female/White/Feather,3,EricaRistig,RenatoTavaresAssociation
Chicago Summer International Open 2014,Adult/Female/White/Light,1,EvelynLatour,CarlsonGracieTeam
Chicago Summer International Open 2014,Adult/Female/White/Light,2,MelissaMoore,DrysdaleBJJ
Chicago Summer International Open 2014,Adult/Female/White/Light,3,LaceyBade,TeamRobsonMoura
Chicago Summer International Open 2014,Adult/Female/White/Light,3,MichelleDominik,CarlsonGracieTeam
Chicago Summer International Open 2014,Adult/Female/White/Middle,1,CoraThomason,DetroitJiu,JitsuAcademy
Chicago Summer International Open 2014,Adult/Female/White/Middle,2,AprilRedick,GFTeam
Chicago Summer International Open 2014,Adult/Female/White/Middle,3,MelissaCarr,CarlsonGracieTeam
Chicago Summer International Open 2014,Adult/Female/White/Middle,3,MichelleSparacio,CarlsonGracieTeam
Chicago Summer International Open 2014,Adult/Female/White/Medium-Heavy,1,ErinRogalski,CarlsonGracieTeam
Chicago Summer International Open 2014,Adult/Female/White/Medium-Heavy,2,MicheleLoudermilk,CarlsonGracieTeam
Chicago Summer International Open 2014,Adult/Female/White/Medium-Heavy,3,AllisonPaul,RenatoTavaresAssociation
Chicago Summer International Open 2014,Adult/Female/White/Medium-Heavy,3,JessicaDervin,RodrigoVaghiBJJ
Chicago Summer International Open 2014,Adult/Female/White/Heavy,1,JenniferLynnZanotti,McVicker'sBJJ
Chicago Summer International Open 2014,Adult/Female/White/Heavy,2,TheaFisk,Alliance
Chicago Summer International Open 2014,Adult/Female/White/Super-Heavy,1,LindseyModin,RenatoTavaresAssociation
Chicago Summer International Open 2014,Adult/Female/White/Super-Heavy,2,NataliaGadek,TeamRedzovic
Chicago Summer International Open 2014,Adult/Female/White/Super-Heavy,3,BlancaFlores,CarlsonGracieTeam
Chicago Summer International Open 2014,Adult/Male/Blue/Rooster,1,JustinPenaflor,CarlsonGracieTeam
Chicago Summer International Open 2014,Adult/Male/Blue/Rooster,2,BasheerAAbdi,OpenMatMixedMartialArts
Chicago Summer International Open 2014,Adult/Male/Blue/Rooster,3,CalebMaxson,TeamRedzovic
Chicago Summer International Open 2014,Adult/Male/Blue/Rooster,3,DeanLewis,RenzoGracie
Chicago Summer International Open 2014,Adult/Male/Blue/Light-Feather,1,MarcusBeddor,PedroSauerTeam
Chicago Summer International Open 2014,Adult/Male/Blue/Light-Feather,2,CoryDunne,Joslin'sMixedMartialArts
Chicago Summer International Open 2014,Adult/Male/Blue/Light-Feather,3,JonathanMeins,LCCT,CombatTeam
Chicago Summer International Open 2014,Adult/Male/Blue/Light-Feather,3,TimothyIzzo,Brasa
Chicago Summer International Open 2014,Adult/Male/Blue/Feather,1,ZacharyCVaciPalvick,UflackerAcademy
Chicago Summer International Open 2014,Adult/Male/Blue/Feather,2,AaronBrooks,CarlsonGracieTeam
Chicago Summer International Open 2014,Adult/Male/Blue/Feather,3,MaxPascale,Brasa
Chicago Summer International Open 2014,Adult/Male/Blue/Feather,3,MiguelGarza,UflackerAcademy
Chicago Summer International Open 2014,Adult/Male/Blue/Light,1,JosephThrasher,Brasa
Chicago Summer International Open 2014,Adult/Male/Blue/Light,2,RamsesBugarin,Brasa
Chicago Summer International Open 2014,Adult/Male/Blue/Light,3,AmarAlhunush,DetroitJiu,JitsuAcademy
Chicago Summer International Open 2014,Adult/Male/Blue/Light,3,DanielSweeney,RioProBrazilianJiuJitsu
Chicago Summer International Open 2014,Adult/Male/Blue/Middle,1,RichardL.OgdenIII,RenatoTavaresAssociation
Chicago Summer International Open 2014,Adult/Male/Blue/Middle,2,MikeScarcello,ZenithBJJ,Canada
Chicago Summer International Open 2014,Adult/Male/Blue/Middle,3,AlexanderCharlesYablong,EastonBJJ
Chicago Summer International Open 2014,Adult/Male/Blue/Middle,3,DominicGarrini,BonsaiJJ,USA
Chicago Summer International Open 2014,Adult/Male/Blue/Medium-Heavy,1,BrandonScottMorris,MarcioCruzBrazilianJiu,Jitsu
Chicago Summer International Open 2014,Adult/Male/Blue/Medium-Heavy,2,DanielChionuma,KRBJJ
Chicago Summer International Open 2014,Adult/Male/Blue/Medium-Heavy,3,CarlyleSutton,CarlsonGracieTeam
Chicago Summer International Open 2014,Adult/Male/Blue/Medium-Heavy,3,HenryEms,LincolnBrazilianJiu,JitsuCenter
Chicago Summer International Open 2014,Adult/Male/Blue/Heavy,1,JoshIhnen,TeamVaghi
Chicago Summer International Open 2014,Adult/Male/Blue/Heavy,2,JuanCamiloRomero,GracieBarraJJ
Chicago Summer International Open 2014,Adult/Male/Blue/Heavy,3,JustinWohler,GracieBarraJJ
Chicago Summer International Open 2014,Adult/Male/Blue/Heavy,3,KyleBruzetti,CaiqueJiuJitsu2
Chicago Summer International Open 2014,Adult/Male/Blue/Super-Heavy,1,Stephenluster,CarlsonGracieTeam
Chicago Summer International Open 2014,Adult/Male/Blue/Super-Heavy,2,ChrisFeldmeier,BonsaiJJ,USA
Chicago Summer International Open 2014,Adult/Male/Blue/Super-Heavy,3,AmirBehlil,Brasa
Chicago Summer International Open 2014,Adult/Male/Blue/Super-Heavy,3,DanielJ.Rodriguez,UflackerAcademy
Chicago Summer International Open 2014,Adult/Male/Blue/Ultra-Heavy,1,MichaelS.Kuta,TeamLink
Chicago Summer International Open 2014,Adult/Male/Blue/Ultra-Heavy,2,JonathanRogosich,TeamRedzovic
Chicago Summer International Open 2014,Adult/Male/Blue/Ultra-Heavy,3,GarryPJohnson,Brasa
Chicago Summer International Open 2014,Adult/Male/Blue/Ultra-Heavy,3,RobertArnett,IndianaBrazilianJiu,JitsuAcademy
Chicago Summer International Open 2014,Adult/Male/Blue/OpenClass,1,BrandonScottMorris,MarcioCruzBrazilianJiu,Jitsu
Chicago Summer International Open 2014,Adult/Male/Blue/OpenClass,2,JoshIhnen,TeamVaghi
Chicago Summer International Open 2014,Adult/Male/Blue/OpenClass,3,DominicGarrini,BonsaiJJ,USA
Chicago Summer International Open 2014,Adult/Male/Blue/OpenClass,3,RichardL.OgdenIII,RenatoTavaresAssociation
Chicago Summer International Open 2014,Adult/Female/Blue/Rooster,1,JessicaDuncan,KnuckleUp
Chicago Summer International Open 2014,Adult/Female/Blue/Rooster,2,LauraWesson,GracieBarra
Chicago Summer International Open 2014,Adult/Female/Blue/Feather,1,CrystalVanessaDemopoulos,GFTeam
Chicago Summer International Open 2014,Adult/Female/Blue/Feather,2,SarahStump,CaiqueJiu,Jitsu
Chicago Summer International Open 2014,Adult/Female/Blue/Feather,3,JessicaLancaster,Brasa
Chicago Summer International Open 2014,Adult/Female/Blue/Feather,3,KathleenBrewer,Team1BJJ
Chicago Summer International Open 2014,Adult/Female/Blue/Light,1,ClaireNorth,BonsaiJJ,USA
Chicago Summer International Open 2014,Adult/Female/Blue/Light,2,DaniaObeid,Brasa
Chicago Summer International Open 2014,Adult/Female/Blue/Light,3,BreeMarieStewart,Brazil021International
Chicago Summer International Open 2014,Adult/Female/Blue/Light,3,KrystalMcKenzie,Alliance
Chicago Summer International Open 2014,Adult/Female/Blue/Middle,1,LisaBernau,CarlsonGracieTeam
Chicago Summer International Open 2014,Adult/Female/Blue/Middle,2,DianaRooney,ValkoBJJ
Chicago Summer International Open 2014,Adult/Female/Blue/Middle,3,MaryNiedrauer,AtosJiu,Jitsu
Chicago Summer International Open 2014,Adult/Female/Blue/Middle,3,SamanthaDiaz,AndreManecoBJJ
Chicago Summer International Open 2014,Adult/Female/Blue/Super-Heavy,1,ElizabethLouiseKirchmeier,Choke,U
Chicago Summer International Open 2014,Adult/Female/Blue/Super-Heavy,2,AshleyAyikwei,CarlsonGracieTeam
Chicago Summer International Open 2014,Adult/Female/Blue/Super-Heavy,3,MelissaMaine,Brasa
Chicago Summer International Open 2014,Adult/Female/Blue/Super-Heavy,3,SandraDamiani,TorresMartialArtsAcademy
Chicago Summer International Open 2014,Adult/Female/Blue/OpenClass,1,DianaRooney,ValkoBJJ
Chicago Summer International Open 2014,Adult/Female/Blue/OpenClass,2,JessicaLancaster,Brasa
Chicago Summer International Open 2014,Adult/Female/Blue/OpenClass,3,ClaireNorth,BonsaiJJ,USA
Chicago Summer International Open 2014,Adult/Female/Blue/OpenClass,3,MaryNiedrauer,AtosJiu,Jitsu
Chicago Summer International Open 2014,Adult/Male/Purple/Light-Feather,1,DavidHerreraJunior,SoulFightersBJJ
Chicago Summer International Open 2014,Adult/Male/Purple/Light-Feather,2,MarkBryanHuls,McVicker'sBJJ
Chicago Summer International Open 2014,Adult/Male/Purple/Light-Feather,3,JoelMaldonado(Repetido238722),Brasa
Chicago Summer International Open 2014,Adult/Male/Purple/Light-Feather,3,PauloWesson,GracieBarra
Chicago Summer International Open 2014,Adult/Male/Purple/Feather,1,RafaelDoerzapffMarques,SoulFightersBJJ
Chicago Summer International Open 2014,Adult/Male/Purple/Feather,2,FrankAndresQuirósMarín,RogerCoelho,CostaRica
Chicago Summer International Open 2014,Adult/Male/Purple/Feather,3,BrandonJMueckl,BuffaloBJJAcademy
Chicago Summer International Open 2014,Adult/Male/Purple/Feather,3,EmilioAlejandrohernandez,rodgriquez,ZenithBJJ
Chicago Summer International Open 2014,Adult/Male/Purple/Light,1,HugoDoerzapffMarques,SoulFightersBJJTijuca
Chicago Summer International Open 2014,Adult/Male/Purple/Light,2,DanteLeon,DetroitJiu,JitsuAcademy
Chicago Summer International Open 2014,Adult/Male/Purple/Light,3,DanielJosephSeaberg,Alliance
Chicago Summer International Open 2014,Adult/Male/Purple/Light,3,WilliamMayer,Brasa
Chicago Summer International Open 2014,Adult/Male/Purple/Middle,1,AshurSamiDarmo,BonsaiJJ,USA
Chicago Summer International Open 2014,Adult/Male/Purple/Middle,2,TimLydigsen,ForceJiuJitsu
Chicago Summer International Open 2014,Adult/Male/Purple/Middle,3,GarrettAldrich,GracieBarraSantaFe
Chicago Summer International Open 2014,Adult/Male/Purple/Middle,3,TylerLeeFranklinLinsacum,GracieHumaitaPhoenix
Chicago Summer International Open 2014,Adult/Male/Purple/Medium-Heavy,1,DaniloBorovic,Brasa
Chicago Summer International Open 2014,Adult/Male/Purple/Medium-Heavy,2,MatthewWLeighton(repetido147352),BonsaiJJ,USA
Chicago Summer International Open 2014,Adult/Male/Purple/Medium-Heavy,3,JoshuaCadenbach,GracieBarra
Chicago Summer International Open 2014,Adult/Male/Purple/Medium-Heavy,3,PatrickCooney,CarlsonGracieTeam
Chicago Summer International Open 2014,Adult/Male/Purple/Heavy,1,ShannonWhite,BonsaiJJ,USA
Chicago Summer International Open 2014,Adult/Male/Purple/Heavy,2,EfstathiosCasternopoulos,BJJRevolutionTeam
Chicago Summer International Open 2014,Adult/Male/Purple/Heavy,3,JohnnyRodogiannis,ValkoBJJ
Chicago Summer International Open 2014,Adult/Male/Purple/Heavy,3,SamuelRobertFerguson,CarlsonGracieTeam
Chicago Summer International Open 2014,Adult/Male/Purple/Super-Heavy,1,JohnGutta,BonsaiJJ,USA
Chicago Summer International Open 2014,Adult/Male/Purple/Super-Heavy,2,StephenGerardMoelleringJr.,GracieBarra
Chicago Summer International Open 2014,Adult/Male/Purple/Super-Heavy,3,evansarnacki,DetroitJiu,JitsuAcademy
Chicago Summer International Open 2014,Adult/Male/Purple/Super-Heavy,3,JamilSalimFakhoury,GracieBarra
Chicago Summer International Open 2014,Adult/Male/Purple/Ultra-Heavy,1,DeuceRachal,CarlsonGracieTeam
Chicago Summer International Open 2014,Adult/Male/Purple/Ultra-Heavy,2,ZigmarsEvamois,Alliance
Chicago Summer International Open 2014,Adult/Male/Purple/Ultra-Heavy,3,JeffereyPerez,ShebaroJiuJitsu
Chicago Summer International Open 2014,Adult/Male/Purple/Ultra-Heavy,3,MichaelGodfread,TheJiu,JitsuAcademy
Chicago Summer International Open 2014,Adult/Male/Purple/OpenClass,1,DaniloBorovic,Brasa
Chicago Summer International Open 2014,Adult/Male/Purple/OpenClass,2,DanteLeon,DetroitJiu,JitsuAcademy
Chicago Summer International Open 2014,Adult/Male/Purple/OpenClass,3,DeuceRachal,CarlsonGracieTeam
Chicago Summer International Open 2014,Adult/Male/Purple/OpenClass,3,HugoDoerzapffMarques,SoulFightersBJJTijuca
Chicago Summer International Open 2014,Adult/Female/Purple/Light-Feather,1,DarianPrimeau,RibeiroJiu,Jitsu
Chicago Summer International Open 2014,Adult/Female/Purple/Medium-Heavy,1,ASHLEEJOWICKLUND,PedroSauerTeam
Chicago Summer International Open 2014,Adult/Female/Purple/OpenClass,1,ASHLEEJOWICKLUND,PedroSauerTeam
Chicago Summer International Open 2014,Adult/Female/Purple/OpenClass,2,DarianPrimeau,RibeiroJiu,Jitsu
Chicago Summer International Open 2014,Adult/Male/Brown/Light-Feather,1,DanielJDrzymkowski,Brasa
Chicago Summer International Open 2014,Adult/Male/Brown/Light-Feather,2,JoseCarlosSouzaLimaSobrinho,GFTeam
Chicago Summer International Open 2014,Adult/Male/Brown/Light-Feather,3,AlexisAlduncinBarragan,RenzoGracieMexico
Chicago Summer International Open 2014,Adult/Male/Brown/Feather,1,LucianoQueirozdeAraujo,GFTeam
Chicago Summer International Open 2014,Adult/Male/Brown/Feather,2,RodrigoFrancioniDias,TeamLink
Chicago Summer International Open 2014,Adult/Male/Brown/Feather,3,BrandonWoodlyWalensky,SanDiegoBrazilianJiuJitsuAcademy
Chicago Summer International Open 2014,Adult/Male/Brown/Feather,3,BruceGuevara,Brasa
Chicago Summer International Open 2014,Adult/Male/Brown/Light,1,JoshuaTRose,Brasa
Chicago Summer International Open 2014,Adult/Male/Brown/Light,2,RobertTMoffett,Brasa
Chicago Summer International Open 2014,Adult/Male/Brown/Light,3,JonathonM.Tutaj,TeamRedzovic
Chicago Summer International Open 2014,Adult/Male/Brown/Middle,1,RobbyMalof,GFTeam
Chicago Summer International Open 2014,Adult/Male/Brown/Middle,2,DavidGarmo,DetroitJiu,JitsuAcademy
Chicago Summer International Open 2014,Adult/Male/Brown/Middle,3,JamesVBarrett(repetido43207),Brasa
Chicago Summer International Open 2014,Adult/Male/Brown/Middle,3,WilliamVonHoene,CarlsonGracieTeam
Chicago Summer International Open 2014,Adult/Male/Brown/Medium-Heavy,1,JamesMichaelStrater,Smith,EastonBJJ
Chicago Summer International Open 2014,Adult/Male/Brown/Medium-Heavy,2,JoãoMarcosdeAlmeidaCarvalho,FiveRounds
Chicago Summer International Open 2014,Adult/Male/Brown/Medium-Heavy,3,MatthewKaleta,ValkoBJJ
Chicago Summer International Open 2014,Adult/Male/Brown/Super-Heavy,1,GustavoSantiago,TeamLink
Chicago Summer International Open 2014,Adult/Male/Brown/Ultra-Heavy,1,MatthewDGarber,Brasa
Chicago Summer International Open 2014,Adult/Male/Brown/Ultra-Heavy,2,AnthonyFawaz,DetroitJiu,JitsuAcademy
Chicago Summer International Open 2014,Adult/Male/Brown/OpenClass,1,JamesMichaelStrater,Smith,EastonBJJ
Chicago Summer International Open 2014,Adult/Male/Brown/OpenClass,2,GustavoSantiago,TeamLink
Chicago Summer International Open 2014,Adult/Male/Brown/OpenClass,3,JoãoMarcosdeAlmeidaCarvalho,FiveRounds
Chicago Summer International Open 2014,Adult/Male/Brown/OpenClass,3,WilliamVonHoene,CarlsonGracieTeam
Chicago Summer International Open 2014,Adult/Male/Black/Light-Feather,1,CaioTerra,Brasa
Chicago Summer International Open 2014,Adult/Male/Black/Feather,1,WellingtonLealDias,GracieHumaitaPhoenix
Chicago Summer International Open 2014,Adult/Male/Black/Feather,2,EdsonFranciscodeOliveira,BarbosaJJ2
Chicago Summer International Open 2014,Adult/Male/Black/Light,1,DavidM.Freetage,MarceloAlonsoBrazilianJiu,Jitsu
Chicago Summer International Open 2014,Adult/Male/Black/Medium-Heavy,1,VitorHenriqueSilvaOliveira,GFTeam
Chicago Summer International Open 2014,Adult/Male/Black/Medium-Heavy,2,ViniciusAgudoSilva,TeamLink
Chicago Summer International Open 2014,Adult/Male/Black/Heavy,1,PaulElezaj,AllianceAtlanta
Chicago Summer International Open 2014,Adult/Male/Black/Heavy,2,EliotAndrewKelly,YemasoBrazilianJiu,Jitsu
Chicago Summer International Open 2014,Adult/Male/Black/Heavy,3,RenanVitalRosadeFrança,GordoJiu,Jitsu
Chicago Summer International Open 2014,Adult/Male/Black/Heavy,3,StevenJ.Patterson,Brasa
Chicago Summer International Open 2014,Adult/Male/Black/Super-Heavy,1,PauloVictorVelozoMartins,GracieBarra
Chicago Summer International Open 2014,Adult/Male/Black/Ultra-Heavy,1,TiagoRibeirodoValleGiussani,FabricioInternationalTeam,FIT
Chicago Summer International Open 2014,Adult/Male/Black/OpenClass,1,VitorHenriqueSilvaOliveira,GFTeam
Chicago Summer International Open 2014,Adult/Male/Black/OpenClass,2,CaioTerra,Brasa
Chicago Summer International Open 2014,Adult/Male/Black/OpenClass,3,PauloVictorVelozoMartins,GracieBarra
Chicago Summer International Open 2014,Adult/Male/Black/OpenClass,3,RenanVitalRosadeFrança,GordoJiu,Jitsu
Chicago Summer International Open 2014,Master1/Male/White/Feather,1,JyoMinakawa,Brasa
Chicago Summer International Open 2014,Master1/Male/White/Feather,2,EricMalave,GracieBarra
Chicago Summer International Open 2014,Master1/Male/White/Feather,3,AlexanderPerez,ShebaroJiuJitsu
Chicago Summer International Open 2014,Master1/Male/White/Light,1,AlexandreTruong,GracieBarra
Chicago Summer International Open 2014,Master1/Male/White/Light,2,PaulDo,Brazil021International
Chicago Summer International Open 2014,Master1/Male/White/Middle,1,PatrickEley,ValkoBJJ
Chicago Summer International Open 2014,Master1/Male/White/Middle,2,BryanBowman,CarlsonGracieTeam
Chicago Summer International Open 2014,Master1/Male/White/Middle,3,MattMullen,CarlsonGracie
Chicago Summer International Open 2014,Master1/Male/White/Middle,3,RichardGatz,Brasa
Chicago Summer International Open 2014,Master1/Male/White/Medium-Heavy,1,OscarGarcia,CarlsonGracieTeam
Chicago Summer International Open 2014,Master1/Male/White/Medium-Heavy,2,AlexanderHuters,CarlsonGracieTeam
Chicago Summer International Open 2014,Master1/Male/White/Medium-Heavy,3,andresvillares,BonsaiJJ,USA
Chicago Summer International Open 2014,Master1/Male/White/Medium-Heavy,3,JonathonMuch,TeamRobsonMoura
Chicago Summer International Open 2014,Master1/Male/White/Heavy,1,AndrewRivera,AndreManecoBJJ
Chicago Summer International Open 2014,Master1/Male/White/Heavy,2,JonathanSinclair,GFTeam
Chicago Summer International Open 2014,Master1/Male/White/Heavy,3,BrianTucker,CarlsonGracieTeam
Chicago Summer International Open 2014,Master1/Male/White/Heavy,3,LorenzoSalas,CarlsonGracieTeam
Chicago Summer International Open 2014,Master1/Male/White/Super-Heavy,1,BrandenPrice,IndianaBrazilianJiu,JitsuAcademy
Chicago Summer International Open 2014,Master1/Male/White/Super-Heavy,2,JaredRodriguez,ValkoBJJ
Chicago Summer International Open 2014,Master1/Male/White/Super-Heavy,3,MattKluger,CarlsonGracieTeam
Chicago Summer International Open 2014,Master1/Male/White/Super-Heavy,3,ZacheryBeckman,FabioSantosBJJ
Chicago Summer International Open 2014,Master1/Male/Blue/Light-Feather,1,ChadHawkins,RodrigoVaghiBJJ
Chicago Summer International Open 2014,Master1/Male/Blue/Light-Feather,2,TonyPanakkal,TeamChardBJJ
Chicago Summer International Open 2014,Master1/Male/Blue/Light-Feather,3,IrshadKhan,Alliance
Chicago Summer International Open 2014,Master1/Male/Blue/Light-Feather,3,RobertEdwardPrange,ZeroEgoJiuJitsu
Chicago Summer International Open 2014,Master1/Male/Blue/Feather,1,AnthonyBell,RenatoTavaresAssociation
Chicago Summer International Open 2014,Master1/Male/Blue/Feather,2,AaronCarbonell,BonsaiJJ,USA
Chicago Summer International Open 2014,Master1/Male/Blue/Feather,3,WilliamKucinski,Brazil021SchoolofJiu,Jitsu
Chicago Summer International Open 2014,Master1/Male/Blue/Feather,3,ZackaryRuelas,PeteTheGreek'sRio
Chicago Summer International Open 2014,Master1/Male/Blue/Light,1,JeffYumul,PeteTheGreek'sRio
Chicago Summer International Open 2014,Master1/Male/Blue/Light,2,MichaelSears,CarlsonGracieTeam
Chicago Summer International Open 2014,Master1/Male/Blue/Light,3,LeeNguyen,RodrigoVaghiBJJ
Chicago Summer International Open 2014,Master1/Male/Blue/Light,3,Shaun,RyanSanchez,Choke,U
Chicago Summer International Open 2014,Master1/Male/Blue/Middle,1,charleshuber,GFTeamOhio
Chicago Summer International Open 2014,Master1/Male/Blue/Middle,2,JohnnyBoswellJr.,VicenteJr.Team
Chicago Summer International Open 2014,Master1/Male/Blue/Middle,3,AdamBautista,CarlsonGracieTeam
Chicago Summer International Open 2014,Master1/Male/Blue/Middle,3,JeffTardiff,Brasa
Chicago Summer International Open 2014,Master1/Male/Blue/Medium-Heavy,1,MichaelJamesRoberts,Brasa
Chicago Summer International Open 2014,Master1/Male/Blue/Medium-Heavy,2,AdamVega,RenatoTavaresAssociation
Chicago Summer International Open 2014,Master1/Male/Blue/Medium-Heavy,3,KiwistainySouza,GracieBarra
Chicago Summer International Open 2014,Master1/Male/Blue/Medium-Heavy,3,MatthewBourbonnais,ValkoBJJ
Chicago Summer International Open 2014,Master1/Male/Blue/Super-Heavy,1,RazvanVartolomei,ValkoBJJ
Chicago Summer International Open 2014,Master1/Male/Blue/Super-Heavy,2,GrantNidey,BonsaiJJ,USA
Chicago Summer International Open 2014,Master1/Male/Blue/Super-Heavy,3,DavidWalters,GorillaJiuJitsu
Chicago Summer International Open 2014,Master1/Male/Blue/Ultra-Heavy,1,RYANSALISBURY,CarlsonGracieTeam
Chicago Summer International Open 2014,Master1/Male/Blue/Ultra-Heavy,2,AnthonyD.Poor,CarlsonGracieTeam
Chicago Summer International Open 2014,Master1/Male/Blue/Ultra-Heavy,3,AdamSippos,Alliance
Chicago Summer International Open 2014,Master1/Male/Blue/OpenClass,1,JohnnyBoswellJr.,VicenteJr.Team
Chicago Summer International Open 2014,Master1/Male/Blue/OpenClass,2,RYANSALISBURY,CarlsonGracieTeam
Chicago Summer International Open 2014,Master1/Male/Blue/OpenClass,3,AdamVega,RenatoTavaresAssociation
Chicago Summer International Open 2014,Master1/Male/Blue/OpenClass,3,KiwistainySouza,GracieBarra
Chicago Summer International Open 2014,Master1/Female/Blue/Light-Feather,1,SaraKhalil,LincolnBrazilianJiu,JitsuCenter
Chicago Summer International Open 2014,Master1/Female/Blue/Light-Feather,2,ANANIEVES,BonsaiJJ,USA
Chicago Summer International Open 2014,Master1/Female/Blue/Light-Feather,3,LucilaEspedido,TeamRobsonMoura
Chicago Summer International Open 2014,Master1/Female/Blue/Feather,1,ShannonMarieLassiter,Brasa
Chicago Summer International Open 2014,Master1/Female/Blue/Feather,2,MaryPotts,RibeiroJiu,Jitsu
Chicago Summer International Open 2014,Master1/Female/Blue/Feather,3,JoannaAlegarbes,CarlsonGracieTeam
Chicago Summer International Open 2014,Master1/Female/Blue/Light,1,BethGarcia,CarlsonGracieTeam
Chicago Summer International Open 2014,Master1/Female/Blue/Light,2,KerryShanklin,AndreManecoBJJ
Chicago Summer International Open 2014,Master1/Female/Blue/Light,3,KieaHouseton,GracieBarra
Chicago Summer International Open 2014,Master1/Female/Blue/Middle,1,PatriciaArchila,BonsaiJJ,USA
Chicago Summer International Open 2014,Master1/Female/Blue/Middle,2,KristenCarstensen,CarlsonGracieTeam
Chicago Summer International Open 2014,Master1/Female/Blue/Heavy,1,StephanieOzment,LCCTUSA
Chicago Summer International Open 2014,Master1/Female/Blue/Heavy,2,AmandaVia,GFTeam
Chicago Summer International Open 2014,Master1/Female/Blue/Heavy,3,JenniferKajfasz,CarlsonGracieTeam
Chicago Summer International Open 2014,Master1/Female/Blue/OpenClass,1,StephanieOzment,LCCTUSA
Chicago Summer International Open 2014,Master1/Female/Blue/OpenClass,2,ShannonMarieLassiter,Brasa
Chicago Summer International Open 2014,Master1/Female/Blue/OpenClass,3,LucilaEspedido,TeamRobsonMoura
Chicago Summer International Open 2014,Master1/Female/Blue/OpenClass,3,PatriciaArchila,BonsaiJJ,USA
Chicago Summer International Open 2014,Master1/Male/Purple/Feather,1,EmreDemirors,Brazil021International
Chicago Summer International Open 2014,Master1/Male/Purple/Feather,2,AlfonsoDeMatteo,AndreManecoBJJ
Chicago Summer International Open 2014,Master1/Male/Purple/Feather,3,SolKim,TeamRedzovic
Chicago Summer International Open 2014,Master1/Male/Purple/Light,1,MauricioAndradeSilvaFilho,AllianceAtlanta
Chicago Summer International Open 2014,Master1/Male/Purple/Light,2,NIKOLAILUNA,BonsaiJJ,USA
Chicago Summer International Open 2014,Master1/Male/Purple/Light,3,IsaacJ.Chung,Brazil021International
Chicago Summer International Open 2014,Master1/Male/Purple/Light,3,RichardFitzgerald,FabricioJJInternational
Chicago Summer International Open 2014,Master1/Male/Purple/Middle,1,KeithD.Loudenber,MarcelloCMonteiroBrazilianJiuJitsuAcademy
Chicago Summer International Open 2014,Master1/Male/Purple/Middle,2,KyleT.Allen,McVicker'sBrazilianJiuJitsu
Chicago Summer International Open 2014,Master1/Male/Purple/Middle,3,DavidAlexanderGonzalez,DetroitJiu,JitsuAcademy
Chicago Summer International Open 2014,Master1/Male/Purple/Middle,3,JamesAnthonyAppleberry,RomuloMeloBrazilianJiu,JitsuLLC.
Chicago Summer International Open 2014,Master1/Male/Purple/Medium-Heavy,1,NicholasS.Garcia,Brasa
Chicago Summer International Open 2014,Master1/Male/Purple/Medium-Heavy,2,NicholasRichardLauer,AllianceMadison
Chicago Summer International Open 2014,Master1/Male/Purple/Medium-Heavy,3,BernieVendlinski,AndreManecoBJJ
Chicago Summer International Open 2014,Master1/Male/Purple/Medium-Heavy,3,MichaelD.Bulava,AndreManecoBJJ
Chicago Summer International Open 2014,Master1/Male/Purple/Heavy,1,PatrickLuna,BonsaiJJ,USA
Chicago Summer International Open 2014,Master1/Male/Purple/Heavy,2,OmarAbdolall,PacificTopTeam
Chicago Summer International Open 2014,Master1/Male/Purple/Ultra-Heavy,1,JonathanE.Lane,McVicker'sBJJ
Chicago Summer International Open 2014,Master1/Male/Purple/Ultra-Heavy,2,JosephFernandez,ValkoBJJ
Chicago Summer International Open 2014,Master1/Male/Purple/OpenClass,1,MauricioAndradeSilvaFilho,AllianceAtlanta
Chicago Summer International Open 2014,Master1/Male/Purple/OpenClass,2,EmreDemirors,Brazil021International
Chicago Summer International Open 2014,Master1/Male/Purple/OpenClass,3,JonathanE.Lane,McVicker'sBJJ
Chicago Summer International Open 2014,Master1/Male/Purple/OpenClass,3,NicholasS.Garcia,Brasa
Chicago Summer International Open 2014,Master1/Male/Brown/Middle,1,KevinJonPeterson,GracieBarra
Chicago Summer International Open 2014,Master1/Male/Brown/Middle,2,DavidKamilPawlus,CascaoJiu,Jitsu
Chicago Summer International Open 2014,Master1/Male/Brown/Middle,3,BrettRix,CaiqueJiuJitsu2
Chicago Summer International Open 2014,Master1/Male/Brown/Middle,3,WesleyLeong,TeamGoddard
Chicago Summer International Open 2014,Master1/Male/Brown/Medium-Heavy,1,LawrenceC.Dunning,ValkoBJJ
Chicago Summer International Open 2014,Master1/Male/Brown/Medium-Heavy,2,RobertAHemmerich,BonsaiJJ,USA
Chicago Summer International Open 2014,Master1/Male/Brown/Medium-Heavy,3,JoeEEnnis,GracieBarra
Chicago Summer International Open 2014,Master1/Male/Brown/Heavy,1,JustinRobertCurtis,IndianaBrazilianJiu,JitsuAcademy
Chicago Summer International Open 2014,Master1/Male/Brown/Heavy,2,AnthonyCruz,CarlsonGracieTeam
Chicago Summer International Open 2014,Master1/Male/Brown/Heavy,3,JoshuaAHendricks,GracieBarra
Chicago Summer International Open 2014,Master1/Male/Brown/OpenClass,1,DavidKamilPawlus,CascaoJiu,Jitsu
Chicago Summer International Open 2014,Master1/Male/Brown/OpenClass,2,KevinJonPeterson,GracieBarra
Chicago Summer International Open 2014,Master1/Male/Brown/OpenClass,3,JustinRobertCurtis,IndianaBrazilianJiu,JitsuAcademy
Chicago Summer International Open 2014,Master1/Male/Brown/OpenClass,3,WesleyLeong,TeamGoddard
Chicago Summer International Open 2014,Master1/Female/Brown/Light-Feather,1,RachelNoelleMorrison,ZenithBJJ
Chicago Summer International Open 2014,Master1/Female/Brown/Light,1,GegiEVandeWalker,CiaPaulistaUSA
Chicago Summer International Open 2014,Master1/Female/Brown/Middle,1,SonyaM.B.Plavcan,AllianceMadison
Chicago Summer International Open 2014,Master1/Female/Brown/OpenClass,1,GegiEVandeWalker,CiaPaulistaUSA
Chicago Summer International Open 2014,Master1/Female/Brown/OpenClass,2,SonyaM.B.Plavcan,AllianceMadison
Chicago Summer International Open 2014,Master1/Female/Brown/OpenClass,3,RachelNoelleMorrison,ZenithBJJ
Chicago Summer International Open 2014,Master1/Male/Black/Feather,1,JoséLuisdosSantosVarella,GFTeam
Chicago Summer International Open 2014,Master1/Male/Black/Light,1,BrunoJoseCorreiaAlves,GFTeam
Chicago Summer International Open 2014,Master1/Male/Black/Light,2,AndrewSall,BJJRevolutionTeam
Chicago Summer International Open 2014,Master1/Male/Black/Light,3,GregoryRLawson,TinguinhaBJJacademy
Chicago Summer International Open 2014,Master1/Male/Black/Middle,1,RobsondeLimaRodrigues,GFTeam
Chicago Summer International Open 2014,Master1/Male/Black/Middle,2,JonatasNovaesdoNascimento,CounterStrike/JonatasNovaesBJJTeam
Chicago Summer International Open 2014,Master1/Male/Black/Middle,3,BrentRichardInsco,RibeiroJiu,Jitsu
Chicago Summer International Open 2014,Master1/Male/Black/Ultra-Heavy,1,KhamKoneFranciscodeJassoNgondara,SASTeamUSA
Chicago Summer International Open 2014,Master1/Male/Black/OpenClass,1,JonatasNovaesdoNascimento,CounterStrike/JonatasNovaesBJJTeam
Chicago Summer International Open 2014,Master1/Male/Black/OpenClass,2,JoséLuisdosSantosVarella,GFTeam
Chicago Summer International Open 2014,Master1/Male/Black/OpenClass,3,AndrewSall,BJJRevolutionTeam
Chicago Summer International Open 2014,Master2/Male/White/Feather,1,DanSanchez,RalphGracie
Chicago Summer International Open 2014,Master2/Male/White/Feather,2,FrancisdelaVega,Brasa
Chicago Summer International Open 2014,Master2/Male/White/Light,1,MarkCribb,CarlsonGracieTeam
Chicago Summer International Open 2014,Master2/Male/White/Light,2,DominicSkrade,PedroSauerTeam
Chicago Summer International Open 2014,Master2/Male/White/Light,3,AleksandrJones,Alliance
Chicago Summer International Open 2014,Master2/Male/White/Light,3,josephbarreto,Brasa
Chicago Summer International Open 2014,Master2/Male/White/Medium-Heavy,1,MaciejKulpa,GracieBarra
Chicago Summer International Open 2014,Master2/Male/White/Medium-Heavy,2,AxelTrujillo,GracieBarraJJ
Chicago Summer International Open 2014,Master2/Male/White/Medium-Heavy,3,BrentNewcomb,GracieBarra
Chicago Summer International Open 2014,Master2/Male/White/Medium-Heavy,3,RobertOwensII,GracieHumaitaUSA
Chicago Summer International Open 2014,Master2/Male/White/Heavy,1,GregJohnO'neill,TeamGoddard
Chicago Summer International Open 2014,Master2/Male/White/Heavy,2,JakeMiller,TeamRobsonMoura
Chicago Summer International Open 2014,Master2/Male/White/Heavy,3,ChristopherAkiwowo,CarlsonGracieTeam
Chicago Summer International Open 2014,Master2/Male/White/Heavy,3,JamesMichael,Brasa
Chicago Summer International Open 2014,Master2/Male/White/Super-Heavy,1,EricPool,Brasa
Chicago Summer International Open 2014,Master2/Male/White/Super-Heavy,2,MarlonCordellRansom,AllianceLosAngeles
Chicago Summer International Open 2014,Master2/Male/White/Ultra-Heavy,1,DavidR.Ortman,CarlsonGracieTeam
Chicago Summer International Open 2014,Master2/Male/White/Ultra-Heavy,2,PetricaConstandache,CarlsonGracieTeam
Chicago Summer International Open 2014,Master2/Male/White/Ultra-Heavy,3,AndrewJamrog,ClarkGracieJiuJitsuAcademy
Chicago Summer International Open 2014,Master2/Male/White/Ultra-Heavy,3,LevanBuckner,CarlsonGracie
Chicago Summer International Open 2014,Master2/Male/Blue/Light-Feather,1,ButchGutierrez,BonsaiJJ,USA
Chicago Summer International Open 2014,Master2/Male/Blue/Light-Feather,2,FrederickdelaVega,Brasa
Chicago Summer International Open 2014,Master2/Male/Blue/Feather,1,JoseAlvarez,AndreManecoBJJ
Chicago Summer International Open 2014,Master2/Male/Blue/Feather,2,ShaneHoeft,CarlsonGracieTeam
Chicago Summer International Open 2014,Master2/Male/Blue/Light,1,NeilBuranakanchana,TeamRedzovic
Chicago Summer International Open 2014,Master2/Male/Blue/Light,2,JeremyVanHulle,Brasa
Chicago Summer International Open 2014,Master2/Male/Blue/Light,3,BradyBostain,Choke,U
Chicago Summer International Open 2014,Master2/Male/Blue/Light,3,QuentinPark,CarlsonGracieTeam
Chicago Summer International Open 2014,Master2/Male/Blue/Middle,1,JESSEWALTON,TeamRedzovic
Chicago Summer International Open 2014,Master2/Male/Blue/Middle,2,JeremiahLerch,Brasa
Chicago Summer International Open 2014,Master2/Male/Blue/Middle,3,KennethShort,RibeiroJiu,Jitsu
Chicago Summer International Open 2014,Master2/Male/Blue/Middle,3,MichaelGlenNoren,CarlsonGracieTeam
Chicago Summer International Open 2014,Master2/Male/Blue/Medium-Heavy,1,AnthonyHiller,CarlsonGracieTeam
Chicago Summer International Open 2014,Master2/Male/Blue/Medium-Heavy,2,EricFletter,TeamRobsonMoura
Chicago Summer International Open 2014,Master2/Male/Blue/Medium-Heavy,3,ManuelA.Santiago,Venegas,ValkoBJJ
Chicago Summer International Open 2014,Master2/Male/Blue/Medium-Heavy,3,TravisQuick,TeamRedzovic
Chicago Summer International Open 2014,Master2/Male/Blue/Heavy,1,JJFilipovic,ZenithBJJ,Canada
Chicago Summer International Open 2014,Master2/Male/Blue/Heavy,2,RobertoRamirez,IndianaBrazilianJiu,JitsuAcademy
Chicago Summer International Open 2014,Master2/Male/Blue/Heavy,3,ryancollins,Brasa
Chicago Summer International Open 2014,Master2/Male/Blue/Super-Heavy,1,antoniodeleone,BJJRevolutionTeam
Chicago Summer International Open 2014,Master2/Male/Blue/Super-Heavy,2,AlexanderBenassi,McVicker'sBJJ
Chicago Summer International Open 2014,Master2/Male/Blue/Ultra-Heavy,1,constantinradu,CarlsonGracieTeam
Chicago Summer International Open 2014,Master2/Male/Blue/Ultra-Heavy,2,stephensmith,RalphGracieJiuJitsu
Chicago Summer International Open 2014,Master2/Male/Blue/Ultra-Heavy,3,aaronsmalcuga,GracieBarra
Chicago Summer International Open 2014,Master2/Male/Blue/OpenClass,1,aaronsmalcuga,GracieBarra
Chicago Summer International Open 2014,Master2/Male/Blue/OpenClass,2,antoniodeleone,BJJRevolutionTeam
Chicago Summer International Open 2014,Master2/Male/Blue/OpenClass,3,EricFletter,TeamRobsonMoura
Chicago Summer International Open 2014,Master2/Male/Blue/OpenClass,3,JJFilipovic,ZenithBJJ,Canada
Chicago Summer International Open 2014,Master2/Male/Purple/Feather,1,AaronRobertJohnson,IndianaBrazilianJiu,JitsuAcademy
Chicago Summer International Open 2014,Master2/Male/Purple/Feather,2,ArturoWessonHerrera,GracieBarra
Chicago Summer International Open 2014,Master2/Male/Purple/Feather,3,CyrusValete,Brazil021International
Chicago Summer International Open 2014,Master2/Male/Purple/Light,1,MattHlinak,ValkoBJJ
Chicago Summer International Open 2014,Master2/Male/Purple/Light,2,MatthewLindsy,LuizFilhoAcademy
Chicago Summer International Open 2014,Master2/Male/Purple/Light,3,DarrellJasonBender,CarlsonGracieTeam
Chicago Summer International Open 2014,Master2/Male/Purple/Light,3,RobLuhrs,FabioSantosBJJ
Chicago Summer International Open 2014,Master2/Male/Purple/Middle,1,RichardEdwardLee,UflackerAcademy
Chicago Summer International Open 2014,Master2/Male/Purple/Middle,2,TravisHardee,CarlsonGracieTeam
Chicago Summer International Open 2014,Master2/Male/Purple/Middle,3,RyanBricco,CarlsonGracieTeam
Chicago Summer International Open 2014,Master2/Male/Purple/Middle,3,SidhartaBermudez,GracieBarra
Chicago Summer International Open 2014,Master2/Male/Purple/Medium-Heavy,1,DavidYoung,DetroitJiu,JitsuAcademy
Chicago Summer International Open 2014,Master2/Male/Purple/Medium-Heavy,2,JamieStuartKyler,McVicker'sBJJ
Chicago Summer International Open 2014,Master2/Male/Purple/Medium-Heavy,3,EdLeMonnier,TeamRobsonMoura
Chicago Summer International Open 2014,Master2/Male/Purple/Super-Heavy,1,TylerEdworthy,ZenithBJJ,Canada
Chicago Summer International Open 2014,Master2/Male/Purple/Super-Heavy,2,ScottHarris,Brasa
Chicago Summer International Open 2014,Master2/Male/Purple/Super-Heavy,3,LuisJavierIrizarry,CarlsonGracieTeam
Chicago Summer International Open 2014,Master2/Male/Purple/Super-Heavy,3,StevenJColon,CarlsonGracieTeam
Chicago Summer International Open 2014,Master2/Male/Purple/OpenClass,1,ScottHarris,Brasa
Chicago Summer International Open 2014,Master2/Male/Purple/OpenClass,2,RichardEdwardLee,UflackerAcademy
Chicago Summer International Open 2014,Master2/Male/Purple/OpenClass,3,DarrellJasonBender,CarlsonGracieTeam
Chicago Summer International Open 2014,Master2/Male/Purple/OpenClass,3,RyanBricco,CarlsonGracieTeam
Chicago Summer International Open 2014,Master2/Male/Brown/Feather,1,MartyNunn,McVicker'sBJJ
Chicago Summer International Open 2014,Master2/Male/Brown/Feather,2,RonVersetto,CarlsonGracieTeam
Chicago Summer International Open 2014,Master2/Male/Brown/Light,1,TimothyHarlanBlackstone,Alliance
Chicago Summer International Open 2014,Master2/Male/Brown/Light,2,JesseGarza,Brasa
Chicago Summer International Open 2014,Master2/Male/Brown/Middle,1,DomenicoPalandri,Brasa
Chicago Summer International Open 2014,Master2/Male/Brown/Middle,2,JefferyMichaelDonovan,AllianceAtlanta
Chicago Summer International Open 2014,Master2/Male/Brown/Medium-Heavy,1,LeonardoAntonioPerez,Alliance
Chicago Summer International Open 2014,Master2/Male/Brown/Medium-Heavy,2,AntoineEvans,CarlsonGracieTeam
Chicago Summer International Open 2014,Master2/Male/Brown/Medium-Heavy,3,JustinLeigh,McVicker'sBJJ
Chicago Summer International Open 2014,Master2/Male/Brown/Medium-Heavy,3,NoeFlores,CarlsonGracieTeam
Chicago Summer International Open 2014,Master2/Male/Brown/Heavy,1,MichaelLeeTruitt,GracieBarra
Chicago Summer International Open 2014,Master2/Male/Brown/Heavy,2,DerekAnthonyBattle,AllianceAtlanta
Chicago Summer International Open 2014,Master2/Male/Brown/Ultra-Heavy,1,DanielLSiegel,GFTeam
Chicago Summer International Open 2014,Master2/Male/Brown/OpenClass,1,MichaelLeeTruitt,GracieBarra
Chicago Summer International Open 2014,Master2/Male/Brown/OpenClass,2,DanielLSiegel,GFTeam
Chicago Summer International Open 2014,Master2/Male/Brown/OpenClass,3,JustinLeigh,McVicker'sBJJ
Chicago Summer International Open 2014,Master2/Male/Brown/OpenClass,3,TimothyHarlanBlackstone,Alliance
Chicago Summer International Open 2014,Master2/Male/Black/Light,1,JasonDBircher,RenatoTavaresAssociation
Chicago Summer International Open 2014,Master2/Male/Black/Light,2,PaulJosephO'Sullivan,MendesBrosAcademy
Chicago Summer International Open 2014,Master2/Male/Black/Middle,1,CarlosFredericoRodriguez,CarlsonGracieTeam
Chicago Summer International Open 2014,Master2/Male/Black/Middle,2,MarkJ.Vives,BonsaiJJ,USA
Chicago Summer International Open 2014,Master2/Male/Black/Heavy,1,DannySamAgemy,RibeiroJiu,Jitsu
Chicago Summer International Open 2014,Master2/Male/Black/Heavy,2,LeandroD.Valdes,Brasa
Chicago Summer International Open 2014,Master2/Male/Black/Super-Heavy,1,AlanMazinShebaro,ShebaroJiuJitsu
Chicago Summer International Open 2014,Master2/Male/Black/Super-Heavy,2,LukeHarris,ZenithBJJ,Canada
Chicago Summer International Open 2014,Master2/Male/Black/Ultra-Heavy,1,RyanProuty,McVicker'sBJJ
Chicago Summer International Open 2014,Master2/Male/Black/Ultra-Heavy,2,VictorMartinezTorres,CascaoBJJLasVegas
Chicago Summer International Open 2014,Master2/Male/Black/OpenClass,1,AlanMazinShebaro,ShebaroJiuJitsu
Chicago Summer International Open 2014,Master2/Male/Black/OpenClass,2,MarkJ.Vives,BonsaiJJ,USA
Chicago Summer International Open 2014,Master2/Male/Black/OpenClass,3,JasonDBircher,RenatoTavaresAssociation
Chicago Summer International Open 2014,Master2/Male/Black/OpenClass,3,VictorMartinezTorres,CascaoBJJLasVegas
Chicago Summer International Open 2014,Master3/Male/Blue/Light-Feather,1,ScottChin,RibeiroJiu,Jitsu
Chicago Summer International Open 2014,Master3/Male/Blue/Light-Feather,2,RichBongat,Alliance
Chicago Summer International Open 2014,Master3/Male/Blue/Light,1,CharlesBurmeister,Alliance
Chicago Summer International Open 2014,Master3/Male/Blue/Light,2,ReinhardWilliamLampat,Alliance
Chicago Summer International Open 2014,Master3/Male/Blue/Middle,1,SergeiAbushevitz,McVicker'sBJJ
Chicago Summer International Open 2014,Master3/Male/Blue/Middle,2,DaleDodgers,Alliance
Chicago Summer International Open 2014,Master3/Male/Blue/Middle,3,AngelRodriguez,KronosBJJHQ
Chicago Summer International Open 2014,Master3/Male/Blue/Middle,3,BrianJ.Fuller,Brasa
Chicago Summer International Open 2014,Master3/Male/Blue/Medium-Heavy,1,WilliamFenech,LuizFilhoAcademy
Chicago Summer International Open 2014,Master3/Male/Blue/Medium-Heavy,2,SCOTTARMES,Brasa
Chicago Summer International Open 2014,Master3/Male/Blue/Ultra-Heavy,1,RichardDoughten,GracieHumaitaUSA
Chicago Summer International Open 2014,Master3/Male/Blue/Ultra-Heavy,2,RobertLosiak,CarlsonGracieTeam
Chicago Summer International Open 2014,Master3/Male/Blue/Ultra-Heavy,3,DanWilliamsII,CarlsonGracieTeam
Chicago Summer International Open 2014,Master3/Male/Blue/OpenClass,1,SCOTTARMES,Brasa
Chicago Summer International Open 2014,Master3/Male/Blue/OpenClass,2,ReinhardWilliamLampat,Alliance
Chicago Summer International Open 2014,Master3/Male/Blue/OpenClass,3,RichBongat,Alliance
Chicago Summer International Open 2014,Master3/Male/Purple/Feather,1,ThomasMulroy,McVicker'sBJJ
Chicago Summer International Open 2014,Master3/Male/Purple/Feather,2,PaulAmbubuyog,TeamRedzovic
Chicago Summer International Open 2014,Master3/Male/Purple/Light,1,LarryCheeks,McVicker'sBJJ
Chicago Summer International Open 2014,Master3/Male/Purple/Light,2,WilliamELee,TeamRedzovic
Chicago Summer International Open 2014,Master3/Male/Purple/Middle,1,RobertM.WhitefieldJr.,Brasa
Chicago Summer International Open 2014,Master3/Male/Purple/Middle,2,DannyBessant,DetroitJiu,JitsuAcademy
Chicago Summer International Open 2014,Master3/Male/Purple/Heavy,1,JeffMaloney,RibeiroJiu,Jitsu
Chicago Summer International Open 2014,Master3/Male/Purple/Heavy,2,MatthewO'Laughlin,CarlsonGracieTeam
Chicago Summer International Open 2014,Master3/Male/Purple/Super-Heavy,1,SamBarrett,CarlsonGracieTeam
Chicago Summer International Open 2014,Master3/Male/Purple/Super-Heavy,2,RickA.Matthews,VenerationBJJ
Chicago Summer International Open 2014,Master3/Male/Purple/OpenClass,1,DannyBessant,DetroitJiu,JitsuAcademy
Chicago Summer International Open 2014,Master3/Male/Purple/OpenClass,2,MatthewO'Laughlin,CarlsonGracieTeam
Chicago Summer International Open 2014,Master3/Male/Purple/OpenClass,3,LarryCheeks,McVicker'sBJJ
Chicago Summer International Open 2014,Master3/Male/Purple/OpenClass,3,RobertM.WhitefieldJr.,Brasa
Chicago Summer International Open 2014,Master3/Male/Brown/Middle,1,JoelNBlantonIII,IndianaBrazilianJiu,JitsuAcademy
Chicago Summer International Open 2014,Master3/Male/Brown/Middle,2,WilliamAHenry,TeamRobsonMoura
Chicago Summer International Open 2014,Master3/Male/Brown/Middle,3,BlaineRWoods,CarlsonGracieTeam
Chicago Summer International Open 2014,Master3/Male/Brown/Middle,3,MichaelWBruns,Brasa
Chicago Summer International Open 2014,Master3/Male/Brown/Super-Heavy,1,DanielJ.WolfJr.,HelioSonecaBJJ
Chicago Summer International Open 2014,Master3/Male/Brown/Super-Heavy,2,LarryHLindenman,CarlsonGracieTeam
Chicago Summer International Open 2014,Master3/Male/Brown/Super-Heavy,3,JerryNicholasGuerra,Brasa
Chicago Summer International Open 2014,Master3/Male/Brown/Super-Heavy,3,ThomasJMcCoy,Brasa
Chicago Summer International Open 2014,Master3/Male/Brown/Ultra-Heavy,1,ThomasCWoodruff,TeamCurran
Chicago Summer International Open 2014,Master3/Male/Brown/Ultra-Heavy,2,PetruPoenaru,CarlsonGracieTeam
Chicago Summer International Open 2014,Master3/Male/Brown/OpenClass,1,PetruPoenaru,CarlsonGracieTeam
Chicago Summer International Open 2014,Master3/Male/Brown/OpenClass,2,DanielJ.WolfJr.,HelioSonecaBJJ
Chicago Summer International Open 2014,Master3/Male/Brown/OpenClass,3,JoelNBlantonIII,IndianaBrazilianJiu,JitsuAcademy
Chicago Summer International Open 2014,Master3/Male/Brown/OpenClass,3,MichaelWBruns,Brasa
Chicago Summer International Open 2014,Master3/Male/Black/Light,1,AndreLuizLeite,AndreManecoBJJ
Chicago Summer International Open 2014,Master3/Male/Black/Middle,1,FernandoLuizFZulick,Action&ReactionMMAToronto
Chicago Summer International Open 2014,Master3/Male/Black/Middle,2,TristanEspiritu,CounterStrike/JonatasNovaesBJJTeam
Chicago Summer International Open 2014,Master3/Male/Black/Medium-Heavy,1,MarceloKropotkinCunhaBarbosa,Brasa
Chicago Summer International Open 2014,Master3/Male/Black/Medium-Heavy,2,RamiroMotaJr.,BrasaCTA
Chicago Summer International Open 2014,Master3/Male/Black/Heavy,1,RayEdwardCasias,DrysdaleBJJ
Chicago Summer International Open 2014,Master3/Male/Black/Heavy,2,AhmedMAkl,AnnArborJiu,Jitsu
Chicago Summer International Open 2014,Master3/Male/Black/Super-Heavy,1,SeanRichardBansfield,AnnArborJiu,Jitsu
Chicago Summer International Open 2014,Master3/Male/Black/Super-Heavy,2,JefferyA.Rozovics,CarlsonGracieTeam
Chicago Summer International Open 2014,Master3/Male/Black/Ultra-Heavy,1,RichardAGraeffII,NovaUnião
Chicago Summer International Open 2014,Master3/Male/Black/Ultra-Heavy,2,RodolfoJimenezJr,CarlsonGracieTeam
Chicago Summer International Open 2014,Master3/Male/Black/OpenClass,1,MarceloKropotkinCunhaBarbosa,Brasa
Chicago Summer International Open 2014,Master3/Male/Black/OpenClass,2,SeanRichardBansfield,AnnArborJiu,Jitsu
Chicago Summer International Open 2014,Master3/Male/Black/OpenClass,3,RamiroMotaJr.,BrasaCTA
Chicago Summer International Open 2014,Master3/Male/Black/OpenClass,3,RichardAGraeffII,NovaUnião
Chicago Summer International Open 2014,Master4/Male/Blue/Feather,1,MichaelSchlosser,McVicker'sBJJ
Chicago Summer International Open 2014,Master4/Male/Blue/Middle,1,BradMcCrillis,Brasa
Chicago Summer International Open 2014,Master4/Male/Blue/Middle,2,MichaelBuchman,BrasaCTA
Chicago Summer International Open 2014,Master4/Male/Blue/Heavy,1,ScottRoffers,Brasa
Chicago Summer International Open 2014,Master4/Male/Blue/Heavy,2,LoydWayneHawkinsJr.,ZicroAcademy,AllianceTL
Chicago Summer International Open 2014,Master4/Male/Blue/OpenClass,1,ScottRoffers,Brasa
Chicago Summer International Open 2014,Master4/Male/Blue/OpenClass,2,MichaelSchlosser,McVicker'sBJJ
Chicago Summer International Open 2014,Master4/Male/Blue/OpenClass,3,MichaelBuchman,BrasaCTA
Chicago Summer International Open 2014,Master4/Male/Purple/Medium-Heavy,1,DouglasA.Jones,GFTeam
Chicago Summer International Open 2014,Master4/Male/Purple/Medium-Heavy,2,MichaelJ.Cierniak,Brasa
Chicago Summer International Open 2014,Master4/Male/Purple/Medium-Heavy,3,AnthonyFox,ValkoBJJ
Chicago Summer International Open 2014,Master4/Male/Black/Middle,1,ManuelBenjaminSalas,CarlsonGracieTeam
Chicago Summer International Open 2014,Master5/Male/Purple/Medium-Heavy,1,ConanSchafer,LincolnBrazilianJiu,JitsuCenter
Chicago Summer International Open 2014,Master5/Male/Purple/OpenClass,1,ConanSchafer,LincolnBrazilianJiu,JitsuCenter
