Pan Pacific Jiu-Jitsu No-Gi IBJJF Championship 2017,Adult/Male/Blue/Light-Feather,1,FelixWill,Will/Machado
Pan Pacific Jiu-Jitsu No-Gi IBJJF Championship 2017,Adult/Male/Blue/Light-Feather,2,GiangTrinh,AbsoluteMMAAustralia
Pan Pacific Jiu-Jitsu No-Gi IBJJF Championship 2017,Adult/Male/Blue/Feather,1,SemakaddeA.Kakembo,Will/Machado
Pan Pacific Jiu-Jitsu No-Gi IBJJF Championship 2017,Adult/Male/Blue/Feather,2,OmarSoufi,AustralianEliteTeam
Pan Pacific Jiu-Jitsu No-Gi IBJJF Championship 2017,Adult/Male/Blue/Feather,3,DavidBreger,AbsoluteMMAAustralia
Pan Pacific Jiu-Jitsu No-Gi IBJJF Championship 2017,Adult/Male/Blue/Feather,3,JoshuaJones,CarlsonGracieTeamAustralia
Pan Pacific Jiu-Jitsu No-Gi IBJJF Championship 2017,Adult/Male/Blue/Light,1,CampbellR.Symes,AbsoluteMMAAustralia
Pan Pacific Jiu-Jitsu No-Gi IBJJF Championship 2017,Adult/Male/Blue/Light,2,DanielThadeusCheungNock,MachOne
Pan Pacific Jiu-Jitsu No-Gi IBJJF Championship 2017,Adult/Male/Blue/Light,3,KarlosRaymondWitana,AmericanTopTeamNewZealand
Pan Pacific Jiu-Jitsu No-Gi IBJJF Championship 2017,Adult/Male/Blue/Light,3,TingYeeLai,Alliance
Pan Pacific Jiu-Jitsu No-Gi IBJJF Championship 2017,Adult/Male/Blue/Middle,1,AdamFillery,AbsoluteMMAAustralia
Pan Pacific Jiu-Jitsu No-Gi IBJJF Championship 2017,Adult/Male/Blue/Middle,2,MaitiCharles,AtosJJInternational
Pan Pacific Jiu-Jitsu No-Gi IBJJF Championship 2017,Adult/Male/Blue/Middle,3,ConorMiddleton,BJJGlobetrotters
Pan Pacific Jiu-Jitsu No-Gi IBJJF Championship 2017,Adult/Male/Blue/Middle,3,WharehuiaManley,AmericanTopTeamNewZealand
Pan Pacific Jiu-Jitsu No-Gi IBJJF Championship 2017,Adult/Male/Blue/Medium-Heavy,1,MichaelCollins,AustralianEliteTeam
Pan Pacific Jiu-Jitsu No-Gi IBJJF Championship 2017,Adult/Male/Blue/Medium-Heavy,2,KevinJousset,AbsoluteMMAAustralia
Pan Pacific Jiu-Jitsu No-Gi IBJJF Championship 2017,Adult/Male/Blue/Medium-Heavy,3,RuapounamuJordanJamesErceg,Legacy
Pan Pacific Jiu-Jitsu No-Gi IBJJF Championship 2017,Adult/Male/Blue/Heavy,1,ConorDavisPonisi,Legacy
Pan Pacific Jiu-Jitsu No-Gi IBJJF Championship 2017,Adult/Male/Blue/Heavy,2,ViliamiTaioneFakailoatongaBallard,AmericanTopTeamNewZealand
Pan Pacific Jiu-Jitsu No-Gi IBJJF Championship 2017,Adult/Male/Blue/Heavy,3,JamesMays,McIver,LotusClubInternational
Pan Pacific Jiu-Jitsu No-Gi IBJJF Championship 2017,Adult/Male/Blue/Heavy,3,TravisS.Korbay,AbsoluteMMAAustralia
Pan Pacific Jiu-Jitsu No-Gi IBJJF Championship 2017,Adult/Male/Blue/Super-Heavy,1,BeauMaslen,GarageJiuJitsu
Pan Pacific Jiu-Jitsu No-Gi IBJJF Championship 2017,Adult/Male/Blue/Super-Heavy,2,AlexisCourselle,TukahaBrazilianJiuJitsu
Pan Pacific Jiu-Jitsu No-Gi IBJJF Championship 2017,Adult/Male/Blue/Super-Heavy,3,RikkiHectorSwete,CarlsonGracieInternational
Pan Pacific Jiu-Jitsu No-Gi IBJJF Championship 2017,Adult/Male/Blue/Ultra-Heavy,1,TimothyWilliamThomson,NovaUniãoAustralia
Pan Pacific Jiu-Jitsu No-Gi IBJJF Championship 2017,Adult/Male/Blue/Ultra-Heavy,2,LuisGabrielContrerasOlave,GracieBarra
Pan Pacific Jiu-Jitsu No-Gi IBJJF Championship 2017,Adult/Male/Blue/Enum_WeightDivision_OpenClass_Label,1,TimothyWilliamThomson,NovaUniãoAustralia
Pan Pacific Jiu-Jitsu No-Gi IBJJF Championship 2017,Adult/Male/Blue/Enum_WeightDivision_OpenClass_Label,2,LuisGabrielContrerasOlave,GracieBarra
Pan Pacific Jiu-Jitsu No-Gi IBJJF Championship 2017,Adult/Male/Blue/Enum_WeightDivision_OpenClass_Label,3,ConorDavisPonisi,Legacy
Pan Pacific Jiu-Jitsu No-Gi IBJJF Championship 2017,Adult/Male/Blue/Enum_WeightDivision_OpenClass_Label,3,SemakaddeA.Kakembo,Will/Machado
Pan Pacific Jiu-Jitsu No-Gi IBJJF Championship 2017,Adult/Male/Purple/Light-Feather,1,LiamRandallThorenMoss,ArtofJiuJitsuAcademy
Pan Pacific Jiu-Jitsu No-Gi IBJJF Championship 2017,Adult/Male/Purple/Light-Feather,2,DanielHa,AbsoluteMMAAustralia
Pan Pacific Jiu-Jitsu No-Gi IBJJF Championship 2017,Adult/Male/Purple/Light-Feather,3,BrianMorley,deBeen100%Jiu,Jitsu
Pan Pacific Jiu-Jitsu No-Gi IBJJF Championship 2017,Adult/Male/Purple/Feather,1,GabrielVieiradeSáBottinoGaudio,GFTeamAustralia
Pan Pacific Jiu-Jitsu No-Gi IBJJF Championship 2017,Adult/Male/Purple/Feather,2,JamesGooley,Legacy
Pan Pacific Jiu-Jitsu No-Gi IBJJF Championship 2017,Adult/Male/Purple/Feather,3,GavinBuchmasser,DCAustralia
Pan Pacific Jiu-Jitsu No-Gi IBJJF Championship 2017,Adult/Male/Purple/Feather,3,TomEverett,AbsoluteMMAAustralia
Pan Pacific Jiu-Jitsu No-Gi IBJJF Championship 2017,Adult/Male/Purple/Light,1,AdamWatson,deBeen100%Jiu,Jitsu
Pan Pacific Jiu-Jitsu No-Gi IBJJF Championship 2017,Adult/Male/Purple/Light,2,JoshuaFoo,Will/Machado
Pan Pacific Jiu-Jitsu No-Gi IBJJF Championship 2017,Adult/Male/Purple/Light,3,JournTang,AbsoluteMMAAustralia
Pan Pacific Jiu-Jitsu No-Gi IBJJF Championship 2017,Adult/Male/Purple/Light,3,MichaelT.Digiantomasso,AustralianEliteTeam
Pan Pacific Jiu-Jitsu No-Gi IBJJF Championship 2017,Adult/Male/Purple/Middle,1,ThomasDanielMesso,AustralianEliteTeam
Pan Pacific Jiu-Jitsu No-Gi IBJJF Championship 2017,Adult/Male/Purple/Middle,2,ThomasDavid,AustralianEliteTeam
Pan Pacific Jiu-Jitsu No-Gi IBJJF Championship 2017,Adult/Male/Purple/Middle,3,DarrenRobertPalmer,ZenithBJJ,Australia
Pan Pacific Jiu-Jitsu No-Gi IBJJF Championship 2017,Adult/Male/Purple/Middle,3,DeanMintz,AbsoluteMMAAustralia
Pan Pacific Jiu-Jitsu No-Gi IBJJF Championship 2017,Adult/Male/Purple/Medium-Heavy,1,MohamedAbdi,GracieBarra
Pan Pacific Jiu-Jitsu No-Gi IBJJF Championship 2017,Adult/Male/Purple/Medium-Heavy,2,JamieMichaelSporne,BarbosaTeamAgua
Pan Pacific Jiu-Jitsu No-Gi IBJJF Championship 2017,Adult/Male/Purple/Medium-Heavy,3,AaronPeterson,AllianceJiu,JitsuAustralia
Pan Pacific Jiu-Jitsu No-Gi IBJJF Championship 2017,Adult/Male/Purple/Medium-Heavy,3,RobertKillorn,UFCGYMAustralia
Pan Pacific Jiu-Jitsu No-Gi IBJJF Championship 2017,Adult/Male/Purple/Heavy,1,MorganKennedy,myBJJTeam
Pan Pacific Jiu-Jitsu No-Gi IBJJF Championship 2017,Adult/Male/Purple/Heavy,2,LukeM.Smith,AustralianEliteTeam
Pan Pacific Jiu-Jitsu No-Gi IBJJF Championship 2017,Adult/Male/Purple/Heavy,3,NickHayden,AbsoluteMMAAustralia
Pan Pacific Jiu-Jitsu No-Gi IBJJF Championship 2017,Adult/Male/Purple/Super-Heavy,1,MatthewMcguinness,AbsoluteMMAAustralia
Pan Pacific Jiu-Jitsu No-Gi IBJJF Championship 2017,Adult/Male/Purple/Super-Heavy,2,JoshMair,FabricioJJInternational
Pan Pacific Jiu-Jitsu No-Gi IBJJF Championship 2017,Adult/Male/Purple/Super-Heavy,3,LeighPobega,AustralianEliteTeam
Pan Pacific Jiu-Jitsu No-Gi IBJJF Championship 2017,Adult/Male/Purple/Ultra-Heavy,1,DukeDidier,AtosCanberra
Pan Pacific Jiu-Jitsu No-Gi IBJJF Championship 2017,Adult/Male/Purple/Ultra-Heavy,2,ZoranCovic,GuigoJJInternational
Pan Pacific Jiu-Jitsu No-Gi IBJJF Championship 2017,Adult/Male/Purple/Enum_WeightDivision_OpenClass_Label,1,DukeDidier,AtosCanberra
Pan Pacific Jiu-Jitsu No-Gi IBJJF Championship 2017,Adult/Male/Purple/Enum_WeightDivision_OpenClass_Label,2,GabrielVieiradeSáBottinoGaudio,GFTeamAustralia
Pan Pacific Jiu-Jitsu No-Gi IBJJF Championship 2017,Adult/Male/Purple/Enum_WeightDivision_OpenClass_Label,3,MatthewMcguinness,AbsoluteMMAAustralia
Pan Pacific Jiu-Jitsu No-Gi IBJJF Championship 2017,Adult/Male/Purple/Enum_WeightDivision_OpenClass_Label,3,MorganKennedy,myBJJTeam
Pan Pacific Jiu-Jitsu No-Gi IBJJF Championship 2017,Adult/Male/Brown/Light-Feather,1,MikaelYahaya,AbsoluteMMAAustralia
Pan Pacific Jiu-Jitsu No-Gi IBJJF Championship 2017,Adult/Male/Brown/Light,1,MatthewJamesSchwass,GracieBarra
Pan Pacific Jiu-Jitsu No-Gi IBJJF Championship 2017,Adult/Male/Brown/Light,2,RenanHidekiIseSilva,GalebBrothersBrazilianJiu,Jitsu,Brasil
Pan Pacific Jiu-Jitsu No-Gi IBJJF Championship 2017,Adult/Male/Brown/Middle,1,LachlanWarne,AbsoluteMMAAustralia
Pan Pacific Jiu-Jitsu No-Gi IBJJF Championship 2017,Adult/Male/Brown/Middle,2,DannyMoughabghab,AustralianEliteTeam
Pan Pacific Jiu-Jitsu No-Gi IBJJF Championship 2017,Adult/Male/Brown/Medium-Heavy,1,KyleSkiba,deBeen100%Jiu,Jitsu
Pan Pacific Jiu-Jitsu No-Gi IBJJF Championship 2017,Adult/Male/Brown/Medium-Heavy,2,MertBerberoglu,SydneyJiu,JitsuAcademy/ZRTeam
Pan Pacific Jiu-Jitsu No-Gi IBJJF Championship 2017,Adult/Male/Brown/Medium-Heavy,3,DavidZimmerman,deBeen100%Jiu,Jitsu
Pan Pacific Jiu-Jitsu No-Gi IBJJF Championship 2017,Adult/Male/Brown/Heavy,1,WeriquedaSilvaOliveira,myBJJTeam
Pan Pacific Jiu-Jitsu No-Gi IBJJF Championship 2017,Adult/Male/Brown/Enum_WeightDivision_OpenClass_Label,1,WeriquedaSilvaOliveira,myBJJTeam
Pan Pacific Jiu-Jitsu No-Gi IBJJF Championship 2017,Adult/Male/Brown/Enum_WeightDivision_OpenClass_Label,2,KyleSkiba,deBeen100%Jiu,Jitsu
Pan Pacific Jiu-Jitsu No-Gi IBJJF Championship 2017,Adult/Male/Brown/Enum_WeightDivision_OpenClass_Label,3,MikaelYahaya,AbsoluteMMAAustralia
Pan Pacific Jiu-Jitsu No-Gi IBJJF Championship 2017,Adult/Male/Brown/Enum_WeightDivision_OpenClass_Label,3,RenanHidekiIseSilva,GalebBrothersBrazilianJiu,Jitsu,Brasil
Pan Pacific Jiu-Jitsu No-Gi IBJJF Championship 2017,Adult/Male/Black/Light,1,CaioMarinaciTamura,Legacy
Pan Pacific Jiu-Jitsu No-Gi IBJJF Championship 2017,Adult/Male/Black/Light,2,FilipeRamosCiabotti,SouthsideBrazilianJiu,Jitsu
Pan Pacific Jiu-Jitsu No-Gi IBJJF Championship 2017,Adult/Male/Black/Light,3,MichaelThomasHourigan,deBeen100%Jiu,Jitsu
Pan Pacific Jiu-Jitsu No-Gi IBJJF Championship 2017,Adult/Male/Black/Light,3,MileIvankovic,deBeen100%Jiu,Jitsu
Pan Pacific Jiu-Jitsu No-Gi IBJJF Championship 2017,Adult/Male/Black/Medium-Heavy,1,LachlanS.Giles,AbsoluteMMAAustralia
Pan Pacific Jiu-Jitsu No-Gi IBJJF Championship 2017,Adult/Male/Black/Medium-Heavy,2,TyroneCoppedge,InfinityMartialArts
Pan Pacific Jiu-Jitsu No-Gi IBJJF Championship 2017,Adult/Male/Black/Medium-Heavy,3,DiegoSoutoMaiorColino,GracieBarra
Pan Pacific Jiu-Jitsu No-Gi IBJJF Championship 2017,Adult/Male/Black/Heavy,1,IanLucasdosSantosLudgero,CONSTRICTORTEAM
Pan Pacific Jiu-Jitsu No-Gi IBJJF Championship 2017,Adult/Male/Black/Heavy,2,PavloStolyar,SouthsideBrazilianJiu,Jitsu
Pan Pacific Jiu-Jitsu No-Gi IBJJF Championship 2017,Adult/Male/Black/Enum_WeightDivision_OpenClass_Label,1,LachlanS.Giles,AbsoluteMMAAustralia
Pan Pacific Jiu-Jitsu No-Gi IBJJF Championship 2017,Adult/Male/Black/Enum_WeightDivision_OpenClass_Label,2,RobertoDibFrias,BarbosaTeamAgua
Pan Pacific Jiu-Jitsu No-Gi IBJJF Championship 2017,Adult/Male/Black/Enum_WeightDivision_OpenClass_Label,3,PavloStolyar,SouthsideBrazilianJiu,Jitsu
Pan Pacific Jiu-Jitsu No-Gi IBJJF Championship 2017,Adult/Male/Black/Enum_WeightDivision_OpenClass_Label,3,TyroneCoppedge,InfinityMartialArts
Pan Pacific Jiu-Jitsu No-Gi IBJJF Championship 2017,Adult/Female/Blue/Light-Feather,1,SaraDeZordo,RibeiroJiu,Jitsu
Pan Pacific Jiu-Jitsu No-Gi IBJJF Championship 2017,Adult/Female/Blue/Light-Feather,2,SkySong,EvolveMMA
Pan Pacific Jiu-Jitsu No-Gi IBJJF Championship 2017,Adult/Female/Blue/Light-Feather,3,LaurenThompson,AbsoluteMMAAustralia
Pan Pacific Jiu-Jitsu No-Gi IBJJF Championship 2017,Adult/Female/Blue/Light-Feather,3,SophieSelby,Pham,AbsoluteMMAAustralia
Pan Pacific Jiu-Jitsu No-Gi IBJJF Championship 2017,Adult/Female/Blue/Light,1,TamaraGarces,SydneyJiu,JitsuAcademy/ZRTeam
Pan Pacific Jiu-Jitsu No-Gi IBJJF Championship 2017,Adult/Female/Blue/Light,2,GeorgiaBalthazarDaSilveira,SouthsideBrazilianJiu,Jitsu
Pan Pacific Jiu-Jitsu No-Gi IBJJF Championship 2017,Adult/Female/Blue/Light,3,JordanKatieDoherty,CarlsonGracieInternational
Pan Pacific Jiu-Jitsu No-Gi IBJJF Championship 2017,Adult/Female/Blue/Light,3,NatalieByrne,UFCGYMAustralia
Pan Pacific Jiu-Jitsu No-Gi IBJJF Championship 2017,Adult/Female/Blue/Middle,1,SarahChapman,AbsoluteMMAAustralia
Pan Pacific Jiu-Jitsu No-Gi IBJJF Championship 2017,Adult/Female/Blue/Middle,2,RebeccaAnnan,AmericanTopTeamNewZealand
Pan Pacific Jiu-Jitsu No-Gi IBJJF Championship 2017,Adult/Female/Blue/Middle,3,ChelseaJeanRetemeyer,AmericanTopTeamNewZealand
Pan Pacific Jiu-Jitsu No-Gi IBJJF Championship 2017,Adult/Female/Blue/Middle,3,StephanieChristelBrunoDeschuyteneer,SouthsideBrazilianJiu,Jitsu
Pan Pacific Jiu-Jitsu No-Gi IBJJF Championship 2017,Adult/Female/Blue/Medium-Heavy,1,SallyElizabethKaokao,AmericanTopTeamNewZealand
Pan Pacific Jiu-Jitsu No-Gi IBJJF Championship 2017,Adult/Female/Blue/Medium-Heavy,2,MaiyshaCraig,Will/Machado
Pan Pacific Jiu-Jitsu No-Gi IBJJF Championship 2017,Adult/Female/Blue/Medium-Heavy,3,CassandraRussell,deBeen100%Jiu,Jitsu
Pan Pacific Jiu-Jitsu No-Gi IBJJF Championship 2017,Adult/Female/Blue/Medium-Heavy,3,RachelPamelaDixon,deBeen100%Jiu,Jitsu
Pan Pacific Jiu-Jitsu No-Gi IBJJF Championship 2017,Adult/Female/Blue/Super-Heavy,1,ClaudiaPirvu,Will/Machado
Pan Pacific Jiu-Jitsu No-Gi IBJJF Championship 2017,Adult/Female/Blue/Super-Heavy,2,SamanthaCrameri,deBeen100%Jiu,Jitsu
Pan Pacific Jiu-Jitsu No-Gi IBJJF Championship 2017,Adult/Female/Blue/Super-Heavy,3,AnaErceg,AustralianEliteTeam
Pan Pacific Jiu-Jitsu No-Gi IBJJF Championship 2017,Adult/Female/Blue/Enum_WeightDivision_OpenClass_Label,1,ClaudiaPirvu,Will/Machado
Pan Pacific Jiu-Jitsu No-Gi IBJJF Championship 2017,Adult/Female/Blue/Enum_WeightDivision_OpenClass_Label,2,SallyElizabethKaokao,AmericanTopTeamNewZealand
Pan Pacific Jiu-Jitsu No-Gi IBJJF Championship 2017,Adult/Female/Blue/Enum_WeightDivision_OpenClass_Label,3,CassandraRussell,deBeen100%Jiu,Jitsu
Pan Pacific Jiu-Jitsu No-Gi IBJJF Championship 2017,Adult/Female/Blue/Enum_WeightDivision_OpenClass_Label,3,TamaraGarces,SydneyJiu,JitsuAcademy/ZRTeam
Pan Pacific Jiu-Jitsu No-Gi IBJJF Championship 2017,Adult/Female/Purple/Middle,1,MaryWildner,Legacy
Pan Pacific Jiu-Jitsu No-Gi IBJJF Championship 2017,Adult/Female/Purple/Middle,2,JantinadeJonge,AssociationAranha
Pan Pacific Jiu-Jitsu No-Gi IBJJF Championship 2017,Adult/Female/Purple/Middle,3,TeganJayneKrarup,BARBOSAJIU,JITSU
Pan Pacific Jiu-Jitsu No-Gi IBJJF Championship 2017,Adult/Female/Purple/Heavy,1,LexiHamilton,Smith,GFTeamAustralia
Pan Pacific Jiu-Jitsu No-Gi IBJJF Championship 2017,Adult/Female/Purple/Heavy,2,ElisePavett,GarageJiuJitsu
Pan Pacific Jiu-Jitsu No-Gi IBJJF Championship 2017,Adult/Female/Purple/Super-Heavy,1,HannahGorman,AbsoluteMMAAustralia
Pan Pacific Jiu-Jitsu No-Gi IBJJF Championship 2017,Adult/Female/Purple/Enum_WeightDivision_OpenClass_Label,1,LexiHamilton,Smith,GFTeamAustralia
Pan Pacific Jiu-Jitsu No-Gi IBJJF Championship 2017,Adult/Female/Purple/Enum_WeightDivision_OpenClass_Label,2,HannahGorman,AbsoluteMMAAustralia
Pan Pacific Jiu-Jitsu No-Gi IBJJF Championship 2017,Adult/Female/Purple/Enum_WeightDivision_OpenClass_Label,3,JantinadeJonge,AssociationAranha
Pan Pacific Jiu-Jitsu No-Gi IBJJF Championship 2017,Adult/Female/Purple/Enum_WeightDivision_OpenClass_Label,3,TeganJayneKrarup,BARBOSAJIU,JITSU
Pan Pacific Jiu-Jitsu No-Gi IBJJF Championship 2017,Adult/Female/Brown/Light,1,RosKennedy,deBeen100%Jiu,Jitsu
Pan Pacific Jiu-Jitsu No-Gi IBJJF Championship 2017,Master1/Male/Blue/Feather,1,FlorianRecart,NovaUniaoKimuraInternacional
Pan Pacific Jiu-Jitsu No-Gi IBJJF Championship 2017,Master1/Male/Blue/Feather,2,AndrewFennelly,Will/Machado
Pan Pacific Jiu-Jitsu No-Gi IBJJF Championship 2017,Master1/Male/Blue/Feather,3,AndrewRichardMcDonald,deBeen100%Jiu,Jitsu
Pan Pacific Jiu-Jitsu No-Gi IBJJF Championship 2017,Master1/Male/Blue/Feather,3,DavidSanita,GFTeamAustralia
Pan Pacific Jiu-Jitsu No-Gi IBJJF Championship 2017,Master1/Male/Blue/Light,1,MitchJohnStanden,FightClubJiuJitsuAustralia
Pan Pacific Jiu-Jitsu No-Gi IBJJF Championship 2017,Master1/Male/Blue/Light,2,DubucJulien,NovaUniãoInternational
Pan Pacific Jiu-Jitsu No-Gi IBJJF Championship 2017,Master1/Male/Blue/Light,3,ClintonDavies,TukahaBrazilianJiuJitsu
Pan Pacific Jiu-Jitsu No-Gi IBJJF Championship 2017,Master1/Male/Blue/Middle,1,AndrewGillingham,AbsoluteMMAAustralia
Pan Pacific Jiu-Jitsu No-Gi IBJJF Championship 2017,Master1/Male/Blue/Middle,2,RasihHisar,AustralianEliteTeam
Pan Pacific Jiu-Jitsu No-Gi IBJJF Championship 2017,Master1/Male/Blue/Medium-Heavy,1,RyanWatson,AllianceJiu,JitsuAustralia
Pan Pacific Jiu-Jitsu No-Gi IBJJF Championship 2017,Master1/Male/Blue/Medium-Heavy,2,LiamPeterClayton,Will/Machado
Pan Pacific Jiu-Jitsu No-Gi IBJJF Championship 2017,Master1/Male/Blue/Heavy,1,AndrewCollicoat,ResilienceTrainingCentre
Pan Pacific Jiu-Jitsu No-Gi IBJJF Championship 2017,Master1/Male/Blue/Heavy,2,GarethChristopherButler,FightClubJiuJitsuAustralia
Pan Pacific Jiu-Jitsu No-Gi IBJJF Championship 2017,Master1/Male/Blue/Ultra-Heavy,1,TonyFethke,FrontlineAcademy
Pan Pacific Jiu-Jitsu No-Gi IBJJF Championship 2017,Master1/Male/Blue/Enum_WeightDivision_OpenClass_Label,1,AndrewGillingham,AbsoluteMMAAustralia
Pan Pacific Jiu-Jitsu No-Gi IBJJF Championship 2017,Master1/Male/Blue/Enum_WeightDivision_OpenClass_Label,2,TonyFethke,FrontlineAcademy
Pan Pacific Jiu-Jitsu No-Gi IBJJF Championship 2017,Master1/Male/Blue/Enum_WeightDivision_OpenClass_Label,3,AndrewCollicoat,ResilienceTrainingCentre
Pan Pacific Jiu-Jitsu No-Gi IBJJF Championship 2017,Master1/Male/Blue/Enum_WeightDivision_OpenClass_Label,3,RyanWatson,AllianceJiu,JitsuAustralia
Pan Pacific Jiu-Jitsu No-Gi IBJJF Championship 2017,Master1/Male/Purple/Feather,1,JonSee,CheckMatWorld
Pan Pacific Jiu-Jitsu No-Gi IBJJF Championship 2017,Master1/Male/Purple/Middle,1,LaurinoScriva,GuigoJJInternational
Pan Pacific Jiu-Jitsu No-Gi IBJJF Championship 2017,Master1/Male/Purple/Middle,2,JoaoPossas,Legacy
Pan Pacific Jiu-Jitsu No-Gi IBJJF Championship 2017,Master1/Male/Purple/Middle,3,JohnAnthonyDaniels,deBeen100%Jiu,Jitsu
Pan Pacific Jiu-Jitsu No-Gi IBJJF Championship 2017,Master1/Male/Purple/Middle,3,RafaelMiyashiroSemahim,Legacy
Pan Pacific Jiu-Jitsu No-Gi IBJJF Championship 2017,Master1/Male/Purple/Medium-Heavy,1,DannyStephenBorg,FightClubJiuJitsuAustralia
Pan Pacific Jiu-Jitsu No-Gi IBJJF Championship 2017,Master1/Male/Purple/Medium-Heavy,2,JustinCraigShaw,BrasaCTA
Pan Pacific Jiu-Jitsu No-Gi IBJJF Championship 2017,Master1/Male/Purple/Medium-Heavy,3,AltusSnyman,RibeiroJiu,Jitsu
Pan Pacific Jiu-Jitsu No-Gi IBJJF Championship 2017,Master1/Male/Purple/Heavy,1,IdrisMuhaemin,GuigoJJInternational
Pan Pacific Jiu-Jitsu No-Gi IBJJF Championship 2017,Master1/Male/Purple/Heavy,2,RichardJacobParbury,GuigoJJInternational
Pan Pacific Jiu-Jitsu No-Gi IBJJF Championship 2017,Master1/Male/Purple/Heavy,3,JustinEricSchneider,GarageJiuJitsu
Pan Pacific Jiu-Jitsu No-Gi IBJJF Championship 2017,Master1/Male/Purple/Heavy,3,PatrickJohnRyan,InfinityMartialArts
Pan Pacific Jiu-Jitsu No-Gi IBJJF Championship 2017,Master1/Male/Purple/Enum_WeightDivision_OpenClass_Label,1,RichardJacobParbury,GuigoJJInternational
Pan Pacific Jiu-Jitsu No-Gi IBJJF Championship 2017,Master1/Male/Purple/Enum_WeightDivision_OpenClass_Label,2,RafaelMiyashiroSemahim,Legacy
Pan Pacific Jiu-Jitsu No-Gi IBJJF Championship 2017,Master1/Male/Purple/Enum_WeightDivision_OpenClass_Label,3,JoaoPossas,Legacy
Pan Pacific Jiu-Jitsu No-Gi IBJJF Championship 2017,Master1/Male/Purple/Enum_WeightDivision_OpenClass_Label,3,LaurinoScriva,GuigoJJInternational
Pan Pacific Jiu-Jitsu No-Gi IBJJF Championship 2017,Master1/Male/Black/Feather,1,JorgeAzevedodosSantosJúnior,JFCAlmeidaJJ
Pan Pacific Jiu-Jitsu No-Gi IBJJF Championship 2017,Master1/Male/Black/Feather,2,LineuVilanovaMirandadeOliveira,AustralianEliteTeam
Pan Pacific Jiu-Jitsu No-Gi IBJJF Championship 2017,Master1/Male/Black/Feather,3,RobertArnold,GracieBarra
Pan Pacific Jiu-Jitsu No-Gi IBJJF Championship 2017,Master1/Male/Black/Light,1,RafaelRodrigues,FightClubJiuJitsuAustralia
Pan Pacific Jiu-Jitsu No-Gi IBJJF Championship 2017,Master1/Male/Black/Enum_WeightDivision_OpenClass_Label,1,LineuVilanovaMirandadeOliveira,AustralianEliteTeam
Pan Pacific Jiu-Jitsu No-Gi IBJJF Championship 2017,Master1/Male/Black/Enum_WeightDivision_OpenClass_Label,2,RafaelRodrigues,FightClubJiuJitsuAustralia
Pan Pacific Jiu-Jitsu No-Gi IBJJF Championship 2017,Master2/Male/Blue/Feather,1,BrunoNangard,GFTeamAustralia
Pan Pacific Jiu-Jitsu No-Gi IBJJF Championship 2017,Master2/Male/Blue/Feather,2,LucaDolfini,PedroSauer,TeamCanada
Pan Pacific Jiu-Jitsu No-Gi IBJJF Championship 2017,Master2/Male/Blue/Feather,3,ManLungLi,GracieGymTexas
Pan Pacific Jiu-Jitsu No-Gi IBJJF Championship 2017,Master2/Male/Blue/Light,1,ChristiandeSilva,NovaUniãoAustralia
Pan Pacific Jiu-Jitsu No-Gi IBJJF Championship 2017,Master2/Male/Blue/Light,2,MartyPenhallurick,AxisAustralia
Pan Pacific Jiu-Jitsu No-Gi IBJJF Championship 2017,Master2/Male/Blue/Middle,1,JungHoKim,CiaPaulista,International
Pan Pacific Jiu-Jitsu No-Gi IBJJF Championship 2017,Master2/Male/Blue/Middle,2,AnthonySmith,AmericanTopTeamNewZealand
Pan Pacific Jiu-Jitsu No-Gi IBJJF Championship 2017,Master2/Male/Blue/Medium-Heavy,1,AlexandreCherrier,GFTeamAustralia
Pan Pacific Jiu-Jitsu No-Gi IBJJF Championship 2017,Master2/Male/Blue/Medium-Heavy,2,DerrylGeorgesLacote,GFTeamAustralia
Pan Pacific Jiu-Jitsu No-Gi IBJJF Championship 2017,Master2/Male/Blue/Super-Heavy,1,MatthewBurcher,AbsoluteMMAAustralia
Pan Pacific Jiu-Jitsu No-Gi IBJJF Championship 2017,Master2/Male/Blue/Ultra-Heavy,1,Paki,oTe,RangiJackWilson,AmericanTopTeamNewZealand
Pan Pacific Jiu-Jitsu No-Gi IBJJF Championship 2017,Master2/Male/Blue/Ultra-Heavy,2,DavidKapa,FlowMartialArts,GoldCoast
Pan Pacific Jiu-Jitsu No-Gi IBJJF Championship 2017,Master2/Male/Blue/Ultra-Heavy,3,DenisGuillaume,NovaUniãoInternational
Pan Pacific Jiu-Jitsu No-Gi IBJJF Championship 2017,Master2/Male/Blue/Enum_WeightDivision_OpenClass_Label,1,MartyPenhallurick,AxisAustralia
Pan Pacific Jiu-Jitsu No-Gi IBJJF Championship 2017,Master2/Male/Blue/Enum_WeightDivision_OpenClass_Label,2,JungHoKim,CiaPaulista,International
Pan Pacific Jiu-Jitsu No-Gi IBJJF Championship 2017,Master2/Male/Blue/Enum_WeightDivision_OpenClass_Label,3,AlexandreCherrier,GFTeamAustralia
Pan Pacific Jiu-Jitsu No-Gi IBJJF Championship 2017,Master2/Male/Blue/Enum_WeightDivision_OpenClass_Label,3,MatthewBurcher,AbsoluteMMAAustralia
Pan Pacific Jiu-Jitsu No-Gi IBJJF Championship 2017,Master2/Male/Purple/Light,1,StuartJohnYoung,AmericanTopTeamNewZealand
Pan Pacific Jiu-Jitsu No-Gi IBJJF Championship 2017,Master2/Male/Purple/Medium-Heavy,1,LeonFelton,MachOne
Pan Pacific Jiu-Jitsu No-Gi IBJJF Championship 2017,Master2/Male/Purple/Medium-Heavy,2,JonButler,MachOne
Pan Pacific Jiu-Jitsu No-Gi IBJJF Championship 2017,Master2/Male/Purple/Medium-Heavy,3,ClaytonEdwardHughes,deBeen100%Jiu,Jitsu
Pan Pacific Jiu-Jitsu No-Gi IBJJF Championship 2017,Master2/Male/Purple/Medium-Heavy,3,RenatoWerlang,ScorpyonJiu,Jitsu
Pan Pacific Jiu-Jitsu No-Gi IBJJF Championship 2017,Master2/Male/Purple/Ultra-Heavy,1,GlennJohnHarrower,deBeen100%Jiu,Jitsu
Pan Pacific Jiu-Jitsu No-Gi IBJJF Championship 2017,Master2/Male/Purple/Enum_WeightDivision_OpenClass_Label,1,JonButler,MachOne
Pan Pacific Jiu-Jitsu No-Gi IBJJF Championship 2017,Master2/Male/Purple/Enum_WeightDivision_OpenClass_Label,2,RenatoWerlang,ScorpyonJiu,Jitsu
Pan Pacific Jiu-Jitsu No-Gi IBJJF Championship 2017,Master2/Male/Purple/Enum_WeightDivision_OpenClass_Label,3,GlennJohnHarrower,deBeen100%Jiu,Jitsu
Pan Pacific Jiu-Jitsu No-Gi IBJJF Championship 2017,Master2/Male/Purple/Enum_WeightDivision_OpenClass_Label,3,LeonFelton,MachOne
Pan Pacific Jiu-Jitsu No-Gi IBJJF Championship 2017,Master2/Male/Brown/Light,1,AaronGohKwanWei,BrasaChicago
Pan Pacific Jiu-Jitsu No-Gi IBJJF Championship 2017,Master2/Male/Brown/Light,2,ChristopheGrumelart,deBeen100%Jiu,Jitsu
Pan Pacific Jiu-Jitsu No-Gi IBJJF Championship 2017,Master2/Male/Brown/Light,3,GregProbyn,deBeen100%Jiu,Jitsu
Pan Pacific Jiu-Jitsu No-Gi IBJJF Championship 2017,Master2/Male/Brown/Ultra-Heavy,1,ChristopherMichaelGlew,TotalMMAStudio(BTTOrangeCounty)
Pan Pacific Jiu-Jitsu No-Gi IBJJF Championship 2017,Master2/Male/Brown/Ultra-Heavy,2,GarrettRogerMaunder,deBeen100%Jiu,Jitsu
Pan Pacific Jiu-Jitsu No-Gi IBJJF Championship 2017,Master2/Male/Brown/Enum_WeightDivision_OpenClass_Label,1,ChristopherMichaelGlew,TotalMMAStudio(BTTOrangeCounty)
Pan Pacific Jiu-Jitsu No-Gi IBJJF Championship 2017,Master2/Male/Black/Feather,1,MarcelSassodeOliveira,CiaPaulista,International
Pan Pacific Jiu-Jitsu No-Gi IBJJF Championship 2017,Master2/Male/Black/Feather,2,BrunoCesarGomesdaSilvaMoreno,NovaUniãoRN
Pan Pacific Jiu-Jitsu No-Gi IBJJF Championship 2017,Master2/Male/Black/Light,1,AhmedSuhailBinHuwaidenAlKetbi,FabricioInternationalTeam,FIT
Pan Pacific Jiu-Jitsu No-Gi IBJJF Championship 2017,Master2/Male/Black/Middle,1,ShaneFrancisPoppleton,FightClubJiuJitsuAustralia
Pan Pacific Jiu-Jitsu No-Gi IBJJF Championship 2017,Master2/Male/Black/Middle,2,JhuniorGuarnido,RilionGracieAustralia
Pan Pacific Jiu-Jitsu No-Gi IBJJF Championship 2017,Master2/Male/Black/Medium-Heavy,1,MarioLeonardoBobadillaAlarcon,GFTeamMandurah
Pan Pacific Jiu-Jitsu No-Gi IBJJF Championship 2017,Master2/Male/Black/Heavy,1,DouglasReginaldodosSantos,RibeiroJiu,Jitsu
Pan Pacific Jiu-Jitsu No-Gi IBJJF Championship 2017,Master2/Male/Black/Heavy,2,LuciodeSousaMonteAlto,AllianceSul
Pan Pacific Jiu-Jitsu No-Gi IBJJF Championship 2017,Master2/Male/Black/Super-Heavy,1,RossMDallow,XFCAustralianTopTeamMMA
Pan Pacific Jiu-Jitsu No-Gi IBJJF Championship 2017,Master2/Male/Black/Ultra-Heavy,1,JohnC.Brown,AustralianEliteTeam
Pan Pacific Jiu-Jitsu No-Gi IBJJF Championship 2017,Master2/Male/Black/Enum_WeightDivision_OpenClass_Label,1,RossMDallow,XFCAustralianTopTeamMMA
Pan Pacific Jiu-Jitsu No-Gi IBJJF Championship 2017,Master2/Male/Black/Enum_WeightDivision_OpenClass_Label,2,MarioLeonardoBobadillaAlarcon,GFTeamMandurah
Pan Pacific Jiu-Jitsu No-Gi IBJJF Championship 2017,Master2/Male/Black/Enum_WeightDivision_OpenClass_Label,3,DouglasReginaldodosSantos,RibeiroJiu,Jitsu
Pan Pacific Jiu-Jitsu No-Gi IBJJF Championship 2017,Master2/Male/Black/Enum_WeightDivision_OpenClass_Label,3,ShaneFrancisPoppleton,FightClubJiuJitsuAustralia
Pan Pacific Jiu-Jitsu No-Gi IBJJF Championship 2017,Juvenile/Male/Blue/Light,1,SethCharlesCrossman,AbsoluteMMAAustralia
Pan Pacific Jiu-Jitsu No-Gi IBJJF Championship 2017,Juvenile/Male/Blue/Light,2,MichaelMesso,AustralianEliteTeam
Pan Pacific Jiu-Jitsu No-Gi IBJJF Championship 2017,Juvenile/Male/Blue/Light,3,AidenThurloe,myBJJTeam
Pan Pacific Jiu-Jitsu No-Gi IBJJF Championship 2017,Juvenile/Male/Blue/Light,3,MichaelAli,TeamPeroshMixedMartialArts
Pan Pacific Jiu-Jitsu No-Gi IBJJF Championship 2017,Juvenile/Male/Blue/Medium-Heavy,1,CooperTyeBurnham,AbsoluteMMAAustralia
Pan Pacific Jiu-Jitsu No-Gi IBJJF Championship 2017,Juvenile/Male/Blue/Medium-Heavy,2,JunChoi,Legacy
Pan Pacific Jiu-Jitsu No-Gi IBJJF Championship 2017,Juvenile/Male/Blue/Medium-Heavy,3,HughBoyd,AbsoluteMMAAustralia
Pan Pacific Jiu-Jitsu No-Gi IBJJF Championship 2017,Juvenile/Male/Blue/Ultra-Heavy,1,KahnWilliamAsgill,Will/Machado
Pan Pacific Jiu-Jitsu No-Gi IBJJF Championship 2017,Juvenile/Male/Blue/Ultra-Heavy,2,CalumJamesGriffin,AustralianEliteTeam
Pan Pacific Jiu-Jitsu No-Gi IBJJF Championship 2017,Juvenile/Male/Blue/Enum_WeightDivision_OpenClass_Label,1,SethCharlesCrossman,AbsoluteMMAAustralia
Pan Pacific Jiu-Jitsu No-Gi IBJJF Championship 2017,Juvenile/Male/Blue/Enum_WeightDivision_OpenClass_Label,2,MichaelMesso,AustralianEliteTeam
Pan Pacific Jiu-Jitsu No-Gi IBJJF Championship 2017,Juvenile/Male/Blue/Enum_WeightDivision_OpenClass_Label,3,AidenThurloe,myBJJTeam
Pan Pacific Jiu-Jitsu No-Gi IBJJF Championship 2017,Juvenile/Male/Blue/Enum_WeightDivision_OpenClass_Label,3,MichaelAli,TeamPeroshMixedMartialArts
Pan Pacific Jiu-Jitsu No-Gi IBJJF Championship 2017,Juvenile/Male/Blue/Enum_WeightDivision_OpenClass_Label,1,CooperTyeBurnham,AbsoluteMMAAustralia
Pan Pacific Jiu-Jitsu No-Gi IBJJF Championship 2017,Juvenile/Male/Blue/Enum_WeightDivision_OpenClass_Label,2,KahnWilliamAsgill,Will/Machado
Pan Pacific Jiu-Jitsu No-Gi IBJJF Championship 2017,Juvenile/Male/Blue/Enum_WeightDivision_OpenClass_Label,3,CalumJamesGriffin,AustralianEliteTeam
Pan Pacific Jiu-Jitsu No-Gi IBJJF Championship 2017,Juvenile/Male/Blue/Enum_WeightDivision_OpenClass_Label,3,JunChoi,Legacy
Pan Pacific Jiu-Jitsu No-Gi IBJJF Championship 2017,Juvenile/Female/Blue/Middle,1,MillicentJ.E.Mccourt,ArtofJiuJitsuAcademy
Pan Pacific Jiu-Jitsu No-Gi IBJJF Championship 2017,Juvenile/Female/Blue/Middle,2,CharismaJayneTaylor,AllianceJiu,JitsuAustralia
Pan Pacific Jiu-Jitsu No-Gi IBJJF Championship 2017,Juvenile/Female/Blue/Medium-Heavy,1,KaiaraBraybrook,AustralianEliteTeam
Pan Pacific Jiu-Jitsu No-Gi IBJJF Championship 2017,Juvenile/Female/Blue/Enum_WeightDivision_OpenClass_Label,1,MillicentJ.E.Mccourt,ArtofJiuJitsuAcademy
Pan Pacific Jiu-Jitsu No-Gi IBJJF Championship 2017,Juvenile/Female/Blue/Enum_WeightDivision_OpenClass_Label,2,KaiaraBraybrook,AustralianEliteTeam
Pan Pacific Jiu-Jitsu No-Gi IBJJF Championship 2017,Juvenile/Female/Blue/Enum_WeightDivision_OpenClass_Label,3,CharismaJayneTaylor,AllianceJiu,JitsuAustralia
