Rio Summer International Open Jiu-Jitsu No-Gi 2016,Juvenile/Male/Blue/Light-Feather,1,LeonardoMárioPereiraJúnior,PSLPBCiceroCostha
Rio Summer International Open Jiu-Jitsu No-Gi 2016,Juvenile/Male/Blue/Light-Feather,2,LucasdeOliveiraPinheiro,GracieHumaita
Rio Summer International Open Jiu-Jitsu No-Gi 2016,Juvenile/Male/Blue/Feather,1,ThalisonVitorinoSoares,PSLPBCiceroCostha
Rio Summer International Open Jiu-Jitsu No-Gi 2016,Juvenile/Male/Blue/Feather,2,WendersonCorreaDaSilva,NovaUnião
Rio Summer International Open Jiu-Jitsu No-Gi 2016,Juvenile/Male/Blue/Feather,3,IgoPereiraRibeiro,NovaUnião
Rio Summer International Open Jiu-Jitsu No-Gi 2016,Juvenile/Male/Blue/Feather,3,ViníciusGóesBarbosa,GFTeam
Rio Summer International Open Jiu-Jitsu No-Gi 2016,Juvenile/Male/Blue/Light,1,JulioSouzaArantes,Zenith/PRBJJ
Rio Summer International Open Jiu-Jitsu No-Gi 2016,Juvenile/Male/Blue/Light,2,ThiagoHerzogMelodeOliveira,TataTeamJJ
Rio Summer International Open Jiu-Jitsu No-Gi 2016,Juvenile/Male/Blue/Light,3,HenriqueDestrideMoura,RioGrapplingClub
Rio Summer International Open Jiu-Jitsu No-Gi 2016,Juvenile/Male/Blue/Light,3,RenandoA.RodriguesBezerra,GameFightBJJ/Manimal
Rio Summer International Open Jiu-Jitsu No-Gi 2016,Juvenile/Male/Blue/Middle,1,PedroHenriqueMaiaCosta,CeiJiu,Jitsu
Rio Summer International Open Jiu-Jitsu No-Gi 2016,Juvenile/Male/Blue/Middle,2,MatheusOliveiraGuadagnoli,ZenithBJJ
Rio Summer International Open Jiu-Jitsu No-Gi 2016,Juvenile/Male/Blue/Middle,3,LucasMoreiraLorêdo,GFTeam
Rio Summer International Open Jiu-Jitsu No-Gi 2016,Juvenile/Male/Blue/Middle,3,ViniciusCastroVieira,ZenithBJJ
Rio Summer International Open Jiu-Jitsu No-Gi 2016,Juvenile/Male/Blue/Medium-Heavy,1,JeanHenriqueCazelatoPereira,Zenith/PRBJJ
Rio Summer International Open Jiu-Jitsu No-Gi 2016,Juvenile/Male/Blue/Medium-Heavy,2,MárcioGabrielSoares,GFTeam
Rio Summer International Open Jiu-Jitsu No-Gi 2016,Juvenile/Male/Blue/Medium-Heavy,3,MatheusInáciodaSilva,StrauchJJ
Rio Summer International Open Jiu-Jitsu No-Gi 2016,Juvenile/Male/Blue/Medium-Heavy,3,TadeuDeonVieira,RibeiroJiu,JitsuBrasil
Rio Summer International Open Jiu-Jitsu No-Gi 2016,Juvenile/Male/Blue/Heavy,1,LuizAugustoDosSantos,GFTeam
Rio Summer International Open Jiu-Jitsu No-Gi 2016,Juvenile/Male/Blue/Heavy,2,ViniciusGustavoFerreira,TopBrother
Rio Summer International Open Jiu-Jitsu No-Gi 2016,Juvenile/Male/Blue/Super-Heavy,1,YagoAurelioOliveira,PRMTeam
Rio Summer International Open Jiu-Jitsu No-Gi 2016,Juvenile/Male/Blue/Ultra-Heavy,1,MarcusViníciusdeSouzaBottino,CaioTerraAssociationBrasil
Rio Summer International Open Jiu-Jitsu No-Gi 2016,Juvenile/Male/Blue/Ultra-Heavy,2,DaviCabraldeSouza,GFTeam
Rio Summer International Open Jiu-Jitsu No-Gi 2016,Juvenile/Male/Blue/Ultra-Heavy,3,EnzoBatistaGuimaraes,Brasa/Muzio
Rio Summer International Open Jiu-Jitsu No-Gi 2016,Juvenile/Male/Blue/Ultra-Heavy,3,JoãoMarcellodeSouzaFraga,NataleRicoJiu,Jitsu
Rio Summer International Open Jiu-Jitsu No-Gi 2016,Juvenile/Female/Blue/Middle,1,KimberlySilvaCosta,Zenith/PRBJJ
Rio Summer International Open Jiu-Jitsu No-Gi 2016,Juvenile/Female/Blue/Middle,2,VitoriaCamilaSilveiraSantos,GameFightBJJ/Manimal
Rio Summer International Open Jiu-Jitsu No-Gi 2016,Juvenile/Female/Blue/Middle,3,IngridMarinhoGomesDaSilva,GFTeam
Rio Summer International Open Jiu-Jitsu No-Gi 2016,Juvenile/Female/Blue/Super-Heavy,1,RobertaPessoaVieiraRibeiro,SoulFightersBJJ
Rio Summer International Open Jiu-Jitsu No-Gi 2016,Juvenile/Female/Blue/Super-Heavy,2,MariaVictoriaBarbozadeSantiago,NovaUnião
Rio Summer International Open Jiu-Jitsu No-Gi 2016,Adult/Male/Blue/Rooster,1,WelersonGonçalvesdaSilva,NovaUnião
Rio Summer International Open Jiu-Jitsu No-Gi 2016,Adult/Male/Blue/Rooster,2,RhuanVictorOliveiraDeSouza,IconJiu,JitsuTeam,Niteroi
Rio Summer International Open Jiu-Jitsu No-Gi 2016,Adult/Male/Blue/Rooster,3,RelterLimaSilvaFilho,MGTEAM
Rio Summer International Open Jiu-Jitsu No-Gi 2016,Adult/Male/Blue/Light-Feather,1,SheldonCarlosAssuncaoSilveira,NovaUnião
Rio Summer International Open Jiu-Jitsu No-Gi 2016,Adult/Male/Blue/Light-Feather,2,LucasVirgiliodaPenhaBoaMorte,NovaUnião
Rio Summer International Open Jiu-Jitsu No-Gi 2016,Adult/Male/Blue/Light-Feather,3,ManuelRobertoAguilar,GFTeamCalifornia
Rio Summer International Open Jiu-Jitsu No-Gi 2016,Adult/Male/Blue/Light-Feather,3,MatheusMatosdosSantos,SoulFightersBJJ
Rio Summer International Open Jiu-Jitsu No-Gi 2016,Adult/Male/Blue/Feather,1,VitorHugoSotini,PSLPBCiceroCostha
Rio Summer International Open Jiu-Jitsu No-Gi 2016,Adult/Male/Blue/Feather,2,LucasMarquesdaSilva,EscolaBragantinadeJiu,Jitsu
Rio Summer International Open Jiu-Jitsu No-Gi 2016,Adult/Male/Blue/Feather,3,JhonatanBatistadaSilva,NovaUnião
Rio Summer International Open Jiu-Jitsu No-Gi 2016,Adult/Male/Blue/Feather,3,JoãoCarlosChavesBalbino,NovaUnião
Rio Summer International Open Jiu-Jitsu No-Gi 2016,Adult/Male/Blue/Light,1,RafaeldosAnjosTorres,Alliance
Rio Summer International Open Jiu-Jitsu No-Gi 2016,Adult/Male/Blue/Light,2,VictorNithaeldeOliveiraMarques,NovaUnião
Rio Summer International Open Jiu-Jitsu No-Gi 2016,Adult/Male/Blue/Light,3,AlanCorreadeBarcelos,NovaUnião/NU
Rio Summer International Open Jiu-Jitsu No-Gi 2016,Adult/Male/Blue/Light,3,MateusdaSilvadeMoraesMeyer,PSLPBCiceroCostha
Rio Summer International Open Jiu-Jitsu No-Gi 2016,Adult/Male/Blue/Middle,1,JoãoSoaresBatista,BeOneEPJJ
Rio Summer International Open Jiu-Jitsu No-Gi 2016,Adult/Male/Blue/Middle,2,GustavoVasconcelosSilva,GracieBarra
Rio Summer International Open Jiu-Jitsu No-Gi 2016,Adult/Male/Blue/Middle,3,GuilhermeMartinsDoin,NovaUnião
Rio Summer International Open Jiu-Jitsu No-Gi 2016,Adult/Male/Blue/Middle,3,NixonBeloDosSantosSegundo,GracieBarra
Rio Summer International Open Jiu-Jitsu No-Gi 2016,Adult/Male/Blue/Medium-Heavy,1,ErichMunis,NovaUnião
Rio Summer International Open Jiu-Jitsu No-Gi 2016,Adult/Male/Blue/Medium-Heavy,2,ReinaldoLuizdaCostaSouza,GracieBarra
Rio Summer International Open Jiu-Jitsu No-Gi 2016,Adult/Male/Blue/Medium-Heavy,3,DanteDanielCanoJunior,Alliance
Rio Summer International Open Jiu-Jitsu No-Gi 2016,Adult/Male/Blue/Medium-Heavy,3,FernandoFreitasBadaia,RelsonGracieBrasil
Rio Summer International Open Jiu-Jitsu No-Gi 2016,Adult/Male/Blue/Heavy,1,AndersonMunisdosSantos,NovaUnião
Rio Summer International Open Jiu-Jitsu No-Gi 2016,Adult/Male/Blue/Heavy,2,ManoelLuizGustavoCoutoCardozo,GFTeamParaiba
Rio Summer International Open Jiu-Jitsu No-Gi 2016,Adult/Male/Blue/Heavy,3,JeffersonSousa,PSLPBCiceroCostha
Rio Summer International Open Jiu-Jitsu No-Gi 2016,Adult/Male/Blue/Super-Heavy,1,JoséLucasFerreiraBraga,GracieBarra
Rio Summer International Open Jiu-Jitsu No-Gi 2016,Adult/Male/Blue/Super-Heavy,2,IgorVarelaNevesCuri,SoulFightersBJJ
Rio Summer International Open Jiu-Jitsu No-Gi 2016,Adult/Male/Blue/Super-Heavy,3,JuanOscarMagallanes,GFTeam
Rio Summer International Open Jiu-Jitsu No-Gi 2016,Adult/Male/Blue/Super-Heavy,3,ThiagoMaiadosSantos,GameFightBJJ/Manimal
Rio Summer International Open Jiu-Jitsu No-Gi 2016,Adult/Male/Blue/Ultra-Heavy,1,WallaceCostadaSilveira,GFTeam
Rio Summer International Open Jiu-Jitsu No-Gi 2016,Adult/Male/Blue/Ultra-Heavy,2,LuisFlávioVitaldePaulaJunior,CaioTerraAssociationBrasil
Rio Summer International Open Jiu-Jitsu No-Gi 2016,Adult/Male/Blue/Ultra-Heavy,3,HugoErnandesDuarteKaizer,TopBrother
Rio Summer International Open Jiu-Jitsu No-Gi 2016,Adult/Male/Blue/Ultra-Heavy,3,RamonMoreiraRibeiro,TataTeamJJ
Rio Summer International Open Jiu-Jitsu No-Gi 2016,Adult/Male/Blue/OpenClass,1,AndersonMunisdosSantos,NovaUnião
Rio Summer International Open Jiu-Jitsu No-Gi 2016,Adult/Male/Blue/OpenClass,2,RafaeldosAnjosTorres,Alliance
Rio Summer International Open Jiu-Jitsu No-Gi 2016,Adult/Male/Blue/OpenClass,3,JeffersonSousa,PSLPBCiceroCostha
Rio Summer International Open Jiu-Jitsu No-Gi 2016,Adult/Male/Blue/OpenClass,3,VictorNithaeldeOliveiraMarques,NovaUnião
Rio Summer International Open Jiu-Jitsu No-Gi 2016,Adult/Female/Blue/Rooster,1,SuelenFerreiradosSantos,Alliance
Rio Summer International Open Jiu-Jitsu No-Gi 2016,Adult/Female/Blue/Light-Feather,1,JessicaCarolineCoelhoDantas,CaioTerraAssociationBrasil
Rio Summer International Open Jiu-Jitsu No-Gi 2016,Adult/Female/Blue/Light-Feather,2,ErikaFernandaJesusMachado,NovaUnião
Rio Summer International Open Jiu-Jitsu No-Gi 2016,Adult/Female/Blue/Light,1,HeatherNanatteWoods,GFTeamRecreio
Rio Summer International Open Jiu-Jitsu No-Gi 2016,Adult/Female/Blue/Light,2,MarcelaGiantomassiAguiar,NovaUnião
Rio Summer International Open Jiu-Jitsu No-Gi 2016,Adult/Female/Blue/Light,3,MichelleSantanaNovaesdeAssis,SoulFightersBJJ
Rio Summer International Open Jiu-Jitsu No-Gi 2016,Adult/Female/Blue/Light,3,NathaliaSiquaradaSilvaKagami,NovaUnião
Rio Summer International Open Jiu-Jitsu No-Gi 2016,Adult/Female/Blue/Middle,1,LaísMonteiroAlves,GracieBarra
Rio Summer International Open Jiu-Jitsu No-Gi 2016,Adult/Female/Blue/Middle,2,ValquiriaDias,LuizPauloJiu,Jitsu
Rio Summer International Open Jiu-Jitsu No-Gi 2016,Adult/Female/Blue/Middle,3,GessicaRodriguesFongNien,CheckMat
Rio Summer International Open Jiu-Jitsu No-Gi 2016,Adult/Female/Blue/Middle,3,PaulaReisCampos,GracieBarra
Rio Summer International Open Jiu-Jitsu No-Gi 2016,Adult/Female/Blue/Heavy,1,ThaisHelenaMesquita,NovaUnião
Rio Summer International Open Jiu-Jitsu No-Gi 2016,Adult/Female/Blue/OpenClass,1,MarcelaGiantomassiAguiar,NovaUnião
Rio Summer International Open Jiu-Jitsu No-Gi 2016,Adult/Female/Blue/OpenClass,2,LaísMonteiroAlves,GracieBarra
Rio Summer International Open Jiu-Jitsu No-Gi 2016,Adult/Female/Blue/OpenClass,3,GessicaRodriguesFongNien,CheckMat
Rio Summer International Open Jiu-Jitsu No-Gi 2016,Adult/Female/Blue/OpenClass,3,JessicaCarolineCoelhoDantas,CaioTerraAssociationBrasil
Rio Summer International Open Jiu-Jitsu No-Gi 2016,Adult/Male/Purple/Rooster,1,CíceroLívioRibeiroSaldanhaPaiva,NovaUnião
Rio Summer International Open Jiu-Jitsu No-Gi 2016,Adult/Male/Purple/Rooster,2,LucianoAlexdaCunhaVieira,InfightJiu,Jitsu
Rio Summer International Open Jiu-Jitsu No-Gi 2016,Adult/Male/Purple/Rooster,3,LucianoMariano,TopBrother
Rio Summer International Open Jiu-Jitsu No-Gi 2016,Adult/Male/Purple/Rooster,3,WandersonBezerraSantana,WeltonRibeiro
Rio Summer International Open Jiu-Jitsu No-Gi 2016,Adult/Male/Purple/Light-Feather,1,LeandroSilvadeOliveira,GameFightBJJ/Manimal
Rio Summer International Open Jiu-Jitsu No-Gi 2016,Adult/Male/Purple/Light-Feather,2,PauloRicardoMedeirosdeAraújo,ZenithBJJ
Rio Summer International Open Jiu-Jitsu No-Gi 2016,Adult/Male/Purple/Light-Feather,3,RamondeMacedoValdevino,GFTeam
Rio Summer International Open Jiu-Jitsu No-Gi 2016,Adult/Male/Purple/Feather,1,AlexssandroPintoSodré,NovaUnião
Rio Summer International Open Jiu-Jitsu No-Gi 2016,Adult/Male/Purple/Feather,2,ViniciusAlvesdeOliveiraMarques,NovaUnião/NU
Rio Summer International Open Jiu-Jitsu No-Gi 2016,Adult/Male/Purple/Feather,3,GustavoJovelinodaSilva,Zenith/PRBJJ
Rio Summer International Open Jiu-Jitsu No-Gi 2016,Adult/Male/Purple/Feather,3,VeninoM.RondonDeLimaJunior,Zenith/PRBJJ
Rio Summer International Open Jiu-Jitsu No-Gi 2016,Adult/Male/Purple/Light,1,FelipeMendesBasilio,TopBrother
Rio Summer International Open Jiu-Jitsu No-Gi 2016,Adult/Male/Purple/Light,2,JoalissonDeivydeGomesdeLima,LuizPauloJiu,Jitsu
Rio Summer International Open Jiu-Jitsu No-Gi 2016,Adult/Male/Purple/Light,3,ElvisDaSilvaGomesDeSouza,Zenith/PRBJJ
Rio Summer International Open Jiu-Jitsu No-Gi 2016,Adult/Male/Purple/Light,3,ViniciusdosSantosPereira,GracieBarra
Rio Summer International Open Jiu-Jitsu No-Gi 2016,Adult/Male/Purple/Middle,1,RodrigoRocha,WeltonRibeiro
Rio Summer International Open Jiu-Jitsu No-Gi 2016,Adult/Male/Purple/Middle,2,JefersondaSilvaBatista,Bronx'sGoldTeam
Rio Summer International Open Jiu-Jitsu No-Gi 2016,Adult/Male/Purple/Middle,3,CaioFelipeFerreiradaSilva,GracieBarra
Rio Summer International Open Jiu-Jitsu No-Gi 2016,Adult/Male/Purple/Middle,3,EduardoAvelardeCarvalho,SoulFightersBJJ
Rio Summer International Open Jiu-Jitsu No-Gi 2016,Adult/Male/Purple/Medium-Heavy,1,MarcosViniciusdeOliveiraMartins,BARBOSAJIU,JITSU
Rio Summer International Open Jiu-Jitsu No-Gi 2016,Adult/Male/Purple/Medium-Heavy,2,ViniciusRamosdosReis,G13BJJ
Rio Summer International Open Jiu-Jitsu No-Gi 2016,Adult/Male/Purple/Medium-Heavy,3,JoãoPaulodeOliveiraRodrigues,CaioTerraAssociationBrasil
Rio Summer International Open Jiu-Jitsu No-Gi 2016,Adult/Male/Purple/Medium-Heavy,3,MozartVanErvendeLima,AcademiaPitbull
Rio Summer International Open Jiu-Jitsu No-Gi 2016,Adult/Male/Purple/Heavy,1,NicolasMoreiraInaciodaSilva,InfightJiu,Jitsu
Rio Summer International Open Jiu-Jitsu No-Gi 2016,Adult/Male/Purple/Heavy,2,JeffersonGomesdaCruzBarbosa,GracieBarra
Rio Summer International Open Jiu-Jitsu No-Gi 2016,Adult/Male/Purple/Heavy,3,DiegoSouzaPereira,GracieHumaita
Rio Summer International Open Jiu-Jitsu No-Gi 2016,Adult/Male/Purple/Heavy,3,MaxLeonardoSousaSilva,InfightJiu,Jitsu
Rio Summer International Open Jiu-Jitsu No-Gi 2016,Adult/Male/Purple/Super-Heavy,1,FelipeAugustoA.Oliveira,GracieBarra
Rio Summer International Open Jiu-Jitsu No-Gi 2016,Adult/Male/Purple/Super-Heavy,2,LeandroHipólitoDeAlbuquerque,TopBrother
Rio Summer International Open Jiu-Jitsu No-Gi 2016,Adult/Male/Purple/Super-Heavy,3,DouglasdeJesusSantos,ZenithBJJ
Rio Summer International Open Jiu-Jitsu No-Gi 2016,Adult/Male/Purple/Super-Heavy,3,MarceloGomideOliveira,GracieBarra
Rio Summer International Open Jiu-Jitsu No-Gi 2016,Adult/Male/Purple/Ultra-Heavy,1,GuilhermeBachaGuedes,GameFightBJJ/Manimal
Rio Summer International Open Jiu-Jitsu No-Gi 2016,Adult/Male/Purple/Ultra-Heavy,2,JhonatanCostaLopes,NovaUnião
Rio Summer International Open Jiu-Jitsu No-Gi 2016,Adult/Male/Purple/Ultra-Heavy,3,ElionJoaquimdosReisJunior,BrazilianTopTeam
Rio Summer International Open Jiu-Jitsu No-Gi 2016,Adult/Male/Purple/Ultra-Heavy,3,RafaelDorrSilva,EquipeGTT/IST
Rio Summer International Open Jiu-Jitsu No-Gi 2016,Adult/Male/Purple/OpenClass,1,AlexssandroPintoSodré,NovaUnião
Rio Summer International Open Jiu-Jitsu No-Gi 2016,Adult/Male/Purple/OpenClass,2,JhonatanCostaLopes,NovaUnião
Rio Summer International Open Jiu-Jitsu No-Gi 2016,Adult/Male/Purple/OpenClass,3,NicolasMoreiraInaciodaSilva,InfightJiu,Jitsu
Rio Summer International Open Jiu-Jitsu No-Gi 2016,Adult/Male/Purple/OpenClass,3,VeninoM.RondonDeLimaJunior,Zenith/PRBJJ
Rio Summer International Open Jiu-Jitsu No-Gi 2016,Adult/Female/Purple/Feather,1,MayssaCaldasPereiraBastos,GFTeam
Rio Summer International Open Jiu-Jitsu No-Gi 2016,Adult/Female/Purple/Light,1,MayraGabrielleNegreirosAbrahão,GFTeam
Rio Summer International Open Jiu-Jitsu No-Gi 2016,Adult/Female/Purple/Light,2,ElizabethJaneExell,RyanGracieTeam
Rio Summer International Open Jiu-Jitsu No-Gi 2016,Adult/Female/Purple/Light,3,RutineiaMattosPereira,NovaUnião
Rio Summer International Open Jiu-Jitsu No-Gi 2016,Adult/Female/Purple/Middle,1,DanielleRonaldCarvalhodeLima,GFTeam
Rio Summer International Open Jiu-Jitsu No-Gi 2016,Adult/Female/Purple/Middle,2,LysandraKarineAlmeidadeSousa,NovaUnião
Rio Summer International Open Jiu-Jitsu No-Gi 2016,Adult/Female/Purple/Middle,3,DuxleyLuzSilva,FamiliaMarcioFrankBJJ
Rio Summer International Open Jiu-Jitsu No-Gi 2016,Adult/Female/Purple/Heavy,1,CéliaReginaHonoratodeOliveira,GFTeam
Rio Summer International Open Jiu-Jitsu No-Gi 2016,Adult/Female/Purple/OpenClass,1,MayssaCaldasPereiraBastos,GFTeam
Rio Summer International Open Jiu-Jitsu No-Gi 2016,Adult/Female/Purple/OpenClass,2,ElizabethJaneExell,RyanGracieTeam
Rio Summer International Open Jiu-Jitsu No-Gi 2016,Adult/Male/Brown/Light-Feather,1,JoseCarlosSouzaLimaSobrinho,GFTeam
Rio Summer International Open Jiu-Jitsu No-Gi 2016,Adult/Male/Brown/Light-Feather,2,AlessandroCarvalhodaSilveiraCosta,NovaUnião
Rio Summer International Open Jiu-Jitsu No-Gi 2016,Adult/Male/Brown/Light-Feather,3,AnielBonifacioCandido,Zenith/PRBJJ
Rio Summer International Open Jiu-Jitsu No-Gi 2016,Adult/Male/Brown/Light-Feather,3,LuizEduardoCabraldaCosta,AcademiaPitbull
Rio Summer International Open Jiu-Jitsu No-Gi 2016,Adult/Male/Brown/Feather,1,GustavoMendesM.PraxedesLeal,NovaUnião
Rio Summer International Open Jiu-Jitsu No-Gi 2016,Adult/Male/Brown/Feather,2,BrunoSilveiraCosta,PSLPBCiceroCostha
Rio Summer International Open Jiu-Jitsu No-Gi 2016,Adult/Male/Brown/Feather,3,CarlosMagnoSilvaBatista,TopBrother
Rio Summer International Open Jiu-Jitsu No-Gi 2016,Adult/Male/Brown/Feather,3,LukasAndradeFerreira,MatoGrossoJiu,Jitsu
Rio Summer International Open Jiu-Jitsu No-Gi 2016,Adult/Male/Brown/Light,1,EdwardHohl,GracieHumaita
Rio Summer International Open Jiu-Jitsu No-Gi 2016,Adult/Male/Brown/Light,2,LeonardoGarciaMarques,CheckMat
Rio Summer International Open Jiu-Jitsu No-Gi 2016,Adult/Male/Brown/Light,3,AntônioCesarLucasdeSouza,PSLPBCiceroCostha
Rio Summer International Open Jiu-Jitsu No-Gi 2016,Adult/Male/Brown/Light,3,RobertoGuimarãesVieiraCarneiro,GracieHumaita
Rio Summer International Open Jiu-Jitsu No-Gi 2016,Adult/Male/Brown/Middle,1,PiterFrankAlmeidaSilva,ZenithBJJ
Rio Summer International Open Jiu-Jitsu No-Gi 2016,Adult/Male/Brown/Middle,2,EduardoBorgesFreitas,LuizPauloJiu,Jitsu
Rio Summer International Open Jiu-Jitsu No-Gi 2016,Adult/Male/Brown/Middle,3,SamuelRodriguesM.TosattiDias,BrazilianTopTeam
Rio Summer International Open Jiu-Jitsu No-Gi 2016,Adult/Male/Brown/Middle,3,YgordeSouzaZavarize,GFTeam
Rio Summer International Open Jiu-Jitsu No-Gi 2016,Adult/Male/Brown/Medium-Heavy,1,TiagoCastrodaSilva,NovaUnião
Rio Summer International Open Jiu-Jitsu No-Gi 2016,Adult/Male/Brown/Medium-Heavy,2,IldenisonTigrãoXavier,EquipeVilhenaJiu,Jitsu
Rio Summer International Open Jiu-Jitsu No-Gi 2016,Adult/Male/Brown/Medium-Heavy,3,FlávioJunqueira,Alliance
Rio Summer International Open Jiu-Jitsu No-Gi 2016,Adult/Male/Brown/Medium-Heavy,3,IgorMatosinhodePaiva,SoulFightersBJJ
Rio Summer International Open Jiu-Jitsu No-Gi 2016,Adult/Male/Brown/Heavy,1,RafaelAlencarBonfim,CheckMat
Rio Summer International Open Jiu-Jitsu No-Gi 2016,Adult/Male/Brown/Heavy,2,GilvanGomesdaCosta,BrazilianTopTeam
Rio Summer International Open Jiu-Jitsu No-Gi 2016,Adult/Male/Brown/Heavy,3,CelsonAugustoCaetano,CesarMailletTeam
Rio Summer International Open Jiu-Jitsu No-Gi 2016,Adult/Male/Brown/Heavy,3,GuilhermeBasílioGuimarães,GFTeam
Rio Summer International Open Jiu-Jitsu No-Gi 2016,Adult/Male/Brown/Super-Heavy,1,MaxdosSantosGimenis,GFTeam
Rio Summer International Open Jiu-Jitsu No-Gi 2016,Adult/Male/Brown/Super-Heavy,2,CarlosVictorFerreiradeAlmeida,TopBrother
Rio Summer International Open Jiu-Jitsu No-Gi 2016,Adult/Male/Brown/Ultra-Heavy,1,ElismaiqueSantosAzevedo,GameFightBJJ/Manimal
Rio Summer International Open Jiu-Jitsu No-Gi 2016,Adult/Male/Brown/Ultra-Heavy,2,SullivanMonassaSilvadePaula,GFTeam
Rio Summer International Open Jiu-Jitsu No-Gi 2016,Adult/Male/Brown/Ultra-Heavy,3,BrunoFonsecadaSilva,NovaUnião
Rio Summer International Open Jiu-Jitsu No-Gi 2016,Adult/Male/Brown/OpenClass,1,MaxdosSantosGimenis,GFTeam
Rio Summer International Open Jiu-Jitsu No-Gi 2016,Adult/Male/Brown/OpenClass,2,PiterFrankAlmeidaSilva,ZenithBJJ
Rio Summer International Open Jiu-Jitsu No-Gi 2016,Adult/Male/Brown/OpenClass,3,GilvanGomesdaCosta,BrazilianTopTeam
Rio Summer International Open Jiu-Jitsu No-Gi 2016,Adult/Male/Brown/OpenClass,3,TiagoCastrodaSilva,NovaUnião
Rio Summer International Open Jiu-Jitsu No-Gi 2016,Adult/Female/Brown/Feather,1,MirellaRegiaFerreiraFeijão,GracieBarra
Rio Summer International Open Jiu-Jitsu No-Gi 2016,Adult/Female/Brown/Light,1,BrunaGossonCipolletta,AcademiaMarangoni
Rio Summer International Open Jiu-Jitsu No-Gi 2016,Adult/Female/Brown/Heavy,1,ClaudiaFernandaOnofreValimDoval,DeLaRivaJJ
Rio Summer International Open Jiu-Jitsu No-Gi 2016,Adult/Female/Brown/OpenClass,1,ClaudiaFernandaOnofreValimDoval,DeLaRivaJJ
Rio Summer International Open Jiu-Jitsu No-Gi 2016,Adult/Female/Brown/OpenClass,2,MirellaRegiaFerreiraFeijão,GracieBarra
Rio Summer International Open Jiu-Jitsu No-Gi 2016,Adult/Female/Brown/OpenClass,3,BrunaGossonCipolletta,AcademiaMarangoni
Rio Summer International Open Jiu-Jitsu No-Gi 2016,Adult/Male/Black/Rooster,1,RaulGomesMarcello,RibeiroJiu,JitsuBrasil
Rio Summer International Open Jiu-Jitsu No-Gi 2016,Adult/Male/Black/Rooster,2,PedroOliveira,Zenith/PRBJJ
Rio Summer International Open Jiu-Jitsu No-Gi 2016,Adult/Male/Black/Light-Feather,1,JuanLopesdaSilva,PRMTeam
Rio Summer International Open Jiu-Jitsu No-Gi 2016,Adult/Male/Black/Light-Feather,2,RodrigoSilvaBarbosa,CariocaBrazilianJiu,Jitsu
Rio Summer International Open Jiu-Jitsu No-Gi 2016,Adult/Male/Black/Feather,1,FelipeBritodeSenna,FightBrothers
Rio Summer International Open Jiu-Jitsu No-Gi 2016,Adult/Male/Black/Feather,2,FabioMuratCaloi,Alliance
Rio Summer International Open Jiu-Jitsu No-Gi 2016,Adult/Male/Black/Feather,3,LuãdaSilvaTexeira,TopBrother
Rio Summer International Open Jiu-Jitsu No-Gi 2016,Adult/Male/Black/Middle,1,LuandeCarvalhoAlves,NovaUnião
Rio Summer International Open Jiu-Jitsu No-Gi 2016,Adult/Male/Black/Middle,2,PedroAlcântaraFalcãoFilho,NovaUnião/NU
Rio Summer International Open Jiu-Jitsu No-Gi 2016,Adult/Male/Black/Middle,3,MarcoAurelliodeQueiroz,AkxeBJJ
Rio Summer International Open Jiu-Jitsu No-Gi 2016,Adult/Male/Black/Middle,3,RobsonAlanMaiaBorges,Alliance
Rio Summer International Open Jiu-Jitsu No-Gi 2016,Adult/Male/Black/Medium-Heavy,1,BrunoFerreiraCuppari,AcademiaEduardoSantoro
Rio Summer International Open Jiu-Jitsu No-Gi 2016,Adult/Male/Black/Medium-Heavy,2,GabrielAlvesdeLima,EquipeGTT/IST
Rio Summer International Open Jiu-Jitsu No-Gi 2016,Adult/Male/Black/Medium-Heavy,3,MatheusSantosdeSouza,HélioSonecaBrazilianJJ
Rio Summer International Open Jiu-Jitsu No-Gi 2016,Adult/Male/Black/Medium-Heavy,3,PauloCésarLedesma,AtosJiu,Jitsu
Rio Summer International Open Jiu-Jitsu No-Gi 2016,Adult/Male/Black/Heavy,1,DiegoDiasRamalho,GracieBarra
Rio Summer International Open Jiu-Jitsu No-Gi 2016,Adult/Male/Black/Heavy,2,MarcosAurélioGoulartAlvesJunior,GameFightBJJ/Manimal
Rio Summer International Open Jiu-Jitsu No-Gi 2016,Adult/Male/Black/Heavy,3,DiogoAlmeidaSilva,RyanGracieTeam
Rio Summer International Open Jiu-Jitsu No-Gi 2016,Adult/Male/Black/Heavy,3,IsaacToledoDull,GracieBarra
Rio Summer International Open Jiu-Jitsu No-Gi 2016,Adult/Male/Black/Super-Heavy,1,CássioFrancisdaSilva,GracieBarra
Rio Summer International Open Jiu-Jitsu No-Gi 2016,Adult/Male/Black/Super-Heavy,2,RomesPereiraRamosJunior,RioGrapplingClub
Rio Summer International Open Jiu-Jitsu No-Gi 2016,Adult/Male/Black/Super-Heavy,3,MárcioSantosdaSilva,EquipeGTT/IST
Rio Summer International Open Jiu-Jitsu No-Gi 2016,Adult/Male/Black/Super-Heavy,3,ThiagoCidrodosSantos,GFTeam
Rio Summer International Open Jiu-Jitsu No-Gi 2016,Adult/Male/Black/Ultra-Heavy,1,OtavioTomeSerafim,BARBOSAJIU,JITSU
Rio Summer International Open Jiu-Jitsu No-Gi 2016,Adult/Male/Black/Ultra-Heavy,2,LuizFelipeTeixeiradosSantos,GFTeam
Rio Summer International Open Jiu-Jitsu No-Gi 2016,Adult/Male/Black/Ultra-Heavy,3,LeonardoRochadaCunha,NovaUnião
Rio Summer International Open Jiu-Jitsu No-Gi 2016,Adult/Male/Black/Ultra-Heavy,3,RaulFernandesAlmeida,NovaUnião
Rio Summer International Open Jiu-Jitsu No-Gi 2016,Adult/Male/Black/OpenClass,1,CássioFrancisdaSilva,GracieBarra
Rio Summer International Open Jiu-Jitsu No-Gi 2016,Adult/Male/Black/OpenClass,2,LuizFelipeTeixeiradosSantos,GFTeam
Rio Summer International Open Jiu-Jitsu No-Gi 2016,Adult/Male/Black/OpenClass,3,FelipeBritodeSenna,FightBrothers
Rio Summer International Open Jiu-Jitsu No-Gi 2016,Adult/Male/Black/OpenClass,3,MarcosAurélioGoulartAlvesJunior,GameFightBJJ/Manimal
Rio Summer International Open Jiu-Jitsu No-Gi 2016,Adult/Female/Black/Feather,1,AllinyKarenSilvaSantos,NovaUnião
Rio Summer International Open Jiu-Jitsu No-Gi 2016,Adult/Female/Black/Medium-Heavy,1,CarinaCurveloSanti,G13BJJ
Rio Summer International Open Jiu-Jitsu No-Gi 2016,Adult/Female/Black/Super-Heavy,1,CarladeSouzaCarvalho,GracieBarra
Rio Summer International Open Jiu-Jitsu No-Gi 2016,Adult/Female/Black/OpenClass,1,CarinaCurveloSanti,G13BJJ
Rio Summer International Open Jiu-Jitsu No-Gi 2016,Adult/Female/Black/OpenClass,2,AllinyKarenSilvaSantos,NovaUnião
Rio Summer International Open Jiu-Jitsu No-Gi 2016,Adult/Female/Black/OpenClass,3,CarladeSouzaCarvalho,GracieBarra
Rio Summer International Open Jiu-Jitsu No-Gi 2016,Master1/Male/Blue/Rooster,1,LuizPierredaSilvaAraujo,GracieBarra
Rio Summer International Open Jiu-Jitsu No-Gi 2016,Master1/Male/Blue/Feather,1,PauloLimaAlves,BeOneEPJJ
Rio Summer International Open Jiu-Jitsu No-Gi 2016,Master1/Male/Blue/Feather,2,MayconPortesSoares,DeLaRivaJJ
Rio Summer International Open Jiu-Jitsu No-Gi 2016,Master1/Male/Blue/Light,1,JeanPaulVermeAdrianzén,GracieBarra
Rio Summer International Open Jiu-Jitsu No-Gi 2016,Master1/Male/Blue/Light,2,DouglasAntoniodeMoraesLeite,CheckMat
Rio Summer International Open Jiu-Jitsu No-Gi 2016,Master1/Male/Blue/Light,3,RafaeldeAndradeFerreira,014RBJJ
Rio Summer International Open Jiu-Jitsu No-Gi 2016,Master1/Male/Blue/Middle,1,DanielGodoyQueiroz,GracieHumaita
Rio Summer International Open Jiu-Jitsu No-Gi 2016,Master1/Male/Blue/Middle,2,JeffersonFelipeLedesma,AtosJiu,Jitsu
Rio Summer International Open Jiu-Jitsu No-Gi 2016,Master1/Male/Blue/Middle,3,AlexandreBatistadaConceição,AllianceSP
Rio Summer International Open Jiu-Jitsu No-Gi 2016,Master1/Male/Blue/Medium-Heavy,1,GabrielRufinoEstrela,BARBOSAJIU,JITSU
Rio Summer International Open Jiu-Jitsu No-Gi 2016,Master1/Male/Blue/Medium-Heavy,2,RobsondosSantosCorrea,GFTeam
Rio Summer International Open Jiu-Jitsu No-Gi 2016,Master1/Male/Blue/Ultra-Heavy,1,FabioVieiradosSantos,GracieBarra
Rio Summer International Open Jiu-Jitsu No-Gi 2016,Master1/Male/Blue/OpenClass,1,DanielGodoyQueiroz,GracieHumaita
Rio Summer International Open Jiu-Jitsu No-Gi 2016,Master1/Male/Blue/OpenClass,2,JeanPaulVermeAdrianzén,GracieBarra
Rio Summer International Open Jiu-Jitsu No-Gi 2016,Master1/Male/Blue/OpenClass,3,DouglasAntoniodeMoraesLeite,CheckMat
Rio Summer International Open Jiu-Jitsu No-Gi 2016,Master1/Male/Blue/OpenClass,3,PauloLimaAlves,BeOneEPJJ
Rio Summer International Open Jiu-Jitsu No-Gi 2016,Master1/Male/Purple/Light-Feather,1,WindsonFontesMonteiro,SoulFightersBJJ
Rio Summer International Open Jiu-Jitsu No-Gi 2016,Master1/Male/Purple/Light,1,EdilsondeFariasPauloJunior,BoiTeam,Jiu,JitsudaSerra
Rio Summer International Open Jiu-Jitsu No-Gi 2016,Master1/Male/Purple/Light,2,AlexdosSantosSouza,SheknahTeam
Rio Summer International Open Jiu-Jitsu No-Gi 2016,Master1/Male/Purple/Middle,1,MicheldaSilvaOliveira,TopBrother
Rio Summer International Open Jiu-Jitsu No-Gi 2016,Master1/Male/Purple/Middle,2,LeanderSfredoHorvath,CarlsonGracieClube
Rio Summer International Open Jiu-Jitsu No-Gi 2016,Master1/Male/Purple/Middle,3,JorgeLuizBrancoMotaJunior,ArtCombat
Rio Summer International Open Jiu-Jitsu No-Gi 2016,Master1/Male/Purple/Middle,3,ThiagoResendesdaConceicao,Kito,Ryu
Rio Summer International Open Jiu-Jitsu No-Gi 2016,Master1/Male/Purple/Heavy,1,MarcusViniciusdeSouzaRamos,GracieHumaita
Rio Summer International Open Jiu-Jitsu No-Gi 2016,Master1/Male/Purple/Heavy,2,RomildoJoseHoskenJunior,PanteraNegra
Rio Summer International Open Jiu-Jitsu No-Gi 2016,Master1/Male/Purple/Super-Heavy,1,EdiraldodaSilvaAndrade,GracieHumaita
Rio Summer International Open Jiu-Jitsu No-Gi 2016,Master1/Male/Purple/Super-Heavy,2,MarcoAurélioFerreira,CentrodeTreinamentodeMaringá
Rio Summer International Open Jiu-Jitsu No-Gi 2016,Master1/Male/Purple/Ultra-Heavy,1,BrunoJorgeCortesdaRocha,NovaUnião
Rio Summer International Open Jiu-Jitsu No-Gi 2016,Master1/Male/Purple/OpenClass,1,MarcusViniciusdeSouzaRamos,GracieHumaita
Rio Summer International Open Jiu-Jitsu No-Gi 2016,Master1/Male/Purple/OpenClass,2,MarcoAurélioFerreira,CentrodeTreinamentodeMaringá
Rio Summer International Open Jiu-Jitsu No-Gi 2016,Master1/Male/Purple/OpenClass,3,AlexdosSantosSouza,SheknahTeam
Rio Summer International Open Jiu-Jitsu No-Gi 2016,Master1/Male/Purple/OpenClass,3,LeanderSfredoHorvath,CarlsonGracieClube
Rio Summer International Open Jiu-Jitsu No-Gi 2016,Master1/Male/Brown/Feather,1,AndréLuizMuylaertCaetanoPaes,NovaUnião
Rio Summer International Open Jiu-Jitsu No-Gi 2016,Master1/Male/Brown/Feather,2,BrunoFerreiraDaSilva,PRMTeam
Rio Summer International Open Jiu-Jitsu No-Gi 2016,Master1/Male/Brown/Light,1,PauloHenriqueNogueiradeAraujo,GracieHumaita
Rio Summer International Open Jiu-Jitsu No-Gi 2016,Master1/Male/Brown/Light,2,PabloPintodeAraujo,GordoJiu,Jitsu
Rio Summer International Open Jiu-Jitsu No-Gi 2016,Master1/Male/Brown/Middle,1,PedroAraujoJorgedeAguiar,NovaUnião
Rio Summer International Open Jiu-Jitsu No-Gi 2016,Master1/Male/Brown/Medium-Heavy,1,RubénMartinez,BrazilianFight
Rio Summer International Open Jiu-Jitsu No-Gi 2016,Master1/Male/Brown/Medium-Heavy,2,AlbertoMacedoLealNeto,NovaUnião
Rio Summer International Open Jiu-Jitsu No-Gi 2016,Master1/Male/Brown/Medium-Heavy,3,AndersonMonteiroPenin,EquipeTottiJiu,Jitsu
Rio Summer International Open Jiu-Jitsu No-Gi 2016,Master1/Male/Brown/Medium-Heavy,3,EmmanuelBrolloJunior,NovaUnião
Rio Summer International Open Jiu-Jitsu No-Gi 2016,Master1/Male/Brown/Heavy,1,MarceloAparecidoBarbosa,GracieBarra
Rio Summer International Open Jiu-Jitsu No-Gi 2016,Master1/Male/Brown/Heavy,2,YuriNunesAbreuLage,NovaUnião
Rio Summer International Open Jiu-Jitsu No-Gi 2016,Master1/Male/Brown/OpenClass,1,RubénMartinez,BrazilianFight
Rio Summer International Open Jiu-Jitsu No-Gi 2016,Master1/Male/Brown/OpenClass,2,EmmanuelBrolloJunior,NovaUnião
Rio Summer International Open Jiu-Jitsu No-Gi 2016,Master1/Male/Brown/OpenClass,3,PabloPintodeAraujo,GordoJiu,Jitsu
Rio Summer International Open Jiu-Jitsu No-Gi 2016,Master1/Male/Brown/OpenClass,3,PauloHenriqueNogueiradeAraujo,GracieHumaita
Rio Summer International Open Jiu-Jitsu No-Gi 2016,Master1/Male/Black/Light-Feather,1,ViniciusdosSantosFonseca,TopBrother
Rio Summer International Open Jiu-Jitsu No-Gi 2016,Master1/Male/Black/Feather,1,MarcelodosSantosSilva,MarceloGaloJiu,Jitsu
Rio Summer International Open Jiu-Jitsu No-Gi 2016,Master1/Male/Black/Feather,2,IvanildoRollembergLima,NovaUnião
Rio Summer International Open Jiu-Jitsu No-Gi 2016,Master1/Male/Black/Feather,3,DouglasdosSantosFerreiraDias,TopBrother
Rio Summer International Open Jiu-Jitsu No-Gi 2016,Master1/Male/Black/Light,1,LidioHenriquedaSilvaSantos,GFTeam
Rio Summer International Open Jiu-Jitsu No-Gi 2016,Master1/Male/Black/Light,2,ThiagoGonçalvesdosSantos,TataTeamJJ
Rio Summer International Open Jiu-Jitsu No-Gi 2016,Master1/Male/Black/Light,3,RafaelPortodaCosta,014RBJJ
Rio Summer International Open Jiu-Jitsu No-Gi 2016,Master1/Male/Black/Light,3,ThiagoNunesMagalhães,TopBrother
Rio Summer International Open Jiu-Jitsu No-Gi 2016,Master1/Male/Black/Middle,1,AndersondaSilvaPortugal,GFTeam
Rio Summer International Open Jiu-Jitsu No-Gi 2016,Master1/Male/Black/Middle,2,RafaelCarneirodeMiranda,NovaUnião
Rio Summer International Open Jiu-Jitsu No-Gi 2016,Master1/Male/Black/Middle,3,JoséLuísNascimentodeSouzaJr,TopBrother
Rio Summer International Open Jiu-Jitsu No-Gi 2016,Master1/Male/Black/Middle,3,JúlioCésarSoaresG.Dias,GracieHumaitáTeresópolis
Rio Summer International Open Jiu-Jitsu No-Gi 2016,Master1/Male/Black/Medium-Heavy,1,LeonardoPereiradeSousa,GracieBarra
Rio Summer International Open Jiu-Jitsu No-Gi 2016,Master1/Male/Black/Medium-Heavy,2,VirgílioRavazzanoJosédeCastro,GracieBarra
Rio Summer International Open Jiu-Jitsu No-Gi 2016,Master1/Male/Black/Medium-Heavy,3,CelsoBaldowJúnior,TataTeamJJ
Rio Summer International Open Jiu-Jitsu No-Gi 2016,Master1/Male/Black/Medium-Heavy,3,DaviPaulaFidelis,AcademiaPitbull
Rio Summer International Open Jiu-Jitsu No-Gi 2016,Master1/Male/Black/Heavy,1,BrunoRamosDiasRozena,014RBJJ
Rio Summer International Open Jiu-Jitsu No-Gi 2016,Master1/Male/Black/Heavy,2,NiltonBarbosadeOliveiraJunior,GFTeam
Rio Summer International Open Jiu-Jitsu No-Gi 2016,Master1/Male/Black/Heavy,3,AlexDePaulaMartinsJunior,TopBrother
Rio Summer International Open Jiu-Jitsu No-Gi 2016,Master1/Male/Black/Heavy,3,PeterSantosAndradeSilva,GFTeam
Rio Summer International Open Jiu-Jitsu No-Gi 2016,Master1/Male/Black/Super-Heavy,1,FilipePaesCabral,NovaUnião
Rio Summer International Open Jiu-Jitsu No-Gi 2016,Master1/Male/Black/Super-Heavy,2,ClaudiodosSantosIwaki,NU/NovaUnião
Rio Summer International Open Jiu-Jitsu No-Gi 2016,Master1/Male/Black/Ultra-Heavy,1,BrunodaSilvaSales,NovaUnião
Rio Summer International Open Jiu-Jitsu No-Gi 2016,Master1/Male/Black/Ultra-Heavy,2,JefersonConceiçãodosSantos,CheckMat
Rio Summer International Open Jiu-Jitsu No-Gi 2016,Master1/Male/Black/Ultra-Heavy,3,ErivanGonçalvesMouraCavalcante,NovaUnião
Rio Summer International Open Jiu-Jitsu No-Gi 2016,Master1/Male/Black/Ultra-Heavy,3,LeandroJorgePereiraVilar,GFTeam
Rio Summer International Open Jiu-Jitsu No-Gi 2016,Master1/Male/Black/OpenClass,1,FilipePaesCabral,NovaUnião
Rio Summer International Open Jiu-Jitsu No-Gi 2016,Master1/Male/Black/OpenClass,2,LeonardoPereiradeSousa,GracieBarra
Rio Summer International Open Jiu-Jitsu No-Gi 2016,Master1/Male/Black/OpenClass,3,BrunoRamosDiasRozena,014RBJJ
Rio Summer International Open Jiu-Jitsu No-Gi 2016,Master1/Male/Black/OpenClass,3,ThiagoNunesMagalhães,TopBrother
Rio Summer International Open Jiu-Jitsu No-Gi 2016,Master2/Male/Blue/Middle,1,AlessandroPimentaKrenn,AlexandreJapona
Rio Summer International Open Jiu-Jitsu No-Gi 2016,Master2/Male/Blue/Medium-Heavy,1,AndersonCardosoMacedo,TopBrother
Rio Summer International Open Jiu-Jitsu No-Gi 2016,Master2/Male/Blue/Medium-Heavy,2,LeonardoRamosNascimento,NovaUnião
Rio Summer International Open Jiu-Jitsu No-Gi 2016,Master2/Male/Blue/Heavy,1,JuanCarmona,BrazilianFight
Rio Summer International Open Jiu-Jitsu No-Gi 2016,Master2/Male/Blue/Super-Heavy,1,WilsonRobertoSilvaJunior,Alliance
Rio Summer International Open Jiu-Jitsu No-Gi 2016,Master2/Male/Blue/Ultra-Heavy,1,GustavoAlbertodeO.Alves,Brazil021SchoolofJiu,JitsuBR
Rio Summer International Open Jiu-Jitsu No-Gi 2016,Master2/Male/Blue/OpenClass,1,WilsonRobertoSilvaJunior,Alliance
Rio Summer International Open Jiu-Jitsu No-Gi 2016,Master2/Male/Blue/OpenClass,2,JuanCarmona,BrazilianFight
Rio Summer International Open Jiu-Jitsu No-Gi 2016,Master2/Male/Blue/OpenClass,3,AlessandroPimentaKrenn,AlexandreJapona
Rio Summer International Open Jiu-Jitsu No-Gi 2016,Master2/Male/Purple/Feather,1,ThiagoAdolphoBoquett,BrigadeiroBJJ,Cascavel
Rio Summer International Open Jiu-Jitsu No-Gi 2016,Master2/Male/Purple/Middle,1,FelipeBarretoPereira,NovaUnião
Rio Summer International Open Jiu-Jitsu No-Gi 2016,Master2/Male/Purple/Medium-Heavy,1,CarlosHenriquedaSilva,AlexandreJapona
Rio Summer International Open Jiu-Jitsu No-Gi 2016,Master2/Male/Purple/Super-Heavy,1,EmersonFernandodeLima,BonSaiJJ
Rio Summer International Open Jiu-Jitsu No-Gi 2016,Master2/Male/Purple/Ultra-Heavy,1,LucianoAlvesPereira,ArteLivreJiu,Jitsu
Rio Summer International Open Jiu-Jitsu No-Gi 2016,Master2/Male/Purple/Ultra-Heavy,2,EricsonFabianoToffanin,BARBOSAJIU,JITSU
Rio Summer International Open Jiu-Jitsu No-Gi 2016,Master2/Male/Purple/Ultra-Heavy,3,GoranGligorijevic,GracieBarra
Rio Summer International Open Jiu-Jitsu No-Gi 2016,Master2/Male/Purple/OpenClass,1,EmersonFernandodeLima,BonSaiJJ
Rio Summer International Open Jiu-Jitsu No-Gi 2016,Master2/Male/Purple/OpenClass,2,EricsonFabianoToffanin,BARBOSAJIU,JITSU
Rio Summer International Open Jiu-Jitsu No-Gi 2016,Master2/Male/Purple/OpenClass,3,CarlosHenriquedaSilva,AlexandreJapona
Rio Summer International Open Jiu-Jitsu No-Gi 2016,Master2/Male/Purple/OpenClass,3,LucianoAlvesPereira,ArteLivreJiu,Jitsu
Rio Summer International Open Jiu-Jitsu No-Gi 2016,Master2/Male/Brown/Light,1,JofreGonçalvesNascimento,NovaUnião
Rio Summer International Open Jiu-Jitsu No-Gi 2016,Master2/Male/Brown/Heavy,1,AlbertoFábiodeAndrade,NovaUnião
Rio Summer International Open Jiu-Jitsu No-Gi 2016,Master2/Male/Brown/Ultra-Heavy,1,EdsonFranciscodePaulaJunior,AtosJiu,Jitsu
Rio Summer International Open Jiu-Jitsu No-Gi 2016,Master2/Male/Brown/OpenClass,1,EdsonFranciscodePaulaJunior,AtosJiu,Jitsu
Rio Summer International Open Jiu-Jitsu No-Gi 2016,Master2/Male/Brown/OpenClass,2,AlbertoFábiodeAndrade,NovaUnião
Rio Summer International Open Jiu-Jitsu No-Gi 2016,Master2/Male/Brown/OpenClass,3,JofreGonçalvesNascimento,NovaUnião
Rio Summer International Open Jiu-Jitsu No-Gi 2016,Master2/Male/Black/Light-Feather,1,PauloMarcioR.Paulino,TopBrother
Rio Summer International Open Jiu-Jitsu No-Gi 2016,Master2/Male/Black/Light-Feather,2,MarcusViniciusZampieridosReis,GracieBarra
Rio Summer International Open Jiu-Jitsu No-Gi 2016,Master2/Male/Black/Feather,1,LeonardodaSilvaRodrigues,TopBrother
Rio Summer International Open Jiu-Jitsu No-Gi 2016,Master2/Male/Black/Feather,2,AlexandroTeixeiraCaires,TopBrother
Rio Summer International Open Jiu-Jitsu No-Gi 2016,Master2/Male/Black/Feather,3,SueddosSantos,Alliance
Rio Summer International Open Jiu-Jitsu No-Gi 2016,Master2/Male/Black/Light,1,WilsonAlvesdaSilvaJúnior,TopBrother
Rio Summer International Open Jiu-Jitsu No-Gi 2016,Master2/Male/Black/Light,2,VugnerAmadordaSilva,GFTeamSenhordoBonfim
Rio Summer International Open Jiu-Jitsu No-Gi 2016,Master2/Male/Black/Light,3,MarceloFerreiradeOliveira,MestreWilsonJJ
Rio Summer International Open Jiu-Jitsu No-Gi 2016,Master2/Male/Black/Light,3,WellingtonLuizXavier,NovaUnião
Rio Summer International Open Jiu-Jitsu No-Gi 2016,Master2/Male/Black/Middle,1,GuilhermeMadeiraGoraib,GracieHumaita
Rio Summer International Open Jiu-Jitsu No-Gi 2016,Master2/Male/Black/Middle,2,JavierAlejandroCardozo,GFTeamArgentina
Rio Summer International Open Jiu-Jitsu No-Gi 2016,Master2/Male/Black/Middle,3,RaphaelSilvaMendesdeAlmeida,RilionGraciePernambuco
Rio Summer International Open Jiu-Jitsu No-Gi 2016,Master2/Male/Black/Middle,3,RonaldoDrumodBarcelos,FabricioInternationalTeam,FIT
Rio Summer International Open Jiu-Jitsu No-Gi 2016,Master2/Male/Black/Medium-Heavy,1,WashingtondeSouzaFerreira,NovaUnião
Rio Summer International Open Jiu-Jitsu No-Gi 2016,Master2/Male/Black/Medium-Heavy,2,AristotenesRibeiroReis,StrikerJJ
Rio Summer International Open Jiu-Jitsu No-Gi 2016,Master2/Male/Black/Medium-Heavy,3,AndreSeabraMoyses,NovaUnião
Rio Summer International Open Jiu-Jitsu No-Gi 2016,Master2/Male/Black/Medium-Heavy,3,EstefanoSilvaFelipe,GracieBarra
Rio Summer International Open Jiu-Jitsu No-Gi 2016,Master2/Male/Black/Heavy,1,FabriciodoCoutodeAraujo,014RBJJ
Rio Summer International Open Jiu-Jitsu No-Gi 2016,Master2/Male/Black/Super-Heavy,1,GustavoLindgrenMachadodaSilva,GracieBarra
Rio Summer International Open Jiu-Jitsu No-Gi 2016,Master2/Male/Black/Super-Heavy,2,FelipeBergaminiCobra,NovaGeração
Rio Summer International Open Jiu-Jitsu No-Gi 2016,Master2/Male/Black/Super-Heavy,3,ArthurCesarSampaioJacintho,GFTeam
Rio Summer International Open Jiu-Jitsu No-Gi 2016,Master2/Male/Black/Super-Heavy,3,GiovanniReisCoutinhoPaniccia,GiovanniReisTeam
Rio Summer International Open Jiu-Jitsu No-Gi 2016,Master2/Male/Black/Ultra-Heavy,1,LuizFernandoFernandes,NovaUnião
Rio Summer International Open Jiu-Jitsu No-Gi 2016,Master2/Male/Black/Ultra-Heavy,2,LuizNestorAlvesdaCosta,GFTeam
Rio Summer International Open Jiu-Jitsu No-Gi 2016,Master2/Male/Black/Ultra-Heavy,3,LucioFlaviodeCampos,TopBrother
Rio Summer International Open Jiu-Jitsu No-Gi 2016,Master2/Male/Black/Ultra-Heavy,3,PauloAlexandredeSouza,BrazilianTopTeam,Texas
Rio Summer International Open Jiu-Jitsu No-Gi 2016,Master2/Male/Black/OpenClass,1,FabriciodoCoutodeAraujo,014RBJJ
Rio Summer International Open Jiu-Jitsu No-Gi 2016,Master2/Male/Black/OpenClass,2,LucioFlaviodeCampos,TopBrother
