Floripa International Open Jiu-Jitsu No-Gi 2016,Juvenile/Male/Blue/Light-Feather,1,ThalysdeOliveiraPontes,PSLPBCiceroCostha
Floripa International Open Jiu-Jitsu No-Gi 2016,Juvenile/Male/Blue/Light-Feather,2,MarcosGabrielPaesFroede,PSLPBCiceroCostha
Floripa International Open Jiu-Jitsu No-Gi 2016,Juvenile/Male/Blue/Light-Feather,3,PieroLarryDenis,TeamNogueiraJoinville
Floripa International Open Jiu-Jitsu No-Gi 2016,Juvenile/Male/Blue/Feather,1,EduardodeAraujoRoque,GordoJiu,Jitsu
Floripa International Open Jiu-Jitsu No-Gi 2016,Juvenile/Male/Blue/Light,1,CássioFelipeSousaCosta,GracieBarra
Floripa International Open Jiu-Jitsu No-Gi 2016,Juvenile/Male/Blue/Light,2,GustavoEstebamdosSantos,BARBOSAJIU,JITSU
Floripa International Open Jiu-Jitsu No-Gi 2016,Juvenile/Male/Blue/Light,3,MatheuAvrellaLamarque,RilionGracie
Floripa International Open Jiu-Jitsu No-Gi 2016,Juvenile/Male/Blue/Middle,1,JonathandaCruzSousa,AcademiaR1
Floripa International Open Jiu-Jitsu No-Gi 2016,Juvenile/Male/Blue/Medium-Heavy,1,GustavoLemkedosSantos,PSLPBCiceroCostha
Floripa International Open Jiu-Jitsu No-Gi 2016,Juvenile/Male/Blue/Heavy,1,GabrielThomazFagundes,BARBOSAJIU,JITSU
Floripa International Open Jiu-Jitsu No-Gi 2016,Juvenile/Male/Blue/Ultra-Heavy,1,LeonardoRogerioMarcelino,A.STeam
Floripa International Open Jiu-Jitsu No-Gi 2016,Juvenile/Male/Blue/Ultra-Heavy,2,JoãoVictorLopes,NovaUnião
Floripa International Open Jiu-Jitsu No-Gi 2016,Adult/Male/Blue/Rooster,1,JohnifdeOliveiraRocha,PSLPBCiceroCostha
Floripa International Open Jiu-Jitsu No-Gi 2016,Adult/Male/Blue/Rooster,2,FelipeNegochadle,GracieBarra
Floripa International Open Jiu-Jitsu No-Gi 2016,Adult/Male/Blue/Rooster,3,CedriCristianoComerlato,Alliance
Floripa International Open Jiu-Jitsu No-Gi 2016,Adult/Male/Blue/Rooster,3,FelipeBurille,AtaqueDuplo
Floripa International Open Jiu-Jitsu No-Gi 2016,Adult/Male/Blue/Light-Feather,1,RaimundoDiegoPintoSodre,NovaUnião
Floripa International Open Jiu-Jitsu No-Gi 2016,Adult/Male/Blue/Light-Feather,2,LucasAdrianoLeite,NovaUnião
Floripa International Open Jiu-Jitsu No-Gi 2016,Adult/Male/Blue/Light-Feather,3,AdolfoCamposNeto,AtriumBJJ
Floripa International Open Jiu-Jitsu No-Gi 2016,Adult/Male/Blue/Light-Feather,3,EduardoVieiraCoelho,ASMBJJ
Floripa International Open Jiu-Jitsu No-Gi 2016,Adult/Male/Blue/Feather,1,BrunoHenriquePaesFroede,PSLPBCiceroCostha
Floripa International Open Jiu-Jitsu No-Gi 2016,Adult/Male/Blue/Feather,2,OdairEvangelista,A.STeamJoinville
Floripa International Open Jiu-Jitsu No-Gi 2016,Adult/Male/Blue/Feather,3,LoranCostaBonnassis,KullgamCompetition
Floripa International Open Jiu-Jitsu No-Gi 2016,Adult/Male/Blue/Light,1,CarlosAugustodeLima,A.STeam
Floripa International Open Jiu-Jitsu No-Gi 2016,Adult/Male/Blue/Light,2,GustavoSumarBeppler,A.STeam
Floripa International Open Jiu-Jitsu No-Gi 2016,Adult/Male/Blue/Light,3,AndréGuilhermeLipienskiPereiradosSantos,Alliance
Floripa International Open Jiu-Jitsu No-Gi 2016,Adult/Male/Blue/Light,3,LeandroAugustoSnaider,RilionGracie
Floripa International Open Jiu-Jitsu No-Gi 2016,Adult/Male/Blue/Middle,1,ArthurDornelesMariath,AtosJiu,Jitsu
Floripa International Open Jiu-Jitsu No-Gi 2016,Adult/Male/Blue/Middle,2,AndreiLucasdaSilva,GracieBarraJJ
Floripa International Open Jiu-Jitsu No-Gi 2016,Adult/Male/Blue/Middle,3,JaksonRodriguesBernardo,HalavancaBJJBrasil
Floripa International Open Jiu-Jitsu No-Gi 2016,Adult/Male/Blue/Middle,3,NicolasFedericoCocuccio,GFTeam
Floripa International Open Jiu-Jitsu No-Gi 2016,Adult/Male/Blue/Medium-Heavy,1,DanteDanielCanoJunior,Alliance
Floripa International Open Jiu-Jitsu No-Gi 2016,Adult/Male/Blue/Medium-Heavy,2,MarcoGiovanniLocatelliBenitez,Alliance
Floripa International Open Jiu-Jitsu No-Gi 2016,Adult/Male/Blue/Medium-Heavy,3,JoãoSoaresBatista,BeOneEPJJ
Floripa International Open Jiu-Jitsu No-Gi 2016,Adult/Male/Blue/Medium-Heavy,3,JorgeNelsondaSilvaJunior,A.STeam
Floripa International Open Jiu-Jitsu No-Gi 2016,Adult/Male/Blue/Heavy,1,KaleebWilliamSilvadeAndradeBazilio,GracieBarra
Floripa International Open Jiu-Jitsu No-Gi 2016,Adult/Male/Blue/Heavy,2,FelipheGabrielAlmeida,CWBPrimeBJJ
Floripa International Open Jiu-Jitsu No-Gi 2016,Adult/Male/Blue/Heavy,3,DanielDouglasSantAna,DemianMaiaJiu,Jitsu
Floripa International Open Jiu-Jitsu No-Gi 2016,Adult/Male/Blue/Super-Heavy,1,EdsondeAlmeidaAraujo,RocianGracieJuniordeJiu,Jitsu
Floripa International Open Jiu-Jitsu No-Gi 2016,Adult/Male/Blue/Super-Heavy,2,MarceloVilasBoasJunior,NovaUnião
Floripa International Open Jiu-Jitsu No-Gi 2016,Adult/Male/Blue/Super-Heavy,3,SandersonCarlosDeSouza,ACBJJ
Floripa International Open Jiu-Jitsu No-Gi 2016,Adult/Male/Blue/Ultra-Heavy,1,ViniciusSimõesBravo,KullgamCompetition
Floripa International Open Jiu-Jitsu No-Gi 2016,Adult/Male/Blue/Ultra-Heavy,2,WilliamMatheusPadilhaMaciel,AtaqueDuplo
Floripa International Open Jiu-Jitsu No-Gi 2016,Adult/Male/Blue/Ultra-Heavy,3,AllanCarlosWaldelmDomingues,LEADBJJ
Floripa International Open Jiu-Jitsu No-Gi 2016,Adult/Male/Blue/OpenClass,1,DanteDanielCanoJunior,Alliance
Floripa International Open Jiu-Jitsu No-Gi 2016,Adult/Male/Blue/OpenClass,2,JoãoSoaresBatista,BeOneEPJJ
Floripa International Open Jiu-Jitsu No-Gi 2016,Adult/Male/Blue/OpenClass,3,JorgeNelsondaSilvaJunior,A.STeam
Floripa International Open Jiu-Jitsu No-Gi 2016,Adult/Male/Blue/OpenClass,3,WilliamMatheusPadilhaMaciel,AtaqueDuplo
Floripa International Open Jiu-Jitsu No-Gi 2016,Adult/Female/Blue/Light-Feather,1,AndrezaCostaMoraisdeSousa,AresBJJBrasil
Floripa International Open Jiu-Jitsu No-Gi 2016,Adult/Female/Blue/Light-Feather,2,GabrieleStrano,G13BJJ
Floripa International Open Jiu-Jitsu No-Gi 2016,Adult/Female/Blue/Light-Feather,3,IsadoraBorgesMaggioni,AcademiaTatuapuTeam
Floripa International Open Jiu-Jitsu No-Gi 2016,Adult/Female/Blue/Feather,1,JosianeMarquesPimenta,CheckMat
Floripa International Open Jiu-Jitsu No-Gi 2016,Adult/Female/Blue/Feather,2,AndréaPiresdeAssunção,RibeiroJiu,Jitsu
Floripa International Open Jiu-Jitsu No-Gi 2016,Adult/Female/Blue/Light,1,ThamiresArrudaMonteiro,AcademiaMarangoni
Floripa International Open Jiu-Jitsu No-Gi 2016,Adult/Female/Blue/Light,2,MarinaAlcaldeRodriguez,A.STeam
Floripa International Open Jiu-Jitsu No-Gi 2016,Adult/Female/Blue/Middle,1,PaulaReisCampos,GracieBarra
Floripa International Open Jiu-Jitsu No-Gi 2016,Adult/Female/Blue/OpenClass,1,MarinaAlcaldeRodriguez,A.STeam
Floripa International Open Jiu-Jitsu No-Gi 2016,Adult/Female/Blue/OpenClass,2,JosianeMarquesPimenta,CheckMat
Floripa International Open Jiu-Jitsu No-Gi 2016,Adult/Female/Blue/OpenClass,3,AndréaPiresdeAssunção,RibeiroJiu,Jitsu
Floripa International Open Jiu-Jitsu No-Gi 2016,Adult/Female/Blue/OpenClass,3,GabrieleStrano,G13BJJ
Floripa International Open Jiu-Jitsu No-Gi 2016,Adult/Male/Purple/Light-Feather,1,SilvioOlintoRochaCavalcante,PSLPBCiceroCostha
Floripa International Open Jiu-Jitsu No-Gi 2016,Adult/Male/Purple/Light-Feather,2,MatiasArielGonzalez,GFTeam
Floripa International Open Jiu-Jitsu No-Gi 2016,Adult/Male/Purple/Feather,1,LuanGomesDaSilva,SaikooJiu,Jitsu
Floripa International Open Jiu-Jitsu No-Gi 2016,Adult/Male/Purple/Feather,2,MichelRuediger,NovaUnião
Floripa International Open Jiu-Jitsu No-Gi 2016,Adult/Male/Purple/Feather,3,GuilhermeJeremiasAndrade,AtaqueDuplo
Floripa International Open Jiu-Jitsu No-Gi 2016,Adult/Male/Purple/Light,1,LeonardodaTrindadeRodrigues,A.STeam
Floripa International Open Jiu-Jitsu No-Gi 2016,Adult/Male/Purple/Light,2,LuisEmmanuelRochaGauna,GracieBarra
Floripa International Open Jiu-Jitsu No-Gi 2016,Adult/Male/Purple/Light,3,PedroJuniordaSilva,A.STeam
Floripa International Open Jiu-Jitsu No-Gi 2016,Adult/Male/Purple/Light,3,RhuanDuarte,PSLPBCiceroCostha
Floripa International Open Jiu-Jitsu No-Gi 2016,Adult/Male/Purple/Middle,1,AlbertoLuizCunhaCanezin,ParagonLondrina
Floripa International Open Jiu-Jitsu No-Gi 2016,Adult/Male/Purple/Middle,2,JeanCarlosPauleti,NovaUnião
Floripa International Open Jiu-Jitsu No-Gi 2016,Adult/Male/Purple/Middle,3,MarcosViniciusOliveira,DrillBJJ
Floripa International Open Jiu-Jitsu No-Gi 2016,Adult/Male/Purple/Middle,3,MauricioReisPires,NovaUnião
Floripa International Open Jiu-Jitsu No-Gi 2016,Adult/Male/Purple/Medium-Heavy,1,HarrysonSantanaPereira,AtaqueDuplo
Floripa International Open Jiu-Jitsu No-Gi 2016,Adult/Male/Purple/Medium-Heavy,2,EltonHackBarbi,A.STeam
Floripa International Open Jiu-Jitsu No-Gi 2016,Adult/Male/Purple/Medium-Heavy,3,CarlosFalcãoVieiraValente,A.STeam
Floripa International Open Jiu-Jitsu No-Gi 2016,Adult/Male/Purple/Medium-Heavy,3,LucasLisboaAlves,CheckMat
Floripa International Open Jiu-Jitsu No-Gi 2016,Adult/Male/Purple/Heavy,1,OtávioSantosMarinhodeOliveira,MatoGrossoJiu,Jitsu
Floripa International Open Jiu-Jitsu No-Gi 2016,Adult/Male/Purple/Super-Heavy,1,FelipeAugustoBianchiFrancodaSilva,A.STeam
Floripa International Open Jiu-Jitsu No-Gi 2016,Adult/Male/Purple/Super-Heavy,2,RafaelSantiagoSantos,Alliance
Floripa International Open Jiu-Jitsu No-Gi 2016,Adult/Male/Purple/OpenClass,1,AlbertoLuizCunhaCanezin,ParagonLondrina
Floripa International Open Jiu-Jitsu No-Gi 2016,Adult/Male/Purple/OpenClass,2,FelipeAugustoBianchiFrancodaSilva,A.STeam
Floripa International Open Jiu-Jitsu No-Gi 2016,Adult/Male/Purple/OpenClass,3,EltonHackBarbi,A.STeam
Floripa International Open Jiu-Jitsu No-Gi 2016,Adult/Male/Purple/OpenClass,3,OtávioSantosMarinhodeOliveira,MatoGrossoJiu,Jitsu
Floripa International Open Jiu-Jitsu No-Gi 2016,Adult/Female/Purple/Light-Feather,1,KarenDanielledeSousaCarvalho,AcademiaMarangoni
Floripa International Open Jiu-Jitsu No-Gi 2016,Adult/Female/Purple/Light,1,ElizabethJaneExell,RyanGracieTeam
Floripa International Open Jiu-Jitsu No-Gi 2016,Adult/Female/Purple/Light,2,JessicaLouiseArmelinSantos,LEADBJJ
Floripa International Open Jiu-Jitsu No-Gi 2016,Adult/Female/Purple/Light,3,RianaGabriellaR.eSilva,CheckMat
Floripa International Open Jiu-Jitsu No-Gi 2016,Adult/Female/Purple/Light,3,SayuriToledoLimaPereira,Alliance
Floripa International Open Jiu-Jitsu No-Gi 2016,Adult/Female/Purple/Middle,1,LudmilaFiorideAraujo,LEADBJJ
Floripa International Open Jiu-Jitsu No-Gi 2016,Adult/Female/Purple/Medium-Heavy,1,MelissaStrickerCueto,DrillBJJ
Floripa International Open Jiu-Jitsu No-Gi 2016,Adult/Female/Purple/Heavy,1,IzadoraCristinaSilva,NsBrotherhood
Floripa International Open Jiu-Jitsu No-Gi 2016,Adult/Female/Purple/Heavy,2,NoeliaCarolinaScarafia,GFTeam
Floripa International Open Jiu-Jitsu No-Gi 2016,Adult/Female/Purple/OpenClass,1,IzadoraCristinaSilva,NsBrotherhood
Floripa International Open Jiu-Jitsu No-Gi 2016,Adult/Female/Purple/OpenClass,2,ElizabethJaneExell,RyanGracieTeam
Floripa International Open Jiu-Jitsu No-Gi 2016,Adult/Female/Purple/OpenClass,3,LudmilaFiorideAraujo,LEADBJJ
Floripa International Open Jiu-Jitsu No-Gi 2016,Adult/Female/Purple/OpenClass,3,RianaGabriellaR.eSilva,CheckMat
Floripa International Open Jiu-Jitsu No-Gi 2016,Adult/Male/Brown/Feather,1,GustavoMendesM.PraxedesLeal,NovaUnião
Floripa International Open Jiu-Jitsu No-Gi 2016,Adult/Male/Brown/Feather,2,LukasAndradeFerreira,RibeiroJiu,Jitsu
Floripa International Open Jiu-Jitsu No-Gi 2016,Adult/Male/Brown/Feather,3,AntônioCesarLucasdeSouza,PSLPBCiceroCostha
Floripa International Open Jiu-Jitsu No-Gi 2016,Adult/Male/Brown/Light,1,EvandroBrandãodeOliveiraFilho,FiveRounds
Floripa International Open Jiu-Jitsu No-Gi 2016,Adult/Male/Brown/Light,2,OsmarGustavoTelles,A.STeam
Floripa International Open Jiu-Jitsu No-Gi 2016,Adult/Male/Brown/Light,3,AgustinBordiga,GFTeam
Floripa International Open Jiu-Jitsu No-Gi 2016,Adult/Male/Brown/Light,3,RogerioAcaciodeMedeirosJunior,AtaqueDuplo
Floripa International Open Jiu-Jitsu No-Gi 2016,Adult/Male/Brown/Middle,1,IgorMatosinhodePaiva,SoulFightersBJJ
Floripa International Open Jiu-Jitsu No-Gi 2016,Adult/Male/Brown/Middle,2,LuisFelipeAlexandreSouto,NovaUnião
Floripa International Open Jiu-Jitsu No-Gi 2016,Adult/Male/Brown/Middle,3,EduardodaCamaraQueiroz,A.STeam
Floripa International Open Jiu-Jitsu No-Gi 2016,Adult/Male/Brown/Medium-Heavy,1,RafaelLopesPaganini,Alliance
Floripa International Open Jiu-Jitsu No-Gi 2016,Adult/Male/Brown/Medium-Heavy,2,DouglasdeAndrade,GarraTeam
Floripa International Open Jiu-Jitsu No-Gi 2016,Adult/Male/Brown/Medium-Heavy,3,CláudioOliveiraSantana,Tetris
Floripa International Open Jiu-Jitsu No-Gi 2016,Adult/Male/Brown/Medium-Heavy,3,RodrigoYonejiSuzumura,GracieBarra
Floripa International Open Jiu-Jitsu No-Gi 2016,Adult/Male/Brown/Heavy,1,WalterAntonioAlexandredosSantos,GracieBarra
Floripa International Open Jiu-Jitsu No-Gi 2016,Adult/Male/Brown/Heavy,2,JoãoLuizMatosRodrigues,EquipeGTT/IST
Floripa International Open Jiu-Jitsu No-Gi 2016,Adult/Male/Brown/Heavy,3,GastonCandidodeOliveira,AcademiaMarangoni
Floripa International Open Jiu-Jitsu No-Gi 2016,Adult/Male/Brown/Heavy,3,JacksonPaimdaSilva,ScorpyonJiu,Jitsu
Floripa International Open Jiu-Jitsu No-Gi 2016,Adult/Male/Brown/Super-Heavy,1,ElismaiqueSantosAzevedo,GuigoJJ
Floripa International Open Jiu-Jitsu No-Gi 2016,Adult/Male/Brown/Super-Heavy,2,LuizFernandoNascimentoDasNeves,CheckMat
Floripa International Open Jiu-Jitsu No-Gi 2016,Adult/Male/Brown/Super-Heavy,3,CauêOliveiraRodrigues,GracieBarra
Floripa International Open Jiu-Jitsu No-Gi 2016,Adult/Male/Brown/Ultra-Heavy,1,CristianWeber,EquipeA
Floripa International Open Jiu-Jitsu No-Gi 2016,Adult/Male/Brown/OpenClass,1,RafaelLopesPaganini,Alliance
Floripa International Open Jiu-Jitsu No-Gi 2016,Adult/Male/Brown/OpenClass,2,ElismaiqueSantosAzevedo,GuigoJJ
Floripa International Open Jiu-Jitsu No-Gi 2016,Adult/Male/Brown/OpenClass,3,CauêOliveiraRodrigues,GracieBarra
Floripa International Open Jiu-Jitsu No-Gi 2016,Adult/Male/Brown/OpenClass,3,WalterAntonioAlexandredosSantos,GracieBarra
Floripa International Open Jiu-Jitsu No-Gi 2016,Adult/Male/Black/Feather,1,JacksonFaveroMonguilhott,A.STeam
Floripa International Open Jiu-Jitsu No-Gi 2016,Adult/Male/Black/Light,1,FabioMuratCaloi,Alliance
Floripa International Open Jiu-Jitsu No-Gi 2016,Adult/Male/Black/Light,2,IsaqueAlbertodeOliveiraPaiva,SaikooJiu,Jitsu
Floripa International Open Jiu-Jitsu No-Gi 2016,Adult/Male/Black/Light,3,AyresModestoDiasNeto,CariocaTeam
Floripa International Open Jiu-Jitsu No-Gi 2016,Adult/Male/Black/Middle,1,PedroThiagoMartinsMelo,Alliance
Floripa International Open Jiu-Jitsu No-Gi 2016,Adult/Male/Black/Middle,2,LucianodeMacedoBernert,A.STeam
Floripa International Open Jiu-Jitsu No-Gi 2016,Adult/Male/Black/Middle,3,JhonnyGuimarãesLuiz,A.STeam
Floripa International Open Jiu-Jitsu No-Gi 2016,Adult/Male/Black/Middle,3,RicardoMuratCaloi,AllianceJJ
Floripa International Open Jiu-Jitsu No-Gi 2016,Adult/Male/Black/Medium-Heavy,1,RafaelAugustodaSilva,NsBrotherhood
Floripa International Open Jiu-Jitsu No-Gi 2016,Adult/Male/Black/Medium-Heavy,2,CaioBrunoPiresGomesDeSousa,HalavancaBJJBrasil
Floripa International Open Jiu-Jitsu No-Gi 2016,Adult/Male/Black/Medium-Heavy,3,GeorgeAntoniodaSilva,EquipeRaulQuintelladeJJ
Floripa International Open Jiu-Jitsu No-Gi 2016,Adult/Male/Black/Medium-Heavy,3,WesleyCorrea,SaikooJiu,Jitsu
Floripa International Open Jiu-Jitsu No-Gi 2016,Adult/Male/Black/Heavy,1,DimitriusSoaresSouza,Alliance
Floripa International Open Jiu-Jitsu No-Gi 2016,Adult/Male/Black/Heavy,2,AndreFelipeBrasilCassio,RilionGracie
Floripa International Open Jiu-Jitsu No-Gi 2016,Adult/Male/Black/Heavy,3,AlexandrePereiradePaulo,GracieBarra
Floripa International Open Jiu-Jitsu No-Gi 2016,Adult/Male/Black/Heavy,3,DiogoSilveiradoNascimento,Alliance
Floripa International Open Jiu-Jitsu No-Gi 2016,Adult/Male/Black/Super-Heavy,1,RomesPereiraRamosJunior,RioGrapplingClub
Floripa International Open Jiu-Jitsu No-Gi 2016,Adult/Male/Black/Super-Heavy,2,GustavoSantiago,RilionGracie
Floripa International Open Jiu-Jitsu No-Gi 2016,Adult/Male/Black/Ultra-Heavy,1,ErberthSantosdeMesquita,Eq.ClaudionorCardoso
Floripa International Open Jiu-Jitsu No-Gi 2016,Adult/Male/Black/Ultra-Heavy,2,WilliamClasen,A.STeam
Floripa International Open Jiu-Jitsu No-Gi 2016,Adult/Male/Black/OpenClass,1,ErberthSantosdeMesquita,Eq.ClaudionorCardoso
Floripa International Open Jiu-Jitsu No-Gi 2016,Adult/Male/Black/OpenClass,2,DimitriusSoaresSouza,Alliance
Floripa International Open Jiu-Jitsu No-Gi 2016,Adult/Male/Black/OpenClass,3,FabioMuratCaloi,Alliance
Floripa International Open Jiu-Jitsu No-Gi 2016,Adult/Male/Black/OpenClass,3,WilliamClasen,A.STeam
Floripa International Open Jiu-Jitsu No-Gi 2016,Adult/Female/Black/Light,1,EloisaAlexandreSouto,NovaUnião
Floripa International Open Jiu-Jitsu No-Gi 2016,Adult/Female/Black/OpenClass,1,EloisaAlexandreSouto,NovaUnião
Floripa International Open Jiu-Jitsu No-Gi 2016,Master1/Male/Blue/Feather,1,CarlosHenriquedoNascimento,RilionGracie
Floripa International Open Jiu-Jitsu No-Gi 2016,Master1/Male/Blue/Feather,2,CarlosDavidAmorimNunes,GracieBarra
Floripa International Open Jiu-Jitsu No-Gi 2016,Master1/Male/Blue/Feather,3,MayconPortesSoares,DeLaRivaJJ
Floripa International Open Jiu-Jitsu No-Gi 2016,Master1/Male/Blue/Feather,3,ThiagoRobertoPereira,AresBJJ/SoulFighters
Floripa International Open Jiu-Jitsu No-Gi 2016,Master1/Male/Blue/Light,1,EvertondaCruzRufino,LEADBJJ
Floripa International Open Jiu-Jitsu No-Gi 2016,Master1/Male/Blue/Light,2,EdertonSantin,Alliance
Floripa International Open Jiu-Jitsu No-Gi 2016,Master1/Male/Blue/Middle,1,AndersonNascimento,RocianGracieJuniordeJiu,Jitsu
Floripa International Open Jiu-Jitsu No-Gi 2016,Master1/Male/Blue/Middle,2,EliasRicardoPereira,NovaUnião
Floripa International Open Jiu-Jitsu No-Gi 2016,Master1/Male/Blue/Middle,3,RafaelSchmidt,RilionGracie
Floripa International Open Jiu-Jitsu No-Gi 2016,Master1/Male/Blue/Medium-Heavy,1,RafaelRobertoRaffs,A.STeam
Floripa International Open Jiu-Jitsu No-Gi 2016,Master1/Male/Blue/Medium-Heavy,2,UilianSchultzPires,Alliance
Floripa International Open Jiu-Jitsu No-Gi 2016,Master1/Male/Blue/Medium-Heavy,3,DiegoOlmiroZeigler,Alliance
Floripa International Open Jiu-Jitsu No-Gi 2016,Master1/Male/Blue/Medium-Heavy,3,EduardoJorgeDeLima,GracieBarra
Floripa International Open Jiu-Jitsu No-Gi 2016,Master1/Male/Blue/Super-Heavy,1,DaltonSoaresDoAmaral,EquipeA
Floripa International Open Jiu-Jitsu No-Gi 2016,Master1/Male/Blue/Ultra-Heavy,1,RodrigoRodriguesCalheiros,CheckMat
Floripa International Open Jiu-Jitsu No-Gi 2016,Master1/Male/Blue/Ultra-Heavy,2,HenriquePimentelCardozo,NovaUnião
Floripa International Open Jiu-Jitsu No-Gi 2016,Master1/Male/Blue/OpenClass,1,EvertondaCruzRufino,LEADBJJ
Floripa International Open Jiu-Jitsu No-Gi 2016,Master1/Male/Blue/OpenClass,2,RodrigoRodriguesCalheiros,CheckMat
Floripa International Open Jiu-Jitsu No-Gi 2016,Master1/Male/Blue/OpenClass,3,CarlosHenriquedoNascimento,RilionGracie
Floripa International Open Jiu-Jitsu No-Gi 2016,Master1/Male/Blue/OpenClass,3,ThiagoRobertoPereira,AresBJJ/SoulFighters
Floripa International Open Jiu-Jitsu No-Gi 2016,Master1/Male/Purple/Feather,1,RicardoPereiradeAlmeida,N1CiadeArtesMarciais
Floripa International Open Jiu-Jitsu No-Gi 2016,Master1/Male/Purple/Light,1,AndréFerreiradeOliveira,GracieBarra
Floripa International Open Jiu-Jitsu No-Gi 2016,Master1/Male/Purple/Light,2,VictordeAlbuquerqueShinzato,GracieBarra
Floripa International Open Jiu-Jitsu No-Gi 2016,Master1/Male/Purple/Middle,1,RamonRicarddosSantosRiediger,AtaqueDuplo
Floripa International Open Jiu-Jitsu No-Gi 2016,Master1/Male/Purple/Middle,2,GustavoPachecoAguiar,DeLaRivaSC
Floripa International Open Jiu-Jitsu No-Gi 2016,Master1/Male/Purple/Medium-Heavy,1,MatheusSantiagoBardenSantos,AtosJiu,Jitsu
Floripa International Open Jiu-Jitsu No-Gi 2016,Master1/Male/Purple/Medium-Heavy,2,ClaudioRodrigoPuebla,GFTeam
Floripa International Open Jiu-Jitsu No-Gi 2016,Master1/Male/Purple/Medium-Heavy,3,FernandoMarquesPereira,A.STeam
Floripa International Open Jiu-Jitsu No-Gi 2016,Master1/Male/Purple/Medium-Heavy,3,SidineiFerreiraGuimarãesFilho,EquipeA
Floripa International Open Jiu-Jitsu No-Gi 2016,Master1/Male/Purple/Heavy,1,DionathanPereiradosSantos,GracieBarra
Floripa International Open Jiu-Jitsu No-Gi 2016,Master1/Male/Purple/Heavy,2,RodrigodosSantos,GracieBarra
Floripa International Open Jiu-Jitsu No-Gi 2016,Master1/Male/Purple/Heavy,3,MarcoAurélioFerreira,LEADBJJ
Floripa International Open Jiu-Jitsu No-Gi 2016,Master1/Male/Purple/Super-Heavy,1,TiagoLuisSchwarzVedana,GracieBarra
Floripa International Open Jiu-Jitsu No-Gi 2016,Master1/Male/Purple/Super-Heavy,2,JacsonBotelho,AtaqueDuplo
Floripa International Open Jiu-Jitsu No-Gi 2016,Master1/Male/Purple/Super-Heavy,3,DiegoAbreuMachado,A.STeam
Floripa International Open Jiu-Jitsu No-Gi 2016,Master1/Male/Purple/Ultra-Heavy,1,DenisBarlezeBarrios,AtaqueDuplo
Floripa International Open Jiu-Jitsu No-Gi 2016,Master1/Male/Purple/OpenClass,1,MarcoAurélioFerreira,LEADBJJ
Floripa International Open Jiu-Jitsu No-Gi 2016,Master1/Male/Purple/OpenClass,2,DenisBarlezeBarrios,AtaqueDuplo
Floripa International Open Jiu-Jitsu No-Gi 2016,Master1/Male/Purple/OpenClass,3,DiegoAbreuMachado,A.STeam
Floripa International Open Jiu-Jitsu No-Gi 2016,Master1/Male/Purple/OpenClass,3,SidineiFerreiraGuimarãesFilho,EquipeA
Floripa International Open Jiu-Jitsu No-Gi 2016,Master1/Male/Brown/Feather,1,AlexdosSantosSouza,SheknahTeam
Floripa International Open Jiu-Jitsu No-Gi 2016,Master1/Male/Brown/Feather,2,RodrigoJoseRosa,EquipeRaulQuintelladeJJ
Floripa International Open Jiu-Jitsu No-Gi 2016,Master1/Male/Brown/Light,1,AlexandrodosSantos,GracieBarra
Floripa International Open Jiu-Jitsu No-Gi 2016,Master1/Male/Brown/Light,2,ThiagoMarquesTeixeiraSilva,StrikerJJ
Floripa International Open Jiu-Jitsu No-Gi 2016,Master1/Male/Brown/Light,3,EliasDePaulaBandeiraSilva,ÁguiaDourada
Floripa International Open Jiu-Jitsu No-Gi 2016,Master1/Male/Brown/Light,3,PauloReisJunior,AtaqueDuplo
Floripa International Open Jiu-Jitsu No-Gi 2016,Master1/Male/Brown/Medium-Heavy,1,AndersonMonteiroPenin,EquipeTottiJiu,Jitsu
Floripa International Open Jiu-Jitsu No-Gi 2016,Master1/Male/Brown/Medium-Heavy,2,WanduirLima,FiveRounds
Floripa International Open Jiu-Jitsu No-Gi 2016,Master1/Male/Brown/Medium-Heavy,3,EmmanuelBrolloJunior,NovaUnião
Floripa International Open Jiu-Jitsu No-Gi 2016,Master1/Male/Brown/Medium-Heavy,3,FernandoCasimirodeSouza,NovaUnião
Floripa International Open Jiu-Jitsu No-Gi 2016,Master1/Male/Brown/Heavy,1,JoãoCarlosMarcolla,A.STeam
Floripa International Open Jiu-Jitsu No-Gi 2016,Master1/Male/Brown/Heavy,2,CiceroCarvalhoJunior,GracieBarra
Floripa International Open Jiu-Jitsu No-Gi 2016,Master1/Male/Brown/Super-Heavy,1,JarbasPinhoSantana,FamíliaAbi,RihanJiu,Jitsu
Floripa International Open Jiu-Jitsu No-Gi 2016,Master1/Male/Brown/Super-Heavy,2,MarcelBrunoDuarteQuintanilha,A.STeam
Floripa International Open Jiu-Jitsu No-Gi 2016,Master1/Male/Brown/Ultra-Heavy,1,OzeiasdeSousaVicente,EquipeBravoJJ
Floripa International Open Jiu-Jitsu No-Gi 2016,Master1/Male/Brown/OpenClass,1,AlexandrodosSantos,GracieBarra
Floripa International Open Jiu-Jitsu No-Gi 2016,Master1/Male/Brown/OpenClass,2,EliasDePaulaBandeiraSilva,ÁguiaDourada
Floripa International Open Jiu-Jitsu No-Gi 2016,Master1/Male/Brown/OpenClass,3,EmmanuelBrolloJunior,NovaUnião
Floripa International Open Jiu-Jitsu No-Gi 2016,Master1/Male/Brown/OpenClass,3,MarcelBrunoDuarteQuintanilha,A.STeam
Floripa International Open Jiu-Jitsu No-Gi 2016,Master1/Male/Black/Feather,1,WilliamMendesCampos,GFTeam
Floripa International Open Jiu-Jitsu No-Gi 2016,Master1/Male/Black/Feather,2,AndreLuizGomesBatista,EquipeGTT/IST
Floripa International Open Jiu-Jitsu No-Gi 2016,Master1/Male/Black/Feather,3,EduardodaSilvaVieira,GFTeam
Floripa International Open Jiu-Jitsu No-Gi 2016,Master1/Male/Black/Light,1,RafaelLima,NovaUnião
Floripa International Open Jiu-Jitsu No-Gi 2016,Master1/Male/Black/Light,2,EverthonCavalcantiRosasdeSouza,A.STeam
Floripa International Open Jiu-Jitsu No-Gi 2016,Master1/Male/Black/Light,3,WagnerNunesdeSousa,Alliance
Floripa International Open Jiu-Jitsu No-Gi 2016,Master1/Male/Black/Middle,1,JosimarCardoso,A.STeam
Floripa International Open Jiu-Jitsu No-Gi 2016,Master1/Male/Black/Middle,2,MarceloAlves,A.STeam
Floripa International Open Jiu-Jitsu No-Gi 2016,Master1/Male/Black/Middle,3,AndréCristofoli,ACBJJ
Floripa International Open Jiu-Jitsu No-Gi 2016,Master1/Male/Black/Middle,3,CristianoSilva,VicenteJr.Team
Floripa International Open Jiu-Jitsu No-Gi 2016,Master1/Male/Black/Heavy,1,LuizVicenteSoaresdaSilva,A.STeam
Floripa International Open Jiu-Jitsu No-Gi 2016,Master1/Male/Black/Heavy,2,MarcosMacieldeOliveira,BrazilianTopTeam
Floripa International Open Jiu-Jitsu No-Gi 2016,Master1/Male/Black/Super-Heavy,1,LucianoPintodaSilva,JAJiu,Jitsu
Floripa International Open Jiu-Jitsu No-Gi 2016,Master1/Male/Black/Super-Heavy,2,GiovanneGuedesDellamea,Alliance
Floripa International Open Jiu-Jitsu No-Gi 2016,Master1/Male/Black/Super-Heavy,3,GuilhermeCaetanoBrigagão,RibeiroJiu,Jitsu
Floripa International Open Jiu-Jitsu No-Gi 2016,Master1/Male/Black/Super-Heavy,3,ReginaldoRocha,A.STeam
Floripa International Open Jiu-Jitsu No-Gi 2016,Master1/Male/Black/Ultra-Heavy,1,LeandroJorgePereiraVilar,GFTeam
Floripa International Open Jiu-Jitsu No-Gi 2016,Master1/Male/Black/Ultra-Heavy,2,LeonardoSantosFerreira,NovaUnião
Floripa International Open Jiu-Jitsu No-Gi 2016,Master1/Male/Black/Ultra-Heavy,3,RicardoRubiodeCarvalho,CheckMat
Floripa International Open Jiu-Jitsu No-Gi 2016,Master1/Male/Black/OpenClass,1,JosimarCardoso,A.STeam
Floripa International Open Jiu-Jitsu No-Gi 2016,Master1/Male/Black/OpenClass,2,ReginaldoRocha,A.STeam
Floripa International Open Jiu-Jitsu No-Gi 2016,Master1/Male/Black/OpenClass,3,LeonardoSantosFerreira,NovaUnião
Floripa International Open Jiu-Jitsu No-Gi 2016,Master1/Male/Black/OpenClass,3,RicardoRubiodeCarvalho,CheckMat
Floripa International Open Jiu-Jitsu No-Gi 2016,Master2/Male/Blue/Light,1,AlexisVenturino,GFTeam
Floripa International Open Jiu-Jitsu No-Gi 2016,Master2/Male/Blue/Light,2,DiogoHenriqueRibeiroO.deBettencourt,Eq.ClaudionorCardoso
Floripa International Open Jiu-Jitsu No-Gi 2016,Master2/Male/Blue/Middle,1,AlexandreAmparoCarottaSilva,RyanGracieTeam
Floripa International Open Jiu-Jitsu No-Gi 2016,Master2/Male/Blue/Middle,2,RenatoSeverinoWerlang,ScorpyonJiu,Jitsu
Floripa International Open Jiu-Jitsu No-Gi 2016,Master2/Male/Blue/Medium-Heavy,1,MarcosRogérioBeni,NovaUnião
Floripa International Open Jiu-Jitsu No-Gi 2016,Master2/Male/Blue/Medium-Heavy,2,VanerMenegussi,N1CiadeArtesMarciais
Floripa International Open Jiu-Jitsu No-Gi 2016,Master2/Male/Blue/Heavy,1,WagnerRogeriodaSilvaSchirmer,GracieBarra
Floripa International Open Jiu-Jitsu No-Gi 2016,Master2/Male/Blue/Super-Heavy,1,WiltonJunioTeixeira,RibeiroJiu,Jitsu
Floripa International Open Jiu-Jitsu No-Gi 2016,Master2/Male/Blue/Super-Heavy,2,RodrigoWillemann,RilionGracie
Floripa International Open Jiu-Jitsu No-Gi 2016,Master2/Male/Blue/Ultra-Heavy,1,ReinaldoJosedosSantos,LEADBJJ
Floripa International Open Jiu-Jitsu No-Gi 2016,Master2/Male/Blue/Ultra-Heavy,2,SandrodaSilvadeOliveira,Alliance
Floripa International Open Jiu-Jitsu No-Gi 2016,Master2/Male/Blue/OpenClass,1,RenatoSeverinoWerlang,ScorpyonJiu,Jitsu
Floripa International Open Jiu-Jitsu No-Gi 2016,Master2/Male/Blue/OpenClass,2,AlexisVenturino,GFTeam
Floripa International Open Jiu-Jitsu No-Gi 2016,Master2/Male/Blue/OpenClass,3,ReinaldoJosedosSantos,LEADBJJ
Floripa International Open Jiu-Jitsu No-Gi 2016,Master2/Male/Blue/OpenClass,3,WiltonJunioTeixeira,RibeiroJiu,Jitsu
Floripa International Open Jiu-Jitsu No-Gi 2016,Master2/Male/Purple/Feather,1,ThiagoAdolphoBoquett,BrigadeiroBJJ,Cascavel
Floripa International Open Jiu-Jitsu No-Gi 2016,Master2/Male/Purple/Feather,2,FábioDeOliveiraVaz,CheckMat
Floripa International Open Jiu-Jitsu No-Gi 2016,Master2/Male/Purple/Middle,1,HanduiloRichardsonFerreira,GracieHumaita
Floripa International Open Jiu-Jitsu No-Gi 2016,Master2/Male/Purple/Middle,2,AndréRenatoSodréAbel,RibeiroJiu,Jitsu
Floripa International Open Jiu-Jitsu No-Gi 2016,Master2/Male/Purple/Medium-Heavy,1,AdilAliDahouk,G13BJJ
Floripa International Open Jiu-Jitsu No-Gi 2016,Master2/Male/Purple/Heavy,1,RogérioBernardesDeSouza,GracieBarra
Floripa International Open Jiu-Jitsu No-Gi 2016,Master2/Male/Purple/Ultra-Heavy,1,MarceloRodriguesSantos,RibeiroJiu,Jitsu
Floripa International Open Jiu-Jitsu No-Gi 2016,Master2/Male/Purple/OpenClass,1,AdilAliDahouk,G13BJJ
Floripa International Open Jiu-Jitsu No-Gi 2016,Master2/Male/Purple/OpenClass,2,HanduiloRichardsonFerreira,GracieHumaita
Floripa International Open Jiu-Jitsu No-Gi 2016,Master2/Male/Purple/OpenClass,3,FábioDeOliveiraVaz,CheckMat
Floripa International Open Jiu-Jitsu No-Gi 2016,Master2/Male/Purple/OpenClass,3,RogérioBernardesDeSouza,GracieBarra
Floripa International Open Jiu-Jitsu No-Gi 2016,Master2/Male/Brown/Middle,1,PlábitoSilvaDutra,N1CiadeArtesMarciais
Floripa International Open Jiu-Jitsu No-Gi 2016,Master2/Male/Brown/Medium-Heavy,1,MinorodeOliveiraCarvalho,NovaUnião
Floripa International Open Jiu-Jitsu No-Gi 2016,Master2/Male/Brown/Heavy,1,MarioMuricySilva,UshirobiraJJ
Floripa International Open Jiu-Jitsu No-Gi 2016,Master2/Male/Brown/Heavy,2,DiegoEstebanTorres,GFTeam
Floripa International Open Jiu-Jitsu No-Gi 2016,Master2/Male/Brown/Heavy,3,EmersonElvisdaSilva,G13BJJ
Floripa International Open Jiu-Jitsu No-Gi 2016,Master2/Male/Brown/Ultra-Heavy,1,VanderCarliniFrancisco,GracieBarra
Floripa International Open Jiu-Jitsu No-Gi 2016,Master2/Male/Brown/OpenClass,1,MinorodeOliveiraCarvalho,NovaUnião
Floripa International Open Jiu-Jitsu No-Gi 2016,Master2/Male/Brown/OpenClass,2,EmersonElvisdaSilva,G13BJJ
Floripa International Open Jiu-Jitsu No-Gi 2016,Master2/Male/Black/Feather,1,MarcioLivioAndradeAbraçado,BrazilianTopTeam
Floripa International Open Jiu-Jitsu No-Gi 2016,Master2/Male/Black/Feather,2,AndréBrumanoCastro,RibeiroJiu,Jitsu
Floripa International Open Jiu-Jitsu No-Gi 2016,Master2/Male/Black/Feather,3,SamuelSauldoNascimento,GracieBarra
Floripa International Open Jiu-Jitsu No-Gi 2016,Master2/Male/Black/Light,1,EduardoAfonsodaSilvaMartins,PSLPBCiceroCostha
Floripa International Open Jiu-Jitsu No-Gi 2016,Master2/Male/Black/Middle,1,CleberMaguerroski,Alliance
Floripa International Open Jiu-Jitsu No-Gi 2016,Master2/Male/Black/Middle,2,RodrigoStersi,NovaUnião
Floripa International Open Jiu-Jitsu No-Gi 2016,Master2/Male/Black/Middle,3,JuanFernandoPinto,GFTeam
Floripa International Open Jiu-Jitsu No-Gi 2016,Master2/Male/Black/Medium-Heavy,1,MiogreTavaresCoronheiro,GracieBarra
Floripa International Open Jiu-Jitsu No-Gi 2016,Master2/Male/Black/Medium-Heavy,2,FranciscoRondineliFrizon,GracieBarra
Floripa International Open Jiu-Jitsu No-Gi 2016,Master2/Male/Black/Medium-Heavy,3,AlexLuizdosAnjosSantos,MichelMaiaJiu,Jitsu
Floripa International Open Jiu-Jitsu No-Gi 2016,Master2/Male/Black/Medium-Heavy,3,JulioCesarMigliorini,GileRibeiroJJ
Floripa International Open Jiu-Jitsu No-Gi 2016,Master2/Male/Black/Heavy,1,CarlosHenriqueGaribaldiPinto,RibeiroJiu,Jitsu
Floripa International Open Jiu-Jitsu No-Gi 2016,Master2/Male/Black/Heavy,2,PercioGonçalves,G13BJJ
Floripa International Open Jiu-Jitsu No-Gi 2016,Master2/Male/Black/Heavy,3,LuisFelipeRezendeGonzaga,GracieHumaita
Floripa International Open Jiu-Jitsu No-Gi 2016,Master2/Male/Black/Heavy,3,VandeirGonçalvesdaSilva,NovaUnião
Floripa International Open Jiu-Jitsu No-Gi 2016,Master2/Male/Black/Super-Heavy,1,MoisesdaSilvaFloresJúnior,AcademiaTatuapuTeam
Floripa International Open Jiu-Jitsu No-Gi 2016,Master2/Male/Black/Super-Heavy,2,GiovanniReisCoutinhoPaniccia,GiovanniReisTeam
Floripa International Open Jiu-Jitsu No-Gi 2016,Master2/Male/Black/Super-Heavy,3,HelioBarthemNeto,CheckMat
Floripa International Open Jiu-Jitsu No-Gi 2016,Master2/Male/Black/Super-Heavy,3,LeonardoAugustoMartinsLoureiro,GFTeam
Floripa International Open Jiu-Jitsu No-Gi 2016,Master2/Male/Black/Ultra-Heavy,1,UelberMarquesSoares,G13BJJ
Floripa International Open Jiu-Jitsu No-Gi 2016,Master2/Male/Black/Ultra-Heavy,2,LuizHenriqueV.Saldanha,GracieBarra
Floripa International Open Jiu-Jitsu No-Gi 2016,Master2/Male/Black/Ultra-Heavy,3,DavidsondaSilvaMagalhães,RyanGracieTeam
Floripa International Open Jiu-Jitsu No-Gi 2016,Master2/Male/Black/Ultra-Heavy,3,HamiltonR.Tank,ToziJiuJitsu
Floripa International Open Jiu-Jitsu No-Gi 2016,Master2/Male/Black/OpenClass,1,MiogreTavaresCoronheiro,GracieBarra
Floripa International Open Jiu-Jitsu No-Gi 2016,Master2/Male/Black/OpenClass,2,CarlosHenriqueGaribaldiPinto,RibeiroJiu,Jitsu
Floripa International Open Jiu-Jitsu No-Gi 2016,Master2/Male/Black/OpenClass,3,EduardoAfonsodaSilvaMartins,PSLPBCiceroCostha
Floripa International Open Jiu-Jitsu No-Gi 2016,Master2/Male/Black/OpenClass,3,JulioCesarMigliorini,GileRibeiroJJ
