Houston International Open Jiu-Jitsu 2018,Juvenile/Male/White/Medium-Heavy,1,WilliamThomasMatheson,TravisLutterBrazilianJiu,Jitsu
Houston International Open Jiu-Jitsu 2018,Juvenile/Male/White/Medium-Heavy,2,CharlesLubin,GracieBarra
Houston International Open Jiu-Jitsu 2018,Juvenile/Male/White/Medium-Heavy,3,JaredAustinGarcia,GracieBarra
Houston International Open Jiu-Jitsu 2018,Juvenile/Male/White/Heavy,2,EthanSpringfield,TravisLutterBrazilianJiu,Jitsu
Houston International Open Jiu-Jitsu 2018,Juvenile/Female/White/Medium-Heavy,1,KalynnGabrielaCalderon,PabloSilvaBJJ,ZRTeam
Houston International Open Jiu-Jitsu 2018,Juvenile/Female/White/Medium-Heavy,2,AlaineRenfro,TeamLDMA
Houston International Open Jiu-Jitsu 2018,Juvenile/Male/Blue/Rooster,1,IsmaelS.Ramirez,SolisMartialArtsClub
Houston International Open Jiu-Jitsu 2018,Juvenile/Male/Blue/Rooster,2,JosephAlanGray,PabloSilvaBJJ,ZRTeam
Houston International Open Jiu-Jitsu 2018,Juvenile/Male/Blue/Light,1,ZacharyKaima'aliliKaina,Kokubun,AtosJiu,Jitsu
Houston International Open Jiu-Jitsu 2018,Juvenile/Male/Blue/Light,2,NathanDiClaudio,GracieBarra
Houston International Open Jiu-Jitsu 2018,Juvenile/Male/Blue/Light,3,AdamLanceCarmoucheJr,AllianceCharlotte
Houston International Open Jiu-Jitsu 2018,Juvenile/Male/Blue/Light,3,ReneJonathanGallegos,CaioTerraAssociation
Houston International Open Jiu-Jitsu 2018,Juvenile/Male/Blue/Middle,1,JacobAhmadKassama,AtosJiu,Jitsu
Houston International Open Jiu-Jitsu 2018,Juvenile/Male/Blue/Middle,2,DavidBargraser,GFTeam
Houston International Open Jiu-Jitsu 2018,Juvenile/Male/Blue/Middle,3,DavinPatrickSnell,AllianceCharlotte
Houston International Open Jiu-Jitsu 2018,Juvenile/Male/Blue/Medium-Heavy,1,WilliamTackett,CheckMat
Houston International Open Jiu-Jitsu 2018,Juvenile/Male/Blue/Heavy,1,ManuelElizondo,EdRamosJiu,JitsuUSA
Houston International Open Jiu-Jitsu 2018,Juvenile/Male/Blue/Heavy,2,AidanVaughanWilliams,AllianceCharlotte
Houston International Open Jiu-Jitsu 2018,Juvenile/Male/Blue/Super-Heavy,1,EmilioFrancoSandoval,AtosJiu,Jitsu
Houston International Open Jiu-Jitsu 2018,Juvenile/Male/Blue/OpenClassLight,1,ZacharyKaima'aliliKaina,Kokubun,AtosJiu,Jitsu
Houston International Open Jiu-Jitsu 2018,Juvenile/Male/Blue/OpenClassLight,2,ReneJonathanGallegos,CaioTerraAssociation
Houston International Open Jiu-Jitsu 2018,Juvenile/Male/Blue/OpenClassLight,3,IsmaelS.Ramirez,SolisMartialArtsClub
Houston International Open Jiu-Jitsu 2018,Juvenile/Male/Blue/OpenClassHeavy,1,ManuelElizondo,EdRamosJiu,JitsuUSA
Houston International Open Jiu-Jitsu 2018,Juvenile/Male/Blue/OpenClassHeavy,2,JacobAhmadKassama,AtosJiu,Jitsu
Houston International Open Jiu-Jitsu 2018,Juvenile/Male/Blue/OpenClassHeavy,3,AidanVaughanWilliams,AllianceCharlotte
Houston International Open Jiu-Jitsu 2018,Juvenile/Male/Blue/OpenClassHeavy,3,EmilioFrancoSandoval,AtosJiu,Jitsu
Houston International Open Jiu-Jitsu 2018,Juvenile/Female/Blue/Middle,1,EmilyElizabethFernandez,LEADBJJ
Houston International Open Jiu-Jitsu 2018,Juvenile/Female/Blue/Middle,2,IsabellaGeneBarragan,AllianceCharlotte
Houston International Open Jiu-Jitsu 2018,Adult/Male/White/Rooster,1,JoshuaAlejandroMarine,GFTeam
Houston International Open Jiu-Jitsu 2018,Adult/Male/White/Rooster,2,WilliamMassey,PabloSilvaBJJ,ZRTeam
Houston International Open Jiu-Jitsu 2018,Adult/Male/White/Rooster,3,MatthewGeronimoFlores,EdRamosJiu,JitsuUSA
Houston International Open Jiu-Jitsu 2018,Adult/Male/White/Light-Feather,1,NoahAbbott,GFTeam
Houston International Open Jiu-Jitsu 2018,Adult/Male/White/Light-Feather,2,RussellDesallesMcCarthy,GracieBarra
Houston International Open Jiu-Jitsu 2018,Adult/Male/White/Light-Feather,3,DevinCorrelleCarter,GracieBarra
Houston International Open Jiu-Jitsu 2018,Adult/Male/White/Light-Feather,3,MaxWrobel,TravisLutterBrazilianJiu,Jitsu
Houston International Open Jiu-Jitsu 2018,Adult/Male/White/Feather,1,JoeRebelJohns,GracieBarra
Houston International Open Jiu-Jitsu 2018,Adult/Male/White/Feather,2,JeffSilvaCornelius,GracieBarra
Houston International Open Jiu-Jitsu 2018,Adult/Male/White/Feather,3,ArthurGarcia,BJJRevolutionTeam
Houston International Open Jiu-Jitsu 2018,Adult/Male/White/Feather,3,BrandonLyne,RilionGracieJiu,JitsuAcademy
Houston International Open Jiu-Jitsu 2018,Adult/Male/White/Light,1,DylanCollins,IronsideMMA
Houston International Open Jiu-Jitsu 2018,Adult/Male/White/Light,2,LewisPaulMcLendon,GracieBarraBJJ
Houston International Open Jiu-Jitsu 2018,Adult/Male/White/Light,3,ChristopherDanielMoore,TexasPunishmentCrew
Houston International Open Jiu-Jitsu 2018,Adult/Male/White/Light,3,JaySpiegel,GracieBarra
Houston International Open Jiu-Jitsu 2018,Adult/Male/White/Middle,1,TialCThang,TeamLloydIrvin
Houston International Open Jiu-Jitsu 2018,Adult/Male/White/Middle,2,JoshuaAaronPalmisano,TeamLloydIrvin
Houston International Open Jiu-Jitsu 2018,Adult/Male/White/Middle,3,AustinGontier,IntegracaoJiu,JitsuUSA
Houston International Open Jiu-Jitsu 2018,Adult/Male/White/Middle,3,WilliamAlexanderRivera,GracieBarra
Houston International Open Jiu-Jitsu 2018,Adult/Male/White/Medium-Heavy,1,ArturoLisandroGuerrero,GFTeam
Houston International Open Jiu-Jitsu 2018,Adult/Male/White/Medium-Heavy,2,DomThocher,NLJJKaty
Houston International Open Jiu-Jitsu 2018,Adult/Male/White/Medium-Heavy,3,RashaadTariq,GracieBarra
Houston International Open Jiu-Jitsu 2018,Adult/Male/White/Medium-Heavy,3,SamuelDuncanGenung,RenatoTavaresAssociation
Houston International Open Jiu-Jitsu 2018,Adult/Male/White/Heavy,1,NathanaelPaulino,GracieBarra
Houston International Open Jiu-Jitsu 2018,Adult/Male/White/Heavy,2,AbbasBagheri,GracieBarra
Houston International Open Jiu-Jitsu 2018,Adult/Male/White/Heavy,3,StefanMichaelTheard,PabloSilvaBJJ,ZRTeam
Houston International Open Jiu-Jitsu 2018,Adult/Male/White/Super-Heavy,1,TheronThurston,TravisLutterBrazilianJiu,Jitsu
Houston International Open Jiu-Jitsu 2018,Adult/Male/White/Super-Heavy,2,BastianIgnacioAlvear,TravisLutterBrazilianJiu,Jitsu
Houston International Open Jiu-Jitsu 2018,Adult/Male/White/Super-Heavy,3,DanielJamesKemp,RenatoTavaresAssociation
Houston International Open Jiu-Jitsu 2018,Adult/Male/White/Super-Heavy,3,JamesMadisonGrover,GracieBarra
Houston International Open Jiu-Jitsu 2018,Adult/Male/White/Ultra-Heavy,1,GordonChandlerWarren,AMBJJ,AlexMartinsBrazilianJiu,Jitsu
Houston International Open Jiu-Jitsu 2018,Adult/Male/White/Ultra-Heavy,2,JoshAlanTrevino,GracieBarra
Houston International Open Jiu-Jitsu 2018,Adult/Male/White/Ultra-Heavy,3,JeremiahLeeTovar,PresaBrazilianJiu,Jitsu
Houston International Open Jiu-Jitsu 2018,Adult/Male/White/Ultra-Heavy,3,TylerDrewPeet,EliteMixedMartialArts
Houston International Open Jiu-Jitsu 2018,Adult/Female/White/Light-Feather,1,NaomiD'Amours,Brazil021International
Houston International Open Jiu-Jitsu 2018,Adult/Female/White/Light-Feather,2,LoanvyNguyen,GFTeam
Houston International Open Jiu-Jitsu 2018,Adult/Female/White/Light-Feather,3,AllisonBeckham,PabloSilvaBJJ,ZRTeam
Houston International Open Jiu-Jitsu 2018,Adult/Female/White/Light-Feather,3,KristinMaiTran,IntegracaoJiu,JitsuUSA
Houston International Open Jiu-Jitsu 2018,Adult/Female/White/Feather,1,LisaRipley,GracieBarra
Houston International Open Jiu-Jitsu 2018,Adult/Female/White/Feather,2,InezEscandon,PabloSilvaBJJ,ZRTeam
Houston International Open Jiu-Jitsu 2018,Adult/Female/White/Feather,3,MichelleXieMonaco,Brazil021International
Houston International Open Jiu-Jitsu 2018,Adult/Female/White/Feather,3,MollyChhiv,GracieBarra
Houston International Open Jiu-Jitsu 2018,Adult/Female/White/Light,1,HayleKorem,GracieBarra
Houston International Open Jiu-Jitsu 2018,Adult/Female/White/Light,2,JulieMcLelland,BJJRevolutionTeam
Houston International Open Jiu-Jitsu 2018,Adult/Female/White/Light,3,AmandaCanchola,BrazilianTopTeam
Houston International Open Jiu-Jitsu 2018,Adult/Female/White/Light,3,SussannaMovsissyan,GracieBarra
Houston International Open Jiu-Jitsu 2018,Adult/Female/White/Middle,1,AmandaASmith,GFTeam
Houston International Open Jiu-Jitsu 2018,Adult/Female/White/Middle,2,JessicaHoffmann,A,ForceBrazilianJiu,Jitsu
Houston International Open Jiu-Jitsu 2018,Adult/Female/White/Middle,3,KimberlyShreeWaddy,TeamLloydIrvin
Houston International Open Jiu-Jitsu 2018,Adult/Female/White/Middle,3,RachelSimmons,AllianceCharlotte
Houston International Open Jiu-Jitsu 2018,Adult/Female/White/Medium-Heavy,1,KandessJillSilguero,GracieBarra
Houston International Open Jiu-Jitsu 2018,Adult/Female/White/Medium-Heavy,2,AlyssaHunkapillar,GracieBarra
Houston International Open Jiu-Jitsu 2018,Adult/Female/White/Medium-Heavy,3,CaseyHolley,PresaBrazilianJiu,Jitsu
Houston International Open Jiu-Jitsu 2018,Adult/Female/White/Medium-Heavy,3,LilianaRubyHerren,EdRamosJiu,JitsuUSA
Houston International Open Jiu-Jitsu 2018,Adult/Female/White/Heavy,1,TaniaRodriguez,BrazilianTopTeam
Houston International Open Jiu-Jitsu 2018,Adult/Female/White/Heavy,2,StephanieColeman,GFTeam
Houston International Open Jiu-Jitsu 2018,Adult/Female/White/Heavy,3,BrittanyHoskinson,LEADBJJ
Houston International Open Jiu-Jitsu 2018,Adult/Female/White/Heavy,3,LauraAngelDuran,GracieBarra
Houston International Open Jiu-Jitsu 2018,Adult/Female/White/Super-Heavy,1,LillianMorrison,GracieBarra
Houston International Open Jiu-Jitsu 2018,Adult/Female/White/Super-Heavy,2,JenniferWolber,GracieBarra
Houston International Open Jiu-Jitsu 2018,Adult/Female/White/Super-Heavy,3,JacquelynNicoleRogers,LEADBJJ
Houston International Open Jiu-Jitsu 2018,Adult/Female/White/Super-Heavy,3,LisaSmith,PabloSilvaBJJ,ZRTeam
Houston International Open Jiu-Jitsu 2018,Adult/Male/Blue/Rooster,1,SebastianCalvo,RenzoGracieInternational
Houston International Open Jiu-Jitsu 2018,Adult/Male/Blue/Rooster,2,HenryCham,PabloSilvaBJJ,ZRTeam
Houston International Open Jiu-Jitsu 2018,Adult/Male/Blue/Rooster,3,AlexisFernandoLopez,LEADBJJ
Houston International Open Jiu-Jitsu 2018,Adult/Male/Blue/Rooster,3,joncalvinstockwell,EliteMixedMartialArts
Houston International Open Jiu-Jitsu 2018,Adult/Male/Blue/Light-Feather,1,AaronVillanueva,AtosJiu,Jitsu
Houston International Open Jiu-Jitsu 2018,Adult/Male/Blue/Light-Feather,2,SamuelVasquez,PabloSilvaBJJ,ZRTeam
Houston International Open Jiu-Jitsu 2018,Adult/Male/Blue/Light-Feather,3,NicholasGeorgePittman,BrazilianTopTeam
Houston International Open Jiu-Jitsu 2018,Adult/Male/Blue/Light-Feather,3,SamarbekSabyrzhanUulu,AllianceInternational
Houston International Open Jiu-Jitsu 2018,Adult/Male/Blue/Feather,1,MatheusTeixeiraQueiroz,CarlsonGracieTeam
Houston International Open Jiu-Jitsu 2018,Adult/Male/Blue/Feather,2,BrandonGambucci,IntegracaoJiu,JitsuUSA
Houston International Open Jiu-Jitsu 2018,Adult/Male/Blue/Feather,3,CarlosHenriquez,PabloSilvaBJJ,ZRTeam
Houston International Open Jiu-Jitsu 2018,Adult/Male/Blue/Feather,3,MatthewCrockett,Fifty/50Jiu,Jitsu
Houston International Open Jiu-Jitsu 2018,Adult/Male/Blue/Light,1,RafaelGeorge,X3Sports
Houston International Open Jiu-Jitsu 2018,Adult/Male/Blue/Light,2,BenjaminRayLeal,PabloSilvaBJJ,ZRTeam
Houston International Open Jiu-Jitsu 2018,Adult/Male/Blue/Light,3,ChristianSabasGonzalez,ZRTeamInternational
Houston International Open Jiu-Jitsu 2018,Adult/Male/Blue/Light,3,RobertWrobel,TravisLutterBrazilianJiu,Jitsu
Houston International Open Jiu-Jitsu 2018,Adult/Male/Blue/Middle,1,TainanDalpraCosta,AtosJiu,Jitsu
Houston International Open Jiu-Jitsu 2018,Adult/Male/Blue/Middle,2,OmarEloyGarcia,RenatoTavaresAssociation
Houston International Open Jiu-Jitsu 2018,Adult/Male/Blue/Middle,3,StenioMacielNetoGarcia,GFTeam
Houston International Open Jiu-Jitsu 2018,Adult/Male/Blue/Middle,3,StevenLeeEakin,TeamLDMA
Houston International Open Jiu-Jitsu 2018,Adult/Male/Blue/Medium-Heavy,1,MateusRodriguesdeSouza,AtosJiu,Jitsu
Houston International Open Jiu-Jitsu 2018,Adult/Male/Blue/Medium-Heavy,2,DominiqueBrooks,LovatoJiu,Jitsu
Houston International Open Jiu-Jitsu 2018,Adult/Male/Blue/Medium-Heavy,3,JorgeLuisAlbino,GracieBarraJJ
Houston International Open Jiu-Jitsu 2018,Adult/Male/Blue/Medium-Heavy,3,LuisnoeChavarria,GracieBarraJJ
Houston International Open Jiu-Jitsu 2018,Adult/Male/Blue/Heavy,1,DouglasHernandezGarcia,GFTeam
Houston International Open Jiu-Jitsu 2018,Adult/Male/Blue/Heavy,2,JosephEBazan,AtosJiu,Jitsu
Houston International Open Jiu-Jitsu 2018,Adult/Male/Blue/Heavy,3,KevinTurcios,LovatoJiu,Jitsu
Houston International Open Jiu-Jitsu 2018,Adult/Male/Blue/Heavy,3,MatthewCostello,GracieBarra
Houston International Open Jiu-Jitsu 2018,Adult/Male/Blue/Super-Heavy,1,VinceAllen,GracieBarra
Houston International Open Jiu-Jitsu 2018,Adult/Male/Blue/Super-Heavy,2,JeffCarlson,PabloSilvaBJJ,ZRTeam
Houston International Open Jiu-Jitsu 2018,Adult/Male/Blue/Super-Heavy,3,KevinBerrios,GFTeam
Houston International Open Jiu-Jitsu 2018,Adult/Male/Blue/Super-Heavy,3,LarryLBradford,SoulFightersBJJ
Houston International Open Jiu-Jitsu 2018,Adult/Male/Blue/Ultra-Heavy,1,DerrickAndreAgho,BJJRevolutionTeam
Houston International Open Jiu-Jitsu 2018,Adult/Male/Blue/Ultra-Heavy,2,JosseRDominguez,GFTeam
Houston International Open Jiu-Jitsu 2018,Adult/Male/Blue/Ultra-Heavy,3,DuncanStewart,GracieBarra
Houston International Open Jiu-Jitsu 2018,Adult/Male/Blue/Ultra-Heavy,3,JeffreyJohnson,watkins,GracieBarraJJ
Houston International Open Jiu-Jitsu 2018,Adult/Male/Blue/OpenClass,1,TainanDalpraCosta,AtosJiu,Jitsu
Houston International Open Jiu-Jitsu 2018,Adult/Male/Blue/OpenClass,2,MateusRodriguesdeSouza,AtosJiu,Jitsu
Houston International Open Jiu-Jitsu 2018,Adult/Male/Blue/OpenClass,3,DominiqueBrooks,LovatoJiu,Jitsu
Houston International Open Jiu-Jitsu 2018,Adult/Male/Blue/OpenClass,3,DouglasHernandezGarcia,GFTeam
Houston International Open Jiu-Jitsu 2018,Adult/Female/Blue/Light-Feather,1,An,anChang,PabloSilvaBJJ,ZRTeam
Houston International Open Jiu-Jitsu 2018,Adult/Female/Blue/Light-Feather,2,DominiqueOlivarez,PabloSilvaBJJ,ZRTeam
Houston International Open Jiu-Jitsu 2018,Adult/Female/Blue/Light-Feather,3,CamilaAlejandraWilson,GFTeam
Houston International Open Jiu-Jitsu 2018,Adult/Female/Blue/Light-Feather,3,ToriKime,TeamLloydIrvin
Houston International Open Jiu-Jitsu 2018,Adult/Female/Blue/Feather,1,NatalieMartin,RilionGracieJiu,JitsuAcademy
Houston International Open Jiu-Jitsu 2018,Adult/Female/Blue/Feather,2,AngelicaArrambide,BJJRevolutionTeam
Houston International Open Jiu-Jitsu 2018,Adult/Female/Blue/Feather,3,KylahPreslynRogers,TeamJucão
Houston International Open Jiu-Jitsu 2018,Adult/Female/Blue/Feather,3,RoseMiller,GracieHumaitaSouthBay
Houston International Open Jiu-Jitsu 2018,Adult/Female/Blue/Light,1,VictoriaMcGee,SoulFightersBJJ
Houston International Open Jiu-Jitsu 2018,Adult/Female/Blue/Light,2,PriscillaEckhardt,PabloSilvaBJJ,ZRTeam
Houston International Open Jiu-Jitsu 2018,Adult/Female/Blue/Light,3,DaesiaDrewBelozerows,TeamJucãoUSA
Houston International Open Jiu-Jitsu 2018,Adult/Female/Blue/Middle,1,MarilynVier,Brazil021International
Houston International Open Jiu-Jitsu 2018,Adult/Female/Blue/Middle,2,MarisaGailCarmouche,AllianceCharlotte
Houston International Open Jiu-Jitsu 2018,Adult/Female/Blue/Medium-Heavy,1,LeahMays,TeamLloydIrvin
Houston International Open Jiu-Jitsu 2018,Adult/Female/Blue/Medium-Heavy,2,RachelBeard,TeamJucãoUSA
Houston International Open Jiu-Jitsu 2018,Adult/Female/Blue/Medium-Heavy,3,JordanHockstedler,Brazil021International
Houston International Open Jiu-Jitsu 2018,Adult/Female/Blue/Heavy,1,KaylaDehm,TeamLloydIrvin
Houston International Open Jiu-Jitsu 2018,Adult/Female/Blue/Heavy,2,SamanthaHall,GracieBarra
Houston International Open Jiu-Jitsu 2018,Adult/Female/Blue/Heavy,3,ShanteeAguilar,PabloSilvaBJJ,ZRTeam
Houston International Open Jiu-Jitsu 2018,Adult/Female/Blue/Super-Heavy,1,LuzimeryGarcia,GFTeam
Houston International Open Jiu-Jitsu 2018,Adult/Female/Blue/Super-Heavy,2,OliviaObodoagha,TeamLloydIrvin
Houston International Open Jiu-Jitsu 2018,Adult/Female/Blue/OpenClass,1,LuzimeryGarcia,GFTeam
Houston International Open Jiu-Jitsu 2018,Adult/Female/Blue/OpenClass,2,KaylaDehm,TeamLloydIrvin
Houston International Open Jiu-Jitsu 2018,Adult/Female/Blue/OpenClass,3,VictoriaMcGee,SoulFightersBJJ
Houston International Open Jiu-Jitsu 2018,Adult/Male/Purple/Rooster,1,DylanNguyen,LovatoJiu,Jitsu
Houston International Open Jiu-Jitsu 2018,Adult/Male/Purple/Light-Feather,1,ViníciusdaSilvaPereira,Brazil021International
Houston International Open Jiu-Jitsu 2018,Adult/Male/Purple/Light-Feather,2,PedroSerrano,GracieBarra
Houston International Open Jiu-Jitsu 2018,Adult/Male/Purple/Light-Feather,3,AndrewVu,RibeiroJiu,Jitsu,Denver
Houston International Open Jiu-Jitsu 2018,Adult/Male/Purple/Light-Feather,3,DarrylR.Lebus,PabloSilvaBJJ,ZRTeam
Houston International Open Jiu-Jitsu 2018,Adult/Male/Purple/Feather,1,LuisDiaz,Alliance
Houston International Open Jiu-Jitsu 2018,Adult/Male/Purple/Feather,2,MiguelDominguez,PabloSilvaBJJ,ZRTeam
Houston International Open Jiu-Jitsu 2018,Adult/Male/Purple/Feather,3,Conradduran,LEADBJJ
Houston International Open Jiu-Jitsu 2018,Adult/Male/Purple/Feather,3,JoséJuliánEspinosaFlores,RenzoGracieInternational
Houston International Open Jiu-Jitsu 2018,Adult/Male/Purple/Light,1,AustinCaineOranday,AllianceCharlotte
Houston International Open Jiu-Jitsu 2018,Adult/Male/Purple/Light,2,ByungJuLee,TeamLloydIrvin
Houston International Open Jiu-Jitsu 2018,Adult/Male/Purple/Light,3,AhmadJingo,GFTeam
Houston International Open Jiu-Jitsu 2018,Adult/Male/Purple/Light,3,DamianPinon,PabloSilvaBJJ,ZRTeam
Houston International Open Jiu-Jitsu 2018,Adult/Male/Purple/Middle,1,JoãoGabrielFerreiraMatos,GracieHumaitaCorpusChristi
Houston International Open Jiu-Jitsu 2018,Adult/Male/Purple/Middle,2,ChristopherReyna,BJJRevolutionTeam
Houston International Open Jiu-Jitsu 2018,Adult/Male/Purple/Middle,3,BenjaminAdamPerry,GracieBarra
Houston International Open Jiu-Jitsu 2018,Adult/Male/Purple/Medium-Heavy,1,RonaldoPereiradeSouzaJúnior,AtosJiu,Jitsu
Houston International Open Jiu-Jitsu 2018,Adult/Male/Purple/Medium-Heavy,2,RobertoFranciscoJimenez,Alliance
Houston International Open Jiu-Jitsu 2018,Adult/Male/Purple/Medium-Heavy,3,ChadRoss,SolisMartialArtsClub
Houston International Open Jiu-Jitsu 2018,Adult/Male/Purple/Medium-Heavy,3,mitchellmielke,RodrigoPinheiroBJJ
Houston International Open Jiu-Jitsu 2018,Adult/Male/Purple/Heavy,1,ZachCoffee,LovatoJiu,Jitsu
Houston International Open Jiu-Jitsu 2018,Adult/Male/Purple/Heavy,2,AndyVanHook,BJJRevolutionTeam
Houston International Open Jiu-Jitsu 2018,Adult/Male/Purple/Heavy,3,AndyBrandonCordova,GracieBarra
Houston International Open Jiu-Jitsu 2018,Adult/Male/Purple/Super-Heavy,1,AlejandroSoberon,GracieBarra
Houston International Open Jiu-Jitsu 2018,Adult/Male/Purple/Super-Heavy,2,JesseMartin,PabloSilvaBJJ,ZRTeam
Houston International Open Jiu-Jitsu 2018,Adult/Male/Purple/Super-Heavy,3,JohnathanRobinson,RilionGracieJiu,JitsuAcademy
Houston International Open Jiu-Jitsu 2018,Adult/Male/Purple/Ultra-Heavy,1,AxelMelartin,PabloSilvaBJJ,ZRTeam
Houston International Open Jiu-Jitsu 2018,Adult/Male/Purple/OpenClass,1,RonaldoPereiradeSouzaJúnior,AtosJiu,Jitsu
Houston International Open Jiu-Jitsu 2018,Adult/Male/Purple/OpenClass,2,RobertoFranciscoJimenez,Alliance
Houston International Open Jiu-Jitsu 2018,Adult/Male/Purple/OpenClass,3,AndyBrandonCordova,GracieBarra
Houston International Open Jiu-Jitsu 2018,Adult/Male/Purple/OpenClass,3,ZachCoffee,LovatoJiu,Jitsu
Houston International Open Jiu-Jitsu 2018,Adult/Female/Purple/Feather,1,SophiaMarieFlores,AtosJiu,Jitsu
Houston International Open Jiu-Jitsu 2018,Adult/Female/Purple/Feather,2,AlexaNicoleYanes,GracieBarra
Houston International Open Jiu-Jitsu 2018,Adult/Female/Purple/Feather,3,AmandaRiggs,TeamLloydIrvin
Houston International Open Jiu-Jitsu 2018,Adult/Female/Purple/Feather,3,StephanieCantu,RilionGracieJiu,JitsuAcademy
Houston International Open Jiu-Jitsu 2018,Adult/Female/Purple/Middle,1,LeslieMclea,EliteMixedMartialArts
Houston International Open Jiu-Jitsu 2018,Adult/Female/Purple/Middle,2,MadelynnR.DelRio,Fernandez,LEADBJJ
Houston International Open Jiu-Jitsu 2018,Adult/Female/Purple/OpenClass,1,SophiaMarieFlores,AtosJiu,Jitsu
Houston International Open Jiu-Jitsu 2018,Adult/Female/Purple/OpenClass,2,AmandaRiggs,TeamLloydIrvin
Houston International Open Jiu-Jitsu 2018,Adult/Female/Purple/OpenClass,3,AlexaNicoleYanes,GracieBarra
Houston International Open Jiu-Jitsu 2018,Adult/Male/Brown/Feather,1,MatheusGabrielPinheiroBarros,CheckMat
Houston International Open Jiu-Jitsu 2018,Adult/Male/Brown/Feather,2,KevinJosephCruz,BJJRevolutionTeam
Houston International Open Jiu-Jitsu 2018,Adult/Male/Brown/Feather,3,RicardoJ.Rivas,GracieBarra
Houston International Open Jiu-Jitsu 2018,Adult/Male/Brown/Light,1,DamionShaunOranday,AllianceCharlotte
Houston International Open Jiu-Jitsu 2018,Adult/Male/Brown/Light,2,EmmanuelMartinez,PabloSilvaBJJ,ZRTeam
Houston International Open Jiu-Jitsu 2018,Adult/Male/Brown/Light,3,EdgarChristianBenitez,GracieBarra
Houston International Open Jiu-Jitsu 2018,Adult/Male/Brown/Middle,1,AlexanderScottLane,PabloSilvaBJJ,ZRTeam
Houston International Open Jiu-Jitsu 2018,Adult/Male/Brown/Middle,2,FernandoIsaiCabrera,GracieBarra
Houston International Open Jiu-Jitsu 2018,Adult/Male/Brown/Middle,3,LucasdeMelloAlmadaRubbo,GracieBarra
Houston International Open Jiu-Jitsu 2018,Adult/Male/Brown/Medium-Heavy,1,MatthewRominoFox,TeamLloydIrvin
Houston International Open Jiu-Jitsu 2018,Adult/Male/Brown/Medium-Heavy,2,AriandeMeloMacêdo,GracieBarra
Houston International Open Jiu-Jitsu 2018,Adult/Male/Brown/Medium-Heavy,3,NicholasN.Spacek,BonsaiJJ,USA
Houston International Open Jiu-Jitsu 2018,Adult/Male/Brown/Medium-Heavy,3,TeddyArellanoIii,GracieHumaitaCorpusChristi
Houston International Open Jiu-Jitsu 2018,Adult/Male/Brown/Heavy,1,JosephOthmarDierkhising,BJJRevolutionTeam
Houston International Open Jiu-Jitsu 2018,Adult/Male/Brown/Heavy,2,DiegoAlmeidaFerreira,LEADBJJ
Houston International Open Jiu-Jitsu 2018,Adult/Male/Brown/Super-Heavy,1,SkyLovell,GracieBarra
Houston International Open Jiu-Jitsu 2018,Adult/Male/Brown/Super-Heavy,2,DinkoBektic,BJJRevolutionTeam
Houston International Open Jiu-Jitsu 2018,Adult/Male/Brown/Ultra-Heavy,1,JeremiahTalley,DarkHorseJiu,Jitsu
Houston International Open Jiu-Jitsu 2018,Adult/Male/Brown/OpenClass,1,SkyLovell,GracieBarra
Houston International Open Jiu-Jitsu 2018,Adult/Male/Brown/OpenClass,2,AriandeMeloMacêdo,GracieBarra
Houston International Open Jiu-Jitsu 2018,Adult/Male/Brown/OpenClass,3,DamionShaunOranday,AllianceCharlotte
Houston International Open Jiu-Jitsu 2018,Adult/Male/Brown/OpenClass,3,JeremiahTalley,DarkHorseJiu,Jitsu
Houston International Open Jiu-Jitsu 2018,Adult/Female/Brown/Middle,1,VannessaNancyGriffin,TeamLloydIrvin
Houston International Open Jiu-Jitsu 2018,Adult/Female/Brown/Middle,2,JessicaCatherineBuckner,KillerBeesBJJCollege
Houston International Open Jiu-Jitsu 2018,Adult/Female/Brown/OpenClass,1,VannessaNancyGriffin,TeamLloydIrvin
Houston International Open Jiu-Jitsu 2018,Adult/Female/Brown/OpenClass,2,JessicaCatherineBuckner,KillerBeesBJJCollege
Houston International Open Jiu-Jitsu 2018,Adult/Male/Black/Light-Feather,1,LucasdosSantosPinheiro,AMBJJ,AlexMartinsBrazilianJiu,Jitsu
Houston International Open Jiu-Jitsu 2018,Adult/Male/Black/Light-Feather,2,WashingtonLuisdoM.Lima,GFTeam
Houston International Open Jiu-Jitsu 2018,Adult/Male/Black/Feather,1,ThiagoAugustoAraujoMacedo,RodrigoPinheiroBJJ
Houston International Open Jiu-Jitsu 2018,Adult/Male/Black/Feather,2,AdamPaulFerrara,GFTeam
Houston International Open Jiu-Jitsu 2018,Adult/Male/Black/Feather,3,JoãoAlfredoTavaresMarinho,GFTeam
Houston International Open Jiu-Jitsu 2018,Adult/Male/Black/Feather,3,SamuelBragaOlivardaCruz,GracieBarra
Houston International Open Jiu-Jitsu 2018,Adult/Male/Black/Light,1,AlexandreFariaMolinaro,CarlsonGracieTeam
Houston International Open Jiu-Jitsu 2018,Adult/Male/Black/Light,2,JohnnyJoachinTamaApolinario,AllianceEcuador
Houston International Open Jiu-Jitsu 2018,Adult/Male/Black/Light,3,ServandoAlmaraz,GracieBarra
Houston International Open Jiu-Jitsu 2018,Adult/Male/Black/Light,3,VictorSilverioSantos,GracieBarra
Houston International Open Jiu-Jitsu 2018,Adult/Male/Black/Middle,1,LucasSetteC.ValenteTobias,GracieBarra
Houston International Open Jiu-Jitsu 2018,Adult/Male/Black/Middle,2,DiegoDiasRamalho,PabloSilvaBJJ,ZRTeam
Houston International Open Jiu-Jitsu 2018,Adult/Male/Black/Middle,3,IgorMatosinhodePaiva,SoulFightersBJJ
Houston International Open Jiu-Jitsu 2018,Adult/Male/Black/Middle,3,ManuelRibamarV.deOliveiraFilho,SoulFightersBJJ
Houston International Open Jiu-Jitsu 2018,Adult/Male/Black/Medium-Heavy,1,GabrielKitoberVieira,GFTeam
Houston International Open Jiu-Jitsu 2018,Adult/Male/Black/Heavy,1,InacioFerreiraGomesNeto,GracieBarra
Houston International Open Jiu-Jitsu 2018,Adult/Male/Black/Heavy,2,MatthewWilson,PresaBrazilianJiu,Jitsu
Houston International Open Jiu-Jitsu 2018,Adult/Male/Black/Heavy,3,CharlesKilyanMcguire,AmericanTopTeamBJJ
Houston International Open Jiu-Jitsu 2018,Adult/Male/Black/Heavy,3,DiegoGamonalNogueira,BrazilianTopTeam
Houston International Open Jiu-Jitsu 2018,Adult/Male/Black/Super-Heavy,1,TannerWadeRice,SoulFightersBJJ
Houston International Open Jiu-Jitsu 2018,Adult/Male/Black/Super-Heavy,2,AlexandroCeconideSouza,CeconiKMKZ
Houston International Open Jiu-Jitsu 2018,Adult/Male/Black/Ultra-Heavy,1,PedroLucasAguiarAraujo,GracieBarra
Houston International Open Jiu-Jitsu 2018,Adult/Male/Black/Ultra-Heavy,2,RojelioNarvaez,SolisMartialArtsClub
Houston International Open Jiu-Jitsu 2018,Adult/Male/Black/OpenClass,1,VictorSilverioSantos,GracieBarra
Houston International Open Jiu-Jitsu 2018,Adult/Male/Black/OpenClass,2,InacioFerreiraGomesNeto,GracieBarra
Houston International Open Jiu-Jitsu 2018,Adult/Male/Black/OpenClass,3,AlexandroCeconideSouza,CeconiKMKZ
Houston International Open Jiu-Jitsu 2018,Adult/Male/Black/OpenClass,3,TannerWadeRice,SoulFightersBJJ
Houston International Open Jiu-Jitsu 2018,Adult/Female/Black/Light,1,KristinMikkelson,Brazil021International
Houston International Open Jiu-Jitsu 2018,Adult/Female/Black/Heavy,1,NiviadeSouzaMoura,GracieGymTexas
Houston International Open Jiu-Jitsu 2018,Adult/Female/Black/Super-Heavy,1,NathielyKarolineMelodeJesus,PSLPBCiceroCostha
Houston International Open Jiu-Jitsu 2018,Adult/Female/Black/OpenClass,1,NathielyKarolineMelodeJesus,PSLPBCiceroCostha
Houston International Open Jiu-Jitsu 2018,Adult/Female/Black/OpenClass,2,KristinMikkelson,Brazil021International
Houston International Open Jiu-Jitsu 2018,Adult/Female/Black/OpenClass,3,NiviadeSouzaMoura,GracieGymTexas
Houston International Open Jiu-Jitsu 2018,Master1/Male/White/Light-Feather,1,ColbyCulver,PabloSilvaBJJ,ZRTeam
Houston International Open Jiu-Jitsu 2018,Master1/Male/White/Light-Feather,2,SamsonBarboza,John'sGym
Houston International Open Jiu-Jitsu 2018,Master1/Male/White/Light-Feather,3,MichaelFisher,LEADBJJ
Houston International Open Jiu-Jitsu 2018,Master1/Male/White/Light-Feather,3,SeiyaYamaguchi,RilionGracieJiu,JitsuAcademy
Houston International Open Jiu-Jitsu 2018,Master1/Male/White/Feather,1,JasonFarias,TeamTookeMixedMartialArts
Houston International Open Jiu-Jitsu 2018,Master1/Male/White/Feather,2,JonathanRivera,GracieBarra
Houston International Open Jiu-Jitsu 2018,Master1/Male/White/Feather,3,MichaelRossWhite,PabloSilvaBJJ,ZRTeam
Houston International Open Jiu-Jitsu 2018,Master1/Male/White/Light,1,JasonLong,Brazil021International
Houston International Open Jiu-Jitsu 2018,Master1/Male/White/Light,2,WilliamDarryleHoffmann,A,ForceBrazilianJiu,Jitsu
Houston International Open Jiu-Jitsu 2018,Master1/Male/White/Light,3,JeremyAlanFitzpatrick,RenatoTavaresAssociation
Houston International Open Jiu-Jitsu 2018,Master1/Male/White/Light,3,MitchellReeske,GracieBarra
Houston International Open Jiu-Jitsu 2018,Master1/Male/White/Middle,1,JustynJohnLuera,PresaBrazilianJiu,Jitsu
Houston International Open Jiu-Jitsu 2018,Master1/Male/White/Middle,2,JoshuaJamesMansfield,GracieBarra
Houston International Open Jiu-Jitsu 2018,Master1/Male/White/Middle,3,JeffreyHunterNicholson,GracieBarra
Houston International Open Jiu-Jitsu 2018,Master1/Male/White/Middle,3,JonathanPaulFlake,GracieBarraJJ
Houston International Open Jiu-Jitsu 2018,Master1/Male/White/Medium-Heavy,1,CharlesCoeWheeler,PresaBrazilianJiu,Jitsu
Houston International Open Jiu-Jitsu 2018,Master1/Male/White/Medium-Heavy,2,AaronLemuelDeLaTorre,GracieBarra
Houston International Open Jiu-Jitsu 2018,Master1/Male/White/Medium-Heavy,3,CaseyRyanProthro,GracieBarra
Houston International Open Jiu-Jitsu 2018,Master1/Male/White/Heavy,1,ScottyHammonds,GracieBarra
Houston International Open Jiu-Jitsu 2018,Master1/Male/White/Heavy,2,IsraelParedes,EdRamosJiu,JitsuUSA
Houston International Open Jiu-Jitsu 2018,Master1/Male/White/Heavy,3,GrahamRobertSmith,PresaBrazilianJiu,Jitsu
Houston International Open Jiu-Jitsu 2018,Master1/Male/White/Heavy,3,RyanMcGuire,GracieBarra
Houston International Open Jiu-Jitsu 2018,Master1/Male/White/Super-Heavy,1,BrandonKaufman,BJJRevolutionTeam
Houston International Open Jiu-Jitsu 2018,Master1/Male/White/Super-Heavy,2,OrlandoBotelhoVasconcelos,GFTeam
Houston International Open Jiu-Jitsu 2018,Master1/Male/White/Super-Heavy,3,MiguelGarcia,OAthletikBrazilianJiu,Jitsu
Houston International Open Jiu-Jitsu 2018,Master1/Male/White/Ultra-Heavy,1,DeanBautistaPaulino,GracieBarra
Houston International Open Jiu-Jitsu 2018,Master1/Male/White/Ultra-Heavy,2,DavidLeeRay,EliteMixedMartialArts
Houston International Open Jiu-Jitsu 2018,Master1/Male/White/Ultra-Heavy,3,AdamWright,GracieBarra
Houston International Open Jiu-Jitsu 2018,Master1/Male/White/Ultra-Heavy,3,TimothyTylerEtheridge,BJJRevolutionTeam
Houston International Open Jiu-Jitsu 2018,Master1/Male/Blue/Light-Feather,1,PhongDoan,PabloSilvaBJJ,ZRTeam
Houston International Open Jiu-Jitsu 2018,Master1/Male/Blue/Light-Feather,2,RoyMays,GracieBarra
Houston International Open Jiu-Jitsu 2018,Master1/Male/Blue/Light-Feather,3,ClintonNguyen,Brazil021International
Houston International Open Jiu-Jitsu 2018,Master1/Male/Blue/Light-Feather,3,MichaelMinhNguyen,GFTeam
Houston International Open Jiu-Jitsu 2018,Master1/Male/Blue/Feather,1,RobertEdwardFreehill,GracieBarra
Houston International Open Jiu-Jitsu 2018,Master1/Male/Blue/Feather,2,RaphaelFuentes,LovatoJiu,Jitsu
Houston International Open Jiu-Jitsu 2018,Master1/Male/Blue/Feather,3,AndresJaspe,GracieBarraBJJ
Houston International Open Jiu-Jitsu 2018,Master1/Male/Blue/Feather,3,LandonVonWood,LovatoJiu,Jitsu
Houston International Open Jiu-Jitsu 2018,Master1/Male/Blue/Light,1,JuanManuelPerez,GracieBarra
Houston International Open Jiu-Jitsu 2018,Master1/Male/Blue/Light,2,CharlesCheeksIII,GracieBarra
Houston International Open Jiu-Jitsu 2018,Master1/Male/Blue/Light,3,AndrewDaileySchwartz,PabloSilvaBJJ,ZRTeam
Houston International Open Jiu-Jitsu 2018,Master1/Male/Blue/Light,3,DanielSiem,GracieBarraBJJ
Houston International Open Jiu-Jitsu 2018,Master1/Male/Blue/Middle,1,ChristianBachTrinh,GracieBarra
Houston International Open Jiu-Jitsu 2018,Master1/Male/Blue/Middle,2,AlexShafaii,GracieBarra
Houston International Open Jiu-Jitsu 2018,Master1/Male/Blue/Middle,3,JasonGibbs,Brazil021International
Houston International Open Jiu-Jitsu 2018,Master1/Male/Blue/Middle,3,ShawnMontgomery,GracieBarraBJJ
Houston International Open Jiu-Jitsu 2018,Master1/Male/Blue/Medium-Heavy,1,JasonKeldonLangellier,GracieBarra
Houston International Open Jiu-Jitsu 2018,Master1/Male/Blue/Medium-Heavy,2,TimothyMiller,PabloSilvaBJJ,ZRTeam
Houston International Open Jiu-Jitsu 2018,Master1/Male/Blue/Medium-Heavy,3,IsidroVelez,TeamTookeMixedMartialArts
Houston International Open Jiu-Jitsu 2018,Master1/Male/Blue/Medium-Heavy,3,RobertPerez,TeamTookeMixedMartialArts
Houston International Open Jiu-Jitsu 2018,Master1/Male/Blue/Heavy,1,JoseMerino,EdRamosJiu,JitsuUSA
Houston International Open Jiu-Jitsu 2018,Master1/Male/Blue/Heavy,2,MahmoudSabha,BrazilianTopTeam
Houston International Open Jiu-Jitsu 2018,Master1/Male/Blue/Heavy,3,CalebMarkBerry,BJJRevolutionTeam
Houston International Open Jiu-Jitsu 2018,Master1/Male/Blue/Heavy,3,SteveDeanda,GracieBarra
Houston International Open Jiu-Jitsu 2018,Master1/Male/Blue/Super-Heavy,1,DavidLuisCabrera,GracieBarra
Houston International Open Jiu-Jitsu 2018,Master1/Male/Blue/Super-Heavy,2,ConnorCartland,GracieBarra
Houston International Open Jiu-Jitsu 2018,Master1/Male/Blue/Ultra-Heavy,1,JustinWayneLedet,GracieBarra
Houston International Open Jiu-Jitsu 2018,Master1/Male/Blue/Ultra-Heavy,2,MichaelScottGilreath,BJJRevolutionTeam
Houston International Open Jiu-Jitsu 2018,Master1/Male/Blue/Ultra-Heavy,3,AndrewAugustusWhitlockIII,GracieBarra
Houston International Open Jiu-Jitsu 2018,Master1/Male/Blue/Ultra-Heavy,3,MichaelMedina,CarlsonGracie
Houston International Open Jiu-Jitsu 2018,Master1/Male/Blue/OpenClass,1,TimothyMiller,PabloSilvaBJJ,ZRTeam
Houston International Open Jiu-Jitsu 2018,Master1/Male/Blue/OpenClass,2,AndrewDaileySchwartz,PabloSilvaBJJ,ZRTeam
Houston International Open Jiu-Jitsu 2018,Master1/Male/Blue/OpenClass,3,JasonKeldonLangellier,GracieBarra
Houston International Open Jiu-Jitsu 2018,Master1/Female/Blue/Light-Feather,1,FionaKo,AtosJiu,Jitsu
Houston International Open Jiu-Jitsu 2018,Master1/Female/Blue/Light-Feather,2,KimLobb,LEADBJJ
Houston International Open Jiu-Jitsu 2018,Master1/Female/Blue/Light-Feather,3,KarenSantolaTarson,GracieBarra
Houston International Open Jiu-Jitsu 2018,Master1/Female/Blue/Light-Feather,3,waipingcheung,PabloSilvaBJJ,ZRTeam
Houston International Open Jiu-Jitsu 2018,Master1/Female/Blue/Feather,1,DiomaraNegron,GracieBarra
Houston International Open Jiu-Jitsu 2018,Master1/Female/Blue/Feather,2,JillViator,BJJRevolutionTeam
Houston International Open Jiu-Jitsu 2018,Master1/Female/Blue/Feather,3,ElisangelaTabataRamosDaSilva,EdRamosJiu,JitsuUSA
Houston International Open Jiu-Jitsu 2018,Master1/Female/Blue/Feather,3,MelissaSmith,OhanaJiu,JitsuAcademy
Houston International Open Jiu-Jitsu 2018,Master1/Female/Blue/Light,1,MelissaLozano,TeamTookeMixedMartialArts
Houston International Open Jiu-Jitsu 2018,Master1/Female/Blue/Light,2,StephanieNCarrillo,BJJRevolutionTeam
Houston International Open Jiu-Jitsu 2018,Master1/Female/Blue/Light,3,AshleyWebb,TeamRivasBrazilianJiu,Jitsu
Houston International Open Jiu-Jitsu 2018,Master1/Female/Blue/Light,3,JamieMichelleTalent,PabloSilvaBJJ,ZRTeam
Houston International Open Jiu-Jitsu 2018,Master1/Female/Blue/Middle,1,AshleyElizabethAguilar,Alliance
Houston International Open Jiu-Jitsu 2018,Master1/Female/Blue/Middle,2,JasmineEspinoza,FightSports
Houston International Open Jiu-Jitsu 2018,Master1/Female/Blue/Middle,3,ShawnaKWinters,Ratz,RenatoTavaresAssociation
Houston International Open Jiu-Jitsu 2018,Master1/Female/Blue/Medium-Heavy,1,StephanieLynnWilliamson,SoulFightersBJJ
Houston International Open Jiu-Jitsu 2018,Master1/Female/Blue/Medium-Heavy,2,MelissaSusanFolkerts,GracieGymTexas
Houston International Open Jiu-Jitsu 2018,Master1/Female/Blue/Medium-Heavy,3,JessicaLaurenKhurana,PabloSilvaBJJ,ZRTeam
Houston International Open Jiu-Jitsu 2018,Master1/Female/Blue/Medium-Heavy,3,ZanaNachawati,AtosJiu,Jitsu
Houston International Open Jiu-Jitsu 2018,Master1/Female/Blue/Heavy,1,AmandaRichie,PabloSilvaBJJ,ZRTeam
Houston International Open Jiu-Jitsu 2018,Master1/Female/Blue/Heavy,2,EdenilceDuraesGamonalNogueira,BrazilianTopTeam
Houston International Open Jiu-Jitsu 2018,Master1/Female/Blue/Super-Heavy,1,LaceyCoxMartinsDoNascimento,AMBJJ,AlexMartinsBrazilianJiu,Jitsu
Houston International Open Jiu-Jitsu 2018,Master1/Female/Blue/Super-Heavy,2,CarolineMarques,GFTeam
Houston International Open Jiu-Jitsu 2018,Master1/Female/Blue/OpenClass,1,JessicaLaurenKhurana,PabloSilvaBJJ,ZRTeam
Houston International Open Jiu-Jitsu 2018,Master1/Female/Blue/OpenClass,2,StephanieLynnWilliamson,SoulFightersBJJ
Houston International Open Jiu-Jitsu 2018,Master1/Female/Blue/OpenClass,3,AshleyElizabethAguilar,Alliance
Houston International Open Jiu-Jitsu 2018,Master1/Female/Blue/OpenClass,3,FionaKo,AtosJiu,Jitsu
Houston International Open Jiu-Jitsu 2018,Master1/Male/Purple/Feather,1,MatthewFarrell,PabloSilvaBJJ,ZRTeam
Houston International Open Jiu-Jitsu 2018,Master1/Male/Purple/Feather,2,RichardFurness,GracieBarra
Houston International Open Jiu-Jitsu 2018,Master1/Male/Purple/Feather,3,JoelScott,TexasPunishmentCrew
Houston International Open Jiu-Jitsu 2018,Master1/Male/Purple/Feather,3,MinhNguyen,PabloSilvaBJJ,ZRTeam
Houston International Open Jiu-Jitsu 2018,Master1/Male/Purple/Middle,1,DougChampagne,AllianceCharlotte
Houston International Open Jiu-Jitsu 2018,Master1/Male/Purple/Middle,2,ChristopherAlexanderDiaz,PabloSilvaBJJ,ZRTeam
Houston International Open Jiu-Jitsu 2018,Master1/Male/Purple/Middle,3,CharlesEricSchultz,TeamTookeMixedMartialArts
Houston International Open Jiu-Jitsu 2018,Master1/Male/Purple/Middle,3,NathanLee,GracieBarra
Houston International Open Jiu-Jitsu 2018,Master1/Male/Purple/Medium-Heavy,1,MorganOriahi,GFTeam
Houston International Open Jiu-Jitsu 2018,Master1/Male/Purple/Medium-Heavy,2,DiondreShariffWarren,EliteMixedMartialArts
Houston International Open Jiu-Jitsu 2018,Master1/Male/Purple/Medium-Heavy,3,JonathanEarlDowdell,GracieBarra
Houston International Open Jiu-Jitsu 2018,Master1/Male/Purple/Medium-Heavy,3,JonathanTran,TeamTookeMixedMartialArts
Houston International Open Jiu-Jitsu 2018,Master1/Male/Purple/Ultra-Heavy,1,FernandoVega,EliteMixedMartialArts
Houston International Open Jiu-Jitsu 2018,Master1/Male/Purple/Ultra-Heavy,2,WilliamDoggett,GracieBarra
Houston International Open Jiu-Jitsu 2018,Master1/Male/Purple/Ultra-Heavy,3,AnthonyLamontFitzgeraldJr.,Alliance
Houston International Open Jiu-Jitsu 2018,Master1/Male/Purple/Ultra-Heavy,3,BrettJeremiahMolstad,GracieBarra
Houston International Open Jiu-Jitsu 2018,Master1/Male/Purple/OpenClass,1,DougChampagne,AllianceCharlotte
Houston International Open Jiu-Jitsu 2018,Master1/Male/Purple/OpenClass,2,JonathanTran,TeamTookeMixedMartialArts
Houston International Open Jiu-Jitsu 2018,Master1/Male/Purple/OpenClass,3,MorganOriahi,GFTeam
Houston International Open Jiu-Jitsu 2018,Master1/Male/Purple/OpenClass,3,RichardFurness,GracieBarra
Houston International Open Jiu-Jitsu 2018,Master1/Female/Purple/Light-Feather,1,SylviaAhn,PabloSilvaBJJ,ZRTeam
Houston International Open Jiu-Jitsu 2018,Master1/Female/Purple/Light-Feather,2,TerriE.Casillas,SoulFightersBJJ
Houston International Open Jiu-Jitsu 2018,Master1/Female/Purple/Feather,1,PearlBaezBriseno,PresaBrazilianJiu,Jitsu
Houston International Open Jiu-Jitsu 2018,Master1/Female/Purple/Feather,2,StephanieLinkus,LovatoJiu,Jitsu
Houston International Open Jiu-Jitsu 2018,Master1/Female/Purple/Feather,3,MistyVerschoor,BrazilianTopTeam
Houston International Open Jiu-Jitsu 2018,Master1/Female/Purple/Light,1,MarianaAzevedo,GracieBarra
Houston International Open Jiu-Jitsu 2018,Master1/Female/Purple/Light,2,MelissaTanner,PresaBrazilianJiu,Jitsu
Houston International Open Jiu-Jitsu 2018,Master1/Female/Purple/Light,3,KendraGray,PabloSilvaBJJ,ZRTeam
Houston International Open Jiu-Jitsu 2018,Master1/Female/Purple/Middle,1,CarrieSpellious,Duckworth,Alliance
Houston International Open Jiu-Jitsu 2018,Master1/Female/Purple/Middle,2,KristenCarstensen,CarlsonGracieTeam
Houston International Open Jiu-Jitsu 2018,Master1/Female/Purple/Medium-Heavy,1,Helen,GracieBarra
Houston International Open Jiu-Jitsu 2018,Master1/Female/Purple/Medium-Heavy,2,ChenoaChristineCacho,LEADBJJ
Houston International Open Jiu-Jitsu 2018,Master1/Female/Purple/Medium-Heavy,3,EvelynTadlock,AllianceMarceloGarcia
Houston International Open Jiu-Jitsu 2018,Master1/Female/Purple/OpenClass,1,MarianaAzevedo,GracieBarra
Houston International Open Jiu-Jitsu 2018,Master1/Female/Purple/OpenClass,2,Helen,GracieBarra
Houston International Open Jiu-Jitsu 2018,Master1/Female/Purple/OpenClass,3,MelissaTanner,PresaBrazilianJiu,Jitsu
Houston International Open Jiu-Jitsu 2018,Master1/Male/Brown/Feather,1,JordanBurtonIII,PabloSilvaBJJ,ZRTeam
Houston International Open Jiu-Jitsu 2018,Master1/Male/Brown/Feather,2,reshalmalik,GracieBarra
Houston International Open Jiu-Jitsu 2018,Master1/Male/Brown/Feather,3,MarcMartinez,LEADBJJ
Houston International Open Jiu-Jitsu 2018,Master1/Male/Brown/Feather,3,MohammedMagharef,GracieBarra
Houston International Open Jiu-Jitsu 2018,Master1/Male/Brown/Light,1,JordanLarsen,TeamLloydIrvin
Houston International Open Jiu-Jitsu 2018,Master1/Male/Brown/Light,2,AnthonyMichaelGaravalia,BigBrothers
Houston International Open Jiu-Jitsu 2018,Master1/Male/Brown/Light,3,DannyKou,Brazil021International
Houston International Open Jiu-Jitsu 2018,Master1/Male/Brown/Middle,1,JoelAaronHeinen,GracieBarra
Houston International Open Jiu-Jitsu 2018,Master1/Male/Brown/Middle,2,EfrainRodriguez,Alliance
Houston International Open Jiu-Jitsu 2018,Master1/Male/Brown/Medium-Heavy,1,ThomasMancha,GFTeam
Houston International Open Jiu-Jitsu 2018,Master1/Male/Brown/Medium-Heavy,2,RobertMaxBookman,GracieBarra
Houston International Open Jiu-Jitsu 2018,Master1/Male/Brown/Medium-Heavy,3,EugeneGutierrez,Alliance
Houston International Open Jiu-Jitsu 2018,Master1/Male/Brown/Medium-Heavy,3,PatrickKendallChancey,PabloSilvaBJJ,ZRTeam
Houston International Open Jiu-Jitsu 2018,Master1/Male/Brown/Heavy,1,PatrickCooney,CarlsonGracieTeam
Houston International Open Jiu-Jitsu 2018,Master1/Male/Brown/Heavy,2,PhillipBrown,GracieBarra
Houston International Open Jiu-Jitsu 2018,Master1/Male/Brown/Heavy,3,CharlesJackson,BJJRevolutionTeam
Houston International Open Jiu-Jitsu 2018,Master1/Male/Brown/Super-Heavy,1,ChristopherLeeWest,LEADBJJ
Houston International Open Jiu-Jitsu 2018,Master1/Male/Brown/Ultra-Heavy,1,ChrisRoberson,BJJRevolutionTeam
Houston International Open Jiu-Jitsu 2018,Master1/Male/Brown/Ultra-Heavy,2,John,DylanRomann,PabloSilvaBJJ,ZRTeam
Houston International Open Jiu-Jitsu 2018,Master1/Male/Brown/Ultra-Heavy,3,FrankyMartinez,PabloSilvaBJJ,ZRTeam
Houston International Open Jiu-Jitsu 2018,Master1/Male/Brown/OpenClass,1,ThomasMancha,GFTeam
Houston International Open Jiu-Jitsu 2018,Master1/Male/Brown/OpenClass,2,ChrisRoberson,BJJRevolutionTeam
Houston International Open Jiu-Jitsu 2018,Master1/Male/Brown/OpenClass,3,ChristopherLeeWest,LEADBJJ
Houston International Open Jiu-Jitsu 2018,Master1/Male/Brown/OpenClass,3,PhillipBrown,GracieBarra
Houston International Open Jiu-Jitsu 2018,Master1/Female/Brown/Feather,1,GeorginaStaley,PabloSilvaBJJ,ZRTeam
Houston International Open Jiu-Jitsu 2018,Master1/Female/Brown/Feather,2,CynthiaAFink,AllianceMarceloGarcia
Houston International Open Jiu-Jitsu 2018,Master1/Female/Brown/Light,1,CristinaNataliaShepler,LEADBJJ
Houston International Open Jiu-Jitsu 2018,Master1/Female/Brown/Light,2,RachelAnnBeach,GracieBarra
Houston International Open Jiu-Jitsu 2018,Master1/Female/Brown/Light,3,BambiOranday,AllianceCharlotte
Houston International Open Jiu-Jitsu 2018,Master1/Female/Brown/Super-Heavy,1,CharityCombs,SolisMartialArtsClub
Houston International Open Jiu-Jitsu 2018,Master1/Female/Brown/OpenClass,1,GeorginaStaley,PabloSilvaBJJ,ZRTeam
Houston International Open Jiu-Jitsu 2018,Master1/Female/Brown/OpenClass,2,CharityCombs,SolisMartialArtsClub
Houston International Open Jiu-Jitsu 2018,Master1/Female/Brown/OpenClass,3,RachelAnnBeach,GracieBarra
Houston International Open Jiu-Jitsu 2018,Master1/Male/Black/Light-Feather,1,BrunoAyolphiBraz,KimuraBJJUSA
Houston International Open Jiu-Jitsu 2018,Master1/Male/Black/Light-Feather,2,JustinMasaichiOrdinario,PabloSilvaBJJ,ZRTeam
Houston International Open Jiu-Jitsu 2018,Master1/Male/Black/Light-Feather,3,DustinMOrdinario,PabloSilvaBJJ,ZRTeam
Houston International Open Jiu-Jitsu 2018,Master1/Male/Black/Feather,1,PauloEduardoVieiraNunesFreire,GracieBarra
Houston International Open Jiu-Jitsu 2018,Master1/Male/Black/Light,1,ErickViniciusS.RaposoOliveira,SoulFightersBJJ
Houston International Open Jiu-Jitsu 2018,Master1/Male/Black/Light,2,RafaelVianadeSousa,GracieBarra
Houston International Open Jiu-Jitsu 2018,Master1/Male/Black/Light,3,JuanQuiñonezMartinezdeCastro,BrasaCTA
Houston International Open Jiu-Jitsu 2018,Master1/Male/Black/Light,3,RobertoJoseRivas,GracieBarra
Houston International Open Jiu-Jitsu 2018,Master1/Male/Black/Middle,1,ElfrankliArarunadeSouza,PabloSilvaBJJ,ZRTeam
Houston International Open Jiu-Jitsu 2018,Master1/Male/Black/Middle,2,LeonardoDelgadodeOliveira,SoulFightersBJJ
Houston International Open Jiu-Jitsu 2018,Master1/Male/Black/Middle,3,MarcusV.C.Antelante,SoulFightersBJJ
Houston International Open Jiu-Jitsu 2018,Master1/Male/Black/Middle,3,RichardAndrewLockwood,RilionGracieJiu,JitsuAcademy
Houston International Open Jiu-Jitsu 2018,Master1/Male/Black/Medium-Heavy,1,RafaelMonteiroBarbosa,SoulFightersBJJ
Houston International Open Jiu-Jitsu 2018,Master1/Male/Black/Medium-Heavy,2,TyeRyanMurphy,TeamLloydIrvin
Houston International Open Jiu-Jitsu 2018,Master1/Male/Black/Medium-Heavy,3,PaulWoo,BARBOSAJIU,JITSUUSA
Houston International Open Jiu-Jitsu 2018,Master1/Male/Black/Medium-Heavy,3,SergioSantosdaCostaFilho,GracieBarra
Houston International Open Jiu-Jitsu 2018,Master1/Male/Black/Heavy,1,RobertJonYamashita,EliteMixedMartialArts
Houston International Open Jiu-Jitsu 2018,Master1/Male/Black/Heavy,2,WesleyGeorge,GracieBarra
Houston International Open Jiu-Jitsu 2018,Master1/Male/Black/Ultra-Heavy,1,RafaeldeArrudaJapur,CheckMat
Houston International Open Jiu-Jitsu 2018,Master1/Male/Black/OpenClass,1,RafaelMonteiroBarbosa,SoulFightersBJJ
Houston International Open Jiu-Jitsu 2018,Master1/Male/Black/OpenClass,2,MarcusV.C.Antelante,SoulFightersBJJ
Houston International Open Jiu-Jitsu 2018,Master1/Male/Black/OpenClass,3,PauloEduardoVieiraNunesFreire,GracieBarra
Houston International Open Jiu-Jitsu 2018,Master1/Male/Black/OpenClass,3,TyeRyanMurphy,TeamLloydIrvin
Houston International Open Jiu-Jitsu 2018,Master2/Male/White/Light,1,AaronAnthonyDuke,GracieBarra
Houston International Open Jiu-Jitsu 2018,Master2/Male/White/Light,2,PaulArcediano,GracieBarra
Houston International Open Jiu-Jitsu 2018,Master2/Male/White/Light,3,AnthonyMarquino,PabloSilvaBJJ,ZRTeam
Houston International Open Jiu-Jitsu 2018,Master2/Male/White/Light,3,SimonVaamonde,PabloSilvaBJJ,ZRTeam
Houston International Open Jiu-Jitsu 2018,Master2/Male/White/Middle,1,WesleyHenckel,SoulFightersBJJ
Houston International Open Jiu-Jitsu 2018,Master2/Male/White/Middle,2,BunkerMillerHill,BJJRevolutionTeam
Houston International Open Jiu-Jitsu 2018,Master2/Male/White/Middle,3,JamesNinh,BrazilianTopTeam
Houston International Open Jiu-Jitsu 2018,Master2/Male/White/Middle,3,RomanFootnick,Brazil021International
Houston International Open Jiu-Jitsu 2018,Master2/Male/White/Medium-Heavy,1,JosePCalderon,PabloSilvaBJJ,ZRTeam
Houston International Open Jiu-Jitsu 2018,Master2/Male/White/Medium-Heavy,2,JoshWertz,RenatoTavaresAssociation
Houston International Open Jiu-Jitsu 2018,Master2/Male/White/Medium-Heavy,3,JoseElenoPerezIII,GracieBarra
Houston International Open Jiu-Jitsu 2018,Master2/Male/White/Medium-Heavy,3,LuisChug,BJJRevolutionTeam
Houston International Open Jiu-Jitsu 2018,Master2/Male/White/Heavy,1,DavidFlowers,Brazil021International
Houston International Open Jiu-Jitsu 2018,Master2/Male/White/Heavy,2,ClarkCarroll,GracieBarra
Houston International Open Jiu-Jitsu 2018,Master2/Male/White/Heavy,3,JaafarEl,Annan,PabloSilvaBJJ,ZRTeam
Houston International Open Jiu-Jitsu 2018,Master2/Male/White/Heavy,3,KennethHenderson,GracieBarra
Houston International Open Jiu-Jitsu 2018,Master2/Male/White/Super-Heavy,1,DarrylMcEachin,A,ForceBrazilianJiu,Jitsu
Houston International Open Jiu-Jitsu 2018,Master2/Male/White/Super-Heavy,2,RubenGarcia,GFTeam
Houston International Open Jiu-Jitsu 2018,Master2/Male/White/Super-Heavy,3,JuanGabrielGomez,PresaBrazilianJiu,Jitsu
Houston International Open Jiu-Jitsu 2018,Master2/Male/White/Super-Heavy,3,RichardDavidMiles,BJJRevolutionTeam
Houston International Open Jiu-Jitsu 2018,Master2/Male/White/Ultra-Heavy,1,BillyJones,GracieBarra
Houston International Open Jiu-Jitsu 2018,Master2/Male/White/Ultra-Heavy,2,TimothyJamesBanks,BrazilianTopTeam
Houston International Open Jiu-Jitsu 2018,Master2/Male/White/Ultra-Heavy,3,FredHartensteiner,Brazil021International
Houston International Open Jiu-Jitsu 2018,Master2/Male/White/Ultra-Heavy,3,JasonFlores,BrazilianTopTeam
Houston International Open Jiu-Jitsu 2018,Master2/Male/Blue/Light-Feather,1,PacerMathis,GracieBarra
Houston International Open Jiu-Jitsu 2018,Master2/Male/Blue/Light-Feather,2,SandroVelez,GracieBarraJJ
Houston International Open Jiu-Jitsu 2018,Master2/Male/Blue/Feather,1,VictorEdwardCantu,GracieBarra
Houston International Open Jiu-Jitsu 2018,Master2/Male/Blue/Feather,2,DavidTranNguyen,RilionGracieJiu,JitsuAcademy
Houston International Open Jiu-Jitsu 2018,Master2/Male/Blue/Feather,3,AsifAbro,PabloSilvaBJJ,ZRTeam
Houston International Open Jiu-Jitsu 2018,Master2/Male/Blue/Feather,3,AubreyRandle,BJJRevolutionTeam
Houston International Open Jiu-Jitsu 2018,Master2/Male/Blue/Light,1,HungVanNgo,BJJRevolutionTeam
Houston International Open Jiu-Jitsu 2018,Master2/Male/Blue/Light,2,KaiderSheen,PabloSilvaBJJ,ZRTeam
Houston International Open Jiu-Jitsu 2018,Master2/Male/Blue/Light,3,ChadAaronGolay,CarlsonGracieTeam
Houston International Open Jiu-Jitsu 2018,Master2/Male/Blue/Light,3,RussellWilliamBraud,SoulFightersBJJ
Houston International Open Jiu-Jitsu 2018,Master2/Male/Blue/Middle,1,MatthewMorin,BrasaCTA
Houston International Open Jiu-Jitsu 2018,Master2/Male/Blue/Middle,2,RonnieRodriguez,GracieBarra
Houston International Open Jiu-Jitsu 2018,Master2/Male/Blue/Middle,3,DannyCasino,BJJRevolutionTeam
Houston International Open Jiu-Jitsu 2018,Master2/Male/Blue/Middle,3,JorgeF.Maldonado,TeamTookeMixedMartialArts
Houston International Open Jiu-Jitsu 2018,Master2/Male/Blue/Medium-Heavy,1,AdamCrump,PabloSilvaBJJ,ZRTeam
Houston International Open Jiu-Jitsu 2018,Master2/Male/Blue/Medium-Heavy,2,JamesDavidMayo,GracieBarra
Houston International Open Jiu-Jitsu 2018,Master2/Male/Blue/Medium-Heavy,3,ChristopherLloydCreamer,BrasaAustinTX
Houston International Open Jiu-Jitsu 2018,Master2/Male/Blue/Medium-Heavy,3,DustinLWebb,TeamRivasBrazilianJiu,Jitsu
Houston International Open Jiu-Jitsu 2018,Master2/Male/Blue/Heavy,1,JahnellParkinson,BJJRevolutionTeam
Houston International Open Jiu-Jitsu 2018,Master2/Male/Blue/Heavy,2,RussellWayneHenckel,AllianceCharlotte
Houston International Open Jiu-Jitsu 2018,Master2/Male/Blue/Heavy,3,GinoFlores,GracieBarra
Houston International Open Jiu-Jitsu 2018,Master2/Male/Blue/Super-Heavy,1,CyrilJeffreySmithJr.,LEADBJJ
Houston International Open Jiu-Jitsu 2018,Master2/Male/Blue/Super-Heavy,2,ChristopherNobleReeve,GracieBarra
Houston International Open Jiu-Jitsu 2018,Master2/Male/Blue/Super-Heavy,3,JeffreyAustinKessler,BJJRevolutionTeam
Houston International Open Jiu-Jitsu 2018,Master2/Male/Blue/Super-Heavy,3,MatthewDavidRuibal,GracieHumaitaCorpusChristi
Houston International Open Jiu-Jitsu 2018,Master2/Male/Blue/Ultra-Heavy,1,DonBockman,BrazilianTopTeam
Houston International Open Jiu-Jitsu 2018,Master2/Male/Blue/Ultra-Heavy,2,RobertClaytonBlackstone,GFTeam
Houston International Open Jiu-Jitsu 2018,Master2/Male/Blue/Ultra-Heavy,3,DallasMorris,GracieBarra
Houston International Open Jiu-Jitsu 2018,Master2/Male/Blue/Ultra-Heavy,3,SethZaunbrecher,127BJJ
Houston International Open Jiu-Jitsu 2018,Master2/Male/Blue/OpenClass,1,MatthewMorin,BrasaCTA
Houston International Open Jiu-Jitsu 2018,Master2/Male/Blue/OpenClass,2,DannyCasino,BJJRevolutionTeam
Houston International Open Jiu-Jitsu 2018,Master2/Male/Blue/OpenClass,3,KaiderSheen,PabloSilvaBJJ,ZRTeam
Houston International Open Jiu-Jitsu 2018,Master2/Male/Blue/OpenClass,3,SethZaunbrecher,127BJJ
Houston International Open Jiu-Jitsu 2018,Master2/Male/Purple/Feather,1,BrianChou,BrazilianTopTeam
Houston International Open Jiu-Jitsu 2018,Master2/Male/Purple/Feather,2,SylvesterJohnson,GracieBarra
Houston International Open Jiu-Jitsu 2018,Master2/Male/Purple/Feather,3,JoshuaRandallOrtego,TRUJITSU/Bakersfield
Houston International Open Jiu-Jitsu 2018,Master2/Male/Purple/Feather,3,PaulDo,Brazil021International
Houston International Open Jiu-Jitsu 2018,Master2/Male/Purple/Light,1,SamuelFountain,PabloSilvaBJJ,ZRTeam
Houston International Open Jiu-Jitsu 2018,Master2/Male/Purple/Light,2,JamesZipperer,BJJRevolutionTeam
Houston International Open Jiu-Jitsu 2018,Master2/Male/Purple/Light,3,John,RayCasimiro,RilionGracieJiu,JitsuAcademy
Houston International Open Jiu-Jitsu 2018,Master2/Male/Purple/Light,3,RickyBelow,TeamJucãoUSA
Houston International Open Jiu-Jitsu 2018,Master2/Male/Purple/Middle,1,DouglasCooper,GFTeam
Houston International Open Jiu-Jitsu 2018,Master2/Male/Purple/Middle,2,AvrahamSheleg,PabloSilvaBJJ,ZRTeam
Houston International Open Jiu-Jitsu 2018,Master2/Male/Purple/Middle,3,JoseMainieriNeto,GracieBarra
Houston International Open Jiu-Jitsu 2018,Master2/Male/Purple/Medium-Heavy,1,AltonDeonMossJr.,SASTeamUSA
Houston International Open Jiu-Jitsu 2018,Master2/Male/Purple/Medium-Heavy,2,JesusUrielTorres,GracieBarra
Houston International Open Jiu-Jitsu 2018,Master2/Male/Purple/Medium-Heavy,3,CraigRodrigue,TeamJucão
Houston International Open Jiu-Jitsu 2018,Master2/Male/Purple/Medium-Heavy,3,FrankTverdek,GFTeam
Houston International Open Jiu-Jitsu 2018,Master2/Male/Purple/Heavy,1,JosephMcNeely,PabloSilvaBJJ,ZRTeam
Houston International Open Jiu-Jitsu 2018,Master2/Male/Purple/Heavy,2,DavidJacobs,PabloSilvaBJJ,ZRTeam
Houston International Open Jiu-Jitsu 2018,Master2/Male/Purple/Super-Heavy,1,CoraTalamoni,AresBJJAlaska
Houston International Open Jiu-Jitsu 2018,Master2/Male/Purple/Super-Heavy,2,FaustAlexandruCotisel,GracieBarra
Houston International Open Jiu-Jitsu 2018,Master2/Male/Purple/Super-Heavy,3,TylerStewart,CarlsonGracieTeam
Houston International Open Jiu-Jitsu 2018,Master2/Male/Purple/Super-Heavy,3,YuIto,RilionGracieJiu,JitsuAcademy
Houston International Open Jiu-Jitsu 2018,Master2/Male/Purple/OpenClass,1,AltonDeonMossJr.,SASTeamUSA
Houston International Open Jiu-Jitsu 2018,Master2/Male/Purple/OpenClass,2,CraigRodrigue,TeamJucão
Houston International Open Jiu-Jitsu 2018,Master2/Male/Purple/OpenClass,3,CoraTalamoni,AresBJJAlaska
Houston International Open Jiu-Jitsu 2018,Master2/Male/Purple/OpenClass,3,DavidJacobs,PabloSilvaBJJ,ZRTeam
Houston International Open Jiu-Jitsu 2018,Master2/Male/Brown/Light-Feather,2,MarcelWoodard,GFTeam
Houston International Open Jiu-Jitsu 2018,Master2/Male/Brown/Feather,1,PhilipYost,GracieBarra
Houston International Open Jiu-Jitsu 2018,Master2/Male/Brown/Feather,2,ChristopherRickyFarias,TeamTookeMixedMartialArts
Houston International Open Jiu-Jitsu 2018,Master2/Male/Brown/Light,1,RubenRodriguez,GracieBarra
Houston International Open Jiu-Jitsu 2018,Master2/Male/Brown/Light,2,AndreaDeStefano,SoulFightersBJJ
Houston International Open Jiu-Jitsu 2018,Master2/Male/Brown/Middle,1,ClaytonDean,GracieBarra
Houston International Open Jiu-Jitsu 2018,Master2/Male/Brown/Middle,2,AhmedElsayed,RobertoTravenBJJ
Houston International Open Jiu-Jitsu 2018,Master2/Male/Brown/Middle,3,DannyRayDuckworth,Alliance
Houston International Open Jiu-Jitsu 2018,Master2/Male/Brown/Middle,3,ThomasDeSouza,RilionGracieJiu,JitsuAcademy
Houston International Open Jiu-Jitsu 2018,Master2/Male/Brown/Medium-Heavy,1,LeslieKMilika'a,GFTeam
Houston International Open Jiu-Jitsu 2018,Master2/Male/Brown/Medium-Heavy,2,JoshuaQuintero,GracieBarra
Houston International Open Jiu-Jitsu 2018,Master2/Male/Brown/Medium-Heavy,3,JoeKellyWaldrop,BJJRevolutionTeam
Houston International Open Jiu-Jitsu 2018,Master2/Male/Brown/Ultra-Heavy,1,JaimeLazcano,BJJRevolutionTeam
Houston International Open Jiu-Jitsu 2018,Master2/Male/Brown/Ultra-Heavy,2,DanielFernandez,GracieBarra
Houston International Open Jiu-Jitsu 2018,Master2/Male/Brown/Ultra-Heavy,3,KurtZettlemoyer,GracieBarra
Houston International Open Jiu-Jitsu 2018,Master2/Male/Brown/Ultra-Heavy,3,PedroBusko,RilionGracieJiu,JitsuAcademy
Houston International Open Jiu-Jitsu 2018,Master2/Male/Brown/OpenClass,1,AndreaDeStefano,SoulFightersBJJ
Houston International Open Jiu-Jitsu 2018,Master2/Male/Brown/OpenClass,2,ThomasDeSouza,RilionGracieJiu,JitsuAcademy
Houston International Open Jiu-Jitsu 2018,Master2/Male/Brown/OpenClass,3,JoeKellyWaldrop,BJJRevolutionTeam
Houston International Open Jiu-Jitsu 2018,Master2/Male/Black/Light-Feather,1,AnthonyJosephFerro,UflackerAcademy
Houston International Open Jiu-Jitsu 2018,Master2/Male/Black/Light-Feather,2,JasonLeeEckhardt,PabloSilvaBJJ,ZRTeam
Houston International Open Jiu-Jitsu 2018,Master2/Male/Black/Light-Feather,3,NicholasMikolaj,TeamRivasBrazilianJiu,Jitsu
Houston International Open Jiu-Jitsu 2018,Master2/Male/Black/Light,1,EduardoRamosdaSilva,EdRamosJiu,JitsuUSA
Houston International Open Jiu-Jitsu 2018,Master2/Male/Black/Light,2,AndersonSilveriodaSilva,Brazil021International
Houston International Open Jiu-Jitsu 2018,Master2/Male/Black/Light,3,BrunoJoseCorreiaAlves,GFTeam
Houston International Open Jiu-Jitsu 2018,Master2/Male/Black/Light,3,EdwardAnthony,BJJRevolutionTeam
Houston International Open Jiu-Jitsu 2018,Master2/Male/Black/Middle,1,AlexMartinsdoNascimento,AMBJJ,AlexMartinsBrazilianJiu,Jitsu
Houston International Open Jiu-Jitsu 2018,Master2/Male/Black/Middle,2,SergioRodrigodeOliveiraBenini,GracieBarra
Houston International Open Jiu-Jitsu 2018,Master2/Male/Black/Middle,3,GustavoHenriqueFrançaPaiva,GracieBarra
Houston International Open Jiu-Jitsu 2018,Master2/Male/Black/Middle,3,RandyRiosVera,GracieHumaitaAustin
Houston International Open Jiu-Jitsu 2018,Master2/Male/Black/Medium-Heavy,1,RodrigoPinheiroBreves,GracieHumaitaUSA
Houston International Open Jiu-Jitsu 2018,Master2/Male/Black/Medium-Heavy,2,ReedShelger,GFTeam
Houston International Open Jiu-Jitsu 2018,Master2/Male/Black/Medium-Heavy,3,DanielF.Rivas,TeamRivasBrazilianJiu,Jitsu
Houston International Open Jiu-Jitsu 2018,Master2/Male/Black/Medium-Heavy,3,JoshuaAdamSharpless,GracieBarra
Houston International Open Jiu-Jitsu 2018,Master2/Male/Black/Super-Heavy,1,NicholasLawrenceHaas,ZenithBJJ,LasVegas
Houston International Open Jiu-Jitsu 2018,Master2/Male/Black/Super-Heavy,2,UlpianoMalachiasNeto,GracieBarra
Houston International Open Jiu-Jitsu 2018,Master2/Male/Black/Ultra-Heavy,1,FlavioAlvesdeAlmeida,GracieBarra
Houston International Open Jiu-Jitsu 2018,Master2/Male/Black/Ultra-Heavy,2,BrunoBastosCruz,LEADBJJ
Houston International Open Jiu-Jitsu 2018,Master2/Male/Black/Ultra-Heavy,3,SamuelDouglasHudson,BrazilianTopTeam
Houston International Open Jiu-Jitsu 2018,Master2/Male/Black/OpenClass,1,FlavioAlvesdeAlmeida,GracieBarra
Houston International Open Jiu-Jitsu 2018,Master2/Male/Black/OpenClass,2,AlexMartinsdoNascimento,AMBJJ,AlexMartinsBrazilianJiu,Jitsu
Houston International Open Jiu-Jitsu 2018,Master2/Male/Black/OpenClass,3,EduardoRamosdaSilva,EdRamosJiu,JitsuUSA
Houston International Open Jiu-Jitsu 2018,Master2/Male/Black/OpenClass,3,NicholasLawrenceHaas,ZenithBJJ,LasVegas
Houston International Open Jiu-Jitsu 2018,Master3/Male/Blue/Light-Feather,1,JoanMCabas,SoulFightersBJJ
Houston International Open Jiu-Jitsu 2018,Master3/Male/Blue/Light-Feather,2,BrandonBentley,Brazil021International
Houston International Open Jiu-Jitsu 2018,Master3/Male/Blue/Light-Feather,3,StephenFlanagan,BJJRevolutionTeam
Houston International Open Jiu-Jitsu 2018,Master3/Male/Blue/Middle,1,LeroyVazquez,GFTeam
Houston International Open Jiu-Jitsu 2018,Master3/Male/Blue/Middle,2,CoryTalent,PabloSilvaBJJ,ZRTeam
Houston International Open Jiu-Jitsu 2018,Master3/Male/Blue/Middle,3,FernandoLuisSindaco,RilionGracieJiu,JitsuAcademy
Houston International Open Jiu-Jitsu 2018,Master3/Male/Blue/Middle,3,PhongTran,RilionGracieJiu,JitsuAcademy
Houston International Open Jiu-Jitsu 2018,Master3/Male/Blue/Medium-Heavy,1,JeremyMoore,SoulFightersBJJ
Houston International Open Jiu-Jitsu 2018,Master3/Male/Blue/Medium-Heavy,2,DavidRossFeldman,Brazil021International
Houston International Open Jiu-Jitsu 2018,Master3/Male/Blue/Medium-Heavy,3,CoryJenkins,GracieBarra
Houston International Open Jiu-Jitsu 2018,Master3/Male/Blue/Medium-Heavy,3,PatrickDanielMunnerlyn,LovatoJiu,Jitsu
Houston International Open Jiu-Jitsu 2018,Master3/Male/Blue/Heavy,1,ArturoPerez,PabloSilvaBJJ,ZRTeam
Houston International Open Jiu-Jitsu 2018,Master3/Male/Blue/Heavy,2,AshHornbeck,CarlsonGracieTeam
Houston International Open Jiu-Jitsu 2018,Master3/Male/Blue/Heavy,3,AlexPanoutsakos,CheckMat
Houston International Open Jiu-Jitsu 2018,Master3/Male/Blue/Heavy,3,MatthewWray,OAthletikBrazilianJiu,Jitsu
Houston International Open Jiu-Jitsu 2018,Master3/Male/Blue/Super-Heavy,1,JoshuaDamonDiak,GracieBarra
Houston International Open Jiu-Jitsu 2018,Master3/Male/Blue/Super-Heavy,2,AlbertoPena,PabloSilvaBJJ,ZRTeam
Houston International Open Jiu-Jitsu 2018,Master3/Male/Blue/Ultra-Heavy,1,HassanHaminAssad,GracieBarra
Houston International Open Jiu-Jitsu 2018,Master3/Male/Blue/Ultra-Heavy,2,GregoryRamos,EdRamosJiu,JitsuUSA
Houston International Open Jiu-Jitsu 2018,Master3/Male/Blue/OpenClass,1,HassanHaminAssad,GracieBarra
Houston International Open Jiu-Jitsu 2018,Master3/Male/Blue/OpenClass,2,JeremyMoore,SoulFightersBJJ
Houston International Open Jiu-Jitsu 2018,Master3/Male/Blue/OpenClass,3,AlexPanoutsakos,CheckMat
Houston International Open Jiu-Jitsu 2018,Master3/Male/Blue/OpenClass,3,JoanMCabas,SoulFightersBJJ
Houston International Open Jiu-Jitsu 2018,Master3/Male/Purple/Feather,1,JasonWhite,EdRamosJiu,JitsuUSA
Houston International Open Jiu-Jitsu 2018,Master3/Male/Purple/Feather,2,CuongQuocTrinh,GracieBarra
Houston International Open Jiu-Jitsu 2018,Master3/Male/Purple/Middle,1,AlexIrishkov,Brazil021International
Houston International Open Jiu-Jitsu 2018,Master3/Male/Purple/Middle,2,Georgehonaker,AMBJJ,AlexMartinsBrazilianJiu,Jitsu
Houston International Open Jiu-Jitsu 2018,Master3/Male/Purple/Middle,3,AaronMathewMartin,AllianceCharlotte
Houston International Open Jiu-Jitsu 2018,Master3/Male/Purple/Middle,3,JulesEvanJohnson,PabloSilvaBJJ,ZRTeam
Houston International Open Jiu-Jitsu 2018,Master3/Male/Purple/Medium-Heavy,1,RoyGonzales,PabloSilvaBJJ,ZRTeam
Houston International Open Jiu-Jitsu 2018,Master3/Male/Purple/Medium-Heavy,2,JoseAlfredoLopez,BrazilianTopTeam
Houston International Open Jiu-Jitsu 2018,Master3/Male/Purple/Medium-Heavy,3,SamuelJosephVarner,CobraBrazilianJiu,Jitsu
Houston International Open Jiu-Jitsu 2018,Master3/Male/Purple/Heavy,1,RoyGonzales,GFTeam
Houston International Open Jiu-Jitsu 2018,Master3/Male/Purple/Heavy,2,WilliamCodyWilson,GracieBarra
Houston International Open Jiu-Jitsu 2018,Master3/Male/Purple/Heavy,3,ReneQuinteroFlores,GFTeam
Houston International Open Jiu-Jitsu 2018,Master3/Male/Purple/Ultra-Heavy,1,JohnMcCowen,TeamTookeMixedMartialArts
Houston International Open Jiu-Jitsu 2018,Master3/Male/Purple/Ultra-Heavy,2,MonteTanner,PresaBrazilianJiu,Jitsu
Houston International Open Jiu-Jitsu 2018,Master3/Male/Purple/Ultra-Heavy,3,ClintS.Clark,TeamLDMA
Houston International Open Jiu-Jitsu 2018,Master3/Male/Purple/Ultra-Heavy,3,PatrickCox,GracieBarra
Houston International Open Jiu-Jitsu 2018,Master3/Male/Purple/OpenClass,1,JohnMcCowen,TeamTookeMixedMartialArts
Houston International Open Jiu-Jitsu 2018,Master3/Male/Purple/OpenClass,2,CuongQuocTrinh,GracieBarra
Houston International Open Jiu-Jitsu 2018,Master3/Male/Purple/OpenClass,3,AaronMathewMartin,AllianceCharlotte
Houston International Open Jiu-Jitsu 2018,Master3/Male/Purple/OpenClass,3,RoyGonzales,PabloSilvaBJJ,ZRTeam
Houston International Open Jiu-Jitsu 2018,Master3/Male/Brown/Light,1,JeromeRoseborough,BJJRevolutionTeam
Houston International Open Jiu-Jitsu 2018,Master3/Male/Brown/Light,2,GilbertValenzuela,TeamLloydIrvin
Houston International Open Jiu-Jitsu 2018,Master3/Male/Brown/Light,3,JasonCasillas,SoulFightersBJJ
Houston International Open Jiu-Jitsu 2018,Master3/Male/Brown/Middle,1,JasonEverettRebsch,GracieBarra
Houston International Open Jiu-Jitsu 2018,Master3/Male/Brown/Middle,2,W.VincentLipscomb,BJJRevolutionTeam
Houston International Open Jiu-Jitsu 2018,Master3/Male/Brown/Medium-Heavy,1,DagobertoChapa,DDRJiuJitsu
Houston International Open Jiu-Jitsu 2018,Master3/Male/Brown/Heavy,1,RaymondA.McFarlane,BJJRevolutionTeam
Houston International Open Jiu-Jitsu 2018,Master3/Male/Brown/Heavy,2,RobertChambers,PabloSilvaBJJ,ZRTeam
Houston International Open Jiu-Jitsu 2018,Master3/Male/Brown/Super-Heavy,1,JoelMcClain,RilionGracieJiu,JitsuAcademy
Houston International Open Jiu-Jitsu 2018,Master3/Male/Brown/Super-Heavy,2,JeremiahDavidSoileau,PabloSilvaBJJ,ZRTeam
Houston International Open Jiu-Jitsu 2018,Master3/Male/Brown/OpenClass,1,RaymondA.McFarlane,BJJRevolutionTeam
Houston International Open Jiu-Jitsu 2018,Master3/Male/Brown/OpenClass,2,JasonCasillas,SoulFightersBJJ
Houston International Open Jiu-Jitsu 2018,Master3/Male/Brown/OpenClass,3,DagobertoChapa,DDRJiuJitsu
Houston International Open Jiu-Jitsu 2018,Master3/Male/Brown/OpenClass,3,JasonEverettRebsch,GracieBarra
Houston International Open Jiu-Jitsu 2018,Master3/Male/Black/Middle,1,MarceloSantosAzevedo,GracieBarra
Houston International Open Jiu-Jitsu 2018,Master3/Male/Black/Middle,2,JeremiahWarrenMatthews,GracieBarra
Houston International Open Jiu-Jitsu 2018,Master3/Male/Black/Middle,3,FernandoJesusSedelmeierGracia,BrazilianTopTeam
Houston International Open Jiu-Jitsu 2018,Master3/Male/Black/Middle,3,LoronzCeicilioMarion,SoulFightersBJJ
Houston International Open Jiu-Jitsu 2018,Master3/Male/Black/Medium-Heavy,1,EdsonJorgedaSilva,GracieBarra
Houston International Open Jiu-Jitsu 2018,Master3/Male/Black/Medium-Heavy,2,MarkJ.Vives,BonsaiJJ,USA
Houston International Open Jiu-Jitsu 2018,Master3/Male/Black/Medium-Heavy,3,AndrewDoe,GracieBarra
Houston International Open Jiu-Jitsu 2018,Master3/Male/Black/Medium-Heavy,3,JeffreySMessina,BJJRevolutionTeam
Houston International Open Jiu-Jitsu 2018,Master3/Male/Black/Heavy,1,TylerScottBosard,GracieBarra
Houston International Open Jiu-Jitsu 2018,Master3/Male/Black/Heavy,2,BrianAllenMarvin,GracieBarra
Houston International Open Jiu-Jitsu 2018,Master3/Male/Black/Heavy,3,PaulSamuelHansen,BrazilianTopTeam
Houston International Open Jiu-Jitsu 2018,Master3/Male/Black/Super-Heavy,1,RaulFranciscoJimenezTrivino,AllianceAtlanta
Houston International Open Jiu-Jitsu 2018,Master3/Male/Black/Super-Heavy,2,IsaacLeeHenderson,SylvioBehringUSA
Houston International Open Jiu-Jitsu 2018,Master3/Male/Black/Ultra-Heavy,1,ViktordeAraujoK.Doria,FightSports
Houston International Open Jiu-Jitsu 2018,Master3/Male/Black/Ultra-Heavy,2,FabioRibeiroCostaJúnior,GracieBarra
Houston International Open Jiu-Jitsu 2018,Master3/Male/Black/Ultra-Heavy,3,IshmaelTrentDraper,EdRamosJiu,JitsuUSA
Houston International Open Jiu-Jitsu 2018,Master3/Male/Black/OpenClass,1,MarceloSantosAzevedo,GracieBarra
Houston International Open Jiu-Jitsu 2018,Master3/Male/Black/OpenClass,2,ViktordeAraujoK.Doria,FightSports
Houston International Open Jiu-Jitsu 2018,Master3/Male/Black/OpenClass,3,IsaacLeeHenderson,SylvioBehringUSA
Houston International Open Jiu-Jitsu 2018,Master3/Male/Black/OpenClass,3,IshmaelTrentDraper,EdRamosJiu,JitsuUSA
Houston International Open Jiu-Jitsu 2018,Master4/Male/Blue/Light,1,MichaelHoskinson,LEADBJJ
Houston International Open Jiu-Jitsu 2018,Master4/Male/Blue/Light,2,JeffreyGaspar,Brazil021International
Houston International Open Jiu-Jitsu 2018,Master4/Male/Blue/Light,3,JohnHowell,TravisLutterBrazilianJiu,Jitsu
Houston International Open Jiu-Jitsu 2018,Master4/Male/Blue/Middle,1,EricOnishi,PabloSilvaBJJ,ZRTeam
Houston International Open Jiu-Jitsu 2018,Master4/Male/Blue/Middle,2,CharlesJimenez,RenatoTavaresAssociation
Houston International Open Jiu-Jitsu 2018,Master4/Male/Blue/Medium-Heavy,1,EdwardAcevedo,PabloSilvaBJJ,ZRTeam
Houston International Open Jiu-Jitsu 2018,Master4/Male/Blue/Medium-Heavy,2,JamesBernethy,SampsonJiu,JitsuAcademy
Houston International Open Jiu-Jitsu 2018,Master4/Male/Blue/Medium-Heavy,3,EligioGarcia,BJJRevolutionTeam
Houston International Open Jiu-Jitsu 2018,Master4/Male/Blue/Medium-Heavy,3,RichardSmith,GracieHumaitaCorpusChristi
Houston International Open Jiu-Jitsu 2018,Master4/Male/Blue/Heavy,1,JeffRodgers,PabloSilvaBJJ,ZRTeam
Houston International Open Jiu-Jitsu 2018,Master4/Male/Blue/Heavy,2,ThomasTippen,TravisLutterBrazilianJiu,Jitsu
Houston International Open Jiu-Jitsu 2018,Master4/Male/Blue/Heavy,3,JohnRuiz,RilionGracieJiu,JitsuAcademy
Houston International Open Jiu-Jitsu 2018,Master4/Male/Blue/Super-Heavy,1,CaryJohnStallings,BJJRevolutionTeam
Houston International Open Jiu-Jitsu 2018,Master4/Male/Blue/Ultra-Heavy,1,RandyNonhof,EliteMixedMartialArts
Houston International Open Jiu-Jitsu 2018,Master4/Male/Blue/Ultra-Heavy,2,TroyMichaelVolk,IntegracaoJiu,JitsuUSA
Houston International Open Jiu-Jitsu 2018,Master4/Male/Blue/Ultra-Heavy,3,DustinShelhamer,LEADBJJ
Houston International Open Jiu-Jitsu 2018,Master4/Male/Blue/Ultra-Heavy,3,WayneTerryEmmons,RenatoTavaresAssociation
Houston International Open Jiu-Jitsu 2018,Master4/Male/Blue/OpenClass,1,DustinShelhamer,LEADBJJ
Houston International Open Jiu-Jitsu 2018,Master4/Male/Blue/OpenClass,2,CaryJohnStallings,BJJRevolutionTeam
Houston International Open Jiu-Jitsu 2018,Master4/Male/Blue/OpenClass,3,JeffreyGaspar,Brazil021International
Houston International Open Jiu-Jitsu 2018,Master4/Male/Purple/Light,1,PeterJMolinelli,GracieTampaSouth
Houston International Open Jiu-Jitsu 2018,Master4/Male/Purple/Light,2,IsraelDavila,BrazilianTopTeam
Houston International Open Jiu-Jitsu 2018,Master4/Male/Purple/Light,3,RaymondBarrieWalker,PabloSilvaBJJ,ZRTeam
Houston International Open Jiu-Jitsu 2018,Master4/Male/Purple/Medium-Heavy,1,IsraelRamos,BJJRevolutionTeam
Houston International Open Jiu-Jitsu 2018,Master4/Male/Purple/Medium-Heavy,2,JeffieJacksonHornJr.,AMBJJ,AlexMartinsBrazilianJiu,Jitsu
Houston International Open Jiu-Jitsu 2018,Master4/Male/Purple/Heavy,1,DerrickBoykins,GFTeam
Houston International Open Jiu-Jitsu 2018,Master4/Male/Purple/Heavy,2,EduardoPonce,RilionGracieJiu,JitsuAcademy
Houston International Open Jiu-Jitsu 2018,Master4/Male/Purple/Heavy,3,JamesEdwardPiehl,GracieBarra
Houston International Open Jiu-Jitsu 2018,Master4/Male/Purple/Heavy,3,RichardBottomley,GracieBarra
Houston International Open Jiu-Jitsu 2018,Master4/Male/Purple/OpenClass,1,IsraelRamos,BJJRevolutionTeam
Houston International Open Jiu-Jitsu 2018,Master4/Male/Purple/OpenClass,2,JeffieJacksonHornJr.,AMBJJ,AlexMartinsBrazilianJiu,Jitsu
Houston International Open Jiu-Jitsu 2018,Master4/Male/Purple/OpenClass,3,JamesEdwardPiehl,GracieBarra
Houston International Open Jiu-Jitsu 2018,Master4/Male/Purple/OpenClass,3,RichardBottomley,GracieBarra
Houston International Open Jiu-Jitsu 2018,Master4/Male/Brown/Super-Heavy,1,EversonDeOliveiraAlmeida,PabloSilvaBJJ,ZRTeam
Houston International Open Jiu-Jitsu 2018,Master4/Male/Brown/Super-Heavy,2,RichardMcCarthy,Brazil021International
Houston International Open Jiu-Jitsu 2018,Master4/Male/Brown/Ultra-Heavy,1,ClementeJuanGarcia,GracieBarraJJ
Houston International Open Jiu-Jitsu 2018,Master4/Male/Brown/OpenClass,1,EversonDeOliveiraAlmeida,PabloSilvaBJJ,ZRTeam
Houston International Open Jiu-Jitsu 2018,Master4/Male/Black/Feather,1,TommyMontoya,GracieHumaitaCorpusChristi
Houston International Open Jiu-Jitsu 2018,Master4/Male/Black/Feather,2,StephenChaseHanson,PabloSilvaBJJ,ZRTeam
Houston International Open Jiu-Jitsu 2018,Master4/Male/Black/Medium-Heavy,1,CarlosAlbertoTerrinha,GracieBarra
Houston International Open Jiu-Jitsu 2018,Master4/Male/Black/Medium-Heavy,2,SaadAl,Aziz,Brazil021International
Houston International Open Jiu-Jitsu 2018,Master4/Male/Black/Heavy,1,EduardoGuzmanAvelar,GroundDwellers
Houston International Open Jiu-Jitsu 2018,Master4/Male/Black/Heavy,2,CarlosF.Martinez,GracieBarra
Houston International Open Jiu-Jitsu 2018,Master4/Male/Black/Heavy,3,JamesC.Wade,GracieHumaitaUSA
Houston International Open Jiu-Jitsu 2018,Master4/Male/Black/Super-Heavy,1,ChristopherMichaelGlew,CarlsonGracieTeam
Houston International Open Jiu-Jitsu 2018,Master4/Male/Black/Super-Heavy,2,ShawnPriceKennedy,GracieBarra
Houston International Open Jiu-Jitsu 2018,Master4/Male/Black/OpenClass,1,CarlosAlbertoTerrinha,GracieBarra
Houston International Open Jiu-Jitsu 2018,Master4/Male/Black/OpenClass,2,CarlosF.Martinez,GracieBarra
Houston International Open Jiu-Jitsu 2018,Master5/Male/Blue/Light,1,JimJosephEberle,GracieBarra
Houston International Open Jiu-Jitsu 2018,Master5/Male/Blue/Light,2,MartinOchoa,AllianceUSA
Houston International Open Jiu-Jitsu 2018,Master5/Male/Blue/Medium-Heavy,1,AlbertoMontenegro,BJJRevolutionTeam
Houston International Open Jiu-Jitsu 2018,Master5/Male/Blue/Medium-Heavy,2,DavidWayneGillies,GracieBarra
Houston International Open Jiu-Jitsu 2018,Master5/Male/Blue/Medium-Heavy,3,MalcolmGSharpe,PabloSilvaBJJ,ZRTeam
Houston International Open Jiu-Jitsu 2018,Master5/Male/Blue/OpenClass,1,AlbertoMontenegro,BJJRevolutionTeam
Houston International Open Jiu-Jitsu 2018,Master5/Male/Blue/OpenClass,2,JimJosephEberle,GracieBarra
Houston International Open Jiu-Jitsu 2018,Master5/Male/Purple/Super-Heavy,1,RubenGonzalez,BrazilianTopTeam
Houston International Open Jiu-Jitsu 2018,Master5/Male/Purple/Super-Heavy,2,FernandoSantiagoGonzalez,GracieBarra
Houston International Open Jiu-Jitsu 2018,Master5/Male/Brown/Super-Heavy,1,JohnHubbard,GFTeam
Houston International Open Jiu-Jitsu 2018,Master5/Male/Brown/Super-Heavy,2,MichaelJones,GracieBarra
Houston International Open Jiu-Jitsu 2018,Master5/Male/Brown/OpenClass,1,JohnHubbard,GFTeam
Houston International Open Jiu-Jitsu 2018,Master5/Male/Black/Light,1,RicardoGuimarães,GracieHumaitaTemecula
Houston International Open Jiu-Jitsu 2018,Master5/Male/Black/Medium-Heavy,1,MarioBowers,SocaBrazilianJiu,Jitsu
Houston International Open Jiu-Jitsu 2018,Master5/Male/Black/Medium-Heavy,2,RobertGeorgeMarvin,PabloSilvaBJJ,ZRTeam
Houston International Open Jiu-Jitsu 2018,Master5/Male/Black/Ultra-Heavy,1,PauloRobertodeCastro,GracieBarra
Houston International Open Jiu-Jitsu 2018,Master5/Male/Black/OpenClass,1,PauloRobertodeCastro,GracieBarra
Houston International Open Jiu-Jitsu 2018,Master5/Male/Black/OpenClass,2,RicardoGuimarães,GracieHumaitaTemecula
Houston International Open Jiu-Jitsu 2018,Master5/Male/Black/OpenClass,3,MarioBowers,SocaBrazilianJiu,Jitsu
Houston International Open Jiu-Jitsu 2018,Master5/Male/Black/OpenClass,3,RobertGeorgeMarvin,PabloSilvaBJJ,ZRTeam
Houston International Open Jiu-Jitsu 2018,Master6/Male/Blue/Feather,1,JamieSmith,OhanaJiu,JitsuAcademy
Houston International Open Jiu-Jitsu 2018,Master6/Male/Blue/Feather,2,ThomasBrown,OhanaJiu,JitsuAcademy
Houston International Open Jiu-Jitsu 2018,Master6/Male/Blue/Super-Heavy,1,DavidEugeneBrown,RenatoTavaresAssociation
Houston International Open Jiu-Jitsu 2018,Master6/Male/Blue/Super-Heavy,2,MichaelLouisAndries,GFTeam
Houston International Open Jiu-Jitsu 2018,Master6/Male/Blue/Super-Heavy,3,ChrisBurke,GracieBarra
Houston International Open Jiu-Jitsu 2018,Master6/Male/Blue/Ultra-Heavy,1,RichardBeemer,SoulFightersBJJ
Houston International Open Jiu-Jitsu 2018,Master6/Male/Blue/OpenClass,1,DavidEugeneBrown,RenatoTavaresAssociation
Houston International Open Jiu-Jitsu 2018,Master6/Male/Blue/OpenClass,2,ThomasBrown,OhanaJiu,JitsuAcademy
Houston International Open Jiu-Jitsu 2018,Master6/Male/Blue/OpenClass,3,MichaelLouisAndries,GFTeam
Houston International Open Jiu-Jitsu 2018,Master6/Male/Black/Ultra-Heavy,1,JohnDavidBarrera,PresaBrazilianJiu,Jitsu
Houston International Open Jiu-Jitsu 2018,Master6/Male/Black/Ultra-Heavy,2,MerleGoff,GracieBarra
