Gramado International Open Jiu-Jitsu No-Gi 2016,Juvenile/Male/Blue/Light,1,GustavoEstebamdosSantos,BARBOSAJIU,JITSU
Gramado International Open Jiu-Jitsu No-Gi 2016,Juvenile/Male/Blue/Medium-Heavy,1,PedroHenriqueMaiaCosta,CeiJiu,Jitsu
Gramado International Open Jiu-Jitsu No-Gi 2016,Juvenile/Male/Blue/Heavy,1,GabrielThomazFagundes,BARBOSAJIU,JITSU
Gramado International Open Jiu-Jitsu No-Gi 2016,Juvenile/Male/Blue/Ultra-Heavy,1,GuilhermedaSilvaRodrigues,AtosJiu,Jitsu
Gramado International Open Jiu-Jitsu No-Gi 2016,Juvenile/Female/Blue/Medium-Heavy,1,GiovanaMariaRistowdeCastro,Alliance
Gramado International Open Jiu-Jitsu No-Gi 2016,Adult/Male/Blue/Rooster,1,RelterLimaSilvaFilho,MGTEAM
Gramado International Open Jiu-Jitsu No-Gi 2016,Adult/Male/Blue/Light-Feather,1,GabrielFernandesSouza,BARBOSAJIU,JITSU
Gramado International Open Jiu-Jitsu No-Gi 2016,Adult/Male/Blue/Light-Feather,2,AdolfoCamposNeto,AtriumBJJ
Gramado International Open Jiu-Jitsu No-Gi 2016,Adult/Male/Blue/Light-Feather,3,JesséSantosdeAraújo,GameFightBJJ/Manimal
Gramado International Open Jiu-Jitsu No-Gi 2016,Adult/Male/Blue/Feather,1,LucasRodriguesdeOliveira,GameFightBJJ/Manimal
Gramado International Open Jiu-Jitsu No-Gi 2016,Adult/Male/Blue/Feather,2,DanielAnjos,CaioTerraAssociation
Gramado International Open Jiu-Jitsu No-Gi 2016,Adult/Male/Blue/Feather,3,DouglasRamos,GarraTeam
Gramado International Open Jiu-Jitsu No-Gi 2016,Adult/Male/Blue/Light,1,NixonBeloDosSantosSegundo,ZRTeamBrasil
Gramado International Open Jiu-Jitsu No-Gi 2016,Adult/Male/Blue/Light,2,JardelMartinsdaSilva,GarraTeam
Gramado International Open Jiu-Jitsu No-Gi 2016,Adult/Male/Blue/Light,3,AlanCorreadeBarcelos,NovaUnião
Gramado International Open Jiu-Jitsu No-Gi 2016,Adult/Male/Blue/Light,3,JosueGonzalez,NovaUnião
Gramado International Open Jiu-Jitsu No-Gi 2016,Adult/Male/Blue/Middle,1,GuilhermeFerrarreziBotrel,BARBOSAJIU,JITSU
Gramado International Open Jiu-Jitsu No-Gi 2016,Adult/Male/Blue/Middle,2,GabrieldeAmaralTeixeira,GracieHumaita
Gramado International Open Jiu-Jitsu No-Gi 2016,Adult/Male/Blue/Middle,3,EduardoLourencoPeres,TopBrotherSul
Gramado International Open Jiu-Jitsu No-Gi 2016,Adult/Male/Blue/Middle,3,MateusVianaFerreiradeSiqueira,NovaUnião
Gramado International Open Jiu-Jitsu No-Gi 2016,Adult/Male/Blue/Medium-Heavy,1,AndreiLucasdaSilva,GracieBarra
Gramado International Open Jiu-Jitsu No-Gi 2016,Adult/Male/Blue/Medium-Heavy,2,JoãoSoaresBatista,BeOneEPJJ
Gramado International Open Jiu-Jitsu No-Gi 2016,Adult/Male/Blue/Medium-Heavy,3,MarruasSantanaSiqueira,NovaUnião
Gramado International Open Jiu-Jitsu No-Gi 2016,Adult/Male/Blue/Heavy,1,JulianodeSouzaPavão,UnionTeamBJJBrazil
Gramado International Open Jiu-Jitsu No-Gi 2016,Adult/Male/Blue/Super-Heavy,1,EdsondeAlmeidaAraujo,RocianGracieJuniordeJiu,Jitsu
Gramado International Open Jiu-Jitsu No-Gi 2016,Adult/Male/Blue/Super-Heavy,2,LucianodeAndrade,DrillBJJ
Gramado International Open Jiu-Jitsu No-Gi 2016,Adult/Male/Blue/Ultra-Heavy,1,DiegoFragadosSantos,AtosJiu,Jitsu
Gramado International Open Jiu-Jitsu No-Gi 2016,Adult/Male/Blue/OpenClass,1,JardelMartinsdaSilva,GarraTeam
Gramado International Open Jiu-Jitsu No-Gi 2016,Adult/Male/Blue/OpenClass,2,AndreiLucasdaSilva,GracieBarra
Gramado International Open Jiu-Jitsu No-Gi 2016,Adult/Male/Blue/OpenClass,3,JulianodeSouzaPavão,UnionTeamBJJBrazil
Gramado International Open Jiu-Jitsu No-Gi 2016,Adult/Male/Blue/OpenClass,3,NixonBeloDosSantosSegundo,ZRTeamBrasil
Gramado International Open Jiu-Jitsu No-Gi 2016,Adult/Female/Blue/Feather,1,BarbaraZanchiBazzanBarros,DeLaRivaPoa
Gramado International Open Jiu-Jitsu No-Gi 2016,Adult/Female/Blue/Feather,2,TauáHermel,Alliance
Gramado International Open Jiu-Jitsu No-Gi 2016,Adult/Female/Blue/Light,1,ThamiresArrudaMonteiro,AcademiaMarangoni
Gramado International Open Jiu-Jitsu No-Gi 2016,Adult/Female/Blue/Middle,1,CatiaCristinaCercal,GracieBarra
Gramado International Open Jiu-Jitsu No-Gi 2016,Adult/Female/Blue/Medium-Heavy,1,MarinaCantelliCalegon,Tetris
Gramado International Open Jiu-Jitsu No-Gi 2016,Adult/Female/Blue/Medium-Heavy,2,DéboraMazur,RilionGracieFlorianópolis,SC
Gramado International Open Jiu-Jitsu No-Gi 2016,Adult/Female/Blue/OpenClass,1,ThamiresArrudaMonteiro,AcademiaMarangoni
Gramado International Open Jiu-Jitsu No-Gi 2016,Adult/Female/Blue/OpenClass,2,MarinaCantelliCalegon,Tetris
Gramado International Open Jiu-Jitsu No-Gi 2016,Adult/Female/Blue/OpenClass,3,CatiaCristinaCercal,GracieBarra
Gramado International Open Jiu-Jitsu No-Gi 2016,Adult/Male/Purple/Rooster,1,DiegoHenriqueBarrosOliveira,GracieBarra
Gramado International Open Jiu-Jitsu No-Gi 2016,Adult/Male/Purple/Light-Feather,1,RamondeMacedoValdevino,GFTeam
Gramado International Open Jiu-Jitsu No-Gi 2016,Adult/Male/Purple/Feather,1,ErmilioLucasFerreiraLima,Alliance
Gramado International Open Jiu-Jitsu No-Gi 2016,Adult/Male/Purple/Feather,2,DiegoHenriquePaiva,DemianMaiaJiu,Jitsu
Gramado International Open Jiu-Jitsu No-Gi 2016,Adult/Male/Purple/Feather,3,AndreLuizEngelkeAbrantesFilho,SoulFightersBJJ
Gramado International Open Jiu-Jitsu No-Gi 2016,Adult/Male/Purple/Feather,3,PedroIahnkedeOliveiraCrixel,UnityJiu,jitsu
Gramado International Open Jiu-Jitsu No-Gi 2016,Adult/Male/Purple/Light,1,NatanChuengFreitas,CaioTerraAssociation
Gramado International Open Jiu-Jitsu No-Gi 2016,Adult/Male/Purple/Light,2,LeonardodaTrindadeRodrigues,A.STeam
Gramado International Open Jiu-Jitsu No-Gi 2016,Adult/Male/Purple/Light,3,HenriqueZamin,GarraTeam
Gramado International Open Jiu-Jitsu No-Gi 2016,Adult/Male/Purple/Light,3,RamonRocha,EquipeA
Gramado International Open Jiu-Jitsu No-Gi 2016,Adult/Male/Purple/Middle,1,JuanJordanFerrazdosSantos,PSLPBCiceroCostha
Gramado International Open Jiu-Jitsu No-Gi 2016,Adult/Male/Purple/Middle,2,JeanColares,AtosJiu,Jitsu
Gramado International Open Jiu-Jitsu No-Gi 2016,Adult/Male/Purple/Middle,3,CaioFelipeFerreiradaSilva,GracieBarraJJ
Gramado International Open Jiu-Jitsu No-Gi 2016,Adult/Male/Purple/Middle,3,RafaeldeMeloOliveira,GracieBarra
Gramado International Open Jiu-Jitsu No-Gi 2016,Adult/Male/Purple/Medium-Heavy,1,MarcosViniciusdeOliveiraMartins,BARBOSAJIU,JITSU
Gramado International Open Jiu-Jitsu No-Gi 2016,Adult/Male/Purple/Medium-Heavy,2,DanielNunesMartins,AtosJiu,Jitsu
Gramado International Open Jiu-Jitsu No-Gi 2016,Adult/Male/Purple/Medium-Heavy,3,EduardoGuimaraesTeixeira,GameFightBJJ/Manimal
Gramado International Open Jiu-Jitsu No-Gi 2016,Adult/Male/Purple/Medium-Heavy,3,PedroHenriqueCavalcantiMendonçaCosta,GameFightBJJ/Manimal
Gramado International Open Jiu-Jitsu No-Gi 2016,Adult/Male/Purple/Heavy,1,JacksonPaimdaSilva,ScorpyonJiu,Jitsu
Gramado International Open Jiu-Jitsu No-Gi 2016,Adult/Male/Purple/Heavy,2,BrunoAntonioBorgesdosSantos,GFTeam
Gramado International Open Jiu-Jitsu No-Gi 2016,Adult/Male/Purple/Ultra-Heavy,1,OdirialzoBierDaSilva,AtosJiu,Jitsu
Gramado International Open Jiu-Jitsu No-Gi 2016,Adult/Male/Purple/OpenClass,1,JacksonPaimdaSilva,ScorpyonJiu,Jitsu
Gramado International Open Jiu-Jitsu No-Gi 2016,Adult/Male/Purple/OpenClass,2,ErmilioLucasFerreiraLima,Alliance
Gramado International Open Jiu-Jitsu No-Gi 2016,Adult/Male/Purple/OpenClass,3,DiegoHenriquePaiva,DemianMaiaJiu,Jitsu
Gramado International Open Jiu-Jitsu No-Gi 2016,Adult/Male/Purple/OpenClass,3,MarcosViniciusdeOliveiraMartins,BARBOSAJIU,JITSU
Gramado International Open Jiu-Jitsu No-Gi 2016,Adult/Female/Purple/Light-Feather,1,KarenDanielledeSousaCarvalho,AcademiaMarangoni
Gramado International Open Jiu-Jitsu No-Gi 2016,Adult/Female/Purple/OpenClass,1,KarenDanielledeSousaCarvalho,AcademiaMarangoni
Gramado International Open Jiu-Jitsu No-Gi 2016,Adult/Male/Brown/Feather,1,GustavoWardeGonzalez,G13BJJ
Gramado International Open Jiu-Jitsu No-Gi 2016,Adult/Male/Brown/Feather,2,GustavoMendesM.PraxedesLeal,NovaUnião
Gramado International Open Jiu-Jitsu No-Gi 2016,Adult/Male/Brown/Feather,3,BrenoFaustinoCorrêadeLima,GFTeam
Gramado International Open Jiu-Jitsu No-Gi 2016,Adult/Male/Brown/Light,1,LeonardoGarciaMarques,CheckMat
Gramado International Open Jiu-Jitsu No-Gi 2016,Adult/Male/Brown/Light,2,MarceloRosseto,GarraTeam
Gramado International Open Jiu-Jitsu No-Gi 2016,Adult/Male/Brown/Middle,1,EduardodaCamaraQueiroz,A.STeam
Gramado International Open Jiu-Jitsu No-Gi 2016,Adult/Male/Brown/Middle,2,FelipeMilesi,LuisBritoBJJ
Gramado International Open Jiu-Jitsu No-Gi 2016,Adult/Male/Brown/Medium-Heavy,1,LeonardoRiveroGuzzi,Alliance
Gramado International Open Jiu-Jitsu No-Gi 2016,Adult/Male/Brown/Medium-Heavy,2,RafaelLopesPaganini,Alliance
Gramado International Open Jiu-Jitsu No-Gi 2016,Adult/Male/Brown/Medium-Heavy,3,IgorMatosinhodePaiva,SoulFightersBJJ
Gramado International Open Jiu-Jitsu No-Gi 2016,Adult/Male/Brown/Heavy,1,GastonCandidodeOliveira,AcademiaMarangoni
Gramado International Open Jiu-Jitsu No-Gi 2016,Adult/Male/Brown/Heavy,2,CaioFernandoLopesPaganini,Alliance
Gramado International Open Jiu-Jitsu No-Gi 2016,Adult/Male/Brown/Super-Heavy,1,PedrodaRosaNeto,GarraTeam
Gramado International Open Jiu-Jitsu No-Gi 2016,Adult/Male/Brown/Super-Heavy,2,CristianWeber,EquipeA
Gramado International Open Jiu-Jitsu No-Gi 2016,Adult/Male/Brown/OpenClass,1,LeonardoRiveroGuzzi,Alliance
Gramado International Open Jiu-Jitsu No-Gi 2016,Adult/Male/Brown/OpenClass,2,RafaelLopesPaganini,Alliance
Gramado International Open Jiu-Jitsu No-Gi 2016,Adult/Male/Brown/OpenClass,3,GastonCandidodeOliveira,AcademiaMarangoni
Gramado International Open Jiu-Jitsu No-Gi 2016,Adult/Male/Brown/OpenClass,3,IgorMatosinhodePaiva,SoulFightersBJJ
Gramado International Open Jiu-Jitsu No-Gi 2016,Adult/Male/Black/Feather,1,GabrielMarangonideOliveira,CaioTerraAssociationBrasil
Gramado International Open Jiu-Jitsu No-Gi 2016,Adult/Male/Black/Light,1,RobsonAlanMaiaBorges,Alliance
Gramado International Open Jiu-Jitsu No-Gi 2016,Adult/Male/Black/Light,2,JulianoSilvaRocha,AtosJiu,Jitsu
Gramado International Open Jiu-Jitsu No-Gi 2016,Adult/Male/Black/Middle,1,JhonnyLoureiroSigallisSouza,Alliance
Gramado International Open Jiu-Jitsu No-Gi 2016,Adult/Male/Black/Middle,2,CaioAlmeidaSilva,RyanGracieTeam
Gramado International Open Jiu-Jitsu No-Gi 2016,Adult/Male/Black/Middle,3,MatheusLinharesKnorr,DrillBJJ
Gramado International Open Jiu-Jitsu No-Gi 2016,Adult/Male/Black/Ultra-Heavy,1,FábioAugustoGregory,GarraTeam
Gramado International Open Jiu-Jitsu No-Gi 2016,Adult/Male/Black/OpenClass,1,FábioAugustoGregory,GarraTeam
Gramado International Open Jiu-Jitsu No-Gi 2016,Adult/Male/Black/OpenClass,2,CaioAlmeidaSilva,RyanGracieTeam
Gramado International Open Jiu-Jitsu No-Gi 2016,Adult/Male/Black/OpenClass,3,JulianoSilvaRocha,AtosJiu,Jitsu
Gramado International Open Jiu-Jitsu No-Gi 2016,Adult/Female/Black/Super-Heavy,1,TalitaAndreaNogueira,NsBrotherhood
Gramado International Open Jiu-Jitsu No-Gi 2016,Master1/Male/Blue/Feather,1,GleistonPereiraSilva,BlackPanther
Gramado International Open Jiu-Jitsu No-Gi 2016,Master1/Male/Blue/Light,1,ClaudioCole,GarraTeam
Gramado International Open Jiu-Jitsu No-Gi 2016,Master1/Male/Blue/Medium-Heavy,1,MarcosBatistadaSilva,EquipeA
Gramado International Open Jiu-Jitsu No-Gi 2016,Master1/Male/Blue/Medium-Heavy,2,UilianSchultzPires,Alliance
Gramado International Open Jiu-Jitsu No-Gi 2016,Master1/Male/Blue/Heavy,1,JosephPalano,EquipeA
Gramado International Open Jiu-Jitsu No-Gi 2016,Master1/Male/Blue/Heavy,2,GabrielRufinoEstrela,BARBOSAJIU,JITSU
Gramado International Open Jiu-Jitsu No-Gi 2016,Master1/Male/Blue/Ultra-Heavy,1,DaltonSoaresDoAmaral,EquipeA
Gramado International Open Jiu-Jitsu No-Gi 2016,Master1/Male/Blue/OpenClass,1,DaltonSoaresDoAmaral,EquipeA
Gramado International Open Jiu-Jitsu No-Gi 2016,Master1/Male/Blue/OpenClass,2,UilianSchultzPires,Alliance
Gramado International Open Jiu-Jitsu No-Gi 2016,Master1/Male/Blue/OpenClass,3,ClaudioCole,GarraTeam
Gramado International Open Jiu-Jitsu No-Gi 2016,Master1/Male/Blue/OpenClass,3,GabrielRufinoEstrela,BARBOSAJIU,JITSU
Gramado International Open Jiu-Jitsu No-Gi 2016,Master1/Male/Purple/Ultra-Heavy,1,AlessandroCozacTammarodeVale,GracieBarra
Gramado International Open Jiu-Jitsu No-Gi 2016,Master1/Male/Purple/OpenClass,1,AlessandroCozacTammarodeVale,GracieBarra
Gramado International Open Jiu-Jitsu No-Gi 2016,Master1/Male/Brown/Light,1,AlexdosSantosSouza,SheknahTeam
Gramado International Open Jiu-Jitsu No-Gi 2016,Master1/Male/Brown/Ultra-Heavy,1,FelipeLuzAlves,SulJJCaxiasdoSul
Gramado International Open Jiu-Jitsu No-Gi 2016,Master1/Male/Brown/OpenClass,1,FelipeLuzAlves,SulJJCaxiasdoSul
Gramado International Open Jiu-Jitsu No-Gi 2016,Master1/Male/Brown/OpenClass,2,AlexdosSantosSouza,SheknahTeam
Gramado International Open Jiu-Jitsu No-Gi 2016,Master1/Male/Black/Feather,1,FernandoSpessoto,G13BJJ
Gramado International Open Jiu-Jitsu No-Gi 2016,Master1/Male/Black/Feather,2,RodrigoJoséAraujodoSocorro,Alliance
Gramado International Open Jiu-Jitsu No-Gi 2016,Master1/Male/Black/Light,1,AlexsandroBittencourtdaSilva,Alliance
Gramado International Open Jiu-Jitsu No-Gi 2016,Master1/Male/Black/Light,2,AdolfoFabricioBarretoMartinsJúnior,NovaUnião
Gramado International Open Jiu-Jitsu No-Gi 2016,Master1/Male/Black/Medium-Heavy,1,LiebertThiagodeLima,GFTeam
Gramado International Open Jiu-Jitsu No-Gi 2016,Master1/Male/Black/Medium-Heavy,2,LeonardoAugustoMartinsLoureiro,GFTeam
Gramado International Open Jiu-Jitsu No-Gi 2016,Master1/Male/Black/Heavy,1,MiguelAnka,HaubertTeam
Gramado International Open Jiu-Jitsu No-Gi 2016,Master1/Male/Black/Heavy,2,AlexandreKrauzeCabeçudo,DeLaRivaPoa
Gramado International Open Jiu-Jitsu No-Gi 2016,Master1/Male/Black/Super-Heavy,1,ReginaldoRocha,A.STeam
Gramado International Open Jiu-Jitsu No-Gi 2016,Master1/Male/Black/Ultra-Heavy,1,JefersonConceiçãodosSantos,CheckMat
Gramado International Open Jiu-Jitsu No-Gi 2016,Master1/Male/Black/Ultra-Heavy,2,BrunoCamposFernandesdeSouza,RibeiroJiu,JitsuBrasil
Gramado International Open Jiu-Jitsu No-Gi 2016,Master1/Male/Black/OpenClass,1,JefersonConceiçãodosSantos,CheckMat
Gramado International Open Jiu-Jitsu No-Gi 2016,Master1/Male/Black/OpenClass,2,AlexandreKrauzeCabeçudo,DeLaRivaPoa
Gramado International Open Jiu-Jitsu No-Gi 2016,Master1/Male/Black/OpenClass,3,BrunoCamposFernandesdeSouza,RibeiroJiu,JitsuBrasil
Gramado International Open Jiu-Jitsu No-Gi 2016,Master1/Male/Black/OpenClass,3,RodrigoJoséAraujodoSocorro,Alliance
Gramado International Open Jiu-Jitsu No-Gi 2016,Master2/Male/Blue/Middle,1,RenatoSeverinoWerlang,ScorpyonJiu,Jitsu
Gramado International Open Jiu-Jitsu No-Gi 2016,Master2/Male/Blue/Middle,2,DanielRodrigoMorcioSosa,EquipeBehring
Gramado International Open Jiu-Jitsu No-Gi 2016,Master2/Male/Blue/Super-Heavy,1,WilsonRobertoSilvaJunior,Alliance
Gramado International Open Jiu-Jitsu No-Gi 2016,Master2/Male/Blue/Ultra-Heavy,1,LuisCarlosPileggiCosta,G13BJJ
Gramado International Open Jiu-Jitsu No-Gi 2016,Master2/Male/Blue/OpenClass,1,WilsonRobertoSilvaJunior,Alliance
Gramado International Open Jiu-Jitsu No-Gi 2016,Master2/Male/Blue/OpenClass,2,RenatoSeverinoWerlang,ScorpyonJiu,Jitsu
Gramado International Open Jiu-Jitsu No-Gi 2016,Master2/Male/Purple/Light,1,MarioCarriço,EquipeTottiJiu,Jitsu
Gramado International Open Jiu-Jitsu No-Gi 2016,Master2/Male/Purple/Medium-Heavy,1,LucianoSouzadeVargas,DrillBJJ
Gramado International Open Jiu-Jitsu No-Gi 2016,Master2/Male/Purple/Super-Heavy,1,CarlosEduardodeMesquitaLemos,CesarMailletTeam
Gramado International Open Jiu-Jitsu No-Gi 2016,Master2/Male/Purple/OpenClass,1,LucianoSouzadeVargas,DrillBJJ
Gramado International Open Jiu-Jitsu No-Gi 2016,Master2/Male/Purple/OpenClass,2,MarioCarriço,EquipeTottiJiu,Jitsu
Gramado International Open Jiu-Jitsu No-Gi 2016,Master2/Male/Purple/OpenClass,3,CarlosEduardodeMesquitaLemos,CesarMailletTeam
Gramado International Open Jiu-Jitsu No-Gi 2016,Master2/Male/Brown/Middle,1,FabianodeSouzaMouradeCarvalho,RibeiroJiu,JitsuBrasil
Gramado International Open Jiu-Jitsu No-Gi 2016,Master2/Male/Black/Light-Feather,1,MarcusViniciusZampieridosReis,GracieBarra
Gramado International Open Jiu-Jitsu No-Gi 2016,Master2/Male/Black/Light-Feather,2,JairoRogerioFloresTaborda,TatuBJJ
Gramado International Open Jiu-Jitsu No-Gi 2016,Master2/Male/Black/Light,1,EduardoAfonsodaSilvaMartins,PSLPBCiceroCostha
Gramado International Open Jiu-Jitsu No-Gi 2016,Master2/Male/Black/Light,2,MárcioMarquesMendonça,EquipeA
Gramado International Open Jiu-Jitsu No-Gi 2016,Master2/Male/Black/Light,3,EneasAlvesColaço,PSLPBCiceroCostha
Gramado International Open Jiu-Jitsu No-Gi 2016,Master2/Male/Black/Middle,1,CristianoMoskaleskiCubasdeLima,CheckMat
Gramado International Open Jiu-Jitsu No-Gi 2016,Master2/Male/Black/Medium-Heavy,1,ClaudirJosédosSantos,BARBOSAJIU,JITSU
Gramado International Open Jiu-Jitsu No-Gi 2016,Master2/Male/Black/Medium-Heavy,2,GuilhermeRigoJunior,G13BJJ
Gramado International Open Jiu-Jitsu No-Gi 2016,Master2/Male/Black/Medium-Heavy,3,AlexLuizdosAnjosSantos,MichelMaiaJiu,Jitsu
Gramado International Open Jiu-Jitsu No-Gi 2016,Master2/Male/Black/Medium-Heavy,3,DanielChristofolettiVitti,GracieBarra
Gramado International Open Jiu-Jitsu No-Gi 2016,Master2/Male/Black/Heavy,1,LuisFelipeRezendeGonzaga,GracieHumaita
Gramado International Open Jiu-Jitsu No-Gi 2016,Master2/Male/Black/Heavy,2,MarcosOdirleiLopesAlmeida,MarcosAlmeidaJJ
Gramado International Open Jiu-Jitsu No-Gi 2016,Master2/Male/Black/Heavy,3,GustavoEugenioSilvaTrasse,MarombaAcademia
Gramado International Open Jiu-Jitsu No-Gi 2016,Master2/Male/Black/Heavy,3,LucianoPintodaSilva,JAJiu,Jitsu
Gramado International Open Jiu-Jitsu No-Gi 2016,Master2/Male/Black/Super-Heavy,1,GiovanniReisCoutinhoPaniccia,GiovanniReisTeam
Gramado International Open Jiu-Jitsu No-Gi 2016,Master2/Male/Black/Ultra-Heavy,1,DavidsondaSilvaMagalhães,RyanGracieTeam
Gramado International Open Jiu-Jitsu No-Gi 2016,Master2/Male/Black/Ultra-Heavy,2,JofersonMarcioSouzadeDeus,InfightJiu,Jitsu
Gramado International Open Jiu-Jitsu No-Gi 2016,Master2/Male/Black/OpenClass,1,MárcioMarquesMendonça,EquipeA
Gramado International Open Jiu-Jitsu No-Gi 2016,Master2/Male/Black/OpenClass,2,ClaudirJosédosSantos,BARBOSAJIU,JITSU
Gramado International Open Jiu-Jitsu No-Gi 2016,Master2/Male/Black/OpenClass,3,DavidsondaSilvaMagalhães,RyanGracieTeam
Gramado International Open Jiu-Jitsu No-Gi 2016,Master2/Male/Black/OpenClass,3,JairoRogerioFloresTaborda,TatuBJJ
