Atlanta BJJ Pro IBJJF Championship 2016,Adult/Male/White/Light-Feather,1,AnthonyGoetz,PedigoSubmissionFighting
Atlanta BJJ Pro IBJJF Championship 2016,Adult/Male/White/Light-Feather,2,TamVu,RobertoTravenBJJ
Atlanta BJJ Pro IBJJF Championship 2016,Adult/Male/White/Light-Feather,3,AlecWooden,RobertoTravenBJJ
Atlanta BJJ Pro IBJJF Championship 2016,Adult/Male/White/Light-Feather,3,HenryYenglesRodriguez,CapitalJiu,Jitsu
Atlanta BJJ Pro IBJJF Championship 2016,Adult/Male/White/Feather,1,MichaelGarner,PedigoSubmissionFighting
Atlanta BJJ Pro IBJJF Championship 2016,Adult/Male/White/Feather,2,EzekielHerman,SASTeamUSA
Atlanta BJJ Pro IBJJF Championship 2016,Adult/Male/White/Feather,3,ChrisEverett,AresBJJ,KennyKim
Atlanta BJJ Pro IBJJF Championship 2016,Adult/Male/White/Feather,3,MichaelCarter,AllianceAtlanta
Atlanta BJJ Pro IBJJF Championship 2016,Adult/Male/White/Light,1,BrentonFowler,AresBJJ,KennyKim
Atlanta BJJ Pro IBJJF Championship 2016,Adult/Male/White/Light,2,JesseMiele,SBGAtlanta
Atlanta BJJ Pro IBJJF Championship 2016,Adult/Male/White/Light,3,NoahLangmade,TeamLloydIrvin
Atlanta BJJ Pro IBJJF Championship 2016,Adult/Male/White/Light,3,TerryKim,RobertoTravenBJJ
Atlanta BJJ Pro IBJJF Championship 2016,Adult/Male/White/Middle,1,JamesGreen,PedigoSubmissionFighting
Atlanta BJJ Pro IBJJF Championship 2016,Adult/Male/White/Middle,2,AndrewDurham,PedigoSubmissionFighting
Atlanta BJJ Pro IBJJF Championship 2016,Adult/Male/White/Middle,3,AndresChica,RobertoTravenBJJ
Atlanta BJJ Pro IBJJF Championship 2016,Adult/Male/White/Middle,3,JosephBrackett,RobertoTravenBJJ
Atlanta BJJ Pro IBJJF Championship 2016,Adult/Male/White/Medium-Heavy,1,ReidRhodes,RobertoTravenBJJ
Atlanta BJJ Pro IBJJF Championship 2016,Adult/Male/White/Medium-Heavy,2,AlexAvina,KiotoBJJ
Atlanta BJJ Pro IBJJF Championship 2016,Adult/Male/White/Heavy,1,CalebGilmore,SouthBJJ
Atlanta BJJ Pro IBJJF Championship 2016,Adult/Male/White/Heavy,2,ClaytonGarrison,RenatoTavaresAssociation
Atlanta BJJ Pro IBJJF Championship 2016,Adult/Male/White/Heavy,3,KevinSherrill,UnionTeamBJJ
Atlanta BJJ Pro IBJJF Championship 2016,Adult/Male/White/Heavy,3,MiguelHurtado,RobertoTravenBJJ
Atlanta BJJ Pro IBJJF Championship 2016,Adult/Male/White/Super-Heavy,1,DanielMichaelHanner,GracieBarra
Atlanta BJJ Pro IBJJF Championship 2016,Adult/Male/White/Super-Heavy,2,JoshuaHix,LuizPalharesJiuJitsu
Atlanta BJJ Pro IBJJF Championship 2016,Adult/Male/White/Ultra-Heavy,1,MichaelErickson,AllianceAtlanta
Atlanta BJJ Pro IBJJF Championship 2016,Adult/Male/White/Ultra-Heavy,2,VanBarnhill,CheckMat
Atlanta BJJ Pro IBJJF Championship 2016,Adult/Female/White/Feather,1,CaitlinMok,LuizPalharesJiuJitsu
Atlanta BJJ Pro IBJJF Championship 2016,Adult/Female/White/Feather,2,ZulimaMolina,RilionGracieAtlanta,RanieriPaivaBJJ
Atlanta BJJ Pro IBJJF Championship 2016,Adult/Female/White/Feather,3,CarolinaRodriguez,SoulFightersLouisiana
Atlanta BJJ Pro IBJJF Championship 2016,Adult/Female/White/Feather,3,SophiaZeis,CreightonMixedMartialArtsAcademy
Atlanta BJJ Pro IBJJF Championship 2016,Adult/Male/Blue/Light-Feather,1,AnVu,RobertoTravenBJJ
Atlanta BJJ Pro IBJJF Championship 2016,Adult/Male/Blue/Light-Feather,2,BrandonDiaz,GracieBarra
Atlanta BJJ Pro IBJJF Championship 2016,Adult/Male/Blue/Light-Feather,3,DiegoBautista,KnuckleUp
Atlanta BJJ Pro IBJJF Championship 2016,Adult/Male/Blue/Light-Feather,3,YoungSon,RobertoTravenBJJ
Atlanta BJJ Pro IBJJF Championship 2016,Adult/Male/Blue/Feather,1,IsraeldeSousaAlmeida,GFTeam
Atlanta BJJ Pro IBJJF Championship 2016,Adult/Male/Blue/Feather,2,NathanCooper,GracieBarra
Atlanta BJJ Pro IBJJF Championship 2016,Adult/Male/Blue/Feather,3,BryceLighthall,Alliance
Atlanta BJJ Pro IBJJF Championship 2016,Adult/Male/Blue/Feather,3,JosephTorres,TeamShawnHammonds
Atlanta BJJ Pro IBJJF Championship 2016,Adult/Male/Blue/Light,1,GuthierryBarbosaNascimentoConceição,PRMTeam
Atlanta BJJ Pro IBJJF Championship 2016,Adult/Male/Blue/Light,2,RaphaelDillondaGamaCansanção,CheckMat
Atlanta BJJ Pro IBJJF Championship 2016,Adult/Male/Blue/Light,3,CaioAugustoBasso,GracieEliteTeamAmerica
Atlanta BJJ Pro IBJJF Championship 2016,Adult/Male/Blue/Light,3,ElijahPizarro,RobertoTravenBJJGeorgia
Atlanta BJJ Pro IBJJF Championship 2016,Adult/Male/Blue/Middle,1,AndrewWiltse,PedigoSubmissionFighting
Atlanta BJJ Pro IBJJF Championship 2016,Adult/Male/Blue/Middle,2,DaniloSchermerhorn,MemphisBJJ
Atlanta BJJ Pro IBJJF Championship 2016,Adult/Male/Blue/Middle,3,ChadBraden,GracieBarra
Atlanta BJJ Pro IBJJF Championship 2016,Adult/Male/Blue/Middle,3,DorianPiekarz,RobertoTravenBJJ
Atlanta BJJ Pro IBJJF Championship 2016,Adult/Male/Blue/Medium-Heavy,1,JuanPabloBlancoHernandez,AllianceCharlotte
Atlanta BJJ Pro IBJJF Championship 2016,Adult/Male/Blue/Medium-Heavy,2,WillibaldoGilNeto,RobertoTravenBJJ
Atlanta BJJ Pro IBJJF Championship 2016,Adult/Male/Blue/Medium-Heavy,3,AnthonyGranda,LuizPalharesJiuJitsu
Atlanta BJJ Pro IBJJF Championship 2016,Adult/Male/Blue/Medium-Heavy,3,JoshuaHarper,IconJiu,JitsuTeam,USA
Atlanta BJJ Pro IBJJF Championship 2016,Adult/Male/Blue/Heavy,1,JuanCamiloRomero,GracieBarra
Atlanta BJJ Pro IBJJF Championship 2016,Adult/Male/Blue/Heavy,2,StevenKeinath,KiotoBJJ
Atlanta BJJ Pro IBJJF Championship 2016,Adult/Male/Blue/Heavy,3,GeoffreyLindsell,AtosJJUSA
Atlanta BJJ Pro IBJJF Championship 2016,Adult/Male/Blue/Heavy,3,WesCarter,AresBJJ,KennyKim
Atlanta BJJ Pro IBJJF Championship 2016,Adult/Male/Blue/Super-Heavy,1,TaylorKettler,RenatoTavaresAssociation
Atlanta BJJ Pro IBJJF Championship 2016,Adult/Male/Blue/Super-Heavy,2,StephenStanton,AllianceCharlotte
Atlanta BJJ Pro IBJJF Championship 2016,Adult/Male/Blue/Super-Heavy,3,ErykAnders,SBGInternational(SBGI)
Atlanta BJJ Pro IBJJF Championship 2016,Adult/Male/Blue/Super-Heavy,3,StevenLang,GDJiu,JitsuAssociation
Atlanta BJJ Pro IBJJF Championship 2016,Adult/Male/Blue/Ultra-Heavy,1,MichaelEgley,RenzoGracie
Atlanta BJJ Pro IBJJF Championship 2016,Adult/Male/Blue/Ultra-Heavy,2,ClintonJohnsonIII,CaiqueJiu,Jitsu
Atlanta BJJ Pro IBJJF Championship 2016,Adult/Male/Blue/Ultra-Heavy,3,RodneyJ.Wells,RobertoTravenBJJ
Atlanta BJJ Pro IBJJF Championship 2016,Adult/Male/Blue/Ultra-Heavy,3,RyanLee,UnionTeamBJJ
Atlanta BJJ Pro IBJJF Championship 2016,Adult/Female/Blue/Light-Feather,1,FayeCherrier,KnuckleUp
Atlanta BJJ Pro IBJJF Championship 2016,Adult/Female/Blue/Light-Feather,2,FalynSwerer,RenzoGracieAcademy
Atlanta BJJ Pro IBJJF Championship 2016,Adult/Female/Blue/Feather,1,CrystalVanessaDemopoulos,GFTeamOhio
Atlanta BJJ Pro IBJJF Championship 2016,Adult/Female/Blue/Feather,2,OliviaShand,FightSports
Atlanta BJJ Pro IBJJF Championship 2016,Adult/Female/Blue/Feather,3,MaggieMcdowell,Alliance
Atlanta BJJ Pro IBJJF Championship 2016,Adult/Female/Blue/Feather,3,RachelSeltzer,KnuckleUp
Atlanta BJJ Pro IBJJF Championship 2016,Adult/Female/Blue/Light,1,NicholleStoller,TeamLloydIrvin
Atlanta BJJ Pro IBJJF Championship 2016,Adult/Female/Blue/Light,2,TheresaPearlFormica,TeamLloydIrvin
Atlanta BJJ Pro IBJJF Championship 2016,Adult/Female/Blue/Light,3,AshleyCargile,CheckMat
Atlanta BJJ Pro IBJJF Championship 2016,Adult/Female/Blue/Light,3,RuthShi,LeiHwu,BuckheadJiu,Jitsu
Atlanta BJJ Pro IBJJF Championship 2016,Adult/Female/Blue/Middle,1,GriffinAjaFisk,CheckMat
Atlanta BJJ Pro IBJJF Championship 2016,Adult/Female/Blue/Middle,2,PriscillaRodriguesNobre,AtriumBJJ
Atlanta BJJ Pro IBJJF Championship 2016,Adult/Female/Blue/Middle,3,AmandaJung,RobertoTravenBJJ
Atlanta BJJ Pro IBJJF Championship 2016,Adult/Female/Blue/Middle,3,DanaK.Minuta,RenzoGracieAcademy
Atlanta BJJ Pro IBJJF Championship 2016,Adult/Female/Blue/Medium-Heavy,1,BettyLeeCampbell,GracieBarra
Atlanta BJJ Pro IBJJF Championship 2016,Adult/Female/Blue/Medium-Heavy,2,ErinRogalski,CarlsonGracieChicago
Atlanta BJJ Pro IBJJF Championship 2016,Adult/Female/Blue/Medium-Heavy,3,MariaD.AvilaRamos,FightSports
Atlanta BJJ Pro IBJJF Championship 2016,Adult/Female/Blue/Medium-Heavy,3,VerityYata,CreightonMixedMartialArtsAcademy
Atlanta BJJ Pro IBJJF Championship 2016,Adult/Female/Blue/Super-Heavy,1,GingerK.Hines,RobertoTravenBJJ
Atlanta BJJ Pro IBJJF Championship 2016,Adult/Female/Blue/Super-Heavy,2,KatherineFischer,GFTeamHouston
Atlanta BJJ Pro IBJJF Championship 2016,Adult/Female/Blue/Super-Heavy,3,RachelleHolloman,TeamShawnHammonds
Atlanta BJJ Pro IBJJF Championship 2016,Adult/Female/Blue/OpenClass,1,BettyLeeCampbell,GracieBarra
Atlanta BJJ Pro IBJJF Championship 2016,Adult/Female/Blue/OpenClass,2,GingerK.Hines,RobertoTravenBJJ
Atlanta BJJ Pro IBJJF Championship 2016,Adult/Female/Blue/OpenClass,3,KatherineFischer,GFTeamHouston
Atlanta BJJ Pro IBJJF Championship 2016,Adult/Female/Blue/OpenClass,3,PriscillaRodriguesNobre,AtriumBJJ
Atlanta BJJ Pro IBJJF Championship 2016,Adult/Male/Purple/Light-Feather,1,VincentEliseoSaenz,LovatoJiu,Jitsu
Atlanta BJJ Pro IBJJF Championship 2016,Adult/Male/Purple/Light-Feather,2,DeandreVillaramaCorbe,PedroSauerTeam
Atlanta BJJ Pro IBJJF Championship 2016,Adult/Male/Purple/Light-Feather,3,DanielO'Donnell,GDJiu,JitsuAssociation
Atlanta BJJ Pro IBJJF Championship 2016,Adult/Male/Purple/Light-Feather,3,EdwinOcasio,UnityJiu,jitsu
Atlanta BJJ Pro IBJJF Championship 2016,Adult/Male/Purple/Feather,1,DanielDelMonico,AmericanTopTeam
Atlanta BJJ Pro IBJJF Championship 2016,Adult/Male/Purple/Feather,2,MichaelGeorge,CaiqueJiu,Jitsu
Atlanta BJJ Pro IBJJF Championship 2016,Adult/Male/Purple/Feather,3,felixgarcia,GracieBarra
Atlanta BJJ Pro IBJJF Championship 2016,Adult/Male/Purple/Feather,3,MichaelShayeKilpatrick,KillerBeesBJJCollege
Atlanta BJJ Pro IBJJF Championship 2016,Adult/Male/Purple/Light,1,MarlusSalgadodeSouza,SASTeam
Atlanta BJJ Pro IBJJF Championship 2016,Adult/Male/Purple/Light,2,SiQuocDoan,AllianceAtlanta
Atlanta BJJ Pro IBJJF Championship 2016,Adult/Male/Purple/Light,3,BenHofmeier,SASTeamUSA
Atlanta BJJ Pro IBJJF Championship 2016,Adult/Male/Purple/Light,3,BlakeBilder,SMAJiu,Jitsu
Atlanta BJJ Pro IBJJF Championship 2016,Adult/Male/Purple/Middle,1,LoganGriffin,GracieBarra
Atlanta BJJ Pro IBJJF Championship 2016,Adult/Male/Purple/Middle,2,JosephJustinRuggiero,TeamLloydIrvin
Atlanta BJJ Pro IBJJF Championship 2016,Adult/Male/Purple/Middle,3,CalebHolland,HendricksonBJJ
Atlanta BJJ Pro IBJJF Championship 2016,Adult/Male/Purple/Middle,3,JaredTylerHope,SoulFighter'sChicago,IL,USA
Atlanta BJJ Pro IBJJF Championship 2016,Adult/Male/Purple/Medium-Heavy,1,GabrielSallesMunizAlmeida,CheckMat
Atlanta BJJ Pro IBJJF Championship 2016,Adult/Male/Purple/Medium-Heavy,2,PeteO'Neal,AtosJiu,Jitsu
Atlanta BJJ Pro IBJJF Championship 2016,Adult/Male/Purple/Medium-Heavy,3,JohnJoaquinRosario,AtosJiu,Jitsu
Atlanta BJJ Pro IBJJF Championship 2016,Adult/Male/Purple/Medium-Heavy,3,JosephC.Watson,GracieBarra
Atlanta BJJ Pro IBJJF Championship 2016,Adult/Male/Purple/Heavy,1,AndreLiberalAlvesdeAlmeida,GracieBarra
Atlanta BJJ Pro IBJJF Championship 2016,Adult/Male/Purple/Heavy,2,John,DylanRomann,AllianceAtlanta
Atlanta BJJ Pro IBJJF Championship 2016,Adult/Male/Purple/Heavy,3,JohnathanN.Robinson,RobertoTravenBJJ
Atlanta BJJ Pro IBJJF Championship 2016,Adult/Male/Purple/Heavy,3,WilliamEdmondson,AresBJJ,KennyKim
Atlanta BJJ Pro IBJJF Championship 2016,Adult/Male/Purple/Ultra-Heavy,1,StuartRandleMaddox,LuizPalharesJiuJitsu
Atlanta BJJ Pro IBJJF Championship 2016,Adult/Male/Purple/Ultra-Heavy,2,JuanDeLaCruz,BrazilianTopTeam,Texas
Atlanta BJJ Pro IBJJF Championship 2016,Adult/Male/Purple/Ultra-Heavy,3,FernandoNeresdosSantos,Alliance
Atlanta BJJ Pro IBJJF Championship 2016,Adult/Male/Purple/Ultra-Heavy,3,RobertWalkine,Alliance
Atlanta BJJ Pro IBJJF Championship 2016,Adult/Female/Purple/Light-Feather,1,JessicaBrooksDuncan,UnionTeamBJJ
Atlanta BJJ Pro IBJJF Championship 2016,Adult/Female/Purple/Light-Feather,2,MariaFernandaCardozo,AllianceJiu,JitsuCenterOrlando
Atlanta BJJ Pro IBJJF Championship 2016,Adult/Female/Purple/Feather,1,EleanorBautista,RenzoGracieAcademy
Atlanta BJJ Pro IBJJF Championship 2016,Adult/Female/Purple/Feather,2,FayeFarrales,RenzoGracieAcademy
Atlanta BJJ Pro IBJJF Championship 2016,Adult/Female/Purple/Light,1,KatherineMarieHeckmanTorralbas,TeamLloydIrvin
Atlanta BJJ Pro IBJJF Championship 2016,Adult/Female/Purple/Light,2,TaylorBiagi,BonsaiJJ,2
Atlanta BJJ Pro IBJJF Championship 2016,Adult/Female/Purple/Light,3,JuliaGordon,RilionGracieAtlanta,RanieriPaivaBJJ
Atlanta BJJ Pro IBJJF Championship 2016,Adult/Female/Purple/Medium-Heavy,1,JessicaConstanceSwanson,SoulFightersBJJConnecticut
Atlanta BJJ Pro IBJJF Championship 2016,Adult/Female/Purple/Medium-Heavy,2,EricaEbanks,FabioNovaesBJJ
Atlanta BJJ Pro IBJJF Championship 2016,Adult/Female/Purple/Heavy,1,JessicaGuedry,BJJRevolutionTeam
Atlanta BJJ Pro IBJJF Championship 2016,Adult/Female/Purple/OpenClass,1,JessicaConstanceSwanson,SoulFightersBJJConnecticut
Atlanta BJJ Pro IBJJF Championship 2016,Adult/Female/Purple/OpenClass,2,TaylorBiagi,BonsaiJJ,2
Atlanta BJJ Pro IBJJF Championship 2016,Adult/Female/Purple/OpenClass,3,JessicaGuedry,BJJRevolutionTeam
Atlanta BJJ Pro IBJJF Championship 2016,Adult/Female/Purple/OpenClass,3,KatherineMarieHeckmanTorralbas,TeamLloydIrvin
Atlanta BJJ Pro IBJJF Championship 2016,Adult/Male/Brown/Light-Feather,1,WallaceFernandoSantos,GracieHumaitaLasVegas
Atlanta BJJ Pro IBJJF Championship 2016,Adult/Male/Brown/Light-Feather,2,MoisesJoelRobles,GracieBarra
Atlanta BJJ Pro IBJJF Championship 2016,Adult/Male/Brown/Feather,1,EvanColeRamsden,SBGInternational(SBGI)
Atlanta BJJ Pro IBJJF Championship 2016,Adult/Male/Brown/Feather,2,JoaoPereira,GracieEliteTeamAmerica
Atlanta BJJ Pro IBJJF Championship 2016,Adult/Male/Brown/Feather,3,JohnPhillipCordera,GDJiu,JitsuAssociation
Atlanta BJJ Pro IBJJF Championship 2016,Adult/Male/Brown/Feather,3,JohnsonClayTelford,TeamRoyceGracie
Atlanta BJJ Pro IBJJF Championship 2016,Adult/Male/Brown/Light,1,JúlioCezardosAnjosJunior,GFTeam
Atlanta BJJ Pro IBJJF Championship 2016,Adult/Male/Brown/Light,2,FredericoAugustoAlvesSilva,AllianceCharlotte
Atlanta BJJ Pro IBJJF Championship 2016,Adult/Male/Brown/Light,3,ChristianNBroadnax,GDJiu,JitsuAssociation
Atlanta BJJ Pro IBJJF Championship 2016,Adult/Male/Brown/Light,3,DanielP.Webb,NewEnglandUnitedBJJ
Atlanta BJJ Pro IBJJF Championship 2016,Adult/Male/Brown/Middle,1,JohnBlunschi,KronGracieJiuJitsu
Atlanta BJJ Pro IBJJF Championship 2016,Adult/Male/Brown/Middle,2,JacobDanielIvanCorrea,MarcelloCMonteiroBrazilianJiuJitsuAcademy
Atlanta BJJ Pro IBJJF Championship 2016,Adult/Male/Brown/Middle,3,FranciscoJoseDreyerSilva,AllianceJiu,JitsuCenterOrlando
Atlanta BJJ Pro IBJJF Championship 2016,Adult/Male/Brown/Middle,3,JulianL.Synan,RobertoTravenBJJ
Atlanta BJJ Pro IBJJF Championship 2016,Adult/Male/Brown/Medium-Heavy,1,PhilippeBasilPomaski,CheckMat
Atlanta BJJ Pro IBJJF Championship 2016,Adult/Male/Brown/Medium-Heavy,2,MatthewWLeighton,BonsaiJJ,2
Atlanta BJJ Pro IBJJF Championship 2016,Adult/Male/Brown/Medium-Heavy,3,AlexandreBuenodeOliveira,GFTeam
Atlanta BJJ Pro IBJJF Championship 2016,Adult/Male/Brown/Heavy,1,TylerKingDriskell,CreightonMixedMartialArtsAcademy
Atlanta BJJ Pro IBJJF Championship 2016,Adult/Male/Brown/Heavy,2,PedroL.Migliano,GracieEliteTeam
Atlanta BJJ Pro IBJJF Championship 2016,Adult/Male/Brown/Super-Heavy,1,LuisAlexandreFunari,DemianMaiaJiu,Jitsu
Atlanta BJJ Pro IBJJF Championship 2016,Adult/Male/Brown/Ultra-Heavy,1,MarcusAntonioGuedesSalerno,GracieBarra
Atlanta BJJ Pro IBJJF Championship 2016,Adult/Female/Brown/Middle,1,AnnaElizabethSalome,RobertoTravenBJJ
Atlanta BJJ Pro IBJJF Championship 2016,Adult/Female/Brown/Middle,2,FolanaDioneMiller,AllianceMarceloGarcia
Atlanta BJJ Pro IBJJF Championship 2016,Adult/Female/Brown/Middle,3,DeniseA.Houle,RobertoTravenBJJ
Atlanta BJJ Pro IBJJF Championship 2016,Adult/Female/Brown/Heavy,1,VictoriaHudsonBoudreaux,RobertoTravenBJJ
Atlanta BJJ Pro IBJJF Championship 2016,Adult/Female/Brown/Heavy,2,AnaBethLowry,UnityJiu,jitsu
Atlanta BJJ Pro IBJJF Championship 2016,Adult/Female/Brown/OpenClass,1,AnnaElizabethSalome,RobertoTravenBJJ
Atlanta BJJ Pro IBJJF Championship 2016,Adult/Female/Brown/OpenClass,2,AnaBethLowry,UnityJiu,jitsu
Atlanta BJJ Pro IBJJF Championship 2016,Adult/Female/Brown/OpenClass,3,VictoriaHudsonBoudreaux,RobertoTravenBJJ
Atlanta BJJ Pro IBJJF Championship 2016,Adult/Male/Black/Feather,1,JoãoRicardoBordignonMiyao,PSLPBCiceroCostha
Atlanta BJJ Pro IBJJF Championship 2016,Adult/Male/Black/Feather,2,BrunoFrazattoXavierC.Barbosa,AtosJiu,Jitsu
Atlanta BJJ Pro IBJJF Championship 2016,Adult/Male/Black/Feather,3,NicollasWelkerAmorimAraujo,AllianceLosAngeles
Atlanta BJJ Pro IBJJF Championship 2016,Adult/Male/Black/Feather,3,VitorPeresPaschoal,BrasaCaioTerra
Atlanta BJJ Pro IBJJF Championship 2016,Adult/Male/Black/Middle,1,OtavioFerreiradeSousa,GracieBarra
Atlanta BJJ Pro IBJJF Championship 2016,Adult/Male/Black/Middle,2,JaimeSoaresCanuto,GFTeam
Atlanta BJJ Pro IBJJF Championship 2016,Adult/Male/Black/Middle,3,RafaelRosendodosSantos,AllianceAtlanta
Atlanta BJJ Pro IBJJF Championship 2016,Adult/Male/Black/Middle,3,ViníciusTavaresMarinho,GFTeam
Atlanta BJJ Pro IBJJF Championship 2016,Adult/Male/Black/Heavy,1,VitorHenriqueSilvaOliveira,GFTeamOhio
Atlanta BJJ Pro IBJJF Championship 2016,Adult/Male/Black/Heavy,2,MuriloSilvaFerreiradeSantana,BARBOSAJIU,JITSUUSA
Atlanta BJJ Pro IBJJF Championship 2016,Adult/Male/Black/Heavy,3,AaronMichaelJohnson,UnityJiu,jitsu
Atlanta BJJ Pro IBJJF Championship 2016,Adult/Male/Black/Heavy,3,ThiagoSáFortesSilva,CheckMat
Atlanta BJJ Pro IBJJF Championship 2016,Adult/Male/Black/Ultra-Heavy,1,LeonardoPiresNogueira,Alliance
Atlanta BJJ Pro IBJJF Championship 2016,Adult/Male/Black/Ultra-Heavy,2,MahamedAlySantosdaSilva,TeamLloydIrvin
Atlanta BJJ Pro IBJJF Championship 2016,Adult/Male/Black/Ultra-Heavy,3,ChristopherRyanMoriarty,AllianceAtlanta
Atlanta BJJ Pro IBJJF Championship 2016,Adult/Male/Black/Ultra-Heavy,3,KennethVernonOtienoBrown,TeamLloydIrvin
Atlanta BJJ Pro IBJJF Championship 2016,Adult/Female/Black/Light-Feather,1,SofiaRosaAmarante,FightSports
Atlanta BJJ Pro IBJJF Championship 2016,Adult/Female/Black/Light-Feather,2,BrunaBurns,ZenithBJJ
Atlanta BJJ Pro IBJJF Championship 2016,Adult/Female/Black/Light,1,VanessaM.Smith,MarcelloCMonteiroBrazilianJiuJitsuAcademy
Atlanta BJJ Pro IBJJF Championship 2016,Adult/Female/Black/Middle,1,LeannaMDittrich,FightSports
Atlanta BJJ Pro IBJJF Championship 2016,Adult/Female/Black/OpenClass,1,LeannaMDittrich,FightSports
Atlanta BJJ Pro IBJJF Championship 2016,Adult/Female/Black/OpenClass,2,SofiaRosaAmarante,FightSports
Atlanta BJJ Pro IBJJF Championship 2016,Adult/Female/Black/OpenClass,3,BrunaBurns,ZenithBJJ
Atlanta BJJ Pro IBJJF Championship 2016,Adult/Female/Black/OpenClass,3,VanessaM.Smith,MarcelloCMonteiroBrazilianJiuJitsuAcademy
Atlanta BJJ Pro IBJJF Championship 2016,Master1/Male/White/Feather,1,DanielPérez,GracieBarra
Atlanta BJJ Pro IBJJF Championship 2016,Master1/Male/White/Feather,2,JasonHenry,GracieBarra
Atlanta BJJ Pro IBJJF Championship 2016,Master1/Male/White/Feather,3,KonakonCabrera,RobertoTravenBJJ
Atlanta BJJ Pro IBJJF Championship 2016,Master1/Male/White/Feather,3,PeterHsieh,RobertoTravenBJJ
Atlanta BJJ Pro IBJJF Championship 2016,Master1/Male/White/Light,1,JeffreySim,RobertoTravenBJJ
Atlanta BJJ Pro IBJJF Championship 2016,Master1/Male/White/Light,2,DustinWaddell,RobertoTravenBJJ
Atlanta BJJ Pro IBJJF Championship 2016,Master1/Male/White/Light,3,MarkMensinger,CreightonMixedMartialArtsAcademy
Atlanta BJJ Pro IBJJF Championship 2016,Master1/Male/White/Light,3,WilliamMelton,AresBJJ
Atlanta BJJ Pro IBJJF Championship 2016,Master1/Male/White/Medium-Heavy,1,BrianDoogan,PedigoSubmissionFighting
Atlanta BJJ Pro IBJJF Championship 2016,Master1/Male/White/Medium-Heavy,2,IsaacChung,RobertoTravenBJJ
Atlanta BJJ Pro IBJJF Championship 2016,Master1/Male/White/Medium-Heavy,3,AllenAubreyNorwood,GracieBarra
Atlanta BJJ Pro IBJJF Championship 2016,Master1/Male/White/Medium-Heavy,3,JoshuaMorgan,RobertoTravenBJJ
Atlanta BJJ Pro IBJJF Championship 2016,Master1/Male/White/Heavy,1,ZacharyAllen,RobertoTravenBJJ
Atlanta BJJ Pro IBJJF Championship 2016,Master1/Male/White/Heavy,2,KalenCowen,AresBJJ,KennyKim
Atlanta BJJ Pro IBJJF Championship 2016,Master1/Male/White/Heavy,3,DanielMoreau,AresBJJ,KennyKim
Atlanta BJJ Pro IBJJF Championship 2016,Master1/Male/White/Ultra-Heavy,1,TerrellYoung,GracieBarra
Atlanta BJJ Pro IBJJF Championship 2016,Master1/Male/White/Ultra-Heavy,2,JoshuaKennedy,GracieBarra
Atlanta BJJ Pro IBJJF Championship 2016,Master1/Male/White/Ultra-Heavy,3,BradGallant,MarcioCruzBJJ
Atlanta BJJ Pro IBJJF Championship 2016,Master1/Male/White/Ultra-Heavy,3,TravisBrown,RilionGraciePensacola
Atlanta BJJ Pro IBJJF Championship 2016,Master1/Male/Blue/Feather,1,ChadHawkins,PedigoSubmissionFighting
Atlanta BJJ Pro IBJJF Championship 2016,Master1/Male/Blue/Feather,2,ShawnFlowers,CharlotteJiu,JitsuAcademy
Atlanta BJJ Pro IBJJF Championship 2016,Master1/Male/Blue/Feather,3,EfraimZeferino,GracieBarra
Atlanta BJJ Pro IBJJF Championship 2016,Master1/Male/Blue/Feather,3,JonathanMiller,GracieBarra
Atlanta BJJ Pro IBJJF Championship 2016,Master1/Male/Blue/Light,1,AnthonyLe,ArtofJiuJitsuAcademy
Atlanta BJJ Pro IBJJF Championship 2016,Master1/Male/Blue/Light,2,DavidPrice,GracieBarra
Atlanta BJJ Pro IBJJF Championship 2016,Master1/Male/Blue/Middle,1,SeanO'Connell,GracieHumaitaNorthCarolina
Atlanta BJJ Pro IBJJF Championship 2016,Master1/Male/Blue/Middle,2,DavidRaiden,AllianceAtlanta
Atlanta BJJ Pro IBJJF Championship 2016,Master1/Male/Blue/Middle,3,ChrisTelford,BuckheadJiu,Jitsu
Atlanta BJJ Pro IBJJF Championship 2016,Master1/Male/Blue/Medium-Heavy,1,KiwistainySouza,Alliance
Atlanta BJJ Pro IBJJF Championship 2016,Master1/Male/Blue/Medium-Heavy,2,WagnerBalan,GracieBarra
Atlanta BJJ Pro IBJJF Championship 2016,Master1/Male/Blue/Medium-Heavy,3,RickJamesJungkuntz,AllianceAtlanta
Atlanta BJJ Pro IBJJF Championship 2016,Master1/Male/Blue/Medium-Heavy,3,TerenceWilson,SASTeamUSA
Atlanta BJJ Pro IBJJF Championship 2016,Master1/Male/Blue/Heavy,1,EricPhillips,KnuckleUp
Atlanta BJJ Pro IBJJF Championship 2016,Master1/Male/Blue/Heavy,2,JasonPon,RilionGracieAtlanta,RanieriPaivaBJJ
Atlanta BJJ Pro IBJJF Championship 2016,Master1/Male/Blue/Heavy,3,TimothyBurghart,RobertoTravenBJJ
Atlanta BJJ Pro IBJJF Championship 2016,Master1/Male/Blue/Super-Heavy,1,VladimirJuscenko,RobertoTravenBJJ
Atlanta BJJ Pro IBJJF Championship 2016,Master1/Male/Blue/Super-Heavy,2,CoreyPhelps,BETAAcademy
Atlanta BJJ Pro IBJJF Championship 2016,Master1/Male/Blue/Super-Heavy,3,JorgeDardon,AllianceCharlotte
Atlanta BJJ Pro IBJJF Championship 2016,Master1/Male/Blue/Ultra-Heavy,1,dannyhellmann,MarcioCruzBJJ
Atlanta BJJ Pro IBJJF Championship 2016,Master1/Male/Blue/Ultra-Heavy,2,BrianDaniel,AllianceAtlanta
Atlanta BJJ Pro IBJJF Championship 2016,Master1/Male/Blue/Ultra-Heavy,3,RasheedShihada,SchlosserBJJ
Atlanta BJJ Pro IBJJF Championship 2016,Master1/Male/Blue/OpenClass,1,dannyhellmann,MarcioCruzBJJ
Atlanta BJJ Pro IBJJF Championship 2016,Master1/Male/Blue/OpenClass,2,VladimirJuscenko,RobertoTravenBJJ
Atlanta BJJ Pro IBJJF Championship 2016,Master1/Male/Blue/OpenClass,3,RasheedShihada,SchlosserBJJ
Atlanta BJJ Pro IBJJF Championship 2016,Master1/Male/Blue/OpenClass,3,WagnerBalan,GracieBarra
Atlanta BJJ Pro IBJJF Championship 2016,Master1/Male/Purple/Feather,1,jinhokim,TeamRoyceGracie
Atlanta BJJ Pro IBJJF Championship 2016,Master1/Male/Purple/Feather,2,EdwardShin,SBGAtlanta
Atlanta BJJ Pro IBJJF Championship 2016,Master1/Male/Purple/Feather,3,JohnRodgers,MarcioCruzBJJ
Atlanta BJJ Pro IBJJF Championship 2016,Master1/Male/Purple/Feather,3,KyleMathewRodewald,DeLaRivaJiu,JitsuUSA
Atlanta BJJ Pro IBJJF Championship 2016,Master1/Male/Purple/Light,1,ChrisGrady,LuizPalharesJiuJitsu
Atlanta BJJ Pro IBJJF Championship 2016,Master1/Male/Purple/Light,2,DanielDuron,TeamLloydIrvin
Atlanta BJJ Pro IBJJF Championship 2016,Master1/Male/Purple/Light,3,JonathanMartinHelton,CharlotteJiu,JitsuAcademy
Atlanta BJJ Pro IBJJF Championship 2016,Master1/Male/Purple/Light,3,SeanColeman,SBGAtlanta
Atlanta BJJ Pro IBJJF Championship 2016,Master1/Male/Purple/Middle,1,RobertTurnquest,TheAcademyofPensacola
Atlanta BJJ Pro IBJJF Championship 2016,Master1/Male/Purple/Middle,2,DustinRyanWaters,AresBJJ,KennyKim
Atlanta BJJ Pro IBJJF Championship 2016,Master1/Male/Purple/Middle,3,JaimeFernandez,NovaUnião
Atlanta BJJ Pro IBJJF Championship 2016,Master1/Male/Purple/Middle,3,PedroJimenez,CreightonMixedMartialArtsAcademy
Atlanta BJJ Pro IBJJF Championship 2016,Master1/Male/Purple/Medium-Heavy,1,IsaacL.Rehner,BETAAcademy
Atlanta BJJ Pro IBJJF Championship 2016,Master1/Male/Purple/Medium-Heavy,2,DeNiroKelly,GracieBarra
Atlanta BJJ Pro IBJJF Championship 2016,Master1/Male/Purple/Medium-Heavy,3,JavierPincay,PlinioCruzBJJ
Atlanta BJJ Pro IBJJF Championship 2016,Master1/Male/Purple/Medium-Heavy,3,MehdiJatlaoui,RobertoTravenBJJ
Atlanta BJJ Pro IBJJF Championship 2016,Master1/Male/Purple/Heavy,1,JoshYoung,RenatoTavaresAssociation
Atlanta BJJ Pro IBJJF Championship 2016,Master1/Male/Purple/Heavy,2,ScottMichaelMiller,YamaneChampionshipMixedMartialArts
Atlanta BJJ Pro IBJJF Championship 2016,Master1/Male/Purple/Heavy,3,MarioReyes,AtosJJRioClaro
Atlanta BJJ Pro IBJJF Championship 2016,Master1/Male/Purple/Heavy,3,TadeuOliveira,AllianceAtlanta
Atlanta BJJ Pro IBJJF Championship 2016,Master1/Male/Purple/Super-Heavy,1,jasoncrane,Alliance
Atlanta BJJ Pro IBJJF Championship 2016,Master1/Male/Purple/Ultra-Heavy,1,ArinAdjamian,ZenithBJJ,LasVegas
Atlanta BJJ Pro IBJJF Championship 2016,Master1/Male/Purple/Ultra-Heavy,2,AnthonyD.Poor,CarlsonGracieTeam
Atlanta BJJ Pro IBJJF Championship 2016,Master1/Male/Purple/Ultra-Heavy,3,KennethSeger,AresBJJ,KennyKim
Atlanta BJJ Pro IBJJF Championship 2016,Master1/Male/Purple/OpenClass,1,ArinAdjamian,ZenithBJJ,LasVegas
Atlanta BJJ Pro IBJJF Championship 2016,Master1/Male/Purple/OpenClass,2,DanielDuron,TeamLloydIrvin
Atlanta BJJ Pro IBJJF Championship 2016,Master1/Male/Purple/OpenClass,3,jinhokim,TeamRoyceGracie
Atlanta BJJ Pro IBJJF Championship 2016,Master1/Male/Purple/OpenClass,3,JohnRodgers,MarcioCruzBJJ
Atlanta BJJ Pro IBJJF Championship 2016,Master1/Male/Brown/Light,1,BrienCalloway,AllianceAtlanta
Atlanta BJJ Pro IBJJF Championship 2016,Master1/Male/Brown/Light,2,MauricioAndradeSilvaFilho,AllianceAtlanta
Atlanta BJJ Pro IBJJF Championship 2016,Master1/Male/Brown/Light,3,RossEdwardsWellman,RalphGracie
Atlanta BJJ Pro IBJJF Championship 2016,Master1/Male/Brown/Light,3,YiuYingYeung,BuckheadJiu,Jitsu
Atlanta BJJ Pro IBJJF Championship 2016,Master1/Male/Brown/Middle,1,PhilipWayneFetterman,RobertoTravenBJJ
Atlanta BJJ Pro IBJJF Championship 2016,Master1/Male/Brown/Middle,2,JesseDanielElam,MemphisBJJ
Atlanta BJJ Pro IBJJF Championship 2016,Master1/Male/Brown/Medium-Heavy,1,JohnA.EbanksII,FabioNovaesBJJ
Atlanta BJJ Pro IBJJF Championship 2016,Master1/Male/Brown/Medium-Heavy,2,KevinLynnWilliams,RenatoTavaresAssociation
Atlanta BJJ Pro IBJJF Championship 2016,Master1/Male/Brown/Medium-Heavy,3,BreckLayneStill,GracieBarra
Atlanta BJJ Pro IBJJF Championship 2016,Master1/Male/Brown/Medium-Heavy,3,ChristopherEricMoody,GracieBarra
Atlanta BJJ Pro IBJJF Championship 2016,Master1/Male/Brown/Heavy,1,DanielClayBennett,RilionGracieAtlanta,RanieriPaivaBJJ
Atlanta BJJ Pro IBJJF Championship 2016,Master1/Male/Brown/Heavy,2,RogerDuaneThomas,GracieBarra
Atlanta BJJ Pro IBJJF Championship 2016,Master1/Male/Brown/Heavy,3,StephenBalenteHernandez,RobertoTravenBJJ
Atlanta BJJ Pro IBJJF Championship 2016,Master1/Male/Brown/Ultra-Heavy,1,JeremyMarshallJ.Laviano,RenatoTavaresAssociation
Atlanta BJJ Pro IBJJF Championship 2016,Master1/Male/Brown/Ultra-Heavy,2,BrandonLeeBell,RobertoTravenBJJ
Atlanta BJJ Pro IBJJF Championship 2016,Master1/Male/Brown/OpenClass,1,StephenBalenteHernandez,RobertoTravenBJJ
Atlanta BJJ Pro IBJJF Championship 2016,Master1/Male/Brown/OpenClass,2,JohnA.EbanksII,FabioNovaesBJJ
Atlanta BJJ Pro IBJJF Championship 2016,Master1/Male/Brown/OpenClass,3,BrienCalloway,AllianceAtlanta
Atlanta BJJ Pro IBJJF Championship 2016,Master1/Male/Brown/OpenClass,3,MauricioAndradeSilvaFilho,AllianceAtlanta
Atlanta BJJ Pro IBJJF Championship 2016,Master1/Male/Black/Feather,1,SamuelBragaOlivardaCruz,GracieBarra
Atlanta BJJ Pro IBJJF Championship 2016,Master1/Male/Black/Feather,2,DiegodeAraujoSaraiva,NovaUnião
Atlanta BJJ Pro IBJJF Championship 2016,Master1/Male/Black/Feather,3,JeanCartagenaMaldonado,A,ForceBrazilianJiu,Jitsu
Atlanta BJJ Pro IBJJF Championship 2016,Master1/Male/Black/Light,1,DiegoBispoConceição,AresBJJ
Atlanta BJJ Pro IBJJF Championship 2016,Master1/Male/Black/Light,2,XavierJermelMills,RenatoTavaresAssociation
Atlanta BJJ Pro IBJJF Championship 2016,Master1/Male/Black/Medium-Heavy,1,JonathanDavidCorrea,MarcelloCMonteiroBrazilianJiuJitsuAcademy
Atlanta BJJ Pro IBJJF Championship 2016,Master1/Male/Black/Medium-Heavy,2,SergioSantosdaCostaFilho,GracieBarra
Atlanta BJJ Pro IBJJF Championship 2016,Master1/Male/Black/Heavy,1,JefferyJohnBoudreaux,RobertoTravenBJJ
Atlanta BJJ Pro IBJJF Championship 2016,Master1/Male/Black/Heavy,2,FranciscoRamosMendesNeto,CheckMat
Atlanta BJJ Pro IBJJF Championship 2016,Master1/Male/Black/Super-Heavy,1,WalnanPrestoConstantino,EquipeMineirinhoJiu,Jitsu
Atlanta BJJ Pro IBJJF Championship 2016,Master1/Male/Black/Super-Heavy,2,NicholasM.Albin,TeamShawnHammonds
Atlanta BJJ Pro IBJJF Championship 2016,Master1/Male/Black/Super-Heavy,3,ThiagoRochaFigueiredodosSantos,Kito,Ryu
Atlanta BJJ Pro IBJJF Championship 2016,Master1/Male/Black/Ultra-Heavy,1,KaliffaGonçalvesOliveira,GracieBarra
Atlanta BJJ Pro IBJJF Championship 2016,Master1/Male/Black/Ultra-Heavy,2,BrandonLeeCunningham,RilionGracieAtlanta,RanieriPaivaBJJ
Atlanta BJJ Pro IBJJF Championship 2016,Master1/Male/Black/OpenClass,1,KaliffaGonçalvesOliveira,GracieBarra
Atlanta BJJ Pro IBJJF Championship 2016,Master1/Male/Black/OpenClass,2,DiegoBispoConceição,AresBJJ
Atlanta BJJ Pro IBJJF Championship 2016,Master1/Male/Black/OpenClass,3,FranciscoRamosMendesNeto,CheckMat
Atlanta BJJ Pro IBJJF Championship 2016,Master1/Male/Black/OpenClass,3,WalnanPrestoConstantino,EquipeMineirinhoJiu,Jitsu
Atlanta BJJ Pro IBJJF Championship 2016,Master2/Male/White/Ultra-Heavy,1,JustinCatto,RobertoTravenBJJ
Atlanta BJJ Pro IBJJF Championship 2016,Master2/Male/White/Ultra-Heavy,2,JonathanGreene,FightSports
Atlanta BJJ Pro IBJJF Championship 2016,Master2/Male/Blue/Feather,1,MarlonSolares,CapitalJiu,Jitsu
Atlanta BJJ Pro IBJJF Championship 2016,Master2/Male/Blue/Feather,2,JeffreySontheimer,Alliance
Atlanta BJJ Pro IBJJF Championship 2016,Master2/Male/Blue/Feather,3,JeanPopoviche,pompeu,PedroSauerTeam
Atlanta BJJ Pro IBJJF Championship 2016,Master2/Male/Blue/Feather,3,MichaelRoss,Fifty/50Jiu,Jitsu
Atlanta BJJ Pro IBJJF Championship 2016,Master2/Male/Blue/Middle,1,JohnWilliamMiller,GracieBarra
Atlanta BJJ Pro IBJJF Championship 2016,Master2/Male/Blue/Middle,2,AaronButler,GracieBarra
Atlanta BJJ Pro IBJJF Championship 2016,Master2/Male/Blue/Middle,3,GlenDemeritt,RobertoTravenBJJ
Atlanta BJJ Pro IBJJF Championship 2016,Master2/Male/Blue/Medium-Heavy,1,AltonDeonMossJr.,GracieRaleigh
Atlanta BJJ Pro IBJJF Championship 2016,Master2/Male/Blue/Medium-Heavy,2,Timsyn,X3SportsJJ
Atlanta BJJ Pro IBJJF Championship 2016,Master2/Male/Blue/Medium-Heavy,3,JakeWedemeyer,GracieBarra
Atlanta BJJ Pro IBJJF Championship 2016,Master2/Male/Blue/Heavy,1,JoeAnderton,PedigoSubmissionFighting
Atlanta BJJ Pro IBJJF Championship 2016,Master2/Male/Blue/Heavy,2,RezaAlemzadeh,AresBJJ,KennyKim
Atlanta BJJ Pro IBJJF Championship 2016,Master2/Male/Blue/Super-Heavy,1,AlejandroGonzalezCubero,RilionGracieAtlanta,RanieriPaivaBJJ
Atlanta BJJ Pro IBJJF Championship 2016,Master2/Male/Blue/Super-Heavy,2,DavidWalters,TeamVandersonGomesUSA
Atlanta BJJ Pro IBJJF Championship 2016,Master2/Male/Blue/Super-Heavy,3,MitchJordan,AresBJJ,KennyKim
Atlanta BJJ Pro IBJJF Championship 2016,Master2/Male/Blue/Ultra-Heavy,1,StuartMatthewMones,AmericanTopTeamAtlanta
Atlanta BJJ Pro IBJJF Championship 2016,Master2/Male/Blue/Ultra-Heavy,2,ClarenceAntonioSimmonsJr.,PeakPerformance
Atlanta BJJ Pro IBJJF Championship 2016,Master2/Male/Blue/OpenClass,1,AltonDeonMossJr.,GracieRaleigh
Atlanta BJJ Pro IBJJF Championship 2016,Master2/Male/Blue/OpenClass,2,JohnWilliamMiller,GracieBarra
Atlanta BJJ Pro IBJJF Championship 2016,Master2/Male/Blue/OpenClass,3,JoeAnderton,PedigoSubmissionFighting
Atlanta BJJ Pro IBJJF Championship 2016,Master2/Male/Blue/OpenClass,3,Timsyn,X3SportsJJ
Atlanta BJJ Pro IBJJF Championship 2016,Master2/Male/Purple/Light-Feather,1,JustinCourt,TeamShawnHammonds
Atlanta BJJ Pro IBJJF Championship 2016,Master2/Male/Purple/Light-Feather,2,TadElliottThomas,RoundTableBJJ
Atlanta BJJ Pro IBJJF Championship 2016,Master2/Male/Purple/Light,1,RodrigoMiranda,RilionGracieAtlanta,RanieriPaivaBJJ
Atlanta BJJ Pro IBJJF Championship 2016,Master2/Male/Purple/Middle,1,JosephRoberts,AresBJJ,KennyKim
Atlanta BJJ Pro IBJJF Championship 2016,Master2/Male/Purple/Middle,2,thomasmiller,MarcioCruzBJJ
Atlanta BJJ Pro IBJJF Championship 2016,Master2/Male/Purple/Medium-Heavy,1,DerrickD.Mullins,CheckMat
Atlanta BJJ Pro IBJJF Championship 2016,Master2/Male/Purple/Heavy,1,JasonDavidWood,KnuckleUp
Atlanta BJJ Pro IBJJF Championship 2016,Master2/Male/Purple/Super-Heavy,1,EricSanford,GracieBarra
Atlanta BJJ Pro IBJJF Championship 2016,Master2/Male/Purple/Super-Heavy,2,ChristianPoirot,GracieBarra
Atlanta BJJ Pro IBJJF Championship 2016,Master2/Male/Purple/Ultra-Heavy,1,SergueyDaniltchenko,BrazilianTopTeam,Texas
Atlanta BJJ Pro IBJJF Championship 2016,Master2/Male/Purple/Ultra-Heavy,2,EricBrown,GracieBarra
Atlanta BJJ Pro IBJJF Championship 2016,Master2/Male/Purple/Ultra-Heavy,3,RockfordBeegen,GracieTampaSouth
Atlanta BJJ Pro IBJJF Championship 2016,Master2/Male/Purple/OpenClass,1,SergueyDaniltchenko,BrazilianTopTeam,Texas
Atlanta BJJ Pro IBJJF Championship 2016,Master2/Male/Purple/OpenClass,2,EricSanford,GracieBarra
Atlanta BJJ Pro IBJJF Championship 2016,Master2/Male/Purple/OpenClass,3,ChristianPoirot,GracieBarra
Atlanta BJJ Pro IBJJF Championship 2016,Master2/Male/Purple/OpenClass,3,DerrickD.Mullins,CheckMat
Atlanta BJJ Pro IBJJF Championship 2016,Master2/Male/Brown/Light-Feather,1,JayThomasOliveira,FightSports
Atlanta BJJ Pro IBJJF Championship 2016,Master2/Male/Brown/Light-Feather,2,DavinCastilloOrdinario,DavisMartialArts
Atlanta BJJ Pro IBJJF Championship 2016,Master2/Male/Brown/Feather,1,GeorgeWilliamBemisterIII,BrazilianTopTeam,Texas
Atlanta BJJ Pro IBJJF Championship 2016,Master2/Male/Brown/Feather,2,P.SethDavis,RobertoTravenBJJ
Atlanta BJJ Pro IBJJF Championship 2016,Master2/Male/Brown/Light,1,JanilsonRamosBie,CheckMat
Atlanta BJJ Pro IBJJF Championship 2016,Master2/Male/Brown/Light,2,NoamKerner,AllianceMarceloGarcia
Atlanta BJJ Pro IBJJF Championship 2016,Master2/Male/Brown/Light,3,LeviAaronRains,GracieBarra
Atlanta BJJ Pro IBJJF Championship 2016,Master2/Male/Brown/Medium-Heavy,1,TroyAlonzoDavis,RobertoTravenBJJ
Atlanta BJJ Pro IBJJF Championship 2016,Master2/Male/Brown/Medium-Heavy,2,EricMosesMtika,RobertoTravenBJJ
Atlanta BJJ Pro IBJJF Championship 2016,Master2/Male/Brown/Medium-Heavy,3,KaelumMartinMylesKalista,GFTeamInternational
Atlanta BJJ Pro IBJJF Championship 2016,Master2/Male/Brown/Medium-Heavy,3,NathanBaxterAsbee,CreightonMixedMartialArtsAcademy
Atlanta BJJ Pro IBJJF Championship 2016,Master2/Male/Brown/Heavy,1,StevenMichaelStrivelli,SchlosserBJJ
Atlanta BJJ Pro IBJJF Championship 2016,Master2/Male/Brown/Heavy,2,CharlesButterfield,RilionGracieAtlanta,RanieriPaivaBJJ
Atlanta BJJ Pro IBJJF Championship 2016,Master2/Male/Brown/Heavy,3,DerekAnthonyBattle,AllianceAtlanta
Atlanta BJJ Pro IBJJF Championship 2016,Master2/Male/Brown/Heavy,3,RickyLaneNelsonJr.,GracieBarra
Atlanta BJJ Pro IBJJF Championship 2016,Master2/Male/Brown/Ultra-Heavy,1,ChadFields,RobertoTravenBJJ
Atlanta BJJ Pro IBJJF Championship 2016,Master2/Male/Brown/Ultra-Heavy,2,DavidBennett,RenatoTavaresAssociation
Atlanta BJJ Pro IBJJF Championship 2016,Master2/Male/Brown/OpenClass,1,ChadFields,RobertoTravenBJJ
Atlanta BJJ Pro IBJJF Championship 2016,Master2/Male/Brown/OpenClass,2,TroyAlonzoDavis,RobertoTravenBJJ
Atlanta BJJ Pro IBJJF Championship 2016,Master2/Male/Brown/OpenClass,3,DerekAnthonyBattle,AllianceAtlanta
Atlanta BJJ Pro IBJJF Championship 2016,Master2/Male/Brown/OpenClass,3,RickyLaneNelsonJr.,GracieBarra
Atlanta BJJ Pro IBJJF Championship 2016,Master2/Male/Black/Middle,1,JohnJamesPiper,CharlotteJiu,JitsuAcademy
Atlanta BJJ Pro IBJJF Championship 2016,Master2/Male/Black/Middle,2,KoonTingLau,RobertoTravenBJJ
Atlanta BJJ Pro IBJJF Championship 2016,Master2/Male/Black/Middle,3,NielsenNunesdeLima,GracieBarra
Atlanta BJJ Pro IBJJF Championship 2016,Master2/Male/Black/Medium-Heavy,1,ThaisioDaCostaFeliz,RenatoTavares
Atlanta BJJ Pro IBJJF Championship 2016,Master2/Male/Black/Medium-Heavy,2,MichaelAnthonySergi,MarcioCruzBJJ
Atlanta BJJ Pro IBJJF Championship 2016,Master2/Male/Black/Super-Heavy,1,RaulFranciscoJimenezTrivino,AllianceAtlanta
Atlanta BJJ Pro IBJJF Championship 2016,Master2/Male/Black/Super-Heavy,2,JeremyWilliamAbney,GracieBarra
Atlanta BJJ Pro IBJJF Championship 2016,Master2/Male/Black/Super-Heavy,3,RogerEugeneClick,GracieBarra
Atlanta BJJ Pro IBJJF Championship 2016,Master2/Male/Black/Ultra-Heavy,1,EthanEdwardGarrison,RobertoTravenBJJ
Atlanta BJJ Pro IBJJF Championship 2016,Master2/Male/Black/Ultra-Heavy,2,VandersonGomesDiasdosSantos,TeamJucãoUSA
Atlanta BJJ Pro IBJJF Championship 2016,Master2/Male/Black/Ultra-Heavy,3,RodrigoRibeirodaCruz,MarcioCruzBJJ
Atlanta BJJ Pro IBJJF Championship 2016,Master2/Male/Black/OpenClass,1,EthanEdwardGarrison,RobertoTravenBJJ
Atlanta BJJ Pro IBJJF Championship 2016,Master2/Male/Black/OpenClass,2,RaulFranciscoJimenezTrivino,AllianceAtlanta
Atlanta BJJ Pro IBJJF Championship 2016,Master2/Male/Black/OpenClass,3,MichaelAnthonySergi,MarcioCruzBJJ
Atlanta BJJ Pro IBJJF Championship 2016,Master2/Male/Black/OpenClass,3,NielsenNunesdeLima,GracieBarra
Atlanta BJJ Pro IBJJF Championship 2016,Master3/Male/White/Medium-Heavy,1,JamesBuckmon,GracieBarra
Atlanta BJJ Pro IBJJF Championship 2016,Master3/Male/White/Medium-Heavy,2,TerryStewart,SASTeamUSA
Atlanta BJJ Pro IBJJF Championship 2016,Master3/Male/White/Medium-Heavy,3,ChadTamanaha,RMNUTeam
Atlanta BJJ Pro IBJJF Championship 2016,Master3/Male/Blue/Light,1,KamranKurani,X3Sports
Atlanta BJJ Pro IBJJF Championship 2016,Master3/Male/Blue/Light,2,KevinWyomaWilliams,RobertoTravenBJJ
Atlanta BJJ Pro IBJJF Championship 2016,Master3/Male/Blue/Light,3,TearionA.Scott,NorthBroadwayJiu,Jitsu
Atlanta BJJ Pro IBJJF Championship 2016,Master3/Male/Blue/Light,3,WoohyunJo,AresBJJ,KennyKim
Atlanta BJJ Pro IBJJF Championship 2016,Master3/Male/Blue/Middle,1,RobertEdwardLane,AtosJiu,Jitsu
Atlanta BJJ Pro IBJJF Championship 2016,Master3/Male/Blue/Middle,2,AlexeyIskhakov,MikeMoses'CompetitionTeam
Atlanta BJJ Pro IBJJF Championship 2016,Master3/Male/Blue/Middle,3,DaniloArmandoMontecinos,SBGAtlanta
Atlanta BJJ Pro IBJJF Championship 2016,Master3/Male/Blue/Medium-Heavy,1,PaulRyan,RobertoTravenBJJ
Atlanta BJJ Pro IBJJF Championship 2016,Master3/Male/Blue/Medium-Heavy,2,RobertHardy,NOLABrazilianJiu,Jitsu
Atlanta BJJ Pro IBJJF Championship 2016,Master3/Male/Blue/Super-Heavy,1,LucasAnthonyTrautman,NOLABrazilianJiu,Jitsu
Atlanta BJJ Pro IBJJF Championship 2016,Master3/Male/Blue/OpenClass,1,PaulRyan,RobertoTravenBJJ
Atlanta BJJ Pro IBJJF Championship 2016,Master3/Male/Blue/OpenClass,2,RobertEdwardLane,AtosJiu,Jitsu
Atlanta BJJ Pro IBJJF Championship 2016,Master3/Male/Blue/OpenClass,3,RobertHardy,NOLABrazilianJiu,Jitsu
Atlanta BJJ Pro IBJJF Championship 2016,Master3/Male/Blue/OpenClass,3,WoohyunJo,AresBJJ,KennyKim
Atlanta BJJ Pro IBJJF Championship 2016,Master3/Male/Purple/Feather,1,BryanCohen,SchlosserBJJ
Atlanta BJJ Pro IBJJF Championship 2016,Master3/Male/Purple/Feather,2,chrisortiz,RobertoTravenBJJ
Atlanta BJJ Pro IBJJF Championship 2016,Master3/Male/Purple/Middle,1,JohnE.Coaker,RobertoTravenBJJ
Atlanta BJJ Pro IBJJF Championship 2016,Master3/Male/Purple/Medium-Heavy,1,AlexanderC.Jutis,CreightonMixedMartialArtsAcademy
Atlanta BJJ Pro IBJJF Championship 2016,Master3/Male/Purple/Medium-Heavy,2,StephenOverbaugh,RobertoTravenBJJ
Atlanta BJJ Pro IBJJF Championship 2016,Master3/Male/Purple/Medium-Heavy,3,TravisMathewMackellar,SBGInternational(SBGI)
Atlanta BJJ Pro IBJJF Championship 2016,Master3/Male/Purple/Heavy,1,AntoineGross,NewEnglandUnitedBJJ
Atlanta BJJ Pro IBJJF Championship 2016,Master3/Male/Purple/Heavy,2,JasonChanceHammond,FightSports
Atlanta BJJ Pro IBJJF Championship 2016,Master3/Male/Purple/Ultra-Heavy,1,GaryCaldwell,GracieBarra
Atlanta BJJ Pro IBJJF Championship 2016,Master3/Male/Purple/Ultra-Heavy,2,GregoryAllenMcDermitt,TeamShawnHammonds
Atlanta BJJ Pro IBJJF Championship 2016,Master3/Male/Purple/OpenClass,1,AntoineGross,NewEnglandUnitedBJJ
Atlanta BJJ Pro IBJJF Championship 2016,Master3/Male/Purple/OpenClass,2,JasonChanceHammond,FightSports
Atlanta BJJ Pro IBJJF Championship 2016,Master3/Male/Purple/OpenClass,3,AlexanderC.Jutis,CreightonMixedMartialArtsAcademy
Atlanta BJJ Pro IBJJF Championship 2016,Master3/Male/Purple/OpenClass,3,BryanCohen,SchlosserBJJ
Atlanta BJJ Pro IBJJF Championship 2016,Master3/Male/Brown/Middle,1,BrianJeffreyLogan,RilionGracieAtlanta,RanieriPaivaBJJ
Atlanta BJJ Pro IBJJF Championship 2016,Master3/Male/Brown/Middle,2,MikeFlanagan,AllianceAtlanta
Atlanta BJJ Pro IBJJF Championship 2016,Master3/Male/Brown/Heavy,1,JuanEdwardoTorres,Lao,AllianceCharlotte
Atlanta BJJ Pro IBJJF Championship 2016,Master3/Male/Brown/Heavy,2,CedricJeromeBrown,RobertoTravenBJJ
Atlanta BJJ Pro IBJJF Championship 2016,Master3/Male/Brown/Heavy,3,CameronAnthonyAyer,RobertoTravenBJJ
Atlanta BJJ Pro IBJJF Championship 2016,Master3/Male/Brown/OpenClass,1,CameronAnthonyAyer,RobertoTravenBJJ
Atlanta BJJ Pro IBJJF Championship 2016,Master3/Male/Brown/OpenClass,2,CedricJeromeBrown,RobertoTravenBJJ
Atlanta BJJ Pro IBJJF Championship 2016,Master3/Male/Black/Light-Feather,1,DarinB.Reisler,PlusOneDefenseSystems
Atlanta BJJ Pro IBJJF Championship 2016,Master3/Male/Black/Light,1,AlessandroCironeNagaishi,CheckMat
Atlanta BJJ Pro IBJJF Championship 2016,Master3/Male/Black/Middle,1,DanielC.B.Vianna,CarlsonGracieTeam
Atlanta BJJ Pro IBJJF Championship 2016,Master3/Male/Black/Middle,2,RandallBertPhillips,TeamShawnHammonds
Atlanta BJJ Pro IBJJF Championship 2016,Master3/Male/Black/Heavy,1,ThomasE.Pennington,RobertoTravenBJJ
Atlanta BJJ Pro IBJJF Championship 2016,Master3/Male/Black/Ultra-Heavy,1,GewinnerGarrison,RobertoTravenBJJ
Atlanta BJJ Pro IBJJF Championship 2016,Master3/Male/Black/Ultra-Heavy,2,MichaelBernardMartelle,GrizzlyGymInternational
Atlanta BJJ Pro IBJJF Championship 2016,Master3/Male/Black/OpenClass,1,DanielC.B.Vianna,CarlsonGracieTeam
Atlanta BJJ Pro IBJJF Championship 2016,Master3/Male/Black/OpenClass,2,GewinnerGarrison,RobertoTravenBJJ
Atlanta BJJ Pro IBJJF Championship 2016,Master3/Male/Black/OpenClass,3,AlessandroCironeNagaishi,CheckMat
Atlanta BJJ Pro IBJJF Championship 2016,Master3/Male/Black/OpenClass,3,MichaelBernardMartelle,GrizzlyGymInternational
