Las Vegas International Open Jiu-Jitsu 2016,Juvenile/Male/Blue/Feather,1,LiamRandallThorenMoss,ArtofJiuJitsuAcademy
Las Vegas International Open Jiu-Jitsu 2016,Juvenile/Male/Blue/Feather,2,ChabrePhilipSchumacher,GDJiu,JitsuAssociation
Las Vegas International Open Jiu-Jitsu 2016,Juvenile/Male/Blue/Feather,3,MatthewGonzaloMireles,GracieBarra
Las Vegas International Open Jiu-Jitsu 2016,Juvenile/Male/Blue/Light,1,TainanDalpraCosta,ArtofJiuJitsuAcademy
Las Vegas International Open Jiu-Jitsu 2016,Juvenile/Male/Blue/Light,2,MatheusTeixeiraQueiroz,CarlsonGracieTeam
Las Vegas International Open Jiu-Jitsu 2016,Juvenile/Male/Blue/Middle,1,TrelB.C.Lakindanum,GracieHumaita
Las Vegas International Open Jiu-Jitsu 2016,Juvenile/Male/Blue/Super-Heavy,1,JohnathaBarbosaAlves,ArtofJiuJitsuAcademy
Las Vegas International Open Jiu-Jitsu 2016,Juvenile/Male/Blue/Super-Heavy,2,AndrewDomonicNafarrete,GracieHumaita
Las Vegas International Open Jiu-Jitsu 2016,Juvenile/Female/Blue/Middle,1,SophiaMarieFlores,ArtofJiuJitsuAcademy
Las Vegas International Open Jiu-Jitsu 2016,Juvenile/Female/Blue/Middle,2,JolynneAmberDizon,CheckMat
Las Vegas International Open Jiu-Jitsu 2016,Juvenile/Female/Blue/Middle,3,YesenyaYaelVillafuerte,AresBJJ
Las Vegas International Open Jiu-Jitsu 2016,Juvenile/Female/Blue/Super-Heavy,1,KylieJazlynBaker,TRUJITSU/Bakersfield
Las Vegas International Open Jiu-Jitsu 2016,Adult/Male/White/Light-Feather,1,MauiLacaze,GFTeamNewCaledonia
Las Vegas International Open Jiu-Jitsu 2016,Adult/Male/White/Light-Feather,2,EmilioAndrade,RenzoGracieLA
Las Vegas International Open Jiu-Jitsu 2016,Adult/Male/White/Light-Feather,3,SambhramPatel,GDJiu,JitsuAssociation
Las Vegas International Open Jiu-Jitsu 2016,Adult/Male/White/Feather,1,NathanMark,RenzoGracieLA
Las Vegas International Open Jiu-Jitsu 2016,Adult/Male/White/Feather,2,ReganKualii,AresBJJ
Las Vegas International Open Jiu-Jitsu 2016,Adult/Male/White/Feather,3,BorisOlivares,GracieBarra
Las Vegas International Open Jiu-Jitsu 2016,Adult/Male/White/Feather,3,PhillipBernard,TinguinhaBJJacademy
Las Vegas International Open Jiu-Jitsu 2016,Adult/Male/White/Light,1,ScottThomas,CheckMat
Las Vegas International Open Jiu-Jitsu 2016,Adult/Male/White/Light,2,DaniloPelicano,AresBJJ
Las Vegas International Open Jiu-Jitsu 2016,Adult/Male/White/Light,3,LarryConnors,Alliance
Las Vegas International Open Jiu-Jitsu 2016,Adult/Male/White/Light,3,MatthewKoenig,AresBJJ
Las Vegas International Open Jiu-Jitsu 2016,Adult/Male/White/Middle,1,AbdullahAlAnjari,AtosJJUSA
Las Vegas International Open Jiu-Jitsu 2016,Adult/Male/White/Middle,2,JaimeCoronado,CheckMat
Las Vegas International Open Jiu-Jitsu 2016,Adult/Male/White/Middle,3,JordanShipman,EastonBJJ
Las Vegas International Open Jiu-Jitsu 2016,Adult/Male/White/Middle,3,NikolaosGaitanos,CobraKaiJiuJitsu
Las Vegas International Open Jiu-Jitsu 2016,Adult/Male/White/Medium-Heavy,1,DawilSully,NovaUniãoUSA
Las Vegas International Open Jiu-Jitsu 2016,Adult/Male/White/Medium-Heavy,2,MatthewLowrimore,TRUJITSU/Bakersfield
Las Vegas International Open Jiu-Jitsu 2016,Adult/Male/White/Medium-Heavy,3,DavidZheng,AbuBrothersLasVegas
Las Vegas International Open Jiu-Jitsu 2016,Adult/Male/White/Medium-Heavy,3,WenLin,AbuBrothersLasVegas
Las Vegas International Open Jiu-Jitsu 2016,Adult/Male/White/Heavy,1,TylerRyan,MarcusSoaresAcademy
Las Vegas International Open Jiu-Jitsu 2016,Adult/Male/White/Heavy,2,SergioAlonso,GracieBarra
Las Vegas International Open Jiu-Jitsu 2016,Adult/Male/White/Super-Heavy,1,CharlesLeaton,GracieBarra
Las Vegas International Open Jiu-Jitsu 2016,Adult/Male/White/Super-Heavy,2,RobertJesseMirick,CheckMat
Las Vegas International Open Jiu-Jitsu 2016,Adult/Male/White/Ultra-Heavy,1,SergioMoreno,CheckMat
Las Vegas International Open Jiu-Jitsu 2016,Adult/Male/White/Ultra-Heavy,2,DakotaJennings,ZenithBJJ,LasVegas
Las Vegas International Open Jiu-Jitsu 2016,Adult/Female/White/Rooster,1,FionaKo,ArtofJiuJitsuAcademy
Las Vegas International Open Jiu-Jitsu 2016,Adult/Female/White/Rooster,2,SarahChavez,GracieBarra
Las Vegas International Open Jiu-Jitsu 2016,Adult/Female/White/Feather,1,RebeccaHughes,AtosJJInternational
Las Vegas International Open Jiu-Jitsu 2016,Adult/Female/White/Feather,2,MingmingZhan,PKGTrainingCenter
Las Vegas International Open Jiu-Jitsu 2016,Adult/Female/White/Feather,3,AmyAnspach,ZenithBJJ,LasVegas
Las Vegas International Open Jiu-Jitsu 2016,Adult/Female/White/Feather,3,RachelleValencia,ZenithBJJ,LasVegas
Las Vegas International Open Jiu-Jitsu 2016,Adult/Female/White/Light,1,ViktoriaBinkowski,PrimeJiu,JitsuCenter
Las Vegas International Open Jiu-Jitsu 2016,Adult/Female/White/Light,2,MichellePenn,CaveirinhaJiu,JitsuFamilyUSA
Las Vegas International Open Jiu-Jitsu 2016,Adult/Female/White/Middle,1,RachelleThompson,CarlsonGracieTeam
Las Vegas International Open Jiu-Jitsu 2016,Adult/Female/White/Middle,2,KarellyQuintero,GDJiu,JitsuAssociation
Las Vegas International Open Jiu-Jitsu 2016,Adult/Female/White/Middle,3,BarbaraCotaitRuggiero,RibeiroJiu,Jitsu
Las Vegas International Open Jiu-Jitsu 2016,Adult/Female/White/Middle,3,CassandraLamb,GracieBarra
Las Vegas International Open Jiu-Jitsu 2016,Adult/Female/White/Medium-Heavy,1,BethanyWright,Alliance
Las Vegas International Open Jiu-Jitsu 2016,Adult/Female/White/Medium-Heavy,2,dannellmoyer,GracieBarra
Las Vegas International Open Jiu-Jitsu 2016,Adult/Female/White/Heavy,1,MollyHarding,UnifiedJiuJitsu
Las Vegas International Open Jiu-Jitsu 2016,Adult/Female/White/Heavy,2,ElizabethGordon,FightCapital
Las Vegas International Open Jiu-Jitsu 2016,Adult/Female/White/Heavy,3,TiffanyTrosclair,TRUJITSU/Bakersfield
Las Vegas International Open Jiu-Jitsu 2016,Adult/Female/White/Super-Heavy,1,CassandraRaeDodson,BrasaCTA
Las Vegas International Open Jiu-Jitsu 2016,Adult/Female/White/Super-Heavy,2,AimeeMartinez,AresBJJ
Las Vegas International Open Jiu-Jitsu 2016,Adult/Male/Blue/Rooster,1,BenjaminEisman,GracieBarra
Las Vegas International Open Jiu-Jitsu 2016,Adult/Male/Blue/Light-Feather,1,BradMatthewJohnston,ArtofJiuJitsuAcademy
Las Vegas International Open Jiu-Jitsu 2016,Adult/Male/Blue/Light-Feather,2,MatthewDerrick,TeamShawnHammonds
Las Vegas International Open Jiu-Jitsu 2016,Adult/Male/Blue/Light-Feather,3,EthanHoward,CobraKaiJiuJitsu
Las Vegas International Open Jiu-Jitsu 2016,Adult/Male/Blue/Light-Feather,3,JoshuaSmith,TeamShawnHammonds
Las Vegas International Open Jiu-Jitsu 2016,Adult/Male/Blue/Feather,1,MatheusdosSantos,ArtofJiuJitsuAcademy
Las Vegas International Open Jiu-Jitsu 2016,Adult/Male/Blue/Feather,2,PabloCassemiro,MarcoNascimentoBJJ
Las Vegas International Open Jiu-Jitsu 2016,Adult/Male/Blue/Feather,3,LuisAlbertoHernandezMorales,TeamShawnHammonds
Las Vegas International Open Jiu-Jitsu 2016,Adult/Male/Blue/Feather,3,MattBell,CarlsonGracieTeam
Las Vegas International Open Jiu-Jitsu 2016,Adult/Male/Blue/Light,1,HaoQian,CheckMat
Las Vegas International Open Jiu-Jitsu 2016,Adult/Male/Blue/Light,2,SeathDTowles,BJJRevolutionTeam
Las Vegas International Open Jiu-Jitsu 2016,Adult/Male/Blue/Light,3,ChelanHawkSchumacher,GDJiu,JitsuAssociation
Las Vegas International Open Jiu-Jitsu 2016,Adult/Male/Blue/Light,3,MohammedYusuf,CheckMat
Las Vegas International Open Jiu-Jitsu 2016,Adult/Male/Blue/Middle,1,AdamBradley,AtosJiu,Jitsu
Las Vegas International Open Jiu-Jitsu 2016,Adult/Male/Blue/Middle,2,JorgePauloBarrelinFilho,RibeiroJiu,Jitsu
Las Vegas International Open Jiu-Jitsu 2016,Adult/Male/Blue/Middle,3,DarinConnerDeangelis,AtosJiu,Jitsu
Las Vegas International Open Jiu-Jitsu 2016,Adult/Male/Blue/Middle,3,KristianOlivo,ZenithBJJ,LasVegas
Las Vegas International Open Jiu-Jitsu 2016,Adult/Male/Blue/Medium-Heavy,1,ZacharyBalaban,ArtofJiuJitsuAcademy
Las Vegas International Open Jiu-Jitsu 2016,Adult/Male/Blue/Medium-Heavy,2,MustafaSabha,BrazilianTopTeam
Las Vegas International Open Jiu-Jitsu 2016,Adult/Male/Blue/Medium-Heavy,3,RobertGreen,GDJiu,JitsuAssociation
Las Vegas International Open Jiu-Jitsu 2016,Adult/Male/Blue/Medium-Heavy,3,StephanSharps,EastonBJJ
Las Vegas International Open Jiu-Jitsu 2016,Adult/Male/Blue/Heavy,1,MarkHolford,RibeiroJiu,Jitsu
Las Vegas International Open Jiu-Jitsu 2016,Adult/Male/Blue/Heavy,2,GriffinConway,ArtofJiuJitsuAcademy
Las Vegas International Open Jiu-Jitsu 2016,Adult/Male/Blue/Heavy,3,JamesDelsid,CleberJiuJitsu
Las Vegas International Open Jiu-Jitsu 2016,Adult/Male/Blue/Heavy,3,MatthewBernard,AtosJJUSA
Las Vegas International Open Jiu-Jitsu 2016,Adult/Male/Blue/Super-Heavy,1,StevenLang,GDJiu,JitsuAssociation
Las Vegas International Open Jiu-Jitsu 2016,Adult/Male/Blue/Super-Heavy,2,FrancescoRabolini,Flow
Las Vegas International Open Jiu-Jitsu 2016,Adult/Male/Blue/Super-Heavy,3,AlexanderSterner,AtosJiu,Jitsu
Las Vegas International Open Jiu-Jitsu 2016,Adult/Male/Blue/Ultra-Heavy,1,DiegoVasquez,CarlsonGracieTeam
Las Vegas International Open Jiu-Jitsu 2016,Adult/Male/Blue/Ultra-Heavy,2,DentonHoover,ZenithBJJ,LasVegas
Las Vegas International Open Jiu-Jitsu 2016,Adult/Male/Blue/Ultra-Heavy,3,MichaelCashman,GracieBarra
Las Vegas International Open Jiu-Jitsu 2016,Adult/Male/Blue/Ultra-Heavy,3,NickTodorovich,CheckMat
Las Vegas International Open Jiu-Jitsu 2016,Adult/Male/Blue/OpenClass,1,DarinConnerDeangelis,AtosJiu,Jitsu
Las Vegas International Open Jiu-Jitsu 2016,Adult/Male/Blue/OpenClass,2,DiegoVasquez,CarlsonGracieTeam
Las Vegas International Open Jiu-Jitsu 2016,Adult/Male/Blue/OpenClass,3,AlexanderSterner,AtosJiu,Jitsu
Las Vegas International Open Jiu-Jitsu 2016,Adult/Male/Blue/OpenClass,3,MarkHolford,RibeiroJiu,Jitsu
Las Vegas International Open Jiu-Jitsu 2016,Adult/Female/Blue/Rooster,1,MargaritaPradoOchoa,AtosJJInternational
Las Vegas International Open Jiu-Jitsu 2016,Adult/Female/Blue/Rooster,2,SaraCorella,GracieBarra
Las Vegas International Open Jiu-Jitsu 2016,Adult/Female/Blue/Light-Feather,1,GraceCampbell,GDJiu,JitsuAssociation
Las Vegas International Open Jiu-Jitsu 2016,Adult/Female/Blue/Light-Feather,2,AlexandriaWhitlock,ZenithBJJ,LasVegas
Las Vegas International Open Jiu-Jitsu 2016,Adult/Female/Blue/Feather,1,MikaelaBrennaCarpenter,MaracabaBJJ
Las Vegas International Open Jiu-Jitsu 2016,Adult/Female/Blue/Feather,2,HeatherMorgan,AtosJiu,Jitsu
Las Vegas International Open Jiu-Jitsu 2016,Adult/Female/Blue/Feather,3,KananiGuerra,GDJiu,JitsuAssociation
Las Vegas International Open Jiu-Jitsu 2016,Adult/Female/Blue/Feather,3,PauleteCelebrado,Alliance
Las Vegas International Open Jiu-Jitsu 2016,Adult/Female/Blue/Light,1,ThamiresArrudaMonteiro,AcademiaMarangoni
Las Vegas International Open Jiu-Jitsu 2016,Adult/Female/Blue/Light,2,ManeliAlipour,PacificTopTeam
Las Vegas International Open Jiu-Jitsu 2016,Adult/Female/Blue/Light,3,KandiceKwan,GDJiu,JitsuAssociation
Las Vegas International Open Jiu-Jitsu 2016,Adult/Female/Blue/Middle,1,LakelChester,GDJiu,JitsuAssociation
Las Vegas International Open Jiu-Jitsu 2016,Adult/Female/Blue/Middle,2,NayraGallegos,GracieBarra
Las Vegas International Open Jiu-Jitsu 2016,Adult/Female/Blue/Middle,3,SunnyKo,FredsonPaixaoBJJLasVegas
Las Vegas International Open Jiu-Jitsu 2016,Adult/Female/Blue/Medium-Heavy,1,MaggieGrindatti,GrapplingUnlimited
Las Vegas International Open Jiu-Jitsu 2016,Adult/Female/Blue/Medium-Heavy,2,GabrielaMccrossan,TeamShawnHammonds
Las Vegas International Open Jiu-Jitsu 2016,Adult/Female/Blue/Medium-Heavy,3,AlyssaCongdon,CheckMat
Las Vegas International Open Jiu-Jitsu 2016,Adult/Female/Blue/OpenClass,1,MaggieGrindatti,GrapplingUnlimited
Las Vegas International Open Jiu-Jitsu 2016,Adult/Female/Blue/OpenClass,2,MikaelaBrennaCarpenter,MaracabaBJJ
Las Vegas International Open Jiu-Jitsu 2016,Adult/Female/Blue/OpenClass,3,HeatherMorgan,AtosJiu,Jitsu
Las Vegas International Open Jiu-Jitsu 2016,Adult/Female/Blue/OpenClass,3,ManeliAlipour,PacificTopTeam
Las Vegas International Open Jiu-Jitsu 2016,Adult/Male/Purple/Rooster,1,DarenIrlandez,CascaoBJJLasVegas
Las Vegas International Open Jiu-Jitsu 2016,Adult/Male/Purple/Rooster,2,DanielRodriguez,GDJiu,JitsuAssociation
Las Vegas International Open Jiu-Jitsu 2016,Adult/Male/Purple/Rooster,3,MichaelGatus,TRUJITSU/Bakersfield
Las Vegas International Open Jiu-Jitsu 2016,Adult/Male/Purple/Light-Feather,1,KennedyLeonardoMaciel,Alliance
Las Vegas International Open Jiu-Jitsu 2016,Adult/Male/Purple/Light-Feather,2,ErosVincentBaluyot,AtosJiu,Jitsu
Las Vegas International Open Jiu-Jitsu 2016,Adult/Male/Purple/Light-Feather,3,DavidJViera,TheArena
Las Vegas International Open Jiu-Jitsu 2016,Adult/Male/Purple/Light-Feather,3,WesleySouzaSantos,Alliance
Las Vegas International Open Jiu-Jitsu 2016,Adult/Male/Purple/Feather,1,RichardSantosAlvarez,CheckMat
Las Vegas International Open Jiu-Jitsu 2016,Adult/Male/Purple/Feather,2,DiegoPadilla,TeamShark,DanielPinheiroBrazilianJiu,Jitsu
Las Vegas International Open Jiu-Jitsu 2016,Adult/Male/Purple/Feather,3,RobertIsakssonFeustel,AresBJJ
Las Vegas International Open Jiu-Jitsu 2016,Adult/Male/Purple/Feather,3,SpencerRoyceNogawa,ArtofJiuJitsuAcademy
Las Vegas International Open Jiu-Jitsu 2016,Adult/Male/Purple/Light,1,DanielAugustusSiricaSpeirn,RalphGracie
Las Vegas International Open Jiu-Jitsu 2016,Adult/Male/Purple/Light,2,AaronWilson,GDJiu,JitsuAssociation
Las Vegas International Open Jiu-Jitsu 2016,Adult/Male/Purple/Light,3,AriandeMeloMacêdo,GracieBarra
Las Vegas International Open Jiu-Jitsu 2016,Adult/Male/Purple/Light,3,ericroy,GracieHumaita
Las Vegas International Open Jiu-Jitsu 2016,Adult/Male/Purple/Middle,1,KauanArgimonBarboza,GracieHumaita
Las Vegas International Open Jiu-Jitsu 2016,Adult/Male/Purple/Middle,2,MichaelArshagKhatchikian,GracieBarra
Las Vegas International Open Jiu-Jitsu 2016,Adult/Male/Purple/Middle,3,MichaelSalazar,AMBJJ,AlexMartinsBrazilianJiu,Jitsu
Las Vegas International Open Jiu-Jitsu 2016,Adult/Male/Purple/Middle,3,RehanMuttalib,Alliance
Las Vegas International Open Jiu-Jitsu 2016,Adult/Male/Purple/Medium-Heavy,1,RonaldoPereiradeSouzaJúnior,AcademiaPitbull
Las Vegas International Open Jiu-Jitsu 2016,Adult/Male/Purple/Medium-Heavy,2,LouisPascalRiel,UndisputedTucson
Las Vegas International Open Jiu-Jitsu 2016,Adult/Male/Purple/Medium-Heavy,3,AynXavierPoblete,GracieHumaita
Las Vegas International Open Jiu-Jitsu 2016,Adult/Male/Purple/Medium-Heavy,3,OliverKamari,Bidkorpeh,GracieBarra
Las Vegas International Open Jiu-Jitsu 2016,Adult/Male/Purple/Heavy,1,RiderZuchiSamelodoAmaral,LótusClub
Las Vegas International Open Jiu-Jitsu 2016,Adult/Male/Purple/Heavy,2,SkyLovell,GracieBarraJJ
Las Vegas International Open Jiu-Jitsu 2016,Adult/Male/Purple/Heavy,3,AndreLiberalAlvesdeAlmeida,GracieBarra
Las Vegas International Open Jiu-Jitsu 2016,Adult/Male/Purple/Heavy,3,AshkanMoghaddam,RalphGracieJiu,JitsuBerkeley
Las Vegas International Open Jiu-Jitsu 2016,Adult/Male/Purple/Super-Heavy,1,JoshuaDominicGuerra,GDJiu,JitsuAssociation
Las Vegas International Open Jiu-Jitsu 2016,Adult/Male/Purple/Super-Heavy,2,RenatodosSantosTagliari,BrasaCTA
Las Vegas International Open Jiu-Jitsu 2016,Adult/Male/Purple/Super-Heavy,3,ChristopherBlauvelt,BrasaCTA
Las Vegas International Open Jiu-Jitsu 2016,Adult/Male/Purple/Super-Heavy,3,JoeWarner,BoranJiu,Jitsu
Las Vegas International Open Jiu-Jitsu 2016,Adult/Male/Purple/Ultra-Heavy,1,CaseyWilliamHellenberg,UniversityofJiu,Jitsu
Las Vegas International Open Jiu-Jitsu 2016,Adult/Male/Purple/Ultra-Heavy,2,MathewLowry,UnifiedJiuJitsu
Las Vegas International Open Jiu-Jitsu 2016,Adult/Male/Purple/Ultra-Heavy,3,DamienAaronNitkin,FightCapital
Las Vegas International Open Jiu-Jitsu 2016,Adult/Male/Purple/Ultra-Heavy,3,RicardoN.CamareroEsparza,Babalu'sIronGym
Las Vegas International Open Jiu-Jitsu 2016,Adult/Male/Purple/OpenClass,1,RonaldoPereiradeSouzaJúnior,AcademiaPitbull
Las Vegas International Open Jiu-Jitsu 2016,Adult/Male/Purple/OpenClass,2,MichaelArshagKhatchikian,GracieBarra
Las Vegas International Open Jiu-Jitsu 2016,Adult/Male/Purple/OpenClass,3,CaseyWilliamHellenberg,UniversityofJiu,Jitsu
Las Vegas International Open Jiu-Jitsu 2016,Adult/Male/Purple/OpenClass,3,JoshuaDominicGuerra,GDJiu,JitsuAssociation
Las Vegas International Open Jiu-Jitsu 2016,Adult/Female/Purple/Light-Feather,1,MeganAllisonParducho,BigJohnMcCarthy'sUltimateTrainingAcademy
Las Vegas International Open Jiu-Jitsu 2016,Adult/Female/Purple/Light-Feather,2,MimiShing,Alliance
Las Vegas International Open Jiu-Jitsu 2016,Adult/Female/Purple/Light-Feather,3,AmberRymarz,freitas,GracieBarra
Las Vegas International Open Jiu-Jitsu 2016,Adult/Female/Purple/Feather,1,ErikaAlmeida,AloisioSilvaBJJ
Las Vegas International Open Jiu-Jitsu 2016,Adult/Female/Purple/Feather,2,LeslieJ.Gardineer,OneJiu,JitsuUSA
Las Vegas International Open Jiu-Jitsu 2016,Adult/Female/Purple/Feather,3,EricaFabian,GracieBarraKapolei
Las Vegas International Open Jiu-Jitsu 2016,Adult/Female/Purple/Heavy,1,RaquelDayneKaleialohaPaaluhi,ZenithBJJ,LasVegas
Las Vegas International Open Jiu-Jitsu 2016,Adult/Female/Purple/Heavy,2,BethanyBates,FredsonPaixaoBJJLasVegas
Las Vegas International Open Jiu-Jitsu 2016,Adult/Female/Purple/OpenClass,1,RaquelDayneKaleialohaPaaluhi,ZenithBJJ,LasVegas
Las Vegas International Open Jiu-Jitsu 2016,Adult/Female/Purple/OpenClass,2,BethanyBates,FredsonPaixaoBJJLasVegas
Las Vegas International Open Jiu-Jitsu 2016,Adult/Male/Brown/Light-Feather,1,ArnoldGladimirMonterroso,GDJiu,JitsuAssociation
Las Vegas International Open Jiu-Jitsu 2016,Adult/Male/Brown/Light-Feather,2,JamesDavidSegars,RibeiroJiu,Jitsu
Las Vegas International Open Jiu-Jitsu 2016,Adult/Male/Brown/Light-Feather,3,JavierGomez,AresBJJ
Las Vegas International Open Jiu-Jitsu 2016,Adult/Male/Brown/Light-Feather,3,WallaceFernandoSantos,GracieHumaita
Las Vegas International Open Jiu-Jitsu 2016,Adult/Male/Brown/Feather,1,NicholasAnthonyBohli,ArtofJiuJitsuAcademy
Las Vegas International Open Jiu-Jitsu 2016,Adult/Male/Brown/Feather,2,AubreyIsaacKoenig,GracieBarra
Las Vegas International Open Jiu-Jitsu 2016,Adult/Male/Brown/Feather,3,BrandonWoodlyWalensky,ClarkGracieJiuJitsuAcademy
Las Vegas International Open Jiu-Jitsu 2016,Adult/Male/Brown/Feather,3,SeanKevinWaddle,RibeiroJiu,Jitsu,Denver
Las Vegas International Open Jiu-Jitsu 2016,Adult/Male/Brown/Light,1,RenatoForasieppiAlvesCanuto,ZenithBJJ,LasVegas
Las Vegas International Open Jiu-Jitsu 2016,Adult/Male/Brown/Light,2,ChristianNBroadnax,GDJiu,JitsuAssociation
Las Vegas International Open Jiu-Jitsu 2016,Adult/Male/Brown/Light,3,AndréJavadKhabbazi,ArtofJiuJitsuAcademy
Las Vegas International Open Jiu-Jitsu 2016,Adult/Male/Brown/Light,3,BrenoHenriqueAbreuBittencourt,AresBJJ
Las Vegas International Open Jiu-Jitsu 2016,Adult/Male/Brown/Middle,1,JohnTaylorCombs,EastonBJJ
Las Vegas International Open Jiu-Jitsu 2016,Adult/Male/Brown/Middle,2,GarrettAldrich,GracieBarra
Las Vegas International Open Jiu-Jitsu 2016,Adult/Male/Brown/Middle,3,ChristopherWilliamHargett,AllKnowledgeJiu,JitsuAcademy
Las Vegas International Open Jiu-Jitsu 2016,Adult/Male/Brown/Middle,3,Daniel,SheaGarciaStolfi,ArtofJiuJitsuAcademy
Las Vegas International Open Jiu-Jitsu 2016,Adult/Male/Brown/Medium-Heavy,1,JeffreyJohnObar,Alliance
Las Vegas International Open Jiu-Jitsu 2016,Adult/Male/Brown/Medium-Heavy,2,DanielHampton,GDJiu,JitsuAssociation
Las Vegas International Open Jiu-Jitsu 2016,Adult/Male/Brown/Medium-Heavy,3,DominiqueL.Bell,AtosJiu,Jitsu
Las Vegas International Open Jiu-Jitsu 2016,Adult/Male/Brown/Medium-Heavy,3,LeonardoCerqueira,GracieHumaita
Las Vegas International Open Jiu-Jitsu 2016,Adult/Male/Brown/Heavy,1,LoganFranklinJewell,OneJiu,JitsuUSA
Las Vegas International Open Jiu-Jitsu 2016,Adult/Male/Brown/Heavy,2,GuilhermedeLima,GracieHumaita
Las Vegas International Open Jiu-Jitsu 2016,Adult/Male/Brown/Heavy,3,GarySevilleHatchIII,AresBJJ
Las Vegas International Open Jiu-Jitsu 2016,Adult/Male/Brown/Ultra-Heavy,1,RodrigoMatosAlbuquerquedeMelo,CascaoJiu,Jitsu
Las Vegas International Open Jiu-Jitsu 2016,Adult/Male/Brown/Ultra-Heavy,2,JoseMunoz,AresBJJ
Las Vegas International Open Jiu-Jitsu 2016,Adult/Male/Brown/Ultra-Heavy,3,DaveJamesMargraf,CheckMat
Las Vegas International Open Jiu-Jitsu 2016,Adult/Male/Brown/OpenClass,1,RodrigoMatosAlbuquerquedeMelo,CascaoJiu,Jitsu
Las Vegas International Open Jiu-Jitsu 2016,Adult/Male/Brown/OpenClass,2,JohnTaylorCombs,EastonBJJ
Las Vegas International Open Jiu-Jitsu 2016,Adult/Male/Brown/OpenClass,3,ChristianNBroadnax,GDJiu,JitsuAssociation
Las Vegas International Open Jiu-Jitsu 2016,Adult/Male/Brown/OpenClass,3,ChristopherWilliamHargett,AllKnowledgeJiu,JitsuAcademy
Las Vegas International Open Jiu-Jitsu 2016,Adult/Female/Brown/Feather,1,MyleneRamosManalo,CascaoBJJLasVegas
Las Vegas International Open Jiu-Jitsu 2016,Adult/Female/Brown/Feather,2,ChristineAldinaLang,Coalition95
Las Vegas International Open Jiu-Jitsu 2016,Adult/Female/Brown/Light,1,CatherineFuhroPerret,CheckMat
Las Vegas International Open Jiu-Jitsu 2016,Adult/Female/Brown/OpenClass,1,CatherineFuhroPerret,CheckMat
Las Vegas International Open Jiu-Jitsu 2016,Adult/Female/Brown/OpenClass,2,MyleneRamosManalo,CascaoBJJLasVegas
Las Vegas International Open Jiu-Jitsu 2016,Adult/Male/Black/Light-Feather,1,GabrielAfonsodosSantosMoraes,Alliance
Las Vegas International Open Jiu-Jitsu 2016,Adult/Male/Black/Light-Feather,2,RafaelFreitas,GracieBarra
Las Vegas International Open Jiu-Jitsu 2016,Adult/Male/Black/Light-Feather,3,AlexTaveiradeLira,RibeiroJiu,JitsuBrasil
Las Vegas International Open Jiu-Jitsu 2016,Adult/Male/Black/Feather,1,RafaelMendesGodoy,AtosJiu,Jitsu
Las Vegas International Open Jiu-Jitsu 2016,Adult/Male/Black/Feather,2,SamirJoséChantreDahás,AresBJJ
Las Vegas International Open Jiu-Jitsu 2016,Adult/Male/Black/Feather,3,VitorPeresPaschoal,BrasaCTA
Las Vegas International Open Jiu-Jitsu 2016,Adult/Male/Black/Light,1,MarceloFrançaMafra,CheckMat
Las Vegas International Open Jiu-Jitsu 2016,Adult/Male/Black/Light,2,GabrielMarangonideOliveira,BrasaCTA
Las Vegas International Open Jiu-Jitsu 2016,Adult/Male/Black/Light,3,MarcusColeWilson,GrapplingUnlimited
Las Vegas International Open Jiu-Jitsu 2016,Adult/Male/Black/Light,3,RafaelCostaSuzuki,BrasaCTA
Las Vegas International Open Jiu-Jitsu 2016,Adult/Male/Black/Middle,1,JaimeSoaresCanuto,GFTeam
Las Vegas International Open Jiu-Jitsu 2016,Adult/Male/Black/Middle,2,TiagoCoelhoPortoRocha,Alliance
Las Vegas International Open Jiu-Jitsu 2016,Adult/Male/Black/Middle,3,GabrielRodriguesA.Goulart,Alliance
Las Vegas International Open Jiu-Jitsu 2016,Adult/Male/Black/Middle,3,LucaAnacoreta,AeternaJiuJitsu
Las Vegas International Open Jiu-Jitsu 2016,Adult/Male/Black/Medium-Heavy,1,LucasDanielSilvaBarbosa,AtosJJRioClaro
Las Vegas International Open Jiu-Jitsu 2016,Adult/Male/Black/Medium-Heavy,2,DiogoSampaioAraujo,SoulFightersBJJ
Las Vegas International Open Jiu-Jitsu 2016,Adult/Male/Black/Medium-Heavy,3,AndrewLoganWooten,GracieBarra
Las Vegas International Open Jiu-Jitsu 2016,Adult/Male/Black/Medium-Heavy,3,GottrellWKingJr.,GracieBarra
Las Vegas International Open Jiu-Jitsu 2016,Adult/Male/Black/Heavy,1,ArnaldoMaidanadeOliveira,CheckMat
Las Vegas International Open Jiu-Jitsu 2016,Adult/Male/Black/Heavy,2,RobertoTorralbas,TeamLloydIrvin
Las Vegas International Open Jiu-Jitsu 2016,Adult/Male/Black/Heavy,3,LincolnJefersonPereira,GracieEliteTeamAmerica
Las Vegas International Open Jiu-Jitsu 2016,Adult/Male/Black/Super-Heavy,1,WellingtonModenaPeroto,LótusClub
Las Vegas International Open Jiu-Jitsu 2016,Adult/Male/Black/Super-Heavy,2,MorrisHumbertoAyala,ZenithBJJ,LasVegas
Las Vegas International Open Jiu-Jitsu 2016,Adult/Male/Black/Super-Heavy,3,DanielJoshuaPriebe,BrasaCTA
Las Vegas International Open Jiu-Jitsu 2016,Adult/Male/Black/Ultra-Heavy,1,GustavoDiasElias,RibeiroJiu,Jitsu
Las Vegas International Open Jiu-Jitsu 2016,Adult/Male/Black/Ultra-Heavy,2,CarlosEduardodeAraujoFarias,BrasaCTA
Las Vegas International Open Jiu-Jitsu 2016,Adult/Male/Black/OpenClass,1,GustavoDiasElias,RibeiroJiu,Jitsu
Las Vegas International Open Jiu-Jitsu 2016,Adult/Male/Black/OpenClass,2,JaimeSoaresCanuto,GFTeam
Las Vegas International Open Jiu-Jitsu 2016,Adult/Male/Black/OpenClass,3,GabrielRodriguesA.Goulart,Alliance
Las Vegas International Open Jiu-Jitsu 2016,Adult/Male/Black/OpenClass,3,TiagoCoelhoPortoRocha,Alliance
Las Vegas International Open Jiu-Jitsu 2016,Adult/Female/Black/Light-Feather,1,SerenaGabrielli,Flow
Las Vegas International Open Jiu-Jitsu 2016,Adult/Female/Black/Feather,1,PatríciaMariaN.FontesdosSantos,CheckMat
Las Vegas International Open Jiu-Jitsu 2016,Adult/Female/Black/Light,1,TammiAlanaMusumeci,ArtofJiuJitsuAcademy
Las Vegas International Open Jiu-Jitsu 2016,Adult/Female/Black/Light,2,SarahJohnelBlack,GDJiu,JitsuAssociation
Las Vegas International Open Jiu-Jitsu 2016,Adult/Female/Black/Middle,1,LeannaMDittrich,FightSports
Las Vegas International Open Jiu-Jitsu 2016,Adult/Female/Black/Middle,2,IdaFløisvik,OXY
Las Vegas International Open Jiu-Jitsu 2016,Adult/Female/Black/Heavy,1,CharleneMarieCoats,Coalition95
Las Vegas International Open Jiu-Jitsu 2016,Adult/Female/Black/OpenClass,1,SarahJohnelBlack,GDJiu,JitsuAssociation
Las Vegas International Open Jiu-Jitsu 2016,Adult/Female/Black/OpenClass,2,LeannaMDittrich,FightSports
Las Vegas International Open Jiu-Jitsu 2016,Adult/Female/Black/OpenClass,3,IdaFløisvik,OXY
Las Vegas International Open Jiu-Jitsu 2016,Adult/Female/Black/OpenClass,3,PatríciaMariaN.FontesdosSantos,CheckMat
Las Vegas International Open Jiu-Jitsu 2016,Master1/Male/White/Light,1,SeanPaulEspanola,GracieHumaita
Las Vegas International Open Jiu-Jitsu 2016,Master1/Male/White/Light,2,RobbyMuirIII,ParagonBJJAcademy
Las Vegas International Open Jiu-Jitsu 2016,Master1/Male/White/Light,3,GrantHayzlett,GracieBarra
Las Vegas International Open Jiu-Jitsu 2016,Master1/Male/White/Light,3,JuanCrespo,AbuBrothersLasVegas
Las Vegas International Open Jiu-Jitsu 2016,Master1/Male/White/Middle,1,DrewCloud,NovaUnião
Las Vegas International Open Jiu-Jitsu 2016,Master1/Male/White/Middle,2,WilliamWest,AbuBrothersLasVegas
Las Vegas International Open Jiu-Jitsu 2016,Master1/Male/White/Middle,3,CarlosE.HelferSantos,GracieBarra
Las Vegas International Open Jiu-Jitsu 2016,Master1/Male/White/Middle,3,IrvinBloxham,CheckMat
Las Vegas International Open Jiu-Jitsu 2016,Master1/Male/White/Medium-Heavy,1,BrandonRussellTalbot,CarlsonGracieTeam
Las Vegas International Open Jiu-Jitsu 2016,Master1/Male/White/Medium-Heavy,2,ShaneKoehler,GracieHumaita
Las Vegas International Open Jiu-Jitsu 2016,Master1/Male/White/Medium-Heavy,3,CarlosSanz,Alliance
Las Vegas International Open Jiu-Jitsu 2016,Master1/Male/White/Medium-Heavy,3,JustinPohl,AresBJJ
Las Vegas International Open Jiu-Jitsu 2016,Master1/Male/White/Heavy,1,CoreyTurner,FredsonPaixaoBJJLasVegas
Las Vegas International Open Jiu-Jitsu 2016,Master1/Male/White/Heavy,2,MahmoudSabha,BrazilianTopTeamLongBeach
Las Vegas International Open Jiu-Jitsu 2016,Master1/Male/White/Heavy,3,JamesAndersen,ZenithBJJ,LasVegas
Las Vegas International Open Jiu-Jitsu 2016,Master1/Male/White/Heavy,3,MatthewRoberts,NovaUnião
Las Vegas International Open Jiu-Jitsu 2016,Master1/Male/White/Super-Heavy,1,johnteillbradford,NovaUnião
Las Vegas International Open Jiu-Jitsu 2016,Master1/Male/White/Super-Heavy,2,JayFarber,GracieHumaita
Las Vegas International Open Jiu-Jitsu 2016,Master1/Male/White/Super-Heavy,3,AricMacLaren,MarcusSoaresAcademy
Las Vegas International Open Jiu-Jitsu 2016,Master1/Male/Blue/Light-Feather,1,JeffreyAdriano,HonorRollBJJ
Las Vegas International Open Jiu-Jitsu 2016,Master1/Male/Blue/Light-Feather,2,VueYang,GracieHumaita
Las Vegas International Open Jiu-Jitsu 2016,Master1/Male/Blue/Light-Feather,3,MackSimsIii,GracieHumaita
Las Vegas International Open Jiu-Jitsu 2016,Master1/Male/Blue/Feather,1,JanVincentHao,RibeiroJiu,JitsuInternational
Las Vegas International Open Jiu-Jitsu 2016,Master1/Male/Blue/Light,1,JoseCoronado,TeamShawnHammonds
Las Vegas International Open Jiu-Jitsu 2016,Master1/Male/Blue/Light,2,BenjaminLlamas,TeamShawnHammonds
Las Vegas International Open Jiu-Jitsu 2016,Master1/Male/Blue/Light,3,MattSteadman,PedroSauer
Las Vegas International Open Jiu-Jitsu 2016,Master1/Male/Blue/Light,3,RubenJonathanDelgadillo,CascaoBJJLasVegas
Las Vegas International Open Jiu-Jitsu 2016,Master1/Male/Blue/Middle,1,JoshuaAllenVivian,CheckMat
Las Vegas International Open Jiu-Jitsu 2016,Master1/Male/Blue/Super-Heavy,1,JasonHinds,CarlsonGracieTeam
Las Vegas International Open Jiu-Jitsu 2016,Master1/Male/Blue/Ultra-Heavy,1,DanielGarciaJr,CheckMat
Las Vegas International Open Jiu-Jitsu 2016,Master1/Male/Blue/OpenClass,1,BenjaminLlamas,TeamShawnHammonds
Las Vegas International Open Jiu-Jitsu 2016,Master1/Male/Blue/OpenClass,2,JoshuaAllenVivian,CheckMat
Las Vegas International Open Jiu-Jitsu 2016,Master1/Male/Blue/OpenClass,3,JanVincentHao,RibeiroJiu,JitsuInternational
Las Vegas International Open Jiu-Jitsu 2016,Master1/Male/Blue/OpenClass,3,JasonHinds,CarlsonGracieTeam
Las Vegas International Open Jiu-Jitsu 2016,Master1/Female/Blue/Light-Feather,1,NataliaRomo,GracieHumaita
Las Vegas International Open Jiu-Jitsu 2016,Master1/Female/Blue/Light-Feather,2,PiaJackson,ZenithBJJ,LasVegas
Las Vegas International Open Jiu-Jitsu 2016,Master1/Female/Blue/Light-Feather,3,SherylYenJoieHoang,GracieBarra
Las Vegas International Open Jiu-Jitsu 2016,Master1/Female/Blue/Feather,1,CorrieAgon,GrapplingUnlimited
Las Vegas International Open Jiu-Jitsu 2016,Master1/Female/Blue/Feather,2,ReneGrobecker,GracieBarra
Las Vegas International Open Jiu-Jitsu 2016,Master1/Female/Blue/Feather,3,EdithOrtuno,CarlsonGracieTeam
Las Vegas International Open Jiu-Jitsu 2016,Master1/Female/Blue/Feather,3,MariaAcademia,AresBJJ
Las Vegas International Open Jiu-Jitsu 2016,Master1/Female/Blue/Light,1,ChristineLeaBrown,SoulFightersBJJArizona
Las Vegas International Open Jiu-Jitsu 2016,Master1/Female/Blue/Light,2,BulganLuvsandash,AbuBrothersLasVegas
Las Vegas International Open Jiu-Jitsu 2016,Master1/Female/Blue/Medium-Heavy,1,ChristineMarie,MayMalta,Alliance
Las Vegas International Open Jiu-Jitsu 2016,Master1/Female/Blue/Heavy,1,TammyLorraineEmmsley,GDJiu,JitsuAssociation
Las Vegas International Open Jiu-Jitsu 2016,Master1/Female/Blue/Heavy,2,MichelleDias,CascaoBJJLasVegas
Las Vegas International Open Jiu-Jitsu 2016,Master1/Female/Blue/Heavy,3,SylviaHarrison,CarlsonGracieTeam
Las Vegas International Open Jiu-Jitsu 2016,Master1/Female/Blue/OpenClass,1,TammyLorraineEmmsley,GDJiu,JitsuAssociation
Las Vegas International Open Jiu-Jitsu 2016,Master1/Female/Blue/OpenClass,2,ChristineMarie,MayMalta,Alliance
Las Vegas International Open Jiu-Jitsu 2016,Master1/Female/Blue/OpenClass,3,SherylYenJoieHoang,GracieBarra
Las Vegas International Open Jiu-Jitsu 2016,Master1/Male/Purple/Light-Feather,1,AlikaWong,RelsonGracie
Las Vegas International Open Jiu-Jitsu 2016,Master1/Male/Purple/Feather,1,ArnulfoGalindo,Alliance
Las Vegas International Open Jiu-Jitsu 2016,Master1/Male/Purple/Feather,2,jinhokim,TeamRoyceGracie
Las Vegas International Open Jiu-Jitsu 2016,Master1/Male/Purple/Feather,3,ElvisChen,ArtofJiuJitsuAcademy
Las Vegas International Open Jiu-Jitsu 2016,Master1/Male/Purple/Feather,3,jasondebruyn,ArtofJiuJitsuAcademy
Las Vegas International Open Jiu-Jitsu 2016,Master1/Male/Purple/Light,1,AntonioSmith,Alliance
Las Vegas International Open Jiu-Jitsu 2016,Master1/Male/Purple/Light,2,AnsonPark,GDJiu,JitsuAssociation
Las Vegas International Open Jiu-Jitsu 2016,Master1/Male/Purple/Light,3,AndresCampa,OneJiu,JitsuUSA
Las Vegas International Open Jiu-Jitsu 2016,Master1/Male/Purple/Light,3,jamiehomampour,FredsonPaixaoBJJLasVegas
Las Vegas International Open Jiu-Jitsu 2016,Master1/Male/Purple/Middle,1,MoisesLopez,ZenithBJJ,LasVegas
Las Vegas International Open Jiu-Jitsu 2016,Master1/Male/Purple/Middle,2,EricNovack,AresBJJ
Las Vegas International Open Jiu-Jitsu 2016,Master1/Male/Purple/Middle,3,ErikCastellanos,GracieBarra
Las Vegas International Open Jiu-Jitsu 2016,Master1/Male/Purple/Middle,3,JordanMarwin,Alliance
Las Vegas International Open Jiu-Jitsu 2016,Master1/Male/Purple/Medium-Heavy,1,AndreB.Almeida,GracieHumaita
Las Vegas International Open Jiu-Jitsu 2016,Master1/Male/Purple/Medium-Heavy,2,RuyMachadoCatalunaNeves,GracieHumaita
Las Vegas International Open Jiu-Jitsu 2016,Master1/Male/Purple/Heavy,1,PatrickJ.Wayne,BrasaCTA
Las Vegas International Open Jiu-Jitsu 2016,Master1/Male/Purple/Heavy,2,MyronKamihara,GracieBarra
Las Vegas International Open Jiu-Jitsu 2016,Master1/Male/Purple/Heavy,3,EmmanuelWaddy,ZenithBJJ,LasVegas
Las Vegas International Open Jiu-Jitsu 2016,Master1/Male/Purple/Heavy,3,JosefJustinDeLaVega,FabioPradoBJJ
Las Vegas International Open Jiu-Jitsu 2016,Master1/Male/Purple/Ultra-Heavy,1,ArinAdjamian,ZenithBJJ,LasVegas
Las Vegas International Open Jiu-Jitsu 2016,Master1/Male/Purple/Ultra-Heavy,2,MichaelZavala,GracieHumaita
Las Vegas International Open Jiu-Jitsu 2016,Master1/Male/Purple/OpenClass,1,ArinAdjamian,ZenithBJJ,LasVegas
Las Vegas International Open Jiu-Jitsu 2016,Master1/Male/Purple/OpenClass,2,PatrickJ.Wayne,BrasaCTA
Las Vegas International Open Jiu-Jitsu 2016,Master1/Male/Purple/OpenClass,3,AlikaWong,RelsonGracie
Las Vegas International Open Jiu-Jitsu 2016,Master1/Male/Purple/OpenClass,3,MoisesLopez,ZenithBJJ,LasVegas
Las Vegas International Open Jiu-Jitsu 2016,Master1/Female/Purple/Light,1,AmyAlonso,CarlsonGracieTeam
Las Vegas International Open Jiu-Jitsu 2016,Master1/Female/Purple/Light,2,JudyannLeeBurgess,CleberJiuJitsu
Las Vegas International Open Jiu-Jitsu 2016,Master1/Female/Purple/Light,3,MelissaVeselovsky,AresBJJ
Las Vegas International Open Jiu-Jitsu 2016,Master1/Female/Purple/OpenClass,1,JudyannLeeBurgess,CleberJiuJitsu
Las Vegas International Open Jiu-Jitsu 2016,Master1/Female/Purple/OpenClass,2,MelissaVeselovsky,AresBJJ
Las Vegas International Open Jiu-Jitsu 2016,Master1/Male/Brown/Light-Feather,1,CresencioZamora,GracieHumaita
Las Vegas International Open Jiu-Jitsu 2016,Master1/Male/Brown/Feather,1,AlikaJ.Dayton,Alliance
Las Vegas International Open Jiu-Jitsu 2016,Master1/Male/Brown/Feather,2,MichaelJ.Melki,UniversityofJiu,Jitsu
Las Vegas International Open Jiu-Jitsu 2016,Master1/Male/Brown/Feather,3,JeremiahWilliams,AnchorageBrazilianJiuJitsu
Las Vegas International Open Jiu-Jitsu 2016,Master1/Male/Brown/Feather,3,PaulRobertSondrini,CheckMat
Las Vegas International Open Jiu-Jitsu 2016,Master1/Male/Brown/Light,1,ChaseHunterTomseth,CheckMat
Las Vegas International Open Jiu-Jitsu 2016,Master1/Male/Brown/Light,2,BryanCalleros,CarlsonGracieTeam
Las Vegas International Open Jiu-Jitsu 2016,Master1/Male/Brown/Light,3,SeanNikmorad,GracieFighter
Las Vegas International Open Jiu-Jitsu 2016,Master1/Male/Brown/Middle,1,JoseReginaldoP.SouzaJr,Alliance
Las Vegas International Open Jiu-Jitsu 2016,Master1/Male/Brown/Middle,2,FranciscoGuzman,GracieBarra
Las Vegas International Open Jiu-Jitsu 2016,Master1/Male/Brown/Middle,3,StevenChang,CascaoBJJLasVegas
Las Vegas International Open Jiu-Jitsu 2016,Master1/Male/Brown/Medium-Heavy,1,MatthewStevenGillette,MaracabaBJJ
Las Vegas International Open Jiu-Jitsu 2016,Master1/Male/Brown/Medium-Heavy,2,NicholasLawrenceHaas,ZenithBJJ,LasVegas
Las Vegas International Open Jiu-Jitsu 2016,Master1/Male/Brown/Heavy,1,CheyenneWayneCarroll,SylvioBehringUSA
Las Vegas International Open Jiu-Jitsu 2016,Master1/Male/Brown/Heavy,2,AdamRichardNadow,BrazilianTopTeamLongBeach
Las Vegas International Open Jiu-Jitsu 2016,Master1/Male/Brown/OpenClass,1,SeanNikmorad,GracieFighter
Las Vegas International Open Jiu-Jitsu 2016,Master1/Male/Brown/OpenClass,2,MatthewStevenGillette,MaracabaBJJ
Las Vegas International Open Jiu-Jitsu 2016,Master1/Male/Brown/OpenClass,3,CheyenneWayneCarroll,SylvioBehringUSA
Las Vegas International Open Jiu-Jitsu 2016,Master1/Male/Brown/OpenClass,3,JoseReginaldoP.SouzaJr,Alliance
Las Vegas International Open Jiu-Jitsu 2016,Master1/Male/Black/Feather,1,GustavoErnestoCarpioCaceres,CheckMat
Las Vegas International Open Jiu-Jitsu 2016,Master1/Male/Black/Feather,2,GustavoAdolfoFonsecaJr.,ArtofJiuJitsuAcademy
Las Vegas International Open Jiu-Jitsu 2016,Master1/Male/Black/Feather,3,JimmyCTang,Alliance
Las Vegas International Open Jiu-Jitsu 2016,Master1/Male/Black/Light,1,BorisAlejandroYeeChun,CheckMat
Las Vegas International Open Jiu-Jitsu 2016,Master1/Male/Black/Light,2,JamesVinstonNival,GracieHumaita
Las Vegas International Open Jiu-Jitsu 2016,Master1/Male/Black/Light,3,PauloEduardoVieiraNunesFreire,GracieBarra
Las Vegas International Open Jiu-Jitsu 2016,Master1/Male/Black/Middle,1,RomuloRamosCaiado,CarlsonGracieTeam
Las Vegas International Open Jiu-Jitsu 2016,Master1/Male/Black/Middle,2,CarlosEduardoFerreiraGuimarães,GracieBarra
Las Vegas International Open Jiu-Jitsu 2016,Master1/Male/Black/Middle,3,MarkHidalgo,GracieHumaita
Las Vegas International Open Jiu-Jitsu 2016,Master1/Male/Black/Medium-Heavy,1,AndrewJGardineer,OneJiu,JitsuUSA
Las Vegas International Open Jiu-Jitsu 2016,Master1/Male/Black/Medium-Heavy,2,BradleyNicolarsen,LovatoJiu,Jitsu
Las Vegas International Open Jiu-Jitsu 2016,Master1/Male/Black/Heavy,1,LuizEduardoRosaJúnior,RilionGracieJiu,JitsuAcademy
Las Vegas International Open Jiu-Jitsu 2016,Master1/Male/Black/Super-Heavy,1,WalterFontesVitalJr,CascaoJiu,Jitsu
Las Vegas International Open Jiu-Jitsu 2016,Master1/Male/Black/Super-Heavy,2,IsmaelGonçalvesAoki,SoulFightersBJJArizona
Las Vegas International Open Jiu-Jitsu 2016,Master1/Male/Black/Super-Heavy,3,ChristopherGeneEngle,CascaoBJJLasVegas
Las Vegas International Open Jiu-Jitsu 2016,Master1/Male/Black/Super-Heavy,3,ThiagoVeigaXimenes,SoulFightersBJJArizona
Las Vegas International Open Jiu-Jitsu 2016,Master1/Male/Black/Ultra-Heavy,1,CaioSilveiraMalta,Alliance
Las Vegas International Open Jiu-Jitsu 2016,Master1/Male/Black/OpenClass,1,LuizEduardoRosaJúnior,RilionGracieJiu,JitsuAcademy
Las Vegas International Open Jiu-Jitsu 2016,Master1/Male/Black/OpenClass,2,PauloEduardoVieiraNunesFreire,GracieBarra
Las Vegas International Open Jiu-Jitsu 2016,Master1/Male/Black/OpenClass,3,BradleyNicolarsen,LovatoJiu,Jitsu
Las Vegas International Open Jiu-Jitsu 2016,Master1/Male/Black/OpenClass,3,ThiagoVeigaXimenes,SoulFightersBJJArizona
Las Vegas International Open Jiu-Jitsu 2016,Master2/Male/White/Light,1,JungWooTae,Alliance
Las Vegas International Open Jiu-Jitsu 2016,Master2/Male/White/Light,2,JohnSorg,GracieBarra
Las Vegas International Open Jiu-Jitsu 2016,Master2/Male/White/Middle,1,SeanAlejandroCastillo,Alliance
Las Vegas International Open Jiu-Jitsu 2016,Master2/Male/White/Middle,2,MarkAlegado,ValkoBJJ
Las Vegas International Open Jiu-Jitsu 2016,Master2/Male/White/Medium-Heavy,1,ElmerS.Lakindanum,GracieHumaita
Las Vegas International Open Jiu-Jitsu 2016,Master2/Male/White/Medium-Heavy,2,LuizGustavoDeCarvalhoLopes,CascaoBJJLasVegas
Las Vegas International Open Jiu-Jitsu 2016,Master2/Male/White/Heavy,1,QuentinTremaineJammer,PrimalTrainingCenter
Las Vegas International Open Jiu-Jitsu 2016,Master2/Male/White/Heavy,2,ArturoDeLaCruz,TinguinhaBJJacademy
Las Vegas International Open Jiu-Jitsu 2016,Master2/Male/White/Heavy,3,JohnLightfoot,SoulFightersBJJArizona
Las Vegas International Open Jiu-Jitsu 2016,Master2/Male/White/Heavy,3,NicShimkus,CascaoBJJLasVegas
Las Vegas International Open Jiu-Jitsu 2016,Master2/Male/White/Super-Heavy,1,EdilsonF.GoncalvesAoki,SoulFightersBJJArizona
Las Vegas International Open Jiu-Jitsu 2016,Master2/Male/White/Super-Heavy,2,MarcosVelazquez,CascaoBJJLasVegas
Las Vegas International Open Jiu-Jitsu 2016,Master2/Male/White/Ultra-Heavy,1,YanceyBretHarrington,TucsonBJJ
Las Vegas International Open Jiu-Jitsu 2016,Master2/Male/White/Ultra-Heavy,2,VayuM.Jones,SylvioBehringUSA
Las Vegas International Open Jiu-Jitsu 2016,Master2/Male/Blue/Feather,1,EugeneLiankoChua,CarlsonGracieTeam
Las Vegas International Open Jiu-Jitsu 2016,Master2/Male/Blue/Feather,2,MitchNalvarte,BlackHouseRedondoBeach
Las Vegas International Open Jiu-Jitsu 2016,Master2/Male/Blue/Light,1,CarlosCapela,BrasaCTA
Las Vegas International Open Jiu-Jitsu 2016,Master2/Male/Blue/Light,2,JoshuaBianchi,GracieHumaita
Las Vegas International Open Jiu-Jitsu 2016,Master2/Male/Blue/Light,3,LukeAlexanderMitzman,Alliance
Las Vegas International Open Jiu-Jitsu 2016,Master2/Male/Blue/Middle,1,RYANONEAL,BrazilianTopTeamLongBeach
Las Vegas International Open Jiu-Jitsu 2016,Master2/Male/Blue/Middle,2,JamesSmith,ParagonBJJAcademy
Las Vegas International Open Jiu-Jitsu 2016,Master2/Male/Blue/Medium-Heavy,1,JosephEarlPistole,CarlsonGracieTeam
Las Vegas International Open Jiu-Jitsu 2016,Master2/Male/Blue/Medium-Heavy,2,JohnAllsup,SBGInternational(SBGI)
Las Vegas International Open Jiu-Jitsu 2016,Master2/Male/Blue/Medium-Heavy,3,SasaStrbac,GracieHumaita
Las Vegas International Open Jiu-Jitsu 2016,Master2/Male/Blue/Medium-Heavy,3,TracyDean,CascaoBJJLasVegas
Las Vegas International Open Jiu-Jitsu 2016,Master2/Male/Blue/Heavy,1,MichaelSteenson,BrazilianTopTeamLongBeach
Las Vegas International Open Jiu-Jitsu 2016,Master2/Male/Blue/Heavy,2,JoeAnderton,PedigoSubmissionFighting
Las Vegas International Open Jiu-Jitsu 2016,Master2/Male/Blue/Heavy,3,Benkelley,GracieHumaita
Las Vegas International Open Jiu-Jitsu 2016,Master2/Male/Blue/Heavy,3,MarcelM.Morales,CarlsonGracieTeam
Las Vegas International Open Jiu-Jitsu 2016,Master2/Male/Blue/Ultra-Heavy,1,JeremyHewes,GDJiu,JitsuAssociation
Las Vegas International Open Jiu-Jitsu 2016,Master2/Male/Blue/Ultra-Heavy,2,ChristopherAcademia,AresBJJ
Las Vegas International Open Jiu-Jitsu 2016,Master2/Male/Blue/Ultra-Heavy,3,J.DannyGonzalez,ParagonBJJAcademy
Las Vegas International Open Jiu-Jitsu 2016,Master2/Male/Blue/OpenClass,1,JeremyHewes,GDJiu,JitsuAssociation
Las Vegas International Open Jiu-Jitsu 2016,Master2/Male/Blue/OpenClass,2,CarlosCapela,BrasaCTA
Las Vegas International Open Jiu-Jitsu 2016,Master2/Male/Blue/OpenClass,3,ChristopherAcademia,AresBJJ
Las Vegas International Open Jiu-Jitsu 2016,Master2/Male/Blue/OpenClass,3,JohnAllsup,SBGInternational(SBGI)
Las Vegas International Open Jiu-Jitsu 2016,Master2/Male/Purple/Feather,1,IvanG.Jennings,GracieHumaita
Las Vegas International Open Jiu-Jitsu 2016,Master2/Male/Purple/Light,1,ChrisMyers,SBGInternational(SBGI)
Las Vegas International Open Jiu-Jitsu 2016,Master2/Male/Purple/Light,2,DarinLyleLeeMungHo,GrapplingUnlimited
Las Vegas International Open Jiu-Jitsu 2016,Master2/Male/Purple/Light,3,ColeyEdwards,CheckMat
Las Vegas International Open Jiu-Jitsu 2016,Master2/Male/Purple/Light,3,RyanSims,GDJiu,JitsuAssociation
Las Vegas International Open Jiu-Jitsu 2016,Master2/Male/Purple/Middle,1,michaelscott,ClarkGracieJiuJitsuAcademy
Las Vegas International Open Jiu-Jitsu 2016,Master2/Male/Purple/Middle,2,RobertGallegos,GracieHumaita
Las Vegas International Open Jiu-Jitsu 2016,Master2/Male/Purple/Middle,3,BruceNardone,BrasaCTA
Las Vegas International Open Jiu-Jitsu 2016,Master2/Male/Purple/Medium-Heavy,1,LucaBelloiu,ParagonBJJThousandOaks
Las Vegas International Open Jiu-Jitsu 2016,Master2/Male/Purple/Medium-Heavy,2,MitchellBowlesII,GracieHumaita
Las Vegas International Open Jiu-Jitsu 2016,Master2/Male/Purple/Heavy,1,WilliamAlviaBonwellIV,CascaoBJJLasVegas
Las Vegas International Open Jiu-Jitsu 2016,Master2/Male/Purple/Heavy,2,MarkGeorgePavitch,CiaPaulistaUSA
Las Vegas International Open Jiu-Jitsu 2016,Master2/Male/Purple/Heavy,3,CoryColt,CheckMat
Las Vegas International Open Jiu-Jitsu 2016,Master2/Male/Purple/Super-Heavy,1,DerrickFosterBemis,GracieJiu,JitsuAcademy
Las Vegas International Open Jiu-Jitsu 2016,Master2/Male/Purple/Super-Heavy,2,JasonPence,GracieBarra
Las Vegas International Open Jiu-Jitsu 2016,Master2/Male/Purple/Ultra-Heavy,1,JoeTate,MaracabaBJJ
Las Vegas International Open Jiu-Jitsu 2016,Master2/Male/Purple/OpenClass,1,ColeyEdwards,CheckMat
Las Vegas International Open Jiu-Jitsu 2016,Master2/Male/Purple/OpenClass,2,RyanSims,GDJiu,JitsuAssociation
Las Vegas International Open Jiu-Jitsu 2016,Master2/Male/Purple/OpenClass,3,BruceNardone,BrasaCTA
Las Vegas International Open Jiu-Jitsu 2016,Master2/Male/Purple/OpenClass,3,IvanG.Jennings,GracieHumaita
Las Vegas International Open Jiu-Jitsu 2016,Master2/Male/Brown/Light,1,JosephM.Gemma,CascaoBJJLasVegas
Las Vegas International Open Jiu-Jitsu 2016,Master2/Male/Brown/Light,2,LuisEUcelo,SoulFightersBJJArizona
Las Vegas International Open Jiu-Jitsu 2016,Master2/Male/Brown/Middle,1,LouieMorenoIII,CheckMat
Las Vegas International Open Jiu-Jitsu 2016,Master2/Male/Brown/Medium-Heavy,1,DavidRanadaPaulo,GracieBarra
Las Vegas International Open Jiu-Jitsu 2016,Master2/Male/Brown/Heavy,1,MarcelinoCuellarHerrera,GracieBarra
Las Vegas International Open Jiu-Jitsu 2016,Master2/Male/Brown/Heavy,2,ReeseDylanHall,SoulFightersBJJArizona
Las Vegas International Open Jiu-Jitsu 2016,Master2/Male/Brown/Heavy,3,IsaacMorales,GracieHumaita
Las Vegas International Open Jiu-Jitsu 2016,Master2/Male/Brown/Super-Heavy,1,RafaeldeArrudaJapur,CheckMat
Las Vegas International Open Jiu-Jitsu 2016,Master2/Male/Brown/OpenClass,1,MarcelinoCuellarHerrera,GracieBarra
Las Vegas International Open Jiu-Jitsu 2016,Master2/Male/Brown/OpenClass,2,LouieMorenoIII,CheckMat
Las Vegas International Open Jiu-Jitsu 2016,Master2/Male/Brown/OpenClass,3,DavidRanadaPaulo,GracieBarra
Las Vegas International Open Jiu-Jitsu 2016,Master2/Male/Brown/OpenClass,3,IsaacMorales,GracieHumaita
Las Vegas International Open Jiu-Jitsu 2016,Master2/Male/Black/Feather,1,DanielPinheiroBreves,TeamShark,DanielPinheiroBrazilianJiu,Jitsu
Las Vegas International Open Jiu-Jitsu 2016,Master2/Male/Black/Feather,2,AlejandroSiqueiraDoudement,GracieBarra
Las Vegas International Open Jiu-Jitsu 2016,Master2/Male/Black/Light,1,SuyanLopesQueiroz,CarlsonGracieTeam
Las Vegas International Open Jiu-Jitsu 2016,Master2/Male/Black/Light,2,DavidG.Reilly,TeamShawnHammonds
Las Vegas International Open Jiu-Jitsu 2016,Master2/Male/Black/Light,3,JacobSchofield,CheckMat
Las Vegas International Open Jiu-Jitsu 2016,Master2/Male/Black/Light,3,MauricioFerreiraGonçalves,LótusClub
Las Vegas International Open Jiu-Jitsu 2016,Master2/Male/Black/Middle,1,RégisdaSilveiraLebre,GracieHumaita
Las Vegas International Open Jiu-Jitsu 2016,Master2/Male/Black/Middle,2,MarkJ.Vives,BonsaiJJ,USA
Las Vegas International Open Jiu-Jitsu 2016,Master2/Male/Black/Middle,3,EdenilsonRobertoSiqueiradeLima,BrasaCTA
Las Vegas International Open Jiu-Jitsu 2016,Master2/Male/Black/Medium-Heavy,1,RonaldA.KeslarJr.,CheckMat
Las Vegas International Open Jiu-Jitsu 2016,Master2/Male/Black/Medium-Heavy,2,FranciscoTupinambasMartins,FightSports
Las Vegas International Open Jiu-Jitsu 2016,Master2/Male/Black/Medium-Heavy,3,EliasRamirezIII,GracieBarra
Las Vegas International Open Jiu-Jitsu 2016,Master2/Male/Black/Heavy,1,GustavoCamargodeAlencar,GracieBarra
Las Vegas International Open Jiu-Jitsu 2016,Master2/Male/Black/Heavy,2,FlavioAlvesdeAlmeida,GracieBarra
Las Vegas International Open Jiu-Jitsu 2016,Master2/Male/Black/Heavy,3,JakeRyanMosher,GracieHumaita
Las Vegas International Open Jiu-Jitsu 2016,Master2/Male/Black/Heavy,3,MarceloMeleiro,NovaUnião
Las Vegas International Open Jiu-Jitsu 2016,Master2/Male/Black/Super-Heavy,1,RaulFranciscoJimenezTrivino,Alliance
Las Vegas International Open Jiu-Jitsu 2016,Master2/Male/Black/Super-Heavy,2,AlexBarrosdeOliveira,NovaUnião
Las Vegas International Open Jiu-Jitsu 2016,Master2/Male/Black/Ultra-Heavy,1,OmarSabha,BrazilianTopTeamLongBeach
Las Vegas International Open Jiu-Jitsu 2016,Master2/Male/Black/Ultra-Heavy,2,MauricioCarra,CheckMat
Las Vegas International Open Jiu-Jitsu 2016,Master2/Male/Black/Ultra-Heavy,3,RobsonCamargoRodrigues,CheckMat
Las Vegas International Open Jiu-Jitsu 2016,Master2/Male/Black/OpenClass,1,GustavoCamargodeAlencar,GracieBarra
Las Vegas International Open Jiu-Jitsu 2016,Master2/Male/Black/OpenClass,2,FlavioAlvesdeAlmeida,GracieBarra
Las Vegas International Open Jiu-Jitsu 2016,Master2/Male/Black/OpenClass,3,FranciscoTupinambasMartins,FightSports
Las Vegas International Open Jiu-Jitsu 2016,Master3/Male/Blue/Middle,1,BrandonKendall,ZenithBJJ,LasVegas
Las Vegas International Open Jiu-Jitsu 2016,Master3/Male/Blue/Middle,2,RichardMcdowell,CascaoBJJLasVegas
Las Vegas International Open Jiu-Jitsu 2016,Master3/Male/Blue/Heavy,1,DavidRodriguez,GracieBarra
Las Vegas International Open Jiu-Jitsu 2016,Master3/Male/Blue/Heavy,2,AndrewLowrimore,TRUJITSU/Bakersfield
Las Vegas International Open Jiu-Jitsu 2016,Master3/Male/Blue/Heavy,3,KevinRariden,GracieHumaita
Las Vegas International Open Jiu-Jitsu 2016,Master3/Male/Blue/Heavy,3,LorenKierstead,AresBJJ
Las Vegas International Open Jiu-Jitsu 2016,Master3/Male/Blue/Super-Heavy,1,MichaelKanakis,AbuBrothersLasVegas
Las Vegas International Open Jiu-Jitsu 2016,Master3/Male/Blue/Super-Heavy,2,JasonTiegen,Alliance
Las Vegas International Open Jiu-Jitsu 2016,Master3/Male/Blue/Super-Heavy,3,CharlesY.Swanton,SoulFightersBJJArizona
Las Vegas International Open Jiu-Jitsu 2016,Master3/Male/Blue/Ultra-Heavy,1,MarkSersansie,GracieBarra
Las Vegas International Open Jiu-Jitsu 2016,Master3/Male/Blue/Ultra-Heavy,2,MatthewReynolds,NovaUnião
Las Vegas International Open Jiu-Jitsu 2016,Master3/Male/Blue/Ultra-Heavy,3,MichaelPatrickClark,LovatoJiu,Jitsu
Las Vegas International Open Jiu-Jitsu 2016,Master3/Male/Blue/OpenClass,1,DavidRodriguez,GracieBarra
Las Vegas International Open Jiu-Jitsu 2016,Master3/Male/Blue/OpenClass,2,MichaelPatrickClark,LovatoJiu,Jitsu
Las Vegas International Open Jiu-Jitsu 2016,Master3/Male/Purple/Middle,1,DannySanfellipo,GracieBarra
Las Vegas International Open Jiu-Jitsu 2016,Master3/Male/Purple/Middle,2,JohnWesleyRockwell,MarcoNascimentoBJJ
Las Vegas International Open Jiu-Jitsu 2016,Master3/Male/Purple/Middle,3,JamesSziszak,BrasaCTA
Las Vegas International Open Jiu-Jitsu 2016,Master3/Male/Purple/Middle,3,RoyGonzales,TeamLinkUtah
Las Vegas International Open Jiu-Jitsu 2016,Master3/Male/Purple/Heavy,1,ScottMacey,ZenithBJJ,LasVegas
Las Vegas International Open Jiu-Jitsu 2016,Master3/Male/Purple/Heavy,2,LloydHandy,Alliance
Las Vegas International Open Jiu-Jitsu 2016,Master3/Male/Purple/Super-Heavy,1,RaulMartinez,GracieBarra
Las Vegas International Open Jiu-Jitsu 2016,Master3/Male/Purple/Super-Heavy,2,ViktorAlexanderMartinez,TinguinhaBJJacademy
Las Vegas International Open Jiu-Jitsu 2016,Master3/Male/Purple/OpenClass,1,ViktorAlexanderMartinez,TinguinhaBJJacademy
Las Vegas International Open Jiu-Jitsu 2016,Master3/Male/Purple/OpenClass,2,JamesSziszak,BrasaCTA
Las Vegas International Open Jiu-Jitsu 2016,Master3/Male/Brown/Light,1,HeathFlicker,GDJiu,JitsuAssociation
Las Vegas International Open Jiu-Jitsu 2016,Master3/Male/Brown/Light,2,MarkWegener,GracieBarra
Las Vegas International Open Jiu-Jitsu 2016,Master3/Male/Brown/Middle,1,AngelPaulLopez,TinguinhaBJJacademy
Las Vegas International Open Jiu-Jitsu 2016,Master3/Male/Brown/Middle,2,DavidGlennBarnesJr.,AresBJJ
Las Vegas International Open Jiu-Jitsu 2016,Master3/Male/Brown/Medium-Heavy,1,AldoJeromeDizon,CheckMat
Las Vegas International Open Jiu-Jitsu 2016,Master3/Male/Brown/Medium-Heavy,2,DaxRamos,CascaoBJJLasVegas
Las Vegas International Open Jiu-Jitsu 2016,Master3/Male/Brown/Medium-Heavy,3,GregoryA.Jarmolowich,CarlsonGracieTeam
Las Vegas International Open Jiu-Jitsu 2016,Master3/Male/Brown/Medium-Heavy,3,RobertHrcka,ZenithBJJ,LasVegas
Las Vegas International Open Jiu-Jitsu 2016,Master3/Male/Brown/Ultra-Heavy,1,SergioCarlosRodriguez,GracieBarra
Las Vegas International Open Jiu-Jitsu 2016,Master3/Male/Brown/Ultra-Heavy,2,RaulArroyoJr.,CascaoBJJLasVegas
Las Vegas International Open Jiu-Jitsu 2016,Master3/Male/Brown/OpenClass,1,SergioCarlosRodriguez,GracieBarra
Las Vegas International Open Jiu-Jitsu 2016,Master3/Male/Brown/OpenClass,2,DavidGlennBarnesJr.,AresBJJ
Las Vegas International Open Jiu-Jitsu 2016,Master3/Male/Black/Feather,1,OmarAntonioLimaSalumJunior,GracieHumaita
Las Vegas International Open Jiu-Jitsu 2016,Master3/Male/Black/Middle,1,MichaelCeijas,Raid,Alliance
Las Vegas International Open Jiu-Jitsu 2016,Master3/Male/Black/Middle,2,JohnThomasMcKean,UnifiedJiuJitsu
Las Vegas International Open Jiu-Jitsu 2016,Master3/Male/Black/Medium-Heavy,1,MiltonMachadoFilho,GracieBarra
Las Vegas International Open Jiu-Jitsu 2016,Master3/Male/Black/Medium-Heavy,2,PaulLeonNava,AresBJJ
Las Vegas International Open Jiu-Jitsu 2016,Master3/Male/Black/Heavy,1,MarcelloChapuisMonteiro,MarcelloCMonteiroBrazilianJiuJitsuAcademy
Las Vegas International Open Jiu-Jitsu 2016,Master3/Male/Black/Super-Heavy,1,MarceloSallesP.deLucena,GracieBarra
Las Vegas International Open Jiu-Jitsu 2016,Master3/Male/Black/OpenClass,1,OmarAntonioLimaSalumJunior,GracieHumaita
Las Vegas International Open Jiu-Jitsu 2016,Master3/Male/Black/OpenClass,2,MarceloSallesP.deLucena,GracieBarra
Las Vegas International Open Jiu-Jitsu 2016,Master3/Male/Black/OpenClass,3,MiltonMachadoFilho,GracieBarra
Las Vegas International Open Jiu-Jitsu 2016,Master3/Male/Black/OpenClass,3,PaulLeonNava,AresBJJ
Las Vegas International Open Jiu-Jitsu 2016,Master4/Male/Blue/Medium-Heavy,1,ShawnMichaelLawrence,IronLionJiu,JitsuAcademy
Las Vegas International Open Jiu-Jitsu 2016,Master4/Male/Blue/Super-Heavy,1,BobbyCarter,GracieHumaita
Las Vegas International Open Jiu-Jitsu 2016,Master4/Male/Blue/Super-Heavy,2,RichardWittmann,LCCTUSA
Las Vegas International Open Jiu-Jitsu 2016,Master4/Male/Blue/Super-Heavy,3,CharlieLewis,NovaUnião
Las Vegas International Open Jiu-Jitsu 2016,Master4/Male/Blue/OpenClass,1,BobbyCarter,GracieHumaita
Las Vegas International Open Jiu-Jitsu 2016,Master4/Male/Blue/OpenClass,2,RichardWittmann,LCCTUSA
Las Vegas International Open Jiu-Jitsu 2016,Master4/Male/Blue/OpenClass,3,ShawnMichaelLawrence,IronLionJiu,JitsuAcademy
Las Vegas International Open Jiu-Jitsu 2016,Master4/Male/Purple/Medium-Heavy,1,EdwardBeetley,PKGTrainingCenter
Las Vegas International Open Jiu-Jitsu 2016,Master4/Male/Purple/Medium-Heavy,2,OmurCor,JCBJJ
Las Vegas International Open Jiu-Jitsu 2016,Master4/Male/Purple/Medium-Heavy,3,MichaelDonovan,GracieHumaita
Las Vegas International Open Jiu-Jitsu 2016,Master4/Male/Purple/Super-Heavy,1,MichaelJamesGottesman,TeamRabadiBrazilianJiu,Jitsu
Las Vegas International Open Jiu-Jitsu 2016,Master4/Male/Purple/Super-Heavy,2,MarkChristopherOtto,FredsonPaixaoBJJLasVegas
Las Vegas International Open Jiu-Jitsu 2016,Master4/Male/Purple/Ultra-Heavy,1,DavidAkina,GrapplingUnlimited
Las Vegas International Open Jiu-Jitsu 2016,Master4/Male/Purple/OpenClass,1,OmurCor,JCBJJ
Las Vegas International Open Jiu-Jitsu 2016,Master4/Male/Purple/OpenClass,2,MichaelJamesGottesman,TeamRabadiBrazilianJiu,Jitsu
Las Vegas International Open Jiu-Jitsu 2016,Master4/Male/Purple/OpenClass,3,DavidAkina,GrapplingUnlimited
Las Vegas International Open Jiu-Jitsu 2016,Master4/Male/Brown/Middle,1,RobertRodriguez,PrimalTrainingCenter
Las Vegas International Open Jiu-Jitsu 2016,Master4/Male/Brown/Heavy,1,SeanStarn,GrapplingUnlimited
Las Vegas International Open Jiu-Jitsu 2016,Master4/Male/Brown/Heavy,2,JamesAlainFouste,GracieBarra
Las Vegas International Open Jiu-Jitsu 2016,Master4/Male/Brown/Heavy,3,BradleyMinhBailey,GDJiu,JitsuAssociation
Las Vegas International Open Jiu-Jitsu 2016,Master4/Male/Brown/Super-Heavy,1,R.AllenWrench,C,Quence
Las Vegas International Open Jiu-Jitsu 2016,Master4/Male/Brown/OpenClass,1,SeanStarn,GrapplingUnlimited
Las Vegas International Open Jiu-Jitsu 2016,Master4/Male/Brown/OpenClass,2,RobertRodriguez,PrimalTrainingCenter
Las Vegas International Open Jiu-Jitsu 2016,Master4/Male/Black/Middle,1,KevinP.Menard,ZenithBJJ,LasVegas
Las Vegas International Open Jiu-Jitsu 2016,Master4/Male/Black/Middle,2,JohnWilliamOrr,BrazilianTopTeamLongBeach
Las Vegas International Open Jiu-Jitsu 2016,Master4/Male/Black/Heavy,1,ShannonGreyRitch,RCJMachado
Las Vegas International Open Jiu-Jitsu 2016,Master4/Male/Black/OpenClass,1,ShannonGreyRitch,RCJMachado
Las Vegas International Open Jiu-Jitsu 2016,Master5/Male/Black/Light,1,RicardoGuimarães,GracieHumaita
Las Vegas International Open Jiu-Jitsu 2016,Master5/Male/Black/Medium-Heavy,1,PeterC.Iacavazzi,SylvioBehringUSA
Las Vegas International Open Jiu-Jitsu 2016,Master5/Male/Black/OpenClass,1,RicardoGuimarães,GracieHumaita
Las Vegas International Open Jiu-Jitsu 2016,Master5/Male/Black/OpenClass,2,PeterC.Iacavazzi,SylvioBehringUSA
Las Vegas International Open Jiu-Jitsu 2016,Master6/Male/Purple/Feather,1,SaeidMohajer,Mohassel,CheckMat
Las Vegas International Open Jiu-Jitsu 2016,Master6/Male/Purple/Light,1,ArthurHatch,CascaoJiu,Jitsu
Las Vegas International Open Jiu-Jitsu 2016,Master6/Male/Purple/Light,2,AndrewSaam,GracieHumaita
Las Vegas International Open Jiu-Jitsu 2016,Master6/Male/Purple/Medium-Heavy,1,GaryMutz,DarkHorseJiu,Jitsu
Las Vegas International Open Jiu-Jitsu 2016,Master6/Male/Purple/OpenClass,1,GaryMutz,DarkHorseJiu,Jitsu
Las Vegas International Open Jiu-Jitsu 2016,Master6/Male/Purple/OpenClass,2,SaeidMohajer,Mohassel,CheckMat
Las Vegas International Open Jiu-Jitsu 2016,Master6/Male/Purple/OpenClass,3,AndrewSaam,GracieHumaita
Las Vegas International Open Jiu-Jitsu 2016,Master6/Male/Purple/OpenClass,3,ArthurHatch,CascaoJiu,Jitsu
