Toronto International Open 2014,Adult/Male/White/Rooster,1,JackHuang,RibeiroJiu,Jitsu
Toronto International Open 2014,Adult/Male/White/Rooster,2,ChrisDavid,BodyofFour
Toronto International Open 2014,Adult/Male/White/Light-Feather,1,JohnZastempowski,BuffaloBJJAcademy
Toronto International Open 2014,Adult/Male/White/Light-Feather,2,JeffChepack,Action&ReactionMMAToronto
Toronto International Open 2014,Adult/Male/White/Light-Feather,3,BenjaminHausleitner,MarcusSoaresAcademy
Toronto International Open 2014,Adult/Male/White/Feather,1,JeffCampbell,RenzoGracieOttawa
Toronto International Open 2014,Adult/Male/White/Feather,2,KevinBoyle,GracieHumaita
Toronto International Open 2014,Adult/Male/White/Feather,3,AliKim,Brazil021SchoolofJiu,JitsuToronto
Toronto International Open 2014,Adult/Male/White/Feather,3,AndreySon,RibeiroJiu,Jitsu
Toronto International Open 2014,Adult/Male/White/Light,1,JordanPetto,Joslin'sMixedMartialArts
Toronto International Open 2014,Adult/Male/White/Light,2,SidakBal,GracieHumaita
Toronto International Open 2014,Adult/Male/White/Light,3,KevinSonoda,RibeiroJiu,Jitsu
Toronto International Open 2014,Adult/Male/White/Light,3,SimonLaurence,EquipeTanqueJiu,JitsuMontreal
Toronto International Open 2014,Adult/Male/White/Middle,1,MarosHluska,RomuloMeloBrazilianJiu,JitsuLLC.
Toronto International Open 2014,Adult/Male/White/Middle,2,TristanMaclean,Action&ReactionMMAToronto
Toronto International Open 2014,Adult/Male/White/Middle,3,MatthewCunningham,RibeiroJiu,Jitsu
Toronto International Open 2014,Adult/Male/White/Middle,3,NickEvans,TorontoBJJ
Toronto International Open 2014,Adult/Male/White/Medium-Heavy,1,ChristiannMcClean,CheckmatAustralia
Toronto International Open 2014,Adult/Male/White/Medium-Heavy,2,KarlOsowski,GracieHumaita
Toronto International Open 2014,Adult/Male/White/Medium-Heavy,3,FedericoPaz,Action&ReactionMMAToronto
Toronto International Open 2014,Adult/Male/White/Medium-Heavy,3,JacobDawson,RibeiroJiu,Jitsu
Toronto International Open 2014,Adult/Male/White/Heavy,1,PhilippeBusquePaquette,EquipeTanqueJiu,JitsuMontreal
Toronto International Open 2014,Adult/Male/White/Heavy,2,EvanBishop,GracieBarra
Toronto International Open 2014,Adult/Male/White/Heavy,3,GurnekSingh,GracieHumaita
Toronto International Open 2014,Adult/Male/White/Super-Heavy,1,JesseBeimers,ShahFrancoMixedMartialArts
Toronto International Open 2014,Adult/Male/White/Super-Heavy,2,MichaelHinsperger,BJJGlobetrotters
Toronto International Open 2014,Adult/Male/White/Ultra-Heavy,1,DonenicDinh,Action&ReactionMMAToronto
Toronto International Open 2014,Adult/Male/White/Ultra-Heavy,2,AdamHogan,,,
Toronto International Open 2014,Adult/Female/White/Light-Feather,1,KatherineOnorato,GracieBarra
Toronto International Open 2014,Adult/Female/White/Light-Feather,2,JessicaGingerich,RibeiroJiu,Jitsu
Toronto International Open 2014,Adult/Female/White/Light-Feather,3,AlyshaLenssen,RibeiroJiu,Jitsu
Toronto International Open 2014,Adult/Female/White/Light-Feather,3,SerahKong,EquipeTanqueJiu,JitsuMontreal
Toronto International Open 2014,Adult/Male/Blue/Light-Feather,1,KelvindeAlmeida,Brazil021SchoolofJiu,JitsuToronto
Toronto International Open 2014,Adult/Male/Blue/Light-Feather,2,AnkushSaini,MarcusSoaresAcademy
Toronto International Open 2014,Adult/Male/Blue/Light-Feather,3,BasheerAAbdi,OpenMatMixedMartialArts
Toronto International Open 2014,Adult/Male/Blue/Light-Feather,3,SimonWalder,Brazil021SchoolofJiu,JitsuToronto
Toronto International Open 2014,Adult/Male/Blue/Feather,1,MichaelSheehan,Action&ReactionMMAToronto
Toronto International Open 2014,Adult/Male/Blue/Feather,2,FabrizioUrdanivia,Action&ReactionMMAToronto
Toronto International Open 2014,Adult/Male/Blue/Feather,3,mareknowak,RibeiroJiu,Jitsu
Toronto International Open 2014,Adult/Male/Blue/Feather,3,TaylorJordan,RibeiroJiu,JitsuInternational
Toronto International Open 2014,Adult/Male/Blue/Light,1,JordanBaccin,,,
Toronto International Open 2014,Adult/Male/Blue/Light,2,ArwinManalac,Action&ReactionMMAToronto
Toronto International Open 2014,Adult/Male/Blue/Light,3,JoshuaSequeira,BodyofFour
Toronto International Open 2014,Adult/Male/Blue/Light,3,Marc,andréBrisebois,BrazilianTopTeam
Toronto International Open 2014,Adult/Male/Blue/Middle,1,LuizRibeiro,RibeiroJiu,Jitsu
Toronto International Open 2014,Adult/Male/Blue/Middle,2,RyanAlmonte,BodyofFour
Toronto International Open 2014,Adult/Male/Blue/Middle,3,OliverTaza(repetido188113),RenzoGracieInternational
Toronto International Open 2014,Adult/Male/Blue/Middle,3,ZiggySoroka,RibeiroJiu,JitsuInternational
Toronto International Open 2014,Adult/Male/Blue/Medium-Heavy,1,AdamScratch,RibeiroJiu,Jitsu
Toronto International Open 2014,Adult/Male/Blue/Medium-Heavy,2,TylerAlty,BodyofFour
Toronto International Open 2014,Adult/Male/Blue/Medium-Heavy,3,DelaDorkenoo,RibeiroJiu,JitsuInternational
Toronto International Open 2014,Adult/Male/Blue/Medium-Heavy,3,DonaldMarcelin,EquipeTanqueJiu,JitsuMontreal
Toronto International Open 2014,Adult/Male/Blue/Heavy,1,MichaelBakhtiyarov,LinMartialArts
Toronto International Open 2014,Adult/Male/Blue/Heavy,2,KhaledRamadan,CiaPaulista,International
Toronto International Open 2014,Adult/Male/Blue/Heavy,3,GabrielResch,RibeiroJiu,JitsuInternational
Toronto International Open 2014,Adult/Male/Blue/Ultra-Heavy,1,PedroCordeiro,TorontoBJJ
Toronto International Open 2014,Adult/Male/Blue/OpenClass,1,AdamScratch,RibeiroJiu,Jitsu
Toronto International Open 2014,Adult/Male/Blue/OpenClass,2,LuizRibeiro,RibeiroJiu,Jitsu
Toronto International Open 2014,Adult/Male/Blue/OpenClass,3,OliverTaza(repetido188113),RenzoGracieInternational
Toronto International Open 2014,Adult/Male/Blue/OpenClass,3,RyanAlmonte,BodyofFour
Toronto International Open 2014,Adult/Female/Blue/Light,1,MeaganCurran,RibeiroJiu,Jitsu
Toronto International Open 2014,Adult/Female/Blue/Light,2,CamelliaKoo,OpenMatMixedMartialArts
Toronto International Open 2014,Adult/Female/Blue/Middle,1,SarahCarolineScarr,BodyofFour
Toronto International Open 2014,Adult/Female/Blue/OpenClass,1,MeaganCurran,RibeiroJiu,Jitsu
Toronto International Open 2014,Adult/Female/Blue/OpenClass,2,SarahCarolineScarr,BodyofFour
Toronto International Open 2014,Adult/Male/Purple/Light-Feather,1,ReubenSagman,RibeiroJiu,JitsuInternational
Toronto International Open 2014,Adult/Male/Purple/Light-Feather,2,GabeSagman(REPETIDO),RibeiroJiu,JitsuInternational
Toronto International Open 2014,Adult/Male/Purple/Feather,1,EricCongPhan,RibeiroJiu,Jitsu
Toronto International Open 2014,Adult/Male/Purple/Feather,2,DavidMosleh,RibeiroJiu,Jitsu
Toronto International Open 2014,Adult/Male/Purple/Feather,3,KevinWheeler,Action&ReactionMMAToronto
Toronto International Open 2014,Adult/Male/Purple/Feather,3,KyleWillrich,MendesBrosAcademy
Toronto International Open 2014,Adult/Male/Purple/Light,1,DavidKrimus,RibeiroJiu,Jitsu
Toronto International Open 2014,Adult/Male/Purple/Light,2,DavidSzprygada,AllianceMarceloGarcia
Toronto International Open 2014,Adult/Male/Purple/Light,3,JesseGalati,OpenMatMixedMartialArts
Toronto International Open 2014,Adult/Male/Purple/Light,3,NicholasMichaelM.Abdullah,MXTAcademyBJJ
Toronto International Open 2014,Adult/Male/Purple/Middle,1,SebastianNadal,CarlsonGracieTeam
Toronto International Open 2014,Adult/Male/Purple/Middle,2,PatrickD.O'Halloran,Joslin'sMixedMartialArts
Toronto International Open 2014,Adult/Male/Purple/Middle,3,JefferyHarrison,RenzoGracieOttawa
Toronto International Open 2014,Adult/Male/Purple/Medium-Heavy,1,NathanJdosSantos,RibeiroJiu,Jitsu
Toronto International Open 2014,Adult/Male/Purple/Super-Heavy,1,RashidMatthews,Hall,GracieEliteTeamAmerica
Toronto International Open 2014,Adult/Male/Purple/Ultra-Heavy,1,MattMcDonald,MendesBrosAcademy
Toronto International Open 2014,Adult/Male/Purple/Ultra-Heavy,2,VijayanandHemanchal,GracieHumaita
Toronto International Open 2014,Adult/Male/Purple/OpenClass,1,NathanJdosSantos,RibeiroJiu,Jitsu
Toronto International Open 2014,Adult/Male/Purple/OpenClass,2,MattMcDonald,MendesBrosAcademy
Toronto International Open 2014,Adult/Male/Purple/OpenClass,3,DavidMosleh,RibeiroJiu,Jitsu
Toronto International Open 2014,Adult/Male/Purple/OpenClass,3,ReubenSagman,RibeiroJiu,JitsuInternational
Toronto International Open 2014,Adult/Female/Purple/Medium-Heavy,1,SabrinaAnneMelendez,RibeiroJiu,Jitsu
Toronto International Open 2014,Adult/Female/Purple/Medium-Heavy,2,AndreaMartyn,RibeiroJiu,Jitsu
Toronto International Open 2014,Adult/Female/Purple/Medium-Heavy,3,CaitlinPakosh,ShahFrancoMixedMartialArts
Toronto International Open 2014,Adult/Female/Purple/OpenClass,1,SabrinaAnneMelendez,RibeiroJiu,Jitsu
Toronto International Open 2014,Adult/Female/Purple/OpenClass,2,AndreaMartyn,RibeiroJiu,Jitsu
Toronto International Open 2014,Adult/Male/Brown/Ultra-Heavy,1,DainisNguyen,Huu,BodyofFour
Toronto International Open 2014,Adult/Male/Brown/OpenClass,1,DainisNguyen,Huu,BodyofFour
Toronto International Open 2014,Adult/Male/Black/Medium-Heavy,1,AmirMohamedYafawi,GracieHumaita
Toronto International Open 2014,Adult/Male/Black/Heavy,1,JorgeBrittoLimaFilho,RibeiroJiu,Jitsu
Toronto International Open 2014,Adult/Male/Black/Heavy,2,PaulElezaj,AllianceAtlanta
Toronto International Open 2014,Adult/Male/Black/Super-Heavy,1,JamesRichardPuopolo,RibeiroJiu,Jitsu
Toronto International Open 2014,Adult/Male/Black/Super-Heavy,2,RodrigoFerreiraReis,TanqueJiu,Jitsu
Toronto International Open 2014,Adult/Male/Black/OpenClass,1,JamesRichardPuopolo,RibeiroJiu,Jitsu
Toronto International Open 2014,Adult/Male/Black/OpenClass,2,RodrigoFerreiraReis,TanqueJiu,Jitsu
Toronto International Open 2014,Adult/Male/Black/OpenClass,3,AmirMohamedYafawi,GracieHumaita
Toronto International Open 2014,Adult/Male/Black/OpenClass,3,PaulElezaj,AllianceAtlanta
Toronto International Open 2014,Master1/Male/White/Feather,1,JustinLau,OpenMatMixedMartialArts
Toronto International Open 2014,Master1/Male/White/Feather,2,NathanLaws,RibeiroJiu,Jitsu
Toronto International Open 2014,Master1/Male/White/Light,1,DanielMcIsaac,RenzoGracieOttawa
Toronto International Open 2014,Master1/Male/White/Light,2,JoseMauricioLondoño,,,
Toronto International Open 2014,Master1/Male/White/Light,3,CoreyZanelli,BodyofFour
Toronto International Open 2014,Master1/Male/White/Light,3,DanielCarter,Joslin'sMixedMartialArts
Toronto International Open 2014,Master1/Male/White/Middle,1,RaymondLegault,GracieBarra
Toronto International Open 2014,Master1/Male/White/Middle,2,nicolasgentillon,DeLaRivaInternational
Toronto International Open 2014,Master1/Male/White/Middle,3,OliverCrouch,RibeiroJiu,Jitsu
Toronto International Open 2014,Master1/Male/White/Heavy,1,Marcel,andréLaprade,RibeiroJiu,Jitsu
Toronto International Open 2014,Master1/Male/White/Super-Heavy,1,DanielBouchard,ZenithBJJ,Canada
Toronto International Open 2014,Master1/Male/White/Super-Heavy,2,Woonghi(dean)Kim,RibeiroJiu,Jitsu
Toronto International Open 2014,Master1/Male/Blue/Light,1,JonathanFazari,MendesBrosAcademy
Toronto International Open 2014,Master1/Male/Blue/Light,2,MikeRodriguez,Pena,RibeiroJiu,Jitsu
Toronto International Open 2014,Master1/Male/Blue/Light,3,DavinYu,MarcusSoaresAcademy
Toronto International Open 2014,Master1/Male/Blue/Light,3,JoelGuevarra,MendesBrosAcademy
Toronto International Open 2014,Master1/Male/Blue/Middle,1,AdamScale,Action&ReactionMMAToronto
Toronto International Open 2014,Master1/Male/Blue/Middle,2,DanielH.Quinn,VicenteJr.BJJPennsylvania
Toronto International Open 2014,Master1/Male/Blue/Middle,3,ConorSmith,Joslin'sMixedMartialArts
Toronto International Open 2014,Master1/Male/Blue/Medium-Heavy,1,aaronferguson,BJJRevolutionTeam,International
Toronto International Open 2014,Master1/Male/Blue/Medium-Heavy,2,ScottMills,RenzoGracieOttawa
Toronto International Open 2014,Master1/Male/Blue/Medium-Heavy,3,PhilipJalbert,Brazil021SchoolofJiu,JitsuToronto
Toronto International Open 2014,Master1/Male/Blue/Medium-Heavy,3,SurkhrajSingh,RibeiroJiu,Jitsu
Toronto International Open 2014,Master1/Male/Blue/Super-Heavy,1,TylerE.Beckley,RibeiroJiu,Jitsu
Toronto International Open 2014,Master1/Male/Blue/Super-Heavy,2,ShawnWilson,NovaUniaoJiuJitsuMississauga
Toronto International Open 2014,Master1/Male/Blue/OpenClass,1,ShawnWilson,NovaUniaoJiuJitsuMississauga
Toronto International Open 2014,Master1/Male/Blue/OpenClass,2,JonathanFazari,MendesBrosAcademy
Toronto International Open 2014,Master1/Male/Blue/OpenClass,3,ConorSmith,Joslin'sMixedMartialArts
Toronto International Open 2014,Master1/Male/Blue/OpenClass,3,TylerE.Beckley,RibeiroJiu,Jitsu
Toronto International Open 2014,Master1/Male/Purple/Feather,1,JohnGallagher,RibeiroJiu,JitsuInternational
Toronto International Open 2014,Master1/Male/Purple/Feather,2,JonathanKim,RibeiroJiu,JitsuInternational
Toronto International Open 2014,Master1/Male/Purple/Heavy,1,AnthonyJosephFerrara,RibeiroJiu,JitsuInternational
Toronto International Open 2014,Master1/Male/Purple/Heavy,2,AlexanderYang,RibeiroJiu,Jitsu
Toronto International Open 2014,Master1/Male/Purple/Heavy,3,JimLilly,GracieBarra
Toronto International Open 2014,Master1/Male/Purple/Heavy,3,NickLeverty,RibeiroJiu,Jitsu
Toronto International Open 2014,Master1/Male/Purple/Super-Heavy,1,GoranIvanis,RibeiroJiu,Jitsu
Toronto International Open 2014,Master1/Male/Purple/Super-Heavy,2,GarnerLupo,RibeiroJiu,JitsuInternational
Toronto International Open 2014,Master1/Male/Purple/OpenClass,1,AnthonyJosephFerrara,RibeiroJiu,JitsuInternational
Toronto International Open 2014,Master1/Male/Purple/OpenClass,2,GoranIvanis,RibeiroJiu,Jitsu
Toronto International Open 2014,Master1/Male/Purple/OpenClass,3,JimLilly,GracieBarra
Toronto International Open 2014,Master1/Female/Purple/Rooster,1,RoyaSarwary,ShahFrancoMixedMartialArts
Toronto International Open 2014,Master1/Female/Purple/Feather,1,LaurenTimco,BJJRevolutionTeamVermont
Toronto International Open 2014,Master1/Female/Purple/OpenClass,1,LaurenTimco,BJJRevolutionTeamVermont
Toronto International Open 2014,Master1/Female/Purple/OpenClass,2,RoyaSarwary,ShahFrancoMixedMartialArts
Toronto International Open 2014,Master1/Male/Brown/Middle,1,ThomasWilliamWaters,WarriorMMA&JiuJitsu
Toronto International Open 2014,Master2/Male/White/Middle,1,JasonGordon,Brazil021SchoolofJiu,JitsuToronto
Toronto International Open 2014,Master2/Male/White/Middle,2,TomerRotem,Action&ReactionMMAToronto
Toronto International Open 2014,Master2/Male/White/Middle,3,AlejandroPerezCruz,RibeiroJiu,Jitsu
Toronto International Open 2014,Master2/Male/White/Middle,3,FrancisSun,RibeiroJiu,Jitsu
Toronto International Open 2014,Master2/Male/White/Medium-Heavy,1,CharlesThompson,ShahFrancoMixedMartialArts
Toronto International Open 2014,Master2/Male/White/Medium-Heavy,2,YuryPokusaev,RibeiroJiu,JitsuInternational
Toronto International Open 2014,Master2/Male/White/Super-Heavy,1,XenofontasBorsas,RibeiroJiu,JitsuInternational
Toronto International Open 2014,Master2/Male/White/Super-Heavy,2,GeoffStoodley,SBGIreland
Toronto International Open 2014,Master2/Male/Blue/Light,1,JoshSinger,Action&ReactionMMAToronto
Toronto International Open 2014,Master2/Male/Blue/Light,2,StephenEstey,MendesBrosAcademy
Toronto International Open 2014,Master2/Male/Blue/Middle,1,StevenDavey,Action&ReactionMMAToronto
Toronto International Open 2014,Master2/Male/Blue/Middle,2,AndreasLouvouloudis,RibeiroJiu,JitsuInternational
Toronto International Open 2014,Master2/Male/Blue/Heavy,1,JJFilipovic,ZenithBJJ
Toronto International Open 2014,Master2/Male/Blue/Heavy,2,AlanRussette,CarlsonGracieTeam
Toronto International Open 2014,Master2/Male/Blue/OpenClass,1,JJFilipovic,ZenithBJJ
Toronto International Open 2014,Master2/Male/Blue/OpenClass,2,JoshSinger,Action&ReactionMMAToronto
Toronto International Open 2014,Master2/Male/Blue/OpenClass,3,AlanRussette,CarlsonGracieTeam
Toronto International Open 2014,Master2/Male/Blue/OpenClass,3,StevenDavey,Action&ReactionMMAToronto
Toronto International Open 2014,Master2/Male/Purple/Feather,1,StevenRobertGreencorn,MXTAcademyBJJ
Toronto International Open 2014,Master2/Male/Purple/Middle,1,LateefTaylor,GracieBarra
Toronto International Open 2014,Master2/Male/Purple/Middle,2,ScottWallace,RibeiroJiu,Jitsu
Toronto International Open 2014,Master2/Male/Purple/Super-Heavy,1,PeterConstantine,BodyofFour
Toronto International Open 2014,Master2/Male/Purple/OpenClass,1,LateefTaylor,GracieBarra
Toronto International Open 2014,Master2/Male/Purple/OpenClass,2,PeterConstantine,BodyofFour
Toronto International Open 2014,Master2/Male/Purple/OpenClass,3,ScottWallace,RibeiroJiu,Jitsu
Toronto International Open 2014,Master2/Male/Purple/OpenClass,3,StevenRobertGreencorn,MXTAcademyBJJ
Toronto International Open 2014,Master2/Male/Brown/Middle,1,JayWadsworth,BJJRevolutionTeamVermont
Toronto International Open 2014,Master2/Male/Brown/Middle,2,GlenMackenzie,GracieBarra
Toronto International Open 2014,Master2/Male/Brown/Super-Heavy,1,JesseBBruchac,Alliance
Toronto International Open 2014,Master2/Male/Brown/Super-Heavy,2,CliffordEllisNorton,RibeiroJiu,JitsuInternational
Toronto International Open 2014,Master2/Male/Brown/OpenClass,1,JesseBBruchac,Alliance
Toronto International Open 2014,Master2/Male/Brown/OpenClass,2,GlenMackenzie,GracieBarra
Toronto International Open 2014,Master2/Male/Black/Feather,1,DanielV.AlvarezJr.,BrunoBastosAssociation
Toronto International Open 2014,Master2/Male/Black/Feather,2,AlbertFung,RibeiroJiu,Jitsu
Toronto International Open 2014,Master2/Male/Black/Light,1,DisneydaCostaMelo,FabricioJJInternational
Toronto International Open 2014,Master2/Male/Black/Light,2,PaulJosephO'Sullivan,MendesBrosAcademy
Toronto International Open 2014,Master2/Male/Black/Ultra-Heavy,1,DanielMoroney,GracieHumaita
Toronto International Open 2014,Master2/Male/Black/OpenClass,1,DisneydaCostaMelo,FabricioJJInternational
Toronto International Open 2014,Master2/Male/Black/OpenClass,2,DanielMoroney,GracieHumaita
Toronto International Open 2014,Master2/Male/Black/OpenClass,3,AlbertFung,RibeiroJiu,Jitsu
Toronto International Open 2014,Master3/Male/Blue/Middle,1,MattPerrins,MendesBrosAcademy
Toronto International Open 2014,Master3/Male/Blue/Middle,2,MarioIsabella,GracieBarra
Toronto International Open 2014,Master3/Male/Blue/OpenClass,1,MarioIsabella,GracieBarra
Toronto International Open 2014,Master3/Male/Purple/Heavy,1,JarrodASerre,ZenithBJJ,Canada
Toronto International Open 2014,Master3/Male/Purple/Heavy,2,JeremyBerriault,GracieHumaita
Toronto International Open 2014,Master3/Male/Purple/OpenClass,1,JarrodASerre,ZenithBJJ,Canada
Toronto International Open 2014,Master3/Male/Purple/OpenClass,2,JeremyBerriault,GracieHumaita
Toronto International Open 2014,Master3/Male/Black/Medium-Heavy,1,FernandoLuizFZulick,Action&ReactionMMAToronto
Toronto International Open 2014,Master3/Male/Black/Medium-Heavy,2,DavidAnthonyIsaacs,GracieHumaita
Toronto International Open 2014,Master3/Male/Black/OpenClass,1,FernandoLuizFZulick,Action&ReactionMMAToronto
Toronto International Open 2014,Master3/Male/Black/OpenClass,2,DavidAnthonyIsaacs,GracieHumaita
Toronto International Open 2014,Master4/Male/Blue/Medium-Heavy,1,HaleMiller,Action&ReactionMMAToronto
Toronto International Open 2014,Master4/Male/Blue/Medium-Heavy,2,LeeMaund,BodyofFour
Toronto International Open 2014,Master4/Male/Blue/OpenClass,1,LeeMaund,BodyofFour
Toronto International Open 2014,Master5/Male/Purple/Feather,1,PabloLuisArroyo,NovaUniãoUSA
Toronto International Open 2014,Master5/Male/Purple/OpenClass,1,PabloLuisArroyo,NovaUniãoUSA
