Gothenburg International Open 2015,Juvenile/Male/White/Light,1,EmilL.W.Andersson,GladiusMMA
Gothenburg International Open 2015,Juvenile/Female/White/Super-Heavy,1,KatarinaEliseJohansen,NovusAcademy
Gothenburg International Open 2015,Adult/Male/White/Light-Feather,1,DennizK.LöfgrenHasyilmaz,HiltiBJJStockholm
Gothenburg International Open 2015,Adult/Male/White/Light-Feather,2,MahmoudEldoor,FrontlineAcademy
Gothenburg International Open 2015,Adult/Male/White/Light-Feather,3,JesperZels,DynamixFightingSports
Gothenburg International Open 2015,Adult/Male/White/Light-Feather,3,MariusSeterdal,NovusAcademy
Gothenburg International Open 2015,Adult/Male/White/Feather,1,DenizDurmus,BalabanJiu,JitsuTeam
Gothenburg International Open 2015,Adult/Male/White/Feather,2,FabianSchmid,GladiusMMA
Gothenburg International Open 2015,Adult/Male/White/Feather,3,GustafErikssonÅkerblad,DynamixFightingSports
Gothenburg International Open 2015,Adult/Male/White/Feather,3,TerenceMcsweeney,GracieBarra
Gothenburg International Open 2015,Adult/Male/White/Light,1,MagnusWiig,OXY
Gothenburg International Open 2015,Adult/Male/White/Light,2,LongTran,TeamTrondheimBJJ
Gothenburg International Open 2015,Adult/Male/White/Light,3,DavidJönsson,CheckMatInternational
Gothenburg International Open 2015,Adult/Male/White/Light,3,TorjusNomelandWilloch,TeamTrondheimBJJ
Gothenburg International Open 2015,Adult/Male/White/Middle,1,MohammedAhmed,FrontlineAcademy
Gothenburg International Open 2015,Adult/Male/White/Middle,2,TorbjørnMorken,TeamTrondheimBJJ
Gothenburg International Open 2015,Adult/Male/White/Middle,3,ElishaTurner,HiltiBJJStockholm
Gothenburg International Open 2015,Adult/Male/White/Middle,3,MartinDvorsak,DynamixFightingSports
Gothenburg International Open 2015,Adult/Male/White/Medium-Heavy,1,YasirChoukri,OXY
Gothenburg International Open 2015,Adult/Male/White/Medium-Heavy,2,MahdiBaghdadi,DynamixFightingSports
Gothenburg International Open 2015,Adult/Male/White/Medium-Heavy,3,AndrejsMerzlovs,BJJGlobetrotters
Gothenburg International Open 2015,Adult/Male/White/Medium-Heavy,3,OlofLundgren,OXY
Gothenburg International Open 2015,Adult/Male/White/Heavy,1,DomenicoTricamo,TrinacriaBJJ
Gothenburg International Open 2015,Adult/Male/White/Heavy,2,FerdinandSigurdsson,NovusAcademy
Gothenburg International Open 2015,Adult/Male/White/Heavy,3,Svenn,ingeK.Sakslund,Tøsse,BJJGlobetrotters
Gothenburg International Open 2015,Adult/Male/White/Super-Heavy,1,MamadouSissoko,GracieBarra
Gothenburg International Open 2015,Adult/Male/White/Super-Heavy,2,BatuhanAsena,BalabanJiu,JitsuTeam
Gothenburg International Open 2015,Adult/Female/White/Light-Feather,1,LeahBudd,GracieBarra
Gothenburg International Open 2015,Adult/Female/White/Light-Feather,2,EmmaPursey,GracieBarra
Gothenburg International Open 2015,Adult/Female/White/Light-Feather,3,MilenaMccabe,ElClubDeLaLuchaBarcelona
Gothenburg International Open 2015,Adult/Female/White/Light,1,ToveKärki,TeamLeitesStockholm
Gothenburg International Open 2015,Adult/Female/White/Light,2,TugceBulut,BalabanJiu,JitsuTeam
Gothenburg International Open 2015,Adult/Female/White/Light,3,ClothildeGuillaume,GracieBarra
Gothenburg International Open 2015,Adult/Female/White/Light,3,LenaWicksell,HiltiFightCenter
Gothenburg International Open 2015,Adult/Female/White/Middle,1,FannyLundström,GracieBarra
Gothenburg International Open 2015,Adult/Female/White/Middle,2,DeborahJones,GracieBarra
Gothenburg International Open 2015,Adult/Female/White/Middle,3,EmelieTärnfalk,HiltiBJJStockholm
Gothenburg International Open 2015,Adult/Female/White/Middle,3,KajsaFrondelius,CheckMat
Gothenburg International Open 2015,Adult/Female/White/Heavy,1,LinnLöfgrenVretare,HiltiFightCenter
Gothenburg International Open 2015,Adult/Female/White/Heavy,2,AmandaErzen,CheckMatInternational
Gothenburg International Open 2015,Adult/Male/Blue/Light-Feather,1,RichardGough,RibeiroJiu,Jitsu
Gothenburg International Open 2015,Adult/Male/Blue/Light-Feather,2,brunosouzapaes,NovaUnião
Gothenburg International Open 2015,Adult/Male/Blue/Feather,1,AlexanderRioFarstadvoll,FrontlineAcademy
Gothenburg International Open 2015,Adult/Male/Blue/Feather,2,AliDouglah,CheckMatInternational
Gothenburg International Open 2015,Adult/Male/Blue/Feather,3,DavidGustafsson,DynamixFightingSports2
Gothenburg International Open 2015,Adult/Male/Blue/Feather,3,PiotrKaminski,GoldTeamFighters
Gothenburg International Open 2015,Adult/Male/Blue/Light,1,EllisYounger,BJJGlobetrotters
Gothenburg International Open 2015,Adult/Male/Blue/Light,2,ErikSandberg,TeamCarvalhoSweden
Gothenburg International Open 2015,Adult/Male/Blue/Light,3,ClaudioPonce,CheckMatInternational
Gothenburg International Open 2015,Adult/Male/Blue/Light,3,JonasKei,CheckMatInternational
Gothenburg International Open 2015,Adult/Male/Blue/Middle,1,TarikHopstock,FrontlineAcademy
Gothenburg International Open 2015,Adult/Male/Blue/Middle,2,ArdianPreteni,BJJGlobetrotters
Gothenburg International Open 2015,Adult/Male/Blue/Middle,3,IvanSundell,HiltiBJJStockholm
Gothenburg International Open 2015,Adult/Male/Blue/Middle,3,NicklasAndreassen,FrontlineAcademy
Gothenburg International Open 2015,Adult/Male/Blue/Medium-Heavy,1,RichardRud,OXY
Gothenburg International Open 2015,Adult/Male/Blue/Medium-Heavy,2,GustafKimblad,VivaZapataJiuJitsu
Gothenburg International Open 2015,Adult/Male/Blue/Medium-Heavy,3,NicholasMichaelHorton,ElClubDeLaLuchaBarcelona
Gothenburg International Open 2015,Adult/Male/Blue/Medium-Heavy,3,VictorRørvik,BJJGlobetrotters
Gothenburg International Open 2015,Adult/Male/Blue/Heavy,1,GiuseppeZappala,TeamLeitesStockholm
Gothenburg International Open 2015,Adult/Male/Blue/Heavy,2,TorsteinHoel,BJJGlobetrotters
Gothenburg International Open 2015,Adult/Male/Blue/Heavy,3,IanFeatherstone,RibeiroJiu,Jitsu
Gothenburg International Open 2015,Adult/Male/Blue/Super-Heavy,1,AlexanderLiahagen,FrontlineAcademyDrammen
Gothenburg International Open 2015,Adult/Male/Blue/Super-Heavy,2,KristianOlsen,FrontlineAcademy
Gothenburg International Open 2015,Adult/Male/Blue/Super-Heavy,3,ChristianWestberg,OXY
Gothenburg International Open 2015,Adult/Male/Blue/Ultra-Heavy,1,RuneGundhus,FrontlineAcademy
Gothenburg International Open 2015,Adult/Male/Blue/Ultra-Heavy,2,MikeTajik,DynamixFightingSports
Gothenburg International Open 2015,Adult/Male/Blue/OpenClass,1,TarikHopstock,FrontlineAcademy
Gothenburg International Open 2015,Adult/Male/Blue/OpenClass,2,KristianOlsen,FrontlineAcademy
Gothenburg International Open 2015,Adult/Male/Blue/OpenClass,3,ChristianWestberg,OXY
Gothenburg International Open 2015,Adult/Male/Blue/OpenClass,3,RichardRud,OXY
Gothenburg International Open 2015,Adult/Female/Blue/Light-Feather,1,StephanieEdwards,GracieBarra
Gothenburg International Open 2015,Adult/Female/Blue/Feather,1,LissToneJohansen,FrontlineAcademy
Gothenburg International Open 2015,Adult/Female/Blue/Super-Heavy,1,HeidiBoschek,ConcreteBJJ
Gothenburg International Open 2015,Adult/Female/Blue/Super-Heavy,2,ThaisTaveiraDeAlmeida,GracieBarra
Gothenburg International Open 2015,Adult/Female/Blue/Super-Heavy,3,AnnÖsterman,HiltiBJJStockholm
Gothenburg International Open 2015,Adult/Female/Blue/OpenClass,1,StephanieEdwards,GracieBarra
Gothenburg International Open 2015,Adult/Female/Blue/OpenClass,2,LissToneJohansen,FrontlineAcademy
Gothenburg International Open 2015,Adult/Male/Purple/Light,1,EdwardHohl,GracieHumaita
Gothenburg International Open 2015,Adult/Male/Purple/Light,2,JensOlofUlfNylander,DynamixFightingSports2
Gothenburg International Open 2015,Adult/Male/Purple/Light,3,AdnanStroil,DynamixFightingSports
Gothenburg International Open 2015,Adult/Male/Purple/Light,3,DanielLindell,DynamixFightingSports
Gothenburg International Open 2015,Adult/Male/Purple/Middle,1,LeoGraf,Alliance
Gothenburg International Open 2015,Adult/Male/Purple/Middle,2,FredrikWidgren,DynamixFightingSports
Gothenburg International Open 2015,Adult/Male/Purple/Middle,3,EmilNilsson,TeamCarvalhoSweden
Gothenburg International Open 2015,Adult/Male/Purple/Middle,3,FrederickM.Sykes,GracieBarra
Gothenburg International Open 2015,Adult/Male/Purple/Medium-Heavy,1,NimaHashemi,RogerGracie
Gothenburg International Open 2015,Adult/Male/Purple/Medium-Heavy,2,AndreasFalk,DynamixFightingSports
Gothenburg International Open 2015,Adult/Male/Purple/Medium-Heavy,3,ArashJavanbakht,HiltiBJJStockholm
Gothenburg International Open 2015,Adult/Male/Purple/Medium-Heavy,3,StevenDavidPlayfair,RickYoungBJJAcademy
Gothenburg International Open 2015,Adult/Male/Purple/Ultra-Heavy,1,NiclasSjoquist,YamasakiAcademyGothenburg
Gothenburg International Open 2015,Adult/Male/Purple/OpenClass,1,LeoGraf,Alliance
Gothenburg International Open 2015,Adult/Male/Purple/OpenClass,2,StevenDavidPlayfair,RickYoungBJJAcademy
Gothenburg International Open 2015,Adult/Male/Purple/OpenClass,3,FrederickM.Sykes,GracieBarra
Gothenburg International Open 2015,Adult/Male/Purple/OpenClass,3,NiclasSjoquist,YamasakiAcademyGothenburg
Gothenburg International Open 2015,Adult/Female/Purple/Feather,1,MadeleineHåkansson,YamasakiAcademyGothenburg
Gothenburg International Open 2015,Adult/Female/Purple/Feather,2,MalinFischer,DynamixFightingSports
Gothenburg International Open 2015,Adult/Female/Purple/Light,1,HelenaEdfeldt,DynamixFightingSports
Gothenburg International Open 2015,Adult/Female/Purple/Medium-Heavy,1,LisaPihl,GladiusMMA
Gothenburg International Open 2015,Adult/Female/Purple/Medium-Heavy,2,MariaFossdal,DynamixFightingSports
Gothenburg International Open 2015,Adult/Female/Purple/Medium-Heavy,3,OdaPleym,FrontlineAcademy
Gothenburg International Open 2015,Adult/Female/Purple/OpenClass,1,MadeleineHåkansson,YamasakiAcademyGothenburg
Gothenburg International Open 2015,Adult/Female/Purple/OpenClass,2,OdaPleym,FrontlineAcademy
Gothenburg International Open 2015,Adult/Female/Purple/OpenClass,3,HelenaEdfeldt,DynamixFightingSports
Gothenburg International Open 2015,Adult/Female/Purple/OpenClass,3,MariaFossdal,DynamixFightingSports
Gothenburg International Open 2015,Adult/Male/Brown/Feather,1,AshleyJordanWilliams,GracieBarra
Gothenburg International Open 2015,Adult/Male/Brown/Feather,2,VenturaMartinGustavPetisme,YamasakiAcademyGothenburg
Gothenburg International Open 2015,Adult/Male/Brown/Middle,1,RobertVingsnes,ParaestraTb
Gothenburg International Open 2015,Adult/Male/Brown/Medium-Heavy,1,ChristianDellevag,AkademiNord
Gothenburg International Open 2015,Adult/Male/Brown/Medium-Heavy,2,AlvaroEnricoFernandezRibeiro,FrontlineAcademy
Gothenburg International Open 2015,Adult/Male/Brown/Heavy,1,KarlRichardBoman,VivaZapataJiuJitsu
Gothenburg International Open 2015,Adult/Male/Brown/Heavy,2,MarekPawelZbrog,GracieBarra
Gothenburg International Open 2015,Adult/Male/Brown/Heavy,3,AndersJohanPeterAppelquist,DynamixFightingSports
Gothenburg International Open 2015,Adult/Male/Brown/Ultra-Heavy,1,MartinJohannesGobel,CheckMatGroundFightersHamburg
Gothenburg International Open 2015,Adult/Male/Brown/OpenClass,1,AlvaroEnricoFernandezRibeiro,FrontlineAcademy
Gothenburg International Open 2015,Adult/Male/Brown/OpenClass,2,RobertVingsnes,ParaestraTb
Gothenburg International Open 2015,Adult/Male/Brown/OpenClass,3,AndersJohanPeterAppelquist,DynamixFightingSports
Gothenburg International Open 2015,Adult/Male/Brown/OpenClass,3,KarlRichardBoman,VivaZapataJiuJitsu
Gothenburg International Open 2015,Adult/Male/Black/Light,1,AlexCabanesGisbert,CalasansBJJ
Gothenburg International Open 2015,Adult/Male/Black/Light,2,JorgedosSantosPereira,AtosJJInternational
Gothenburg International Open 2015,Adult/Male/Black/Light,3,GustavoDantas,NovaUnião
Gothenburg International Open 2015,Adult/Male/Black/Light,3,PerMagnusValdemarHasslund,ConcreteBJJ
Gothenburg International Open 2015,Adult/Male/Black/Middle,1,LucaAnacoreta,AeternaJiuJitsu
Gothenburg International Open 2015,Adult/Male/Black/Middle,2,NicRubenNikolaisen,FrontlineAcademy
Gothenburg International Open 2015,Adult/Male/Black/Medium-Heavy,1,GiacomoRauppZanini,RibeiroJiu,JitsuInternational
Gothenburg International Open 2015,Adult/Male/Black/Medium-Heavy,2,JulienCazier,GracieBarra
Gothenburg International Open 2015,Adult/Male/Black/Heavy,1,RenatoTavaresdeMoraes,FrontlineAcademy
Gothenburg International Open 2015,Adult/Male/Black/Heavy,2,LarsMartinJansson,DynamixFightingSports
Gothenburg International Open 2015,Adult/Male/Black/Heavy,3,JaroslawKonradGajek,GoldTeamFighters
Gothenburg International Open 2015,Adult/Male/Black/Heavy,3,VictorCheng,YoguiBrazilianJiuJitsuAcademy
Gothenburg International Open 2015,Adult/Male/Black/Super-Heavy,1,DarraghOConaill,RibeiroJiu,JitsuInternational
Gothenburg International Open 2015,Adult/Male/Black/Ultra-Heavy,1,DiegoSergiodosSantosCavalcante,SolaraJiu,Jitsu
Gothenburg International Open 2015,Adult/Male/Black/OpenClass,1,LucaAnacoreta,AeternaJiuJitsu
Gothenburg International Open 2015,Adult/Male/Black/OpenClass,2,AlexCabanesGisbert,CalasansBJJ
Gothenburg International Open 2015,Adult/Male/Black/OpenClass,3,DarraghOConaill,RibeiroJiu,JitsuInternational
Gothenburg International Open 2015,Adult/Male/Black/OpenClass,3,GiacomoRauppZanini,RibeiroJiu,JitsuInternational
Gothenburg International Open 2015,Adult/Female/Black/Light,1,AnnaLouiseMayne,CFSBJJ
Gothenburg International Open 2015,Adult/Female/Black/Medium-Heavy,1,GretchenDawnZoeller,GracieBarra
Gothenburg International Open 2015,Adult/Female/Black/OpenClass,1,AnnaLouiseMayne,CFSBJJ
Gothenburg International Open 2015,Adult/Female/Black/OpenClass,2,GretchenDawnZoeller,GracieBarra
Gothenburg International Open 2015,Master1/Male/White/Light,1,AndersOscarsson,TeamLeitesStockholm
Gothenburg International Open 2015,Master1/Male/White/Light,2,SimoCherkaoui,GracieBarra
Gothenburg International Open 2015,Master1/Male/White/Light,3,AbiQadar,FrontlineAcademy
Gothenburg International Open 2015,Master1/Male/White/Light,3,DamienPedreira,GracieBarra
Gothenburg International Open 2015,Master1/Male/White/Middle,1,RomainBatillat,GracieBarra
Gothenburg International Open 2015,Master1/Male/White/Middle,2,DenizBulus,DynamixFightingSports
Gothenburg International Open 2015,Master1/Male/White/Medium-Heavy,1,MagnusGranlund,DynamixFightingSports
Gothenburg International Open 2015,Master1/Male/White/Medium-Heavy,2,TuomoAitto,oja,ConcreteBJJ
Gothenburg International Open 2015,Master1/Male/White/Heavy,1,ErickSimonYoannVanClemputte,GracieBarra
Gothenburg International Open 2015,Master1/Male/White/Heavy,2,DanielHalberg,CheckMat
Gothenburg International Open 2015,Master1/Male/White/Super-Heavy,1,TarekEl,zein,CheckMat
Gothenburg International Open 2015,Master1/Male/White/Ultra-Heavy,1,FredrikTjust,ConcreteBJJ
Gothenburg International Open 2015,Master1/Male/White/Ultra-Heavy,2,S.TolgaUrkmezgil,BalabanJiu,JitsuTeam
Gothenburg International Open 2015,Master1/Male/White/Ultra-Heavy,3,YilmazErdogan,BalabanJiu,JitsuTeam
Gothenburg International Open 2015,Master1/Male/Blue/Light-Feather,1,LaurentLawPingMan,GracieHumaitaReunion
Gothenburg International Open 2015,Master1/Male/Blue/Light-Feather,2,FredrikZels,YoguiBrazilianJiuJitsuAcademy
Gothenburg International Open 2015,Master1/Male/Blue/Light,1,IvarBrondboKjerstad,TeamTrondheimBJJ
Gothenburg International Open 2015,Master1/Male/Blue/Light,2,ShaizKhan,RioGrapplingClubEurope
Gothenburg International Open 2015,Master1/Male/Blue/Light,3,AxelAdin,DynamixFightingSports
Gothenburg International Open 2015,Master1/Male/Blue/Light,3,JoakimAhlin,DynamixFightingSports
Gothenburg International Open 2015,Master1/Male/Blue/Middle,1,LeeIrvine,RogerGracie
Gothenburg International Open 2015,Master1/Male/Blue/Middle,2,Frankarnesen,OXY
Gothenburg International Open 2015,Master1/Male/Blue/Middle,3,AndersKarlsson,CheckmatEuropa
Gothenburg International Open 2015,Master1/Male/Blue/Medium-Heavy,1,KonuralpKocoglu,BalabanJiu,JitsuTeam
Gothenburg International Open 2015,Master1/Male/Blue/Medium-Heavy,2,MarcinGucia,GoldTeamFighters
Gothenburg International Open 2015,Master1/Male/Blue/Medium-Heavy,3,KimEdwardKjellevold,BJJGlobetrotters
Gothenburg International Open 2015,Master1/Male/Blue/Medium-Heavy,3,MauricioGomezLudena,FrontlineAcademy
Gothenburg International Open 2015,Master1/Male/Blue/Heavy,1,LyesAbid,OXY
Gothenburg International Open 2015,Master1/Male/Blue/Heavy,2,PeterRosinski,CheckMatInternational
Gothenburg International Open 2015,Master1/Male/Blue/Heavy,3,ElcinAlperKeskin,BalabanJiu,JitsuTeam
Gothenburg International Open 2015,Master1/Male/Blue/OpenClass,1,MauricioGomezLudena,FrontlineAcademy
Gothenburg International Open 2015,Master1/Male/Blue/OpenClass,2,ShaizKhan,RioGrapplingClubEurope
Gothenburg International Open 2015,Master1/Male/Blue/OpenClass,3,Frankarnesen,OXY
Gothenburg International Open 2015,Master1/Male/Blue/OpenClass,3,LyesAbid,OXY
Gothenburg International Open 2015,Master1/Female/Blue/Light,1,SofieBergström,TeamLeitesStockholm
Gothenburg International Open 2015,Master1/Female/Blue/Light,2,KristinaEkstrand,YoguiBrazilianJiuJitsuAcademy
Gothenburg International Open 2015,Master1/Female/Blue/Middle,1,ChevonWorkman,MarcioCruzBJJ
Gothenburg International Open 2015,Master1/Female/Blue/Medium-Heavy,1,BirgitRyningen,TeamTrondheimBJJ
Gothenburg International Open 2015,Master1/Female/Blue/Medium-Heavy,2,LouiseSondlo,VivaZapataJiuJitsu
Gothenburg International Open 2015,Master1/Female/Blue/OpenClass,1,SofieBergström,TeamLeitesStockholm
Gothenburg International Open 2015,Master1/Female/Blue/OpenClass,2,ChevonWorkman,MarcioCruzBJJ
Gothenburg International Open 2015,Master1/Male/Purple/Light-Feather,1,KimEmanuelJohnssonEkerwald,TeamLeitesStockholm
Gothenburg International Open 2015,Master1/Male/Purple/Middle,1,NiclasEkholm,VivaZapataJiuJitsu
Gothenburg International Open 2015,Master1/Male/Purple/Heavy,1,JeremyWorkman,MarcioCruzBJJ
Gothenburg International Open 2015,Master1/Male/Purple/Heavy,2,SebastianElmenhoff,VivaZapataJiuJitsu
Gothenburg International Open 2015,Master1/Male/Purple/OpenClass,1,NiclasEkholm,VivaZapataJiuJitsu
Gothenburg International Open 2015,Master1/Male/Purple/OpenClass,2,JeremyWorkman,MarcioCruzBJJ
Gothenburg International Open 2015,Master1/Male/Purple/OpenClass,3,KimEmanuelJohnssonEkerwald,TeamLeitesStockholm
Gothenburg International Open 2015,Master1/Male/Brown/Middle,1,LuisGil,CheckMat
Gothenburg International Open 2015,Master1/Male/Brown/Middle,2,MarkHidalgo,GracieHumaitaSanDiego
Gothenburg International Open 2015,Master1/Male/Brown/Middle,3,MartinPeterHedenbergh,DynamixFightingSports
Gothenburg International Open 2015,Master1/Male/Brown/Middle,3,SusejBPontes,RogerGracie
Gothenburg International Open 2015,Master1/Male/Brown/Medium-Heavy,1,LeifPontusKällgren,CheckMatInternational
Gothenburg International Open 2015,Master1/Male/Brown/Medium-Heavy,2,NasefK.AhmedAlganga,RogerGracie
Gothenburg International Open 2015,Master1/Male/Brown/Medium-Heavy,3,ColinJohnHowells,NovaUnião
Gothenburg International Open 2015,Master1/Male/Brown/OpenClass,1,LeifPontusKällgren,CheckMatInternational
Gothenburg International Open 2015,Master1/Male/Brown/OpenClass,2,SusejBPontes,RogerGracie
Gothenburg International Open 2015,Master1/Male/Brown/OpenClass,3,MarkHidalgo,GracieHumaitaSanDiego
Gothenburg International Open 2015,Master1/Male/Black/Middle,1,MaiconJ.GomesL.,OXY
Gothenburg International Open 2015,Master1/Male/Black/Medium-Heavy,1,PerChristianAndresen,TeamTrondheimBJJ
Gothenburg International Open 2015,Master1/Male/Black/Medium-Heavy,2,ErtanBalaban,BalabanJiu,JitsuTeam
Gothenburg International Open 2015,Master1/Male/Black/OpenClass,1,PerChristianAndresen,TeamTrondheimBJJ
Gothenburg International Open 2015,Master1/Male/Black/OpenClass,2,MaiconJ.GomesL.,OXY
Gothenburg International Open 2015,Master2/Male/White/Feather,1,AndreasPalm(repetido149952),VivaZapataJiuJitsu
Gothenburg International Open 2015,Master2/Male/White/Heavy,1,HenrikHafstad,NovusAcademy
Gothenburg International Open 2015,Master2/Male/White/Heavy,2,SimonColeman,GracieBarra
Gothenburg International Open 2015,Master2/Male/Blue/Feather,1,AliAliev,DynamixFightingSports
Gothenburg International Open 2015,Master2/Male/Blue/Feather,2,VincentSutton,GracieBarra
Gothenburg International Open 2015,Master2/Male/Blue/Light,1,DavidKarlsson,HiltiBJJStockholm
Gothenburg International Open 2015,Master2/Male/Blue/Light,2,MarcusHeimdahl,YoguiBrazilianJiuJitsuAcademy
Gothenburg International Open 2015,Master2/Male/Blue/Light,3,AndréEnarsson,GracieBarra
Gothenburg International Open 2015,Master2/Male/Blue/Heavy,1,BenjaminDixon,RogerGracie
Gothenburg International Open 2015,Master2/Male/Blue/OpenClass,1,BenjaminDixon,RogerGracie
Gothenburg International Open 2015,Master2/Male/Blue/OpenClass,2,VincentSutton,GracieBarra
Gothenburg International Open 2015,Master2/Male/Purple/Medium-Heavy,1,BensonDelToro,CarlsonGracieTeam
Gothenburg International Open 2015,Master2/Male/Purple/Super-Heavy,1,Per,ArneJohansson,HiltiBJJStockholm
Gothenburg International Open 2015,Master2/Male/Purple/Super-Heavy,2,MarcLundberg,DynamixFightingSports
Gothenburg International Open 2015,Master2/Male/Purple/OpenClass,1,MarcLundberg,DynamixFightingSports
Gothenburg International Open 2015,Master2/Male/Purple/OpenClass,2,BensonDelToro,CarlsonGracieTeam
Gothenburg International Open 2015,Master2/Male/Black/Rooster,1,DanieldeOliveiraPiza,RibeiroJiu,JitsuBrasil
Gothenburg International Open 2015,Master2/Male/Black/Feather,1,RafaelSouzaSalomao,TeamCarvalhoMexico
Gothenburg International Open 2015,Master2/Male/Black/Light,1,AlanRodrigodeMoraes,CarlsonGracieTeam
Gothenburg International Open 2015,Master2/Male/Black/Middle,1,MauroRenatoAlvesSalomãoJúnior,TeamCarvalhoSweden
Gothenburg International Open 2015,Master2/Male/Black/OpenClass,1,AlanRodrigodeMoraes,CarlsonGracieTeam
Gothenburg International Open 2015,Master2/Male/Black/OpenClass,2,MauroRenatoAlvesSalomãoJúnior,TeamCarvalhoSweden
Gothenburg International Open 2015,Master2/Male/Black/OpenClass,3,DanieldeOliveiraPiza,RibeiroJiu,JitsuBrasil
Gothenburg International Open 2015,Master2/Male/Black/OpenClass,3,RafaelSouzaSalomao,TeamCarvalhoMexico
Gothenburg International Open 2015,Master3/Male/Blue/Light,1,SamuelTillenius,TeamLeitesStockholm
Gothenburg International Open 2015,Master3/Male/Blue/Light,2,MathiasLiljeblad,GracieBarra
Gothenburg International Open 2015,Master3/Male/Blue/OpenClass,1,SamuelTillenius,TeamLeitesStockholm
Gothenburg International Open 2015,Master3/Male/Blue/OpenClass,2,MathiasLiljeblad,GracieBarra
Gothenburg International Open 2015,Master3/Male/Purple/Light,1,PascalGuyonnet,GracieBarra
Gothenburg International Open 2015,Master3/Male/Brown/Middle,1,VadymPuzanov,GracieBarra
Gothenburg International Open 2015,Master3/Male/Brown/Medium-Heavy,1,PärAleFriberg,CheckMatInternational
Gothenburg International Open 2015,Master3/Male/Brown/OpenClass,1,VadymPuzanov,GracieBarra
Gothenburg International Open 2015,Master3/Male/Brown/OpenClass,2,PärAleFriberg,CheckMatInternational
Gothenburg International Open 2015,Master3/Male/Black/Feather,1,CleytonGonçalvesBastos,RibeiroJiu,JitsuInternational
