Mexico City International Open Jiu-Jitsu 2017,Adult/Male/White/Rooster,1,KevinMontesdeOca,RenzoGracieMexico
Mexico City International Open Jiu-Jitsu 2017,Adult/Male/White/Rooster,2,MiguelArnulfoGuerra,AllianceInternational
Mexico City International Open Jiu-Jitsu 2017,Adult/Male/White/Rooster,3,OmarEduardoAlfaroSolis,LEADBJJ
Mexico City International Open Jiu-Jitsu 2017,Adult/Male/White/Light-Feather,1,CarlosEnriqueBarraganPerez,LEADBJJ
Mexico City International Open Jiu-Jitsu 2017,Adult/Male/White/Light-Feather,2,JavierAbrahamRodriguez,NovaUniãoInternational
Mexico City International Open Jiu-Jitsu 2017,Adult/Male/White/Light-Feather,3,JesusAlbertoRamos,BrasaCTA
Mexico City International Open Jiu-Jitsu 2017,Adult/Male/White/Light-Feather,3,RodolfoFloresGonzalez,LEADBJJ
Mexico City International Open Jiu-Jitsu 2017,Adult/Male/White/Feather,1,IrvinDanielAmaya,AllianceInternational
Mexico City International Open Jiu-Jitsu 2017,Adult/Male/White/Feather,2,JairGomez,LEADBJJ
Mexico City International Open Jiu-Jitsu 2017,Adult/Male/White/Feather,3,LuisMiguelHernandezRomero,TopBrotherMexico
Mexico City International Open Jiu-Jitsu 2017,Adult/Male/White/Feather,3,MiguelAlmaguerMartínez,NSBrotherhoodInternational
Mexico City International Open Jiu-Jitsu 2017,Adult/Male/White/Light,1,JuanPabloWoo,BrasaCTA
Mexico City International Open Jiu-Jitsu 2017,Adult/Male/White/Light,2,GibranUribeEspinoza,BrasaCTA
Mexico City International Open Jiu-Jitsu 2017,Adult/Male/White/Light,3,JorgeDavidCalderon,RobertoZapataTeam
Mexico City International Open Jiu-Jitsu 2017,Adult/Male/White/Light,3,RodolfoHernandezIbarra,PabloSilvaBJJ,ZRTeam
Mexico City International Open Jiu-Jitsu 2017,Adult/Male/White/Middle,1,OscarEduardoCazaresPinedo,TeamCarvalhoMexico
Mexico City International Open Jiu-Jitsu 2017,Adult/Male/White/Middle,2,LuisItzaeDominguez,AllianceInternational
Mexico City International Open Jiu-Jitsu 2017,Adult/Male/White/Middle,3,ErickArturoVonBorstel,NSBrotherhoodInternational
Mexico City International Open Jiu-Jitsu 2017,Adult/Male/White/Middle,3,MichaelBernardoGarciaHiguera,SchonBJJ
Mexico City International Open Jiu-Jitsu 2017,Adult/Male/White/Medium-Heavy,1,AlejandroCamacho,TopBrotherMexico
Mexico City International Open Jiu-Jitsu 2017,Adult/Male/White/Medium-Heavy,2,JoseAdalbertoInzunza,RenzoGracieMexico
Mexico City International Open Jiu-Jitsu 2017,Adult/Male/White/Medium-Heavy,3,DilanGonzalez,BrasaCTA
Mexico City International Open Jiu-Jitsu 2017,Adult/Male/White/Medium-Heavy,3,KristianRaymundoDominguezMercado,RenzoGracieMexico
Mexico City International Open Jiu-Jitsu 2017,Adult/Male/White/Heavy,1,JoseRafaelCuevasSantana,SchonBJJ
Mexico City International Open Jiu-Jitsu 2017,Adult/Male/White/Heavy,2,SergioJesusCordero,BrasaCTA
Mexico City International Open Jiu-Jitsu 2017,Adult/Male/White/Heavy,3,JorgeEzequielGalloMeza,CleberJiuJitsu
Mexico City International Open Jiu-Jitsu 2017,Adult/Male/White/Heavy,3,RobertoCarlosColungaZermeno,LEADBJJ
Mexico City International Open Jiu-Jitsu 2017,Adult/Male/White/Super-Heavy,1,DiegoJoseJimenezEspinoza,RenzoGracieInternational
Mexico City International Open Jiu-Jitsu 2017,Adult/Male/White/Ultra-Heavy,1,HiramHumbertoChavezLira,RenzoGracieMexico
Mexico City International Open Jiu-Jitsu 2017,Adult/Male/White/Ultra-Heavy,2,AntonioValdezVazquez,LEADBJJ
Mexico City International Open Jiu-Jitsu 2017,Adult/Male/White/Ultra-Heavy,3,ArimayPucsiArmas,NSBrotherhoodInternational
Mexico City International Open Jiu-Jitsu 2017,Adult/Male/White/Ultra-Heavy,3,PietroEmanuelMuzzi,RenzoGracieMexico
Mexico City International Open Jiu-Jitsu 2017,Adult/Male/Blue/Rooster,1,LuisGonzalez,RilionGracieJiu,JitsuAcademy
Mexico City International Open Jiu-Jitsu 2017,Adult/Male/Blue/Rooster,2,CarlosAarónLedesmaRaygoza,ClarkGracieJiuJitsuAcademy
Mexico City International Open Jiu-Jitsu 2017,Adult/Male/Blue/Rooster,3,GuillermoAlfredoNienauOjeda,NSBrotherhoodInternational
Mexico City International Open Jiu-Jitsu 2017,Adult/Male/Blue/Light-Feather,1,DemianBalderramaGomez,AtosJiu,Jitsu
Mexico City International Open Jiu-Jitsu 2017,Adult/Male/Blue/Light-Feather,2,DanielTrigos,LEADBJJ
Mexico City International Open Jiu-Jitsu 2017,Adult/Male/Blue/Light-Feather,3,ChaseSmith,ParagonBrazilianJiuJitsuAustin
Mexico City International Open Jiu-Jitsu 2017,Adult/Male/Blue/Light-Feather,3,DanielCohen,RenzoGracieMexico
Mexico City International Open Jiu-Jitsu 2017,Adult/Male/Blue/Feather,1,QuetzalcoatlRivasGonzalez,GracieBarra
Mexico City International Open Jiu-Jitsu 2017,Adult/Male/Blue/Feather,2,JacintoAgustinChapelaVargas,BrasaCTA
Mexico City International Open Jiu-Jitsu 2017,Adult/Male/Blue/Feather,3,CarlosEnriqueDiaz,RenzoGracieMexico
Mexico City International Open Jiu-Jitsu 2017,Adult/Male/Blue/Feather,3,GaelDiaz,CleberJiuJitsu
Mexico City International Open Jiu-Jitsu 2017,Adult/Male/Blue/Light,1,IvanHerrera,BaretSubmissions
Mexico City International Open Jiu-Jitsu 2017,Adult/Male/Blue/Light,2,ArmandoValenciaValente,BrasaCTA
Mexico City International Open Jiu-Jitsu 2017,Adult/Male/Blue/Light,3,JoseManuelRangelSanchez,BrasaCTA
Mexico City International Open Jiu-Jitsu 2017,Adult/Male/Blue/Light,3,LuisD.AlvarezGarcia,LEADBJJ
Mexico City International Open Jiu-Jitsu 2017,Adult/Male/Blue/Middle,1,MiguelVillegas,CleberJiuJitsu
Mexico City International Open Jiu-Jitsu 2017,Adult/Male/Blue/Middle,2,NationGibrick,CheckMatUSA
Mexico City International Open Jiu-Jitsu 2017,Adult/Male/Blue/Middle,3,AlainLeonelConradoPalafox,BrasaCTA
Mexico City International Open Jiu-Jitsu 2017,Adult/Male/Blue/Middle,3,ErnestoApodaca,ElPasoJiu,Jitsu
Mexico City International Open Jiu-Jitsu 2017,Adult/Male/Blue/Medium-Heavy,1,ReidConnell,ParagonBrazilianJiuJitsuAustin
Mexico City International Open Jiu-Jitsu 2017,Adult/Male/Blue/Medium-Heavy,2,DanielElizondo,LEADBJJ
Mexico City International Open Jiu-Jitsu 2017,Adult/Male/Blue/Medium-Heavy,3,ChristopherReyna,BJJRevolutionTeam
Mexico City International Open Jiu-Jitsu 2017,Adult/Male/Blue/Medium-Heavy,3,LuisAngelRoldan,RenzoGracieMexico
Mexico City International Open Jiu-Jitsu 2017,Adult/Male/Blue/Heavy,1,LinoEstebanNegrete,NovaUniãoInternational
Mexico City International Open Jiu-Jitsu 2017,Adult/Male/Blue/Heavy,2,CarlosMartinezPazos,TopBrotherMexico
Mexico City International Open Jiu-Jitsu 2017,Adult/Male/Blue/Heavy,3,AlejandroGavidiaQuintanilla,RenzoGracieMexico
Mexico City International Open Jiu-Jitsu 2017,Adult/Male/Blue/Heavy,3,D'AndreS.Brock,GracieBarra
Mexico City International Open Jiu-Jitsu 2017,Adult/Male/Blue/Super-Heavy,1,EmmanuelWimer,ClarkGracieTeamInternational
Mexico City International Open Jiu-Jitsu 2017,Adult/Male/Blue/Super-Heavy,2,AlbertoTeaConstante,LEADBJJ
Mexico City International Open Jiu-Jitsu 2017,Adult/Male/Blue/Enum_WeightDivision_OpenClass_Label,1,ReidConnell,ParagonBrazilianJiuJitsuAustin
Mexico City International Open Jiu-Jitsu 2017,Adult/Male/Blue/Enum_WeightDivision_OpenClass_Label,2,AlejandroGavidiaQuintanilla,RenzoGracieMexico
Mexico City International Open Jiu-Jitsu 2017,Adult/Male/Blue/Enum_WeightDivision_OpenClass_Label,3,AlainLeonelConradoPalafox,BrasaCTA
Mexico City International Open Jiu-Jitsu 2017,Adult/Male/Blue/Enum_WeightDivision_OpenClass_Label,3,IvanHerrera,BaretSubmissions
Mexico City International Open Jiu-Jitsu 2017,Adult/Male/Purple/Light-Feather,1,VincentAlfredoMartinezRodriguez,BrasaCTA
Mexico City International Open Jiu-Jitsu 2017,Adult/Male/Purple/Light-Feather,2,JuanPabloCampillo,RenzoGracieMexico
Mexico City International Open Jiu-Jitsu 2017,Adult/Male/Purple/Light-Feather,3,AlexisGonzaloAguilar,BrasaCTA
Mexico City International Open Jiu-Jitsu 2017,Adult/Male/Purple/Light-Feather,3,PitCosenza,RenzoGracieMexico
Mexico City International Open Jiu-Jitsu 2017,Adult/Male/Purple/Feather,1,NathanCooper,AtosJiu,Jitsu
Mexico City International Open Jiu-Jitsu 2017,Adult/Male/Purple/Feather,2,JonathanZárateReyes,RobertoZapataTeam
Mexico City International Open Jiu-Jitsu 2017,Adult/Male/Purple/Feather,3,EduardodelaCruz,SalasJiu,Jitsu
Mexico City International Open Jiu-Jitsu 2017,Adult/Male/Purple/Feather,3,MarioLuisMonzon,RenzoGracieMexico
Mexico City International Open Jiu-Jitsu 2017,Adult/Male/Purple/Light,1,IrvinPeynado,Alliance
Mexico City International Open Jiu-Jitsu 2017,Adult/Male/Purple/Light,2,HectorValdez,SchonBJJ
Mexico City International Open Jiu-Jitsu 2017,Adult/Male/Purple/Light,3,gabrielbelden,BrasaCTA
Mexico City International Open Jiu-Jitsu 2017,Adult/Male/Purple/Light,3,RaffertyCamposArteaga,RenzoGracieMexico
Mexico City International Open Jiu-Jitsu 2017,Adult/Male/Purple/Middle,1,KieranBathgate,TopBrotherMexico
Mexico City International Open Jiu-Jitsu 2017,Adult/Male/Purple/Middle,2,ReneAlbertoBorquezFlores,BrasaCTA
Mexico City International Open Jiu-Jitsu 2017,Adult/Male/Purple/Middle,3,AldoNunez,Martinez,ElPasoJiu,Jitsu
Mexico City International Open Jiu-Jitsu 2017,Adult/Male/Purple/Middle,3,DiegoSolisMarrufo,BrasaCTA
Mexico City International Open Jiu-Jitsu 2017,Adult/Male/Purple/Medium-Heavy,1,AveryBrooks,OctagonMMA
Mexico City International Open Jiu-Jitsu 2017,Adult/Male/Purple/Medium-Heavy,2,DavidJesselBrionesRamos,RenzoGracieMexico
Mexico City International Open Jiu-Jitsu 2017,Adult/Male/Purple/Medium-Heavy,3,AlbertoDeJesúsPasosGonzález,BrasaCTA
Mexico City International Open Jiu-Jitsu 2017,Adult/Male/Purple/Medium-Heavy,3,MarcosLizarraga,BrasaCTA
Mexico City International Open Jiu-Jitsu 2017,Adult/Male/Purple/Heavy,1,JaimeArturoCuervoGòmez,RenzoGracieMexico
Mexico City International Open Jiu-Jitsu 2017,Adult/Male/Purple/Heavy,2,JoseEduardoGonzalezMoreno,TeamCarvalhoMexico
Mexico City International Open Jiu-Jitsu 2017,Adult/Male/Purple/Ultra-Heavy,1,MiguelGabrielHuertaArizpe,CiceroCosthaMexico
Mexico City International Open Jiu-Jitsu 2017,Adult/Male/Purple/Ultra-Heavy,2,AngelAntonioGarciaGil,BrasaCTA
Mexico City International Open Jiu-Jitsu 2017,Adult/Male/Purple/Ultra-Heavy,3,CarlosRodrigoDelgado,RenzoGracieMexico
Mexico City International Open Jiu-Jitsu 2017,Adult/Male/Purple/Enum_WeightDivision_OpenClass_Label,1,MarcosLizarraga,BrasaCTA
Mexico City International Open Jiu-Jitsu 2017,Adult/Male/Purple/Enum_WeightDivision_OpenClass_Label,2,ReneAlbertoBorquezFlores,BrasaCTA
Mexico City International Open Jiu-Jitsu 2017,Adult/Male/Purple/Enum_WeightDivision_OpenClass_Label,3,AldoNunez,Martinez,ElPasoJiu,Jitsu
Mexico City International Open Jiu-Jitsu 2017,Adult/Male/Purple/Enum_WeightDivision_OpenClass_Label,3,HectorValdez,SchonBJJ
Mexico City International Open Jiu-Jitsu 2017,Adult/Male/Brown/Feather,1,ZacharyCharlesNeminsky,AtosJiu,Jitsu
Mexico City International Open Jiu-Jitsu 2017,Adult/Male/Brown/Feather,2,PabloRogel,BrasaCTA
Mexico City International Open Jiu-Jitsu 2017,Adult/Male/Brown/Feather,3,OrlandoGuadalupeYehLópez,BrasaCTA
Mexico City International Open Jiu-Jitsu 2017,Adult/Male/Brown/Middle,1,DavidRodriguezGiron,MauroSergioBJJ
Mexico City International Open Jiu-Jitsu 2017,Adult/Male/Brown/Middle,2,LuisRodrigoResendizCaballero,SchonBJJ
Mexico City International Open Jiu-Jitsu 2017,Adult/Male/Brown/Middle,3,DanielNiñoDeRiveraGarcia,RenzoGracieMexico
Mexico City International Open Jiu-Jitsu 2017,Adult/Male/Brown/Medium-Heavy,1,EduardoMiguelGaytan,RenzoGracieMexico
Mexico City International Open Jiu-Jitsu 2017,Adult/Male/Brown/Medium-Heavy,2,SalvadorAlduncinBarragan,RenzoGracieMexico
Mexico City International Open Jiu-Jitsu 2017,Adult/Male/Brown/Heavy,1,DominiqueL.Bell,AtosJiu,Jitsu
Mexico City International Open Jiu-Jitsu 2017,Adult/Male/Brown/Heavy,2,NaderRiadTannir,CheckMatUSA
Mexico City International Open Jiu-Jitsu 2017,Adult/Male/Brown/Ultra-Heavy,1,RicardoJoaquinCastañedaMunoz,SchonBJJ
Mexico City International Open Jiu-Jitsu 2017,Adult/Male/Brown/Ultra-Heavy,2,GabrielNalondeAndrade,PhelippeLiraJiu,Jitsu
Mexico City International Open Jiu-Jitsu 2017,Adult/Male/Brown/Enum_WeightDivision_OpenClass_Label,1,DominiqueL.Bell,AtosJiu,Jitsu
Mexico City International Open Jiu-Jitsu 2017,Adult/Male/Brown/Enum_WeightDivision_OpenClass_Label,2,EduardoMiguelGaytan,RenzoGracieMexico
Mexico City International Open Jiu-Jitsu 2017,Adult/Male/Brown/Enum_WeightDivision_OpenClass_Label,3,DavidRodriguezGiron,MauroSergioBJJ
Mexico City International Open Jiu-Jitsu 2017,Adult/Male/Brown/Enum_WeightDivision_OpenClass_Label,3,NaderRiadTannir,CheckMatUSA
Mexico City International Open Jiu-Jitsu 2017,Adult/Male/Black/Light-Feather,1,AlexisAlduncinBarragan,RenzoGracieMexico
Mexico City International Open Jiu-Jitsu 2017,Adult/Male/Black/Light-Feather,2,LuisFelipeNinjadeMoraesPinto,LeonardoPeçanhaAssociation
Mexico City International Open Jiu-Jitsu 2017,Adult/Male/Black/Feather,1,EduardoYezeguiellianBotega,ZenithBJJ
Mexico City International Open Jiu-Jitsu 2017,Adult/Male/Black/Feather,2,GustavoErnestoCarpioCaceres,CheckMat
Mexico City International Open Jiu-Jitsu 2017,Adult/Male/Black/Feather,3,AlbertoSerranoGovea,RenzoGracieMexico
Mexico City International Open Jiu-Jitsu 2017,Adult/Male/Black/Feather,3,EduardoTadeoSalazarTapia,BrasaCTA
Mexico City International Open Jiu-Jitsu 2017,Adult/Male/Black/Light,1,GilsonNunesDeOliveiraNeto,CheckMatUSA
Mexico City International Open Jiu-Jitsu 2017,Adult/Male/Black/Light,2,JamesVinstonNival,GracieHumaitaLasVegas
Mexico City International Open Jiu-Jitsu 2017,Adult/Male/Black/Light,3,FranciscsoMatos,CheckMatUSA
Mexico City International Open Jiu-Jitsu 2017,Adult/Male/Black/Middle,1,IsaqueBahienseBraz,AllianceSP
Mexico City International Open Jiu-Jitsu 2017,Adult/Male/Black/Middle,2,SamuelSethSnow,AllianceAtlanta
Mexico City International Open Jiu-Jitsu 2017,Adult/Male/Black/Middle,3,BrunoAntonietta,GFTeamArgentina
Mexico City International Open Jiu-Jitsu 2017,Adult/Male/Black/Middle,3,RossDanielKeeping,GracieHumaitaLasVegas
Mexico City International Open Jiu-Jitsu 2017,Adult/Male/Black/Medium-Heavy,1,MagidHageIV,GracieBarra
Mexico City International Open Jiu-Jitsu 2017,Adult/Male/Black/Medium-Heavy,2,AndersonSouza,TopBrotherMexico
Mexico City International Open Jiu-Jitsu 2017,Adult/Male/Black/Medium-Heavy,3,EdmilsonFreitasdaSilvaJunior,MichelRibeiroJiu,Jitsu
Mexico City International Open Jiu-Jitsu 2017,Adult/Male/Black/Medium-Heavy,3,FranciscoJavierTorres,GracieHumaitaLasVegas
Mexico City International Open Jiu-Jitsu 2017,Adult/Male/Black/Heavy,1,SergioRaimundoRiosdaSilva,BrasaCTA
Mexico City International Open Jiu-Jitsu 2017,Adult/Male/Black/Heavy,2,CassioLisboadaCostaJunior,TopBrother
Mexico City International Open Jiu-Jitsu 2017,Adult/Male/Black/Heavy,3,AlejandroAntonioPerez,GuerrillaJiuJitsu
Mexico City International Open Jiu-Jitsu 2017,Adult/Male/Black/Heavy,3,RodrigoKim,RenzoGracieMexico
Mexico City International Open Jiu-Jitsu 2017,Adult/Male/Black/Super-Heavy,1,WallaceFernandoSantos,SoulFightersLasVegas
Mexico City International Open Jiu-Jitsu 2017,Adult/Male/Black/Ultra-Heavy,1,CarlosEduardodeAraujoFarias,BrasaCTA
Mexico City International Open Jiu-Jitsu 2017,Adult/Male/Black/Ultra-Heavy,2,ViniciusdeMagalhães,VinnyMagalhaesBJJ
Mexico City International Open Jiu-Jitsu 2017,Adult/Male/Black/Ultra-Heavy,3,JhonattanAmaralMessias,TTJiu,Jitsu
Mexico City International Open Jiu-Jitsu 2017,Adult/Male/Black/Enum_WeightDivision_OpenClass_Label,1,CarlosEduardodeAraujoFarias,BrasaCTA
Mexico City International Open Jiu-Jitsu 2017,Adult/Male/Black/Enum_WeightDivision_OpenClass_Label,2,MagidHageIV,GracieBarra
Mexico City International Open Jiu-Jitsu 2017,Adult/Male/Black/Enum_WeightDivision_OpenClass_Label,3,AlexisAlduncinBarragan,RenzoGracieMexico
Mexico City International Open Jiu-Jitsu 2017,Adult/Male/Black/Enum_WeightDivision_OpenClass_Label,3,CassioLisboadaCostaJunior,TopBrother
Mexico City International Open Jiu-Jitsu 2017,Adult/Female/White/Rooster,1,PaolaMorataya,RilionGracieJiu,JitsuAcademy
Mexico City International Open Jiu-Jitsu 2017,Adult/Female/White/Rooster,2,DeifiMarcelaPinedaDiaz,TopBrotherMexico
Mexico City International Open Jiu-Jitsu 2017,Adult/Female/White/Rooster,3,AnaPaulaVazquezAlvarado,RenzoGracieMexico
Mexico City International Open Jiu-Jitsu 2017,Adult/Female/White/Light-Feather,1,LilianLuciaBorja,LEADBJJ
Mexico City International Open Jiu-Jitsu 2017,Adult/Female/White/Light-Feather,2,NuryAlexisEscobarRuiz,TopBrotherMexico
Mexico City International Open Jiu-Jitsu 2017,Adult/Female/White/Feather,1,EdnaDeniseGonzalez,ConnectBJJ
Mexico City International Open Jiu-Jitsu 2017,Adult/Female/White/Feather,2,LuciaMiroslavaRojoMartínez,JovanyVarelaBJJInternational
Mexico City International Open Jiu-Jitsu 2017,Adult/Female/White/Feather,3,JazminGonzalezAraiza,RenzoGracieMexico
Mexico City International Open Jiu-Jitsu 2017,Adult/Female/White/Feather,3,MaríadelosÁngelesCuadrosMateos,RenzoGracieMexico
Mexico City International Open Jiu-Jitsu 2017,Adult/Female/White/Light,1,MelanieBauer,CoelhaoJiu,JitsuGermany
Mexico City International Open Jiu-Jitsu 2017,Adult/Female/White/Light,2,DuniaSiu,BrasaCTA
Mexico City International Open Jiu-Jitsu 2017,Adult/Female/White/Light,3,ArelyEstefaniaCardenas,LEADBJJ
Mexico City International Open Jiu-Jitsu 2017,Adult/Female/White/Light,3,YeseniaAbigailFuentesLópez,LEADBJJ
Mexico City International Open Jiu-Jitsu 2017,Adult/Female/White/Middle,1,ZuleikaZarahiselGarciaHiguera,SchonBJJ
Mexico City International Open Jiu-Jitsu 2017,Adult/Female/White/Middle,2,LauraGarcíaSantos,RenzoGracieMexico
Mexico City International Open Jiu-Jitsu 2017,Adult/Female/White/Middle,3,DianaLizabethVillarTello,LEADBJJ
Mexico City International Open Jiu-Jitsu 2017,Adult/Female/White/Medium-Heavy,1,CeciliaChapa,AllianceInternational
Mexico City International Open Jiu-Jitsu 2017,Adult/Female/White/Medium-Heavy,2,NataliaMingramm,ZentihBJJ,Greece
Mexico City International Open Jiu-Jitsu 2017,Adult/Female/White/Medium-Heavy,3,BrendaLorenaJimenezCruz,RenzoGracieMexico
Mexico City International Open Jiu-Jitsu 2017,Adult/Female/Blue/Light-Feather,1,PaolaGutierrezGonzalez,BrasaCTA
Mexico City International Open Jiu-Jitsu 2017,Adult/Female/Blue/Feather,1,AngelicaRodriguez,RenzoGracieMexico
Mexico City International Open Jiu-Jitsu 2017,Adult/Female/Blue/Feather,2,NataliaIsabelHuertaCanales,AllianceInternational
Mexico City International Open Jiu-Jitsu 2017,Adult/Female/Blue/Feather,3,PriscillaBrenes,MauroSergioBJJ
Mexico City International Open Jiu-Jitsu 2017,Adult/Female/Blue/Feather,3,SamanthaMarielAndracaCervantes,RobertoZapataTeam
Mexico City International Open Jiu-Jitsu 2017,Adult/Female/Blue/Light,1,ErikaDawnAeschliman,LegacyJiu,Jitsu,TeamAlbertoCrane
Mexico City International Open Jiu-Jitsu 2017,Adult/Female/Blue/Light,2,TzasnaCarrascoMartinez,SamuraiFightCenter
Mexico City International Open Jiu-Jitsu 2017,Adult/Female/Blue/Light,3,AndreaLugoDíaz,BrasaCTA
Mexico City International Open Jiu-Jitsu 2017,Adult/Female/Blue/Light,3,LeticiaPreciado,BrasaCTA
Mexico City International Open Jiu-Jitsu 2017,Adult/Female/Blue/Medium-Heavy,1,StephaniaGomez,TheBlack,HWD
Mexico City International Open Jiu-Jitsu 2017,Adult/Female/Blue/Medium-Heavy,2,CitlaliAbigailMendoza,RenzoGracieMexico
Mexico City International Open Jiu-Jitsu 2017,Adult/Female/Blue/Enum_WeightDivision_OpenClass_Label,1,TzasnaCarrascoMartinez,SamuraiFightCenter
Mexico City International Open Jiu-Jitsu 2017,Adult/Female/Blue/Enum_WeightDivision_OpenClass_Label,2,PaolaGutierrezGonzalez,BrasaCTA
Mexico City International Open Jiu-Jitsu 2017,Adult/Female/Blue/Enum_WeightDivision_OpenClass_Label,3,NataliaIsabelHuertaCanales,AllianceInternational
Mexico City International Open Jiu-Jitsu 2017,Adult/Female/Blue/Enum_WeightDivision_OpenClass_Label,3,PriscillaBrenes,MauroSergioBJJ
Mexico City International Open Jiu-Jitsu 2017,Adult/Female/Purple/Light-Feather,1,GiselaAlejandraBarbaRodriguez,RenzoGracieMexico
Mexico City International Open Jiu-Jitsu 2017,Adult/Female/Purple/Light-Feather,2,LaddyEdcilMejiaCruz,ConnectBJJPeru
Mexico City International Open Jiu-Jitsu 2017,Adult/Female/Brown/Light,1,PaolaBelmonteCoello,RenzoGracieMexico
Mexico City International Open Jiu-Jitsu 2017,Adult/Female/Brown/Light,2,MarisolMirandaCasiano,RenzoGracieMexico
Mexico City International Open Jiu-Jitsu 2017,Adult/Female/Brown/Middle,1,VeronicaEugeniaMota,BJJRevolutionTeam
Mexico City International Open Jiu-Jitsu 2017,Adult/Female/Brown/Enum_WeightDivision_OpenClass_Label,1,VeronicaEugeniaMota,BJJRevolutionTeam
Mexico City International Open Jiu-Jitsu 2017,Adult/Female/Brown/Enum_WeightDivision_OpenClass_Label,2,MarisolMirandaCasiano,RenzoGracieMexico
Mexico City International Open Jiu-Jitsu 2017,Adult/Female/Brown/Enum_WeightDivision_OpenClass_Label,3,PaolaBelmonteCoello,RenzoGracieMexico
Mexico City International Open Jiu-Jitsu 2017,Master1/Male/White/Rooster,1,YassineLougla,SchonBJJ
Mexico City International Open Jiu-Jitsu 2017,Master1/Male/White/Light-Feather,1,CarlosDiegoBautistaSevilla,RenzoGracieMexico
Mexico City International Open Jiu-Jitsu 2017,Master1/Male/White/Light-Feather,2,ArthurAndreAmpen,SchonBJJ
Mexico City International Open Jiu-Jitsu 2017,Master1/Male/White/Feather,1,GastonPerezNaranjo,BrasaCTA
Mexico City International Open Jiu-Jitsu 2017,Master1/Male/White/Feather,2,IvanVelezLeal,SchonBJJ
Mexico City International Open Jiu-Jitsu 2017,Master1/Male/White/Feather,3,AlejandroZatarain,NSBrotherhoodInternational
Mexico City International Open Jiu-Jitsu 2017,Master1/Male/White/Medium-Heavy,1,MarioAlbertoSánchez,TeamCarvalhoMexico
Mexico City International Open Jiu-Jitsu 2017,Master1/Male/White/Medium-Heavy,2,GabrielErnestoDuarteGonzalez,LEADBJJ
Mexico City International Open Jiu-Jitsu 2017,Master1/Male/White/Medium-Heavy,3,AlejandroFlores,CheckMatWorld
Mexico City International Open Jiu-Jitsu 2017,Master1/Male/White/Medium-Heavy,3,RobertoCarlosBeltranCespedes,RenzoGracieMexico
Mexico City International Open Jiu-Jitsu 2017,Master1/Male/White/Super-Heavy,1,IsraelVSanchez,ClarkGracieTeamInternational
Mexico City International Open Jiu-Jitsu 2017,Master1/Male/White/Super-Heavy,2,TomásAlanDavó,RenzoGracieMexico
Mexico City International Open Jiu-Jitsu 2017,Master1/Male/White/Super-Heavy,3,AaronSenaRodriguez,LEADBJJ
Mexico City International Open Jiu-Jitsu 2017,Master1/Male/White/Super-Heavy,3,JoaquinMendozaTreviño,BrasaCTA
Mexico City International Open Jiu-Jitsu 2017,Master1/Male/White/Ultra-Heavy,1,AlfredoMedinaGarcía,RenzoGracieMexico
Mexico City International Open Jiu-Jitsu 2017,Master1/Male/White/Ultra-Heavy,2,VictorGuillermoRodriguezSosa,LEADBJJ
Mexico City International Open Jiu-Jitsu 2017,Master1/Male/White/Ultra-Heavy,3,GabrielAngelLeyva,ConnectBJJ
Mexico City International Open Jiu-Jitsu 2017,Master1/Male/Blue/Light-Feather,1,JoseFranciscoTobíasCruz,RilionGracie
Mexico City International Open Jiu-Jitsu 2017,Master1/Male/Blue/Light-Feather,2,MarcoAlaTorreLopez,BrasaCTA
Mexico City International Open Jiu-Jitsu 2017,Master1/Male/Blue/Light-Feather,3,JoaquinAlbertoSanchez,RenzoGracieMexico
Mexico City International Open Jiu-Jitsu 2017,Master1/Male/Blue/Light-Feather,3,MarcoErikCarreon,RenzoGracieMexico
Mexico City International Open Jiu-Jitsu 2017,Master1/Male/Blue/Feather,1,EnriqueVera,BrasaCTA
Mexico City International Open Jiu-Jitsu 2017,Master1/Male/Blue/Feather,2,WilliamAristidesGarayGutierrez,TopBrotherMexico
Mexico City International Open Jiu-Jitsu 2017,Master1/Male/Blue/Feather,3,AnastasioVazquez,Alliance
Mexico City International Open Jiu-Jitsu 2017,Master1/Male/Blue/Feather,3,WilliamHernandez,BrasaCTA
Mexico City International Open Jiu-Jitsu 2017,Master1/Male/Blue/Light,1,IsraelCruzLopez,BrasaCTA
Mexico City International Open Jiu-Jitsu 2017,Master1/Male/Blue/Light,2,SaulMartinezHernndez,LEADBJJ
Mexico City International Open Jiu-Jitsu 2017,Master1/Male/Blue/Light,3,AdrianCervantesCastañeda,RenzoGracieMexico
Mexico City International Open Jiu-Jitsu 2017,Master1/Male/Blue/Light,3,OmarFranciscoVergara,NSBrotherhoodInternational
Mexico City International Open Jiu-Jitsu 2017,Master1/Male/Blue/Middle,1,BlasDanielRodriguezLopez,LEADBJJ
Mexico City International Open Jiu-Jitsu 2017,Master1/Male/Blue/Middle,2,AbelAcevedoMendoza,FabioSantosBJJ
Mexico City International Open Jiu-Jitsu 2017,Master1/Male/Blue/Medium-Heavy,1,SalvadorCarlosCantu,LEADBJJ
Mexico City International Open Jiu-Jitsu 2017,Master1/Male/Blue/Medium-Heavy,2,MarcusZierke,GFTeamBerlin
Mexico City International Open Jiu-Jitsu 2017,Master1/Male/Blue/Medium-Heavy,3,OscarBarrientos,RenzoGracieMexico
Mexico City International Open Jiu-Jitsu 2017,Master1/Male/Blue/Heavy,1,GabrielToy,NovaUniãoInternational
Mexico City International Open Jiu-Jitsu 2017,Master1/Male/Blue/Super-Heavy,1,RodrigoRodriguesCalheiros,CheckMat
Mexico City International Open Jiu-Jitsu 2017,Master1/Male/Blue/Ultra-Heavy,1,CristopherPlascencia,FabioSantosBJJ
Mexico City International Open Jiu-Jitsu 2017,Master1/Male/Blue/Ultra-Heavy,2,AlejandroAlvarezDiazTorre,BrasaCTA
Mexico City International Open Jiu-Jitsu 2017,Master1/Male/Blue/Ultra-Heavy,3,RaulCarreonFlores,LEADBJJ
Mexico City International Open Jiu-Jitsu 2017,Master1/Male/Blue/Enum_WeightDivision_OpenClass_Label,1,CristopherPlascencia,FabioSantosBJJ
Mexico City International Open Jiu-Jitsu 2017,Master1/Male/Blue/Enum_WeightDivision_OpenClass_Label,2,GabrielToy,NovaUniãoInternational
Mexico City International Open Jiu-Jitsu 2017,Master1/Male/Blue/Enum_WeightDivision_OpenClass_Label,3,IsraelCruzLopez,BrasaCTA
Mexico City International Open Jiu-Jitsu 2017,Master1/Male/Blue/Enum_WeightDivision_OpenClass_Label,3,WilliamAristidesGarayGutierrez,TopBrotherMexico
Mexico City International Open Jiu-Jitsu 2017,Master1/Male/Purple/Light,1,NicolasProa,AllianceInternational
Mexico City International Open Jiu-Jitsu 2017,Master1/Male/Purple/Light,2,EduardoJavierMayaGutierrez,SchonBJJ
Mexico City International Open Jiu-Jitsu 2017,Master1/Male/Purple/Light,3,ArturoIsraelJuarez,RenzoGracieMexico
Mexico City International Open Jiu-Jitsu 2017,Master1/Male/Purple/Light,3,LuisEnriqueAcuña,RenzoGracieMexico
Mexico City International Open Jiu-Jitsu 2017,Master1/Male/Purple/Middle,1,EdgarOnyeagu,BrazilianTopTeamTX
Mexico City International Open Jiu-Jitsu 2017,Master1/Male/Purple/Middle,2,CésarRodríguezHuerta,SchonBJJ
Mexico City International Open Jiu-Jitsu 2017,Master1/Male/Purple/Middle,3,AdanEdgarGuajardoAlvarez,LEADBJJ
Mexico City International Open Jiu-Jitsu 2017,Master1/Male/Purple/Medium-Heavy,1,Jorgerodriguez,PabloSilvaBJJ,ZRTeam
Mexico City International Open Jiu-Jitsu 2017,Master1/Male/Purple/Medium-Heavy,2,FranciscoXavierRuizGalvan,BrasaCTA
Mexico City International Open Jiu-Jitsu 2017,Master1/Male/Purple/Medium-Heavy,3,CesarBorrayo,AtosJiu,Jitsu
Mexico City International Open Jiu-Jitsu 2017,Master1/Male/Purple/Medium-Heavy,3,JoséGabrielLópezRamírez,RenzoGracieMexico
Mexico City International Open Jiu-Jitsu 2017,Master1/Male/Purple/Heavy,1,ScottMichaelMiller,YamaneChampionshipMMA/TeamBraga
Mexico City International Open Jiu-Jitsu 2017,Master1/Male/Purple/Ultra-Heavy,1,MauroMatai,LEADBJJ
Mexico City International Open Jiu-Jitsu 2017,Master1/Male/Purple/Enum_WeightDivision_OpenClass_Label,1,ScottMichaelMiller,YamaneChampionshipMMA/TeamBraga
Mexico City International Open Jiu-Jitsu 2017,Master1/Male/Purple/Enum_WeightDivision_OpenClass_Label,2,MauroMatai,LEADBJJ
Mexico City International Open Jiu-Jitsu 2017,Master1/Male/Brown/Light,1,JulioAndresFernandezChapa,AllianceInternational
Mexico City International Open Jiu-Jitsu 2017,Master1/Male/Brown/Light,2,OmarAlfonsoColin,GracieBarra
Mexico City International Open Jiu-Jitsu 2017,Master1/Male/Brown/Medium-Heavy,1,ChristianE.MartinezCasas,AtosJiu,Jitsu
Mexico City International Open Jiu-Jitsu 2017,Master1/Male/Brown/Medium-Heavy,2,AndresBernalVega,RenzoGracieMexico
Mexico City International Open Jiu-Jitsu 2017,Master1/Male/Brown/Enum_WeightDivision_OpenClass_Label,1,OmarAlfonsoColin,GracieBarra
Mexico City International Open Jiu-Jitsu 2017,Master1/Male/Black/Middle,1,RubenHernandez,SoulFightersTexas
Mexico City International Open Jiu-Jitsu 2017,Master1/Male/Black/Middle,2,AngelGomezRocha,TopBrotherMexico
Mexico City International Open Jiu-Jitsu 2017,Master1/Male/Black/Middle,3,SalvadorGibranAlvarezSosa,GracieBarra
Mexico City International Open Jiu-Jitsu 2017,Master1/Female/Blue/Light-Feather,1,VeronicaMorales,RenzoGracieMexico
Mexico City International Open Jiu-Jitsu 2017,Master1/Female/Blue/Light-Feather,2,CarmenCarsi,AllianceInternational
Mexico City International Open Jiu-Jitsu 2017,Master1/Female/Blue/Middle,1,RachelWise,MXTFightAcademy,Canada
Mexico City International Open Jiu-Jitsu 2017,Master1/Female/Blue/Middle,2,RebecaMartinez,RenzoGracieMexico
Mexico City International Open Jiu-Jitsu 2017,Master1/Female/Blue/Medium-Heavy,1,SujellEmelinaCamachoVillanueva,TopBrotherMexico
Mexico City International Open Jiu-Jitsu 2017,Master1/Female/Blue/Super-Heavy,1,MeganElizabethLam,YamaneChampionshipMMA/TeamBraga
Mexico City International Open Jiu-Jitsu 2017,Master1/Female/Blue/Enum_WeightDivision_OpenClass_Label,1,RachelWise,MXTFightAcademy,Canada
Mexico City International Open Jiu-Jitsu 2017,Master1/Female/Blue/Enum_WeightDivision_OpenClass_Label,2,SujellEmelinaCamachoVillanueva,TopBrotherMexico
Mexico City International Open Jiu-Jitsu 2017,Master1/Female/Blue/Enum_WeightDivision_OpenClass_Label,3,CarmenCarsi,AllianceInternational
Mexico City International Open Jiu-Jitsu 2017,Master2/Male/White/Feather,1,BorisIvanCastillejosSanchez,NSBrotherhoodInternational
Mexico City International Open Jiu-Jitsu 2017,Master2/Male/White/Feather,2,AbrahamTrigueros,RenzoGracieMexico
Mexico City International Open Jiu-Jitsu 2017,Master2/Male/White/Light,1,AlbericoEnricoPeyron,RenzoGracieMexico
Mexico City International Open Jiu-Jitsu 2017,Master2/Male/White/Light,2,AlejandroVillavicencio,RenzoGracieMexico
Mexico City International Open Jiu-Jitsu 2017,Master2/Male/White/Light,3,JoseLuisPrieto,RenzoGracieJJ
Mexico City International Open Jiu-Jitsu 2017,Master2/Male/White/Medium-Heavy,1,HumbertoBorunda,RenzoGracieJJ
Mexico City International Open Jiu-Jitsu 2017,Master2/Male/White/Medium-Heavy,2,BadhyAlbertoCobosSleme,BrasaCTA
Mexico City International Open Jiu-Jitsu 2017,Master2/Male/White/Medium-Heavy,3,ChristianAngelKarinMartellMonroy,TopBrotherMexico
Mexico City International Open Jiu-Jitsu 2017,Master2/Male/White/Medium-Heavy,3,JuanFranciscoAbrego,AllianceInternational
Mexico City International Open Jiu-Jitsu 2017,Master2/Male/White/Heavy,1,FernandoNavarroPozos,RenzoGracieMexico
Mexico City International Open Jiu-Jitsu 2017,Master2/Male/White/Heavy,2,AlvaroLimon,ClarkGracieTeamInternational
Mexico City International Open Jiu-Jitsu 2017,Master2/Male/White/Heavy,3,ChristianVazquez,FabioSantosBJJ
Mexico City International Open Jiu-Jitsu 2017,Master2/Male/White/Super-Heavy,1,EdsonAntonioDeLeónRodriguez,LEADBJJ
Mexico City International Open Jiu-Jitsu 2017,Master2/Male/White/Super-Heavy,2,EfrenHuerta,BrasaCTA
Mexico City International Open Jiu-Jitsu 2017,Master2/Male/White/Super-Heavy,3,GermanObaya,NSBrotherhoodInternational
Mexico City International Open Jiu-Jitsu 2017,Master2/Male/White/Ultra-Heavy,1,JuandeJesusGabrielVazquezCastillo,CheckMatInternational
Mexico City International Open Jiu-Jitsu 2017,Master2/Male/White/Ultra-Heavy,2,EfrainGuerraFlores,CheckMatInternational
Mexico City International Open Jiu-Jitsu 2017,Master2/Male/Blue/Light,1,GustavoSaidMonterrosasRovirosa,SchonBJJ
Mexico City International Open Jiu-Jitsu 2017,Master2/Male/Blue/Light,2,ArturoComparanSanchez,BrasaCTA
Mexico City International Open Jiu-Jitsu 2017,Master2/Male/Blue/Light,3,JoseGonzalez,RilionGracieJiu,JitsuAcademy
Mexico City International Open Jiu-Jitsu 2017,Master2/Male/Blue/Middle,1,CristhianSteveSoberanisToledo,CheckMat,Equipe1
Mexico City International Open Jiu-Jitsu 2017,Master2/Male/Blue/Middle,2,JoseHipolitoPedreroSegura,TopBrotherMexico
Mexico City International Open Jiu-Jitsu 2017,Master2/Male/Blue/Medium-Heavy,1,AdrianErickDavo,BJJGlobetrotters
Mexico City International Open Jiu-Jitsu 2017,Master2/Male/Blue/Medium-Heavy,2,StevenArchie,FoundryBJJ
Mexico City International Open Jiu-Jitsu 2017,Master2/Male/Blue/Heavy,1,MiguelRosalioDeLaOGonzalez,RenzoGracieMexico
Mexico City International Open Jiu-Jitsu 2017,Master2/Male/Blue/Heavy,2,UzielOsorioPlascencia,RenzoGracieMexico
Mexico City International Open Jiu-Jitsu 2017,Master2/Male/Blue/Heavy,3,JoseDeJesusCeseña,NSBrotherhoodInternational
Mexico City International Open Jiu-Jitsu 2017,Master2/Male/Blue/Ultra-Heavy,1,VictorHugoTrapala,LEADBJJ
Mexico City International Open Jiu-Jitsu 2017,Master2/Male/Blue/Ultra-Heavy,2,MichaelPatrickClark,RibeiroJiu,Jitsu
Mexico City International Open Jiu-Jitsu 2017,Master2/Male/Blue/Ultra-Heavy,3,GerardoChavezElizondo,BrasaCTA
Mexico City International Open Jiu-Jitsu 2017,Master2/Male/Blue/Enum_WeightDivision_OpenClass_Label,1,ArturoComparanSanchez,BrasaCTA
Mexico City International Open Jiu-Jitsu 2017,Master2/Male/Blue/Enum_WeightDivision_OpenClass_Label,2,CristhianSteveSoberanisToledo,CheckMat,Equipe1
Mexico City International Open Jiu-Jitsu 2017,Master2/Male/Blue/Enum_WeightDivision_OpenClass_Label,3,MiguelRosalioDeLaOGonzalez,RenzoGracieMexico
Mexico City International Open Jiu-Jitsu 2017,Master2/Male/Blue/Enum_WeightDivision_OpenClass_Label,3,UzielOsorioPlascencia,RenzoGracieMexico
Mexico City International Open Jiu-Jitsu 2017,Master2/Male/Purple/Light,1,DerrickD.Mullins,CheckMatUSA
Mexico City International Open Jiu-Jitsu 2017,Master2/Male/Purple/Light,2,IvanRodriguezGutierrez,SchonBJJ
Mexico City International Open Jiu-Jitsu 2017,Master2/Male/Purple/Middle,1,MarcoVirgilioVenegasDeLaCerda,TopBrotherMexico
Mexico City International Open Jiu-Jitsu 2017,Master2/Male/Purple/Middle,2,MichaelSotelo,FightSports
Mexico City International Open Jiu-Jitsu 2017,Master2/Male/Purple/Middle,3,JimmyMelendez,LEADBJJ
Mexico City International Open Jiu-Jitsu 2017,Master2/Male/Purple/Middle,3,OrlandoRodriguez,AllianceAtlanta
Mexico City International Open Jiu-Jitsu 2017,Master2/Male/Purple/Medium-Heavy,1,FrankieCovarrubia,BrazilianTopTeamTX
Mexico City International Open Jiu-Jitsu 2017,Master2/Male/Purple/Medium-Heavy,2,MarcoAntonioAlcalaBermudez,RibeiroJiu,Jitsu
Mexico City International Open Jiu-Jitsu 2017,Master2/Male/Purple/Medium-Heavy,3,AlejandroLuque,AllianceInternational
Mexico City International Open Jiu-Jitsu 2017,Master2/Male/Purple/Medium-Heavy,3,JuanTorres,BrazilianTopTeam
Mexico City International Open Jiu-Jitsu 2017,Master2/Male/Purple/Heavy,1,CesarAlexenicer,GordoJiu,Jitsu,International
Mexico City International Open Jiu-Jitsu 2017,Master2/Male/Purple/Super-Heavy,1,JacintoOmarKadourRodriguez,DetroitJiu,JitsuAcademy
Mexico City International Open Jiu-Jitsu 2017,Master2/Male/Purple/Enum_WeightDivision_OpenClass_Label,1,MichaelSotelo,FightSports
Mexico City International Open Jiu-Jitsu 2017,Master2/Male/Purple/Enum_WeightDivision_OpenClass_Label,2,DerrickD.Mullins,CheckMatUSA
Mexico City International Open Jiu-Jitsu 2017,Master2/Male/Purple/Enum_WeightDivision_OpenClass_Label,3,AlejandroLuque,AllianceInternational
Mexico City International Open Jiu-Jitsu 2017,Master2/Male/Purple/Enum_WeightDivision_OpenClass_Label,3,JacintoOmarKadourRodriguez,DetroitJiu,JitsuAcademy
Mexico City International Open Jiu-Jitsu 2017,Master2/Male/Brown/Middle,1,AlvaroFernandez,RenzoGracieMexico
Mexico City International Open Jiu-Jitsu 2017,Master2/Male/Brown/Middle,2,EmilioGomezZambrano,TopBrotherMexico
Mexico City International Open Jiu-Jitsu 2017,Master2/Male/Brown/Heavy,1,JesusRicardoLopezGarcia,ClarkGracieJiuJitsuAcademy
Mexico City International Open Jiu-Jitsu 2017,Master2/Male/Brown/Enum_WeightDivision_OpenClass_Label,1,EmilioGomezZambrano,TopBrotherMexico
Mexico City International Open Jiu-Jitsu 2017,Master2/Male/Brown/Enum_WeightDivision_OpenClass_Label,2,AlvaroFernandez,RenzoGracieMexico
Mexico City International Open Jiu-Jitsu 2017,Master2/Male/Black/Medium-Heavy,1,JeffreySMessina,BJJRevolutionTeam
Mexico City International Open Jiu-Jitsu 2017,Master2/Male/Black/Medium-Heavy,2,ChristopheDeferme,BrasaCTA
Mexico City International Open Jiu-Jitsu 2017,Master2/Male/Black/Heavy,1,EdwardAnthony,BJJRevolutionTeam
Mexico City International Open Jiu-Jitsu 2017,Master2/Male/Black/Enum_WeightDivision_OpenClass_Label,1,JeffreySMessina,BJJRevolutionTeam
Mexico City International Open Jiu-Jitsu 2017,Master2/Male/Black/Enum_WeightDivision_OpenClass_Label,2,EdwardAnthony,BJJRevolutionTeam
Mexico City International Open Jiu-Jitsu 2017,Master2/Male/Black/Enum_WeightDivision_OpenClass_Label,3,ChristopheDeferme,BrasaCTA
Mexico City International Open Jiu-Jitsu 2017,Master3/Male/Blue/Light,1,JorgeRuelasFernandez,RobertoZapataTeam
Mexico City International Open Jiu-Jitsu 2017,Master3/Male/Blue/Light,2,CésarOswaldoGómezGuzman,LEADBJJ
Mexico City International Open Jiu-Jitsu 2017,Master3/Male/Blue/Middle,1,AdolfoMorales,RenzoGracieMexico
Mexico City International Open Jiu-Jitsu 2017,Master3/Male/Blue/Super-Heavy,1,CarlosEnriqueGarza,CheckMatWorld
Mexico City International Open Jiu-Jitsu 2017,Master3/Male/Blue/Super-Heavy,2,Jean,FrancoisS.BessieresMejicanos,RilionGraciePanama
Mexico City International Open Jiu-Jitsu 2017,Master3/Male/Blue/Enum_WeightDivision_OpenClass_Label,1,CarlosEnriqueGarza,CheckMatWorld
Mexico City International Open Jiu-Jitsu 2017,Master3/Male/Blue/Enum_WeightDivision_OpenClass_Label,2,AdolfoMorales,RenzoGracieMexico
Mexico City International Open Jiu-Jitsu 2017,Master3/Male/Purple/Heavy,1,DavidRussell,RibeiroJiu,Jitsu
Mexico City International Open Jiu-Jitsu 2017,Master3/Male/Purple/Heavy,2,CesarSosa,RenzoGracieMexico
Mexico City International Open Jiu-Jitsu 2017,Master3/Male/Purple/Heavy,3,OSCARCARBONELL,RenzoGracieMexico
Mexico City International Open Jiu-Jitsu 2017,Master3/Male/Purple/Enum_WeightDivision_OpenClass_Label,1,DavidRussell,RibeiroJiu,Jitsu
Mexico City International Open Jiu-Jitsu 2017,Master3/Male/Brown/Light,1,GerardoMayoralFlores,RenzoGracieMexico
Mexico City International Open Jiu-Jitsu 2017,Master4/Male/Blue/Medium-Heavy,1,JesúsMauricioAlcantara,IconBJJ
Mexico City International Open Jiu-Jitsu 2017,Master4/Male/Blue/Enum_WeightDivision_OpenClass_Label,1,JesúsMauricioAlcantara,IconBJJ
Mexico City International Open Jiu-Jitsu 2017,Master4/Male/Brown/Medium-Heavy,1,JorgeArturoEsparzaIturbide,RenzoGracieMexico
Mexico City International Open Jiu-Jitsu 2017,Master4/Male/Brown/Heavy,1,JorgeGutierrez,BrasaCTA
Mexico City International Open Jiu-Jitsu 2017,Master5/Male/Blue/Feather,1,JoséJesusAlcala,RibeiroJiu,Jitsu
Mexico City International Open Jiu-Jitsu 2017,Juvenile/Male/White/Feather,1,IrvinAdrianCuevas,RenzoGracieMexico
Mexico City International Open Jiu-Jitsu 2017,Juvenile/Male/White/Feather,2,DiegoHernándezPérez,BrasaCTA
Mexico City International Open Jiu-Jitsu 2017,Juvenile/Male/White/Feather,3,JoelFelix,BrasaCTA
Mexico City International Open Jiu-Jitsu 2017,Juvenile/Male/White/Light,1,JacoboMendozaMuciño,SchonBJJ
Mexico City International Open Jiu-Jitsu 2017,Juvenile/Male/Blue/Feather,1,JosedeJesusMagañaCornelio,CiceroCosthaMexico
Mexico City International Open Jiu-Jitsu 2017,Juvenile/Male/Blue/Light,1,MoisesI.Ledezma,ClarkGracieJiuJitsuAcademy
Mexico City International Open Jiu-Jitsu 2017,Juvenile/Male/Blue/Light,2,BrandonShaitHernandezMendez,CiceroCosthaMexico
Mexico City International Open Jiu-Jitsu 2017,Juvenile/Male/Blue/Middle,1,AngelIsaacVillegas,RenzoGracieMexico
Mexico City International Open Jiu-Jitsu 2017,Juvenile/Male/Blue/Enum_WeightDivision_OpenClass_Label,1,MoisesI.Ledezma,ClarkGracieJiuJitsuAcademy
Mexico City International Open Jiu-Jitsu 2017,Juvenile/Male/Blue/Enum_WeightDivision_OpenClass_Label,2,JosedeJesusMagañaCornelio,CiceroCosthaMexico
Mexico City International Open Jiu-Jitsu 2017,Juvenile/Male/Blue/Enum_WeightDivision_OpenClass_Label,3,BrandonShaitHernandezMendez,CiceroCosthaMexico
Mexico City International Open Jiu-Jitsu 2017,Juvenile/Female/White/Heavy,1,XcaretGalaJuarezGodoy,FabioSantosBJJ
Mexico City International Open Jiu-Jitsu 2017,Juvenile/Female/White/Heavy,2,KarlaReeneSanchezArriaga,SchonBJJ
