American National No-GI Jiu-Jitsu Championship 2015,Juvenile/Male/Blue/Light-Feather,1,LiamRandallThorenMoss,AtosJiu,Jitsu
American National No-GI Jiu-Jitsu Championship 2015,Juvenile/Male/Blue/Light-Feather,2,AndrewK.Chesmore,InfiniteJiuJitsu
American National No-GI Jiu-Jitsu Championship 2015,Juvenile/Male/Blue/Light-Feather,3,AustinKylePascualVillanueva,CaveirinhaJiu,JitsuFamilyUSA
American National No-GI Jiu-Jitsu Championship 2015,Juvenile/Male/Blue/Light-Feather,3,BraydenF.Same,FredsonPaixaoBJJLasVegas
American National No-GI Jiu-Jitsu Championship 2015,Juvenile/Male/Blue/Feather,1,DemianBalderramaGomez,AtosJiu,Jitsu
American National No-GI Jiu-Jitsu Championship 2015,Juvenile/Male/Blue/Feather,2,RyanMichaelDoolan,GracieEliteTeamAmerica
American National No-GI Jiu-Jitsu Championship 2015,Juvenile/Male/Blue/Light,1,JoaoVitorSilvaRibeiro,AmericanTopTeam
American National No-GI Jiu-Jitsu Championship 2015,Juvenile/Male/Blue/Light,2,DavidPaulFaheyJr.,RodrigoPinheiro
American National No-GI Jiu-Jitsu Championship 2015,Juvenile/Male/Blue/Light,3,DarrylR.Lebus,TeamTookeMixedMartialArts
American National No-GI Jiu-Jitsu Championship 2015,Juvenile/Male/Blue/Light,3,MatheusTeixeiraQueiroz,CarlsonGracieTeam
American National No-GI Jiu-Jitsu Championship 2015,Juvenile/Male/Blue/Medium-Heavy,1,FelipePortoSchiavon,AtosJiu,Jitsu
American National No-GI Jiu-Jitsu Championship 2015,Juvenile/Male/Blue/Medium-Heavy,2,EdelgarFengMacreYanguez,GracieBarra
American National No-GI Jiu-Jitsu Championship 2015,Juvenile/Male/Blue/Medium-Heavy,3,CacheMichaelHaggard,LovatoJiu,Jitsu
American National No-GI Jiu-Jitsu Championship 2015,Juvenile/Male/Blue/Super-Heavy,1,MustafaTobah,AtosJiu,Jitsu
American National No-GI Jiu-Jitsu Championship 2015,Juvenile/Female/Blue/Feather,1,ChristinaZynko,FightSports
American National No-GI Jiu-Jitsu Championship 2015,Juvenile/Female/Blue/Feather,2,AutumnMarieGordon,SASTeamUSA
American National No-GI Jiu-Jitsu Championship 2015,Juvenile/Female/Blue/Light,1,MikaelaBrennaCarpenter,MaracabaBJJ
American National No-GI Jiu-Jitsu Championship 2015,Juvenile/Female/Blue/Light,2,SophiaMarieFlores,AtosJiu,Jitsu
American National No-GI Jiu-Jitsu Championship 2015,Juvenile/Female/Blue/Super-Heavy,1,MadelynnR.DelRio,Fernandez,BrunoBastosAssociation
American National No-GI Jiu-Jitsu Championship 2015,Juvenile/Female/Blue/Super-Heavy,2,ColleenMarieMerullo,RibeiroJiu,Jitsu
American National No-GI Jiu-Jitsu Championship 2015,Adult/Male/Blue/Rooster,1,BrandanAnthonyOlivas,RelsonGracie
American National No-GI Jiu-Jitsu Championship 2015,Adult/Male/Blue/Rooster,2,AronPeach,EastonBJJ
American National No-GI Jiu-Jitsu Championship 2015,Adult/Male/Blue/Rooster,3,DavidNoelFogarty,RibeiroJiu,JitsuInternational
American National No-GI Jiu-Jitsu Championship 2015,Adult/Male/Blue/Light-Feather,1,KennedyLeonardoMaciel,AllianceLosAngeles
American National No-GI Jiu-Jitsu Championship 2015,Adult/Male/Blue/Light-Feather,2,MichaelSachs,Brazil021International
American National No-GI Jiu-Jitsu Championship 2015,Adult/Male/Blue/Light-Feather,3,BrandonAdriano,SandroBatataBrazilianJiu,jitsu
American National No-GI Jiu-Jitsu Championship 2015,Adult/Male/Blue/Light-Feather,3,CRAIGLEONG,CarlsonGracieTeam
American National No-GI Jiu-Jitsu Championship 2015,Adult/Male/Blue/Feather,1,DavidAugustineFraser,GracieBarra
American National No-GI Jiu-Jitsu Championship 2015,Adult/Male/Blue/Feather,2,RickZelada,Alliance
American National No-GI Jiu-Jitsu Championship 2015,Adult/Male/Blue/Feather,3,EmmanuelOrtiz,GracieBarra
American National No-GI Jiu-Jitsu Championship 2015,Adult/Male/Blue/Feather,3,NathanCooper,GracieBarraJJ
American National No-GI Jiu-Jitsu Championship 2015,Adult/Male/Blue/Light,1,fernandoamado,AtosJiu,Jitsu
American National No-GI Jiu-Jitsu Championship 2015,Adult/Male/Blue/Light,2,SaidDunkaev,AtosJiu,Jitsu
American National No-GI Jiu-Jitsu Championship 2015,Adult/Male/Blue/Light,3,MIGUELMARTINEZ,RenatoTavaresAssociation
American National No-GI Jiu-Jitsu Championship 2015,Adult/Male/Blue/Light,3,ZacharyPye,ZenithBJJ
American National No-GI Jiu-Jitsu Championship 2015,Adult/Male/Blue/Middle,1,KyleCox,AllianceLosAngeles
American National No-GI Jiu-Jitsu Championship 2015,Adult/Male/Blue/Middle,2,TrevorBryanRatzky,WatsonMartialArts
American National No-GI Jiu-Jitsu Championship 2015,Adult/Male/Blue/Middle,3,DakotaBrown,EastonBJJ
American National No-GI Jiu-Jitsu Championship 2015,Adult/Male/Blue/Middle,3,JustinSilveira,Clark'sUniversityofMartialArts
American National No-GI Jiu-Jitsu Championship 2015,Adult/Male/Blue/Medium-Heavy,1,ScottHoddick,CheckMat
American National No-GI Jiu-Jitsu Championship 2015,Adult/Male/Blue/Medium-Heavy,2,JeremyAlanHass,GracieBarra
American National No-GI Jiu-Jitsu Championship 2015,Adult/Male/Blue/Medium-Heavy,3,JohnBrashear,TeamLDMA
American National No-GI Jiu-Jitsu Championship 2015,Adult/Male/Blue/Heavy,1,ErikTerc,GracieHumaita
American National No-GI Jiu-Jitsu Championship 2015,Adult/Male/Blue/Heavy,2,KirkMartin,TACTeamBJJ
American National No-GI Jiu-Jitsu Championship 2015,Adult/Male/Blue/Heavy,3,BradleyMurphy,CleberJiuJitsu
American National No-GI Jiu-Jitsu Championship 2015,Adult/Male/Blue/Super-Heavy,1,JoeWarner,BoranJiu,Jitsu
American National No-GI Jiu-Jitsu Championship 2015,Adult/Male/Blue/Super-Heavy,2,Jon,MosesRobinson,10thPlanetJiuJitsu
American National No-GI Jiu-Jitsu Championship 2015,Adult/Male/Blue/Super-Heavy,3,MarcCerrone,AbusadoTeam
American National No-GI Jiu-Jitsu Championship 2015,Adult/Male/Blue/Super-Heavy,3,SamAlvey,CheckMat
American National No-GI Jiu-Jitsu Championship 2015,Adult/Male/Blue/Ultra-Heavy,1,ArturoSoto,ZenithBJJ
American National No-GI Jiu-Jitsu Championship 2015,Adult/Male/Blue/Ultra-Heavy,2,AnthonyStevenPerez,CheckMat
American National No-GI Jiu-Jitsu Championship 2015,Adult/Male/Blue/Ultra-Heavy,3,TomJohnson,CascaoBJJLasVegas
American National No-GI Jiu-Jitsu Championship 2015,Adult/Male/Blue/OpenClass,1,EmmanuelOrtiz,GracieBarra
American National No-GI Jiu-Jitsu Championship 2015,Adult/Male/Blue/OpenClass,2,DakotaBrown,EastonBJJ
American National No-GI Jiu-Jitsu Championship 2015,Adult/Male/Blue/OpenClass,3,ZacharyPye,ZenithBJJ
American National No-GI Jiu-Jitsu Championship 2015,Adult/Female/Blue/Rooster,1,ValerieB.Guzman,YemasoBrazilianJiu,Jitsu
American National No-GI Jiu-Jitsu Championship 2015,Adult/Female/Blue/Rooster,2,AnnAnoushian,GracieBarra
American National No-GI Jiu-Jitsu Championship 2015,Adult/Female/Blue/Feather,1,CrystalVanessaDemopoulos,GFTeam
American National No-GI Jiu-Jitsu Championship 2015,Adult/Female/Blue/Feather,2,AlyssaKrahn,ZenithBJJ
American National No-GI Jiu-Jitsu Championship 2015,Adult/Female/Blue/Feather,3,RebeccaReuben,RomuloMeloBrazilianJiu,JitsuLLC.
American National No-GI Jiu-Jitsu Championship 2015,Adult/Female/Blue/Feather,3,SheilaPadilla,CleberJiuJitsu
American National No-GI Jiu-Jitsu Championship 2015,Adult/Female/Blue/Light,1,BarbaraMasch,FightSports
American National No-GI Jiu-Jitsu Championship 2015,Adult/Female/Blue/Light,2,GenezizAlyRodriguez,GracieBarra
American National No-GI Jiu-Jitsu Championship 2015,Adult/Female/Blue/Light,3,ChristinaSmith,IveyLeagueMixedMartialArts
American National No-GI Jiu-Jitsu Championship 2015,Adult/Female/Blue/Middle,1,JuliaAvila,ZenithBJJ
American National No-GI Jiu-Jitsu Championship 2015,Adult/Female/Blue/Middle,2,SabrinaHarmeling,GFTeam
American National No-GI Jiu-Jitsu Championship 2015,Adult/Female/Blue/Middle,3,DarlaSedlacek,CarlsonGracieTeam
American National No-GI Jiu-Jitsu Championship 2015,Adult/Female/Blue/Heavy,1,JessicaDervin,RodrigoVaghiBJJ
American National No-GI Jiu-Jitsu Championship 2015,Adult/Female/Blue/OpenClass,1,CrystalVanessaDemopoulos,GFTeam
American National No-GI Jiu-Jitsu Championship 2015,Adult/Female/Blue/OpenClass,2,SheilaPadilla,CleberJiuJitsu
American National No-GI Jiu-Jitsu Championship 2015,Adult/Female/Blue/OpenClass,3,BarbaraMasch,FightSports
American National No-GI Jiu-Jitsu Championship 2015,Adult/Female/Blue/OpenClass,3,ChristinaSmith,IveyLeagueMixedMartialArts
American National No-GI Jiu-Jitsu Championship 2015,Adult/Male/Purple/Light-Feather,1,SurajKumarBudhram,AmericanTopTeam
American National No-GI Jiu-Jitsu Championship 2015,Adult/Male/Purple/Light-Feather,2,BryantEsbardoHerrera,PresaBJJ
American National No-GI Jiu-Jitsu Championship 2015,Adult/Male/Purple/Light-Feather,3,KevinOrtiz,ZenithBJJ
American National No-GI Jiu-Jitsu Championship 2015,Adult/Male/Purple/Light-Feather,3,RayYescas,TinguinhaBJJacademy
American National No-GI Jiu-Jitsu Championship 2015,Adult/Male/Purple/Feather,1,AdrianRamirez,TigerSharkBJJ
American National No-GI Jiu-Jitsu Championship 2015,Adult/Male/Purple/Feather,2,PatrickCharlesHamiltonIII,FabioNovaesBJJ
American National No-GI Jiu-Jitsu Championship 2015,Adult/Male/Purple/Feather,3,AdamTapia,CheckmatMillennia
American National No-GI Jiu-Jitsu Championship 2015,Adult/Male/Purple/Feather,3,MaximRuvinsky,AtosJiu,Jitsu
American National No-GI Jiu-Jitsu Championship 2015,Adult/Male/Purple/Light,1,PauloGabrielMartinsdaCosta,BrasaCTA
American National No-GI Jiu-Jitsu Championship 2015,Adult/Male/Purple/Light,2,IrvinPeynado,AllianceMarceloGarcia
American National No-GI Jiu-Jitsu Championship 2015,Adult/Male/Purple/Light,3,MichaelJosephDanyusIII,RenatoTavaresAssociation
American National No-GI Jiu-Jitsu Championship 2015,Adult/Male/Purple/Middle,1,JakeMichaelWatson,MaracabaBJJ
American National No-GI Jiu-Jitsu Championship 2015,Adult/Male/Purple/Middle,2,MarceloLopesBarrosFilho,NovaUnião
American National No-GI Jiu-Jitsu Championship 2015,Adult/Male/Purple/Middle,3,JonathanWilson,GrapplingUnlimited
American National No-GI Jiu-Jitsu Championship 2015,Adult/Male/Purple/Middle,3,MichaelArshagKhatchikian,GracieBarra
American National No-GI Jiu-Jitsu Championship 2015,Adult/Male/Purple/Medium-Heavy,1,BrandonScottMorris,MarcioCruzBrazilianJiu,Jitsu
American National No-GI Jiu-Jitsu Championship 2015,Adult/Male/Purple/Medium-Heavy,2,SawyerMorris,GracieHumaita
American National No-GI Jiu-Jitsu Championship 2015,Adult/Male/Purple/Medium-Heavy,3,IsiahWright,EastonBJJ
American National No-GI Jiu-Jitsu Championship 2015,Adult/Male/Purple/Heavy,1,JarrodNicholasAnderson,TeamNogueira,WaldeBloise
American National No-GI Jiu-Jitsu Championship 2015,Adult/Male/Purple/Heavy,2,TylerRay,SASTeamUSA
American National No-GI Jiu-Jitsu Championship 2015,Adult/Male/Purple/Heavy,3,JordanYoung,CleberJiuJitsu
American National No-GI Jiu-Jitsu Championship 2015,Adult/Male/Purple/Heavy,3,JoseMunoz,NovaUnião
American National No-GI Jiu-Jitsu Championship 2015,Adult/Male/Purple/Super-Heavy,1,SamuelRobertFerguson,CarlsonGracieTeam
American National No-GI Jiu-Jitsu Championship 2015,Adult/Male/Purple/Super-Heavy,2,ChristopherBlauvelt,BrasaCTA
American National No-GI Jiu-Jitsu Championship 2015,Adult/Male/Purple/Ultra-Heavy,1,EddieEscobar,SanDiegoBrazilianJiuJitsuAcademy
American National No-GI Jiu-Jitsu Championship 2015,Adult/Male/Purple/Ultra-Heavy,2,JosephMCashin,AbusadoTeam
American National No-GI Jiu-Jitsu Championship 2015,Adult/Male/Purple/OpenClass,1,PauloGabrielMartinsdaCosta,BrasaCTA
American National No-GI Jiu-Jitsu Championship 2015,Adult/Male/Purple/OpenClass,2,JakeMichaelWatson,MaracabaBJJ
American National No-GI Jiu-Jitsu Championship 2015,Adult/Male/Purple/OpenClass,3,IrvinPeynado,AllianceMarceloGarcia
American National No-GI Jiu-Jitsu Championship 2015,Adult/Male/Purple/OpenClass,3,JoseMunoz,NovaUnião
American National No-GI Jiu-Jitsu Championship 2015,Adult/Female/Purple/Light-Feather,1,CharleneGellner,SitYodTongLA
American National No-GI Jiu-Jitsu Championship 2015,Adult/Female/Purple/Light-Feather,2,MeganAllisonParducho,BigJohnMcCarthy'sUltimateTrainingAcademy
American National No-GI Jiu-Jitsu Championship 2015,Adult/Female/Purple/Light-Feather,3,LaddyEdcilMejiaCruz,ConnectBJJInternational
American National No-GI Jiu-Jitsu Championship 2015,Adult/Female/Purple/Light-Feather,3,LauraWesson,GracieBarra
American National No-GI Jiu-Jitsu Championship 2015,Adult/Female/Purple/Feather,1,QuincyTorres,Coalition95
American National No-GI Jiu-Jitsu Championship 2015,Adult/Female/Purple/Feather,2,AlinePaesKrisner,GracieBarra
American National No-GI Jiu-Jitsu Championship 2015,Adult/Female/Purple/Light,1,ElizabethJaneExell,GracieMorumbi
American National No-GI Jiu-Jitsu Championship 2015,Adult/Female/Purple/Light,2,SamanthaShoemaker,RenatoTavaresAssociation
American National No-GI Jiu-Jitsu Championship 2015,Adult/Female/Purple/Middle,1,TerrieSchauer,HomaBJJ
American National No-GI Jiu-Jitsu Championship 2015,Adult/Female/Purple/Medium-Heavy,1,TaraWhite(repetido138268),LotusClubJiu,Jitsu
American National No-GI Jiu-Jitsu Championship 2015,Adult/Female/Purple/Medium-Heavy,2,EricaEbanks,FabioNovaesBJJ
American National No-GI Jiu-Jitsu Championship 2015,Adult/Female/Purple/OpenClass,1,TaraWhite(repetido138268),LotusClubJiu,Jitsu
American National No-GI Jiu-Jitsu Championship 2015,Adult/Female/Purple/OpenClass,2,ElizabethJaneExell,GracieMorumbi
American National No-GI Jiu-Jitsu Championship 2015,Adult/Female/Purple/OpenClass,3,EricaEbanks,FabioNovaesBJJ
American National No-GI Jiu-Jitsu Championship 2015,Adult/Female/Purple/OpenClass,3,LauraWesson,GracieBarra
American National No-GI Jiu-Jitsu Championship 2015,Adult/Male/Brown/Feather,1,IanPhyllipSanders,GracieBarra
American National No-GI Jiu-Jitsu Championship 2015,Adult/Male/Brown/Feather,2,AlexisAlduncinBarragan,RenzoGracieMexico
American National No-GI Jiu-Jitsu Championship 2015,Adult/Male/Brown/Feather,3,FrankAndresQuirósMarín,RogerCoelho,CostaRica
American National No-GI Jiu-Jitsu Championship 2015,Adult/Male/Brown/Feather,3,WallaceFernandoSantos,GracieHumaita
American National No-GI Jiu-Jitsu Championship 2015,Adult/Male/Brown/Light,1,AndréJavadKhabbazi,CharlesGracieJiu,JitsuAcademy
American National No-GI Jiu-Jitsu Championship 2015,Adult/Male/Brown/Light,2,HamiltonAsh,SBGMontana
American National No-GI Jiu-Jitsu Championship 2015,Adult/Male/Brown/Middle,1,JoseMPortilloJr,ParagonBJJAcademy
American National No-GI Jiu-Jitsu Championship 2015,Adult/Male/Brown/Middle,2,MateoLondonoArmel,AmericanTopTeam
American National No-GI Jiu-Jitsu Championship 2015,Adult/Male/Brown/Medium-Heavy,1,GabrielArgesdeSousa,GracieBarra
American National No-GI Jiu-Jitsu Championship 2015,Adult/Male/Brown/Medium-Heavy,2,JeffreyIanShulze,GracieBarra
American National No-GI Jiu-Jitsu Championship 2015,Adult/Male/Brown/Heavy,1,NicholasGreene,RalphGracie
American National No-GI Jiu-Jitsu Championship 2015,Adult/Male/Brown/Heavy,2,ReedShelger,GFTeam
American National No-GI Jiu-Jitsu Championship 2015,Adult/Male/Brown/Heavy,3,ChadPhillipShaule,GracieBarra
American National No-GI Jiu-Jitsu Championship 2015,Adult/Male/Brown/Heavy,3,DanielHampton,NovaUnião
American National No-GI Jiu-Jitsu Championship 2015,Adult/Male/Brown/Super-Heavy,1,CodySkidmore,LovatoJiu,Jitsu
American National No-GI Jiu-Jitsu Championship 2015,Adult/Male/Brown/Super-Heavy,2,EstebanLantoRamirez,PresaBJJ
American National No-GI Jiu-Jitsu Championship 2015,Adult/Male/Brown/Ultra-Heavy,1,MahamedAlySantosdaSilva,TeamLloydIrvin
American National No-GI Jiu-Jitsu Championship 2015,Adult/Male/Brown/OpenClass,1,GabrielArgesdeSousa,GracieBarra
American National No-GI Jiu-Jitsu Championship 2015,Adult/Male/Brown/OpenClass,2,MahamedAlySantosdaSilva,TeamLloydIrvin
American National No-GI Jiu-Jitsu Championship 2015,Adult/Male/Brown/OpenClass,3,IanPhyllipSanders,GracieBarra
American National No-GI Jiu-Jitsu Championship 2015,Adult/Male/Brown/OpenClass,3,MateoLondonoArmel,AmericanTopTeam
American National No-GI Jiu-Jitsu Championship 2015,Adult/Male/Black/Light-Feather,1,JoãoRicardoBordignonMiyao,PSLPBCiceroCostha
American National No-GI Jiu-Jitsu Championship 2015,Adult/Male/Black/Light-Feather,2,LuisFelipeNinjadeMoraesPinto,BrazilAcademyUSA
American National No-GI Jiu-Jitsu Championship 2015,Adult/Male/Black/Light-Feather,3,AndreLuizCecilioRorizPontes,RibeiroJiu,Jitsu
American National No-GI Jiu-Jitsu Championship 2015,Adult/Male/Black/Feather,1,PauloH.BordignonMiyao,PSLPBCiceroCostha
American National No-GI Jiu-Jitsu Championship 2015,Adult/Male/Black/Feather,2,WankiChae,JohnFranklJiu,Jitsu
American National No-GI Jiu-Jitsu Championship 2015,Adult/Male/Black/Feather,3,ArthurDaneMolina,RenzoGracieLA
American National No-GI Jiu-Jitsu Championship 2015,Adult/Male/Black/Feather,3,KimTerra,BrasaCTA
American National No-GI Jiu-Jitsu Championship 2015,Adult/Male/Black/Light,1,MarcusColeWilson,GrapplingUnlimited
American National No-GI Jiu-Jitsu Championship 2015,Adult/Male/Black/Light,2,VitorPeresPaschoal,BrasaCTA
American National No-GI Jiu-Jitsu Championship 2015,Adult/Male/Black/Light,3,RodrigoLamounierdeFreitas,GracieBarra
American National No-GI Jiu-Jitsu Championship 2015,Adult/Male/Black/Light,3,ZacharyJamesAdamson,LovatoJiu,Jitsu
American National No-GI Jiu-Jitsu Championship 2015,Adult/Male/Black/Middle,1,DarraghOConaill,RibeiroJiu,Jitsu
American National No-GI Jiu-Jitsu Championship 2015,Adult/Male/Black/Middle,2,SeanPatrickFisher,PrecisionJiu,Jitsu
American National No-GI Jiu-Jitsu Championship 2015,Adult/Male/Black/Middle,3,CarlosDiegoFerreiraNeves,AtosJiu,Jitsu
American National No-GI Jiu-Jitsu Championship 2015,Adult/Male/Black/Medium-Heavy,1,BrianJBeauryII,AbusadoTeam
American National No-GI Jiu-Jitsu Championship 2015,Adult/Male/Black/Medium-Heavy,2,BrunoAugustoTogniAntunes,HonorRollBJJ
American National No-GI Jiu-Jitsu Championship 2015,Adult/Male/Black/Medium-Heavy,3,JoshuaLeeBowlin,GracieBarra
American National No-GI Jiu-Jitsu Championship 2015,Adult/Male/Black/Heavy,1,InacioFerreiraGomesNeto,GracieBarra
American National No-GI Jiu-Jitsu Championship 2015,Adult/Male/Black/Heavy,2,CarlosEduardoDiasVidal,BrunoBastosAssociation
American National No-GI Jiu-Jitsu Championship 2015,Adult/Male/Black/Super-Heavy,1,GuybsonCostaeSá,SASTeamUSA
American National No-GI Jiu-Jitsu Championship 2015,Adult/Male/Black/Super-Heavy,2,EliotAndrewKelly,YemasoBrazilianJiu,Jitsu
American National No-GI Jiu-Jitsu Championship 2015,Adult/Male/Black/Super-Heavy,3,GustavodosSantosPires,GracieBarra
American National No-GI Jiu-Jitsu Championship 2015,Adult/Male/Black/Super-Heavy,3,WellingtonModenaPeroto,LótusClub
American National No-GI Jiu-Jitsu Championship 2015,Adult/Male/Black/Ultra-Heavy,1,JamesRichardPuopolo,LovatoJiu,Jitsu
American National No-GI Jiu-Jitsu Championship 2015,Adult/Male/Black/Ultra-Heavy,2,EvandroNunes,SampaBJJAcademy
American National No-GI Jiu-Jitsu Championship 2015,Adult/Male/Black/OpenClass,1,JamesRichardPuopolo,LovatoJiu,Jitsu
American National No-GI Jiu-Jitsu Championship 2015,Adult/Male/Black/OpenClass,2,EliotAndrewKelly,YemasoBrazilianJiu,Jitsu
American National No-GI Jiu-Jitsu Championship 2015,Adult/Male/Black/OpenClass,3,CarlosEduardoDiasVidal,BrunoBastosAssociation
American National No-GI Jiu-Jitsu Championship 2015,Adult/Male/Black/OpenClass,3,InacioFerreiraGomesNeto,GracieBarra
American National No-GI Jiu-Jitsu Championship 2015,Adult/Female/Black/Feather,1,KristinaSofiaPurugananBarlaan,BrasaCTA
American National No-GI Jiu-Jitsu Championship 2015,Adult/Female/Black/Feather,2,PatríciaMariaN.FontesdosSantos,CheckMat
American National No-GI Jiu-Jitsu Championship 2015,Adult/Female/Black/Middle,1,SarahJohnelBlack,NovaUnião
American National No-GI Jiu-Jitsu Championship 2015,Adult/Female/Black/Middle,2,AmandaLoewen,SBGInternational(SBGI)
American National No-GI Jiu-Jitsu Championship 2015,Adult/Female/Black/OpenClass,1,SarahJohnelBlack,NovaUnião
American National No-GI Jiu-Jitsu Championship 2015,Adult/Female/Black/OpenClass,2,AmandaLoewen,SBGInternational(SBGI)
American National No-GI Jiu-Jitsu Championship 2015,Adult/Female/Black/OpenClass,3,PatríciaMariaN.FontesdosSantos,CheckMat
American National No-GI Jiu-Jitsu Championship 2015,Master1/Male/Blue/Feather,1,MichaelHarmeling,GFTeam
American National No-GI Jiu-Jitsu Championship 2015,Master1/Male/Blue/Feather,2,BernardTurner,YemasoBrazilianJiu,Jitsu
American National No-GI Jiu-Jitsu Championship 2015,Master1/Male/Blue/Feather,3,ChadHawkins,RodrigoVaghiBJJ
American National No-GI Jiu-Jitsu Championship 2015,Master1/Male/Blue/Feather,3,KazbekBotashev,AmericanTopTeam
American National No-GI Jiu-Jitsu Championship 2015,Master1/Male/Blue/Light,1,BillyEnglish,YemasoBrazilianJiu,Jitsu
American National No-GI Jiu-Jitsu Championship 2015,Master1/Male/Blue/Light,2,NicholasMarkMari,Coalition95
American National No-GI Jiu-Jitsu Championship 2015,Master1/Male/Blue/Light,3,jairmartinez,GracieHumaita
American National No-GI Jiu-Jitsu Championship 2015,Master1/Male/Blue/Light,3,Shaun,RyanSanchez,Choke,U
American National No-GI Jiu-Jitsu Championship 2015,Master1/Male/Blue/Middle,1,JordanSorenson,UnifiedJiuJitsu
American National No-GI Jiu-Jitsu Championship 2015,Master1/Male/Blue/Middle,2,FlintCampbell,CobraKaiJiuJitsu
American National No-GI Jiu-Jitsu Championship 2015,Master1/Male/Blue/Medium-Heavy,1,codycothran,IronsideMMA
American National No-GI Jiu-Jitsu Championship 2015,Master1/Male/Blue/Medium-Heavy,2,JasonIrwin,RodrigoVaghiBJJ
American National No-GI Jiu-Jitsu Championship 2015,Master1/Male/Blue/Medium-Heavy,3,GregoryH.Ricker,ZenithBJJ
American National No-GI Jiu-Jitsu Championship 2015,Master1/Male/Blue/Medium-Heavy,3,JoseA.Madrazo,WatsonMartialArts
American National No-GI Jiu-Jitsu Championship 2015,Master1/Male/Blue/Heavy,1,RyanCurtisBirdsley,CarlsonGracieTeam
American National No-GI Jiu-Jitsu Championship 2015,Master1/Male/Blue/Ultra-Heavy,1,KentThornton,PellegrinoMixedMartialArts
American National No-GI Jiu-Jitsu Championship 2015,Master1/Male/Blue/Ultra-Heavy,2,kyleziemann,GracieHumaita
American National No-GI Jiu-Jitsu Championship 2015,Master1/Male/Blue/OpenClass,1,MichaelHarmeling,GFTeam
American National No-GI Jiu-Jitsu Championship 2015,Master1/Male/Blue/OpenClass,2,kyleziemann,GracieHumaita
American National No-GI Jiu-Jitsu Championship 2015,Master1/Male/Blue/OpenClass,3,BillyEnglish,YemasoBrazilianJiu,Jitsu
American National No-GI Jiu-Jitsu Championship 2015,Master1/Male/Blue/OpenClass,3,RyanCurtisBirdsley,CarlsonGracieTeam
American National No-GI Jiu-Jitsu Championship 2015,Master1/Female/Blue/Feather,1,MarielWesson,GracieBarra
American National No-GI Jiu-Jitsu Championship 2015,Master1/Female/Blue/Feather,2,ReneGrobecker,GracieBarra
American National No-GI Jiu-Jitsu Championship 2015,Master1/Female/Blue/Middle,1,GurusahaiGood,EastonBJJ
American National No-GI Jiu-Jitsu Championship 2015,Master1/Female/Blue/Middle,2,TeresaJeanIves,IveyLeagueMixedMartialArts
American National No-GI Jiu-Jitsu Championship 2015,Master1/Female/Blue/Middle,3,MollyShawnOBrien,Coalition95
American National No-GI Jiu-Jitsu Championship 2015,Master1/Female/Blue/Heavy,1,OlenaLitovsky,CarlsonGracieTeam
American National No-GI Jiu-Jitsu Championship 2015,Master1/Female/Blue/OpenClass,1,OlenaLitovsky,CarlsonGracieTeam
American National No-GI Jiu-Jitsu Championship 2015,Master1/Female/Blue/OpenClass,2,TeresaJeanIves,IveyLeagueMixedMartialArts
American National No-GI Jiu-Jitsu Championship 2015,Master1/Male/Purple/Light-Feather,1,AlanChang,GracieFighter
American National No-GI Jiu-Jitsu Championship 2015,Master1/Male/Purple/Light-Feather,2,jasondebruyn,AtosJiu,Jitsu
American National No-GI Jiu-Jitsu Championship 2015,Master1/Male/Purple/Feather,1,MatthewJakobReid,EastonBJJ
American National No-GI Jiu-Jitsu Championship 2015,Master1/Male/Purple/Feather,2,AndrewStevensRichie,AtosJiu,Jitsu
American National No-GI Jiu-Jitsu Championship 2015,Master1/Male/Purple/Feather,3,EvanErnestGongora,NovaUnião
American National No-GI Jiu-Jitsu Championship 2015,Master1/Male/Purple/Light,1,EduardoJavierMayaGutierrez,SchonBJJ
American National No-GI Jiu-Jitsu Championship 2015,Master1/Male/Purple/Light,2,CliftonKelikeTeshima,GuillobelBrazilianJiu,Jitsu
American National No-GI Jiu-Jitsu Championship 2015,Master1/Male/Purple/Light,3,MarioCarriço,EquipeTottiJiu,Jitsu
American National No-GI Jiu-Jitsu Championship 2015,Master1/Male/Purple/Middle,1,ArmandoRodriguezPerezJr.,CleberJiuJitsu
American National No-GI Jiu-Jitsu Championship 2015,Master1/Male/Purple/Middle,2,JamesAnthonyAppleberry,RomuloMeloBrazilianJiu,JitsuLLC.
American National No-GI Jiu-Jitsu Championship 2015,Master1/Male/Purple/Middle,3,BrandonT.Fagan,AbusadoTeam
American National No-GI Jiu-Jitsu Championship 2015,Master1/Male/Purple/Middle,3,MoisesLopez,ZenithBJJ
American National No-GI Jiu-Jitsu Championship 2015,Master1/Male/Purple/Medium-Heavy,1,JohnDavidButler,RibeiroJiu,Jitsu
American National No-GI Jiu-Jitsu Championship 2015,Master1/Male/Purple/Medium-Heavy,2,ClaudenirRodriguesFerrari,BrazilAcademyUSA
American National No-GI Jiu-Jitsu Championship 2015,Master1/Male/Purple/Heavy,1,ChristopherLeeWest,GFTeam
American National No-GI Jiu-Jitsu Championship 2015,Master1/Male/Purple/Heavy,2,TomasMoreno,AtosJiu,Jitsu
American National No-GI Jiu-Jitsu Championship 2015,Master1/Male/Purple/Super-Heavy,1,JosefJustinDeLaVega,FabioPradoBJJ
American National No-GI Jiu-Jitsu Championship 2015,Master1/Male/Purple/Ultra-Heavy,1,FrancisWayneRoncadoriJr.,GracieBarra
American National No-GI Jiu-Jitsu Championship 2015,Master1/Male/Purple/Ultra-Heavy,2,DanielRoberson,CascaoBJJLasVegas
American National No-GI Jiu-Jitsu Championship 2015,Master1/Male/Purple/Ultra-Heavy,3,AnthonyD.Poor,CarlsonGracieTeam
American National No-GI Jiu-Jitsu Championship 2015,Master1/Male/Purple/OpenClass,1,MoisesLopez,ZenithBJJ
American National No-GI Jiu-Jitsu Championship 2015,Master1/Male/Purple/OpenClass,2,ChristopherLeeWest,GFTeam
American National No-GI Jiu-Jitsu Championship 2015,Master1/Male/Purple/OpenClass,3,AnthonyD.Poor,CarlsonGracieTeam
American National No-GI Jiu-Jitsu Championship 2015,Master1/Male/Purple/OpenClass,3,JosefJustinDeLaVega,FabioPradoBJJ
American National No-GI Jiu-Jitsu Championship 2015,Master1/Female/Purple/Light,1,LorenadeAraujoOliveira,GracieBarra
American National No-GI Jiu-Jitsu Championship 2015,Master1/Female/Purple/Light,2,JudyannLeeBurgess,CleberJiuJitsu
American National No-GI Jiu-Jitsu Championship 2015,Master1/Female/Purple/OpenClass,1,LorenadeAraujoOliveira,GracieBarra
American National No-GI Jiu-Jitsu Championship 2015,Master1/Female/Purple/OpenClass,2,JudyannLeeBurgess,CleberJiuJitsu
American National No-GI Jiu-Jitsu Championship 2015,Master1/Male/Brown/Light-Feather,1,JohnAnthonyTorres,ParagonBJJAcademy
American National No-GI Jiu-Jitsu Championship 2015,Master1/Male/Brown/Light-Feather,2,ItaloMartinCardenasZuin,ConnectBJJInternational
American National No-GI Jiu-Jitsu Championship 2015,Master1/Male/Brown/Light-Feather,3,CresencioZamora,GracieHumaita
American National No-GI Jiu-Jitsu Championship 2015,Master1/Male/Brown/Light,1,BrandonRussell,LovatoJiu,Jitsu
American National No-GI Jiu-Jitsu Championship 2015,Master1/Male/Brown/Light,2,SeanNikmorad,GracieFighter
American National No-GI Jiu-Jitsu Championship 2015,Master1/Male/Brown/Light,3,MichaelAllenKaplan,RelsonGracie
American National No-GI Jiu-Jitsu Championship 2015,Master1/Male/Brown/Middle,1,IvanChumakov,KristianCestaroRussianTeam
American National No-GI Jiu-Jitsu Championship 2015,Master1/Male/Brown/Middle,2,BenjaminDallasEdwardWestrich,AllianceAtlanta
American National No-GI Jiu-Jitsu Championship 2015,Master1/Male/Brown/Middle,3,JonathanSingh,GracieBarra
American National No-GI Jiu-Jitsu Championship 2015,Master1/Male/Brown/Middle,3,MarkHidalgo,GracieHumaita
American National No-GI Jiu-Jitsu Championship 2015,Master1/Male/Brown/Medium-Heavy,1,JohnA.EbanksII,FabioNovaesBJJ
American National No-GI Jiu-Jitsu Championship 2015,Master1/Male/Brown/Medium-Heavy,2,KaelumMartinMylesKalista,GFTeamInternational
American National No-GI Jiu-Jitsu Championship 2015,Master1/Male/Brown/Heavy,1,MarcodeJesusAlvaradoJr,CheckMat
American National No-GI Jiu-Jitsu Championship 2015,Master1/Male/Brown/Heavy,2,ShawnD.S.Cox,YemasoBrazilianJiu,Jitsu
American National No-GI Jiu-Jitsu Championship 2015,Master1/Male/Brown/Heavy,3,BruceLMorgenstern,GracieHumaita
American National No-GI Jiu-Jitsu Championship 2015,Master1/Male/Brown/Heavy,3,JessePoag,TheJiu,JitsuAcademy
American National No-GI Jiu-Jitsu Championship 2015,Master1/Male/Brown/Super-Heavy,1,DanielJoshuaPriebe,BrasaCTA
American National No-GI Jiu-Jitsu Championship 2015,Master1/Male/Brown/Super-Heavy,2,GregoryLintonBrown,CombatSportsBoston
American National No-GI Jiu-Jitsu Championship 2015,Master1/Male/Brown/OpenClass,1,DanielJoshuaPriebe,BrasaCTA
American National No-GI Jiu-Jitsu Championship 2015,Master1/Male/Brown/OpenClass,2,MarkHidalgo,GracieHumaita
American National No-GI Jiu-Jitsu Championship 2015,Master1/Male/Brown/OpenClass,3,SeanNikmorad,GracieFighter
American National No-GI Jiu-Jitsu Championship 2015,Master1/Male/Brown/OpenClass,3,ShawnD.S.Cox,YemasoBrazilianJiu,Jitsu
American National No-GI Jiu-Jitsu Championship 2015,Master1/Female/Brown/Feather,1,VanessaSueWexler,GracieBarra
American National No-GI Jiu-Jitsu Championship 2015,Master1/Female/Brown/Light,1,MelissaAnneBardfield,GracieEliteTeamAmerica
American National No-GI Jiu-Jitsu Championship 2015,Master1/Female/Brown/Light,2,DonnaKayAndreas,FabioSantosBJJ
American National No-GI Jiu-Jitsu Championship 2015,Master1/Female/Brown/OpenClass,1,MelissaAnneBardfield,GracieEliteTeamAmerica
American National No-GI Jiu-Jitsu Championship 2015,Master1/Female/Brown/OpenClass,2,DonnaKayAndreas,FabioSantosBJJ
American National No-GI Jiu-Jitsu Championship 2015,Master1/Male/Black/Light,1,MarcosAlejandroTorregrosa,YemasoBrazilianJiu,Jitsu
American National No-GI Jiu-Jitsu Championship 2015,Master1/Male/Black/Light,2,DavidG.Reilly,TeamShawnHammonds
American National No-GI Jiu-Jitsu Championship 2015,Master1/Male/Black/Light,3,JuanManuelHernandezTenorio,WINGBJJ
American National No-GI Jiu-Jitsu Championship 2015,Master1/Male/Black/Light,3,RafaelLeondyRebello,AmericanTopTeam
American National No-GI Jiu-Jitsu Championship 2015,Master1/Male/Black/Middle,1,TravisLeeTooke,RibeiroJiu,Jitsu
American National No-GI Jiu-Jitsu Championship 2015,Master1/Male/Black/Middle,2,MarcusV.C.Antelante,SoulFightersBJJ
American National No-GI Jiu-Jitsu Championship 2015,Master1/Male/Black/Medium-Heavy,1,LeonardoI.IturraldeAguirre,AllianceEcuador
American National No-GI Jiu-Jitsu Championship 2015,Master1/Male/Black/Medium-Heavy,2,MichaelJordanKrider,GracieBarra
American National No-GI Jiu-Jitsu Championship 2015,Master1/Male/Black/Medium-Heavy,3,FabioAlencarTrindade,Elvys/OsvaldoAlves,AM
American National No-GI Jiu-Jitsu Championship 2015,Master1/Male/Black/Medium-Heavy,3,JestonJohnPages,BrasaCTA
American National No-GI Jiu-Jitsu Championship 2015,Master1/Male/Black/Super-Heavy,1,GabrielRialD.daSilva,GracieBarra
American National No-GI Jiu-Jitsu Championship 2015,Master1/Male/Black/Super-Heavy,2,VagnerAlvesdeSantana,TeamJucãoUSA
American National No-GI Jiu-Jitsu Championship 2015,Master1/Male/Black/Ultra-Heavy,1,KaliffaGonçalvesOliveira,GracieBarra
American National No-GI Jiu-Jitsu Championship 2015,Master1/Male/Black/OpenClass,1,MarcusV.C.Antelante,SoulFightersBJJ
American National No-GI Jiu-Jitsu Championship 2015,Master1/Male/Black/OpenClass,2,MarcosAlejandroTorregrosa,YemasoBrazilianJiu,Jitsu
American National No-GI Jiu-Jitsu Championship 2015,Master1/Male/Black/OpenClass,3,FabioAlencarTrindade,Elvys/OsvaldoAlves,AM
American National No-GI Jiu-Jitsu Championship 2015,Master1/Male/Black/OpenClass,3,JuanManuelHernandezTenorio,WINGBJJ
American National No-GI Jiu-Jitsu Championship 2015,Master2/Male/Blue/Light,1,BurkeGappmayer,UnifiedJiuJitsu
American National No-GI Jiu-Jitsu Championship 2015,Master2/Male/Blue/Light,2,MatthewDanna,BrasaCTA
American National No-GI Jiu-Jitsu Championship 2015,Master2/Male/Blue/Light,3,RickyRoby,CarlsonGracieTeam
American National No-GI Jiu-Jitsu Championship 2015,Master2/Male/Blue/Light,3,RobertWong,AllianceLosAngeles
American National No-GI Jiu-Jitsu Championship 2015,Master2/Male/Blue/Middle,1,RYANONEAL,BrazilianTopTeamLongBeach
American National No-GI Jiu-Jitsu Championship 2015,Master2/Male/Blue/Middle,2,AlvinYeh,FredsonPaixaoBJJLasVegas
American National No-GI Jiu-Jitsu Championship 2015,Master2/Male/Blue/Middle,3,TimothyBranch,ZenithBJJ
American National No-GI Jiu-Jitsu Championship 2015,Master2/Male/Blue/Medium-Heavy,1,EddieBecdach,GracieBarra
American National No-GI Jiu-Jitsu Championship 2015,Master2/Male/Blue/Medium-Heavy,2,JoeAnderton,RodrigoVaghiBJJ
American National No-GI Jiu-Jitsu Championship 2015,Master2/Male/Blue/Ultra-Heavy,1,ClintTreadway,CharlesGracieJiu,JitsuAcademy
American National No-GI Jiu-Jitsu Championship 2015,Master2/Male/Blue/Ultra-Heavy,2,J.DannyGonzalez,ParagonBJJAcademy
American National No-GI Jiu-Jitsu Championship 2015,Master2/Male/Blue/Ultra-Heavy,3,DanielArndt,AmericanTopTeamConnecticut
American National No-GI Jiu-Jitsu Championship 2015,Master2/Male/Blue/OpenClass,1,EddieBecdach,GracieBarra
American National No-GI Jiu-Jitsu Championship 2015,Master2/Male/Blue/OpenClass,2,RobertWong,AllianceLosAngeles
American National No-GI Jiu-Jitsu Championship 2015,Master2/Male/Purple/Light,1,ChrisSpanellis,GracieBarra
American National No-GI Jiu-Jitsu Championship 2015,Master2/Male/Purple/Light,2,JustinNero,GracieFighter
American National No-GI Jiu-Jitsu Championship 2015,Master2/Male/Purple/Light,3,CHRISROTTINGER,NovaUnião
American National No-GI Jiu-Jitsu Championship 2015,Master2/Male/Purple/Middle,1,BruceNardone,GuerrillaJiuJitsu
American National No-GI Jiu-Jitsu Championship 2015,Master2/Male/Purple/Middle,2,RobertBiggs,NovaUnião
American National No-GI Jiu-Jitsu Championship 2015,Master2/Male/Purple/Medium-Heavy,1,TroyCarlsen,RodrigoVaghiBJJ
American National No-GI Jiu-Jitsu Championship 2015,Master2/Male/Purple/Heavy,1,AlanFenandes,AbuDhabiTopTeam
American National No-GI Jiu-Jitsu Championship 2015,Master2/Male/Purple/Super-Heavy,1,RudolphGMartinezJr,BrunoBastosAssociation
American National No-GI Jiu-Jitsu Championship 2015,Master2/Male/Purple/OpenClass,1,ChrisSpanellis,GracieBarra
American National No-GI Jiu-Jitsu Championship 2015,Master2/Male/Purple/OpenClass,2,TroyCarlsen,RodrigoVaghiBJJ
American National No-GI Jiu-Jitsu Championship 2015,Master2/Male/Purple/OpenClass,3,BruceNardone,GuerrillaJiuJitsu
American National No-GI Jiu-Jitsu Championship 2015,Master2/Male/Purple/OpenClass,3,CHRISROTTINGER,NovaUnião
American National No-GI Jiu-Jitsu Championship 2015,Master2/Male/Brown/Light-Feather,1,HectorVasquez,AllianceLosAngeles
American National No-GI Jiu-Jitsu Championship 2015,Master2/Male/Brown/Light-Feather,2,JeffMacatangay,GracieBarra
American National No-GI Jiu-Jitsu Championship 2015,Master2/Male/Brown/Light-Feather,3,DavidKeithWerner,JeanJacquesMachadoBJJ
American National No-GI Jiu-Jitsu Championship 2015,Master2/Male/Brown/Feather,1,PauloWesson,GracieBarra
American National No-GI Jiu-Jitsu Championship 2015,Master2/Male/Brown/Feather,2,NakiaL.McCauley,CombatSportsBoston
American National No-GI Jiu-Jitsu Championship 2015,Master2/Male/Brown/Light,1,AngelPaulLopez,TinguinhaBJJacademy
American National No-GI Jiu-Jitsu Championship 2015,Master2/Male/Brown/Light,2,AndersondeCarvalhoRossi,AtosJiu,Jitsu
American National No-GI Jiu-Jitsu Championship 2015,Master2/Male/Brown/Middle,1,PiersR.Roberts,GracieBarra
American National No-GI Jiu-Jitsu Championship 2015,Master2/Male/Brown/Middle,2,AnthonyMichaelDonze,SouthBJJ
American National No-GI Jiu-Jitsu Championship 2015,Master2/Male/Brown/Middle,3,BrianDavisMansfield,GracieBarra
American National No-GI Jiu-Jitsu Championship 2015,Master2/Male/Brown/Medium-Heavy,1,LawrenceC.Dunning,ValkoBJJ
American National No-GI Jiu-Jitsu Championship 2015,Master2/Male/Brown/Medium-Heavy,2,RichardSelmarBothun,YemasoBrazilianJiu,Jitsu
American National No-GI Jiu-Jitsu Championship 2015,Master2/Male/Brown/Medium-Heavy,3,AngeloRobertSabadin,CheckMat
American National No-GI Jiu-Jitsu Championship 2015,Master2/Male/Brown/Medium-Heavy,3,AntoineEvans,CarlsonGracieTeam
American National No-GI Jiu-Jitsu Championship 2015,Master2/Male/Brown/Super-Heavy,1,JoshuaAHendricks,GracieBarra
American National No-GI Jiu-Jitsu Championship 2015,Master2/Male/Brown/Super-Heavy,2,ReeseDylanHall,SoulFightersBJJArizona
American National No-GI Jiu-Jitsu Championship 2015,Master2/Male/Brown/OpenClass,1,AngeloRobertSabadin,CheckMat
American National No-GI Jiu-Jitsu Championship 2015,Master2/Male/Brown/OpenClass,2,RichardSelmarBothun,YemasoBrazilianJiu,Jitsu
American National No-GI Jiu-Jitsu Championship 2015,Master2/Male/Brown/OpenClass,3,LawrenceC.Dunning,ValkoBJJ
American National No-GI Jiu-Jitsu Championship 2015,Master2/Male/Brown/OpenClass,3,PiersR.Roberts,GracieBarra
American National No-GI Jiu-Jitsu Championship 2015,Master2/Male/Black/Light,1,RobertMarkDembeck,ParagonBJJAcademy
American National No-GI Jiu-Jitsu Championship 2015,Master2/Male/Black/Light,2,MarlondRicauterLoorVera,AtosJiu,Jitsu
American National No-GI Jiu-Jitsu Championship 2015,Master2/Male/Black/Light,3,DanielPatrickHead,AtosJiu,Jitsu
American National No-GI Jiu-Jitsu Championship 2015,Master2/Male/Black/Light,3,MarcelodeMattosSouza,TigerSharkBJJ
American National No-GI Jiu-Jitsu Championship 2015,Master2/Male/Black/Middle,1,ChrisLeeColdiron,CheckMat
American National No-GI Jiu-Jitsu Championship 2015,Master2/Male/Black/Middle,2,KyleLaneWatson,McVicker'sBJJ
American National No-GI Jiu-Jitsu Championship 2015,Master2/Male/Black/Middle,3,JohnnyZemouli,BrazilianTopTeam
American National No-GI Jiu-Jitsu Championship 2015,Master2/Male/Black/Medium-Heavy,1,AldoJanuariodeOliveira,CaveirinhaJiu,JitsuFamilyUSA
American National No-GI Jiu-Jitsu Championship 2015,Master2/Male/Black/Medium-Heavy,2,FranciscoTupinambasMartins,FightSports
American National No-GI Jiu-Jitsu Championship 2015,Master2/Male/Black/Heavy,1,LukeHarris,ZenithBJJ
American National No-GI Jiu-Jitsu Championship 2015,Master2/Male/Black/Heavy,2,BryantScottPangelinan,CarlosSapaoBJJ
American National No-GI Jiu-Jitsu Championship 2015,Master2/Male/Black/Heavy,3,AnthonyA.Carlson,RodrigoVaghiBJJ
American National No-GI Jiu-Jitsu Championship 2015,Master2/Male/Black/Super-Heavy,1,JohnEdwardClarke,CarlsonGracieTeam
American National No-GI Jiu-Jitsu Championship 2015,Master2/Male/Black/Super-Heavy,2,TylerScottBosard,GracieBarra
American National No-GI Jiu-Jitsu Championship 2015,Master2/Male/Black/Ultra-Heavy,1,AlexBarrosdeOliveira,NovaUnião
American National No-GI Jiu-Jitsu Championship 2015,Master2/Male/Black/Ultra-Heavy,2,RodneyPGemar,SouthBJJ
American National No-GI Jiu-Jitsu Championship 2015,Master2/Male/Black/OpenClass,1,TylerScottBosard,GracieBarra
American National No-GI Jiu-Jitsu Championship 2015,Master2/Male/Black/OpenClass,2,LukeHarris,ZenithBJJ
American National No-GI Jiu-Jitsu Championship 2015,Master2/Male/Black/OpenClass,3,AnthonyA.Carlson,RodrigoVaghiBJJ
American National No-GI Jiu-Jitsu Championship 2015,Master2/Male/Black/OpenClass,3,FranciscoTupinambasMartins,FightSports
American National No-GI Jiu-Jitsu Championship 2015,Master3/Male/Blue/Middle,1,AlexanderMartinez,NovaUnião
American National No-GI Jiu-Jitsu Championship 2015,Master3/Male/Blue/Heavy,1,RobertGoodloe,BrazilianTopTeam
American National No-GI Jiu-Jitsu Championship 2015,Master3/Male/Purple/Feather,1,MichaelDonovan,GracieHumaita
American National No-GI Jiu-Jitsu Championship 2015,Master3/Male/Purple/Feather,2,MichaelChungsikYun,GracieBarra
American National No-GI Jiu-Jitsu Championship 2015,Master3/Male/Purple/Light,1,JakeBell,EastonBJJ
American National No-GI Jiu-Jitsu Championship 2015,Master3/Male/Purple/Light,2,RodríguezIvan,RenzoGracieMexico
American National No-GI Jiu-Jitsu Championship 2015,Master3/Male/Purple/Middle,1,RobertAllenConsulmagno,Balance
American National No-GI Jiu-Jitsu Championship 2015,Master3/Male/Purple/Middle,2,SteveTaligatos,SoNoBJJ
American National No-GI Jiu-Jitsu Championship 2015,Master3/Male/Purple/Middle,3,OmurCor,JCBJJ
American National No-GI Jiu-Jitsu Championship 2015,Master3/Male/Purple/Medium-Heavy,1,AlexanderC.Jutis,CreightonMixedMartialArtsAcademy
American National No-GI Jiu-Jitsu Championship 2015,Master3/Male/Purple/Heavy,1,JorgeCalviñoArosemena,EwingBJJAssociation
American National No-GI Jiu-Jitsu Championship 2015,Master3/Male/Purple/Super-Heavy,1,ChristopherMichaelGlew,BrazilianTopTeam
American National No-GI Jiu-Jitsu Championship 2015,Master3/Male/Purple/Super-Heavy,2,JasonAllenKleeger,CheckMat
American National No-GI Jiu-Jitsu Championship 2015,Master3/Male/Purple/OpenClass,1,AlexanderC.Jutis,CreightonMixedMartialArtsAcademy
American National No-GI Jiu-Jitsu Championship 2015,Master3/Male/Purple/OpenClass,2,RodríguezIvan,RenzoGracieMexico
American National No-GI Jiu-Jitsu Championship 2015,Master3/Male/Brown/Middle,1,GilbertBallChin,GracieBarra
American National No-GI Jiu-Jitsu Championship 2015,Master3/Male/Brown/Ultra-Heavy,1,MichaelTaylorBrown,JeanJacquesMachadoBJJ
American National No-GI Jiu-Jitsu Championship 2015,Master3/Male/Black/Feather,1,FrankAnthonyCurrieri,ZenithBJJ
American National No-GI Jiu-Jitsu Championship 2015,Master3/Male/Black/Feather,2,DavidAngelBazan,CobraKaiJiuJitsu
American National No-GI Jiu-Jitsu Championship 2015,Master3/Male/Black/Light,1,SuyanLopesQueiroz,CarlsonGracieTeam
American National No-GI Jiu-Jitsu Championship 2015,Master3/Male/Black/Light,2,MarcioJ.Silva,NewEnglandUnited
American National No-GI Jiu-Jitsu Championship 2015,Master3/Male/Black/Light,3,AntonioAlvarado,GracieBarra
American National No-GI Jiu-Jitsu Championship 2015,Master3/Male/Black/Middle,1,MichaelCeijas,Raid,FredsonPaixaoBJJLasVegas
American National No-GI Jiu-Jitsu Championship 2015,Master3/Male/Black/Middle,2,TomD.Knox,CleberJiuJitsu
American National No-GI Jiu-Jitsu Championship 2015,Master3/Male/Black/Heavy,1,HaimGozali,RenzoGracieIsrael
American National No-GI Jiu-Jitsu Championship 2015,Master3/Male/Black/Heavy,2,ChristopherJosephLatino,CiaPaulistaUSA
American National No-GI Jiu-Jitsu Championship 2015,Master3/Male/Black/Super-Heavy,1,RicardoMillerRibeiro,ParagonBJJAcademy
American National No-GI Jiu-Jitsu Championship 2015,Master3/Male/Black/Super-Heavy,2,RhodisleyWilsonRosaJunior,NovaUnião
American National No-GI Jiu-Jitsu Championship 2015,Master3/Male/Black/Ultra-Heavy,1,KurtWShrout,EastonBJJ
American National No-GI Jiu-Jitsu Championship 2015,Master3/Male/Black/Ultra-Heavy,2,NielsSondergaardBurgess,CleberJiuJitsu
American National No-GI Jiu-Jitsu Championship 2015,Master3/Male/Black/OpenClass,1,NielsSondergaardBurgess,CleberJiuJitsu
American National No-GI Jiu-Jitsu Championship 2015,Master3/Male/Black/OpenClass,2,KurtWShrout,EastonBJJ
American National No-GI Jiu-Jitsu Championship 2015,Master3/Male/Black/OpenClass,3,ChristopherJosephLatino,CiaPaulistaUSA
American National No-GI Jiu-Jitsu Championship 2015,Master4/Male/Blue/Middle,1,MatthewClydeGrant,RibeiroJiu,Jitsu
American National No-GI Jiu-Jitsu Championship 2015,Master4/Male/Blue/Heavy,1,garypatterson,ImpactJiuJitsu
American National No-GI Jiu-Jitsu Championship 2015,Master4/Male/Blue/Super-Heavy,1,JamesClark,WolfpackBJJ
American National No-GI Jiu-Jitsu Championship 2015,Master4/Male/Blue/OpenClass,1,JamesClark,WolfpackBJJ
American National No-GI Jiu-Jitsu Championship 2015,Master4/Male/Blue/OpenClass,2,garypatterson,ImpactJiuJitsu
American National No-GI Jiu-Jitsu Championship 2015,Master4/Male/Purple/Medium-Heavy,1,GeneCook,CarlsonGracieTeam
American National No-GI Jiu-Jitsu Championship 2015,Master4/Male/Purple/Medium-Heavy,2,ShaunDonaldHolmstrom,ZenithBJJ
American National No-GI Jiu-Jitsu Championship 2015,Master4/Male/Purple/Medium-Heavy,3,JoaoCarlosSilva,RibeiroJiu,Jitsu
American National No-GI Jiu-Jitsu Championship 2015,Master4/Male/Purple/Ultra-Heavy,1,MichaelJamesGottesman,TeamRabadiBrazilianJiu,Jitsu
American National No-GI Jiu-Jitsu Championship 2015,Master4/Male/Purple/OpenClass,1,GeneCook,CarlsonGracieTeam
American National No-GI Jiu-Jitsu Championship 2015,Master4/Male/Purple/OpenClass,2,ShaunDonaldHolmstrom,ZenithBJJ
American National No-GI Jiu-Jitsu Championship 2015,Master4/Male/Brown/Middle,1,KevinP.Menard,ZenithBJJ
American National No-GI Jiu-Jitsu Championship 2015,Master4/Male/Brown/Middle,2,TonySchneider,StartBrazilianJiu,Jitsu
American National No-GI Jiu-Jitsu Championship 2015,Master4/Male/Brown/Middle,3,FrankAnthonyMiranda,RibeiroJiu,Jitsu
American National No-GI Jiu-Jitsu Championship 2015,Master4/Male/Brown/Heavy,1,SeanStarn,GrapplingUnlimited
American National No-GI Jiu-Jitsu Championship 2015,Master4/Male/Brown/Heavy,2,JohnWilliamDiedenhofenIV,CheckMat
American National No-GI Jiu-Jitsu Championship 2015,Master4/Male/Brown/Ultra-Heavy,1,DavidBennett,RenatoTavaresAssociation
American National No-GI Jiu-Jitsu Championship 2015,Master4/Male/Brown/Ultra-Heavy,2,RickyTubbs,GracieBarra
American National No-GI Jiu-Jitsu Championship 2015,Master4/Male/Brown/OpenClass,1,JohnWilliamDiedenhofenIV,CheckMat
American National No-GI Jiu-Jitsu Championship 2015,Master4/Male/Brown/OpenClass,2,RickyTubbs,GracieBarra
American National No-GI Jiu-Jitsu Championship 2015,Master4/Male/Black/Light,1,VinceVanderlipe,ClaudioFranca
American National No-GI Jiu-Jitsu Championship 2015,Master4/Male/Black/Light,2,ChrisAlanWells,UnifiedJiuJitsu
