British National IBJJF Jiu-Jitsu No-Gi Championship 2018,Adult/Male/Blue/Rooster,1,JohnPabloValottoDeLima,CheckMat
British National IBJJF Jiu-Jitsu No-Gi Championship 2018,Adult/Male/Blue/Rooster,2,AdamWilson,VitorShaolinBJJInternational
British National IBJJF Jiu-Jitsu No-Gi Championship 2018,Adult/Male/Blue/Light-Feather,1,JamieDixon,SatoriBJJ
British National IBJJF Jiu-Jitsu No-Gi Championship 2018,Adult/Male/Blue/Light-Feather,2,DaniloAntonioFesta,GracieBarra
British National IBJJF Jiu-Jitsu No-Gi Championship 2018,Adult/Male/Blue/Light-Feather,3,SunnyBurrha,CheckMat
British National IBJJF Jiu-Jitsu No-Gi Championship 2018,Adult/Male/Blue/Feather,1,RobinBohlin,ArtofJiuJitsuAcademy
British National IBJJF Jiu-Jitsu No-Gi Championship 2018,Adult/Male/Blue/Feather,2,OmarSargent,IconJiu,JitsuTeam
British National IBJJF Jiu-Jitsu No-Gi Championship 2018,Adult/Male/Blue/Feather,3,ArnoldsPodgaiskis,BJJAcademyLV,PedroSauerTeam
British National IBJJF Jiu-Jitsu No-Gi Championship 2018,Adult/Male/Blue/Feather,3,GusztávCsorba,ZRTeamHungary
British National IBJJF Jiu-Jitsu No-Gi Championship 2018,Adult/Male/Blue/Light,1,NicolasIgnacioPonceGallegos,NovaUniãoInternational
British National IBJJF Jiu-Jitsu No-Gi Championship 2018,Adult/Male/Blue/Light,2,CianÓMurchadhaFlynn,BJJRevolutionTeam,International
British National IBJJF Jiu-Jitsu No-Gi Championship 2018,Adult/Male/Blue/Light,3,JorgeRodrigues,CheckMat
British National IBJJF Jiu-Jitsu No-Gi Championship 2018,Adult/Male/Blue/Light,3,LukaszDanielKozlowski,StrongerBJJ
British National IBJJF Jiu-Jitsu No-Gi Championship 2018,Adult/Male/Blue/Middle,1,AteequeAhmad,CheckMat
British National IBJJF Jiu-Jitsu No-Gi Championship 2018,Adult/Male/Blue/Middle,2,FahadAliAlmarri,GFTeam
British National IBJJF Jiu-Jitsu No-Gi Championship 2018,Adult/Male/Blue/Middle,3,JoaoFabricioSousa,BrazilianPowerTeamInternational
British National IBJJF Jiu-Jitsu No-Gi Championship 2018,Adult/Male/Blue/Medium-Heavy,1,BartoszGoclon,StrongerBJJ
British National IBJJF Jiu-Jitsu No-Gi Championship 2018,Adult/Male/Blue/Medium-Heavy,2,MaucotelMaxime,MakoTeamParis
British National IBJJF Jiu-Jitsu No-Gi Championship 2018,Adult/Male/Blue/Medium-Heavy,3,CharlesFrancisTromans,BrazilianPowerTeamInternational
British National IBJJF Jiu-Jitsu No-Gi Championship 2018,Adult/Male/Blue/Medium-Heavy,3,MaartenDennisEWouters,Brasa/CTA/RT
British National IBJJF Jiu-Jitsu No-Gi Championship 2018,Adult/Male/Blue/Heavy,1,RossDrummond,RogerGracieGymbox
British National IBJJF Jiu-Jitsu No-Gi Championship 2018,Adult/Male/Blue/Heavy,2,rikBroux,BrasaCTA
British National IBJJF Jiu-Jitsu No-Gi Championship 2018,Adult/Male/Blue/Super-Heavy,1,HeltonAntonio,BMBNorwichBJJTeam
British National IBJJF Jiu-Jitsu No-Gi Championship 2018,Adult/Male/Blue/Super-Heavy,2,MohamadNabil,RogerGracieAcademy
British National IBJJF Jiu-Jitsu No-Gi Championship 2018,Adult/Male/Blue/Ultra-Heavy,1,ViniciusDosSantosIzidoro,RilionGracie
British National IBJJF Jiu-Jitsu No-Gi Championship 2018,Adult/Male/Blue/Ultra-Heavy,2,JonJamesBumstead,CheckMat
British National IBJJF Jiu-Jitsu No-Gi Championship 2018,Adult/Male/Blue/Enum_WeightDivision_OpenClass_Label,1,rikBroux,BrasaCTA
British National IBJJF Jiu-Jitsu No-Gi Championship 2018,Adult/Male/Blue/Enum_WeightDivision_OpenClass_Label,2,MaartenDennisEWouters,Brasa/CTA/RT
British National IBJJF Jiu-Jitsu No-Gi Championship 2018,Adult/Male/Blue/Enum_WeightDivision_OpenClass_Label,3,OmarSargent,IconJiu,JitsuTeam
British National IBJJF Jiu-Jitsu No-Gi Championship 2018,Adult/Male/Blue/Enum_WeightDivision_OpenClass_Label,3,RobinBohlin,ArtofJiuJitsuAcademy
British National IBJJF Jiu-Jitsu No-Gi Championship 2018,Adult/Male/Purple/Feather,1,PaulBerthomieu,RibeiroJiu,Jitsu
British National IBJJF Jiu-Jitsu No-Gi Championship 2018,Adult/Male/Purple/Feather,2,JohnWoodman,CSA
British National IBJJF Jiu-Jitsu No-Gi Championship 2018,Adult/Male/Purple/Light,1,ManuelYustaZato,IngloriousGrapplers
British National IBJJF Jiu-Jitsu No-Gi Championship 2018,Adult/Male/Purple/Light,2,SamSpencer,PredatorsMMA
British National IBJJF Jiu-Jitsu No-Gi Championship 2018,Adult/Male/Purple/Light,3,HoiKenNg,GracieBarra
British National IBJJF Jiu-Jitsu No-Gi Championship 2018,Adult/Male/Purple/Light,3,RomaoPereiraDeCarvalho,CheckMat
British National IBJJF Jiu-Jitsu No-Gi Championship 2018,Adult/Male/Purple/Middle,1,ThomasMagnitis,CarlsonGracieTeam
British National IBJJF Jiu-Jitsu No-Gi Championship 2018,Adult/Male/Purple/Middle,2,LukaszKedzierski,NewSchoolBJJ
British National IBJJF Jiu-Jitsu No-Gi Championship 2018,Adult/Male/Purple/Middle,3,AlexanderLenosAlexandrou,RogerGracieAcademy
British National IBJJF Jiu-Jitsu No-Gi Championship 2018,Adult/Male/Purple/Middle,3,JoelPaulSmithson,BMBNorwichBJJTeam
British National IBJJF Jiu-Jitsu No-Gi Championship 2018,Adult/Male/Purple/Medium-Heavy,1,BartoszPawełLewandowski,RogerGracieAcademy
British National IBJJF Jiu-Jitsu No-Gi Championship 2018,Adult/Male/Purple/Heavy,1,MaartenBauwens,CheckMat
British National IBJJF Jiu-Jitsu No-Gi Championship 2018,Adult/Male/Purple/Super-Heavy,1,LewisThorne,CheckMat
British National IBJJF Jiu-Jitsu No-Gi Championship 2018,Adult/Male/Purple/Super-Heavy,2,johnsheridan,SatoriBJJ
British National IBJJF Jiu-Jitsu No-Gi Championship 2018,Adult/Male/Purple/Enum_WeightDivision_OpenClass_Label,1,johnsheridan,SatoriBJJ
British National IBJJF Jiu-Jitsu No-Gi Championship 2018,Adult/Male/Purple/Enum_WeightDivision_OpenClass_Label,2,ManuelYustaZato,IngloriousGrapplers
British National IBJJF Jiu-Jitsu No-Gi Championship 2018,Adult/Male/Purple/Enum_WeightDivision_OpenClass_Label,3,LewisThorne,CheckMat
British National IBJJF Jiu-Jitsu No-Gi Championship 2018,Adult/Male/Purple/Enum_WeightDivision_OpenClass_Label,3,MaartenBauwens,CheckMat
British National IBJJF Jiu-Jitsu No-Gi Championship 2018,Adult/Male/Brown/Light,1,FranciscoJonasBorgesAndrade,PSLPBCiceroCostha
British National IBJJF Jiu-Jitsu No-Gi Championship 2018,Adult/Male/Brown/Light,2,EricdeLaSablière,GFTeam
British National IBJJF Jiu-Jitsu No-Gi Championship 2018,Adult/Male/Brown/Light,3,BrunoAlavarce,MascaranhasTeam
British National IBJJF Jiu-Jitsu No-Gi Championship 2018,Adult/Male/Brown/Super-Heavy,1,FredericVosgröne,CarlsonGracieTeam
British National IBJJF Jiu-Jitsu No-Gi Championship 2018,Adult/Male/Brown/Super-Heavy,2,MaxBickerton,IngloriousGrapplers
British National IBJJF Jiu-Jitsu No-Gi Championship 2018,Adult/Male/Brown/Ultra-Heavy,1,SebastianBlack,CheckMat
British National IBJJF Jiu-Jitsu No-Gi Championship 2018,Adult/Male/Brown/Enum_WeightDivision_OpenClass_Label,1,FredericVosgröne,CarlsonGracieTeam
British National IBJJF Jiu-Jitsu No-Gi Championship 2018,Adult/Male/Brown/Enum_WeightDivision_OpenClass_Label,2,MaxBickerton,IngloriousGrapplers
British National IBJJF Jiu-Jitsu No-Gi Championship 2018,Adult/Male/Brown/Enum_WeightDivision_OpenClass_Label,3,BrunoAlavarce,MascaranhasTeam
British National IBJJF Jiu-Jitsu No-Gi Championship 2018,Adult/Male/Brown/Enum_WeightDivision_OpenClass_Label,3,FranciscoJonasBorgesAndrade,PSLPBCiceroCostha
British National IBJJF Jiu-Jitsu No-Gi Championship 2018,Adult/Male/Black/Feather,1,BarucMartinBarrios,BMBNorwichBJJTeam
British National IBJJF Jiu-Jitsu No-Gi Championship 2018,Adult/Male/Black/Middle,1,AndreasAchniotisPerales,RenzoGracieInternational
British National IBJJF Jiu-Jitsu No-Gi Championship 2018,Adult/Male/Black/Heavy,1,FredericoPintoCesardeAlmeida,OtáviodeAlmeida
British National IBJJF Jiu-Jitsu No-Gi Championship 2018,Adult/Male/Black/Heavy,2,JulianoSilvaRocha,AtosJiu,Jitsu
British National IBJJF Jiu-Jitsu No-Gi Championship 2018,Adult/Male/Black/Ultra-Heavy,1,RubenAraújoFonseca,NettoBrazilianJiu,Jitsu
British National IBJJF Jiu-Jitsu No-Gi Championship 2018,Adult/Male/Black/Enum_WeightDivision_OpenClass_Label,1,AndreasAchniotisPerales,RenzoGracieInternational
British National IBJJF Jiu-Jitsu No-Gi Championship 2018,Adult/Male/Black/Enum_WeightDivision_OpenClass_Label,2,RubenAraújoFonseca,NettoBrazilianJiu,Jitsu
British National IBJJF Jiu-Jitsu No-Gi Championship 2018,Adult/Male/Black/Enum_WeightDivision_OpenClass_Label,3,BarucMartinBarrios,BMBNorwichBJJTeam
British National IBJJF Jiu-Jitsu No-Gi Championship 2018,Adult/Male/Black/Enum_WeightDivision_OpenClass_Label,3,JulianoSilvaRocha,AtosJiu,Jitsu
British National IBJJF Jiu-Jitsu No-Gi Championship 2018,Adult/Female/Blue/Light-Feather,1,LeahBudd,ECJJA
British National IBJJF Jiu-Jitsu No-Gi Championship 2018,Adult/Female/Blue/Light-Feather,2,FionaLee,CheckMat
British National IBJJF Jiu-Jitsu No-Gi Championship 2018,Adult/Female/Blue/Feather,1,EmmaJaynePursey,ECJJA
British National IBJJF Jiu-Jitsu No-Gi Championship 2018,Adult/Female/Blue/Feather,2,KimberleyGillon,GracieBarra
British National IBJJF Jiu-Jitsu No-Gi Championship 2018,Adult/Female/Blue/Middle,1,RachaelMorgan,RioGrapplingClubEurope
British National IBJJF Jiu-Jitsu No-Gi Championship 2018,Adult/Female/Blue/Middle,2,CherisseDavis,IconJiu,JitsuTeam
British National IBJJF Jiu-Jitsu No-Gi Championship 2018,Adult/Female/Blue/Super-Heavy,1,AnaErceg,AustralianEliteTeam
British National IBJJF Jiu-Jitsu No-Gi Championship 2018,Adult/Female/Blue/Enum_WeightDivision_OpenClass_Label,1,AnaErceg,AustralianEliteTeam
British National IBJJF Jiu-Jitsu No-Gi Championship 2018,Adult/Female/Blue/Enum_WeightDivision_OpenClass_Label,2,LeahBudd,ECJJA
British National IBJJF Jiu-Jitsu No-Gi Championship 2018,Adult/Female/Blue/Enum_WeightDivision_OpenClass_Label,3,CherisseDavis,IconJiu,JitsuTeam
British National IBJJF Jiu-Jitsu No-Gi Championship 2018,Adult/Female/Blue/Enum_WeightDivision_OpenClass_Label,3,EmmaJaynePursey,ECJJA
British National IBJJF Jiu-Jitsu No-Gi Championship 2018,Adult/Female/Purple/Light-Feather,1,LinnJennyMariaHansson,99NineNineJJ,International
British National IBJJF Jiu-Jitsu No-Gi Championship 2018,Adult/Female/Purple/Light-Feather,2,HusnaNessa,IngloriousGrapplers
British National IBJJF Jiu-Jitsu No-Gi Championship 2018,Adult/Female/Purple/Light,1,HelenHarper,IngloriousGrapplers
British National IBJJF Jiu-Jitsu No-Gi Championship 2018,Adult/Female/Purple/Light,2,MarinaMavrou,CarlsonGracieTeam
British National IBJJF Jiu-Jitsu No-Gi Championship 2018,Adult/Female/Purple/Enum_WeightDivision_OpenClass_Label,1,HelenHarper,IngloriousGrapplers
British National IBJJF Jiu-Jitsu No-Gi Championship 2018,Adult/Female/Purple/Enum_WeightDivision_OpenClass_Label,2,LinnJennyMariaHansson,99NineNineJJ,International
British National IBJJF Jiu-Jitsu No-Gi Championship 2018,Adult/Female/Purple/Enum_WeightDivision_OpenClass_Label,3,HusnaNessa,IngloriousGrapplers
British National IBJJF Jiu-Jitsu No-Gi Championship 2018,Adult/Female/Purple/Enum_WeightDivision_OpenClass_Label,3,MarinaMavrou,CarlsonGracieTeam
British National IBJJF Jiu-Jitsu No-Gi Championship 2018,Adult/Female/Brown/Feather,1,JolieBoyle,GracieBarra
British National IBJJF Jiu-Jitsu No-Gi Championship 2018,Adult/Female/Brown/Feather,2,EmmaC.Crick,QatarBJJ
British National IBJJF Jiu-Jitsu No-Gi Championship 2018,Adult/Female/Brown/Light,1,LauraMiskMiller,GetFight
British National IBJJF Jiu-Jitsu No-Gi Championship 2018,Adult/Female/Brown/Enum_WeightDivision_OpenClass_Label,1,LauraMiskMiller,GetFight
British National IBJJF Jiu-Jitsu No-Gi Championship 2018,Adult/Female/Brown/Enum_WeightDivision_OpenClass_Label,2,EmmaC.Crick,QatarBJJ
British National IBJJF Jiu-Jitsu No-Gi Championship 2018,Adult/Female/Black/Feather,1,LaurenceCousinFouillat,RibeiroJiu,Jitsu
British National IBJJF Jiu-Jitsu No-Gi Championship 2018,Adult/Female/Black/Medium-Heavy,1,MoniqueRicardoCarvalho,CheckMat
British National IBJJF Jiu-Jitsu No-Gi Championship 2018,Adult/Female/Black/Heavy,1,ClaudiaFernandaOnofreValimDoval,DeLaRivaJJ
British National IBJJF Jiu-Jitsu No-Gi Championship 2018,Adult/Female/Black/Enum_WeightDivision_OpenClass_Label,1,MoniqueRicardoCarvalho,CheckMat
British National IBJJF Jiu-Jitsu No-Gi Championship 2018,Adult/Female/Black/Enum_WeightDivision_OpenClass_Label,2,ClaudiaFernandaOnofreValimDoval,DeLaRivaJJ
British National IBJJF Jiu-Jitsu No-Gi Championship 2018,Adult/Female/Black/Enum_WeightDivision_OpenClass_Label,3,LaurenceCousinFouillat,RibeiroJiu,Jitsu
British National IBJJF Jiu-Jitsu No-Gi Championship 2018,Master1/Male/Blue/Feather,1,AhileasBolovan,DeSouzaDojo
British National IBJJF Jiu-Jitsu No-Gi Championship 2018,Master1/Male/Blue/Feather,2,EvgenijsVolkovs,RogerGracieAcademy
British National IBJJF Jiu-Jitsu No-Gi Championship 2018,Master1/Male/Blue/Light,1,TobiaszSeifert,CarlsonGracieTeam
British National IBJJF Jiu-Jitsu No-Gi Championship 2018,Master1/Male/Blue/Middle,1,BernardoDeOliveira,FrontlineAcademy
British National IBJJF Jiu-Jitsu No-Gi Championship 2018,Master1/Male/Blue/Middle,2,JosephStephenScott,RogerGracieAcademy
British National IBJJF Jiu-Jitsu No-Gi Championship 2018,Master1/Male/Blue/Middle,3,DanielMarashi,Jiu,JitsuBrotherhood
British National IBJJF Jiu-Jitsu No-Gi Championship 2018,Master1/Male/Blue/Middle,3,FabianBiedermann,GracieBarra
British National IBJJF Jiu-Jitsu No-Gi Championship 2018,Master1/Male/Blue/Medium-Heavy,1,SeyeBolade,CarlsonGracieTeam
British National IBJJF Jiu-Jitsu No-Gi Championship 2018,Master1/Male/Blue/Medium-Heavy,2,AlexisTommasin,VivaZapataJiuJitsu
British National IBJJF Jiu-Jitsu No-Gi Championship 2018,Master1/Male/Blue/Medium-Heavy,3,SebastianoRagusa,CheckMat
British National IBJJF Jiu-Jitsu No-Gi Championship 2018,Master1/Male/Blue/Heavy,1,PatrickJalloh,CheckMat
British National IBJJF Jiu-Jitsu No-Gi Championship 2018,Master1/Male/Blue/Heavy,2,ThyagoAugustoLopes,BJJBritoJiu,Jitsu
British National IBJJF Jiu-Jitsu No-Gi Championship 2018,Master1/Male/Blue/Enum_WeightDivision_OpenClass_Label,1,PatrickJalloh,CheckMat
British National IBJJF Jiu-Jitsu No-Gi Championship 2018,Master1/Male/Blue/Enum_WeightDivision_OpenClass_Label,2,BernardoDeOliveira,FrontlineAcademy
British National IBJJF Jiu-Jitsu No-Gi Championship 2018,Master1/Male/Blue/Enum_WeightDivision_OpenClass_Label,3,AhileasBolovan,DeSouzaDojo
British National IBJJF Jiu-Jitsu No-Gi Championship 2018,Master1/Male/Blue/Enum_WeightDivision_OpenClass_Label,3,EvgenijsVolkovs,RogerGracieAcademy
British National IBJJF Jiu-Jitsu No-Gi Championship 2018,Master1/Male/Purple/Feather,1,IrisneyCezarioBarbosaDeLima,BlackHelmetIreland
British National IBJJF Jiu-Jitsu No-Gi Championship 2018,Master1/Male/Purple/Feather,2,JavierAntonioSmith,MauroSergioBJJ
British National IBJJF Jiu-Jitsu No-Gi Championship 2018,Master1/Male/Purple/Light,1,ChristopherNewman,CheckMat
British National IBJJF Jiu-Jitsu No-Gi Championship 2018,Master1/Male/Purple/Light,2,TariqAl,Naif,RogerGracieAcademy
British National IBJJF Jiu-Jitsu No-Gi Championship 2018,Master1/Male/Purple/Middle,1,ChristopherGeoffreyRushmer,CarlsonGracieTeam
British National IBJJF Jiu-Jitsu No-Gi Championship 2018,Master1/Male/Purple/Middle,2,JonathanLippiatt,PhuketTopTeam,MMATrainingCampThailand
British National IBJJF Jiu-Jitsu No-Gi Championship 2018,Master1/Male/Purple/Medium-Heavy,1,NathanJones,IngloriousGrapplers
British National IBJJF Jiu-Jitsu No-Gi Championship 2018,Master1/Male/Purple/Medium-Heavy,2,DainisBarkans,BJJAcademyLV,PedroSauerTeam
British National IBJJF Jiu-Jitsu No-Gi Championship 2018,Master1/Male/Purple/Medium-Heavy,3,TomStevenAylott,FightCityGym,ZRTeamAssociation
British National IBJJF Jiu-Jitsu No-Gi Championship 2018,Master1/Male/Purple/Medium-Heavy,3,WilsonJoséDaSilva,SBGIreland
British National IBJJF Jiu-Jitsu No-Gi Championship 2018,Master1/Male/Purple/Heavy,1,MarcosMacedo,StrongerBJJ
British National IBJJF Jiu-Jitsu No-Gi Championship 2018,Master1/Male/Purple/Heavy,2,CormacChesser,BJJRevolutionTeam,International
British National IBJJF Jiu-Jitsu No-Gi Championship 2018,Master1/Male/Purple/Enum_WeightDivision_OpenClass_Label,1,ChristopherNewman,CheckMat
British National IBJJF Jiu-Jitsu No-Gi Championship 2018,Master1/Male/Purple/Enum_WeightDivision_OpenClass_Label,2,WilsonJoséDaSilva,SBGIreland
British National IBJJF Jiu-Jitsu No-Gi Championship 2018,Master1/Male/Purple/Enum_WeightDivision_OpenClass_Label,3,IrisneyCezarioBarbosaDeLima,BlackHelmetIreland
British National IBJJF Jiu-Jitsu No-Gi Championship 2018,Master1/Male/Purple/Enum_WeightDivision_OpenClass_Label,3,JonathanLippiatt,PhuketTopTeam,MMATrainingCampThailand
British National IBJJF Jiu-Jitsu No-Gi Championship 2018,Master1/Male/Brown/Feather,1,AlexdosSantosSouza,SheknahTeam
British National IBJJF Jiu-Jitsu No-Gi Championship 2018,Master1/Male/Brown/Heavy,1,JackEdwardBurrell,MillHillBJJ
British National IBJJF Jiu-Jitsu No-Gi Championship 2018,Master1/Male/Brown/Heavy,2,StefanUittenboogaard,GracieBarra
British National IBJJF Jiu-Jitsu No-Gi Championship 2018,Master1/Male/Brown/Super-Heavy,1,BronislavStríž,GoldTeamFighters
British National IBJJF Jiu-Jitsu No-Gi Championship 2018,Master1/Male/Brown/Super-Heavy,2,AlexBristow,RJJCEurope
British National IBJJF Jiu-Jitsu No-Gi Championship 2018,Master1/Male/Brown/Super-Heavy,3,TyroneDerick,VitorShaolinBJJInternational
British National IBJJF Jiu-Jitsu No-Gi Championship 2018,Master1/Male/Brown/Ultra-Heavy,1,SadikCaglarYazman,CarlsonGracieTeam
British National IBJJF Jiu-Jitsu No-Gi Championship 2018,Master1/Male/Brown/Enum_WeightDivision_OpenClass_Label,1,StefanUittenboogaard,GracieBarra
British National IBJJF Jiu-Jitsu No-Gi Championship 2018,Master1/Male/Brown/Enum_WeightDivision_OpenClass_Label,2,SadikCaglarYazman,CarlsonGracieTeam
British National IBJJF Jiu-Jitsu No-Gi Championship 2018,Master1/Male/Brown/Enum_WeightDivision_OpenClass_Label,3,AlexBristow,RJJCEurope
British National IBJJF Jiu-Jitsu No-Gi Championship 2018,Master1/Male/Brown/Enum_WeightDivision_OpenClass_Label,3,AlexdosSantosSouza,SheknahTeam
British National IBJJF Jiu-Jitsu No-Gi Championship 2018,Master1/Male/Black/Light,1,PauloRobertodosSantosPeixoto,RogerGracieAcademyNorway
British National IBJJF Jiu-Jitsu No-Gi Championship 2018,Master1/Male/Black/Middle,1,FabrícioRibeirodeNovaes,CarlsonGracieTeam
British National IBJJF Jiu-Jitsu No-Gi Championship 2018,Master1/Male/Black/Middle,2,AdolfoFabricioBarretoMartinsJúnior,NovaUnião
British National IBJJF Jiu-Jitsu No-Gi Championship 2018,Master1/Male/Black/Medium-Heavy,1,PedroGarciaSantisteban,GFTeam
British National IBJJF Jiu-Jitsu No-Gi Championship 2018,Master1/Male/Black/Super-Heavy,1,VladimiroMiguelG.V.S.Afonso,BrazilianPowerTeamInternational
British National IBJJF Jiu-Jitsu No-Gi Championship 2018,Master1/Male/Black/Super-Heavy,2,EduardoRicardodeCarvalho,CheckMat
British National IBJJF Jiu-Jitsu No-Gi Championship 2018,Master1/Male/Black/Ultra-Heavy,1,ThiagoMascaranhas,MascaranhasTeam
British National IBJJF Jiu-Jitsu No-Gi Championship 2018,Master1/Male/Black/Enum_WeightDivision_OpenClass_Label,1,VladimiroMiguelG.V.S.Afonso,BrazilianPowerTeamInternational
British National IBJJF Jiu-Jitsu No-Gi Championship 2018,Master1/Male/Black/Enum_WeightDivision_OpenClass_Label,2,PauloRobertodosSantosPeixoto,RogerGracieAcademyNorway
British National IBJJF Jiu-Jitsu No-Gi Championship 2018,Master1/Male/Black/Enum_WeightDivision_OpenClass_Label,3,PedroGarciaSantisteban,GFTeam
British National IBJJF Jiu-Jitsu No-Gi Championship 2018,Master1/Male/Black/Enum_WeightDivision_OpenClass_Label,3,ThiagoMascaranhas,MascaranhasTeam
British National IBJJF Jiu-Jitsu No-Gi Championship 2018,Master2/Male/Blue/Feather,1,KristianHutt,CFSBJJ
British National IBJJF Jiu-Jitsu No-Gi Championship 2018,Master2/Male/Blue/Feather,2,TauseefImranUl,Haq,CarlsonGracieTeam
British National IBJJF Jiu-Jitsu No-Gi Championship 2018,Master2/Male/Blue/Feather,3,IoannisCharvalias,GracieBarra
British National IBJJF Jiu-Jitsu No-Gi Championship 2018,Master2/Male/Blue/Middle,1,ShaneDavidMansfield,CFSBJJ
British National IBJJF Jiu-Jitsu No-Gi Championship 2018,Master2/Male/Blue/Middle,2,MartinSaunders,CheckMat
British National IBJJF Jiu-Jitsu No-Gi Championship 2018,Master2/Male/Blue/Middle,3,RafalPluta,IconJiu,JitsuTeam
British National IBJJF Jiu-Jitsu No-Gi Championship 2018,Master2/Male/Blue/Heavy,1,KristianSackey,NevesBrazilianJiu,JitsuAssociation
British National IBJJF Jiu-Jitsu No-Gi Championship 2018,Master2/Male/Blue/Heavy,2,MatthewAllen,GracieBarra
British National IBJJF Jiu-Jitsu No-Gi Championship 2018,Master2/Male/Blue/Super-Heavy,1,RickLawanson,PredatorsMMA
British National IBJJF Jiu-Jitsu No-Gi Championship 2018,Master2/Male/Blue/Ultra-Heavy,1,AderitoDinizFumo,CarlsonGracieTeam
British National IBJJF Jiu-Jitsu No-Gi Championship 2018,Master2/Male/Blue/Enum_WeightDivision_OpenClass_Label,1,RickLawanson,PredatorsMMA
British National IBJJF Jiu-Jitsu No-Gi Championship 2018,Master2/Male/Blue/Enum_WeightDivision_OpenClass_Label,2,AderitoDinizFumo,CarlsonGracieTeam
British National IBJJF Jiu-Jitsu No-Gi Championship 2018,Master2/Male/Purple/Light,1,SebastianRyszardSwislocki,RogerGracieAcademy
British National IBJJF Jiu-Jitsu No-Gi Championship 2018,Master2/Male/Purple/Light,2,MatthewAnthonyJardine,RogerGracieAcademy
British National IBJJF Jiu-Jitsu No-Gi Championship 2018,Master2/Male/Purple/Light,3,CarlosJorgeNunesLopesTavares,NettoBrazilianJiu,Jitsu
British National IBJJF Jiu-Jitsu No-Gi Championship 2018,Master2/Male/Purple/Middle,1,NijadAlgosaibi,Alliance
British National IBJJF Jiu-Jitsu No-Gi Championship 2018,Master2/Male/Purple/Middle,2,LuisAmaral,CheckMat
British National IBJJF Jiu-Jitsu No-Gi Championship 2018,Master2/Male/Purple/Medium-Heavy,1,IanChristopherSheehan,GracieBarra
British National IBJJF Jiu-Jitsu No-Gi Championship 2018,Master2/Male/Purple/Medium-Heavy,2,AndreasWichmann,Jiu,JitsuBrotherhood
British National IBJJF Jiu-Jitsu No-Gi Championship 2018,Master2/Male/Purple/Heavy,1,TjMcmenamin,RilionGracieIreland
British National IBJJF Jiu-Jitsu No-Gi Championship 2018,Master2/Male/Purple/Super-Heavy,1,NunoBelo,HiltiFightcenterUppsala
British National IBJJF Jiu-Jitsu No-Gi Championship 2018,Master2/Male/Purple/Super-Heavy,2,AndrewDerekRowe,CheckMat
British National IBJJF Jiu-Jitsu No-Gi Championship 2018,Master2/Male/Purple/Ultra-Heavy,1,ColinNwadike,CheckMat
British National IBJJF Jiu-Jitsu No-Gi Championship 2018,Master2/Male/Purple/Ultra-Heavy,2,VitalijDraciov,CheckMat
British National IBJJF Jiu-Jitsu No-Gi Championship 2018,Master2/Male/Purple/Enum_WeightDivision_OpenClass_Label,1,ColinNwadike,CheckMat
British National IBJJF Jiu-Jitsu No-Gi Championship 2018,Master2/Male/Purple/Enum_WeightDivision_OpenClass_Label,2,VitalijDraciov,CheckMat
British National IBJJF Jiu-Jitsu No-Gi Championship 2018,Master2/Male/Purple/Enum_WeightDivision_OpenClass_Label,3,SebastianRyszardSwislocki,RogerGracieAcademy
British National IBJJF Jiu-Jitsu No-Gi Championship 2018,Master2/Male/Purple/Enum_WeightDivision_OpenClass_Label,3,TjMcmenamin,RilionGracieIreland
British National IBJJF Jiu-Jitsu No-Gi Championship 2018,Master2/Male/Brown/Feather,1,NeilAtkins,MarioSukataInternational
British National IBJJF Jiu-Jitsu No-Gi Championship 2018,Master2/Male/Brown/Feather,2,LeighRemedios,CFSBJJ
British National IBJJF Jiu-Jitsu No-Gi Championship 2018,Master2/Male/Brown/Feather,3,PrzemyslawSzczepanski,GracieBarra
British National IBJJF Jiu-Jitsu No-Gi Championship 2018,Master2/Male/Brown/Light,1,NicolasSébastienHoareau,GracieReunion
British National IBJJF Jiu-Jitsu No-Gi Championship 2018,Master2/Male/Brown/Middle,1,JamieStanleyHorsman,GracieBarra
British National IBJJF Jiu-Jitsu No-Gi Championship 2018,Master2/Male/Brown/Middle,2,TimClemens,BrigadeiroBJJ,UK
British National IBJJF Jiu-Jitsu No-Gi Championship 2018,Master2/Male/Brown/Middle,3,DavidMcConkey,ECJJA
British National IBJJF Jiu-Jitsu No-Gi Championship 2018,Master2/Male/Brown/Super-Heavy,1,MarceloRonyDahlke,CheckMat
British National IBJJF Jiu-Jitsu No-Gi Championship 2018,Master2/Male/Brown/Ultra-Heavy,1,SamuelKarlSchilder,ZRTeamUK
British National IBJJF Jiu-Jitsu No-Gi Championship 2018,Master2/Male/Brown/Enum_WeightDivision_OpenClass_Label,1,MarceloRonyDahlke,CheckMat
British National IBJJF Jiu-Jitsu No-Gi Championship 2018,Master2/Male/Black/Light-Feather,1,EnriquedeJesusVillasenorSarvide,CheckMat
British National IBJJF Jiu-Jitsu No-Gi Championship 2018,Master2/Male/Black/Light-Feather,2,ManjitSinghBhambra,IconJiu,JitsuTeam
British National IBJJF Jiu-Jitsu No-Gi Championship 2018,Master2/Male/Black/Light-Feather,3,SpencerHewitt,MauricioGomesOriginBJJTeam
British National IBJJF Jiu-Jitsu No-Gi Championship 2018,Master2/Male/Black/Light,1,MarcoAurelioOliveiraCanha,CheckMat
British National IBJJF Jiu-Jitsu No-Gi Championship 2018,Master2/Male/Black/Light,2,JoséRobertoVianadeBritodaSilva,StudioR1
British National IBJJF Jiu-Jitsu No-Gi Championship 2018,Master2/Male/Black/Middle,1,MarkThomasTurner,DemianMaiaJiu,JitsuUSA
British National IBJJF Jiu-Jitsu No-Gi Championship 2018,Master2/Male/Black/Medium-Heavy,1,CarlosCostaSantos,RogerGracieAcademy
British National IBJJF Jiu-Jitsu No-Gi Championship 2018,Master2/Male/Black/Medium-Heavy,2,MatthewJamesCallaghan,GracieBarra
British National IBJJF Jiu-Jitsu No-Gi Championship 2018,Master2/Male/Black/Medium-Heavy,3,PaulChristopherSevern,CheckMat
British National IBJJF Jiu-Jitsu No-Gi Championship 2018,Master2/Male/Black/Heavy,1,LucioSergiodosSantos,LucioSergioBJJLifestyle
British National IBJJF Jiu-Jitsu No-Gi Championship 2018,Master2/Male/Black/Heavy,2,LawrenceC.Dunning,ValkoBJJAcademy
British National IBJJF Jiu-Jitsu No-Gi Championship 2018,Master2/Male/Black/Enum_WeightDivision_OpenClass_Label,1,CarlosCostaSantos,RogerGracieAcademy
British National IBJJF Jiu-Jitsu No-Gi Championship 2018,Master2/Male/Black/Enum_WeightDivision_OpenClass_Label,2,LucioSergiodosSantos,LucioSergioBJJLifestyle
