Asian Jiu-Jitsu IBJJF Championship 2015,Juvenile/Male/White/Rooster,1,GustavoYukioBunya,ImpactoJapanB.J.J.
Asian Jiu-Jitsu IBJJF Championship 2015,Juvenile/Male/White/Rooster,2,AriunbayarBatdelger,MongolianBJJ
Asian Jiu-Jitsu IBJJF Championship 2015,Juvenile/Male/White/Light-Feather,1,PedroAkiraNemotoTavares,InfightJapanJiu,Jitsu
Asian Jiu-Jitsu IBJJF Championship 2015,Juvenile/Male/White/Light-Feather,2,LucasSaitoYumotoCampreguer,ImpactoJapanB.J.J.
Asian Jiu-Jitsu IBJJF Championship 2015,Juvenile/Male/White/Feather,1,VictorRyuichiYoshida,InfightJapanJiu,Jitsu
Asian Jiu-Jitsu IBJJF Championship 2015,Juvenile/Male/White/Feather,2,HatakeyamaIchiro,OgawaJiuJitsu
Asian Jiu-Jitsu IBJJF Championship 2015,Juvenile/Male/White/Feather,3,ZionPaulachak,SuzukiJiuJitsu,FightGSingapore
Asian Jiu-Jitsu IBJJF Championship 2015,Juvenile/Male/White/Light,1,ShimazuYusuke,InfightJapanJiu,Jitsu
Asian Jiu-Jitsu IBJJF Championship 2015,Juvenile/Male/White/Light,2,HanJunLee,KJCompetitionTeam
Asian Jiu-Jitsu IBJJF Championship 2015,Juvenile/Male/White/Light,3,IidaLucasKakizaki,OgawaJiuJitsu
Asian Jiu-Jitsu IBJJF Championship 2015,Juvenile/Male/White/Light,3,YamamotoGoncalvesAntonielMatheus,ImpactoJapanB.J.J.
Asian Jiu-Jitsu IBJJF Championship 2015,Juvenile/Male/White/Heavy,1,DiegoHashimotodeSouza,ImpactoJapanB.J.J.
Asian Jiu-Jitsu IBJJF Championship 2015,Juvenile/Male/White/Heavy,2,UemuraArthurSadaharu,OgawaJiuJitsu
Asian Jiu-Jitsu IBJJF Championship 2015,Juvenile/Male/White/Ultra-Heavy,1,ThiharaFerreiraJackyKatsuyuki,OgawaJiuJitsu
Asian Jiu-Jitsu IBJJF Championship 2015,Juvenile/Female/White/Light,1,PalomaEgashiraAriki,ImpactoJapanB.J.J.
Asian Jiu-Jitsu IBJJF Championship 2015,Juvenile/Male/Blue/Light-Feather,1,ShiozakiBrunoKendeAlmeida,OverLimitBJJ
Asian Jiu-Jitsu IBJJF Championship 2015,Juvenile/Male/Blue/Light-Feather,2,JulianWang,EvolveMMA
Asian Jiu-Jitsu IBJJF Championship 2015,Juvenile/Male/Blue/Light-Feather,3,KhaserdeneNarangerel,MongolianBJJ
Asian Jiu-Jitsu IBJJF Championship 2015,Juvenile/Male/Blue/Light,1,RobertOdaDeAndrade,OdaJiu,Jitsu
Asian Jiu-Jitsu IBJJF Championship 2015,Juvenile/Male/Blue/OpenClassLight,1,RobertOdaDeAndrade,OdaJiu,Jitsu
Asian Jiu-Jitsu IBJJF Championship 2015,Juvenile/Male/Blue/OpenClassLight,2,ShiozakiBrunoKendeAlmeida,OverLimitBJJ
Asian Jiu-Jitsu IBJJF Championship 2015,Adult/Male/White/Rooster,1,ChunAngLim,EvolveMMA
Asian Jiu-Jitsu IBJJF Championship 2015,Adult/Male/White/Rooster,2,ReiKawaguchi,T,RexJiu,JitsuAcademy
Asian Jiu-Jitsu IBJJF Championship 2015,Adult/Male/White/Rooster,3,AmadoFranciscoSo,RibeiroJiu,JitsuInternational
Asian Jiu-Jitsu IBJJF Championship 2015,Adult/Male/White/Rooster,3,DarylOng,SuzukiJiuJitsu,FightGSingapore
Asian Jiu-Jitsu IBJJF Championship 2015,Adult/Male/White/Light-Feather,1,WooYongPark,KJCompetitionTeam
Asian Jiu-Jitsu IBJJF Championship 2015,Adult/Male/White/Light-Feather,2,KuangChiehTorng,TaiwanBJJ
Asian Jiu-Jitsu IBJJF Championship 2015,Adult/Male/White/Light-Feather,3,DaikiMizuno,TeamBarbosaJapan
Asian Jiu-Jitsu IBJJF Championship 2015,Adult/Male/White/Light-Feather,3,YasuhikoFujishima,GrabakaJiu,JitsuClub
Asian Jiu-Jitsu IBJJF Championship 2015,Adult/Male/White/Feather,1,KentaIwamoto,StrappleWasedaHirumaDojo
Asian Jiu-Jitsu IBJJF Championship 2015,Adult/Male/White/Feather,2,ushiokaryota,ImpactoJapanB.J.J.
Asian Jiu-Jitsu IBJJF Championship 2015,Adult/Male/White/Feather,3,KhayatSoufiane,FightSportsInternational
Asian Jiu-Jitsu IBJJF Championship 2015,Adult/Male/White/Feather,3,YoungHuynLee,NovaUniãoInternational
Asian Jiu-Jitsu IBJJF Championship 2015,Adult/Male/White/Light,1,MichaelWhalon,MyBJJTeamJapan
Asian Jiu-Jitsu IBJJF Championship 2015,Adult/Male/White/Light,2,HongWoohee,DeLaRivaJJ
Asian Jiu-Jitsu IBJJF Championship 2015,Adult/Male/White/Light,3,DerrickFoo,EvolveMMA
Asian Jiu-Jitsu IBJJF Championship 2015,Adult/Male/White/Light,3,PengWang,EquilibriumMixedMartialArts
Asian Jiu-Jitsu IBJJF Championship 2015,Adult/Male/White/Middle,1,JamesFarrer,CheckMatInternational
Asian Jiu-Jitsu IBJJF Championship 2015,Adult/Male/White/Middle,2,DexterOngBinRu,EvolveMMA
Asian Jiu-Jitsu IBJJF Championship 2015,Adult/Male/White/Middle,3,JohnEricRoxas,AtosJiu,Jitsu
Asian Jiu-Jitsu IBJJF Championship 2015,Adult/Male/White/Middle,3,ThiagoCardosoTosawa,ImpactoJapanB.J.J.
Asian Jiu-Jitsu IBJJF Championship 2015,Adult/Male/White/Medium-Heavy,1,YuMurakami,Me,We
Asian Jiu-Jitsu IBJJF Championship 2015,Adult/Male/White/Medium-Heavy,2,StephenPrince,HiroBJJAcademyYokohama
Asian Jiu-Jitsu IBJJF Championship 2015,Adult/Male/White/Heavy,1,PeterJ.Sheather,AustralianEliteTeam
Asian Jiu-Jitsu IBJJF Championship 2015,Adult/Male/White/Heavy,2,JunhoHwang,KJCompetitionTeam
Asian Jiu-Jitsu IBJJF Championship 2015,Adult/Male/White/Heavy,3,ZacTuggle,HiroBJJAcademyYokohama
Asian Jiu-Jitsu IBJJF Championship 2015,Adult/Male/White/Super-Heavy,1,JungMinSu,Jiu,JitsuLab
Asian Jiu-Jitsu IBJJF Championship 2015,Adult/Male/White/Super-Heavy,2,JonathanHarmer,HiroBJJAcademyYokohama
Asian Jiu-Jitsu IBJJF Championship 2015,Adult/Male/White/Super-Heavy,3,FumiyaAbe,Paraestra
Asian Jiu-Jitsu IBJJF Championship 2015,Adult/Male/White/Ultra-Heavy,1,DougGlendenning,BonsaiJJ,Guam
Asian Jiu-Jitsu IBJJF Championship 2015,Adult/Male/White/Ultra-Heavy,2,BrandonAflague,AxisJiu,JitsuJapan
Asian Jiu-Jitsu IBJJF Championship 2015,Adult/Female/White/Rooster,1,MachikoHirayama,Tri,ForceJiu,JitsuAcademy
Asian Jiu-Jitsu IBJJF Championship 2015,Adult/Female/White/Rooster,2,LaraEliseLopez,AtosJiu,Jitsu
Asian Jiu-Jitsu IBJJF Championship 2015,Adult/Female/White/Rooster,3,AlyssaPaulineCo,AtosJiu,Jitsu
Asian Jiu-Jitsu IBJJF Championship 2015,Adult/Female/White/Light-Feather,1,DayanaHuruta,OverLimitBJJ
Asian Jiu-Jitsu IBJJF Championship 2015,Adult/Female/White/Light-Feather,2,MaraYokohama,AtosJiu,Jitsu
Asian Jiu-Jitsu IBJJF Championship 2015,Adult/Female/White/Light-Feather,3,SeaharaCruz,BonsaiJJ,Guam
Asian Jiu-Jitsu IBJJF Championship 2015,Adult/Female/White/Light-Feather,3,ShengqianQi,ShanghaiBJJ(SHBJJ)
Asian Jiu-Jitsu IBJJF Championship 2015,Adult/Female/White/Feather,1,EunhwaCho,KJCompetitionTeam
Asian Jiu-Jitsu IBJJF Championship 2015,Adult/Female/White/Feather,2,NicolethAnneDeCastro,AtosJiu,Jitsu
Asian Jiu-Jitsu IBJJF Championship 2015,Adult/Female/White/Feather,3,ChawLockWai,CheckMatInternational
Asian Jiu-Jitsu IBJJF Championship 2015,Adult/Female/White/Feather,3,MiriamKatayama,KatayamaJiu,Jitsu
Asian Jiu-Jitsu IBJJF Championship 2015,Adult/Female/White/Light,1,ZhouYuan,GracieBarra
Asian Jiu-Jitsu IBJJF Championship 2015,Adult/Female/White/Light,2,ParkYeseul,DeLaRivaJJ
Asian Jiu-Jitsu IBJJF Championship 2015,Adult/Female/White/Light,3,MaiAoki,NewazaWorldShinagawa
Asian Jiu-Jitsu IBJJF Championship 2015,Adult/Female/White/Light,3,TinaTrinh,MarombaAcademiaInternational
Asian Jiu-Jitsu IBJJF Championship 2015,Adult/Female/White/Middle,1,JoeyZiLinNg,CheckMatInternational
Asian Jiu-Jitsu IBJJF Championship 2015,Adult/Female/White/Middle,2,ElizabethRhodus,HiroBJJAcademyYokohama
Asian Jiu-Jitsu IBJJF Championship 2015,Adult/Female/White/Heavy,1,MunkhtsasanNandinzaya,MongolianBJJ
Asian Jiu-Jitsu IBJJF Championship 2015,Adult/Female/White/Heavy,2,ReginaSangYoonShin,EvolveMMA
Asian Jiu-Jitsu IBJJF Championship 2015,Adult/Male/Blue/Rooster,1,YongSiangTang,CheckMatInternational
Asian Jiu-Jitsu IBJJF Championship 2015,Adult/Male/Blue/Rooster,2,NaoyaWatanabe,PogonaClubGym
Asian Jiu-Jitsu IBJJF Championship 2015,Adult/Male/Blue/Rooster,3,JohnDavidRejano,AtosJiu,Jitsu
Asian Jiu-Jitsu IBJJF Championship 2015,Adult/Male/Blue/Rooster,3,RaphaelKenjiNakano,ImpactoJapanB.J.J.
Asian Jiu-Jitsu IBJJF Championship 2015,Adult/Male/Blue/Light-Feather,1,JosephAngelAmanJr.,AmericanTopTeam
Asian Jiu-Jitsu IBJJF Championship 2015,Adult/Male/Blue/Light-Feather,2,MakotoSobue,Alive
Asian Jiu-Jitsu IBJJF Championship 2015,Adult/Male/Blue/Light-Feather,3,PaoloTiu,BJJGlobetrotters
Asian Jiu-Jitsu IBJJF Championship 2015,Adult/Male/Blue/Light-Feather,3,SeungjooLee,SanaiJiuJitsuAcademy
Asian Jiu-Jitsu IBJJF Championship 2015,Adult/Male/Blue/Feather,1,DiegoHenriqueSatoAniceto,OgawaJiuJitsu
Asian Jiu-Jitsu IBJJF Championship 2015,Adult/Male/Blue/Feather,2,YutoNishimura(repetido73928),OgawaJiuJitsu
Asian Jiu-Jitsu IBJJF Championship 2015,Adult/Male/Blue/Feather,3,LeeSimpson,RABJJAcademy
Asian Jiu-Jitsu IBJJF Championship 2015,Adult/Male/Blue/Feather,3,YuLin,TaiwanBJJ
Asian Jiu-Jitsu IBJJF Championship 2015,Adult/Male/Blue/Light,1,KimuraKevinYoshio,InfightJapanJiu,Jitsu
Asian Jiu-Jitsu IBJJF Championship 2015,Adult/Male/Blue/Light,2,AdamWatson,AustralianEliteTeam
Asian Jiu-Jitsu IBJJF Championship 2015,Adult/Male/Blue/Light,3,KogaYuya,Paraestra
Asian Jiu-Jitsu IBJJF Championship 2015,Adult/Male/Blue/Light,3,LuizTakayama,TokaiBrazilianJiu,Jitsu
Asian Jiu-Jitsu IBJJF Championship 2015,Adult/Male/Blue/Middle,1,NorbertoRosario,BonsaiJJ,Guam
Asian Jiu-Jitsu IBJJF Championship 2015,Adult/Male/Blue/Middle,2,ReeceDoran,CheckMat
Asian Jiu-Jitsu IBJJF Championship 2015,Adult/Male/Blue/Middle,3,CHU,CHENGWEI,TaiwanBJJ
Asian Jiu-Jitsu IBJJF Championship 2015,Adult/Male/Blue/Middle,3,DustinStanley,RABJJAcademy
Asian Jiu-Jitsu IBJJF Championship 2015,Adult/Male/Blue/Medium-Heavy,1,HirosawaLucas,InfightJapanJiu,Jitsu
Asian Jiu-Jitsu IBJJF Championship 2015,Adult/Male/Blue/Medium-Heavy,2,AkihiroMaruyama,Paraestra
Asian Jiu-Jitsu IBJJF Championship 2015,Adult/Male/Blue/Medium-Heavy,3,JamesRego,PurebredJiuJitsuGuam
Asian Jiu-Jitsu IBJJF Championship 2015,Adult/Male/Blue/Medium-Heavy,3,JamesWalters,MarombaAcademiaInternational
Asian Jiu-Jitsu IBJJF Championship 2015,Adult/Male/Blue/Heavy,1,HidehikoNoritsugu,PurebredOmiya
Asian Jiu-Jitsu IBJJF Championship 2015,Adult/Male/Blue/Heavy,2,TimBaker,MarombaAcademiaInternational
Asian Jiu-Jitsu IBJJF Championship 2015,Adult/Male/Blue/Heavy,3,ManateaCOURAUD,PurebredJiuJitsuGuam
Asian Jiu-Jitsu IBJJF Championship 2015,Adult/Male/Blue/Heavy,3,TerrenceNichol,CheckmatAustralia
Asian Jiu-Jitsu IBJJF Championship 2015,Adult/Male/Blue/Super-Heavy,1,MarcCharlesGrayson,BJJGlobetrotters
Asian Jiu-Jitsu IBJJF Championship 2015,Adult/Male/Blue/Super-Heavy,2,RicardoPena,ImpactoJapanB.J.J.
Asian Jiu-Jitsu IBJJF Championship 2015,Adult/Male/Blue/Super-Heavy,3,CarlCheung,HongKongJiu,Jitsu
Asian Jiu-Jitsu IBJJF Championship 2015,Adult/Male/Blue/Ultra-Heavy,1,Chih,chanWu,TaiwanBJJ
Asian Jiu-Jitsu IBJJF Championship 2015,Adult/Male/Blue/Ultra-Heavy,2,TakahiroYoshida,Paraestra
Asian Jiu-Jitsu IBJJF Championship 2015,Adult/Male/Blue/Ultra-Heavy,3,NaranpurevJantsanbal,MongolianBJJ
Asian Jiu-Jitsu IBJJF Championship 2015,Adult/Male/Blue/Ultra-Heavy,3,SalvadorReyesJr,AtosJiu,Jitsu
Asian Jiu-Jitsu IBJJF Championship 2015,Adult/Male/Blue/OpenClass,1,JosephAngelAmanJr.,AmericanTopTeam
Asian Jiu-Jitsu IBJJF Championship 2015,Adult/Male/Blue/OpenClass,2,MarcCharlesGrayson,BJJGlobetrotters
Asian Jiu-Jitsu IBJJF Championship 2015,Adult/Male/Blue/OpenClass,3,ManateaCOURAUD,PurebredJiuJitsuGuam
Asian Jiu-Jitsu IBJJF Championship 2015,Adult/Male/Blue/OpenClass,3,ReeceDoran,CheckMat
Asian Jiu-Jitsu IBJJF Championship 2015,Adult/Female/Blue/Rooster,1,MargaritaPradoOchoa,AtosJiu,Jitsu
Asian Jiu-Jitsu IBJJF Championship 2015,Adult/Female/Blue/Rooster,2,RubyAnnVelasco,FabricioJJInternational
Asian Jiu-Jitsu IBJJF Championship 2015,Adult/Female/Blue/Rooster,3,MikaArakawa,CarpeDiemNagasaki
Asian Jiu-Jitsu IBJJF Championship 2015,Adult/Female/Blue/Rooster,3,SolyKim,JohnFranklJiu,Jitsu
Asian Jiu-Jitsu IBJJF Championship 2015,Adult/Female/Blue/Light-Feather,1,AmandaLoo,CheckMatInternational
Asian Jiu-Jitsu IBJJF Championship 2015,Adult/Female/Blue/Light-Feather,2,WatanabeMariko,Tri,ForceJiu,JitsuAcademy
Asian Jiu-Jitsu IBJJF Championship 2015,Adult/Female/Blue/Light-Feather,3,ChenLingHuang,TaiwanBJJ
Asian Jiu-Jitsu IBJJF Championship 2015,Adult/Female/Blue/Light-Feather,3,KimberlyWansiriSlider,EvolveMMA
Asian Jiu-Jitsu IBJJF Championship 2015,Adult/Female/Blue/Feather,1,AnnieRamirez,CheckmatCDJJTokyo
Asian Jiu-Jitsu IBJJF Championship 2015,Adult/Female/Blue/Feather,2,WeiliZhang,EquilibriumMixedMartialArts
Asian Jiu-Jitsu IBJJF Championship 2015,Adult/Female/Blue/Feather,3,EriSakai,Tri,ForceJiu,JitsuAcademy
Asian Jiu-Jitsu IBJJF Championship 2015,Adult/Female/Blue/Feather,3,JoanneVlahovich,NovaUniãoAustralia
Asian Jiu-Jitsu IBJJF Championship 2015,Adult/Female/Blue/Light,1,AprylEppinger,MarombaAcademiaInternational
Asian Jiu-Jitsu IBJJF Championship 2015,Adult/Female/Blue/Light,2,NicholleStoller,TeamLloydIrvin
Asian Jiu-Jitsu IBJJF Championship 2015,Adult/Female/Blue/Light,3,ChingWenHuang,ClubeDeportivoLinceTeam
Asian Jiu-Jitsu IBJJF Championship 2015,Adult/Female/Blue/Light,3,KellyFenwick,EvolveMMA
Asian Jiu-Jitsu IBJJF Championship 2015,Adult/Female/Blue/Middle,1,OliviaOdell,BJJRevolutionTeam,International
Asian Jiu-Jitsu IBJJF Championship 2015,Adult/Female/Blue/Middle,2,AudreyKua,EquilibriumMixedMartialArts
Asian Jiu-Jitsu IBJJF Championship 2015,Adult/Female/Blue/Middle,3,JanetteVlahovich,NovaUniãoAustralia
Asian Jiu-Jitsu IBJJF Championship 2015,Adult/Female/Blue/Heavy,1,BarbaraAndreaQuimpoKatter,EvolveMMA
Asian Jiu-Jitsu IBJJF Championship 2015,Adult/Female/Blue/Heavy,2,RamonaPascual,BJJRevolutionTeam,International
Asian Jiu-Jitsu IBJJF Championship 2015,Adult/Female/Blue/Super-Heavy,1,JargalsaikhanOktyabri,ImpactoJapanB.J.J.
Asian Jiu-Jitsu IBJJF Championship 2015,Adult/Female/Blue/Super-Heavy,2,StéphanieImamuraBatista,OverLimitBJJ
Asian Jiu-Jitsu IBJJF Championship 2015,Adult/Female/Blue/Super-Heavy,3,AgnieszkaMarzenaSygula,JungleBJJ
Asian Jiu-Jitsu IBJJF Championship 2015,Adult/Female/Blue/OpenClass,1,AnnieRamirez,CheckmatCDJJTokyo
Asian Jiu-Jitsu IBJJF Championship 2015,Adult/Female/Blue/OpenClass,2,StéphanieImamuraBatista,OverLimitBJJ
Asian Jiu-Jitsu IBJJF Championship 2015,Adult/Female/Blue/OpenClass,3,BarbaraAndreaQuimpoKatter,EvolveMMA
Asian Jiu-Jitsu IBJJF Championship 2015,Adult/Female/Blue/OpenClass,3,WeiliZhang,EquilibriumMixedMartialArts
Asian Jiu-Jitsu IBJJF Championship 2015,Adult/Male/Purple/Rooster,1,HirokiSugimoto,AxisJiu,Jitsu
Asian Jiu-Jitsu IBJJF Championship 2015,Adult/Male/Purple/Rooster,2,JanVincentCortez,AtosJiu,Jitsu
Asian Jiu-Jitsu IBJJF Championship 2015,Adult/Male/Purple/Rooster,3,DanielCayanan,PurebredJiuJitsuGuam
Asian Jiu-Jitsu IBJJF Championship 2015,Adult/Male/Purple/Rooster,3,JacksondeMenesesDakujakuWalter,OgawaJiuJitsu
Asian Jiu-Jitsu IBJJF Championship 2015,Adult/Male/Purple/Light-Feather,1,JunpeiKawasaki,Paraestra
Asian Jiu-Jitsu IBJJF Championship 2015,Adult/Male/Purple/Light-Feather,2,DaijuYokoyama,Paraestra
Asian Jiu-Jitsu IBJJF Championship 2015,Adult/Male/Purple/Light-Feather,3,GianTaylorDee,AtosJiu,Jitsu
Asian Jiu-Jitsu IBJJF Championship 2015,Adult/Male/Purple/Light-Feather,3,KosukeSOMEKAWA,Tri,ForceJiu,JitsuAcademy
Asian Jiu-Jitsu IBJJF Championship 2015,Adult/Male/Purple/Feather,1,Amurijirigala,ShanghaiBJJ(SHBJJ)
Asian Jiu-Jitsu IBJJF Championship 2015,Adult/Male/Purple/Feather,2,MichaelLim,AtosJiu,Jitsu
Asian Jiu-Jitsu IBJJF Championship 2015,Adult/Male/Purple/Feather,3,KevinJosephCruz,CarlsonGracieInternational
Asian Jiu-Jitsu IBJJF Championship 2015,Adult/Male/Purple/Feather,3,WilliamActon,RibeiroJiu,Jitsu
Asian Jiu-Jitsu IBJJF Championship 2015,Adult/Male/Purple/Light,1,YoungseungCho,JohnFranklJiu,Jitsu
Asian Jiu-Jitsu IBJJF Championship 2015,Adult/Male/Purple/Light,2,ThomasMietz,CarpeDiem
Asian Jiu-Jitsu IBJJF Championship 2015,Adult/Male/Purple/Light,3,IvanChua,ImpactoJapanB.J.J.
Asian Jiu-Jitsu IBJJF Championship 2015,Adult/Male/Purple/Light,3,KasukiShiraishi(repetido70600),GracieBarra
Asian Jiu-Jitsu IBJJF Championship 2015,Adult/Male/Purple/Middle,1,YasunariSakai,GracieBarra
Asian Jiu-Jitsu IBJJF Championship 2015,Adult/Male/Purple/Middle,2,SauloAssisPereiraMeloNeto,ShanghaiBJJ(SHBJJ)
Asian Jiu-Jitsu IBJJF Championship 2015,Adult/Male/Purple/Middle,3,JaguarTang,FabricioJJInternational
Asian Jiu-Jitsu IBJJF Championship 2015,Adult/Male/Purple/Middle,3,YasuyukiNiimura,GrascoJiu,JitsuAcademy
Asian Jiu-Jitsu IBJJF Championship 2015,Adult/Male/Purple/Medium-Heavy,1,GlaucoDeAlmeida,GracieBarra
Asian Jiu-Jitsu IBJJF Championship 2015,Adult/Male/Purple/Medium-Heavy,2,anthonyIIlim,AtosJiu,Jitsu
Asian Jiu-Jitsu IBJJF Championship 2015,Adult/Male/Purple/Medium-Heavy,3,JeremiasBaluyotJr.,AtosJiu,Jitsu
Asian Jiu-Jitsu IBJJF Championship 2015,Adult/Male/Purple/Medium-Heavy,3,SanniWehbe,GrabakaJiuJitsuClub
Asian Jiu-Jitsu IBJJF Championship 2015,Adult/Male/Purple/Heavy,1,KristófSzucs,GracieBarra
Asian Jiu-Jitsu IBJJF Championship 2015,Adult/Male/Purple/Heavy,2,BryanLim,AtosJiu,Jitsu
Asian Jiu-Jitsu IBJJF Championship 2015,Adult/Male/Purple/Heavy,3,HoanuiVanaa,PurebredJiuJitsuGuam
Asian Jiu-Jitsu IBJJF Championship 2015,Adult/Male/Purple/Heavy,3,RidaHaisamIsaac,OverLimitBJJ
Asian Jiu-Jitsu IBJJF Championship 2015,Adult/Male/Purple/Super-Heavy,1,HudsonAmaral,OverLimitBJJ
Asian Jiu-Jitsu IBJJF Championship 2015,Adult/Male/Purple/Super-Heavy,2,MyonjoongKim,KJCompetitionTeam
Asian Jiu-Jitsu IBJJF Championship 2015,Adult/Male/Purple/Super-Heavy,3,TakanoriTokugawa,Paraestra
Asian Jiu-Jitsu IBJJF Championship 2015,Adult/Male/Purple/Ultra-Heavy,1,ErkhembayarGunaajav(repetido189705),MongolianBJJ
Asian Jiu-Jitsu IBJJF Championship 2015,Adult/Male/Purple/Ultra-Heavy,2,EricDino,MyBJJTeamJapan
Asian Jiu-Jitsu IBJJF Championship 2015,Adult/Male/Purple/OpenClass,1,KristófSzucs,GracieBarra
Asian Jiu-Jitsu IBJJF Championship 2015,Adult/Male/Purple/OpenClass,2,HoanuiVanaa,PurebredJiuJitsuGuam
Asian Jiu-Jitsu IBJJF Championship 2015,Adult/Male/Purple/OpenClass,3,MyonjoongKim,KJCompetitionTeam
Asian Jiu-Jitsu IBJJF Championship 2015,Adult/Male/Purple/OpenClass,3,TakanoriTokugawa,Paraestra
Asian Jiu-Jitsu IBJJF Championship 2015,Adult/Female/Purple/Rooster,1,IoriEchigo,Tri,ForceJiu,JitsuAcademy
Asian Jiu-Jitsu IBJJF Championship 2015,Adult/Female/Purple/Rooster,2,AyaAbe,TokushimaBJJ
Asian Jiu-Jitsu IBJJF Championship 2015,Adult/Female/Purple/Rooster,3,KeikoAkamine,NovaUniãoHawai
Asian Jiu-Jitsu IBJJF Championship 2015,Adult/Female/Purple/Rooster,3,RyokoImoto,PogonaClubGym
Asian Jiu-Jitsu IBJJF Championship 2015,Adult/Female/Purple/Light-Feather,1,KeikoGarcíaNakaganeku,OgawaJiuJitsu
Asian Jiu-Jitsu IBJJF Championship 2015,Adult/Female/Purple/Light-Feather,2,EunMiLee,KJCompetitionTeam
Asian Jiu-Jitsu IBJJF Championship 2015,Adult/Female/Purple/Light-Feather,3,NozomiMiki,HiroBJJAcademyYokohama
Asian Jiu-Jitsu IBJJF Championship 2015,Adult/Female/Purple/Light-Feather,3,Y.X.Xiong,GameFightUK
Asian Jiu-Jitsu IBJJF Championship 2015,Adult/Female/Purple/Light,1,TracyMatanane,PurebredJiuJitsuGuam
Asian Jiu-Jitsu IBJJF Championship 2015,Adult/Female/Purple/Light,2,KimCousins,MarombaAcademiaInternational
Asian Jiu-Jitsu IBJJF Championship 2015,Adult/Female/Purple/Light,3,HyejinAn,DeLaRivaJJ
Asian Jiu-Jitsu IBJJF Championship 2015,Adult/Female/Purple/Light,3,SimoneKussano,OverLimitBJJ
Asian Jiu-Jitsu IBJJF Championship 2015,Adult/Female/Purple/OpenClass,1,KeikoGarcíaNakaganeku,OgawaJiuJitsu
Asian Jiu-Jitsu IBJJF Championship 2015,Adult/Female/Purple/OpenClass,2,SimoneKussano,OverLimitBJJ
Asian Jiu-Jitsu IBJJF Championship 2015,Adult/Female/Purple/OpenClass,3,IoriEchigo,Tri,ForceJiu,JitsuAcademy
Asian Jiu-Jitsu IBJJF Championship 2015,Adult/Female/Purple/OpenClass,3,TracyMatanane,PurebredJiuJitsuGuam
Asian Jiu-Jitsu IBJJF Championship 2015,Adult/Male/Brown/Rooster,1,ShoheiWatanabe,PogonaClubGym
Asian Jiu-Jitsu IBJJF Championship 2015,Adult/Male/Brown/Rooster,2,NobuhiroSawada,Tri,ForceJiu,JitsuAcademy
Asian Jiu-Jitsu IBJJF Championship 2015,Adult/Male/Brown/Light-Feather,1,YutaShimada,Nexusense
Asian Jiu-Jitsu IBJJF Championship 2015,Adult/Male/Brown/Light-Feather,2,TakuIshii,AtosJiu,Jitsu
Asian Jiu-Jitsu IBJJF Championship 2015,Adult/Male/Brown/Light-Feather,3,HideyukiIto,Tri,ForceJiu,JitsuAcademy
Asian Jiu-Jitsu IBJJF Championship 2015,Adult/Male/Brown/Light-Feather,3,KeishiroFurukawa,Paraestra
Asian Jiu-Jitsu IBJJF Championship 2015,Adult/Male/Brown/Feather,1,VanderleiTakasakiCardoso,ImpactoJapanB.J.J.
Asian Jiu-Jitsu IBJJF Championship 2015,Adult/Male/Brown/Feather,2,TomoshigeSera,GrounndCore
Asian Jiu-Jitsu IBJJF Championship 2015,Adult/Male/Brown/Feather,3,TaJunKwak,KJCompetitionTeam
Asian Jiu-Jitsu IBJJF Championship 2015,Adult/Male/Brown/Feather,3,YuzuruIkeda,Paraestra
Asian Jiu-Jitsu IBJJF Championship 2015,Adult/Male/Brown/Light,1,TannoRobsonOdilio,InfightJapanJiu,Jitsu
Asian Jiu-Jitsu IBJJF Championship 2015,Adult/Male/Brown/Light,2,DavidYounan,MarombaAcademiaInternational
Asian Jiu-Jitsu IBJJF Championship 2015,Adult/Male/Brown/Light,3,BrentonMcKiterick,MarombaAcademiaInternational
Asian Jiu-Jitsu IBJJF Championship 2015,Adult/Male/Brown/Light,3,GenAdachi,PogonaClubGym
Asian Jiu-Jitsu IBJJF Championship 2015,Adult/Male/Brown/Middle,1,NicholasRobinson,NewSchoolBJJ
Asian Jiu-Jitsu IBJJF Championship 2015,Adult/Male/Brown/Middle,2,LeeChangKoo,DeLaRivaJJ
Asian Jiu-Jitsu IBJJF Championship 2015,Adult/Male/Brown/Middle,3,JacobDouglasStaader,GracieBarra
Asian Jiu-Jitsu IBJJF Championship 2015,Adult/Male/Brown/Middle,3,JulianO.Gonzalez,deBeen100%Jiu,Jitsu
Asian Jiu-Jitsu IBJJF Championship 2015,Adult/Male/Brown/Medium-Heavy,1,EriksonRafaelTavaresTakeushi,ImpactoJapanB.J.J.
Asian Jiu-Jitsu IBJJF Championship 2015,Adult/Male/Brown/Medium-Heavy,2,JongMokKim,SanaiJiuJitsuAcademy
Asian Jiu-Jitsu IBJJF Championship 2015,Adult/Male/Brown/Medium-Heavy,3,LuizGustavoRochaF.Neto,GracieBarra
Asian Jiu-Jitsu IBJJF Championship 2015,Adult/Male/Brown/Medium-Heavy,3,VikingWaiChunWong,GFTeamInternational
Asian Jiu-Jitsu IBJJF Championship 2015,Adult/Male/Brown/Heavy,1,DuYunlai,GracieBarra
Asian Jiu-Jitsu IBJJF Championship 2015,Adult/Male/Brown/Heavy,2,ReidJamesReale,deBeen100%Jiu,Jitsu
Asian Jiu-Jitsu IBJJF Championship 2015,Adult/Male/Brown/Heavy,3,EricJamesA.Sian,PurebredJiuJitsuGuam
Asian Jiu-Jitsu IBJJF Championship 2015,Adult/Male/Brown/Heavy,3,HyeonRaeLee,KJCompetitionTeam
Asian Jiu-Jitsu IBJJF Championship 2015,Adult/Male/Brown/Super-Heavy,1,MaitereTaihia,PurebredJiuJitsuGuam
Asian Jiu-Jitsu IBJJF Championship 2015,Adult/Male/Brown/Ultra-Heavy,1,LuisPauloLimaSantos,BonSaiJJ
Asian Jiu-Jitsu IBJJF Championship 2015,Adult/Male/Brown/OpenClass,1,TannoRobsonOdilio,InfightJapanJiu,Jitsu
Asian Jiu-Jitsu IBJJF Championship 2015,Adult/Male/Brown/OpenClass,2,LuisPauloLimaSantos,BonSaiJJ
Asian Jiu-Jitsu IBJJF Championship 2015,Adult/Male/Brown/OpenClass,3,EricJamesA.Sian,PurebredJiuJitsuGuam
Asian Jiu-Jitsu IBJJF Championship 2015,Adult/Male/Brown/OpenClass,3,LuizGustavoRochaF.Neto,GracieBarra
Asian Jiu-Jitsu IBJJF Championship 2015,Adult/Female/Brown/Light,1,YayoiHatta,T,RexJiu,JitsuAcademy
Asian Jiu-Jitsu IBJJF Championship 2015,Adult/Female/Brown/Light,2,SaoriShibamoto,Tri,ForceJiu,JitsuAcademy
Asian Jiu-Jitsu IBJJF Championship 2015,Adult/Female/Brown/Light,3,MikiNakao,X,TremeJiu,JitsuAcademy
Asian Jiu-Jitsu IBJJF Championship 2015,Adult/Male/Black/Rooster,1,KojiShibamoto,Tri,ForceJiu,JitsuAcademy
Asian Jiu-Jitsu IBJJF Championship 2015,Adult/Male/Black/Rooster,2,TomoyukiHashimoto,CarpeDiem
Asian Jiu-Jitsu IBJJF Championship 2015,Adult/Male/Black/Rooster,3,HisashiEzaki,Paraestra
Asian Jiu-Jitsu IBJJF Championship 2015,Adult/Male/Black/Rooster,3,MasaakiTodokoro,Paraestra
Asian Jiu-Jitsu IBJJF Championship 2015,Adult/Male/Black/Light-Feather,1,KazuhiroMiyachi,ShootoGymRoots
Asian Jiu-Jitsu IBJJF Championship 2015,Adult/Male/Black/Light-Feather,2,TsuyoshiTamaki,CarpeDiem
Asian Jiu-Jitsu IBJJF Championship 2015,Adult/Male/Black/Light-Feather,3,TakutoKako,GrapplingShootBoxers
Asian Jiu-Jitsu IBJJF Championship 2015,Adult/Male/Black/Light-Feather,3,YutoHirao,X,TremeJiu,JitsuAcademy
Asian Jiu-Jitsu IBJJF Championship 2015,Adult/Male/Black/Feather,1,IsaqueAlbertodeOliveiraPaiva,SaikooJiu,Jitsu
Asian Jiu-Jitsu IBJJF Championship 2015,Adult/Male/Black/Feather,2,MasahiroIwasaki,CarpeDiem
Asian Jiu-Jitsu IBJJF Championship 2015,Adult/Male/Black/Feather,3,IchitaroTsukada,DammFightJapan
Asian Jiu-Jitsu IBJJF Championship 2015,Adult/Male/Black/Feather,3,WankiChae,JohnFranklJiu,Jitsu
Asian Jiu-Jitsu IBJJF Championship 2015,Adult/Male/Black/Light,1,RobertoSatoshideSouza,AtosJiu,Jitsu
Asian Jiu-Jitsu IBJJF Championship 2015,Adult/Male/Black/Light,2,ChoiWonChoi,AtosJiu,Jitsu
Asian Jiu-Jitsu IBJJF Championship 2015,Adult/Male/Black/Light,3,TakumaTokito,PurebredOmiya
Asian Jiu-Jitsu IBJJF Championship 2015,Adult/Male/Black/Middle,1,AndrisAuseklisBrunovskis,AtosJiu,Jitsu
Asian Jiu-Jitsu IBJJF Championship 2015,Adult/Male/Black/Middle,2,RodrigoBeneditoCaporal,AtosJiu,Jitsu
Asian Jiu-Jitsu IBJJF Championship 2015,Adult/Male/Black/Middle,3,HanselCo,deBeen100%Jiu,Jitsu
Asian Jiu-Jitsu IBJJF Championship 2015,Adult/Male/Black/Middle,3,PedroJordãoTorresGuaracy,GracieBarra
Asian Jiu-Jitsu IBJJF Championship 2015,Adult/Male/Black/Medium-Heavy,1,MarcelodeToledoCortelassi,AtosJiu,Jitsu
Asian Jiu-Jitsu IBJJF Championship 2015,Adult/Male/Black/Medium-Heavy,2,AkihisaIriki,TeamLegnum
Asian Jiu-Jitsu IBJJF Championship 2015,Adult/Male/Black/Medium-Heavy,3,YutaNakamura,T,RexJiu,JitsuAcademy
Asian Jiu-Jitsu IBJJF Championship 2015,Adult/Male/Black/Heavy,1,VitorFabioMartinsToledo,AtosJiu,Jitsu
Asian Jiu-Jitsu IBJJF Championship 2015,Adult/Male/Black/Heavy,2,HowonJung,JohnFranklJiu,Jitsu
Asian Jiu-Jitsu IBJJF Championship 2015,Adult/Male/Black/Heavy,3,MichaelLeeFowler,PurebredJiuJitsuGuam
Asian Jiu-Jitsu IBJJF Championship 2015,Adult/Male/Black/Super-Heavy,1,MarcosYoshiodeSouza,AtosJiu,Jitsu
Asian Jiu-Jitsu IBJJF Championship 2015,Adult/Male/Black/Super-Heavy,2,LeighMichaelBurger,Will/Machado
Asian Jiu-Jitsu IBJJF Championship 2015,Adult/Male/Black/Ultra-Heavy,1,DanyGuySteveGerard,PurebredJiuJitsuGuam
Asian Jiu-Jitsu IBJJF Championship 2015,Adult/Male/Black/Ultra-Heavy,2,CharlesGasparCosta,ImpactoJapanB.J.J.
Asian Jiu-Jitsu IBJJF Championship 2015,Adult/Male/Black/OpenClass,1,DanyGuySteveGerard,PurebredJiuJitsuGuam
Asian Jiu-Jitsu IBJJF Championship 2015,Adult/Male/Black/OpenClass,2,RodrigoBeneditoCaporal,AtosJiu,Jitsu
Asian Jiu-Jitsu IBJJF Championship 2015,Adult/Male/Black/OpenClass,3,HowonJung,JohnFranklJiu,Jitsu
Asian Jiu-Jitsu IBJJF Championship 2015,Adult/Male/Black/OpenClass,3,WankiChae,JohnFranklJiu,Jitsu
Asian Jiu-Jitsu IBJJF Championship 2015,Adult/Female/Black/Feather,1,MackenzieLynneDern,GracieHumaita
Asian Jiu-Jitsu IBJJF Championship 2015,Adult/Female/Black/Feather,2,RikakoYuasa,Paraestra
Asian Jiu-Jitsu IBJJF Championship 2015,Adult/Female/Black/Light,1,IsabelledeSouza,ImpactoJapanB.J.J.
Asian Jiu-Jitsu IBJJF Championship 2015,Adult/Female/Black/Light,2,SarahJohnelBlack,GDJiu,JitsuAssociation
Asian Jiu-Jitsu IBJJF Championship 2015,Adult/Female/Black/Middle,1,LeannaMDittrich,FightSports
Asian Jiu-Jitsu IBJJF Championship 2015,Adult/Female/Black/OpenClass,1,MackenzieLynneDern,GracieHumaita
Asian Jiu-Jitsu IBJJF Championship 2015,Adult/Female/Black/OpenClass,2,IsabelledeSouza,ImpactoJapanB.J.J.
Asian Jiu-Jitsu IBJJF Championship 2015,Adult/Female/Black/OpenClass,3,LeannaMDittrich,FightSports
Asian Jiu-Jitsu IBJJF Championship 2015,Master1/Male/White/Rooster,1,MasayukiSaikubo,Dragon'sDen
Asian Jiu-Jitsu IBJJF Championship 2015,Master1/Male/White/Rooster,2,IanBonnBolipata,RibeiroJiu,JitsuInternational
Asian Jiu-Jitsu IBJJF Championship 2015,Master1/Male/White/Rooster,3,MohdHazrulIzwanSofian,TeamBudaInternational
Asian Jiu-Jitsu IBJJF Championship 2015,Master1/Male/White/Light-Feather,1,InoueYuta,InfightJapanJiu,Jitsu
Asian Jiu-Jitsu IBJJF Championship 2015,Master1/Male/White/Light-Feather,2,JeromeHusson,CarpeDiem
Asian Jiu-Jitsu IBJJF Championship 2015,Master1/Male/White/Light-Feather,3,AsadaYoske,ImpactoJapanB.J.J.
Asian Jiu-Jitsu IBJJF Championship 2015,Master1/Male/White/Light-Feather,3,KarMengTan,TeamBudaInternational
Asian Jiu-Jitsu IBJJF Championship 2015,Master1/Male/White/Feather,1,KimJongYeop,DeLaRivaJJ
Asian Jiu-Jitsu IBJJF Championship 2015,Master1/Male/White/Feather,2,KuoChengHuang,TaiwanBJJ
Asian Jiu-Jitsu IBJJF Championship 2015,Master1/Male/White/Feather,3,NguyenDuongRobertoHajime,CarpeDiem
Asian Jiu-Jitsu IBJJF Championship 2015,Master1/Male/White/Feather,3,RaimySyahrizalBinMohamad,TeamBudaInternational
Asian Jiu-Jitsu IBJJF Championship 2015,Master1/Male/White/Light,1,YusukeMatsubayashi,InfightJapanJiu,Jitsu
Asian Jiu-Jitsu IBJJF Championship 2015,Master1/Male/White/Light,2,SamYoung,PurebredJiuJitsuGuam
Asian Jiu-Jitsu IBJJF Championship 2015,Master1/Male/White/Light,3,KimPyoungjae,DeLaRivaJJ
Asian Jiu-Jitsu IBJJF Championship 2015,Master1/Male/White/Light,3,LimSuk,DeLaRivaJJ
Asian Jiu-Jitsu IBJJF Championship 2015,Master1/Male/White/Middle,1,ParkJihun,DeLaRivaJJ
Asian Jiu-Jitsu IBJJF Championship 2015,Master1/Male/White/Middle,2,GarrettSaculla,HiroBJJAcademyYokohama
Asian Jiu-Jitsu IBJJF Championship 2015,Master1/Male/White/Middle,3,ChinzorigLkhais,MongolianBJJ
Asian Jiu-Jitsu IBJJF Championship 2015,Master1/Male/White/Middle,3,SamDean,Me,We
Asian Jiu-Jitsu IBJJF Championship 2015,Master1/Male/White/Medium-Heavy,1,JeremiahOh,HiroBJJAcademyYokohama
Asian Jiu-Jitsu IBJJF Championship 2015,Master1/Male/White/Medium-Heavy,2,OhSeJin,DeLaRivaJJ
Asian Jiu-Jitsu IBJJF Championship 2015,Master1/Male/White/Medium-Heavy,3,ScottDowning,HiroBJJAcademyYokohama
Asian Jiu-Jitsu IBJJF Championship 2015,Master1/Male/White/Heavy,1,YuhwanHyun,KJCompetitionTeam
Asian Jiu-Jitsu IBJJF Championship 2015,Master1/Male/White/Ultra-Heavy,1,PauloAlexandreOhara,ImpactoJapanB.J.J.
Asian Jiu-Jitsu IBJJF Championship 2015,Master1/Male/White/Ultra-Heavy,2,ErleArnold,FujitaJiu,Jitsu
Asian Jiu-Jitsu IBJJF Championship 2015,Master1/Male/White/Ultra-Heavy,3,HenryLowery,Brazil021International
Asian Jiu-Jitsu IBJJF Championship 2015,Master1/Male/White/Ultra-Heavy,3,ParkHyunsoo,DeLaRivaJJ
Asian Jiu-Jitsu IBJJF Championship 2015,Master1/Male/Blue/Rooster,1,SatoshiNagareda,MaxJiuJitsuAcademy
Asian Jiu-Jitsu IBJJF Championship 2015,Master1/Male/Blue/Rooster,2,MohdFouzeinMohdFozi,TeamBudaInternational
Asian Jiu-Jitsu IBJJF Championship 2015,Master1/Male/Blue/Rooster,3,ReindyAllendra,AllianceJiu,JitsuIndonesia
Asian Jiu-Jitsu IBJJF Championship 2015,Master1/Male/Blue/Rooster,3,yoheitakahashi,CarpeDiem
Asian Jiu-Jitsu IBJJF Championship 2015,Master1/Male/Blue/Light-Feather,1,TakuyaNakayama,Tri,ForceJiu,JitsuAcademy
Asian Jiu-Jitsu IBJJF Championship 2015,Master1/Male/Blue/Light-Feather,2,ShinyaHirakawa,CheckmatJapan
Asian Jiu-Jitsu IBJJF Championship 2015,Master1/Male/Blue/Light-Feather,3,ClertonMitsuoLessaHashimoto,InfightJapanJiu,Jitsu
Asian Jiu-Jitsu IBJJF Championship 2015,Master1/Male/Blue/Light-Feather,3,NobuyukiNishino,StrappleWasedaHirumaDojo
Asian Jiu-Jitsu IBJJF Championship 2015,Master1/Male/Blue/Feather,1,ThiagodeLucasFernandes,ImpactoJapanB.J.J.
Asian Jiu-Jitsu IBJJF Championship 2015,Master1/Male/Blue/Feather,2,HinYeungChan,HongKongJiu,Jitsu
Asian Jiu-Jitsu IBJJF Championship 2015,Master1/Male/Blue/Feather,3,HanJongYun,DeLaRivaJJ
Asian Jiu-Jitsu IBJJF Championship 2015,Master1/Male/Blue/Feather,3,YoheiFujisaki,Me,We
Asian Jiu-Jitsu IBJJF Championship 2015,Master1/Male/Blue/Light,1,YouJungok,DeLaRivaJJ
Asian Jiu-Jitsu IBJJF Championship 2015,Master1/Male/Blue/Light,2,ShuichirouHarashima,WajutsuKeisyukaiHearts
Asian Jiu-Jitsu IBJJF Championship 2015,Master1/Male/Blue/Light,3,JuanGabrielToreja,AtosJiu,Jitsu
Asian Jiu-Jitsu IBJJF Championship 2015,Master1/Male/Blue/Light,3,OliverGraham,BJJRevolutionTeam,International
Asian Jiu-Jitsu IBJJF Championship 2015,Master1/Male/Blue/Middle,1,LijunPan,ShanghaiBJJ(SHBJJ)
Asian Jiu-Jitsu IBJJF Championship 2015,Master1/Male/Blue/Middle,2,ParkSaingmin,DeLaRivaJJ
Asian Jiu-Jitsu IBJJF Championship 2015,Master1/Male/Blue/Middle,3,RaulFernandoSuzuki,DammFightJapan
Asian Jiu-Jitsu IBJJF Championship 2015,Master1/Male/Blue/Middle,3,YuyaKamimura,Tri,ForceJiu,JitsuAcademy
Asian Jiu-Jitsu IBJJF Championship 2015,Master1/Male/Blue/Medium-Heavy,1,GrantOgbu,BJJRevolutionTeam,International
Asian Jiu-Jitsu IBJJF Championship 2015,Master1/Male/Blue/Medium-Heavy,2,ChihWenCheng,TaiwanBJJ
Asian Jiu-Jitsu IBJJF Championship 2015,Master1/Male/Blue/Medium-Heavy,3,AllanWidoMartinez,GracieBarra
Asian Jiu-Jitsu IBJJF Championship 2015,Master1/Male/Blue/Medium-Heavy,3,RayanDumasia,Alliance
Asian Jiu-Jitsu IBJJF Championship 2015,Master1/Male/Blue/Heavy,1,RoryMichaelHussey,AtosJiu,Jitsu
Asian Jiu-Jitsu IBJJF Championship 2015,Master1/Male/Blue/Heavy,2,SergioMitsuoLopesIkari,ImpactoJapanB.J.J.
Asian Jiu-Jitsu IBJJF Championship 2015,Master1/Male/Blue/Heavy,3,MarioMarozzi,TeamBudaInternational
Asian Jiu-Jitsu IBJJF Championship 2015,Master1/Male/Blue/Heavy,3,WeimingEugeneSiew,CheckMatInternational
Asian Jiu-Jitsu IBJJF Championship 2015,Master1/Male/Blue/Super-Heavy,1,JehanJabar,NovaUniãoInternational
Asian Jiu-Jitsu IBJJF Championship 2015,Master1/Male/Blue/Super-Heavy,2,kazutoshiyazawa,RenatusJiu,JitsuAcademy
Asian Jiu-Jitsu IBJJF Championship 2015,Master1/Male/Blue/OpenClass,1,RoryMichaelHussey,AtosJiu,Jitsu
Asian Jiu-Jitsu IBJJF Championship 2015,Master1/Male/Blue/OpenClass,2,GrantOgbu,BJJRevolutionTeam,International
Asian Jiu-Jitsu IBJJF Championship 2015,Master1/Male/Blue/OpenClass,3,MarioMarozzi,TeamBudaInternational
Asian Jiu-Jitsu IBJJF Championship 2015,Master1/Male/Blue/OpenClass,3,ThiagodeLucasFernandes,ImpactoJapanB.J.J.
Asian Jiu-Jitsu IBJJF Championship 2015,Master1/Female/Blue/Light-Feather,1,YukiMaekawa,Paraestra
Asian Jiu-Jitsu IBJJF Championship 2015,Master1/Female/Blue/Light-Feather,2,AlvinaLim,EvolveMMA
Asian Jiu-Jitsu IBJJF Championship 2015,Master1/Female/Blue/Light-Feather,3,HyunjinKim,KJCompetitionTeam
Asian Jiu-Jitsu IBJJF Championship 2015,Master1/Female/Blue/Light-Feather,3,KyokoChinen,WakaJiu,Jitsu
Asian Jiu-Jitsu IBJJF Championship 2015,Master1/Male/Purple/Rooster,1,GilsonSone,InfightJapanJiu,Jitsu
Asian Jiu-Jitsu IBJJF Championship 2015,Master1/Male/Purple/Rooster,2,ErwinJohnTagle,AtosJiu,Jitsu
Asian Jiu-Jitsu IBJJF Championship 2015,Master1/Male/Purple/Rooster,3,HidenoriKarasawa,Paraestra
Asian Jiu-Jitsu IBJJF Championship 2015,Master1/Male/Purple/Rooster,3,KeitaSako,RenatusJiu,JitsuAcademy
Asian Jiu-Jitsu IBJJF Championship 2015,Master1/Male/Purple/Light-Feather,1,BrunoRaphaelIshi,ImpactoJapanB.J.J.
Asian Jiu-Jitsu IBJJF Championship 2015,Master1/Male/Purple/Light-Feather,2,daiibaraki,Dragon'sDen
Asian Jiu-Jitsu IBJJF Championship 2015,Master1/Male/Purple/Light-Feather,3,TakanoriKaito,ImpactoJapanB.J.J.
Asian Jiu-Jitsu IBJJF Championship 2015,Master1/Male/Purple/Light-Feather,3,TakatoshiShibayama,AtosJiu,Jitsu
Asian Jiu-Jitsu IBJJF Championship 2015,Master1/Male/Purple/Feather,1,MasashiTakino,Paraestra
Asian Jiu-Jitsu IBJJF Championship 2015,Master1/Male/Purple/Feather,2,AndreTeikiIto,InfightJapanJiu,Jitsu
Asian Jiu-Jitsu IBJJF Championship 2015,Master1/Male/Purple/Feather,3,FrancisOoiTzeShian,EvolveMMA
Asian Jiu-Jitsu IBJJF Championship 2015,Master1/Male/Purple/Feather,3,MasaoNakatani,GrascoJiu,JitsuAcademy
Asian Jiu-Jitsu IBJJF Championship 2015,Master1/Male/Purple/Light,1,NestorPonceIII,AtosJiu,Jitsu
Asian Jiu-Jitsu IBJJF Championship 2015,Master1/Male/Purple/Light,2,KeitarohMikuni,HiroBJJAcademyYokohama
Asian Jiu-Jitsu IBJJF Championship 2015,Master1/Male/Purple/Light,3,BaeWonJoon(repetido79722),Jiu,JitsuLab
Asian Jiu-Jitsu IBJJF Championship 2015,Master1/Male/Purple/Light,3,LloydCubacub,PurebredJiuJitsuGuam
Asian Jiu-Jitsu IBJJF Championship 2015,Master1/Male/Purple/Middle,1,DenisGurinenko,GracieBarra
Asian Jiu-Jitsu IBJJF Championship 2015,Master1/Male/Purple/Middle,2,TakuyaTakayama,Tri,ForceJiu,JitsuAcademy
Asian Jiu-Jitsu IBJJF Championship 2015,Master1/Male/Purple/Medium-Heavy,1,LiShiyuan,EquilibriumMixedMartialArts
Asian Jiu-Jitsu IBJJF Championship 2015,Master1/Male/Purple/Heavy,1,FernandoDaikiri,GracieBarra
Asian Jiu-Jitsu IBJJF Championship 2015,Master1/Male/Purple/OpenClass,1,BaeWonJoon(repetido79722),Jiu,JitsuLab
Asian Jiu-Jitsu IBJJF Championship 2015,Master1/Male/Purple/OpenClass,2,LiShiyuan,EquilibriumMixedMartialArts
Asian Jiu-Jitsu IBJJF Championship 2015,Master1/Male/Purple/OpenClass,3,FernandoDaikiri,GracieBarra
Asian Jiu-Jitsu IBJJF Championship 2015,Master1/Male/Purple/OpenClass,3,MasaoNakatani,GrascoJiu,JitsuAcademy
Asian Jiu-Jitsu IBJJF Championship 2015,Master1/Male/Brown/Rooster,1,YuFujioka,FujitaJiu,Jitsu
Asian Jiu-Jitsu IBJJF Championship 2015,Master1/Male/Brown/Rooster,2,ToruNakao,X,TremeJiu,JitsuAcademy
Asian Jiu-Jitsu IBJJF Championship 2015,Master1/Male/Brown/Light-Feather,1,BrunoFernandoHiroshiIamamoto,ImpactoJapanB.J.J.
Asian Jiu-Jitsu IBJJF Championship 2015,Master1/Male/Brown/Light-Feather,2,KatayamaMotonari,PogonaClubGym
Asian Jiu-Jitsu IBJJF Championship 2015,Master1/Male/Brown/Light-Feather,3,ShinKameda,DeLaRivaJJ
Asian Jiu-Jitsu IBJJF Championship 2015,Master1/Male/Brown/Light-Feather,3,TatsuyaWakayama,WakaJiu,Jitsu
Asian Jiu-Jitsu IBJJF Championship 2015,Master1/Male/Brown/Feather,1,YujiGoto,IsshinJiujitsuAcademy
Asian Jiu-Jitsu IBJJF Championship 2015,Master1/Male/Brown/Feather,2,LuisReyes,BonsaiJJ,Guam
Asian Jiu-Jitsu IBJJF Championship 2015,Master1/Male/Brown/Feather,3,OkMyoungKim,DeLaRivaJJ
Asian Jiu-Jitsu IBJJF Championship 2015,Master1/Male/Brown/Middle,1,LiuChiaPeng,AtosJiu,Jitsu
Asian Jiu-Jitsu IBJJF Championship 2015,Master1/Male/Brown/Middle,2,AndrewAdamsMacDonald,NovaUniãoInternational
Asian Jiu-Jitsu IBJJF Championship 2015,Master1/Male/Brown/Middle,3,RicardoOliveiradaSilva,OgawaJiuJitsu
Asian Jiu-Jitsu IBJJF Championship 2015,Master1/Male/Brown/Super-Heavy,1,Kang,CheolPark,KJCompetitionTeam
Asian Jiu-Jitsu IBJJF Championship 2015,Master1/Male/Brown/Super-Heavy,2,JamesSungHyunPaek,PurebredJiuJitsuGuam
Asian Jiu-Jitsu IBJJF Championship 2015,Master1/Male/Brown/Super-Heavy,3,MarcelinodePaulaIida,InfightJapanJiu,Jitsu
Asian Jiu-Jitsu IBJJF Championship 2015,Master1/Male/Brown/Ultra-Heavy,1,JoshuaPaulJerome,PurebredJiuJitsuGuam
Asian Jiu-Jitsu IBJJF Championship 2015,Master1/Male/Brown/OpenClass,1,JoshuaPaulJerome,PurebredJiuJitsuGuam
Asian Jiu-Jitsu IBJJF Championship 2015,Master1/Male/Brown/OpenClass,2,LiuChiaPeng,AtosJiu,Jitsu
Asian Jiu-Jitsu IBJJF Championship 2015,Master1/Male/Brown/OpenClass,3,BrunoFernandoHiroshiIamamoto,ImpactoJapanB.J.J.
Asian Jiu-Jitsu IBJJF Championship 2015,Master1/Male/Brown/OpenClass,3,YujiGoto,IsshinJiujitsuAcademy
Asian Jiu-Jitsu IBJJF Championship 2015,Master1/Male/Black/Feather,1,CarlosAugustoDaSilvaKimura,ImpactoJapanB.J.J.
Asian Jiu-Jitsu IBJJF Championship 2015,Master1/Male/Black/Feather,2,YasuhitoNakatsuka,Me,We
Asian Jiu-Jitsu IBJJF Championship 2015,Master1/Male/Black/Feather,3,BrunoCardosoBarbosa,TeamBudaInternational
Asian Jiu-Jitsu IBJJF Championship 2015,Master1/Male/Black/Feather,3,KazuyaSatoh,Paraestra
Asian Jiu-Jitsu IBJJF Championship 2015,Master1/Male/Black/Light,1,RogerioYoskiSuto,ImpactoJapanB.J.J.
Asian Jiu-Jitsu IBJJF Championship 2015,Master1/Male/Black/Light,2,NamrodBisso,AustralianEliteTeam
Asian Jiu-Jitsu IBJJF Championship 2015,Master1/Male/Black/Light,3,AkihiroShibuya,HiroBJJAcademyYokohama
Asian Jiu-Jitsu IBJJF Championship 2015,Master1/Male/Black/Light,3,AlexsandrodosSantosMachado,CheckMatInternational
Asian Jiu-Jitsu IBJJF Championship 2015,Master1/Male/Black/Middle,1,LeandrodeSouzaKussano,OverLimitBJJ
Asian Jiu-Jitsu IBJJF Championship 2015,Master1/Male/Black/Middle,2,TrentonJ.Cooke,Alliance
Asian Jiu-Jitsu IBJJF Championship 2015,Master1/Male/Black/Middle,3,Jae,SukLim,JohnFranklJiu,Jitsu
Asian Jiu-Jitsu IBJJF Championship 2015,Master1/Male/Black/Medium-Heavy,1,SadayoshiRobertoMotaKurimori,FightMoveBJJ
Asian Jiu-Jitsu IBJJF Championship 2015,Master1/Male/Black/Medium-Heavy,2,PabloTeesLeite,EmiratesJiu,JitsuCenter
Asian Jiu-Jitsu IBJJF Championship 2015,Master1/Male/Black/Medium-Heavy,3,AndersonTakahashiDeFaria,RochaJiuJitsu
Asian Jiu-Jitsu IBJJF Championship 2015,Master1/Male/Black/Medium-Heavy,3,AsaoEvertonRamos,ImpactoJapanB.J.J.
Asian Jiu-Jitsu IBJJF Championship 2015,Master1/Male/Black/Heavy,1,AlbertoHipácioMinádeAraújo,GracieBarra
Asian Jiu-Jitsu IBJJF Championship 2015,Master1/Male/Black/Heavy,2,FabioYukioSugawara,InfightJapanJiu,Jitsu
Asian Jiu-Jitsu IBJJF Championship 2015,Master1/Male/Black/OpenClass,1,LeandrodeSouzaKussano,OverLimitBJJ
Asian Jiu-Jitsu IBJJF Championship 2015,Master1/Male/Black/OpenClass,2,RogerioYoskiSuto,ImpactoJapanB.J.J.
Asian Jiu-Jitsu IBJJF Championship 2015,Master1/Male/Black/OpenClass,3,AndersonTakahashiDeFaria,RochaJiuJitsu
Asian Jiu-Jitsu IBJJF Championship 2015,Master1/Male/Black/OpenClass,3,PabloTeesLeite,EmiratesJiu,JitsuCenter
Asian Jiu-Jitsu IBJJF Championship 2015,Master2/Male/White/Light-Feather,1,WeiHengShen,BJJRevolutionTeam,International
Asian Jiu-Jitsu IBJJF Championship 2015,Master2/Male/White/Light-Feather,2,SiuFaiChui,HongKongJiu,Jitsu
Asian Jiu-Jitsu IBJJF Championship 2015,Master2/Male/White/Light-Feather,3,KenjiKoshida,X,TremeJiu,JitsuAcademy
Asian Jiu-Jitsu IBJJF Championship 2015,Master2/Male/White/Light-Feather,3,SzeKitPeterChiang,HongKongJiu,Jitsu
Asian Jiu-Jitsu IBJJF Championship 2015,Master2/Male/White/Feather,1,MurataShigeki,ImpactoJapanB.J.J.
Asian Jiu-Jitsu IBJJF Championship 2015,Master2/Male/White/Feather,2,HorieWataru,CarpeDiem
Asian Jiu-Jitsu IBJJF Championship 2015,Master2/Male/White/Feather,3,KojiInomata,Paraestra
Asian Jiu-Jitsu IBJJF Championship 2015,Master2/Male/White/Feather,3,RyutaroHayashi,Tri,ForceJiu,JitsuAcademy
Asian Jiu-Jitsu IBJJF Championship 2015,Master2/Male/White/Light,1,TadashiKouno,GrascoJiu,JitsuAcademy
Asian Jiu-Jitsu IBJJF Championship 2015,Master2/Male/White/Light,2,CarlosDaSilvaFerreira,OgawaJiuJitsu
Asian Jiu-Jitsu IBJJF Championship 2015,Master2/Male/White/Light,3,LeeHojong,DeLaRivaJJ
Asian Jiu-Jitsu IBJJF Championship 2015,Master2/Male/White/Light,3,MasanoriInoue,ImpactoJapanB.J.J.
Asian Jiu-Jitsu IBJJF Championship 2015,Master2/Male/White/Middle,1,TakahashiYoshiyasu,Jiu,JitsuLab
Asian Jiu-Jitsu IBJJF Championship 2015,Master2/Male/White/Middle,2,EliForester,CarpeDiem
Asian Jiu-Jitsu IBJJF Championship 2015,Master2/Male/White/Middle,3,CortJamison,PurebredJiuJitsuGuam
Asian Jiu-Jitsu IBJJF Championship 2015,Master2/Male/White/Middle,3,RobertDennisChaney,GracieHumaitaPhoenix
Asian Jiu-Jitsu IBJJF Championship 2015,Master2/Male/White/Medium-Heavy,1,AhmedWagihIbrahimMohamedKorayem,Will/Machado
Asian Jiu-Jitsu IBJJF Championship 2015,Master2/Male/White/Medium-Heavy,2,AlekseiKaikov,GracieBarra
Asian Jiu-Jitsu IBJJF Championship 2015,Master2/Male/White/Medium-Heavy,3,LeandroKumagai,InfightJapanJiu,Jitsu
Asian Jiu-Jitsu IBJJF Championship 2015,Master2/Male/White/Medium-Heavy,3,TOSHIROSATO,StrappleWasedaHirumaDojo
Asian Jiu-Jitsu IBJJF Championship 2015,Master2/Male/White/Heavy,1,AgusSusanto,AllianceJiu,JitsuIndonesia
Asian Jiu-Jitsu IBJJF Championship 2015,Master2/Male/White/Heavy,2,SeungyongYu,JohnFranklJiu,Jitsu
Asian Jiu-Jitsu IBJJF Championship 2015,Master2/Male/Blue/Rooster,1,RenatoSato,ImpactoJapanB.J.J.
Asian Jiu-Jitsu IBJJF Championship 2015,Master2/Male/Blue/Rooster,2,HiromasaIshii,NewazaWorldShinagawa
Asian Jiu-Jitsu IBJJF Championship 2015,Master2/Male/Blue/Rooster,3,KojimaYuuji,CarpeDiem
Asian Jiu-Jitsu IBJJF Championship 2015,Master2/Male/Blue/Light-Feather,1,YukioSugimoto,GrounndCore
Asian Jiu-Jitsu IBJJF Championship 2015,Master2/Male/Blue/Light-Feather,2,TomomiTakemoto,Paraestra
Asian Jiu-Jitsu IBJJF Championship 2015,Master2/Male/Blue/Light-Feather,3,EdsonShimodaira,OgawaJiuJitsu
Asian Jiu-Jitsu IBJJF Championship 2015,Master2/Male/Blue/Light-Feather,3,NorikazuYoshimoto,HiroBJJAcademyYokohama
Asian Jiu-Jitsu IBJJF Championship 2015,Master2/Male/Blue/Feather,1,TakayukiOkutomi,Dragon'sDen
Asian Jiu-Jitsu IBJJF Championship 2015,Master2/Male/Blue/Feather,2,ChihJenCheng,TaiwanBJJ
Asian Jiu-Jitsu IBJJF Championship 2015,Master2/Male/Blue/Feather,3,AlexLiu,BJJRevolutionTeam,International
Asian Jiu-Jitsu IBJJF Championship 2015,Master2/Male/Blue/Feather,3,JonathanLiang,BJJRevolutionTeam,International
Asian Jiu-Jitsu IBJJF Championship 2015,Master2/Male/Blue/Light,1,PaiHsienMing,TaiwanBJJ
Asian Jiu-Jitsu IBJJF Championship 2015,Master2/Male/Blue/Light,2,MinukPark,NovaUniãoInternational
Asian Jiu-Jitsu IBJJF Championship 2015,Master2/Male/Blue/Light,3,OsamuNagahama,Fellows
Asian Jiu-Jitsu IBJJF Championship 2015,Master2/Male/Blue/Light,3,TomohikoSato,Tri,ForceJiu,JitsuAcademy
Asian Jiu-Jitsu IBJJF Championship 2015,Master2/Male/Blue/Middle,1,RobertDanielLee,AxisJiu,Jitsu
Asian Jiu-Jitsu IBJJF Championship 2015,Master2/Male/Blue/Middle,2,BenjaminDixon,RogerGracie
Asian Jiu-Jitsu IBJJF Championship 2015,Master2/Male/Blue/Ultra-Heavy,1,YokoiHirotaka,Tri,ForceJiu,JitsuAcademy
Asian Jiu-Jitsu IBJJF Championship 2015,Master2/Male/Blue/Ultra-Heavy,2,SylvainGalibert,BJJGlobetrotters
Asian Jiu-Jitsu IBJJF Championship 2015,Master2/Male/Blue/OpenClass,1,YokoiHirotaka,Tri,ForceJiu,JitsuAcademy
Asian Jiu-Jitsu IBJJF Championship 2015,Master2/Male/Blue/OpenClass,2,RobertDanielLee,AxisJiu,Jitsu
Asian Jiu-Jitsu IBJJF Championship 2015,Master2/Male/Blue/OpenClass,3,SylvainGalibert,BJJGlobetrotters
Asian Jiu-Jitsu IBJJF Championship 2015,Master2/Male/Blue/OpenClass,3,YukioSugimoto,GrounndCore
Asian Jiu-Jitsu IBJJF Championship 2015,Master2/Male/Purple/Rooster,1,MasajiKawamura,MaxJiuJitsuAcademy
Asian Jiu-Jitsu IBJJF Championship 2015,Master2/Male/Purple/Rooster,2,NadinMaxiell,CheckmatCDJJTokyo
Asian Jiu-Jitsu IBJJF Championship 2015,Master2/Male/Purple/Light-Feather,1,FubitoAizawa,PSBJJOgikubo
Asian Jiu-Jitsu IBJJF Championship 2015,Master2/Male/Purple/Light-Feather,2,TaketoshiTanoue,Tri,ForceJiu,JitsuAcademy
Asian Jiu-Jitsu IBJJF Championship 2015,Master2/Male/Purple/Light-Feather,3,ShigeruIkezaki,Me,We
Asian Jiu-Jitsu IBJJF Championship 2015,Master2/Male/Purple/Light-Feather,3,ShunsukeHigo,StrappleWasedaHirumaDojo
Asian Jiu-Jitsu IBJJF Championship 2015,Master2/Male/Purple/Feather,1,AkihiroTakei,PogonaClubGym
Asian Jiu-Jitsu IBJJF Championship 2015,Master2/Male/Purple/Feather,2,TakashiSugimoto,Paraestra
Asian Jiu-Jitsu IBJJF Championship 2015,Master2/Male/Purple/Feather,3,KatsuakiKomatsu,Tri,ForceJiu,JitsuAcademy
Asian Jiu-Jitsu IBJJF Championship 2015,Master2/Male/Purple/Feather,3,YoshiyaSuga,CarpeDiem
Asian Jiu-Jitsu IBJJF Championship 2015,Master2/Male/Purple/Light,1,HiroyukiKurokawa,Paraestra
Asian Jiu-Jitsu IBJJF Championship 2015,Master2/Male/Purple/Light,2,JoeyLepiten,RibeiroJiu,JitsuInternational
Asian Jiu-Jitsu IBJJF Championship 2015,Master2/Male/Purple/Light,3,KimSangho(repetido194527),DeLaRivaJJ
Asian Jiu-Jitsu IBJJF Championship 2015,Master2/Male/Purple/Light,3,YasuyukiNishi,CarpeDiem
Asian Jiu-Jitsu IBJJF Championship 2015,Master2/Male/Purple/Middle,1,JongmuLee,SanaiJiuJitsuAcademy
Asian Jiu-Jitsu IBJJF Championship 2015,Master2/Male/Purple/Middle,2,MarceloV.Hamanaka,ImpactoJapanB.J.J.
Asian Jiu-Jitsu IBJJF Championship 2015,Master2/Male/Purple/Middle,3,SouzaSinomarArakaki,KatayamaJiu,Jitsu
Asian Jiu-Jitsu IBJJF Championship 2015,Master2/Male/Purple/Medium-Heavy,1,KazukiNakamura,CarpeDiemNagasaki
Asian Jiu-Jitsu IBJJF Championship 2015,Master2/Male/Purple/Medium-Heavy,2,ArmandoFujiyama,GracieBarra
Asian Jiu-Jitsu IBJJF Championship 2015,Master2/Male/Purple/Medium-Heavy,3,RandolphBazile,AxisJiu,Jitsu
Asian Jiu-Jitsu IBJJF Championship 2015,Master2/Male/Purple/Medium-Heavy,3,ScottWilliamDempster,ZenithBJJ,Australia
Asian Jiu-Jitsu IBJJF Championship 2015,Master2/Male/Purple/Ultra-Heavy,1,SatoshiIto,GrascoJiu,JitsuAcademy
Asian Jiu-Jitsu IBJJF Championship 2015,Master2/Male/Purple/Ultra-Heavy,2,MarcelinoShimura,OverLimitBJJ
Asian Jiu-Jitsu IBJJF Championship 2015,Master2/Male/Purple/OpenClass,1,KazukiNakamura,CarpeDiemNagasaki
Asian Jiu-Jitsu IBJJF Championship 2015,Master2/Male/Purple/OpenClass,2,SatoshiIto,GrascoJiu,JitsuAcademy
Asian Jiu-Jitsu IBJJF Championship 2015,Master2/Male/Purple/OpenClass,3,MarceloV.Hamanaka,ImpactoJapanB.J.J.
Asian Jiu-Jitsu IBJJF Championship 2015,Master2/Male/Purple/OpenClass,3,RandolphBazile,AxisJiu,Jitsu
Asian Jiu-Jitsu IBJJF Championship 2015,Master2/Male/Brown/Feather,1,GagikTumanyan,NovaUniãoAustralia
Asian Jiu-Jitsu IBJJF Championship 2015,Master2/Male/Brown/Feather,2,SoraTsukui,Newaza,WorldHanshin
Asian Jiu-Jitsu IBJJF Championship 2015,Master2/Male/Brown/Feather,3,KatsuhikoHibino,Alive
Asian Jiu-Jitsu IBJJF Championship 2015,Master2/Male/Brown/Feather,3,MotoakiHirokura,ImpactoJapanB.J.J.
Asian Jiu-Jitsu IBJJF Championship 2015,Master2/Male/Brown/Light,1,YasunoriYamamoto,Paraestra
Asian Jiu-Jitsu IBJJF Championship 2015,Master2/Male/Brown/Light,2,KenjiShiratsuki,Tri,ForceJiu,JitsuAcademy
Asian Jiu-Jitsu IBJJF Championship 2015,Master2/Male/Brown/Light,3,AhmedSuhailBinHuwaidenAlKetbi,UAEJiu,jitsuTeam
Asian Jiu-Jitsu IBJJF Championship 2015,Master2/Male/Brown/Light,3,JinDongJung,KJCompetitionTeam
Asian Jiu-Jitsu IBJJF Championship 2015,Master2/Male/Brown/Middle,1,WilsonLuizSampaio,ImpactoJapanB.J.J.
Asian Jiu-Jitsu IBJJF Championship 2015,Master2/Male/Brown/Middle,2,AlexandreAvakiants,CarpeDiem
Asian Jiu-Jitsu IBJJF Championship 2015,Master2/Male/Brown/Middle,3,HiroakiIgusa,PurebredOmiya
Asian Jiu-Jitsu IBJJF Championship 2015,Master2/Male/Brown/Middle,3,LarronZacharyGandaoli,PurebredJiuJitsuGuam
Asian Jiu-Jitsu IBJJF Championship 2015,Master2/Male/Brown/Medium-Heavy,1,TsuyoshiFujimoto,ImpactoJapanB.J.J.
Asian Jiu-Jitsu IBJJF Championship 2015,Master2/Male/Brown/Medium-Heavy,2,WilsonTadashiKarakawa,SuperTeamJiu,Jitsu
Asian Jiu-Jitsu IBJJF Championship 2015,Master2/Male/Brown/Ultra-Heavy,1,GustavoAdolfoPuente,AmericanTopTeam
Asian Jiu-Jitsu IBJJF Championship 2015,Master2/Male/Brown/OpenClass,1,GustavoAdolfoPuente,AmericanTopTeam
Asian Jiu-Jitsu IBJJF Championship 2015,Master2/Male/Brown/OpenClass,2,KatsuhikoHibino,Alive
Asian Jiu-Jitsu IBJJF Championship 2015,Master2/Male/Brown/OpenClass,3,AhmedSuhailBinHuwaidenAlKetbi,UAEJiu,jitsuTeam
Asian Jiu-Jitsu IBJJF Championship 2015,Master2/Male/Brown/OpenClass,3,LarronZacharyGandaoli,PurebredJiuJitsuGuam
Asian Jiu-Jitsu IBJJF Championship 2015,Master2/Male/Black/Light-Feather,1,CarlosKazuoKihara,ImpactoJapanB.J.J.
Asian Jiu-Jitsu IBJJF Championship 2015,Master2/Male/Black/Light-Feather,2,YasushiOokubo,Fellows
Asian Jiu-Jitsu IBJJF Championship 2015,Master2/Male/Black/Light-Feather,3,NaotoKonno,Paraestra
Asian Jiu-Jitsu IBJJF Championship 2015,Master2/Male/Black/Light-Feather,3,TakashiGoto,SuitaJiu,Jitsu
Asian Jiu-Jitsu IBJJF Championship 2015,Master2/Male/Black/Feather,1,MiqueiasToshioAsada,ImpactoJapanB.J.J.
Asian Jiu-Jitsu IBJJF Championship 2015,Master2/Male/Black/Feather,2,TabaAgnaldoMassao,CoolChampClub
Asian Jiu-Jitsu IBJJF Championship 2015,Master2/Male/Black/Feather,3,JoaoLeninekauvauti,OgawaJiuJitsu
Asian Jiu-Jitsu IBJJF Championship 2015,Master2/Male/Black/Feather,3,KensukeNogawa,Paraestra
Asian Jiu-Jitsu IBJJF Championship 2015,Master2/Male/Black/Light,1,RogeriodeCristoFilho,RochaJiuJitsu
Asian Jiu-Jitsu IBJJF Championship 2015,Master2/Male/Black/Light,2,AntonySinghChahal,NewSchoolBJJ
Asian Jiu-Jitsu IBJJF Championship 2015,Master2/Male/Black/Light,3,Ji,YoungKim,RatelBJJ
Asian Jiu-Jitsu IBJJF Championship 2015,Master2/Male/Black/Middle,1,MarkJ.Vives,BonsaiJJ,USA
Asian Jiu-Jitsu IBJJF Championship 2015,Master2/Male/Black/Middle,2,Byeong,GyuChoi,JohnFranklJiu,Jitsu
Asian Jiu-Jitsu IBJJF Championship 2015,Master2/Male/Black/Middle,3,FlavioRogerioBueno,CheckMatInternational
Asian Jiu-Jitsu IBJJF Championship 2015,Master2/Male/Black/Middle,3,MarcosAntonioCerqueiraBatista,Brazil021International
Asian Jiu-Jitsu IBJJF Championship 2015,Master2/Male/Black/Heavy,1,AlexanderSulit,AtosJiu,Jitsu
Asian Jiu-Jitsu IBJJF Championship 2015,Master2/Male/Black/Heavy,2,AndrewPo,chenWang,GrapplingUnlimited
Asian Jiu-Jitsu IBJJF Championship 2015,Master2/Male/Black/Ultra-Heavy,1,FernandoNascimentoAraujo,JungleBJJ
Asian Jiu-Jitsu IBJJF Championship 2015,Master2/Male/Black/OpenClass,1,FernandoNascimentoAraujo,JungleBJJ
Asian Jiu-Jitsu IBJJF Championship 2015,Master2/Male/Black/OpenClass,2,MiqueiasToshioAsada,ImpactoJapanB.J.J.
Asian Jiu-Jitsu IBJJF Championship 2015,Master2/Male/Black/OpenClass,3,JoaoLeninekauvauti,OgawaJiuJitsu
Asian Jiu-Jitsu IBJJF Championship 2015,Master2/Male/Black/OpenClass,3,TakashiGoto,SuitaJiu,Jitsu
Asian Jiu-Jitsu IBJJF Championship 2015,Master3/Male/Blue/Light-Feather,1,KojiShigemizu,TrustJiu,jitsuAcademy
Asian Jiu-Jitsu IBJJF Championship 2015,Master3/Male/Blue/Light-Feather,2,SatoruImai,CarpeDiem
Asian Jiu-Jitsu IBJJF Championship 2015,Master3/Male/Blue/Light-Feather,3,TakuSato,MaxJiuJitsuAcademy
Asian Jiu-Jitsu IBJJF Championship 2015,Master3/Male/Blue/Feather,1,AlexLin,BJJRevolutionTeam,International
Asian Jiu-Jitsu IBJJF Championship 2015,Master3/Male/Blue/Feather,2,AkiSakamoto,BJJRevolutionTeam,International
Asian Jiu-Jitsu IBJJF Championship 2015,Master3/Male/Blue/Feather,3,KazuomiKiyota,Paraestra
Asian Jiu-Jitsu IBJJF Championship 2015,Master3/Male/Blue/Feather,3,YasuhitoSasaki,PurebredSapporo
Asian Jiu-Jitsu IBJJF Championship 2015,Master3/Male/Blue/Light,1,shigeyukimotoki,Tri,ForceJiu,JitsuAcademy
Asian Jiu-Jitsu IBJJF Championship 2015,Master3/Male/Blue/Light,2,YoshitakaHirota,Free&Free
Asian Jiu-Jitsu IBJJF Championship 2015,Master3/Male/Blue/Light,3,AkihikoIshikawa,Tri,ForceJiu,JitsuAcademy
Asian Jiu-Jitsu IBJJF Championship 2015,Master3/Male/Blue/Light,3,ThomasWong,TaiwanBJJ
Asian Jiu-Jitsu IBJJF Championship 2015,Master3/Male/Blue/Middle,1,TAKESHINAKAZATO,DojyoGoujutsu
Asian Jiu-Jitsu IBJJF Championship 2015,Master3/Male/Blue/Middle,2,AndyBarker,HiroBJJAcademyYokohama
Asian Jiu-Jitsu IBJJF Championship 2015,Master3/Male/Blue/Medium-Heavy,1,BrendanRichardScholey,NovaUniãoInternational
Asian Jiu-Jitsu IBJJF Championship 2015,Master3/Male/Blue/Medium-Heavy,2,EduardoFerreiraDiasDias,InfightJapanJiu,Jitsu
Asian Jiu-Jitsu IBJJF Championship 2015,Master3/Male/Blue/Heavy,1,RomanBudkovskii,GracieBarra
Asian Jiu-Jitsu IBJJF Championship 2015,Master3/Male/Blue/OpenClass,1,RomanBudkovskii,GracieBarra
Asian Jiu-Jitsu IBJJF Championship 2015,Master3/Male/Blue/OpenClass,2,BrendanRichardScholey,NovaUniãoInternational
Asian Jiu-Jitsu IBJJF Championship 2015,Master3/Male/Blue/OpenClass,3,AkiSakamoto,BJJRevolutionTeam,International
Asian Jiu-Jitsu IBJJF Championship 2015,Master3/Male/Blue/OpenClass,3,EduardoFerreiraDiasDias,InfightJapanJiu,Jitsu
Asian Jiu-Jitsu IBJJF Championship 2015,Master3/Male/Purple/Light-Feather,1,MasahiroHorikawa,GracieBarra
Asian Jiu-Jitsu IBJJF Championship 2015,Master3/Male/Purple/Light-Feather,2,StevenTong,RootsBJJ
Asian Jiu-Jitsu IBJJF Championship 2015,Master3/Male/Purple/Light-Feather,3,AkioAbe,CarpeDiem
Asian Jiu-Jitsu IBJJF Championship 2015,Master3/Male/Purple/Light-Feather,3,JuroMorita,Paraestra
Asian Jiu-Jitsu IBJJF Championship 2015,Master3/Male/Purple/Feather,1,ToshitakeSasaki,SoujiukaiSendai
Asian Jiu-Jitsu IBJJF Championship 2015,Master3/Male/Purple/Feather,2,MakotoOno,ShootoGymRoots
Asian Jiu-Jitsu IBJJF Championship 2015,Master3/Male/Purple/Feather,3,ShinyaTakiguchi,CheckmatCDJJTokyo
Asian Jiu-Jitsu IBJJF Championship 2015,Master3/Male/Purple/Feather,3,TedJosephTarpley,myBJJTeam
Asian Jiu-Jitsu IBJJF Championship 2015,Master3/Male/Purple/Light,1,HaguroKazuhito,GrascoJiu,JitsuAcademy
Asian Jiu-Jitsu IBJJF Championship 2015,Master3/Male/Purple/Light,2,KazutadaYokoyama,Paraestra
Asian Jiu-Jitsu IBJJF Championship 2015,Master3/Male/Purple/Light,3,MasamichiKawada,Visca
Asian Jiu-Jitsu IBJJF Championship 2015,Master3/Male/Purple/Light,3,YasutoshiTakenoya,Dragon'sDen
Asian Jiu-Jitsu IBJJF Championship 2015,Master3/Male/Purple/Middle,1,KeitaTakahashi,Paraestra
Asian Jiu-Jitsu IBJJF Championship 2015,Master3/Male/Purple/Middle,2,FranciscoKim,BJJRevolutionTeam,International
Asian Jiu-Jitsu IBJJF Championship 2015,Master3/Male/Purple/Middle,3,MasatoEnomoto,Free&Free
Asian Jiu-Jitsu IBJJF Championship 2015,Master3/Male/Purple/Middle,3,YamamotoKiyokazu,CarpeDiemNagasaki
Asian Jiu-Jitsu IBJJF Championship 2015,Master3/Male/Purple/Super-Heavy,1,MarkSmith,PurebredJiuJitsuGuam
Asian Jiu-Jitsu IBJJF Championship 2015,Master3/Male/Purple/Super-Heavy,2,KylePeckRhodus,HiroBJJAcademyYokohama
Asian Jiu-Jitsu IBJJF Championship 2015,Master3/Male/Purple/Super-Heavy,3,ShinyaMuroi,DeLaRivaJJ
Asian Jiu-Jitsu IBJJF Championship 2015,Master3/Male/Purple/OpenClass,1,MarkSmith,PurebredJiuJitsuGuam
Asian Jiu-Jitsu IBJJF Championship 2015,Master3/Male/Purple/OpenClass,2,ShinyaTakiguchi,CheckmatCDJJTokyo
Asian Jiu-Jitsu IBJJF Championship 2015,Master3/Male/Purple/OpenClass,3,KylePeckRhodus,HiroBJJAcademyYokohama
Asian Jiu-Jitsu IBJJF Championship 2015,Master3/Male/Purple/OpenClass,3,YasutoshiTakenoya,Dragon'sDen
Asian Jiu-Jitsu IBJJF Championship 2015,Master3/Male/Brown/Rooster,1,MasahikoMorita,NewazaWorld
Asian Jiu-Jitsu IBJJF Championship 2015,Master3/Male/Brown/Rooster,2,SonoharaKazuhiko,GracieBarra
Asian Jiu-Jitsu IBJJF Championship 2015,Master3/Male/Brown/Rooster,3,YosukeNakamura,Dragon'sDen
Asian Jiu-Jitsu IBJJF Championship 2015,Master3/Male/Brown/Light,1,JinhoPark,ClarkGracieTeamInternational
Asian Jiu-Jitsu IBJJF Championship 2015,Master3/Male/Brown/Light,2,ToshiyukiOkabe,GracieBarra
Asian Jiu-Jitsu IBJJF Championship 2015,Master3/Male/Brown/Light,3,DavidGulliverGo,AtosJiu,Jitsu
Asian Jiu-Jitsu IBJJF Championship 2015,Master3/Male/Brown/Light,3,YujiTakahashi,Trial&Error
Asian Jiu-Jitsu IBJJF Championship 2015,Master3/Male/Brown/Middle,1,KennethJ.Concepcion,PurebredJiuJitsuGuam
Asian Jiu-Jitsu IBJJF Championship 2015,Master3/Male/Brown/Middle,2,ThomasH.Schinaman,AxisJiu,Jitsu
Asian Jiu-Jitsu IBJJF Championship 2015,Master3/Male/Brown/Middle,3,AtsushiInoue,Strapple
Asian Jiu-Jitsu IBJJF Championship 2015,Master3/Male/Brown/Middle,3,MitsuteruNakajo,HiroBJJAcademyYokohama
Asian Jiu-Jitsu IBJJF Championship 2015,Master3/Male/Brown/Heavy,1,MasahitoOsada,GracieBarra
Asian Jiu-Jitsu IBJJF Championship 2015,Master3/Male/Brown/OpenClass,1,MasahitoOsada,GracieBarra
Asian Jiu-Jitsu IBJJF Championship 2015,Master3/Male/Brown/OpenClass,2,JinhoPark,ClarkGracieTeamInternational
Asian Jiu-Jitsu IBJJF Championship 2015,Master3/Male/Brown/OpenClass,3,KennethJ.Concepcion,PurebredJiuJitsuGuam
Asian Jiu-Jitsu IBJJF Championship 2015,Master3/Male/Brown/OpenClass,3,MitsuteruNakajo,HiroBJJAcademyYokohama
Asian Jiu-Jitsu IBJJF Championship 2015,Master3/Male/Black/Light-Feather,1,TashiroFlavioSeiti,OverLimitBJJ
Asian Jiu-Jitsu IBJJF Championship 2015,Master3/Male/Black/Light-Feather,2,HiroyukiMizuno,Visca
Asian Jiu-Jitsu IBJJF Championship 2015,Master3/Male/Black/Feather,1,EdisonKagohara,OverLimitBJJ
Asian Jiu-Jitsu IBJJF Championship 2015,Master3/Male/Black/Feather,2,EmersonAzuma,OverLimitBJJ
Asian Jiu-Jitsu IBJJF Championship 2015,Master3/Male/Black/Light,1,AkichikaTanji,CheckmatCDJJTokyo
Asian Jiu-Jitsu IBJJF Championship 2015,Master3/Male/Black/Light,2,JamieA.Murray,AustralianEliteTeam
Asian Jiu-Jitsu IBJJF Championship 2015,Master3/Male/Black/Light,3,QuintonLesleyArendse,GFTeamInternational
Asian Jiu-Jitsu IBJJF Championship 2015,Master3/Male/Black/Light,3,TakashiOuchi,Paraestra
Asian Jiu-Jitsu IBJJF Championship 2015,Master3/Male/Black/Middle,1,JohnBaylon,HongKongJiu,Jitsu
Asian Jiu-Jitsu IBJJF Championship 2015,Master3/Male/Black/Middle,2,OsamuMori,TrydentGym
Asian Jiu-Jitsu IBJJF Championship 2015,Master3/Male/Black/Middle,3,AkiraKamimura,Paraestra
Asian Jiu-Jitsu IBJJF Championship 2015,Master3/Male/Black/Middle,3,NaoyaUeyama,Tri,ForceJiu,JitsuAcademy
Asian Jiu-Jitsu IBJJF Championship 2015,Master3/Male/Black/Medium-Heavy,1,WelsonMitsuakiHaguihara,ImpactoJapanB.J.J.
Asian Jiu-Jitsu IBJJF Championship 2015,Master3/Male/Black/Medium-Heavy,2,MarioMarcioKatayama,KatayamaJiu,Jitsu
Asian Jiu-Jitsu IBJJF Championship 2015,Master3/Male/Black/Medium-Heavy,3,DeddyWigraha,AllianceJiu,JitsuIndonesia
Asian Jiu-Jitsu IBJJF Championship 2015,Master3/Male/Black/Super-Heavy,1,StephenRoberto,PurebredJiuJitsuGuam
Asian Jiu-Jitsu IBJJF Championship 2015,Master3/Male/Black/Super-Heavy,2,AlmirRogerioDosSantos,OgawaJiuJitsu
Asian Jiu-Jitsu IBJJF Championship 2015,Master3/Male/Black/Super-Heavy,3,RobertoMassaoMatsukuma,ImpactoJapanB.J.J.
Asian Jiu-Jitsu IBJJF Championship 2015,Master3/Male/Black/Ultra-Heavy,1,JailtonSimaoDaCunha,OgawaJiuJitsu
Asian Jiu-Jitsu IBJJF Championship 2015,Master3/Male/Black/OpenClass,1,JailtonSimaoDaCunha,OgawaJiuJitsu
Asian Jiu-Jitsu IBJJF Championship 2015,Master3/Male/Black/OpenClass,2,StephenRoberto,PurebredJiuJitsuGuam
Asian Jiu-Jitsu IBJJF Championship 2015,Master3/Male/Black/OpenClass,3,AkiraKamimura,Paraestra
Asian Jiu-Jitsu IBJJF Championship 2015,Master3/Male/Black/OpenClass,3,EmersonAzuma,OverLimitBJJ
Asian Jiu-Jitsu IBJJF Championship 2015,Master4/Male/Blue/Feather,1,MasatakaKondo,GrascoJiu,JitsuAcademy
Asian Jiu-Jitsu IBJJF Championship 2015,Master4/Male/Blue/Feather,2,OsamuSaiga,HiroBJJAcademyYokohama
Asian Jiu-Jitsu IBJJF Championship 2015,Master4/Male/Blue/Light,1,ChinSu,BJJRevolutionTeam,International
Asian Jiu-Jitsu IBJJF Championship 2015,Master4/Male/Blue/Light,2,GaborVarkonyi,CarpeDiem
Asian Jiu-Jitsu IBJJF Championship 2015,Master4/Male/Blue/Light,3,KenichiKudo,Tri,ForceJiu,JitsuAcademy
Asian Jiu-Jitsu IBJJF Championship 2015,Master4/Male/Blue/Light,3,KOZOOKUDA,Tri,ForceJiu,JitsuAcademy
Asian Jiu-Jitsu IBJJF Championship 2015,Master4/Male/Blue/Middle,1,TakeshiIjuin,GracieBarra
Asian Jiu-Jitsu IBJJF Championship 2015,Master4/Male/Blue/Middle,2,DenizYoshida,InfightJapanJiu,Jitsu
Asian Jiu-Jitsu IBJJF Championship 2015,Master4/Male/Blue/Middle,3,HayatoIwasaki,CarpeDiem
Asian Jiu-Jitsu IBJJF Championship 2015,Master4/Male/Blue/Heavy,1,SergeiMatveev,GracieBarra
Asian Jiu-Jitsu IBJJF Championship 2015,Master4/Male/Blue/Heavy,2,TooruKinoshita,SuitaJiu,Jitsu
Asian Jiu-Jitsu IBJJF Championship 2015,Master4/Male/Blue/Ultra-Heavy,1,FranciscoDeLima,InfightJapanJiu,Jitsu
Asian Jiu-Jitsu IBJJF Championship 2015,Master4/Male/Blue/OpenClass,1,SergeiMatveev,GracieBarra
Asian Jiu-Jitsu IBJJF Championship 2015,Master4/Male/Blue/OpenClass,2,TakeshiIjuin,GracieBarra
Asian Jiu-Jitsu IBJJF Championship 2015,Master4/Male/Blue/OpenClass,3,DenizYoshida,InfightJapanJiu,Jitsu
Asian Jiu-Jitsu IBJJF Championship 2015,Master4/Male/Blue/OpenClass,3,GaborVarkonyi,CarpeDiem
Asian Jiu-Jitsu IBJJF Championship 2015,Master4/Male/Purple/Rooster,1,ToruYoshikawa,FujitaJiu,Jitsu
Asian Jiu-Jitsu IBJJF Championship 2015,Master4/Male/Purple/Rooster,2,HidekiTaguchi,Paraestra
Asian Jiu-Jitsu IBJJF Championship 2015,Master4/Male/Purple/Feather,1,YouichiKoyama,Paraestra
Asian Jiu-Jitsu IBJJF Championship 2015,Master4/Male/Purple/Feather,2,AkiraKumagai,GrascoJiu,JitsuAcademy
Asian Jiu-Jitsu IBJJF Championship 2015,Master4/Male/Purple/Light,1,DerekAlanArculli,AllianceLosAngeles
Asian Jiu-Jitsu IBJJF Championship 2015,Master4/Male/Purple/Light,2,TakaakiOkamoto,TkJiu,Jitsu
Asian Jiu-Jitsu IBJJF Championship 2015,Master4/Male/Purple/Light,3,NoboruOkuda,X,TremeJiu,JitsuAcademy
Asian Jiu-Jitsu IBJJF Championship 2015,Master4/Male/Purple/Medium-Heavy,1,IiSeiji,ShootoGymRoots
Asian Jiu-Jitsu IBJJF Championship 2015,Master4/Male/Purple/Heavy,1,YongJaeKim,KJCompetitionTeam
Asian Jiu-Jitsu IBJJF Championship 2015,Master4/Male/Purple/OpenClass,1,IiSeiji,ShootoGymRoots
Asian Jiu-Jitsu IBJJF Championship 2015,Master4/Male/Purple/OpenClass,2,YouichiKoyama,Paraestra
Asian Jiu-Jitsu IBJJF Championship 2015,Master4/Male/Purple/OpenClass,3,TakaakiOkamoto,TkJiu,Jitsu
Asian Jiu-Jitsu IBJJF Championship 2015,Master4/Male/Purple/OpenClass,3,YongJaeKim,KJCompetitionTeam
Asian Jiu-Jitsu IBJJF Championship 2015,Master4/Male/Brown/Feather,1,FumioNakajima,Tri,ForceJiu,JitsuAcademy
Asian Jiu-Jitsu IBJJF Championship 2015,Master4/Male/Brown/Feather,2,OokawaOsamu,Paraestra
Asian Jiu-Jitsu IBJJF Championship 2015,Master4/Male/Brown/Feather,3,HugoCesarRibeiroYassaka,InfightJapanJiu,Jitsu
Asian Jiu-Jitsu IBJJF Championship 2015,Master4/Male/Brown/OpenClass,1,FumioNakajima,Tri,ForceJiu,JitsuAcademy
Asian Jiu-Jitsu IBJJF Championship 2015,Master4/Male/Brown/OpenClass,2,HugoCesarRibeiroYassaka,InfightJapanJiu,Jitsu
Asian Jiu-Jitsu IBJJF Championship 2015,Master4/Male/Black/Feather,1,YoshihiroFujita,FujitaJiu,Jitsu
Asian Jiu-Jitsu IBJJF Championship 2015,Master4/Male/Black/Feather,2,EijiSano,KyotoNanige
Asian Jiu-Jitsu IBJJF Championship 2015,Master4/Male/Black/Light,1,KeisukeMasuzawa,MaxJiuJitsuAcademy
Asian Jiu-Jitsu IBJJF Championship 2015,Master4/Male/Black/Light,2,AkiraNishimura,InfightJapanJiu,Jitsu
Asian Jiu-Jitsu IBJJF Championship 2015,Master4/Male/Black/Medium-Heavy,1,PeterALawson,GracieEliteTeamAmerica
Asian Jiu-Jitsu IBJJF Championship 2015,Master4/Male/Black/Medium-Heavy,2,MichihiroOhhara,PogonaClubGym
Asian Jiu-Jitsu IBJJF Championship 2015,Master4/Male/Black/Super-Heavy,1,TakeshiShinkawa,SuitaJiu,Jitsu
Asian Jiu-Jitsu IBJJF Championship 2015,Master4/Male/Black/OpenClass,1,YoshihiroFujita,FujitaJiu,Jitsu
Asian Jiu-Jitsu IBJJF Championship 2015,Master4/Male/Black/OpenClass,2,KeisukeMasuzawa,MaxJiuJitsuAcademy
Asian Jiu-Jitsu IBJJF Championship 2015,Master4/Male/Black/OpenClass,3,AkiraNishimura,InfightJapanJiu,Jitsu
Asian Jiu-Jitsu IBJJF Championship 2015,Master4/Male/Black/OpenClass,3,EijiSano,KyotoNanige
Asian Jiu-Jitsu IBJJF Championship 2015,Master5/Male/Purple/Feather,1,CharlesWillen,CarpeDiem
Asian Jiu-Jitsu IBJJF Championship 2015,Master5/Male/Purple/Feather,2,YoshiharuTakahashi,ShootoGymK`zFactory
