Tokyo International Open Jiu-Jitsu Championship 2018,Adult/Male/White/Rooster,1,DaeGyuSin,MUJiu,Jitsu
Tokyo International Open Jiu-Jitsu Championship 2018,Adult/Male/White/Light-Feather,1,KuanChiehFang,GFTeamInternational
Tokyo International Open Jiu-Jitsu Championship 2018,Adult/Male/White/Light-Feather,2,RyujiNiwa,ReversalGymTokyoStandout
Tokyo International Open Jiu-Jitsu Championship 2018,Adult/Male/White/Light-Feather,3,YudaiTanaka,Igloo
Tokyo International Open Jiu-Jitsu Championship 2018,Adult/Male/White/Feather,1,RuiImura,Nexusense
Tokyo International Open Jiu-Jitsu Championship 2018,Adult/Male/White/Feather,2,KingTsunCheung,KylinBrazilianJiu,Jitsu
Tokyo International Open Jiu-Jitsu Championship 2018,Adult/Male/White/Feather,3,RomelloJyairTurner,AxisJiu,Jitsu
Tokyo International Open Jiu-Jitsu Championship 2018,Adult/Male/White/Light,1,MarcosMinaguti,InfightJapanJiu,Jitsu
Tokyo International Open Jiu-Jitsu Championship 2018,Adult/Male/White/Light,2,NicholasBraunMartin,TritonFightCenter
Tokyo International Open Jiu-Jitsu Championship 2018,Adult/Male/White/Light,3,EricBrettPeters,AxisJiu,Jitsu
Tokyo International Open Jiu-Jitsu Championship 2018,Adult/Male/White/Light,3,JunghyunKwon,JiuJitsuWorld
Tokyo International Open Jiu-Jitsu Championship 2018,Adult/Male/White/Middle,1,kimHyunggyu,JiuJitsuWorld
Tokyo International Open Jiu-Jitsu Championship 2018,Adult/Male/White/Middle,2,TaeGyonYoo,SanaiJiuJitsuAcademy
Tokyo International Open Jiu-Jitsu Championship 2018,Adult/Male/White/Middle,3,KwangsuSIN,JiuJitsuWorld
Tokyo International Open Jiu-Jitsu Championship 2018,Adult/Male/White/Medium-Heavy,1,HachimitsuFukunishi,Igloo
Tokyo International Open Jiu-Jitsu Championship 2018,Adult/Male/White/Medium-Heavy,2,TareqAnezi,BJJGlobetrotters
Tokyo International Open Jiu-Jitsu Championship 2018,Adult/Male/White/Medium-Heavy,3,SuyeongJeong,SSENGym
Tokyo International Open Jiu-Jitsu Championship 2018,Adult/Male/White/Super-Heavy,1,RobertAcevedo,TritonFightCenter
Tokyo International Open Jiu-Jitsu Championship 2018,Adult/Male/Blue/Light-Feather,1,PedroAkiraNemotoTavares,InfightJapanJiu,Jitsu
Tokyo International Open Jiu-Jitsu Championship 2018,Adult/Male/Blue/Light-Feather,2,TetsuyaKogita,PurebredOmiya
Tokyo International Open Jiu-Jitsu Championship 2018,Adult/Male/Blue/Light-Feather,3,JerryJiaMingZhang,Alliance
Tokyo International Open Jiu-Jitsu Championship 2018,Adult/Male/Blue/Light-Feather,3,KonstantinArzamazov,Studio540
Tokyo International Open Jiu-Jitsu Championship 2018,Adult/Male/Blue/Feather,1,FabioTakeshiHaradaJunior,InfightJapanJiu,Jitsu
Tokyo International Open Jiu-Jitsu Championship 2018,Adult/Male/Blue/Feather,2,GyeonghoShin,SanaiJiuJitsuAcademy
Tokyo International Open Jiu-Jitsu Championship 2018,Adult/Male/Blue/Feather,3,Minjoongkim,MUJiu,Jitsu
Tokyo International Open Jiu-Jitsu Championship 2018,Adult/Male/Blue/Feather,3,TakeruIshihara,StrappleToride
Tokyo International Open Jiu-Jitsu Championship 2018,Adult/Male/Blue/Light,1,YutoYanai,ReversalGymShinjukeMe,We
Tokyo International Open Jiu-Jitsu Championship 2018,Adult/Male/Blue/Light,2,CraigKazuhiroHutchison,GracieBarra
Tokyo International Open Jiu-Jitsu Championship 2018,Adult/Male/Blue/Light,3,JunhyeokSON,SanaiJiuJitsuAcademy
Tokyo International Open Jiu-Jitsu Championship 2018,Adult/Male/Blue/Light,3,YounghwanKim,DeLaRivaKorea
Tokyo International Open Jiu-Jitsu Championship 2018,Adult/Male/Blue/Middle,1,WonchangChoi,Tri,ForceU.C.T.
Tokyo International Open Jiu-Jitsu Championship 2018,Adult/Male/Blue/Middle,2,Byungwookyou,MUJiu,Jitsu
Tokyo International Open Jiu-Jitsu Championship 2018,Adult/Male/Blue/Middle,3,ChunFongLin,TaiwanBJJ
Tokyo International Open Jiu-Jitsu Championship 2018,Adult/Male/Blue/Middle,3,HyeonChanSeo,SanaiJiuJitsuAcademy
Tokyo International Open Jiu-Jitsu Championship 2018,Adult/Male/Blue/Medium-Heavy,1,KeizoOsaki,KussanoTeam
Tokyo International Open Jiu-Jitsu Championship 2018,Adult/Male/Blue/Medium-Heavy,2,DouglasTorres,InfightJapanJiu,Jitsu
Tokyo International Open Jiu-Jitsu Championship 2018,Adult/Male/Blue/Medium-Heavy,3,KazuhitoIkematsu,AxisJiu,Jitsu
Tokyo International Open Jiu-Jitsu Championship 2018,Adult/Male/Blue/Medium-Heavy,3,SeungwooKang,Jiu,JitsuLab
Tokyo International Open Jiu-Jitsu Championship 2018,Adult/Male/Blue/Heavy,1,CollinEddington,AxisJiu,Jitsu
Tokyo International Open Jiu-Jitsu Championship 2018,Adult/Male/Blue/Heavy,2,RyosukeOkahara,ImpactoJapanB.J.J.
Tokyo International Open Jiu-Jitsu Championship 2018,Adult/Male/Blue/Heavy,3,AnthonyRivera,Spike22
Tokyo International Open Jiu-Jitsu Championship 2018,Adult/Male/Blue/Ultra-Heavy,1,OhSeWon,Jiu,JitsuLab
Tokyo International Open Jiu-Jitsu Championship 2018,Adult/Male/Blue/Ultra-Heavy,2,LeonardoHidekiMorita,ImpactoJapanB.J.J.
Tokyo International Open Jiu-Jitsu Championship 2018,Adult/Male/Blue/OpenClass,1,KeizoOsaki,KussanoTeam
Tokyo International Open Jiu-Jitsu Championship 2018,Adult/Male/Blue/OpenClass,2,CollinEddington,AxisJiu,Jitsu
Tokyo International Open Jiu-Jitsu Championship 2018,Adult/Male/Blue/OpenClass,3,FabioTakeshiHaradaJunior,InfightJapanJiu,Jitsu
Tokyo International Open Jiu-Jitsu Championship 2018,Adult/Male/Blue/OpenClass,3,GyeonghoShin,SanaiJiuJitsuAcademy
Tokyo International Open Jiu-Jitsu Championship 2018,Adult/Male/Purple/Light-Feather,1,KousukeNakajima,Tri,ForceHide'sKick
Tokyo International Open Jiu-Jitsu Championship 2018,Adult/Male/Purple/Light-Feather,2,InSukSeo,AtosJiu,Jitsu
Tokyo International Open Jiu-Jitsu Championship 2018,Adult/Male/Purple/Light-Feather,3,MotoshiTahara,Dragon'sDen
Tokyo International Open Jiu-Jitsu Championship 2018,Adult/Male/Purple/Light-Feather,3,SehoMa,Alliance
Tokyo International Open Jiu-Jitsu Championship 2018,Adult/Male/Purple/Feather,1,DiegoHenriqueSatoAniceto,OgawaJiuJitsu
Tokyo International Open Jiu-Jitsu Championship 2018,Adult/Male/Purple/Feather,2,KeitoOyanagi,CarpeDiem
Tokyo International Open Jiu-Jitsu Championship 2018,Adult/Male/Purple/Feather,3,jae,hyeokChoi,MUJiu,Jitsu
Tokyo International Open Jiu-Jitsu Championship 2018,Adult/Male/Purple/Feather,3,KaoruUno,Nexusense
Tokyo International Open Jiu-Jitsu Championship 2018,Adult/Male/Purple/Light,1,RobertOdaDeAndrade,BrasaCTAJapan
Tokyo International Open Jiu-Jitsu Championship 2018,Adult/Male/Purple/Light,2,jheong,hoChun,MUJiu,Jitsu
Tokyo International Open Jiu-Jitsu Championship 2018,Adult/Male/Purple/Light,3,DonghoKim,SanaiJiuJitsuAcademy
Tokyo International Open Jiu-Jitsu Championship 2018,Adult/Male/Purple/Light,3,JuhanLee,Jiu,JitsuLab
Tokyo International Open Jiu-Jitsu Championship 2018,Adult/Male/Purple/Middle,1,CHU,CHENGWEI,TaiwanBJJ
Tokyo International Open Jiu-Jitsu Championship 2018,Adult/Male/Purple/Middle,2,Ha,NeulKim,Jiu,JitsuLab
Tokyo International Open Jiu-Jitsu Championship 2018,Adult/Male/Purple/Middle,3,InKwangKim,Jiu,JitsuLab
Tokyo International Open Jiu-Jitsu Championship 2018,Adult/Male/Purple/Middle,3,JustinTay,AtosJiu,Jitsu
Tokyo International Open Jiu-Jitsu Championship 2018,Adult/Male/Purple/Medium-Heavy,1,JungSooSon,SanaiJiuJitsuAcademy
Tokyo International Open Jiu-Jitsu Championship 2018,Adult/Male/Purple/Medium-Heavy,2,MatthewCowley,Alliance
Tokyo International Open Jiu-Jitsu Championship 2018,Adult/Male/Purple/Medium-Heavy,3,VadimLupenko,AtosJiu,Jitsu
Tokyo International Open Jiu-Jitsu Championship 2018,Adult/Male/Purple/Heavy,1,DongMinYu,Jiu,JitsuLab
Tokyo International Open Jiu-Jitsu Championship 2018,Adult/Male/Purple/Heavy,2,HidehikoNoritsugu,BuffaloJiu,Jitsu
Tokyo International Open Jiu-Jitsu Championship 2018,Adult/Male/Purple/Heavy,3,ZoffoliJeanBaptiste,Gokudo
Tokyo International Open Jiu-Jitsu Championship 2018,Adult/Male/Purple/OpenClass,1,RobertOdaDeAndrade,BrasaCTAJapan
Tokyo International Open Jiu-Jitsu Championship 2018,Adult/Male/Purple/OpenClass,2,ZoffoliJeanBaptiste,Gokudo
Tokyo International Open Jiu-Jitsu Championship 2018,Adult/Male/Purple/OpenClass,3,HidehikoNoritsugu,BuffaloJiu,Jitsu
Tokyo International Open Jiu-Jitsu Championship 2018,Adult/Male/Purple/OpenClass,3,VadimLupenko,AtosJiu,Jitsu
Tokyo International Open Jiu-Jitsu Championship 2018,Adult/Male/Brown/Light,1,YasuyukiNiimura,PatoStudio
Tokyo International Open Jiu-Jitsu Championship 2018,Adult/Male/Brown/Light,2,DavidHarris,PurebredJiuJitsuGuam
Tokyo International Open Jiu-Jitsu Championship 2018,Adult/Male/Brown/Light,3,IsaacChang,TaiwanBJJ
Tokyo International Open Jiu-Jitsu Championship 2018,Adult/Male/Brown/Light,3,KoyaOkazaki,CarpeDiem
Tokyo International Open Jiu-Jitsu Championship 2018,Adult/Male/Brown/Middle,1,SauloAssisPereiraMeloNeto,RibeiroJiu,Jitsu
Tokyo International Open Jiu-Jitsu Championship 2018,Adult/Male/Brown/Middle,2,DeclanMoody,Bon,SaiAssociationAustralia
Tokyo International Open Jiu-Jitsu Championship 2018,Adult/Male/Brown/Middle,3,GoUtsugi,ParaestraTb
Tokyo International Open Jiu-Jitsu Championship 2018,Adult/Male/Brown/Middle,3,YusukeYamawaki,Nex
Tokyo International Open Jiu-Jitsu Championship 2018,Adult/Male/Brown/Super-Heavy,1,RidaHaisamIsaac,CarpeDiem
Tokyo International Open Jiu-Jitsu Championship 2018,Adult/Male/Brown/Super-Heavy,2,AnthonyHanaCruz,CarlsonGracieInternational
Tokyo International Open Jiu-Jitsu Championship 2018,Adult/Male/Brown/Super-Heavy,3,GangJaeLee,Jiu,JitsuLab
Tokyo International Open Jiu-Jitsu Championship 2018,Adult/Male/Brown/OpenClass,1,RidaHaisamIsaac,CarpeDiem
Tokyo International Open Jiu-Jitsu Championship 2018,Adult/Male/Brown/OpenClass,2,DeclanMoody,Bon,SaiAssociationAustralia
Tokyo International Open Jiu-Jitsu Championship 2018,Adult/Male/Brown/OpenClass,3,DavidHarris,PurebredJiuJitsuGuam
Tokyo International Open Jiu-Jitsu Championship 2018,Adult/Male/Brown/OpenClass,3,YusukeYamawaki,Nex
Tokyo International Open Jiu-Jitsu Championship 2018,Adult/Male/Black/Rooster,1,MatheusVianaMagalhães,GFTeamInternational
Tokyo International Open Jiu-Jitsu Championship 2018,Adult/Male/Black/Rooster,2,ShoheiWatanabe,ImanariJiu,Jitsu
Tokyo International Open Jiu-Jitsu Championship 2018,Adult/Male/Black/Light-Feather,1,ShimonKagiyama,DeLarivaJapan
Tokyo International Open Jiu-Jitsu Championship 2018,Adult/Male/Black/Light-Feather,2,YutoHirao,X,TremeJiu,JitsuAcademy
Tokyo International Open Jiu-Jitsu Championship 2018,Adult/Male/Black/Light-Feather,3,LuisFelipeNinjadeMoraesPinto,LeonardoPeçanhaAssociation
Tokyo International Open Jiu-Jitsu Championship 2018,Adult/Male/Black/Feather,1,VictorFigueiredoGenovesi,Alliance
Tokyo International Open Jiu-Jitsu Championship 2018,Adult/Male/Black/Feather,2,HiroakiOtsuka,PSBJJOgikubo
Tokyo International Open Jiu-Jitsu Championship 2018,Adult/Male/Black/Feather,3,IchitaroTsukada,DammFightJapan
Tokyo International Open Jiu-Jitsu Championship 2018,Adult/Male/Black/Feather,3,TakutoKako,GrapplingShootBoxers
Tokyo International Open Jiu-Jitsu Championship 2018,Adult/Male/Black/Light,1,MarcosAlejandroTorregrosa,YemasoBrazilianJiu,Jitsu
Tokyo International Open Jiu-Jitsu Championship 2018,Adult/Male/Black/Light,2,HirokazuTakamoto,TakamotoDojo
Tokyo International Open Jiu-Jitsu Championship 2018,Adult/Male/Black/Light,3,DavidYounan,AustralianEliteTeam
Tokyo International Open Jiu-Jitsu Championship 2018,Adult/Male/Black/Light,3,KatsukiShiraishi,GracieBarra
Tokyo International Open Jiu-Jitsu Championship 2018,Adult/Male/Black/Middle,1,ThomasMietz,CarpeDiem
Tokyo International Open Jiu-Jitsu Championship 2018,Adult/Male/Black/Middle,2,MagidHageIV,GracieBarra
Tokyo International Open Jiu-Jitsu Championship 2018,Adult/Male/Black/Middle,3,JavierValencianoYamuni,RenzoGracieInternational
Tokyo International Open Jiu-Jitsu Championship 2018,Adult/Male/Black/Middle,3,JonghyeonPark,MUJiu,Jitsu
Tokyo International Open Jiu-Jitsu Championship 2018,Adult/Male/Black/Medium-Heavy,1,DiegoSoutoMaiorColino,GracieBarra
Tokyo International Open Jiu-Jitsu Championship 2018,Adult/Male/Black/Medium-Heavy,2,VikingWaiChunWong,IngloriousGrapplers
Tokyo International Open Jiu-Jitsu Championship 2018,Adult/Male/Black/Heavy,1,OmarSabha,BrazilianTopTeamLongBeach
Tokyo International Open Jiu-Jitsu Championship 2018,Adult/Male/Black/Heavy,2,DuYunlai,GracieBarra
Tokyo International Open Jiu-Jitsu Championship 2018,Adult/Male/Black/Ultra-Heavy,1,GuilhermedeLima,Brasa
Tokyo International Open Jiu-Jitsu Championship 2018,Adult/Male/Black/Ultra-Heavy,2,HidekiSekine,Bull,TerrierBonsai
Tokyo International Open Jiu-Jitsu Championship 2018,Adult/Male/Black/Ultra-Heavy,3,AryaEsfandmaz,RogerGracieAcademy
Tokyo International Open Jiu-Jitsu Championship 2018,Adult/Male/Black/OpenClass,1,OmarSabha,BrazilianTopTeamLongBeach
Tokyo International Open Jiu-Jitsu Championship 2018,Adult/Male/Black/OpenClass,2,DiegoSoutoMaiorColino,GracieBarra
Tokyo International Open Jiu-Jitsu Championship 2018,Adult/Male/Black/OpenClass,3,AryaEsfandmaz,RogerGracieAcademy
Tokyo International Open Jiu-Jitsu Championship 2018,Adult/Male/Black/OpenClass,3,ThomasMietz,CarpeDiem
Tokyo International Open Jiu-Jitsu Championship 2018,Adult/Female/White/Rooster,1,JoyseDuarteMagalhaes,GFTeamInternational
Tokyo International Open Jiu-Jitsu Championship 2018,Adult/Female/White/Rooster,2,TomokaToriyama,CarpeDiem
Tokyo International Open Jiu-Jitsu Championship 2018,Adult/Female/White/Rooster,3,AmandineAntombrandi,KMRBJJEurope
Tokyo International Open Jiu-Jitsu Championship 2018,Adult/Female/White/Light-Feather,1,ElenaKorneeva,AtosJiu,Jitsu
Tokyo International Open Jiu-Jitsu Championship 2018,Adult/Female/White/Light-Feather,2,SuJinPark,SanaiJiuJitsuAcademy
Tokyo International Open Jiu-Jitsu Championship 2018,Adult/Female/White/Light-Feather,3,SohyunKim,JiuJitsuWorld
Tokyo International Open Jiu-Jitsu Championship 2018,Adult/Female/White/Light-Feather,3,UdagawaYuina,ShootoGymRoots
Tokyo International Open Jiu-Jitsu Championship 2018,Adult/Female/White/Feather,1,RicaUrabe,Tri,ForceJiu,JitsuAcademy
Tokyo International Open Jiu-Jitsu Championship 2018,Adult/Female/White/Feather,2,KOHuijeong,JiuJitsuWorld
Tokyo International Open Jiu-Jitsu Championship 2018,Adult/Female/White/Feather,3,ARamChoi,SanaiJiuJitsuAcademy
Tokyo International Open Jiu-Jitsu Championship 2018,Adult/Female/White/Feather,3,LinChenlu,UFCGymTaiwan
Tokyo International Open Jiu-Jitsu Championship 2018,Adult/Female/White/Light,1,MahaYamamoto,CarpeDiem
Tokyo International Open Jiu-Jitsu Championship 2018,Adult/Female/White/Light,2,YeJiPark,SanaiJiuJitsuAcademy
Tokyo International Open Jiu-Jitsu Championship 2018,Adult/Female/White/Light,3,kimsubinsubinkim,SanaiJiuJitsuAcademy
Tokyo International Open Jiu-Jitsu Championship 2018,Adult/Female/White/Light,3,MumChinLai,EvolveMMA
Tokyo International Open Jiu-Jitsu Championship 2018,Adult/Female/Blue/Rooster,1,QianZhao,EvolveMMA
Tokyo International Open Jiu-Jitsu Championship 2018,Adult/Female/Blue/Rooster,2,VanessaZyraBayudan,PurebredJiuJitsuGuam
Tokyo International Open Jiu-Jitsu Championship 2018,Adult/Female/Blue/Rooster,3,EunbiCho,Tri,ForceU.C.T.
Tokyo International Open Jiu-Jitsu Championship 2018,Adult/Female/Blue/Light-Feather,1,SatomiSuga,RJJ
Tokyo International Open Jiu-Jitsu Championship 2018,Adult/Female/Blue/Light-Feather,2,LunaGiaimo,OfficineJiu,Jitsu
Tokyo International Open Jiu-Jitsu Championship 2018,Adult/Female/Blue/Light-Feather,3,SeheeCho,Jiu,JitsuLab
Tokyo International Open Jiu-Jitsu Championship 2018,Adult/Female/Blue/Feather,1,MitomoMoriwaki,CarpeDiem
Tokyo International Open Jiu-Jitsu Championship 2018,Adult/Female/Blue/Feather,2,NicoleKatelyneBall,BETAAcademy
Tokyo International Open Jiu-Jitsu Championship 2018,Adult/Female/Blue/Feather,3,DasolPark,MUJiu,Jitsu
Tokyo International Open Jiu-Jitsu Championship 2018,Adult/Female/Blue/Feather,3,JinriPark,AtosJiu,Jitsu
Tokyo International Open Jiu-Jitsu Championship 2018,Adult/Female/Blue/Light,1,AashildTraedal,HarrisInternationalTeam
Tokyo International Open Jiu-Jitsu Championship 2018,Adult/Female/Blue/Light,2,JieunSeo,CheckMat
Tokyo International Open Jiu-Jitsu Championship 2018,Adult/Female/Blue/Medium-Heavy,1,RamonaPascual,AtosJiu,Jitsu
Tokyo International Open Jiu-Jitsu Championship 2018,Adult/Female/Blue/OpenClass,1,RamonaPascual,AtosJiu,Jitsu
Tokyo International Open Jiu-Jitsu Championship 2018,Adult/Female/Blue/OpenClass,2,JinriPark,AtosJiu,Jitsu
Tokyo International Open Jiu-Jitsu Championship 2018,Adult/Female/Blue/OpenClass,3,LunaGiaimo,OfficineJiu,Jitsu
Tokyo International Open Jiu-Jitsu Championship 2018,Adult/Female/Blue/OpenClass,3,VanessaZyraBayudan,PurebredJiuJitsuGuam
Tokyo International Open Jiu-Jitsu Championship 2018,Adult/Female/Purple/Feather,1,GabrielleDjoyKilaykoGomez,TritonFightCenter
Tokyo International Open Jiu-Jitsu Championship 2018,Adult/Female/Purple/Feather,2,JoyceIp,AtosJiu,Jitsu
Tokyo International Open Jiu-Jitsu Championship 2018,Adult/Female/Purple/Super-Heavy,1,AmeliaLui,AtosJiu,Jitsu
Tokyo International Open Jiu-Jitsu Championship 2018,Adult/Female/Purple/Super-Heavy,2,deBiasioMarie,KMRBJJEurope
Tokyo International Open Jiu-Jitsu Championship 2018,Adult/Female/Purple/OpenClass,1,AmeliaLui,AtosJiu,Jitsu
Tokyo International Open Jiu-Jitsu Championship 2018,Adult/Female/Purple/OpenClass,2,deBiasioMarie,KMRBJJEurope
Tokyo International Open Jiu-Jitsu Championship 2018,Adult/Female/Purple/OpenClass,3,JoyceIp,AtosJiu,Jitsu
Tokyo International Open Jiu-Jitsu Championship 2018,Adult/Female/Brown/Feather,1,JonetteAnicaSimon,GracieBarra
Tokyo International Open Jiu-Jitsu Championship 2018,Adult/Female/Brown/OpenClass,1,JonetteAnicaSimon,GracieBarra
Tokyo International Open Jiu-Jitsu Championship 2018,Master1/Male/White/Feather,1,MichaelTimothyQuinn,RibeiroJiu,Jitsu
Tokyo International Open Jiu-Jitsu Championship 2018,Master1/Male/White/Feather,2,RodrigoOkabe,InfightJapanJiu,Jitsu
Tokyo International Open Jiu-Jitsu Championship 2018,Master1/Male/White/Heavy,1,HobinPark,MUJiu,Jitsu
Tokyo International Open Jiu-Jitsu Championship 2018,Master1/Male/White/Heavy,2,RolandGarciaViviane,ImpactoJapanB.J.J.
Tokyo International Open Jiu-Jitsu Championship 2018,Master1/Male/White/Ultra-Heavy,1,AlexisOumêndePreira,EvolveMMA
Tokyo International Open Jiu-Jitsu Championship 2018,Master1/Male/White/Ultra-Heavy,2,JoonhoPark,DeLarivaJapan
Tokyo International Open Jiu-Jitsu Championship 2018,Master1/Male/Blue/Light-Feather,1,HirokiTakahashi,BraveHeart
Tokyo International Open Jiu-Jitsu Championship 2018,Master1/Male/Blue/Light-Feather,2,TakanoriSunaga,ReversalGymShinjukeMe,We
Tokyo International Open Jiu-Jitsu Championship 2018,Master1/Male/Blue/Light-Feather,3,KazukiIzawa,HiroBJJAcademyYokohama
Tokyo International Open Jiu-Jitsu Championship 2018,Master1/Male/Blue/Light-Feather,3,MyungMinKim,SanaiJiuJitsuAcademy
Tokyo International Open Jiu-Jitsu Championship 2018,Master1/Male/Blue/Feather,1,HongLee,SanaiJiuJitsuAcademy
Tokyo International Open Jiu-Jitsu Championship 2018,Master1/Male/Blue/Feather,2,ChayanantPhanthumchinda,FredsonPaixaoBJJLasVegas
Tokyo International Open Jiu-Jitsu Championship 2018,Master1/Male/Blue/Light,1,NevashNair,FaMABJJ
Tokyo International Open Jiu-Jitsu Championship 2018,Master1/Male/Blue/Light,2,JefersonDesoppaIkeda,ImpactoJapanB.J.J.
Tokyo International Open Jiu-Jitsu Championship 2018,Master1/Male/Blue/Middle,1,HamzaSabha,RalphGracie
Tokyo International Open Jiu-Jitsu Championship 2018,Master1/Male/Blue/Middle,2,ChristopherCIke,HiroBJJAcademyYokohama
Tokyo International Open Jiu-Jitsu Championship 2018,Master1/Male/Blue/Medium-Heavy,1,RedaMaroufi,BJJGlobetrotters
Tokyo International Open Jiu-Jitsu Championship 2018,Master1/Male/Blue/Medium-Heavy,2,PengWang,GracieBarra
Tokyo International Open Jiu-Jitsu Championship 2018,Master1/Male/Blue/Medium-Heavy,3,AaronSiwoku,AtosJiu,Jitsu
Tokyo International Open Jiu-Jitsu Championship 2018,Master1/Male/Blue/Medium-Heavy,3,XiangFei,EverlastBarataSpiritTeam
Tokyo International Open Jiu-Jitsu Championship 2018,Master1/Male/Blue/Heavy,1,TonyFethke,FrontlineAcademy
Tokyo International Open Jiu-Jitsu Championship 2018,Master1/Male/Blue/Heavy,2,EdvaldoNakanoVarotti,OgawaJiuJitsu
Tokyo International Open Jiu-Jitsu Championship 2018,Master1/Male/Blue/Heavy,3,ColePatrickMcleod,NovaUniãoInternational
Tokyo International Open Jiu-Jitsu Championship 2018,Master1/Male/Blue/Heavy,3,JonginYoon,KJCompetitionTeam
Tokyo International Open Jiu-Jitsu Championship 2018,Master1/Male/Blue/Super-Heavy,1,RajeevWilliams,GracieBarra
Tokyo International Open Jiu-Jitsu Championship 2018,Master1/Male/Blue/Ultra-Heavy,1,PeterLawrenceMeimban,AtosJiu,Jitsu
Tokyo International Open Jiu-Jitsu Championship 2018,Master1/Male/Blue/Ultra-Heavy,2,KeithWilliams,CarlsonGracieInternational
Tokyo International Open Jiu-Jitsu Championship 2018,Master1/Male/Blue/OpenClass,1,HamzaSabha,RalphGracie
Tokyo International Open Jiu-Jitsu Championship 2018,Master1/Male/Blue/OpenClass,2,TonyFethke,FrontlineAcademy
Tokyo International Open Jiu-Jitsu Championship 2018,Master1/Male/Blue/OpenClass,3,EdvaldoNakanoVarotti,OgawaJiuJitsu
Tokyo International Open Jiu-Jitsu Championship 2018,Master1/Male/Blue/OpenClass,3,KeithWilliams,CarlsonGracieInternational
Tokyo International Open Jiu-Jitsu Championship 2018,Master1/Male/Purple/Feather,1,MinjaeKwon,SanaiJiuJitsuAcademy
Tokyo International Open Jiu-Jitsu Championship 2018,Master1/Male/Purple/Feather,2,TakashiOshiba,CarpeDiem
Tokyo International Open Jiu-Jitsu Championship 2018,Master1/Male/Purple/Feather,3,FrankPerry,TritonFightCenter
Tokyo International Open Jiu-Jitsu Championship 2018,Master1/Male/Purple/Feather,3,ThiagoCardosoTosawa,ImpactoJapanB.J.J.
Tokyo International Open Jiu-Jitsu Championship 2018,Master1/Male/Purple/Light,1,GyeongdeokPark,SanaiJiuJitsuAcademy
Tokyo International Open Jiu-Jitsu Championship 2018,Master1/Male/Purple/Light,2,TakahisaHira,CarpeDiem
Tokyo International Open Jiu-Jitsu Championship 2018,Master1/Male/Purple/Light,3,ChristopherUzzo,AtosJiu,Jitsu
Tokyo International Open Jiu-Jitsu Championship 2018,Master1/Male/Purple/Light,3,LloydC.Cubacub,PurebredJiuJitsuGuam
Tokyo International Open Jiu-Jitsu Championship 2018,Master1/Male/Purple/Middle,1,AlexBuanPongChua,EvolveMMA
Tokyo International Open Jiu-Jitsu Championship 2018,Master1/Male/Purple/Middle,2,TimothéBerthier,AtosJiu,Jitsu
Tokyo International Open Jiu-Jitsu Championship 2018,Master1/Male/Purple/Middle,3,JindokAhn,SanaiJiuJitsuAcademy
Tokyo International Open Jiu-Jitsu Championship 2018,Master1/Male/Purple/Medium-Heavy,1,WongeolKim,SanaiJiuJitsuAcademy
Tokyo International Open Jiu-Jitsu Championship 2018,Master1/Male/Purple/Medium-Heavy,2,KentaFujiyama,CarpeDiem
Tokyo International Open Jiu-Jitsu Championship 2018,Master1/Male/Purple/OpenClass,1,WongeolKim,SanaiJiuJitsuAcademy
Tokyo International Open Jiu-Jitsu Championship 2018,Master1/Male/Purple/OpenClass,2,MinjaeKwon,SanaiJiuJitsuAcademy
Tokyo International Open Jiu-Jitsu Championship 2018,Master1/Male/Purple/OpenClass,3,AlexBuanPongChua,EvolveMMA
Tokyo International Open Jiu-Jitsu Championship 2018,Master1/Male/Purple/OpenClass,3,ThiagoCardosoTosawa,ImpactoJapanB.J.J.
Tokyo International Open Jiu-Jitsu Championship 2018,Master1/Male/Brown/Light-Feather,1,TakanoriKaito,ImpactoJapanB.J.J.
Tokyo International Open Jiu-Jitsu Championship 2018,Master1/Male/Brown/Light-Feather,2,RayPaulJardon,PurebredJiuJitsuGuam
Tokyo International Open Jiu-Jitsu Championship 2018,Master1/Male/Brown/Light,1,GregoryCharlesWatson,CheckMat
Tokyo International Open Jiu-Jitsu Championship 2018,Master1/Male/Brown/Light,2,AliAbdulbasetElezzabi,Alliance
Tokyo International Open Jiu-Jitsu Championship 2018,Master1/Male/Brown/Light,3,RichardA.Enriquez,PurebredJiuJitsuGuam
Tokyo International Open Jiu-Jitsu Championship 2018,Master1/Male/Brown/Middle,1,DanielHumke,RibeiroJiu,Jitsu
Tokyo International Open Jiu-Jitsu Championship 2018,Master1/Male/Brown/Middle,2,VitorMedeiros,InfightJapanJiu,Jitsu
Tokyo International Open Jiu-Jitsu Championship 2018,Master1/Male/Brown/Middle,3,PaulDeclanGallagher,CarlsonGracieInternational
Tokyo International Open Jiu-Jitsu Championship 2018,Master1/Male/Brown/Medium-Heavy,1,JohnBurke,Alliance
Tokyo International Open Jiu-Jitsu Championship 2018,Master1/Male/Brown/Medium-Heavy,2,DenisGurinenko,GracieBarraKhabarovsk
Tokyo International Open Jiu-Jitsu Championship 2018,Master1/Male/Brown/OpenClass,1,JohnBurke,Alliance
Tokyo International Open Jiu-Jitsu Championship 2018,Master1/Male/Brown/OpenClass,2,VitorMedeiros,InfightJapanJiu,Jitsu
Tokyo International Open Jiu-Jitsu Championship 2018,Master1/Male/Brown/OpenClass,3,DenisGurinenko,GracieBarraKhabarovsk
Tokyo International Open Jiu-Jitsu Championship 2018,Master1/Male/Brown/OpenClass,3,RichardA.Enriquez,PurebredJiuJitsuGuam
Tokyo International Open Jiu-Jitsu Championship 2018,Master1/Male/Black/Feather,1,BrunoCardosoBarbosa,TeamBudaInternational
Tokyo International Open Jiu-Jitsu Championship 2018,Master1/Male/Black/Feather,2,AubreyIsaacKoenig,GracieBarra
Tokyo International Open Jiu-Jitsu Championship 2018,Master1/Male/Black/Feather,3,DeukYoungJang,JiuJitsuWorld
Tokyo International Open Jiu-Jitsu Championship 2018,Master1/Male/Black/Light,1,AlexsandrodosSantosMachado,CheckMat
Tokyo International Open Jiu-Jitsu Championship 2018,Master1/Male/Black/Light,2,AndrewAdamsMacDonald,NovaUniãoInternational
Tokyo International Open Jiu-Jitsu Championship 2018,Master1/Male/Black/Light,3,ThiagoFelipeHatada,ImpactoJapanB.J.J.
Tokyo International Open Jiu-Jitsu Championship 2018,Master1/Male/Black/Light,3,TiagoFrancaSantaRitta,GracieBarra
Tokyo International Open Jiu-Jitsu Championship 2018,Master1/Male/Black/Middle,1,K.S.VincTan,GameFightBJJ/Manimal
Tokyo International Open Jiu-Jitsu Championship 2018,Master1/Male/Black/Middle,2,MichaelJordanKrider,GracieBarra
Tokyo International Open Jiu-Jitsu Championship 2018,Master1/Male/Black/Middle,3,RaymondYanceVarilla,RibeiroJiu,Jitsu
Tokyo International Open Jiu-Jitsu Championship 2018,Master1/Male/Black/Medium-Heavy,1,DaviEmanueldeSouzaCavalcante,IAM,InstitutodeArtesMarciales
Tokyo International Open Jiu-Jitsu Championship 2018,Master1/Male/Black/OpenClass,1,MichaelJordanKrider,GracieBarra
Tokyo International Open Jiu-Jitsu Championship 2018,Master1/Male/Black/OpenClass,2,TiagoFrancaSantaRitta,GracieBarra
Tokyo International Open Jiu-Jitsu Championship 2018,Master1/Male/Black/OpenClass,3,DeukYoungJang,JiuJitsuWorld
Tokyo International Open Jiu-Jitsu Championship 2018,Master1/Female/Blue/Light-Feather,1,AgnesChan,AtosJiu,Jitsu
Tokyo International Open Jiu-Jitsu Championship 2018,Master1/Female/Blue/Feather,1,NurhaslinaTahar,CheckMat
Tokyo International Open Jiu-Jitsu Championship 2018,Master1/Female/Blue/OpenClass,1,NurhaslinaTahar,CheckMat
Tokyo International Open Jiu-Jitsu Championship 2018,Master1/Female/Blue/OpenClass,2,AgnesChan,AtosJiu,Jitsu
Tokyo International Open Jiu-Jitsu Championship 2018,Master1/Female/Purple/Feather,1,ChenYenHsu,TaiwanBJJ
Tokyo International Open Jiu-Jitsu Championship 2018,Master1/Female/Purple/Feather,2,TomokoInoue,StrappleIbaraki
Tokyo International Open Jiu-Jitsu Championship 2018,Master1/Female/Purple/Feather,3,XuAihui,GracieBarra
Tokyo International Open Jiu-Jitsu Championship 2018,Master1/Female/Purple/Middle,1,ChristinaHanley,PeninsulaBJJ
Tokyo International Open Jiu-Jitsu Championship 2018,Master1/Female/Purple/Medium-Heavy,1,AudreyKua,GracieBarra
Tokyo International Open Jiu-Jitsu Championship 2018,Master1/Female/Purple/OpenClass,1,ChristinaHanley,PeninsulaBJJ
Tokyo International Open Jiu-Jitsu Championship 2018,Master1/Female/Purple/OpenClass,2,ChenYenHsu,TaiwanBJJ
Tokyo International Open Jiu-Jitsu Championship 2018,Master1/Female/Purple/OpenClass,3,AudreyKua,GracieBarra
Tokyo International Open Jiu-Jitsu Championship 2018,Master2/Male/White/Feather,1,HoKwongChoi,KylinBrazilianJiu,Jitsu
Tokyo International Open Jiu-Jitsu Championship 2018,Master2/Male/White/Feather,2,SanghyukBoo,JiuJitsuWorld
Tokyo International Open Jiu-Jitsu Championship 2018,Master2/Male/White/Feather,3,DosSantosJoel,KatayamaJiu,Jitsu
Tokyo International Open Jiu-Jitsu Championship 2018,Master2/Male/White/Light,1,MyungkumSeo,JiuJitsuWorld
Tokyo International Open Jiu-Jitsu Championship 2018,Master2/Male/White/Light,2,MasaruMiura,Bull,TerrierBonsai
Tokyo International Open Jiu-Jitsu Championship 2018,Master2/Male/White/Light,3,SoichiroKitayama,CarpeDiem
Tokyo International Open Jiu-Jitsu Championship 2018,Master2/Male/White/Super-Heavy,1,DongJINKOH,JiuJitsuWorld
Tokyo International Open Jiu-Jitsu Championship 2018,Master2/Male/Blue/Feather,1,MaoSato,AxisJiu,Jitsu
Tokyo International Open Jiu-Jitsu Championship 2018,Master2/Male/Blue/Feather,2,MartinIgnacioRezk,Tri,ForceGotanda
Tokyo International Open Jiu-Jitsu Championship 2018,Master2/Male/Blue/Feather,3,LeandroHidekiMayumi,ImpactoJapanB.J.J.
Tokyo International Open Jiu-Jitsu Championship 2018,Master2/Male/Blue/Light,1,LongZhang,Alliance
Tokyo International Open Jiu-Jitsu Championship 2018,Master2/Male/Blue/Light,2,LewisIm,AxisJiu,Jitsu
Tokyo International Open Jiu-Jitsu Championship 2018,Master2/Male/Blue/Light,3,HorieWataru,CarpeDiem
Tokyo International Open Jiu-Jitsu Championship 2018,Master2/Male/Blue/Light,3,YoshioHori,Visca
Tokyo International Open Jiu-Jitsu Championship 2018,Master2/Male/Blue/Middle,1,ChesterChan,HongKongJiu,Jitsu
Tokyo International Open Jiu-Jitsu Championship 2018,Master2/Male/Blue/Middle,2,KervinGarcia,RibeiroJiu,Jitsu
Tokyo International Open Jiu-Jitsu Championship 2018,Master2/Male/Blue/Middle,3,KangSangMIN,JiuJitsuWorld
Tokyo International Open Jiu-Jitsu Championship 2018,Master2/Male/Blue/Medium-Heavy,1,MarcoKuster,CarlsonGracieZurich
Tokyo International Open Jiu-Jitsu Championship 2018,Master2/Male/Blue/Heavy,1,AgusSusanto,Alliance
Tokyo International Open Jiu-Jitsu Championship 2018,Master2/Male/Blue/Super-Heavy,1,EduardoMoriyukiTamashiro,ImpactoJapanB.J.J.
Tokyo International Open Jiu-Jitsu Championship 2018,Master2/Male/Blue/Super-Heavy,2,SherifElmazi,AtosJiu,Jitsu
Tokyo International Open Jiu-Jitsu Championship 2018,Master2/Male/Blue/Ultra-Heavy,1,DavidKapa,FlowMartialArts,GoldCoast
Tokyo International Open Jiu-Jitsu Championship 2018,Master2/Male/Blue/Ultra-Heavy,2,EmersonSumikawa,InfightJapanJiu,Jitsu
Tokyo International Open Jiu-Jitsu Championship 2018,Master2/Male/Blue/Ultra-Heavy,3,EguchiHiroaki,ParaestraChiba
Tokyo International Open Jiu-Jitsu Championship 2018,Master2/Male/Blue/Ultra-Heavy,3,KenwaTheodorePhilipDeGuzmanMabini,FabricioInternationalTeam,FIT
Tokyo International Open Jiu-Jitsu Championship 2018,Master2/Male/Blue/OpenClass,1,DavidKapa,FlowMartialArts,GoldCoast
Tokyo International Open Jiu-Jitsu Championship 2018,Master2/Male/Blue/OpenClass,2,MarcoKuster,CarlsonGracieZurich
Tokyo International Open Jiu-Jitsu Championship 2018,Master2/Male/Blue/OpenClass,3,EmersonSumikawa,InfightJapanJiu,Jitsu
Tokyo International Open Jiu-Jitsu Championship 2018,Master2/Male/Blue/OpenClass,3,HorieWataru,CarpeDiem
Tokyo International Open Jiu-Jitsu Championship 2018,Master2/Male/Purple/Light-Feather,1,KirillKakaulin,CarlsonGracieWildCardTeam
Tokyo International Open Jiu-Jitsu Championship 2018,Master2/Male/Purple/Light-Feather,2,SantanaMarcosMory,KatayamaJiu,Jitsu
Tokyo International Open Jiu-Jitsu Championship 2018,Master2/Male/Purple/Light,1,NaokiSakuyama,ParaestraChiba
Tokyo International Open Jiu-Jitsu Championship 2018,Master2/Male/Purple/Light,2,hakminkim,SanaiJiuJitsuAcademy
Tokyo International Open Jiu-Jitsu Championship 2018,Master2/Male/Purple/Light,3,RienaldyAchadiyat,FaMABJJ
Tokyo International Open Jiu-Jitsu Championship 2018,Master2/Male/Purple/Middle,1,ChihWenCheng,TaiwanBJJ
Tokyo International Open Jiu-Jitsu Championship 2018,Master2/Male/Purple/Middle,2,WarlleyDeFreitas,BodyofFour
Tokyo International Open Jiu-Jitsu Championship 2018,Master2/Male/Purple/Heavy,1,JamesLewisSchilling,RibeiroJiu,Jitsu
Tokyo International Open Jiu-Jitsu Championship 2018,Master2/Male/Purple/Heavy,2,HsienKaiLin,TaiwanBJJ
Tokyo International Open Jiu-Jitsu Championship 2018,Master2/Male/Purple/Super-Heavy,1,DenisGrigoriev,PhuketTopTeam,MMATrainingCampThailand
Tokyo International Open Jiu-Jitsu Championship 2018,Master2/Male/Purple/Super-Heavy,2,NingZhang,Xi'anJinShengXingBlackBeltMMAAcademy
Tokyo International Open Jiu-Jitsu Championship 2018,Master2/Male/Purple/Ultra-Heavy,1,OlegasOrlovas,InfightJJ
Tokyo International Open Jiu-Jitsu Championship 2018,Master2/Male/Purple/Ultra-Heavy,2,JamesNicholasTighe,StealthBJJ
Tokyo International Open Jiu-Jitsu Championship 2018,Master2/Male/Purple/OpenClass,1,DenisGrigoriev,PhuketTopTeam,MMATrainingCampThailand
Tokyo International Open Jiu-Jitsu Championship 2018,Master2/Male/Purple/OpenClass,2,JamesLewisSchilling,RibeiroJiu,Jitsu
Tokyo International Open Jiu-Jitsu Championship 2018,Master2/Male/Purple/OpenClass,3,JamesNicholasTighe,StealthBJJ
Tokyo International Open Jiu-Jitsu Championship 2018,Master2/Male/Purple/OpenClass,3,OlegasOrlovas,InfightJJ
Tokyo International Open Jiu-Jitsu Championship 2018,Master2/Male/Brown/Feather,1,TakashiSugimoto,ParaestraTb
Tokyo International Open Jiu-Jitsu Championship 2018,Master2/Male/Brown/Feather,2,KenSiuKeiMan,IngloriousGrapplers
Tokyo International Open Jiu-Jitsu Championship 2018,Master2/Male/Brown/Feather,3,BenjaminTibo,InfightJapanJiu,Jitsu
Tokyo International Open Jiu-Jitsu Championship 2018,Master2/Male/Brown/Light,1,WeiWang,GracieBarra
Tokyo International Open Jiu-Jitsu Championship 2018,Master2/Male/Brown/Light,2,MichaelNimon,RalphGracieJiu,JitsuBerkeley
Tokyo International Open Jiu-Jitsu Championship 2018,Master2/Male/Brown/Medium-Heavy,1,KimJinSung,SanaiJiuJitsuAcademy
Tokyo International Open Jiu-Jitsu Championship 2018,Master2/Male/Brown/Medium-Heavy,2,RichardKerrigan,RogerGracieAcademy
Tokyo International Open Jiu-Jitsu Championship 2018,Master2/Male/Brown/Ultra-Heavy,1,MinWookKim,JiuJitsuWorld
Tokyo International Open Jiu-Jitsu Championship 2018,Master2/Male/Brown/OpenClass,1,WeiWang,GracieBarra
Tokyo International Open Jiu-Jitsu Championship 2018,Master2/Male/Brown/OpenClass,2,MichaelNimon,RalphGracieJiu,JitsuBerkeley
Tokyo International Open Jiu-Jitsu Championship 2018,Master2/Male/Brown/OpenClass,3,KimJinSung,SanaiJiuJitsuAcademy
Tokyo International Open Jiu-Jitsu Championship 2018,Master2/Male/Brown/OpenClass,3,MinWookKim,JiuJitsuWorld
Tokyo International Open Jiu-Jitsu Championship 2018,Master2/Male/Black/Light,1,RogerioYoskiSuto,ImpactoJapanB.J.J.
Tokyo International Open Jiu-Jitsu Championship 2018,Master2/Male/Black/Light,2,TakayukiKoyama,FukuzumiJiu,Jitsu
Tokyo International Open Jiu-Jitsu Championship 2018,Master2/Male/Black/Light,3,SalvadorGibranAlvarezSosa,GracieBarra
Tokyo International Open Jiu-Jitsu Championship 2018,Master2/Male/Black/Middle,1,AlexMartinsdoNascimento,AMBJJ,AlexMartinsBrazilianJiu,Jitsu
Tokyo International Open Jiu-Jitsu Championship 2018,Master2/Male/Black/Middle,2,YoungsuKim,SomissionsJiu,Jitsu
Tokyo International Open Jiu-Jitsu Championship 2018,Master2/Male/Black/Middle,3,FernandoLeiteJunior,AtosJiu,Jitsu
Tokyo International Open Jiu-Jitsu Championship 2018,Master2/Male/Black/Medium-Heavy,1,RodrigoPinheiroBreves,GracieHumaitaUSA
Tokyo International Open Jiu-Jitsu Championship 2018,Master2/Male/Black/Medium-Heavy,2,wuChengda,GracieBarra
Tokyo International Open Jiu-Jitsu Championship 2018,Master2/Male/Black/Super-Heavy,1,NicholasLawrenceHaas,ZenithBJJ,LasVegas
Tokyo International Open Jiu-Jitsu Championship 2018,Master2/Male/Black/Ultra-Heavy,1,BrunoMunduruca,GracieHumaitaUSA
Tokyo International Open Jiu-Jitsu Championship 2018,Master2/Male/Black/OpenClass,1,RogerioYoskiSuto,ImpactoJapanB.J.J.
Tokyo International Open Jiu-Jitsu Championship 2018,Master2/Male/Black/OpenClass,2,NicholasLawrenceHaas,ZenithBJJ,LasVegas
Tokyo International Open Jiu-Jitsu Championship 2018,Master2/Male/Black/OpenClass,3,BrunoMunduruca,GracieHumaitaUSA
Tokyo International Open Jiu-Jitsu Championship 2018,Master2/Male/Black/OpenClass,3,TakayukiKoyama,FukuzumiJiu,Jitsu
Tokyo International Open Jiu-Jitsu Championship 2018,Master3/Male/Blue/Light-Feather,1,TakeshiUno,CarpeDiem
Tokyo International Open Jiu-Jitsu Championship 2018,Master3/Male/Blue/Light-Feather,2,KaWaiYung,KylinBrazilianJiu,Jitsu
Tokyo International Open Jiu-Jitsu Championship 2018,Master3/Male/Blue/Middle,1,MircoChristianKarjalainen,FrotaTeamNogueira
Tokyo International Open Jiu-Jitsu Championship 2018,Master3/Male/Blue/Middle,2,SeanTrevena,AtosJiu,Jitsu
Tokyo International Open Jiu-Jitsu Championship 2018,Master3/Male/Blue/Medium-Heavy,1,PavelLopatkin,GracieBarra
Tokyo International Open Jiu-Jitsu Championship 2018,Master3/Male/Blue/OpenClass,1,MircoChristianKarjalainen,FrotaTeamNogueira
Tokyo International Open Jiu-Jitsu Championship 2018,Master3/Male/Blue/OpenClass,2,PavelLopatkin,GracieBarra
Tokyo International Open Jiu-Jitsu Championship 2018,Master3/Male/Purple/Light-Feather,1,HiroyukiNakayama,Tri,ForceGotanda
Tokyo International Open Jiu-Jitsu Championship 2018,Master3/Male/Purple/Light-Feather,2,TadakatsuKawakita,CarpeDiem
Tokyo International Open Jiu-Jitsu Championship 2018,Master3/Male/Purple/Feather,1,HironoriOoka,CarpeDiem
Tokyo International Open Jiu-Jitsu Championship 2018,Master3/Male/Purple/Feather,2,BoonKwangLim,CheckMat
Tokyo International Open Jiu-Jitsu Championship 2018,Master3/Male/Purple/Heavy,1,JasonVauters,AbsoluteMMAAustralia
Tokyo International Open Jiu-Jitsu Championship 2018,Master3/Male/Purple/Heavy,2,ThomasKornfeld,VolcanoJiu,Jitsu&MMA
Tokyo International Open Jiu-Jitsu Championship 2018,Master3/Male/Purple/OpenClass,1,HiroyukiNakayama,Tri,ForceGotanda
Tokyo International Open Jiu-Jitsu Championship 2018,Master3/Male/Purple/OpenClass,2,JasonVauters,AbsoluteMMAAustralia
Tokyo International Open Jiu-Jitsu Championship 2018,Master3/Male/Purple/OpenClass,3,BoonKwangLim,CheckMat
Tokyo International Open Jiu-Jitsu Championship 2018,Master3/Male/Brown/Light-Feather,1,MakotoOno,Splash
Tokyo International Open Jiu-Jitsu Championship 2018,Master3/Male/Brown/Light,1,YasuyukiNishi,CarpeDiem
Tokyo International Open Jiu-Jitsu Championship 2018,Master3/Male/Brown/Light,2,TakadamaToshikatsu,Free&Free
Tokyo International Open Jiu-Jitsu Championship 2018,Master3/Male/Brown/Middle,1,CarlosRobertoYokoyama,KatayamaJiu,Jitsu
Tokyo International Open Jiu-Jitsu Championship 2018,Master3/Male/Brown/Heavy,1,HyunsooJung,SanaiJiuJitsuAcademy
Tokyo International Open Jiu-Jitsu Championship 2018,Master3/Male/Brown/Heavy,2,JeanJereissatiNeto,Alliance
Tokyo International Open Jiu-Jitsu Championship 2018,Master3/Male/Brown/Super-Heavy,1,EzequielChaoChongWang,LRExtreme
Tokyo International Open Jiu-Jitsu Championship 2018,Master3/Male/Brown/Ultra-Heavy,1,PhilippeJ.J.ArthurDemelenne,GracieBarra
Tokyo International Open Jiu-Jitsu Championship 2018,Master3/Male/Brown/OpenClass,1,EzequielChaoChongWang,LRExtreme
Tokyo International Open Jiu-Jitsu Championship 2018,Master3/Male/Brown/OpenClass,2,PhilippeJ.J.ArthurDemelenne,GracieBarra
Tokyo International Open Jiu-Jitsu Championship 2018,Master3/Male/Brown/OpenClass,3,CarlosRobertoYokoyama,KatayamaJiu,Jitsu
Tokyo International Open Jiu-Jitsu Championship 2018,Master3/Male/Brown/OpenClass,3,HyunsooJung,SanaiJiuJitsuAcademy
Tokyo International Open Jiu-Jitsu Championship 2018,Master3/Male/Black/Light-Feather,1,CarlosKazuoKihara,ImpactoJapanB.J.J.
Tokyo International Open Jiu-Jitsu Championship 2018,Master3/Male/Black/Feather,1,GakuInano,Tri,ForceGotanda
Tokyo International Open Jiu-Jitsu Championship 2018,Master3/Male/Black/Feather,2,JoseLuisZapaterAguirre,AssociationAranha
Tokyo International Open Jiu-Jitsu Championship 2018,Master3/Male/Black/Middle,1,ParkJunYoung,SanaiJiuJitsuAcademy
Tokyo International Open Jiu-Jitsu Championship 2018,Master3/Male/Black/Middle,2,RobertAtaligGutierrez,PurebredJiuJitsuGuam
Tokyo International Open Jiu-Jitsu Championship 2018,Master3/Male/Black/Medium-Heavy,1,LuizClaudioLoboSantos,CaveirinhaJiu,JitsuFamilyUSA
Tokyo International Open Jiu-Jitsu Championship 2018,Master3/Male/Black/Medium-Heavy,2,AngelPaulLopez,TinguinhaBJJacademy
Tokyo International Open Jiu-Jitsu Championship 2018,Master3/Male/Black/Medium-Heavy,3,RichardSelmarBothun,YemasoBrazilianJiu,Jitsu
Tokyo International Open Jiu-Jitsu Championship 2018,Master3/Male/Black/Heavy,1,MasahitoOsada,SydneyJiu,JitsuAcademy/ZRTeam
Tokyo International Open Jiu-Jitsu Championship 2018,Master3/Male/Black/Super-Heavy,1,StephenRoberto,PurebredJiuJitsuGuam
Tokyo International Open Jiu-Jitsu Championship 2018,Master3/Male/Black/Ultra-Heavy,1,RodrigoMunduruca,GracieHumaitaUSA
Tokyo International Open Jiu-Jitsu Championship 2018,Master3/Male/Black/OpenClass,1,RodrigoMunduruca,GracieHumaitaUSA
Tokyo International Open Jiu-Jitsu Championship 2018,Master3/Male/Black/OpenClass,2,ParkJunYoung,SanaiJiuJitsuAcademy
Tokyo International Open Jiu-Jitsu Championship 2018,Master3/Male/Black/OpenClass,3,MasahitoOsada,SydneyJiu,JitsuAcademy/ZRTeam
Tokyo International Open Jiu-Jitsu Championship 2018,Master3/Male/Black/OpenClass,3,StephenRoberto,PurebredJiuJitsuGuam
Tokyo International Open Jiu-Jitsu Championship 2018,Master4/Male/Blue/Light-Feather,1,HåkonOlsen,FrontlineAcademy
Tokyo International Open Jiu-Jitsu Championship 2018,Master4/Male/Blue/Light-Feather,2,OyamaHiroto,NewazaWorld
Tokyo International Open Jiu-Jitsu Championship 2018,Master4/Male/Blue/Feather,1,ElzioTrindadeBarretoJunior,BJJRevolutionTeam,International
Tokyo International Open Jiu-Jitsu Championship 2018,Master4/Male/Blue/Middle,1,CortJamison,PurebredJiuJitsuGuam
Tokyo International Open Jiu-Jitsu Championship 2018,Master4/Male/Blue/OpenClass,1,HåkonOlsen,FrontlineAcademy
Tokyo International Open Jiu-Jitsu Championship 2018,Master4/Male/Blue/OpenClass,2,CortJamison,PurebredJiuJitsuGuam
Tokyo International Open Jiu-Jitsu Championship 2018,Master4/Male/Blue/OpenClass,3,ElzioTrindadeBarretoJunior,BJJRevolutionTeam,International
Tokyo International Open Jiu-Jitsu Championship 2018,Master4/Male/Purple/Super-Heavy,1,OlegVasilyev,IngloriousGrapplers
Tokyo International Open Jiu-Jitsu Championship 2018,Master4/Male/Purple/Super-Heavy,2,MarkSmith,PurebredJiuJitsuGuam
Tokyo International Open Jiu-Jitsu Championship 2018,Master4/Male/Purple/Ultra-Heavy,1,MichaelPatrickClark,RibeiroJiu,Jitsu
Tokyo International Open Jiu-Jitsu Championship 2018,Master4/Male/Purple/OpenClass,1,OlegVasilyev,IngloriousGrapplers
Tokyo International Open Jiu-Jitsu Championship 2018,Master4/Male/Purple/OpenClass,2,MichaelPatrickClark,RibeiroJiu,Jitsu
Tokyo International Open Jiu-Jitsu Championship 2018,Master4/Male/Purple/OpenClass,3,MarkSmith,PurebredJiuJitsuGuam
Tokyo International Open Jiu-Jitsu Championship 2018,Master4/Male/Brown/Feather,1,YasunariNakajima,GimnashionSapporo
Tokyo International Open Jiu-Jitsu Championship 2018,Master4/Male/Brown/Feather,2,MakotoKaneko,X,TremeEbina
Tokyo International Open Jiu-Jitsu Championship 2018,Master4/Male/Brown/Medium-Heavy,1,BrentTeKawa,CarlsonGracieInternational
Tokyo International Open Jiu-Jitsu Championship 2018,Master4/Male/Brown/Heavy,1,KyungWooHan,SSENGym
Tokyo International Open Jiu-Jitsu Championship 2018,Master4/Male/Brown/OpenClass,1,BrentTeKawa,CarlsonGracieInternational
Tokyo International Open Jiu-Jitsu Championship 2018,Master4/Male/Brown/OpenClass,2,KyungWooHan,SSENGym
Tokyo International Open Jiu-Jitsu Championship 2018,Master4/Male/Black/Feather,1,PierreRSuraputra,deBeen100%Jiu,Jitsu
Tokyo International Open Jiu-Jitsu Championship 2018,Master4/Male/Black/Medium-Heavy,1,MarcoAntoniodoNascimento,PeninsulaBJJ
Tokyo International Open Jiu-Jitsu Championship 2018,Master4/Male/Black/Medium-Heavy,2,EdilbertodaPonte,OtáviodeAlmeida
Tokyo International Open Jiu-Jitsu Championship 2018,Master4/Male/Black/OpenClass,1,MarcoAntoniodoNascimento,PeninsulaBJJ
Tokyo International Open Jiu-Jitsu Championship 2018,Master4/Male/Black/OpenClass,2,EdilbertodaPonte,OtáviodeAlmeida
Tokyo International Open Jiu-Jitsu Championship 2018,Master4/Male/Black/OpenClass,3,PierreRSuraputra,deBeen100%Jiu,Jitsu
Tokyo International Open Jiu-Jitsu Championship 2018,Master5/Male/Blue/Light-Feather,1,HidekiTakahashi,TenshinryuJiu,JitsuKai
Tokyo International Open Jiu-Jitsu Championship 2018,Master5/Male/Blue/Light,1,JudelioL.Yap,FabricioInternationalTeam,FIT
Tokyo International Open Jiu-Jitsu Championship 2018,Master5/Male/Blue/Ultra-Heavy,1,YeonghoKim,SanaiJiuJitsuAcademy
Tokyo International Open Jiu-Jitsu Championship 2018,Master5/Male/Blue/OpenClass,1,YeonghoKim,SanaiJiuJitsuAcademy
Tokyo International Open Jiu-Jitsu Championship 2018,Master5/Male/Purple/Light,1,DarrinNeilTinsley,GracieFighter
Tokyo International Open Jiu-Jitsu Championship 2018,Master5/Male/Purple/Heavy,1,AlexeyIskhakov,MikeMoses'CompetitionTeam
Tokyo International Open Jiu-Jitsu Championship 2018,Master5/Male/Purple/OpenClass,1,DarrinNeilTinsley,GracieFighter
Tokyo International Open Jiu-Jitsu Championship 2018,Master5/Male/Brown/Medium-Heavy,1,AnthonyPhillipCaravelli,Brasa/99
Tokyo International Open Jiu-Jitsu Championship 2018,Master5/Male/Brown/Ultra-Heavy,1,MichaelJamesGottesman,RibeiroJiu,Jitsu
Tokyo International Open Jiu-Jitsu Championship 2018,Master5/Male/Brown/OpenClass,1,MichaelJamesGottesman,RibeiroJiu,Jitsu
Tokyo International Open Jiu-Jitsu Championship 2018,Master5/Male/Brown/OpenClass,2,AnthonyPhillipCaravelli,Brasa/99
Tokyo International Open Jiu-Jitsu Championship 2018,Master5/Male/Black/Light,1,RicardoGuimarães,GracieHumaitaTemecula
Tokyo International Open Jiu-Jitsu Championship 2018,Master5/Male/Black/OpenClass,1,RicardoGuimarães,GracieHumaitaTemecula
Tokyo International Open Jiu-Jitsu Championship 2018,Master6/Male/Blue/Feather,1,LarryCriner,HiroBJJAcademyYokohama
Tokyo International Open Jiu-Jitsu Championship 2018,Master6/Male/Blue/OpenClass,1,LarryCriner,HiroBJJAcademyYokohama
Tokyo International Open Jiu-Jitsu Championship 2018,Master6/Male/Black/Middle,1,BruceAnthonyTafoya,CleberJiuJitsu
Tokyo International Open Jiu-Jitsu Championship 2018,Juvenile/Male/White/Feather,1,HenriqueSadajiUemura,OgawaJiuJitsu
Tokyo International Open Jiu-Jitsu Championship 2018,Juvenile/Male/Blue/Light,1,MinhoKIM,SanaiJiuJitsuAcademy
Tokyo International Open Jiu-Jitsu Championship 2018,Juvenile/Male/Blue/Light,2,DaikiItou,BuffaloJiu,Jitsu
Tokyo International Open Jiu-Jitsu Championship 2018,Juvenile/Male/Blue/Light,3,Seth,GaligherManibusanGutierrez,PurebredJiuJitsuGuam
Tokyo International Open Jiu-Jitsu Championship 2018,Juvenile/Male/Blue/Medium-Heavy,1,YejunRYU,SanaiJiuJitsuAcademy
Tokyo International Open Jiu-Jitsu Championship 2018,Juvenile/Male/Blue/OpenClassLight,1,MinhoKIM,SanaiJiuJitsuAcademy
Tokyo International Open Jiu-Jitsu Championship 2018,Juvenile/Male/Blue/OpenClassHeavy,1,YejunRYU,SanaiJiuJitsuAcademy
Tokyo International Open Jiu-Jitsu Championship 2018,Juvenile/Female/Blue/Heavy,1,CarolinaKuwahara,InfightJapanJiu,Jitsu
Tokyo International Open Jiu-Jitsu Championship 2018,Juvenile/Female/Blue/Heavy,2,FernandaYukariMakiyamaCristo,EvoxBJJ
Tokyo International Open Jiu-Jitsu Championship 2018,Juvenile/Female/Blue/Heavy,3,DalvaJheniferImamuraBatista,OverLimitBJJ
Tokyo International Open Jiu-Jitsu Championship 2018,Juvenile/Female/Blue/OpenClassHeavy,1,FernandaYukariMakiyamaCristo,EvoxBJJ
Tokyo International Open Jiu-Jitsu Championship 2018,Juvenile/Female/Blue/OpenClassHeavy,2,CarolinaKuwahara,InfightJapanJiu,Jitsu
Tokyo International Open Jiu-Jitsu Championship 2018,Juvenile/Female/Blue/OpenClassHeavy,3,DalvaJheniferImamuraBatista,OverLimitBJJ
