Chicago Summer International Open Jiu-Jitsu No-Gi Championship 2017,Adult/Male/Blue/Light-Feather,1,AnthonyGoetz,PedigoSubmissionFighting
Chicago Summer International Open Jiu-Jitsu No-Gi Championship 2017,Adult/Male/Blue/Light-Feather,2,JoshRageth,CarlsonGracieTeam
Chicago Summer International Open Jiu-Jitsu No-Gi Championship 2017,Adult/Male/Blue/Light-Feather,3,FelipeRodriguez,UflackerAcademy
Chicago Summer International Open Jiu-Jitsu No-Gi Championship 2017,Adult/Male/Blue/Feather,1,TimothyFlores,SoulFighter'sChicago,IL,USA
Chicago Summer International Open Jiu-Jitsu No-Gi Championship 2017,Adult/Male/Blue/Feather,2,JohnHamamoto,TeamRedzovic
Chicago Summer International Open Jiu-Jitsu No-Gi Championship 2017,Adult/Male/Blue/Feather,3,DavidJulia,ValkoBJJAcademy
Chicago Summer International Open Jiu-Jitsu No-Gi Championship 2017,Adult/Male/Blue/Feather,3,MichaelAnthonyOzanich,BrasaCTA
Chicago Summer International Open Jiu-Jitsu No-Gi Championship 2017,Adult/Male/Blue/Light,1,AlejandroWajner,PedigoSubmissionFighting
Chicago Summer International Open Jiu-Jitsu No-Gi Championship 2017,Adult/Male/Blue/Light,2,TrevorFranklinAnderson,HurricaneJiu,Jitsu
Chicago Summer International Open Jiu-Jitsu No-Gi Championship 2017,Adult/Male/Blue/Light,3,ConnorLandick,Alliance
Chicago Summer International Open Jiu-Jitsu No-Gi Championship 2017,Adult/Male/Blue/Light,3,JosephRunkel,GracieBarra
Chicago Summer International Open Jiu-Jitsu No-Gi Championship 2017,Adult/Male/Blue/Middle,1,ChrisWojcik,McVicker'sBrazilianJiuJitsu
Chicago Summer International Open Jiu-Jitsu No-Gi Championship 2017,Adult/Male/Blue/Middle,2,BraulioAndresMedina,BrazilAcademyUSA
Chicago Summer International Open Jiu-Jitsu No-Gi Championship 2017,Adult/Male/Blue/Middle,3,DavidThoreHanson,LCCTUSA
Chicago Summer International Open Jiu-Jitsu No-Gi Championship 2017,Adult/Male/Blue/Middle,3,KyleRobertLindstrom,BrasaCTA
Chicago Summer International Open Jiu-Jitsu No-Gi Championship 2017,Adult/Male/Blue/Medium-Heavy,1,JakeBower,Alliance
Chicago Summer International Open Jiu-Jitsu No-Gi Championship 2017,Adult/Male/Blue/Medium-Heavy,2,JoelJohnson,RalphGracieJiuJitsu
Chicago Summer International Open Jiu-Jitsu No-Gi Championship 2017,Adult/Male/Blue/Medium-Heavy,3,JoshAndre,ValkoBJJAcademy
Chicago Summer International Open Jiu-Jitsu No-Gi Championship 2017,Adult/Male/Blue/Heavy,1,PhillipAhrens,GracieBarra
Chicago Summer International Open Jiu-Jitsu No-Gi Championship 2017,Adult/Male/Blue/Heavy,2,MohammadZayyad,BrasaCTA
Chicago Summer International Open Jiu-Jitsu No-Gi Championship 2017,Adult/Male/Blue/Heavy,3,OrlandoAguilar,CarlsonGracieTeam
Chicago Summer International Open Jiu-Jitsu No-Gi Championship 2017,Adult/Male/Blue/Super-Heavy,1,EmilioMorales,Pollaro'sMartialArts
Chicago Summer International Open Jiu-Jitsu No-Gi Championship 2017,Adult/Male/Blue/Super-Heavy,2,MartinMulligan,ValkoBJJAcademy
Chicago Summer International Open Jiu-Jitsu No-Gi Championship 2017,Adult/Male/Blue/Ultra-Heavy,1,ClintonJohnsonIII,IndianaBrazilianJiu,JitsuAcademy
Chicago Summer International Open Jiu-Jitsu No-Gi Championship 2017,Adult/Male/Blue/Ultra-Heavy,2,ZacharySnyder,RibeiroJiu,Jitsu
Chicago Summer International Open Jiu-Jitsu No-Gi Championship 2017,Adult/Male/Blue/Ultra-Heavy,3,EricHernandez,BrasaCTA
Chicago Summer International Open Jiu-Jitsu No-Gi Championship 2017,Adult/Male/Blue/Enum_WeightDivision_OpenClass_Label,1,ClintonJohnsonIII,IndianaBrazilianJiu,JitsuAcademy
Chicago Summer International Open Jiu-Jitsu No-Gi Championship 2017,Adult/Male/Blue/Enum_WeightDivision_OpenClass_Label,2,AlejandroWajner,PedigoSubmissionFighting
Chicago Summer International Open Jiu-Jitsu No-Gi Championship 2017,Adult/Male/Blue/Enum_WeightDivision_OpenClass_Label,3,AnthonyGoetz,PedigoSubmissionFighting
Chicago Summer International Open Jiu-Jitsu No-Gi Championship 2017,Adult/Male/Blue/Enum_WeightDivision_OpenClass_Label,3,MohammadZayyad,BrasaCTA
Chicago Summer International Open Jiu-Jitsu No-Gi Championship 2017,Adult/Male/Purple/Light-Feather,1,FranciscoJonasBorgesAndrade,PSLPBCiceroCostha
Chicago Summer International Open Jiu-Jitsu No-Gi Championship 2017,Adult/Male/Purple/Light-Feather,2,ViníciusdaSilvaPereira,Brazil021International
Chicago Summer International Open Jiu-Jitsu No-Gi Championship 2017,Adult/Male/Purple/Light-Feather,3,MitchellGaffney,GracieBarra
Chicago Summer International Open Jiu-Jitsu No-Gi Championship 2017,Adult/Male/Purple/Feather,1,MatheusGabrielPinheiroBarros,CheckMat
Chicago Summer International Open Jiu-Jitsu No-Gi Championship 2017,Adult/Male/Purple/Feather,2,JoãoPedroR.M.SoeiroFigueredo,GracieBarra
Chicago Summer International Open Jiu-Jitsu No-Gi Championship 2017,Adult/Male/Purple/Feather,3,BrandonKinney,ValkoBJJ
Chicago Summer International Open Jiu-Jitsu No-Gi Championship 2017,Adult/Male/Purple/Light,1,ItaloMouradeAzevedo,PSLPBCiceroCostha
Chicago Summer International Open Jiu-Jitsu No-Gi Championship 2017,Adult/Male/Purple/Light,2,laquinnswift,ValkoBJJAcademy
Chicago Summer International Open Jiu-Jitsu No-Gi Championship 2017,Adult/Male/Purple/Light,3,MatthewErickson,ValkoBJJAcademy
Chicago Summer International Open Jiu-Jitsu No-Gi Championship 2017,Adult/Male/Purple/Middle,1,JamesMartin,GracieBarra
Chicago Summer International Open Jiu-Jitsu No-Gi Championship 2017,Adult/Male/Purple/Middle,2,JustinReyes,BonsaiJJ,USA
Chicago Summer International Open Jiu-Jitsu No-Gi Championship 2017,Adult/Male/Purple/Heavy,1,BryanPeterson,BonsaiJJ,USA
Chicago Summer International Open Jiu-Jitsu No-Gi Championship 2017,Adult/Male/Purple/Heavy,2,KennyMorales,Choke,U
Chicago Summer International Open Jiu-Jitsu No-Gi Championship 2017,Adult/Male/Purple/Super-Heavy,1,NicholasN.Spacek,BonsaiJJ,USA
Chicago Summer International Open Jiu-Jitsu No-Gi Championship 2017,Adult/Male/Purple/Super-Heavy,2,MattFait,ValkoBJJAcademy
Chicago Summer International Open Jiu-Jitsu No-Gi Championship 2017,Adult/Male/Purple/Super-Heavy,3,RobertoRamirez,IndianaBrazilianJiu,JitsuAcademy
Chicago Summer International Open Jiu-Jitsu No-Gi Championship 2017,Adult/Male/Purple/Enum_WeightDivision_OpenClass_Label,1,ItaloMouradeAzevedo,PSLPBCiceroCostha
Chicago Summer International Open Jiu-Jitsu No-Gi Championship 2017,Adult/Male/Purple/Enum_WeightDivision_OpenClass_Label,2,FranciscoJonasBorgesAndrade,PSLPBCiceroCostha
Chicago Summer International Open Jiu-Jitsu No-Gi Championship 2017,Adult/Male/Purple/Enum_WeightDivision_OpenClass_Label,3,JamesMartin,GracieBarra
Chicago Summer International Open Jiu-Jitsu No-Gi Championship 2017,Adult/Male/Purple/Enum_WeightDivision_OpenClass_Label,3,NicholasN.Spacek,BonsaiJJ,USA
Chicago Summer International Open Jiu-Jitsu No-Gi Championship 2017,Adult/Male/Brown/Feather,1,ColeThomasFranson,TinguinhaBJJacademy
Chicago Summer International Open Jiu-Jitsu No-Gi Championship 2017,Adult/Male/Brown/Feather,2,EricBoleaga,SoulFighter'sChicago,IL,USA
Chicago Summer International Open Jiu-Jitsu No-Gi Championship 2017,Adult/Male/Brown/Light,1,ParieMorganTaylorJared,BrasaCTA
Chicago Summer International Open Jiu-Jitsu No-Gi Championship 2017,Adult/Male/Brown/Light,2,DanielPatrickSweeney,HurricaneJiu,Jitsu
Chicago Summer International Open Jiu-Jitsu No-Gi Championship 2017,Adult/Male/Brown/Light,3,AaronBrooks,CarlsonGracieTeam
Chicago Summer International Open Jiu-Jitsu No-Gi Championship 2017,Adult/Male/Brown/Light,3,CaioCesarOliveira,SoulFightersBJJ
Chicago Summer International Open Jiu-Jitsu No-Gi Championship 2017,Adult/Male/Brown/Medium-Heavy,1,DavidGarmo,DetroitJiu,JitsuAcademy
Chicago Summer International Open Jiu-Jitsu No-Gi Championship 2017,Adult/Male/Brown/Heavy,1,AdamMaslach,UflackerAcademy
Chicago Summer International Open Jiu-Jitsu No-Gi Championship 2017,Adult/Male/Brown/Heavy,2,JoshuaCadenbach,GracieBarra
Chicago Summer International Open Jiu-Jitsu No-Gi Championship 2017,Adult/Male/Brown/Ultra-Heavy,1,DevhonteM.Johnson,UnityJiu,jitsu
Chicago Summer International Open Jiu-Jitsu No-Gi Championship 2017,Adult/Male/Brown/Enum_WeightDivision_OpenClass_Label,1,DavidGarmo,DetroitJiu,JitsuAcademy
Chicago Summer International Open Jiu-Jitsu No-Gi Championship 2017,Adult/Male/Brown/Enum_WeightDivision_OpenClass_Label,2,DevhonteM.Johnson,UnityJiu,jitsu
Chicago Summer International Open Jiu-Jitsu No-Gi Championship 2017,Adult/Male/Brown/Enum_WeightDivision_OpenClass_Label,3,JoshuaCadenbach,GracieBarra
Chicago Summer International Open Jiu-Jitsu No-Gi Championship 2017,Adult/Male/Black/Light-Feather,1,JoãoRicardoBordignonMiyao,PSLPBCiceroCostha
Chicago Summer International Open Jiu-Jitsu No-Gi Championship 2017,Adult/Male/Black/Light-Feather,2,AlexisAlduncinBarragan,RenzoGracieMexico
Chicago Summer International Open Jiu-Jitsu No-Gi Championship 2017,Adult/Male/Black/Light-Feather,3,JuanLopesdaSilva,CarlsonGracieTeam
Chicago Summer International Open Jiu-Jitsu No-Gi Championship 2017,Adult/Male/Black/Feather,1,BrunoFrazattoXavierC.Barbosa,AtosJiu,Jitsu
Chicago Summer International Open Jiu-Jitsu No-Gi Championship 2017,Adult/Male/Black/Feather,2,BruceGuevara,UflackerAcademy
Chicago Summer International Open Jiu-Jitsu No-Gi Championship 2017,Adult/Male/Black/Light,1,WallaceFernandoSantos,SoulFighter'sChicago,IL,USA
Chicago Summer International Open Jiu-Jitsu No-Gi Championship 2017,Adult/Male/Black/Enum_WeightDivision_OpenClass_Label,1,WallaceFernandoSantos,SoulFighter'sChicago,IL,USA
Chicago Summer International Open Jiu-Jitsu No-Gi Championship 2017,Adult/Male/Black/Enum_WeightDivision_OpenClass_Label,2,BruceGuevara,UflackerAcademy
Chicago Summer International Open Jiu-Jitsu No-Gi Championship 2017,Adult/Female/Blue/Light-Feather,1,MichelleDonovan,CheckMat
Chicago Summer International Open Jiu-Jitsu No-Gi Championship 2017,Adult/Female/Blue/Light-Feather,2,AnaReyna,CarlsonGracieTeam
Chicago Summer International Open Jiu-Jitsu No-Gi Championship 2017,Adult/Female/Blue/Feather,1,AnnabelleDacuycuy,BrasaCTA
Chicago Summer International Open Jiu-Jitsu No-Gi Championship 2017,Adult/Female/Blue/Light,1,RachelBlum,GFTeam
Chicago Summer International Open Jiu-Jitsu No-Gi Championship 2017,Adult/Female/Blue/Light,2,NicoleHaley,10thPlanetJiuJitsu
Chicago Summer International Open Jiu-Jitsu No-Gi Championship 2017,Adult/Female/Blue/Light,3,NatalieFaris,ValkoBJJAcademy
Chicago Summer International Open Jiu-Jitsu No-Gi Championship 2017,Adult/Female/Blue/Middle,1,JessicaAnnBuchman,BrasaCTA
Chicago Summer International Open Jiu-Jitsu No-Gi Championship 2017,Adult/Female/Blue/Middle,2,SumiaDuehlmeyer,MXTFightAcademy,Canada
Chicago Summer International Open Jiu-Jitsu No-Gi Championship 2017,Adult/Female/Blue/Middle,3,DarlaSedlacek,HurricaneJiu,Jitsu
Chicago Summer International Open Jiu-Jitsu No-Gi Championship 2017,Adult/Female/Blue/Middle,3,GwenMihaljevich,ValkoBJJAcademy
Chicago Summer International Open Jiu-Jitsu No-Gi Championship 2017,Adult/Female/Blue/Medium-Heavy,1,EdenBerg,CarlsonGracieTeam
Chicago Summer International Open Jiu-Jitsu No-Gi Championship 2017,Adult/Female/Blue/Medium-Heavy,2,SydneySkuodas,BonsaiJJ,USA
Chicago Summer International Open Jiu-Jitsu No-Gi Championship 2017,Adult/Female/Blue/Heavy,1,SamanthaHall,GracieBarra
Chicago Summer International Open Jiu-Jitsu No-Gi Championship 2017,Adult/Female/Blue/Heavy,2,TommiLeaRodriguez,CarlsonGracieTeam
Chicago Summer International Open Jiu-Jitsu No-Gi Championship 2017,Adult/Female/Blue/Super-Heavy,1,EvangelinaRojo,CarlsonGracieTeam
Chicago Summer International Open Jiu-Jitsu No-Gi Championship 2017,Adult/Female/Blue/Super-Heavy,2,MariannaMelannieBelmares,CarlsonGracie
Chicago Summer International Open Jiu-Jitsu No-Gi Championship 2017,Adult/Female/Blue/Enum_WeightDivision_OpenClass_Label,1,EvangelinaRojo,CarlsonGracieTeam
Chicago Summer International Open Jiu-Jitsu No-Gi Championship 2017,Adult/Female/Blue/Enum_WeightDivision_OpenClass_Label,2,SamanthaHall,GracieBarra
Chicago Summer International Open Jiu-Jitsu No-Gi Championship 2017,Adult/Female/Blue/Enum_WeightDivision_OpenClass_Label,3,NatalieFaris,ValkoBJJAcademy
Chicago Summer International Open Jiu-Jitsu No-Gi Championship 2017,Adult/Female/Blue/Enum_WeightDivision_OpenClass_Label,3,SydneySkuodas,BonsaiJJ,USA
Chicago Summer International Open Jiu-Jitsu No-Gi Championship 2017,Adult/Female/Purple/Light,1,GabriellaMcauliffe,RioProBrazilianJiuJitsu
Chicago Summer International Open Jiu-Jitsu No-Gi Championship 2017,Adult/Female/Purple/Medium-Heavy,1,MaxineKnetter,Alliance
Chicago Summer International Open Jiu-Jitsu No-Gi Championship 2017,Adult/Female/Purple/Medium-Heavy,2,CrystleKelly,BrasaCTA
Chicago Summer International Open Jiu-Jitsu No-Gi Championship 2017,Adult/Female/Purple/Medium-Heavy,3,MaryNiedrauer,AtosJiu,Jitsu
Chicago Summer International Open Jiu-Jitsu No-Gi Championship 2017,Adult/Female/Purple/Super-Heavy,1,MelissaMaine,BrasaCTA
Chicago Summer International Open Jiu-Jitsu No-Gi Championship 2017,Adult/Female/Purple/Enum_WeightDivision_OpenClass_Label,1,MaryNiedrauer,AtosJiu,Jitsu
Chicago Summer International Open Jiu-Jitsu No-Gi Championship 2017,Adult/Female/Purple/Enum_WeightDivision_OpenClass_Label,2,GabriellaMcauliffe,RioProBrazilianJiuJitsu
Chicago Summer International Open Jiu-Jitsu No-Gi Championship 2017,Adult/Female/Purple/Enum_WeightDivision_OpenClass_Label,3,CrystleKelly,BrasaCTA
Chicago Summer International Open Jiu-Jitsu No-Gi Championship 2017,Adult/Female/Purple/Enum_WeightDivision_OpenClass_Label,3,MelissaMaine,BrasaCTA
Chicago Summer International Open Jiu-Jitsu No-Gi Championship 2017,Master1/Male/Blue/Light-Feather,1,AnthonyJZito,SoulFighter'sChicago,IL,USA
Chicago Summer International Open Jiu-Jitsu No-Gi Championship 2017,Master1/Male/Blue/Light-Feather,2,AlexdeVera,ValkoBJJAcademy
Chicago Summer International Open Jiu-Jitsu No-Gi Championship 2017,Master1/Male/Blue/Feather,1,BrandonZimmerman,IndianaBrazilianJiu,JitsuAcademy
Chicago Summer International Open Jiu-Jitsu No-Gi Championship 2017,Master1/Male/Blue/Light,1,KevinDevries,CarlsonGracieTeam
Chicago Summer International Open Jiu-Jitsu No-Gi Championship 2017,Master1/Male/Blue/Light,2,TommyCho,UflackerAcademy
Chicago Summer International Open Jiu-Jitsu No-Gi Championship 2017,Master1/Male/Blue/Light,3,DavidCarvey,ValkoBJJAcademy
Chicago Summer International Open Jiu-Jitsu No-Gi Championship 2017,Master1/Male/Blue/Light,3,YunTai,ValkoBJJAcademy
Chicago Summer International Open Jiu-Jitsu No-Gi Championship 2017,Master1/Male/Blue/Middle,1,JoshuaCarlWilson,RibeiroJiu,Jitsu
Chicago Summer International Open Jiu-Jitsu No-Gi Championship 2017,Master1/Male/Blue/Middle,2,MattNelson,BrasaUSA
Chicago Summer International Open Jiu-Jitsu No-Gi Championship 2017,Master1/Male/Blue/Middle,3,VincentNguyen,BrasaUSA
Chicago Summer International Open Jiu-Jitsu No-Gi Championship 2017,Master1/Male/Blue/Medium-Heavy,1,OscarGarcia,CarlsonGracieTeam
Chicago Summer International Open Jiu-Jitsu No-Gi Championship 2017,Master1/Male/Blue/Medium-Heavy,2,JoeDankowski,CarlsonGracieTeam
Chicago Summer International Open Jiu-Jitsu No-Gi Championship 2017,Master1/Male/Blue/Medium-Heavy,3,CarlJohnSpringer,GDJiu,JitsuAssociation
Chicago Summer International Open Jiu-Jitsu No-Gi Championship 2017,Master1/Male/Blue/Heavy,1,JeffSchieber,TeamRedzovic
Chicago Summer International Open Jiu-Jitsu No-Gi Championship 2017,Master1/Male/Blue/Heavy,2,RyanOwens,ValkoBJJ
Chicago Summer International Open Jiu-Jitsu No-Gi Championship 2017,Master1/Male/Blue/Heavy,3,MichaelKing,DemianMaiaJiu,Jitsu
Chicago Summer International Open Jiu-Jitsu No-Gi Championship 2017,Master1/Male/Blue/Super-Heavy,1,AndrewTillman,ValkoBJJAcademy
Chicago Summer International Open Jiu-Jitsu No-Gi Championship 2017,Master1/Male/Blue/Ultra-Heavy,1,VusiMoyo,ValkoBJJAcademy
Chicago Summer International Open Jiu-Jitsu No-Gi Championship 2017,Master1/Male/Blue/Ultra-Heavy,2,CameronNolin,CombatBase
Chicago Summer International Open Jiu-Jitsu No-Gi Championship 2017,Master1/Male/Blue/Ultra-Heavy,3,JoshuaHamilton,BonsaiJJ,USA
Chicago Summer International Open Jiu-Jitsu No-Gi Championship 2017,Master1/Male/Blue/Enum_WeightDivision_OpenClass_Label,1,VusiMoyo,ValkoBJJAcademy
Chicago Summer International Open Jiu-Jitsu No-Gi Championship 2017,Master1/Male/Blue/Enum_WeightDivision_OpenClass_Label,2,KevinDevries,CarlsonGracieTeam
Chicago Summer International Open Jiu-Jitsu No-Gi Championship 2017,Master1/Male/Blue/Enum_WeightDivision_OpenClass_Label,3,MichaelKing,DemianMaiaJiu,Jitsu
Chicago Summer International Open Jiu-Jitsu No-Gi Championship 2017,Master1/Male/Purple/Feather,1,LiorOfir,ValkoBJJ
Chicago Summer International Open Jiu-Jitsu No-Gi Championship 2017,Master1/Male/Purple/Light,1,RyanNishimoto,ValkoBJJAcademy
Chicago Summer International Open Jiu-Jitsu No-Gi Championship 2017,Master1/Male/Purple/Light,2,JasonChan,BrasaCTA
Chicago Summer International Open Jiu-Jitsu No-Gi Championship 2017,Master1/Male/Purple/Light,3,ChristopherM.Jakubiak,CarlsonGracieTeam
Chicago Summer International Open Jiu-Jitsu No-Gi Championship 2017,Master1/Male/Purple/Light,3,QuentinPark,CarlsonGracieTeam
Chicago Summer International Open Jiu-Jitsu No-Gi Championship 2017,Master1/Male/Purple/Middle,1,JosephThrasher,BrasaCTA
Chicago Summer International Open Jiu-Jitsu No-Gi Championship 2017,Master1/Male/Purple/Middle,2,JoseWashington,RenzoGracieInternational
Chicago Summer International Open Jiu-Jitsu No-Gi Championship 2017,Master1/Male/Purple/Middle,3,AlexeyIskhakov,MikeMoses'CompetitionTeam
Chicago Summer International Open Jiu-Jitsu No-Gi Championship 2017,Master1/Male/Purple/Middle,3,OwenBrickell,ZenithBJJ
Chicago Summer International Open Jiu-Jitsu No-Gi Championship 2017,Master1/Male/Purple/Medium-Heavy,1,PatrickCooney,CarlsonGracieTeam
Chicago Summer International Open Jiu-Jitsu No-Gi Championship 2017,Master1/Male/Purple/Medium-Heavy,2,ShermanYau,CarlsonGracieTeam
Chicago Summer International Open Jiu-Jitsu No-Gi Championship 2017,Master1/Male/Purple/Medium-Heavy,3,DomenickAngiello,GracieBarra
Chicago Summer International Open Jiu-Jitsu No-Gi Championship 2017,Master1/Male/Purple/Heavy,1,JonathanSimon,ValkoBJJAcademy
Chicago Summer International Open Jiu-Jitsu No-Gi Championship 2017,Master1/Male/Purple/Heavy,2,RobHarman,ValkoBJJAcademy
Chicago Summer International Open Jiu-Jitsu No-Gi Championship 2017,Master1/Male/Purple/Heavy,3,WilliamR.Morgan,GracieBarra
Chicago Summer International Open Jiu-Jitsu No-Gi Championship 2017,Master1/Male/Purple/Enum_WeightDivision_OpenClass_Label,1,JosephThrasher,BrasaCTA
Chicago Summer International Open Jiu-Jitsu No-Gi Championship 2017,Master1/Male/Purple/Enum_WeightDivision_OpenClass_Label,2,OwenBrickell,ZenithBJJ
Chicago Summer International Open Jiu-Jitsu No-Gi Championship 2017,Master1/Male/Purple/Enum_WeightDivision_OpenClass_Label,3,JonathanSimon,ValkoBJJAcademy
Chicago Summer International Open Jiu-Jitsu No-Gi Championship 2017,Master1/Male/Purple/Enum_WeightDivision_OpenClass_Label,3,LiorOfir,ValkoBJJ
Chicago Summer International Open Jiu-Jitsu No-Gi Championship 2017,Master1/Male/Brown/Feather,1,BrandonChristopherReilly,Alliance
Chicago Summer International Open Jiu-Jitsu No-Gi Championship 2017,Master1/Male/Brown/Feather,2,MontaLamorWiley,ZRTeamCalifornia
Chicago Summer International Open Jiu-Jitsu No-Gi Championship 2017,Master1/Male/Brown/Feather,3,RonVersetto,CarlsonGracieTeam
Chicago Summer International Open Jiu-Jitsu No-Gi Championship 2017,Master1/Male/Brown/Light,1,AnthonyWong,CaiqueJiu,Jitsu
Chicago Summer International Open Jiu-Jitsu No-Gi Championship 2017,Master1/Male/Brown/Light,2,DarrellJasonBender,CarlsonGracieTeam
Chicago Summer International Open Jiu-Jitsu No-Gi Championship 2017,Master1/Male/Brown/Middle,1,RobertCunningham,CarlsonGracieTeam
Chicago Summer International Open Jiu-Jitsu No-Gi Championship 2017,Master1/Male/Brown/Middle,2,KeithD.Loudenber,BJJCoach,Corral'sMartialArts
Chicago Summer International Open Jiu-Jitsu No-Gi Championship 2017,Master1/Male/Brown/Medium-Heavy,1,IsaacL.Rehner,BETAAcademy
Chicago Summer International Open Jiu-Jitsu No-Gi Championship 2017,Master1/Male/Brown/Medium-Heavy,2,NicholasS.Garcia,BrasaCTA
Chicago Summer International Open Jiu-Jitsu No-Gi Championship 2017,Master1/Male/Brown/Super-Heavy,1,RaymondA.McFarlane,GoldTeamfightersUSA
Chicago Summer International Open Jiu-Jitsu No-Gi Championship 2017,Master1/Male/Brown/Ultra-Heavy,1,JohnMohan,GracieBarra
Chicago Summer International Open Jiu-Jitsu No-Gi Championship 2017,Master1/Male/Brown/Enum_WeightDivision_OpenClass_Label,1,DarrellJasonBender,CarlsonGracieTeam
Chicago Summer International Open Jiu-Jitsu No-Gi Championship 2017,Master1/Male/Brown/Enum_WeightDivision_OpenClass_Label,2,BrandonChristopherReilly,Alliance
Chicago Summer International Open Jiu-Jitsu No-Gi Championship 2017,Master1/Male/Brown/Enum_WeightDivision_OpenClass_Label,3,RonVersetto,CarlsonGracieTeam
Chicago Summer International Open Jiu-Jitsu No-Gi Championship 2017,Master1/Male/Black/Light,1,MurilloCarvalhodaSilvaNeto,GracieBarra
Chicago Summer International Open Jiu-Jitsu No-Gi Championship 2017,Master1/Male/Black/Middle,1,OliverLeysGeddes,RogerGracieAcademy
Chicago Summer International Open Jiu-Jitsu No-Gi Championship 2017,Master1/Male/Black/Middle,2,LuisTeofiloGonzalezJr.,McVicker'sBrazilianJiuJitsu
Chicago Summer International Open Jiu-Jitsu No-Gi Championship 2017,Master1/Male/Black/Medium-Heavy,1,LawrenceC.Dunning,ValkoBJJAcademy
Chicago Summer International Open Jiu-Jitsu No-Gi Championship 2017,Master1/Male/Black/Medium-Heavy,2,DavidCharlesReeves,BigBrothers
Chicago Summer International Open Jiu-Jitsu No-Gi Championship 2017,Master1/Male/Black/Heavy,1,MarceloCapoMartins,CheckMat
Chicago Summer International Open Jiu-Jitsu No-Gi Championship 2017,Master1/Male/Black/Super-Heavy,1,LuigiFioravanti,AmericanTopTeam
Chicago Summer International Open Jiu-Jitsu No-Gi Championship 2017,Master1/Male/Black/Ultra-Heavy,1,RodrigoLeitedeMedeiros,BrasaCTA
Chicago Summer International Open Jiu-Jitsu No-Gi Championship 2017,Master1/Male/Black/Enum_WeightDivision_OpenClass_Label,1,LawrenceC.Dunning,ValkoBJJAcademy
Chicago Summer International Open Jiu-Jitsu No-Gi Championship 2017,Master1/Male/Black/Enum_WeightDivision_OpenClass_Label,2,MurilloCarvalhodaSilvaNeto,GracieBarra
