Mexico City Summer International Open Jiu-Jitsu No-Gi Championship 2017,Adult/Male/Blue/Light-Feather,1,JoseLuisRosalesQuan,Alliance
Mexico City Summer International Open Jiu-Jitsu No-Gi Championship 2017,Adult/Male/Blue/Light-Feather,2,LuisGonzalez,RilionGracieJiu,JitsuAcademy
Mexico City Summer International Open Jiu-Jitsu No-Gi Championship 2017,Adult/Male/Blue/Light-Feather,3,LuisEduardoVillarrealDavila,LEADBJJ
Mexico City Summer International Open Jiu-Jitsu No-Gi Championship 2017,Adult/Male/Blue/Light-Feather,3,WilliamDaSilva,SchonBJJ
Mexico City Summer International Open Jiu-Jitsu No-Gi Championship 2017,Adult/Male/Blue/Feather,1,OscarCum,RilionGracieJiu,JitsuAcademy
Mexico City Summer International Open Jiu-Jitsu No-Gi Championship 2017,Adult/Male/Blue/Feather,2,JonathanHusni,RenzoGracieMexico
Mexico City Summer International Open Jiu-Jitsu No-Gi Championship 2017,Adult/Male/Blue/Feather,3,DanKarelIvoOrtega,RilionGracieJiu,JitsuAcademy
Mexico City Summer International Open Jiu-Jitsu No-Gi Championship 2017,Adult/Male/Blue/Feather,3,ManuelInchausti,GDJiu,JitsuAssociation
Mexico City Summer International Open Jiu-Jitsu No-Gi Championship 2017,Adult/Male/Blue/Light,1,FernandoRendon,RCBJJ,CostaRica
Mexico City Summer International Open Jiu-Jitsu No-Gi Championship 2017,Adult/Male/Blue/Light,2,IvanHerrera,BaretSubmissions
Mexico City Summer International Open Jiu-Jitsu No-Gi Championship 2017,Adult/Male/Blue/Light,3,AidanClaussSericolo,BJJRevolutionTeam
Mexico City Summer International Open Jiu-Jitsu No-Gi Championship 2017,Adult/Male/Blue/Light,3,LudwingAlejandroArtigasMartínez,RenzoGracieMexico
Mexico City Summer International Open Jiu-Jitsu No-Gi Championship 2017,Adult/Male/Blue/Middle,1,SamMartinez,GracieHumaitaWinnipeg
Mexico City Summer International Open Jiu-Jitsu No-Gi Championship 2017,Adult/Male/Blue/Middle,2,AlejandroTorres,10thPlanetJiuJitsuTeam1
Mexico City Summer International Open Jiu-Jitsu No-Gi Championship 2017,Adult/Male/Blue/Middle,3,DiegoPecoraroChávez,RenzoGracieMexico
Mexico City Summer International Open Jiu-Jitsu No-Gi Championship 2017,Adult/Male/Blue/Medium-Heavy,1,DavidMisaelCruzRodríguez,RenzoGracieMexico
Mexico City Summer International Open Jiu-Jitsu No-Gi Championship 2017,Adult/Male/Blue/Medium-Heavy,2,Osvaldofunesalmaráz,BrasaCTA
Mexico City Summer International Open Jiu-Jitsu No-Gi Championship 2017,Adult/Male/Blue/Medium-Heavy,3,CarlosAlejandroLunaLozano,LEADBJJ
Mexico City Summer International Open Jiu-Jitsu No-Gi Championship 2017,Adult/Male/Blue/Heavy,1,RodrigoRafaelGomezVizcarra,RenzoGracieMexico
Mexico City Summer International Open Jiu-Jitsu No-Gi Championship 2017,Adult/Male/Blue/Heavy,2,SergioNoéPazArmas,TopBrotherMexico
Mexico City Summer International Open Jiu-Jitsu No-Gi Championship 2017,Adult/Male/Blue/Super-Heavy,1,EdgarPeñaBernal,RenzoGracieMexico
Mexico City Summer International Open Jiu-Jitsu No-Gi Championship 2017,Adult/Male/Blue/Super-Heavy,2,AlbertoTeaConstante,LEADBJJ
Mexico City Summer International Open Jiu-Jitsu No-Gi Championship 2017,Adult/Male/Blue/Ultra-Heavy,1,JavierAlejandroPompaSosa,TeamCarvalhoMexico
Mexico City Summer International Open Jiu-Jitsu No-Gi Championship 2017,Adult/Male/Blue/Enum_WeightDivision_OpenClass_Label,1,SamMartinez,GracieHumaitaWinnipeg
Mexico City Summer International Open Jiu-Jitsu No-Gi Championship 2017,Adult/Male/Blue/Enum_WeightDivision_OpenClass_Label,2,CarlosAlejandroLunaLozano,LEADBJJ
Mexico City Summer International Open Jiu-Jitsu No-Gi Championship 2017,Adult/Male/Blue/Enum_WeightDivision_OpenClass_Label,3,RodrigoRafaelGomezVizcarra,RenzoGracieMexico
Mexico City Summer International Open Jiu-Jitsu No-Gi Championship 2017,Adult/Male/Blue/Enum_WeightDivision_OpenClass_Label,3,SergioNoéPazArmas,TopBrotherMexico
Mexico City Summer International Open Jiu-Jitsu No-Gi Championship 2017,Adult/Male/Purple/Rooster,1,MoisesdaSilvaSouzaJr.,LEADBJJ
Mexico City Summer International Open Jiu-Jitsu No-Gi Championship 2017,Adult/Male/Purple/Light-Feather,1,RodrigoCortes,RenzoGracieMexico
Mexico City Summer International Open Jiu-Jitsu No-Gi Championship 2017,Adult/Male/Purple/Light-Feather,2,JoséAlbertoToledoMendoza,RenzoGracieMexico
Mexico City Summer International Open Jiu-Jitsu No-Gi Championship 2017,Adult/Male/Purple/Feather,1,ErmilioLucasFerreiraLima,SimetriaFight
Mexico City Summer International Open Jiu-Jitsu No-Gi Championship 2017,Adult/Male/Purple/Feather,2,ChanceSoltero,AresBJJ
Mexico City Summer International Open Jiu-Jitsu No-Gi Championship 2017,Adult/Male/Purple/Feather,3,DanielEcheverryOsorno,GracieBarra
Mexico City Summer International Open Jiu-Jitsu No-Gi Championship 2017,Adult/Male/Purple/Feather,3,JorgeGarcia,RenzoGracieMexico
Mexico City Summer International Open Jiu-Jitsu No-Gi Championship 2017,Adult/Male/Purple/Light,1,RajivDilipDudaniAdum,Alliance
Mexico City Summer International Open Jiu-Jitsu No-Gi Championship 2017,Adult/Male/Purple/Light,2,LuisRodolfoRosales,AcademieCaioTerra
Mexico City Summer International Open Jiu-Jitsu No-Gi Championship 2017,Adult/Male/Purple/Light,3,MarcoAntonioBonilla,Alliance
Mexico City Summer International Open Jiu-Jitsu No-Gi Championship 2017,Adult/Male/Purple/Light,3,MatheusRamosSilvaGalvão,SimetriaFight
Mexico City Summer International Open Jiu-Jitsu No-Gi Championship 2017,Adult/Male/Purple/Middle,1,JefersonGuaresi,PSLPBCiceroCostha
Mexico City Summer International Open Jiu-Jitsu No-Gi Championship 2017,Adult/Male/Purple/Middle,2,JoseEmmanuelBuitronTorres,RenzoGracieMexico
Mexico City Summer International Open Jiu-Jitsu No-Gi Championship 2017,Adult/Male/Purple/Middle,3,LuisD.AlvarezGarcia,LEADBJJ
Mexico City Summer International Open Jiu-Jitsu No-Gi Championship 2017,Adult/Male/Purple/Middle,3,WesleyRayAllard,JeanJacquesMachadoBJJ2
Mexico City Summer International Open Jiu-Jitsu No-Gi Championship 2017,Adult/Male/Purple/Medium-Heavy,1,SebastianRodriguezWilliams,UnityJiu,jitsu
Mexico City Summer International Open Jiu-Jitsu No-Gi Championship 2017,Adult/Male/Purple/Medium-Heavy,2,DanielNunesMartins,ArtofJiuJitsuAcademy
Mexico City Summer International Open Jiu-Jitsu No-Gi Championship 2017,Adult/Male/Purple/Medium-Heavy,3,DanielElizondo,LEADBJJ
Mexico City Summer International Open Jiu-Jitsu No-Gi Championship 2017,Adult/Male/Purple/Medium-Heavy,3,IvanA.TorresEscareno,LEADBJJ
Mexico City Summer International Open Jiu-Jitsu No-Gi Championship 2017,Adult/Male/Purple/Enum_WeightDivision_OpenClass_Label,1,SebastianRodriguezWilliams,UnityJiu,jitsu
Mexico City Summer International Open Jiu-Jitsu No-Gi Championship 2017,Adult/Male/Purple/Enum_WeightDivision_OpenClass_Label,2,MatheusRamosSilvaGalvão,SimetriaFight
Mexico City Summer International Open Jiu-Jitsu No-Gi Championship 2017,Adult/Male/Purple/Enum_WeightDivision_OpenClass_Label,3,JefersonGuaresi,PSLPBCiceroCostha
Mexico City Summer International Open Jiu-Jitsu No-Gi Championship 2017,Adult/Male/Purple/Enum_WeightDivision_OpenClass_Label,3,JoseEmmanuelBuitronTorres,RenzoGracieMexico
Mexico City Summer International Open Jiu-Jitsu No-Gi Championship 2017,Adult/Male/Brown/Light,1,ErikeSouzaMartins,GuigoJJ
Mexico City Summer International Open Jiu-Jitsu No-Gi Championship 2017,Adult/Male/Brown/Middle,1,SalvadorAlduncinBarragan,RenzoGracieMexico
Mexico City Summer International Open Jiu-Jitsu No-Gi Championship 2017,Adult/Male/Brown/Super-Heavy,1,FabianDeJesusBolañosCamacho,RCBJJ,CostaRica
Mexico City Summer International Open Jiu-Jitsu No-Gi Championship 2017,Adult/Male/Brown/Enum_WeightDivision_OpenClass_Label,1,FabianDeJesusBolañosCamacho,RCBJJ,CostaRica
Mexico City Summer International Open Jiu-Jitsu No-Gi Championship 2017,Adult/Male/Brown/Enum_WeightDivision_OpenClass_Label,2,ErikeSouzaMartins,GuigoJJ
Mexico City Summer International Open Jiu-Jitsu No-Gi Championship 2017,Adult/Male/Brown/Enum_WeightDivision_OpenClass_Label,3,SalvadorAlduncinBarragan,RenzoGracieMexico
Mexico City Summer International Open Jiu-Jitsu No-Gi Championship 2017,Adult/Male/Black/Light-Feather,1,AlexisAlduncinBarragan,RenzoGracieMexico
Mexico City Summer International Open Jiu-Jitsu No-Gi Championship 2017,Adult/Male/Black/Light-Feather,2,AlessandroChagasdaCosta,AssociaçãoOsvaldoAlves
Mexico City Summer International Open Jiu-Jitsu No-Gi Championship 2017,Adult/Male/Black/Light-Feather,3,JavierGomez,AresBJJ
Mexico City Summer International Open Jiu-Jitsu No-Gi Championship 2017,Adult/Male/Black/Feather,1,BrandonWoodlyWalensky,ClarkGracieJiuJitsuAcademy
Mexico City Summer International Open Jiu-Jitsu No-Gi Championship 2017,Adult/Male/Black/Feather,2,CarlosAndresQuinteroSanchez,BJJGlobetrotters
Mexico City Summer International Open Jiu-Jitsu No-Gi Championship 2017,Adult/Male/Black/Light,1,SamirJoséChantreDahás,AresBJJ
Mexico City Summer International Open Jiu-Jitsu No-Gi Championship 2017,Adult/Male/Black/Light,2,AlbertoSerranoGovea,RenzoGracieMexico
Mexico City Summer International Open Jiu-Jitsu No-Gi Championship 2017,Adult/Male/Black/Medium-Heavy,1,RolandoVillanuevaSamson,AtosJiu,Jitsu
Mexico City Summer International Open Jiu-Jitsu No-Gi Championship 2017,Adult/Male/Black/Medium-Heavy,2,AndersonSouza,TopBrotherMexico
Mexico City Summer International Open Jiu-Jitsu No-Gi Championship 2017,Adult/Male/Black/Medium-Heavy,3,ItuãdeBritosSales,AresBJJ
Mexico City Summer International Open Jiu-Jitsu No-Gi Championship 2017,Adult/Male/Black/Heavy,1,AlikaK.Angerman,ZenithBJJ,LasVegas
Mexico City Summer International Open Jiu-Jitsu No-Gi Championship 2017,Adult/Male/Black/Enum_WeightDivision_OpenClass_Label,1,RolandoVillanuevaSamson,AtosJiu,Jitsu
Mexico City Summer International Open Jiu-Jitsu No-Gi Championship 2017,Adult/Male/Black/Enum_WeightDivision_OpenClass_Label,2,AndersonSouza,TopBrotherMexico
Mexico City Summer International Open Jiu-Jitsu No-Gi Championship 2017,Adult/Male/Black/Enum_WeightDivision_OpenClass_Label,3,AlikaK.Angerman,ZenithBJJ,LasVegas
Mexico City Summer International Open Jiu-Jitsu No-Gi Championship 2017,Adult/Male/Black/Enum_WeightDivision_OpenClass_Label,3,ItuãdeBritosSales,AresBJJ
Mexico City Summer International Open Jiu-Jitsu No-Gi Championship 2017,Adult/Female/Blue/Light-Feather,1,AlinePrismoMachadoFerreira,DDRJJ
Mexico City Summer International Open Jiu-Jitsu No-Gi Championship 2017,Adult/Female/Blue/Light-Feather,2,PaolaMorataya,RilionGracieJiu,JitsuAcademy
Mexico City Summer International Open Jiu-Jitsu No-Gi Championship 2017,Adult/Female/Blue/Light-Feather,3,VeronicaMorales,RenzoGracieMexico
Mexico City Summer International Open Jiu-Jitsu No-Gi Championship 2017,Adult/Female/Blue/Feather,1,AngelicaRodriguez,RenzoGracieMexico
Mexico City Summer International Open Jiu-Jitsu No-Gi Championship 2017,Adult/Female/Blue/Feather,2,PriscillaBrenes,MauroSergioBJJ
Mexico City Summer International Open Jiu-Jitsu No-Gi Championship 2017,Adult/Female/Blue/Feather,3,AlexaGiordanaBaezPadilla,AcademieCaioTerra
Mexico City Summer International Open Jiu-Jitsu No-Gi Championship 2017,Adult/Female/Blue/Light,1,DianaLauraRodriguezCabrera,BrasaCTA
Mexico City Summer International Open Jiu-Jitsu No-Gi Championship 2017,Adult/Female/Blue/Light,2,MariaJoseFavela,RenzoGracieMexico
Mexico City Summer International Open Jiu-Jitsu No-Gi Championship 2017,Adult/Female/Blue/Light,3,RachelWise,MXTFightAcademy,Canada
Mexico City Summer International Open Jiu-Jitsu No-Gi Championship 2017,Adult/Female/Blue/Middle,1,MarcelaBlanco,RCBJJ,CostaRica
Mexico City Summer International Open Jiu-Jitsu No-Gi Championship 2017,Adult/Female/Blue/Medium-Heavy,1,StephaniaGomez,TheBlack,HWD
Mexico City Summer International Open Jiu-Jitsu No-Gi Championship 2017,Adult/Female/Blue/Medium-Heavy,2,FrancescaSharp,GracieTampaSouth
Mexico City Summer International Open Jiu-Jitsu No-Gi Championship 2017,Adult/Female/Blue/Heavy,1,AmyMowrey,TeamCombatUSA
Mexico City Summer International Open Jiu-Jitsu No-Gi Championship 2017,Adult/Female/Blue/Enum_WeightDivision_OpenClass_Label,1,MarcelaBlanco,RCBJJ,CostaRica
Mexico City Summer International Open Jiu-Jitsu No-Gi Championship 2017,Adult/Female/Blue/Enum_WeightDivision_OpenClass_Label,2,StephaniaGomez,TheBlack,HWD
Mexico City Summer International Open Jiu-Jitsu No-Gi Championship 2017,Adult/Female/Blue/Enum_WeightDivision_OpenClass_Label,3,AlinePrismoMachadoFerreira,DDRJJ
Mexico City Summer International Open Jiu-Jitsu No-Gi Championship 2017,Adult/Female/Blue/Enum_WeightDivision_OpenClass_Label,3,FrancescaSharp,GracieTampaSouth
Mexico City Summer International Open Jiu-Jitsu No-Gi Championship 2017,Adult/Female/Purple/Middle,1,MarianellaRuiz,RenzoGracieInternational
Mexico City Summer International Open Jiu-Jitsu No-Gi Championship 2017,Adult/Female/Purple/Middle,2,EvelynArce,RCBJJ,CostaRica
Mexico City Summer International Open Jiu-Jitsu No-Gi Championship 2017,Adult/Female/Purple/Super-Heavy,1,MarcelaSánchezRodríguez,DojoLeoIturralde
Mexico City Summer International Open Jiu-Jitsu No-Gi Championship 2017,Adult/Female/Purple/Enum_WeightDivision_OpenClass_Label,1,MarcelaSánchezRodríguez,DojoLeoIturralde
Mexico City Summer International Open Jiu-Jitsu No-Gi Championship 2017,Adult/Female/Purple/Enum_WeightDivision_OpenClass_Label,2,EvelynArce,RCBJJ,CostaRica
Mexico City Summer International Open Jiu-Jitsu No-Gi Championship 2017,Adult/Female/Purple/Enum_WeightDivision_OpenClass_Label,3,MarianellaRuiz,RenzoGracieInternational
Mexico City Summer International Open Jiu-Jitsu No-Gi Championship 2017,Adult/Female/Brown/Light,1,PaolaBelmonteCoello,RenzoGracieMexico
Mexico City Summer International Open Jiu-Jitsu No-Gi Championship 2017,Master1/Male/Blue/Light-Feather,1,MarcoErikCarreon,RenzoGracieMexico
Mexico City Summer International Open Jiu-Jitsu No-Gi Championship 2017,Master1/Male/Blue/Feather,1,JulioCesarResendizRodriguez,Brasa
Mexico City Summer International Open Jiu-Jitsu No-Gi Championship 2017,Master1/Male/Blue/Feather,2,AnastasioVazquez,Alliance
Mexico City Summer International Open Jiu-Jitsu No-Gi Championship 2017,Master1/Male/Blue/Feather,3,AlvaroBenjaminCortesFigueroa,10thPlanetJiuJitsuTeam1
Mexico City Summer International Open Jiu-Jitsu No-Gi Championship 2017,Master1/Male/Blue/Feather,3,AngelIvánSepúlvedaTreviño,LEADBJJ
Mexico City Summer International Open Jiu-Jitsu No-Gi Championship 2017,Master1/Male/Blue/Light,1,AlfonsoMartinez,AustralianKillerBeesBJJCollege
Mexico City Summer International Open Jiu-Jitsu No-Gi Championship 2017,Master1/Male/Blue/Light,2,FranciscoNoguezSolis,10thPlanetJiuJitsuTeam1
Mexico City Summer International Open Jiu-Jitsu No-Gi Championship 2017,Master1/Male/Blue/Light,3,MarioAlejandroPaezPelaez,10thPlanetJiuJitsuTeam1
Mexico City Summer International Open Jiu-Jitsu No-Gi Championship 2017,Master1/Male/Blue/Medium-Heavy,1,HectorAdrianLopezGutierrez,LEADBJJ
Mexico City Summer International Open Jiu-Jitsu No-Gi Championship 2017,Master1/Male/Blue/Heavy,1,RogelioSalasValdez,LEADBJJ
Mexico City Summer International Open Jiu-Jitsu No-Gi Championship 2017,Master1/Male/Blue/Heavy,2,MarcoAntonioOlivas,SchonBJJ
Mexico City Summer International Open Jiu-Jitsu No-Gi Championship 2017,Master1/Male/Blue/Heavy,3,BernardoLongoria,LEADBJJ
Mexico City Summer International Open Jiu-Jitsu No-Gi Championship 2017,Master1/Male/Blue/Heavy,3,ErickDavidRomero,SchonBJJ
Mexico City Summer International Open Jiu-Jitsu No-Gi Championship 2017,Master1/Male/Blue/Ultra-Heavy,1,EdsonAntonioDeLeónRodriguez,LEADBJJ
Mexico City Summer International Open Jiu-Jitsu No-Gi Championship 2017,Master1/Male/Blue/Ultra-Heavy,2,RaulCarreonFlores,LEADBJJ
Mexico City Summer International Open Jiu-Jitsu No-Gi Championship 2017,Master1/Male/Blue/Ultra-Heavy,3,AlexanderVazquez,TeamCarvalhoMexico
Mexico City Summer International Open Jiu-Jitsu No-Gi Championship 2017,Master1/Male/Blue/Enum_WeightDivision_OpenClass_Label,1,RogelioSalasValdez,LEADBJJ
Mexico City Summer International Open Jiu-Jitsu No-Gi Championship 2017,Master1/Male/Purple/Rooster,1,DiegoHenriqueBarrosOliveira,GracieBarra
Mexico City Summer International Open Jiu-Jitsu No-Gi Championship 2017,Master1/Male/Purple/Feather,1,JuanCarlosFuentesZorrilla,BrasaCTA
Mexico City Summer International Open Jiu-Jitsu No-Gi Championship 2017,Master1/Male/Purple/Feather,2,AlfonsoFlores,AresBJJ
Mexico City Summer International Open Jiu-Jitsu No-Gi Championship 2017,Master1/Male/Purple/Middle,1,CésarRodríguezHuerta,SchonBJJ
Mexico City Summer International Open Jiu-Jitsu No-Gi Championship 2017,Master1/Male/Purple/Medium-Heavy,1,JonathanNavaCedillo,RenzoGracieMexico
Mexico City Summer International Open Jiu-Jitsu No-Gi Championship 2017,Master1/Male/Purple/Enum_WeightDivision_OpenClass_Label,1,CésarRodríguezHuerta,SchonBJJ
Mexico City Summer International Open Jiu-Jitsu No-Gi Championship 2017,Master1/Male/Purple/Enum_WeightDivision_OpenClass_Label,2,DiegoHenriqueBarrosOliveira,GracieBarra
Mexico City Summer International Open Jiu-Jitsu No-Gi Championship 2017,Master1/Male/Purple/Enum_WeightDivision_OpenClass_Label,3,JonathanNavaCedillo,RenzoGracieMexico
Mexico City Summer International Open Jiu-Jitsu No-Gi Championship 2017,Master1/Male/Brown/Feather,1,AlexDosSantosSouza,SheknahTeam
Mexico City Summer International Open Jiu-Jitsu No-Gi Championship 2017,Master1/Male/Brown/Light,1,JulioAndresFernandezChapa,Alliance
Mexico City Summer International Open Jiu-Jitsu No-Gi Championship 2017,Master1/Male/Brown/Enum_WeightDivision_OpenClass_Label,1,JulioAndresFernandezChapa,Alliance
Mexico City Summer International Open Jiu-Jitsu No-Gi Championship 2017,Master1/Male/Brown/Enum_WeightDivision_OpenClass_Label,2,AlexDosSantosSouza,SheknahTeam
Mexico City Summer International Open Jiu-Jitsu No-Gi Championship 2017,Master1/Male/Black/Feather,1,MiltonCarlosBastosP.doNascimento,AresBJJ
Mexico City Summer International Open Jiu-Jitsu No-Gi Championship 2017,Master1/Male/Black/Super-Heavy,1,OsvaldoAugustoHonorioMoizinho,AresBJJ
Mexico City Summer International Open Jiu-Jitsu No-Gi Championship 2017,Master1/Male/Black/Super-Heavy,2,CassioLisboadaCostaJunior,TopBrother
Mexico City Summer International Open Jiu-Jitsu No-Gi Championship 2017,Master1/Male/Black/Super-Heavy,3,RodrigoJoséAraujodoSocorro,SimetriaFight
Mexico City Summer International Open Jiu-Jitsu No-Gi Championship 2017,Master1/Male/Black/Enum_WeightDivision_OpenClass_Label,1,MiltonCarlosBastosP.doNascimento,AresBJJ
Mexico City Summer International Open Jiu-Jitsu No-Gi Championship 2017,Master1/Male/Black/Enum_WeightDivision_OpenClass_Label,2,OsvaldoAugustoHonorioMoizinho,AresBJJ
Mexico City Summer International Open Jiu-Jitsu No-Gi Championship 2017,Master1/Male/Black/Enum_WeightDivision_OpenClass_Label,3,CassioLisboadaCostaJunior,TopBrother
Mexico City Summer International Open Jiu-Jitsu No-Gi Championship 2017,Master1/Male/Black/Enum_WeightDivision_OpenClass_Label,3,RodrigoJoséAraujodoSocorro,SimetriaFight
Mexico City Summer International Open Jiu-Jitsu No-Gi Championship 2017,Master2/Male/Blue/Middle,1,CésarOswaldoGómezGuzman,LEADBJJ
Mexico City Summer International Open Jiu-Jitsu No-Gi Championship 2017,Master2/Male/Blue/Middle,2,JoseGonzalez,RilionGracieJiu,JitsuAcademy
Mexico City Summer International Open Jiu-Jitsu No-Gi Championship 2017,Master2/Male/Blue/Ultra-Heavy,1,JulioEduardoAguileraFlores,LEADBJJ
Mexico City Summer International Open Jiu-Jitsu No-Gi Championship 2017,Master2/Male/Blue/Ultra-Heavy,2,MichaelPatrickClark,RibeiroJiu,Jitsu
Mexico City Summer International Open Jiu-Jitsu No-Gi Championship 2017,Master2/Male/Blue/Enum_WeightDivision_OpenClass_Label,1,MichaelPatrickClark,RibeiroJiu,Jitsu
Mexico City Summer International Open Jiu-Jitsu No-Gi Championship 2017,Master2/Male/Purple/Middle,1,JavierFlores,CasaChimeyoMexico
Mexico City Summer International Open Jiu-Jitsu No-Gi Championship 2017,Master2/Male/Purple/Middle,2,AdanEdgarGuajardoAlvarez,LEADBJJ
Mexico City Summer International Open Jiu-Jitsu No-Gi Championship 2017,Master2/Male/Purple/Medium-Heavy,1,MiguelRosalioDeLaOGonzalez,RenzoGracieMexico
Mexico City Summer International Open Jiu-Jitsu No-Gi Championship 2017,Master2/Male/Purple/Medium-Heavy,2,MarcoAntonioAlcalaBermudez,RibeiroJiu,Jitsu
Mexico City Summer International Open Jiu-Jitsu No-Gi Championship 2017,Master2/Male/Purple/Ultra-Heavy,1,GerardoChavezElizondo,Brasa
Mexico City Summer International Open Jiu-Jitsu No-Gi Championship 2017,Master2/Male/Purple/Ultra-Heavy,2,VictorHugoTrapala,LEADBJJ
Mexico City Summer International Open Jiu-Jitsu No-Gi Championship 2017,Master2/Male/Purple/Enum_WeightDivision_OpenClass_Label,1,MiguelRosalioDeLaOGonzalez,RenzoGracieMexico
Mexico City Summer International Open Jiu-Jitsu No-Gi Championship 2017,Master2/Male/Purple/Enum_WeightDivision_OpenClass_Label,2,MarcoAntonioAlcalaBermudez,RibeiroJiu,Jitsu
Mexico City Summer International Open Jiu-Jitsu No-Gi Championship 2017,Master2/Male/Purple/Enum_WeightDivision_OpenClass_Label,3,AdanEdgarGuajardoAlvarez,LEADBJJ
Mexico City Summer International Open Jiu-Jitsu No-Gi Championship 2017,Master2/Male/Brown/Light,1,BrettAllenRainey,TeamCombatUSA
Mexico City Summer International Open Jiu-Jitsu No-Gi Championship 2017,Master2/Male/Brown/Light,2,GerardoMayoralFlores,RenzoGracieMexico
Mexico City Summer International Open Jiu-Jitsu No-Gi Championship 2017,Master2/Male/Brown/Middle,1,AlvaroFernandez,RenzoGracieMexico
Mexico City Summer International Open Jiu-Jitsu No-Gi Championship 2017,Master2/Male/Brown/Medium-Heavy,1,EmilioGomezZambrano,TopBrotherMexico
Mexico City Summer International Open Jiu-Jitsu No-Gi Championship 2017,Master2/Male/Brown/Enum_WeightDivision_OpenClass_Label,1,AlvaroFernandez,RenzoGracieMexico
Mexico City Summer International Open Jiu-Jitsu No-Gi Championship 2017,Master2/Male/Brown/Enum_WeightDivision_OpenClass_Label,2,EmilioGomezZambrano,TopBrotherMexico
Mexico City Summer International Open Jiu-Jitsu No-Gi Championship 2017,Master2/Male/Brown/Enum_WeightDivision_OpenClass_Label,3,BrettAllenRainey,TeamCombatUSA
Mexico City Summer International Open Jiu-Jitsu No-Gi Championship 2017,Master2/Male/Black/Feather,1,AlessandroCironeNagaishi,CheckMat
Mexico City Summer International Open Jiu-Jitsu No-Gi Championship 2017,Master2/Male/Black/Feather,2,EdwardAnthony,BJJRevolutionTeam
Mexico City Summer International Open Jiu-Jitsu No-Gi Championship 2017,Master2/Male/Black/Light,1,SalvadorGibranAlvarezSosa,GracieBarra
Mexico City Summer International Open Jiu-Jitsu No-Gi Championship 2017,Master2/Male/Black/Light,2,KennyKim,AresBJJ
Mexico City Summer International Open Jiu-Jitsu No-Gi Championship 2017,Master2/Male/Black/Middle,1,WilsonFéuFerreira,DDRJiuJitsu
Mexico City Summer International Open Jiu-Jitsu No-Gi Championship 2017,Master2/Male/Black/Middle,2,CarlosFranklinBarretoGonzalez,GracieBarra
Mexico City Summer International Open Jiu-Jitsu No-Gi Championship 2017,Master2/Male/Black/Ultra-Heavy,1,DiegoBalloutaCardosoBraz,GracieBarra
Mexico City Summer International Open Jiu-Jitsu No-Gi Championship 2017,Master2/Male/Black/Enum_WeightDivision_OpenClass_Label,1,DiegoBalloutaCardosoBraz,GracieBarra
Mexico City Summer International Open Jiu-Jitsu No-Gi Championship 2017,Master2/Male/Black/Enum_WeightDivision_OpenClass_Label,2,AlessandroCironeNagaishi,CheckMat
