New York Spring International Open 2014,Juvenile/Male/Blue/Rooster,1,TimothyJasperMendozaTriguero,RobertoTravenBJJ
New York Spring International Open 2014,Juvenile/Male/Blue/Feather,1,DavidArrata,AllianceEcuador
New York Spring International Open 2014,Juvenile/Male/Blue/Feather,2,WallisonJamesSilvaRamos,AllianceMarceloGarcia
New York Spring International Open 2014,Juvenile/Male/Blue/Feather,3,JayvierMichaelMills,CabeçaBrazilianJiuJitsu
New York Spring International Open 2014,Juvenile/Male/Blue/Middle,1,MarlenLimaLamas,TeamLink
New York Spring International Open 2014,Juvenile/Male/Blue/Middle,2,SherwenPaulMendozaTriguero,RobertoTravenBJJ
New York Spring International Open 2014,Juvenile/Male/Blue/Middle,3,AlecJayCerruto,TeamRoyceGracie
New York Spring International Open 2014,Juvenile/Male/Blue/Medium-Heavy,1,JoseAlejandroLazoBurgos,AllianceEcuador
New York Spring International Open 2014,Juvenile/Male/Blue/OpenClass,1,JoseAlejandroLazoBurgos,AllianceEcuador
New York Spring International Open 2014,Juvenile/Male/Blue/OpenClass,2,AlecJayCerruto,TeamRoyceGracie
New York Spring International Open 2014,Juvenile/Male/Blue/OpenClass,3,MarlenLimaLamas,TeamLink
New York Spring International Open 2014,Juvenile/Male/Blue/OpenClass,3,SherwenPaulMendozaTriguero,RobertoTravenBJJ
New York Spring International Open 2014,Adult/Male/White/Light-Feather,1,JuanM.Cruz,AldoBatista'sClubBJJ,ABCBJJ\ICONJJTEAM
New York Spring International Open 2014,Adult/Male/White/Light-Feather,2,DelwinOlivan,TeamFabioClemente
New York Spring International Open 2014,Adult/Male/White/Light-Feather,3,MichaelAghajanian,RenzoGracieAcademy
New York Spring International Open 2014,Adult/Male/White/Light-Feather,3,WilliamGunnett,TatuBJJ
New York Spring International Open 2014,Adult/Male/White/Feather,1,JeffCampbell,RenzoGracieAcademy
New York Spring International Open 2014,Adult/Male/White/Feather,2,LukeRomeo,MullerBJJ
New York Spring International Open 2014,Adult/Male/White/Feather,3,DudleyLagrenade,RenzoGracie
New York Spring International Open 2014,Adult/Male/White/Feather,3,RobertBlafford,RenzoGracieAcademy
New York Spring International Open 2014,Adult/Male/White/Light,1,WillConnelly,TeamLloydIrvin
New York Spring International Open 2014,Adult/Male/White/Light,2,ByungJuLee,TeamLloydIrvin
New York Spring International Open 2014,Adult/Male/White/Light,3,AlexanderSeng,TACTeamBJJ
New York Spring International Open 2014,Adult/Male/White/Light,3,JoshuaDershem,TatuBJJ
New York Spring International Open 2014,Adult/Male/White/Middle,1,RoyalSpurlark,RenzoGracieAcademy
New York Spring International Open 2014,Adult/Male/White/Middle,2,marvincontenta,IconJiu,JitsuTeam
New York Spring International Open 2014,Adult/Male/White/Middle,3,EdwardAkers,VicenteJr.Team
New York Spring International Open 2014,Adult/Male/White/Middle,3,JoseMarcelinoRojasJr,KillerBeesBJJCollege
New York Spring International Open 2014,Adult/Male/White/Medium-Heavy,1,KevinKeebler,Workshop
New York Spring International Open 2014,Adult/Male/White/Medium-Heavy,2,ChristiannMcClean,CheckMatInternational
New York Spring International Open 2014,Adult/Male/White/Medium-Heavy,3,JonathanRamirez,CarlsonGracieTeam,CT/CesarPereiraBJJ
New York Spring International Open 2014,Adult/Male/White/Medium-Heavy,3,OrlandoCheco,TeamFabioClemente
New York Spring International Open 2014,Adult/Male/White/Heavy,1,JulioSanchez,CarlsonGracieTeam,CT/CesarPereiraBJJ
New York Spring International Open 2014,Adult/Male/White/Heavy,2,robertjennings,GracieBarra
New York Spring International Open 2014,Adult/Male/White/Heavy,3,NickSantiago,VicenteJr.Team
New York Spring International Open 2014,Adult/Male/White/Heavy,3,TarieMiles,TeamLloydIrvin
New York Spring International Open 2014,Adult/Male/White/Super-Heavy,1,HaithumBhutta,SerraBJJAcademy
New York Spring International Open 2014,Adult/Male/White/Super-Heavy,2,MarkErb,TatuBJJ
New York Spring International Open 2014,Adult/Male/White/Super-Heavy,3,JasonCastagne,AllianceMarceloGarcia
New York Spring International Open 2014,Adult/Male/White/Super-Heavy,3,MichaelZonko,RibeiroJiu,Jitsu
New York Spring International Open 2014,Adult/Male/White/Ultra-Heavy,1,JesseMantuano,AllianceMarceloGarcia
New York Spring International Open 2014,Adult/Male/White/Ultra-Heavy,2,JovanyRivas,MullerBJJ
New York Spring International Open 2014,Adult/Female/White/Light-Feather,1,KatherineOnorato,MullerBJJ
New York Spring International Open 2014,Adult/Female/White/Light-Feather,2,DanielleGatto,TACTeamBJJ
New York Spring International Open 2014,Adult/Female/White/Light-Feather,3,FalynSwerer,RenzoGracie
New York Spring International Open 2014,Adult/Female/White/Feather,1,SarahAnderson,Alliance
New York Spring International Open 2014,Adult/Female/White/Feather,2,JessicaDeJesus,MullerBJJ
New York Spring International Open 2014,Adult/Female/White/Feather,3,AbigailKatePacinelli,TACTeamBJJ
New York Spring International Open 2014,Adult/Female/White/Feather,3,AshleyK.Cruz,IconJiu,JitsuTeam,USA
New York Spring International Open 2014,Adult/Female/White/Light,1,CassieSchupp,DavidJacobsJiu,JitsuTeam
New York Spring International Open 2014,Adult/Female/White/Light,2,MargauxGenoff,RenzoGracie
New York Spring International Open 2014,Adult/Female/White/Light,3,KarenHuyssoon,VicenteJr.Team
New York Spring International Open 2014,Adult/Female/White/Light,3,KimberlyCottrell,BJJRevolutionTeam
New York Spring International Open 2014,Adult/Female/White/Middle,1,LeslieSilva,GracieSportsUSA
New York Spring International Open 2014,Adult/Female/White/Middle,2,DanielleCummings,VicenteJr.Team
New York Spring International Open 2014,Adult/Female/White/Middle,3,ChelseaLeyden,BillScottBJJShoreAcademy
New York Spring International Open 2014,Adult/Female/White/Middle,3,KellyMcCann,NovaUnião
New York Spring International Open 2014,Adult/Female/White/Medium-Heavy,1,LindseySisack,BigBrothers
New York Spring International Open 2014,Adult/Female/White/Medium-Heavy,2,JasminMüller,IconBJJ
New York Spring International Open 2014,Adult/Female/White/Heavy,1,JoannaAlley,NovaUnião
New York Spring International Open 2014,Adult/Female/White/Heavy,2,ElisaWolf,BigBrothers
New York Spring International Open 2014,Adult/Male/Blue/Rooster,1,AlexanderTurmelle,GracieSportsUSA
New York Spring International Open 2014,Adult/Male/Blue/Rooster,2,JeffreyJarusuwannaruk,AllianceMarceloGarcia
New York Spring International Open 2014,Adult/Male/Blue/Rooster,3,JoseRodriguez,RenzoGracie
New York Spring International Open 2014,Adult/Male/Blue/Rooster,3,RichardLam,NovaUniaoNYC
New York Spring International Open 2014,Adult/Male/Blue/Light-Feather,1,MalachiJamesC.Edmond,TeamLloydIrvin
New York Spring International Open 2014,Adult/Male/Blue/Light-Feather,2,MilesStephenGladhill,CarlsonGracieTeam
New York Spring International Open 2014,Adult/Male/Blue/Light-Feather,3,MikhailOnate,AllianceMarceloGarcia
New York Spring International Open 2014,Adult/Male/Blue/Light-Feather,3,TadElliottThomas,TatuBJJ
New York Spring International Open 2014,Adult/Male/Blue/Feather,1,ShaneJamilHill,Taylor,TeamLloydIrvin
New York Spring International Open 2014,Adult/Male/Blue/Feather,2,MattVella,TeamLloydIrvin
New York Spring International Open 2014,Adult/Male/Blue/Feather,3,PaulGrant,JungleGym
New York Spring International Open 2014,Adult/Male/Blue/Feather,3,seanclair,RenzoGracieAcademy
New York Spring International Open 2014,Adult/Male/Blue/Light,1,DerrickHolmes,TeamLloydIrvin
New York Spring International Open 2014,Adult/Male/Blue/Light,2,AlanScottBrownJr.,NovaUniãoUSA
New York Spring International Open 2014,Adult/Male/Blue/Light,3,ChristopherDennisKerbis,RenzoGracieAcademy
New York Spring International Open 2014,Adult/Male/Blue/Light,3,DavidRodriguez,CarlsonGracieTeam,CT/CesarPereiraBJJ
New York Spring International Open 2014,Adult/Male/Blue/Middle,1,JosephRobertFormica,TeamLloydIrvin
New York Spring International Open 2014,Adult/Male/Blue/Middle,2,DominicTabita,RibeiroJiu,Jitsu
New York Spring International Open 2014,Adult/Male/Blue/Middle,3,BrendanShanahan,CarlosNetoBJJ
New York Spring International Open 2014,Adult/Male/Blue/Middle,3,PhilipMento,TACTeamBJJ
New York Spring International Open 2014,Adult/Male/Blue/Medium-Heavy,1,DevhonteM.Johnson,CarvalhoBJJAcademy
New York Spring International Open 2014,Adult/Male/Blue/Medium-Heavy,2,ArtemImnadze,RenzoGracieAcademy
New York Spring International Open 2014,Adult/Male/Blue/Medium-Heavy,3,KristianFranco,RenzoGracie
New York Spring International Open 2014,Adult/Male/Blue/Medium-Heavy,3,ZacharyR.Fallah,SerraBJJAcademy
New York Spring International Open 2014,Adult/Male/Blue/Heavy,1,StevenLang,Fifty/50Jiu,Jitsu
New York Spring International Open 2014,Adult/Male/Blue/Heavy,2,BrianRichards,RABJJAcademy
New York Spring International Open 2014,Adult/Male/Blue/Heavy,3,ArielHuguet,AllianceMarceloGarcia
New York Spring International Open 2014,Adult/Male/Blue/Heavy,3,DiogoMachado,AllianceMarceloGarcia
New York Spring International Open 2014,Adult/Male/Blue/Super-Heavy,1,MichaelOsso,AllianceMarceloGarcia
New York Spring International Open 2014,Adult/Male/Blue/Super-Heavy,2,ElonHodge,RenzoGracie
New York Spring International Open 2014,Adult/Male/Blue/Super-Heavy,3,GarethHoernel,UFCGym
New York Spring International Open 2014,Adult/Male/Blue/Super-Heavy,3,MacKenzieArrington,BJJGlobetrottersUSA
New York Spring International Open 2014,Adult/Male/Blue/Ultra-Heavy,1,MichaelKidwell,PedroSauerTeam
New York Spring International Open 2014,Adult/Male/Blue/Ultra-Heavy,2,OmarreGriffith,GracieBarra
New York Spring International Open 2014,Adult/Male/Blue/Ultra-Heavy,3,RashidMatthews,Hall,RenzoGracie
New York Spring International Open 2014,Adult/Male/Blue/Ultra-Heavy,3,SteveCruz,RenzoGracie
New York Spring International Open 2014,Adult/Male/Blue/OpenClass,1,JosephRobertFormica,TeamLloydIrvin
New York Spring International Open 2014,Adult/Male/Blue/OpenClass,2,MacKenzieArrington,BJJGlobetrottersUSA
New York Spring International Open 2014,Adult/Male/Blue/OpenClass,3,DominicTabita,RibeiroJiu,Jitsu
New York Spring International Open 2014,Adult/Male/Blue/OpenClass,3,PhilipMento,TACTeamBJJ
New York Spring International Open 2014,Adult/Female/Blue/Light-Feather,1,RoyaDarvishian(REPETIDO),TeamLloydIrvin
New York Spring International Open 2014,Adult/Female/Blue/Light-Feather,2,ElizabethN.Cornejo,VamosBrazilianJiuJitsu
New York Spring International Open 2014,Adult/Female/Blue/Light-Feather,3,MelindaJih,VicenteJr.Team
New York Spring International Open 2014,Adult/Female/Blue/Light-Feather,3,VanessaReyes,ParagonBJJAcademy
New York Spring International Open 2014,Adult/Female/Blue/Feather,1,LaurieAnnePorsch,BETAAcademy
New York Spring International Open 2014,Adult/Female/Blue/Feather,2,AnaCarolinaTerrinha,GracieBarra
New York Spring International Open 2014,Adult/Female/Blue/Feather,3,DesireeJaneSabo,NovaUnião
New York Spring International Open 2014,Adult/Female/Blue/Feather,3,RachelClaireRanschau,TeamLloydIrvin
New York Spring International Open 2014,Adult/Female/Blue/Light,1,MariaEvans,BillScottBJJShoreAcademy
New York Spring International Open 2014,Adult/Female/Blue/Light,2,NicholleStoller,TACTeamBJJ
New York Spring International Open 2014,Adult/Female/Blue/Light,3,JennLopez,RenzoGracie
New York Spring International Open 2014,Adult/Female/Blue/Light,3,StephanieWilliams,BJJRevolutionTeam
New York Spring International Open 2014,Adult/Female/Blue/Middle,1,JessicaAdams,NovaUnião
New York Spring International Open 2014,Adult/Female/Blue/Middle,2,PriscillaDeVito,GracieBarra
New York Spring International Open 2014,Adult/Female/Blue/Middle,3,BlazeCarmical,BigBrothers
New York Spring International Open 2014,Adult/Female/Blue/Middle,3,TaraBrady,SocaBrazilianJiu,Jitsu
New York Spring International Open 2014,Adult/Female/Blue/Medium-Heavy,1,MichelleWelti,BigBrothers
New York Spring International Open 2014,Adult/Female/Blue/Medium-Heavy,2,JessicaConstanceSwanson,SoulFightersBJJConnecticut
New York Spring International Open 2014,Adult/Female/Blue/Heavy,1,MeghanIacobacci,RibeiroJiu,Jitsu
New York Spring International Open 2014,Adult/Female/Blue/OpenClass,1,MichelleWelti,BigBrothers
New York Spring International Open 2014,Adult/Female/Blue/OpenClass,2,RachelClaireRanschau,TeamLloydIrvin
New York Spring International Open 2014,Adult/Female/Blue/OpenClass,3,DesireeJaneSabo,NovaUnião
New York Spring International Open 2014,Adult/Female/Blue/OpenClass,3,JessicaAdams,NovaUnião
New York Spring International Open 2014,Adult/Male/Purple/Rooster,1,CoryWalker,TeamLloydIrvin
New York Spring International Open 2014,Adult/Male/Purple/Rooster,2,JamesKiang,AllianceMarceloGarcia
New York Spring International Open 2014,Adult/Male/Purple/Rooster,3,SonThanhDuong,Grappler’sGuild
New York Spring International Open 2014,Adult/Male/Purple/Light-Feather,1,RyanL.Clay,ABCBJJ/IconJJTeam
New York Spring International Open 2014,Adult/Male/Purple/Light-Feather,2,KyleHuang,RibeiroJiu,Jitsu
New York Spring International Open 2014,Adult/Male/Purple/Light-Feather,3,ChristopherDuyquanTran,TeamLloydIrvin
New York Spring International Open 2014,Adult/Male/Purple/Light-Feather,3,edersoriano,YamasakiAcademy
New York Spring International Open 2014,Adult/Male/Purple/Feather,1,ArtherChandramohan,CarlsonGracieTeam
New York Spring International Open 2014,Adult/Male/Purple/Feather,2,AdamBenayoun,AllianceMarceloGarcia
New York Spring International Open 2014,Adult/Male/Purple/Feather,3,DanielSenaPaulino,RenzoGracie
New York Spring International Open 2014,Adult/Male/Purple/Feather,3,MichaelJosephPepio,SocaBrazilianJiu,Jitsu
New York Spring International Open 2014,Adult/Male/Purple/Light,1,JohnnyJoachinTamaApolinario,TeamFabioClemente
New York Spring International Open 2014,Adult/Male/Purple/Light,2,ZataToscano,TeamFabioClemente
New York Spring International Open 2014,Adult/Male/Purple/Light,3,CraigBenjaminJones(repetido180150),A.STeam
New York Spring International Open 2014,Adult/Male/Purple/Light,3,DavidOliveira,AllianceMarceloGarcia
New York Spring International Open 2014,Adult/Male/Purple/Middle,1,RyanDouglasHagerty,AlliancePortoAlegre
New York Spring International Open 2014,Adult/Male/Purple/Middle,2,MarcBerman(repetido53061),AllianceMarceloGarcia
New York Spring International Open 2014,Adult/Male/Purple/Middle,3,ChristopherT.Lamond,SocaBrazilianJiu,Jitsu
New York Spring International Open 2014,Adult/Male/Purple/Middle,3,JosephJustinRuggiero,TeamLloydIrvin
New York Spring International Open 2014,Adult/Male/Purple/Medium-Heavy,1,SamirAbdolkader,YamasakiAcademy
New York Spring International Open 2014,Adult/Male/Purple/Medium-Heavy,2,DevonDanielDelbrugge,TeamLloydIrvin
New York Spring International Open 2014,Adult/Male/Purple/Medium-Heavy,3,ChristianBanghart,BigBrothers
New York Spring International Open 2014,Adult/Male/Purple/Medium-Heavy,3,DaniloLonde,TACTeamBJJ
New York Spring International Open 2014,Adult/Male/Purple/Heavy,1,ErikR.Sommer,GFTeam
New York Spring International Open 2014,Adult/Male/Purple/Heavy,2,JosephR.Mugnai,SerraBJJAcademy
New York Spring International Open 2014,Adult/Male/Purple/Heavy,3,JohnattanS.Porcenat,AllianceMarceloGarcia
New York Spring International Open 2014,Adult/Male/Purple/Heavy,3,NicholasGreene,RalphGracie
New York Spring International Open 2014,Adult/Male/Purple/Super-Heavy,1,OleksandrKarliychuk,RenzoGracie
New York Spring International Open 2014,Adult/Male/Purple/Super-Heavy,2,HanyH.Tawfick,RibeiroJiu,Jitsu
New York Spring International Open 2014,Adult/Male/Purple/Ultra-Heavy,1,AlfonsoJoelWashingtonJr.,TeamLloydIrvin
New York Spring International Open 2014,Adult/Male/Purple/Ultra-Heavy,2,JamesRobertBooth,RenzoGracie
New York Spring International Open 2014,Adult/Male/Purple/Ultra-Heavy,3,JonMarcTuxfordJr.,SASTeamUSA
New York Spring International Open 2014,Adult/Male/Purple/OpenClass,1,JosephJustinRuggiero,TeamLloydIrvin
New York Spring International Open 2014,Adult/Male/Purple/OpenClass,2,ErikR.Sommer,GFTeam
New York Spring International Open 2014,Adult/Male/Purple/OpenClass,3,JohnnyJoachinTamaApolinario,TeamFabioClemente
New York Spring International Open 2014,Adult/Male/Purple/OpenClass,3,OleksandrKarliychuk,RenzoGracie
New York Spring International Open 2014,Adult/Female/Purple/Light-Feather,1,JessieL.Carpenter,TeamJucãoUSA
New York Spring International Open 2014,Adult/Female/Purple/Light-Feather,2,VivianaEvaVélez,CarlsonGracieTeam
New York Spring International Open 2014,Adult/Female/Purple/Light-Feather,3,JenniferSung,NovaUnião
New York Spring International Open 2014,Adult/Female/Purple/Light-Feather,3,JillianDeCoursey,EastCoastUnitedBJJ
New York Spring International Open 2014,Adult/Female/Purple/Feather,1,RachelMoore,Balance
New York Spring International Open 2014,Adult/Female/Purple/Light,1,AaRaeAlexander(repetido86738),TeamLloydIrvin
New York Spring International Open 2014,Adult/Female/Purple/Light,2,AnaCarolinaLima,TeamLink
New York Spring International Open 2014,Adult/Female/Purple/Light,3,CaseyOBrien,LouisVintaloroJiu,Jitsu
New York Spring International Open 2014,Adult/Female/Purple/Light,3,SarahBlock,RibeiroJiu,Jitsu
New York Spring International Open 2014,Adult/Female/Purple/Middle,1,MeganLomonof,DavidJacobsJiu,JitsuTeam
New York Spring International Open 2014,Adult/Female/Purple/Middle,2,KatherineBeverlyBrown,BigBrothers
New York Spring International Open 2014,Adult/Female/Purple/Middle,3,CatherineC.Jones,CarlsonGracieTeam
New York Spring International Open 2014,Adult/Female/Purple/Middle,3,MarieA.Bober,AllianceMarceloGarcia
New York Spring International Open 2014,Adult/Female/Purple/Heavy,1,MaiaNicoleMatalon,Fifty/50Jiu,Jitsu
New York Spring International Open 2014,Adult/Female/Purple/OpenClass,1,MaiaNicoleMatalon,Fifty/50Jiu,Jitsu
New York Spring International Open 2014,Adult/Female/Purple/OpenClass,2,SarahBlock,RibeiroJiu,Jitsu
New York Spring International Open 2014,Adult/Female/Purple/OpenClass,3,AnaCarolinaLima,TeamLink
New York Spring International Open 2014,Adult/Female/Purple/OpenClass,3,JessieL.Carpenter,TeamJucãoUSA
New York Spring International Open 2014,Adult/Male/Brown/Feather,1,CarlosARosado,GracieBarra
New York Spring International Open 2014,Adult/Male/Brown/Feather,2,JoelMBurgess,AllianceMarceloGarcia
New York Spring International Open 2014,Adult/Male/Brown/Feather,3,ChristopherMarkDanielLackhan,NovaUniaoNYC
New York Spring International Open 2014,Adult/Male/Brown/Feather,3,JoaoPereira,RenzoGracie
New York Spring International Open 2014,Adult/Male/Brown/Light,1,MansherKhera,AllianceMarceloGarcia
New York Spring International Open 2014,Adult/Male/Brown/Light,2,AdamJohnPeterson,ClockworkJiu,Jitsu
New York Spring International Open 2014,Adult/Male/Brown/Light,3,RandallCharlesJones,AtosJiu,Jitsu
New York Spring International Open 2014,Adult/Male/Brown/Light,3,VanAllenFlores,NovaUnião
New York Spring International Open 2014,Adult/Male/Brown/Middle,1,JonathanT.Satava,AllianceMarceloGarcia
New York Spring International Open 2014,Adult/Male/Brown/Middle,2,TyeRyanMurphy,TeamLloydIrvin
New York Spring International Open 2014,Adult/Male/Brown/Middle,3,FawelAbramowiczRicaurte,AllianceEcuador
New York Spring International Open 2014,Adult/Male/Brown/Middle,3,MichaelGrantSchweiger,TeamFabioClemente
New York Spring International Open 2014,Adult/Male/Brown/Medium-Heavy,1,InacioFerreiraGomesNeto,GracieBarra
New York Spring International Open 2014,Adult/Male/Brown/Medium-Heavy,2,MatheusOliveiraDiniz,AllianceMarceloGarcia
New York Spring International Open 2014,Adult/Male/Brown/Medium-Heavy,3,StevenJ.Patterson,Brasa
New York Spring International Open 2014,Adult/Male/Brown/Medium-Heavy,3,TylerBenjaminSteppe,AllianceMarceloGarcia
New York Spring International Open 2014,Adult/Male/Brown/Heavy,1,Timothy,MichaelSpriggs,TeamLloydIrvin
New York Spring International Open 2014,Adult/Male/Brown/Heavy,2,CharlesAndrewSilber,TeamFabioClemente
New York Spring International Open 2014,Adult/Male/Brown/Heavy,3,CesarIvanParedesMorejon,PedroSauerTeam
New York Spring International Open 2014,Adult/Male/Brown/Heavy,3,DarinPatrickSenneff,YamasakiAcademy
New York Spring International Open 2014,Adult/Male/Brown/Super-Heavy,1,ErberthSantosdeMesquita,TeamLloydIrvin
New York Spring International Open 2014,Adult/Male/Brown/OpenClass,1,MansherKhera,AllianceMarceloGarcia
New York Spring International Open 2014,Adult/Male/Brown/OpenClass,2,JonathanT.Satava,AllianceMarceloGarcia
New York Spring International Open 2014,Adult/Male/Brown/OpenClass,3,StevenJ.Patterson,Brasa
New York Spring International Open 2014,Adult/Male/Brown/OpenClass,3,TyeRyanMurphy,TeamLloydIrvin
New York Spring International Open 2014,Adult/Female/Brown/Light-Feather,1,JeanetteHeleneFlanneryHall,AllianceMarceloGarcia
New York Spring International Open 2014,Adult/Female/Brown/Light-Feather,2,MelissaADanforth,AllianceMaryland
New York Spring International Open 2014,Adult/Female/Brown/Light,1,KatharineElizabethLantz,RibeiroJiu,Jitsu
New York Spring International Open 2014,Adult/Female/Brown/Middle,1,SijaraJihanEubanks,TeamLloydIrvin
New York Spring International Open 2014,Adult/Female/Brown/OpenClass,1,SijaraJihanEubanks,TeamLloydIrvin
New York Spring International Open 2014,Adult/Female/Brown/OpenClass,2,KatharineElizabethLantz,RibeiroJiu,Jitsu
New York Spring International Open 2014,Adult/Female/Brown/OpenClass,3,MelissaADanforth,AllianceMaryland
New York Spring International Open 2014,Adult/Male/Black/Rooster,1,WashingtonLuisdoM.Lima,GFTeam
New York Spring International Open 2014,Adult/Male/Black/Light-Feather,1,DanielBelezaG.deAndrade,SASTeamUSA
New York Spring International Open 2014,Adult/Male/Black/Light-Feather,2,MarkDanielRamos,Ricardo"Rey"DiogoBJJ
New York Spring International Open 2014,Adult/Male/Black/Feather,1,GianniPaulGrippo,AllianceMarceloGarcia
New York Spring International Open 2014,Adult/Male/Black/Light,1,AJAgazarm,GracieBarra
New York Spring International Open 2014,Adult/Male/Black/Light,2,BricklinJ.Welch,TeamRedzovic
New York Spring International Open 2014,Adult/Male/Black/Light,3,DiogoMartinsdeAlmeida,GracieBarra
New York Spring International Open 2014,Adult/Male/Black/Light,3,RafaelBarbosaCarvalhodaCosta,RenzoGracie
New York Spring International Open 2014,Adult/Male/Black/Middle,1,JonathanTorres,AtosJiu,Jitsu
New York Spring International Open 2014,Adult/Male/Black/Middle,2,DealonzioJeromeJackson,TeamLloydIrvin
New York Spring International Open 2014,Adult/Male/Black/Heavy,1,LincolnJefersonPereira,RenzoGracie
New York Spring International Open 2014,Adult/Male/Black/Heavy,2,AntonioAntonioli,AtosJiu,Jitsu
New York Spring International Open 2014,Adult/Male/Black/Heavy,3,FernandoMoyaHerrera,RenzoGracie
New York Spring International Open 2014,Adult/Male/Black/Super-Heavy,1,TiagoPereiraAlmeida,RibeiroJiu,Jitsu
New York Spring International Open 2014,Adult/Male/Black/Ultra-Heavy,1,DiegoPereiradeSantana,RibeiroJiu,Jitsu
New York Spring International Open 2014,Adult/Male/Black/OpenClass,1,GianniPaulGrippo,AllianceMarceloGarcia
New York Spring International Open 2014,Adult/Male/Black/OpenClass,2,AJAgazarm,GracieBarra
New York Spring International Open 2014,Adult/Male/Black/OpenClass,3,AntonioAntonioli,AtosJiu,Jitsu
New York Spring International Open 2014,Adult/Male/Black/OpenClass,3,TiagoPereiraAlmeida,RibeiroJiu,Jitsu
New York Spring International Open 2014,Adult/Female/Black/Light,1,NyjahMicheaEaston,TeamLloydIrvin
New York Spring International Open 2014,Adult/Female/Black/Light,2,BibianaDiosTanPaciniS.Silva,B&VGravityMMA
New York Spring International Open 2014,Adult/Female/Black/Medium-Heavy,1,KarenElizabethPeterson,ClockworkJiu,Jitsu
New York Spring International Open 2014,Adult/Female/Black/Medium-Heavy,2,JenniferL.Russell,RenzoGracie
New York Spring International Open 2014,Adult/Female/Black/OpenClass,1,NyjahMicheaEaston,TeamLloydIrvin
New York Spring International Open 2014,Adult/Female/Black/OpenClass,2,KarenElizabethPeterson,ClockworkJiu,Jitsu
New York Spring International Open 2014,Adult/Female/Black/OpenClass,3,BibianaDiosTanPaciniS.Silva,B&VGravityMMA
New York Spring International Open 2014,Master1/Male/White/Feather,1,AdamDuthie,ClockworkJiu,Jitsu
New York Spring International Open 2014,Master1/Male/White/Feather,2,HeiangCheung,TACTeamBJJ
New York Spring International Open 2014,Master1/Male/White/Feather,3,EricV.Plourde,NovaUnião
New York Spring International Open 2014,Master1/Male/White/Feather,3,LENYJOHN,AllianceMarceloGarcia
New York Spring International Open 2014,Master1/Male/White/Light,1,AndreyAlexandrin,NovaUnião
New York Spring International Open 2014,Master1/Male/White/Light,2,EricJansson,NovaUnião
New York Spring International Open 2014,Master1/Male/White/Light,3,AnthonyDonnarumma,RenzoGracie
New York Spring International Open 2014,Master1/Male/White/Light,3,LeioHeyenrath,RenzoGracie
New York Spring International Open 2014,Master1/Male/White/Middle,1,DanielMcIsaac,RenzoGracieAcademy
New York Spring International Open 2014,Master1/Male/White/Middle,2,NeilGordonClark,AllianceMaryland
New York Spring International Open 2014,Master1/Male/White/Middle,3,DavidKirlin,BigBrothers
New York Spring International Open 2014,Master1/Male/White/Middle,3,JoshuaSmith,AllianceMarceloGarcia
New York Spring International Open 2014,Master1/Male/White/Medium-Heavy,1,MichaelMolinaro,KiotoBJJ
New York Spring International Open 2014,Master1/Male/White/Medium-Heavy,2,DanielGutin,AllianceMarceloGarcia
New York Spring International Open 2014,Master1/Male/White/Medium-Heavy,3,EricM.Bodon,VamosBrazilianJiuJitsu
New York Spring International Open 2014,Master1/Male/White/Medium-Heavy,3,StevenRyan,TACTeamBJJ
New York Spring International Open 2014,Master1/Male/White/Heavy,1,JuanArboleda,RenzoGracie
New York Spring International Open 2014,Master1/Male/White/Heavy,2,ImranBabar,TeamJucãoUSA
New York Spring International Open 2014,Master1/Male/White/Heavy,3,RyanDuhe,CarlsonGracieTeam,CT/CesarPereiraBJJ
New York Spring International Open 2014,Master1/Male/White/Super-Heavy,1,AlexeyAmerik,CarlsonGracieTeam,CT/CesarPereiraBJJ
New York Spring International Open 2014,Master1/Male/White/Super-Heavy,2,StevenToliver,VicenteJr.Team
New York Spring International Open 2014,Master1/Male/White/Super-Heavy,3,AndrewMPrisco,TeamJucãoUSA
New York Spring International Open 2014,Master1/Male/White/Super-Heavy,3,CarlosVarela,CarlsonGracieTeam
New York Spring International Open 2014,Master1/Male/Blue/Feather,1,MarkHoffman,Fifty/50Jiu,Jitsu
New York Spring International Open 2014,Master1/Male/Blue/Feather,2,PaulEngel,BJJRevolutionTeam
New York Spring International Open 2014,Master1/Male/Blue/Feather,3,DanielOh,ClockworkJiu,Jitsu
New York Spring International Open 2014,Master1/Male/Blue/Feather,3,SantiagoAmaral,YamasakiAcademy
New York Spring International Open 2014,Master1/Male/Blue/Light,1,AndersondeC.Silva,BuffaloBJJAcademy
New York Spring International Open 2014,Master1/Male/Blue/Light,2,LeoBraida,SerraBJJAcademy
New York Spring International Open 2014,Master1/Male/Blue/Light,3,mattdenzler,VamosBrazilianJiuJitsu
New York Spring International Open 2014,Master1/Male/Blue/Light,3,NicholasR.Beatty,NovaUnião
New York Spring International Open 2014,Master1/Male/Blue/Middle,1,JohnnyBoswellJr.,VicenteJr.Team
New York Spring International Open 2014,Master1/Male/Blue/Middle,2,LukeJ.Szeman,RABJJAcademy
New York Spring International Open 2014,Master1/Male/Blue/Middle,3,ChristopherAcevedo,JungleGym
New York Spring International Open 2014,Master1/Male/Blue/Middle,3,DavidLandgarten,TACTeamBJJ
New York Spring International Open 2014,Master1/Male/Blue/Medium-Heavy,1,BenSherman,AllianceMarceloGarcia
New York Spring International Open 2014,Master1/Male/Blue/Medium-Heavy,2,ElvisSerrano,TimBurrillBrazilianJiu,Jitsu
New York Spring International Open 2014,Master1/Male/Blue/Medium-Heavy,3,BrianWolfe,TACTeamBJJ
New York Spring International Open 2014,Master1/Male/Blue/Medium-Heavy,3,EricGocke,3rdGenerationJiu,JitsuAcademy
New York Spring International Open 2014,Master1/Male/Blue/Heavy,1,NoelStrain,BigBrothers
New York Spring International Open 2014,Master1/Male/Blue/Heavy,2,MikhailKalika,TeamFabioClemente
New York Spring International Open 2014,Master1/Male/Blue/Heavy,3,AnthonyA.Pacinelli,TACTeamBJJ
New York Spring International Open 2014,Master1/Male/Blue/Heavy,3,JeffreyJamisonEngle,BigBrothers
New York Spring International Open 2014,Master1/Male/Blue/Super-Heavy,1,Michaelmaliszesky,Nexus,EnigmaBrazilianJiu,JitsuNewYork
New York Spring International Open 2014,Master1/Male/Blue/Super-Heavy,2,JamesMcneely,KiotoBJJ
New York Spring International Open 2014,Master1/Male/Blue/Super-Heavy,3,ChrisFreeman,RenzoGracie
New York Spring International Open 2014,Master1/Male/Blue/Super-Heavy,3,JasonKalvesmaki,RenzoGracie
New York Spring International Open 2014,Master1/Male/Blue/Ultra-Heavy,1,ThomasRagin,SoulFightersBJJConnecticut
New York Spring International Open 2014,Master1/Male/Blue/Ultra-Heavy,2,JoshHutchison,BigBrothers
New York Spring International Open 2014,Master1/Male/Blue/Ultra-Heavy,3,DamienCastagne,AllianceMarceloGarcia
New York Spring International Open 2014,Master1/Male/Blue/OpenClass,1,Michaelmaliszesky,Nexus,EnigmaBrazilianJiu,JitsuNewYork
New York Spring International Open 2014,Master1/Male/Blue/OpenClass,2,LukeJ.Szeman,RABJJAcademy
New York Spring International Open 2014,Master1/Male/Blue/OpenClass,3,AnthonyA.Pacinelli,TACTeamBJJ
New York Spring International Open 2014,Master1/Male/Blue/OpenClass,3,JohnnyBoswellJr.,VicenteJr.Team
New York Spring International Open 2014,Master1/Female/Blue/Feather,1,CynthiaAFink,GracieHumaitaNewJersey
New York Spring International Open 2014,Master1/Female/Blue/Feather,2,SimoneLee,CarlsonGracieTeam
New York Spring International Open 2014,Master1/Female/Blue/Light,1,LauraHeiman,ParagonBJJ
New York Spring International Open 2014,Master1/Female/Blue/Light,2,GenistaJohns,Balance
New York Spring International Open 2014,Master1/Female/Blue/Light,3,ErinDelBaggio,RibeiroJiu,Jitsu
New York Spring International Open 2014,Master1/Female/Blue/Light,3,SandraHampson,AmericanTopTeamConnecticut
New York Spring International Open 2014,Master1/Female/Blue/Middle,1,BrittanySenter,YamasakiAcademy
New York Spring International Open 2014,Master1/Female/Blue/Medium-Heavy,1,patriciaedstrom,MauiJiu,Jitsu
New York Spring International Open 2014,Master1/Female/Blue/Medium-Heavy,2,CynthiaPandolfo,Balance
New York Spring International Open 2014,Master1/Female/Blue/Medium-Heavy,3,JoyHoneycutt,TACTeamBJJ
New York Spring International Open 2014,Master1/Female/Blue/Heavy,1,CristinaTuazon,AllianceMarceloGarcia
New York Spring International Open 2014,Master1/Female/Blue/Heavy,2,HeenaPatel,NovaUnião
New York Spring International Open 2014,Master1/Female/Blue/OpenClass,1,LauraHeiman,ParagonBJJ
New York Spring International Open 2014,Master1/Female/Blue/OpenClass,2,JoyHoneycutt,TACTeamBJJ
New York Spring International Open 2014,Master1/Female/Blue/OpenClass,3,BrittanySenter,YamasakiAcademy
New York Spring International Open 2014,Master1/Female/Blue/OpenClass,3,HeenaPatel,NovaUnião
New York Spring International Open 2014,Master1/Male/Purple/Light-Feather,1,SopMuHuh,GracieBarra
New York Spring International Open 2014,Master1/Male/Purple/Light-Feather,2,BernardReyesDelaCaza,RABJJAcademy
New York Spring International Open 2014,Master1/Male/Purple/Light-Feather,3,AnthonySantoDomingo,TeamChardBJJ
New York Spring International Open 2014,Master1/Male/Purple/Light-Feather,3,anthonyventicinque,SerraBJJAcademy
New York Spring International Open 2014,Master1/Male/Purple/Feather,1,MattSchellenschlager,VicenteJr.Team
New York Spring International Open 2014,Master1/Male/Purple/Feather,2,andersonfranco,BuffaloBJJAcademy
New York Spring International Open 2014,Master1/Male/Purple/Feather,3,alexcollazo,RenzoGracieAcademy
New York Spring International Open 2014,Master1/Male/Purple/Feather,3,RichardFitzgerald,FabricioJJInternational
New York Spring International Open 2014,Master1/Male/Purple/Light,1,AlejandroHeredia,Montano,LotusClubUSA
New York Spring International Open 2014,Master1/Male/Purple/Light,2,ThomasFlick,AllianceMarceloGarcia
New York Spring International Open 2014,Master1/Male/Purple/Light,3,CarlosRaba,YamasakiAcademy
New York Spring International Open 2014,Master1/Male/Purple/Light,3,DanielFundora,CarlsonGracieTeam
New York Spring International Open 2014,Master1/Male/Purple/Middle,1,WilliamGreen,QuintellaMartialArtsLLC
New York Spring International Open 2014,Master1/Male/Purple/Middle,2,GregorySirico,AllianceMarceloGarcia
New York Spring International Open 2014,Master1/Male/Purple/Middle,3,JeromeL.Martinez,GracieBarra
New York Spring International Open 2014,Master1/Male/Purple/Medium-Heavy,1,MikeGorman,BigBrothers
New York Spring International Open 2014,Master1/Male/Purple/Medium-Heavy,2,KristopherBlair,AtosJJUSA
New York Spring International Open 2014,Master1/Male/Purple/Medium-Heavy,3,DanielJMulligan,AllianceMarceloGarcia
New York Spring International Open 2014,Master1/Male/Purple/Heavy,1,chadmalone,CapitalJiu,Jitsu
New York Spring International Open 2014,Master1/Male/Purple/Heavy,2,AnthonyDelGuercio,SavareseBrazilianJiu,JitsuAcademy
New York Spring International Open 2014,Master1/Male/Purple/Heavy,3,BenitoOcasio,KillerBeesBJJCollege
New York Spring International Open 2014,Master1/Male/Purple/Super-Heavy,1,ScottE.Anderle,RenzoGracie
New York Spring International Open 2014,Master1/Male/Purple/Super-Heavy,2,BrianSchutzer,RenzoGracie
New York Spring International Open 2014,Master1/Male/Purple/Super-Heavy,3,DayvesTeixeira(Repetido175714),RenzoGracieAcademy
New York Spring International Open 2014,Master1/Male/Purple/Super-Heavy,3,NimaKhalilian,YamasakiAcademy
New York Spring International Open 2014,Master1/Male/Purple/Ultra-Heavy,1,LaurenceGensler,VicenteJr.Team
New York Spring International Open 2014,Master1/Male/Purple/Ultra-Heavy,2,SeanGilliard,Balance
New York Spring International Open 2014,Master1/Male/Purple/Ultra-Heavy,3,GarrickVelat,NovaUnião
New York Spring International Open 2014,Master1/Male/Purple/OpenClass,1,NimaKhalilian,YamasakiAcademy
New York Spring International Open 2014,Master1/Male/Purple/OpenClass,2,DayvesTeixeira(Repetido175714),RenzoGracieAcademy
New York Spring International Open 2014,Master1/Male/Purple/OpenClass,3,ThomasFlick,AllianceMarceloGarcia
New York Spring International Open 2014,Master1/Female/Purple/Feather,1,LoriBruzenas,MauiJiu,Jitsu
New York Spring International Open 2014,Master1/Female/Purple/Feather,2,ElizabethA.Opas,KiotoBJJ
New York Spring International Open 2014,Master1/Female/Purple/Feather,3,SueAnnNelson,RenzoGracie
New York Spring International Open 2014,Master1/Female/Purple/Light,1,JeanneFrench,RibeiroJiu,Jitsu
New York Spring International Open 2014,Master1/Female/Purple/OpenClass,1,JeanneFrench,RibeiroJiu,Jitsu
New York Spring International Open 2014,Master1/Male/Brown/Feather,1,TimothyEdwardShirley,AcademyofCombativeArts
New York Spring International Open 2014,Master1/Male/Brown/Light,1,JoaoPauloMeiraCruvinel,GFTeam
New York Spring International Open 2014,Master1/Male/Brown/Light,2,RaymondRosadoJr,GracieBarra
New York Spring International Open 2014,Master1/Male/Brown/Middle,1,KevinMacMullen,TACTeamBJJ
New York Spring International Open 2014,Master1/Male/Brown/Middle,2,EdmundThomasSheridan,3rdGenerationJiu,JitsuAcademy
New York Spring International Open 2014,Master1/Male/Brown/Middle,3,MichaelLazarte,Castillo,TeamFabioClemente
New York Spring International Open 2014,Master1/Male/Brown/Middle,3,StivyRobertodaCunha,RenzoGracie
New York Spring International Open 2014,Master1/Male/Brown/Medium-Heavy,1,PhilippeE.Balmant,AllianceMarceloGarcia
New York Spring International Open 2014,Master1/Male/Brown/Medium-Heavy,2,EdwardE.Eaton,RenzoGracie
New York Spring International Open 2014,Master1/Male/Brown/Heavy,1,ChristophDHughes,Balance
New York Spring International Open 2014,Master1/Male/Brown/Heavy,2,DaleTMorris,VamosBrazilianJiuJitsu
New York Spring International Open 2014,Master1/Male/Brown/Super-Heavy,1,GregoryLintonBrown,CombatSportsBoston
New York Spring International Open 2014,Master1/Male/Brown/OpenClass,1,TimothyEdwardShirley,AcademyofCombativeArts
New York Spring International Open 2014,Master1/Male/Brown/OpenClass,2,RaymondRosadoJr,GracieBarra
New York Spring International Open 2014,Master1/Male/Brown/OpenClass,3,GregoryLintonBrown,CombatSportsBoston
New York Spring International Open 2014,Master1/Male/Brown/OpenClass,3,JoaoPauloMeiraCruvinel,GFTeam
New York Spring International Open 2014,Master1/Male/Black/Light-Feather,1,LuízVicentedaSilvaJúnior,DeLaRivaJJ
New York Spring International Open 2014,Master1/Male/Black/Light-Feather,2,DanielCamposOliver,RibeiroJiu,Jitsu
New York Spring International Open 2014,Master1/Male/Black/Feather,1,JoséLuisdosSantosVarella,GFTeam
New York Spring International Open 2014,Master1/Male/Black/Feather,2,AldrinSoedarto,RenzoGracie
New York Spring International Open 2014,Master1/Male/Black/Light,1,FranciscoDanielPiresTavares,SASTeamUSA
New York Spring International Open 2014,Master1/Male/Black/Light,2,DanielJ.Covel,AllianceMarceloGarcia
New York Spring International Open 2014,Master1/Male/Black/Light,3,OmarJavierSerranoZamora,TatuBJJ
New York Spring International Open 2014,Master1/Male/Black/Middle,1,RobsondeLimaRodrigues,BMAC/GFTeamBoston
New York Spring International Open 2014,Master1/Male/Black/Middle,2,KyleLaneWatson,McVicker'sBJJ
New York Spring International Open 2014,Master1/Male/Black/Middle,3,FletcherStephenLintonJr.,RibeiroJiu,Jitsu
New York Spring International Open 2014,Master1/Male/Black/Middle,3,JonathanR.Kessler,NovaUnião
New York Spring International Open 2014,Master1/Male/Black/Medium-Heavy,1,RaphaelB.CarneiroFischetti,FenixBJJ
New York Spring International Open 2014,Master1/Male/Black/Medium-Heavy,2,RafaelMonteiroBarbosa,SoulFightersBJJ
New York Spring International Open 2014,Master1/Male/Black/Medium-Heavy,3,FernandoRamosNicolichdaSilva,RilionGracieFlorianópolis,SC
New York Spring International Open 2014,Master1/Male/Black/Heavy,1,LeandroSoaresMartins,MartinsJiu,JitsuTeam
New York Spring International Open 2014,Master1/Male/Black/OpenClass,1,RafaelMonteiroBarbosa,SoulFightersBJJ
New York Spring International Open 2014,Master1/Male/Black/OpenClass,2,FranciscoDanielPiresTavares,SASTeamUSA
New York Spring International Open 2014,Master1/Male/Black/OpenClass,3,KyleLaneWatson,McVicker'sBJJ
New York Spring International Open 2014,Master1/Male/Black/OpenClass,3,RaphaelB.CarneiroFischetti,FenixBJJ
New York Spring International Open 2014,Master2/Male/White/Light,1,MatthewJ.Patyk,TeamFabioClemente
New York Spring International Open 2014,Master2/Male/White/Light,2,RonaldW.Wexler,Workshop
New York Spring International Open 2014,Master2/Male/White/Light,3,TalYoffe,ClockworkJiu,Jitsu
New York Spring International Open 2014,Master2/Male/White/Middle,1,ShawnChristopherWilson,BigBrothers
New York Spring International Open 2014,Master2/Male/White/Middle,2,RobinUnsworth,GracieBarra
New York Spring International Open 2014,Master2/Male/White/Middle,3,PeterKenway,RenzoGracie
New York Spring International Open 2014,Master2/Male/White/Middle,3,TarikTyler,RenzoGracie
New York Spring International Open 2014,Master2/Male/White/Medium-Heavy,1,JasonRSherrod,BrazilianJiu,JitsuUnited
New York Spring International Open 2014,Master2/Male/White/Medium-Heavy,2,WalterEbert,NovaUnião
New York Spring International Open 2014,Master2/Male/White/Heavy,1,C.D.Dietrich,KiotoBJJ
New York Spring International Open 2014,Master2/Male/White/Heavy,2,FreddyAlmonte,RenzoGracie
New York Spring International Open 2014,Master2/Male/White/Heavy,3,MichaelBertonazzi,RibeiroJiu,Jitsu
New York Spring International Open 2014,Master2/Male/White/Heavy,3,MosheSilverstein,TeamFabioClemente
New York Spring International Open 2014,Master2/Male/White/Super-Heavy,1,MichaelS.Martinez,RenzoGracie
New York Spring International Open 2014,Master2/Male/White/Super-Heavy,2,JamesCHevner,AldoBatista'sClubBJJ,ABCBJJ\ICONJJTEAM
New York Spring International Open 2014,Master2/Male/White/Super-Heavy,3,CraigRineman,SASTeamUSA
New York Spring International Open 2014,Master2/Male/White/Ultra-Heavy,1,ERAYAYHAN,RenzoGracie
New York Spring International Open 2014,Master2/Male/Blue/Light-Feather,1,JeffShaw,TeamRoyceGracie
New York Spring International Open 2014,Master2/Male/Blue/Feather,1,ScottRayack,RenzoGracie
New York Spring International Open 2014,Master2/Male/Blue/Feather,2,RobGaul,NovaUnião
New York Spring International Open 2014,Master2/Male/Blue/Light,1,AristidesEstrada,GracieTampaSouth
New York Spring International Open 2014,Master2/Male/Blue/Light,2,NelsonMedina,KiotoBJJ
New York Spring International Open 2014,Master2/Male/Blue/Light,3,PasqualeSantilloJr,SASTeamUSA
New York Spring International Open 2014,Master2/Male/Blue/Light,3,ThomasEspinoza,NovaUnião
New York Spring International Open 2014,Master2/Male/Blue/Middle,1,DanielMiguelez,GilbertDurinhoAssociationUSA
New York Spring International Open 2014,Master2/Male/Blue/Middle,2,JustinLFogelsonger,TatuBJJ
New York Spring International Open 2014,Master2/Male/Blue/Middle,3,BenHeidenreich,BigBrothers
New York Spring International Open 2014,Master2/Male/Blue/Middle,3,JeromeJardiniano,SavareseBrazilianJiu,JitsuAcademy
New York Spring International Open 2014,Master2/Male/Blue/Medium-Heavy,1,AlfredSchielke,TACTeamBJJ
New York Spring International Open 2014,Master2/Male/Blue/Medium-Heavy,2,GabrielVelez,NovaUnião
New York Spring International Open 2014,Master2/Male/Blue/Medium-Heavy,3,MatthewEaton,RABJJAcademy
New York Spring International Open 2014,Master2/Male/Blue/Medium-Heavy,3,toryfernandes,RenzoGracie
New York Spring International Open 2014,Master2/Male/Blue/Heavy,1,IanJonas,Balance
New York Spring International Open 2014,Master2/Male/Blue/Heavy,2,LeonardoSouza,ABCBJJ/IconJJTeam
New York Spring International Open 2014,Master2/Male/Blue/Heavy,3,BradleyConfalone,LotusClubUSA
New York Spring International Open 2014,Master2/Male/Blue/Super-Heavy,1,ThomasRoughan,Workshop
New York Spring International Open 2014,Master2/Male/Blue/Super-Heavy,2,JustinLamson,AllianceMarceloGarcia
New York Spring International Open 2014,Master2/Male/Blue/Ultra-Heavy,1,MatthewReid,TACTeamBJJ
New York Spring International Open 2014,Master2/Male/Blue/Ultra-Heavy,2,DamonRalph,SoulFightersBJJConnecticut
New York Spring International Open 2014,Master2/Male/Blue/Ultra-Heavy,3,KevinPelepako,SoulFightersBJJConnecticut
New York Spring International Open 2014,Master2/Male/Blue/Ultra-Heavy,3,RenanCortez,TeamLloydIrvin
New York Spring International Open 2014,Master2/Male/Blue/OpenClass,1,JeffShaw,TeamRoyceGracie
New York Spring International Open 2014,Master2/Male/Blue/OpenClass,2,KevinPelepako,SoulFightersBJJConnecticut
New York Spring International Open 2014,Master2/Male/Blue/OpenClass,3,PasqualeSantilloJr,SASTeamUSA
New York Spring International Open 2014,Master2/Male/Blue/OpenClass,3,ThomasRoughan,Workshop
New York Spring International Open 2014,Master2/Male/Purple/Light,1,GabrielTrepanier,EquipeTanqueJiu,JitsuMontreal
New York Spring International Open 2014,Master2/Male/Purple/Light,2,RobertAnthonyStines,NovaUnião
New York Spring International Open 2014,Master2/Male/Purple/Light,3,PeterLuxen,AllianceMarceloGarcia
New York Spring International Open 2014,Master2/Male/Purple/Middle,1,JeffreyT.Holman,AllianceMarceloGarcia
New York Spring International Open 2014,Master2/Male/Purple/Middle,2,danielsantiago,TeamChardBJJ
New York Spring International Open 2014,Master2/Male/Purple/Middle,3,LateefTaylor,GracieBarra
New York Spring International Open 2014,Master2/Male/Purple/Middle,3,RafaelMoreno,VieiraBJJ
New York Spring International Open 2014,Master2/Male/Purple/Medium-Heavy,1,GeorgeW.BostwickIII,QuintellaMartialArtsLLC
New York Spring International Open 2014,Master2/Male/Purple/Medium-Heavy,2,CarlosEGonzales,GracieSportsUSA
New York Spring International Open 2014,Master2/Male/Purple/Medium-Heavy,3,KeithJ.HollandSr.,CabeçaBrazilianJiuJitsu
New York Spring International Open 2014,Master2/Male/Purple/Super-Heavy,1,JonathanL.Terry,KiotoBJJ
New York Spring International Open 2014,Master2/Male/Purple/Super-Heavy,2,RaulGGonzalezJr,RenzoGracie
New York Spring International Open 2014,Master2/Male/Purple/OpenClass,1,RobertAnthonyStines,NovaUnião
New York Spring International Open 2014,Master2/Male/Purple/OpenClass,2,RafaelMoreno,VieiraBJJ
New York Spring International Open 2014,Master2/Male/Purple/OpenClass,3,JeffreyT.Holman,AllianceMarceloGarcia
New York Spring International Open 2014,Master2/Male/Brown/Light-Feather,1,ScottR.Green,FenixBJJWoburn
New York Spring International Open 2014,Master2/Male/Brown/Feather,1,GustavoA.GuzmanParaliticci,CarlsonGracieTeam
New York Spring International Open 2014,Master2/Male/Brown/Feather,2,NealeEhrenHoerle,AllianceMarceloGarcia
New York Spring International Open 2014,Master2/Male/Brown/Light,1,AngelGomezRocha,TopBrotherMexico
New York Spring International Open 2014,Master2/Male/Brown/Light,2,WillisJeffersonDonelson,BigBrothers
New York Spring International Open 2014,Master2/Male/Brown/Light,3,ChristophCivello,AllianceMarceloGarcia
New York Spring International Open 2014,Master2/Male/Brown/Light,3,SidneyMNemes,RenzoGracie
New York Spring International Open 2014,Master2/Male/Brown/Middle,1,UiltonR.Dias,AllianceMarceloGarcia
New York Spring International Open 2014,Master2/Male/Brown/Heavy,1,MatheusBOlivera,KiotoBJJ
New York Spring International Open 2014,Master2/Male/Brown/Heavy,2,EricH.Silverman,TACTeamBJJ
New York Spring International Open 2014,Master2/Male/Brown/Heavy,3,PatrickC.Doran,RenzoGracie
New York Spring International Open 2014,Master2/Male/Brown/Ultra-Heavy,1,NelsR.Larson,TeamJucãoUSA
New York Spring International Open 2014,Master2/Male/Brown/OpenClass,1,MatheusBOlivera,KiotoBJJ
New York Spring International Open 2014,Master2/Male/Brown/OpenClass,2,EricH.Silverman,TACTeamBJJ
New York Spring International Open 2014,Master2/Male/Brown/OpenClass,3,NelsR.Larson,TeamJucãoUSA
New York Spring International Open 2014,Master2/Male/Black/Feather,1,AndréMottaMarques,NovaUnião
New York Spring International Open 2014,Master2/Male/Black/Feather,2,NoahDouglasBooth,BigBrothers
New York Spring International Open 2014,Master2/Male/Black/Middle,1,BobbyLKnottsJr.,TatuBJJ
New York Spring International Open 2014,Master2/Male/Black/Middle,2,MarcelodeMattosSouza,GracieBarra
New York Spring International Open 2014,Master2/Male/Black/Middle,3,JosédaSilvaMotaNeto,SASTeam
New York Spring International Open 2014,Master2/Male/Black/OpenClass,1,AndréMottaMarques,NovaUnião
New York Spring International Open 2014,Master2/Male/Black/OpenClass,2,JosédaSilvaMotaNeto,SASTeam
New York Spring International Open 2014,Master3/Male/Blue/Feather,1,DavidAlfredPetrone(repitido),GordoJiu,Jitsu,International
New York Spring International Open 2014,Master3/Male/Blue/Feather,2,JonathanJ.Key,SoulFightersBJJConnecticut
New York Spring International Open 2014,Master3/Male/Blue/Feather,3,JethroAbreu,GracieHumaita
New York Spring International Open 2014,Master3/Male/Blue/Middle,1,ShashiRamnarain,KillerBeesBJJCollege
New York Spring International Open 2014,Master3/Male/Blue/Middle,2,davidblanc,AllianceMarceloGarcia
New York Spring International Open 2014,Master3/Male/Blue/Middle,3,rodrigocrisosotmo,RelsonGracie
New York Spring International Open 2014,Master3/Male/Blue/Medium-Heavy,1,LeeWentz,TACTeamBJJ
New York Spring International Open 2014,Master3/Male/Blue/Medium-Heavy,2,DanielParks,VicenteJr.Team
New York Spring International Open 2014,Master3/Male/Blue/Heavy,1,JamesBigelow,TeamRoyceGracie
New York Spring International Open 2014,Master3/Male/Blue/Heavy,2,BrianDunlap,Balance
New York Spring International Open 2014,Master3/Male/Blue/Heavy,3,EdChan,Workshop
New York Spring International Open 2014,Master3/Male/Blue/Heavy,3,FrankSawicki,RenzoGracie
New York Spring International Open 2014,Master3/Male/Blue/Ultra-Heavy,1,HarryMetcalfe,RibeiroJiu,Jitsu
New York Spring International Open 2014,Master3/Male/Blue/OpenClass,1,JamesBigelow,TeamRoyceGracie
New York Spring International Open 2014,Master3/Male/Blue/OpenClass,2,LeeWentz,TACTeamBJJ
New York Spring International Open 2014,Master3/Male/Blue/OpenClass,3,davidblanc,AllianceMarceloGarcia
New York Spring International Open 2014,Master3/Male/Blue/OpenClass,3,HarryMetcalfe,RibeiroJiu,Jitsu
New York Spring International Open 2014,Master3/Male/Purple/Feather,1,JonPineiro,CarlsonGracieTeam
New York Spring International Open 2014,Master3/Male/Purple/Feather,2,MichaelDonovan,TeamFabioClemente
New York Spring International Open 2014,Master3/Male/Purple/Feather,3,RichardLaBoy,BillScottBJJShoreAcademy
New York Spring International Open 2014,Master3/Male/Purple/Feather,3,StevenSpielvogel,RenzoGracie
New York Spring International Open 2014,Master3/Male/Purple/Light,1,RobertAllenConsulmagno,AllianceMarceloGarcia
New York Spring International Open 2014,Master3/Male/Purple/Light,2,OliverBidol,Workshop
New York Spring International Open 2014,Master3/Male/Purple/Light,3,HyongPak,LotusClubUSA
New York Spring International Open 2014,Master3/Male/Purple/Light,3,VincentRuales,CarlsonGracieTeam
New York Spring International Open 2014,Master3/Male/Purple/Middle,1,MichaelFalco(repitido116756),KiotoBJJ
New York Spring International Open 2014,Master3/Male/Purple/Middle,2,ScottBoyce,GracieSportsUSA
New York Spring International Open 2014,Master3/Male/Purple/Medium-Heavy,1,CharlesNeely,Balance
New York Spring International Open 2014,Master3/Male/Purple/Medium-Heavy,2,EdwinAcevedo,Balance
New York Spring International Open 2014,Master3/Male/Purple/Medium-Heavy,3,AnthonyButler,AllianceMarceloGarcia
New York Spring International Open 2014,Master3/Male/Purple/Medium-Heavy,3,JohnAlfalla,KiotoBJJ
New York Spring International Open 2014,Master3/Male/Purple/Heavy,1,MalekRafiqHariri,SamyAlJamal,FITJiu,Jitsu
New York Spring International Open 2014,Master3/Male/Purple/Heavy,2,BarryFox,Balance
New York Spring International Open 2014,Master3/Male/Purple/Super-Heavy,1,TerryD.Fisher,AllianceMarceloGarcia
New York Spring International Open 2014,Master3/Male/Purple/Super-Heavy,2,BrianS.Parness,SerraBJJAcademy
New York Spring International Open 2014,Master3/Male/Brown/Middle,1,LeonardPatrickLefebvre,RenzoGracie
New York Spring International Open 2014,Master3/Male/Brown/Super-Heavy,1,JesseBBruchac,Alliance
New York Spring International Open 2014,Master3/Male/Brown/Ultra-Heavy,1,KhamKoneFranciscodeJassoNgondara,SASTeamUSA
New York Spring International Open 2014,Master3/Male/Brown/OpenClass,1,JesseBBruchac,Alliance
New York Spring International Open 2014,Master3/Male/Black/Light-Feather,1,JairoRogerioFloresTaborda,TatuBJJ
New York Spring International Open 2014,Master3/Male/Black/Light,1,JohnJ.DisimoneIII,RibeiroJiu,Jitsu
New York Spring International Open 2014,Master3/Male/Black/Middle,1,RobertD.Gutierrez,EastCoastUnitedBJJ
New York Spring International Open 2014,Master3/Male/Black/Medium-Heavy,1,CarlosAlbertoTerrinha,GracieBarra
New York Spring International Open 2014,Master3/Male/Black/Heavy,1,WalterW.Kimmel,TeamJucãoUSA
New York Spring International Open 2014,Master3/Male/Black/Heavy,2,StephenWilliamSnyder,NovaUnião
New York Spring International Open 2014,Master3/Male/Black/Super-Heavy,1,PeterToddBorgia,TeamJucãoUSA
New York Spring International Open 2014,Master3/Male/Black/Ultra-Heavy,1,AlexandreMachado,GracieBarra
New York Spring International Open 2014,Master3/Male/Black/OpenClass,1,CarlosAlbertoTerrinha,GracieBarra
New York Spring International Open 2014,Master3/Male/Black/OpenClass,2,AlexandreMachado,GracieBarra
New York Spring International Open 2014,Master3/Male/Black/OpenClass,3,JairoRogerioFloresTaborda,TatuBJJ
New York Spring International Open 2014,Master3/Male/Black/OpenClass,3,PeterToddBorgia,TeamJucãoUSA
New York Spring International Open 2014,Master4/Male/Blue/Light,1,ThomasBorscheid,TheA,Team
New York Spring International Open 2014,Master4/Male/Blue/Light,2,JosephPodolsky,AllianceMarceloGarcia
New York Spring International Open 2014,Master4/Male/Blue/Middle,1,DwightSollenberger,TatuBJJ
New York Spring International Open 2014,Master4/Male/Blue/Middle,2,RobCarpenter,BigBrothers
New York Spring International Open 2014,Master4/Male/Blue/Medium-Heavy,1,DavidJ.Smith,SoulFightersNewJerseyAcademy
New York Spring International Open 2014,Master4/Male/Blue/Super-Heavy,1,peteroberc,SoulFightersBJJConnecticut
New York Spring International Open 2014,Master4/Male/Blue/OpenClass,1,peteroberc,SoulFightersBJJConnecticut
New York Spring International Open 2014,Master4/Male/Blue/OpenClass,2,DavidJ.Smith,SoulFightersNewJerseyAcademy
New York Spring International Open 2014,Master4/Male/Blue/OpenClass,3,DwightSollenberger,TatuBJJ
New York Spring International Open 2014,Master4/Male/Purple/Heavy,1,EdgarAndiWestermark,TACTeamBJJ
New York Spring International Open 2014,Master4/Male/Purple/Heavy,2,erikdesmond,KiotoBJJ
New York Spring International Open 2014,Master4/Male/Purple/Heavy,3,BiswadeepGanguly,CabeçaBrazilianJiuJitsu
New York Spring International Open 2014,Master4/Male/Purple/Heavy,3,MichaelCarrafiello,SavareseBrazilianJiu,JitsuAcademy
New York Spring International Open 2014,Master4/Male/Purple/OpenClass,1,EdgarAndiWestermark,TACTeamBJJ
New York Spring International Open 2014,Master4/Male/Brown/Ultra-Heavy,1,JamesEBruchac,Alliance
New York Spring International Open 2014,Master4/Male/Brown/Ultra-Heavy,2,TimothyARock,TeamOliveira
New York Spring International Open 2014,Master4/Male/Brown/OpenClass,1,JamesEBruchac,Alliance
New York Spring International Open 2014,Master4/Male/Black/Light,1,AdimilsondaRosaBrites,RibeiroJiu,Jitsu
New York Spring International Open 2014,Master4/Male/Black/OpenClass,1,AdimilsondaRosaBrites,RibeiroJiu,Jitsu
New York Spring International Open 2014,Master5/Male/Blue/Feather,1,PabloLuisArroyo,NovaUnião
New York Spring International Open 2014,Master5/Male/Blue/Feather,2,RichardMoses,RibeiroJiu,Jitsu
New York Spring International Open 2014,Master5/Male/Purple/Heavy,1,GayElginCobham,DeLaRivaJiu,JitsuUSA
New York Spring International Open 2014,Master5/Male/Purple/Heavy,2,MarkDavidKelland,CombatBase
New York Spring International Open 2014,Master5/Male/Purple/OpenClass,1,GayElginCobham,DeLaRivaJiu,JitsuUSA
New York Spring International Open 2014,Master5/Male/Purple/OpenClass,2,MarkDavidKelland,CombatBase
