Curitiba Fall International Open IBJJF Jiu-Jitsu No-Gi Championship 2017,Adult/Male/Blue/Rooster,1,FelipeBurille,AtaqueDuplo
Curitiba Fall International Open IBJJF Jiu-Jitsu No-Gi Championship 2017,Adult/Male/Blue/Rooster,2,FabioHenriqueVieiraFernandes,CheckMat
Curitiba Fall International Open IBJJF Jiu-Jitsu No-Gi Championship 2017,Adult/Male/Blue/Rooster,3,EduardoVieiraCoelho,ASMBJJ
Curitiba Fall International Open IBJJF Jiu-Jitsu No-Gi Championship 2017,Adult/Male/Blue/Rooster,3,WellisonJeffersondaSilva,NsBrotherhood
Curitiba Fall International Open IBJJF Jiu-Jitsu No-Gi Championship 2017,Adult/Male/Blue/Light-Feather,1,LeonardoMárioPereiraJúnior,CiceroCosthaInternacional
Curitiba Fall International Open IBJJF Jiu-Jitsu No-Gi Championship 2017,Adult/Male/Blue/Light-Feather,2,RafaelNascimentoCampos,GracieBarra
Curitiba Fall International Open IBJJF Jiu-Jitsu No-Gi Championship 2017,Adult/Male/Blue/Light-Feather,3,EduardodeAraujoRoque,GordoJiu,Jitsu
Curitiba Fall International Open IBJJF Jiu-Jitsu No-Gi Championship 2017,Adult/Male/Blue/Light-Feather,3,FelipeNegochadle,GracieBarra
Curitiba Fall International Open IBJJF Jiu-Jitsu No-Gi Championship 2017,Adult/Male/Blue/Feather,1,CarlosEduardoJourdanNogueira,GFTeam
Curitiba Fall International Open IBJJF Jiu-Jitsu No-Gi Championship 2017,Adult/Male/Blue/Feather,2,MarvinFreeman,BARBOSAJIU,JITSU
Curitiba Fall International Open IBJJF Jiu-Jitsu No-Gi Championship 2017,Adult/Male/Blue/Feather,3,ElcioCristianRibeiro,GileRibeiroJJ
Curitiba Fall International Open IBJJF Jiu-Jitsu No-Gi Championship 2017,Adult/Male/Blue/Light,1,PedrodaSilvaDoreto,GFTeam
Curitiba Fall International Open IBJJF Jiu-Jitsu No-Gi Championship 2017,Adult/Male/Blue/Light,2,IanMacieldosAnjos,GFTeamSergipe
Curitiba Fall International Open IBJJF Jiu-Jitsu No-Gi Championship 2017,Adult/Male/Blue/Light,3,LucasMoreiraLorêdo,GFTeam
Curitiba Fall International Open IBJJF Jiu-Jitsu No-Gi Championship 2017,Adult/Male/Blue/Light,3,VitorFernandesBuentesdosSantos,CheckMat
Curitiba Fall International Open IBJJF Jiu-Jitsu No-Gi Championship 2017,Adult/Male/Blue/Middle,1,DouglasRafaelDeAlmeidaCruz,MonteJiu,JitsuTeamBlumenau
Curitiba Fall International Open IBJJF Jiu-Jitsu No-Gi Championship 2017,Adult/Male/Blue/Middle,2,RuiAlvesNeto,GracieBarraJJ
Curitiba Fall International Open IBJJF Jiu-Jitsu No-Gi Championship 2017,Adult/Male/Blue/Middle,3,GustavoMurataPaza,GracieBarra
Curitiba Fall International Open IBJJF Jiu-Jitsu No-Gi Championship 2017,Adult/Male/Blue/Middle,3,JaksonRodriguesBernardo,HalavancaBJJBrasil
Curitiba Fall International Open IBJJF Jiu-Jitsu No-Gi Championship 2017,Adult/Male/Blue/Medium-Heavy,1,DeivissonSoaresFernandes,VBFTeam
Curitiba Fall International Open IBJJF Jiu-Jitsu No-Gi Championship 2017,Adult/Male/Blue/Medium-Heavy,2,ItaloWesleySilvaOliveira,CiceroCosthaInternacional
Curitiba Fall International Open IBJJF Jiu-Jitsu No-Gi Championship 2017,Adult/Male/Blue/Medium-Heavy,3,JeanSilva,CheckMat
Curitiba Fall International Open IBJJF Jiu-Jitsu No-Gi Championship 2017,Adult/Male/Blue/Medium-Heavy,3,RodrigoAugustoKuglerToledo,DeLaRivaJJ
Curitiba Fall International Open IBJJF Jiu-Jitsu No-Gi Championship 2017,Adult/Male/Blue/Heavy,1,AndersonMunisdosSantos,NovaUnião
Curitiba Fall International Open IBJJF Jiu-Jitsu No-Gi Championship 2017,Adult/Male/Blue/Heavy,2,ErichMunis,NovaUnião
Curitiba Fall International Open IBJJF Jiu-Jitsu No-Gi Championship 2017,Adult/Male/Blue/Heavy,3,GiovaniMartinezPires,BonSaiJJ
Curitiba Fall International Open IBJJF Jiu-Jitsu No-Gi Championship 2017,Adult/Male/Blue/Heavy,3,JoséEleutérioNeto,CWBPrimeBJJ
Curitiba Fall International Open IBJJF Jiu-Jitsu No-Gi Championship 2017,Adult/Male/Blue/Super-Heavy,1,LuanCesardeSouzaeSilva,CheckMat
Curitiba Fall International Open IBJJF Jiu-Jitsu No-Gi Championship 2017,Adult/Male/Blue/Super-Heavy,2,LucasPereiradoPrado,PernalongaTeam
Curitiba Fall International Open IBJJF Jiu-Jitsu No-Gi Championship 2017,Adult/Male/Blue/Super-Heavy,3,FelipheGabrielAlmeida,CWBPrimeBJJ
Curitiba Fall International Open IBJJF Jiu-Jitsu No-Gi Championship 2017,Adult/Male/Blue/Ultra-Heavy,1,GustavoLopesBorges,CiceroCosthaInternacional
Curitiba Fall International Open IBJJF Jiu-Jitsu No-Gi Championship 2017,Adult/Male/Blue/Ultra-Heavy,2,EduardoCostaCorrea,GFTeam
Curitiba Fall International Open IBJJF Jiu-Jitsu No-Gi Championship 2017,Adult/Male/Blue/Ultra-Heavy,3,RafaelHenriqueDeS.Rodrigues,GileRibeiroJJ
Curitiba Fall International Open IBJJF Jiu-Jitsu No-Gi Championship 2017,Adult/Male/Blue/Enum_WeightDivision_Absoluto_Label,1,AndersonMunisdosSantos,NovaUnião
Curitiba Fall International Open IBJJF Jiu-Jitsu No-Gi Championship 2017,Adult/Male/Blue/Enum_WeightDivision_Absoluto_Label,2,ErichMunis,NovaUnião
Curitiba Fall International Open IBJJF Jiu-Jitsu No-Gi Championship 2017,Adult/Male/Blue/Enum_WeightDivision_Absoluto_Label,3,JoséEleutérioNeto,CWBPrimeBJJ
Curitiba Fall International Open IBJJF Jiu-Jitsu No-Gi Championship 2017,Adult/Male/Blue/Enum_WeightDivision_Absoluto_Label,3,RuiAlvesNeto,GracieBarraJJ
Curitiba Fall International Open IBJJF Jiu-Jitsu No-Gi Championship 2017,Adult/Male/Purple/Rooster,1,DiegoHenriqueBarrosOliveira,GracieBarra
Curitiba Fall International Open IBJJF Jiu-Jitsu No-Gi Championship 2017,Adult/Male/Purple/Light-Feather,1,GabrielFernandesSouza,BARBOSAJIU,JITSU
Curitiba Fall International Open IBJJF Jiu-Jitsu No-Gi Championship 2017,Adult/Male/Purple/Light-Feather,2,DanielJustinoAlves,GFTeamSergipe
Curitiba Fall International Open IBJJF Jiu-Jitsu No-Gi Championship 2017,Adult/Male/Purple/Light-Feather,3,LucasAlbertoSoaresBarbosa,CheckMat
Curitiba Fall International Open IBJJF Jiu-Jitsu No-Gi Championship 2017,Adult/Male/Purple/Feather,1,ArielMagalhães,CheckMat
Curitiba Fall International Open IBJJF Jiu-Jitsu No-Gi Championship 2017,Adult/Male/Purple/Feather,2,EduardoMicaelBastezini,GracieBarra
Curitiba Fall International Open IBJJF Jiu-Jitsu No-Gi Championship 2017,Adult/Male/Purple/Feather,3,ErmilioLucasFerreiraLima,Alliance
Curitiba Fall International Open IBJJF Jiu-Jitsu No-Gi Championship 2017,Adult/Male/Purple/Feather,3,HélioCostaPôncio,GracieBarra
Curitiba Fall International Open IBJJF Jiu-Jitsu No-Gi Championship 2017,Adult/Male/Purple/Light,1,NatanChuengFreitas,CaioTerraAssociationBrasil
Curitiba Fall International Open IBJJF Jiu-Jitsu No-Gi Championship 2017,Adult/Male/Purple/Light,2,GuilhermeLuizNogueiraRiccetto,CheckMat
Curitiba Fall International Open IBJJF Jiu-Jitsu No-Gi Championship 2017,Adult/Male/Purple/Light,3,LeonardodaTrindadeRodrigues,A.STeam
Curitiba Fall International Open IBJJF Jiu-Jitsu No-Gi Championship 2017,Adult/Male/Purple/Light,3,MatheusRamosSilvaGalvão,Alliance
Curitiba Fall International Open IBJJF Jiu-Jitsu No-Gi Championship 2017,Adult/Male/Purple/Middle,1,AlbertoLuizCunhaCanezin,LEADBJJ
Curitiba Fall International Open IBJJF Jiu-Jitsu No-Gi Championship 2017,Adult/Male/Purple/Middle,2,FábioOzariasSouza,BARBOSAJIU,JITSU
Curitiba Fall International Open IBJJF Jiu-Jitsu No-Gi Championship 2017,Adult/Male/Purple/Middle,3,MatheusdeOliveiraBatista,GFTeamCachoeiro
Curitiba Fall International Open IBJJF Jiu-Jitsu No-Gi Championship 2017,Adult/Male/Purple/Middle,3,MatheusSoeiro,CheckMat
Curitiba Fall International Open IBJJF Jiu-Jitsu No-Gi Championship 2017,Adult/Male/Purple/Medium-Heavy,1,MarcosViniciusdeOliveiraMartins,BARBOSAJIU,JITSU
Curitiba Fall International Open IBJJF Jiu-Jitsu No-Gi Championship 2017,Adult/Male/Purple/Medium-Heavy,2,RodrigoRocha,WeltonRibeiro
Curitiba Fall International Open IBJJF Jiu-Jitsu No-Gi Championship 2017,Adult/Male/Purple/Medium-Heavy,3,AndreiLucasdaSilva,GracieBarra
Curitiba Fall International Open IBJJF Jiu-Jitsu No-Gi Championship 2017,Adult/Male/Purple/Medium-Heavy,3,PedroFillipeSerraMarinho,BTT
Curitiba Fall International Open IBJJF Jiu-Jitsu No-Gi Championship 2017,Adult/Male/Purple/Heavy,1,HarrysonSantanaPereira,AtaqueDuplo
Curitiba Fall International Open IBJJF Jiu-Jitsu No-Gi Championship 2017,Adult/Male/Purple/Heavy,2,FilipeLuizdosReisCarmona,GracieBarra
Curitiba Fall International Open IBJJF Jiu-Jitsu No-Gi Championship 2017,Adult/Male/Purple/Heavy,3,HectorIgnacioLamoglia,GFTeamDistritoFederal
Curitiba Fall International Open IBJJF Jiu-Jitsu No-Gi Championship 2017,Adult/Male/Purple/Heavy,3,RonanVeltriniTangerino,Bullsfighter
Curitiba Fall International Open IBJJF Jiu-Jitsu No-Gi Championship 2017,Adult/Male/Purple/Super-Heavy,1,ArmandoCrissi,CheckMat
Curitiba Fall International Open IBJJF Jiu-Jitsu No-Gi Championship 2017,Adult/Male/Purple/Super-Heavy,2,ChristopherMarlonRibeiroGeraldo,RibeiroJiu,Jitsu
Curitiba Fall International Open IBJJF Jiu-Jitsu No-Gi Championship 2017,Adult/Male/Purple/Ultra-Heavy,1,GuilhermeBachaGuedes,GFTeamJJ
Curitiba Fall International Open IBJJF Jiu-Jitsu No-Gi Championship 2017,Adult/Male/Purple/Ultra-Heavy,2,EksonKauêHenriqueBernardi,GracieBarra
Curitiba Fall International Open IBJJF Jiu-Jitsu No-Gi Championship 2017,Adult/Male/Purple/Ultra-Heavy,3,DenilsonGraffFerreira,GFTeamFloripa
Curitiba Fall International Open IBJJF Jiu-Jitsu No-Gi Championship 2017,Adult/Male/Purple/Ultra-Heavy,3,GabrielGarciadeOliveira,AtosJiu,Jitsu
Curitiba Fall International Open IBJJF Jiu-Jitsu No-Gi Championship 2017,Adult/Male/Purple/Enum_WeightDivision_Absoluto_Label,1,AlbertoLuizCunhaCanezin,LEADBJJ
Curitiba Fall International Open IBJJF Jiu-Jitsu No-Gi Championship 2017,Adult/Male/Purple/Enum_WeightDivision_Absoluto_Label,2,PedroFillipeSerraMarinho,BTT
Curitiba Fall International Open IBJJF Jiu-Jitsu No-Gi Championship 2017,Adult/Male/Purple/Enum_WeightDivision_Absoluto_Label,3,MatheusdeOliveiraBatista,GFTeamCachoeiro
Curitiba Fall International Open IBJJF Jiu-Jitsu No-Gi Championship 2017,Adult/Male/Purple/Enum_WeightDivision_Absoluto_Label,3,MatheusSoeiro,CheckMat
Curitiba Fall International Open IBJJF Jiu-Jitsu No-Gi Championship 2017,Adult/Male/Brown/Rooster,1,ThierryAlminKeanuSantana,Alliance
Curitiba Fall International Open IBJJF Jiu-Jitsu No-Gi Championship 2017,Adult/Male/Brown/Light-Feather,1,LucasEmanuelTheodorodeOliveira,Alliance
Curitiba Fall International Open IBJJF Jiu-Jitsu No-Gi Championship 2017,Adult/Male/Brown/Light-Feather,2,PauloRicardoMedeirosdeAraújo,ZenithBJJ
Curitiba Fall International Open IBJJF Jiu-Jitsu No-Gi Championship 2017,Adult/Male/Brown/Light-Feather,3,WillePintoVilar,GracieHumaitaRJ
Curitiba Fall International Open IBJJF Jiu-Jitsu No-Gi Championship 2017,Adult/Male/Brown/Feather,1,LuanGomesDaSilva,SaikooJiu,Jitsu
Curitiba Fall International Open IBJJF Jiu-Jitsu No-Gi Championship 2017,Adult/Male/Brown/Feather,2,BrunnoBragançaPereira,GuethoJiuJitsu
Curitiba Fall International Open IBJJF Jiu-Jitsu No-Gi Championship 2017,Adult/Male/Brown/Feather,3,BrenoFaustinoCorrêadeLima,GFTeam
Curitiba Fall International Open IBJJF Jiu-Jitsu No-Gi Championship 2017,Adult/Male/Brown/Light,1,WilsonMessiasdeOliveiraJr,GracieBarra
Curitiba Fall International Open IBJJF Jiu-Jitsu No-Gi Championship 2017,Adult/Male/Brown/Middle,1,FelipeGeanMartins,GracieBarra
Curitiba Fall International Open IBJJF Jiu-Jitsu No-Gi Championship 2017,Adult/Male/Brown/Middle,2,LucasMirandaOliveira,BlackGroundTeam
Curitiba Fall International Open IBJJF Jiu-Jitsu No-Gi Championship 2017,Adult/Male/Brown/Middle,3,DomenicoNovello,SoulFightersBJJTijuca
Curitiba Fall International Open IBJJF Jiu-Jitsu No-Gi Championship 2017,Adult/Male/Brown/Middle,3,LucasAlexandredeQueiroz,AkxeBJJ
Curitiba Fall International Open IBJJF Jiu-Jitsu No-Gi Championship 2017,Adult/Male/Brown/Medium-Heavy,1,AlessandroHassemClaudino,GileRibeiroJJ
Curitiba Fall International Open IBJJF Jiu-Jitsu No-Gi Championship 2017,Adult/Male/Brown/Medium-Heavy,2,JacksonFariaRamos,NovaUnião
Curitiba Fall International Open IBJJF Jiu-Jitsu No-Gi Championship 2017,Adult/Male/Brown/Medium-Heavy,3,EduardodaCamaraQueiroz,A.STeam
Curitiba Fall International Open IBJJF Jiu-Jitsu No-Gi Championship 2017,Adult/Male/Brown/Medium-Heavy,3,PedroHenriqueBarbozadaSilva,GracieBarra
Curitiba Fall International Open IBJJF Jiu-Jitsu No-Gi Championship 2017,Adult/Male/Brown/Heavy,1,RafaelRibeiroOliveira,GordinhoBrazilianJiu,Jitsu
Curitiba Fall International Open IBJJF Jiu-Jitsu No-Gi Championship 2017,Adult/Male/Brown/Heavy,2,GastonCandidodeOliveira,CohabChile
Curitiba Fall International Open IBJJF Jiu-Jitsu No-Gi Championship 2017,Adult/Male/Brown/Heavy,3,CiceroCarvalhoJunior,GracieBarra
Curitiba Fall International Open IBJJF Jiu-Jitsu No-Gi Championship 2017,Adult/Male/Brown/Super-Heavy,1,LeonardodeOliveiraGonçalves,CiceroCosthaInternacional
Curitiba Fall International Open IBJJF Jiu-Jitsu No-Gi Championship 2017,Adult/Male/Brown/Ultra-Heavy,1,ÉvertonMaikonRamosBatista,PernalongaTeam
Curitiba Fall International Open IBJJF Jiu-Jitsu No-Gi Championship 2017,Adult/Male/Brown/Enum_WeightDivision_Absoluto_Label,1,LeonardodeOliveiraGonçalves,CiceroCosthaInternacional
Curitiba Fall International Open IBJJF Jiu-Jitsu No-Gi Championship 2017,Adult/Male/Brown/Enum_WeightDivision_Absoluto_Label,2,LucasAlexandredeQueiroz,AkxeBJJ
Curitiba Fall International Open IBJJF Jiu-Jitsu No-Gi Championship 2017,Adult/Male/Brown/Enum_WeightDivision_Absoluto_Label,3,DomenicoNovello,SoulFightersBJJTijuca
Curitiba Fall International Open IBJJF Jiu-Jitsu No-Gi Championship 2017,Adult/Male/Brown/Enum_WeightDivision_Absoluto_Label,3,ÉvertonMaikonRamosBatista,PernalongaTeam
Curitiba Fall International Open IBJJF Jiu-Jitsu No-Gi Championship 2017,Adult/Male/Black/Light-Feather,1,GuilhermeAngelusMontenegro,Alliance
Curitiba Fall International Open IBJJF Jiu-Jitsu No-Gi Championship 2017,Adult/Male/Black/Light-Feather,2,CleitoSoaresdeResendeJunior,AllianceJJ
Curitiba Fall International Open IBJJF Jiu-Jitsu No-Gi Championship 2017,Adult/Male/Black/Light-Feather,3,AndersonAugustoSarris,LEADBJJ
Curitiba Fall International Open IBJJF Jiu-Jitsu No-Gi Championship 2017,Adult/Male/Black/Light-Feather,3,FranciedsonFernandesdaCosta,Alliance
Curitiba Fall International Open IBJJF Jiu-Jitsu No-Gi Championship 2017,Adult/Male/Black/Feather,1,JacksonFaveroMonguilhott,A.STeam
Curitiba Fall International Open IBJJF Jiu-Jitsu No-Gi Championship 2017,Adult/Male/Black/Feather,2,FrancielioFernandesdaCosta,Alliance
Curitiba Fall International Open IBJJF Jiu-Jitsu No-Gi Championship 2017,Adult/Male/Black/Light,1,LucianodeMacedoBernert,A.STeam
Curitiba Fall International Open IBJJF Jiu-Jitsu No-Gi Championship 2017,Adult/Male/Black/Light,2,AtaídeRafaeldeOliveiraMarcelino,GFTeam
Curitiba Fall International Open IBJJF Jiu-Jitsu No-Gi Championship 2017,Adult/Male/Black/Light,3,FrancisnatoClaro,GracieBarra
Curitiba Fall International Open IBJJF Jiu-Jitsu No-Gi Championship 2017,Adult/Male/Black/Light,3,JorgeFurtadoCorreaJunior,FrankikoTeam
Curitiba Fall International Open IBJJF Jiu-Jitsu No-Gi Championship 2017,Adult/Male/Black/Middle,1,ClaudiodeMattosCardoso,GracieBarra
Curitiba Fall International Open IBJJF Jiu-Jitsu No-Gi Championship 2017,Adult/Male/Black/Middle,2,MatheusLinharesKnorr,DrillBJJ
Curitiba Fall International Open IBJJF Jiu-Jitsu No-Gi Championship 2017,Adult/Male/Black/Middle,3,AndréLuizCantanhededeAlmeida,LucianoMendes
Curitiba Fall International Open IBJJF Jiu-Jitsu No-Gi Championship 2017,Adult/Male/Black/Middle,3,GabrielAlvesdeLima,EquipeGTT/IST
Curitiba Fall International Open IBJJF Jiu-Jitsu No-Gi Championship 2017,Adult/Male/Black/Medium-Heavy,1,HenriqueRussiFelixdeLima,CheckMat
Curitiba Fall International Open IBJJF Jiu-Jitsu No-Gi Championship 2017,Adult/Male/Black/Medium-Heavy,2,EdsonAntoniodeOliveiraFilho,Alliance
Curitiba Fall International Open IBJJF Jiu-Jitsu No-Gi Championship 2017,Adult/Male/Black/Medium-Heavy,3,CaioBrunoPiresGomesDeSousa,HalavancaBJJBrasil
Curitiba Fall International Open IBJJF Jiu-Jitsu No-Gi Championship 2017,Adult/Male/Black/Heavy,1,MarcosAurélioGoulartAlvesJunior,GFTeam
Curitiba Fall International Open IBJJF Jiu-Jitsu No-Gi Championship 2017,Adult/Male/Black/Heavy,2,MarcosPauloRodriguesOliveira,CiceroCosthaInternacional
Curitiba Fall International Open IBJJF Jiu-Jitsu No-Gi Championship 2017,Adult/Male/Black/Heavy,3,DiogoSilveiradoNascimento,Alliance
Curitiba Fall International Open IBJJF Jiu-Jitsu No-Gi Championship 2017,Adult/Male/Black/Heavy,3,SergioLourençoP.Junior,EquipeFaddaBrazilianJiu,Jitsu
Curitiba Fall International Open IBJJF Jiu-Jitsu No-Gi Championship 2017,Adult/Male/Black/Super-Heavy,1,RomesPereiraRamosJunior,RioGrapplingClub
Curitiba Fall International Open IBJJF Jiu-Jitsu No-Gi Championship 2017,Adult/Male/Black/Super-Heavy,2,TiagodePaulaFreitasdeCarvalho,GracieBarra
Curitiba Fall International Open IBJJF Jiu-Jitsu No-Gi Championship 2017,Adult/Male/Black/Ultra-Heavy,1,AntoniodePaduaAssefN.Nascimento,GFTeam
Curitiba Fall International Open IBJJF Jiu-Jitsu No-Gi Championship 2017,Adult/Male/Black/Ultra-Heavy,2,AndreRudolfo,ZenithBJJ
Curitiba Fall International Open IBJJF Jiu-Jitsu No-Gi Championship 2017,Adult/Male/Black/Enum_WeightDivision_Absoluto_Label,1,ClaudiodeMattosCardoso,GracieBarra
Curitiba Fall International Open IBJJF Jiu-Jitsu No-Gi Championship 2017,Adult/Male/Black/Enum_WeightDivision_Absoluto_Label,2,AntoniodePaduaAssefN.Nascimento,GFTeam
Curitiba Fall International Open IBJJF Jiu-Jitsu No-Gi Championship 2017,Adult/Male/Black/Enum_WeightDivision_Absoluto_Label,3,HenriqueRussiFelixdeLima,CheckMat
Curitiba Fall International Open IBJJF Jiu-Jitsu No-Gi Championship 2017,Adult/Male/Black/Enum_WeightDivision_Absoluto_Label,3,MarcosAurélioGoulartAlvesJunior,GFTeam
Curitiba Fall International Open IBJJF Jiu-Jitsu No-Gi Championship 2017,Adult/Female/Blue/Feather,1,PalomaMeiradeLima,ZenithBJJ
Curitiba Fall International Open IBJJF Jiu-Jitsu No-Gi Championship 2017,Adult/Female/Blue/Feather,2,NayraAngelinaFerreiraGuido,NovaUnião
Curitiba Fall International Open IBJJF Jiu-Jitsu No-Gi Championship 2017,Adult/Female/Blue/Feather,3,BárbaraCostaAraújo,TeamLinkBrazilianJiu,Jitsu
Curitiba Fall International Open IBJJF Jiu-Jitsu No-Gi Championship 2017,Adult/Female/Blue/Feather,3,TamiresAlessandraD.M.M.deBarros,FightSportsBrasil
Curitiba Fall International Open IBJJF Jiu-Jitsu No-Gi Championship 2017,Adult/Female/Blue/Light,1,ThamiresMonteiro,NsBrotherhood
Curitiba Fall International Open IBJJF Jiu-Jitsu No-Gi Championship 2017,Adult/Female/Blue/Light,2,RafaelaCristinaBrunettiMachado,CheckMat
Curitiba Fall International Open IBJJF Jiu-Jitsu No-Gi Championship 2017,Adult/Female/Blue/Light,3,JulieciTamantaSilvérioPinto,NovaUnião
Curitiba Fall International Open IBJJF Jiu-Jitsu No-Gi Championship 2017,Adult/Female/Blue/Middle,1,EstelinaMarianaFernandesChamoschine,NovaUnião
Curitiba Fall International Open IBJJF Jiu-Jitsu No-Gi Championship 2017,Adult/Female/Blue/Middle,2,LisianeMachadoMartins,GracieBarra
Curitiba Fall International Open IBJJF Jiu-Jitsu No-Gi Championship 2017,Adult/Female/Blue/Medium-Heavy,1,JéssikaBartoliAlmeida,CheckMat
Curitiba Fall International Open IBJJF Jiu-Jitsu No-Gi Championship 2017,Adult/Female/Blue/Medium-Heavy,2,GiovanaBocchiJuliao,LEADBJJ
Curitiba Fall International Open IBJJF Jiu-Jitsu No-Gi Championship 2017,Adult/Female/Blue/Medium-Heavy,3,JaquelinedosSantos,CheckMat
Curitiba Fall International Open IBJJF Jiu-Jitsu No-Gi Championship 2017,Adult/Female/Blue/Heavy,1,GladysReginadosSantos,BARBOSAJIU,JITSU
Curitiba Fall International Open IBJJF Jiu-Jitsu No-Gi Championship 2017,Adult/Female/Blue/Super-Heavy,1,PamelaDayaneBrischiSantimaria,GFTeam
Curitiba Fall International Open IBJJF Jiu-Jitsu No-Gi Championship 2017,Adult/Female/Blue/Enum_WeightDivision_Absoluto_Label,1,EstelinaMarianaFernandesChamoschine,NovaUnião
Curitiba Fall International Open IBJJF Jiu-Jitsu No-Gi Championship 2017,Adult/Female/Blue/Enum_WeightDivision_Absoluto_Label,2,GiovanaBocchiJuliao,LEADBJJ
Curitiba Fall International Open IBJJF Jiu-Jitsu No-Gi Championship 2017,Adult/Female/Blue/Enum_WeightDivision_Absoluto_Label,3,JaquelinedosSantos,CheckMat
Curitiba Fall International Open IBJJF Jiu-Jitsu No-Gi Championship 2017,Adult/Female/Blue/Enum_WeightDivision_Absoluto_Label,3,JéssikaBartoliAlmeida,CheckMat
Curitiba Fall International Open IBJJF Jiu-Jitsu No-Gi Championship 2017,Adult/Female/Purple/Light-Feather,1,JessicaCarolineCoelhoDantas,CaioTerraAssociationBrasil
Curitiba Fall International Open IBJJF Jiu-Jitsu No-Gi Championship 2017,Adult/Female/Purple/Feather,1,BeatrizSayuriKamozaki,GracieBarra
Curitiba Fall International Open IBJJF Jiu-Jitsu No-Gi Championship 2017,Adult/Female/Purple/Feather,2,AnabellePereiraDominico,GracieBarra
Curitiba Fall International Open IBJJF Jiu-Jitsu No-Gi Championship 2017,Adult/Female/Purple/Feather,3,IsadoraBorgesMaggioni,AcademiaTatuapuTeam
Curitiba Fall International Open IBJJF Jiu-Jitsu No-Gi Championship 2017,Adult/Female/Purple/Light,1,PaulaReisCampos,GracieBarra
Curitiba Fall International Open IBJJF Jiu-Jitsu No-Gi Championship 2017,Adult/Female/Purple/Heavy,1,DanielleRonaldCarvalhodeLima,GFTeam
Curitiba Fall International Open IBJJF Jiu-Jitsu No-Gi Championship 2017,Adult/Female/Purple/Heavy,2,BrunaEduardadeS.Rodrigues,CiceroCosthaInternacional
Curitiba Fall International Open IBJJF Jiu-Jitsu No-Gi Championship 2017,Adult/Female/Purple/Enum_WeightDivision_Absoluto_Label,1,DanielleRonaldCarvalhodeLima,GFTeam
Curitiba Fall International Open IBJJF Jiu-Jitsu No-Gi Championship 2017,Adult/Female/Purple/Enum_WeightDivision_Absoluto_Label,2,JessicaCarolineCoelhoDantas,CaioTerraAssociationBrasil
Curitiba Fall International Open IBJJF Jiu-Jitsu No-Gi Championship 2017,Adult/Female/Purple/Enum_WeightDivision_Absoluto_Label,3,AnabellePereiraDominico,GracieBarra
Curitiba Fall International Open IBJJF Jiu-Jitsu No-Gi Championship 2017,Adult/Female/Black/Medium-Heavy,1,LeticiaSeguettoTanabeLalli,CheckMat
Curitiba Fall International Open IBJJF Jiu-Jitsu No-Gi Championship 2017,Adult/Female/Black/Heavy,1,ClaudiaFernandaOnofreV.Doval,DeLaRivaJJ
Curitiba Fall International Open IBJJF Jiu-Jitsu No-Gi Championship 2017,Adult/Female/Black/Super-Heavy,1,KarlaHipolitodeAlbuquerque,TopBrother
Curitiba Fall International Open IBJJF Jiu-Jitsu No-Gi Championship 2017,Adult/Female/Black/Enum_WeightDivision_Absoluto_Label,1,ClaudiaFernandaOnofreV.Doval,DeLaRivaJJ
Curitiba Fall International Open IBJJF Jiu-Jitsu No-Gi Championship 2017,Adult/Female/Black/Enum_WeightDivision_Absoluto_Label,2,KarlaHipolitodeAlbuquerque,TopBrother
Curitiba Fall International Open IBJJF Jiu-Jitsu No-Gi Championship 2017,Master1/Male/Blue/Light-Feather,1,JoãoCarvalhodeOliveira,BARBOSAJIU,JITSU
Curitiba Fall International Open IBJJF Jiu-Jitsu No-Gi Championship 2017,Master1/Male/Blue/Light-Feather,2,JhonyAparecidoDaSilva,ArenaJJ
Curitiba Fall International Open IBJJF Jiu-Jitsu No-Gi Championship 2017,Master1/Male/Blue/Light,1,CarlosHenriquedoNascimento,CheckMat
Curitiba Fall International Open IBJJF Jiu-Jitsu No-Gi Championship 2017,Master1/Male/Blue/Light,2,JoaoEduardoF.Oliveira,VBFTeam
Curitiba Fall International Open IBJJF Jiu-Jitsu No-Gi Championship 2017,Master1/Male/Blue/Light,3,EdertonSantin,Alliance
Curitiba Fall International Open IBJJF Jiu-Jitsu No-Gi Championship 2017,Master1/Male/Blue/Light,3,FranciscoFagnerdeSouzaSilva,Alliance
Curitiba Fall International Open IBJJF Jiu-Jitsu No-Gi Championship 2017,Master1/Male/Blue/Middle,1,AndersonNascimento,RocianGracieJr.
Curitiba Fall International Open IBJJF Jiu-Jitsu No-Gi Championship 2017,Master1/Male/Blue/Middle,2,RafaeldeAndradeFerreira,014RBJJ
Curitiba Fall International Open IBJJF Jiu-Jitsu No-Gi Championship 2017,Master1/Male/Blue/Middle,3,EloiLeonardoDore,GracieBarra
Curitiba Fall International Open IBJJF Jiu-Jitsu No-Gi Championship 2017,Master1/Male/Blue/Middle,3,SamuelNaionUbirajaraSilvadeOliveira,JaraguáBJJ
Curitiba Fall International Open IBJJF Jiu-Jitsu No-Gi Championship 2017,Master1/Male/Blue/Medium-Heavy,1,DaniloFernandodosSantosCoradini,NovaUnião
Curitiba Fall International Open IBJJF Jiu-Jitsu No-Gi Championship 2017,Master1/Male/Blue/Medium-Heavy,2,ThiagoPescadorFerreira,CheckMat
Curitiba Fall International Open IBJJF Jiu-Jitsu No-Gi Championship 2017,Master1/Male/Blue/Medium-Heavy,3,RafaelSchmidt,CheckMat
Curitiba Fall International Open IBJJF Jiu-Jitsu No-Gi Championship 2017,Master1/Male/Blue/Super-Heavy,1,LeandroRodolfoClausdoNascimento,NovaUnião
Curitiba Fall International Open IBJJF Jiu-Jitsu No-Gi Championship 2017,Master1/Male/Blue/Super-Heavy,2,RafaelVianaMartins,CiceroCosthaInternacional
Curitiba Fall International Open IBJJF Jiu-Jitsu No-Gi Championship 2017,Master1/Male/Blue/Ultra-Heavy,1,JuaresSantos,LEADBJJ
Curitiba Fall International Open IBJJF Jiu-Jitsu No-Gi Championship 2017,Master1/Male/Blue/Ultra-Heavy,2,DiegoAlbanoMalacarne,CheckMat
Curitiba Fall International Open IBJJF Jiu-Jitsu No-Gi Championship 2017,Master1/Male/Blue/Enum_WeightDivision_Absoluto_Label,1,AndersonNascimento,RocianGracieJr.
Curitiba Fall International Open IBJJF Jiu-Jitsu No-Gi Championship 2017,Master1/Male/Blue/Enum_WeightDivision_Absoluto_Label,2,RafaelSchmidt,CheckMat
Curitiba Fall International Open IBJJF Jiu-Jitsu No-Gi Championship 2017,Master1/Male/Blue/Enum_WeightDivision_Absoluto_Label,3,RafaelVianaMartins,CiceroCosthaInternacional
Curitiba Fall International Open IBJJF Jiu-Jitsu No-Gi Championship 2017,Master1/Male/Blue/Enum_WeightDivision_Absoluto_Label,3,ThiagoPescadorFerreira,CheckMat
Curitiba Fall International Open IBJJF Jiu-Jitsu No-Gi Championship 2017,Master1/Male/Purple/Light-Feather,1,DiegoProdossimoGarcia,GracieBarra
Curitiba Fall International Open IBJJF Jiu-Jitsu No-Gi Championship 2017,Master1/Male/Purple/Light,1,DioneDaltonGonçalves,CheckMat
Curitiba Fall International Open IBJJF Jiu-Jitsu No-Gi Championship 2017,Master1/Male/Purple/Light,2,RicardoPereiradeAlmeida,N1CiadeArtesMarciais
Curitiba Fall International Open IBJJF Jiu-Jitsu No-Gi Championship 2017,Master1/Male/Purple/Middle,1,RobsonDaSilvaLucindo,CheckMat
Curitiba Fall International Open IBJJF Jiu-Jitsu No-Gi Championship 2017,Master1/Male/Purple/Middle,2,AndréFerreiradeOliveira,GracieBarra
Curitiba Fall International Open IBJJF Jiu-Jitsu No-Gi Championship 2017,Master1/Male/Purple/Middle,3,JeffersonFelipeLedesma,PauloLedesmaBJJ
Curitiba Fall International Open IBJJF Jiu-Jitsu No-Gi Championship 2017,Master1/Male/Purple/Middle,3,RenanMelloCedini,LótusClub
Curitiba Fall International Open IBJJF Jiu-Jitsu No-Gi Championship 2017,Master1/Male/Purple/Medium-Heavy,1,AnilsonClaudino,CiceroCosthaInternacional
Curitiba Fall International Open IBJJF Jiu-Jitsu No-Gi Championship 2017,Master1/Male/Purple/Medium-Heavy,2,EleandroRibeirodosSantos,GracieBarra
Curitiba Fall International Open IBJJF Jiu-Jitsu No-Gi Championship 2017,Master1/Male/Purple/Medium-Heavy,3,EduardodaSilvaMatos,Integração/EOFC
Curitiba Fall International Open IBJJF Jiu-Jitsu No-Gi Championship 2017,Master1/Male/Purple/Heavy,1,DionathanPereiradosSantos,GracieBarra
Curitiba Fall International Open IBJJF Jiu-Jitsu No-Gi Championship 2017,Master1/Male/Purple/Heavy,2,AlanJorgeLeitedeCampos,GracieBarra
Curitiba Fall International Open IBJJF Jiu-Jitsu No-Gi Championship 2017,Master1/Male/Purple/Heavy,3,EduardoWanderleyGalvani,Bullsfighter
Curitiba Fall International Open IBJJF Jiu-Jitsu No-Gi Championship 2017,Master1/Male/Purple/Heavy,3,LeandroBersideMoraes,PauloLedesmaBJJ
Curitiba Fall International Open IBJJF Jiu-Jitsu No-Gi Championship 2017,Master1/Male/Purple/Super-Heavy,1,DouglasdeJesusSantos,ZenithBJJ
Curitiba Fall International Open IBJJF Jiu-Jitsu No-Gi Championship 2017,Master1/Male/Purple/Super-Heavy,2,FernandoHenriqueSilva,CheckMat
Curitiba Fall International Open IBJJF Jiu-Jitsu No-Gi Championship 2017,Master1/Male/Purple/Super-Heavy,3,CarlosHenriqueSantos,GracieBarra
Curitiba Fall International Open IBJJF Jiu-Jitsu No-Gi Championship 2017,Master1/Male/Purple/Ultra-Heavy,1,AlandeOliveira,GileRibeiroJJ
Curitiba Fall International Open IBJJF Jiu-Jitsu No-Gi Championship 2017,Master1/Male/Purple/Ultra-Heavy,2,JefersonBasso,MagooJJ
Curitiba Fall International Open IBJJF Jiu-Jitsu No-Gi Championship 2017,Master1/Male/Purple/Enum_WeightDivision_Absoluto_Label,1,DouglasdeJesusSantos,ZenithBJJ
Curitiba Fall International Open IBJJF Jiu-Jitsu No-Gi Championship 2017,Master1/Male/Purple/Enum_WeightDivision_Absoluto_Label,2,AndréFerreiradeOliveira,GracieBarra
Curitiba Fall International Open IBJJF Jiu-Jitsu No-Gi Championship 2017,Master1/Male/Purple/Enum_WeightDivision_Absoluto_Label,3,AnilsonClaudino,CiceroCosthaInternacional
Curitiba Fall International Open IBJJF Jiu-Jitsu No-Gi Championship 2017,Master1/Male/Purple/Enum_WeightDivision_Absoluto_Label,3,CarlosHenriqueSantos,GracieBarra
Curitiba Fall International Open IBJJF Jiu-Jitsu No-Gi Championship 2017,Master1/Male/Brown/Feather,1,AlexDosSantosSouza,SheknahTeam
Curitiba Fall International Open IBJJF Jiu-Jitsu No-Gi Championship 2017,Master1/Male/Brown/Feather,2,PedroHenriqueGarciaLima,Alliance
Curitiba Fall International Open IBJJF Jiu-Jitsu No-Gi Championship 2017,Master1/Male/Brown/Light,1,VictordeAlbuquerqueShinzato,GracieBarra
Curitiba Fall International Open IBJJF Jiu-Jitsu No-Gi Championship 2017,Master1/Male/Brown/Light,2,PedroJuniordaSilva,A.STeam
Curitiba Fall International Open IBJJF Jiu-Jitsu No-Gi Championship 2017,Master1/Male/Brown/Middle,1,HamiltonJacquesTsuneoMiyazima,GracieBarra
Curitiba Fall International Open IBJJF Jiu-Jitsu No-Gi Championship 2017,Master1/Male/Brown/Middle,2,DiegoSanto,InfightJJ
Curitiba Fall International Open IBJJF Jiu-Jitsu No-Gi Championship 2017,Master1/Male/Brown/Middle,3,MarceloVolpatoAmerico,CheckMat
Curitiba Fall International Open IBJJF Jiu-Jitsu No-Gi Championship 2017,Master1/Male/Brown/Medium-Heavy,1,AndreDinizdeSena,GracieBarra
Curitiba Fall International Open IBJJF Jiu-Jitsu No-Gi Championship 2017,Master1/Male/Brown/Medium-Heavy,2,AlexandreCardoso,CheckMat
Curitiba Fall International Open IBJJF Jiu-Jitsu No-Gi Championship 2017,Master1/Male/Brown/Medium-Heavy,3,DiogoTeixeiraZaila,NovaUnião
Curitiba Fall International Open IBJJF Jiu-Jitsu No-Gi Championship 2017,Master1/Male/Brown/Medium-Heavy,3,JoãoVictordeSouza,NovaUnião
Curitiba Fall International Open IBJJF Jiu-Jitsu No-Gi Championship 2017,Master1/Male/Brown/Heavy,1,EmersonGomesdaSilva,NsBrotherhood
Curitiba Fall International Open IBJJF Jiu-Jitsu No-Gi Championship 2017,Master1/Male/Brown/Heavy,2,DiegoEstevesPacheco,LEADBJJ
Curitiba Fall International Open IBJJF Jiu-Jitsu No-Gi Championship 2017,Master1/Male/Brown/Heavy,3,HenriqueAparecidodeSouzaPereira,CheckMat
Curitiba Fall International Open IBJJF Jiu-Jitsu No-Gi Championship 2017,Master1/Male/Brown/Heavy,3,RodrigoBarbosadoNascimento,NsBrotherhood
Curitiba Fall International Open IBJJF Jiu-Jitsu No-Gi Championship 2017,Master1/Male/Brown/Super-Heavy,1,MarcoAurélioFerreira,LEADBJJ
Curitiba Fall International Open IBJJF Jiu-Jitsu No-Gi Championship 2017,Master1/Male/Brown/Super-Heavy,2,RodrigodosSantos,GracieBarra
Curitiba Fall International Open IBJJF Jiu-Jitsu No-Gi Championship 2017,Master1/Male/Brown/Ultra-Heavy,1,CornelioBatistadaSilveiraNetto,C.TAlanGalvão
Curitiba Fall International Open IBJJF Jiu-Jitsu No-Gi Championship 2017,Master1/Male/Brown/Ultra-Heavy,2,BrechtPatakiMondragon,NsBrotherhood
Curitiba Fall International Open IBJJF Jiu-Jitsu No-Gi Championship 2017,Master1/Male/Brown/Ultra-Heavy,3,JulianoDiPelliMachado,LEADBJJ
Curitiba Fall International Open IBJJF Jiu-Jitsu No-Gi Championship 2017,Master1/Male/Brown/Enum_WeightDivision_Absoluto_Label,1,HenriqueAparecidodeSouzaPereira,CheckMat
Curitiba Fall International Open IBJJF Jiu-Jitsu No-Gi Championship 2017,Master1/Male/Brown/Enum_WeightDivision_Absoluto_Label,2,BrechtPatakiMondragon,NsBrotherhood
Curitiba Fall International Open IBJJF Jiu-Jitsu No-Gi Championship 2017,Master1/Male/Brown/Enum_WeightDivision_Absoluto_Label,3,EmersonGomesdaSilva,NsBrotherhood
Curitiba Fall International Open IBJJF Jiu-Jitsu No-Gi Championship 2017,Master1/Male/Brown/Enum_WeightDivision_Absoluto_Label,3,HamiltonJacquesTsuneoMiyazima,GracieBarra
Curitiba Fall International Open IBJJF Jiu-Jitsu No-Gi Championship 2017,Master1/Male/Black/Light-Feather,1,RodrigoPereiraAzevedo,NovaUnião
Curitiba Fall International Open IBJJF Jiu-Jitsu No-Gi Championship 2017,Master1/Male/Black/Light-Feather,2,RafaelFelippi,NovaUnião
Curitiba Fall International Open IBJJF Jiu-Jitsu No-Gi Championship 2017,Master1/Male/Black/Feather,1,RodrigoYoshimiOiye,NovaUnião
Curitiba Fall International Open IBJJF Jiu-Jitsu No-Gi Championship 2017,Master1/Male/Black/Feather,2,DavideSouzaGomes,LótusClub
Curitiba Fall International Open IBJJF Jiu-Jitsu No-Gi Championship 2017,Master1/Male/Black/Feather,3,MoisesSouzaGomes,LótusClub
Curitiba Fall International Open IBJJF Jiu-Jitsu No-Gi Championship 2017,Master1/Male/Black/Light,1,JulioCesarDiedzits,GileRibeiroJJ
Curitiba Fall International Open IBJJF Jiu-Jitsu No-Gi Championship 2017,Master1/Male/Black/Light,2,CarlosEduardoEnesRaymundo,GFTeam
Curitiba Fall International Open IBJJF Jiu-Jitsu No-Gi Championship 2017,Master1/Male/Black/Light,3,AlexandroDosSantos,GracieBarra
Curitiba Fall International Open IBJJF Jiu-Jitsu No-Gi Championship 2017,Master1/Male/Black/Light,3,WilliamMendesCampos,AvanteJiu,Jitsu
Curitiba Fall International Open IBJJF Jiu-Jitsu No-Gi Championship 2017,Master1/Male/Black/Middle,1,GuilhermeFerreiraIunes,GracieBarra
Curitiba Fall International Open IBJJF Jiu-Jitsu No-Gi Championship 2017,Master1/Male/Black/Middle,2,RubensCarvalhoSantos,AtosJiu,Jitsu
Curitiba Fall International Open IBJJF Jiu-Jitsu No-Gi Championship 2017,Master1/Male/Black/Middle,3,AlexSandroFreitasSantanaSilva,ZenithBJJ
Curitiba Fall International Open IBJJF Jiu-Jitsu No-Gi Championship 2017,Master1/Male/Black/Middle,3,JuanPedroGomesRamirez,FightSportsBrasil
Curitiba Fall International Open IBJJF Jiu-Jitsu No-Gi Championship 2017,Master1/Male/Black/Medium-Heavy,1,PauloCésarLedesma,AtosJiu,Jitsu
Curitiba Fall International Open IBJJF Jiu-Jitsu No-Gi Championship 2017,Master1/Male/Black/Medium-Heavy,2,TedeMarcioVelosoPinto,GracieBarra
Curitiba Fall International Open IBJJF Jiu-Jitsu No-Gi Championship 2017,Master1/Male/Black/Medium-Heavy,3,AdrianoMeletto,CheckMat
Curitiba Fall International Open IBJJF Jiu-Jitsu No-Gi Championship 2017,Master1/Male/Black/Medium-Heavy,3,RafaelCarneirodeMiranda,NovaUnião
Curitiba Fall International Open IBJJF Jiu-Jitsu No-Gi Championship 2017,Master1/Male/Black/Heavy,1,MarcosMacieldeOliveira,BicudoJiu,JitsuSchool
Curitiba Fall International Open IBJJF Jiu-Jitsu No-Gi Championship 2017,Master1/Male/Black/Heavy,2,AugustoPintoAraújo,NsBrotherhood
Curitiba Fall International Open IBJJF Jiu-Jitsu No-Gi Championship 2017,Master1/Male/Black/Heavy,3,JulioAndradeViotti,GalebBrothersBrazilianJiu,Jitsu,Brasil
Curitiba Fall International Open IBJJF Jiu-Jitsu No-Gi Championship 2017,Master1/Male/Black/Super-Heavy,1,HélioTimboMourão,GracieBarra
Curitiba Fall International Open IBJJF Jiu-Jitsu No-Gi Championship 2017,Master1/Male/Black/Super-Heavy,2,EduardodosReisRiosGuirau,Barreto
Curitiba Fall International Open IBJJF Jiu-Jitsu No-Gi Championship 2017,Master1/Male/Black/Super-Heavy,3,RafaelAugustoMagalhães,OtáviodeAlmeida
Curitiba Fall International Open IBJJF Jiu-Jitsu No-Gi Championship 2017,Master1/Male/Black/Super-Heavy,3,ReginaldoRocha,A.STeam
Curitiba Fall International Open IBJJF Jiu-Jitsu No-Gi Championship 2017,Master1/Male/Black/Ultra-Heavy,1,LeonardoMorosettideLima,ZenithRS
Curitiba Fall International Open IBJJF Jiu-Jitsu No-Gi Championship 2017,Master1/Male/Black/Ultra-Heavy,2,LucasPortelaBorges,GFTeamBahia
Curitiba Fall International Open IBJJF Jiu-Jitsu No-Gi Championship 2017,Master1/Male/Black/Ultra-Heavy,3,PedroFelipeEstevamdosSantos,GFTeam
Curitiba Fall International Open IBJJF Jiu-Jitsu No-Gi Championship 2017,Master1/Male/Black/Enum_WeightDivision_Absoluto_Label,1,JulioAndradeViotti,GalebBrothersBrazilianJiu,Jitsu,Brasil
Curitiba Fall International Open IBJJF Jiu-Jitsu No-Gi Championship 2017,Master1/Male/Black/Enum_WeightDivision_Absoluto_Label,2,GuilhermeFerreiraIunes,GracieBarra
Curitiba Fall International Open IBJJF Jiu-Jitsu No-Gi Championship 2017,Master1/Male/Black/Enum_WeightDivision_Absoluto_Label,3,EduardodosReisRiosGuirau,Barreto
Curitiba Fall International Open IBJJF Jiu-Jitsu No-Gi Championship 2017,Master1/Male/Black/Enum_WeightDivision_Absoluto_Label,3,LeonardoMorosettideLima,ZenithRS
Curitiba Fall International Open IBJJF Jiu-Jitsu No-Gi Championship 2017,Master1/Female/Blue/Feather,1,MarianeMoreiraSantos,HBJ
Curitiba Fall International Open IBJJF Jiu-Jitsu No-Gi Championship 2017,Master1/Female/Blue/Feather,2,SuellenMendonçaPerseguin,CiceroCosthaInternacional
Curitiba Fall International Open IBJJF Jiu-Jitsu No-Gi Championship 2017,Master1/Female/Blue/Middle,1,CatiaCristinaCercal,GracieBarra
Curitiba Fall International Open IBJJF Jiu-Jitsu No-Gi Championship 2017,Master1/Female/Blue/Medium-Heavy,1,LucianaLacerdaDeGodoy,GracieBarra
Curitiba Fall International Open IBJJF Jiu-Jitsu No-Gi Championship 2017,Master1/Female/Blue/Enum_WeightDivision_Absoluto_Label,1,LucianaLacerdaDeGodoy,GracieBarra
Curitiba Fall International Open IBJJF Jiu-Jitsu No-Gi Championship 2017,Master1/Female/Blue/Enum_WeightDivision_Absoluto_Label,2,CatiaCristinaCercal,GracieBarra
Curitiba Fall International Open IBJJF Jiu-Jitsu No-Gi Championship 2017,Master1/Female/Blue/Enum_WeightDivision_Absoluto_Label,3,SuellenMendonçaPerseguin,CiceroCosthaInternacional
Curitiba Fall International Open IBJJF Jiu-Jitsu No-Gi Championship 2017,Master1/Female/Purple/Feather,1,GabrieleStrano,G13Jiu,Jitsu
Curitiba Fall International Open IBJJF Jiu-Jitsu No-Gi Championship 2017,Master1/Female/Purple/Super-Heavy,1,DanielaAlziradaSilvaArouca,LEADBJJ
Curitiba Fall International Open IBJJF Jiu-Jitsu No-Gi Championship 2017,Master1/Female/Purple/Enum_WeightDivision_Absoluto_Label,1,DanielaAlziradaSilvaArouca,LEADBJJ
Curitiba Fall International Open IBJJF Jiu-Jitsu No-Gi Championship 2017,Master1/Female/Purple/Enum_WeightDivision_Absoluto_Label,2,GabrieleStrano,G13Jiu,Jitsu
Curitiba Fall International Open IBJJF Jiu-Jitsu No-Gi Championship 2017,Master1/Female/Brown/Middle,1,VanessaBezerradeSousa,EquipeA
Curitiba Fall International Open IBJJF Jiu-Jitsu No-Gi Championship 2017,Master1/Female/Brown/Middle,2,AndressaVasconcelosdeBarrosGoes,GFTeam
Curitiba Fall International Open IBJJF Jiu-Jitsu No-Gi Championship 2017,Master1/Female/Brown/Medium-Heavy,1,JanaynadeAlcantaraSales,ZenithBJJ
Curitiba Fall International Open IBJJF Jiu-Jitsu No-Gi Championship 2017,Master1/Female/Brown/Heavy,1,MiriamEsterBecherNegrão,Alliance
Curitiba Fall International Open IBJJF Jiu-Jitsu No-Gi Championship 2017,Master1/Female/Brown/Super-Heavy,1,NiceliGislaineSchwindenGuerino,CheckMat
Curitiba Fall International Open IBJJF Jiu-Jitsu No-Gi Championship 2017,Master1/Female/Brown/Enum_WeightDivision_Absoluto_Label,1,JanaynadeAlcantaraSales,ZenithBJJ
Curitiba Fall International Open IBJJF Jiu-Jitsu No-Gi Championship 2017,Master1/Female/Brown/Enum_WeightDivision_Absoluto_Label,2,VanessaBezerradeSousa,EquipeA
Curitiba Fall International Open IBJJF Jiu-Jitsu No-Gi Championship 2017,Master1/Female/Brown/Enum_WeightDivision_Absoluto_Label,3,AndressaVasconcelosdeBarrosGoes,GFTeam
Curitiba Fall International Open IBJJF Jiu-Jitsu No-Gi Championship 2017,Master1/Female/Brown/Enum_WeightDivision_Absoluto_Label,3,MiriamEsterBecherNegrão,Alliance
Curitiba Fall International Open IBJJF Jiu-Jitsu No-Gi Championship 2017,Master2/Male/Blue/Light-Feather,1,MarceloNeves,CheckMat
Curitiba Fall International Open IBJJF Jiu-Jitsu No-Gi Championship 2017,Master2/Male/Blue/Feather,1,ClaudinoLessaGoncalves,GracieBarra
Curitiba Fall International Open IBJJF Jiu-Jitsu No-Gi Championship 2017,Master2/Male/Blue/Light,1,AndréDuartePortes,GuethoJiuJitsu
Curitiba Fall International Open IBJJF Jiu-Jitsu No-Gi Championship 2017,Master2/Male/Blue/Light,2,CarlosEduardoBendheim,GracieBarra
Curitiba Fall International Open IBJJF Jiu-Jitsu No-Gi Championship 2017,Master2/Male/Blue/Light,3,LuigiYoshikiCleto,CarlsonGracieCuritiba
Curitiba Fall International Open IBJJF Jiu-Jitsu No-Gi Championship 2017,Master2/Male/Blue/Middle,1,AlexandreAmparoCarottaSilva,RyanGracieTeamB
Curitiba Fall International Open IBJJF Jiu-Jitsu No-Gi Championship 2017,Master2/Male/Blue/Middle,2,JuniorCarneiroGelamo,BicudoJiu,JitsuSchool
Curitiba Fall International Open IBJJF Jiu-Jitsu No-Gi Championship 2017,Master2/Male/Blue/Medium-Heavy,1,CassianodeCarvalhoMiné,CheckMat
Curitiba Fall International Open IBJJF Jiu-Jitsu No-Gi Championship 2017,Master2/Male/Blue/Medium-Heavy,2,AlissondosSantos,CheckMat
Curitiba Fall International Open IBJJF Jiu-Jitsu No-Gi Championship 2017,Master2/Male/Blue/Medium-Heavy,3,AndreCovolan,GracieBarra
Curitiba Fall International Open IBJJF Jiu-Jitsu No-Gi Championship 2017,Master2/Male/Blue/Medium-Heavy,3,RicardoAlexandredeLima,GracieBarra
Curitiba Fall International Open IBJJF Jiu-Jitsu No-Gi Championship 2017,Master2/Male/Blue/Heavy,1,FabioJoabMattos,CheckMat
Curitiba Fall International Open IBJJF Jiu-Jitsu No-Gi Championship 2017,Master2/Male/Blue/Super-Heavy,1,FlavioEndrigoRosendo,GracieBarra
Curitiba Fall International Open IBJJF Jiu-Jitsu No-Gi Championship 2017,Master2/Male/Blue/Enum_WeightDivision_Absoluto_Label,1,CassianodeCarvalhoMiné,CheckMat
Curitiba Fall International Open IBJJF Jiu-Jitsu No-Gi Championship 2017,Master2/Male/Blue/Enum_WeightDivision_Absoluto_Label,2,FabioJoabMattos,CheckMat
Curitiba Fall International Open IBJJF Jiu-Jitsu No-Gi Championship 2017,Master2/Male/Blue/Enum_WeightDivision_Absoluto_Label,3,FlavioEndrigoRosendo,GracieBarra
Curitiba Fall International Open IBJJF Jiu-Jitsu No-Gi Championship 2017,Master2/Male/Blue/Enum_WeightDivision_Absoluto_Label,3,LuigiYoshikiCleto,CarlsonGracieCuritiba
Curitiba Fall International Open IBJJF Jiu-Jitsu No-Gi Championship 2017,Master2/Male/Purple/Light,1,ThiagoAdolphoBoquett,BrigadeiroBJJ,Cascavel
Curitiba Fall International Open IBJJF Jiu-Jitsu No-Gi Championship 2017,Master2/Male/Purple/Light,2,FelipedeAlmeidaGracioso,GracieBarra
Curitiba Fall International Open IBJJF Jiu-Jitsu No-Gi Championship 2017,Master2/Male/Purple/Light,3,DiogoHenriqueRibeiroO.deBettencourt,JFCAlmeidaJJ
Curitiba Fall International Open IBJJF Jiu-Jitsu No-Gi Championship 2017,Master2/Male/Purple/Middle,1,TiagoJunWatanabe,BARBOSAJIU,JITSU
Curitiba Fall International Open IBJJF Jiu-Jitsu No-Gi Championship 2017,Master2/Male/Purple/Middle,2,JandersonAssis,CalasansBJJ
Curitiba Fall International Open IBJJF Jiu-Jitsu No-Gi Championship 2017,Master2/Male/Purple/Middle,3,AndreLuisRamosFagundes,GFTeam
Curitiba Fall International Open IBJJF Jiu-Jitsu No-Gi Championship 2017,Master2/Male/Purple/Medium-Heavy,1,SidineiFerreiraGuimarãesFilho,EquipeA
Curitiba Fall International Open IBJJF Jiu-Jitsu No-Gi Championship 2017,Master2/Male/Purple/Medium-Heavy,2,CarlosHenriqueDaSilva,CarecaJJ
Curitiba Fall International Open IBJJF Jiu-Jitsu No-Gi Championship 2017,Master2/Male/Purple/Medium-Heavy,3,LuisGustavoManfre,GracieBarra
Curitiba Fall International Open IBJJF Jiu-Jitsu No-Gi Championship 2017,Master2/Male/Purple/Heavy,1,WilsonFerreiradeSantana,RedLionsBJJ
Curitiba Fall International Open IBJJF Jiu-Jitsu No-Gi Championship 2017,Master2/Male/Purple/Super-Heavy,1,EdimilsonBezerradeOliveira,CiceroCosthaInternacional
Curitiba Fall International Open IBJJF Jiu-Jitsu No-Gi Championship 2017,Master2/Male/Purple/Super-Heavy,2,EdsonRosaNunes,Alliance
Curitiba Fall International Open IBJJF Jiu-Jitsu No-Gi Championship 2017,Master2/Male/Purple/Ultra-Heavy,1,LeonardoMeiradeAngelo,CheckMat
Curitiba Fall International Open IBJJF Jiu-Jitsu No-Gi Championship 2017,Master2/Male/Purple/Ultra-Heavy,2,CarlosAlexandreRocha,CheckMat
Curitiba Fall International Open IBJJF Jiu-Jitsu No-Gi Championship 2017,Master2/Male/Purple/Enum_WeightDivision_Absoluto_Label,1,SidineiFerreiraGuimarãesFilho,EquipeA
Curitiba Fall International Open IBJJF Jiu-Jitsu No-Gi Championship 2017,Master2/Male/Purple/Enum_WeightDivision_Absoluto_Label,2,EdimilsonBezerradeOliveira,CiceroCosthaInternacional
Curitiba Fall International Open IBJJF Jiu-Jitsu No-Gi Championship 2017,Master2/Male/Purple/Enum_WeightDivision_Absoluto_Label,3,WilsonFerreiradeSantana,RedLionsBJJ
Curitiba Fall International Open IBJJF Jiu-Jitsu No-Gi Championship 2017,Master2/Male/Brown/Feather,1,FernandoFigueiredodaSilva,ESJJ(ExcelenceSchoolofJiu,Jitsu)
Curitiba Fall International Open IBJJF Jiu-Jitsu No-Gi Championship 2017,Master2/Male/Brown/Light,1,HelderPalmadosSantos,LEADBJJ
Curitiba Fall International Open IBJJF Jiu-Jitsu No-Gi Championship 2017,Master2/Male/Brown/Light,2,MarceloHathyCorreia,GracieBarra
Curitiba Fall International Open IBJJF Jiu-Jitsu No-Gi Championship 2017,Master2/Male/Brown/Medium-Heavy,2,WashingtonLuizdePaulaMartins,GracieBarra
Curitiba Fall International Open IBJJF Jiu-Jitsu No-Gi Championship 2017,Master2/Male/Brown/Heavy,1,AllysonBatistaPaio,LEADBJJ
Curitiba Fall International Open IBJJF Jiu-Jitsu No-Gi Championship 2017,Master2/Male/Brown/Heavy,2,MinorodeOliveiraCarvalho,NovaUnião
Curitiba Fall International Open IBJJF Jiu-Jitsu No-Gi Championship 2017,Master2/Male/Brown/Heavy,3,DenilsonDiasDaCunha,CheckMat
Curitiba Fall International Open IBJJF Jiu-Jitsu No-Gi Championship 2017,Master2/Male/Brown/Ultra-Heavy,1,EmersonFernandodeLima,BonSaiJJ
Curitiba Fall International Open IBJJF Jiu-Jitsu No-Gi Championship 2017,Master2/Male/Brown/Ultra-Heavy,2,HenriqueTeixeiradoNascimentoJr,CheckMat
Curitiba Fall International Open IBJJF Jiu-Jitsu No-Gi Championship 2017,Master2/Male/Brown/Enum_WeightDivision_Absoluto_Label,1,MinorodeOliveiraCarvalho,NovaUnião
Curitiba Fall International Open IBJJF Jiu-Jitsu No-Gi Championship 2017,Master2/Male/Black/Feather,1,LeonardodaSilvaRodrigues,TopBrother
Curitiba Fall International Open IBJJF Jiu-Jitsu No-Gi Championship 2017,Master2/Male/Black/Feather,2,LucasCabeleiraFlores,GracieBarra
Curitiba Fall International Open IBJJF Jiu-Jitsu No-Gi Championship 2017,Master2/Male/Black/Light,1,AlexsandroVitorinodeSousa,RibeiroJiu,Jitsu
Curitiba Fall International Open IBJJF Jiu-Jitsu No-Gi Championship 2017,Master2/Male/Black/Light,2,EduardoAfonsodaSilvaMartins,CiceroCosthaInternacional
Curitiba Fall International Open IBJJF Jiu-Jitsu No-Gi Championship 2017,Master2/Male/Black/Light,3,BernardoRibeiroSantana,CarlsonGracieClube
Curitiba Fall International Open IBJJF Jiu-Jitsu No-Gi Championship 2017,Master2/Male/Black/Light,3,LidioHenriquedaSilvaSantos,GFTeam
Curitiba Fall International Open IBJJF Jiu-Jitsu No-Gi Championship 2017,Master2/Male/Black/Middle,1,AlissonRianBarniZanon,NovaUnião
Curitiba Fall International Open IBJJF Jiu-Jitsu No-Gi Championship 2017,Master2/Male/Black/Middle,2,MarcioCelioLimadeOliveira,GracieBarra
Curitiba Fall International Open IBJJF Jiu-Jitsu No-Gi Championship 2017,Master2/Male/Black/Middle,3,FábioHenriquesdeJesus,GracieHumaitaRJ
Curitiba Fall International Open IBJJF Jiu-Jitsu No-Gi Championship 2017,Master2/Male/Black/Middle,3,LeandroSilvestreMaciel,Integração/EOFC
Curitiba Fall International Open IBJJF Jiu-Jitsu No-Gi Championship 2017,Master2/Male/Black/Medium-Heavy,1,AndersonMonteiroPenin,EquipeTottiJiu,Jitsu
Curitiba Fall International Open IBJJF Jiu-Jitsu No-Gi Championship 2017,Master2/Male/Black/Medium-Heavy,2,LaerteCostaeSilvadeOliveira,HJJT,A
Curitiba Fall International Open IBJJF Jiu-Jitsu No-Gi Championship 2017,Master2/Male/Black/Medium-Heavy,3,CleberAparecidoIzidroSouto,NsBrotherhood
Curitiba Fall International Open IBJJF Jiu-Jitsu No-Gi Championship 2017,Master2/Male/Black/Medium-Heavy,3,FranciscoRondineliFrizon,GracieBarra
Curitiba Fall International Open IBJJF Jiu-Jitsu No-Gi Championship 2017,Master2/Male/Black/Heavy,1,FabianoAlvesValadares,Alliance
Curitiba Fall International Open IBJJF Jiu-Jitsu No-Gi Championship 2017,Master2/Male/Black/Heavy,2,PercioGonçalves,G13Jiu,Jitsu
Curitiba Fall International Open IBJJF Jiu-Jitsu No-Gi Championship 2017,Master2/Male/Black/Heavy,3,LucianoSilvaCandal,GFTeam
Curitiba Fall International Open IBJJF Jiu-Jitsu No-Gi Championship 2017,Master2/Male/Black/Heavy,3,RogerioCelestinodeOliveira,GileRibeiroJJ
Curitiba Fall International Open IBJJF Jiu-Jitsu No-Gi Championship 2017,Master2/Male/Black/Super-Heavy,1,RafaelSoaresRodriguesFerreira,GFTeam
Curitiba Fall International Open IBJJF Jiu-Jitsu No-Gi Championship 2017,Master2/Male/Black/Super-Heavy,2,ArthurCesarSampaioJacintho,GFTeam
Curitiba Fall International Open IBJJF Jiu-Jitsu No-Gi Championship 2017,Master2/Male/Black/Super-Heavy,3,WellingtonMirandaDeOliveira,A.STeam
Curitiba Fall International Open IBJJF Jiu-Jitsu No-Gi Championship 2017,Master2/Male/Black/Ultra-Heavy,1,EdsonFranciscodePaulaJunior,AtosJiu,Jitsu
Curitiba Fall International Open IBJJF Jiu-Jitsu No-Gi Championship 2017,Master2/Male/Black/Ultra-Heavy,2,DavidsondaSilvaMagalhães,RyanGracieTeam
Curitiba Fall International Open IBJJF Jiu-Jitsu No-Gi Championship 2017,Master2/Male/Black/Ultra-Heavy,3,RonaldoAgnerSilva,GileRibeiroJJ
Curitiba Fall International Open IBJJF Jiu-Jitsu No-Gi Championship 2017,Master2/Male/Black/Enum_WeightDivision_Absoluto_Label,1,RafaelSoaresRodriguesFerreira,GFTeam
Curitiba Fall International Open IBJJF Jiu-Jitsu No-Gi Championship 2017,Master2/Male/Black/Enum_WeightDivision_Absoluto_Label,2,ArthurCesarSampaioJacintho,GFTeam
Curitiba Fall International Open IBJJF Jiu-Jitsu No-Gi Championship 2017,Master2/Male/Black/Enum_WeightDivision_Absoluto_Label,3,FranciscoRondineliFrizon,GracieBarra
Curitiba Fall International Open IBJJF Jiu-Jitsu No-Gi Championship 2017,Master2/Male/Black/Enum_WeightDivision_Absoluto_Label,3,MarcioCelioLimadeOliveira,GracieBarra
Curitiba Fall International Open IBJJF Jiu-Jitsu No-Gi Championship 2017,Master3/Male/Blue/Light,1,AlfredoSiciliani,X,TeamSports
Curitiba Fall International Open IBJJF Jiu-Jitsu No-Gi Championship 2017,Master3/Male/Blue/Middle,1,LucianoJosédaSilva,RocianGracieJr.
Curitiba Fall International Open IBJJF Jiu-Jitsu No-Gi Championship 2017,Master3/Male/Blue/Ultra-Heavy,1,AlexandreTrigoNascimento,Alliance
Curitiba Fall International Open IBJJF Jiu-Jitsu No-Gi Championship 2017,Master3/Male/Blue/Ultra-Heavy,2,AntonioAparecidoCorreadeQueiros,GracieBarra
Curitiba Fall International Open IBJJF Jiu-Jitsu No-Gi Championship 2017,Master3/Male/Blue/Enum_WeightDivision_Absoluto_Label,1,LucianoJosédaSilva,RocianGracieJr.
Curitiba Fall International Open IBJJF Jiu-Jitsu No-Gi Championship 2017,Master3/Male/Blue/Enum_WeightDivision_Absoluto_Label,2,AlfredoSiciliani,X,TeamSports
Curitiba Fall International Open IBJJF Jiu-Jitsu No-Gi Championship 2017,Master3/Male/Purple/Light,1,FábioSouza,RibeiroJiu,Jitsu
Curitiba Fall International Open IBJJF Jiu-Jitsu No-Gi Championship 2017,Master3/Male/Purple/Medium-Heavy,1,AdilAliDahouk,G13Jiu,Jitsu
Curitiba Fall International Open IBJJF Jiu-Jitsu No-Gi Championship 2017,Master3/Male/Purple/Ultra-Heavy,1,FabioJorgeHauly,MagooJJ
Curitiba Fall International Open IBJJF Jiu-Jitsu No-Gi Championship 2017,Master3/Male/Purple/Ultra-Heavy,2,MarcosGeronasso,GileRibeiroJJ
Curitiba Fall International Open IBJJF Jiu-Jitsu No-Gi Championship 2017,Master3/Male/Purple/Ultra-Heavy,3,ReinaldoJosedosSantos,LEADBJJ
Curitiba Fall International Open IBJJF Jiu-Jitsu No-Gi Championship 2017,Master3/Male/Purple/Enum_WeightDivision_Absoluto_Label,1,AdilAliDahouk,G13Jiu,Jitsu
Curitiba Fall International Open IBJJF Jiu-Jitsu No-Gi Championship 2017,Master3/Male/Purple/Enum_WeightDivision_Absoluto_Label,2,MarcosGeronasso,GileRibeiroJJ
Curitiba Fall International Open IBJJF Jiu-Jitsu No-Gi Championship 2017,Master3/Male/Purple/Enum_WeightDivision_Absoluto_Label,3,FabioJorgeHauly,MagooJJ
Curitiba Fall International Open IBJJF Jiu-Jitsu No-Gi Championship 2017,Master3/Male/Purple/Enum_WeightDivision_Absoluto_Label,3,ReinaldoJosedosSantos,LEADBJJ
Curitiba Fall International Open IBJJF Jiu-Jitsu No-Gi Championship 2017,Master3/Male/Black/Middle,1,ViniciusAlvesAlkaim,GFTeam
Curitiba Fall International Open IBJJF Jiu-Jitsu No-Gi Championship 2017,Master3/Male/Black/Middle,2,RodrigoStersi,NovaUnião
Curitiba Fall International Open IBJJF Jiu-Jitsu No-Gi Championship 2017,Master3/Male/Black/Middle,3,SergioFirminoShimabukuro,Alliance
Curitiba Fall International Open IBJJF Jiu-Jitsu No-Gi Championship 2017,Master3/Male/Black/Medium-Heavy,1,RodrigoDantasRodriguesAlves,G13Jiu,Jitsu
Curitiba Fall International Open IBJJF Jiu-Jitsu No-Gi Championship 2017,Master3/Male/Black/Medium-Heavy,2,MarceloAlbuquerquedeB.Braga,Alliance
Curitiba Fall International Open IBJJF Jiu-Jitsu No-Gi Championship 2017,Master3/Male/Black/Medium-Heavy,3,AlexandreWolanskiNegrão,Alliance
Curitiba Fall International Open IBJJF Jiu-Jitsu No-Gi Championship 2017,Master3/Male/Black/Heavy,1,DiegoMarchinaQuintilianoBasso,G13Jiu,Jitsu
Curitiba Fall International Open IBJJF Jiu-Jitsu No-Gi Championship 2017,Master3/Male/Black/Super-Heavy,1,BernardoTravassosdeLucena,A.STeam
Curitiba Fall International Open IBJJF Jiu-Jitsu No-Gi Championship 2017,Master3/Male/Black/Super-Heavy,2,AntenorRibeiroNeto,RogérioOlegário
Curitiba Fall International Open IBJJF Jiu-Jitsu No-Gi Championship 2017,Master3/Male/Black/Super-Heavy,3,GiovaneGioliPereira,GracieBarra
Curitiba Fall International Open IBJJF Jiu-Jitsu No-Gi Championship 2017,Master3/Male/Black/Ultra-Heavy,1,RaulSilvaFaconti,CheckMat
Curitiba Fall International Open IBJJF Jiu-Jitsu No-Gi Championship 2017,Master3/Male/Black/Ultra-Heavy,2,LeonardoAugustoMartinsLoureiro,GFTeam
Curitiba Fall International Open IBJJF Jiu-Jitsu No-Gi Championship 2017,Master3/Male/Black/Enum_WeightDivision_Absoluto_Label,1,RaulSilvaFaconti,CheckMat
Curitiba Fall International Open IBJJF Jiu-Jitsu No-Gi Championship 2017,Master3/Male/Black/Enum_WeightDivision_Absoluto_Label,2,DiegoMarchinaQuintilianoBasso,G13Jiu,Jitsu
Curitiba Fall International Open IBJJF Jiu-Jitsu No-Gi Championship 2017,Master3/Male/Black/Enum_WeightDivision_Absoluto_Label,3,AlexandreWolanskiNegrão,Alliance
Curitiba Fall International Open IBJJF Jiu-Jitsu No-Gi Championship 2017,Master3/Male/Black/Enum_WeightDivision_Absoluto_Label,3,MarceloAlbuquerquedeB.Braga,Alliance
Curitiba Fall International Open IBJJF Jiu-Jitsu No-Gi Championship 2017,Master4/Male/Purple/Ultra-Heavy,1,PedroAldoridosSantosAmado,Macgyverteam
Curitiba Fall International Open IBJJF Jiu-Jitsu No-Gi Championship 2017,Master4/Male/Purple/Ultra-Heavy,2,MarceloRodriguesSantos,RibeiroJiu,Jitsu
Curitiba Fall International Open IBJJF Jiu-Jitsu No-Gi Championship 2017,Master4/Male/Purple/Enum_WeightDivision_Absoluto_Label,1,PedroAldoridosSantosAmado,Macgyverteam
Curitiba Fall International Open IBJJF Jiu-Jitsu No-Gi Championship 2017,Master4/Male/Purple/Enum_WeightDivision_Absoluto_Label,2,MarceloRodriguesSantos,RibeiroJiu,Jitsu
Curitiba Fall International Open IBJJF Jiu-Jitsu No-Gi Championship 2017,Master4/Male/Black/Light,1,WagnerVerissimodeCampos,RyanGracieTeam
Curitiba Fall International Open IBJJF Jiu-Jitsu No-Gi Championship 2017,Master4/Male/Black/Medium-Heavy,1,MarcelodaSilvaMassafera,BTT
Curitiba Fall International Open IBJJF Jiu-Jitsu No-Gi Championship 2017,Master4/Male/Black/Heavy,1,HernandesPereiradaSilva,BARBOSAJIU,JITSU
Curitiba Fall International Open IBJJF Jiu-Jitsu No-Gi Championship 2017,Master4/Male/Black/Super-Heavy,1,SérgioÁvila,CheckMat
Curitiba Fall International Open IBJJF Jiu-Jitsu No-Gi Championship 2017,Master4/Male/Black/Enum_WeightDivision_Absoluto_Label,1,SérgioÁvila,CheckMat
Curitiba Fall International Open IBJJF Jiu-Jitsu No-Gi Championship 2017,Master4/Male/Black/Enum_WeightDivision_Absoluto_Label,2,HernandesPereiradaSilva,BARBOSAJIU,JITSU
Curitiba Fall International Open IBJJF Jiu-Jitsu No-Gi Championship 2017,Master5/Male/Black/Middle,1,LuisFlaviodeBrittoNobre,BodyLimits
Curitiba Fall International Open IBJJF Jiu-Jitsu No-Gi Championship 2017,Master6/Male/Black/Ultra-Heavy,1,RobertoLuizCamargoCamargo,RedLionsBJJ
Curitiba Fall International Open IBJJF Jiu-Jitsu No-Gi Championship 2017,Master6/Male/Black/Enum_WeightDivision_Absoluto_Label,1,RobertoLuizCamargoCamargo,RedLionsBJJ
Curitiba Fall International Open IBJJF Jiu-Jitsu No-Gi Championship 2017,Juvenile/Male/Blue/Feather,1,ThalysdeOliveiraPontes,CiceroCosthaInternacional
Curitiba Fall International Open IBJJF Jiu-Jitsu No-Gi Championship 2017,Juvenile/Male/Blue/Feather,2,JoãoPedroVazSantana,LEADBJJ
Curitiba Fall International Open IBJJF Jiu-Jitsu No-Gi Championship 2017,Juvenile/Male/Blue/Feather,3,DaniloRibeirodosSantos,SheknahTeam
Curitiba Fall International Open IBJJF Jiu-Jitsu No-Gi Championship 2017,Juvenile/Male/Blue/Feather,3,JoacyMendesdaSilvaJr.,GameFightBJJ/Manimal
Curitiba Fall International Open IBJJF Jiu-Jitsu No-Gi Championship 2017,Juvenile/Male/Blue/Light,1,IsaiasHiginoPereiradosSantos,NovaUnião
Curitiba Fall International Open IBJJF Jiu-Jitsu No-Gi Championship 2017,Juvenile/Male/Blue/Light,2,LucasMarconiCanevari,MagooJJ
Curitiba Fall International Open IBJJF Jiu-Jitsu No-Gi Championship 2017,Juvenile/Male/Blue/Light,3,GonzaloLentati,CheckMat
Curitiba Fall International Open IBJJF Jiu-Jitsu No-Gi Championship 2017,Juvenile/Male/Blue/Light,3,LeonardoPereiraNovaes,SheknahTeam
Curitiba Fall International Open IBJJF Jiu-Jitsu No-Gi Championship 2017,Juvenile/Male/Blue/Middle,1,AllanKennedyLouresBarbosa,SheknahTeam
Curitiba Fall International Open IBJJF Jiu-Jitsu No-Gi Championship 2017,Juvenile/Male/Blue/Middle,2,KennedyViniciusSantanaBarros,SheknahTeam
Curitiba Fall International Open IBJJF Jiu-Jitsu No-Gi Championship 2017,Juvenile/Male/Blue/Middle,3,DanielCoelhoCoutinho,NovaUnião
Curitiba Fall International Open IBJJF Jiu-Jitsu No-Gi Championship 2017,Juvenile/Male/Blue/Medium-Heavy,1,GleisonRogériodaSilvaSantos,NovaUnião
Curitiba Fall International Open IBJJF Jiu-Jitsu No-Gi Championship 2017,Juvenile/Male/Blue/Medium-Heavy,2,GabrieldaVeigaSouza,ZenithBJJ
Curitiba Fall International Open IBJJF Jiu-Jitsu No-Gi Championship 2017,Juvenile/Male/Blue/Medium-Heavy,3,EduardoFilho,BARBOSAJIU,JITSU
Curitiba Fall International Open IBJJF Jiu-Jitsu No-Gi Championship 2017,Juvenile/Male/Blue/Medium-Heavy,3,JonathanSaint'ClairBrancoBalieirodeCarvalho,GracieBarra
Curitiba Fall International Open IBJJF Jiu-Jitsu No-Gi Championship 2017,Juvenile/Male/Blue/Heavy,1,PauloHenriqueMerlin,GracieBarra
Curitiba Fall International Open IBJJF Jiu-Jitsu No-Gi Championship 2017,Juvenile/Male/Blue/Super-Heavy,1,JhonatanPereiraAzevedo,NovaUnião
Curitiba Fall International Open IBJJF Jiu-Jitsu No-Gi Championship 2017,Juvenile/Male/Blue/Ultra-Heavy,1,LucasDiasdaSilva,MacacoGoldTeam
Curitiba Fall International Open IBJJF Jiu-Jitsu No-Gi Championship 2017,Juvenile/Male/Blue/Ultra-Heavy,2,PetersonSoaresCampagnoli,SaikooJiu,Jitsu
Curitiba Fall International Open IBJJF Jiu-Jitsu No-Gi Championship 2017,Juvenile/Male/Blue/Ultra-Heavy,3,LeonardoPerezDominguesGameiro,Alliance
Curitiba Fall International Open IBJJF Jiu-Jitsu No-Gi Championship 2017,Juvenile/Male/Blue/Enum_WeightDivision_Absoluto_Label,1,JoacyMendesdaSilvaJr.,GameFightBJJ/Manimal
Curitiba Fall International Open IBJJF Jiu-Jitsu No-Gi Championship 2017,Juvenile/Male/Blue/Enum_WeightDivision_Absoluto_Label,2,IsaiasHiginoPereiradosSantos,NovaUnião
Curitiba Fall International Open IBJJF Jiu-Jitsu No-Gi Championship 2017,Juvenile/Male/Blue/Enum_WeightDivision_Absoluto_Label,3,DaniloRibeirodosSantos,SheknahTeam
Curitiba Fall International Open IBJJF Jiu-Jitsu No-Gi Championship 2017,Juvenile/Male/Blue/Enum_WeightDivision_Absoluto_Label,3,LeonardoPereiraNovaes,SheknahTeam
Curitiba Fall International Open IBJJF Jiu-Jitsu No-Gi Championship 2017,Juvenile/Male/Blue/Enum_WeightDivision_Absoluto_Label,1,PauloHenriqueMerlin,GracieBarra
Curitiba Fall International Open IBJJF Jiu-Jitsu No-Gi Championship 2017,Juvenile/Male/Blue/Enum_WeightDivision_Absoluto_Label,2,GabrieldaVeigaSouza,ZenithBJJ
Curitiba Fall International Open IBJJF Jiu-Jitsu No-Gi Championship 2017,Juvenile/Male/Blue/Enum_WeightDivision_Absoluto_Label,3,GleisonRogériodaSilvaSantos,NovaUnião
Curitiba Fall International Open IBJJF Jiu-Jitsu No-Gi Championship 2017,Juvenile/Male/Blue/Enum_WeightDivision_Absoluto_Label,3,JhonatanPereiraAzevedo,NovaUnião
Curitiba Fall International Open IBJJF Jiu-Jitsu No-Gi Championship 2017,Juvenile/Female/Blue/Middle,1,LauraRibertiSileci,DemianMaiaJiu,Jitsu
Curitiba Fall International Open IBJJF Jiu-Jitsu No-Gi Championship 2017,Juvenile/Female/Blue/Heavy,1,MayaradeRamosRibeiro,014RBJJ
Curitiba Fall International Open IBJJF Jiu-Jitsu No-Gi Championship 2017,Juvenile/Female/Blue/Super-Heavy,1,BiankaColaçoMaguerroski,Alliance
Curitiba Fall International Open IBJJF Jiu-Jitsu No-Gi Championship 2017,Juvenile/Female/Blue/Enum_WeightDivision_Absoluto_Label,1,MayaradeRamosRibeiro,014RBJJ
Curitiba Fall International Open IBJJF Jiu-Jitsu No-Gi Championship 2017,Juvenile/Female/Blue/Enum_WeightDivision_Absoluto_Label,2,BiankaColaçoMaguerroski,Alliance
Curitiba Fall International Open IBJJF Jiu-Jitsu No-Gi Championship 2017,Juvenile/Female/Blue/Enum_WeightDivision_Absoluto_Label,3,LauraRibertiSileci,DemianMaiaJiu,Jitsu
