Floripa Spring International Open Jiu-Jitsu No-Gi Championship 2017,Adult/Male/Blue/Light-Feather,1,FabioHenriqueVieiraFernandes,CheckMat
Floripa Spring International Open Jiu-Jitsu No-Gi Championship 2017,Adult/Male/Blue/Light-Feather,2,RyanOrtizSilva,WinnerJJ
Floripa Spring International Open Jiu-Jitsu No-Gi Championship 2017,Adult/Male/Blue/Light-Feather,3,JoaoVitorNunesdeFaria,NetoFightTeam
Floripa Spring International Open Jiu-Jitsu No-Gi Championship 2017,Adult/Male/Blue/Light-Feather,3,JoséAparecidoNavachiJunior,Alliance
Floripa Spring International Open Jiu-Jitsu No-Gi Championship 2017,Adult/Male/Blue/Feather,1,SantiagoMartinAcosta,MarioSukataInternational
Floripa Spring International Open Jiu-Jitsu No-Gi Championship 2017,Adult/Male/Blue/Feather,2,FelipeValcarenghiLippert,AtosJiu,Jitsu
Floripa Spring International Open Jiu-Jitsu No-Gi Championship 2017,Adult/Male/Blue/Feather,3,AlvaroFarinha,MarioSukataInternational
Floripa Spring International Open Jiu-Jitsu No-Gi Championship 2017,Adult/Male/Blue/Feather,3,BrunoRodrigues,RocianGracieJr.
Floripa Spring International Open Jiu-Jitsu No-Gi Championship 2017,Adult/Male/Blue/Light,1,IgorAbreudeAragão,CheckMat
Floripa Spring International Open Jiu-Jitsu No-Gi Championship 2017,Adult/Male/Blue/Light,2,GustavoPereiradeMoraes,CheckMat
Floripa Spring International Open Jiu-Jitsu No-Gi Championship 2017,Adult/Male/Blue/Light,3,HeitorFerreiraMangaravitteSenra,SoulFightersBJJ
Floripa Spring International Open Jiu-Jitsu No-Gi Championship 2017,Adult/Male/Blue/Light,3,JorgeHenriqueLobatoRamos,GracieBarra
Floripa Spring International Open Jiu-Jitsu No-Gi Championship 2017,Adult/Male/Blue/Middle,1,JailsondeSousaRodrigues,RibeiroJiu,Jitsu
Floripa Spring International Open Jiu-Jitsu No-Gi Championship 2017,Adult/Male/Blue/Middle,2,DouglasRafaelDeAlmeidaCruz,MonteJiu,JitsuTeamBlumenau
Floripa Spring International Open Jiu-Jitsu No-Gi Championship 2017,Adult/Male/Blue/Middle,3,AllanHenriqueCastroVitoria,GuethoJiuJitsu
Floripa Spring International Open Jiu-Jitsu No-Gi Championship 2017,Adult/Male/Blue/Middle,3,MaiconRodrigodosSantos,AtosJiu,Jitsu
Floripa Spring International Open Jiu-Jitsu No-Gi Championship 2017,Adult/Male/Blue/Medium-Heavy,1,OziresGavaNeto,AtosJiu,Jitsu
Floripa Spring International Open Jiu-Jitsu No-Gi Championship 2017,Adult/Male/Blue/Medium-Heavy,2,YagoD'SantisVargas,RBJiu,Jitsu
Floripa Spring International Open Jiu-Jitsu No-Gi Championship 2017,Adult/Male/Blue/Medium-Heavy,3,ViniciusRaphaelSeratto,GracieBarra
Floripa Spring International Open Jiu-Jitsu No-Gi Championship 2017,Adult/Male/Blue/Heavy,1,RodrigoRafaelDaRosaSantos,NovaUnião
Floripa Spring International Open Jiu-Jitsu No-Gi Championship 2017,Adult/Male/Blue/Heavy,2,VitorBrunoM.daSilva,Integração/EOFC
Floripa Spring International Open Jiu-Jitsu No-Gi Championship 2017,Adult/Male/Blue/Heavy,3,PedroGoldoniPeixoto,IconJiu,JitsuTeam,Niteroi
Floripa Spring International Open Jiu-Jitsu No-Gi Championship 2017,Adult/Male/Blue/Super-Heavy,1,GustavoPradoFaquini,GracieBarra
Floripa Spring International Open Jiu-Jitsu No-Gi Championship 2017,Adult/Male/Blue/Ultra-Heavy,1,MarceloVilasBoasJunior,NovaUnião
Floripa Spring International Open Jiu-Jitsu No-Gi Championship 2017,Adult/Male/Blue/Ultra-Heavy,2,GustavoGonçalvesDomenicallidaSilva,JFCAlmeidaJJ
Floripa Spring International Open Jiu-Jitsu No-Gi Championship 2017,Adult/Male/Blue/Enum_WeightDivision_OpenClass_Label,1,GustavoPradoFaquini,GracieBarra
Floripa Spring International Open Jiu-Jitsu No-Gi Championship 2017,Adult/Male/Blue/Enum_WeightDivision_OpenClass_Label,2,OziresGavaNeto,AtosJiu,Jitsu
Floripa Spring International Open Jiu-Jitsu No-Gi Championship 2017,Adult/Male/Blue/Enum_WeightDivision_OpenClass_Label,3,GustavoPereiradeMoraes,CheckMat
Floripa Spring International Open Jiu-Jitsu No-Gi Championship 2017,Adult/Male/Blue/Enum_WeightDivision_OpenClass_Label,3,RodrigoRafaelDaRosaSantos,NovaUnião
Floripa Spring International Open Jiu-Jitsu No-Gi Championship 2017,Adult/Male/Purple/Light-Feather,1,YuriHendrexAssunçãoSoares,PSLPBCiceroCostha
Floripa Spring International Open Jiu-Jitsu No-Gi Championship 2017,Adult/Male/Purple/Light-Feather,2,MatheusBarbosaRossi,PSLPBCiceroCostha
Floripa Spring International Open Jiu-Jitsu No-Gi Championship 2017,Adult/Male/Purple/Light-Feather,3,ViníciusGóesBarbosa,GFTeam
Floripa Spring International Open Jiu-Jitsu No-Gi Championship 2017,Adult/Male/Purple/Feather,1,WallaceFelipedeAlmeida,BARBOSAJIU,JITSU
Floripa Spring International Open Jiu-Jitsu No-Gi Championship 2017,Adult/Male/Purple/Feather,2,MatheusYudiOnda,BARBOSAJIU,JITSU
Floripa Spring International Open Jiu-Jitsu No-Gi Championship 2017,Adult/Male/Purple/Feather,3,PedroHenriqueCardosoBarbosa,Bullsfighter
Floripa Spring International Open Jiu-Jitsu No-Gi Championship 2017,Adult/Male/Purple/Light,1,DarlanViniciusdaS.Casaca,GameFightBJJ/Manimal
Floripa Spring International Open Jiu-Jitsu No-Gi Championship 2017,Adult/Male/Purple/Light,2,WillianSalvinodeSousa,ESJJ(ExcelenceSchoolofJiu,Jitsu)
Floripa Spring International Open Jiu-Jitsu No-Gi Championship 2017,Adult/Male/Purple/Light,3,ArthanBandeiraSilvaBarcellos,MichelMaiaJiu,Jitsu
Floripa Spring International Open Jiu-Jitsu No-Gi Championship 2017,Adult/Male/Purple/Middle,1,IgorGabrielSoares,A.STeam
Floripa Spring International Open Jiu-Jitsu No-Gi Championship 2017,Adult/Male/Purple/Middle,2,HenriqueZamin,Alliance
Floripa Spring International Open Jiu-Jitsu No-Gi Championship 2017,Adult/Male/Purple/Middle,3,NicolasFedericoCocuccio,GFTeam
Floripa Spring International Open Jiu-Jitsu No-Gi Championship 2017,Adult/Male/Purple/Middle,3,TiagoRosar,GracieBarra
Floripa Spring International Open Jiu-Jitsu No-Gi Championship 2017,Adult/Male/Purple/Medium-Heavy,1,HenriqueNóbregaeSilva,Integração/EOFC
Floripa Spring International Open Jiu-Jitsu No-Gi Championship 2017,Adult/Male/Purple/Medium-Heavy,2,RafaelRobertoRaffs,A.STeam
Floripa Spring International Open Jiu-Jitsu No-Gi Championship 2017,Adult/Male/Purple/Medium-Heavy,3,AlyssonSantosXavier,JuniorAndrade
Floripa Spring International Open Jiu-Jitsu No-Gi Championship 2017,Adult/Male/Purple/Medium-Heavy,3,HectorDiaz,CohabChile
Floripa Spring International Open Jiu-Jitsu No-Gi Championship 2017,Adult/Male/Purple/Heavy,1,AlanHenriqueFerreira,NovaUnião
Floripa Spring International Open Jiu-Jitsu No-Gi Championship 2017,Adult/Male/Purple/Heavy,2,MiguelCuriNeto,NovaUnião
Floripa Spring International Open Jiu-Jitsu No-Gi Championship 2017,Adult/Male/Purple/Heavy,3,RafaelLuzdaCosta,JFCAlmeidaJJ
Floripa Spring International Open Jiu-Jitsu No-Gi Championship 2017,Adult/Male/Purple/Super-Heavy,1,MatheusdeOliveiraBatista,GFTeam
Floripa Spring International Open Jiu-Jitsu No-Gi Championship 2017,Adult/Male/Purple/Super-Heavy,2,MarcCharlesGrayson,BJJGlobetrotters
Floripa Spring International Open Jiu-Jitsu No-Gi Championship 2017,Adult/Male/Purple/Ultra-Heavy,1,GabrielGonzagadeSousa,A.STeam
Floripa Spring International Open Jiu-Jitsu No-Gi Championship 2017,Adult/Male/Purple/Ultra-Heavy,2,DouglasFelipedaSilva,GracieBarra
Floripa Spring International Open Jiu-Jitsu No-Gi Championship 2017,Adult/Male/Purple/Ultra-Heavy,3,ViniciusSimõesBravo,KullgamCompetition
Floripa Spring International Open Jiu-Jitsu No-Gi Championship 2017,Adult/Male/Purple/Enum_WeightDivision_OpenClass_Label,1,MarcCharlesGrayson,BJJGlobetrotters
Floripa Spring International Open Jiu-Jitsu No-Gi Championship 2017,Adult/Male/Purple/Enum_WeightDivision_OpenClass_Label,2,HenriqueZamin,Alliance
Floripa Spring International Open Jiu-Jitsu No-Gi Championship 2017,Adult/Male/Purple/Enum_WeightDivision_OpenClass_Label,3,HectorDiaz,CohabChile
Floripa Spring International Open Jiu-Jitsu No-Gi Championship 2017,Adult/Male/Purple/Enum_WeightDivision_OpenClass_Label,3,MatheusdeOliveiraBatista,GFTeam
Floripa Spring International Open Jiu-Jitsu No-Gi Championship 2017,Adult/Male/Brown/Light-Feather,1,ÁvilaGuilherminoCostaRodrigues,RibeiroJiu,Jitsu
Floripa Spring International Open Jiu-Jitsu No-Gi Championship 2017,Adult/Male/Brown/Light-Feather,2,LucasGaribaldi,BARBOSAJIU,JITSU
Floripa Spring International Open Jiu-Jitsu No-Gi Championship 2017,Adult/Male/Brown/Feather,1,LuanGomesDaSilva,SaikooJiu,Jitsu
Floripa Spring International Open Jiu-Jitsu No-Gi Championship 2017,Adult/Male/Brown/Feather,2,PedroIahnkedeOliveiraCrixel,PSLPBCiceroCostha
Floripa Spring International Open Jiu-Jitsu No-Gi Championship 2017,Adult/Male/Brown/Feather,3,JoséRobertoBragaSoares,Brasa/Muzio
Floripa Spring International Open Jiu-Jitsu No-Gi Championship 2017,Adult/Male/Brown/Light,1,ViniciusdosSantosPereira,GracieBarra
Floripa Spring International Open Jiu-Jitsu No-Gi Championship 2017,Adult/Male/Brown/Light,2,LeandroOliveira,PSLPBCiceroCostha
Floripa Spring International Open Jiu-Jitsu No-Gi Championship 2017,Adult/Male/Brown/Light,3,DouglasNogueiradeAlmeida,RilionGracieAcademyFlorianópolisCentro
Floripa Spring International Open Jiu-Jitsu No-Gi Championship 2017,Adult/Male/Brown/Light,3,JoãoPedroMiskMiller,GET,Fight
Floripa Spring International Open Jiu-Jitsu No-Gi Championship 2017,Adult/Male/Brown/Middle,1,PierpaoloChiappe,CohabChile
Floripa Spring International Open Jiu-Jitsu No-Gi Championship 2017,Adult/Male/Brown/Middle,2,EvertonFariasNascimento,A.STeamJoinville
Floripa Spring International Open Jiu-Jitsu No-Gi Championship 2017,Adult/Male/Brown/Middle,3,JeisonPintoSilvaSiqueira,Alliance
Floripa Spring International Open Jiu-Jitsu No-Gi Championship 2017,Adult/Male/Brown/Middle,3,LucasMachadodeOliveira,Alliance
Floripa Spring International Open Jiu-Jitsu No-Gi Championship 2017,Adult/Male/Brown/Heavy,1,CaioFernandoLopesPaganini,Alliance
Floripa Spring International Open Jiu-Jitsu No-Gi Championship 2017,Adult/Male/Brown/Heavy,2,ArthurCitadinMendes,GracieGym
Floripa Spring International Open Jiu-Jitsu No-Gi Championship 2017,Adult/Male/Brown/Heavy,3,JeanCarloMirapalhetadosSantos,JulioSecco
Floripa Spring International Open Jiu-Jitsu No-Gi Championship 2017,Adult/Male/Brown/Super-Heavy,1,CiceroCarvalhoJunior,GracieBarra
Floripa Spring International Open Jiu-Jitsu No-Gi Championship 2017,Adult/Male/Brown/Ultra-Heavy,1,LeonardodeOliveiraGonçalves,PSLPBCiceroCostha
Floripa Spring International Open Jiu-Jitsu No-Gi Championship 2017,Adult/Male/Brown/Enum_WeightDivision_OpenClass_Label,1,LeonardodeOliveiraGonçalves,PSLPBCiceroCostha
Floripa Spring International Open Jiu-Jitsu No-Gi Championship 2017,Adult/Male/Brown/Enum_WeightDivision_OpenClass_Label,2,CaioFernandoLopesPaganini,Alliance
Floripa Spring International Open Jiu-Jitsu No-Gi Championship 2017,Adult/Male/Brown/Enum_WeightDivision_OpenClass_Label,3,CiceroCarvalhoJunior,GracieBarra
Floripa Spring International Open Jiu-Jitsu No-Gi Championship 2017,Adult/Male/Brown/Enum_WeightDivision_OpenClass_Label,3,LeandroOliveira,PSLPBCiceroCostha
Floripa Spring International Open Jiu-Jitsu No-Gi Championship 2017,Adult/Male/Black/Light-Feather,1,ThalesNakassu,CheckMat
Floripa Spring International Open Jiu-Jitsu No-Gi Championship 2017,Adult/Male/Black/Light-Feather,2,FelipeRodriguesGiarolla,QatarBJJBrasil
Floripa Spring International Open Jiu-Jitsu No-Gi Championship 2017,Adult/Male/Black/Light-Feather,3,MarcioFerreiradoNascimento,ColisãoJiu,Jitsu
Floripa Spring International Open Jiu-Jitsu No-Gi Championship 2017,Adult/Male/Black/Feather,1,JacksonFaveroMonguilhott,A.STeam
Floripa Spring International Open Jiu-Jitsu No-Gi Championship 2017,Adult/Male/Black/Feather,2,GustavoMendesM.PraxedesLeal,NovaUnião
Floripa Spring International Open Jiu-Jitsu No-Gi Championship 2017,Adult/Male/Black/Light,1,LucianodeMacedoBernert,A.STeam
Floripa Spring International Open Jiu-Jitsu No-Gi Championship 2017,Adult/Male/Black/Light,2,MaximilianoOlmedo,GFTeam
Floripa Spring International Open Jiu-Jitsu No-Gi Championship 2017,Adult/Male/Black/Light,3,BrunodaSilvaFelintro,HelenoMaiaJJ
Floripa Spring International Open Jiu-Jitsu No-Gi Championship 2017,Adult/Male/Black/Light,3,VictordeMatos,ZenithBJJ
Floripa Spring International Open Jiu-Jitsu No-Gi Championship 2017,Adult/Male/Black/Middle,1,AndreyMartinsdeAndrade,RilionGracieJJ
Floripa Spring International Open Jiu-Jitsu No-Gi Championship 2017,Adult/Male/Black/Middle,2,JulianoSilvaRocha,AtosJiu,Jitsu
Floripa Spring International Open Jiu-Jitsu No-Gi Championship 2017,Adult/Male/Black/Middle,3,MoisesCavalcante,GFTeam
Floripa Spring International Open Jiu-Jitsu No-Gi Championship 2017,Adult/Male/Black/Medium-Heavy,1,MatheusFlorestaFelix,GFTeam
Floripa Spring International Open Jiu-Jitsu No-Gi Championship 2017,Adult/Male/Black/Medium-Heavy,2,MatheusLinharesKnorr,DrillBJJ
Floripa Spring International Open Jiu-Jitsu No-Gi Championship 2017,Adult/Male/Black/Medium-Heavy,3,EdsonAntoniodeOliveiraFilho,Alliance
Floripa Spring International Open Jiu-Jitsu No-Gi Championship 2017,Adult/Male/Black/Heavy,1,HenriqueRussiFelixdeLima,CheckMat
Floripa Spring International Open Jiu-Jitsu No-Gi Championship 2017,Adult/Male/Black/Heavy,2,ManoelFernandesdeOliveiraNeto,CiaAmazonensedeJiu,Jitsu
Floripa Spring International Open Jiu-Jitsu No-Gi Championship 2017,Adult/Male/Black/Heavy,3,TiagoHilgemberg,A.STeam
Floripa Spring International Open Jiu-Jitsu No-Gi Championship 2017,Adult/Male/Black/Super-Heavy,1,ErickdosSantosdaRosa,A.STeamSC
Floripa Spring International Open Jiu-Jitsu No-Gi Championship 2017,Adult/Male/Black/Enum_WeightDivision_OpenClass_Label,1,LucianodeMacedoBernert,A.STeam
Floripa Spring International Open Jiu-Jitsu No-Gi Championship 2017,Adult/Male/Black/Enum_WeightDivision_OpenClass_Label,2,JacksonFaveroMonguilhott,A.STeam
Floripa Spring International Open Jiu-Jitsu No-Gi Championship 2017,Adult/Male/Black/Enum_WeightDivision_OpenClass_Label,3,ErickdosSantosdaRosa,A.STeamSC
Floripa Spring International Open Jiu-Jitsu No-Gi Championship 2017,Adult/Male/Black/Enum_WeightDivision_OpenClass_Label,3,HenriqueRussiFelixdeLima,CheckMat
Floripa Spring International Open Jiu-Jitsu No-Gi Championship 2017,Adult/Female/Blue/Feather,1,KarenTerra,GameFightBJJ/Manimal
Floripa Spring International Open Jiu-Jitsu No-Gi Championship 2017,Adult/Female/Blue/Feather,2,MoniqueMorais,A.STeamJoinville
Floripa Spring International Open Jiu-Jitsu No-Gi Championship 2017,Adult/Female/Blue/Feather,3,DeiseBatistaNardoni,GracieHumaita
Floripa Spring International Open Jiu-Jitsu No-Gi Championship 2017,Adult/Female/Blue/Feather,3,JazminHamuy,CohabChile
Floripa Spring International Open Jiu-Jitsu No-Gi Championship 2017,Adult/Female/Blue/Middle,1,MarinaAlcaldeRodriguez,A.STeam
Floripa Spring International Open Jiu-Jitsu No-Gi Championship 2017,Adult/Female/Blue/Middle,2,AdrianeCristinaCesário,GracieBarra
Floripa Spring International Open Jiu-Jitsu No-Gi Championship 2017,Adult/Female/Blue/Middle,3,JaquelinedosSantos,CheckMat
Floripa Spring International Open Jiu-Jitsu No-Gi Championship 2017,Adult/Female/Blue/Medium-Heavy,1,LisianeMachadoMartins,GracieBarra
Floripa Spring International Open Jiu-Jitsu No-Gi Championship 2017,Adult/Female/Blue/Medium-Heavy,2,LetíciaCardozodeCarvalho,A.STeam
Floripa Spring International Open Jiu-Jitsu No-Gi Championship 2017,Adult/Female/Blue/Medium-Heavy,3,VictoriaLeitedeOliveira,AtosJiu,Jitsu
Floripa Spring International Open Jiu-Jitsu No-Gi Championship 2017,Adult/Female/Blue/Super-Heavy,1,NicoleFurtadoCastanheira,CheckMat
Floripa Spring International Open Jiu-Jitsu No-Gi Championship 2017,Adult/Female/Blue/Enum_WeightDivision_OpenClass_Label,1,MarinaAlcaldeRodriguez,A.STeam
Floripa Spring International Open Jiu-Jitsu No-Gi Championship 2017,Adult/Female/Blue/Enum_WeightDivision_OpenClass_Label,2,LetíciaCardozodeCarvalho,A.STeam
Floripa Spring International Open Jiu-Jitsu No-Gi Championship 2017,Adult/Female/Blue/Enum_WeightDivision_OpenClass_Label,3,AdrianeCristinaCesário,GracieBarra
Floripa Spring International Open Jiu-Jitsu No-Gi Championship 2017,Adult/Female/Blue/Enum_WeightDivision_OpenClass_Label,3,KarenTerra,GameFightBJJ/Manimal
Floripa Spring International Open Jiu-Jitsu No-Gi Championship 2017,Adult/Female/Purple/Light,1,MelissaA.UbalCortes,CohabChile
Floripa Spring International Open Jiu-Jitsu No-Gi Championship 2017,Adult/Female/Purple/Medium-Heavy,1,MelissaStrickerCueto,DrillBJJ
Floripa Spring International Open Jiu-Jitsu No-Gi Championship 2017,Adult/Female/Purple/Heavy,1,DanielaAlziradaSilvaArouca,CentrodeTreinamentoMaringá
Floripa Spring International Open Jiu-Jitsu No-Gi Championship 2017,Adult/Female/Purple/Enum_WeightDivision_OpenClass_Label,1,MelissaStrickerCueto,DrillBJJ
Floripa Spring International Open Jiu-Jitsu No-Gi Championship 2017,Adult/Female/Purple/Enum_WeightDivision_OpenClass_Label,2,MelissaA.UbalCortes,CohabChile
Floripa Spring International Open Jiu-Jitsu No-Gi Championship 2017,Adult/Female/Purple/Enum_WeightDivision_OpenClass_Label,3,DanielaAlziradaSilvaArouca,CentrodeTreinamentoMaringá
Floripa Spring International Open Jiu-Jitsu No-Gi Championship 2017,Adult/Female/Brown/Middle,1,GabrielaMeirelesFechter,CheckMat
Floripa Spring International Open Jiu-Jitsu No-Gi Championship 2017,Adult/Female/Brown/Middle,2,RubiaAmorimdosSantos,A.STeam
Floripa Spring International Open Jiu-Jitsu No-Gi Championship 2017,Adult/Female/Brown/Middle,3,MarciaFrancinedeSouza,RilionGracieJJ
Floripa Spring International Open Jiu-Jitsu No-Gi Championship 2017,Adult/Female/Brown/Enum_WeightDivision_OpenClass_Label,1,GabrielaMeirelesFechter,CheckMat
Floripa Spring International Open Jiu-Jitsu No-Gi Championship 2017,Adult/Female/Brown/Enum_WeightDivision_OpenClass_Label,2,MarciaFrancinedeSouza,RilionGracieJJ
Floripa Spring International Open Jiu-Jitsu No-Gi Championship 2017,Master1/Male/Blue/Light,1,FelipeDallAgnol,GarraTeam
Floripa Spring International Open Jiu-Jitsu No-Gi Championship 2017,Master1/Male/Blue/Light,2,GabrielLannadosSantos,LethalTeamBJJ
Floripa Spring International Open Jiu-Jitsu No-Gi Championship 2017,Master1/Male/Blue/Light,3,VictorCarlosNunesDaCruz,ColisãoJiu,Jitsu
Floripa Spring International Open Jiu-Jitsu No-Gi Championship 2017,Master1/Male/Blue/Middle,1,SamuelNaionUbirajaraSilvadeOliveira,JaraguáBJJ
Floripa Spring International Open Jiu-Jitsu No-Gi Championship 2017,Master1/Male/Blue/Middle,2,JeffersondeSouza,JFCAlmeidaJJ
Floripa Spring International Open Jiu-Jitsu No-Gi Championship 2017,Master1/Male/Blue/Middle,3,CleytonSouzaNascimento,EquipeMineirinhoJiu,Jitsu
Floripa Spring International Open Jiu-Jitsu No-Gi Championship 2017,Master1/Male/Blue/Middle,3,RodneyRangelLauTungTai,GracieTijuca
Floripa Spring International Open Jiu-Jitsu No-Gi Championship 2017,Master1/Male/Blue/Medium-Heavy,1,JaissonValtairdaCruz,A.STeam
Floripa Spring International Open Jiu-Jitsu No-Gi Championship 2017,Master1/Male/Blue/Medium-Heavy,2,EduardoFernandoG.Branco,N1CiadeArtesMarciais
Floripa Spring International Open Jiu-Jitsu No-Gi Championship 2017,Master1/Male/Blue/Heavy,1,ThyagoAugustoLopes,AcademiaThaiBrasil
Floripa Spring International Open Jiu-Jitsu No-Gi Championship 2017,Master1/Male/Blue/Heavy,2,EduardoEspeditoMoserPoletto,AtosJiu,Jitsu
Floripa Spring International Open Jiu-Jitsu No-Gi Championship 2017,Master1/Male/Blue/Super-Heavy,1,WillianSouzaDomingues,RocianGracieJr.
Floripa Spring International Open Jiu-Jitsu No-Gi Championship 2017,Master1/Male/Blue/Super-Heavy,2,ElisonCastanheiraAlbernaz,DDRJJ
Floripa Spring International Open Jiu-Jitsu No-Gi Championship 2017,Master1/Male/Blue/Ultra-Heavy,1,JuaresSantos,CentrodeTreinamentoMaringá
Floripa Spring International Open Jiu-Jitsu No-Gi Championship 2017,Master1/Male/Blue/Ultra-Heavy,2,FabioJuniorDaSilva,RyanGracieTeamB
Floripa Spring International Open Jiu-Jitsu No-Gi Championship 2017,Master1/Male/Blue/Enum_WeightDivision_OpenClass_Label,1,ThyagoAugustoLopes,AcademiaThaiBrasil
Floripa Spring International Open Jiu-Jitsu No-Gi Championship 2017,Master1/Male/Blue/Enum_WeightDivision_OpenClass_Label,2,JaissonValtairdaCruz,A.STeam
Floripa Spring International Open Jiu-Jitsu No-Gi Championship 2017,Master1/Male/Blue/Enum_WeightDivision_OpenClass_Label,3,ElisonCastanheiraAlbernaz,DDRJJ
Floripa Spring International Open Jiu-Jitsu No-Gi Championship 2017,Master1/Male/Blue/Enum_WeightDivision_OpenClass_Label,3,JeffersondeSouza,JFCAlmeidaJJ
Floripa Spring International Open Jiu-Jitsu No-Gi Championship 2017,Master1/Male/Purple/Feather,1,MarcianodosSantos,FighterJiu,Jitsu
Floripa Spring International Open Jiu-Jitsu No-Gi Championship 2017,Master1/Male/Purple/Feather,2,RicardoPereiradeAlmeida,N1CiadeArtesMarciais
Floripa Spring International Open Jiu-Jitsu No-Gi Championship 2017,Master1/Male/Purple/Light,1,DouglasRodrigoM.deOliveira,OtáviodeAlmeida
Floripa Spring International Open Jiu-Jitsu No-Gi Championship 2017,Master1/Male/Purple/Light,2,MarcosPauloMachadodosSantos,ScorpyonJiu,Jitsu
Floripa Spring International Open Jiu-Jitsu No-Gi Championship 2017,Master1/Male/Purple/Light,3,EvertonAdrianoS.Tomazela,RilionGracieJJ
Floripa Spring International Open Jiu-Jitsu No-Gi Championship 2017,Master1/Male/Purple/Middle,1,RafaelPinheiro,RilionGracieJJ
Floripa Spring International Open Jiu-Jitsu No-Gi Championship 2017,Master1/Male/Purple/Medium-Heavy,1,MitchuáYapuanaQuintãodeOliveira,Alliance
Floripa Spring International Open Jiu-Jitsu No-Gi Championship 2017,Master1/Male/Purple/Medium-Heavy,2,NicolasEmilioFloresOcaranza,GracieHumaitaInternational
Floripa Spring International Open Jiu-Jitsu No-Gi Championship 2017,Master1/Male/Purple/Heavy,1,MarcoGiovanniLocatelliBenitez,Alliance
Floripa Spring International Open Jiu-Jitsu No-Gi Championship 2017,Master1/Male/Purple/Ultra-Heavy,1,CristobalAndirTorresFernandez,CohabChile
Floripa Spring International Open Jiu-Jitsu No-Gi Championship 2017,Master1/Male/Purple/Enum_WeightDivision_OpenClass_Label,1,MitchuáYapuanaQuintãodeOliveira,Alliance
Floripa Spring International Open Jiu-Jitsu No-Gi Championship 2017,Master1/Male/Purple/Enum_WeightDivision_OpenClass_Label,2,MarcoGiovanniLocatelliBenitez,Alliance
Floripa Spring International Open Jiu-Jitsu No-Gi Championship 2017,Master1/Male/Purple/Enum_WeightDivision_OpenClass_Label,3,CristobalAndirTorresFernandez,CohabChile
Floripa Spring International Open Jiu-Jitsu No-Gi Championship 2017,Master1/Male/Purple/Enum_WeightDivision_OpenClass_Label,3,RafaelPinheiro,RilionGracieJJ
Floripa Spring International Open Jiu-Jitsu No-Gi Championship 2017,Master1/Male/Brown/Light-Feather,1,WagnerJacobFarias,GFTeam
Floripa Spring International Open Jiu-Jitsu No-Gi Championship 2017,Master1/Male/Brown/Feather,1,AlexDosSantosSouza,SheknahTeam
Floripa Spring International Open Jiu-Jitsu No-Gi Championship 2017,Master1/Male/Brown/Feather,2,PedroHenriqueGarciaLima,Alliance
Floripa Spring International Open Jiu-Jitsu No-Gi Championship 2017,Master1/Male/Brown/Feather,3,MarcioMoraesdeOliveira,BlackHelmets
Floripa Spring International Open Jiu-Jitsu No-Gi Championship 2017,Master1/Male/Brown/Light,1,CesarAugustoDelponteFernandes,GileRibeiroJJ
Floripa Spring International Open Jiu-Jitsu No-Gi Championship 2017,Master1/Male/Brown/Light,2,BrunoCoelhoRegufe,GracieBarra
Floripa Spring International Open Jiu-Jitsu No-Gi Championship 2017,Master1/Male/Brown/Light,3,JoesleyNascimentoSousa,MacacoGoldTeam
Floripa Spring International Open Jiu-Jitsu No-Gi Championship 2017,Master1/Male/Brown/Light,3,LucioMarqueCrestaniAlvaresdaCunha,WinnerJJ
Floripa Spring International Open Jiu-Jitsu No-Gi Championship 2017,Master1/Male/Brown/Middle,1,FabioNeryFernandes,NovaUnião
Floripa Spring International Open Jiu-Jitsu No-Gi Championship 2017,Master1/Male/Brown/Middle,2,HelberdeMendonçaOliveira,EquipeMineirinhoJiu,Jitsu
Floripa Spring International Open Jiu-Jitsu No-Gi Championship 2017,Master1/Male/Brown/Medium-Heavy,1,SandroSeveroTesta,DrillBJJ
Floripa Spring International Open Jiu-Jitsu No-Gi Championship 2017,Master1/Male/Brown/Medium-Heavy,2,TiagodaSilva,ZenithBJJ
Floripa Spring International Open Jiu-Jitsu No-Gi Championship 2017,Master1/Male/Brown/Medium-Heavy,3,AndreDinizdeSena,GracieBarra
Floripa Spring International Open Jiu-Jitsu No-Gi Championship 2017,Master1/Male/Brown/Medium-Heavy,3,EleandroRibeirodosSantos,GracieBarra
Floripa Spring International Open Jiu-Jitsu No-Gi Championship 2017,Master1/Male/Brown/Heavy,1,JoséRodrigoStramoskPenso,A.STeam
Floripa Spring International Open Jiu-Jitsu No-Gi Championship 2017,Master1/Male/Brown/Super-Heavy,1,AlfredoDiPieroRoesler,GracieBarra
Floripa Spring International Open Jiu-Jitsu No-Gi Championship 2017,Master1/Male/Brown/Ultra-Heavy,1,CornelioBatistadaSilveiraNetto,NsBrotherhood
Floripa Spring International Open Jiu-Jitsu No-Gi Championship 2017,Master1/Male/Brown/Ultra-Heavy,2,MarcelBrunoDuarteQuintanilha,GracieBarra
Floripa Spring International Open Jiu-Jitsu No-Gi Championship 2017,Master1/Male/Brown/Enum_WeightDivision_OpenClass_Label,1,CornelioBatistadaSilveiraNetto,NsBrotherhood
Floripa Spring International Open Jiu-Jitsu No-Gi Championship 2017,Master1/Male/Brown/Enum_WeightDivision_OpenClass_Label,2,AlfredoDiPieroRoesler,GracieBarra
Floripa Spring International Open Jiu-Jitsu No-Gi Championship 2017,Master1/Male/Brown/Enum_WeightDivision_OpenClass_Label,3,AlexDosSantosSouza,SheknahTeam
Floripa Spring International Open Jiu-Jitsu No-Gi Championship 2017,Master1/Male/Brown/Enum_WeightDivision_OpenClass_Label,3,MarcelBrunoDuarteQuintanilha,GracieBarra
Floripa Spring International Open Jiu-Jitsu No-Gi Championship 2017,Master1/Male/Black/Feather,1,AlbertSant'annadeCarvalho,GFTeam
Floripa Spring International Open Jiu-Jitsu No-Gi Championship 2017,Master1/Male/Black/Feather,2,EmanuelAyresdeMedeiros,GracieBarra
Floripa Spring International Open Jiu-Jitsu No-Gi Championship 2017,Master1/Male/Black/Light,1,GenesMartinsdeFreitasNeto,NetoFightTeam
Floripa Spring International Open Jiu-Jitsu No-Gi Championship 2017,Master1/Male/Black/Light,2,JhonnyGuimarãesLuiz,A.STeam
Floripa Spring International Open Jiu-Jitsu No-Gi Championship 2017,Master1/Male/Black/Light,3,FabianoMoraisdaTorres,FFTeamBJJ
Floripa Spring International Open Jiu-Jitsu No-Gi Championship 2017,Master1/Male/Black/Middle,1,DacioFernandesdeLima,NovaUnião
Floripa Spring International Open Jiu-Jitsu No-Gi Championship 2017,Master1/Male/Black/Middle,2,CarlosEduardoWalterdaSilva,GracieHumaita
Floripa Spring International Open Jiu-Jitsu No-Gi Championship 2017,Master1/Male/Black/Middle,3,AndresPerezBelmar,CohabChile
Floripa Spring International Open Jiu-Jitsu No-Gi Championship 2017,Master1/Male/Black/Medium-Heavy,1,PatriqueDamasioBressan,RilionGracieJJ
Floripa Spring International Open Jiu-Jitsu No-Gi Championship 2017,Master1/Male/Black/Medium-Heavy,2,JulioCesarMendesNunez,ZenithBJJ
Floripa Spring International Open Jiu-Jitsu No-Gi Championship 2017,Master1/Male/Black/Medium-Heavy,3,FernandoWagnerV.dosSantos,BTT
Floripa Spring International Open Jiu-Jitsu No-Gi Championship 2017,Master1/Male/Black/Medium-Heavy,3,JoãoDuartedaEncarnaçãoNeto,MonteJiu,JitsuTeamBlumenau
Floripa Spring International Open Jiu-Jitsu No-Gi Championship 2017,Master1/Male/Black/Heavy,1,JulioAndradeViotti,FFTeamBJJ
Floripa Spring International Open Jiu-Jitsu No-Gi Championship 2017,Master1/Male/Black/Super-Heavy,1,BrunodeBarrosRocha,CheckMat
Floripa Spring International Open Jiu-Jitsu No-Gi Championship 2017,Master1/Male/Black/Super-Heavy,2,ReginaldoRocha,A.STeam
Floripa Spring International Open Jiu-Jitsu No-Gi Championship 2017,Master1/Male/Black/Ultra-Heavy,1,JefersonConceiçãodosSantos,CheckMat
Floripa Spring International Open Jiu-Jitsu No-Gi Championship 2017,Master1/Male/Black/Ultra-Heavy,2,MarcosMacieldeOliveira,BicudoJiu,JitsuSchool
Floripa Spring International Open Jiu-Jitsu No-Gi Championship 2017,Master1/Male/Black/Enum_WeightDivision_OpenClass_Label,1,JefersonConceiçãodosSantos,CheckMat
Floripa Spring International Open Jiu-Jitsu No-Gi Championship 2017,Master1/Male/Black/Enum_WeightDivision_OpenClass_Label,2,PatriqueDamasioBressan,RilionGracieJJ
Floripa Spring International Open Jiu-Jitsu No-Gi Championship 2017,Master1/Male/Black/Enum_WeightDivision_OpenClass_Label,3,JulioAndradeViotti,FFTeamBJJ
Floripa Spring International Open Jiu-Jitsu No-Gi Championship 2017,Master1/Male/Black/Enum_WeightDivision_OpenClass_Label,3,MarcosMacieldeOliveira,BicudoJiu,JitsuSchool
Floripa Spring International Open Jiu-Jitsu No-Gi Championship 2017,Master1/Female/Blue/Super-Heavy,1,PatriciaCostaSilva,ScorpyonJiu,Jitsu
Floripa Spring International Open Jiu-Jitsu No-Gi Championship 2017,Master1/Female/Blue/Enum_WeightDivision_OpenClass_Label,1,PatriciaCostaSilva,ScorpyonJiu,Jitsu
Floripa Spring International Open Jiu-Jitsu No-Gi Championship 2017,Master2/Male/Blue/Light-Feather,1,MarceloWeberRodrigues,CheckMat
Floripa Spring International Open Jiu-Jitsu No-Gi Championship 2017,Master2/Male/Blue/Feather,1,FernandoDanielMatile,JaraguáBJJ
Floripa Spring International Open Jiu-Jitsu No-Gi Championship 2017,Master2/Male/Blue/Feather,2,ClaudinoLessaGoncalves,GracieBarra
Floripa Spring International Open Jiu-Jitsu No-Gi Championship 2017,Master2/Male/Blue/Light,1,CleitoJoséTrembulak,N1CiadeArtesMarciais
Floripa Spring International Open Jiu-Jitsu No-Gi Championship 2017,Master2/Male/Blue/Light,2,AndréDuartePortes,AtosJiu,Jitsu
Floripa Spring International Open Jiu-Jitsu No-Gi Championship 2017,Master2/Male/Blue/Middle,1,EduardoSilvadosSantos,Alliance
Floripa Spring International Open Jiu-Jitsu No-Gi Championship 2017,Master2/Male/Blue/Middle,2,JuniorCarneiroGelamo,BicudoJiu,JitsuSchool
Floripa Spring International Open Jiu-Jitsu No-Gi Championship 2017,Master2/Male/Blue/Enum_WeightDivision_OpenClass_Label,1,EduardoSilvadosSantos,Alliance
Floripa Spring International Open Jiu-Jitsu No-Gi Championship 2017,Master2/Male/Blue/Enum_WeightDivision_OpenClass_Label,2,CleitoJoséTrembulak,N1CiadeArtesMarciais
Floripa Spring International Open Jiu-Jitsu No-Gi Championship 2017,Master2/Male/Blue/Enum_WeightDivision_OpenClass_Label,3,JuniorCarneiroGelamo,BicudoJiu,JitsuSchool
Floripa Spring International Open Jiu-Jitsu No-Gi Championship 2017,Master2/Male/Blue/Enum_WeightDivision_OpenClass_Label,3,MarceloWeberRodrigues,CheckMat
Floripa Spring International Open Jiu-Jitsu No-Gi Championship 2017,Master2/Male/Purple/Light,1,LuizFernandoSoares,GracieTijuca
Floripa Spring International Open Jiu-Jitsu No-Gi Championship 2017,Master2/Male/Purple/Light,2,AlexisVenturino,GFTeam
Floripa Spring International Open Jiu-Jitsu No-Gi Championship 2017,Master2/Male/Purple/Medium-Heavy,1,CarlosAlbertoPérez,MarioSukataInternational
Floripa Spring International Open Jiu-Jitsu No-Gi Championship 2017,Master2/Male/Purple/Medium-Heavy,2,RenatoWerlang,ScorpyonJiu,Jitsu
Floripa Spring International Open Jiu-Jitsu No-Gi Championship 2017,Master2/Male/Purple/Heavy,1,OlegasOrlovas,InfightJJ
Floripa Spring International Open Jiu-Jitsu No-Gi Championship 2017,Master2/Male/Purple/Heavy,2,AgustinOmarCornalo,GFTeam
Floripa Spring International Open Jiu-Jitsu No-Gi Championship 2017,Master2/Male/Purple/Heavy,3,MarcioRicardodePaulaSantos,GracieBarra
Floripa Spring International Open Jiu-Jitsu No-Gi Championship 2017,Master2/Male/Purple/Super-Heavy,1,JoãoPauloCattani,N1CiadeArtesMarciais
Floripa Spring International Open Jiu-Jitsu No-Gi Championship 2017,Master2/Male/Purple/Enum_WeightDivision_OpenClass_Label,1,AlexisVenturino,GFTeam
Floripa Spring International Open Jiu-Jitsu No-Gi Championship 2017,Master2/Male/Brown/Light,1,ThiagoAdolphoBoquett,BrigadeiroBJJ,Cascavel
Floripa Spring International Open Jiu-Jitsu No-Gi Championship 2017,Master2/Male/Brown/Light,2,BrunoPassosKonzen,EquipeBehring
Floripa Spring International Open Jiu-Jitsu No-Gi Championship 2017,Master2/Male/Brown/Medium-Heavy,1,BrunoMoraesPalhares,GracieBarra
Floripa Spring International Open Jiu-Jitsu No-Gi Championship 2017,Master2/Male/Brown/Medium-Heavy,2,SidineiFerreiraGuimarãesFilho,EquipeA
Floripa Spring International Open Jiu-Jitsu No-Gi Championship 2017,Master2/Male/Brown/Heavy,1,MinorodeOliveiraCarvalho,NovaUnião
Floripa Spring International Open Jiu-Jitsu No-Gi Championship 2017,Master2/Male/Brown/Enum_WeightDivision_OpenClass_Label,1,SidineiFerreiraGuimarãesFilho,EquipeA
Floripa Spring International Open Jiu-Jitsu No-Gi Championship 2017,Master2/Male/Brown/Enum_WeightDivision_OpenClass_Label,2,BrunoMoraesPalhares,GracieBarra
Floripa Spring International Open Jiu-Jitsu No-Gi Championship 2017,Master2/Male/Brown/Enum_WeightDivision_OpenClass_Label,3,MinorodeOliveiraCarvalho,NovaUnião
Floripa Spring International Open Jiu-Jitsu No-Gi Championship 2017,Master2/Male/Black/Feather,1,MarcosLanzerdeSouza,WinnerJJ
Floripa Spring International Open Jiu-Jitsu No-Gi Championship 2017,Master2/Male/Black/Light,1,LeonardoAndradeSantosLaiola,GFTeam
Floripa Spring International Open Jiu-Jitsu No-Gi Championship 2017,Master2/Male/Black/Light,2,BrunoSilvaSouza,FlavioTeixeiraJiu,Jitsu
Floripa Spring International Open Jiu-Jitsu No-Gi Championship 2017,Master2/Male/Black/Light,3,MarciodeCastroForlin,PSPhoenixBJJ
Floripa Spring International Open Jiu-Jitsu No-Gi Championship 2017,Master2/Male/Black/Middle,1,FranciscoRondineliFrizon,GracieBarra
Floripa Spring International Open Jiu-Jitsu No-Gi Championship 2017,Master2/Male/Black/Middle,2,AlissonRianBarniZanon,NovaUnião
Floripa Spring International Open Jiu-Jitsu No-Gi Championship 2017,Master2/Male/Black/Medium-Heavy,1,AlvaroAlexandreFrancescon,GracieBarra
Floripa Spring International Open Jiu-Jitsu No-Gi Championship 2017,Master2/Male/Black/Medium-Heavy,2,JoãoAndersonFerreiradeAlmeida,ZenithBJJ
Floripa Spring International Open Jiu-Jitsu No-Gi Championship 2017,Master2/Male/Black/Medium-Heavy,3,DiegoEstebanTorres,GFTeam
Floripa Spring International Open Jiu-Jitsu No-Gi Championship 2017,Master2/Male/Black/Heavy,1,MauricioCabraldeMelo,BlackHelmets
Floripa Spring International Open Jiu-Jitsu No-Gi Championship 2017,Master2/Male/Black/Heavy,2,JulioCesarHerrera,BlackHelmets
Floripa Spring International Open Jiu-Jitsu No-Gi Championship 2017,Master2/Male/Black/Ultra-Heavy,1,EdsonFranciscodePaulaJunior,PSLPBCiceroCostha
Floripa Spring International Open Jiu-Jitsu No-Gi Championship 2017,Master2/Male/Black/Ultra-Heavy,2,LeonardoSantosFerreira,NovaUnião
Floripa Spring International Open Jiu-Jitsu No-Gi Championship 2017,Master2/Male/Black/Enum_WeightDivision_OpenClass_Label,1,EdsonFranciscodePaulaJunior,PSLPBCiceroCostha
Floripa Spring International Open Jiu-Jitsu No-Gi Championship 2017,Master2/Male/Black/Enum_WeightDivision_OpenClass_Label,2,AlvaroAlexandreFrancescon,GracieBarra
Floripa Spring International Open Jiu-Jitsu No-Gi Championship 2017,Master2/Male/Black/Enum_WeightDivision_OpenClass_Label,3,AlissonRianBarniZanon,NovaUnião
Floripa Spring International Open Jiu-Jitsu No-Gi Championship 2017,Master2/Male/Black/Enum_WeightDivision_OpenClass_Label,3,DiegoEstebanTorres,GFTeam
Floripa Spring International Open Jiu-Jitsu No-Gi Championship 2017,Master3/Male/Blue/Light,1,DanielRodrigoMorcioSosa,EquipeBehring
Floripa Spring International Open Jiu-Jitsu No-Gi Championship 2017,Master3/Male/Blue/Middle,1,LucianoJosédaSilva,RocianGracieJr.
Floripa Spring International Open Jiu-Jitsu No-Gi Championship 2017,Master3/Male/Blue/Ultra-Heavy,1,HelmerthNeivaSucupira,ScorpyonJiu,Jitsu
Floripa Spring International Open Jiu-Jitsu No-Gi Championship 2017,Master3/Male/Blue/Enum_WeightDivision_OpenClass_Label,1,HelmerthNeivaSucupira,ScorpyonJiu,Jitsu
Floripa Spring International Open Jiu-Jitsu No-Gi Championship 2017,Master3/Male/Blue/Enum_WeightDivision_OpenClass_Label,2,LucianoJosédaSilva,RocianGracieJr.
Floripa Spring International Open Jiu-Jitsu No-Gi Championship 2017,Master3/Male/Blue/Enum_WeightDivision_OpenClass_Label,3,DanielRodrigoMorcioSosa,EquipeBehring
Floripa Spring International Open Jiu-Jitsu No-Gi Championship 2017,Master3/Male/Purple/Medium-Heavy,1,JoséEdinirdeOliveira,GFTeam
Floripa Spring International Open Jiu-Jitsu No-Gi Championship 2017,Master3/Male/Purple/Super-Heavy,1,FabioJorgeHauly,MagooJJ
Floripa Spring International Open Jiu-Jitsu No-Gi Championship 2017,Master3/Male/Purple/Ultra-Heavy,1,ReinaldoJosedosSantos,CentrodeTreinamentoMaringá
Floripa Spring International Open Jiu-Jitsu No-Gi Championship 2017,Master3/Male/Purple/Ultra-Heavy,2,AntonioAparecidoCorreadeQueiros,GracieBarra
Floripa Spring International Open Jiu-Jitsu No-Gi Championship 2017,Master3/Male/Purple/Ultra-Heavy,3,GoranGligorijevic,ZRTeamHungary
Floripa Spring International Open Jiu-Jitsu No-Gi Championship 2017,Master3/Male/Purple/Enum_WeightDivision_OpenClass_Label,1,FabioJorgeHauly,MagooJJ
Floripa Spring International Open Jiu-Jitsu No-Gi Championship 2017,Master3/Male/Purple/Enum_WeightDivision_OpenClass_Label,2,JoséEdinirdeOliveira,GFTeam
Floripa Spring International Open Jiu-Jitsu No-Gi Championship 2017,Master3/Male/Purple/Enum_WeightDivision_OpenClass_Label,3,AntonioAparecidoCorreadeQueiros,GracieBarra
Floripa Spring International Open Jiu-Jitsu No-Gi Championship 2017,Master3/Male/Purple/Enum_WeightDivision_OpenClass_Label,3,ReinaldoJosedosSantos,CentrodeTreinamentoMaringá
Floripa Spring International Open Jiu-Jitsu No-Gi Championship 2017,Master3/Male/Brown/Medium-Heavy,1,EduardoGomesdaSilva,GFTeam
Floripa Spring International Open Jiu-Jitsu No-Gi Championship 2017,Master3/Male/Brown/Enum_WeightDivision_OpenClass_Label,1,EduardoGomesdaSilva,GFTeam
Floripa Spring International Open Jiu-Jitsu No-Gi Championship 2017,Master3/Male/Black/Light,1,MárcioMarquesMendonça,EquipeA
Floripa Spring International Open Jiu-Jitsu No-Gi Championship 2017,Master3/Male/Black/Light,2,RafaelAzambujaVares,EquipeBehring
Floripa Spring International Open Jiu-Jitsu No-Gi Championship 2017,Master3/Male/Black/Light,3,SamuelSauldoNascimento,GracieBarra
Floripa Spring International Open Jiu-Jitsu No-Gi Championship 2017,Master3/Male/Black/Middle,1,CleberMaguerroski,Alliance
Floripa Spring International Open Jiu-Jitsu No-Gi Championship 2017,Master3/Male/Black/Middle,2,LeonardoAugustoMartinsLoureiro,GFTeam
Floripa Spring International Open Jiu-Jitsu No-Gi Championship 2017,Master3/Male/Black/Medium-Heavy,1,AlexLuizdosAnjosSantos,MichelMaiaJiu,Jitsu
Floripa Spring International Open Jiu-Jitsu No-Gi Championship 2017,Master3/Male/Black/Heavy,1,MarceloAlbuquerquedeB.Braga,Alliance
Floripa Spring International Open Jiu-Jitsu No-Gi Championship 2017,Master3/Male/Black/Ultra-Heavy,1,AdilsonHigaDorval,HigaJiu,JitsuClube
Floripa Spring International Open Jiu-Jitsu No-Gi Championship 2017,Master3/Male/Black/Enum_WeightDivision_OpenClass_Label,1,CleberMaguerroski,Alliance
Floripa Spring International Open Jiu-Jitsu No-Gi Championship 2017,Master3/Male/Black/Enum_WeightDivision_OpenClass_Label,2,AlexLuizdosAnjosSantos,MichelMaiaJiu,Jitsu
Floripa Spring International Open Jiu-Jitsu No-Gi Championship 2017,Master3/Male/Black/Enum_WeightDivision_OpenClass_Label,3,LeonardoAugustoMartinsLoureiro,GFTeam
Floripa Spring International Open Jiu-Jitsu No-Gi Championship 2017,Master3/Male/Black/Enum_WeightDivision_OpenClass_Label,3,MarceloAlbuquerquedeB.Braga,Alliance
Floripa Spring International Open Jiu-Jitsu No-Gi Championship 2017,Master4/Male/Blue/Medium-Heavy,1,RubénDarioDécima,MarioSukataInternational
Floripa Spring International Open Jiu-Jitsu No-Gi Championship 2017,Master4/Male/Black/Light-Feather,1,JairoRogerioFloresTaborda,TatuBJJ
Floripa Spring International Open Jiu-Jitsu No-Gi Championship 2017,Master4/Male/Black/Medium-Heavy,1,LeonardoD'AmbrosioArounian,GracieBarra
Floripa Spring International Open Jiu-Jitsu No-Gi Championship 2017,Master4/Male/Black/Super-Heavy,1,GiovanniReis,GiovanniReisTeam
Floripa Spring International Open Jiu-Jitsu No-Gi Championship 2017,Master4/Male/Black/Enum_WeightDivision_OpenClass_Label,1,LeonardoD'AmbrosioArounian,GracieBarra
Floripa Spring International Open Jiu-Jitsu No-Gi Championship 2017,Master4/Male/Black/Enum_WeightDivision_OpenClass_Label,2,GiovanniReis,GiovanniReisTeam
Floripa Spring International Open Jiu-Jitsu No-Gi Championship 2017,Master4/Male/Black/Enum_WeightDivision_OpenClass_Label,3,JairoRogerioFloresTaborda,TatuBJJ
Floripa Spring International Open Jiu-Jitsu No-Gi Championship 2017,Master5/Male/Black/Light,1,RicardoGuimarães,GracieHumaitaTemecula
Floripa Spring International Open Jiu-Jitsu No-Gi Championship 2017,Master5/Male/Black/Middle,1,PlábitoSilvaDutra,N1CiadeArtesMarciais
Floripa Spring International Open Jiu-Jitsu No-Gi Championship 2017,Master5/Male/Black/Enum_WeightDivision_OpenClass_Label,1,RicardoGuimarães,GracieHumaitaTemecula
Floripa Spring International Open Jiu-Jitsu No-Gi Championship 2017,Master5/Male/Black/Enum_WeightDivision_OpenClass_Label,2,PlábitoSilvaDutra,N1CiadeArtesMarciais
Floripa Spring International Open Jiu-Jitsu No-Gi Championship 2017,Master6/Male/Blue/Ultra-Heavy,1,DavidFerreiraNeto,MonteJiu,JitsuTeamBlumenau
Floripa Spring International Open Jiu-Jitsu No-Gi Championship 2017,Master6/Male/Blue/Enum_WeightDivision_OpenClass_Label,1,DavidFerreiraNeto,MonteJiu,JitsuTeamBlumenau
Floripa Spring International Open Jiu-Jitsu No-Gi Championship 2017,Juvenile/Male/Blue/Feather,1,RianDePaula,GameFightBJJ/Manimal
Floripa Spring International Open Jiu-Jitsu No-Gi Championship 2017,Juvenile/Male/Blue/Feather,2,RodrigodaFonsecaPinheiro,SoulFightersBJJ
Floripa Spring International Open Jiu-Jitsu No-Gi Championship 2017,Juvenile/Male/Blue/Feather,3,DaniloRibeirodosSantos,SheknahTeam
Floripa Spring International Open Jiu-Jitsu No-Gi Championship 2017,Juvenile/Male/Blue/Light,1,IsaacBarbosaRossi,PSLPBCiceroCostha
Floripa Spring International Open Jiu-Jitsu No-Gi Championship 2017,Juvenile/Male/Blue/Light,2,MárcioFerreiraCruz,DeLaRivaJJ
Floripa Spring International Open Jiu-Jitsu No-Gi Championship 2017,Juvenile/Male/Blue/Middle,1,AllanKennedyLouresBarbosa,SheknahTeam
Floripa Spring International Open Jiu-Jitsu No-Gi Championship 2017,Juvenile/Male/Blue/Middle,2,MarcelloBergmannC.Teixeira,AtosJiu,Jitsu
Floripa Spring International Open Jiu-Jitsu No-Gi Championship 2017,Juvenile/Male/Blue/Middle,3,VitorFrançadeOliveira,SheknahTeam
Floripa Spring International Open Jiu-Jitsu No-Gi Championship 2017,Juvenile/Male/Blue/Medium-Heavy,1,AlexsandroDeJesusPilonetto,MichelMaiaJiu,Jitsu
Floripa Spring International Open Jiu-Jitsu No-Gi Championship 2017,Juvenile/Male/Blue/Medium-Heavy,2,GustavoLemkedosSantos,PSLPBCiceroCostha
Floripa Spring International Open Jiu-Jitsu No-Gi Championship 2017,Juvenile/Male/Blue/Super-Heavy,1,ThiagoBubniakGomes,RilionGracieFlorianópolis,SC
Floripa Spring International Open Jiu-Jitsu No-Gi Championship 2017,Juvenile/Male/Blue/Ultra-Heavy,1,GabrielKasparyBarbosa,RocianGracieJr.
Floripa Spring International Open Jiu-Jitsu No-Gi Championship 2017,Juvenile/Male/Blue/Ultra-Heavy,2,LucasDiasdaSilva,CheckMat
Floripa Spring International Open Jiu-Jitsu No-Gi Championship 2017,Juvenile/Male/Blue/Ultra-Heavy,3,PetersonSoaresCampagnoli,SaikooJiu,Jitsu
Floripa Spring International Open Jiu-Jitsu No-Gi Championship 2017,Juvenile/Male/Blue/Enum_WeightDivision_OpenClass_Label,1,IsaacBarbosaRossi,PSLPBCiceroCostha
Floripa Spring International Open Jiu-Jitsu No-Gi Championship 2017,Juvenile/Male/Blue/Enum_WeightDivision_OpenClass_Label,2,RianDePaula,GameFightBJJ/Manimal
Floripa Spring International Open Jiu-Jitsu No-Gi Championship 2017,Juvenile/Male/Blue/Enum_WeightDivision_OpenClass_Label,3,MárcioFerreiraCruz,DeLaRivaJJ
Floripa Spring International Open Jiu-Jitsu No-Gi Championship 2017,Juvenile/Male/Blue/Enum_WeightDivision_OpenClass_Label,1,LucasDiasdaSilva,CheckMat
Floripa Spring International Open Jiu-Jitsu No-Gi Championship 2017,Juvenile/Male/Blue/Enum_WeightDivision_OpenClass_Label,2,AlexsandroDeJesusPilonetto,MichelMaiaJiu,Jitsu
Floripa Spring International Open Jiu-Jitsu No-Gi Championship 2017,Juvenile/Male/Blue/Enum_WeightDivision_OpenClass_Label,3,AllanKennedyLouresBarbosa,SheknahTeam
Floripa Spring International Open Jiu-Jitsu No-Gi Championship 2017,Juvenile/Male/Blue/Enum_WeightDivision_OpenClass_Label,3,VitorFrançadeOliveira,SheknahTeam
Floripa Spring International Open Jiu-Jitsu No-Gi Championship 2017,Juvenile/Female/Blue/Light,1,QuéziaTrentini,GracieBarra
Floripa Spring International Open Jiu-Jitsu No-Gi Championship 2017,Juvenile/Female/Blue/Super-Heavy,1,BiankaColaçoMaguerroski,Alliance
Floripa Spring International Open Jiu-Jitsu No-Gi Championship 2017,Juvenile/Female/Blue/Enum_WeightDivision_OpenClass_Label,1,QuéziaTrentini,GracieBarra
Floripa Spring International Open Jiu-Jitsu No-Gi Championship 2017,Juvenile/Female/Blue/Enum_WeightDivision_OpenClass_Label,1,BiankaColaçoMaguerroski,Alliance
