Panama International Open 2013,Juvenile/Male/White/Medium-Heavy,1,XavierLópez,Alliance
Panama International Open 2013,Juvenile/Male/White/Medium-Heavy,2,EduardoAntonioPicadoRojas,MauroSergioBJJ
Panama International Open 2013,Juvenile/Female/White/Heavy,1,RosaYeraldinOlivasHolguin,Alliance
Panama International Open 2013,Juvenile/Male/Blue/Light-Feather,1,JoseFernandoPesantezLanas,Alliance
Panama International Open 2013,Juvenile/Male/Blue/Middle,1,NicolasLoraOspina,Alliance
Panama International Open 2013,Juvenile/Male/Blue/OpenClass,1,NicolasLoraOspina,Alliance
Panama International Open 2013,Adult/Male/White/Light-Feather,1,GabrielVarela,GracieBarra
Panama International Open 2013,Adult/Male/White/Light-Feather,2,GustavoAdolfoDiazGascon,Brasa
Panama International Open 2013,Adult/Male/White/Light-Feather,3,alfonsoborbua,Alliance
Panama International Open 2013,Adult/Male/White/Light-Feather,3,MauricioZumbadoDavis,MauroSergioBJJ
Panama International Open 2013,Adult/Male/White/Feather,1,GuillermoCruzPlumacher,MauroSergioBJJ
Panama International Open 2013,Adult/Male/White/Feather,2,MondolAli,RogerCoelho,CostaRica
Panama International Open 2013,Adult/Male/White/Feather,3,AlfredoBarragan,Alliance
Panama International Open 2013,Adult/Male/White/Feather,3,JasonMarcus,EastonBJJ
Panama International Open 2013,Adult/Male/White/Light,1,SebastianRodriguezWilliams,CRTeam
Panama International Open 2013,Adult/Male/White/Light,2,JoseAraya,CRTeam
Panama International Open 2013,Adult/Male/White/Light,3,AlfredoVargasZeledon,MauroSergioBJJ
Panama International Open 2013,Adult/Male/White/Light,3,MarioMartinez,MauroSergioBJJ
Panama International Open 2013,Adult/Male/White/Middle,1,JacoboIsraelGafterLuque,Alliance
Panama International Open 2013,Adult/Male/White/Middle,2,AdrianF.AdumPrado,Alliance
Panama International Open 2013,Adult/Male/White/Middle,3,GiovanniManceboJiménez,YamasakiAcademyInternational
Panama International Open 2013,Adult/Male/White/Ultra-Heavy,1,MarcosAntonioRuizCastro,ValenteJiuJitsuAcademy
Panama International Open 2013,Adult/Male/White/Ultra-Heavy,2,Mariobasantes,Alliance
Panama International Open 2013,Adult/Male/White/Ultra-Heavy,3,alfredoboadas,MauroSergioBJJ
Panama International Open 2013,Adult/Male/White/Ultra-Heavy,3,pabloceron,Alliance
Panama International Open 2013,Adult/Female/White/Light-Feather,1,CarlaBaldan,ValenteJiuJitsuAcademy
Panama International Open 2013,Adult/Female/White/Light-Feather,2,Marcescontreras,SmithBJJAcademy
Panama International Open 2013,Adult/Female/White/Feather,1,MelissaCristinaPeregrinaAbrego,ValenteJiuJitsuAcademy
Panama International Open 2013,Adult/Female/White/Feather,2,SerenaSofiaVamvasLaFerla,MauroSergioBJJ
Panama International Open 2013,Adult/Female/White/Feather,3,MarcelaMejia,Alliance
Panama International Open 2013,Adult/Female/White/Middle,1,NadjaHoltzCalderon,MauroSergioBJJ
Panama International Open 2013,Adult/Female/White/Middle,2,CristinaCuevas,GracieBarcelona
Panama International Open 2013,Adult/Female/White/Middle,3,JenniferBarnett,ValenteAcademyInternational
Panama International Open 2013,Adult/Male/Blue/Light-Feather,1,DavidJosueVillarrealArmas,Alliance
Panama International Open 2013,Adult/Male/Blue/Light-Feather,2,MarcoAntonioMontealegre,SocaBrazilianJiu,Jitsu
Panama International Open 2013,Adult/Male/Blue/Light-Feather,3,DanielNgShum,RogerCoelho,CostaRica
Panama International Open 2013,Adult/Male/Blue/Light-Feather,3,JoseManuelGuerra,RogerCoelho,CostaRica
Panama International Open 2013,Adult/Male/Blue/Feather,1,CristhianAndresCevallosMueckay,Alliance
Panama International Open 2013,Adult/Male/Blue/Feather,2,alexanderlassoradulski,SpartanBJJPanama
Panama International Open 2013,Adult/Male/Blue/Feather,3,GianfrancoRenatoLorelliBrill,AllianceInternational
Panama International Open 2013,Adult/Male/Blue/Feather,3,GuillermoRodriguezVargas,RogerCoelho,CostaRica
Panama International Open 2013,Adult/Male/Blue/Light,1,NorbertoCaceres,ValenteJiuJitsuAcademy
Panama International Open 2013,Adult/Male/Blue/Light,2,AdrianGonzalezCalvo,RogerCoelho,CostaRica
Panama International Open 2013,Adult/Male/Blue/Light,3,ManuelChen,MauroSergioBJJ
Panama International Open 2013,Adult/Male/Blue/Light,3,MarkGoldfield,GracieBarra
Panama International Open 2013,Adult/Male/Blue/Middle,1,GuntherLutz,MauroSergioBJJ
Panama International Open 2013,Adult/Male/Blue/Middle,2,EduardoChavesRojas,CRTeam
Panama International Open 2013,Adult/Male/Blue/Middle,3,DanielEmilioChavesGonzalez,RogerCoelho,CostaRica
Panama International Open 2013,Adult/Male/Blue/Middle,3,RobinsonJimenezPertuz,Alliance
Panama International Open 2013,Adult/Male/Blue/Medium-Heavy,1,OliverMezaP.,GracieBarcelona
Panama International Open 2013,Adult/Male/Blue/Medium-Heavy,2,PatrickMiroslavKucera,RalphGracie
Panama International Open 2013,Adult/Male/Blue/Medium-Heavy,3,AndresRafaelColmenaresMoreno,Alliance
Panama International Open 2013,Adult/Male/Blue/Medium-Heavy,3,JulioCesardelCampo,Alliance
Panama International Open 2013,Adult/Male/Blue/Heavy,1,AgustinYazanTello,Alliance
Panama International Open 2013,Adult/Male/Blue/Heavy,2,MiguelAntonioMendezMelendez,Alliance
Panama International Open 2013,Adult/Male/Blue/Heavy,3,FabianDeJesusBolañosCamacho,RogerCoelho,CostaRica
Panama International Open 2013,Adult/Male/Blue/Heavy,3,PabloCastro,TeamPredadorJiu,Jitsu
Panama International Open 2013,Adult/Male/Blue/Ultra-Heavy,1,JavierdeJesusPatiñoGarcia,ValenteJiuJitsuAcademy
Panama International Open 2013,Adult/Male/Blue/Ultra-Heavy,2,FernandoQuezada,Alliance
Panama International Open 2013,Adult/Male/Blue/Ultra-Heavy,3,ivanpaz,MauroSergioBJJ
Panama International Open 2013,Adult/Male/Blue/OpenClass,1,FabianDeJesusBolañosCamacho,RogerCoelho,CostaRica
Panama International Open 2013,Adult/Male/Blue/OpenClass,2,PatrickMiroslavKucera,RalphGracie
Panama International Open 2013,Adult/Male/Blue/OpenClass,3,CristhianAndresCevallosMueckay,Alliance
Panama International Open 2013,Adult/Male/Blue/OpenClass,3,PabloCastro,TeamPredadorJiu,Jitsu
Panama International Open 2013,Adult/Female/Blue/Light,1,ValeriaMena,RogerCoelho,CostaRica
Panama International Open 2013,Adult/Female/Blue/Light,2,IsabelAliciaAlfaroArreaga,Alliance
Panama International Open 2013,Adult/Female/Blue/Light,3,KarlaMendoza,GracieBarcelona
Panama International Open 2013,Adult/Female/Blue/Light,3,MonicaPatiño,Alliance
Panama International Open 2013,Adult/Female/Blue/Middle,1,KattyMiño,Alliance
Panama International Open 2013,Adult/Female/Blue/OpenClass,1,KattyMiño,Alliance
Panama International Open 2013,Adult/Female/Blue/OpenClass,2,ValeriaMena,RogerCoelho,CostaRica
Panama International Open 2013,Adult/Female/Blue/OpenClass,3,IsabelAliciaAlfaroArreaga,Alliance
Panama International Open 2013,Adult/Female/Blue/OpenClass,3,KarlaMendoza,GracieBarcelona
Panama International Open 2013,Adult/Male/Purple/Light-Feather,1,JonathanBarragan,Alliance
Panama International Open 2013,Adult/Male/Purple/Light-Feather,2,NahuelCantero,GracieHumaitaArgentina
Panama International Open 2013,Adult/Male/Purple/Light-Feather,3,JordanBurtonIII,GracieBarra
Panama International Open 2013,Adult/Male/Purple/Light-Feather,3,LuisLopezBurgos,GracieBarra
Panama International Open 2013,Adult/Male/Purple/Feather,1,RicardoRivadeneira,Alliance
Panama International Open 2013,Adult/Male/Purple/Feather,2,AllanMauricioRivadeneiraAguilar,Alliance
Panama International Open 2013,Adult/Male/Purple/Feather,3,ArielAlejandroRuizDelgado,RilionGraciePanama
Panama International Open 2013,Adult/Male/Purple/Feather,3,OrlandoGuadalupeYehLópez,Brasa
Panama International Open 2013,Adult/Male/Purple/Light,1,CarlosAndresQuinteroSanchez,Alliance
Panama International Open 2013,Adult/Male/Purple/Light,3,DanielEstebanSessaNunez,GracieBarra
Panama International Open 2013,Adult/Male/Purple/Middle,1,RobertoCastroLopez,RenzoGracieInternational
Panama International Open 2013,Adult/Male/Purple/Middle,2,MichaelCastillo,MauroSergioBJJ
Panama International Open 2013,Adult/Male/Purple/Middle,3,AlvaroJavierLinaresIbarra,Alliance
Panama International Open 2013,Adult/Male/Purple/Middle,3,MaurilioAlava,Alliance
Panama International Open 2013,Adult/Male/Purple/Medium-Heavy,1,YamilAntuamIssaMontero,Alliance
Panama International Open 2013,Adult/Male/Purple/Medium-Heavy,2,VernonRamos,MauroSergioBJJ
Panama International Open 2013,Adult/Male/Purple/OpenClass,1,DanielEstebanSessaNunez,GracieBarra
Panama International Open 2013,Adult/Male/Purple/OpenClass,2,CarlosAndresQuinteroSanchez,Alliance
Panama International Open 2013,Adult/Male/Purple/OpenClass,3,ArielAlejandroRuizDelgado,RilionGraciePanama
Panama International Open 2013,Adult/Male/Purple/OpenClass,3,OrlandoGuadalupeYehLópez,Brasa
Panama International Open 2013,Adult/Female/Purple/Feather,1,VanessaVargas,SocaBrazilianJiu,Jitsu
Panama International Open 2013,Adult/Female/Purple/Feather,2,RaquelOcejo,TeamPredadorJiu,Jitsu
Panama International Open 2013,Adult/Female/Purple/Feather,3,KarinShantalSáenzdeViteriMora,Alliance
Panama International Open 2013,Adult/Female/Purple/Medium-Heavy,1,AnisabelPerez,GracieBarra
Panama International Open 2013,Adult/Female/Purple/OpenClass,1,RaquelOcejo,TeamPredadorJiu,Jitsu
Panama International Open 2013,Adult/Female/Purple/OpenClass,2,AnisabelPerez,GracieBarra
Panama International Open 2013,Adult/Male/Brown/Light,1,ReneDanielKaramanitesArango,Alliance
Panama International Open 2013,Adult/Male/Brown/Light,2,JohnDomenicBoyle,EastonBJJ
Panama International Open 2013,Adult/Male/Brown/Light,3,EduardoAntonioPerezMulki,Alliance
Panama International Open 2013,Adult/Male/Brown/Middle,1,FawelAbramowiczRicaurte,Alliance
Panama International Open 2013,Adult/Male/Brown/Middle,2,AbdullahAl,Omari,BarbosaTeamAgua
Panama International Open 2013,Adult/Male/Brown/Heavy,1,JaimeEnriqueBeitiaCorrea,GracieBarra
Panama International Open 2013,Adult/Male/Brown/Heavy,2,MiguelJoseAguirreBaca,Alliance
Panama International Open 2013,Adult/Male/Brown/Ultra-Heavy,1,YaoWong,HighPerformanceMixedMartialArtsLLC
Panama International Open 2013,Adult/Male/Brown/Ultra-Heavy,2,JaimeRolandoOrtizChandler,TopBrotherMexico
Panama International Open 2013,Adult/Male/Brown/OpenClass,1,ReneDanielKaramanitesArango,Alliance
Panama International Open 2013,Adult/Male/Brown/OpenClass,2,JaimeEnriqueBeitiaCorrea,GracieBarra
Panama International Open 2013,Adult/Male/Brown/OpenClass,3,AbdullahAl,Omari,BarbosaTeamAgua
Panama International Open 2013,Adult/Male/Brown/OpenClass,3,FawelAbramowiczRicaurte,Alliance
Panama International Open 2013,Adult/Male/Black/Middle,1,JorgeEliasBucaramSantistevan,Alliance
Panama International Open 2013,Adult/Male/Black/Middle,2,FranciscoAntonioIturraldeLara,Alliance
Panama International Open 2013,Adult/Male/Black/Ultra-Heavy,1,PauloVictorVelozoMartins,GracieBarra
Panama International Open 2013,Adult/Male/Black/Ultra-Heavy,2,LeonardoI.IturraldeAguirre,Alliance
Panama International Open 2013,Adult/Male/Black/Ultra-Heavy,3,TimothyM.Ewing,ValenteJiuJitsuAcademy
Panama International Open 2013,Adult/Male/Black/OpenClass,1,JorgeEliasBucaramSantistevan,Alliance
Panama International Open 2013,Adult/Male/Black/OpenClass,2,FranciscoAntonioIturraldeLara,Alliance
Panama International Open 2013,Adult/Male/Black/OpenClass,3,PauloVictorVelozoMartins,GracieBarra
Panama International Open 2013,Adult/Female/Black/Heavy,1,LuziaCarmemSantanaP.Fernandes,GracieBarra
Panama International Open 2013,Master1/Male/White/Light,1,LEONELESCOBAR,GracieBarra
Panama International Open 2013,Master1/Male/White/Middle,1,CarlosSaldaña,MauroSergioBJJ
Panama International Open 2013,Master1/Male/White/Middle,2,PedroRiosMora,MauroSergioBJJ
Panama International Open 2013,Master1/Male/White/Medium-Heavy,1,MarcosAntonioRodriguezQuiroz,Alliance
Panama International Open 2013,Master1/Male/White/Medium-Heavy,2,DavidCarmona,MauroSergioBJJ
Panama International Open 2013,Master1/Male/White/Medium-Heavy,3,JuanPabloAcostaHernandez,Alliance
Panama International Open 2013,Master1/Male/Blue/Light-Feather,1,AndresPatricioOrtizVinueza,Alliance
Panama International Open 2013,Master1/Male/Blue/Light-Feather,2,JohanRincon,GracieBarra
Panama International Open 2013,Master1/Male/Blue/Light-Feather,3,DanielAlvarado,RilionGraciePanama
Panama International Open 2013,Master1/Male/Blue/Feather,1,JuanCarlosFuentesZorrilla,Brasa
Panama International Open 2013,Master1/Male/Blue/Feather,2,EnriqueVergel,RilionGraciePanama
Panama International Open 2013,Master1/Male/Blue/Middle,1,JulioUmañaRodriguez,MauroSergioBJJ
Panama International Open 2013,Master1/Male/Blue/Middle,2,SamuelSanchez,Alliance
Panama International Open 2013,Master1/Male/Blue/Middle,3,FranciscoUlloa,RibeiroJiu,Jitsu
Panama International Open 2013,Master1/Male/Blue/Super-Heavy,1,FABIANVELEZ,TeamPredadorJiu,Jitsu
Panama International Open 2013,Master1/Male/Blue/Super-Heavy,2,EduardoEsquivelGonzález,RogerCoelho,CostaRica
Panama International Open 2013,Master1/Male/Blue/Ultra-Heavy,1,RaulSutherland,ValenteJiuJitsuAcademy
Panama International Open 2013,Master1/Male/Blue/Ultra-Heavy,2,JasonCritides,GracieBarra
Panama International Open 2013,Master1/Male/Blue/Ultra-Heavy,3,AndersondeMeloAlmeida,RyanGracieTeam
Panama International Open 2013,Master1/Male/Blue/Ultra-Heavy,3,FranciscoUmanzor,GracieBarra
Panama International Open 2013,Master1/Male/Blue/OpenClass,1,RaulSutherland,ValenteJiuJitsuAcademy
Panama International Open 2013,Master1/Male/Blue/OpenClass,2,JuanCarlosFuentesZorrilla,Brasa
Panama International Open 2013,Master1/Female/Blue/Light-Feather,1,CarmenVicente,GracieBarra
Panama International Open 2013,Master1/Female/Blue/Feather,1,CarelbMichelleHerreraGrillo,Alliance
Panama International Open 2013,Master1/Female/Blue/OpenClass,1,CarelbMichelleHerreraGrillo,Alliance
Panama International Open 2013,Master1/Female/Blue/OpenClass,2,CarmenVicente,GracieBarra
Panama International Open 2013,Master1/Male/Purple/Light,1,CesarIvanPerezAstudillo(repetido52060),MauroSergioBJJ
Panama International Open 2013,Master1/Male/Purple/Light,2,StephenEggleston,Alliance
Panama International Open 2013,Master1/Male/Purple/Light,3,GabrielRodriguezGarcia,Alliance
Panama International Open 2013,Master1/Male/Purple/Middle,1,DariodeJesusJhangimalValderrama,AllianceInternational
Panama International Open 2013,Master1/Male/Purple/Middle,2,JoffreJoseCampoverdeRamirez,Alliance
Panama International Open 2013,Master1/Male/Purple/Middle,3,FedericoRobertoBatlleGardiner,Alliance
Panama International Open 2013,Master1/Male/Purple/Medium-Heavy,1,marcosarielperez,GracieBarra
Panama International Open 2013,Master1/Male/Purple/Medium-Heavy,2,CarlosBlum,Alliance
Panama International Open 2013,Master1/Male/Purple/Medium-Heavy,3,juanbatista,ValenteJiuJitsuAcademy
Panama International Open 2013,Master1/Male/Purple/Heavy,1,FreddyCoronadoPaez,Alliance
Panama International Open 2013,Master1/Male/Purple/Heavy,2,SethHopkins,ClubedeJiu,JitsuPitBull,SanDiego
Panama International Open 2013,Master1/Male/Purple/Heavy,3,DanielCecilioLedezma,MauroSergioBJJ
Panama International Open 2013,Master1/Male/Purple/Heavy,3,ManuelMarinGodinez,ValenteJiuJitsuAcademy
Panama International Open 2013,Master1/Male/Purple/Super-Heavy,1,jeffreysimoni,NovaUniãoUSA
Panama International Open 2013,Master1/Male/Purple/Ultra-Heavy,1,TomasSoaresMarquez,Alliance
Panama International Open 2013,Master1/Male/Purple/OpenClass,1,TomasSoaresMarquez,Alliance
Panama International Open 2013,Master1/Male/Purple/OpenClass,2,marcosarielperez,GracieBarra
Panama International Open 2013,Master1/Male/Purple/OpenClass,3,FreddyCoronadoPaez,Alliance
Panama International Open 2013,Master1/Male/Brown/Medium-Heavy,1,MelquisedequedeLimaGalvãoFerreira,RonnieMeloJiu,Jitsu
Panama International Open 2013,Master1/Male/Brown/Medium-Heavy,2,LuisRodolfoAguirreEnriquez,Alliance
Panama International Open 2013,Master1/Male/Brown/Medium-Heavy,3,RaulAlbertoTuescaLoochkardt,GracieBarra
Panama International Open 2013,Master1/Male/Brown/Heavy,1,IuriOliveiraVillasBoas,RyanGracieTeam
Panama International Open 2013,Master1/Male/Brown/Super-Heavy,1,GustavoEstephenMoncayoAsencio,Alliance
Panama International Open 2013,Master1/Male/Brown/OpenClass,1,GustavoEstephenMoncayoAsencio,Alliance
Panama International Open 2013,Master1/Male/Brown/OpenClass,2,IuriOliveiraVillasBoas,RyanGracieTeam
Panama International Open 2013,Master1/Male/Brown/OpenClass,3,MelquisedequedeLimaGalvãoFerreira,RonnieMeloJiu,Jitsu
Panama International Open 2013,Master1/Male/Black/Light,1,HeltonMachadodaSilva,RibeiroJiu,JitsuBrasil
Panama International Open 2013,Master1/Male/Black/Light,2,JacksonMcVicker,McVicker'sBJJ
Panama International Open 2013,Master1/Male/Black/Light,3,CesarLuisDiazGraell,GracieBarra
Panama International Open 2013,Master1/Male/Black/Light,3,DelciRodriguesdeOliveiraMotta,Alliance
Panama International Open 2013,Master1/Male/Black/Ultra-Heavy,1,FernandoJoseDiPierro,Alliance
Panama International Open 2013,Master1/Male/Black/Ultra-Heavy,2,MarcosJavierPerez,GracieBarra
Panama International Open 2013,Master1/Male/Black/OpenClass,1,MarcosJavierPerez,GracieBarra
Panama International Open 2013,Master1/Male/Black/OpenClass,2,DelciRodriguesdeOliveiraMotta,Alliance
Panama International Open 2013,Master2/Male/Blue/Middle,1,SebastiánLeytonPonzo,Alliance
Panama International Open 2013,Master2/Male/Blue/Middle,2,armandosolis,MauroSergioBJJ
Panama International Open 2013,Master2/Male/Blue/Heavy,1,GerardoIvanCamposSanders,Brasa
Panama International Open 2013,Master2/Male/Blue/Super-Heavy,1,FedericoBalestrazzi,FightSports
Panama International Open 2013,Master2/Male/Blue/OpenClass,1,SebastiánLeytonPonzo,Alliance
Panama International Open 2013,Master2/Male/Blue/OpenClass,2,GerardoIvanCamposSanders,Brasa
Panama International Open 2013,Master2/Male/Purple/Light,1,MichaelAlbanese,SocaBrazilianJiu,Jitsu
Panama International Open 2013,Master2/Male/Purple/Light,2,CamiloMejíaCorrea,GracieBarra
Panama International Open 2013,Master2/Male/Purple/Medium-Heavy,1,JorgeCalviñoArosemena,ValenteJiuJitsuAcademy
Panama International Open 2013,Master2/Male/Purple/OpenClass,1,MichaelAlbanese,SocaBrazilianJiu,Jitsu
Panama International Open 2013,Master2/Male/Purple/OpenClass,2,JorgeCalviñoArosemena,ValenteJiuJitsuAcademy
Panama International Open 2013,Master3/Male/Black/Super-Heavy,1,RonnieMendesdeMelo,FJJAM
Panama International Open 2013,Master3/Male/Black/OpenClass,1,RonnieMendesdeMelo,FJJAM
Panama International Open 2013,Master4/Male/Blue/Heavy,1,hermanngiovannienriquezbarba,GracieBarra
Panama International Open 2013,Master4/Male/Blue/OpenClass,1,hermanngiovannienriquezbarba,GracieBarra
Panama International Open 2013,Master5/Male/Black/Feather,1,IsmaelSacramentoTrejo,Brasa
Panama International Open 2013,Master5/Male/Black/OpenClass,1,IsmaelSacramentoTrejo,Brasa
