New York Summer International Open 2016,Juvenile/Male/Blue/Light-Feather,1,ShonRicoStatonII,TeamLloydIrvin
New York Summer International Open 2016,Juvenile/Male/Blue/Light-Feather,2,AlexUrielSanchezHerrera,PellegrinoMixedMartialArts
New York Summer International Open 2016,Juvenile/Male/Blue/Light-Feather,3,DrewWilliamJohnson,UnityJiu,jitsu
New York Summer International Open 2016,Juvenile/Male/Blue/Feather,1,MatheusCorreia,UnityJiu,jitsu
New York Summer International Open 2016,Juvenile/Male/Blue/Feather,2,CarlosJoseMartins,RenzoGracieNewark
New York Summer International Open 2016,Juvenile/Male/Blue/Feather,3,AndrewK.Chesmore,InfiniteJiuJitsu
New York Summer International Open 2016,Juvenile/Male/Blue/Feather,3,MichaelChristopherMehl,VicenteJr.Team
New York Summer International Open 2016,Juvenile/Male/Blue/Light,1,GregoryBatistaPaulino,RenzoGracieNewark
New York Summer International Open 2016,Juvenile/Male/Blue/Light,2,LuizGustavoRodriguesDias,CasaofJiu,Jitsu
New York Summer International Open 2016,Juvenile/Male/Blue/Light,3,AlexRey,IconBJJ
New York Summer International Open 2016,Juvenile/Male/Blue/Light,3,DanteDerrickMuschamp,BJJGlobetrottersUSA
New York Summer International Open 2016,Juvenile/Male/Blue/Middle,1,FrancisDolanMarshall,PellegrinoMixedMartialArts
New York Summer International Open 2016,Juvenile/Male/Blue/Middle,2,SeanAnthonyYadimarco,SavareseBrazilianJiu,JitsuAcademy
New York Summer International Open 2016,Juvenile/Male/Blue/Middle,3,BenSualpBagbek,GracieBarra
New York Summer International Open 2016,Juvenile/Male/Blue/Middle,3,KevinVincentRyan,MarcioCruzBJJ
New York Summer International Open 2016,Juvenile/Male/Blue/Medium-Heavy,1,RyanWeldonLackey,TeamLloydIrvin
New York Summer International Open 2016,Juvenile/Male/Blue/Super-Heavy,1,RoryThomasGreene,GracieBarra
New York Summer International Open 2016,Juvenile/Male/Blue/OpenClassLight,1,AndrewK.Chesmore,InfiniteJiuJitsu
New York Summer International Open 2016,Juvenile/Male/Blue/OpenClassLight,2,CarlosJoseMartins,RenzoGracieNewark
New York Summer International Open 2016,Juvenile/Male/Blue/OpenClassLight,3,GregoryBatistaPaulino,RenzoGracieNewark
New York Summer International Open 2016,Juvenile/Male/Blue/OpenClassHeavy,1,RyanWeldonLackey,TeamLloydIrvin
New York Summer International Open 2016,Juvenile/Male/Blue/OpenClassHeavy,2,FrancisDolanMarshall,PellegrinoMixedMartialArts
New York Summer International Open 2016,Juvenile/Male/Blue/OpenClassHeavy,3,GregoryBatistaPaulino,RenzoGracieNewark
New York Summer International Open 2016,Juvenile/Female/Blue/Light,1,ArianaPodesta,YamasakiAcademy
New York Summer International Open 2016,Juvenile/Female/Blue/Light,2,GabrielleKariEtzel,TheHiveMartialArtsAcademy
New York Summer International Open 2016,Adult/Male/White/Light-Feather,1,KevinHoang,LinMartialArts
New York Summer International Open 2016,Adult/Male/White/Light-Feather,2,JoanManuelCabas,UnityJiu,jitsu
New York Summer International Open 2016,Adult/Male/White/Light-Feather,3,JaimeSoto,GracieEliteTeamAmerica
New York Summer International Open 2016,Adult/Male/White/Light-Feather,3,RyanStark,QuintellaMartialArtsLLC
New York Summer International Open 2016,Adult/Male/White/Feather,1,MichaelV.Santalla,CheckmatNewYork
New York Summer International Open 2016,Adult/Male/White/Feather,2,EricCruz,RenzoGracie
New York Summer International Open 2016,Adult/Male/White/Feather,3,BrianTedaldi,UnityJiu,jitsu
New York Summer International Open 2016,Adult/Male/White/Feather,3,RobertEllison,GracieEliteTeamAmerica
New York Summer International Open 2016,Adult/Male/White/Light,1,GerardWelch,Alliance
New York Summer International Open 2016,Adult/Male/White/Light,2,ShamilRamazanov,Alliance
New York Summer International Open 2016,Adult/Male/White/Light,3,BrandonCherry,GroundControlBJJ
New York Summer International Open 2016,Adult/Male/White/Light,3,JosephHuggins,Crazy88
New York Summer International Open 2016,Adult/Male/White/Middle,1,JeffreyRuocco,UFCGym
New York Summer International Open 2016,Adult/Male/White/Middle,2,AbdulPerez,BJJGlobetrottersUSA
New York Summer International Open 2016,Adult/Male/White/Middle,3,LukePalumbo,PellegrinoMixedMartialArts
New York Summer International Open 2016,Adult/Male/White/Middle,3,NathanSakal,DeLaRivaJiu,JitsuUSA
New York Summer International Open 2016,Adult/Male/White/Medium-Heavy,1,BrandonFulco,GracieSportsUSA
New York Summer International Open 2016,Adult/Male/White/Medium-Heavy,2,AndrewMeise,TACTeamBJJ
New York Summer International Open 2016,Adult/Male/White/Medium-Heavy,3,FabioTamakloe,Alliance
New York Summer International Open 2016,Adult/Male/White/Medium-Heavy,3,JimmyCasimir,SocaBJJ
New York Summer International Open 2016,Adult/Male/White/Heavy,1,AlanMagendzo,Workshop
New York Summer International Open 2016,Adult/Male/White/Heavy,2,VictorBabiuc,RenzoGracieBrooklyn
New York Summer International Open 2016,Adult/Male/White/Heavy,3,JoeJohnson,GroundControl
New York Summer International Open 2016,Adult/Male/White/Heavy,3,NavarroChamberlain,Crazy88
New York Summer International Open 2016,Adult/Male/White/Super-Heavy,1,DavidRodriguez,VitorShaolinBJJ
New York Summer International Open 2016,Adult/Male/White/Super-Heavy,2,DavidRodriguez,GracieEliteTeamAmerica
New York Summer International Open 2016,Adult/Male/White/Ultra-Heavy,1,KyleFolk,Freund,SocaBJJ
New York Summer International Open 2016,Adult/Male/White/Ultra-Heavy,2,RichardAgosto,Alliance
New York Summer International Open 2016,Adult/Male/White/Ultra-Heavy,3,NickDarocha,CabeçaBrazilianJiuJitsu
New York Summer International Open 2016,Adult/Male/White/Ultra-Heavy,3,VasilyTolmachov,BETAAcademy
New York Summer International Open 2016,Adult/Female/White/Rooster,1,XavierCha,CheckmatNewYork
New York Summer International Open 2016,Adult/Female/White/Rooster,2,AianaRodriguez,Crazy88
New York Summer International Open 2016,Adult/Female/White/Light-Feather,1,KatelynGrabowski,GroundControl
New York Summer International Open 2016,Adult/Female/White/Light-Feather,2,JessicaRossoff,RenzoGracieAcademy
New York Summer International Open 2016,Adult/Female/White/Light-Feather,3,CharlotteFerris,PlusOneDefenseSystems
New York Summer International Open 2016,Adult/Female/White/Light-Feather,3,KelsiNew,PentagonMixedMartialArts
New York Summer International Open 2016,Adult/Female/White/Feather,1,AliciaSantandreu,CasaofJiu,Jitsu
New York Summer International Open 2016,Adult/Female/White/Feather,2,ToriKime,Crazy88
New York Summer International Open 2016,Adult/Female/White/Feather,3,PaigePlumlee,AllianceMarceloGarcia
New York Summer International Open 2016,Adult/Female/White/Feather,3,SamanthaMathews,Alliance
New York Summer International Open 2016,Adult/Female/White/Light,1,BethLee,BJJGlobetrotters
New York Summer International Open 2016,Adult/Female/White/Light,2,VeronikaSemenova,BJJGlobetrottersUSA
New York Summer International Open 2016,Adult/Female/White/Light,3,AjaDavis,BJJGlobetrottersUSA
New York Summer International Open 2016,Adult/Female/White/Light,3,LiviaSilva,Alliance
New York Summer International Open 2016,Adult/Female/White/Middle,1,TianhuiCai,UnityJiu,jitsu
New York Summer International Open 2016,Adult/Female/White/Middle,2,AndreaGraciaRodriguez,BrazilianTopTeamBoston
New York Summer International Open 2016,Adult/Female/White/Middle,3,ChelseaHeilig,SASTeamUSA
New York Summer International Open 2016,Adult/Female/White/Middle,3,MarriMilcarek,RenzoGracie
New York Summer International Open 2016,Adult/Female/White/Medium-Heavy,1,SamanthaBozza,GracieEliteTeamAmerica
New York Summer International Open 2016,Adult/Female/White/Medium-Heavy,2,LauraKent,3rdGenerationJiu,JitsuAcademy
New York Summer International Open 2016,Adult/Female/White/Medium-Heavy,3,ReneeKlein,BJJ,Mushin
New York Summer International Open 2016,Adult/Female/White/Heavy,1,ShannonColleenClancy,RibeiroJiu,Jitsu
New York Summer International Open 2016,Adult/Female/White/Heavy,2,NicoleScanlon,RibeiroJiu,Jitsu
New York Summer International Open 2016,Adult/Female/White/Heavy,3,ElisabethSiegel,SerraBJJ
New York Summer International Open 2016,Adult/Female/White/Heavy,3,JessicaNapolitano,SocaBJJ
New York Summer International Open 2016,Adult/Female/White/Super-Heavy,1,ErinMcNemer,FightClubJiuJitsuAustralia
New York Summer International Open 2016,Adult/Female/White/Super-Heavy,2,TheresaSmith,Crazy88
New York Summer International Open 2016,Adult/Female/White/Super-Heavy,3,MichelleLindamood,RMNUTeam
New York Summer International Open 2016,Adult/Male/Blue/Rooster,1,EricNaples,RMNUTeam
New York Summer International Open 2016,Adult/Male/Blue/Rooster,2,LewisGonzalez,RMNUTeam
New York Summer International Open 2016,Adult/Male/Blue/Rooster,3,JamesShay,RABJJAcademy
New York Summer International Open 2016,Adult/Male/Blue/Rooster,3,KeanuTomey,AmericanTopTeam
New York Summer International Open 2016,Adult/Male/Blue/Light-Feather,1,RobertRobinson,NewEnglandUnitedBJJ
New York Summer International Open 2016,Adult/Male/Blue/Light-Feather,2,ThomasDigirolamo,SocaBJJ
New York Summer International Open 2016,Adult/Male/Blue/Light-Feather,3,ArbonBorova,BJJGlobetrottersUSA
New York Summer International Open 2016,Adult/Male/Blue/Light-Feather,3,NicholasPokoy,RibeiroJiu,Jitsu
New York Summer International Open 2016,Adult/Male/Blue/Feather,1,MarbnysMarkisAndrade,KimuraBJJ
New York Summer International Open 2016,Adult/Male/Blue/Feather,2,JobanyRosario,ClockworkJiu,Jitsu
New York Summer International Open 2016,Adult/Male/Blue/Feather,3,EvanArredondo,GracieRaleigh
New York Summer International Open 2016,Adult/Male/Blue/Feather,3,GinoUribe,CarvalhoBJJAcademy
New York Summer International Open 2016,Adult/Male/Blue/Light,1,SebastianRodriguezWilliams,UnityJiu,jitsu
New York Summer International Open 2016,Adult/Male/Blue/Light,2,ChrisAlfar,RibeiroJiu,Jitsu
New York Summer International Open 2016,Adult/Male/Blue/Light,3,LuisDiaz,SocaBJJ
New York Summer International Open 2016,Adult/Male/Blue/Light,3,RyanJoshuaMason,GroundControlBJJ
New York Summer International Open 2016,Adult/Male/Blue/Middle,1,PeterPetties,Crazy88
New York Summer International Open 2016,Adult/Male/Blue/Middle,2,JustinMichael,AllianceCharlotte
New York Summer International Open 2016,Adult/Male/Blue/Middle,3,MichaelGallagher,RABJJAcademy
New York Summer International Open 2016,Adult/Male/Blue/Middle,3,MichaelLorenzo,RMNUTeam
New York Summer International Open 2016,Adult/Male/Blue/Medium-Heavy,1,AndrewSpencer,TeamLloydIrvin
New York Summer International Open 2016,Adult/Male/Blue/Medium-Heavy,2,BryanRidley,RenzoGracieAcademy
New York Summer International Open 2016,Adult/Male/Blue/Medium-Heavy,3,LuisCabrera,VitorShaolinBJJ
New York Summer International Open 2016,Adult/Male/Blue/Medium-Heavy,3,RaymondEncizo,RenzoGracie
New York Summer International Open 2016,Adult/Male/Blue/Heavy,1,JohnMaguire,TeamJucãoUSA
New York Summer International Open 2016,Adult/Male/Blue/Heavy,2,RichardRuprecht,VitorShaolinBJJ
New York Summer International Open 2016,Adult/Male/Blue/Heavy,3,BillyJohnson,Alliance
New York Summer International Open 2016,Adult/Male/Blue/Heavy,3,BrianAparicio,SerraBJJAcademy
New York Summer International Open 2016,Adult/Male/Blue/Super-Heavy,1,BrianRichards,UnityJiu,jitsu
New York Summer International Open 2016,Adult/Male/Blue/Super-Heavy,2,AlbertRobinson,RABJJAcademy
New York Summer International Open 2016,Adult/Male/Blue/Super-Heavy,3,AdamHolland,MassachusettsBrazilianJiuJitsu
New York Summer International Open 2016,Adult/Male/Blue/Ultra-Heavy,1,TafonNchukwi,TeamLloydIrvin
New York Summer International Open 2016,Adult/Male/Blue/Ultra-Heavy,2,FranklinMcdaniel,Balance
New York Summer International Open 2016,Adult/Male/Blue/Ultra-Heavy,3,OrvilleHerry,GracieEliteTeamAmerica
New York Summer International Open 2016,Adult/Male/Blue/Ultra-Heavy,3,SawyerHerbst,KiotoBJJ
New York Summer International Open 2016,Adult/Male/Blue/OpenClass,1,SebastianRodriguezWilliams,UnityJiu,jitsu
New York Summer International Open 2016,Adult/Male/Blue/OpenClass,2,BrianRichards,UnityJiu,jitsu
New York Summer International Open 2016,Adult/Male/Blue/OpenClass,3,EvanArredondo,GracieRaleigh
New York Summer International Open 2016,Adult/Male/Blue/OpenClass,3,TafonNchukwi,TeamLloydIrvin
New York Summer International Open 2016,Adult/Female/Blue/Rooster,1,JeanieChan,UnityJiu,jitsu
New York Summer International Open 2016,Adult/Female/Blue/Rooster,2,KimBokyung,KJCompetitionTeam
New York Summer International Open 2016,Adult/Female/Blue/Rooster,3,ShaiaBierman,chow,BJJGlobetrottersUSA
New York Summer International Open 2016,Adult/Female/Blue/Light-Feather,1,GabriellaGulfin,Alliance
New York Summer International Open 2016,Adult/Female/Blue/Light-Feather,2,MichelleHo,TeamLloydIrvin
New York Summer International Open 2016,Adult/Female/Blue/Light-Feather,3,LaceyPotts,VicenteJr.Team
New York Summer International Open 2016,Adult/Female/Blue/Light-Feather,3,NoraTichaLevy,Forsythe,Fifty/50Jiu,Jitsu
New York Summer International Open 2016,Adult/Female/Blue/Feather,1,royadarvishian,TeamLloydIrvin
New York Summer International Open 2016,Adult/Female/Blue/Feather,2,ArielaPulido,westlake,RenzoGracieAcademy
New York Summer International Open 2016,Adult/Female/Blue/Feather,3,AleanaCofield,TeamLloydIrvin
New York Summer International Open 2016,Adult/Female/Blue/Feather,3,FionaMortell,DavidJacobsJiu,JitsuTeam
New York Summer International Open 2016,Adult/Female/Blue/Light,1,NicoleOliveri,SocaBrazilianJiu,Jitsu
New York Summer International Open 2016,Adult/Female/Blue/Light,2,MichelleDominik,CarlsonGracieTeam
New York Summer International Open 2016,Adult/Female/Blue/Light,3,NicholleStoller,TeamLloydIrvin
New York Summer International Open 2016,Adult/Female/Blue/Light,3,YaraHelmy,RABJJAcademy
New York Summer International Open 2016,Adult/Female/Blue/Middle,1,KathleenPangilinan,SocaBJJ
New York Summer International Open 2016,Adult/Female/Blue/Middle,2,FlaviaSilva,RenatoTavaresAssociation
New York Summer International Open 2016,Adult/Female/Blue/Middle,3,HalieTucker,AmericanTopTeam
New York Summer International Open 2016,Adult/Female/Blue/Middle,3,ShawnaRodgers,PellegrinoMixedMartialArts
New York Summer International Open 2016,Adult/Female/Blue/Medium-Heavy,1,ChloeMcNally,UnityJiu,jitsu
New York Summer International Open 2016,Adult/Female/Blue/Medium-Heavy,2,GabrielleHolloway,MikeMoses'CompetitionTeam
New York Summer International Open 2016,Adult/Female/Blue/Medium-Heavy,3,ClarissaKarpen,BETAAcademy
New York Summer International Open 2016,Adult/Female/Blue/Medium-Heavy,3,EdithJohannaSand,DynamixFightingSports
New York Summer International Open 2016,Adult/Female/Blue/Heavy,1,AlexandraBrynnColeman,JoãoPauloTeamUSA
New York Summer International Open 2016,Adult/Female/Blue/Heavy,2,LydiaColeman,RobertoTravenBJJ
New York Summer International Open 2016,Adult/Female/Blue/Heavy,3,HelenCho,RenzoGracieAcademy
New York Summer International Open 2016,Adult/Female/Blue/Heavy,3,KaylaDehm,TeamLloydIrvin
New York Summer International Open 2016,Adult/Female/Blue/OpenClass,1,AlexandraBrynnColeman,JoãoPauloTeamUSA
New York Summer International Open 2016,Adult/Female/Blue/OpenClass,2,ChloeMcNally,UnityJiu,jitsu
New York Summer International Open 2016,Adult/Female/Blue/OpenClass,3,EdithJohannaSand,DynamixFightingSports
New York Summer International Open 2016,Adult/Female/Blue/OpenClass,3,HalieTucker,AmericanTopTeam
New York Summer International Open 2016,Adult/Male/Purple/Rooster,1,MichaelJaredLomuntadHonrado,VitorShaolinBJJ
New York Summer International Open 2016,Adult/Male/Purple/Rooster,2,JoseRodriguez,UnityJiu,jitsu
New York Summer International Open 2016,Adult/Male/Purple/Light-Feather,1,FranciscoJonasBorgesAndrade,PSLPBCiceroCostha
New York Summer International Open 2016,Adult/Male/Purple/Light-Feather,2,EdwinOcasio,UnityJiu,jitsu
New York Summer International Open 2016,Adult/Male/Purple/Light-Feather,3,MetinKaradag,RCJMachado
New York Summer International Open 2016,Adult/Male/Purple/Light-Feather,3,MikeyWaters,VamosBrazilianJiuJitsu
New York Summer International Open 2016,Adult/Male/Purple/Feather,1,MichaelSheehan,Action&ReactionMMAToronto
New York Summer International Open 2016,Adult/Male/Purple/Feather,2,MaxPascale,BrasaCTA
New York Summer International Open 2016,Adult/Male/Purple/Feather,3,HiltonLeãoRodriguesSilva,LeãoDourado
New York Summer International Open 2016,Adult/Male/Purple/Feather,3,KevinWheeler,Action&ReactionMMAToronto
New York Summer International Open 2016,Adult/Male/Purple/Light,1,RodrigoAlonso,GracieBarra
New York Summer International Open 2016,Adult/Male/Purple/Light,2,AnthonyElbert,DavidJacobsJiu,JitsuTeam
New York Summer International Open 2016,Adult/Male/Purple/Light,3,ByungJuLee,TeamLloydIrvin
New York Summer International Open 2016,Adult/Male/Purple/Light,3,TiagoRodriguesDias,CasaofJiu,Jitsu
New York Summer International Open 2016,Adult/Male/Purple/Middle,1,PauloHenriqueGomesRodrigues,UnityJiu,jitsu
New York Summer International Open 2016,Adult/Male/Purple/Middle,2,MatheusFranciscoLutes,UnityJiu,jitsu
New York Summer International Open 2016,Adult/Male/Purple/Middle,3,NickDomgjoni,Alliance
New York Summer International Open 2016,Adult/Male/Purple/Middle,3,PhilipMento,TACTeamBJJ
New York Summer International Open 2016,Adult/Male/Purple/Medium-Heavy,1,DevhonteM.Johnson,UnityJiu,jitsu
New York Summer International Open 2016,Adult/Male/Purple/Medium-Heavy,2,PatrickI.Hemenway,PellegrinoMixedMartialArts
New York Summer International Open 2016,Adult/Male/Purple/Medium-Heavy,3,DavidRodriguez,CarlsonGracieTeam,CT/CesarPereiraBJJ
New York Summer International Open 2016,Adult/Male/Purple/Medium-Heavy,3,EricGocke,RMBJJAcademy
New York Summer International Open 2016,Adult/Male/Purple/Heavy,1,FelipeRocha,Alliance
New York Summer International Open 2016,Adult/Male/Purple/Heavy,2,KevinPelikan,Alliance
New York Summer International Open 2016,Adult/Male/Purple/Heavy,3,ArielHuguet,AllianceMarceloGarcia
New York Summer International Open 2016,Adult/Male/Purple/Heavy,3,StevenNichols,GracieBarra
New York Summer International Open 2016,Adult/Male/Purple/Super-Heavy,1,heliosa,RenzoGracieNewark
New York Summer International Open 2016,Adult/Male/Purple/Ultra-Heavy,1,DanielLachlanCampbell,Alliance
New York Summer International Open 2016,Adult/Male/Purple/Ultra-Heavy,2,JohnJohnson,Crazy88
New York Summer International Open 2016,Adult/Male/Purple/Ultra-Heavy,3,ejmecklenburg,YamasakiAcademy
New York Summer International Open 2016,Adult/Male/Purple/OpenClass,1,DevhonteM.Johnson,UnityJiu,jitsu
New York Summer International Open 2016,Adult/Male/Purple/OpenClass,2,MatheusFranciscoLutes,UnityJiu,jitsu
New York Summer International Open 2016,Adult/Male/Purple/OpenClass,3,DavidRodriguez,CarlsonGracieTeam,CT/CesarPereiraBJJ
New York Summer International Open 2016,Adult/Male/Purple/OpenClass,3,FranciscoJonasBorgesAndrade,PSLPBCiceroCostha
New York Summer International Open 2016,Adult/Female/Purple/Light-Feather,1,CourtneyCaporizzo,Balance
New York Summer International Open 2016,Adult/Female/Purple/Light-Feather,2,MelissaPeixotoKerrigan,CabeçaBrazilianJiuJitsu
New York Summer International Open 2016,Adult/Female/Purple/Light-Feather,3,AmyGillen,RABJJAcademy
New York Summer International Open 2016,Adult/Female/Purple/Light-Feather,3,GellaMontoya,VitorShaolinBJJ
New York Summer International Open 2016,Adult/Female/Purple/Feather,1,TaylorBiagi,BonsaiJJ,Chicago
New York Summer International Open 2016,Adult/Female/Purple/Feather,2,AmberCarter,BigBrothers
New York Summer International Open 2016,Adult/Female/Purple/Feather,3,DesireeJaneSabo,NovaUniãoUSA
New York Summer International Open 2016,Adult/Female/Purple/Feather,3,JeileenAlvarez,TeamLink
New York Summer International Open 2016,Adult/Female/Purple/Light,1,AprilParks,TeamJucãoUSA
New York Summer International Open 2016,Adult/Female/Purple/Light,2,lakitapatterson,TeamLloydIrvin
New York Summer International Open 2016,Adult/Female/Purple/Light,3,NataliyaPilipenko,Alliance
New York Summer International Open 2016,Adult/Female/Purple/Light,3,ValerieAspaas,BuffaloUnitedMartialArts
New York Summer International Open 2016,Adult/Female/Purple/Middle,1,VedhaClementeToscano,CheckmatNewYork
New York Summer International Open 2016,Adult/Female/Purple/Middle,2,VannessaNancyGriffin,TeamLloydIrvin
New York Summer International Open 2016,Adult/Female/Purple/Medium-Heavy,1,EmilyC.McGivern,NovaUniaoJiuJitsuMississauga
New York Summer International Open 2016,Adult/Female/Purple/OpenClass,1,VedhaClementeToscano,CheckmatNewYork
New York Summer International Open 2016,Adult/Female/Purple/OpenClass,2,VannessaNancyGriffin,TeamLloydIrvin
New York Summer International Open 2016,Adult/Female/Purple/OpenClass,3,CourtneyCaporizzo,Balance
New York Summer International Open 2016,Adult/Female/Purple/OpenClass,3,ValerieAspaas,BuffaloUnitedMartialArts
New York Summer International Open 2016,Adult/Male/Brown/Light-Feather,1,MalachiJamesC.Edmond,TeamLloydIrvin
New York Summer International Open 2016,Adult/Male/Brown/Light-Feather,2,SurajKumarBudhram,RenatoTavaresAssociation
New York Summer International Open 2016,Adult/Male/Brown/Light-Feather,3,RyanL.Clay,NewEnglandUnitedBJJ
New York Summer International Open 2016,Adult/Male/Brown/Feather,1,SilvioDurandeBarrosSaraiva,VitorShaolinBJJ
New York Summer International Open 2016,Adult/Male/Brown/Feather,2,OrlandoFernandoCastilloAndaviza,FightSports
New York Summer International Open 2016,Adult/Male/Brown/Feather,3,GaryS.AlvarezJr,TeamLink
New York Summer International Open 2016,Adult/Male/Brown/Feather,3,ZacharyRossHertzog,3rdGenerationJiu,JitsuAcademy
New York Summer International Open 2016,Adult/Male/Brown/Light,1,ZataToscano,CheckmatNewYork
New York Summer International Open 2016,Adult/Male/Brown/Light,2,AlexandreFariaMolinaro,CarlsonGracieTeam
New York Summer International Open 2016,Adult/Male/Brown/Light,3,JamesLeeSmith,Alliance
New York Summer International Open 2016,Adult/Male/Brown/Light,3,MouadLahlou,RenzoGracie
New York Summer International Open 2016,Adult/Male/Brown/Middle,1,DanteLeon,GFTeamInternational
New York Summer International Open 2016,Adult/Male/Brown/Middle,2,ThomasJohnKeenan,GDJiu,JitsuAssociation
New York Summer International Open 2016,Adult/Male/Brown/Middle,3,NathanA.Gauthier,UnityJiu,jitsu
New York Summer International Open 2016,Adult/Male/Brown/Middle,3,RokasNarusevicius,A,ForceBrazilianJiu,Jitsu
New York Summer International Open 2016,Adult/Male/Brown/Medium-Heavy,1,MatthewWLeighton,BonsaiJJ,Chicago
New York Summer International Open 2016,Adult/Male/Brown/Medium-Heavy,2,ErikR.Sommer,GFTeamConnecticut
New York Summer International Open 2016,Adult/Male/Brown/Medium-Heavy,3,MatthewMartinez,EastCoastUnitedBJJ
New York Summer International Open 2016,Adult/Male/Brown/Medium-Heavy,3,PauloVCanabarro,CrossroadsBrazilianJiu,Jitsu
New York Summer International Open 2016,Adult/Male/Brown/Heavy,1,MatthewRKachmar,EastCoastUnitedBJJ
New York Summer International Open 2016,Adult/Male/Brown/Heavy,2,KhylT.Farrison,TACTeamBJJ
New York Summer International Open 2016,Adult/Male/Brown/Heavy,3,DarinPatrickSenneff,YamasakiAcademy
New York Summer International Open 2016,Adult/Male/Brown/Ultra-Heavy,1,RafaelBabiloniaCristovão,NsBrotherhood
New York Summer International Open 2016,Adult/Male/Brown/Ultra-Heavy,2,BennyAylerRupel,Alliance
New York Summer International Open 2016,Adult/Male/Brown/Ultra-Heavy,3,AlfonsoJoelWashingtonJr.,TeamLloydIrvin
New York Summer International Open 2016,Adult/Male/Brown/OpenClass,1,RafaelBabiloniaCristovão,NsBrotherhood
New York Summer International Open 2016,Adult/Male/Brown/OpenClass,2,ZataToscano,CheckmatNewYork
New York Summer International Open 2016,Adult/Male/Brown/OpenClass,3,DanteLeon,GFTeamInternational
New York Summer International Open 2016,Adult/Male/Brown/OpenClass,3,ThomasJohnKeenan,GDJiu,JitsuAssociation
New York Summer International Open 2016,Adult/Female/Brown/Light-Feather,1,JenniferSung,VitorShaolinBJJ
New York Summer International Open 2016,Adult/Female/Brown/Light-Feather,2,RoyaSarwary,BodyofFour
New York Summer International Open 2016,Adult/Female/Brown/Feather,1,AnnaElizabethSalome,RobertoTravenBJJ
New York Summer International Open 2016,Adult/Female/Brown/Feather,2,ErikaBlumenfeld,FightClubJiuJitsuAustralia
New York Summer International Open 2016,Adult/Female/Brown/Middle,1,SarahBlock,RibeiroJiu,Jitsu
New York Summer International Open 2016,Adult/Female/Brown/Middle,2,FolanaDioneMiller,Alliance
New York Summer International Open 2016,Adult/Female/Brown/Medium-Heavy,1,CatherineC.Jones,CarlsonGracieTeam
New York Summer International Open 2016,Adult/Female/Brown/OpenClass,1,AnnaElizabethSalome,RobertoTravenBJJ
New York Summer International Open 2016,Adult/Female/Brown/OpenClass,2,SarahBlock,RibeiroJiu,Jitsu
New York Summer International Open 2016,Adult/Female/Brown/OpenClass,3,CatherineC.Jones,CarlsonGracieTeam
New York Summer International Open 2016,Adult/Female/Brown/OpenClass,3,RoyaSarwary,BodyofFour
New York Summer International Open 2016,Adult/Male/Black/Light-Feather,1,JoãoRicardoBordignonMiyao,PSLPBCiceroCostha
New York Summer International Open 2016,Adult/Male/Black/Light-Feather,2,BrunoAyolphiBraz,KimuraBJJ
New York Summer International Open 2016,Adult/Male/Black/Light-Feather,3,SidemarHonorio,GracieEliteTeamAmerica
New York Summer International Open 2016,Adult/Male/Black/Feather,1,JoelMBurgess,Alliance
New York Summer International Open 2016,Adult/Male/Black/Feather,2,FelipeHugodeSouzaSimplicio,StrikerJJ
New York Summer International Open 2016,Adult/Male/Black/Light,1,JoãoPaulodeFatimaAlvesFerreira,Alliance
New York Summer International Open 2016,Adult/Male/Black/Light,2,JinYung,RenzoGracie
New York Summer International Open 2016,Adult/Male/Black/Light,3,MatheusHenriqueAndré,GracieFighter
New York Summer International Open 2016,Adult/Male/Black/Light,3,RafaelBarbosaCarvalhodaCosta,RenzoGracie
New York Summer International Open 2016,Adult/Male/Black/Middle,1,FelipeCesarSilva,BARBOSAJIU,JITSU
New York Summer International Open 2016,Adult/Male/Black/Middle,2,RafaelRosendodosSantos,Alliance
New York Summer International Open 2016,Adult/Male/Black/Middle,3,JonathanT.Satava,Alliance
New York Summer International Open 2016,Adult/Male/Black/Middle,3,LucasBenévoloValle,InfightJiu,Jitsu
New York Summer International Open 2016,Adult/Male/Black/Medium-Heavy,1,MarcosViníciusdaSilvaTinoco,Alliance
New York Summer International Open 2016,Adult/Male/Black/Heavy,1,MatheusOliveiraDiniz,Alliance
New York Summer International Open 2016,Adult/Male/Black/Heavy,2,DiegoJoseRamos,SASTeamUSA
New York Summer International Open 2016,Adult/Male/Black/Super-Heavy,1,JoãoPaulodeSousaSoares,SASTeam
New York Summer International Open 2016,Adult/Male/Black/Super-Heavy,2,LincolnJefersonPereira,GracieEliteTeamAmerica
New York Summer International Open 2016,Adult/Male/Black/Super-Heavy,3,AaronMichaelJohnson,UnityJiu,jitsu
New York Summer International Open 2016,Adult/Male/Black/OpenClass,1,MarcosViníciusdaSilvaTinoco,Alliance
New York Summer International Open 2016,Adult/Male/Black/OpenClass,2,MatheusOliveiraDiniz,Alliance
New York Summer International Open 2016,Adult/Male/Black/OpenClass,3,AaronMichaelJohnson,UnityJiu,jitsu
New York Summer International Open 2016,Adult/Male/Black/OpenClass,3,FelipeCesarSilva,BARBOSAJIU,JITSU
New York Summer International Open 2016,Adult/Female/Black/Feather,1,SamanthaSiuBicTamFaulhaber,GracieHumaitaPhiladelphia
New York Summer International Open 2016,Adult/Female/Black/Light,1,AaraeAlexander,TeamLloydIrvin
New York Summer International Open 2016,Adult/Female/Black/Light,2,TaissadeAzevedoDrummond,SoulFightersDallas/SiamStarMMA,TX
New York Summer International Open 2016,Adult/Female/Black/OpenClass,1,AaraeAlexander,TeamLloydIrvin
New York Summer International Open 2016,Adult/Female/Black/OpenClass,2,SamanthaSiuBicTamFaulhaber,GracieHumaitaPhiladelphia
New York Summer International Open 2016,Adult/Female/Black/OpenClass,3,TaissadeAzevedoDrummond,SoulFightersDallas/SiamStarMMA,TX
New York Summer International Open 2016,Master1/Male/White/Feather,1,RonDavenport,TACTeamBJJ
New York Summer International Open 2016,Master1/Male/White/Feather,2,GeoffreyMerton,PellegrinoMixedMartialArts
New York Summer International Open 2016,Master1/Male/White/Feather,3,HongPol,GracieBarra
New York Summer International Open 2016,Master1/Male/White/Feather,3,NicholasGatto,EmersonSouzaBJJ
New York Summer International Open 2016,Master1/Male/White/Light,1,JustinGraves,PellegrinoMixedMartialArts
New York Summer International Open 2016,Master1/Male/White/Light,2,GilV.AndradeNeto,KiotoBJJ
New York Summer International Open 2016,Master1/Male/White/Light,3,MatthewPressey,PellegrinoMixedMartialArts
New York Summer International Open 2016,Master1/Male/White/Light,3,WilliamRogers,NovaUniãoUSA
New York Summer International Open 2016,Master1/Male/White/Middle,1,JosephCortez,AmericanTopTeam
New York Summer International Open 2016,Master1/Male/White/Middle,2,RobertTorres,EastCoastUnitedBJJ
New York Summer International Open 2016,Master1/Male/White/Middle,3,JonCamacho,SoulFightersBJJConnecticut
New York Summer International Open 2016,Master1/Male/White/Middle,3,RobertKassan,SocaBJJ
New York Summer International Open 2016,Master1/Male/White/Medium-Heavy,1,KurtSLewisJr.,VicenteJr.Team
New York Summer International Open 2016,Master1/Male/White/Medium-Heavy,2,JasonFrancisco,PlusOneDefenseSystems
New York Summer International Open 2016,Master1/Male/White/Medium-Heavy,3,ChristopherAlustiza,Balance
New York Summer International Open 2016,Master1/Male/White/Medium-Heavy,3,MelvinVitatoe,YamasakiAcademy
New York Summer International Open 2016,Master1/Male/White/Heavy,1,DerekClark,FairfaxJiuJitsu
New York Summer International Open 2016,Master1/Male/White/Heavy,2,EdwarxGardella,CheckmatNewYork
New York Summer International Open 2016,Master1/Male/White/Heavy,3,JosephL.ValentinoJr.,PellegrinoMixedMartialArts
New York Summer International Open 2016,Master1/Male/White/Heavy,3,MartinW.Vogel,RenzoGracieAcademy
New York Summer International Open 2016,Master1/Male/White/Ultra-Heavy,1,DanielLevenson,RibeiroJiu,Jitsu
New York Summer International Open 2016,Master1/Male/White/Ultra-Heavy,2,DanielDoyle,Crazy88
New York Summer International Open 2016,Master1/Male/White/Ultra-Heavy,3,ChristopherMyers,DavidJacobsJiu,JitsuTeam
New York Summer International Open 2016,Master1/Male/Blue/Feather,1,JonathanMiller,GracieBarra
New York Summer International Open 2016,Master1/Male/Blue/Feather,2,DeividF.Dias,GFTeam
New York Summer International Open 2016,Master1/Male/Blue/Feather,3,CurtisLynch,LinMartialArts
New York Summer International Open 2016,Master1/Male/Blue/Feather,3,SoufianeLaamime,BETAAcademy
New York Summer International Open 2016,Master1/Male/Blue/Light,1,MarkGarcia,SavareseBrazilianJiu,JitsuAcademy
New York Summer International Open 2016,Master1/Male/Blue/Light,2,BrettLandrum,TACTeamBJJ
New York Summer International Open 2016,Master1/Male/Blue/Light,3,DanielCho,SocaBJJ
New York Summer International Open 2016,Master1/Male/Blue/Light,3,VincentCaputi,CheckmatNewYork
New York Summer International Open 2016,Master1/Male/Blue/Middle,1,NicolasOsvaldoAntivero,PrecisionJiu,Jitsu
New York Summer International Open 2016,Master1/Male/Blue/Middle,2,RobertGarod,AllianceMarceloGarcia
New York Summer International Open 2016,Master1/Male/Blue/Middle,3,JonathanMatthey,Alliance
New York Summer International Open 2016,Master1/Male/Blue/Middle,3,RafikBennacer,YamasakiAcademy
New York Summer International Open 2016,Master1/Male/Blue/Medium-Heavy,1,MaksimYelyashkevich,TheJiu,JitsuMill
New York Summer International Open 2016,Master1/Male/Blue/Medium-Heavy,2,JeremyGrossman,GracieEliteTeamAmerica
New York Summer International Open 2016,Master1/Male/Blue/Medium-Heavy,3,BillDiamantopoulos,TACTeamBJJ
New York Summer International Open 2016,Master1/Male/Blue/Medium-Heavy,3,stevevargas,AmericanTopTeam
New York Summer International Open 2016,Master1/Male/Blue/Heavy,1,FrankMarinello,Crazy88
New York Summer International Open 2016,Master1/Male/Blue/Super-Heavy,1,ElijahGbollie,VicenteJr.Team
New York Summer International Open 2016,Master1/Male/Blue/Ultra-Heavy,1,LloydPiar,TeamLloydIrvin
New York Summer International Open 2016,Master1/Male/Blue/Ultra-Heavy,2,LeeSouter,GracieBarra
New York Summer International Open 2016,Master1/Male/Blue/OpenClass,1,LloydPiar,TeamLloydIrvin
New York Summer International Open 2016,Master1/Male/Blue/OpenClass,2,NicolasOsvaldoAntivero,PrecisionJiu,Jitsu
New York Summer International Open 2016,Master1/Male/Blue/OpenClass,3,LeeSouter,GracieBarra
New York Summer International Open 2016,Master1/Male/Blue/OpenClass,3,SoufianeLaamime,BETAAcademy
New York Summer International Open 2016,Master1/Female/Blue/Light-Feather,1,AnnMullen,YamasakiAcademy
New York Summer International Open 2016,Master1/Female/Blue/Light-Feather,2,LeeannMorris,RMNUTeam
New York Summer International Open 2016,Master1/Female/Blue/Feather,1,AshleyK.Cruz,IconJiu,JitsuTeam,USA
New York Summer International Open 2016,Master1/Female/Blue/Feather,2,AbigailKatePacinelli,TACTeamBJJ
New York Summer International Open 2016,Master1/Female/Blue/Feather,3,BrookeDanielson,BETAAcademy
New York Summer International Open 2016,Master1/Female/Blue/Feather,3,CarolynS.Long,SerraBJJ
New York Summer International Open 2016,Master1/Female/Blue/Light,1,KristinMesa,AmericanTopTeam
New York Summer International Open 2016,Master1/Female/Blue/Middle,1,LeonaMansapit,Crazy88
New York Summer International Open 2016,Master1/Female/Blue/Middle,2,StephanieLee,BillScottBJJShoreAcademy
New York Summer International Open 2016,Master1/Female/Blue/Medium-Heavy,1,JodyMorris,SoulFightersBJJConnecticut
New York Summer International Open 2016,Master1/Female/Blue/Medium-Heavy,2,KathleenMcdonough,BETAAcademy
New York Summer International Open 2016,Master1/Female/Blue/Medium-Heavy,3,AmandaTruemper,BonsaiJJ,2
New York Summer International Open 2016,Master1/Female/Blue/Medium-Heavy,3,KadriGraff,PellegrinoMixedMartialArts
New York Summer International Open 2016,Master1/Female/Blue/OpenClass,1,JodyMorris,SoulFightersBJJConnecticut
New York Summer International Open 2016,Master1/Female/Blue/OpenClass,2,AbigailKatePacinelli,TACTeamBJJ
New York Summer International Open 2016,Master1/Female/Blue/OpenClass,3,LeonaMansapit,Crazy88
New York Summer International Open 2016,Master1/Female/Blue/OpenClass,3,StephanieLee,BillScottBJJShoreAcademy
New York Summer International Open 2016,Master1/Male/Purple/Light-Feather,1,TadElliottThomas,RoundTableBJJ
New York Summer International Open 2016,Master1/Male/Purple/Light-Feather,2,TimBukher,CheckmatNewYork
New York Summer International Open 2016,Master1/Male/Purple/Light-Feather,3,JimZaremski,Balance
New York Summer International Open 2016,Master1/Male/Purple/Light-Feather,3,JustinD.Dollard,RABJJAcademy
New York Summer International Open 2016,Master1/Male/Purple/Feather,1,LuisFinateri,GFTeam
New York Summer International Open 2016,Master1/Male/Purple/Feather,2,NathanRay,PellegrinoMixedMartialArts
New York Summer International Open 2016,Master1/Male/Purple/Feather,3,DanielDiaz,RenzoGracieNewark
New York Summer International Open 2016,Master1/Male/Purple/Feather,3,MarcDelacruz,LotusClubUSA
New York Summer International Open 2016,Master1/Male/Purple/Light,1,MichaelSabo,NovaUniãoUSA
New York Summer International Open 2016,Master1/Male/Purple/Light,2,CarlosRaba,VicenteJr.Team
New York Summer International Open 2016,Master1/Male/Purple/Light,3,AntonioSmith,Alliance
New York Summer International Open 2016,Master1/Male/Purple/Light,3,WolfgangDistler,FightGymNürnberg
New York Summer International Open 2016,Master1/Male/Purple/Middle,1,JohnnyBoswellJr.,VicenteJr.Team
New York Summer International Open 2016,Master1/Male/Purple/Middle,2,PhilipEger,FightGymNürnberg
New York Summer International Open 2016,Master1/Male/Purple/Middle,3,NeilRoy,YamasakiAcademy
New York Summer International Open 2016,Master1/Male/Purple/Middle,3,ViktorSouta,VitorShaolinBJJ
New York Summer International Open 2016,Master1/Male/Purple/Medium-Heavy,1,JohnBurke,Alliance
New York Summer International Open 2016,Master1/Male/Purple/Medium-Heavy,2,NicholasLassalle,DavidJacobsJiu,JitsuTeam
New York Summer International Open 2016,Master1/Male/Purple/Medium-Heavy,3,BillFrank,RobertoTravenBJJ
New York Summer International Open 2016,Master1/Male/Purple/Medium-Heavy,3,JoseOrtiz,3rdGenerationJiu,JitsuAcademy
New York Summer International Open 2016,Master1/Male/Purple/Heavy,1,ChinnonyeOkafor,Alliance
New York Summer International Open 2016,Master1/Male/Purple/Heavy,2,BrianDaddino,MullerBJJ
New York Summer International Open 2016,Master1/Male/Purple/Heavy,3,ChadLeeBlack,Balance
New York Summer International Open 2016,Master1/Male/Purple/Super-Heavy,1,Michaelmaliszesky,RenzoGracie
New York Summer International Open 2016,Master1/Male/Purple/Super-Heavy,2,CoreyPhelps,BETAAcademy
New York Summer International Open 2016,Master1/Male/Purple/Super-Heavy,3,DomenickStriano,EmersonSouzaBJJ
New York Summer International Open 2016,Master1/Male/Purple/Ultra-Heavy,1,SeanGilliard,Balance
New York Summer International Open 2016,Master1/Male/Purple/Ultra-Heavy,2,DimitriosMalatos,SocaBJJ
New York Summer International Open 2016,Master1/Male/Purple/OpenClass,1,JohnBurke,Alliance
New York Summer International Open 2016,Master1/Male/Purple/OpenClass,2,NeilRoy,YamasakiAcademy
New York Summer International Open 2016,Master1/Male/Purple/OpenClass,3,JoseOrtiz,3rdGenerationJiu,JitsuAcademy
New York Summer International Open 2016,Master1/Male/Purple/OpenClass,3,TadElliottThomas,RoundTableBJJ
New York Summer International Open 2016,Master1/Female/Purple/Light,1,PatriciaArchila,BonsaiJJ,USA
New York Summer International Open 2016,Master1/Female/Purple/Light,2,GillianK.Davis,RCJMachado
New York Summer International Open 2016,Master1/Female/Purple/Light,3,KarenHuyssoon,VicenteJr.Team
New York Summer International Open 2016,Master1/Female/Purple/Middle,1,JessicaAdams,NovaUniãoUSA
New York Summer International Open 2016,Master1/Female/Purple/Middle,2,AndreaMartyn,RibeiroJiu,Jitsu
New York Summer International Open 2016,Master1/Female/Purple/Middle,3,EkaterinaGritsai,ClockworkJiu,Jitsu
New York Summer International Open 2016,Master1/Female/Purple/OpenClass,1,JessicaAdams,NovaUniãoUSA
New York Summer International Open 2016,Master1/Female/Purple/OpenClass,2,PatriciaArchila,BonsaiJJ,USA
New York Summer International Open 2016,Master1/Female/Purple/OpenClass,3,AndreaMartyn,RibeiroJiu,Jitsu
New York Summer International Open 2016,Master1/Male/Brown/Light-Feather,1,JoseAlfonsoHermoza,BrazilianTopTeam
New York Summer International Open 2016,Master1/Male/Brown/Light-Feather,2,PaulM.Genzale,SocaBJJ
New York Summer International Open 2016,Master1/Male/Brown/Light,1,MattSchellenschlager,VicenteJr.Team
New York Summer International Open 2016,Master1/Male/Brown/Light,2,SuldbayarDamdin,PentagonMixedMartialArts
New York Summer International Open 2016,Master1/Male/Brown/Light,3,LouisCugini,VitorShaolinBJJ
New York Summer International Open 2016,Master1/Male/Brown/Light,3,TomaszPiotrowski,VitorShaolinBJJ
New York Summer International Open 2016,Master1/Male/Brown/Middle,1,OmarS.Delgado,VitorShaolinBJJ
New York Summer International Open 2016,Master1/Male/Brown/Middle,2,AnthonyWolter,SocaBJJ
New York Summer International Open 2016,Master1/Male/Brown/Middle,3,RafaelAlag,myBJJTeam
New York Summer International Open 2016,Master1/Male/Brown/Middle,3,SeanLeeLynch,YamasakiAcademy
New York Summer International Open 2016,Master1/Male/Brown/Medium-Heavy,1,TimothyJamesDawson,DavidJacobsJiu,JitsuTeam
New York Summer International Open 2016,Master1/Male/Brown/Medium-Heavy,2,DaleTMorris,VamosBrazilianJiuJitsu
New York Summer International Open 2016,Master1/Male/Brown/Medium-Heavy,3,GregoryP.West,NewEnglandUnited
New York Summer International Open 2016,Master1/Male/Brown/Super-Heavy,1,JamesRobertKearns,RoundTableBJJ
New York Summer International Open 2016,Master1/Male/Brown/Super-Heavy,2,DavidFernandez,KiotoBJJ
New York Summer International Open 2016,Master1/Male/Brown/OpenClass,1,SuldbayarDamdin,PentagonMixedMartialArts
New York Summer International Open 2016,Master1/Male/Brown/OpenClass,2,DaleTMorris,VamosBrazilianJiuJitsu
New York Summer International Open 2016,Master1/Male/Brown/OpenClass,3,SeanLeeLynch,YamasakiAcademy
New York Summer International Open 2016,Master1/Male/Black/Light-Feather,1,DanielBelezaG.deAndrade,SASTeamUSA
New York Summer International Open 2016,Master1/Male/Black/Light-Feather,2,AaronChristopherMorris,RMNUTeam
New York Summer International Open 2016,Master1/Male/Black/Light,1,FranciscoDanielPiresTavares,SASTeamUSA
New York Summer International Open 2016,Master1/Male/Black/Light,2,FabiodaSilvaCoelho,RenzoGracie
New York Summer International Open 2016,Master1/Male/Black/Light,3,ChadAllenBingham,Alliance
New York Summer International Open 2016,Master1/Male/Black/Light,3,VincentC.Brightman,CarlsonGracieTeam
New York Summer International Open 2016,Master1/Male/Black/Middle,1,RafaelMonteiroBarbosa,SoulFightersBJJConnecticut
New York Summer International Open 2016,Master1/Male/Black/Middle,2,LeonardoDelgadodeOliveira,SoulFightersBJJConnecticut
New York Summer International Open 2016,Master1/Male/Black/Middle,3,A.KylePindar,BodyofFour
New York Summer International Open 2016,Master1/Male/Black/Middle,3,NakapanPhungephorn,BETAAcademy
New York Summer International Open 2016,Master1/Male/Black/Medium-Heavy,1,DaniloChermanGoltsman,NovaUniãoUSA
New York Summer International Open 2016,Master1/Male/Black/Medium-Heavy,2,JordanSamuelLutsky,SoulFightersBJJConnecticut
New York Summer International Open 2016,Master1/Male/Black/Medium-Heavy,3,FernandoSalesSabenca,NovaUniãoUSA
New York Summer International Open 2016,Master1/Male/Black/OpenClass,1,RafaelMonteiroBarbosa,SoulFightersBJJConnecticut
New York Summer International Open 2016,Master1/Male/Black/OpenClass,2,FranciscoDanielPiresTavares,SASTeamUSA
New York Summer International Open 2016,Master1/Male/Black/OpenClass,3,NakapanPhungephorn,BETAAcademy
New York Summer International Open 2016,Master2/Male/White/Feather,1,Sai,kitWong,A,ForceBrazilianJiu,Jitsu
New York Summer International Open 2016,Master2/Male/White/Feather,2,MelH.Yanson,CheckmatNewYork
New York Summer International Open 2016,Master2/Male/White/Light,1,RickDaman,PedroSauerTeam
New York Summer International Open 2016,Master2/Male/White/Light,2,JosephBrooks,VitorShaolinBJJ
New York Summer International Open 2016,Master2/Male/White/Light,3,JamesO'hare,PellegrinoMixedMartialArts
New York Summer International Open 2016,Master2/Male/White/Light,3,TimothyHovanec,DeLaRivaJiu,JitsuUSA
New York Summer International Open 2016,Master2/Male/White/Middle,1,DamienMcCreath,RenzoGracieAcademy
New York Summer International Open 2016,Master2/Male/White/Middle,2,JoseDelRio,UnityJiu,jitsu
New York Summer International Open 2016,Master2/Male/White/Middle,3,ArronAllen,GroundControl
New York Summer International Open 2016,Master2/Male/White/Middle,3,ChrisStanford,NovaUniãoUSA
New York Summer International Open 2016,Master2/Male/White/Medium-Heavy,1,JonGingerich,KiotoBJJ
New York Summer International Open 2016,Master2/Male/White/Medium-Heavy,2,VladislavKirnosov,YamasakiAcademy
New York Summer International Open 2016,Master2/Male/White/Medium-Heavy,3,MatthewWolf,RenzoGracieAcademy
New York Summer International Open 2016,Master2/Male/White/Heavy,1,MatthewQuinn,SoulFightersBJJConnecticut
New York Summer International Open 2016,Master2/Male/White/Heavy,2,RichardDehm,Crazy88
New York Summer International Open 2016,Master2/Male/White/Heavy,3,PatrickMiller,RenzoGracieAcademy
New York Summer International Open 2016,Master2/Male/White/Heavy,3,PiseyTan,QuintellaMartialArtsLLC
New York Summer International Open 2016,Master2/Male/White/Super-Heavy,1,ChrisBenware,RMNUTeam
New York Summer International Open 2016,Master2/Male/White/Ultra-Heavy,1,RichardMadrid,KiotoBJJ
New York Summer International Open 2016,Master2/Male/White/Ultra-Heavy,2,DonaldWoodham,PellegrinoMixedMartialArts
New York Summer International Open 2016,Master2/Male/Blue/Light-Feather,1,JuanM.Cruz,IconJiu,JitsuTeam,USA
New York Summer International Open 2016,Master2/Male/Blue/Light-Feather,2,EricV.Plourde,NovaUniãoUSA
New York Summer International Open 2016,Master2/Male/Blue/Feather,1,RobertAmar,GracieBarra
New York Summer International Open 2016,Master2/Male/Blue/Feather,2,HectorJamesBarreto,SocaBJJ
New York Summer International Open 2016,Master2/Male/Blue/Feather,3,PatCaruana,BJJGlobetrottersUSA
New York Summer International Open 2016,Master2/Male/Blue/Light,1,MatthewWinchester,SASTeamUSA
New York Summer International Open 2016,Master2/Male/Blue/Light,2,AdamDuthie,Alliance
New York Summer International Open 2016,Master2/Male/Blue/Light,3,EugeneSullivan,EmersonSouzaBJJ
New York Summer International Open 2016,Master2/Male/Blue/Light,3,TimothyTan,UnityJiu,jitsu
New York Summer International Open 2016,Master2/Male/Blue/Middle,1,GaryGriffin,Alliance
New York Summer International Open 2016,Master2/Male/Blue/Middle,2,JoseA.Madrazo,Balance
New York Summer International Open 2016,Master2/Male/Blue/Middle,3,EugeneBidchenco,Alliance
New York Summer International Open 2016,Master2/Male/Blue/Middle,3,MattPaulGallo,VicenteJr.Team
New York Summer International Open 2016,Master2/Male/Blue/Medium-Heavy,1,JasonRSherrod,SoulFightersBJJConnecticut
New York Summer International Open 2016,Master2/Male/Blue/Medium-Heavy,2,WilliamO'meara,Alliance
New York Summer International Open 2016,Master2/Male/Blue/Medium-Heavy,3,AltonDeonMossJr.,GracieRaleigh
New York Summer International Open 2016,Master2/Male/Blue/Heavy,1,AnthonySanko,PellegrinoMixedMartialArts
New York Summer International Open 2016,Master2/Male/Blue/Heavy,2,KevinBoyle,RMNUTeam
New York Summer International Open 2016,Master2/Male/Blue/Heavy,3,JosephScoma,RenzoGracieAcademy
New York Summer International Open 2016,Master2/Male/Blue/Heavy,3,ThuanTran,BETAAcademy
New York Summer International Open 2016,Master2/Male/Blue/Ultra-Heavy,1,LawrenceBenson,SocaBrazilianJiu,Jitsu
New York Summer International Open 2016,Master2/Male/Blue/Ultra-Heavy,2,BobbyLindamood(repetido144794),RMNUTeam
New York Summer International Open 2016,Master2/Male/Blue/Ultra-Heavy,3,LiamRielly,DavidJacobsJiu,JitsuTeam
New York Summer International Open 2016,Master2/Male/Blue/Ultra-Heavy,3,RenanCortez,PellegrinoMixedMartialArts
New York Summer International Open 2016,Master2/Male/Blue/OpenClass,1,JoseA.Madrazo,Balance
New York Summer International Open 2016,Master2/Male/Blue/OpenClass,2,AltonDeonMossJr.,GracieRaleigh
New York Summer International Open 2016,Master2/Male/Blue/OpenClass,3,JuanM.Cruz,IconJiu,JitsuTeam,USA
New York Summer International Open 2016,Master2/Male/Blue/OpenClass,3,MatthewWinchester,SASTeamUSA
New York Summer International Open 2016,Master2/Male/Purple/Feather,1,FrankLatina,NovaUniãoUSA
New York Summer International Open 2016,Master2/Male/Purple/Feather,2,YoshihisaOtsuka,Crazy88
New York Summer International Open 2016,Master2/Male/Purple/Feather,3,WilsonHeras,KiotoBJJ
New York Summer International Open 2016,Master2/Male/Purple/Light,1,KanaW.Moy,VicenteJr.Team
New York Summer International Open 2016,Master2/Male/Purple/Light,2,MauroCanteros,ClockworkJiu,Jitsu
New York Summer International Open 2016,Master2/Male/Purple/Light,3,CharlesMacGowanIV,BlackHoleJiu,Jitsu
New York Summer International Open 2016,Master2/Male/Purple/Light,3,MatthewDVasta,IconJiu,JitsuTeam,USA
New York Summer International Open 2016,Master2/Male/Purple/Middle,1,PedroAraujoPGomes,VitorShaolinBJJ
New York Summer International Open 2016,Master2/Male/Purple/Middle,2,DavidLandgarten,TACTeamBJJ
New York Summer International Open 2016,Master2/Male/Purple/Medium-Heavy,1,GuillermoMontero,BETAAcademy
New York Summer International Open 2016,Master2/Male/Purple/Medium-Heavy,2,MatthewSkulavik,SocaBJJ
New York Summer International Open 2016,Master2/Male/Purple/Medium-Heavy,3,ChristopherLewter,GracieRaleigh
New York Summer International Open 2016,Master2/Male/Purple/Medium-Heavy,3,RyanThomas,RoundTableBJJ
New York Summer International Open 2016,Master2/Male/Purple/Heavy,1,JamesMcneely,KiotoBJJ
New York Summer International Open 2016,Master2/Male/Purple/Heavy,2,AnthonyA.Pacinelli,TACTeamBJJ
New York Summer International Open 2016,Master2/Male/Purple/OpenClass,1,JamesMcneely,KiotoBJJ
New York Summer International Open 2016,Master2/Male/Purple/OpenClass,2,CharlesMacGowanIV,BlackHoleJiu,Jitsu
New York Summer International Open 2016,Master2/Male/Purple/OpenClass,3,AnthonyA.Pacinelli,TACTeamBJJ
New York Summer International Open 2016,Master2/Male/Purple/OpenClass,3,ChristopherLewter,GracieRaleigh
New York Summer International Open 2016,Master2/Male/Brown/Light,1,KeithCebula,TeamLloydIrvin
New York Summer International Open 2016,Master2/Male/Brown/Light,2,CharlesBennettIV,BETAAcademy
New York Summer International Open 2016,Master2/Male/Brown/Light,3,JirelMMcClinton,Alliance
New York Summer International Open 2016,Master2/Male/Brown/Light,3,RobertAnthonyStines,RMNUTeam
New York Summer International Open 2016,Master2/Male/Brown/Middle,1,RogérioTavares,CheckMat,Equipe1
New York Summer International Open 2016,Master2/Male/Brown/Middle,2,EdvinasMaciulskas,GracieSportsUSA
New York Summer International Open 2016,Master2/Male/Brown/Middle,3,JonathanE.DeVerna,SocaBJJ
New York Summer International Open 2016,Master2/Male/Brown/Middle,3,JoshMcDonald,Alliance
New York Summer International Open 2016,Master2/Male/Brown/Medium-Heavy,1,RoyDavidShaw,RMNUTeam
New York Summer International Open 2016,Master2/Male/Brown/Medium-Heavy,2,ThiagoA.Thomaz,SASTeamUSA
New York Summer International Open 2016,Master2/Male/Brown/Medium-Heavy,3,JasonF.Palmer,NovaUniaoJiuJitsuMississauga
New York Summer International Open 2016,Master2/Male/Brown/Heavy,1,MikhailKalika,CheckmatNewYork
New York Summer International Open 2016,Master2/Male/Brown/Heavy,2,SeanMichaelDiviney,YamasakiAcademy
New York Summer International Open 2016,Master2/Male/Brown/Heavy,3,CharlesButterfield,RilionGracieAtlanta,RanieriPaivaBJJ
New York Summer International Open 2016,Master2/Male/Brown/Super-Heavy,1,OlegAlf,RCJMachado
New York Summer International Open 2016,Master2/Male/Brown/Super-Heavy,2,SérgioGutierrez,RibeiroJiu,Jitsu
New York Summer International Open 2016,Master2/Male/Brown/Super-Heavy,3,CarlosArchila,BonsaiJJ,USA
New York Summer International Open 2016,Master2/Male/Brown/Super-Heavy,3,JonathanL.Terry,KiotoBJJ
New York Summer International Open 2016,Master2/Male/Brown/Ultra-Heavy,1,EricL.Suissa,YamasakiAcademy
New York Summer International Open 2016,Master2/Male/Brown/OpenClass,1,EricL.Suissa,YamasakiAcademy
New York Summer International Open 2016,Master2/Male/Brown/OpenClass,2,KeithCebula,TeamLloydIrvin
New York Summer International Open 2016,Master2/Male/Brown/OpenClass,3,JasonF.Palmer,NovaUniaoJiuJitsuMississauga
New York Summer International Open 2016,Master2/Male/Brown/OpenClass,3,JoshMcDonald,Alliance
New York Summer International Open 2016,Master2/Male/Black/Feather,1,JuanM.Ortega,VitorShaolinBJJ
New York Summer International Open 2016,Master2/Male/Black/Feather,2,DamionePuopolo,Balance
New York Summer International Open 2016,Master2/Male/Black/Feather,3,JosephM.Bell,KimuraBJJ
New York Summer International Open 2016,Master2/Male/Black/Feather,3,LeonardoBatistaG.Kusdra,Tetris
New York Summer International Open 2016,Master2/Male/Black/Light,1,JaredB.Weiner,TACTeamBJJ
New York Summer International Open 2016,Master2/Male/Black/Light,2,OmarJavierSerranoZamora,TatuBJJ
New York Summer International Open 2016,Master2/Male/Black/Middle,1,MiogreTavaresCoronheiro,GracieBarra
New York Summer International Open 2016,Master2/Male/Black/Middle,2,BradleyMichaelCourt,TACTeamBJJ
New York Summer International Open 2016,Master2/Male/Black/Middle,3,PhillipWayneWymanJr.,RibeiroJiu,Jitsu
New York Summer International Open 2016,Master2/Male/Black/Middle,3,WaltairBandeiraCordeiro,HélioSonecaBrazilianJJ
New York Summer International Open 2016,Master2/Male/Black/Medium-Heavy,1,OswaldoDiasJurema,NovaUniãoUSA
New York Summer International Open 2016,Master2/Male/Black/Medium-Heavy,2,PhilippeE.Balmant,Alliance
New York Summer International Open 2016,Master2/Male/Black/Medium-Heavy,3,DanielChristofolettiVitti,GracieBarra
New York Summer International Open 2016,Master2/Male/Black/Medium-Heavy,3,ShimonAkivaKafka,Balance
New York Summer International Open 2016,Master2/Male/Black/Heavy,1,KurtJPellegrino,Alliance
New York Summer International Open 2016,Master2/Male/Black/Heavy,2,JosephOppedisano,SoulFightersBJJConnecticut
New York Summer International Open 2016,Master2/Male/Black/Heavy,3,BrunoMenezesProtasio,CheckMat
New York Summer International Open 2016,Master2/Male/Black/Super-Heavy,1,IuriOliveiraVillasBoas,RyanGracieTeam
New York Summer International Open 2016,Master2/Male/Black/Ultra-Heavy,1,MichaelZenga,BrazilianTopTeamBoston
New York Summer International Open 2016,Master2/Male/Black/Ultra-Heavy,2,FranciscoTupinambasMartins,FightSports
New York Summer International Open 2016,Master2/Male/Black/Ultra-Heavy,3,NelsR.Larson,TeamJucãoUSA
New York Summer International Open 2016,Master2/Male/Black/OpenClass,1,DanielChristofolettiVitti,GracieBarra
New York Summer International Open 2016,Master2/Male/Black/OpenClass,2,MiogreTavaresCoronheiro,GracieBarra
New York Summer International Open 2016,Master2/Male/Black/OpenClass,3,FranciscoTupinambasMartins,FightSports
New York Summer International Open 2016,Master2/Male/Black/OpenClass,3,IuriOliveiraVillasBoas,RyanGracieTeam
New York Summer International Open 2016,Master3/Male/Blue/Light,1,RafaelIgnacioPerezMulki,ArteSuaveVenezuela
New York Summer International Open 2016,Master3/Male/Blue/Light,2,AndrewLarson,Jiu,JitsuForThePeople,SheridanBJJ
New York Summer International Open 2016,Master3/Male/Blue/Light,3,MikhailOnishchenko,GroundControl
New York Summer International Open 2016,Master3/Male/Blue/Light,3,StevenMason,GracieBarra
New York Summer International Open 2016,Master3/Male/Blue/Middle,1,AnastasiosMylonas,CheckmatNewYork
New York Summer International Open 2016,Master3/Male/Blue/Middle,2,BruceACharles,VicenteJr.Team
New York Summer International Open 2016,Master3/Male/Blue/Middle,3,EdwardElkind,Alliance
New York Summer International Open 2016,Master3/Male/Blue/Middle,3,JamesCurrie,BJJGlobetrottersUSA
New York Summer International Open 2016,Master3/Male/Blue/Heavy,1,JasonBradfordOrmsby,Brazil021International
New York Summer International Open 2016,Master3/Male/Blue/Heavy,2,DavidJ.Sims,VicenteJr.Team
New York Summer International Open 2016,Master3/Male/Blue/Heavy,3,KijoAiken,RenzoGracieBrooklyn
New York Summer International Open 2016,Master3/Male/Blue/Super-Heavy,1,EdwardF.SylviaIII,EmersonSouzaBJJ
New York Summer International Open 2016,Master3/Male/Blue/Super-Heavy,2,RobbyBurroughs,BonsaiJJ,USA
New York Summer International Open 2016,Master3/Male/Blue/Super-Heavy,3,RobertJ.Shimonski,TeamBelieve
New York Summer International Open 2016,Master3/Male/Blue/OpenClass,1,RafaelIgnacioPerezMulki,ArteSuaveVenezuela
New York Summer International Open 2016,Master3/Male/Blue/OpenClass,2,JasonBradfordOrmsby,Brazil021International
New York Summer International Open 2016,Master3/Male/Purple/Light,1,JonathanJ.Key,SoulFightersBJJConnecticut
New York Summer International Open 2016,Master3/Male/Purple/Light,2,KarlTyler,AtosJJUSA
New York Summer International Open 2016,Master3/Male/Purple/Light,3,JeffreyMueller,Crazy88
New York Summer International Open 2016,Master3/Male/Purple/Light,3,WendellMangibin,SocaBJJ
New York Summer International Open 2016,Master3/Male/Purple/Middle,1,KennethShort,RibeiroJiu,Jitsu
New York Summer International Open 2016,Master3/Male/Purple/Middle,2,RobertBokman,YamasakiAcademy
New York Summer International Open 2016,Master3/Male/Purple/Middle,3,AlbertHarrison,Alliance
New York Summer International Open 2016,Master3/Male/Purple/Middle,3,JedWenz,TACTeamBJJ
New York Summer International Open 2016,Master3/Male/Purple/Medium-Heavy,1,WilliamLWisotsky,SerraBJJ
New York Summer International Open 2016,Master3/Male/Purple/Heavy,1,BranislavCenanovic,FenixBJJLowell
New York Summer International Open 2016,Master3/Male/Purple/Heavy,2,JasonChung,TeamRobsonMoura
New York Summer International Open 2016,Master3/Male/Purple/Heavy,3,C.D.Dietrich,KiotoBJJ
New York Summer International Open 2016,Master3/Male/Purple/Heavy,3,StephenGrowHall,AtosJiu,Jitsu
New York Summer International Open 2016,Master3/Male/Purple/Super-Heavy,1,FloydWilliams,AcademiaRilionGracieCanoinhas
New York Summer International Open 2016,Master3/Male/Purple/Ultra-Heavy,1,AndrewOrlando,SocaBJJ
New York Summer International Open 2016,Master3/Male/Purple/OpenClass,1,JeffreyMueller,Crazy88
New York Summer International Open 2016,Master3/Male/Purple/OpenClass,2,BranislavCenanovic,FenixBJJLowell
New York Summer International Open 2016,Master3/Male/Purple/OpenClass,3,AndrewOrlando,SocaBJJ
New York Summer International Open 2016,Master3/Male/Purple/OpenClass,3,KennethShort,RibeiroJiu,Jitsu
New York Summer International Open 2016,Master3/Male/Brown/Feather,1,GaryOjeda,GracieEliteTeamAmerica
New York Summer International Open 2016,Master3/Male/Brown/Feather,2,JonPineiro,CarlsonGracieTeam
New York Summer International Open 2016,Master3/Male/Brown/Light,1,WojciechHusak,SoulFightersBJJConnecticut
New York Summer International Open 2016,Master3/Male/Brown/Light,2,DanielSBurnstein,RenzoGracieAcademy
New York Summer International Open 2016,Master3/Male/Brown/Middle,1,DanielEdwardMcCloskey,DavidJacobsJiu,JitsuTeam
New York Summer International Open 2016,Master3/Male/Brown/Middle,2,CarlosE.Rodriguez,Balance
New York Summer International Open 2016,Master3/Male/Brown/Middle,3,DennisScheller,SocaBJJ
New York Summer International Open 2016,Master3/Male/Brown/Medium-Heavy,1,RobertHrcka,ZenithBJJ,LasVegas
New York Summer International Open 2016,Master3/Male/Brown/Medium-Heavy,2,JesusManuelSalcedo,SASTeamUSA
New York Summer International Open 2016,Master3/Male/Brown/Medium-Heavy,3,MichaelFalco,KiotoBJJ
New York Summer International Open 2016,Master3/Male/Brown/Ultra-Heavy,1,VijayanandHemanchal,Action&ReactionMMAToronto
New York Summer International Open 2016,Master3/Male/Brown/Ultra-Heavy,2,AlexandreGuidoReis,Alliance
New York Summer International Open 2016,Master3/Male/Brown/OpenClass,1,RobertHrcka,ZenithBJJ,LasVegas
New York Summer International Open 2016,Master3/Male/Brown/OpenClass,2,DanielSBurnstein,RenzoGracieAcademy
New York Summer International Open 2016,Master3/Male/Brown/OpenClass,3,CarlosE.Rodriguez,Balance
New York Summer International Open 2016,Master3/Male/Brown/OpenClass,3,VijayanandHemanchal,Action&ReactionMMAToronto
New York Summer International Open 2016,Master3/Male/Black/Light-Feather,1,DarinB.Reisler,PlusOneDefenseSystems
New York Summer International Open 2016,Master3/Male/Black/Light,1,MarcioVasconcellosBittencourt,FightClubJiuJitsuAustralia
New York Summer International Open 2016,Master3/Male/Black/Light,2,RonaldoBaptistaCampos,FenixBJJ
New York Summer International Open 2016,Master3/Male/Black/Light,3,JohnJVargas,SocaBJJ
New York Summer International Open 2016,Master3/Male/Black/Light,3,KhamKoneFranciscodeJassoNgondara,SASTeamUSA
New York Summer International Open 2016,Master3/Male/Black/Middle,1,KevinD.Landry,GracieEliteTeamAmerica
New York Summer International Open 2016,Master3/Male/Black/Middle,2,MichaelCPoletti,SASTeamUSA
New York Summer International Open 2016,Master3/Male/Black/Super-Heavy,1,MarcosdaMattaMeira,AmericanTopTeam
New York Summer International Open 2016,Master3/Male/Black/Super-Heavy,2,MichaelAnthonyMullero,KiotoBJJ
New York Summer International Open 2016,Master3/Male/Black/Super-Heavy,3,AlexsandroBarbosaAgostinho,CheckMat
New York Summer International Open 2016,Master3/Male/Black/OpenClass,1,AlexsandroBarbosaAgostinho,CheckMat
New York Summer International Open 2016,Master3/Male/Black/OpenClass,2,MarcioVasconcellosBittencourt,FightClubJiuJitsuAustralia
New York Summer International Open 2016,Master3/Male/Black/OpenClass,3,KevinD.Landry,GracieEliteTeamAmerica
New York Summer International Open 2016,Master4/Male/Blue/Feather,1,JohnCambronero,SerraBJJ
New York Summer International Open 2016,Master4/Male/Blue/Feather,2,MarcDelMauro,NovaUniãoUSA
New York Summer International Open 2016,Master4/Male/Blue/Feather,3,MichaelSilverman,Crazy88
New York Summer International Open 2016,Master4/Male/Blue/Feather,3,WaihungMa,RenzoGracie
New York Summer International Open 2016,Master4/Male/Blue/Light,1,JamesShupps,Crazy88
New York Summer International Open 2016,Master4/Male/Blue/Light,2,AnthonyFreda,PellegrinoMixedMartialArts
New York Summer International Open 2016,Master4/Male/Blue/Light,3,ThomasBorscheid,TheA,Team
New York Summer International Open 2016,Master4/Male/Blue/Middle,1,RobertEdwardLane,AtosJJUSA
New York Summer International Open 2016,Master4/Male/Blue/Middle,2,MatthewJ.Patyk,Jiu,JitsuForThePeople,SheridanBJJ
New York Summer International Open 2016,Master4/Male/Blue/Medium-Heavy,1,MaherAtta,SoulFightersBJJConnecticut
New York Summer International Open 2016,Master4/Male/Blue/Medium-Heavy,2,GregoryCinelli,FenixBJJLowell
New York Summer International Open 2016,Master4/Male/Blue/Medium-Heavy,3,MichaelRubbo,SocaBJJ
New York Summer International Open 2016,Master4/Male/Blue/Heavy,1,LadislavMathis,TeamOliveira
New York Summer International Open 2016,Master4/Male/Blue/Heavy,2,FaridArroyave,SocaBJJ
New York Summer International Open 2016,Master4/Male/Blue/Heavy,3,RobertMaddalone,PellegrinoMixedMartialArts
New York Summer International Open 2016,Master4/Male/Blue/OpenClass,1,GregoryCinelli,FenixBJJLowell
New York Summer International Open 2016,Master4/Male/Blue/OpenClass,2,RobertEdwardLane,AtosJJUSA
New York Summer International Open 2016,Master4/Male/Purple/Light,1,SeanKline,GracieEliteTeamAmerica
New York Summer International Open 2016,Master4/Male/Purple/Light,2,LeeLink,RenatoTavaresAssociation
New York Summer International Open 2016,Master4/Male/Purple/Middle,1,PeterLingesso,RABJJAcademy
New York Summer International Open 2016,Master4/Male/Purple/Middle,2,EdwardSimonson,YamasakiAcademy
New York Summer International Open 2016,Master4/Male/Purple/Middle,3,GlenHolmes,EastonBJJ
New York Summer International Open 2016,Master4/Male/Purple/Medium-Heavy,1,JoeMacaluso,Alliance
New York Summer International Open 2016,Master4/Male/Purple/Medium-Heavy,2,WarrenDock,BJJGlobetrottersUSA
New York Summer International Open 2016,Master4/Male/Purple/Medium-Heavy,3,MarcA.Mcaninley,DavidJacobsJiu,JitsuTeam
New York Summer International Open 2016,Master4/Male/Purple/Medium-Heavy,3,MichaelCarrafiello,SavareseBrazilianJiu,JitsuAcademy
New York Summer International Open 2016,Master4/Male/Purple/Ultra-Heavy,1,jeffreystandfield,BETAAcademy
New York Summer International Open 2016,Master4/Male/Purple/Ultra-Heavy,2,JulioSantana,Alliance
New York Summer International Open 2016,Master4/Male/Purple/OpenClass,1,jeffreystandfield,BETAAcademy
New York Summer International Open 2016,Master4/Male/Purple/OpenClass,2,GlenHolmes,EastonBJJ
New York Summer International Open 2016,Master4/Male/Purple/OpenClass,3,MarcA.Mcaninley,DavidJacobsJiu,JitsuTeam
New York Summer International Open 2016,Master5/Male/Blue/Middle,1,DiegoDumas,TeamJucãoUSA
New York Summer International Open 2016,Master5/Male/Blue/Middle,2,AnthonyBourdain,RenzoGracieAcademy
New York Summer International Open 2016,Master5/Male/Blue/Middle,3,AlexeyIskhakov,MikeMoses'CompetitionTeam
New York Summer International Open 2016,Master5/Male/Blue/Middle,3,LouisMonaco,CheckmatNewYork
New York Summer International Open 2016,Master5/Male/Blue/OpenClass,1,AlexeyIskhakov,MikeMoses'CompetitionTeam
New York Summer International Open 2016,Master5/Male/Purple/Feather,1,PabloLuisArroyo,NovaUniãoUSA
New York Summer International Open 2016,Master5/Male/Brown/Light,1,FrancescoMoscarelli,SocaBJJ
New York Summer International Open 2016,Master5/Male/Brown/Middle,1,MichaelA.Caban,SocaBJJ
New York Summer International Open 2016,Master5/Male/Brown/Middle,2,AlanJGatoff,TeamJucãoUSA
New York Summer International Open 2016,Master5/Male/Brown/Medium-Heavy,1,YegorKuznetsov,YamasakiAcademy
New York Summer International Open 2016,Master5/Male/Brown/OpenClass,1,FrancescoMoscarelli,SocaBJJ
New York Summer International Open 2016,Master5/Male/Brown/OpenClass,2,YegorKuznetsov,YamasakiAcademy
New York Summer International Open 2016,Master5/Male/Brown/OpenClass,3,AlanJGatoff,TeamJucãoUSA
New York Summer International Open 2016,Master6/Male/Purple/Light,1,GaryT.Blasco,PellegrinoMixedMartialArts
New York Summer International Open 2016,Master6/Male/Purple/Light,2,MichaelBergman,DavidJacobsJiu,JitsuTeam
New York Summer International Open 2016,Master6/Male/Purple/Light,3,TomCorrie,VitorShaolinBJJ
New York Summer International Open 2016,Master6/Male/Brown/Super-Heavy,1,StanMabry,LuizPalharesJiuJitsu
New York Summer International Open 2016,Master6/Male/Brown/Super-Heavy,2,MarkDavidKelland,VisionBJJ
New York Summer International Open 2016,Master6/Male/Brown/OpenClass,1,StanMabry,LuizPalharesJiuJitsu
New York Summer International Open 2016,Master6/Male/Brown/OpenClass,2,MarkDavidKelland,VisionBJJ
