Dallas Fall International Open Jiu-Jitsu 2017,Adult/Male/White/Rooster,1,OmarAguirre,MohlerJiu,Jitsu
Dallas Fall International Open Jiu-Jitsu 2017,Adult/Male/White/Rooster,2,PedroJavierCantu,GracieBarra
Dallas Fall International Open Jiu-Jitsu 2017,Adult/Male/White/Light-Feather,1,AlfredoArmentaMorales,BrazilAcademyUSA
Dallas Fall International Open Jiu-Jitsu 2017,Adult/Male/White/Light-Feather,2,JamesLockridge,SoulFightersTexas
Dallas Fall International Open Jiu-Jitsu 2017,Adult/Male/White/Light-Feather,3,LandonPalmer,LEADBJJ
Dallas Fall International Open Jiu-Jitsu 2017,Adult/Male/White/Light-Feather,3,MinhHoangNguyen,CobraBrazilianJiu,Jitsu
Dallas Fall International Open Jiu-Jitsu 2017,Adult/Male/White/Feather,1,RafaelYuriGuerra,BrazilAcademyUSA
Dallas Fall International Open Jiu-Jitsu 2017,Adult/Male/White/Feather,2,JamesGrissom,MohlerJiu,Jitsu
Dallas Fall International Open Jiu-Jitsu 2017,Adult/Male/White/Feather,3,JohnMichaelMcDougal,RedingMartialArts
Dallas Fall International Open Jiu-Jitsu 2017,Adult/Male/White/Feather,3,JonathanLeeMartinez,GracieBarra
Dallas Fall International Open Jiu-Jitsu 2017,Adult/Male/White/Light,1,DanielLeeNixon,GracieBarra
Dallas Fall International Open Jiu-Jitsu 2017,Adult/Male/White/Light,2,SangerSmith,TravisLutterBrazilianJiu,Jitsu
Dallas Fall International Open Jiu-Jitsu 2017,Adult/Male/White/Light,3,ChristianAnderson,TritonFightCenter
Dallas Fall International Open Jiu-Jitsu 2017,Adult/Male/White/Middle,1,BenjaminCohenMayfield,IronsideMMA
Dallas Fall International Open Jiu-Jitsu 2017,Adult/Male/White/Middle,2,DylanCollins,IronsideMMA
Dallas Fall International Open Jiu-Jitsu 2017,Adult/Male/White/Middle,3,JacobAaronDeutsch,CheckMat
Dallas Fall International Open Jiu-Jitsu 2017,Adult/Male/White/Middle,3,TannerJosephCollins,IronsideMMAB
Dallas Fall International Open Jiu-Jitsu 2017,Adult/Male/White/Medium-Heavy,1,KyleJosephKuby,SlothBJJ
Dallas Fall International Open Jiu-Jitsu 2017,Adult/Male/White/Medium-Heavy,2,NateShannon,PremierCombatCenter
Dallas Fall International Open Jiu-Jitsu 2017,Adult/Male/White/Medium-Heavy,3,KeenanCraven,CheckMat
Dallas Fall International Open Jiu-Jitsu 2017,Adult/Male/White/Medium-Heavy,3,VitaliyDolbilov,BrazilianTopTeam
Dallas Fall International Open Jiu-Jitsu 2017,Adult/Male/White/Heavy,1,MarqueszAnthonyFranks,ZenithBJJ,LasVegas
Dallas Fall International Open Jiu-Jitsu 2017,Adult/Male/White/Heavy,2,NathanaelPaulino,GracieBarra
Dallas Fall International Open Jiu-Jitsu 2017,Adult/Male/White/Heavy,3,JoseLuisVega,Montalvo,LEADBJJ
Dallas Fall International Open Jiu-Jitsu 2017,Adult/Male/White/Heavy,3,TrentMichaelStrickland,LEADBJJ
Dallas Fall International Open Jiu-Jitsu 2017,Adult/Male/White/Super-Heavy,1,DanielAaronLugar,LEADBJJ
Dallas Fall International Open Jiu-Jitsu 2017,Adult/Male/White/Super-Heavy,2,MarkRyan,SoulFightersTexas
Dallas Fall International Open Jiu-Jitsu 2017,Adult/Male/White/Super-Heavy,3,MichaelFord,GracieGymTexas
Dallas Fall International Open Jiu-Jitsu 2017,Adult/Male/White/Super-Heavy,3,ShaynMaag,LEADBJJ
Dallas Fall International Open Jiu-Jitsu 2017,Adult/Male/White/Ultra-Heavy,1,JacobChapa,A,ForceBrazilianJiu,Jitsu
Dallas Fall International Open Jiu-Jitsu 2017,Adult/Male/White/Ultra-Heavy,2,DeseanOku,forrester,CheckMat
Dallas Fall International Open Jiu-Jitsu 2017,Adult/Male/White/Ultra-Heavy,3,CodyCreamer,LEADBJJ
Dallas Fall International Open Jiu-Jitsu 2017,Adult/Male/White/Ultra-Heavy,3,GregoryLoots,SoulFightersTexas
Dallas Fall International Open Jiu-Jitsu 2017,Adult/Male/Blue/Rooster,1,AlexisFernandoLopez,LEADBJJ
Dallas Fall International Open Jiu-Jitsu 2017,Adult/Male/Blue/Light-Feather,1,SamuelVasquez,PabloSilvaBJJ,ZRTeam
Dallas Fall International Open Jiu-Jitsu 2017,Adult/Male/Blue/Light-Feather,2,LuisGonzalez,Alliance
Dallas Fall International Open Jiu-Jitsu 2017,Adult/Male/Blue/Light-Feather,3,DonaldKeith,RibeiroJiu,JitsuInternational
Dallas Fall International Open Jiu-Jitsu 2017,Adult/Male/Blue/Light-Feather,3,RobertoE.Salmeron,MohlerJiu,Jitsu
Dallas Fall International Open Jiu-Jitsu 2017,Adult/Male/Blue/Feather,1,CesarGonzalez,PresaBrazilianJiu,Jitsu
Dallas Fall International Open Jiu-Jitsu 2017,Adult/Male/Blue/Feather,2,TimIkehara,Alliance
Dallas Fall International Open Jiu-Jitsu 2017,Adult/Male/Blue/Feather,3,BobbyPhelan,GFTeam
Dallas Fall International Open Jiu-Jitsu 2017,Adult/Male/Blue/Feather,3,JairGomez,LEADBJJ
Dallas Fall International Open Jiu-Jitsu 2017,Adult/Male/Blue/Light,1,TylerSanders,GracieBarraJJ
Dallas Fall International Open Jiu-Jitsu 2017,Adult/Male/Blue/Light,2,NathanWayneStanton,BARBOSAJIU,JITSUUSA
Dallas Fall International Open Jiu-Jitsu 2017,Adult/Male/Blue/Light,3,KevinVincentRyan,MarcioCruzBrazilianJiu,Jitsu
Dallas Fall International Open Jiu-Jitsu 2017,Adult/Male/Blue/Light,3,ThomasStandridge,GracieBarra
Dallas Fall International Open Jiu-Jitsu 2017,Adult/Male/Blue/Middle,1,DariusSebastianYancy,SoulFightersTexas
Dallas Fall International Open Jiu-Jitsu 2017,Adult/Male/Blue/Middle,2,CoreyMcnutt,TeamRivasBrazilianJiu,Jitsu
Dallas Fall International Open Jiu-Jitsu 2017,Adult/Male/Blue/Middle,3,MikeAnthonyPaiva,Alliance
Dallas Fall International Open Jiu-Jitsu 2017,Adult/Male/Blue/Middle,3,TorinSamuelson,GracieHumaitaUSA
Dallas Fall International Open Jiu-Jitsu 2017,Adult/Male/Blue/Medium-Heavy,1,DominiqueBrooks,RibeiroJiu,Jitsu
Dallas Fall International Open Jiu-Jitsu 2017,Adult/Male/Blue/Medium-Heavy,2,DamianPaulRivera,BJJRevolutionTeam
Dallas Fall International Open Jiu-Jitsu 2017,Adult/Male/Blue/Medium-Heavy,3,JoshuaHunterMeredith,SlothBJJ
Dallas Fall International Open Jiu-Jitsu 2017,Adult/Male/Blue/Medium-Heavy,3,StevenKennedy,TravisLutterBrazilianJiu,Jitsu
Dallas Fall International Open Jiu-Jitsu 2017,Adult/Male/Blue/Heavy,1,KhaledRamadan,Alliance
Dallas Fall International Open Jiu-Jitsu 2017,Adult/Male/Blue/Heavy,2,TroyAllenMercer,CaioTerraAssociation
Dallas Fall International Open Jiu-Jitsu 2017,Adult/Male/Blue/Heavy,3,AndyVanHook,BJJRevolutionTeam
Dallas Fall International Open Jiu-Jitsu 2017,Adult/Male/Blue/Heavy,3,TravisAlanJohnson,GracieGymTexas
Dallas Fall International Open Jiu-Jitsu 2017,Adult/Male/Blue/Super-Heavy,1,MikeThornton,CheckMat
Dallas Fall International Open Jiu-Jitsu 2017,Adult/Male/Blue/Super-Heavy,2,LarryLBradford,SoulFightersTexas
Dallas Fall International Open Jiu-Jitsu 2017,Adult/Male/Blue/Super-Heavy,3,JedidiaRandalMartin,RedingMartialArts
Dallas Fall International Open Jiu-Jitsu 2017,Adult/Male/Blue/Super-Heavy,3,JeromeKirkHarrisJr,RibeiroJiu,Jitsu
Dallas Fall International Open Jiu-Jitsu 2017,Adult/Male/Blue/Ultra-Heavy,1,RenanCruz,MarcioCruzBrazilianJiu,Jitsu
Dallas Fall International Open Jiu-Jitsu 2017,Adult/Male/Blue/Ultra-Heavy,2,AlfonsoKaihau,SlothBJJ
Dallas Fall International Open Jiu-Jitsu 2017,Adult/Male/Blue/Ultra-Heavy,3,JeffreyJohnson,watkins,GracieBarra
Dallas Fall International Open Jiu-Jitsu 2017,Adult/Male/Blue/Ultra-Heavy,3,MatthewMarkFalavinha,SoulFightersTexas
Dallas Fall International Open Jiu-Jitsu 2017,Adult/Male/Blue/Enum_WeightDivision_OpenClass_Label,1,RenanCruz,MarcioCruzBrazilianJiu,Jitsu
Dallas Fall International Open Jiu-Jitsu 2017,Adult/Male/Blue/Enum_WeightDivision_OpenClass_Label,2,JeromeKirkHarrisJr,RibeiroJiu,Jitsu
Dallas Fall International Open Jiu-Jitsu 2017,Adult/Male/Blue/Enum_WeightDivision_OpenClass_Label,3,DominiqueBrooks,RibeiroJiu,Jitsu
Dallas Fall International Open Jiu-Jitsu 2017,Adult/Male/Blue/Enum_WeightDivision_OpenClass_Label,3,JeffreyJohnson,watkins,GracieBarra
Dallas Fall International Open Jiu-Jitsu 2017,Adult/Male/Purple/Rooster,1,JordanSimms,RibeiroJiu,Jitsu
Dallas Fall International Open Jiu-Jitsu 2017,Adult/Male/Purple/Rooster,2,DylanNguyen,RibeiroJiu,Jitsu
Dallas Fall International Open Jiu-Jitsu 2017,Adult/Male/Purple/Rooster,3,GregoryHernandez,LEADBJJ
Dallas Fall International Open Jiu-Jitsu 2017,Adult/Male/Purple/Rooster,3,MasaharuAraki,MohlerJiu,Jitsu
Dallas Fall International Open Jiu-Jitsu 2017,Adult/Male/Purple/Light-Feather,1,JarrodTrotter,SoulFightersTexas
Dallas Fall International Open Jiu-Jitsu 2017,Adult/Male/Purple/Light-Feather,2,JorgeVasquez,LEADBJJ
Dallas Fall International Open Jiu-Jitsu 2017,Adult/Male/Purple/Feather,1,ManuelRobertoAguilar,OhanaJiu,JitsuAcademy
Dallas Fall International Open Jiu-Jitsu 2017,Adult/Male/Purple/Feather,2,MatheusGabrielPinheiroBarros,CheckMat
Dallas Fall International Open Jiu-Jitsu 2017,Adult/Male/Purple/Feather,3,GuilhermeMonteiroCordeiro,GracieGym
Dallas Fall International Open Jiu-Jitsu 2017,Adult/Male/Purple/Feather,3,MalcolmEdwardScott,GracieBarra
Dallas Fall International Open Jiu-Jitsu 2017,Adult/Male/Purple/Light,1,JoseMathiasMacedodeLiraLuna,CheckMat
Dallas Fall International Open Jiu-Jitsu 2017,Adult/Male/Purple/Light,2,KadeAlexanderLawson,PeakPerformance
Dallas Fall International Open Jiu-Jitsu 2017,Adult/Male/Purple/Light,3,ConnorJamesDonaldson,GracieBarra
Dallas Fall International Open Jiu-Jitsu 2017,Adult/Male/Purple/Light,3,GerardoJavierRodriguez,Alliance
Dallas Fall International Open Jiu-Jitsu 2017,Adult/Male/Purple/Middle,1,LuanAndreiBarrosdeAlbuquerque,GordoJiu,Jitsu
Dallas Fall International Open Jiu-Jitsu 2017,Adult/Male/Purple/Middle,2,JoséMatheusMacedodeLiraLuna,CheckMat
Dallas Fall International Open Jiu-Jitsu 2017,Adult/Male/Purple/Middle,3,IbrahimRafatHanafyMahmoudElsayed,FightSports
Dallas Fall International Open Jiu-Jitsu 2017,Adult/Male/Purple/Middle,3,MichaelArshagKhatchikian,GracieBarra
Dallas Fall International Open Jiu-Jitsu 2017,Adult/Male/Purple/Medium-Heavy,1,FelipeHenriquedaS.Timoteo,CheckMat
Dallas Fall International Open Jiu-Jitsu 2017,Adult/Male/Purple/Medium-Heavy,2,WalterThompson,RedingMartialArts
Dallas Fall International Open Jiu-Jitsu 2017,Adult/Male/Purple/Medium-Heavy,3,NicSchwan,GracieBarra
Dallas Fall International Open Jiu-Jitsu 2017,Adult/Male/Purple/Medium-Heavy,3,RichardRodriguez,RCJMachado
Dallas Fall International Open Jiu-Jitsu 2017,Adult/Male/Purple/Heavy,1,DarinConnerDeangelis,AtosJiu,Jitsu
Dallas Fall International Open Jiu-Jitsu 2017,Adult/Male/Purple/Heavy,2,JasonPerrotta,RibeiroJiu,Jitsu
Dallas Fall International Open Jiu-Jitsu 2017,Adult/Male/Purple/Heavy,3,DavidRodriguez,KamaJiu,Jitsu
Dallas Fall International Open Jiu-Jitsu 2017,Adult/Male/Purple/Heavy,3,TylerDoty,GrapplingUnlimited
Dallas Fall International Open Jiu-Jitsu 2017,Adult/Male/Purple/Enum_WeightDivision_OpenClass_Label,1,DarinConnerDeangelis,AtosJiu,Jitsu
Dallas Fall International Open Jiu-Jitsu 2017,Adult/Male/Purple/Enum_WeightDivision_OpenClass_Label,2,MatheusGabrielPinheiroBarros,CheckMat
Dallas Fall International Open Jiu-Jitsu 2017,Adult/Male/Purple/Enum_WeightDivision_OpenClass_Label,3,GuilhermeMonteiroCordeiro,GracieGym
Dallas Fall International Open Jiu-Jitsu 2017,Adult/Male/Purple/Enum_WeightDivision_OpenClass_Label,3,JoséMatheusMacedodeLiraLuna,CheckMat
Dallas Fall International Open Jiu-Jitsu 2017,Adult/Male/Brown/Rooster,1,HenriquedeOliveiraRossi,GracieGym
Dallas Fall International Open Jiu-Jitsu 2017,Adult/Male/Brown/Feather,1,EdmaiconMoraesPintodaSilva,GracieGymTexas
Dallas Fall International Open Jiu-Jitsu 2017,Adult/Male/Brown/Feather,2,StephenPerez,Alliance
Dallas Fall International Open Jiu-Jitsu 2017,Adult/Male/Brown/Feather,3,JoelSantiago,NeutralGrounds/GracieJiuJitsuLongBeach
Dallas Fall International Open Jiu-Jitsu 2017,Adult/Male/Brown/Feather,3,JuanGarcia,GracieBarra
Dallas Fall International Open Jiu-Jitsu 2017,Adult/Male/Brown/Light,1,MatthewRominoFox,TeamLloydIrvin
Dallas Fall International Open Jiu-Jitsu 2017,Adult/Male/Brown/Light,2,MarioEspindola,RenatoTavaresAssociation
Dallas Fall International Open Jiu-Jitsu 2017,Adult/Male/Brown/Light,3,AaronMorris,A,ForceBrazilianJiu,Jitsu
Dallas Fall International Open Jiu-Jitsu 2017,Adult/Male/Brown/Middle,1,DamianKells,LEADBJJ
Dallas Fall International Open Jiu-Jitsu 2017,Adult/Male/Brown/Middle,3,JohnBlunschi,KronGracieJiuJitsu
Dallas Fall International Open Jiu-Jitsu 2017,Adult/Male/Brown/Middle,3,W.BrittStarnes,GracieGymTexas
Dallas Fall International Open Jiu-Jitsu 2017,Adult/Male/Brown/Medium-Heavy,1,DominiqueL.Bell,AtosJiu,Jitsu
Dallas Fall International Open Jiu-Jitsu 2017,Adult/Male/Brown/Medium-Heavy,2,DiegoAlmeidaFerreira,LEADBJJ
Dallas Fall International Open Jiu-Jitsu 2017,Adult/Male/Brown/Medium-Heavy,3,DavidGarcia,RedingMartialArts
Dallas Fall International Open Jiu-Jitsu 2017,Adult/Male/Brown/Enum_WeightDivision_OpenClass_Label,1,DominiqueL.Bell,AtosJiu,Jitsu
Dallas Fall International Open Jiu-Jitsu 2017,Adult/Male/Brown/Enum_WeightDivision_OpenClass_Label,2,DiegoAlmeidaFerreira,LEADBJJ
Dallas Fall International Open Jiu-Jitsu 2017,Adult/Male/Brown/Enum_WeightDivision_OpenClass_Label,3,JoelSantiago,NeutralGrounds/GracieJiuJitsuLongBeach
Dallas Fall International Open Jiu-Jitsu 2017,Adult/Male/Brown/Enum_WeightDivision_OpenClass_Label,3,JohnBlunschi,KronGracieJiuJitsu
Dallas Fall International Open Jiu-Jitsu 2017,Adult/Male/Black/Light-Feather,1,GustavoErnestoCarpioCaceres,CheckMat
Dallas Fall International Open Jiu-Jitsu 2017,Adult/Male/Black/Light-Feather,2,WashingtonLuisdoM.Lima,GFTeam
Dallas Fall International Open Jiu-Jitsu 2017,Adult/Male/Black/Light-Feather,3,LuisFelipeNinjadeMoraesPinto,LeonardoPeçanhaAssociation
Dallas Fall International Open Jiu-Jitsu 2017,Adult/Male/Black/Feather,1,ThiagoAugustoAraujoMacedo,RodrigoPinheiroBJJ
Dallas Fall International Open Jiu-Jitsu 2017,Adult/Male/Black/Feather,2,OmarFrench,RenatoTavaresAssociation
Dallas Fall International Open Jiu-Jitsu 2017,Adult/Male/Black/Feather,3,MichaelCox,DaytonMixedMArtialArtsAcademy
Dallas Fall International Open Jiu-Jitsu 2017,Adult/Male/Black/Feather,3,PauloEduardoVieiraNunesFreire,GracieBarra
Dallas Fall International Open Jiu-Jitsu 2017,Adult/Male/Black/Light,1,KauanArgimonBarboza,CarlsonGracieTeam
Dallas Fall International Open Jiu-Jitsu 2017,Adult/Male/Black/Light,2,MarcusColeWilson,GrapplingUnlimited
Dallas Fall International Open Jiu-Jitsu 2017,Adult/Male/Black/Light,3,FabricioJoséBarbarotti,CiceroCosthaInternacional
Dallas Fall International Open Jiu-Jitsu 2017,Adult/Male/Black/Light,3,JoshLittleton,RenatoTavaresAssociation
Dallas Fall International Open Jiu-Jitsu 2017,Adult/Male/Black/Middle,1,JaimeSoaresCanuto,GFTeam
Dallas Fall International Open Jiu-Jitsu 2017,Adult/Male/Black/Middle,2,EricThomasIngram,NashvilleMMA
Dallas Fall International Open Jiu-Jitsu 2017,Adult/Male/Black/Medium-Heavy,1,LucasDanielSilvaBarbosa,AtosJiu,Jitsu
Dallas Fall International Open Jiu-Jitsu 2017,Adult/Male/Black/Medium-Heavy,2,IgorMatosinhodePaiva,SoulFightersTexas
Dallas Fall International Open Jiu-Jitsu 2017,Adult/Male/Black/Medium-Heavy,3,RennickKeolaniKamaJr.,LEADBJJ
Dallas Fall International Open Jiu-Jitsu 2017,Adult/Male/Black/Heavy,1,LuisFernandoVieiraNunesFreire,GracieBarra
Dallas Fall International Open Jiu-Jitsu 2017,Adult/Male/Black/Heavy,2,JohnRickel,GracieBarra
Dallas Fall International Open Jiu-Jitsu 2017,Adult/Male/Black/Ultra-Heavy,1,GabrielLyrioLucas,CheckMat
Dallas Fall International Open Jiu-Jitsu 2017,Adult/Male/Black/Enum_WeightDivision_OpenClass_Label,1,LucasDanielSilvaBarbosa,AtosJiu,Jitsu
Dallas Fall International Open Jiu-Jitsu 2017,Adult/Male/Black/Enum_WeightDivision_OpenClass_Label,2,GabrielLyrioLucas,CheckMat
Dallas Fall International Open Jiu-Jitsu 2017,Adult/Male/Black/Enum_WeightDivision_OpenClass_Label,3,JaimeSoaresCanuto,GFTeam
Dallas Fall International Open Jiu-Jitsu 2017,Adult/Male/Black/Enum_WeightDivision_OpenClass_Label,3,ManuelRibamarV.deOliveiraFilho,NsBrotherhood
Dallas Fall International Open Jiu-Jitsu 2017,Adult/Female/White/Light-Feather,1,MariaNg,AMBJJ,AlexMartinsBrazilianJiu,Jitsu
Dallas Fall International Open Jiu-Jitsu 2017,Adult/Female/White/Light-Feather,2,ChristineKu,GracieBarra
Dallas Fall International Open Jiu-Jitsu 2017,Adult/Female/White/Light-Feather,3,ClaudiaIvonnePendergrass,RenatoTavaresAssociation
Dallas Fall International Open Jiu-Jitsu 2017,Adult/Female/White/Light-Feather,3,KaylaDianeMurphy,ShebaroJiuJitsu
Dallas Fall International Open Jiu-Jitsu 2017,Adult/Female/White/Feather,1,HopeMckee,SoulFightersTexas
Dallas Fall International Open Jiu-Jitsu 2017,Adult/Female/White/Feather,2,AmandaKessel,GracieBarra
Dallas Fall International Open Jiu-Jitsu 2017,Adult/Female/White/Feather,3,AlejandraArambula,RCJMachado
Dallas Fall International Open Jiu-Jitsu 2017,Adult/Female/White/Feather,3,MariselaReyes,AloisioSilvaBJJ
Dallas Fall International Open Jiu-Jitsu 2017,Adult/Female/White/Light,1,MelodyLMcGill,Alliance
Dallas Fall International Open Jiu-Jitsu 2017,Adult/Female/White/Light,2,CarolineCrosby,TravisLutterBrazilianJiu,Jitsu
Dallas Fall International Open Jiu-Jitsu 2017,Adult/Female/White/Light,3,AlyshaGage,AMBJJ,AlexMartinsBrazilianJiu,Jitsu
Dallas Fall International Open Jiu-Jitsu 2017,Adult/Female/White/Light,3,SueAnnBarrera,OhanaJiu,JitsuAcademy
Dallas Fall International Open Jiu-Jitsu 2017,Adult/Female/White/Middle,1,BrittanyMarieChavez,PeakPerformance
Dallas Fall International Open Jiu-Jitsu 2017,Adult/Female/White/Middle,2,JasmineEspinoza,FightSports
Dallas Fall International Open Jiu-Jitsu 2017,Adult/Female/White/Middle,3,AubreyNelson,LEADBJJ
Dallas Fall International Open Jiu-Jitsu 2017,Adult/Female/White/Middle,3,ShernaiCBentley,LEADBJJ
Dallas Fall International Open Jiu-Jitsu 2017,Adult/Female/White/Medium-Heavy,1,CheyenneMiller,BJJGlobetrottersUSA
Dallas Fall International Open Jiu-Jitsu 2017,Adult/Female/White/Medium-Heavy,2,LeanneFranceschi,GracieBarra
Dallas Fall International Open Jiu-Jitsu 2017,Adult/Female/White/Medium-Heavy,3,AmyCoxen,ShebaroJiuJitsu
Dallas Fall International Open Jiu-Jitsu 2017,Adult/Female/White/Medium-Heavy,3,EllenParkhurst,FabioClementeBJJ
Dallas Fall International Open Jiu-Jitsu 2017,Adult/Female/White/Heavy,1,DarleneOdoemena,LEADBJJ
Dallas Fall International Open Jiu-Jitsu 2017,Adult/Female/White/Heavy,2,BrittanyHoskinson,LEADBJJ
Dallas Fall International Open Jiu-Jitsu 2017,Adult/Female/White/Super-Heavy,1,AbbyAlvarado,OhanaJiu,JitsuAcademy
Dallas Fall International Open Jiu-Jitsu 2017,Adult/Female/White/Super-Heavy,2,HeidiVoetSmith,GracieGymTexas
Dallas Fall International Open Jiu-Jitsu 2017,Adult/Female/White/Super-Heavy,3,LuzAlaniz,LEADBJJ
Dallas Fall International Open Jiu-Jitsu 2017,Adult/Female/Blue/Light-Feather,1,KaremCaldera,LEADBJJ
Dallas Fall International Open Jiu-Jitsu 2017,Adult/Female/Blue/Light-Feather,2,SamanthaLyneeZavala,AtosJiu,Jitsu
Dallas Fall International Open Jiu-Jitsu 2017,Adult/Female/Blue/Light-Feather,3,BobbieJoRidenhour,GracieHumaitaUSA
Dallas Fall International Open Jiu-Jitsu 2017,Adult/Female/Blue/Light-Feather,3,CeciliaGomez,SoulFightersTexas
Dallas Fall International Open Jiu-Jitsu 2017,Adult/Female/Blue/Feather,1,AlexaNicoleYanes,GracieBarra
Dallas Fall International Open Jiu-Jitsu 2017,Adult/Female/Blue/Feather,2,NatalieShear,TeamLDMA
Dallas Fall International Open Jiu-Jitsu 2017,Adult/Female/Blue/Feather,3,AleanaCofield,TeamLloydIrvin
Dallas Fall International Open Jiu-Jitsu 2017,Adult/Female/Blue/Feather,3,ShannonO'Shea,FightSports
Dallas Fall International Open Jiu-Jitsu 2017,Adult/Female/Blue/Light,1,KeciaMckenzie,CheckMat
Dallas Fall International Open Jiu-Jitsu 2017,Adult/Female/Blue/Light,2,PriscillaEckhardt,PabloSilvaBJJ,ZRTeam
Dallas Fall International Open Jiu-Jitsu 2017,Adult/Female/Blue/Middle,1,RachelGarcia,Alliance
Dallas Fall International Open Jiu-Jitsu 2017,Adult/Female/Blue/Middle,2,AlyssaMiller,OctagonMMA
Dallas Fall International Open Jiu-Jitsu 2017,Adult/Female/Blue/Middle,3,BiancaSantiago,Alliance
Dallas Fall International Open Jiu-Jitsu 2017,Adult/Female/Blue/Middle,3,JessicaGoodlett,LEADBJJ
Dallas Fall International Open Jiu-Jitsu 2017,Adult/Female/Blue/Medium-Heavy,1,LucianadaS.Mota,AJTeam
Dallas Fall International Open Jiu-Jitsu 2017,Adult/Female/Blue/Super-Heavy,1,KatherineFischer,PabloSilvaBJJ,ZRTeam
Dallas Fall International Open Jiu-Jitsu 2017,Adult/Female/Blue/Super-Heavy,2,JeniOlbeter,CheckMat
Dallas Fall International Open Jiu-Jitsu 2017,Adult/Female/Blue/Super-Heavy,3,JordanHockstedler,Brazil021International
Dallas Fall International Open Jiu-Jitsu 2017,Adult/Female/Blue/Super-Heavy,3,WendyJimnez,IronsideMMA
Dallas Fall International Open Jiu-Jitsu 2017,Adult/Female/Blue/Enum_WeightDivision_OpenClass_Label,1,KatherineFischer,PabloSilvaBJJ,ZRTeam
Dallas Fall International Open Jiu-Jitsu 2017,Adult/Female/Blue/Enum_WeightDivision_OpenClass_Label,2,NatalieShear,TeamLDMA
Dallas Fall International Open Jiu-Jitsu 2017,Adult/Female/Blue/Enum_WeightDivision_OpenClass_Label,3,AlexaNicoleYanes,GracieBarra
Dallas Fall International Open Jiu-Jitsu 2017,Adult/Female/Blue/Enum_WeightDivision_OpenClass_Label,3,ShannonO'Shea,FightSports
Dallas Fall International Open Jiu-Jitsu 2017,Adult/Female/Purple/Light-Feather,1,MariangelD.French,RenatoTavaresAssociation
Dallas Fall International Open Jiu-Jitsu 2017,Adult/Female/Purple/Light-Feather,2,RosaEspindola,RenatoTavaresAssociation
Dallas Fall International Open Jiu-Jitsu 2017,Adult/Female/Purple/Feather,1,SayuriToledoLimaPereira,Alliance
Dallas Fall International Open Jiu-Jitsu 2017,Adult/Female/Purple/Medium-Heavy,1,JuliaAvila,ZenithBJJ,LasVegas
Dallas Fall International Open Jiu-Jitsu 2017,Adult/Female/Purple/Medium-Heavy,2,LeandraPoole,GracieBarra
Dallas Fall International Open Jiu-Jitsu 2017,Adult/Female/Purple/Medium-Heavy,3,KarmenKercheval,LEADBJJ
Dallas Fall International Open Jiu-Jitsu 2017,Adult/Female/Purple/Medium-Heavy,3,MadelynnR.DelRio,Fernandez,LEADBJJ
Dallas Fall International Open Jiu-Jitsu 2017,Adult/Female/Purple/Enum_WeightDivision_OpenClass_Label,1,MadelynnR.DelRio,Fernandez,LEADBJJ
Dallas Fall International Open Jiu-Jitsu 2017,Adult/Female/Purple/Enum_WeightDivision_OpenClass_Label,2,KarmenKercheval,LEADBJJ
Dallas Fall International Open Jiu-Jitsu 2017,Adult/Female/Purple/Enum_WeightDivision_OpenClass_Label,3,MariangelD.French,RenatoTavaresAssociation
Dallas Fall International Open Jiu-Jitsu 2017,Adult/Female/Purple/Enum_WeightDivision_OpenClass_Label,3,RosaEspindola,RenatoTavaresAssociation
Dallas Fall International Open Jiu-Jitsu 2017,Adult/Female/Black/Middle,1,DanielleReneeAlvarez,LEADBJJ
Dallas Fall International Open Jiu-Jitsu 2017,Adult/Female/Black/Middle,2,NiviadeSouzaMoura,GracieGymTexas
Dallas Fall International Open Jiu-Jitsu 2017,Adult/Female/Black/Heavy,1,NathielyKarolineMelodeJesus,PSLPBCiceroCostha
Dallas Fall International Open Jiu-Jitsu 2017,Adult/Female/Black/Enum_WeightDivision_OpenClass_Label,1,NathielyKarolineMelodeJesus,PSLPBCiceroCostha
Dallas Fall International Open Jiu-Jitsu 2017,Adult/Female/Black/Enum_WeightDivision_OpenClass_Label,2,NiviadeSouzaMoura,GracieGymTexas
Dallas Fall International Open Jiu-Jitsu 2017,Master1/Male/White/Light-Feather,1,DiegodosSantosNogueira,GracieGymTexas
Dallas Fall International Open Jiu-Jitsu 2017,Master1/Male/White/Light-Feather,2,ShelbyWratchford,RibeiroJiu,Jitsu
Dallas Fall International Open Jiu-Jitsu 2017,Master1/Male/White/Feather,1,TroyDanielSnyder,GracieBarra
Dallas Fall International Open Jiu-Jitsu 2017,Master1/Male/White/Feather,2,StephenTigeMaxwell,GracieBarra
Dallas Fall International Open Jiu-Jitsu 2017,Master1/Male/White/Feather,3,StephenFriedman,CarlsonGracieTeam
Dallas Fall International Open Jiu-Jitsu 2017,Master1/Male/White/Light,1,DavidFuentes,GracieBarra
Dallas Fall International Open Jiu-Jitsu 2017,Master1/Male/White/Light,2,RussellWilliamBraud,SoulFightersTexas
Dallas Fall International Open Jiu-Jitsu 2017,Master1/Male/White/Light,3,MichaelAnthonyDoughty,GracieGymTexas
Dallas Fall International Open Jiu-Jitsu 2017,Master1/Male/White/Light,3,RemyMiranda,IronsideMMA
Dallas Fall International Open Jiu-Jitsu 2017,Master1/Male/White/Middle,1,JustynJohnLuera,PresaBrazilianJiu,Jitsu
Dallas Fall International Open Jiu-Jitsu 2017,Master1/Male/White/Middle,2,SammieEl,Kurd,CarlsonGracieTeam
Dallas Fall International Open Jiu-Jitsu 2017,Master1/Male/White/Middle,3,LawrenceDrewKraus,LEADBJJ
Dallas Fall International Open Jiu-Jitsu 2017,Master1/Male/White/Middle,3,TravisMatthewMann,SoulFightersTexas
Dallas Fall International Open Jiu-Jitsu 2017,Master1/Male/White/Heavy,1,DraylBrown,CobraBrazilianJiu,Jitsu
Dallas Fall International Open Jiu-Jitsu 2017,Master1/Male/White/Heavy,2,JeraldJerodLewis,GracieGymTexas
Dallas Fall International Open Jiu-Jitsu 2017,Master1/Male/White/Super-Heavy,1,DavidLamarRollins,CarlsonGracieTeam
Dallas Fall International Open Jiu-Jitsu 2017,Master1/Male/White/Super-Heavy,2,StuartDonaldFrith,PeakPerformance
Dallas Fall International Open Jiu-Jitsu 2017,Master1/Male/White/Super-Heavy,3,AlanMichaelRamos,GracieBarra
Dallas Fall International Open Jiu-Jitsu 2017,Master1/Male/White/Super-Heavy,3,RyanMcGuire,GracieBarra
Dallas Fall International Open Jiu-Jitsu 2017,Master1/Male/White/Ultra-Heavy,1,ZacharyOliverArrington,SoulFightersLouisiana
Dallas Fall International Open Jiu-Jitsu 2017,Master1/Male/White/Ultra-Heavy,2,MarcReyes,IronsideMMA
Dallas Fall International Open Jiu-Jitsu 2017,Master1/Male/White/Ultra-Heavy,3,AndrewAugustusWhitlockIII,GracieBarra
Dallas Fall International Open Jiu-Jitsu 2017,Master1/Male/White/Ultra-Heavy,3,RobertLatroySmith,SoulFightersTexas
Dallas Fall International Open Jiu-Jitsu 2017,Master1/Male/Blue/Feather,1,KlaytonLaneMai,SoulFightersTexas
Dallas Fall International Open Jiu-Jitsu 2017,Master1/Male/Blue/Feather,2,RaphaelFuentes,RibeiroJiu,Jitsu
Dallas Fall International Open Jiu-Jitsu 2017,Master1/Male/Blue/Feather,3,DennisWilliams,GracieHumaitaUSA
Dallas Fall International Open Jiu-Jitsu 2017,Master1/Male/Blue/Feather,3,JeremiahSmeal,RodrigoPinheiroBJJ
Dallas Fall International Open Jiu-Jitsu 2017,Master1/Male/Blue/Light,1,SantiagoLuna,GracieBarra
Dallas Fall International Open Jiu-Jitsu 2017,Master1/Male/Blue/Light,2,JoelAndrewPhelps,RedingMartialArts
Dallas Fall International Open Jiu-Jitsu 2017,Master1/Male/Blue/Light,3,JoseMoisesDiaz,LEADBJJ
Dallas Fall International Open Jiu-Jitsu 2017,Master1/Male/Blue/Middle,1,CoreyWilaon,BrazilianTopTeam
Dallas Fall International Open Jiu-Jitsu 2017,Master1/Male/Blue/Middle,2,SergeyAgapov,OctagonMMA
Dallas Fall International Open Jiu-Jitsu 2017,Master1/Male/Blue/Middle,3,BlasDanielRodriguezLopez,LEADBJJ
Dallas Fall International Open Jiu-Jitsu 2017,Master1/Male/Blue/Middle,3,WilliamDouglasRobb,GracieBarra
Dallas Fall International Open Jiu-Jitsu 2017,Master1/Male/Blue/Medium-Heavy,1,AndrewHagerman,GracieJiu,JitsuPedroSauerTeam
Dallas Fall International Open Jiu-Jitsu 2017,Master1/Male/Blue/Medium-Heavy,2,CodyShumate,ZenithBJJ,LasVegas
Dallas Fall International Open Jiu-Jitsu 2017,Master1/Male/Blue/Heavy,1,AdisDruzanovic,TravisLutterBrazilianJiu,Jitsu
Dallas Fall International Open Jiu-Jitsu 2017,Master1/Male/Blue/Heavy,2,TrentonSmith,CarlsonGracieTeam
Dallas Fall International Open Jiu-Jitsu 2017,Master1/Male/Blue/Heavy,3,KevinThibodeaux,RilionGracieJiu,JitsuAcademy
Dallas Fall International Open Jiu-Jitsu 2017,Master1/Male/Blue/Ultra-Heavy,1,MatthewKramer,SoulFightersTexas
Dallas Fall International Open Jiu-Jitsu 2017,Master1/Male/Blue/Ultra-Heavy,2,MosesEspinosa,BrazilianTopTeam
Dallas Fall International Open Jiu-Jitsu 2017,Master1/Male/Blue/Ultra-Heavy,3,JoshuaGiza,RibeiroJiu,Jitsu
Dallas Fall International Open Jiu-Jitsu 2017,Master1/Male/Blue/Ultra-Heavy,3,MichaelMundt,SlothBJJ
Dallas Fall International Open Jiu-Jitsu 2017,Master1/Male/Blue/Enum_WeightDivision_OpenClass_Label,1,MatthewKramer,SoulFightersTexas
Dallas Fall International Open Jiu-Jitsu 2017,Master1/Male/Blue/Enum_WeightDivision_OpenClass_Label,2,CoreyWilaon,BrazilianTopTeam
Dallas Fall International Open Jiu-Jitsu 2017,Master1/Male/Blue/Enum_WeightDivision_OpenClass_Label,3,DennisWilliams,GracieHumaitaUSA
Dallas Fall International Open Jiu-Jitsu 2017,Master1/Male/Blue/Enum_WeightDivision_OpenClass_Label,3,WilliamDouglasRobb,GracieBarra
Dallas Fall International Open Jiu-Jitsu 2017,Master1/Male/Purple/Light-Feather,1,JavierOrona,FightSports
Dallas Fall International Open Jiu-Jitsu 2017,Master1/Male/Purple/Light-Feather,2,AdamDavidKim,CarlsonGracieTeam
Dallas Fall International Open Jiu-Jitsu 2017,Master1/Male/Purple/Light-Feather,3,WilliamEnriqueLugoJr.,LeonardoPeçanhaAssociation
Dallas Fall International Open Jiu-Jitsu 2017,Master1/Male/Purple/Feather,1,CurtisEugeneMontier,NorthTexasMMA
Dallas Fall International Open Jiu-Jitsu 2017,Master1/Male/Purple/Feather,2,MohammedMagharef,GracieBarra
Dallas Fall International Open Jiu-Jitsu 2017,Master1/Male/Purple/Feather,3,TimothyPhillipCardinal,DDRJiuJitsu
Dallas Fall International Open Jiu-Jitsu 2017,Master1/Male/Purple/Light,1,ImanHajihashemi,GracieBarra
Dallas Fall International Open Jiu-Jitsu 2017,Master1/Male/Purple/Light,2,MarcusEverette,GFTeam
Dallas Fall International Open Jiu-Jitsu 2017,Master1/Male/Purple/Light,3,AntonioSantiago,Alliance
Dallas Fall International Open Jiu-Jitsu 2017,Master1/Male/Purple/Light,3,JOSEESPINOZA,OhanaJiu,JitsuAcademyUSA
Dallas Fall International Open Jiu-Jitsu 2017,Master1/Male/Purple/Middle,1,PhilipCastilla,CheckMat
Dallas Fall International Open Jiu-Jitsu 2017,Master1/Male/Purple/Middle,2,JoshuaAaronSutton,RibeiroJiu,Jitsu
Dallas Fall International Open Jiu-Jitsu 2017,Master1/Male/Purple/Middle,3,IlyaSilkin,GracieBarra
Dallas Fall International Open Jiu-Jitsu 2017,Master1/Male/Purple/Middle,3,wesleyarnold,MohlerJiu,Jitsu
Dallas Fall International Open Jiu-Jitsu 2017,Master1/Male/Purple/Medium-Heavy,1,MarcusDailey,GracieBarra
Dallas Fall International Open Jiu-Jitsu 2017,Master1/Male/Purple/Medium-Heavy,2,codycothran,IronsideMMA
Dallas Fall International Open Jiu-Jitsu 2017,Master1/Male/Purple/Heavy,1,SantiagoGarza,StarBrazilianJiuJitsu
Dallas Fall International Open Jiu-Jitsu 2017,Master1/Male/Purple/Heavy,2,BrianDanielGeiger,CarlsonGracieTeam
Dallas Fall International Open Jiu-Jitsu 2017,Master1/Male/Purple/Heavy,3,JeffScott,CheckMat
Dallas Fall International Open Jiu-Jitsu 2017,Master1/Male/Purple/Heavy,3,julioviramontes,Alliance
Dallas Fall International Open Jiu-Jitsu 2017,Master1/Male/Purple/Ultra-Heavy,1,BuddyRoberts,GracieBarra
Dallas Fall International Open Jiu-Jitsu 2017,Master1/Male/Purple/Ultra-Heavy,2,CharlesDavidSpindle,ShebaroJiuJitsu
Dallas Fall International Open Jiu-Jitsu 2017,Master1/Male/Purple/Ultra-Heavy,3,AnthonyLamontFitzgeraldJr.,Alliance
Dallas Fall International Open Jiu-Jitsu 2017,Master1/Male/Purple/Enum_WeightDivision_OpenClass_Label,1,ImanHajihashemi,GracieBarra
Dallas Fall International Open Jiu-Jitsu 2017,Master1/Male/Purple/Enum_WeightDivision_OpenClass_Label,2,JeffScott,CheckMat
Dallas Fall International Open Jiu-Jitsu 2017,Master1/Male/Purple/Enum_WeightDivision_OpenClass_Label,3,MarcusEverette,GFTeam
Dallas Fall International Open Jiu-Jitsu 2017,Master1/Male/Purple/Enum_WeightDivision_OpenClass_Label,3,wesleyarnold,MohlerJiu,Jitsu
Dallas Fall International Open Jiu-Jitsu 2017,Master1/Male/Brown/Feather,1,DanielJamesOstrowski,PeakPerformance
Dallas Fall International Open Jiu-Jitsu 2017,Master1/Male/Brown/Feather,2,JordanBurtonIII,PabloSilvaBJJ,ZRTeam
Dallas Fall International Open Jiu-Jitsu 2017,Master1/Male/Brown/Feather,3,DavidJ.Fuentes,OhanaJiu,JitsuAcademy
Dallas Fall International Open Jiu-Jitsu 2017,Master1/Male/Brown/Feather,3,MarcMartinez,LEADBJJ
Dallas Fall International Open Jiu-Jitsu 2017,Master1/Male/Brown/Light,1,DannyKou,Brazil021International
Dallas Fall International Open Jiu-Jitsu 2017,Master1/Male/Brown/Light,2,ChristopherAaronHutchison,TritonFightCenter
Dallas Fall International Open Jiu-Jitsu 2017,Master1/Male/Brown/Middle,1,RobertA.Brice,OctagonMMA
Dallas Fall International Open Jiu-Jitsu 2017,Master1/Male/Brown/Middle,2,FrancisXavierMay,MohlerJiu,Jitsu
Dallas Fall International Open Jiu-Jitsu 2017,Master1/Male/Brown/Middle,3,JoshTrampas,GracieBarra
Dallas Fall International Open Jiu-Jitsu 2017,Master1/Male/Brown/Middle,3,MitchellKeithHall,GFTeam
Dallas Fall International Open Jiu-Jitsu 2017,Master1/Male/Brown/Medium-Heavy,1,RichardA.Kanasevich,AtosJiu,Jitsu
Dallas Fall International Open Jiu-Jitsu 2017,Master1/Male/Brown/Medium-Heavy,2,JackEdwardGarrett,PeakPerformance
Dallas Fall International Open Jiu-Jitsu 2017,Master1/Male/Brown/Medium-Heavy,3,TyeDavis,CheckMat
Dallas Fall International Open Jiu-Jitsu 2017,Master1/Male/Brown/Heavy,1,DanielWadeArnette,SoulFightersTexas
Dallas Fall International Open Jiu-Jitsu 2017,Master1/Male/Brown/Heavy,2,JeffreyJamisonEngle,RenzoGracieAcademy
Dallas Fall International Open Jiu-Jitsu 2017,Master1/Male/Brown/Ultra-Heavy,1,ChristopherLeeWest,LEADBJJ
Dallas Fall International Open Jiu-Jitsu 2017,Master1/Male/Brown/Ultra-Heavy,2,MarcioAntonioPiresJunior,GracieBarra
Dallas Fall International Open Jiu-Jitsu 2017,Master1/Male/Brown/Enum_WeightDivision_OpenClass_Label,1,MarcioAntonioPiresJunior,GracieBarra
Dallas Fall International Open Jiu-Jitsu 2017,Master1/Male/Brown/Enum_WeightDivision_OpenClass_Label,2,RichardA.Kanasevich,AtosJiu,Jitsu
Dallas Fall International Open Jiu-Jitsu 2017,Master1/Male/Brown/Enum_WeightDivision_OpenClass_Label,3,ChristopherLeeWest,LEADBJJ
Dallas Fall International Open Jiu-Jitsu 2017,Master1/Male/Brown/Enum_WeightDivision_OpenClass_Label,3,TyeDavis,CheckMat
Dallas Fall International Open Jiu-Jitsu 2017,Master1/Male/Black/Feather,1,JeffreyDeanBourgeois,OneJiu,JitsuUSA
Dallas Fall International Open Jiu-Jitsu 2017,Master1/Male/Black/Feather,2,CaseyPielemeier,CarlsonGracieTeam
Dallas Fall International Open Jiu-Jitsu 2017,Master1/Male/Black/Feather,3,MatthewMichaelJones,NeutralGroundsJiu,JitsuFriscoTX
Dallas Fall International Open Jiu-Jitsu 2017,Master1/Male/Black/Light,1,AluizioHonórioMoizinhoJúnior,SoulFightersTexas
Dallas Fall International Open Jiu-Jitsu 2017,Master1/Male/Black/Light,2,JefferyBynumHammond,CaiqueJiu,Jitsu
Dallas Fall International Open Jiu-Jitsu 2017,Master1/Male/Black/Light,3,AngelDanielVargasJr.,LEADBJJ
Dallas Fall International Open Jiu-Jitsu 2017,Master1/Male/Black/Light,3,ChristopherWilliamStory,LEADBJJ
Dallas Fall International Open Jiu-Jitsu 2017,Master1/Male/Black/Middle,1,DouglasAlencastroBueno,AtosJiu,Jitsu
Dallas Fall International Open Jiu-Jitsu 2017,Master1/Male/Black/Middle,2,RubenHernandez,SoulFightersTexas
Dallas Fall International Open Jiu-Jitsu 2017,Master1/Male/Black/Medium-Heavy,1,CarlosDiegoFerreiraNeves,AtosJiu,Jitsu
Dallas Fall International Open Jiu-Jitsu 2017,Master1/Male/Black/Medium-Heavy,2,DiegodosSantosDias,NovaUnião/NU
Dallas Fall International Open Jiu-Jitsu 2017,Master1/Male/Black/Medium-Heavy,3,JosephToddRyan,ToddRyanBJJ
Dallas Fall International Open Jiu-Jitsu 2017,Master1/Male/Black/Ultra-Heavy,1,FranciscoRamosMendesNeto,CheckMat
Dallas Fall International Open Jiu-Jitsu 2017,Master1/Male/Black/Ultra-Heavy,2,LuisRubalcava,Alliance
Dallas Fall International Open Jiu-Jitsu 2017,Master1/Male/Black/Enum_WeightDivision_OpenClass_Label,1,AluizioHonórioMoizinhoJúnior,SoulFightersTexas
Dallas Fall International Open Jiu-Jitsu 2017,Master1/Male/Black/Enum_WeightDivision_OpenClass_Label,2,RubenHernandez,SoulFightersTexas
Dallas Fall International Open Jiu-Jitsu 2017,Master1/Male/Black/Enum_WeightDivision_OpenClass_Label,3,FranciscoRamosMendesNeto,CheckMat
Dallas Fall International Open Jiu-Jitsu 2017,Master1/Male/Black/Enum_WeightDivision_OpenClass_Label,3,MatthewMichaelJones,NeutralGroundsJiu,JitsuFriscoTX
Dallas Fall International Open Jiu-Jitsu 2017,Master1/Female/Blue/Light-Feather,1,KarinaHinojosa,SoulFightersTexas
Dallas Fall International Open Jiu-Jitsu 2017,Master1/Female/Blue/Light-Feather,2,CrystalTurner,GracieGymTexas
Dallas Fall International Open Jiu-Jitsu 2017,Master1/Female/Blue/Light-Feather,3,KimLobb,LEADBJJ
Dallas Fall International Open Jiu-Jitsu 2017,Master1/Female/Blue/Feather,1,JessicaNicoleBaker,CheckMat
Dallas Fall International Open Jiu-Jitsu 2017,Master1/Female/Blue/Feather,2,MinahTurner,Alliance
Dallas Fall International Open Jiu-Jitsu 2017,Master1/Female/Blue/Feather,3,KerynneSatterfield,NeutralGroundsJiu,JitsuFriscoTX
Dallas Fall International Open Jiu-Jitsu 2017,Master1/Female/Blue/Light,1,CaseyMartinez,LEADBJJ
Dallas Fall International Open Jiu-Jitsu 2017,Master1/Female/Blue/Light,2,EricaWalden,RibeiroJiu,Jitsu
Dallas Fall International Open Jiu-Jitsu 2017,Master1/Female/Blue/Light,3,JanuaryTongay,RenatoTavaresAssociation
Dallas Fall International Open Jiu-Jitsu 2017,Master1/Female/Blue/Middle,1,ChenoaChristineCacho,LEADBJJ
Dallas Fall International Open Jiu-Jitsu 2017,Master1/Female/Blue/Middle,2,KimberlyGeorginaEsparza,BJJRevolutionTeam
Dallas Fall International Open Jiu-Jitsu 2017,Master1/Female/Blue/Medium-Heavy,1,DarlynnChaichaChang,KoreBJJ&MMA
Dallas Fall International Open Jiu-Jitsu 2017,Master1/Female/Blue/Medium-Heavy,2,MelissaSusanFolkerts,GracieGymTexas
Dallas Fall International Open Jiu-Jitsu 2017,Master1/Female/Blue/Medium-Heavy,3,AnnaMcMurrey,LEADBJJ
Dallas Fall International Open Jiu-Jitsu 2017,Master1/Female/Blue/Heavy,1,TammySwetnam,GracieGymTexas
Dallas Fall International Open Jiu-Jitsu 2017,Master1/Female/Blue/Heavy,2,KarinaChapaVargas,LEADBJJ
Dallas Fall International Open Jiu-Jitsu 2017,Master1/Female/Blue/Enum_WeightDivision_OpenClass_Label,1,ChenoaChristineCacho,LEADBJJ
Dallas Fall International Open Jiu-Jitsu 2017,Master1/Female/Blue/Enum_WeightDivision_OpenClass_Label,2,CaseyMartinez,LEADBJJ
Dallas Fall International Open Jiu-Jitsu 2017,Master1/Female/Blue/Enum_WeightDivision_OpenClass_Label,3,CrystalTurner,GracieGymTexas
Dallas Fall International Open Jiu-Jitsu 2017,Master1/Female/Blue/Enum_WeightDivision_OpenClass_Label,3,MelissaSusanFolkerts,GracieGymTexas
Dallas Fall International Open Jiu-Jitsu 2017,Master1/Female/Purple/Feather,1,TerriE.Casillas,SoulFightersTexas
Dallas Fall International Open Jiu-Jitsu 2017,Master1/Female/Purple/Feather,2,ChandaRayeMoeller,RenatoTavaresAssociation
Dallas Fall International Open Jiu-Jitsu 2017,Master1/Female/Purple/Feather,3,JasmineChoksi,John'sGym
Dallas Fall International Open Jiu-Jitsu 2017,Master1/Female/Purple/Feather,3,MistyVerschoor,BrazilianTopTeam
Dallas Fall International Open Jiu-Jitsu 2017,Master1/Female/Purple/Light,1,CrystalTolentino,CheckMat
Dallas Fall International Open Jiu-Jitsu 2017,Master1/Female/Purple/Light,2,ZanthaSanderlin,PeakPerformance
Dallas Fall International Open Jiu-Jitsu 2017,Master1/Female/Purple/Light,3,AmberHaines,RibeiroJiu,Jitsu
Dallas Fall International Open Jiu-Jitsu 2017,Master1/Female/Purple/Enum_WeightDivision_OpenClass_Label,1,CrystalTolentino,CheckMat
Dallas Fall International Open Jiu-Jitsu 2017,Master1/Female/Purple/Enum_WeightDivision_OpenClass_Label,2,TerriE.Casillas,SoulFightersTexas
Dallas Fall International Open Jiu-Jitsu 2017,Master1/Female/Brown/Feather,1,BrandyReneNew,SoulFightersTexas
Dallas Fall International Open Jiu-Jitsu 2017,Master1/Female/Brown/Feather,2,CristinaNataliaShepler,LEADBJJ
Dallas Fall International Open Jiu-Jitsu 2017,Master1/Female/Brown/Feather,3,OlympiaWatts,GracieBarra
Dallas Fall International Open Jiu-Jitsu 2017,Master1/Female/Brown/Enum_WeightDivision_OpenClass_Label,1,BrandyReneNew,SoulFightersTexas
Dallas Fall International Open Jiu-Jitsu 2017,Master1/Female/Brown/Enum_WeightDivision_OpenClass_Label,2,CristinaNataliaShepler,LEADBJJ
Dallas Fall International Open Jiu-Jitsu 2017,Master1/Female/Black/Super-Heavy,1,FabianaPereiraSantos,ZenithBJJ
Dallas Fall International Open Jiu-Jitsu 2017,Master1/Female/Black/Enum_WeightDivision_OpenClass_Label,1,FabianaPereiraSantos,ZenithBJJ
Dallas Fall International Open Jiu-Jitsu 2017,Master2/Male/White/Light-Feather,1,SamsonBarboza,John'sGym
Dallas Fall International Open Jiu-Jitsu 2017,Master2/Male/White/Light-Feather,2,KenNoahBrasher,ShebaroJiuJitsu
Dallas Fall International Open Jiu-Jitsu 2017,Master2/Male/White/Light-Feather,3,KenStarnes,CheckMat
Dallas Fall International Open Jiu-Jitsu 2017,Master2/Male/White/Feather,1,MitchellPereiraDeSouza,GracieBarra
Dallas Fall International Open Jiu-Jitsu 2017,Master2/Male/White/Feather,2,JasonRoberts,NeutralGroundsJiu,JitsuFriscoTX
Dallas Fall International Open Jiu-Jitsu 2017,Master2/Male/White/Light,1,FarzadVahid,GracieGymTexas
Dallas Fall International Open Jiu-Jitsu 2017,Master2/Male/White/Light,2,NateHewitt,MohlerJiu,Jitsu
Dallas Fall International Open Jiu-Jitsu 2017,Master2/Male/White/Light,3,BobbyDwainWyatt,Alliance
Dallas Fall International Open Jiu-Jitsu 2017,Master2/Male/White/Light,3,RosvelSerna,RibeiroJiu,Jitsu
Dallas Fall International Open Jiu-Jitsu 2017,Master2/Male/White/Middle,1,WesleyHenckel,SoulFightersTexas
Dallas Fall International Open Jiu-Jitsu 2017,Master2/Male/White/Middle,2,ShawnLobb,LEADBJJ
Dallas Fall International Open Jiu-Jitsu 2017,Master2/Male/White/Middle,3,BrendanMcKelvy,RCJMachado
Dallas Fall International Open Jiu-Jitsu 2017,Master2/Male/White/Middle,3,BrianGoff,CarlsonGracieTeam
Dallas Fall International Open Jiu-Jitsu 2017,Master2/Male/White/Medium-Heavy,1,TravisAraujo,ShebaroJiuJitsu
Dallas Fall International Open Jiu-Jitsu 2017,Master2/Male/White/Medium-Heavy,2,JovaniFranciscoChavez,GracieBarra
Dallas Fall International Open Jiu-Jitsu 2017,Master2/Male/White/Medium-Heavy,3,JohnWitherwax,LEADBJJ
Dallas Fall International Open Jiu-Jitsu 2017,Master2/Male/White/Medium-Heavy,3,StevenFelton,SoulFightersTexas
Dallas Fall International Open Jiu-Jitsu 2017,Master2/Male/White/Heavy,1,TaylorReedMarshall,GracieBarra
Dallas Fall International Open Jiu-Jitsu 2017,Master2/Male/White/Heavy,2,JuanCarlosMontes,LEADBJJ
Dallas Fall International Open Jiu-Jitsu 2017,Master2/Male/White/Heavy,3,DavidGonzalez,BrasaCaioTerra
Dallas Fall International Open Jiu-Jitsu 2017,Master2/Male/White/Heavy,3,MichaelAdamEmory,Brazil021International
Dallas Fall International Open Jiu-Jitsu 2017,Master2/Male/White/Super-Heavy,1,Ky,JuanDorsey,LEADBJJ
Dallas Fall International Open Jiu-Jitsu 2017,Master2/Male/White/Super-Heavy,2,EricRiley,McCune'sMartialArts
Dallas Fall International Open Jiu-Jitsu 2017,Master2/Male/White/Super-Heavy,3,MattPaulMarshall,RedingMartialArts
Dallas Fall International Open Jiu-Jitsu 2017,Master2/Male/White/Super-Heavy,3,ZacharyProtzman,ShebaroJiuJitsu
Dallas Fall International Open Jiu-Jitsu 2017,Master2/Male/Blue/Feather,1,DustinSheaKeen,PeakPerformance
Dallas Fall International Open Jiu-Jitsu 2017,Master2/Male/Blue/Feather,2,JoelSaldaña,LEADBJJ
Dallas Fall International Open Jiu-Jitsu 2017,Master2/Male/Blue/Light,1,NicholasWright,GracieBarra
Dallas Fall International Open Jiu-Jitsu 2017,Master2/Male/Blue/Light,2,WilliamJ.Turner,GracieGymTexas
Dallas Fall International Open Jiu-Jitsu 2017,Master2/Male/Blue/Light,3,ArthurBastosSilva,PeakPerformanceTeam
Dallas Fall International Open Jiu-Jitsu 2017,Master2/Male/Blue/Light,3,JoshuaRoyceTackett,PeakPerformance
Dallas Fall International Open Jiu-Jitsu 2017,Master2/Male/Blue/Middle,1,JacobWright,CheckMat
Dallas Fall International Open Jiu-Jitsu 2017,Master2/Male/Blue/Middle,2,GeorgeLincoln,GracieBarra
Dallas Fall International Open Jiu-Jitsu 2017,Master2/Male/Blue/Middle,3,BlakeBrigmon,IronsideMMA
Dallas Fall International Open Jiu-Jitsu 2017,Master2/Male/Blue/Middle,3,StevenZimmer,TeamLDMA
Dallas Fall International Open Jiu-Jitsu 2017,Master2/Male/Blue/Medium-Heavy,1,BobbyBerneilHamill,LEADBJJ
Dallas Fall International Open Jiu-Jitsu 2017,Master2/Male/Blue/Medium-Heavy,2,ChristopherLloydCreamer,EastsideAustinElite
Dallas Fall International Open Jiu-Jitsu 2017,Master2/Male/Blue/Medium-Heavy,3,GregJoseph,SoulFightersTexas
Dallas Fall International Open Jiu-Jitsu 2017,Master2/Male/Blue/Medium-Heavy,3,RichardJustinArrezzio,GracieBarra
Dallas Fall International Open Jiu-Jitsu 2017,Master2/Male/Blue/Heavy,1,J.H.Wooldridge,RibeiroJiu,Jitsu
Dallas Fall International Open Jiu-Jitsu 2017,Master2/Male/Blue/Heavy,2,PieroBriones,AMBJJ,AlexMartinsBrazilianJiu,Jitsu
Dallas Fall International Open Jiu-Jitsu 2017,Master2/Male/Blue/Heavy,3,AlanCota,SoulFightersTexas
Dallas Fall International Open Jiu-Jitsu 2017,Master2/Male/Blue/Super-Heavy,1,ChristopherShaw,GracieGymTexas
Dallas Fall International Open Jiu-Jitsu 2017,Master2/Male/Blue/Super-Heavy,2,TomasHernandezIII,A,ForceBrazilianJiu,Jitsu
Dallas Fall International Open Jiu-Jitsu 2017,Master2/Male/Blue/Super-Heavy,3,ErikBeyer,LEADBJJ
Dallas Fall International Open Jiu-Jitsu 2017,Master2/Male/Blue/Super-Heavy,3,RobertWilson,CaioTerraAssociation
Dallas Fall International Open Jiu-Jitsu 2017,Master2/Male/Blue/Enum_WeightDivision_OpenClass_Label,1,JacobWright,CheckMat
Dallas Fall International Open Jiu-Jitsu 2017,Master2/Male/Blue/Enum_WeightDivision_OpenClass_Label,2,ChristopherShaw,GracieGymTexas
Dallas Fall International Open Jiu-Jitsu 2017,Master2/Male/Blue/Enum_WeightDivision_OpenClass_Label,3,BobbyBerneilHamill,LEADBJJ
Dallas Fall International Open Jiu-Jitsu 2017,Master2/Male/Blue/Enum_WeightDivision_OpenClass_Label,3,DustinSheaKeen,PeakPerformance
Dallas Fall International Open Jiu-Jitsu 2017,Master2/Male/Purple/Feather,1,JosephSirju,RilionGracieJiu,JitsuAcademy
Dallas Fall International Open Jiu-Jitsu 2017,Master2/Male/Purple/Medium-Heavy,1,DanielDuron,TeamLloydIrvin
Dallas Fall International Open Jiu-Jitsu 2017,Master2/Male/Purple/Medium-Heavy,2,JasonLaTour,LEADBJJ
Dallas Fall International Open Jiu-Jitsu 2017,Master2/Male/Purple/Medium-Heavy,3,OrlandoRodriguez,Alliance
Dallas Fall International Open Jiu-Jitsu 2017,Master2/Male/Purple/Medium-Heavy,3,SamuelMiguelLeonardi,LeonardoPeçanhaAssociation
Dallas Fall International Open Jiu-Jitsu 2017,Master2/Male/Purple/Super-Heavy,1,MarcusSurratt,LEADBJJ
Dallas Fall International Open Jiu-Jitsu 2017,Master2/Male/Purple/Super-Heavy,2,SamuelOkate,MohlerJiu,Jitsu
Dallas Fall International Open Jiu-Jitsu 2017,Master2/Male/Purple/Enum_WeightDivision_OpenClass_Label,1,SamuelOkate,MohlerJiu,Jitsu
Dallas Fall International Open Jiu-Jitsu 2017,Master2/Male/Brown/Light,1,ChristianS.Duran,PeakPerformance
Dallas Fall International Open Jiu-Jitsu 2017,Master2/Male/Brown/Light,2,CharlesBennettIV,BETAAcademy
Dallas Fall International Open Jiu-Jitsu 2017,Master2/Male/Brown/Light,3,ChrisHaines,RibeiroJiu,Jitsu
Dallas Fall International Open Jiu-Jitsu 2017,Master2/Male/Brown/Light,3,RobertWesleyAllen,GFTeam
Dallas Fall International Open Jiu-Jitsu 2017,Master2/Male/Brown/Medium-Heavy,1,JimmyMelendez,LEADBJJ
Dallas Fall International Open Jiu-Jitsu 2017,Master2/Male/Brown/Medium-Heavy,2,ColbyBenjaminBissell,LaselvaMMA
Dallas Fall International Open Jiu-Jitsu 2017,Master2/Male/Brown/Super-Heavy,1,DimasFelipeHeckert,NovaUnião
Dallas Fall International Open Jiu-Jitsu 2017,Master2/Male/Brown/Enum_WeightDivision_OpenClass_Label,1,RobertWesleyAllen,GFTeam
Dallas Fall International Open Jiu-Jitsu 2017,Master2/Male/Brown/Enum_WeightDivision_OpenClass_Label,2,ChristianS.Duran,PeakPerformance
Dallas Fall International Open Jiu-Jitsu 2017,Master2/Male/Black/Feather,1,JeysenSantiagodosSantos,GracieHumaitaUSA
Dallas Fall International Open Jiu-Jitsu 2017,Master2/Male/Black/Light,1,BrunoJoseCorreiaAlves,GFTeam
Dallas Fall International Open Jiu-Jitsu 2017,Master2/Male/Black/Light,2,EduardoCiprianoDias,GracieBarra
Dallas Fall International Open Jiu-Jitsu 2017,Master2/Male/Black/Light,3,EricIvanFlores,AloisioSilvaBJJ
Dallas Fall International Open Jiu-Jitsu 2017,Master2/Male/Black/Light,3,LuisFernandoLoorVera,AtosJiu,Jitsu
Dallas Fall International Open Jiu-Jitsu 2017,Master2/Male/Black/Middle,1,AlexMartinsdoNascimento,AMBJJ,AlexMartinsBrazilianJiu,Jitsu
Dallas Fall International Open Jiu-Jitsu 2017,Master2/Male/Black/Middle,2,MichaelAlanFoster,Alliance
Dallas Fall International Open Jiu-Jitsu 2017,Master2/Male/Black/Middle,3,JoshuaAdamSharpless,GracieBarra
Dallas Fall International Open Jiu-Jitsu 2017,Master2/Male/Black/Middle,3,MarcioJ.Navarro,ZenithBJJ,LasVegas
Dallas Fall International Open Jiu-Jitsu 2017,Master2/Male/Black/Super-Heavy,1,MauroFelipedeOliveiraSoares,GracieBarra
Dallas Fall International Open Jiu-Jitsu 2017,Master2/Male/Black/Enum_WeightDivision_OpenClass_Label,1,BrunoJoseCorreiaAlves,GFTeam
Dallas Fall International Open Jiu-Jitsu 2017,Master2/Male/Black/Enum_WeightDivision_OpenClass_Label,2,AlexMartinsdoNascimento,AMBJJ,AlexMartinsBrazilianJiu,Jitsu
Dallas Fall International Open Jiu-Jitsu 2017,Master2/Male/Black/Enum_WeightDivision_OpenClass_Label,3,JeysenSantiagodosSantos,GracieHumaitaUSA
Dallas Fall International Open Jiu-Jitsu 2017,Master2/Male/Black/Enum_WeightDivision_OpenClass_Label,3,MauroFelipedeOliveiraSoares,GracieBarra
Dallas Fall International Open Jiu-Jitsu 2017,Master3/Male/Blue/Feather,1,JoanMCabas,SoulFightersTexas
Dallas Fall International Open Jiu-Jitsu 2017,Master3/Male/Blue/Feather,2,RobertPalmer,DemianMaiaJiu,JitsuUSA
Dallas Fall International Open Jiu-Jitsu 2017,Master3/Male/Blue/Feather,3,DavidSatterfield,NeutralGroundsJiu,JitsuFriscoTX
Dallas Fall International Open Jiu-Jitsu 2017,Master3/Male/Blue/Feather,3,MichaelHoskinson,LEADBJJ
Dallas Fall International Open Jiu-Jitsu 2017,Master3/Male/Blue/Light,1,ChrisVanCleave,ZenithBJJ
Dallas Fall International Open Jiu-Jitsu 2017,Master3/Male/Blue/Light,2,JuanMarcosGuerrero,Alliance
Dallas Fall International Open Jiu-Jitsu 2017,Master3/Male/Blue/Middle,1,Georgehonaker,AMBJJ,AlexMartinsBrazilianJiu,Jitsu
Dallas Fall International Open Jiu-Jitsu 2017,Master3/Male/Blue/Middle,2,AnthonyAmmendola,CheckMat
Dallas Fall International Open Jiu-Jitsu 2017,Master3/Male/Blue/Middle,3,PaulBarriere,CheckMat
Dallas Fall International Open Jiu-Jitsu 2017,Master3/Male/Blue/Medium-Heavy,1,DonnyKing,MohlerJiu,Jitsu
Dallas Fall International Open Jiu-Jitsu 2017,Master3/Male/Blue/Medium-Heavy,2,ChristopherCash,CheckMat
Dallas Fall International Open Jiu-Jitsu 2017,Master3/Male/Blue/Medium-Heavy,3,KenBrennan,CheckMat
Dallas Fall International Open Jiu-Jitsu 2017,Master3/Male/Blue/Medium-Heavy,3,SethCavin,RibeiroJiu,Jitsu
Dallas Fall International Open Jiu-Jitsu 2017,Master3/Male/Blue/Heavy,1,MattNieman,CheckMat
Dallas Fall International Open Jiu-Jitsu 2017,Master3/Male/Blue/Ultra-Heavy,1,EdrikWilliamson,OhanaJiu,JitsuAcademy
Dallas Fall International Open Jiu-Jitsu 2017,Master3/Male/Blue/Ultra-Heavy,2,ChadHenderson,LEADBJJ
Dallas Fall International Open Jiu-Jitsu 2017,Master3/Male/Blue/Enum_WeightDivision_OpenClass_Label,1,Georgehonaker,AMBJJ,AlexMartinsBrazilianJiu,Jitsu
Dallas Fall International Open Jiu-Jitsu 2017,Master3/Male/Blue/Enum_WeightDivision_OpenClass_Label,2,JoanMCabas,SoulFightersTexas
Dallas Fall International Open Jiu-Jitsu 2017,Master3/Male/Blue/Enum_WeightDivision_OpenClass_Label,3,MattNieman,CheckMat
Dallas Fall International Open Jiu-Jitsu 2017,Master3/Male/Blue/Enum_WeightDivision_OpenClass_Label,3,PaulBarriere,CheckMat
Dallas Fall International Open Jiu-Jitsu 2017,Master3/Male/Purple/Feather,1,JasonElliott,PeakPerformance
Dallas Fall International Open Jiu-Jitsu 2017,Master3/Male/Purple/Feather,2,DeeGonzales,Brazil021International
Dallas Fall International Open Jiu-Jitsu 2017,Master3/Male/Purple/Light,1,PatrickChiu,SoulFightersTexas
Dallas Fall International Open Jiu-Jitsu 2017,Master3/Male/Purple/Light,2,AntonioMolinaIII,SoulFightersTexas
Dallas Fall International Open Jiu-Jitsu 2017,Master3/Male/Purple/Light,3,ChadRizzo,LEADBJJ
Dallas Fall International Open Jiu-Jitsu 2017,Master3/Male/Purple/Middle,1,SamuelJosephVarner,CheckMat
Dallas Fall International Open Jiu-Jitsu 2017,Master3/Male/Purple/Middle,2,AaronThomasBenton,NeutralGroundsJiu,JitsuFriscoTX
Dallas Fall International Open Jiu-Jitsu 2017,Master3/Male/Purple/Middle,3,MarkTaylor,GracieBarra
Dallas Fall International Open Jiu-Jitsu 2017,Master3/Male/Purple/Medium-Heavy,1,JeffKatz,SoulFightersTexas
Dallas Fall International Open Jiu-Jitsu 2017,Master3/Male/Purple/Medium-Heavy,2,RobKitchell,PeakPerformance
Dallas Fall International Open Jiu-Jitsu 2017,Master3/Male/Purple/Medium-Heavy,3,LuisRafaelRamirezLaboy,NeutralGroundsJiu,JitsuFriscoTX
Dallas Fall International Open Jiu-Jitsu 2017,Master3/Male/Purple/Ultra-Heavy,1,MarcBotindari,GracieGymTexas
Dallas Fall International Open Jiu-Jitsu 2017,Master3/Male/Purple/Ultra-Heavy,2,ClintS.Clark,TeamLDMA
Dallas Fall International Open Jiu-Jitsu 2017,Master3/Male/Purple/Enum_WeightDivision_OpenClass_Label,1,MarcBotindari,GracieGymTexas
Dallas Fall International Open Jiu-Jitsu 2017,Master3/Male/Purple/Enum_WeightDivision_OpenClass_Label,2,ChadRizzo,LEADBJJ
Dallas Fall International Open Jiu-Jitsu 2017,Master3/Male/Purple/Enum_WeightDivision_OpenClass_Label,3,JasonElliott,PeakPerformance
Dallas Fall International Open Jiu-Jitsu 2017,Master3/Male/Purple/Enum_WeightDivision_OpenClass_Label,3,PatrickChiu,SoulFightersTexas
Dallas Fall International Open Jiu-Jitsu 2017,Master3/Male/Brown/Light,1,JasonCasillas,SoulFightersTexas
Dallas Fall International Open Jiu-Jitsu 2017,Master3/Male/Brown/Light,2,GilbertCharlesGarcia,CarlsonGracieTeam
Dallas Fall International Open Jiu-Jitsu 2017,Master3/Male/Brown/Enum_WeightDivision_OpenClass_Label,1,JasonCasillas,SoulFightersTexas
Dallas Fall International Open Jiu-Jitsu 2017,Master3/Male/Black/Middle,1,MauroLuisOliveiradeMoura,GracieHumaitaRJ
Dallas Fall International Open Jiu-Jitsu 2017,Master3/Male/Black/Middle,2,AngelPaulLopez,TinguinhaBJJacademy
Dallas Fall International Open Jiu-Jitsu 2017,Master3/Male/Black/Middle,3,FernandoLuizFZulick,ActionandReactionMixedMartialArts
Dallas Fall International Open Jiu-Jitsu 2017,Master3/Male/Black/Middle,3,JaimeGomezPardo,GracieBarra
Dallas Fall International Open Jiu-Jitsu 2017,Master3/Male/Black/Medium-Heavy,1,MatthewShawWaltmon,PeakPerformance
Dallas Fall International Open Jiu-Jitsu 2017,Master3/Male/Black/Medium-Heavy,2,JeremiahWarrenMatthews,GracieBarra
Dallas Fall International Open Jiu-Jitsu 2017,Master3/Male/Black/Ultra-Heavy,1,LuisFaustinodaCostaNeto,GracieHumaitaRJ
Dallas Fall International Open Jiu-Jitsu 2017,Master3/Male/Black/Enum_WeightDivision_OpenClass_Label,1,LuisFaustinodaCostaNeto,GracieHumaitaRJ
Dallas Fall International Open Jiu-Jitsu 2017,Master3/Male/Black/Enum_WeightDivision_OpenClass_Label,2,MatthewShawWaltmon,PeakPerformance
Dallas Fall International Open Jiu-Jitsu 2017,Master4/Male/Blue/Light,1,MichaelCavender,LaselvaMMA
Dallas Fall International Open Jiu-Jitsu 2017,Master4/Male/Blue/Light,2,JohnHowell,TravisLutterBrazilianJiu,Jitsu
Dallas Fall International Open Jiu-Jitsu 2017,Master4/Male/Blue/Light,3,PatrickKnapp,NeutralGroundsJiu,JitsuFriscoTX
Dallas Fall International Open Jiu-Jitsu 2017,Master4/Male/Blue/Middle,1,MarcoAraujo,GracieBarra
Dallas Fall International Open Jiu-Jitsu 2017,Master4/Male/Blue/Middle,2,AnhDuong,GracieGymTexas
Dallas Fall International Open Jiu-Jitsu 2017,Master4/Male/Blue/Super-Heavy,1,DustinShelhamer,LEADBJJ
Dallas Fall International Open Jiu-Jitsu 2017,Master4/Male/Blue/Super-Heavy,2,RobertSilvestri,CheckMat
Dallas Fall International Open Jiu-Jitsu 2017,Master4/Male/Blue/Super-Heavy,3,CurtisJames,CheckMat
Dallas Fall International Open Jiu-Jitsu 2017,Master4/Male/Blue/Ultra-Heavy,1,ClarenceAntonioSimmonsJr.,PeakPerformance
Dallas Fall International Open Jiu-Jitsu 2017,Master4/Male/Blue/Ultra-Heavy,2,MichaelFrancisConroy,GracieBarra
Dallas Fall International Open Jiu-Jitsu 2017,Master4/Male/Blue/Enum_WeightDivision_OpenClass_Label,1,DustinShelhamer,LEADBJJ
Dallas Fall International Open Jiu-Jitsu 2017,Master4/Male/Blue/Enum_WeightDivision_OpenClass_Label,2,MichaelCavender,LaselvaMMA
Dallas Fall International Open Jiu-Jitsu 2017,Master4/Male/Blue/Enum_WeightDivision_OpenClass_Label,3,ClarenceAntonioSimmonsJr.,PeakPerformance
Dallas Fall International Open Jiu-Jitsu 2017,Master4/Male/Blue/Enum_WeightDivision_OpenClass_Label,3,MichaelFrancisConroy,GracieBarra
Dallas Fall International Open Jiu-Jitsu 2017,Master4/Male/Purple/Light,1,TedAllenFisher,RedingMartialArts
Dallas Fall International Open Jiu-Jitsu 2017,Master4/Male/Purple/Light,2,DavidParsons,ShebaroJiuJitsu
Dallas Fall International Open Jiu-Jitsu 2017,Master4/Male/Purple/Heavy,1,JeffieJacksonHornJr.,AMBJJ,AlexMartinsBrazilianJiu,Jitsu
Dallas Fall International Open Jiu-Jitsu 2017,Master4/Male/Purple/Heavy,2,KevinDoke,AmericanTopTeam
Dallas Fall International Open Jiu-Jitsu 2017,Master4/Male/Purple/Heavy,3,TImChurch,BrazilianTopTeam
Dallas Fall International Open Jiu-Jitsu 2017,Master4/Male/Purple/Super-Heavy,1,BryanMatthewsSr,TeamLloydIrvin
Dallas Fall International Open Jiu-Jitsu 2017,Master4/Male/Purple/Enum_WeightDivision_OpenClass_Label,1,TImChurch,BrazilianTopTeam
Dallas Fall International Open Jiu-Jitsu 2017,Master4/Male/Purple/Enum_WeightDivision_OpenClass_Label,2,BryanMatthewsSr,TeamLloydIrvin
Dallas Fall International Open Jiu-Jitsu 2017,Master4/Male/Brown/Heavy,1,SeanStarn,GrapplingUnlimited
Dallas Fall International Open Jiu-Jitsu 2017,Master4/Male/Brown/Enum_WeightDivision_OpenClass_Label,1,SeanStarn,GrapplingUnlimited
Dallas Fall International Open Jiu-Jitsu 2017,Master4/Male/Black/Medium-Heavy,1,SinaHadad,IronsideMMA
Dallas Fall International Open Jiu-Jitsu 2017,Master4/Male/Black/Medium-Heavy,2,SaadAl,Aziz,Brazil021International
Dallas Fall International Open Jiu-Jitsu 2017,Master4/Male/Black/Medium-Heavy,3,GeraldS.Gonzalez,OctagonMMA
Dallas Fall International Open Jiu-Jitsu 2017,Master4/Male/Black/Ultra-Heavy,1,MarcioVieiraLaselva,LaselvaMMA
Dallas Fall International Open Jiu-Jitsu 2017,Master4/Male/Black/Enum_WeightDivision_OpenClass_Label,1,SaadAl,Aziz,Brazil021International
Dallas Fall International Open Jiu-Jitsu 2017,Master4/Male/Black/Enum_WeightDivision_OpenClass_Label,2,MarcioVieiraLaselva,LaselvaMMA
Dallas Fall International Open Jiu-Jitsu 2017,Master5/Male/Blue/Middle,1,JesseMFont,UFCGym
Dallas Fall International Open Jiu-Jitsu 2017,Master5/Male/Blue/Middle,2,FredOddo,GracieBarra
Dallas Fall International Open Jiu-Jitsu 2017,Master5/Male/Blue/Middle,3,ScottAlanColeman,McCune'sMartialArts
Dallas Fall International Open Jiu-Jitsu 2017,Master5/Male/Blue/Enum_WeightDivision_OpenClass_Label,1,JesseMFont,UFCGym
Dallas Fall International Open Jiu-Jitsu 2017,Master5/Male/Blue/Enum_WeightDivision_OpenClass_Label,2,ScottAlanColeman,McCune'sMartialArts
Dallas Fall International Open Jiu-Jitsu 2017,Master5/Male/Purple/Ultra-Heavy,1,DavidAkina,CheckMat
Dallas Fall International Open Jiu-Jitsu 2017,Master5/Male/Purple/Enum_WeightDivision_OpenClass_Label,1,DavidAkina,CheckMat
Dallas Fall International Open Jiu-Jitsu 2017,Master5/Male/Brown/Medium-Heavy,1,AnthonyPhillipCaravelli,Brasa/99
Dallas Fall International Open Jiu-Jitsu 2017,Master5/Male/Brown/Super-Heavy,1,MichaelJamesGottesman,RibeiroJiu,Jitsu
Dallas Fall International Open Jiu-Jitsu 2017,Master5/Male/Brown/Enum_WeightDivision_OpenClass_Label,1,AnthonyPhillipCaravelli,Brasa/99
Dallas Fall International Open Jiu-Jitsu 2017,Master5/Male/Brown/Enum_WeightDivision_OpenClass_Label,2,MichaelJamesGottesman,RibeiroJiu,Jitsu
Dallas Fall International Open Jiu-Jitsu 2017,Master5/Male/Black/Light,1,RicardoGuimarães,GracieHumaitaTemecula
Dallas Fall International Open Jiu-Jitsu 2017,Master5/Male/Black/Medium-Heavy,1,DavisWadeSmith,GracieBarra
Dallas Fall International Open Jiu-Jitsu 2017,Master5/Male/Black/Heavy,1,EvaldoCorreaLima,NeutralGrounds/GracieJiuJitsuLongBeach
Dallas Fall International Open Jiu-Jitsu 2017,Master5/Male/Black/Enum_WeightDivision_OpenClass_Label,1,EvaldoCorreaLima,NeutralGrounds/GracieJiuJitsuLongBeach
Dallas Fall International Open Jiu-Jitsu 2017,Master5/Male/Black/Enum_WeightDivision_OpenClass_Label,2,RicardoGuimarães,GracieHumaitaTemecula
Dallas Fall International Open Jiu-Jitsu 2017,Master5/Male/Black/Enum_WeightDivision_OpenClass_Label,3,DavisWadeSmith,GracieBarra
Dallas Fall International Open Jiu-Jitsu 2017,Master6/Male/Blue/Ultra-Heavy,1,DavidEugeneBrown,RenatoTavaresAssociation
Dallas Fall International Open Jiu-Jitsu 2017,Master6/Male/Blue/Ultra-Heavy,2,TimThompson,GracieBarra
Dallas Fall International Open Jiu-Jitsu 2017,Master6/Male/Blue/Enum_WeightDivision_OpenClass_Label,1,DavidEugeneBrown,RenatoTavaresAssociation
Dallas Fall International Open Jiu-Jitsu 2017,Master6/Male/Blue/Enum_WeightDivision_OpenClass_Label,2,TimThompson,GracieBarra
Dallas Fall International Open Jiu-Jitsu 2017,Juvenile/Male/White/Light,1,DiegoVasquez,LEADBJJ
Dallas Fall International Open Jiu-Jitsu 2017,Juvenile/Male/White/Light,2,JoseRuiz,RenatoTavaresAssociation
Dallas Fall International Open Jiu-Jitsu 2017,Juvenile/Male/White/Light,3,JoelAndresSolis,LEADBJJ
Dallas Fall International Open Jiu-Jitsu 2017,Juvenile/Male/Blue/Feather,1,JoseIgorMedeirosdeCastro,NovaUnião/NU
Dallas Fall International Open Jiu-Jitsu 2017,Juvenile/Male/Blue/Feather,2,NicholasFernandoMartinez,RodrigoPinheiroBJJ
Dallas Fall International Open Jiu-Jitsu 2017,Juvenile/Male/Blue/Light,1,RobertoSethKaelin,RobertoKaelinBrazilianJiu,Jitsu
Dallas Fall International Open Jiu-Jitsu 2017,Juvenile/Male/Blue/Light,2,StephenIraShnayderman,SoulFightersTexas
Dallas Fall International Open Jiu-Jitsu 2017,Juvenile/Male/Blue/Light,3,OntarioReginaldAlford,LEADBJJ
Dallas Fall International Open Jiu-Jitsu 2017,Juvenile/Male/Blue/Medium-Heavy,1,TrevorLeeCameron,BrazilAcademyUSA
Dallas Fall International Open Jiu-Jitsu 2017,Juvenile/Male/Blue/Medium-Heavy,2,ManuelElizondo,EdRamos
Dallas Fall International Open Jiu-Jitsu 2017,Juvenile/Male/Blue/Medium-Heavy,3,Edward(Eddy)DylanProiettiConti,ParagonBrazilianJiuJitsuAustin
Dallas Fall International Open Jiu-Jitsu 2017,Juvenile/Male/Blue/Enum_WeightDivision_OpenClass_Label,1,JoseIgorMedeirosdeCastro,NovaUnião/NU
Dallas Fall International Open Jiu-Jitsu 2017,Juvenile/Male/Blue/Enum_WeightDivision_OpenClass_Label,2,NicholasFernandoMartinez,RodrigoPinheiroBJJ
Dallas Fall International Open Jiu-Jitsu 2017,Juvenile/Male/Blue/Enum_WeightDivision_OpenClass_Label,1,Edward(Eddy)DylanProiettiConti,ParagonBrazilianJiuJitsuAustin
Dallas Fall International Open Jiu-Jitsu 2017,Juvenile/Female/Blue/Light,1,MadisonLucilleWolfe,SoulFightersTexas
Dallas Fall International Open Jiu-Jitsu 2017,Juvenile/Female/Blue/Light,2,JessicaMallelyCrane,LEADBJJ
Dallas Fall International Open Jiu-Jitsu 2017,Juvenile/Female/Blue/Enum_WeightDivision_OpenClass_Label,1,JessicaMallelyCrane,LEADBJJ
Dallas Fall International Open Jiu-Jitsu 2017,Juvenile/Female/Blue/Enum_WeightDivision_OpenClass_Label,2,MadisonLucilleWolfe,SoulFightersTexas
