Kids International IBJJF Jiu-Jitsu Championship 2017,Mighty-Mite1/Female/Grey/Light,1,DarcyDeniseConley,ArtofJiuJitsuAcademy
Kids International IBJJF Jiu-Jitsu Championship 2017,Mighty-Mite2/Male/Grey/Feather,1,SakaiVu,RodrigoFreitasBrazilianJiu,Jitsu
Kids International IBJJF Jiu-Jitsu Championship 2017,Mighty-Mite2/Male/Grey/Feather,2,EmmanuelDeLaFuente,RodrigoFreitasAcademy
Kids International IBJJF Jiu-Jitsu Championship 2017,Mighty-Mite2/Male/Grey/Feather,3,IsaacDavidCumes,RodrigoFreitasBrazilianJiu,Jitsu
Kids International IBJJF Jiu-Jitsu Championship 2017,Mighty-Mite2/Male/Grey/Light,1,StrattonSimmons,RodrigoFreitasAcademy
Kids International IBJJF Jiu-Jitsu Championship 2017,Mighty-Mite2/Male/Grey/Light,2,ArmandoLorenzoPerez,RodrigoFreitasBrazilianJiu,Jitsu
Kids International IBJJF Jiu-Jitsu Championship 2017,Mighty-Mite2/Male/Grey/Light,3,AadiShah,RodrigoFreitasBrazilianJiu,Jitsu
Kids International IBJJF Jiu-Jitsu Championship 2017,Mighty-Mite3/Male/Grey/Light,1,JoséFernandoLunaMedina,BrasaCTA
Kids International IBJJF Jiu-Jitsu Championship 2017,Mighty-Mite3/Male/Grey/Light,2,CharlesRobertWood,DelMarJiu,JitsuClub
Kids International IBJJF Jiu-Jitsu Championship 2017,Mighty-Mite3/Male/Grey/Light,3,DavidFranklinKinderIII,RodrigoFreitasBrazilianJiu,Jitsu
Kids International IBJJF Jiu-Jitsu Championship 2017,Mighty-Mite3/Male/Grey/Light,3,NathanLee,DelMarJiu,JitsuClub
Kids International IBJJF Jiu-Jitsu Championship 2017,Mighty-Mite3/Male/Grey/Middle,1,BenjaminWilliamFreitas,PeninsulaBJJ
Kids International IBJJF Jiu-Jitsu Championship 2017,Mighty-Mite3/Male/Grey/Middle,2,MatthewJoelQuijadaUribe,RodrigoFreitasBrazilianJiu,Jitsu
Kids International IBJJF Jiu-Jitsu Championship 2017,Mighty-Mite3/Male/Grey/Middle,3,AlexandreVegadeAlencar,RibeiroJiu,Jitsu
Kids International IBJJF Jiu-Jitsu Championship 2017,Mighty-Mite3/Male/Grey/Middle,3,EnzoCuriel,RodrigoFreitasBrazilianJiu,Jitsu
Kids International IBJJF Jiu-Jitsu Championship 2017,Mighty-Mite3/Female/Grey/Light,1,ZeyaElizabethNeipertBarbin,PresaBrazilianJiu,Jitsu
Kids International IBJJF Jiu-Jitsu Championship 2017,Mighty-Mite3/Female/Grey/Light,2,EstelleSungAhKim,ArtofJiuJitsuAcademy
Kids International IBJJF Jiu-Jitsu Championship 2017,Pee-Wee1/Male/Grey/Light-Feather,1,ChristianFeng,ArtofJiuJitsuAcademy
Kids International IBJJF Jiu-Jitsu Championship 2017,Pee-Wee1/Male/Grey/Feather,1,AngeloRohannFabianachu,GracieBarra
Kids International IBJJF Jiu-Jitsu Championship 2017,Pee-Wee1/Male/Grey/Feather,2,Willie,DWhite,FightSports
Kids International IBJJF Jiu-Jitsu Championship 2017,Pee-Wee1/Male/Grey/Feather,3,CodyB.Cook,ArtofJiuJitsuAcademy
Kids International IBJJF Jiu-Jitsu Championship 2017,Pee-Wee1/Male/Grey/Feather,3,DamianMaldonado,SoulFightersLasVegas
Kids International IBJJF Jiu-Jitsu Championship 2017,Pee-Wee1/Male/Grey/Light,1,ReeceAnthonyDixon,Alliance
Kids International IBJJF Jiu-Jitsu Championship 2017,Pee-Wee1/Male/Grey/Light,2,ValerianoElizondo,PresaBrazilianJiu,Jitsu
Kids International IBJJF Jiu-Jitsu Championship 2017,Pee-Wee1/Male/Grey/Light,3,AstonJohnGurneyGrime,deBeen100%Jiu,Jitsu
Kids International IBJJF Jiu-Jitsu Championship 2017,Pee-Wee1/Male/Grey/Light,3,LukeCarroll,GracieGymTexas
Kids International IBJJF Jiu-Jitsu Championship 2017,Pee-Wee1/Male/Grey/Middle,1,SashaEdkimNixon,GracieBarra
Kids International IBJJF Jiu-Jitsu Championship 2017,Pee-Wee1/Male/Grey/Middle,2,ChristopherErthalMiller,RodrigoFreitasBrazilianJiu,Jitsu
Kids International IBJJF Jiu-Jitsu Championship 2017,Pee-Wee1/Male/Grey/Heavy,1,LoganTyDuldulao,RodrigoFreitasBrazilianJiu,Jitsu
Kids International IBJJF Jiu-Jitsu Championship 2017,Pee-Wee1/Male/Grey/Heavy,2,TristanUlrichVoigt,RibeiroJiu,Jitsu
Kids International IBJJF Jiu-Jitsu Championship 2017,Pee-Wee1/Female/Grey/Feather,1,MichaelaRaquelCusi,Alliance
Kids International IBJJF Jiu-Jitsu Championship 2017,Pee-Wee1/Female/Grey/Feather,2,MaliaKollmeyer,Alliance
Kids International IBJJF Jiu-Jitsu Championship 2017,Pee-Wee1/Female/Grey/Feather,3,ChloeJeanMorris,ArtofJiuJitsuAcademy
Kids International IBJJF Jiu-Jitsu Championship 2017,Pee-Wee1/Female/Grey/Feather,3,GiannaPagone,RodrigoFreitasBrazilianJiu,Jitsu
Kids International IBJJF Jiu-Jitsu Championship 2017,Pee-Wee2/Male/Grey/Light-Feather,1,JuliusMarkVillamil,Alliance
Kids International IBJJF Jiu-Jitsu Championship 2017,Pee-Wee2/Male/Grey/Light-Feather,2,SamuelJimenez,NewBreedAcademy
Kids International IBJJF Jiu-Jitsu Championship 2017,Pee-Wee2/Male/Grey/Feather,1,DiegoLuisMaldonado,SoulFightersLasVegas
Kids International IBJJF Jiu-Jitsu Championship 2017,Pee-Wee2/Male/Grey/Feather,2,DominicJoshuaFoltz,ArtofJiuJitsuAcademy
Kids International IBJJF Jiu-Jitsu Championship 2017,Pee-Wee2/Male/Grey/Light,1,AidenNicanorAbelardo,GracieBarra
Kids International IBJJF Jiu-Jitsu Championship 2017,Pee-Wee2/Male/Grey/Light,2,AlexanderCesarN.Barbin,PresaBrazilianJiu,Jitsu
Kids International IBJJF Jiu-Jitsu Championship 2017,Pee-Wee2/Male/Grey/Light,3,NathanWalker,SoulFightersLasVegas
Kids International IBJJF Jiu-Jitsu Championship 2017,Pee-Wee2/Male/Grey/Light,3,NikeoTieliAcademia,AresBJJ
Kids International IBJJF Jiu-Jitsu Championship 2017,Pee-Wee2/Male/Grey/Middle,1,WilliamJohnBarden,TRUJITSU/Outliers
Kids International IBJJF Jiu-Jitsu Championship 2017,Pee-Wee2/Male/Grey/Middle,2,DavidArthurWood,DelMarJiu,JitsuClub
Kids International IBJJF Jiu-Jitsu Championship 2017,Pee-Wee2/Male/Grey/Middle,3,SeanKIM,MohlerJiu,Jitsu
Kids International IBJJF Jiu-Jitsu Championship 2017,Pee-Wee2/Male/Grey/Medium-Heavy,1,SamRaphaelMoralesRamos,GracieBarra
Kids International IBJJF Jiu-Jitsu Championship 2017,Pee-Wee2/Male/Yellow/Feather,1,DiegoGaelGarciaJaramillo,RobertoZapataTeam
Kids International IBJJF Jiu-Jitsu Championship 2017,Pee-Wee2/Female/Grey/Feather,1,JulianaMiller,RodrigoFreitasBrazilianJiu,Jitsu
Kids International IBJJF Jiu-Jitsu Championship 2017,Pee-Wee2/Female/Grey/Feather,2,EmilyRyuHallstrom,SoulFightersLasVegas
Kids International IBJJF Jiu-Jitsu Championship 2017,Pee-Wee2/Female/Grey/Middle,1,IsadoraFranchiniAssis,CheckMat
Kids International IBJJF Jiu-Jitsu Championship 2017,Pee-Wee2/Female/Grey/Middle,2,EmmaJaneZinser,DelMarJiu,JitsuClub
Kids International IBJJF Jiu-Jitsu Championship 2017,Pee-Wee2/Female/Grey/Middle,3,EmmaAnnStromsness,GracieBarra
Kids International IBJJF Jiu-Jitsu Championship 2017,Pee-Wee2/Female/Grey/Middle,3,LondonDNavarro,AtosJJUSA
Kids International IBJJF Jiu-Jitsu Championship 2017,Pee-Wee3/Male/Grey/Light-Feather,1,MaxTopete,CheckMat
Kids International IBJJF Jiu-Jitsu Championship 2017,Pee-Wee3/Male/Grey/Light-Feather,2,GavinEcleonel,Alliance
Kids International IBJJF Jiu-Jitsu Championship 2017,Pee-Wee3/Male/Grey/Light-Feather,3,EthanSeongJongKook,GracieBarra
Kids International IBJJF Jiu-Jitsu Championship 2017,Pee-Wee3/Male/Grey/Feather,1,MickMoylan,GracieBarra
Kids International IBJJF Jiu-Jitsu Championship 2017,Pee-Wee3/Male/Grey/Feather,2,EliXavierEngleson,ParagonBJJAcademy
Kids International IBJJF Jiu-Jitsu Championship 2017,Pee-Wee3/Male/Grey/Feather,3,FrankAlecZambadaLara,AtosJiu,Jitsu
Kids International IBJJF Jiu-Jitsu Championship 2017,Pee-Wee3/Male/Grey/Light,1,CalvinRodecker,RodrigoFreitasBrazilianJiu,Jitsu
Kids International IBJJF Jiu-Jitsu Championship 2017,Pee-Wee3/Male/Grey/Light,2,BradyPazzia,RodrigoFreitasBrazilianJiu,Jitsu
Kids International IBJJF Jiu-Jitsu Championship 2017,Pee-Wee3/Male/Grey/Light,3,JackWilliams,SoulFightersLasVegas
Kids International IBJJF Jiu-Jitsu Championship 2017,Pee-Wee3/Male/Grey/Middle,1,LucquesDavidSorenson,OneJiu,JitsuUSA
Kids International IBJJF Jiu-Jitsu Championship 2017,Pee-Wee3/Male/Grey/Middle,2,DjedefreMarcusFranklin,ArtofJiuJitsuAcademy
Kids International IBJJF Jiu-Jitsu Championship 2017,Pee-Wee3/Male/Grey/Middle,3,ChristiandelaFuente,RodrigoFreitasBrazilianJiu,Jitsu
Kids International IBJJF Jiu-Jitsu Championship 2017,Pee-Wee3/Male/Grey/Medium-Heavy,1,AlexValentinoMartinez,PeninsulaBJJ
Kids International IBJJF Jiu-Jitsu Championship 2017,Pee-Wee3/Male/Grey/Medium-Heavy,2,RaulGaelArauzHipolito,GracieBarra
Kids International IBJJF Jiu-Jitsu Championship 2017,Pee-Wee3/Male/Grey/Medium-Heavy,3,JonnathanQuijada,RodrigoFreitasBrazilianJiu,Jitsu
Kids International IBJJF Jiu-Jitsu Championship 2017,Pee-Wee3/Male/Yellow/Feather,1,EsaúAraujodeOliveira,GracieBarra
Kids International IBJJF Jiu-Jitsu Championship 2017,Pee-Wee3/Male/Yellow/Feather,2,BrodyJamesLiening,CarlsonGracieHenderson
Kids International IBJJF Jiu-Jitsu Championship 2017,Pee-Wee3/Male/Yellow/Feather,3,JacobMichaelCusi,Alliance
Kids International IBJJF Jiu-Jitsu Championship 2017,Pee-Wee3/Male/Yellow/Middle,1,Ames,MichaelElijahHoevker,TRUJITSU/Outliers
Kids International IBJJF Jiu-Jitsu Championship 2017,Pee-Wee3/Male/Yellow/Middle,2,MasonS.Savidan,CheckMat
Kids International IBJJF Jiu-Jitsu Championship 2017,Pee-Wee3/Male/Yellow/Heavy,1,KauandaSilvaGallinaro,GracieBarra
Kids International IBJJF Jiu-Jitsu Championship 2017,Pee-Wee3/Female/Grey/Feather,1,OliviaSakuraCiampa,CascaoJiu,Jitsu
Kids International IBJJF Jiu-Jitsu Championship 2017,Pee-Wee3/Female/Grey/Feather,2,WillowWhite,FightSports
Kids International IBJJF Jiu-Jitsu Championship 2017,Pee-Wee3/Female/Grey/Feather,3,CharlotteBrookeCox,GracieBarra
Kids International IBJJF Jiu-Jitsu Championship 2017,Pee-Wee3/Female/Grey/Feather,3,ValentinaLunaMedina,BrasaPoland
Kids International IBJJF Jiu-Jitsu Championship 2017,Pee-Wee3/Female/Grey/Middle,1,ValeriaLunaMedina,BrasaPoland
Kids International IBJJF Jiu-Jitsu Championship 2017,Pee-Wee3/Female/Grey/Heavy,1,VictoriaPinon,PresaBrazilianJiu,Jitsu
Kids International IBJJF Jiu-Jitsu Championship 2017,Pee-Wee3/Female/Grey/Heavy,2,ChelseaLisbethGarcia,CheckMat
Kids International IBJJF Jiu-Jitsu Championship 2017,Pee-Wee3/Female/Grey/Super-Heavy,1,LucianaVegadeAlencar,RibeiroJiu,Jitsu
Kids International IBJJF Jiu-Jitsu Championship 2017,Pee-Wee3/Female/Yellow/Middle,1,VanessaIlysePirrello,CheckMat
Kids International IBJJF Jiu-Jitsu Championship 2017,Pee-Wee3/Female/Yellow/Middle,2,ValentinaSotoKuzmanic,MauricioUlloaBJJ
Kids International IBJJF Jiu-Jitsu Championship 2017,Junior1/Male/Grey/Light-Feather,1,KennethJayVargas,TRUJITSU/Outliers
Kids International IBJJF Jiu-Jitsu Championship 2017,Junior1/Male/Grey/Light-Feather,2,MicahKollmeyer,Alliance
Kids International IBJJF Jiu-Jitsu Championship 2017,Junior1/Male/Grey/Light-Feather,3,AugustineLucianGarcia,PresaBrazilianJiu,Jitsu
Kids International IBJJF Jiu-Jitsu Championship 2017,Junior1/Male/Grey/Light-Feather,3,RandyLeeWilliams,OhanaJiu,JitsuAcademy
Kids International IBJJF Jiu-Jitsu Championship 2017,Junior1/Male/Grey/Feather,1,BryceReiAlcarazCampollo,GracieBarra
Kids International IBJJF Jiu-Jitsu Championship 2017,Junior1/Male/Grey/Feather,2,JeanCarloSanchez,GracieHumaitaSouthBay
Kids International IBJJF Jiu-Jitsu Championship 2017,Junior1/Male/Grey/Feather,3,CaidenAndrewReyes,Alliance
Kids International IBJJF Jiu-Jitsu Championship 2017,Junior1/Male/Grey/Light,1,DamianTemple,GracieBarra
Kids International IBJJF Jiu-Jitsu Championship 2017,Junior1/Male/Grey/Light,2,R.LawsonP.Fry,AtosJJRioClaro
Kids International IBJJF Jiu-Jitsu Championship 2017,Junior1/Male/Grey/Light,3,JohnWooden,FightSports
Kids International IBJJF Jiu-Jitsu Championship 2017,Junior1/Male/Grey/Light,3,MaximilianoOrtiz,PresaBrazilianJiu,Jitsu
Kids International IBJJF Jiu-Jitsu Championship 2017,Junior1/Male/Grey/Middle,1,ParkerStarbuckAtkins,ArtofJiuJitsuAcademy
Kids International IBJJF Jiu-Jitsu Championship 2017,Junior1/Male/Grey/Middle,2,WillieWhite,FightSports
Kids International IBJJF Jiu-Jitsu Championship 2017,Junior1/Male/Grey/Middle,3,SamuelPinto,AtosJiu,Jitsu
Kids International IBJJF Jiu-Jitsu Championship 2017,Junior1/Male/Grey/Middle,3,TheodeBona,RocianGracieJr.
Kids International IBJJF Jiu-Jitsu Championship 2017,Junior1/Male/Grey/Heavy,1,JoaoLucasCaiadoGuerra,YamasakiAcademy
Kids International IBJJF Jiu-Jitsu Championship 2017,Junior1/Male/Grey/Heavy,2,EricHodge,FightSports
Kids International IBJJF Jiu-Jitsu Championship 2017,Junior1/Male/Grey/Heavy,3,ReginaldCrockett,SoulFightersLasVegas
Kids International IBJJF Jiu-Jitsu Championship 2017,Junior1/Male/Grey/Heavy,3,TristinWebb,TeamRivasBrazilianJiu,Jitsu
Kids International IBJJF Jiu-Jitsu Championship 2017,Junior1/Male/Yellow/Light-Feather,1,EdwardRyanLibunao,CheckMat
Kids International IBJJF Jiu-Jitsu Championship 2017,Junior1/Male/Yellow/Light-Feather,2,JosephColtonVelaV,GracieBarra
Kids International IBJJF Jiu-Jitsu Championship 2017,Junior1/Male/Yellow/Feather,1,KanoaBrown,AmazonasRiceBrosBJJ
Kids International IBJJF Jiu-Jitsu Championship 2017,Junior1/Male/Yellow/Feather,2,KawaiolaMagno,UFCGymBJPennHawaii
Kids International IBJJF Jiu-Jitsu Championship 2017,Junior1/Male/Yellow/Feather,3,JaredPerez,CheckMat
Kids International IBJJF Jiu-Jitsu Championship 2017,Junior1/Male/Yellow/Feather,3,NolanHimelfarb,GracieBarra
Kids International IBJJF Jiu-Jitsu Championship 2017,Junior1/Male/Yellow/Light,1,KimballEdwardNixon,GracieBarra
Kids International IBJJF Jiu-Jitsu Championship 2017,Junior1/Male/Yellow/Light,2,MarcoRussell,RibeiroJiu,Jitsu
Kids International IBJJF Jiu-Jitsu Championship 2017,Junior1/Male/Yellow/Light,3,KalabeArsenault,MXTFightAcademy,Canada
Kids International IBJJF Jiu-Jitsu Championship 2017,Junior1/Female/Grey/Light,1,Jae,AnThiDuldulao,RodrigoFreitasBrazilianJiu,Jitsu
Kids International IBJJF Jiu-Jitsu Championship 2017,Junior1/Female/Grey/Light,2,KaileeOu,CarlsonGracieHenderson
Kids International IBJJF Jiu-Jitsu Championship 2017,Junior1/Female/Yellow/Feather,1,LaylahMaeWatkins,SamuelPuccioBJJ
Kids International IBJJF Jiu-Jitsu Championship 2017,Junior1/Female/Yellow/Feather,2,HadiyaGalvante,AtosJiu,Jitsu
Kids International IBJJF Jiu-Jitsu Championship 2017,Junior2/Male/Grey/Light-Feather,1,JacobCastillo,CheckMat
Kids International IBJJF Jiu-Jitsu Championship 2017,Junior2/Male/Grey/Light-Feather,2,MichaelFManzano,GracieHumaitaTemecula
Kids International IBJJF Jiu-Jitsu Championship 2017,Junior2/Male/Grey/Feather,1,CassiusDaneCox,GracieBarra
Kids International IBJJF Jiu-Jitsu Championship 2017,Junior2/Male/Grey/Feather,2,DerekConcepcionVargas,Alliance
Kids International IBJJF Jiu-Jitsu Championship 2017,Junior2/Male/Grey/Feather,3,ZacharyBrianEgan,ArtofJiuJitsuAcademy
Kids International IBJJF Jiu-Jitsu Championship 2017,Junior2/Male/Grey/Middle,1,LiamZeh,NotoriousMixedMartialArts
Kids International IBJJF Jiu-Jitsu Championship 2017,Junior2/Male/Grey/Middle,2,KhafreMarcusFranklin,ArtofJiuJitsuAcademy
Kids International IBJJF Jiu-Jitsu Championship 2017,Junior2/Male/Grey/Middle,3,AlastarStuartMcrae,RodrigoFreitasBrazilianJiu,Jitsu
Kids International IBJJF Jiu-Jitsu Championship 2017,Junior2/Male/Grey/Middle,3,EvanArsenault,MXTFightAcademy,Canada
Kids International IBJJF Jiu-Jitsu Championship 2017,Junior2/Male/Grey/Medium-Heavy,1,AngeloViggianelli,GracieBarra
Kids International IBJJF Jiu-Jitsu Championship 2017,Junior2/Male/Grey/Medium-Heavy,2,WyattStarbuckAtkins,ArtofJiuJitsuAcademy
Kids International IBJJF Jiu-Jitsu Championship 2017,Junior2/Male/Grey/Medium-Heavy,3,CraigCFergusonIII,RibeiroJiu,Jitsu
Kids International IBJJF Jiu-Jitsu Championship 2017,Junior2/Male/Grey/Medium-Heavy,3,FelixSvenFuchs,RodrigoFreitasBrazilianJiu,Jitsu
Kids International IBJJF Jiu-Jitsu Championship 2017,Junior2/Male/Yellow/Light-Feather,1,JordanMontesa,SoulFightersLasVegas
Kids International IBJJF Jiu-Jitsu Championship 2017,Junior2/Male/Yellow/Light-Feather,2,AnthonyManno,ArtofJiuJitsuAcademy
Kids International IBJJF Jiu-Jitsu Championship 2017,Junior2/Male/Yellow/Light-Feather,3,JorgeAntonioMacíasArista,RenzoGracieMexico
Kids International IBJJF Jiu-Jitsu Championship 2017,Junior2/Male/Yellow/Light-Feather,3,RylanJordanMadrid,RalphGracieChinoHills
Kids International IBJJF Jiu-Jitsu Championship 2017,Junior2/Male/Yellow/Feather,1,BenjaminRyanCraft,AtosJerusalem
Kids International IBJJF Jiu-Jitsu Championship 2017,Junior2/Male/Yellow/Feather,2,GustavoLopez,RodrigoFreitasBrazilianJiu,Jitsu
Kids International IBJJF Jiu-Jitsu Championship 2017,Junior2/Male/Yellow/Ultra-Heavy,1,EugenioFrancoSandoval,ArtofJiuJitsuAcademy
Kids International IBJJF Jiu-Jitsu Championship 2017,Junior2/Female/Grey/Light,1,XiomaraGallego,AtosJiu,Jitsu
Kids International IBJJF Jiu-Jitsu Championship 2017,Junior2/Female/Grey/Light,2,MaliaLynnMangaser,CheckMat
Kids International IBJJF Jiu-Jitsu Championship 2017,Junior2/Female/Grey/Ultra-Heavy,1,AlexandriaMariePerez,AtosJJUSA
Kids International IBJJF Jiu-Jitsu Championship 2017,Junior2/Female/Grey/Ultra-Heavy,2,SarethHernandez,CascaoJiu,Jitsu
Kids International IBJJF Jiu-Jitsu Championship 2017,Junior2/Female/Yellow/Light-Feather,1,LillianJaneMarchand,AtosJJInternational
Kids International IBJJF Jiu-Jitsu Championship 2017,Junior2/Female/Yellow/Light-Feather,2,AshleeFunegra,ArtofJiuJitsuAcademy
Kids International IBJJF Jiu-Jitsu Championship 2017,Junior2/Female/Yellow/Ultra-Heavy,1,MalibuIsabellaRocco,RodrigoFreitasBrazilianJiu,Jitsu
Kids International IBJJF Jiu-Jitsu Championship 2017,Junior2/Female/Yellow/Ultra-Heavy,2,AaliyahShaineAcademia,AresBJJ
Kids International IBJJF Jiu-Jitsu Championship 2017,Junior3/Male/Grey/Light,1,ThomasGarrettJablonski,CheckMat
Kids International IBJJF Jiu-Jitsu Championship 2017,Junior3/Male/Grey/Light,2,KendrickHodge,FightSports
Kids International IBJJF Jiu-Jitsu Championship 2017,Junior3/Male/Grey/Medium-Heavy,1,JacksonSebastianBice,RodrigoFreitasBrazilianJiu,Jitsu
Kids International IBJJF Jiu-Jitsu Championship 2017,Junior3/Male/Grey/Medium-Heavy,2,StefenAnthonyMarlowe,FabinRosaBrazilianJiu,Jitsu
Kids International IBJJF Jiu-Jitsu Championship 2017,Junior3/Male/Yellow/Feather,1,DominicJ.Manno,ArtofJiuJitsuAcademy
Kids International IBJJF Jiu-Jitsu Championship 2017,Junior3/Male/Yellow/Feather,2,MalikhiBenjaminEspiritu,CarlsonGracieTeam
Kids International IBJJF Jiu-Jitsu Championship 2017,Junior3/Male/Orange/Light,1,RafaelHipólitodeOliveiraJunior,GracieBarra
Kids International IBJJF Jiu-Jitsu Championship 2017,Junior3/Male/Orange/Light,2,ColinMarcusYun,RodrigoFreitasBrazilianJiu,Jitsu
Kids International IBJJF Jiu-Jitsu Championship 2017,Junior3/Male/Orange/Light,3,DanielR.Deeder,HonorRollBJJ
Kids International IBJJF Jiu-Jitsu Championship 2017,Junior3/Female/Grey/Feather,1,DestinySuzetteMoreno,Torres,CleberJiuJitsu
Kids International IBJJF Jiu-Jitsu Championship 2017,Junior3/Female/Grey/Middle,1,LunaSugawaraOgawa,GracieBarra
Kids International IBJJF Jiu-Jitsu Championship 2017,Junior3/Female/Grey/Middle,2,DestinyMadison,FightSports
Kids International IBJJF Jiu-Jitsu Championship 2017,Junior3/Female/Grey/Middle,3,SuzanneTaylorWoodall,TheBaseTrainingCenter
Kids International IBJJF Jiu-Jitsu Championship 2017,Junior3/Female/Yellow/Middle,1,CarolinaVieiradoCarmoMassot,Alliance
Kids International IBJJF Jiu-Jitsu Championship 2017,Junior3/Female/Yellow/Middle,2,HaydenJ.Fry,AtosJJRioClaro
Kids International IBJJF Jiu-Jitsu Championship 2017,Junior3/Female/Orange/Medium-Heavy,1,SatiraLuvcentSohal,CheckMat
Kids International IBJJF Jiu-Jitsu Championship 2017,Junior3/Female/Orange/Medium-Heavy,2,KennedyLynnJimenez,RodrigoFreitasBrazilianJiu,Jitsu
Kids International IBJJF Jiu-Jitsu Championship 2017,Junior3/Female/Orange/Ultra-Heavy,1,AnaCarolinaFerrazTeixeira,CheckMat
Kids International IBJJF Jiu-Jitsu Championship 2017,Teen1/Male/Grey/Light-Feather,1,DeclanMichaelKorda,Alliance
Kids International IBJJF Jiu-Jitsu Championship 2017,Teen1/Male/Grey/Ultra-Heavy,1,PabloJonathanBice,RodrigoFreitasBrazilianJiu,Jitsu
Kids International IBJJF Jiu-Jitsu Championship 2017,Teen1/Male/Yellow/Feather,1,EthanQureshi,GracieBarra
Kids International IBJJF Jiu-Jitsu Championship 2017,Teen1/Male/Yellow/Feather,2,SamuelWilliamWinters,CheckMat
Kids International IBJJF Jiu-Jitsu Championship 2017,Teen1/Male/Yellow/Feather,3,GiancarloPoledrelli,RibeiroJiu,Jitsu
Kids International IBJJF Jiu-Jitsu Championship 2017,Teen1/Male/Yellow/Feather,3,MatteoRussell,RibeiroJiu,Jitsu
Kids International IBJJF Jiu-Jitsu Championship 2017,Teen1/Male/Yellow/Middle,1,D'angeloJ.P.Silva,GracieHumaitaSouthBay
Kids International IBJJF Jiu-Jitsu Championship 2017,Teen1/Male/Yellow/Middle,2,AresJoshuaSchofield,CheckMat
Kids International IBJJF Jiu-Jitsu Championship 2017,Teen1/Male/Yellow/Middle,3,AnthonyPerez,AtosJiu,Jitsu
Kids International IBJJF Jiu-Jitsu Championship 2017,Teen1/Male/Yellow/Middle,3,RobertoCarlosGarciaIII,CheckMat
Kids International IBJJF Jiu-Jitsu Championship 2017,Teen1/Male/Yellow/Medium-Heavy,1,JoseAntonioGarcia,CheckMat
Kids International IBJJF Jiu-Jitsu Championship 2017,Teen1/Male/Yellow/Medium-Heavy,2,DesmondParkerConley,ArtofJiuJitsuAcademy
Kids International IBJJF Jiu-Jitsu Championship 2017,Teen1/Male/Yellow/Heavy,1,NathanLamNichols,ArtofJiuJitsuAcademy
Kids International IBJJF Jiu-Jitsu Championship 2017,Teen1/Male/Yellow/Heavy,2,DavidSebastianLopezDiaz,RodrigoFreitasBrazilianJiu,Jitsu
Kids International IBJJF Jiu-Jitsu Championship 2017,Teen1/Male/Yellow/Ultra-Heavy,1,ErikWilliamHofer,AtosJJUSA
Kids International IBJJF Jiu-Jitsu Championship 2017,Teen1/Male/Yellow/Ultra-Heavy,2,AntonioVincentFalotico,FabinRosaBrazilianJiu,Jitsu
Kids International IBJJF Jiu-Jitsu Championship 2017,Teen1/Male/Yellow/Ultra-Heavy,3,GabrielDemman,CleberJiuJitsu
Kids International IBJJF Jiu-Jitsu Championship 2017,Teen1/Male/Yellow/Ultra-Heavy,3,JaydenAvila,Alliance
Kids International IBJJF Jiu-Jitsu Championship 2017,Teen1/Male/Orange/Light-Feather,1,ColeAnthonyAbate,RodrigoPinheiroBJJ
Kids International IBJJF Jiu-Jitsu Championship 2017,Teen1/Male/Orange/Middle,1,AlbertoJesusElizondo,PabloSilvaBJJ,ZRTeam
Kids International IBJJF Jiu-Jitsu Championship 2017,Teen1/Male/Orange/Middle,2,OdinJohnKenworthy,AkxeBJJUSA
Kids International IBJJF Jiu-Jitsu Championship 2017,Teen1/Female/Grey/Light,1,AllieAnders,GracieBarra
Kids International IBJJF Jiu-Jitsu Championship 2017,Teen1/Female/Grey/Light,2,JenniferPearson,CaveirinhaJiu,JitsuFamilyUSA
Kids International IBJJF Jiu-Jitsu Championship 2017,Teen1/Female/Grey/Middle,1,ShyeLilly,SoulFightersLasVegas
Kids International IBJJF Jiu-Jitsu Championship 2017,Teen1/Female/Grey/Middle,2,EsmeraldaJVasquez,PeninsulaBJJ
Kids International IBJJF Jiu-Jitsu Championship 2017,Teen2/Male/Yellow/Medium-Heavy,1,CaioFernandesSpinulaSimões,GFTeamRecreio
Kids International IBJJF Jiu-Jitsu Championship 2017,Teen2/Male/Yellow/Medium-Heavy,2,EthanGrantBoston,CharlesGracieAcademy
Kids International IBJJF Jiu-Jitsu Championship 2017,Teen2/Male/Orange/Light,1,GageHill,UniversityofGroundFighting
Kids International IBJJF Jiu-Jitsu Championship 2017,Teen2/Male/Orange/Ultra-Heavy,1,MicaelFerreiraGalvâo,Alliance
Kids International IBJJF Jiu-Jitsu Championship 2017,Teen2/Male/Orange/Ultra-Heavy,2,EthanAaronBabiarz,LuizPalharesJiuJitsu
Kids International IBJJF Jiu-Jitsu Championship 2017,Teen2/Male/Orange/Ultra-Heavy,3,SamuelMoisesDeLosSantos,BrazilianTopTeam,ATX
Kids International IBJJF Jiu-Jitsu Championship 2017,Teen2/Female/Yellow/Medium-Heavy,1,TeyahHartGutierrez,UFCGym
Kids International IBJJF Jiu-Jitsu Championship 2017,Teen2/Female/Yellow/Medium-Heavy,2,CaylynnKirstenPunzalan,Decastro,SoulFightersLasVegas
Kids International IBJJF Jiu-Jitsu Championship 2017,Teen2/Female/Orange/Middle,1,HeloysaFernandaAraujoOliveira,GracieBarra
Kids International IBJJF Jiu-Jitsu Championship 2017,Teen2/Female/Orange/Middle,2,StevieSummerKnapp,Alliance
Kids International IBJJF Jiu-Jitsu Championship 2017,Teen2/Female/Orange/Middle,3,KeannaCarolynKlay,GracieBarra
Kids International IBJJF Jiu-Jitsu Championship 2017,Teen3/Male/Grey/Ultra-Heavy,1,BenjaminMichaelKing,CheckMat
Kids International IBJJF Jiu-Jitsu Championship 2017,Teen3/Male/Grey/Ultra-Heavy,2,SantiagoJavierGonzalez,GracieBarra
Kids International IBJJF Jiu-Jitsu Championship 2017,Teen3/Male/Yellow/Ultra-Heavy,1,VincentGianiS.Lang,VilanovaBrazilianJiu,Jitsu
Kids International IBJJF Jiu-Jitsu Championship 2017,Teen3/Male/Yellow/Ultra-Heavy,2,IanChristianThomas,BonsaiJJ,USA
Kids International IBJJF Jiu-Jitsu Championship 2017,Teen3/Male/Orange/Heavy,1,IsaacThomson,GracieBarra
Kids International IBJJF Jiu-Jitsu Championship 2017,Teen3/Female/Orange/Medium-Heavy,1,AlanahM.SaldanaJuezan,GracieBarra
Kids International IBJJF Jiu-Jitsu Championship 2017,Teen3/Female/Orange/Medium-Heavy,2,FrancescaPolidrelli,RibeiroJiu,Jitsu
