Rio BJJ Pro,Adult/Male/White/Light-Feather,1,GabrielVarellaB.FonsecaAlmeida,GracieBarra
Rio BJJ Pro,Adult/Male/White/Light-Feather,2,MuriloMarquesFigueiredo,NovaUnião
Rio BJJ Pro,Adult/Male/White/Light-Feather,3,WallaceAparecidoXavierDosSantos,GracieBarra
Rio BJJ Pro,Adult/Male/White/Light-Feather,3,WallacedeCarvalhoLopes,BrazilianTopTeam
Rio BJJ Pro,Adult/Male/White/Feather,1,MarlonCardosoBraga,GameFightBJJ/Manimal
Rio BJJ Pro,Adult/Male/White/Light,1,LucasEmanueldaSilva,GracieBarra
Rio BJJ Pro,Adult/Male/White/Light,2,BrunoMonteirodeOliveiraAlves,GracieBarra
Rio BJJ Pro,Adult/Male/White/Light,3,EdielsonAugustoCaetanoNogueira,NovaUnião
Rio BJJ Pro,Adult/Male/White/Medium-Heavy,1,RaphaeldaSilvaReis,RibeiroJiu,Jitsu
Rio BJJ Pro,Adult/Male/White/Ultra-Heavy,1,WallaceCostadaSilveira,GFTeam
Rio BJJ Pro,Adult/Male/White/Ultra-Heavy,2,LeandroCaetanoDeSiqueira,GFTeam
Rio BJJ Pro,Adult/Male/White/Ultra-Heavy,3,ElsonMarcelinodaSilvaJr,GracieBarra
Rio BJJ Pro,Adult/Female/White/Medium-Heavy,1,DanielaAlziradaSilvaArouca,CentrodeTreinamentoMaringá
Rio BJJ Pro,Adult/Female/White/Medium-Heavy,2,MichelleCristinaDeAguiarLopes,GFTeam
Rio BJJ Pro,Adult/Male/Blue/Rooster,1,WandersonBezerraSantana,WeltonRibeiro
Rio BJJ Pro,Adult/Male/Blue/Rooster,2,IagoOliveiraFernandes,RLTeam
Rio BJJ Pro,Adult/Male/Blue/Light-Feather,1,JonataGomesRamos,CheckMat
Rio BJJ Pro,Adult/Male/Blue/Light-Feather,2,BrunoCamposXavier,GracieBarra
Rio BJJ Pro,Adult/Male/Blue/Light-Feather,3,ArmandoFelipedeAraujoRibeiro,GracieBarra
Rio BJJ Pro,Adult/Male/Blue/Light-Feather,3,FanuelMachadodaSilva,JuniorSantosJungle
Rio BJJ Pro,Adult/Male/Blue/Feather,1,LuizFernandoFigueiraVieira,TopBrother
Rio BJJ Pro,Adult/Male/Blue/Feather,2,JoãoVictorPinheiroMachadoSouza,GordoJiu,Jitsu
Rio BJJ Pro,Adult/Male/Blue/Feather,3,ErmilioLucasFerreiraLima,Alliance
Rio BJJ Pro,Adult/Male/Blue/Feather,3,RodrigoItaborahyLott,GracieBarra
Rio BJJ Pro,Adult/Male/Blue/Light,1,NatanChuengFreitas,CheckMat
Rio BJJ Pro,Adult/Male/Blue/Light,2,RaphaelDillondaGamaCansanção,CheckMat
Rio BJJ Pro,Adult/Male/Blue/Light,3,LucaPaesLemesCândido,GracieBarra
Rio BJJ Pro,Adult/Male/Blue/Light,3,ThiagoFerreiraAlvesGontijo,GracieBarra
Rio BJJ Pro,Adult/Male/Blue/Middle,1,PedroHenriqueSeguraVeras,PSLPBCiceroCostha
Rio BJJ Pro,Adult/Male/Blue/Middle,2,RonaldoPereiradeSouzaJúnior,AcademiaPitbull
Rio BJJ Pro,Adult/Male/Blue/Middle,3,GuilhermedeMoraisBorges,RibeiroJiu,JitsuBrasil
Rio BJJ Pro,Adult/Male/Blue/Middle,3,JonathandeSouzaCoelho,GFTeam
Rio BJJ Pro,Adult/Male/Blue/Medium-Heavy,1,FellipeTrindadeLiermannPessoa,GFTeam
Rio BJJ Pro,Adult/Male/Blue/Medium-Heavy,2,ThiagoVicentedeOliveira,Brazil021SchoolofJiu,JitsuBR
Rio BJJ Pro,Adult/Male/Blue/Medium-Heavy,3,GabrieldaSilvaSilveira,NovaUnião
Rio BJJ Pro,Adult/Male/Blue/Medium-Heavy,3,IgorLins,GFTeam
Rio BJJ Pro,Adult/Male/Blue/Heavy,1,LuizGomesWallaceDuncanNeto,CarlsonGracieClube
Rio BJJ Pro,Adult/Male/Blue/Heavy,2,JulianoDiPelliMachado,CentrodeTreinamentoMaringá
Rio BJJ Pro,Adult/Male/Blue/Heavy,3,DanielWilliamson,GoldTeamFighters
Rio BJJ Pro,Adult/Male/Blue/Super-Heavy,1,MarcoAurélioFerreira,CentrodeTreinamentoMaringá
Rio BJJ Pro,Adult/Male/Blue/Super-Heavy,2,DiegoAlexandrePereira,SoulFightersBJJ
Rio BJJ Pro,Adult/Male/Blue/Super-Heavy,3,DiegoGenerosodaSilva,NovaUnião
Rio BJJ Pro,Adult/Male/Blue/Super-Heavy,3,RafaeldeSouzaFurtado,TopBrother
Rio BJJ Pro,Adult/Male/Blue/Ultra-Heavy,1,ArthurGomesMaranMangabeira,PSLPBCiceroCostha
Rio BJJ Pro,Adult/Male/Blue/Ultra-Heavy,2,UbirajaraJurevesEsteves,CheckMat
Rio BJJ Pro,Adult/Male/Blue/Ultra-Heavy,3,AndreAlbertodosSantos,GracieBarra
Rio BJJ Pro,Adult/Female/Blue/Light-Feather,1,JessicaCarolineCoelhoDantas,GracieHumaita
Rio BJJ Pro,Adult/Female/Blue/Light-Feather,2,FabyolladePaulaPinheiro,Alliance
Rio BJJ Pro,Adult/Female/Blue/Feather,1,MayraGabrielleNegreirosAbrahão,GFTeam
Rio BJJ Pro,Adult/Female/Blue/Feather,2,MonaliceMariaSilvadosSantos,GFTeam
Rio BJJ Pro,Adult/Female/Blue/Feather,3,RailanaFurtadodosSantos,GracieHumaita
Rio BJJ Pro,Adult/Female/Blue/Light,1,AmandaMonteiroNogueira,GFTeam
Rio BJJ Pro,Adult/Female/Blue/Light,2,NathalieWanSoaresVerasRibeiro,EquipeBehring
Rio BJJ Pro,Adult/Female/Blue/Light,3,RaquelSilvadosSantos,GameFightBJJ/Manimal
Rio BJJ Pro,Adult/Female/Blue/Light,3,RutineiaMattosPereira,NovaUnião
Rio BJJ Pro,Adult/Female/Blue/Middle,1,JuliaBoscherSeixasPinto,SoulFightersBJJ
Rio BJJ Pro,Adult/Female/Blue/Middle,2,MichelleSantanaNovaesdeAssis,SoulFightersBJJ
Rio BJJ Pro,Adult/Female/Blue/Middle,3,AnaCarolineDeOliveira,GameFightBJJ/Manimal
Rio BJJ Pro,Adult/Female/Blue/Medium-Heavy,1,PatríciaRamosCaiadodosSantos,SoulFightersBJJ
Rio BJJ Pro,Adult/Female/Blue/Medium-Heavy,2,CéliaReginaHonoratodeOliveira,GFTeam
Rio BJJ Pro,Adult/Female/Blue/OpenClass,1,JuliaBoscherSeixasPinto,SoulFightersBJJ
Rio BJJ Pro,Adult/Female/Blue/OpenClass,2,MayraGabrielleNegreirosAbrahão,GFTeam
Rio BJJ Pro,Adult/Female/Blue/OpenClass,3,PatríciaRamosCaiadodosSantos,SoulFightersBJJ
Rio BJJ Pro,Adult/Male/Purple/Rooster,1,OzielSantosdeCarvalho,GameFightBJJ/Manimal
Rio BJJ Pro,Adult/Male/Purple/Rooster,2,VanderdosReisMaciel,GracieHumaita
Rio BJJ Pro,Adult/Male/Purple/Light-Feather,1,HiagoGamaSousa,Alliance
Rio BJJ Pro,Adult/Male/Purple/Light-Feather,2,WillianMelodeOliveira,Alliance
Rio BJJ Pro,Adult/Male/Purple/Light-Feather,3,HaraHiroyuki,NascerDoSol
Rio BJJ Pro,Adult/Male/Purple/Light-Feather,3,RodolfoRodrigues,ZenithBJJ
Rio BJJ Pro,Adult/Male/Purple/Feather,1,AlefLinharesAlvim,GFTeamCalifornia
Rio BJJ Pro,Adult/Male/Purple/Feather,2,BrenoFaustinoCorrêadeLima,GFTeam
Rio BJJ Pro,Adult/Male/Purple/Feather,3,AlcenirMendonçadaSilva,OsvaldoAlves
Rio BJJ Pro,Adult/Male/Purple/Feather,3,FlávioSouzaeSilva,OsvaldoAlvesSP
Rio BJJ Pro,Adult/Male/Purple/Light,1,GialyssonAdãoSilvaFreitas,GFTeam
Rio BJJ Pro,Adult/Male/Purple/Light,2,IgorEstevesPessoa,SoulFightersBJJ
Rio BJJ Pro,Adult/Male/Purple/Light,3,LucasFernandesSouzaCosta,LeãoDourado
Rio BJJ Pro,Adult/Male/Purple/Light,3,RicardoSorançodeAndradeCruz,BarneyTeamProFight
Rio BJJ Pro,Adult/Male/Purple/Middle,1,FranciscoBrunoRodriguesdaSilva,CheckMat
Rio BJJ Pro,Adult/Male/Purple/Middle,2,IcaroMatheusVidaldeOliveira,RibeiroJiu,JitsuBrasil
Rio BJJ Pro,Adult/Male/Purple/Middle,3,EduardoBrandãoJúnior,DeLaRivaJJ
Rio BJJ Pro,Adult/Male/Purple/Middle,3,SamMichaelCrook,CheckMat
Rio BJJ Pro,Adult/Male/Purple/Medium-Heavy,1,RudsonMateusSarmentoTeles,GameFightBJJ/Manimal
Rio BJJ Pro,Adult/Male/Purple/Medium-Heavy,2,HenriqueRiedlingerMoreira,FamíliaAbi,RihanJiu,Jitsu
Rio BJJ Pro,Adult/Male/Purple/Medium-Heavy,3,RafaelVasconcelosdeLima,PSLPBCiceroCostha
Rio BJJ Pro,Adult/Male/Purple/Medium-Heavy,3,SalimElBouzaidiCheikhi,GFTeam
Rio BJJ Pro,Adult/Male/Purple/Heavy,1,DanielAlvesEsperança,GameFightBJJ/Manimal
Rio BJJ Pro,Adult/Male/Purple/Heavy,2,CaioFernandoLopesPaganini,Alliance
Rio BJJ Pro,Adult/Male/Purple/Heavy,3,MarcusViniciusLopoRuiz,GracieHumaita
Rio BJJ Pro,Adult/Male/Purple/Heavy,3,ThyagoCruzGaratina,GFTeam
Rio BJJ Pro,Adult/Male/Purple/Super-Heavy,1,MuriloLimaTavares,Alliance
Rio BJJ Pro,Adult/Male/Purple/Super-Heavy,2,RonaldodeJesusSantos,NovaUnião
Rio BJJ Pro,Adult/Male/Purple/Super-Heavy,3,ElismaiqueSantosAzevedo,CTMR
Rio BJJ Pro,Adult/Male/Purple/Ultra-Heavy,1,RafaelBabiloniaCristovão,PSLPBCiceroCostha
Rio BJJ Pro,Adult/Male/Purple/Ultra-Heavy,2,MarcioFelipeAlvesdeFreitas,NovaUnião
Rio BJJ Pro,Adult/Male/Purple/Ultra-Heavy,3,RenanMarcelRodriguesVieira,CarecaJJ
Rio BJJ Pro,Adult/Female/Purple/Feather,1,BrendaHellerPessoaFreitas,GracieEliteTeam
Rio BJJ Pro,Adult/Female/Purple/Feather,2,GabrielaMeirelesFechter,Checkmat/ArenaSchoolFight
Rio BJJ Pro,Adult/Female/Purple/Feather,3,DéborahRaffaellyCostaSantos,NovaUnião
Rio BJJ Pro,Adult/Female/Purple/Feather,3,ThamiresDiógenesdeAquino,GFTeam
Rio BJJ Pro,Adult/Female/Purple/Light,1,LarissaPaesdaSilva,GordoJiu,Jitsu
Rio BJJ Pro,Adult/Female/Purple/Light,2,CatherineFuhroPerret,CheckMat
Rio BJJ Pro,Adult/Female/Purple/Light,3,GabrielaVictordoNascimento,IBCCBrazilianJiu,Jitsu
Rio BJJ Pro,Adult/Female/Purple/Light,3,LucianedosSantosSilva,GracieBarra
Rio BJJ Pro,Adult/Female/Purple/Super-Heavy,1,TayanePorfíriodeAraújo,Alliance
Rio BJJ Pro,Adult/Female/Purple/Super-Heavy,2,CamilaDiasMatte,GordoJiu,Jitsu
Rio BJJ Pro,Adult/Female/Purple/OpenClass,1,TayanePorfíriodeAraújo,Alliance
Rio BJJ Pro,Adult/Female/Purple/OpenClass,2,GabrielaVictordoNascimento,IBCCBrazilianJiu,Jitsu
Rio BJJ Pro,Adult/Female/Purple/OpenClass,3,DéborahRaffaellyCostaSantos,NovaUnião
Rio BJJ Pro,Adult/Male/Brown/Light-Feather,1,MagnoMotaVieira,BrigadeiroBrazilianJiu,Jitsu
Rio BJJ Pro,Adult/Male/Brown/Light-Feather,2,FranciscoSamysLopesPereira,SpiritFight
Rio BJJ Pro,Adult/Male/Brown/Feather,1,LucianoQueirozdeAraujo,GFTeam
Rio BJJ Pro,Adult/Male/Brown/Feather,2,YagodosSantosRodrigues,014RBJJ
Rio BJJ Pro,Adult/Male/Brown/Feather,3,BrunoCelioCostadeMelo,GFTeamRecreio
Rio BJJ Pro,Adult/Male/Brown/Feather,3,RodrigoBatistadeLima,AmericanTopTeamAtlanta
Rio BJJ Pro,Adult/Male/Brown/Light,1,VictordeMatos,ZenithBJJ
Rio BJJ Pro,Adult/Male/Brown/Light,2,ItuãdeBritosSales,CarlsonGracieClube
Rio BJJ Pro,Adult/Male/Brown/Light,3,FredericoAugustoAlvesSilva,GracieBarra
Rio BJJ Pro,Adult/Male/Brown/Middle,1,JúlioCezardosAnjosJunior,GFTeam
Rio BJJ Pro,Adult/Male/Brown/Middle,2,MarceloMoreiraVitorino,GracieHumaita
Rio BJJ Pro,Adult/Male/Brown/Middle,3,PauloArthurdaSilvaLima,GFTeam
Rio BJJ Pro,Adult/Male/Brown/Middle,3,PedroThiagoMartinsMelo,CorpoeMente
Rio BJJ Pro,Adult/Male/Brown/Medium-Heavy,1,PedroPauloCampiAgrizzi,StrikerJJ
Rio BJJ Pro,Adult/Male/Brown/Medium-Heavy,2,RuanMarquesdeOliveira,SoulFightersBJJ
Rio BJJ Pro,Adult/Male/Brown/Medium-Heavy,3,GuilhermeCorrêaZenhaCalixto,BetoeCiaJJ
Rio BJJ Pro,Adult/Male/Brown/Heavy,1,MarcosAurélioGoulartAlvesJunior,GameFightBJJ/Manimal
Rio BJJ Pro,Adult/Male/Brown/Super-Heavy,1,JoãoPaulodeSousaSoares,SASTeam
Rio BJJ Pro,Adult/Male/Brown/Ultra-Heavy,1,SilvioCesarPeixotoJunior,RyanGracieTeam
Rio BJJ Pro,Adult/Female/Brown/Light,1,VivianeAraujoGomes,CheckMat
Rio BJJ Pro,Adult/Female/Brown/Light,2,GlacianedosSantosAxt,GracieHumaita
Rio BJJ Pro,Adult/Female/Brown/Middle,1,BrunaMarquesOliveiraMeneses,BARBOSAJIU,JITSUUSA
Rio BJJ Pro,Adult/Female/Brown/Super-Heavy,1,AuristelaRibeiro,GracieBarraGoiania,GO
Rio BJJ Pro,Adult/Female/Brown/OpenClass,1,VivianeAraujoGomes,CheckMat
Rio BJJ Pro,Adult/Female/Brown/OpenClass,2,AuristelaRibeiro,GracieBarraGoiania,GO
Rio BJJ Pro,Adult/Male/Black/Feather,1,PauloH.BordignonMiyao,PSLPBCiceroCostha
Rio BJJ Pro,Adult/Male/Black/Feather,2,LeonardoFernandesSaggioro,BrazilianTopTeam
Rio BJJ Pro,Adult/Male/Black/Feather,3,ErickViniciusS.RaposoOliveira,SoulFightersBJJ
Rio BJJ Pro,Adult/Male/Black/Middle,1,ViníciusTavaresMarinho,GFTeam
Rio BJJ Pro,Adult/Male/Black/Middle,2,GabrielRollodaSilvaPontes,CheckMat/TheHouse
Rio BJJ Pro,Adult/Male/Black/Middle,3,JaimeSoaresCanuto,GFTeam
Rio BJJ Pro,Adult/Male/Black/Middle,3,SandroGabrielVieira,CheckMat
Rio BJJ Pro,Adult/Male/Black/Heavy,1,DimitriusSoaresSouza,Alliance
Rio BJJ Pro,Adult/Male/Black/Heavy,2,ClaudiodeMattosCardoso,GracieBarra
Rio BJJ Pro,Adult/Male/Black/Heavy,3,FernandoToshioCabralTsushima,GracieHumaita
Rio BJJ Pro,Adult/Male/Black/Heavy,3,VictorDelCorsoBomfim,GFTeam
Rio BJJ Pro,Adult/Male/Black/Ultra-Heavy,1,GabrielLyrioLucas,CheckMat
Rio BJJ Pro,Adult/Male/Black/Ultra-Heavy,2,FelipeMenezesBueno,Alliance
Rio BJJ Pro,Adult/Male/Black/Ultra-Heavy,3,CássioFrancisdaSilva,GracieBarra
Rio BJJ Pro,Adult/Female/Black/Feather,1,AndressaLídiadeSouza,IFCLifeBrothers
Rio BJJ Pro,Adult/Female/Black/Feather,2,MaríliadaConceiçãoFariasAlvesVieira,GracieBarra
Rio BJJ Pro,Adult/Female/Black/Middle,1,BeatrizdeOliveiraMesquita,GracieHumaita
Rio BJJ Pro,Adult/Female/Black/Middle,2,BarbaraGomesdosSantos,UniversidadeCatólicadeBrasília
Rio BJJ Pro,Adult/Female/Black/OpenClass,1,BeatrizdeOliveiraMesquita,GracieHumaita
Rio BJJ Pro,Adult/Female/Black/OpenClass,2,BarbaraGomesdosSantos,UniversidadeCatólicadeBrasília
Rio BJJ Pro,Adult/Female/Black/OpenClass,3,AndressaLídiadeSouza,IFCLifeBrothers
Rio BJJ Pro,Adult/Female/Black/OpenClass,3,MaríliadaConceiçãoFariasAlvesVieira,GracieBarra
Rio BJJ Pro,Master1/Male/White/Middle,1,RonaldBezerradeMenezesNeto,RibeiroJiu,JitsuBrasil
Rio BJJ Pro,Master1/Male/White/Ultra-Heavy,1,AlexandreGomesAlves,GFTeam
Rio BJJ Pro,Master1/Male/Blue/Feather,1,EltondaSilvaBezerra,Brazil021SchoolofJiu,JitsuBR
Rio BJJ Pro,Master1/Male/Blue/Feather,2,WillyRoessler,RibeiroJiu,JitsuBrasil
Rio BJJ Pro,Master1/Male/Blue/Feather,3,BrunoMartinsGuedes,GFTeam
Rio BJJ Pro,Master1/Male/Blue/Middle,1,BrunoOliveiraFreitasdeSouza,GracieHumaita
Rio BJJ Pro,Master1/Male/Blue/Middle,2,AleksandrChervov,Alliance
Rio BJJ Pro,Master1/Male/Blue/Heavy,1,LuisGustavoRussi,GracieBarra
Rio BJJ Pro,Master1/Male/Blue/Heavy,2,JonathanCandidodaSilva,LigaOeste
Rio BJJ Pro,Master1/Male/Blue/Heavy,3,AndersonBritoAmador,RyanGracieTeam
Rio BJJ Pro,Master1/Male/Blue/Heavy,3,LuisArthurFernandesFilho,NovaUnião
Rio BJJ Pro,Master1/Male/Blue/Super-Heavy,1,FelipeDias,Alliance
Rio BJJ Pro,Master1/Male/Blue/Super-Heavy,2,LeonardoAbrãoTrinta,GFTeam
Rio BJJ Pro,Master1/Male/Blue/Ultra-Heavy,1,AndersondeMeloAlmeida,PSLPBCiceroCostha
Rio BJJ Pro,Master1/Male/Blue/OpenClass,1,LuisGustavoRussi,GracieBarra
Rio BJJ Pro,Master1/Male/Blue/OpenClass,2,LuisArthurFernandesFilho,NovaUnião
Rio BJJ Pro,Master1/Male/Blue/OpenClass,3,EltondaSilvaBezerra,Brazil021SchoolofJiu,JitsuBR
Rio BJJ Pro,Master1/Male/Blue/OpenClass,3,JonathanCandidodaSilva,LigaOeste
Rio BJJ Pro,Master1/Male/Purple/Light,1,LeonardodeSantanaAlmeida,BrunoBastosAssociation
Rio BJJ Pro,Master1/Male/Purple/Light,2,RuiMarcosCamargo,GFTeam
Rio BJJ Pro,Master1/Male/Purple/Light,3,AndréLuizMuylaertCaetanoPaes,GFTeam
Rio BJJ Pro,Master1/Male/Purple/Light,3,SivoneiRobergsonMarques,GFTeamCalifornia
Rio BJJ Pro,Master1/Male/Purple/Middle,1,PauloAlvesMagalhãesFilho,BarbosaJJeMMA
Rio BJJ Pro,Master1/Male/Purple/Middle,2,CarlosManoelGonçalvesMoura,BrazilianTopTeam
Rio BJJ Pro,Master1/Male/Purple/Middle,3,LuizSáviodeAraújoJúnior,OsvaldoAlvesSP
Rio BJJ Pro,Master1/Male/Purple/Medium-Heavy,1,CelsonAugustoCaetano,GracieHumaita
Rio BJJ Pro,Master1/Male/Purple/Medium-Heavy,2,RaulCesarPadilhaCampos,CheckMat
Rio BJJ Pro,Master1/Male/Purple/Medium-Heavy,3,LuizFernandodaSilvaGomes,GracieHumaita
Rio BJJ Pro,Master1/Male/Purple/Medium-Heavy,3,RodrigoEspínolaDeAraújoSilva,GracieBarra
Rio BJJ Pro,Master1/Male/Purple/Heavy,1,RichardGonçalves,GracieBarra
Rio BJJ Pro,Master1/Male/Purple/Super-Heavy,1,MarcelCaruso,CarlsonGracieClube
Rio BJJ Pro,Master1/Male/Purple/Ultra-Heavy,1,FilipePaesCabral,NovaUnião
Rio BJJ Pro,Master1/Male/Purple/Ultra-Heavy,2,RodrigoLimaEva,TopBrother
Rio BJJ Pro,Master1/Male/Purple/Ultra-Heavy,3,MauriciodosSantos,CheckMat
Rio BJJ Pro,Master1/Male/Purple/OpenClass,1,FilipePaesCabral,NovaUnião
Rio BJJ Pro,Master1/Male/Purple/OpenClass,2,MarcelCaruso,CarlsonGracieClube
Rio BJJ Pro,Master1/Male/Purple/OpenClass,3,AndréLuizMuylaertCaetanoPaes,GFTeam
Rio BJJ Pro,Master1/Male/Purple/OpenClass,3,RodrigoEspínolaDeAraújoSilva,GracieBarra
Rio BJJ Pro,Master1/Male/Brown/Feather,1,BrunodeCarvalhoCanto,NBJJ
Rio BJJ Pro,Master1/Male/Brown/Feather,2,JucélioCostaSousa,DeLaRivaJJ
Rio BJJ Pro,Master1/Male/Brown/Light,1,BrunoPinheirodeSouza,AcademiaPitbull
Rio BJJ Pro,Master1/Male/Brown/Light,2,GeanNevesMagalhães,CamposJiu,Jitsu
Rio BJJ Pro,Master1/Male/Brown/Middle,1,CristianoEmmanuelMPChagas,CheckMat
Rio BJJ Pro,Master1/Male/Brown/Middle,2,RicardoAlvesdosSantosJunior,CheckMat
Rio BJJ Pro,Master1/Male/Brown/Middle,3,JhonnyGuimarãesLuiz,FighterJiu,Jitsu
Rio BJJ Pro,Master1/Male/Brown/Middle,3,PedroPauloGreffedaSilva,PanteraNegra
Rio BJJ Pro,Master1/Male/Brown/Medium-Heavy,1,EstefanoSilvaFelipe,GracieBarra
Rio BJJ Pro,Master1/Male/Brown/Medium-Heavy,2,MitzenAzevedo,NovaUnião
Rio BJJ Pro,Master1/Male/Brown/Super-Heavy,1,JarbasPinhoSantana,Abi,RihanFamilyBJJ
Rio BJJ Pro,Master1/Male/Brown/Super-Heavy,2,EdmilsondosSantosMorais,BrazilianFight
Rio BJJ Pro,Master1/Male/Brown/Super-Heavy,3,ThiagoAparecidodoMonte,Alliance
Rio BJJ Pro,Master1/Male/Brown/Ultra-Heavy,1,MarcelodaSilvaAzevedoAndrade,Alliance
Rio BJJ Pro,Master1/Male/Brown/OpenClass,1,MarcelodaSilvaAzevedoAndrade,Alliance
Rio BJJ Pro,Master1/Male/Brown/OpenClass,2,RicardoAlvesdosSantosJunior,CheckMat
Rio BJJ Pro,Master1/Male/Brown/OpenClass,3,CristianoEmmanuelMPChagas,CheckMat
Rio BJJ Pro,Master1/Male/Brown/OpenClass,3,JarbasPinhoSantana,Abi,RihanFamilyBJJ
Rio BJJ Pro,Master1/Male/Black/Light-Feather,1,EduardodaSilvaVieira,GFTeam
Rio BJJ Pro,Master1/Male/Black/Light-Feather,2,BrunoViniciusSettaLagares,DeLaRivaJJ
Rio BJJ Pro,Master1/Male/Black/Light-Feather,3,EmidiodaCostaJeronimo,AttackJJTeam
Rio BJJ Pro,Master1/Male/Black/Feather,1,JoséLuisdosSantosVarella,GFTeam
Rio BJJ Pro,Master1/Male/Black/Feather,2,RafaelSouzadoNascimento,GFTeam
Rio BJJ Pro,Master1/Male/Black/Feather,3,BrunoMarcelinodeSouza,CamposJiu,Jitsu
Rio BJJ Pro,Master1/Male/Black/Feather,3,HuamboCostaPereira,TopBrother
Rio BJJ Pro,Master1/Male/Black/Light,1,WilsonAlvesdaSilvaJúnior,TopBrother
Rio BJJ Pro,Master1/Male/Black/Light,2,FabioAntonioBarbosaJunior,BarbosaJJ2
Rio BJJ Pro,Master1/Male/Black/Light,3,EdsonVanderMartinsHigino,GracieHumaita
Rio BJJ Pro,Master1/Male/Black/Light,3,LidioHenriquedaSilvaSantos,GFTeam
Rio BJJ Pro,Master1/Male/Black/Middle,1,RodrigoGonçalvesMartinsTeixeira,GFTeam
Rio BJJ Pro,Master1/Male/Black/Middle,2,WilliamSalesdaCosta,CarlsonGracieClube
Rio BJJ Pro,Master1/Male/Black/Middle,3,JoãoGabrieldeCastroSobrinho,CaveirinhaJiu,JitsuFamily
Rio BJJ Pro,Master1/Male/Black/Middle,3,SimonidesManoeldosS.Júnior,A.STeam
Rio BJJ Pro,Master1/Male/Black/Medium-Heavy,1,OscarTabosaMatos,GracieBarra
Rio BJJ Pro,Master1/Male/Black/Medium-Heavy,2,JuanGuillermoAdolfoSanchezSotelo,AllianceSP
Rio BJJ Pro,Master1/Male/Black/Medium-Heavy,3,RafaeldeSouzaCruz,CorinoJiu,Jitsu
Rio BJJ Pro,Master1/Male/Black/Medium-Heavy,3,WagnerOliveiraMuniz,DeLaRivaJJ
Rio BJJ Pro,Master1/Male/Black/Heavy,1,DavidVieiradaSilva,GordoJiu,Jitsu
Rio BJJ Pro,Master1/Male/Black/Heavy,2,LucianoGazendaCunha,AcademiaCoach/MarcelFerreiraJJ
Rio BJJ Pro,Master1/Male/Black/Heavy,3,FabioCostaAlves,BrazilianFight
Rio BJJ Pro,Master1/Male/Black/Heavy,3,FlavioHenriquePradoSoares,SoulFightersBJJBarradaTijuca
Rio BJJ Pro,Master1/Male/Black/Super-Heavy,1,AlexandredeMelloCollares,Alliance
Rio BJJ Pro,Master1/Male/Black/Super-Heavy,2,LeonardoDelgadodeOliveira,SoulFightersBJJ
Rio BJJ Pro,Master1/Male/Black/Ultra-Heavy,1,HeltonNogueiraLima,GracieBarra
Rio BJJ Pro,Master1/Male/Black/Ultra-Heavy,2,AndreRudolfo,HBJ
Rio BJJ Pro,Master1/Male/Black/Ultra-Heavy,3,ValterAluisioP.deOliveiraJr,NovaUnião
Rio BJJ Pro,Master1/Male/Black/OpenClass,1,HeltonNogueiraLima,GracieBarra
Rio BJJ Pro,Master1/Male/Black/OpenClass,2,RafaelSouzadoNascimento,GFTeam
Rio BJJ Pro,Master1/Male/Black/OpenClass,3,JoséLuisdosSantosVarella,GFTeam
Rio BJJ Pro,Master1/Male/Black/OpenClass,3,WilliamSalesdaCosta,CarlsonGracieClube
Rio BJJ Pro,Master2/Male/White/Middle,1,MarythonBalby,TopBrother
Rio BJJ Pro,Master2/Male/Blue/Light,1,AndreLuisRamosFagundes,GFTeam
Rio BJJ Pro,Master2/Male/Blue/Medium-Heavy,1,FernandoGomesdeOliveira,CorinoJiu,Jitsu
Rio BJJ Pro,Master2/Male/Blue/Heavy,1,MarcioLordeloGuimaraes,Alliance
Rio BJJ Pro,Master2/Male/Blue/OpenClass,1,MarcioLordeloGuimaraes,Alliance
Rio BJJ Pro,Master2/Male/Blue/OpenClass,2,AndreLuisRamosFagundes,GFTeam
Rio BJJ Pro,Master2/Male/Purple/Light,1,NelsonAlvesDomingos,Checkmat/ArenaSchoolFight
Rio BJJ Pro,Master2/Male/Purple/Light,2,AndersonQueirozSilva,NovaUnião
Rio BJJ Pro,Master2/Male/Purple/Middle,1,FelipeDalessandroXavierPosada,GuethoJiuJitsu
Rio BJJ Pro,Master2/Male/Purple/Medium-Heavy,1,AndersondeCarvalho,Brazil021SchoolofJiu,JitsuBR
Rio BJJ Pro,Master2/Male/Purple/Heavy,1,PauloRobertoFontelesGrossidaVeiga,CarlsonGracieClube
Rio BJJ Pro,Master2/Male/Purple/Heavy,2,MinorodeOliveiraCarvalho,NovaUnião
Rio BJJ Pro,Master2/Male/Purple/Heavy,3,FabioDiasdaSilva,SoulFightersBJJ
Rio BJJ Pro,Master2/Male/Purple/OpenClass,1,AndersondeCarvalho,Brazil021SchoolofJiu,JitsuBR
Rio BJJ Pro,Master2/Male/Purple/OpenClass,2,PauloRobertoFontelesGrossidaVeiga,CarlsonGracieClube
Rio BJJ Pro,Master2/Male/Purple/OpenClass,3,MinorodeOliveiraCarvalho,NovaUnião
Rio BJJ Pro,Master2/Male/Brown/Light-Feather,1,VictorAlejandroRobinsonOrtuñoGodoy,GFTeam
Rio BJJ Pro,Master2/Male/Brown/Feather,1,AlexandroTeixeiraCaires,TopBrother
Rio BJJ Pro,Master2/Male/Brown/Medium-Heavy,1,AristotenesRibeiroReis,StrikerJJ
Rio BJJ Pro,Master2/Male/Brown/Medium-Heavy,2,EmidioPimentaSoaresVieira,GFTeam
Rio BJJ Pro,Master2/Male/Brown/Heavy,1,MartinGarcia,LotusClubInternational
Rio BJJ Pro,Master2/Male/Brown/Heavy,2,JairoAlves,AcademiaSerranaPetrópolisdeJiu,Jitsu
Rio BJJ Pro,Master2/Male/Brown/Heavy,3,HélioPaschoalNevesdaSilvaFilho,GFTeam
Rio BJJ Pro,Master2/Male/Brown/Ultra-Heavy,1,EdsonFranciscodePaulaJunior,AtosJiu,Jitsu
Rio BJJ Pro,Master2/Male/Brown/Ultra-Heavy,2,LucioFlaviodeCampos,TopBrother
Rio BJJ Pro,Master2/Male/Brown/OpenClass,1,EdsonFranciscodePaulaJunior,AtosJiu,Jitsu
Rio BJJ Pro,Master2/Male/Brown/OpenClass,2,EmidioPimentaSoaresVieira,GFTeam
Rio BJJ Pro,Master2/Male/Brown/OpenClass,3,LucioFlaviodeCampos,TopBrother
Rio BJJ Pro,Master2/Male/Brown/OpenClass,3,MartinGarcia,LotusClubInternational
Rio BJJ Pro,Master2/Male/Black/Light-Feather,1,AldoValenteUbaldo,GracieBarra
Rio BJJ Pro,Master2/Male/Black/Feather,1,EltonSantosdaCosta,GameFightBJJ/Manimal
Rio BJJ Pro,Master2/Male/Black/Light,1,RichardEdwardFlood,GFTeam
Rio BJJ Pro,Master2/Male/Black/Light,2,ClauberCesarS.deSantana,SoulFightersInternational
Rio BJJ Pro,Master2/Male/Black/Light,3,JoãoCarlosdosSantosOliveira,CheckMat
Rio BJJ Pro,Master2/Male/Black/Light,3,ViniciusPaesdeFigueiredo,ToziJiuJitsu
Rio BJJ Pro,Master2/Male/Black/Middle,1,MarcioRomãoFerreira,SoulFightersBJJBarradaTijuca
Rio BJJ Pro,Master2/Male/Black/Middle,2,GustavoSoutoPerdigãoGranha,EquipeTottiJiu,Jitsu
Rio BJJ Pro,Master2/Male/Black/Middle,3,JoseEduardoFerreiraAzevedo,Alliance
Rio BJJ Pro,Master2/Male/Black/Medium-Heavy,1,CleberGonçalvesdosSantos,GracieBarra
Rio BJJ Pro,Master2/Male/Black/Medium-Heavy,2,JoãoBatistaSoaresSantosJr,RilionGracie
Rio BJJ Pro,Master2/Male/Black/Heavy,1,SergioHenriqueHoraMiranda,GFTeam
Rio BJJ Pro,Master2/Male/Black/Heavy,2,FabioKudo,BonSaiJJ
Rio BJJ Pro,Master2/Male/Black/Heavy,3,AlexAiresFortes,RibeiroJiu,JitsuBrasil
Rio BJJ Pro,Master2/Male/Black/Super-Heavy,1,LuizNestorAlvesdaCosta,GFTeam
Rio BJJ Pro,Master2/Male/Black/Super-Heavy,2,AndersonRodrigues,BlackGymJiu,Jitsu
Rio BJJ Pro,Master2/Male/Black/Super-Heavy,3,CleversonAlmindodaSilva,GFTeam
Rio BJJ Pro,Master2/Male/Black/Super-Heavy,3,JeanCarlosdaCostaMacedo,GracieHumaita
Rio BJJ Pro,Master2/Male/Black/Ultra-Heavy,1,AgnaldoLuizdaSilveira,GracieBarra
Rio BJJ Pro,Master2/Male/Black/OpenClass,1,AgnaldoLuizdaSilveira,GracieBarra
Rio BJJ Pro,Master2/Male/Black/OpenClass,2,SergioHenriqueHoraMiranda,GFTeam
Rio BJJ Pro,Master2/Male/Black/OpenClass,3,RichardEdwardFlood,GFTeam
Rio BJJ Pro,Master2/Male/Black/OpenClass,3,ViniciusPaesdeFigueiredo,ToziJiuJitsu
Rio BJJ Pro,Master3/Male/Blue/Feather,1,MarcosdoAmaralBarros,NovaUnião
Rio BJJ Pro,Master3/Male/Blue/Light,1,SergioMaurilioMarinho,BrazilianTopTeam
Rio BJJ Pro,Master3/Male/Blue/Super-Heavy,1,JoseLuizGarciaVillar,SoulFightersBJJ
Rio BJJ Pro,Master3/Male/Blue/Ultra-Heavy,1,FrancisAugustoFernandes,AllianceSP
Rio BJJ Pro,Master3/Male/Blue/OpenClass,1,FrancisAugustoFernandes,AllianceSP
Rio BJJ Pro,Master3/Male/Blue/OpenClass,2,MarcosdoAmaralBarros,NovaUnião
Rio BJJ Pro,Master3/Male/Purple/Light,1,HugoFernandoGalantini,TeamNogueira
Rio BJJ Pro,Master3/Male/Purple/Middle,1,NelsonBernardoValenzuelaMontes,GFTeam
Rio BJJ Pro,Master3/Male/Purple/Ultra-Heavy,1,EliandrodePistoiaBezerradeMeloFilho,NovaUnião
Rio BJJ Pro,Master3/Male/Purple/OpenClass,1,HugoFernandoGalantini,TeamNogueira
Rio BJJ Pro,Master3/Male/Purple/OpenClass,2,NelsonBernardoValenzuelaMontes,GFTeam
Rio BJJ Pro,Master3/Male/Brown/Light,1,JoseOsirisdeOliveira,TopBrother
Rio BJJ Pro,Master3/Male/Brown/Light,2,MarceloAlexanderFerreira,Alliance
Rio BJJ Pro,Master3/Male/Brown/Medium-Heavy,1,RogérioMouraSeabra,GFTeam
Rio BJJ Pro,Master3/Male/Brown/Medium-Heavy,2,ViniciusFerreiradeMorais,GFTeam
Rio BJJ Pro,Master3/Male/Brown/Super-Heavy,1,ReginaldoCardosoLiani,GracieBarra
Rio BJJ Pro,Master3/Male/Brown/Ultra-Heavy,1,AndersonLuisAlvarengaNascimento,Competition
Rio BJJ Pro,Master3/Male/Brown/OpenClass,1,ReginaldoCardosoLiani,GracieBarra
Rio BJJ Pro,Master3/Male/Brown/OpenClass,2,AndersonLuisAlvarengaNascimento,Competition
Rio BJJ Pro,Master3/Male/Brown/OpenClass,3,MarceloAlexanderFerreira,Alliance
Rio BJJ Pro,Master3/Male/Brown/OpenClass,3,RogérioMouraSeabra,GFTeam
Rio BJJ Pro,Master3/Male/Black/Light-Feather,1,SueddosSantos,Alliance
Rio BJJ Pro,Master3/Male/Black/Feather,1,SamuelSauldoNascimento,GracieBarra
Rio BJJ Pro,Master3/Male/Black/Light,1,JoséMarivanAlvesFeitosa,ZenithBJJ
Rio BJJ Pro,Master3/Male/Black/Middle,1,BeethovendeCastro,RLTeam
Rio BJJ Pro,Master3/Male/Black/Middle,2,JeffersonEmanuelBarros,CheckMat
Rio BJJ Pro,Master3/Male/Black/Middle,3,FabianodeFigueiredoFidelis,GracieBarra
Rio BJJ Pro,Master3/Male/Black/Middle,3,RenatodaSilvaLyrioFilho,GFTeam
Rio BJJ Pro,Master3/Male/Black/Medium-Heavy,1,EduardoFilizolaSoares,Alliance
Rio BJJ Pro,Master3/Male/Black/Medium-Heavy,2,MarceloAmadordeOliveira,GFTeam
Rio BJJ Pro,Master3/Male/Black/Heavy,1,FlavioRobertoFerreiraeSilva,BrazilianTopTeam
Rio BJJ Pro,Master3/Male/Black/Heavy,2,HernandesPereiradaSilva,BARBOSAJIU,JITSUUSA
Rio BJJ Pro,Master3/Male/Black/Heavy,3,GiovanniReisCoutinhoPaniccia,GiovanniReisTeam
Rio BJJ Pro,Master3/Male/Black/Heavy,3,SérgioÁvila,CheckMat
Rio BJJ Pro,Master3/Male/Black/Super-Heavy,1,HelvecioAugustoMoreiraPennaNeto,DeLaRivaJJ
Rio BJJ Pro,Master3/Male/Black/OpenClass,1,HelvecioAugustoMoreiraPennaNeto,DeLaRivaJJ
Rio BJJ Pro,Master3/Male/Black/OpenClass,2,SérgioÁvila,CheckMat
Rio BJJ Pro,Master3/Male/Black/OpenClass,3,JoséMarivanAlvesFeitosa,ZenithBJJ
Rio BJJ Pro,Master3/Male/Black/OpenClass,3,MarceloAmadordeOliveira,GFTeam
