Asian Jiu-Jitsu IBJJF Championship 2016,Adult/Male/White/Rooster,1,FelipeYujiNarasaki,AtosJiu,Jitsu
Asian Jiu-Jitsu IBJJF Championship 2016,Adult/Male/White/Rooster,2,WeiHengPoh,EquilibriumMixedMartialArts
Asian Jiu-Jitsu IBJJF Championship 2016,Adult/Male/White/Rooster,3,KokSiangSeeTho,FaMABJJ
Asian Jiu-Jitsu IBJJF Championship 2016,Adult/Male/White/Rooster,3,LourenceJohnCabaluna,OverLimitBJJ
Asian Jiu-Jitsu IBJJF Championship 2016,Adult/Male/White/Light-Feather,1,OdgerelDavaadorj,MongolianBJJ
Asian Jiu-Jitsu IBJJF Championship 2016,Adult/Male/White/Light-Feather,2,ChangheeLee,RibeiroJiu,Jitsu
Asian Jiu-Jitsu IBJJF Championship 2016,Adult/Male/White/Light-Feather,3,AdmonNisihara,Bull,TerrierBonsai
Asian Jiu-Jitsu IBJJF Championship 2016,Adult/Male/White/Light-Feather,3,MingShiSheu,TaiwanBJJ
Asian Jiu-Jitsu IBJJF Championship 2016,Adult/Male/White/Feather,1,NathanMark,RenzoGracieLA
Asian Jiu-Jitsu IBJJF Championship 2016,Adult/Male/White/Feather,2,LukeCroucher,CheckMat
Asian Jiu-Jitsu IBJJF Championship 2016,Adult/Male/White/Feather,3,PetrBelyaev,AtosJiu,Jitsu
Asian Jiu-Jitsu IBJJF Championship 2016,Adult/Male/White/Feather,3,StephenProcida,FaMABJJ
Asian Jiu-Jitsu IBJJF Championship 2016,Adult/Male/White/Light,1,RyuJunyoung,SanaiJiuJitsuAcademy
Asian Jiu-Jitsu IBJJF Championship 2016,Adult/Male/White/Light,2,JoshuaHildreth,RABJJAcademy
Asian Jiu-Jitsu IBJJF Championship 2016,Adult/Male/White/Light,3,DavidTran,RenzoGracieLA
Asian Jiu-Jitsu IBJJF Championship 2016,Adult/Male/White/Light,3,MiguelMagsino,NovaUnião
Asian Jiu-Jitsu IBJJF Championship 2016,Adult/Male/White/Middle,1,TrigoBrunoYoshioShiiba,OgawaJiuJitsu
Asian Jiu-Jitsu IBJJF Championship 2016,Adult/Male/White/Middle,2,TetsuyaNumata,ParaestraKoga
Asian Jiu-Jitsu IBJJF Championship 2016,Adult/Male/White/Middle,3,ArmandLubbe,AtosJiu,Jitsu
Asian Jiu-Jitsu IBJJF Championship 2016,Adult/Male/White/Middle,3,EdwardJacobson,KowloonBJJ
Asian Jiu-Jitsu IBJJF Championship 2016,Adult/Male/White/Medium-Heavy,1,MarvinJosephGoMariano,CheckMat
Asian Jiu-Jitsu IBJJF Championship 2016,Adult/Male/White/Medium-Heavy,2,BenCristovao,JungleBJJ
Asian Jiu-Jitsu IBJJF Championship 2016,Adult/Male/White/Medium-Heavy,3,CarlosWatanabe,InfightJapanJiu,Jitsu
Asian Jiu-Jitsu IBJJF Championship 2016,Adult/Male/White/Medium-Heavy,3,PaulBradley,HiroBJJAcademyYokohama
Asian Jiu-Jitsu IBJJF Championship 2016,Adult/Male/White/Heavy,1,KangPillSung,SanaiJiuJitsuAcademy
Asian Jiu-Jitsu IBJJF Championship 2016,Adult/Male/White/Heavy,2,KimDongcheol,Paraestra
Asian Jiu-Jitsu IBJJF Championship 2016,Adult/Male/White/Heavy,3,BrianGarcia,PurebredJiuJitsuGuam
Asian Jiu-Jitsu IBJJF Championship 2016,Adult/Male/White/Heavy,3,TomoakiMatsuda,Tri,ForceJiu,JitsuAcademy
Asian Jiu-Jitsu IBJJF Championship 2016,Adult/Male/White/Super-Heavy,1,AnthonyRivera,Spike22
Asian Jiu-Jitsu IBJJF Championship 2016,Adult/Male/White/Ultra-Heavy,1,ChinzorigTseveenregzen,MongolianBJJ
Asian Jiu-Jitsu IBJJF Championship 2016,Adult/Male/White/Ultra-Heavy,2,JohnBabauta,BonsaiJJ,Guam
Asian Jiu-Jitsu IBJJF Championship 2016,Adult/Male/White/Ultra-Heavy,3,RayMendoza,PurebredJiuJitsuGuam
Asian Jiu-Jitsu IBJJF Championship 2016,Adult/Male/Blue/Rooster,1,ThiagoUeno,OverLimitBJJ
Asian Jiu-Jitsu IBJJF Championship 2016,Adult/Male/Blue/Rooster,2,ShiozakiBrunoKendeAlmeida,CheckMat
Asian Jiu-Jitsu IBJJF Championship 2016,Adult/Male/Blue/Rooster,3,HiagoUeno,OverLimitBJJ
Asian Jiu-Jitsu IBJJF Championship 2016,Adult/Male/Blue/Rooster,3,KazuyaOmori,PogonaClubGym
Asian Jiu-Jitsu IBJJF Championship 2016,Adult/Male/Blue/Light-Feather,1,HakutoYamamoto,GracieBarra
Asian Jiu-Jitsu IBJJF Championship 2016,Adult/Male/Blue/Light-Feather,2,CalvinChua,ImpactoJapanB.J.J.
Asian Jiu-Jitsu IBJJF Championship 2016,Adult/Male/Blue/Light-Feather,3,KeitaKobayashi,CarpeDiem
Asian Jiu-Jitsu IBJJF Championship 2016,Adult/Male/Blue/Light-Feather,3,MaxHunterLeali,GFTeamInternational
Asian Jiu-Jitsu IBJJF Championship 2016,Adult/Male/Blue/Feather,1,MatheusYudiOnda,TokaiBrazilianJiu,Jitsu
Asian Jiu-Jitsu IBJJF Championship 2016,Adult/Male/Blue/Feather,2,MakotoSuzuki,CarpeDiem
Asian Jiu-Jitsu IBJJF Championship 2016,Adult/Male/Blue/Feather,3,AndersonHeijiAssakawa,OgawaJiuJitsu
Asian Jiu-Jitsu IBJJF Championship 2016,Adult/Male/Blue/Feather,3,ManJungSo,SanaiJiuJitsuAcademy
Asian Jiu-Jitsu IBJJF Championship 2016,Adult/Male/Blue/Light,1,IgorUrata,ImpactoJapanB.J.J.
Asian Jiu-Jitsu IBJJF Championship 2016,Adult/Male/Blue/Light,2,LuizTakayama,TokaiBrazilianJiu,Jitsu
Asian Jiu-Jitsu IBJJF Championship 2016,Adult/Male/Blue/Light,3,HongWoohee,CarpeDiem
Asian Jiu-Jitsu IBJJF Championship 2016,Adult/Male/Blue/Light,3,NaoKobayashi,WajutsuKeisyukaiHearts
Asian Jiu-Jitsu IBJJF Championship 2016,Adult/Male/Blue/Middle,1,ReeceDoran,CheckMat
Asian Jiu-Jitsu IBJJF Championship 2016,Adult/Male/Blue/Middle,2,MasashiToyoda,CheckmatCDJJTokyo
Asian Jiu-Jitsu IBJJF Championship 2016,Adult/Male/Blue/Middle,3,ArturasLuskinas,ShanghaiBJJ(SHBJJ)
Asian Jiu-Jitsu IBJJF Championship 2016,Adult/Male/Blue/Middle,3,BatbayarBayarsaikhan,MongolianBJJ
Asian Jiu-Jitsu IBJJF Championship 2016,Adult/Male/Blue/Medium-Heavy,1,KonstantinIurchenko,PhuketTopTeam,MMATrainingCampThailand
Asian Jiu-Jitsu IBJJF Championship 2016,Adult/Male/Blue/Medium-Heavy,2,JamesMatthews,deBeen100%Jiu,Jitsu
Asian Jiu-Jitsu IBJJF Championship 2016,Adult/Male/Blue/Medium-Heavy,3,KokiIchikawa,Tri,ForceJiu,JitsuAcademy
Asian Jiu-Jitsu IBJJF Championship 2016,Adult/Male/Blue/Medium-Heavy,3,YunxingTang,EquilibriumMixedMartialArts
Asian Jiu-Jitsu IBJJF Championship 2016,Adult/Male/Blue/Heavy,1,DaikiSato,AxisJiu,Jitsu
Asian Jiu-Jitsu IBJJF Championship 2016,Adult/Male/Blue/Heavy,2,BreiteganPaules,NovaUnião
Asian Jiu-Jitsu IBJJF Championship 2016,Adult/Male/Blue/Heavy,3,CarlCheung,HongKongJiu,Jitsu
Asian Jiu-Jitsu IBJJF Championship 2016,Adult/Male/Blue/Heavy,3,MariusLind,olsen,PhuketTopTeam,MMATrainingCampThailand
Asian Jiu-Jitsu IBJJF Championship 2016,Adult/Male/Blue/Super-Heavy,1,JalalMarafie,CheckMat
Asian Jiu-Jitsu IBJJF Championship 2016,Adult/Male/Blue/Super-Heavy,2,ChanghunChoi,AtosJiu,Jitsu
Asian Jiu-Jitsu IBJJF Championship 2016,Adult/Male/Blue/Super-Heavy,3,FumiyaAbe,Paraestra
Asian Jiu-Jitsu IBJJF Championship 2016,Adult/Male/Blue/Super-Heavy,3,HanChungSun,TaiwanBJJ
Asian Jiu-Jitsu IBJJF Championship 2016,Adult/Male/Blue/Ultra-Heavy,1,ByungchulHwang,SanaiJiuJitsuAcademy
Asian Jiu-Jitsu IBJJF Championship 2016,Adult/Male/Blue/Ultra-Heavy,2,JoonsungHwang,Paraestra
Asian Jiu-Jitsu IBJJF Championship 2016,Adult/Male/Blue/Ultra-Heavy,3,YangkeunOh,AtosJiu,Jitsu
Asian Jiu-Jitsu IBJJF Championship 2016,Adult/Male/Blue/OpenClass,1,MatheusYudiOnda,TokaiBrazilianJiu,Jitsu
Asian Jiu-Jitsu IBJJF Championship 2016,Adult/Male/Blue/OpenClass,2,IgorUrata,ImpactoJapanB.J.J.
Asian Jiu-Jitsu IBJJF Championship 2016,Adult/Male/Blue/OpenClass,3,ArturasLuskinas,ShanghaiBJJ(SHBJJ)
Asian Jiu-Jitsu IBJJF Championship 2016,Adult/Male/Blue/OpenClass,3,ChanghunChoi,AtosJiu,Jitsu
Asian Jiu-Jitsu IBJJF Championship 2016,Adult/Male/Purple/Rooster,1,KazuyukiYoshida,PogonaClubGym
Asian Jiu-Jitsu IBJJF Championship 2016,Adult/Male/Purple/Rooster,2,YoshitakaTakamatsu,PurebredKawaguchiRedips
Asian Jiu-Jitsu IBJJF Championship 2016,Adult/Male/Purple/Rooster,3,JohnDavidRejano,AtosJiu,Jitsu
Asian Jiu-Jitsu IBJJF Championship 2016,Adult/Male/Purple/Rooster,3,MitsuhiroShinoda,Tri,ForceJiu,JitsuAcademy
Asian Jiu-Jitsu IBJJF Championship 2016,Adult/Male/Purple/Light-Feather,1,DaijuYokoyama,Paraestra
Asian Jiu-Jitsu IBJJF Championship 2016,Adult/Male/Purple/Light-Feather,2,LucasTahiraCintra,RochaJiuJitsu
Asian Jiu-Jitsu IBJJF Championship 2016,Adult/Male/Purple/Light-Feather,3,DwightTallo,RibeiroJiu,Jitsu
Asian Jiu-Jitsu IBJJF Championship 2016,Adult/Male/Purple/Light-Feather,3,HirokiSugimoto,AxisJiu,Jitsu
Asian Jiu-Jitsu IBJJF Championship 2016,Adult/Male/Purple/Feather,1,RobertOdaDeAndrade,SutoAcademy
Asian Jiu-Jitsu IBJJF Championship 2016,Adult/Male/Purple/Feather,2,HyeonwooHan,RootsTeam
Asian Jiu-Jitsu IBJJF Championship 2016,Adult/Male/Purple/Feather,3,CaolUno,Nexusense
Asian Jiu-Jitsu IBJJF Championship 2016,Adult/Male/Purple/Feather,3,KazukiHongo,X,TremeJiu,JitsuAcademy
Asian Jiu-Jitsu IBJJF Championship 2016,Adult/Male/Purple/Light,1,MoribeShinsuke,PurebredKawaguchiRedips
Asian Jiu-Jitsu IBJJF Championship 2016,Adult/Male/Purple/Light,2,DoowonSeo,JiuJitsuWorld
Asian Jiu-Jitsu IBJJF Championship 2016,Adult/Male/Purple/Light,3,JaguarTang(Repetido145796),FabricioJJInternational
Asian Jiu-Jitsu IBJJF Championship 2016,Adult/Male/Purple/Light,3,YiYuan,EquilibriumMixedMartialArts
Asian Jiu-Jitsu IBJJF Championship 2016,Adult/Male/Purple/Middle,1,SanghyeonLee,SanaiJiuJitsuAcademy
Asian Jiu-Jitsu IBJJF Championship 2016,Adult/Male/Purple/Middle,2,AngeloJesusGuerrero,Barden,AtosJiu,Jitsu
Asian Jiu-Jitsu IBJJF Championship 2016,Adult/Male/Purple/Middle,3,DeclanMoody,BonSaiJJ
Asian Jiu-Jitsu IBJJF Championship 2016,Adult/Male/Purple/Middle,3,KimuraKevinYoshio,InfightJapanJiu,Jitsu
Asian Jiu-Jitsu IBJJF Championship 2016,Adult/Male/Purple/Medium-Heavy,1,HirosawaLucas,InfightJapanJiu,Jitsu
Asian Jiu-Jitsu IBJJF Championship 2016,Adult/Male/Purple/Medium-Heavy,2,VadimLupenko,AtosJJInternational
Asian Jiu-Jitsu IBJJF Championship 2016,Adult/Male/Purple/Medium-Heavy,3,BryanLim,AtosJiu,Jitsu
Asian Jiu-Jitsu IBJJF Championship 2016,Adult/Male/Purple/Medium-Heavy,3,JonBenjaminBatac,RibeiroJiu,Jitsu
Asian Jiu-Jitsu IBJJF Championship 2016,Adult/Male/Purple/Heavy,1,AlicDzevad,InfightJapanJiu,Jitsu
Asian Jiu-Jitsu IBJJF Championship 2016,Adult/Male/Purple/Heavy,2,SanniWehbe,RABJJAcademy
Asian Jiu-Jitsu IBJJF Championship 2016,Adult/Male/Purple/Heavy,3,HidehikoNoritsugu,BuffaloJiu,Jitsu
Asian Jiu-Jitsu IBJJF Championship 2016,Adult/Male/Purple/Heavy,3,MyunghyunKang,RatelBJJ
Asian Jiu-Jitsu IBJJF Championship 2016,Adult/Male/Purple/Ultra-Heavy,1,RashidMatthews,Hall,GracieEliteTeamAmerica
Asian Jiu-Jitsu IBJJF Championship 2016,Adult/Male/Purple/OpenClass,1,AlicDzevad,InfightJapanJiu,Jitsu
Asian Jiu-Jitsu IBJJF Championship 2016,Adult/Male/Purple/OpenClass,2,HirosawaLucas,InfightJapanJiu,Jitsu
Asian Jiu-Jitsu IBJJF Championship 2016,Adult/Male/Purple/OpenClass,3,HidehikoNoritsugu,BuffaloJiu,Jitsu
Asian Jiu-Jitsu IBJJF Championship 2016,Adult/Male/Purple/OpenClass,3,YiYuan,EquilibriumMixedMartialArts
Asian Jiu-Jitsu IBJJF Championship 2016,Adult/Male/Brown/Rooster,1,KaiYanCheng,HongKongJiu,Jitsu
Asian Jiu-Jitsu IBJJF Championship 2016,Adult/Male/Brown/Rooster,2,NobuhiroSawada,Tri,ForceJiu,JitsuAcademy
Asian Jiu-Jitsu IBJJF Championship 2016,Adult/Male/Brown/Rooster,3,TaisukeKatayama,CarpeDiem
Asian Jiu-Jitsu IBJJF Championship 2016,Adult/Male/Brown/Light-Feather,1,GyeongseopLee,Tri,ForceJiu,JitsuAcademy
Asian Jiu-Jitsu IBJJF Championship 2016,Adult/Male/Brown/Light-Feather,2,ErosVincentBaluyot,AtosJiu,Jitsu
Asian Jiu-Jitsu IBJJF Championship 2016,Adult/Male/Brown/Light-Feather,3,JunpeiKawasaki,Paraestra
Asian Jiu-Jitsu IBJJF Championship 2016,Adult/Male/Brown/Light-Feather,3,NiltonDosSantosQueirozJunior,ImpactoJapanB.J.J.
Asian Jiu-Jitsu IBJJF Championship 2016,Adult/Male/Brown/Feather,1,BareumLee,RootsTeam
Asian Jiu-Jitsu IBJJF Championship 2016,Adult/Male/Brown/Feather,2,KevinJosephCruz,CarlsonGracieInternational
Asian Jiu-Jitsu IBJJF Championship 2016,Adult/Male/Brown/Feather,3,KoyaOkazaki,CarpeDiem
Asian Jiu-Jitsu IBJJF Championship 2016,Adult/Male/Brown/Feather,3,YukiIura,TeamBarbosaJapanTokyo
Asian Jiu-Jitsu IBJJF Championship 2016,Adult/Male/Brown/Light,1,RobsonEncisoTakano,DammFightJapan
Asian Jiu-Jitsu IBJJF Championship 2016,Adult/Male/Brown/Light,2,GenAdachi,PogonaClubGym
Asian Jiu-Jitsu IBJJF Championship 2016,Adult/Male/Brown/Light,3,KeitaInoue,GrounndCore
Asian Jiu-Jitsu IBJJF Championship 2016,Adult/Male/Brown/Light,3,NaofumiGeki,ItadakiJiu,Jitsu
Asian Jiu-Jitsu IBJJF Championship 2016,Adult/Male/Brown/Middle,1,ThomasJohnKeenan,GDJiu,JitsuAssociation
Asian Jiu-Jitsu IBJJF Championship 2016,Adult/Male/Brown/Middle,2,AdrianGuggenheim,AtosJiu,Jitsu
Asian Jiu-Jitsu IBJJF Championship 2016,Adult/Male/Brown/Middle,3,ConorPatrickWaffle,RelsonGracie
Asian Jiu-Jitsu IBJJF Championship 2016,Adult/Male/Brown/Middle,3,ThomasMietz,CarpeDiem
Asian Jiu-Jitsu IBJJF Championship 2016,Adult/Male/Brown/Medium-Heavy,1,DominiqueL.Bell,AtosJiu,Jitsu
Asian Jiu-Jitsu IBJJF Championship 2016,Adult/Male/Brown/Medium-Heavy,2,HyeonRaeLee,KJCompetitionTeam
Asian Jiu-Jitsu IBJJF Championship 2016,Adult/Male/Brown/Heavy,1,EriksonRafaelTavaresTakeushi,ImpactoJapanB.J.J.
Asian Jiu-Jitsu IBJJF Championship 2016,Adult/Male/Brown/Heavy,2,DuYunlai,GracieBarra
Asian Jiu-Jitsu IBJJF Championship 2016,Adult/Male/Brown/Ultra-Heavy,1,JoshuaDominicGuerra,GDJiu,JitsuAssociation
Asian Jiu-Jitsu IBJJF Championship 2016,Adult/Male/Brown/Ultra-Heavy,2,HyungcheulKim,AtosJiu,Jitsu
Asian Jiu-Jitsu IBJJF Championship 2016,Adult/Male/Brown/OpenClass,1,DominiqueL.Bell,AtosJiu,Jitsu
Asian Jiu-Jitsu IBJJF Championship 2016,Adult/Male/Brown/OpenClass,2,ThomasMietz,CarpeDiem
Asian Jiu-Jitsu IBJJF Championship 2016,Adult/Male/Brown/OpenClass,3,DuYunlai,GracieBarra
Asian Jiu-Jitsu IBJJF Championship 2016,Adult/Male/Brown/OpenClass,3,JoshuaDominicGuerra,GDJiu,JitsuAssociation
Asian Jiu-Jitsu IBJJF Championship 2016,Adult/Male/Black/Rooster,1,TomoyukiHashimoto,CarpeDiem
Asian Jiu-Jitsu IBJJF Championship 2016,Adult/Male/Black/Rooster,2,KojiShibamoto,Tri,ForceJiu,JitsuAcademy
Asian Jiu-Jitsu IBJJF Championship 2016,Adult/Male/Black/Rooster,3,MasaakiTodokoro,Paraestra
Asian Jiu-Jitsu IBJJF Championship 2016,Adult/Male/Black/Rooster,3,TaroKimura,Dragon'sDen
Asian Jiu-Jitsu IBJJF Championship 2016,Adult/Male/Black/Light-Feather,1,YutaShimada,Nexusense
Asian Jiu-Jitsu IBJJF Championship 2016,Adult/Male/Black/Light-Feather,2,KazuhiroMiyachi,ShootoGymRoots
Asian Jiu-Jitsu IBJJF Championship 2016,Adult/Male/Black/Light-Feather,3,HideyukiYamada,Tri,ForceJiu,JitsuAcademy
Asian Jiu-Jitsu IBJJF Championship 2016,Adult/Male/Black/Light-Feather,3,ReneEduardoLopez,DunhamJiu,Jitsu
Asian Jiu-Jitsu IBJJF Championship 2016,Adult/Male/Black/Feather,1,DaisukeShiraki,CarpeDiemHope
Asian Jiu-Jitsu IBJJF Championship 2016,Adult/Male/Black/Feather,2,WankiChae,JohnFranklJiu,Jitsu
Asian Jiu-Jitsu IBJJF Championship 2016,Adult/Male/Black/Feather,3,CharlesGasparCosta,ImpactoJapanB.J.J.
Asian Jiu-Jitsu IBJJF Championship 2016,Adult/Male/Black/Feather,3,IchitaroTsukada,DammFightJapan
Asian Jiu-Jitsu IBJJF Championship 2016,Adult/Male/Black/Light,1,RodrigoBeneditoCaporal,AtosJiu,Jitsu
Asian Jiu-Jitsu IBJJF Championship 2016,Adult/Male/Black/Light,2,MasahiroIwasaki,CarpeDiem
Asian Jiu-Jitsu IBJJF Championship 2016,Adult/Male/Black/Light,3,AkiraHosokawa,CarpeDiem
Asian Jiu-Jitsu IBJJF Championship 2016,Adult/Male/Black/Light,3,TannoRobsonOdilio,InfightJapanJiu,Jitsu
Asian Jiu-Jitsu IBJJF Championship 2016,Adult/Male/Black/Middle,1,RobertoSatoshideSouza,AtosJiu,Jitsu
Asian Jiu-Jitsu IBJJF Championship 2016,Adult/Male/Black/Middle,2,RodrigoGonçalvesMartinsTeixeira,GFTeamInternational
Asian Jiu-Jitsu IBJJF Championship 2016,Adult/Male/Black/Middle,3,AlexandreOgawa,OgawaJiuJitsu
Asian Jiu-Jitsu IBJJF Championship 2016,Adult/Male/Black/Middle,3,MichaelRemiglioLieraJr.,AtosJiu,Jitsu
Asian Jiu-Jitsu IBJJF Championship 2016,Adult/Male/Black/Medium-Heavy,1,ClaudioCalasansCamargoJúnior,AtosJiu,Jitsu
Asian Jiu-Jitsu IBJJF Championship 2016,Adult/Male/Black/Medium-Heavy,2,AlecJerrodBaulding,AllianceAtlanta
Asian Jiu-Jitsu IBJJF Championship 2016,Adult/Male/Black/Medium-Heavy,3,LeandrodeSouzaKussano,OverLimitBJJ
Asian Jiu-Jitsu IBJJF Championship 2016,Adult/Male/Black/Medium-Heavy,3,NathanAlbrechtMendelsohn,Coalition95
Asian Jiu-Jitsu IBJJF Championship 2016,Adult/Male/Black/Heavy,1,VitorFabioMartinsToledo,AtosJiu,Jitsu
Asian Jiu-Jitsu IBJJF Championship 2016,Adult/Male/Black/Heavy,2,RenatoCecílioSilva,SouthsideBrazilianJiu,Jitsu
Asian Jiu-Jitsu IBJJF Championship 2016,Adult/Male/Black/Heavy,3,ReidJamesReale,deBeen100%Jiu,Jitsu
Asian Jiu-Jitsu IBJJF Championship 2016,Adult/Male/Black/Heavy,3,VicenteGomesC.N.Cavalcanti,SouthsideBrazilianJiu,Jitsu
Asian Jiu-Jitsu IBJJF Championship 2016,Adult/Male/Black/Super-Heavy,1,EliotAndrewKelly,YemasoBrazilianJiu,Jitsu
Asian Jiu-Jitsu IBJJF Championship 2016,Adult/Male/Black/Super-Heavy,2,FelipeMenezesBueno,AllianceSP
Asian Jiu-Jitsu IBJJF Championship 2016,Adult/Male/Black/Super-Heavy,3,JulioAugustoGomesGuerra,GracieBarra
Asian Jiu-Jitsu IBJJF Championship 2016,Adult/Male/Black/Super-Heavy,3,LuanChiranoArouca,OgawaJiuJitsu
Asian Jiu-Jitsu IBJJF Championship 2016,Adult/Male/Black/Ultra-Heavy,1,HidekiSekine,AtosJiu,Jitsu
Asian Jiu-Jitsu IBJJF Championship 2016,Adult/Male/Black/Ultra-Heavy,2,JosephMokuKahawaiJr.,AtosJiu,Jitsu
Asian Jiu-Jitsu IBJJF Championship 2016,Adult/Male/Black/Ultra-Heavy,3,HyunKabPark,JohnFranklJiu,Jitsu
Asian Jiu-Jitsu IBJJF Championship 2016,Adult/Male/Black/Ultra-Heavy,3,MartinJohannesGobel,GCPGodzillaCompetitionProject
Asian Jiu-Jitsu IBJJF Championship 2016,Adult/Male/Black/OpenClass,1,ClaudioCalasansCamargoJúnior,AtosJiu,Jitsu
Asian Jiu-Jitsu IBJJF Championship 2016,Adult/Male/Black/OpenClass,2,LeandrodeSouzaKussano,OverLimitBJJ
Asian Jiu-Jitsu IBJJF Championship 2016,Adult/Male/Black/OpenClass,3,EliotAndrewKelly,YemasoBrazilianJiu,Jitsu
Asian Jiu-Jitsu IBJJF Championship 2016,Adult/Male/Black/OpenClass,3,NathanAlbrechtMendelsohn,Coalition95
Asian Jiu-Jitsu IBJJF Championship 2016,Adult/Female/White/Rooster,1,DaniellaPalanca,CheckmatCDJJTokyo
Asian Jiu-Jitsu IBJJF Championship 2016,Adult/Female/White/Rooster,2,LisaKatsura,MaxJiuJitsuAcademy
Asian Jiu-Jitsu IBJJF Championship 2016,Adult/Female/White/Rooster,3,MarieMiwa,CarpeDiem
Asian Jiu-Jitsu IBJJF Championship 2016,Adult/Female/White/Rooster,3,VanessaZyraBayudan,PurebredJiuJitsuGuam
Asian Jiu-Jitsu IBJJF Championship 2016,Adult/Female/White/Light-Feather,1,YangluZhang,ShanghaiBJJ(SHBJJ)
Asian Jiu-Jitsu IBJJF Championship 2016,Adult/Female/White/Light-Feather,2,YiWenLai,TaiwanBJJ
Asian Jiu-Jitsu IBJJF Championship 2016,Adult/Female/White/Light-Feather,3,SuyeonLee,JohnFranklJiu,Jitsu
Asian Jiu-Jitsu IBJJF Championship 2016,Adult/Female/White/Light-Feather,3,TakataNagisa,ImpactoJapanB.J.J.
Asian Jiu-Jitsu IBJJF Championship 2016,Adult/Female/White/Feather,1,RebeccaBursnoll,LucioSergioBJJLifestyle
Asian Jiu-Jitsu IBJJF Championship 2016,Adult/Female/White/Feather,2,EunjuShin,ClarkGracieTeamInternational
Asian Jiu-Jitsu IBJJF Championship 2016,Adult/Female/White/Feather,3,MiriamKatayama,KatayamaJiu,Jitsu
Asian Jiu-Jitsu IBJJF Championship 2016,Adult/Female/White/Feather,3,SaikoSugawara,Strapple
Asian Jiu-Jitsu IBJJF Championship 2016,Adult/Female/White/Light,1,IrisKarjalainen,FrotaTeamNogueira
Asian Jiu-Jitsu IBJJF Championship 2016,Adult/Female/White/Light,2,KaraDuenas,PurebredJiuJitsuGuam
Asian Jiu-Jitsu IBJJF Championship 2016,Adult/Female/White/Light,3,AmandaCastro,BonsaiJJ,Guam
Asian Jiu-Jitsu IBJJF Championship 2016,Adult/Female/White/Light,3,WinnieNg,GFTeamInternational
Asian Jiu-Jitsu IBJJF Championship 2016,Adult/Female/White/Middle,1,KimJisoo,KJCompetitionTeam
Asian Jiu-Jitsu IBJJF Championship 2016,Adult/Female/White/Middle,2,PatrishaAnnManlulu,CarlsonGracieInternational
Asian Jiu-Jitsu IBJJF Championship 2016,Adult/Female/White/Middle,3,SarahJaneMcCann,PurebredOmiya
Asian Jiu-Jitsu IBJJF Championship 2016,Adult/Female/White/Middle,3,TishanaSablan,BonsaiJJ,Guam
Asian Jiu-Jitsu IBJJF Championship 2016,Adult/Female/White/Medium-Heavy,1,EmilieOcampo,BonsaiJJ,Guam
Asian Jiu-Jitsu IBJJF Championship 2016,Adult/Female/White/Medium-Heavy,2,BroganRogers,CheckMat
Asian Jiu-Jitsu IBJJF Championship 2016,Adult/Female/White/Heavy,1,JessicaWellmaker,RABJJAcademy
Asian Jiu-Jitsu IBJJF Championship 2016,Adult/Female/White/Heavy,2,DanjieZhou,GracieBarra
Asian Jiu-Jitsu IBJJF Championship 2016,Adult/Female/White/Super-Heavy,1,JessecaValencia,PurebredJiuJitsuGuam
Asian Jiu-Jitsu IBJJF Championship 2016,Adult/Female/Blue/Rooster,1,HarukiIshiguro,Bull,TerrierBonsai
Asian Jiu-Jitsu IBJJF Championship 2016,Adult/Female/Blue/Rooster,2,BettyHu,AtosJiu,Jitsu
Asian Jiu-Jitsu IBJJF Championship 2016,Adult/Female/Blue/Rooster,3,DeniseJoannaTan,AtosJiu,Jitsu
Asian Jiu-Jitsu IBJJF Championship 2016,Adult/Female/Blue/Rooster,3,LaurenThompson,MarombaAcademiaInternational
Asian Jiu-Jitsu IBJJF Championship 2016,Adult/Female/Blue/Light-Feather,1,DasomSeo,ClarkGracieTeamInternational
Asian Jiu-Jitsu IBJJF Championship 2016,Adult/Female/Blue/Light-Feather,2,HongYunha,DeLaRivaInternational
Asian Jiu-Jitsu IBJJF Championship 2016,Adult/Female/Blue/Light-Feather,3,Sue,annTan,GFTeamInternational
Asian Jiu-Jitsu IBJJF Championship 2016,Adult/Female/Blue/Light-Feather,3,YoonMinBae,JohnFranklJiu,Jitsu
Asian Jiu-Jitsu IBJJF Championship 2016,Adult/Female/Blue/Feather,1,DayanaHuruta,OverLimitBJJ
Asian Jiu-Jitsu IBJJF Championship 2016,Adult/Female/Blue/Feather,2,JisunKim,RootsBJJ
Asian Jiu-Jitsu IBJJF Championship 2016,Adult/Female/Blue/Feather,3,KananiGuerra,GDJiu,JitsuAssociation
Asian Jiu-Jitsu IBJJF Championship 2016,Adult/Female/Blue/Feather,3,SarahFlores,GDJiu,JitsuAssociation
Asian Jiu-Jitsu IBJJF Championship 2016,Adult/Female/Blue/Light,1,ChingWenHuang,ClubeDeportivoLinceTeam
Asian Jiu-Jitsu IBJJF Championship 2016,Adult/Female/Blue/Light,2,JanAbigaelTan,BJJRevolutionTeam,International
Asian Jiu-Jitsu IBJJF Championship 2016,Adult/Female/Blue/Light,3,AndreaLoisLao,AtosJiu,Jitsu
Asian Jiu-Jitsu IBJJF Championship 2016,Adult/Female/Blue/Light,3,MariiaShamina,IsshinJiujitsuAcademy
Asian Jiu-Jitsu IBJJF Championship 2016,Adult/Female/Blue/Middle,1,DayeonLee,JohnFranklJiu,Jitsu
Asian Jiu-Jitsu IBJJF Championship 2016,Adult/Female/Blue/Middle,2,AudreyKua,FaMABJJ
Asian Jiu-Jitsu IBJJF Championship 2016,Adult/Female/Blue/Medium-Heavy,1,OtaniMiyu,PurebredSapporo
Asian Jiu-Jitsu IBJJF Championship 2016,Adult/Female/Blue/Super-Heavy,1,StéphanieImamuraBatista,OverLimitBJJ
Asian Jiu-Jitsu IBJJF Championship 2016,Adult/Female/Blue/OpenClass,1,OtaniMiyu,PurebredSapporo
Asian Jiu-Jitsu IBJJF Championship 2016,Adult/Female/Blue/OpenClass,2,StéphanieImamuraBatista,OverLimitBJJ
Asian Jiu-Jitsu IBJJF Championship 2016,Adult/Female/Blue/OpenClass,3,ChingWenHuang,ClubeDeportivoLinceTeam
Asian Jiu-Jitsu IBJJF Championship 2016,Adult/Female/Blue/OpenClass,3,JanAbigaelTan,BJJRevolutionTeam,International
Asian Jiu-Jitsu IBJJF Championship 2016,Adult/Female/Purple/Rooster,1,AyaMatsumoto,Dragon'sDen
Asian Jiu-Jitsu IBJJF Championship 2016,Adult/Female/Purple/Rooster,2,MargaritaPradoOchoa,AtosJiu,Jitsu
Asian Jiu-Jitsu IBJJF Championship 2016,Adult/Female/Purple/Rooster,3,KessyaTakeuchiLoio,AtosJiu,Jitsu
Asian Jiu-Jitsu IBJJF Championship 2016,Adult/Female/Purple/Rooster,3,MikaArakawa,CarpeDiemNagasaki
Asian Jiu-Jitsu IBJJF Championship 2016,Adult/Female/Purple/Light-Feather,1,MaikoKurogi,AxisJiu,Jitsu
Asian Jiu-Jitsu IBJJF Championship 2016,Adult/Female/Purple/Light-Feather,2,EunMiLee,KJCompetitionTeam
Asian Jiu-Jitsu IBJJF Championship 2016,Adult/Female/Purple/Light-Feather,3,ArleneLim(repetido117289),GFTeam
Asian Jiu-Jitsu IBJJF Championship 2016,Adult/Female/Purple/Light-Feather,3,MarikoWatanabe,Tri,ForceJiu,JitsuAcademy
Asian Jiu-Jitsu IBJJF Championship 2016,Adult/Female/Purple/Feather,1,GeorginaContelGallego,AtosJiu,Jitsu
Asian Jiu-Jitsu IBJJF Championship 2016,Adult/Female/Purple/Feather,2,JieMiao,ShanghaiBJJ(SHBJJ)
Asian Jiu-Jitsu IBJJF Championship 2016,Adult/Female/Purple/Feather,3,AnnieRamirez,CheckmatCDJJTokyo
Asian Jiu-Jitsu IBJJF Championship 2016,Adult/Female/Purple/Feather,3,MaryWildner,Legacy
Asian Jiu-Jitsu IBJJF Championship 2016,Adult/Female/Purple/Light,1,MargotCiccarelli,AtosJiu,Jitsu
Asian Jiu-Jitsu IBJJF Championship 2016,Adult/Female/Purple/Light,2,jenniferperez,EastonBJJ
Asian Jiu-Jitsu IBJJF Championship 2016,Adult/Female/Purple/Light,3,AprylEppinger,MarombaAcademiaInternational
Asian Jiu-Jitsu IBJJF Championship 2016,Adult/Female/Purple/Light,3,SimoneKussano,OverLimitBJJ
Asian Jiu-Jitsu IBJJF Championship 2016,Adult/Female/Purple/Heavy,1,DemiLeeButler,MarombaAcademiaInternational
Asian Jiu-Jitsu IBJJF Championship 2016,Adult/Female/Purple/Heavy,2,TammyLorraineEmmsley,GDJiu,JitsuAssociation
Asian Jiu-Jitsu IBJJF Championship 2016,Adult/Female/Purple/Heavy,3,AmeliaLui,AtosJiu,Jitsu
Asian Jiu-Jitsu IBJJF Championship 2016,Adult/Female/Purple/Heavy,3,ArialFitzner,FujitaJiu,Jitsu
Asian Jiu-Jitsu IBJJF Championship 2016,Adult/Female/Purple/OpenClass,1,GeorginaContelGallego,AtosJiu,Jitsu
Asian Jiu-Jitsu IBJJF Championship 2016,Adult/Female/Purple/OpenClass,2,AmeliaLui,AtosJiu,Jitsu
Asian Jiu-Jitsu IBJJF Championship 2016,Adult/Female/Purple/OpenClass,3,JieMiao,ShanghaiBJJ(SHBJJ)
Asian Jiu-Jitsu IBJJF Championship 2016,Adult/Female/Purple/OpenClass,3,MaikoKurogi,AxisJiu,Jitsu
Asian Jiu-Jitsu IBJJF Championship 2016,Adult/Female/Brown/Light-Feather,1,LiwiaGluchowska,MarombaAcademiaInternational
Asian Jiu-Jitsu IBJJF Championship 2016,Adult/Female/Brown/Light-Feather,2,MaybellineC.Masuda,RibeiroJiu,Jitsu
Asian Jiu-Jitsu IBJJF Championship 2016,Adult/Female/Brown/Feather,1,KateWilson,BrazilianTopTeamInt.
Asian Jiu-Jitsu IBJJF Championship 2016,Adult/Female/Brown/Feather,2,CarolinaCarriello,GracieBarra
Asian Jiu-Jitsu IBJJF Championship 2016,Adult/Female/Brown/Feather,3,MikiNakao,HiroBJJAcademyYokohama
Asian Jiu-Jitsu IBJJF Championship 2016,Adult/Female/Brown/Light,1,DanielleReneeAlvarez,LEADBJJ
Asian Jiu-Jitsu IBJJF Championship 2016,Adult/Female/Brown/Light,2,YukiKaneko,Paraestra
Asian Jiu-Jitsu IBJJF Championship 2016,Adult/Female/Brown/Light,3,KathYamada,RochaJiuJitsu
Asian Jiu-Jitsu IBJJF Championship 2016,Adult/Female/Brown/Light,3,LauraHondorp,GracieBarra
Asian Jiu-Jitsu IBJJF Championship 2016,Adult/Female/Brown/OpenClass,1,CarolinaCarriello,GracieBarra
Asian Jiu-Jitsu IBJJF Championship 2016,Adult/Female/Brown/OpenClass,2,LauraHondorp,GracieBarra
Asian Jiu-Jitsu IBJJF Championship 2016,Adult/Female/Brown/OpenClass,3,LiwiaGluchowska,MarombaAcademiaInternational
Asian Jiu-Jitsu IBJJF Championship 2016,Adult/Female/Brown/OpenClass,3,MaybellineC.Masuda,RibeiroJiu,Jitsu
Asian Jiu-Jitsu IBJJF Championship 2016,Adult/Female/Black/Light-Feather,1,KristinaSofiaPurugananBarlaan,CaioTerraAssociation
Asian Jiu-Jitsu IBJJF Championship 2016,Adult/Female/Black/Light-Feather,2,SaoriShibamoto,Tri,ForceJiu,JitsuAcademy
Asian Jiu-Jitsu IBJJF Championship 2016,Adult/Female/Black/Light,1,MackenzieLynneDern,GracieHumaita
Asian Jiu-Jitsu IBJJF Championship 2016,Adult/Female/Black/Middle,1,IsabelledeSouza,ImpactoJapanB.J.J.
Asian Jiu-Jitsu IBJJF Championship 2016,Adult/Female/Black/OpenClass,1,MackenzieLynneDern,GracieHumaita
Asian Jiu-Jitsu IBJJF Championship 2016,Adult/Female/Black/OpenClass,2,IsabelledeSouza,ImpactoJapanB.J.J.
Asian Jiu-Jitsu IBJJF Championship 2016,Master1/Male/White/Light-Feather,1,KimJin,Jiu,JitsuLab
Asian Jiu-Jitsu IBJJF Championship 2016,Master1/Male/White/Light-Feather,2,ChoongHwanYoo,KJCompetitionTeam
Asian Jiu-Jitsu IBJJF Championship 2016,Master1/Male/White/Light-Feather,3,EliasToledo,RibeiroJiu,Jitsu
Asian Jiu-Jitsu IBJJF Championship 2016,Master1/Male/White/Light-Feather,3,KaLokChan,BJJRevolutionTeam,International
Asian Jiu-Jitsu IBJJF Championship 2016,Master1/Male/White/Feather,1,OzekiAdriano,ImpactoJapanB.J.J.
Asian Jiu-Jitsu IBJJF Championship 2016,Master1/Male/White/Feather,2,GeraldPatrickSuarez,RibeiroJiu,Jitsu
Asian Jiu-Jitsu IBJJF Championship 2016,Master1/Male/White/Feather,3,MatthewDavidManuel,RibeiroJiu,Jitsu
Asian Jiu-Jitsu IBJJF Championship 2016,Master1/Male/White/Feather,3,RyanDistor,PurebredJiuJitsuGuam
Asian Jiu-Jitsu IBJJF Championship 2016,Master1/Male/White/Light,1,ChoiYoungDong,Jiu,JitsuLab
Asian Jiu-Jitsu IBJJF Championship 2016,Master1/Male/White/Light,2,DubucJulien,NovaUnião
Asian Jiu-Jitsu IBJJF Championship 2016,Master1/Male/White/Light,3,AlexanderBenikov,GDJiu,JitsuAssociation
Asian Jiu-Jitsu IBJJF Championship 2016,Master1/Male/White/Light,3,JoshuaSisneros,RABJJAcademy
Asian Jiu-Jitsu IBJJF Championship 2016,Master1/Male/White/Middle,1,DooyoungGwon,AtosJiu,Jitsu
Asian Jiu-Jitsu IBJJF Championship 2016,Master1/Male/White/Middle,2,JasonTablante,AtosJiu,Jitsu
Asian Jiu-Jitsu IBJJF Championship 2016,Master1/Male/White/Middle,3,AlexMckemey,GFTeamInternational
Asian Jiu-Jitsu IBJJF Championship 2016,Master1/Male/White/Middle,3,ChristopherGunn,Tri,ForceJiu,JitsuAcademy
Asian Jiu-Jitsu IBJJF Championship 2016,Master1/Male/White/Medium-Heavy,1,FernandoBenoki,CheckmatCDJJTokyo
Asian Jiu-Jitsu IBJJF Championship 2016,Master1/Male/White/Medium-Heavy,2,BaeJeongHo,Jiu,JitsuLab
Asian Jiu-Jitsu IBJJF Championship 2016,Master1/Male/White/Medium-Heavy,3,HyunSeokJung,ClarkGracieTeamInternational
Asian Jiu-Jitsu IBJJF Championship 2016,Master1/Male/White/Medium-Heavy,3,WonkyoChoi,ClarkGracieTeamInternational
Asian Jiu-Jitsu IBJJF Championship 2016,Master1/Male/White/Heavy,1,RaymondShinohara,PurebredJiuJitsuGuam
Asian Jiu-Jitsu IBJJF Championship 2016,Master1/Male/White/Heavy,2,KimHeechul,DeLaRivaInternational
Asian Jiu-Jitsu IBJJF Championship 2016,Master1/Male/White/Super-Heavy,1,OhSeWon,Jiu,JitsuLab
Asian Jiu-Jitsu IBJJF Championship 2016,Master1/Male/White/Super-Heavy,2,WilliamDunkley,BJJRevolutionTeam,International
Asian Jiu-Jitsu IBJJF Championship 2016,Master1/Male/White/Super-Heavy,3,PhillipCruzJr,CarlsonGracieInternational
Asian Jiu-Jitsu IBJJF Championship 2016,Master1/Male/White/Ultra-Heavy,1,EduardoMoriyukiTamashiro,ImpactoJapanB.J.J.
Asian Jiu-Jitsu IBJJF Championship 2016,Master1/Male/White/Ultra-Heavy,2,ArielDeGuzman,RibeiroJiu,Jitsu
Asian Jiu-Jitsu IBJJF Championship 2016,Master1/Male/Blue/Rooster,1,AyashirouKurisu,NewazaWorldShinagawa
Asian Jiu-Jitsu IBJJF Championship 2016,Master1/Male/Blue/Rooster,2,MohdFouzeinMohdFozi,TeamBudaInternational
Asian Jiu-Jitsu IBJJF Championship 2016,Master1/Male/Blue/Rooster,3,SakudaKohhei,ParaestraChiba
Asian Jiu-Jitsu IBJJF Championship 2016,Master1/Male/Blue/Light-Feather,1,SehoMa,ClarkGracieTeamInternational
Asian Jiu-Jitsu IBJJF Championship 2016,Master1/Male/Blue/Light-Feather,2,NobuyukiNishino,StrappleWasedaHirumaDojo
Asian Jiu-Jitsu IBJJF Championship 2016,Master1/Male/Blue/Light-Feather,3,DeokhanJeong,AtosJiu,Jitsu
Asian Jiu-Jitsu IBJJF Championship 2016,Master1/Male/Blue/Light-Feather,3,TathuroUehara,Nexusense
Asian Jiu-Jitsu IBJJF Championship 2016,Master1/Male/Blue/Feather,1,LesterYao,AtosJiu,Jitsu
Asian Jiu-Jitsu IBJJF Championship 2016,Master1/Male/Blue/Feather,2,ElmarJohnValmores,OverLimitBJJ
Asian Jiu-Jitsu IBJJF Championship 2016,Master1/Male/Blue/Feather,3,HiroshiKoshizuka,Tri,ForceJiu,JitsuAcademy
Asian Jiu-Jitsu IBJJF Championship 2016,Master1/Male/Blue/Feather,3,JeromeHusson,CarpeDiem
Asian Jiu-Jitsu IBJJF Championship 2016,Master1/Male/Blue/Light,1,TeruGoto,InfightJapanJiu,Jitsu
Asian Jiu-Jitsu IBJJF Championship 2016,Master1/Male/Blue/Light,2,XiaoBo,GracieBarra
Asian Jiu-Jitsu IBJJF Championship 2016,Master1/Male/Blue/Light,3,ChrisJasonGaffud,RibeiroJiu,Jitsu
Asian Jiu-Jitsu IBJJF Championship 2016,Master1/Male/Blue/Light,3,SylvainSergent,Tri,ForceJiu,JitsuAcademy
Asian Jiu-Jitsu IBJJF Championship 2016,Master1/Male/Blue/Middle,1,HenryParker,AtosJiu,Jitsu
Asian Jiu-Jitsu IBJJF Championship 2016,Master1/Male/Blue/Middle,2,FredNagle,BJJRevolutionTeam,International
Asian Jiu-Jitsu IBJJF Championship 2016,Master1/Male/Blue/Middle,3,HanJaegook,DeLaRivaInternational
Asian Jiu-Jitsu IBJJF Championship 2016,Master1/Male/Blue/Middle,3,InKwangKim,Jiu,JitsuLab
Asian Jiu-Jitsu IBJJF Championship 2016,Master1/Male/Blue/Medium-Heavy,1,SangwooOh,ClarkGracieTeamInternational
Asian Jiu-Jitsu IBJJF Championship 2016,Master1/Male/Blue/Medium-Heavy,2,ParkHyoseong,DeLaRivaJJ
Asian Jiu-Jitsu IBJJF Championship 2016,Master1/Male/Blue/Medium-Heavy,3,LeeJehui,DeLaRivaInternational
Asian Jiu-Jitsu IBJJF Championship 2016,Master1/Male/Blue/Medium-Heavy,3,RoyNaquinNaquin,MaxJiuJitsuAcademy
Asian Jiu-Jitsu IBJJF Championship 2016,Master1/Male/Blue/Heavy,1,AlexandreShinItiOkamoto,Paraestra
Asian Jiu-Jitsu IBJJF Championship 2016,Master1/Male/Blue/Heavy,2,ManseoKim,AtosJiu,Jitsu
Asian Jiu-Jitsu IBJJF Championship 2016,Master1/Male/Blue/Heavy,3,BernardoJr.Florendo,RibeiroJiu,Jitsu
Asian Jiu-Jitsu IBJJF Championship 2016,Master1/Male/Blue/Heavy,3,CesarIkari,ImpactoJapanB.J.J.
Asian Jiu-Jitsu IBJJF Championship 2016,Master1/Male/Blue/Super-Heavy,1,AndrewLewis,CarlsonGracieInternational
Asian Jiu-Jitsu IBJJF Championship 2016,Master1/Male/Blue/Super-Heavy,2,KazuyaSakai,MaxJiuJitsuAcademy
Asian Jiu-Jitsu IBJJF Championship 2016,Master1/Male/Blue/Ultra-Heavy,1,KeithWilliams,CarlsonGracieInternational
Asian Jiu-Jitsu IBJJF Championship 2016,Master1/Male/Blue/Ultra-Heavy,2,NaranpurevJantsanbal,MongolianBJJ
Asian Jiu-Jitsu IBJJF Championship 2016,Master1/Male/Blue/OpenClass,1,SangwooOh,ClarkGracieTeamInternational
Asian Jiu-Jitsu IBJJF Championship 2016,Master1/Male/Blue/OpenClass,2,NaranpurevJantsanbal,MongolianBJJ
Asian Jiu-Jitsu IBJJF Championship 2016,Master1/Male/Blue/OpenClass,3,KeithWilliams,CarlsonGracieInternational
Asian Jiu-Jitsu IBJJF Championship 2016,Master1/Male/Blue/OpenClass,3,LeeJehui,DeLaRivaInternational
Asian Jiu-Jitsu IBJJF Championship 2016,Master1/Male/Purple/Rooster,1,GilsonSone,InfightJapanJiu,Jitsu
Asian Jiu-Jitsu IBJJF Championship 2016,Master1/Male/Purple/Rooster,2,TomohikoSato,Tri,ForceJiu,JitsuAcademy
Asian Jiu-Jitsu IBJJF Championship 2016,Master1/Male/Purple/Rooster,3,WilliamBasmayor,OverLimitBJJ
Asian Jiu-Jitsu IBJJF Championship 2016,Master1/Male/Purple/Light-Feather,1,MinjaeKwon,SanaiJiuJitsuAcademy
Asian Jiu-Jitsu IBJJF Championship 2016,Master1/Male/Purple/Light-Feather,2,RyanMohr,MarcoNascimentoBJJ
Asian Jiu-Jitsu IBJJF Championship 2016,Master1/Male/Purple/Light-Feather,3,RayPaulJardon,PurebredJiuJitsuGuam
Asian Jiu-Jitsu IBJJF Championship 2016,Master1/Male/Purple/Light-Feather,3,SteferRahardian,Bali&JakartaMMA
Asian Jiu-Jitsu IBJJF Championship 2016,Master1/Male/Purple/Feather,1,ThiagodeLucasFernandes,ImpactoJapanB.J.J.
Asian Jiu-Jitsu IBJJF Championship 2016,Master1/Male/Purple/Feather,2,hibikimotohiroaki,AxisJiu,Jitsu
Asian Jiu-Jitsu IBJJF Championship 2016,Master1/Male/Purple/Feather,3,LloydCubacub,PurebredJiuJitsuGuam
Asian Jiu-Jitsu IBJJF Championship 2016,Master1/Male/Purple/Feather,3,MasaoNakatani,GrascoJiu,JitsuAcademy
Asian Jiu-Jitsu IBJJF Championship 2016,Master1/Male/Purple/Light,1,SilvaTanakaYasuo,ImpactoJapanB.J.J.
Asian Jiu-Jitsu IBJJF Championship 2016,Master1/Male/Purple/Light,2,RodrigoKazuoOzeki,ImpactoJapanB.J.J.
Asian Jiu-Jitsu IBJJF Championship 2016,Master1/Male/Purple/Light,3,DannyKou,Brazil021International
Asian Jiu-Jitsu IBJJF Championship 2016,Master1/Male/Purple/Light,3,KyunghoonKim,JiuJitsuWorld
Asian Jiu-Jitsu IBJJF Championship 2016,Master1/Male/Purple/Middle,1,DemitriTelfair,TaiwanBJJ
Asian Jiu-Jitsu IBJJF Championship 2016,Master1/Male/Purple/Middle,2,OliverHayakawa,CheckMat
Asian Jiu-Jitsu IBJJF Championship 2016,Master1/Male/Purple/Middle,3,AlexRayos,RenzoGracieLA
Asian Jiu-Jitsu IBJJF Championship 2016,Master1/Male/Purple/Middle,3,TomoyukiSuda,ScorpionGym
Asian Jiu-Jitsu IBJJF Championship 2016,Master1/Male/Purple/Medium-Heavy,1,DenisGurinenko,GracieBarra
Asian Jiu-Jitsu IBJJF Championship 2016,Master1/Male/Purple/Medium-Heavy,2,EleftheriosChalkiadakis,GFTeamNewCaledonia
Asian Jiu-Jitsu IBJJF Championship 2016,Master1/Male/Purple/Medium-Heavy,3,RaulFernandoSuzuki,DammFightJapan
Asian Jiu-Jitsu IBJJF Championship 2016,Master1/Male/Purple/Super-Heavy,1,IdrisMuhaemin,GuigoJJInternational
Asian Jiu-Jitsu IBJJF Championship 2016,Master1/Male/Purple/Super-Heavy,2,TakaoKobayashi,Paraestra
Asian Jiu-Jitsu IBJJF Championship 2016,Master1/Male/Purple/Super-Heavy,3,GuilhermeStranoCastellan,AllianceSP
Asian Jiu-Jitsu IBJJF Championship 2016,Master1/Male/Purple/Super-Heavy,3,RicardoPena,ImpactoJapanB.J.J.
Asian Jiu-Jitsu IBJJF Championship 2016,Master1/Male/Purple/Ultra-Heavy,1,MinwookKim,JiuJitsuWorld
Asian Jiu-Jitsu IBJJF Championship 2016,Master1/Male/Purple/Ultra-Heavy,2,RodolfodeMenesesOliveira,CheckMat
Asian Jiu-Jitsu IBJJF Championship 2016,Master1/Male/Purple/OpenClass,1,RodolfodeMenesesOliveira,CheckMat
Asian Jiu-Jitsu IBJJF Championship 2016,Master1/Male/Purple/OpenClass,2,MinjaeKwon,SanaiJiuJitsuAcademy
Asian Jiu-Jitsu IBJJF Championship 2016,Master1/Male/Purple/OpenClass,3,DemitriTelfair,TaiwanBJJ
Asian Jiu-Jitsu IBJJF Championship 2016,Master1/Male/Purple/OpenClass,3,ThiagodeLucasFernandes,ImpactoJapanB.J.J.
Asian Jiu-Jitsu IBJJF Championship 2016,Master1/Male/Brown/Light-Feather,1,RintaroIshige,CarpeDiem
Asian Jiu-Jitsu IBJJF Championship 2016,Master1/Male/Brown/Light-Feather,2,JosephWooSunLee,RenzoGracieLA
Asian Jiu-Jitsu IBJJF Championship 2016,Master1/Male/Brown/Light-Feather,3,BrunoFernandoHiroshiIamamoto,ImpactoJapanB.J.J.
Asian Jiu-Jitsu IBJJF Championship 2016,Master1/Male/Brown/Light-Feather,3,TetsuoSugimura,Tri,ForceJiu,JitsuAcademy
Asian Jiu-Jitsu IBJJF Championship 2016,Master1/Male/Brown/Feather,1,NestorPonceIII,AtosJiu,Jitsu
Asian Jiu-Jitsu IBJJF Championship 2016,Master1/Male/Brown/Feather,2,TetsuoOhkawa,GrabakaJiuJitsuClub
Asian Jiu-Jitsu IBJJF Championship 2016,Master1/Male/Brown/Light,1,WonJoonBae,Jiu,JitsuLab
Asian Jiu-Jitsu IBJJF Championship 2016,Master1/Male/Brown/Light,2,AaronMichaelMartinez,Coalition95
Asian Jiu-Jitsu IBJJF Championship 2016,Master1/Male/Brown/Light,3,JosephQ.CruzJr.,PurebredJiuJitsuGuam
Asian Jiu-Jitsu IBJJF Championship 2016,Master1/Male/Brown/Light,3,ScottWilliamDempster,ZenithBJJ,Australia
Asian Jiu-Jitsu IBJJF Championship 2016,Master1/Male/Brown/Middle,1,YunusEmreKarasakal,ShanghaiBJJ(SHBJJ)
Asian Jiu-Jitsu IBJJF Championship 2016,Master1/Male/Brown/Middle,2,RodrigodeSouza,ImpactoJapanB.J.J.
Asian Jiu-Jitsu IBJJF Championship 2016,Master1/Male/Brown/Medium-Heavy,1,KimJinSung,SanaiJiuJitsuAcademy
Asian Jiu-Jitsu IBJJF Championship 2016,Master1/Male/Brown/Heavy,1,MarcVincentAdami,AllianceMarceloGarcia
Asian Jiu-Jitsu IBJJF Championship 2016,Master1/Male/Brown/Ultra-Heavy,1,YujiArai,OverLimitBJJ
Asian Jiu-Jitsu IBJJF Championship 2016,Master1/Male/Brown/OpenClass,1,MarcVincentAdami,AllianceMarceloGarcia
Asian Jiu-Jitsu IBJJF Championship 2016,Master1/Male/Brown/OpenClass,2,YujiArai,OverLimitBJJ
Asian Jiu-Jitsu IBJJF Championship 2016,Master1/Male/Brown/OpenClass,3,RodrigodeSouza,ImpactoJapanB.J.J.
Asian Jiu-Jitsu IBJJF Championship 2016,Master1/Male/Brown/OpenClass,3,YunusEmreKarasakal,ShanghaiBJJ(SHBJJ)
Asian Jiu-Jitsu IBJJF Championship 2016,Master1/Male/Black/Rooster,1,TakuyaYokoyama,GrabakaJiuJitsuClub
Asian Jiu-Jitsu IBJJF Championship 2016,Master1/Male/Black/Rooster,2,MasahikoMorita,NewazaWorld
Asian Jiu-Jitsu IBJJF Championship 2016,Master1/Male/Black/Light-Feather,1,JordyA.JeanAntoonPeute,GracieBarra
Asian Jiu-Jitsu IBJJF Championship 2016,Master1/Male/Black/Light-Feather,2,TabaAgnaldoMassao,CoolChampClub
Asian Jiu-Jitsu IBJJF Championship 2016,Master1/Male/Black/Light-Feather,3,KazuyaSatoh,Paraestra
Asian Jiu-Jitsu IBJJF Championship 2016,Master1/Male/Black/Light-Feather,3,YasushiOokubo,Fellows
Asian Jiu-Jitsu IBJJF Championship 2016,Master1/Male/Black/Feather,1,CarlosAugustoDaSilvaKimura,ImpactoJapanB.J.J.
Asian Jiu-Jitsu IBJJF Championship 2016,Master1/Male/Black/Feather,2,YoshiyukiOonishi,PurebredKawaguchiRedips
Asian Jiu-Jitsu IBJJF Championship 2016,Master1/Male/Black/Feather,3,YasuhitoNakatsuka,Me,We
Asian Jiu-Jitsu IBJJF Championship 2016,Master1/Male/Black/Light,1,BrunoHenriqueAmorim,GracieBarra
Asian Jiu-Jitsu IBJJF Championship 2016,Master1/Male/Black/Light,2,RogerioYoskiSuto,ImpactoJapanB.J.J.
Asian Jiu-Jitsu IBJJF Championship 2016,Master1/Male/Black/Light,3,DonaldMaxFlowers,LegacyJiu,Jitsu,TeamAlbertoCrane
Asian Jiu-Jitsu IBJJF Championship 2016,Master1/Male/Black/Middle,1,JairVicentedeMoraesNeto,AllianceRJ
Asian Jiu-Jitsu IBJJF Championship 2016,Master1/Male/Black/Middle,2,HanselCo,deBeen100%Jiu,Jitsu
Asian Jiu-Jitsu IBJJF Championship 2016,Master1/Male/Black/Middle,3,AllanMarcusOngCo,RibeiroJiu,Jitsu
Asian Jiu-Jitsu IBJJF Championship 2016,Master1/Male/Black/Middle,3,MohammedYousufNabi,CheckMat
Asian Jiu-Jitsu IBJJF Championship 2016,Master1/Male/Black/Medium-Heavy,1,SadayoshiRobertoMotaKurimori,InfightJapanJiu,Jitsu
Asian Jiu-Jitsu IBJJF Championship 2016,Master1/Male/Black/Medium-Heavy,2,LuisSerafim,AtosJiu,Jitsu
Asian Jiu-Jitsu IBJJF Championship 2016,Master1/Male/Black/Medium-Heavy,3,LeeGeewahSeto,CarlsonGracieInternational
Asian Jiu-Jitsu IBJJF Championship 2016,Master1/Male/Black/Heavy,1,PauloRobertoCarvalhoM.deSouzaJunior,AtosJiu,Jitsu
Asian Jiu-Jitsu IBJJF Championship 2016,Master1/Male/Black/Heavy,2,AsaoEvertonRamos,ImpactoJapanB.J.J.
Asian Jiu-Jitsu IBJJF Championship 2016,Master1/Male/Black/Ultra-Heavy,1,LuisGustavoLeiteGalvão,AtosJiu,Jitsu
Asian Jiu-Jitsu IBJJF Championship 2016,Master1/Male/Black/Ultra-Heavy,2,RafaelToyofuku,ToziJiuJitsu
Asian Jiu-Jitsu IBJJF Championship 2016,Master1/Male/Black/OpenClass,1,RogerioYoskiSuto,ImpactoJapanB.J.J.
Asian Jiu-Jitsu IBJJF Championship 2016,Master1/Male/Black/OpenClass,2,BrunoHenriqueAmorim,GracieBarra
Asian Jiu-Jitsu IBJJF Championship 2016,Master1/Male/Black/OpenClass,3,LuisSerafim,AtosJiu,Jitsu
Asian Jiu-Jitsu IBJJF Championship 2016,Master1/Male/Black/OpenClass,3,SadayoshiRobertoMotaKurimori,InfightJapanJiu,Jitsu
Asian Jiu-Jitsu IBJJF Championship 2016,Master1/Female/Blue/Light-Feather,1,AlvinaLim,EvolveMMA
Asian Jiu-Jitsu IBJJF Championship 2016,Master1/Female/Blue/Light-Feather,2,NatashaValentine,BrunoyBetinhoMadrid
Asian Jiu-Jitsu IBJJF Championship 2016,Master1/Female/Blue/Light-Feather,3,HyunjinKim,KJCompetitionTeam
Asian Jiu-Jitsu IBJJF Championship 2016,Master1/Female/Blue/Light-Feather,3,PaulaTeKawa,CarlsonGracieInternational
Asian Jiu-Jitsu IBJJF Championship 2016,Master1/Female/Blue/Feather,1,KatrinaViolaSiozon,RibeiroJiu,Jitsu
Asian Jiu-Jitsu IBJJF Championship 2016,Master1/Female/Blue/Feather,2,SinYingWong,BJJRevolutionTeam,International
Asian Jiu-Jitsu IBJJF Championship 2016,Master1/Female/Blue/Feather,3,EunkyungKim,JiuJitsuWorld
Asian Jiu-Jitsu IBJJF Championship 2016,Master1/Female/Blue/Feather,3,MariaTanyaLlana,AtosJiu,Jitsu
Asian Jiu-Jitsu IBJJF Championship 2016,Master1/Female/Blue/Light,1,DainiWei,BJJRevolutionTeam,International
Asian Jiu-Jitsu IBJJF Championship 2016,Master1/Female/Blue/Light,2,ChaochiehMa,TaiwanBJJ
Asian Jiu-Jitsu IBJJF Championship 2016,Master1/Female/Blue/Light,3,CatherineArlin,BJJRevolutionTeam,International
Asian Jiu-Jitsu IBJJF Championship 2016,Master1/Female/Blue/Light,3,YounjinLee,KJCompetitionTeam
Asian Jiu-Jitsu IBJJF Championship 2016,Master1/Female/Blue/Middle,1,YoonjaLee,RibeiroJiu,Jitsu
Asian Jiu-Jitsu IBJJF Championship 2016,Master1/Female/Blue/Middle,2,LauraAndersson,Alliance
Asian Jiu-Jitsu IBJJF Championship 2016,Master1/Female/Blue/Medium-Heavy,1,LalaneaT.Taitano,PurebredJiuJitsuGuam
Asian Jiu-Jitsu IBJJF Championship 2016,Master1/Female/Blue/OpenClass,1,YoonjaLee,RibeiroJiu,Jitsu
Asian Jiu-Jitsu IBJJF Championship 2016,Master1/Female/Blue/OpenClass,2,LalaneaT.Taitano,PurebredJiuJitsuGuam
Asian Jiu-Jitsu IBJJF Championship 2016,Master1/Female/Blue/OpenClass,3,CatherineArlin,BJJRevolutionTeam,International
Asian Jiu-Jitsu IBJJF Championship 2016,Master1/Female/Blue/OpenClass,3,LauraAndersson,Alliance
Asian Jiu-Jitsu IBJJF Championship 2016,Master1/Female/Purple/Light-Feather,1,AdrianeTavaresKimura,ImpactoJapanB.J.J.
Asian Jiu-Jitsu IBJJF Championship 2016,Master1/Female/Purple/Light-Feather,2,ArleneLimSu,Yin,GFTeamInternational
Asian Jiu-Jitsu IBJJF Championship 2016,Master1/Female/Purple/Light-Feather,3,NatsukoShibuya,Paraestra
Asian Jiu-Jitsu IBJJF Championship 2016,Master1/Female/Purple/Feather,1,LiaMeloDaSilva,AtosJiu,Jitsu
Asian Jiu-Jitsu IBJJF Championship 2016,Master1/Female/Purple/Feather,2,KimieHashinuma,BraveHeart
Asian Jiu-Jitsu IBJJF Championship 2016,Master1/Female/Purple/OpenClass,1,AdrianeTavaresKimura,ImpactoJapanB.J.J.
Asian Jiu-Jitsu IBJJF Championship 2016,Master1/Female/Purple/OpenClass,2,ArleneLimSu,Yin,GFTeamInternational
Asian Jiu-Jitsu IBJJF Championship 2016,Master1/Female/Purple/OpenClass,3,NatsukoShibuya,Paraestra
Asian Jiu-Jitsu IBJJF Championship 2016,Master2/Male/White/Light-Feather,1,KjetilKunPyoRamdal,FrontlineAcademy
Asian Jiu-Jitsu IBJJF Championship 2016,Master2/Male/White/Light-Feather,2,KensouUeyonahara,AxisJiu,Jitsu
Asian Jiu-Jitsu IBJJF Championship 2016,Master2/Male/White/Light-Feather,3,AkinoriYamamoto,Paraestra
Asian Jiu-Jitsu IBJJF Championship 2016,Master2/Male/White/Light-Feather,3,SunggonJun,JiuJitsuWorld
Asian Jiu-Jitsu IBJJF Championship 2016,Master2/Male/White/Feather,1,PyunJeesung,DeLaRivaInternational
Asian Jiu-Jitsu IBJJF Championship 2016,Master2/Male/White/Feather,2,GuisunKim,RibeiroJiu,Jitsu
Asian Jiu-Jitsu IBJJF Championship 2016,Master2/Male/White/Feather,3,AnthonyPereda,PurebredJiuJitsuGuam
Asian Jiu-Jitsu IBJJF Championship 2016,Master2/Male/White/Feather,3,YusukeFujitate,Paraestra
Asian Jiu-Jitsu IBJJF Championship 2016,Master2/Male/White/Light,1,SeungJaeShin,ClarkGracieTeamInternational
Asian Jiu-Jitsu IBJJF Championship 2016,Master2/Male/White/Light,2,MunkhbayarNamsraijav,MongolianBJJ
Asian Jiu-Jitsu IBJJF Championship 2016,Master2/Male/White/Light,3,TakeshiHatta,Paraestra
Asian Jiu-Jitsu IBJJF Championship 2016,Master2/Male/White/Light,3,WalterSPeughJr,PurebredJiuJitsuGuam
Asian Jiu-Jitsu IBJJF Championship 2016,Master2/Male/White/Middle,1,MircoChristianKarjalainen,FrotaTeamNogueira
Asian Jiu-Jitsu IBJJF Championship 2016,Master2/Male/White/Middle,2,TommyYau,KowloonBJJ
Asian Jiu-Jitsu IBJJF Championship 2016,Master2/Male/White/Middle,3,ChoJaegil,DeLaRivaInternational
Asian Jiu-Jitsu IBJJF Championship 2016,Master2/Male/White/Middle,3,PauloIsidro,RibeiroJiu,Jitsu
Asian Jiu-Jitsu IBJJF Championship 2016,Master2/Male/White/Medium-Heavy,1,DohoKo,JiuJitsuWorld
Asian Jiu-Jitsu IBJJF Championship 2016,Master2/Male/White/Medium-Heavy,2,GeorgeCampbell,TaiwanBJJ
Asian Jiu-Jitsu IBJJF Championship 2016,Master2/Male/White/Medium-Heavy,3,PavelLopatkin,GracieBarra
Asian Jiu-Jitsu IBJJF Championship 2016,Master2/Male/White/Medium-Heavy,3,TiagoOshikawa,OverLimitBJJ
Asian Jiu-Jitsu IBJJF Championship 2016,Master2/Male/White/Heavy,1,GonchigjavBazarjav,MongolianBJJ
Asian Jiu-Jitsu IBJJF Championship 2016,Master2/Male/White/Heavy,2,SeungyongYu,JohnFranklJiu,Jitsu
Asian Jiu-Jitsu IBJJF Championship 2016,Master2/Male/White/Super-Heavy,1,FedericoBogna,BJJRevolutionTeam,International
Asian Jiu-Jitsu IBJJF Championship 2016,Master2/Male/White/Super-Heavy,2,AntonioBayot,RibeiroJiu,Jitsu
Asian Jiu-Jitsu IBJJF Championship 2016,Master2/Male/Blue/Light-Feather,1,JasonMondigo,OverLimitBJJ
Asian Jiu-Jitsu IBJJF Championship 2016,Master2/Male/Blue/Light-Feather,2,WeiHengShen,BJJRevolutionTeam,International
Asian Jiu-Jitsu IBJJF Championship 2016,Master2/Male/Blue/Light-Feather,3,SoshiOkamoto,CarpeDiem
Asian Jiu-Jitsu IBJJF Championship 2016,Master2/Male/Blue/Light-Feather,3,YusukeMorishita,NovaUnião
Asian Jiu-Jitsu IBJJF Championship 2016,Master2/Male/Blue/Feather,1,DaisukeUchida,ShootoGymRoots
Asian Jiu-Jitsu IBJJF Championship 2016,Master2/Male/Blue/Feather,2,AtsushiNishida,SuitaJiu,Jitsu
Asian Jiu-Jitsu IBJJF Championship 2016,Master2/Male/Blue/Feather,3,BenAhn,FaMABJJ
Asian Jiu-Jitsu IBJJF Championship 2016,Master2/Male/Blue/Feather,3,takemiyoshizumi,CarpeDiem
Asian Jiu-Jitsu IBJJF Championship 2016,Master2/Male/Blue/Light,1,PaiHsienMing,TaiwanBJJ
Asian Jiu-Jitsu IBJJF Championship 2016,Master2/Male/Blue/Light,2,HorieWataru,CarpeDiem
Asian Jiu-Jitsu IBJJF Championship 2016,Master2/Male/Blue/Light,3,MichaelLeung,BJJRevolutionTeam,International
Asian Jiu-Jitsu IBJJF Championship 2016,Master2/Male/Blue/Light,3,TomohikoSato,Tri,ForceJiu,JitsuAcademy
Asian Jiu-Jitsu IBJJF Championship 2016,Master2/Male/Blue/Middle,1,DaltonToyama,ImpactoJapanB.J.J.
Asian Jiu-Jitsu IBJJF Championship 2016,Master2/Male/Blue/Middle,2,BrianApel,CarpeDiem
Asian Jiu-Jitsu IBJJF Championship 2016,Master2/Male/Blue/Middle,3,MichalHercka,JungleBJJ
Asian Jiu-Jitsu IBJJF Championship 2016,Master2/Male/Blue/Middle,3,OliverGraham,BJJRevolutionTeam
Asian Jiu-Jitsu IBJJF Championship 2016,Master2/Male/Blue/Medium-Heavy,1,RodrigoPereira,AtosJiu,Jitsu
Asian Jiu-Jitsu IBJJF Championship 2016,Master2/Male/Blue/Medium-Heavy,2,TOSHIROSATO,StrappleWasedaHirumaDojo
Asian Jiu-Jitsu IBJJF Championship 2016,Master2/Male/Blue/Medium-Heavy,3,YoungSunAhn,ClarkGracieTeamInternational
Asian Jiu-Jitsu IBJJF Championship 2016,Master2/Male/Blue/Heavy,1,HeeSongKim,RatelBJJ
Asian Jiu-Jitsu IBJJF Championship 2016,Master2/Male/Blue/Heavy,2,StevenArchie,AbuBrothersLasVegas
Asian Jiu-Jitsu IBJJF Championship 2016,Master2/Male/Blue/Heavy,3,AaronLu,RibeiroJiu,Jitsu
Asian Jiu-Jitsu IBJJF Championship 2016,Master2/Male/Blue/Heavy,3,AdamVilander,PurebredJiuJitsuGuam
Asian Jiu-Jitsu IBJJF Championship 2016,Master2/Male/Blue/Super-Heavy,1,DelgersaikhanBatsaikhan,MongolianBJJ
Asian Jiu-Jitsu IBJJF Championship 2016,Master2/Male/Blue/Super-Heavy,2,FrankiePerez,PurebredJiuJitsuGuam
Asian Jiu-Jitsu IBJJF Championship 2016,Master2/Male/Blue/Super-Heavy,3,JehanJabar,NovaUnião
Asian Jiu-Jitsu IBJJF Championship 2016,Master2/Male/Blue/Ultra-Heavy,1,DylanByerly,Spike22
Asian Jiu-Jitsu IBJJF Championship 2016,Master2/Male/Blue/Ultra-Heavy,2,EguchiHiroaki,Paraestra
Asian Jiu-Jitsu IBJJF Championship 2016,Master2/Male/Blue/OpenClass,1,RodrigoPereira,AtosJiu,Jitsu
Asian Jiu-Jitsu IBJJF Championship 2016,Master2/Male/Blue/OpenClass,2,DaltonToyama,ImpactoJapanB.J.J.
Asian Jiu-Jitsu IBJJF Championship 2016,Master2/Male/Blue/OpenClass,3,DaisukeUchida,ShootoGymRoots
Asian Jiu-Jitsu IBJJF Championship 2016,Master2/Male/Blue/OpenClass,3,OliverGraham,BJJRevolutionTeam
Asian Jiu-Jitsu IBJJF Championship 2016,Master2/Male/Purple/Rooster,1,NadinMaxiell,CheckmatCDJJTokyo
Asian Jiu-Jitsu IBJJF Championship 2016,Master2/Male/Purple/Rooster,2,SeitaHoriuchi,Jiu,JitsuBrothers
Asian Jiu-Jitsu IBJJF Championship 2016,Master2/Male/Purple/Rooster,3,RenatoSato,ImpactoJapanB.J.J.
Asian Jiu-Jitsu IBJJF Championship 2016,Master2/Male/Purple/Light-Feather,1,TomoyukiTashiro,Paraestra
Asian Jiu-Jitsu IBJJF Championship 2016,Master2/Male/Purple/Light-Feather,2,ShinjiIwai,CheckmatCDJJTokyo
Asian Jiu-Jitsu IBJJF Championship 2016,Master2/Male/Purple/Light-Feather,3,MingHoiFai,BJJRevolutionTeam,International
Asian Jiu-Jitsu IBJJF Championship 2016,Master2/Male/Purple/Light-Feather,3,ShigeruIkezaki,Me,We
Asian Jiu-Jitsu IBJJF Championship 2016,Master2/Male/Purple/Feather,1,StephenReyCostesSalazar,Kamphuis,FabricioJJ
Asian Jiu-Jitsu IBJJF Championship 2016,Master2/Male/Purple/Feather,2,FumitomoNakahara,Paraestra
Asian Jiu-Jitsu IBJJF Championship 2016,Master2/Male/Purple/Feather,3,KatsuakiKomatsu,Tri,ForceJiu,JitsuAcademy
Asian Jiu-Jitsu IBJJF Championship 2016,Master2/Male/Purple/Feather,3,TakadamaToshikatsu,Free&Free
Asian Jiu-Jitsu IBJJF Championship 2016,Master2/Male/Purple/Light,1,JoeyLepiten,RibeiroJiu,Jitsu
Asian Jiu-Jitsu IBJJF Championship 2016,Master2/Male/Purple/Light,2,YasuyukiNishi,CarpeDiem
Asian Jiu-Jitsu IBJJF Championship 2016,Master2/Male/Purple/Light,3,RyuKanno,Paraestra
Asian Jiu-Jitsu IBJJF Championship 2016,Master2/Male/Purple/Light,3,ToshiyukiNagahara,Paraestra
Asian Jiu-Jitsu IBJJF Championship 2016,Master2/Male/Purple/Middle,1,DaisukeUshimaru,ImpactoJapanB.J.J.
Asian Jiu-Jitsu IBJJF Championship 2016,Master2/Male/Purple/Middle,2,RyuSeungMok,RatelBJJ
Asian Jiu-Jitsu IBJJF Championship 2016,Master2/Male/Purple/Middle,3,BokunKim,CheckMat
Asian Jiu-Jitsu IBJJF Championship 2016,Master2/Male/Purple/Middle,3,MichaelRomeo,GDJiu,JitsuAssociation
Asian Jiu-Jitsu IBJJF Championship 2016,Master2/Male/Purple/Medium-Heavy,1,SergeyVedenev,GracieBarra
Asian Jiu-Jitsu IBJJF Championship 2016,Master2/Male/Purple/Medium-Heavy,2,NicolaPantone,NovaUnião
Asian Jiu-Jitsu IBJJF Championship 2016,Master2/Male/Purple/Medium-Heavy,3,SeunghyunLee,JiuJitsuWorld
Asian Jiu-Jitsu IBJJF Championship 2016,Master2/Male/Purple/Heavy,1,HidenoriKuwano,TakatsukiJiu,Jitsu
Asian Jiu-Jitsu IBJJF Championship 2016,Master2/Male/Purple/Heavy,2,NingZhang,ShanghaiBJJ(SHBJJ)
Asian Jiu-Jitsu IBJJF Championship 2016,Master2/Male/Purple/OpenClass,1,DaisukeUshimaru,ImpactoJapanB.J.J.
Asian Jiu-Jitsu IBJJF Championship 2016,Master2/Male/Purple/OpenClass,2,SergeyVedenev,GracieBarra
Asian Jiu-Jitsu IBJJF Championship 2016,Master2/Male/Purple/OpenClass,3,HidenoriKuwano,TakatsukiJiu,Jitsu
Asian Jiu-Jitsu IBJJF Championship 2016,Master2/Male/Purple/OpenClass,3,MichaelRomeo,GDJiu,JitsuAssociation
Asian Jiu-Jitsu IBJJF Championship 2016,Master2/Male/Brown/Rooster,1,YosukeNakamura,Dragon'sDen
Asian Jiu-Jitsu IBJJF Championship 2016,Master2/Male/Brown/Rooster,2,MasajiKawamura,MaxJiuJitsuAcademy
Asian Jiu-Jitsu IBJJF Championship 2016,Master2/Male/Brown/Light-Feather,1,HitoshiNishioka,CarpeDiem
Asian Jiu-Jitsu IBJJF Championship 2016,Master2/Male/Brown/Light-Feather,2,DinoJamesVillegasMontalbo,PurebredJiuJitsuGuam
Asian Jiu-Jitsu IBJJF Championship 2016,Master2/Male/Brown/Feather,1,CheonJoo,KJCompetitionTeam
Asian Jiu-Jitsu IBJJF Championship 2016,Master2/Male/Brown/Feather,2,SalvadorJapon,myBJJTeam
Asian Jiu-Jitsu IBJJF Championship 2016,Master2/Male/Brown/Feather,3,EiichiKurata,Paraestra
Asian Jiu-Jitsu IBJJF Championship 2016,Master2/Male/Brown/Feather,3,TakekazuHaraguchi,OverLimitBJJ
Asian Jiu-Jitsu IBJJF Championship 2016,Master2/Male/Brown/Light,1,KenjiShiratsuki,Tri,ForceJiu,JitsuAcademy
Asian Jiu-Jitsu IBJJF Championship 2016,Master2/Male/Brown/Light,2,AkiraHara,SuitaJiu,Jitsu
Asian Jiu-Jitsu IBJJF Championship 2016,Master2/Male/Brown/Light,3,BrunoBastosVenâncio,JuniorAndrade
Asian Jiu-Jitsu IBJJF Championship 2016,Master2/Male/Brown/Light,3,NicholasA.Cartwright,NovaUnião
Asian Jiu-Jitsu IBJJF Championship 2016,Master2/Male/Brown/Medium-Heavy,1,AdrianoLinoPereira,OverLimitBJJ
Asian Jiu-Jitsu IBJJF Championship 2016,Master2/Male/Brown/Medium-Heavy,2,LarronZacharyGandaoli,PurebredJiuJitsuGuam
Asian Jiu-Jitsu IBJJF Championship 2016,Master2/Male/Brown/Super-Heavy,1,SelwynJasonBell,CarlsonGracieInternational
Asian Jiu-Jitsu IBJJF Championship 2016,Master2/Male/Brown/Super-Heavy,2,MichaelJamesCraven,CarpeDiem
Asian Jiu-Jitsu IBJJF Championship 2016,Master2/Male/Brown/Ultra-Heavy,1,ErkhembayarGunaajav,MongolianBJJ
Asian Jiu-Jitsu IBJJF Championship 2016,Master2/Male/Brown/Ultra-Heavy,2,KaneAaronBrewer,MarombaAcademiaInternational
Asian Jiu-Jitsu IBJJF Championship 2016,Master2/Male/Brown/OpenClass,1,AdrianoLinoPereira,OverLimitBJJ
Asian Jiu-Jitsu IBJJF Championship 2016,Master2/Male/Brown/OpenClass,2,MichaelJamesCraven,CarpeDiem
Asian Jiu-Jitsu IBJJF Championship 2016,Master2/Male/Brown/OpenClass,3,LarronZacharyGandaoli,PurebredJiuJitsuGuam
Asian Jiu-Jitsu IBJJF Championship 2016,Master2/Male/Brown/OpenClass,3,SelwynJasonBell,CarlsonGracieInternational
Asian Jiu-Jitsu IBJJF Championship 2016,Master2/Male/Black/Light-Feather,1,NaotoKonno,Paraestra
Asian Jiu-Jitsu IBJJF Championship 2016,Master2/Male/Black/Light-Feather,2,TakayukiKoyama,FukuzumiJiu,Jitsu
Asian Jiu-Jitsu IBJJF Championship 2016,Master2/Male/Black/Light-Feather,3,MasashiNakano,OverLimitBJJ
Asian Jiu-Jitsu IBJJF Championship 2016,Master2/Male/Black/Light-Feather,3,TakashiGoto,SuitaJiu,Jitsu
Asian Jiu-Jitsu IBJJF Championship 2016,Master2/Male/Black/Feather,1,JonathasJefreshonSakata,ImpactoJapanB.J.J.
Asian Jiu-Jitsu IBJJF Championship 2016,Master2/Male/Black/Feather,2,TatsuyaSakamoto,InfightJapanJiu,Jitsu
Asian Jiu-Jitsu IBJJF Championship 2016,Master2/Male/Black/Feather,3,DeukYoungJang,JiuJitsuWorld
Asian Jiu-Jitsu IBJJF Championship 2016,Master2/Male/Black/Light,1,MiqueiasToshioAsada,ImpactoJapanB.J.J.
Asian Jiu-Jitsu IBJJF Championship 2016,Master2/Male/Black/Light,2,AlessandroSavajoEto,InfightJapanJiu,Jitsu
Asian Jiu-Jitsu IBJJF Championship 2016,Master2/Male/Black/Light,3,MakotoAramaki,HongKongJiu,Jitsu
Asian Jiu-Jitsu IBJJF Championship 2016,Master2/Male/Black/Light,3,MarcioMitsuoKobayashi,ImpactoJapanB.J.J.
Asian Jiu-Jitsu IBJJF Championship 2016,Master2/Male/Black/Middle,1,RogeriodeCristoFilho,RochaJiuJitsu
Asian Jiu-Jitsu IBJJF Championship 2016,Master2/Male/Black/Middle,2,WilsonLuizSampaio,ImpactoJapanB.J.J.
Asian Jiu-Jitsu IBJJF Championship 2016,Master2/Male/Black/Medium-Heavy,1,FabioSakamotoTiago,ImpactoJapanB.J.J.
Asian Jiu-Jitsu IBJJF Championship 2016,Master2/Male/Black/Medium-Heavy,2,AlbertoCrane,LegacyJiu,Jitsu,TeamAlbertoCrane
Asian Jiu-Jitsu IBJJF Championship 2016,Master2/Male/Black/Medium-Heavy,3,SatoshiKotani,Paraestra
Asian Jiu-Jitsu IBJJF Championship 2016,Master2/Male/Black/Heavy,1,FabioBorges,AtosJiu,Jitsu
Asian Jiu-Jitsu IBJJF Championship 2016,Master2/Male/Black/OpenClass,1,RogeriodeCristoFilho,RochaJiuJitsu
Asian Jiu-Jitsu IBJJF Championship 2016,Master2/Male/Black/OpenClass,2,FabioBorges,AtosJiu,Jitsu
Asian Jiu-Jitsu IBJJF Championship 2016,Master2/Male/Black/OpenClass,3,MarcioMitsuoKobayashi,ImpactoJapanB.J.J.
Asian Jiu-Jitsu IBJJF Championship 2016,Master2/Male/Black/OpenClass,3,WilsonLuizSampaio,ImpactoJapanB.J.J.
Asian Jiu-Jitsu IBJJF Championship 2016,Master3/Male/Blue/Rooster,1,MatsuokaWataru,T,Blood
Asian Jiu-Jitsu IBJJF Championship 2016,Master3/Male/Blue/Rooster,2,SatoruShigematsu,HiroBJJAcademyYokohama
Asian Jiu-Jitsu IBJJF Championship 2016,Master3/Male/Blue/Rooster,3,TsukumoSato,OverLimitBJJ
Asian Jiu-Jitsu IBJJF Championship 2016,Master3/Male/Blue/Rooster,3,YuzanImai,CarpeDiem
Asian Jiu-Jitsu IBJJF Championship 2016,Master3/Male/Blue/Light-Feather,1,MasaruIto,Paraestra
Asian Jiu-Jitsu IBJJF Championship 2016,Master3/Male/Blue/Light-Feather,2,TomomiTakemoto,Paraestra
Asian Jiu-Jitsu IBJJF Championship 2016,Master3/Male/Blue/Light-Feather,3,ChuiSiuFai,HongKongJiu,Jitsu
Asian Jiu-Jitsu IBJJF Championship 2016,Master3/Male/Blue/Light-Feather,3,OyamaHiroto,NewazaWorld
Asian Jiu-Jitsu IBJJF Championship 2016,Master3/Male/Blue/Feather,1,TsudaYoshikazu,SuitaJiu,Jitsu
Asian Jiu-Jitsu IBJJF Championship 2016,Master3/Male/Blue/Feather,2,shigeruyamazaki,Paraestra
Asian Jiu-Jitsu IBJJF Championship 2016,Master3/Male/Blue/Feather,3,FrançoisSchmitt,BJJRevolutionTeam,International
Asian Jiu-Jitsu IBJJF Championship 2016,Master3/Male/Blue/Feather,3,YasuhitoSasaki,PurebredSapporo
Asian Jiu-Jitsu IBJJF Championship 2016,Master3/Male/Blue/Light,1,MurataShigeki,ImpactoJapanB.J.J.
Asian Jiu-Jitsu IBJJF Championship 2016,Master3/Male/Blue/Light,2,EliasPereiSantiago,GracieBarra
Asian Jiu-Jitsu IBJJF Championship 2016,Master3/Male/Blue/Light,3,MaoSato,AxisJiu,Jitsu
Asian Jiu-Jitsu IBJJF Championship 2016,Master3/Male/Blue/Light,3,shigeyukimotoki,Tri,ForceJiu,JitsuAcademy
Asian Jiu-Jitsu IBJJF Championship 2016,Master3/Male/Blue/Middle,1,DenizYoshida,InfightJapanJiu,Jitsu
Asian Jiu-Jitsu IBJJF Championship 2016,Master3/Male/Blue/Middle,2,KosakuShibata,CarpeDiem
Asian Jiu-Jitsu IBJJF Championship 2016,Master3/Male/Blue/Middle,3,AndrewParmet,AtosJiu,Jitsu
Asian Jiu-Jitsu IBJJF Championship 2016,Master3/Male/Blue/Medium-Heavy,1,OguriKoki,GrapplingShootBoxers
Asian Jiu-Jitsu IBJJF Championship 2016,Master3/Male/Blue/Medium-Heavy,2,AndreiTukhvatulin,PhuketTopTeam,MMATrainingCampThailand
Asian Jiu-Jitsu IBJJF Championship 2016,Master3/Male/Blue/Medium-Heavy,3,BrendanRichardScholey,NovaUnião
Asian Jiu-Jitsu IBJJF Championship 2016,Master3/Male/Blue/Medium-Heavy,3,IvanBerezovskii,PhuketTopTeam,MMATrainingCampThailand
Asian Jiu-Jitsu IBJJF Championship 2016,Master3/Male/Blue/Heavy,1,RomanBudkovskii,GracieBarra
Asian Jiu-Jitsu IBJJF Championship 2016,Master3/Male/Blue/Heavy,2,AkinoriNagahama,Nexusense
Asian Jiu-Jitsu IBJJF Championship 2016,Master3/Male/Blue/Heavy,3,MarkArbo,ShisuiJiu,Jitsu
Asian Jiu-Jitsu IBJJF Championship 2016,Master3/Male/Blue/Ultra-Heavy,1,FranciscoDeLima,InfightJapanJiu,Jitsu
Asian Jiu-Jitsu IBJJF Championship 2016,Master3/Male/Blue/Ultra-Heavy,2,TawharaTawhara,GracieGymTexas
Asian Jiu-Jitsu IBJJF Championship 2016,Master3/Male/Blue/OpenClass,1,TawharaTawhara,GracieGymTexas
Asian Jiu-Jitsu IBJJF Championship 2016,Master3/Male/Blue/OpenClass,2,FranciscoDeLima,InfightJapanJiu,Jitsu
Asian Jiu-Jitsu IBJJF Championship 2016,Master3/Male/Blue/OpenClass,3,MaoSato,AxisJiu,Jitsu
Asian Jiu-Jitsu IBJJF Championship 2016,Master3/Male/Blue/OpenClass,3,RomanBudkovskii,GracieBarra
Asian Jiu-Jitsu IBJJF Championship 2016,Master3/Male/Purple/Light-Feather,1,HironoriOoka,CarpeDiem
Asian Jiu-Jitsu IBJJF Championship 2016,Master3/Male/Purple/Light-Feather,2,RyojiTakatsuji,Paraestra
Asian Jiu-Jitsu IBJJF Championship 2016,Master3/Male/Purple/Light-Feather,3,KojiShigemizu,TrustJiu,jitsuAcademy
Asian Jiu-Jitsu IBJJF Championship 2016,Master3/Male/Purple/Feather,1,MakotoOno,ShootoGymRoots
Asian Jiu-Jitsu IBJJF Championship 2016,Master3/Male/Purple/Feather,2,AlexLin,BJJRevolutionTeam,International
Asian Jiu-Jitsu IBJJF Championship 2016,Master3/Male/Purple/Feather,3,AkihiroNakamura,X,TremeJiu,JitsuAcademy
Asian Jiu-Jitsu IBJJF Championship 2016,Master3/Male/Purple/Feather,3,HidekiTakano,PurebredOmiya
Asian Jiu-Jitsu IBJJF Championship 2016,Master3/Male/Purple/Light,1,ShinyaTakiguchi,CheckmatCDJJTokyo
Asian Jiu-Jitsu IBJJF Championship 2016,Master3/Male/Purple/Light,2,YasutoshiTakenoya,Dragon'sDen
Asian Jiu-Jitsu IBJJF Championship 2016,Master3/Male/Purple/Light,3,YasunoriFujiwara,CarpeDiem
Asian Jiu-Jitsu IBJJF Championship 2016,Master3/Male/Purple/Middle,1,FranciscoKim,BJJRevolutionTeam,International
Asian Jiu-Jitsu IBJJF Championship 2016,Master3/Male/Purple/Middle,2,YukiGoto,Paraestra
Asian Jiu-Jitsu IBJJF Championship 2016,Master3/Male/Purple/Middle,3,(Frank)WangNgaiMa,BJJRevolutionTeam,International
Asian Jiu-Jitsu IBJJF Championship 2016,Master3/Male/Purple/Middle,3,TakeshiIjuin,GracieBarra
Asian Jiu-Jitsu IBJJF Championship 2016,Master3/Male/Purple/Medium-Heavy,1,ArneyDomingues,OverLimitBJJ
Asian Jiu-Jitsu IBJJF Championship 2016,Master3/Male/Purple/Medium-Heavy,2,LeeSangho,Jiu,JitsuLab
Asian Jiu-Jitsu IBJJF Championship 2016,Master3/Male/Purple/Medium-Heavy,3,YamamotoKiyokazu,CarpeDiemNagasaki
Asian Jiu-Jitsu IBJJF Championship 2016,Master3/Male/Purple/Super-Heavy,1,JaeeukKim,SanaiJiuJitsuAcademy
Asian Jiu-Jitsu IBJJF Championship 2016,Master3/Male/Purple/Ultra-Heavy,1,AlekseiBogoslovskii,GFTeamRecreio
Asian Jiu-Jitsu IBJJF Championship 2016,Master3/Male/Purple/Ultra-Heavy,2,GregoryLanier,NovaUnião
Asian Jiu-Jitsu IBJJF Championship 2016,Master3/Male/Purple/Ultra-Heavy,3,HenryTatMingNg,BJJRevolutionTeam,International
Asian Jiu-Jitsu IBJJF Championship 2016,Master3/Male/Purple/OpenClass,1,AlekseiBogoslovskii,GFTeamRecreio
Asian Jiu-Jitsu IBJJF Championship 2016,Master3/Male/Purple/OpenClass,2,ArneyDomingues,OverLimitBJJ
Asian Jiu-Jitsu IBJJF Championship 2016,Master3/Male/Purple/OpenClass,3,JaeeukKim,SanaiJiuJitsuAcademy
Asian Jiu-Jitsu IBJJF Championship 2016,Master3/Male/Purple/OpenClass,3,TakeshiIjuin,GracieBarra
Asian Jiu-Jitsu IBJJF Championship 2016,Master3/Male/Brown/Light-Feather,1,ToshimitsuYamawaki,SuitaJiu,Jitsu
Asian Jiu-Jitsu IBJJF Championship 2016,Master3/Male/Brown/Light-Feather,2,ShinKameda,DeLaRivaInternational
Asian Jiu-Jitsu IBJJF Championship 2016,Master3/Male/Brown/Light-Feather,3,MiquelAbe,CarpeDiem
Asian Jiu-Jitsu IBJJF Championship 2016,Master3/Male/Brown/Light-Feather,3,ShujiSato,Paraestra
Asian Jiu-Jitsu IBJJF Championship 2016,Master3/Male/Brown/Feather,1,MotoakiHirokura,ImpactoJapanB.J.J.
Asian Jiu-Jitsu IBJJF Championship 2016,Master3/Male/Brown/Feather,2,MasaharuTanigawa,FujitaJiu,Jitsu
Asian Jiu-Jitsu IBJJF Championship 2016,Master3/Male/Brown/Feather,3,FumioNakajima,Tri,ForceJiu,JitsuAcademy
Asian Jiu-Jitsu IBJJF Championship 2016,Master3/Male/Brown/Feather,3,MasahikoKogo,SuitaJiu,Jitsu
Asian Jiu-Jitsu IBJJF Championship 2016,Master3/Male/Brown/Light,1,JinhoPark,ClarkGracieTeamInternational
Asian Jiu-Jitsu IBJJF Championship 2016,Master3/Male/Brown/Light,2,HirotakaSuzuki,PogonaClubGym
Asian Jiu-Jitsu IBJJF Championship 2016,Master3/Male/Brown/Light,3,JunichiroWada,ImpactoJapanB.J.J.
Asian Jiu-Jitsu IBJJF Championship 2016,Master3/Male/Brown/Light,3,MasakazuOtsuka,Paraestra
Asian Jiu-Jitsu IBJJF Championship 2016,Master3/Male/Brown/Middle,1,KeitaTakahashi,Paraestra
Asian Jiu-Jitsu IBJJF Championship 2016,Master3/Male/Brown/Middle,2,TakeshiMaruyama,Paraestra
Asian Jiu-Jitsu IBJJF Championship 2016,Master3/Male/Brown/Heavy,1,HyunsooJung,SanaiJiuJitsuAcademy
Asian Jiu-Jitsu IBJJF Championship 2016,Master3/Male/Brown/Heavy,2,JeanJereissatiNeto,AllianceSP
Asian Jiu-Jitsu IBJJF Championship 2016,Master3/Male/Brown/Heavy,3,ShinyaMuroi,DeLaRivaInternational
Asian Jiu-Jitsu IBJJF Championship 2016,Master3/Male/Brown/OpenClass,1,HyunsooJung,SanaiJiuJitsuAcademy
Asian Jiu-Jitsu IBJJF Championship 2016,Master3/Male/Brown/OpenClass,2,MasahikoKogo,SuitaJiu,Jitsu
Asian Jiu-Jitsu IBJJF Championship 2016,Master3/Male/Brown/OpenClass,3,JunichiroWada,ImpactoJapanB.J.J.
Asian Jiu-Jitsu IBJJF Championship 2016,Master3/Male/Brown/OpenClass,3,ShujiSato,Paraestra
Asian Jiu-Jitsu IBJJF Championship 2016,Master3/Male/Black/Light-Feather,1,HiroakiYoshioka,Paraestra
Asian Jiu-Jitsu IBJJF Championship 2016,Master3/Male/Black/Light-Feather,2,CarlosKazuoKihara,ImpactoJapanB.J.J.
Asian Jiu-Jitsu IBJJF Championship 2016,Master3/Male/Black/Light-Feather,3,MitsuhiroIwami,ShuhariJiu,Jitsu
Asian Jiu-Jitsu IBJJF Championship 2016,Master3/Male/Black/Light-Feather,3,TashiroFlavioSeiti,OverLimitBJJ
Asian Jiu-Jitsu IBJJF Championship 2016,Master3/Male/Black/Feather,1,DanielV.AlvarezJr.,LEADBJJ
Asian Jiu-Jitsu IBJJF Championship 2016,Master3/Male/Black/Feather,2,KensukeNogawa,Paraestra
Asian Jiu-Jitsu IBJJF Championship 2016,Master3/Male/Black/Feather,3,EdisonKagohara,OverLimitBJJ
Asian Jiu-Jitsu IBJJF Championship 2016,Master3/Male/Black/Feather,3,FranciscoVicenteGarcia,RibeiroJiu,Jitsu
Asian Jiu-Jitsu IBJJF Championship 2016,Master3/Male/Black/Light,1,ArthurAlvinA.Aguilar,RibeiroJiu,Jitsu
Asian Jiu-Jitsu IBJJF Championship 2016,Master3/Male/Black/Light,2,AkichikaTanji,BraveHeart
Asian Jiu-Jitsu IBJJF Championship 2016,Master3/Male/Black/Light,3,GakuInano,Tri,ForceJiu,JitsuAcademy
Asian Jiu-Jitsu IBJJF Championship 2016,Master3/Male/Black/Light,3,MinoruUsui,Paraestra
Asian Jiu-Jitsu IBJJF Championship 2016,Master3/Male/Black/Middle,1,KeisukeTakizawa,KowloonBJJ
Asian Jiu-Jitsu IBJJF Championship 2016,Master3/Male/Black/Middle,2,TomD.Knox,CleberJiuJitsu
Asian Jiu-Jitsu IBJJF Championship 2016,Master3/Male/Black/Middle,3,JohnBaylon,HongKongJiu,Jitsu
Asian Jiu-Jitsu IBJJF Championship 2016,Master3/Male/Black/Middle,3,JulioKatashiTashiro,InfightJapanJiu,Jitsu
Asian Jiu-Jitsu IBJJF Championship 2016,Master3/Male/Black/Medium-Heavy,1,AlexanderSulit,AtosJiu,Jitsu
Asian Jiu-Jitsu IBJJF Championship 2016,Master3/Male/Black/Medium-Heavy,2,LeandroL.Massaro,GracieHumaitaPhoenix
Asian Jiu-Jitsu IBJJF Championship 2016,Master3/Male/Black/Medium-Heavy,3,FabioEitiMatsusue,InfightJapanJiu,Jitsu
Asian Jiu-Jitsu IBJJF Championship 2016,Master3/Male/Black/Medium-Heavy,3,WalterdeLimaFrancoSobrinho,OverLimitBJJ
Asian Jiu-Jitsu IBJJF Championship 2016,Master3/Male/Black/Super-Heavy,1,StephenRoberto,PurebredJiuJitsuGuam
Asian Jiu-Jitsu IBJJF Championship 2016,Master3/Male/Black/Super-Heavy,2,AlmirRogerioDosSantos,OgawaJiuJitsu
Asian Jiu-Jitsu IBJJF Championship 2016,Master3/Male/Black/OpenClass,1,WalterdeLimaFrancoSobrinho,OverLimitBJJ
Asian Jiu-Jitsu IBJJF Championship 2016,Master3/Male/Black/OpenClass,2,JulioKatashiTashiro,InfightJapanJiu,Jitsu
Asian Jiu-Jitsu IBJJF Championship 2016,Master3/Male/Black/OpenClass,3,CarlosKazuoKihara,ImpactoJapanB.J.J.
Asian Jiu-Jitsu IBJJF Championship 2016,Master3/Male/Black/OpenClass,3,HiroakiYoshioka,Paraestra
Asian Jiu-Jitsu IBJJF Championship 2016,Master4/Male/Blue/Feather,1,KazuhikoTamura,CarpeDiem
Asian Jiu-Jitsu IBJJF Championship 2016,Master4/Male/Blue/Feather,2,Michael,yungCheng,KowloonBJJ
Asian Jiu-Jitsu IBJJF Championship 2016,Master4/Male/Blue/Feather,3,ShouichiKubo,ImpactoJapanB.J.J.
Asian Jiu-Jitsu IBJJF Championship 2016,Master4/Male/Blue/Feather,3,TadaoSugimori,Tri,ForceJiu,JitsuAcademy
Asian Jiu-Jitsu IBJJF Championship 2016,Master4/Male/Blue/Light,1,KazuomiKiyota,Paraestra
Asian Jiu-Jitsu IBJJF Championship 2016,Master4/Male/Blue/Light,2,HiromiMizuta,SilentJiu,Jitsu
Asian Jiu-Jitsu IBJJF Championship 2016,Master4/Male/Blue/Light,3,AkihikoIshikawa,Tri,ForceJiu,JitsuAcademy
Asian Jiu-Jitsu IBJJF Championship 2016,Master4/Male/Blue/Light,3,GaborVarkonyi,CarpeDiem
Asian Jiu-Jitsu IBJJF Championship 2016,Master4/Male/Blue/Heavy,1,EduardoFerreiraDiasDias,InfightJapanJiu,Jitsu
Asian Jiu-Jitsu IBJJF Championship 2016,Master4/Male/Blue/Heavy,2,TooruKinoshita,SuitaJiu,Jitsu
Asian Jiu-Jitsu IBJJF Championship 2016,Master4/Male/Blue/Heavy,3,KazuyaUtahara,CarpeDiem
Asian Jiu-Jitsu IBJJF Championship 2016,Master4/Male/Blue/Super-Heavy,1,JonBranch,PurebredJiuJitsuGuam
Asian Jiu-Jitsu IBJJF Championship 2016,Master4/Male/Blue/OpenClass,1,ShouichiKubo,ImpactoJapanB.J.J.
Asian Jiu-Jitsu IBJJF Championship 2016,Master4/Male/Blue/OpenClass,2,JonBranch,PurebredJiuJitsuGuam
Asian Jiu-Jitsu IBJJF Championship 2016,Master4/Male/Blue/OpenClass,3,EduardoFerreiraDiasDias,InfightJapanJiu,Jitsu
Asian Jiu-Jitsu IBJJF Championship 2016,Master4/Male/Blue/OpenClass,3,TooruKinoshita,SuitaJiu,Jitsu
Asian Jiu-Jitsu IBJJF Championship 2016,Master4/Male/Purple/Light-Feather,1,HachidaiTakatsuji,Paraestra
Asian Jiu-Jitsu IBJJF Championship 2016,Master4/Male/Purple/Light-Feather,2,HidekiTaguchi,Paraestra
Asian Jiu-Jitsu IBJJF Championship 2016,Master4/Male/Purple/Feather,1,YouichiKoyama,Paraestra
Asian Jiu-Jitsu IBJJF Championship 2016,Master4/Male/Purple/Feather,2,AkiraKumagai,GrascoJiu,JitsuAcademy
Asian Jiu-Jitsu IBJJF Championship 2016,Master4/Male/Purple/Light,1,TatsuhikoKamata,BraveHeart
Asian Jiu-Jitsu IBJJF Championship 2016,Master4/Male/Purple/Light,2,ChinSu,BJJRevolutionTeam,International
Asian Jiu-Jitsu IBJJF Championship 2016,Master4/Male/Purple/Light,3,HiroshiMatsui,RalphGracie
Asian Jiu-Jitsu IBJJF Championship 2016,Master4/Male/Purple/Light,3,TakaakiOkamoto,TkJiu,Jitsu
Asian Jiu-Jitsu IBJJF Championship 2016,Master4/Male/Purple/Middle,1,YukinoriHattori,OgawaJiuJitsu
Asian Jiu-Jitsu IBJJF Championship 2016,Master4/Male/Purple/Middle,2,NoboruOkuda,X,TremeJiu,JitsuAcademy
Asian Jiu-Jitsu IBJJF Championship 2016,Master4/Male/Purple/Medium-Heavy,1,SeijiIi,ShootoGymRoots
Asian Jiu-Jitsu IBJJF Championship 2016,Master4/Male/Purple/Super-Heavy,1,BrentTeKawa,CarlsonGracieInternational
Asian Jiu-Jitsu IBJJF Championship 2016,Master4/Male/Purple/Super-Heavy,2,SergeiMatveev,GracieBarra
Asian Jiu-Jitsu IBJJF Championship 2016,Master4/Male/Purple/Super-Heavy,3,MarkSmith,PurebredJiuJitsuGuam
Asian Jiu-Jitsu IBJJF Championship 2016,Master4/Male/Purple/OpenClass,1,MarkSmith,PurebredJiuJitsuGuam
Asian Jiu-Jitsu IBJJF Championship 2016,Master4/Male/Purple/OpenClass,2,SergeiMatveev,GracieBarra
Asian Jiu-Jitsu IBJJF Championship 2016,Master4/Male/Purple/OpenClass,3,SeijiIi,ShootoGymRoots
Asian Jiu-Jitsu IBJJF Championship 2016,Master4/Male/Purple/OpenClass,3,TakaakiOkamoto,TkJiu,Jitsu
Asian Jiu-Jitsu IBJJF Championship 2016,Master4/Male/Brown/Rooster,1,ToruYoshikawa,FujitaJiu,Jitsu
Asian Jiu-Jitsu IBJJF Championship 2016,Master4/Male/Brown/Rooster,2,SonoharaKazuhiko,GracieBarra
Asian Jiu-Jitsu IBJJF Championship 2016,Master4/Male/Brown/Light-Feather,1,NobuoTakenaka,SuitaJiu,Jitsu
Asian Jiu-Jitsu IBJJF Championship 2016,Master4/Male/Brown/Light-Feather,2,YujiTakakura,CheckmatCDJJTokyo
Asian Jiu-Jitsu IBJJF Championship 2016,Master4/Male/Brown/Light-Feather,3,PauloUemura,CheckMat
Asian Jiu-Jitsu IBJJF Championship 2016,Master4/Male/Brown/OpenClass,1,PauloUemura,CheckMat
Asian Jiu-Jitsu IBJJF Championship 2016,Master4/Male/Brown/OpenClass,2,ToruYoshikawa,FujitaJiu,Jitsu
Asian Jiu-Jitsu IBJJF Championship 2016,Master4/Male/Black/Feather,1,YasunoriYamada,Fellows
Asian Jiu-Jitsu IBJJF Championship 2016,Master4/Male/Black/Feather,2,HisahiroMaeda,Strapple
Asian Jiu-Jitsu IBJJF Championship 2016,Master4/Male/Black/Feather,3,HiroshiMiyazaki,InfightJapanJiu,Jitsu
Asian Jiu-Jitsu IBJJF Championship 2016,Master4/Male/Black/Feather,3,YoshihiroFujita,FujitaJiu,Jitsu
Asian Jiu-Jitsu IBJJF Championship 2016,Master4/Male/Black/Light,1,ShinsukeFukuzumi,FukuzumiJiu,Jitsu
Asian Jiu-Jitsu IBJJF Championship 2016,Master4/Male/Black/Light,2,TakashiOuchi,Paraestra
Asian Jiu-Jitsu IBJJF Championship 2016,Master4/Male/Black/Light,3,RobertScottSchwartz,FightSports
Asian Jiu-Jitsu IBJJF Championship 2016,Master4/Male/Black/Middle,1,GregoryAllanHolmes,RelsonGracie
Asian Jiu-Jitsu IBJJF Championship 2016,Master4/Male/Black/Medium-Heavy,1,LuciodeSousaMonteAlto,AllianceSul
Asian Jiu-Jitsu IBJJF Championship 2016,Master4/Male/Black/Super-Heavy,1,NathanLeeZigler,RelsonGracie
Asian Jiu-Jitsu IBJJF Championship 2016,Master4/Male/Black/OpenClass,1,NathanLeeZigler,RelsonGracie
Asian Jiu-Jitsu IBJJF Championship 2016,Master4/Male/Black/OpenClass,2,HiroshiMiyazaki,InfightJapanJiu,Jitsu
Asian Jiu-Jitsu IBJJF Championship 2016,Master4/Male/Black/OpenClass,3,GregoryAllanHolmes,RelsonGracie
Asian Jiu-Jitsu IBJJF Championship 2016,Master4/Male/Black/OpenClass,3,YoshihiroFujita,FujitaJiu,Jitsu
Asian Jiu-Jitsu IBJJF Championship 2016,Master5/Male/Blue/Middle,1,AndrewMarcSheridon,NovaUnião
Asian Jiu-Jitsu IBJJF Championship 2016,Master5/Male/Blue/OpenClass,1,AndrewMarcSheridon,NovaUnião
Asian Jiu-Jitsu IBJJF Championship 2016,Master5/Male/Purple/Light-Feather,1,RichardCerruto,AbsoluteBehring
Asian Jiu-Jitsu IBJJF Championship 2016,Master5/Male/Purple/Light-Feather,2,AkioAbe,CarpeDiem
Asian Jiu-Jitsu IBJJF Championship 2016,Master5/Male/Purple/Light-Feather,3,JuroMorita,Paraestra
Asian Jiu-Jitsu IBJJF Championship 2016,Master5/Male/Purple/Feather,1,JeffHumphrey,AllianceMarceloGarcia
Asian Jiu-Jitsu IBJJF Championship 2016,Master5/Male/Purple/Feather,2,ChiKitEricSo,BJJRevolutionTeam,International
Asian Jiu-Jitsu IBJJF Championship 2016,Master5/Male/Purple/OpenClass,1,JeffHumphrey,AllianceMarceloGarcia
Asian Jiu-Jitsu IBJJF Championship 2016,Master5/Male/Purple/OpenClass,2,AkioAbe,CarpeDiem
Asian Jiu-Jitsu IBJJF Championship 2016,Master5/Male/Purple/OpenClass,3,ChiKitEricSo,BJJRevolutionTeam,International
Asian Jiu-Jitsu IBJJF Championship 2016,Master5/Male/Brown/Middle,1,KazufumiTanaka,Tatoru
Asian Jiu-Jitsu IBJJF Championship 2016,Master5/Male/Brown/Middle,2,HideyukiOhnaka,Tri,ForceJiu,JitsuAcademy
Asian Jiu-Jitsu IBJJF Championship 2016,Master5/Male/Brown/OpenClass,1,HideyukiOhnaka,Tri,ForceJiu,JitsuAcademy
Asian Jiu-Jitsu IBJJF Championship 2016,Master5/Male/Black/Feather,1,EijiSano,KyotoNanige
Asian Jiu-Jitsu IBJJF Championship 2016,Master5/Male/Black/Super-Heavy,1,HiroyukiKimura,TeamShinnihon
Asian Jiu-Jitsu IBJJF Championship 2016,Master5/Male/Black/Super-Heavy,2,TakeshiShinkawa,SuitaJiu,Jitsu
Asian Jiu-Jitsu IBJJF Championship 2016,Master5/Male/Black/OpenClass,1,TakeshiShinkawa,SuitaJiu,Jitsu
Asian Jiu-Jitsu IBJJF Championship 2016,Master5/Male/Black/OpenClass,2,EijiSano,KyotoNanige
Asian Jiu-Jitsu IBJJF Championship 2016,Master6/Male/Blue/Rooster,1,KatuyaSeo,HiroBJJAcademyYokohama
Asian Jiu-Jitsu IBJJF Championship 2016,Master6/Male/Blue/Rooster,2,KAZUOIjima,CarpeDiem
Asian Jiu-Jitsu IBJJF Championship 2016,Master6/Male/Blue/OpenClass,1,KatuyaSeo,HiroBJJAcademyYokohama
Asian Jiu-Jitsu IBJJF Championship 2016,Juvenile/Male/White/Light-Feather,1,BrunoRicardoFujimoto,AtosJiu,Jitsu
Asian Jiu-Jitsu IBJJF Championship 2016,Juvenile/Male/White/Light-Feather,2,AriunbayarBatdelger,MongolianBJJ
Asian Jiu-Jitsu IBJJF Championship 2016,Juvenile/Male/White/Feather,1,LuvsanjamtsGankhuu,MongolianBJJ
Asian Jiu-Jitsu IBJJF Championship 2016,Juvenile/Male/White/Light,1,FabioTakeshiHaradaJunior,InfightJapanJiu,Jitsu
Asian Jiu-Jitsu IBJJF Championship 2016,Juvenile/Male/White/Light,2,BekhturGonchigjav,MongolianBJJ
Asian Jiu-Jitsu IBJJF Championship 2016,Juvenile/Male/White/Light,3,BumjargalBayanjargal,MongolianBJJ
Asian Jiu-Jitsu IBJJF Championship 2016,Juvenile/Male/White/Middle,1,MendbayarNasandelger,MongolianBJJ
Asian Jiu-Jitsu IBJJF Championship 2016,Juvenile/Male/White/Heavy,1,MateusNaokiAndradeTanigut,ImpactoJapanB.J.J.
Asian Jiu-Jitsu IBJJF Championship 2016,Juvenile/Male/White/Heavy,2,ArnaldoCano,InfightJapanJiu,Jitsu
Asian Jiu-Jitsu IBJJF Championship 2016,Juvenile/Male/Blue/Light-Feather,1,PedroAkiraNemotoTavares,InfightJapanJiu,Jitsu
Asian Jiu-Jitsu IBJJF Championship 2016,Juvenile/Male/Blue/Light-Feather,2,HakkynenYoshiiSilva,OverLimitBJJ
Asian Jiu-Jitsu IBJJF Championship 2016,Juvenile/Male/Blue/Light-Feather,3,Collin,RayDuenasCruz,CarlsonGracieInternational
Asian Jiu-Jitsu IBJJF Championship 2016,Juvenile/Male/Blue/Light-Feather,3,YamamotoGoncalvesAntonielMatheus,ImpactoJapanB.J.J.
Asian Jiu-Jitsu IBJJF Championship 2016,Juvenile/Male/Blue/Feather,1,GabrielYudiHigashi,ImpactoJapanB.J.J.
Asian Jiu-Jitsu IBJJF Championship 2016,Juvenile/Male/Blue/Feather,2,NakagawaGuilhermeYuriTakahara,OverLimitBJJ
Asian Jiu-Jitsu IBJJF Championship 2016,Juvenile/Male/Blue/Light,1,LucasHidekiOliveiraUeno,OverLimitBJJ
Asian Jiu-Jitsu IBJJF Championship 2016,Juvenile/Male/Blue/Light,2,DongWhanKim,CariocaTeamAsia
Asian Jiu-Jitsu IBJJF Championship 2016,Juvenile/Male/Blue/Middle,1,AndyTomasMurasakiPereira,CaioTerraAssociation
Asian Jiu-Jitsu IBJJF Championship 2016,Juvenile/Male/Blue/Middle,2,CooperTyeBurnham,MarombaAcademiaInternational
Asian Jiu-Jitsu IBJJF Championship 2016,Juvenile/Male/Blue/Middle,3,KeoniJohnAguonTaimanglo,PurebredJiuJitsuGuam
Asian Jiu-Jitsu IBJJF Championship 2016,Juvenile/Male/Blue/Middle,3,WillianPegoraroSaio,InfightJapanJiu,Jitsu
Asian Jiu-Jitsu IBJJF Championship 2016,Juvenile/Male/Blue/Ultra-Heavy,1,IgorTanabeGuimarães,OverLimitBJJ
Asian Jiu-Jitsu IBJJF Championship 2016,Juvenile/Male/Blue/Ultra-Heavy,2,TeramotoAndersonKooiti,ImpactoJapanB.J.J.
Asian Jiu-Jitsu IBJJF Championship 2016,Juvenile/Female/White/Light,1,RebecaLobodeOliveira,InfightJapanJiu,Jitsu
Asian Jiu-Jitsu IBJJF Championship 2016,Juvenile/Female/White/Light,2,AlineSayuriAritaRuiz,OverLimitBJJ
Asian Jiu-Jitsu IBJJF Championship 2016,Juvenile/Female/Blue/Medium-Heavy,1,IngridFerreiraFranco,OverLimitBJJ
