Long Beach International Open Jiu-Jitsu 2017,Adult/Male/White/Rooster,1,AnthonyAngelDuarte,JovanyVarelaAnacondaAcademy
Long Beach International Open Jiu-Jitsu 2017,Adult/Male/White/Rooster,2,DamianRubi,ZRTeamCalifornia
Long Beach International Open Jiu-Jitsu 2017,Adult/Male/White/Light-Feather,1,EricVillanueva,AtosJiu,Jitsu
Long Beach International Open Jiu-Jitsu 2017,Adult/Male/White/Light-Feather,2,KyawSetLwin,GFTeam
Long Beach International Open Jiu-Jitsu 2017,Adult/Male/White/Light-Feather,3,BrittainValdezLevine,ParagonBJJThousandOaks
Long Beach International Open Jiu-Jitsu 2017,Adult/Male/White/Light-Feather,3,JesseAlbertRodriguez,CleberJiuJitsu
Long Beach International Open Jiu-Jitsu 2017,Adult/Male/White/Feather,1,DavidKaChunNg,SCHOOLBJJLA
Long Beach International Open Jiu-Jitsu 2017,Adult/Male/White/Feather,2,JonathanKircher,DethroneBrazilianJiu,Jitsu
Long Beach International Open Jiu-Jitsu 2017,Adult/Male/White/Feather,3,JamesEzekielCarino,GracieBarra
Long Beach International Open Jiu-Jitsu 2017,Adult/Male/White/Feather,3,MohammedwKabli,AtosJiu,Jitsu
Long Beach International Open Jiu-Jitsu 2017,Adult/Male/White/Light,1,GiovanniianRossiter,JeanJacquesMachadoBJJ
Long Beach International Open Jiu-Jitsu 2017,Adult/Male/White/Light,2,AdamNicholasSilva,TRUJITSU
Long Beach International Open Jiu-Jitsu 2017,Adult/Male/White/Light,3,BradleyJamesVincent,GracieBarra
Long Beach International Open Jiu-Jitsu 2017,Adult/Male/White/Light,3,TaranRobertTrussell,GracieBarra
Long Beach International Open Jiu-Jitsu 2017,Adult/Male/White/Middle,1,SebastianCarrion,DelMarJiu,JitsuClub
Long Beach International Open Jiu-Jitsu 2017,Adult/Male/White/Middle,2,EthanScothorn,CaveirinhaJiu,JitsuFamilyUSA
Long Beach International Open Jiu-Jitsu 2017,Adult/Male/White/Middle,3,ArturoPerez,TRUJITSU
Long Beach International Open Jiu-Jitsu 2017,Adult/Male/White/Middle,3,MatthewStevenJones,TRUJITSU
Long Beach International Open Jiu-Jitsu 2017,Adult/Male/White/Medium-Heavy,1,JorgeLuisQuintana,CascaoJiu,Jitsu
Long Beach International Open Jiu-Jitsu 2017,Adult/Male/White/Medium-Heavy,2,AlejandroRMejia,TRUJITSU
Long Beach International Open Jiu-Jitsu 2017,Adult/Male/White/Medium-Heavy,3,JustinGrimes,BrazilianTopTeam
Long Beach International Open Jiu-Jitsu 2017,Adult/Male/White/Medium-Heavy,3,LuisCruz,TRUJITSU
Long Beach International Open Jiu-Jitsu 2017,Adult/Male/White/Heavy,1,JoséArmandoVazquezCortes,AtosJiu,Jitsu
Long Beach International Open Jiu-Jitsu 2017,Adult/Male/White/Heavy,2,CarlHudson,BrazilianTopTeam
Long Beach International Open Jiu-Jitsu 2017,Adult/Male/White/Heavy,3,JamesWarrenWhitcomb,TRUJITSU
Long Beach International Open Jiu-Jitsu 2017,Adult/Male/White/Heavy,3,KevinOlmos,TRUJITSU
Long Beach International Open Jiu-Jitsu 2017,Adult/Male/White/Super-Heavy,1,ZacharyJezulin,GracieBarra
Long Beach International Open Jiu-Jitsu 2017,Adult/Male/White/Super-Heavy,2,Chenzhiliu,AtosJiu,Jitsu
Long Beach International Open Jiu-Jitsu 2017,Adult/Male/White/Super-Heavy,3,LuisAlbertoRubio,BrazilianTopTeam
Long Beach International Open Jiu-Jitsu 2017,Adult/Male/White/Ultra-Heavy,1,ManuelIvanPlascencia,CleberJiuJitsu
Long Beach International Open Jiu-Jitsu 2017,Adult/Male/White/Ultra-Heavy,2,RyanBrock,RenzoGracieLA
Long Beach International Open Jiu-Jitsu 2017,Adult/Male/White/Ultra-Heavy,3,IvanUriasVelasco,FabioSantosBJJ
Long Beach International Open Jiu-Jitsu 2017,Adult/Male/White/Ultra-Heavy,3,JonathanTrejo,Hypermodern
Long Beach International Open Jiu-Jitsu 2017,Adult/Male/Blue/Light-Feather,1,WendersonCorreaDaSilva,BlackHouseRedondoBeach
Long Beach International Open Jiu-Jitsu 2017,Adult/Male/Blue/Light-Feather,2,MauiLacaze,Alliance
Long Beach International Open Jiu-Jitsu 2017,Adult/Male/Blue/Light-Feather,3,IanMichaelRemorca,CoachellaValleyBJJ
Long Beach International Open Jiu-Jitsu 2017,Adult/Male/Blue/Light-Feather,3,NathanielAlfredoFrancisco,BreaJiu,Jitsu
Long Beach International Open Jiu-Jitsu 2017,Adult/Male/Blue/Feather,1,MatheusTeixeiraQueiroz,CarlsonGracieTeam
Long Beach International Open Jiu-Jitsu 2017,Adult/Male/Blue/Feather,2,AndrewNolanKisselburg,NinoSchembriTeam
Long Beach International Open Jiu-Jitsu 2017,Adult/Male/Blue/Feather,3,ColtonBugawisan,GracieHumaitaSouthBay
Long Beach International Open Jiu-Jitsu 2017,Adult/Male/Blue/Feather,3,JustinMask,AtosJiu,Jitsu
Long Beach International Open Jiu-Jitsu 2017,Adult/Male/Blue/Light,1,DanielAgostinelli,Studio540
Long Beach International Open Jiu-Jitsu 2017,Adult/Male/Blue/Light,2,EvanTroyAcker,CarlsonGracieTeam
Long Beach International Open Jiu-Jitsu 2017,Adult/Male/Blue/Light,3,MaxStrul,CaioTerraAssociation
Long Beach International Open Jiu-Jitsu 2017,Adult/Male/Blue/Light,3,RobertoGil,BrazilianTopTeam
Long Beach International Open Jiu-Jitsu 2017,Adult/Male/Blue/Middle,1,FelipeAníbalFerrazTeixeira,CheckMat
Long Beach International Open Jiu-Jitsu 2017,Adult/Male/Blue/Middle,2,FelipeRubalcava,CarlsonGracieTeam
Long Beach International Open Jiu-Jitsu 2017,Adult/Male/Blue/Middle,3,AustinMatthewClem,ZenithBJJ,LasVegas
Long Beach International Open Jiu-Jitsu 2017,Adult/Male/Blue/Middle,3,KyleJHinkle,TheBaseTrainingCenter
Long Beach International Open Jiu-Jitsu 2017,Adult/Male/Blue/Medium-Heavy,1,MustafaSabha,BrazilianTopTeam
Long Beach International Open Jiu-Jitsu 2017,Adult/Male/Blue/Medium-Heavy,2,DerekAlanYoung,GDJiu,JitsuAssociation
Long Beach International Open Jiu-Jitsu 2017,Adult/Male/Blue/Medium-Heavy,3,HirokiShimizu,RibeiroJiu,Jitsu
Long Beach International Open Jiu-Jitsu 2017,Adult/Male/Blue/Medium-Heavy,3,MichaelWalker,TRUJITSU
Long Beach International Open Jiu-Jitsu 2017,Adult/Male/Blue/Heavy,1,StevensonMarroquin,WerdumCombatTeamUSA
Long Beach International Open Jiu-Jitsu 2017,Adult/Male/Blue/Heavy,2,ManuelRomo,BrazilianTopTeam
Long Beach International Open Jiu-Jitsu 2017,Adult/Male/Blue/Heavy,3,ZacharyAtcheson,TRUJITSU
Long Beach International Open Jiu-Jitsu 2017,Adult/Male/Blue/Super-Heavy,1,ViniciusMatheusBernardodeAquino,JFCAlmeidaJJ
Long Beach International Open Jiu-Jitsu 2017,Adult/Male/Blue/Super-Heavy,2,AidanClaussSericolo,BJJRevolutionTeam
Long Beach International Open Jiu-Jitsu 2017,Adult/Male/Blue/Ultra-Heavy,1,ArturPolinaLima,GracieBarra
Long Beach International Open Jiu-Jitsu 2017,Adult/Male/Blue/Ultra-Heavy,2,JoelGoliathCantu,TRUJITSU
Long Beach International Open Jiu-Jitsu 2017,Adult/Male/Blue/Enum_WeightDivision_OpenClass_Label,1,ViniciusMatheusBernardodeAquino,JFCAlmeidaJJ
Long Beach International Open Jiu-Jitsu 2017,Adult/Male/Blue/Enum_WeightDivision_OpenClass_Label,2,FelipeRubalcava,CarlsonGracieTeam
Long Beach International Open Jiu-Jitsu 2017,Adult/Male/Blue/Enum_WeightDivision_OpenClass_Label,3,HirokiShimizu,RibeiroJiu,Jitsu
Long Beach International Open Jiu-Jitsu 2017,Adult/Male/Blue/Enum_WeightDivision_OpenClass_Label,3,WendersonCorreaDaSilva,BlackHouseRedondoBeach
Long Beach International Open Jiu-Jitsu 2017,Adult/Male/Purple/Light-Feather,1,ElijahRuebenTagalog,GracieBarra
Long Beach International Open Jiu-Jitsu 2017,Adult/Male/Purple/Light-Feather,2,WilliFlores,GracieBarraJJ
Long Beach International Open Jiu-Jitsu 2017,Adult/Male/Purple/Light-Feather,3,DemianBalderramaGomez,AtosJiu,Jitsu
Long Beach International Open Jiu-Jitsu 2017,Adult/Male/Purple/Light-Feather,3,MichaelGarcia,GracieBarra
Long Beach International Open Jiu-Jitsu 2017,Adult/Male/Purple/Feather,1,PedroSerrano,GracieBarra
Long Beach International Open Jiu-Jitsu 2017,Adult/Male/Purple/Feather,2,MarceloGagliardi,BrazilianTopTeam
Long Beach International Open Jiu-Jitsu 2017,Adult/Male/Purple/Feather,3,AlfonsoN.EstradaGuerrero,FightSportsInternational
Long Beach International Open Jiu-Jitsu 2017,Adult/Male/Purple/Feather,3,JustinDelgado,GracieBarra
Long Beach International Open Jiu-Jitsu 2017,Adult/Male/Purple/Light,1,GuilhermedeJesusBrizido,Alliance
Long Beach International Open Jiu-Jitsu 2017,Adult/Male/Purple/Light,2,RickyBriceno,AtosJiu,Jitsu
Long Beach International Open Jiu-Jitsu 2017,Adult/Male/Purple/Light,3,DavidAugustineFraser,GracieBarra
Long Beach International Open Jiu-Jitsu 2017,Adult/Male/Purple/Light,3,ThiagoBellucci,UnityJiu,jitsu
Long Beach International Open Jiu-Jitsu 2017,Adult/Male/Purple/Middle,1,AlessandroBorgonovo,AtosJiu,Jitsu
Long Beach International Open Jiu-Jitsu 2017,Adult/Male/Purple/Middle,2,TehauSanford,AmazoniaJiu,Jitsu
Long Beach International Open Jiu-Jitsu 2017,Adult/Male/Purple/Middle,3,EmmanuelSanchez,GracieBarra
Long Beach International Open Jiu-Jitsu 2017,Adult/Male/Purple/Middle,3,MichaelArshagKhatchikian,GracieBarra
Long Beach International Open Jiu-Jitsu 2017,Adult/Male/Purple/Medium-Heavy,1,RonaldoPereiradeSouzaJúnior,AcademiaPitbull
Long Beach International Open Jiu-Jitsu 2017,Adult/Male/Purple/Medium-Heavy,2,SaidDunkaev,CheckMat
Long Beach International Open Jiu-Jitsu 2017,Adult/Male/Purple/Medium-Heavy,3,TroySimmons,SurfightJiu,Jitsu
Long Beach International Open Jiu-Jitsu 2017,Adult/Male/Purple/Medium-Heavy,3,VictorEduardoVieiradeMelloAlarcão,AtosJiu,Jitsu
Long Beach International Open Jiu-Jitsu 2017,Adult/Male/Purple/Heavy,1,DarinConnerDeangelis,AtosJiu,Jitsu
Long Beach International Open Jiu-Jitsu 2017,Adult/Male/Purple/Heavy,2,JesusMartinRojasSaucedo,SamuelPuccioBJJ
Long Beach International Open Jiu-Jitsu 2017,Adult/Male/Purple/Heavy,3,ZacharyBalaban,AtosJiu,Jitsu
Long Beach International Open Jiu-Jitsu 2017,Adult/Male/Purple/Super-Heavy,1,ShamusO'Grady,GuerrillaJiuJitsu
Long Beach International Open Jiu-Jitsu 2017,Adult/Male/Purple/Super-Heavy,2,AdamBradley,AtosJiu,Jitsu
Long Beach International Open Jiu-Jitsu 2017,Adult/Male/Purple/Super-Heavy,3,CarlosFernandoArcePellegrini,CheckMat
Long Beach International Open Jiu-Jitsu 2017,Adult/Male/Purple/Super-Heavy,3,PeteO'Neal,AtosJiu,Jitsu
Long Beach International Open Jiu-Jitsu 2017,Adult/Male/Purple/Ultra-Heavy,1,MichaelEgley,CarlsonGracieTeam
Long Beach International Open Jiu-Jitsu 2017,Adult/Male/Purple/Ultra-Heavy,2,JosephWilfredPilmer,MXTFightAcademy,Canada
Long Beach International Open Jiu-Jitsu 2017,Adult/Male/Purple/Enum_WeightDivision_OpenClass_Label,1,RonaldoPereiradeSouzaJúnior,AcademiaPitbull
Long Beach International Open Jiu-Jitsu 2017,Adult/Male/Purple/Enum_WeightDivision_OpenClass_Label,2,DarinConnerDeangelis,AtosJiu,Jitsu
Long Beach International Open Jiu-Jitsu 2017,Adult/Male/Purple/Enum_WeightDivision_OpenClass_Label,3,CarlosFernandoArcePellegrini,CheckMat
Long Beach International Open Jiu-Jitsu 2017,Adult/Male/Purple/Enum_WeightDivision_OpenClass_Label,3,SaidDunkaev,CheckMat
Long Beach International Open Jiu-Jitsu 2017,Adult/Male/Brown/Light-Feather,1,JoãoGabrielBatistadeSousa,ZRTeamCalifornia
Long Beach International Open Jiu-Jitsu 2017,Adult/Male/Brown/Light-Feather,2,ArnoldGladimirMonterroso,GDJiu,JitsuAssociation
Long Beach International Open Jiu-Jitsu 2017,Adult/Male/Brown/Feather,1,ColeThomasFranson,TinguinhaBJJacademy
Long Beach International Open Jiu-Jitsu 2017,Adult/Male/Brown/Feather,2,ZacharyLeCates,AtosJiu,Jitsu
Long Beach International Open Jiu-Jitsu 2017,Adult/Male/Brown/Feather,3,JesusGalvan,Jiu,JitsuFoundation
Long Beach International Open Jiu-Jitsu 2017,Adult/Male/Brown/Feather,3,JoelSantiago,NeutralGrounds/GracieJiuJitsuLongBeach
Long Beach International Open Jiu-Jitsu 2017,Adult/Male/Brown/Light,1,ConnorJamesDonaldson,GracieBarra
Long Beach International Open Jiu-Jitsu 2017,Adult/Male/Brown/Light,2,TysonDavidAntillon,GDJiu,JitsuAssociation
Long Beach International Open Jiu-Jitsu 2017,Adult/Male/Brown/Light,3,AaronMichaelJosephWilson,GDJiu,JitsuAssociation
Long Beach International Open Jiu-Jitsu 2017,Adult/Male/Brown/Middle,1,ChristopherWilliamHargett,RibeiroJiu,Jitsu
Long Beach International Open Jiu-Jitsu 2017,Adult/Male/Brown/Middle,2,EvyatarPaperni,AtosJiu,Jitsu
Long Beach International Open Jiu-Jitsu 2017,Adult/Male/Brown/Middle,3,LuizRicardoMenezesVeloso,GracieBarra
Long Beach International Open Jiu-Jitsu 2017,Adult/Male/Brown/Middle,3,MarcosLizarraga,BrasaCTA
Long Beach International Open Jiu-Jitsu 2017,Adult/Male/Brown/Medium-Heavy,1,JakeMichaelWatson,MaracabaBJJ
Long Beach International Open Jiu-Jitsu 2017,Adult/Male/Brown/Medium-Heavy,2,NathanRobertHagberg,Riis,RosenbergJiu,Jitsu
Long Beach International Open Jiu-Jitsu 2017,Adult/Male/Brown/Medium-Heavy,3,BrunoCapacCavalcanteMachado,AtosJiu,Jitsu
Long Beach International Open Jiu-Jitsu 2017,Adult/Male/Brown/Medium-Heavy,3,JurgensOlivierJansen,GracieBarra
Long Beach International Open Jiu-Jitsu 2017,Adult/Male/Brown/Heavy,1,LukeWilsonDeRobbio,Alliance
Long Beach International Open Jiu-Jitsu 2017,Adult/Male/Brown/Heavy,2,ArmandoEsquer,CascaoJiu,Jitsu
Long Beach International Open Jiu-Jitsu 2017,Adult/Male/Brown/Enum_WeightDivision_OpenClass_Label,1,ConnorJamesDonaldson,GracieBarra
Long Beach International Open Jiu-Jitsu 2017,Adult/Male/Brown/Enum_WeightDivision_OpenClass_Label,2,JakeMichaelWatson,MaracabaBJJ
Long Beach International Open Jiu-Jitsu 2017,Adult/Male/Brown/Enum_WeightDivision_OpenClass_Label,3,JoãoGabrielBatistadeSousa,ZRTeamCalifornia
Long Beach International Open Jiu-Jitsu 2017,Adult/Male/Brown/Enum_WeightDivision_OpenClass_Label,3,TysonDavidAntillon,GDJiu,JitsuAssociation
Long Beach International Open Jiu-Jitsu 2017,Adult/Male/Black/Light-Feather,1,WesclayFSardinha,GracieHumaitaPhoenix
Long Beach International Open Jiu-Jitsu 2017,Adult/Male/Black/Light-Feather,2,JosephWooSunLee,RenzoGracieLA
Long Beach International Open Jiu-Jitsu 2017,Adult/Male/Black/Feather,1,ThiagoAugustoAraujoMacedo,RodrigoPinheiroBJJ
Long Beach International Open Jiu-Jitsu 2017,Adult/Male/Black/Feather,2,NicollasWelkerAmorimAraujo,Alliance
Long Beach International Open Jiu-Jitsu 2017,Adult/Male/Black/Feather,3,BrunoValdivinodeCarvalho,ZRTeamBrasil
Long Beach International Open Jiu-Jitsu 2017,Adult/Male/Black/Feather,3,JohnP.Morgan,Hypermodern
Long Beach International Open Jiu-Jitsu 2017,Adult/Male/Black/Light,1,RenatoForasieppiAlvesCanuto,ZenithBJJ,LasVegas
Long Beach International Open Jiu-Jitsu 2017,Adult/Male/Black/Light,2,FranciscoAntonioIturraldeLara,DelMarJiu,JitsuClub
Long Beach International Open Jiu-Jitsu 2017,Adult/Male/Black/Light,3,AlexandreFariaMolinaro,CarlsonGracieTeam
Long Beach International Open Jiu-Jitsu 2017,Adult/Male/Black/Light,3,PiterFrankAlmeidaSilva,Alliance
Long Beach International Open Jiu-Jitsu 2017,Adult/Male/Black/Middle,1,GabrielProcópiodaFonseca,BrazilianTopTeam
Long Beach International Open Jiu-Jitsu 2017,Adult/Male/Black/Middle,2,VictorSilverioSantos,GracieBarra
Long Beach International Open Jiu-Jitsu 2017,Adult/Male/Black/Middle,3,SergioRaimundoRiosdaSilva,Brasa/99
Long Beach International Open Jiu-Jitsu 2017,Adult/Male/Black/Middle,3,YanLucasCordeiroPaiva,RibeiroJiu,Jitsu
Long Beach International Open Jiu-Jitsu 2017,Adult/Male/Black/Medium-Heavy,1,JoshuaRoyHinger,AtosJiu,Jitsu
Long Beach International Open Jiu-Jitsu 2017,Adult/Male/Black/Medium-Heavy,2,WellingtonLealDias,GracieHumaitaPhoenix
Long Beach International Open Jiu-Jitsu 2017,Adult/Male/Black/Heavy,1,KeenanKai,JamesCornelius,AtosJiu,Jitsu
Long Beach International Open Jiu-Jitsu 2017,Adult/Male/Black/Heavy,2,BenjaminZacharyLenyard,BrazilianTopTeam
Long Beach International Open Jiu-Jitsu 2017,Adult/Male/Black/Heavy,3,JaimeLuisdelCastilloArroyo,CharlesGracieAcademy
Long Beach International Open Jiu-Jitsu 2017,Adult/Male/Black/Heavy,3,WellingtonModenaPeroto,OneJiu,JitsuUSA
Long Beach International Open Jiu-Jitsu 2017,Adult/Male/Black/Super-Heavy,1,LucasDanielSilvaBarbosa,AtosJiu,Jitsu
Long Beach International Open Jiu-Jitsu 2017,Adult/Male/Black/Super-Heavy,2,DiegoGamonalNogueira,BrazilianTopTeam
Long Beach International Open Jiu-Jitsu 2017,Adult/Male/Black/Super-Heavy,3,DenneyWooRamChoi,AresBJJ
Long Beach International Open Jiu-Jitsu 2017,Adult/Male/Black/Super-Heavy,3,OmarSabha,BrazilianTopTeam
Long Beach International Open Jiu-Jitsu 2017,Adult/Male/Black/Ultra-Heavy,1,JosephMokuKahawaiJr.,BeyondJiu,Jitsu
Long Beach International Open Jiu-Jitsu 2017,Adult/Male/Black/Enum_WeightDivision_OpenClass_Label,1,KeenanKai,JamesCornelius,AtosJiu,Jitsu
Long Beach International Open Jiu-Jitsu 2017,Adult/Male/Black/Enum_WeightDivision_OpenClass_Label,2,VictorSilverioSantos,GracieBarra
Long Beach International Open Jiu-Jitsu 2017,Adult/Male/Black/Enum_WeightDivision_OpenClass_Label,3,JosephMokuKahawaiJr.,BeyondJiu,Jitsu
Long Beach International Open Jiu-Jitsu 2017,Adult/Male/Black/Enum_WeightDivision_OpenClass_Label,3,SergioRaimundoRiosdaSilva,Brasa/99
Long Beach International Open Jiu-Jitsu 2017,Adult/Female/White/Rooster,1,GiavannaCrivello,RalphGracie
Long Beach International Open Jiu-Jitsu 2017,Adult/Female/White/Rooster,2,DarleneHayden,GracieBarra
Long Beach International Open Jiu-Jitsu 2017,Adult/Female/White/Light-Feather,1,AngelicaLlanes,TRUJITSU
Long Beach International Open Jiu-Jitsu 2017,Adult/Female/White/Light-Feather,3,JulianaONoronha,CaveirinhaJiu,JitsuFamilyUSA
Long Beach International Open Jiu-Jitsu 2017,Adult/Female/White/Light-Feather,3,YuraKim,RenzoGracieLA
Long Beach International Open Jiu-Jitsu 2017,Adult/Female/White/Feather,1,FatimaMarielaCifuentes,RibeiroJiu,Jitsu
Long Beach International Open Jiu-Jitsu 2017,Adult/Female/White/Feather,2,MaríaJoseValenzuelaSosa,BrasaCTA
Long Beach International Open Jiu-Jitsu 2017,Adult/Female/White/Feather,3,AlexxDunk,10thPlanetJiuJitsu
Long Beach International Open Jiu-Jitsu 2017,Adult/Female/White/Feather,3,SherylLornaTipton,CaveirinhaJiu,JitsuFamilyUSA
Long Beach International Open Jiu-Jitsu 2017,Adult/Female/White/Light,1,AshleyWebb,TeamRivasBrazilianJiu,Jitsu
Long Beach International Open Jiu-Jitsu 2017,Adult/Female/White/Light,2,DadijaBliudzius,TRUJITSU
Long Beach International Open Jiu-Jitsu 2017,Adult/Female/White/Light,3,JavieraRamírezFuentes,PacificTopTeam
Long Beach International Open Jiu-Jitsu 2017,Adult/Female/White/Light,3,KristaClarke,CarlsonGracieTeam
Long Beach International Open Jiu-Jitsu 2017,Adult/Female/White/Middle,1,RaquelAndrade,BrazilianTopTeam
Long Beach International Open Jiu-Jitsu 2017,Adult/Female/White/Middle,2,SarahLynnHirsch,TRUJITSU
Long Beach International Open Jiu-Jitsu 2017,Adult/Female/White/Middle,3,CristianCarmenCorea,GracieBarra
Long Beach International Open Jiu-Jitsu 2017,Adult/Female/White/Middle,3,VivianaRojas,TRUJITSU
Long Beach International Open Jiu-Jitsu 2017,Adult/Female/White/Medium-Heavy,1,CarmenVegaDeAlencar,RibeiroJiu,Jitsu
Long Beach International Open Jiu-Jitsu 2017,Adult/Female/White/Medium-Heavy,2,MayraAndrade,ParagonBJJAcademy
Long Beach International Open Jiu-Jitsu 2017,Adult/Female/White/Medium-Heavy,3,CristinaPages,CoachellaValleyBJJ
Long Beach International Open Jiu-Jitsu 2017,Adult/Female/White/Medium-Heavy,3,SandraPatriciaHerrera,RodrigoFreitasBrazilianJiu,Jitsu
Long Beach International Open Jiu-Jitsu 2017,Adult/Female/White/Heavy,1,RileyGeneTimmons,SBGInternational(SBGI)
Long Beach International Open Jiu-Jitsu 2017,Adult/Female/White/Super-Heavy,1,NicoleMarieGomez,GracieBarra
Long Beach International Open Jiu-Jitsu 2017,Adult/Female/White/Super-Heavy,2,GenaviAngelinaEsquivel,LegacyJiu,Jitsu,TeamAlbertoCrane
Long Beach International Open Jiu-Jitsu 2017,Adult/Female/White/Super-Heavy,3,JaynaKling,BrunoBastosBJJMidland
Long Beach International Open Jiu-Jitsu 2017,Adult/Female/Blue/Light-Feather,1,FionaKo,AtosJiu,Jitsu
Long Beach International Open Jiu-Jitsu 2017,Adult/Female/Blue/Light-Feather,2,LillianCifuentes,RibeiroJiu,Jitsu
Long Beach International Open Jiu-Jitsu 2017,Adult/Female/Blue/Light-Feather,3,MeaganChopito,GracieBarra
Long Beach International Open Jiu-Jitsu 2017,Adult/Female/Blue/Feather,1,AlexaNicoleYanes,GracieBarra
Long Beach International Open Jiu-Jitsu 2017,Adult/Female/Blue/Feather,2,MartieceThompson,GracieHumaitaSouthBay
Long Beach International Open Jiu-Jitsu 2017,Adult/Female/Blue/Feather,3,LillianTran,CheckMat
Long Beach International Open Jiu-Jitsu 2017,Adult/Female/Blue/Feather,3,YvetteRuiz,GracieBarra
Long Beach International Open Jiu-Jitsu 2017,Adult/Female/Blue/Light,1,KalieNicoleCrothers,CarlsonGracieTeam
Long Beach International Open Jiu-Jitsu 2017,Adult/Female/Blue/Light,2,AmyLyon,PKGTrainingCenter
Long Beach International Open Jiu-Jitsu 2017,Adult/Female/Blue/Light,3,RoseMiller,GracieHumaitaSouthBay
Long Beach International Open Jiu-Jitsu 2017,Adult/Female/Blue/Middle,1,NatalieBarczyk,Alliance
Long Beach International Open Jiu-Jitsu 2017,Adult/Female/Blue/Middle,2,ElianaReynoso,GracieBarra
Long Beach International Open Jiu-Jitsu 2017,Adult/Female/Blue/Middle,3,NavelyAlba,CheckMat
Long Beach International Open Jiu-Jitsu 2017,Adult/Female/Blue/Medium-Heavy,1,LucianadaS.Mota,AJTeam
Long Beach International Open Jiu-Jitsu 2017,Adult/Female/Blue/Super-Heavy,1,KimberleySimmons,TRUJITSU
Long Beach International Open Jiu-Jitsu 2017,Adult/Female/Blue/Enum_WeightDivision_OpenClass_Label,1,LucianadaS.Mota,AJTeam
Long Beach International Open Jiu-Jitsu 2017,Adult/Female/Blue/Enum_WeightDivision_OpenClass_Label,2,AlexaNicoleYanes,GracieBarra
Long Beach International Open Jiu-Jitsu 2017,Adult/Female/Blue/Enum_WeightDivision_OpenClass_Label,3,LillianCifuentes,RibeiroJiu,Jitsu
Long Beach International Open Jiu-Jitsu 2017,Adult/Female/Blue/Enum_WeightDivision_OpenClass_Label,3,NatalieBarczyk,Alliance
Long Beach International Open Jiu-Jitsu 2017,Adult/Female/Purple/Light-Feather,1,ShastaMcMurry,SoulFightersBJJArizona
Long Beach International Open Jiu-Jitsu 2017,Adult/Female/Purple/Light-Feather,2,BrendaLarissa,Alliance
Long Beach International Open Jiu-Jitsu 2017,Adult/Female/Purple/Feather,1,LaviniaFrancesconiBarbosa,GracieHumaita
Long Beach International Open Jiu-Jitsu 2017,Adult/Female/Purple/Feather,2,SophiaMarieFlores,AtosJiu,Jitsu
Long Beach International Open Jiu-Jitsu 2017,Adult/Female/Purple/Feather,3,AlysonCarvalho,Alliance
Long Beach International Open Jiu-Jitsu 2017,Adult/Female/Purple/Feather,3,MelissaDawnCampanella,TRUJITSU
Long Beach International Open Jiu-Jitsu 2017,Adult/Female/Purple/Light,1,MargotCiccarelli,UnityJiu,jitsu
Long Beach International Open Jiu-Jitsu 2017,Adult/Female/Purple/Light,2,JoellyLobatoDeFaria,AresBJJ
Long Beach International Open Jiu-Jitsu 2017,Adult/Female/Purple/Light,3,CarolineCollins,Alliance
Long Beach International Open Jiu-Jitsu 2017,Adult/Female/Purple/Light,3,ErikaMarieAlmeida,CheckMat
Long Beach International Open Jiu-Jitsu 2017,Adult/Female/Purple/Middle,1,RafaelaRibeiroGuedes,RibeiroJiu,Jitsu
Long Beach International Open Jiu-Jitsu 2017,Adult/Female/Purple/Middle,2,AshleyNazareno,TRUJITSU
Long Beach International Open Jiu-Jitsu 2017,Adult/Female/Purple/Middle,3,MarianaGilVillalvazo,SamuraiFightCenter
Long Beach International Open Jiu-Jitsu 2017,Adult/Female/Purple/Medium-Heavy,1,KylieJ.BakerVillicano,TRUJITSU
Long Beach International Open Jiu-Jitsu 2017,Adult/Female/Purple/Enum_WeightDivision_OpenClass_Label,1,BrendaLarissa,Alliance
Long Beach International Open Jiu-Jitsu 2017,Adult/Female/Purple/Enum_WeightDivision_OpenClass_Label,2,RafaelaRibeiroGuedes,RibeiroJiu,Jitsu
Long Beach International Open Jiu-Jitsu 2017,Adult/Female/Purple/Enum_WeightDivision_OpenClass_Label,3,KylieJ.BakerVillicano,TRUJITSU
Long Beach International Open Jiu-Jitsu 2017,Adult/Female/Purple/Enum_WeightDivision_OpenClass_Label,3,MelissaDawnCampanella,TRUJITSU
Long Beach International Open Jiu-Jitsu 2017,Adult/Female/Brown/Feather,1,VeronicaMayorga,CheckMat
Long Beach International Open Jiu-Jitsu 2017,Adult/Female/Brown/Light,1,GabrielleMcCombLima,GracieHumaitaSouthBay
Long Beach International Open Jiu-Jitsu 2017,Adult/Female/Brown/Light,2,ElizabethJaneExell,VilanovaBrazilianJiu,Jitsu
Long Beach International Open Jiu-Jitsu 2017,Adult/Female/Brown/Light,3,JessieChen,RibeiroJiu,Jitsu
Long Beach International Open Jiu-Jitsu 2017,Adult/Female/Brown/Super-Heavy,1,AlejandraGonzalez,CarlsonGracieTeam
Long Beach International Open Jiu-Jitsu 2017,Adult/Female/Brown/Super-Heavy,2,MeghanTidgewell,KingsJiu,Jitsu
Long Beach International Open Jiu-Jitsu 2017,Adult/Female/Brown/Enum_WeightDivision_OpenClass_Label,1,AlejandraGonzalez,CarlsonGracieTeam
Long Beach International Open Jiu-Jitsu 2017,Adult/Female/Brown/Enum_WeightDivision_OpenClass_Label,2,VeronicaMayorga,CheckMat
Long Beach International Open Jiu-Jitsu 2017,Adult/Female/Brown/Enum_WeightDivision_OpenClass_Label,3,ElizabethJaneExell,VilanovaBrazilianJiu,Jitsu
Long Beach International Open Jiu-Jitsu 2017,Adult/Female/Brown/Enum_WeightDivision_OpenClass_Label,3,MeghanTidgewell,KingsJiu,Jitsu
Long Beach International Open Jiu-Jitsu 2017,Adult/Female/Black/Feather,1,PatríciaMariaN.FontesdosSantos,CheckMat
Long Beach International Open Jiu-Jitsu 2017,Adult/Female/Black/Middle,1,RaquelDayneKaleialohaPaaluhi,ZenithBJJ
Long Beach International Open Jiu-Jitsu 2017,Adult/Female/Black/Middle,2,AnnaSophiaMariaNordenö,HiltiFightCenter
Long Beach International Open Jiu-Jitsu 2017,Adult/Female/Black/Medium-Heavy,1,ClaudiaFernandaOnofreV.Doval,DeLaRivaJJ
Long Beach International Open Jiu-Jitsu 2017,Adult/Female/Black/Heavy,1,NiviadeSouzaMoura,GracieGym
Long Beach International Open Jiu-Jitsu 2017,Adult/Female/Black/Super-Heavy,1,TayanePorfíriodeAraújo,Alliance
Long Beach International Open Jiu-Jitsu 2017,Adult/Female/Black/Enum_WeightDivision_OpenClass_Label,1,ClaudiaFernandaOnofreV.Doval,DeLaRivaJJ
Long Beach International Open Jiu-Jitsu 2017,Adult/Female/Black/Enum_WeightDivision_OpenClass_Label,2,NiviadeSouzaMoura,GracieGym
Long Beach International Open Jiu-Jitsu 2017,Master1/Male/White/Feather,1,EmersonSantos,RodrigoFreitasBrazilianJiu,Jitsu
Long Beach International Open Jiu-Jitsu 2017,Master1/Male/White/Feather,2,TeranceWilliams,CleberJiuJitsu
Long Beach International Open Jiu-Jitsu 2017,Master1/Male/White/Light,1,AndrewBuan,BrazilianTopTeam
Long Beach International Open Jiu-Jitsu 2017,Master1/Male/White/Light,2,JohnDong,HePark,CheckMat
Long Beach International Open Jiu-Jitsu 2017,Master1/Male/White/Light,3,JesseDominicValenzuela,CleberJiuJitsu
Long Beach International Open Jiu-Jitsu 2017,Master1/Male/White/Middle,1,AlisterCastillo,BrazilianTopTeam
Long Beach International Open Jiu-Jitsu 2017,Master1/Male/White/Middle,2,VictorScottMaderafont,CarlsonGracieTeam
Long Beach International Open Jiu-Jitsu 2017,Master1/Male/White/Middle,3,DonaldStewartMowlds,AtosJiu,Jitsu
Long Beach International Open Jiu-Jitsu 2017,Master1/Male/White/Middle,3,NicholasErikKelly,AtosJiu,Jitsu
Long Beach International Open Jiu-Jitsu 2017,Master1/Male/White/Medium-Heavy,1,JustinCarskadon,Alliance
Long Beach International Open Jiu-Jitsu 2017,Master1/Male/White/Medium-Heavy,2,RaulAndrewOrtiz,GracieBarra
Long Beach International Open Jiu-Jitsu 2017,Master1/Male/White/Medium-Heavy,3,BryanWeber,CaveirinhaJiu,JitsuFamilyUSA
Long Beach International Open Jiu-Jitsu 2017,Master1/Male/White/Medium-Heavy,3,LawrenceElwoodPruitt,GracieBarra
Long Beach International Open Jiu-Jitsu 2017,Master1/Male/White/Super-Heavy,1,OmarAguilar,BrazilianTopTeam
Long Beach International Open Jiu-Jitsu 2017,Master1/Male/White/Super-Heavy,2,ChristopherEricRuiz,ZRTeamCalifornia
Long Beach International Open Jiu-Jitsu 2017,Master1/Male/White/Super-Heavy,3,DavidLamarRollins,CarlsonGracieTeam
Long Beach International Open Jiu-Jitsu 2017,Master1/Male/White/Super-Heavy,3,ReidRichards,BrazilianTopTeam
Long Beach International Open Jiu-Jitsu 2017,Master1/Male/White/Ultra-Heavy,1,AdamPerkins,KingsJiu,Jitsu
Long Beach International Open Jiu-Jitsu 2017,Master1/Male/Blue/Light-Feather,1,KyleSandoval,AresBJJ
Long Beach International Open Jiu-Jitsu 2017,Master1/Male/Blue/Feather,1,SamuelEresePascasio,DelMarJiu,JitsuClub
Long Beach International Open Jiu-Jitsu 2017,Master1/Male/Blue/Feather,2,JacobMichaelCleveland,GracieBarra
Long Beach International Open Jiu-Jitsu 2017,Master1/Male/Blue/Light,1,FelipeAugustodaSilva,FirstBJJCarlsonGracieTeam
Long Beach International Open Jiu-Jitsu 2017,Master1/Male/Blue/Light,2,WilliamCorpstein,AresBJJ
Long Beach International Open Jiu-Jitsu 2017,Master1/Male/Blue/Light,3,DanielChampion,Brazil021SchoolofJiu,Jitsu
Long Beach International Open Jiu-Jitsu 2017,Master1/Male/Blue/Light,3,TobinWoodley,RibeiroJiu,Jitsu
Long Beach International Open Jiu-Jitsu 2017,Master1/Male/Blue/Middle,1,DerekAnthonyChow,StreetSportsBJJ
Long Beach International Open Jiu-Jitsu 2017,Master1/Male/Blue/Middle,2,DavidDickman,TheBaseTrainingCenter
Long Beach International Open Jiu-Jitsu 2017,Master1/Male/Blue/Middle,3,DanielMacario,RibeiroJiu,Jitsu
Long Beach International Open Jiu-Jitsu 2017,Master1/Male/Blue/Middle,3,DrewCloud,LEADBJJ
Long Beach International Open Jiu-Jitsu 2017,Master1/Male/Blue/Medium-Heavy,1,MiguelDiaz,TRUJITSU
Long Beach International Open Jiu-Jitsu 2017,Master1/Male/Blue/Medium-Heavy,2,JavierBenitoPeake,PacificTopTeamCalifornia
Long Beach International Open Jiu-Jitsu 2017,Master1/Male/Blue/Medium-Heavy,3,JesseBuckelewIII,CarlsonGracieTeam
Long Beach International Open Jiu-Jitsu 2017,Master1/Male/Blue/Heavy,1,MatthewRoberts,LEADBJJ
Long Beach International Open Jiu-Jitsu 2017,Master1/Male/Blue/Heavy,2,WilliamStevenRish,AmericanTopTeam
Long Beach International Open Jiu-Jitsu 2017,Master1/Male/Blue/Heavy,3,GeorgeHaken,BrazilianTopTeam
Long Beach International Open Jiu-Jitsu 2017,Master1/Male/Blue/Heavy,3,MiguelRicardoMartinez,PacificTopTeamCalifornia
Long Beach International Open Jiu-Jitsu 2017,Master1/Male/Blue/Super-Heavy,1,AlfonsoQuezada,BrazilianTopTeam
Long Beach International Open Jiu-Jitsu 2017,Master1/Male/Blue/Super-Heavy,2,JamesHolmblad,Studio540
Long Beach International Open Jiu-Jitsu 2017,Master1/Male/Blue/Ultra-Heavy,1,LeonardMiller,KingsJiu,Jitsu
Long Beach International Open Jiu-Jitsu 2017,Master1/Male/Blue/Ultra-Heavy,2,AlexandreGadelhaLima,TheBrothersBJJPernambuco
Long Beach International Open Jiu-Jitsu 2017,Master1/Male/Blue/Enum_WeightDivision_OpenClass_Label,1,LeonardMiller,KingsJiu,Jitsu
Long Beach International Open Jiu-Jitsu 2017,Master1/Male/Blue/Enum_WeightDivision_OpenClass_Label,2,AlfonsoQuezada,BrazilianTopTeam
Long Beach International Open Jiu-Jitsu 2017,Master1/Male/Blue/Enum_WeightDivision_OpenClass_Label,3,AlexandreGadelhaLima,TheBrothersBJJPernambuco
Long Beach International Open Jiu-Jitsu 2017,Master1/Male/Purple/Light-Feather,1,paullansang,LansangBrazilianJiu,Jitsu
Long Beach International Open Jiu-Jitsu 2017,Master1/Male/Purple/Light-Feather,2,RuelGojar,Jiu,JitsuFoundation
Long Beach International Open Jiu-Jitsu 2017,Master1/Male/Purple/Light-Feather,3,arthurimai,GracieHumaitaValencia/AntigaMarioAielloBJJ
Long Beach International Open Jiu-Jitsu 2017,Master1/Male/Purple/Feather,1,JonAndrewDelosReyes,CobraKaiJiuJitsu
Long Beach International Open Jiu-Jitsu 2017,Master1/Male/Purple/Feather,2,VincentWaiSit,KowloonBJJ
Long Beach International Open Jiu-Jitsu 2017,Master1/Male/Purple/Feather,3,BrandonGonzalez,BrazilianTopTeam
Long Beach International Open Jiu-Jitsu 2017,Master1/Male/Purple/Feather,3,RyanMohr,PeninsulaBJJ
Long Beach International Open Jiu-Jitsu 2017,Master1/Male/Purple/Light,1,DiogoMaltarollo,GracieBarra
Long Beach International Open Jiu-Jitsu 2017,Master1/Male/Purple/Light,2,MisaelLopez,Alliance
Long Beach International Open Jiu-Jitsu 2017,Master1/Male/Purple/Light,3,ArmandoRodarte,AtosJiu,Jitsu
Long Beach International Open Jiu-Jitsu 2017,Master1/Male/Purple/Middle,1,AndresCruz,BrazilianTopTeam
Long Beach International Open Jiu-Jitsu 2017,Master1/Male/Purple/Middle,2,JoshuaAllenVivian,CheckMat
Long Beach International Open Jiu-Jitsu 2017,Master1/Male/Purple/Medium-Heavy,1,FabricioVielmo,AtosJiu,Jitsu
Long Beach International Open Jiu-Jitsu 2017,Master1/Male/Purple/Medium-Heavy,2,ChrisSmith,BrazilianTopTeam
Long Beach International Open Jiu-Jitsu 2017,Master1/Male/Purple/Medium-Heavy,3,JulianLopez,ParagonBJJAcademy
Long Beach International Open Jiu-Jitsu 2017,Master1/Male/Purple/Medium-Heavy,3,PhilippeCharlesMerrilees,CheckMat
Long Beach International Open Jiu-Jitsu 2017,Master1/Male/Purple/Heavy,1,ChadLewis,CarlsonGracieTeam
Long Beach International Open Jiu-Jitsu 2017,Master1/Male/Purple/Heavy,2,AdilOuassini,DunhamJiu,Jitsu
Long Beach International Open Jiu-Jitsu 2017,Master1/Male/Purple/Heavy,3,JamesDelsid,CleberJiuJitsuVisalia
Long Beach International Open Jiu-Jitsu 2017,Master1/Male/Purple/Heavy,3,RafaelFideles,PeninsulaBJJ
Long Beach International Open Jiu-Jitsu 2017,Master1/Male/Purple/Super-Heavy,1,CraigGonzalez,CheckMat
Long Beach International Open Jiu-Jitsu 2017,Master1/Male/Purple/Ultra-Heavy,1,NickRoss,TRUJITSU
Long Beach International Open Jiu-Jitsu 2017,Master1/Male/Purple/Ultra-Heavy,2,DaurenKabykenov,BrazilianTopTeam
Long Beach International Open Jiu-Jitsu 2017,Master1/Male/Purple/Ultra-Heavy,3,DanielGarciaJr,CheckMat
Long Beach International Open Jiu-Jitsu 2017,Master1/Male/Purple/Enum_WeightDivision_OpenClass_Label,1,JamesDelsid,CleberJiuJitsuVisalia
Long Beach International Open Jiu-Jitsu 2017,Master1/Male/Purple/Enum_WeightDivision_OpenClass_Label,2,paullansang,LansangBrazilianJiu,Jitsu
Long Beach International Open Jiu-Jitsu 2017,Master1/Male/Purple/Enum_WeightDivision_OpenClass_Label,3,JulianLopez,ParagonBJJAcademy
Long Beach International Open Jiu-Jitsu 2017,Master1/Male/Purple/Enum_WeightDivision_OpenClass_Label,3,NickRoss,TRUJITSU
Long Beach International Open Jiu-Jitsu 2017,Master1/Male/Brown/Feather,1,AlexisD.Fonseca,ArtofJiuJitsuAcademy
Long Beach International Open Jiu-Jitsu 2017,Master1/Male/Brown/Feather,2,MichaelAllenKaplan,AresBJJ
Long Beach International Open Jiu-Jitsu 2017,Master1/Male/Brown/Feather,3,MontaLamorWiley,ZRTeamCalifornia
Long Beach International Open Jiu-Jitsu 2017,Master1/Male/Brown/Feather,3,ThiagoPierreMotadeAlencar,CheckMat
Long Beach International Open Jiu-Jitsu 2017,Master1/Male/Brown/Middle,1,JoseReginaldoP.SouzaJr,Alliance
Long Beach International Open Jiu-Jitsu 2017,Master1/Male/Brown/Middle,2,MarioCatani,Alliance
Long Beach International Open Jiu-Jitsu 2017,Master1/Male/Brown/Medium-Heavy,1,HeroSerrano,BrazilianTopTeam
Long Beach International Open Jiu-Jitsu 2017,Master1/Male/Brown/Heavy,1,RichardA.Kanasevich,AtosJiu,Jitsu
Long Beach International Open Jiu-Jitsu 2017,Master1/Male/Brown/Heavy,2,MatthewStevenGillette,MaracabaBJJ
Long Beach International Open Jiu-Jitsu 2017,Master1/Male/Brown/Heavy,3,DerrickGeiszler,TheBaseTrainingCenter
Long Beach International Open Jiu-Jitsu 2017,Master1/Male/Brown/Super-Heavy,1,RodolfoCatoiaVarela,GFTeam
Long Beach International Open Jiu-Jitsu 2017,Master1/Male/Brown/Super-Heavy,2,ErnestJoshuaChavez,BrazilianTopTeam
Long Beach International Open Jiu-Jitsu 2017,Master1/Male/Brown/Super-Heavy,3,BradleyJoeMontgomery,ZenithBJJ,LasVegas
Long Beach International Open Jiu-Jitsu 2017,Master1/Male/Brown/Ultra-Heavy,1,MarcioAntonioPiresJunior,GracieBarra
Long Beach International Open Jiu-Jitsu 2017,Master1/Male/Brown/Enum_WeightDivision_OpenClass_Label,1,MarcioAntonioPiresJunior,GracieBarra
Long Beach International Open Jiu-Jitsu 2017,Master1/Male/Brown/Enum_WeightDivision_OpenClass_Label,2,MatthewStevenGillette,MaracabaBJJ
Long Beach International Open Jiu-Jitsu 2017,Master1/Male/Brown/Enum_WeightDivision_OpenClass_Label,3,MarioCatani,Alliance
Long Beach International Open Jiu-Jitsu 2017,Master1/Male/Brown/Enum_WeightDivision_OpenClass_Label,3,RodolfoCatoiaVarela,GFTeam
Long Beach International Open Jiu-Jitsu 2017,Master1/Male/Black/Light-Feather,1,JustinMasaichiOrdinario,PabloSilvaBJJ,ZRTeam
Long Beach International Open Jiu-Jitsu 2017,Master1/Male/Black/Light-Feather,2,RonaldStephenHendersonJr.,CheckMat
Long Beach International Open Jiu-Jitsu 2017,Master1/Male/Black/Light-Feather,3,TeuiraE.Crivello,RalphGracie
Long Beach International Open Jiu-Jitsu 2017,Master1/Male/Black/Feather,1,RaymundoFonsecaNeto,Norfight
Long Beach International Open Jiu-Jitsu 2017,Master1/Male/Black/Light,1,DiogoAlvesFerreira,GracieBarra
Long Beach International Open Jiu-Jitsu 2017,Master1/Male/Black/Light,2,ChristopherWilliamStory,LEADBJJ
Long Beach International Open Jiu-Jitsu 2017,Master1/Male/Black/Light,3,ChaseHunterTomseth,CheckMat
Long Beach International Open Jiu-Jitsu 2017,Master1/Male/Black/Middle,1,MichaelLanceGlynn,ParagonBJJAcademy
Long Beach International Open Jiu-Jitsu 2017,Master1/Male/Black/Middle,2,KevinHosseini,FabioSantosBJJ
Long Beach International Open Jiu-Jitsu 2017,Master1/Male/Black/Middle,3,BrianAnthonyMendez,RibeiroJiu,Jitsu
Long Beach International Open Jiu-Jitsu 2017,Master1/Male/Black/Medium-Heavy,1,EduardoSantorodeCamargo,ESJJ(ExcelenceSchoolofJiu,Jitsu)
Long Beach International Open Jiu-Jitsu 2017,Master1/Male/Black/Medium-Heavy,2,JoséEduardoMonteiroCorrêa,ClarkGracieJiuJitsuAcademy
Long Beach International Open Jiu-Jitsu 2017,Master1/Male/Black/Heavy,1,LeonardodePaivaMachadodeSantana,BrazilianTopTeam
Long Beach International Open Jiu-Jitsu 2017,Master1/Male/Black/Heavy,2,JaysenJoseBaxter,BrazilianTopTeam
Long Beach International Open Jiu-Jitsu 2017,Master1/Male/Black/Heavy,3,HelioBarthemNeto,CheckMat
Long Beach International Open Jiu-Jitsu 2017,Master1/Male/Black/Heavy,3,SteveJHargett,RibeiroJiu,Jitsu
Long Beach International Open Jiu-Jitsu 2017,Master1/Male/Black/Ultra-Heavy,1,FranciscoRamosMendesNeto,CheckMat
Long Beach International Open Jiu-Jitsu 2017,Master1/Male/Black/Enum_WeightDivision_OpenClass_Label,1,SteveJHargett,RibeiroJiu,Jitsu
Long Beach International Open Jiu-Jitsu 2017,Master1/Male/Black/Enum_WeightDivision_OpenClass_Label,2,RaymundoFonsecaNeto,Norfight
Long Beach International Open Jiu-Jitsu 2017,Master1/Male/Black/Enum_WeightDivision_OpenClass_Label,3,ChaseHunterTomseth,CheckMat
Long Beach International Open Jiu-Jitsu 2017,Master1/Male/Black/Enum_WeightDivision_OpenClass_Label,3,HelioBarthemNeto,CheckMat
Long Beach International Open Jiu-Jitsu 2017,Master1/Female/Blue/Rooster,1,BrendaDianeDang,AresBJJ
Long Beach International Open Jiu-Jitsu 2017,Master1/Female/Blue/Rooster,2,aliciamarroquin,RodrigoFreitasBrazilianJiu,Jitsu
Long Beach International Open Jiu-Jitsu 2017,Master1/Female/Blue/Light-Feather,1,WhitneyHosseini,FabioSantosBJJ
Long Beach International Open Jiu-Jitsu 2017,Master1/Female/Blue/Light-Feather,2,DianaNguyen,AtosJiu,Jitsu
Long Beach International Open Jiu-Jitsu 2017,Master1/Female/Blue/Light-Feather,3,JadeTomelden,Alliance
Long Beach International Open Jiu-Jitsu 2017,Master1/Female/Blue/Feather,1,VivianeDelvaux,RibeiroJiu,Jitsu
Long Beach International Open Jiu-Jitsu 2017,Master1/Female/Blue/Light,1,ElizabethGómez,SocaBrazilianJiu,JitsuInternational
Long Beach International Open Jiu-Jitsu 2017,Master1/Female/Blue/Light,2,MollyElizabethHaro,RalphGracie
Long Beach International Open Jiu-Jitsu 2017,Master1/Female/Blue/Light,3,AmberRuge,BrazilianTopTeam
Long Beach International Open Jiu-Jitsu 2017,Master1/Female/Blue/Middle,1,SusanneEngberg,ParagonBJJAcademy
Long Beach International Open Jiu-Jitsu 2017,Master1/Female/Blue/Middle,2,DolonnaBrush,GracieHumaitaTemecula
Long Beach International Open Jiu-Jitsu 2017,Master1/Female/Blue/Medium-Heavy,1,StephanieGirard,PacificTopTeam
Long Beach International Open Jiu-Jitsu 2017,Master1/Female/Blue/Enum_WeightDivision_OpenClass_Label,1,BrendaDianeDang,AresBJJ
Long Beach International Open Jiu-Jitsu 2017,Master1/Female/Blue/Enum_WeightDivision_OpenClass_Label,2,VivianeDelvaux,RibeiroJiu,Jitsu
Long Beach International Open Jiu-Jitsu 2017,Master1/Female/Purple/Medium-Heavy,1,KimBowser,PacificTopTeamCalifornia
Long Beach International Open Jiu-Jitsu 2017,Master1/Female/Purple/Medium-Heavy,2,PatriciaArchila,BonsaiJJ,USA
Long Beach International Open Jiu-Jitsu 2017,Master1/Female/Purple/Heavy,1,RafaelaHalucheSchmitz,GracieBarra
Long Beach International Open Jiu-Jitsu 2017,Master1/Female/Purple/Enum_WeightDivision_OpenClass_Label,1,KimBowser,PacificTopTeamCalifornia
Long Beach International Open Jiu-Jitsu 2017,Master1/Female/Purple/Enum_WeightDivision_OpenClass_Label,2,RafaelaHalucheSchmitz,GracieBarra
Long Beach International Open Jiu-Jitsu 2017,Master2/Male/White/Light,1,RichardRamirez,Jr,BrazilianTopTeam
Long Beach International Open Jiu-Jitsu 2017,Master2/Male/White/Light,2,BryceCameronKrause,AtosJiu,Jitsu
Long Beach International Open Jiu-Jitsu 2017,Master2/Male/White/Light,3,MarkElliottWyattWoodall,TheBaseTrainingCenter
Long Beach International Open Jiu-Jitsu 2017,Master2/Male/White/Middle,1,EmmanuelChaidez,SCHOOLBJJLA
Long Beach International Open Jiu-Jitsu 2017,Master2/Male/White/Middle,2,RalphJustinWu,KingsMMAAnaheim
Long Beach International Open Jiu-Jitsu 2017,Master2/Male/White/Middle,3,GregoryLamarTaylor,Alliance
Long Beach International Open Jiu-Jitsu 2017,Master2/Male/White/Middle,3,PaulDiaz,RodrigoFreitasBrazilianJiu,Jitsu
Long Beach International Open Jiu-Jitsu 2017,Master2/Male/White/Medium-Heavy,1,FrankDavidTorres,GracieBarra
Long Beach International Open Jiu-Jitsu 2017,Master2/Male/White/Medium-Heavy,2,DiegoFabianJarrin,BrazilianTopTeam
Long Beach International Open Jiu-Jitsu 2017,Master2/Male/White/Medium-Heavy,3,PeterJohnMattfeldt,TRUJITSU
Long Beach International Open Jiu-Jitsu 2017,Master2/Male/White/Medium-Heavy,3,RichRodecker,RodrigoFreitasBrazilianJiu,Jitsu
Long Beach International Open Jiu-Jitsu 2017,Master2/Male/White/Heavy,1,JeffLewis,GracieBarra
Long Beach International Open Jiu-Jitsu 2017,Master2/Male/White/Heavy,2,FabricioStocco,GracieBarra
Long Beach International Open Jiu-Jitsu 2017,Master2/Male/White/Heavy,3,Bryanho,OneJiu,JitsuUSA
Long Beach International Open Jiu-Jitsu 2017,Master2/Male/White/Super-Heavy,1,BillyForthman,TRUJITSU
Long Beach International Open Jiu-Jitsu 2017,Master2/Male/White/Super-Heavy,2,BradleyCrawford,PeninsulaBJJ
Long Beach International Open Jiu-Jitsu 2017,Master2/Male/Blue/Light-Feather,1,ArchieSemana,BrazilianTopTeam
Long Beach International Open Jiu-Jitsu 2017,Master2/Male/Blue/Light-Feather,2,UlisesGonzalez,BrazilianTopTeam
Long Beach International Open Jiu-Jitsu 2017,Master2/Male/Blue/Light-Feather,3,EdgarOmarSantos,GracieBarra
Long Beach International Open Jiu-Jitsu 2017,Master2/Male/Blue/Light-Feather,3,MarkLazatin,AtosJiu,Jitsu
Long Beach International Open Jiu-Jitsu 2017,Master2/Male/Blue/Light,1,JohnsentLagatao,CobraKaiJiuJitsu
Long Beach International Open Jiu-Jitsu 2017,Master2/Male/Blue/Light,2,LukeAlexanderMitzman,Alliance
Long Beach International Open Jiu-Jitsu 2017,Master2/Male/Blue/Light,3,ChadAaronGolay,CarlsonGracieTeam
Long Beach International Open Jiu-Jitsu 2017,Master2/Male/Blue/Light,3,ShermanShen,GracieBarra
Long Beach International Open Jiu-Jitsu 2017,Master2/Male/Blue/Middle,1,AlecChavesNewlands,GracieBarra
Long Beach International Open Jiu-Jitsu 2017,Master2/Male/Blue/Middle,2,MatthewLukePages,CoachellaValleyBJJ
Long Beach International Open Jiu-Jitsu 2017,Master2/Male/Blue/Middle,3,GregoryNicholasChoy,PeninsulaBJJ
Long Beach International Open Jiu-Jitsu 2017,Master2/Male/Blue/Middle,3,RobertAlexNabolotny,RodrigoFreitasBrazilianJiu,Jitsu
Long Beach International Open Jiu-Jitsu 2017,Master2/Male/Blue/Medium-Heavy,1,AnthonyVincentFalotico,FabinRosaBrazilianJiu,Jitsu
Long Beach International Open Jiu-Jitsu 2017,Master2/Male/Blue/Heavy,1,AndreD.Guimaraes,RibeiroJiu,Jitsu
Long Beach International Open Jiu-Jitsu 2017,Master2/Male/Blue/Super-Heavy,1,PeterToma,GracieBarra
Long Beach International Open Jiu-Jitsu 2017,Master2/Male/Blue/Super-Heavy,2,NoelElpedes,BrazilianTopTeam
Long Beach International Open Jiu-Jitsu 2017,Master2/Male/Blue/Enum_WeightDivision_OpenClass_Label,1,AndreD.Guimaraes,RibeiroJiu,Jitsu
Long Beach International Open Jiu-Jitsu 2017,Master2/Male/Blue/Enum_WeightDivision_OpenClass_Label,2,PeterToma,GracieBarra
Long Beach International Open Jiu-Jitsu 2017,Master2/Male/Purple/Light,1,CarlosCapela,BrasaCaioTerra
Long Beach International Open Jiu-Jitsu 2017,Master2/Male/Purple/Light,2,ArleoMagtibay,AtosJiu,Jitsu
Long Beach International Open Jiu-Jitsu 2017,Master2/Male/Purple/Light,3,SamuelTy,BrazilianTopTeam
Long Beach International Open Jiu-Jitsu 2017,Master2/Male/Purple/Middle,1,RyanCherney,GazzeAcademy
Long Beach International Open Jiu-Jitsu 2017,Master2/Male/Purple/Middle,2,matthewviers,AtosJiu,Jitsu
Long Beach International Open Jiu-Jitsu 2017,Master2/Male/Purple/Medium-Heavy,1,TomioHuffman,AtosJiu,Jitsu
Long Beach International Open Jiu-Jitsu 2017,Master2/Male/Purple/Medium-Heavy,2,ChristopherZabala,BrazilianTopTeam
Long Beach International Open Jiu-Jitsu 2017,Master2/Male/Purple/Heavy,1,PabloKendallRodriguez,PacificTopTeamCalifornia
Long Beach International Open Jiu-Jitsu 2017,Master2/Male/Purple/Ultra-Heavy,1,NolanArcher,GracieBarra
Long Beach International Open Jiu-Jitsu 2017,Master2/Male/Purple/Ultra-Heavy,2,AlejandroFlores,AtosJiu,Jitsu
Long Beach International Open Jiu-Jitsu 2017,Master2/Male/Purple/Enum_WeightDivision_OpenClass_Label,1,NolanArcher,GracieBarra
Long Beach International Open Jiu-Jitsu 2017,Master2/Male/Purple/Enum_WeightDivision_OpenClass_Label,2,PabloKendallRodriguez,PacificTopTeamCalifornia
Long Beach International Open Jiu-Jitsu 2017,Master2/Male/Purple/Enum_WeightDivision_OpenClass_Label,3,AlejandroFlores,AtosJiu,Jitsu
Long Beach International Open Jiu-Jitsu 2017,Master2/Male/Brown/Feather,1,ChristopherAlbertGuzman,GracieBarra
Long Beach International Open Jiu-Jitsu 2017,Master2/Male/Brown/Feather,2,LevDavidLvovsky,BrazilianTopTeam
Long Beach International Open Jiu-Jitsu 2017,Master2/Male/Brown/Feather,3,MarkMendoza,BrazilianTopTeam
Long Beach International Open Jiu-Jitsu 2017,Master2/Male/Brown/Light,1,NelsonMedina,BeverlyHillsJiuJitsuClub
Long Beach International Open Jiu-Jitsu 2017,Master2/Male/Brown/Light,2,OscarErnestoGonzalez,BrazilianTopTeam
Long Beach International Open Jiu-Jitsu 2017,Master2/Male/Brown/Light,3,ChrisSpanellis,RodrigoFreitasBrazilianJiu,Jitsu
Long Beach International Open Jiu-Jitsu 2017,Master2/Male/Brown/Light,3,SethBelisle,GracieHumaitaSanDiegoCompetitionTeam
Long Beach International Open Jiu-Jitsu 2017,Master2/Male/Brown/Middle,1,IsaacMorales,CleberJiuJitsu
Long Beach International Open Jiu-Jitsu 2017,Master2/Male/Brown/Middle,2,MichaelPatrickDelaney,RibeiroJiu,Jitsu
Long Beach International Open Jiu-Jitsu 2017,Master2/Male/Brown/Middle,3,IlanXanthakis,CarlsonGracieTeam
Long Beach International Open Jiu-Jitsu 2017,Master2/Male/Brown/Heavy,1,EduardoHernandez,BrazilianTopTeam
Long Beach International Open Jiu-Jitsu 2017,Master2/Male/Brown/Heavy,2,IsaacMorales,GracieHumaitaUSA
Long Beach International Open Jiu-Jitsu 2017,Master2/Male/Brown/Heavy,3,ColbyBenjaminBissell,LaselvaMMA
Long Beach International Open Jiu-Jitsu 2017,Master2/Male/Brown/Super-Heavy,1,DimasFelipeHeckert,NovaUnião/NU
Long Beach International Open Jiu-Jitsu 2017,Master2/Male/Brown/Ultra-Heavy,1,DerekJohnson,GracieBarra
Long Beach International Open Jiu-Jitsu 2017,Master2/Male/Brown/Ultra-Heavy,2,JerryFoster,BrazilianTopTeam
Long Beach International Open Jiu-Jitsu 2017,Master2/Male/Brown/Enum_WeightDivision_OpenClass_Label,1,JerryFoster,BrazilianTopTeam
Long Beach International Open Jiu-Jitsu 2017,Master2/Male/Brown/Enum_WeightDivision_OpenClass_Label,2,DimasFelipeHeckert,NovaUnião/NU
Long Beach International Open Jiu-Jitsu 2017,Master2/Male/Brown/Enum_WeightDivision_OpenClass_Label,3,ChristopherAlbertGuzman,GracieBarra
Long Beach International Open Jiu-Jitsu 2017,Master2/Male/Black/Feather,1,JeysenSantiagodosSantos,GracieHumaitaUSA
Long Beach International Open Jiu-Jitsu 2017,Master2/Male/Black/Feather,2,DanianTorres,CheckMat
Long Beach International Open Jiu-Jitsu 2017,Master2/Male/Black/Light,1,RivaldoGoncalvesdeAraujoJunior,RodrigoPinheiroBJJ
Long Beach International Open Jiu-Jitsu 2017,Master2/Male/Black/Light,2,AlexandreBallesteros,BrazilianTopTeam
Long Beach International Open Jiu-Jitsu 2017,Master2/Male/Black/Light,3,EdwardAnthony,BJJRevolutionTeam
Long Beach International Open Jiu-Jitsu 2017,Master2/Male/Black/Middle,1,JoseH.OliveiradeAlencar,RibeiroJiu,Jitsu
Long Beach International Open Jiu-Jitsu 2017,Master2/Male/Black/Middle,2,MarkHidalgo,GracieHumaitaSanDiegoCompetitionTeam
Long Beach International Open Jiu-Jitsu 2017,Master2/Male/Black/Middle,3,JosafáAndradeAranhaJúnior,OmarSalumJiu,Jitsu
Long Beach International Open Jiu-Jitsu 2017,Master2/Male/Black/Medium-Heavy,1,RodrigoPinheiroBreves,GracieHumaitaUSA
Long Beach International Open Jiu-Jitsu 2017,Master2/Male/Black/Medium-Heavy,2,BryanFabrosClavecilla,RiganMachado
Long Beach International Open Jiu-Jitsu 2017,Master2/Male/Black/Medium-Heavy,3,RicardoWagnerdeOliveira,CheckMat
Long Beach International Open Jiu-Jitsu 2017,Master2/Male/Black/Super-Heavy,1,CarlosEduardoCaroneFrancis,Jiu,JitsuFoundation
Long Beach International Open Jiu-Jitsu 2017,Master2/Male/Black/Super-Heavy,2,HectorTapiaJr.,GracieBarra
Long Beach International Open Jiu-Jitsu 2017,Master2/Male/Black/Ultra-Heavy,1,BrunoLapendaLinsMunduruca,GracieHumaitaUSA
Long Beach International Open Jiu-Jitsu 2017,Master2/Male/Black/Ultra-Heavy,2,evandrolopespalheta,GracieHumaita
Long Beach International Open Jiu-Jitsu 2017,Master2/Male/Black/Enum_WeightDivision_OpenClass_Label,1,JeysenSantiagodosSantos,GracieHumaitaUSA
Long Beach International Open Jiu-Jitsu 2017,Master2/Male/Black/Enum_WeightDivision_OpenClass_Label,2,BrunoLapendaLinsMunduruca,GracieHumaitaUSA
Long Beach International Open Jiu-Jitsu 2017,Master2/Male/Black/Enum_WeightDivision_OpenClass_Label,3,AlexandreBallesteros,BrazilianTopTeam
Long Beach International Open Jiu-Jitsu 2017,Master2/Male/Black/Enum_WeightDivision_OpenClass_Label,3,HectorTapiaJr.,GracieBarra
Long Beach International Open Jiu-Jitsu 2017,Master3/Male/Blue/Light,1,ArthurHsu,CobraKaiJiuJitsu
Long Beach International Open Jiu-Jitsu 2017,Master3/Male/Blue/Light,2,DevinA.McRae,RodrigoFreitasBrazilianJiu,Jitsu
Long Beach International Open Jiu-Jitsu 2017,Master3/Male/Blue/Middle,1,MattNicholson,Alliance
Long Beach International Open Jiu-Jitsu 2017,Master3/Male/Blue/Middle,2,LucianoJosédaSilva,RocianGracieJr.
Long Beach International Open Jiu-Jitsu 2017,Master3/Male/Blue/Middle,3,BruceWatson,BrazilianTopTeam
Long Beach International Open Jiu-Jitsu 2017,Master3/Male/Blue/Middle,3,SimonSandoval,DelMarJiu,JitsuClub
Long Beach International Open Jiu-Jitsu 2017,Master3/Male/Blue/Medium-Heavy,1,DoronKim,CheckMat
Long Beach International Open Jiu-Jitsu 2017,Master3/Male/Blue/Medium-Heavy,2,EdgarLeon,GracieBarra
Long Beach International Open Jiu-Jitsu 2017,Master3/Male/Blue/Medium-Heavy,3,RobertNevarez,GracieBarra
Long Beach International Open Jiu-Jitsu 2017,Master3/Male/Blue/Heavy,1,ReidVictorPullen,GracieBarra
Long Beach International Open Jiu-Jitsu 2017,Master3/Male/Blue/Heavy,2,GregBennett,BrazilianTopTeam
Long Beach International Open Jiu-Jitsu 2017,Master3/Male/Blue/Heavy,3,ThomasAdenEthridge,GracieBarra
Long Beach International Open Jiu-Jitsu 2017,Master3/Male/Blue/Super-Heavy,1,KevinChristopherRariden,GracieHumaitaPhoenix
Long Beach International Open Jiu-Jitsu 2017,Master3/Male/Purple/Light-Feather,1,DeeGonzales,Brazil021SchoolofJiu,Jitsu
Long Beach International Open Jiu-Jitsu 2017,Master3/Male/Purple/Feather,1,SoonhyeokKook,GracieBarra
Long Beach International Open Jiu-Jitsu 2017,Master3/Male/Purple/Feather,2,RyanHoward,BrazilianTopTeam
Long Beach International Open Jiu-Jitsu 2017,Master3/Male/Purple/Light,1,miguelgonzalez,BrazilianTopTeam
Long Beach International Open Jiu-Jitsu 2017,Master3/Male/Purple/Light,2,BrendanDanielBolton,Klinger,GracieBarra
Long Beach International Open Jiu-Jitsu 2017,Master3/Male/Purple/Heavy,1,DavidRussell,RibeiroJiu,Jitsu
Long Beach International Open Jiu-Jitsu 2017,Master3/Male/Purple/Super-Heavy,1,RyanFrankBaxter,Jiu,JitsuFoundation
Long Beach International Open Jiu-Jitsu 2017,Master3/Male/Purple/Super-Heavy,2,MarkPonceDeLeon,BrazilianTopTeam
Long Beach International Open Jiu-Jitsu 2017,Master3/Male/Purple/Super-Heavy,3,RaulMartinez,CarlsonGracieTeam
Long Beach International Open Jiu-Jitsu 2017,Master3/Male/Purple/Enum_WeightDivision_OpenClass_Label,1,DavidRussell,RibeiroJiu,Jitsu
Long Beach International Open Jiu-Jitsu 2017,Master3/Male/Purple/Enum_WeightDivision_OpenClass_Label,2,DeeGonzales,Brazil021SchoolofJiu,Jitsu
Long Beach International Open Jiu-Jitsu 2017,Master3/Male/Purple/Enum_WeightDivision_OpenClass_Label,3,RaulMartinez,CarlsonGracieTeam
Long Beach International Open Jiu-Jitsu 2017,Master3/Male/Black/Light-Feather,1,OmarAntonioLimaSalumJunior,GracieHumaitaRJ
Long Beach International Open Jiu-Jitsu 2017,Master3/Male/Black/Feather,1,MarcusViniciusBarrosNorat,GracieHumaitaUSA
Long Beach International Open Jiu-Jitsu 2017,Master3/Male/Black/Feather,2,DannyS.Gong,PeninsulaBJJ
Long Beach International Open Jiu-Jitsu 2017,Master3/Male/Black/Feather,3,TedpatrickValenzuelaVida,RalphGracie
Long Beach International Open Jiu-Jitsu 2017,Master3/Male/Black/Light,1,GregoryBryson,Jiu,JitsuFoundation
Long Beach International Open Jiu-Jitsu 2017,Master3/Male/Black/Light,2,JacobSchofield,CheckMat
Long Beach International Open Jiu-Jitsu 2017,Master3/Male/Black/Middle,1,ChristianBello,GracieBarra
Long Beach International Open Jiu-Jitsu 2017,Master3/Male/Black/Middle,2,MiltonMachadoFilho,GracieBarra
Long Beach International Open Jiu-Jitsu 2017,Master3/Male/Black/Middle,3,JulianoAparecidoPrado,BrazilianTopTeam
Long Beach International Open Jiu-Jitsu 2017,Master3/Male/Black/Middle,3,MarceloPerdomo,BrazilianTopTeam
Long Beach International Open Jiu-Jitsu 2017,Master3/Male/Black/Medium-Heavy,1,MattJasonBaker,TRUJITSU
Long Beach International Open Jiu-Jitsu 2017,Master3/Male/Black/Medium-Heavy,2,GuilhermeAssadTeixeira,AssadBJJ,Brasil
Long Beach International Open Jiu-Jitsu 2017,Master3/Male/Black/Medium-Heavy,3,RaymondMugicaSr.,BrazilianTopTeam
Long Beach International Open Jiu-Jitsu 2017,Master3/Male/Black/Heavy,1,RodrigoAntunesGuimarães,ParagonBJJAcademy
Long Beach International Open Jiu-Jitsu 2017,Master3/Male/Black/Heavy,2,JakeRyanMosher,GracieHumaitaPhoenix
Long Beach International Open Jiu-Jitsu 2017,Master3/Male/Black/Ultra-Heavy,1,SidneiCrispimGomes,MurphyBrother/Barbosa
Long Beach International Open Jiu-Jitsu 2017,Master3/Male/Black/Enum_WeightDivision_OpenClass_Label,1,RodrigoAntunesGuimarães,ParagonBJJAcademy
Long Beach International Open Jiu-Jitsu 2017,Master3/Male/Black/Enum_WeightDivision_OpenClass_Label,2,MarceloPerdomo,BrazilianTopTeam
Long Beach International Open Jiu-Jitsu 2017,Master3/Male/Black/Enum_WeightDivision_OpenClass_Label,3,MattJasonBaker,TRUJITSU
Long Beach International Open Jiu-Jitsu 2017,Master3/Male/Black/Enum_WeightDivision_OpenClass_Label,3,OmarAntonioLimaSalumJunior,GracieHumaitaRJ
Long Beach International Open Jiu-Jitsu 2017,Master4/Male/Blue/Light,1,NormGraham,MaracabaBJJ
Long Beach International Open Jiu-Jitsu 2017,Master4/Male/Blue/Light,2,ShawnAnders,GracieBarra
Long Beach International Open Jiu-Jitsu 2017,Master4/Male/Blue/Light,3,JohnGriffith,BrazilianTopTeam
Long Beach International Open Jiu-Jitsu 2017,Master4/Male/Blue/Middle,1,JohnnyGomez,CheckMat
Long Beach International Open Jiu-Jitsu 2017,Master4/Male/Blue/Middle,2,KerryKuykendall,GracieHumaitaPhoenix
Long Beach International Open Jiu-Jitsu 2017,Master4/Male/Blue/Super-Heavy,1,AnthonySavelio,DelMarJiu,JitsuClub
Long Beach International Open Jiu-Jitsu 2017,Master4/Male/Blue/Super-Heavy,2,DanielMarin,ZRTeamCalifornia
Long Beach International Open Jiu-Jitsu 2017,Master4/Male/Blue/Super-Heavy,3,BobbyCarter,GracieHumaitaPhoenix
Long Beach International Open Jiu-Jitsu 2017,Master4/Male/Blue/Ultra-Heavy,1,AlexanderAngustain,RenzoGracieLA
Long Beach International Open Jiu-Jitsu 2017,Master4/Male/Blue/Ultra-Heavy,2,MichaelPatrickClark,RibeiroJiu,Jitsu
Long Beach International Open Jiu-Jitsu 2017,Master4/Male/Blue/Enum_WeightDivision_OpenClass_Label,1,MichaelPatrickClark,RibeiroJiu,Jitsu
Long Beach International Open Jiu-Jitsu 2017,Master4/Male/Purple/Middle,1,DiegoCisneros,ClarkGracieJiuJitsuAcademy
Long Beach International Open Jiu-Jitsu 2017,Master4/Male/Purple/Medium-Heavy,1,ScottLopez,Alliance
Long Beach International Open Jiu-Jitsu 2017,Master4/Male/Purple/Medium-Heavy,2,RicardoFlores,CheckMat
Long Beach International Open Jiu-Jitsu 2017,Master4/Male/Purple/Heavy,1,AndrewLowrimore,TRUJITSU
Long Beach International Open Jiu-Jitsu 2017,Master4/Male/Purple/Heavy,2,RaymondPerezAbrigo,GersonSanginittoBrazilianJiuJitsu
Long Beach International Open Jiu-Jitsu 2017,Master4/Male/Black/Light,1,JohnWilliamOrr,BrazilianTopTeam
Long Beach International Open Jiu-Jitsu 2017,Master4/Male/Black/Light,2,MichaelChungsikYun,RodrigoFreitasBrazilianJiu,Jitsu
Long Beach International Open Jiu-Jitsu 2017,Master4/Male/Black/Light,3,DouglasMartinez,BrazilianTopTeam
Long Beach International Open Jiu-Jitsu 2017,Master4/Male/Black/Light,3,TroyAllenAcker,CarlsonGracieTeam
Long Beach International Open Jiu-Jitsu 2017,Master4/Male/Black/Middle,1,TomD.Knox,CleberJiuJitsu
Long Beach International Open Jiu-Jitsu 2017,Master4/Male/Black/Middle,2,AndreGaldinoFigueira,ZRTeamBrasil
Long Beach International Open Jiu-Jitsu 2017,Master4/Male/Black/Middle,3,MarkStephenArmstrong,JeanJacquesMachadoBJJ
Long Beach International Open Jiu-Jitsu 2017,Master4/Male/Black/Medium-Heavy,1,BrettKennethCollins,BrazilianTopTeam
Long Beach International Open Jiu-Jitsu 2017,Master4/Male/Black/Enum_WeightDivision_OpenClass_Label,1,TomD.Knox,CleberJiuJitsu
Long Beach International Open Jiu-Jitsu 2017,Master4/Male/Black/Enum_WeightDivision_OpenClass_Label,2,BrettKennethCollins,BrazilianTopTeam
Long Beach International Open Jiu-Jitsu 2017,Master4/Male/Black/Enum_WeightDivision_OpenClass_Label,3,AndreGaldinoFigueira,ZRTeamBrasil
Long Beach International Open Jiu-Jitsu 2017,Master4/Male/Black/Enum_WeightDivision_OpenClass_Label,3,TroyAllenAcker,CarlsonGracieTeam
Long Beach International Open Jiu-Jitsu 2017,Master5/Male/Blue/Light,1,MannyVentura,PeninsulaBJJ
Long Beach International Open Jiu-Jitsu 2017,Master5/Male/Blue/Light,2,RonBass,ZenithBJJ,LasVegas
Long Beach International Open Jiu-Jitsu 2017,Master5/Male/Blue/Medium-Heavy,1,NewellWoodward,GracieBarra
Long Beach International Open Jiu-Jitsu 2017,Master5/Male/Blue/Enum_WeightDivision_OpenClass_Label,1,NewellWoodward,GracieBarra
Long Beach International Open Jiu-Jitsu 2017,Master5/Male/Blue/Enum_WeightDivision_OpenClass_Label,2,MannyVentura,PeninsulaBJJ
Long Beach International Open Jiu-Jitsu 2017,Master5/Male/Purple/Light,1,EddieLeeParker,RibeiroJiu,Jitsu
Long Beach International Open Jiu-Jitsu 2017,Master5/Male/Purple/Light,2,DarrinNeilTinsley,GracieFighter
Long Beach International Open Jiu-Jitsu 2017,Master5/Male/Purple/Super-Heavy,1,RomeoDeLosReyes,FabioSantosBJJ
Long Beach International Open Jiu-Jitsu 2017,Master5/Male/Purple/Super-Heavy,2,JamesMichaelHeaden,ZenithBJJ,LasVegas
Long Beach International Open Jiu-Jitsu 2017,Master5/Male/Purple/Super-Heavy,3,KenJohnston,TinguinhaBJJ
Long Beach International Open Jiu-Jitsu 2017,Master5/Male/Purple/Enum_WeightDivision_OpenClass_Label,1,EddieLeeParker,RibeiroJiu,Jitsu
Long Beach International Open Jiu-Jitsu 2017,Master5/Male/Purple/Enum_WeightDivision_OpenClass_Label,2,DarrinNeilTinsley,GracieFighter
Long Beach International Open Jiu-Jitsu 2017,Master5/Male/Brown/Middle,1,AnthonyPhillipCaravelli,Brasa/99
Long Beach International Open Jiu-Jitsu 2017,Master5/Male/Brown/Medium-Heavy,1,EdwardBeetley,PKGTrainingCenter
Long Beach International Open Jiu-Jitsu 2017,Master5/Male/Brown/Super-Heavy,1,MichaelJamesGottesman,RibeiroJiu,Jitsu
Long Beach International Open Jiu-Jitsu 2017,Master5/Male/Brown/Enum_WeightDivision_OpenClass_Label,1,EdwardBeetley,PKGTrainingCenter
Long Beach International Open Jiu-Jitsu 2017,Master5/Male/Brown/Enum_WeightDivision_OpenClass_Label,2,AnthonyPhillipCaravelli,Brasa/99
Long Beach International Open Jiu-Jitsu 2017,Master5/Male/Black/Light,1,RicardoGuimarães,GracieHumaitaTemecula
Long Beach International Open Jiu-Jitsu 2017,Master5/Male/Black/Middle,1,NelsonCoutoMonteiroJr.,GracieBarra
Long Beach International Open Jiu-Jitsu 2017,Master5/Male/Black/Middle,2,MarceloCapoMartins,CheckMat
Long Beach International Open Jiu-Jitsu 2017,Master5/Male/Black/Medium-Heavy,1,DavisWadeSmith,GracieBarra
Long Beach International Open Jiu-Jitsu 2017,Master5/Male/Black/Heavy,1,EvaldoCorreaLima,NeutralGrounds/GracieJiuJitsuLongBeach
Long Beach International Open Jiu-Jitsu 2017,Master5/Male/Black/Super-Heavy,1,PeterC.Iacavazzi,AtosJiu,Jitsu
Long Beach International Open Jiu-Jitsu 2017,Master5/Male/Black/Ultra-Heavy,1,MauriceDuaneGeyen,GracieHumaitaTemecula
Long Beach International Open Jiu-Jitsu 2017,Master5/Male/Black/Enum_WeightDivision_OpenClass_Label,1,RicardoGuimarães,GracieHumaitaTemecula
Long Beach International Open Jiu-Jitsu 2017,Master5/Male/Black/Enum_WeightDivision_OpenClass_Label,2,MauriceDuaneGeyen,GracieHumaitaTemecula
Long Beach International Open Jiu-Jitsu 2017,Master5/Male/Black/Enum_WeightDivision_OpenClass_Label,3,DavisWadeSmith,GracieBarra
Long Beach International Open Jiu-Jitsu 2017,Master5/Male/Black/Enum_WeightDivision_OpenClass_Label,3,EvaldoCorreaLima,NeutralGrounds/GracieJiuJitsuLongBeach
Long Beach International Open Jiu-Jitsu 2017,Master6/Male/Purple/Light,1,AndrewSaam,GracieHumaitaTemecula
Long Beach International Open Jiu-Jitsu 2017,Master6/Male/Purple/Middle,1,mikevafadar,CheckMat
Long Beach International Open Jiu-Jitsu 2017,Master6/Male/Purple/Middle,2,RayGreek,ParagonBJJAcademy
Long Beach International Open Jiu-Jitsu 2017,Master6/Male/Purple/Enum_WeightDivision_OpenClass_Label,1,AndrewSaam,GracieHumaitaTemecula
Long Beach International Open Jiu-Jitsu 2017,Juvenile/Male/White/Feather,1,RobertPallan,EquipeTsunamiBrazilianJiu,Jitsu
Long Beach International Open Jiu-Jitsu 2017,Juvenile/Male/White/Feather,2,JonathanViannaDantas,GDJiu,JitsuAssociation
Long Beach International Open Jiu-Jitsu 2017,Juvenile/Male/White/Feather,3,JagrAlindajao,TRUJITSU
Long Beach International Open Jiu-Jitsu 2017,Juvenile/Male/White/Light,1,DanielRyanGaspar,GracieBarra
Long Beach International Open Jiu-Jitsu 2017,Juvenile/Male/Blue/Feather,1,TylerAaronPrice,GracieBarra
Long Beach International Open Jiu-Jitsu 2017,Juvenile/Male/Blue/Feather,2,CameronShawnBoston,CharlesGracieAcademy
Long Beach International Open Jiu-Jitsu 2017,Juvenile/Male/Blue/Feather,3,AdrianGallegosOntiveros,GracieBarra
Long Beach International Open Jiu-Jitsu 2017,Juvenile/Male/Blue/Feather,3,NathanAlexanderSilva,GracieBarraJJ
Long Beach International Open Jiu-Jitsu 2017,Juvenile/Male/Blue/Medium-Heavy,1,JhonathanPessanha,AtosJiu,Jitsu
Long Beach International Open Jiu-Jitsu 2017,Juvenile/Male/Blue/Enum_WeightDivision_OpenClass_Label,1,TylerAaronPrice,GracieBarra
Long Beach International Open Jiu-Jitsu 2017,Juvenile/Male/Blue/Enum_WeightDivision_OpenClass_Label,2,CameronShawnBoston,CharlesGracieAcademy
Long Beach International Open Jiu-Jitsu 2017,Juvenile/Male/Blue/Enum_WeightDivision_OpenClass_Label,1,JhonathanPessanha,AtosJiu,Jitsu
Long Beach International Open Jiu-Jitsu 2017,Juvenile/Female/Blue/Middle,1,JessamineJadaKhan,AtosJiu,Jitsu
Long Beach International Open Jiu-Jitsu 2017,Juvenile/Female/Blue/Middle,2,JuliaGomesB.deJesus,BrazilianTopTeam
Long Beach International Open Jiu-Jitsu 2017,Juvenile/Female/Blue/Heavy,1,IsabellaSecor,BrazilianTopTeam
Long Beach International Open Jiu-Jitsu 2017,Juvenile/Female/Blue/Enum_WeightDivision_OpenClass_Label,1,JessamineJadaKhan,AtosJiu,Jitsu
Long Beach International Open Jiu-Jitsu 2017,Juvenile/Female/Blue/Enum_WeightDivision_OpenClass_Label,2,JuliaGomesB.deJesus,BrazilianTopTeam
Long Beach International Open Jiu-Jitsu 2017,Juvenile/Female/Blue/Enum_WeightDivision_OpenClass_Label,3,IsabellaSecor,BrazilianTopTeam
