Brasilia International Open Jiu-Jitsu No-Gi 2016,Adult/Male/Blue/Rooster,1,JoséAparecidoNavachiJunior,AllianceRJ
Brasilia International Open Jiu-Jitsu No-Gi 2016,Adult/Male/Blue/Light-Feather,1,AdolfoCamposNeto,AtriumBJJ
Brasilia International Open Jiu-Jitsu No-Gi 2016,Adult/Male/Blue/Feather,1,CarlosGeovanidaSilvaGarcia,NsBrotherhood
Brasilia International Open Jiu-Jitsu No-Gi 2016,Adult/Male/Blue/Feather,2,DiegodoNascimentoHolanda,FiveRounds
Brasilia International Open Jiu-Jitsu No-Gi 2016,Adult/Male/Blue/Feather,3,GabrielEmidioSiqueira,BogadoTeam
Brasilia International Open Jiu-Jitsu No-Gi 2016,Adult/Male/Blue/Light,1,GleysonFerreiraDaSilva,RibeiroJiu,Jitsu
Brasilia International Open Jiu-Jitsu No-Gi 2016,Adult/Male/Blue/Light,2,HiagoAraújo,AllianceMG
Brasilia International Open Jiu-Jitsu No-Gi 2016,Adult/Male/Blue/Light,3,GabrielHiginoPereiraDosSantos,NovaUnião
Brasilia International Open Jiu-Jitsu No-Gi 2016,Adult/Male/Blue/Light,3,HectorAntonioHerreraGonzalez,GFTeamInternational
Brasilia International Open Jiu-Jitsu No-Gi 2016,Adult/Male/Blue/Middle,1,JailsondeSousaRodrigues,SauloRibeiro
Brasilia International Open Jiu-Jitsu No-Gi 2016,Adult/Male/Blue/Middle,2,JaksonRodriguesBernardo,HalavancaBJJBrasil
Brasilia International Open Jiu-Jitsu No-Gi 2016,Adult/Male/Blue/Middle,3,GabrielBarros,RibeiroJiu,Jitsu
Brasilia International Open Jiu-Jitsu No-Gi 2016,Adult/Male/Blue/Middle,3,MatiasIgnacioByersMunoz,CohabChile
Brasilia International Open Jiu-Jitsu No-Gi 2016,Adult/Male/Blue/Medium-Heavy,1,AntonioKaikeHagmussiAngelimCorrea,ZenithBJJ
Brasilia International Open Jiu-Jitsu No-Gi 2016,Adult/Male/Blue/Medium-Heavy,2,LucasFernandesdeCarvalho,NovaUnião
Brasilia International Open Jiu-Jitsu No-Gi 2016,Adult/Male/Blue/Medium-Heavy,3,HectorDiaz,CohabChile
Brasilia International Open Jiu-Jitsu No-Gi 2016,Adult/Male/Blue/Medium-Heavy,3,RafaeldeSousaRodriguesSilva,GracieBarra
Brasilia International Open Jiu-Jitsu No-Gi 2016,Adult/Male/Blue/Heavy,1,MatheusMoreiraDoAmaral,GordoJiu,Jitsu
Brasilia International Open Jiu-Jitsu No-Gi 2016,Adult/Male/Blue/Heavy,2,MarconedeJesus,NovaUnião
Brasilia International Open Jiu-Jitsu No-Gi 2016,Adult/Male/Blue/Heavy,3,BrunoLauarCunhaMelo,TataTeamJJ
Brasilia International Open Jiu-Jitsu No-Gi 2016,Adult/Male/Blue/Heavy,3,RicardoVieiraGonçalves,RioGrapplingClub
Brasilia International Open Jiu-Jitsu No-Gi 2016,Adult/Male/Blue/Super-Heavy,1,JoséLucasFerreiraBraga,ZRTeamBrasil
Brasilia International Open Jiu-Jitsu No-Gi 2016,Adult/Male/Blue/Super-Heavy,2,JairHonoratodosPassosNeto,CeiJiu,Jitsu
Brasilia International Open Jiu-Jitsu No-Gi 2016,Adult/Male/Blue/Super-Heavy,3,EdsondeAlmeidaAraujo,RocianGracieJr.
Brasilia International Open Jiu-Jitsu No-Gi 2016,Adult/Male/Blue/Super-Heavy,3,EduardoBenonSoaresPeixoto,GracieBarra
Brasilia International Open Jiu-Jitsu No-Gi 2016,Adult/Male/Blue/Ultra-Heavy,1,DiegoCunhaDeSousa,CeiJiu,Jitsu
Brasilia International Open Jiu-Jitsu No-Gi 2016,Adult/Male/Blue/Ultra-Heavy,2,RaphaelOliveiraSilva,RibeiroJiu,Jitsu
Brasilia International Open Jiu-Jitsu No-Gi 2016,Adult/Male/Blue/Ultra-Heavy,3,HelioJunioBrazArantes,FernandoBoiJJ
Brasilia International Open Jiu-Jitsu No-Gi 2016,Adult/Male/Blue/Ultra-Heavy,3,RodrigoAugustoBragadosSantos,RibeiroJiu,Jitsu
Brasilia International Open Jiu-Jitsu No-Gi 2016,Adult/Male/Blue/Enum_WeightDivision_OpenClass_Label,1,JoséLucasFerreiraBraga,ZRTeamBrasil
Brasilia International Open Jiu-Jitsu No-Gi 2016,Adult/Male/Blue/Enum_WeightDivision_OpenClass_Label,2,HectorDiaz,CohabChile
Brasilia International Open Jiu-Jitsu No-Gi 2016,Adult/Male/Blue/Enum_WeightDivision_OpenClass_Label,3,GabrielHiginoPereiraDosSantos,NovaUnião
Brasilia International Open Jiu-Jitsu No-Gi 2016,Adult/Male/Blue/Enum_WeightDivision_OpenClass_Label,3,MarconedeJesus,NovaUnião
Brasilia International Open Jiu-Jitsu No-Gi 2016,Adult/Male/Purple/Light-Feather,1,FranciscoJonasBorgesAndrade,PSLPBCiceroCostha
Brasilia International Open Jiu-Jitsu No-Gi 2016,Adult/Male/Purple/Light-Feather,2,DanielJustinoAlves,GFTeam
Brasilia International Open Jiu-Jitsu No-Gi 2016,Adult/Male/Purple/Light-Feather,3,JorgeNascimentoLucena,JoãoRoqueJJ
Brasilia International Open Jiu-Jitsu No-Gi 2016,Adult/Male/Purple/Feather,1,ErmilioLucasFerreiraLima,AllianceSP
Brasilia International Open Jiu-Jitsu No-Gi 2016,Adult/Male/Purple/Feather,2,WesleySouzaSantos,AllianceSP
Brasilia International Open Jiu-Jitsu No-Gi 2016,Adult/Male/Purple/Feather,3,DanielAquinoDinizCoelhoSantos,CheckMat
Brasilia International Open Jiu-Jitsu No-Gi 2016,Adult/Male/Purple/Feather,3,ErickFranciscoFernandoBehrend,RibeiroJiu,Jitsu
Brasilia International Open Jiu-Jitsu No-Gi 2016,Adult/Male/Purple/Light,1,ItaloMouradeAzevedo,PSLPBCiceroCostha
Brasilia International Open Jiu-Jitsu No-Gi 2016,Adult/Male/Purple/Light,2,FernandoAmadeuMachadoSantos,GracieBarra
Brasilia International Open Jiu-Jitsu No-Gi 2016,Adult/Male/Purple/Light,3,LucasFeijoYusa,CariocaBrazilianJiu,Jitsu
Brasilia International Open Jiu-Jitsu No-Gi 2016,Adult/Male/Purple/Light,3,WashingtonBarbosaDeLana,SauloRibeiro
Brasilia International Open Jiu-Jitsu No-Gi 2016,Adult/Male/Purple/Middle,1,BrendoWashingtondeSouza,BarneyTeamProFight
Brasilia International Open Jiu-Jitsu No-Gi 2016,Adult/Male/Purple/Middle,2,EduardoHenriqueOliveiraAmaral,NovaUnião/NU
Brasilia International Open Jiu-Jitsu No-Gi 2016,Adult/Male/Purple/Middle,3,LucasGilAlmeida,TataTeamJJ
Brasilia International Open Jiu-Jitsu No-Gi 2016,Adult/Male/Purple/Middle,3,PierpaoloChiappe,CohabChile
Brasilia International Open Jiu-Jitsu No-Gi 2016,Adult/Male/Purple/Medium-Heavy,1,ViniciusBatistaSerra,BTT
Brasilia International Open Jiu-Jitsu No-Gi 2016,Adult/Male/Purple/Medium-Heavy,2,JeffersonRibeiroSoares,GracieBarra
Brasilia International Open Jiu-Jitsu No-Gi 2016,Adult/Male/Purple/Medium-Heavy,3,CarlosFalcãoVieiraValente,A.STeam
Brasilia International Open Jiu-Jitsu No-Gi 2016,Adult/Male/Purple/Medium-Heavy,3,LeopoldoMilanezLopes,Barreto
Brasilia International Open Jiu-Jitsu No-Gi 2016,Adult/Male/Purple/Heavy,1,OtávioSantosMarinhodeOliveira,MatoGrossoJiu,Jitsu
Brasilia International Open Jiu-Jitsu No-Gi 2016,Adult/Male/Purple/Heavy,2,LudyRuanCalixtoCarlosBastos,AtosJiu,Jitsu
Brasilia International Open Jiu-Jitsu No-Gi 2016,Adult/Male/Purple/Heavy,3,LeonardoAlvesdeSouza,AcademiaColiseu
Brasilia International Open Jiu-Jitsu No-Gi 2016,Adult/Male/Purple/Heavy,3,LucasBergCarlosLeite,RibeiroJiu,Jitsu
Brasilia International Open Jiu-Jitsu No-Gi 2016,Adult/Male/Purple/Super-Heavy,1,PedroHenriqueS.Lobão,JoãoRoqueJJ
Brasilia International Open Jiu-Jitsu No-Gi 2016,Adult/Male/Purple/Super-Heavy,2,LuizClaudioPereiraAlvesJúnior,GFTeam
Brasilia International Open Jiu-Jitsu No-Gi 2016,Adult/Male/Purple/Super-Heavy,3,PedroCorreiaMesquita,GracieBarra
Brasilia International Open Jiu-Jitsu No-Gi 2016,Adult/Male/Purple/Ultra-Heavy,1,GuilhermeBachaGuedes,GameFightBJJ/Manimal
Brasilia International Open Jiu-Jitsu No-Gi 2016,Adult/Male/Purple/Ultra-Heavy,2,JhonatasTeddyCostaCarvalho,AcademiaBSB
Brasilia International Open Jiu-Jitsu No-Gi 2016,Adult/Male/Purple/Ultra-Heavy,3,MatheusBarrosFernandes,RilionGracieGoiânia/GracieElite
Brasilia International Open Jiu-Jitsu No-Gi 2016,Adult/Male/Purple/Enum_WeightDivision_OpenClass_Label,1,FranciscoJonasBorgesAndrade,PSLPBCiceroCostha
Brasilia International Open Jiu-Jitsu No-Gi 2016,Adult/Male/Purple/Enum_WeightDivision_OpenClass_Label,2,ItaloMouradeAzevedo,PSLPBCiceroCostha
Brasilia International Open Jiu-Jitsu No-Gi 2016,Adult/Male/Purple/Enum_WeightDivision_OpenClass_Label,3,FernandoAmadeuMachadoSantos,GracieBarra
Brasilia International Open Jiu-Jitsu No-Gi 2016,Adult/Male/Purple/Enum_WeightDivision_OpenClass_Label,3,OtávioSantosMarinhodeOliveira,MatoGrossoJiu,Jitsu
Brasilia International Open Jiu-Jitsu No-Gi 2016,Adult/Male/Brown/Light-Feather,1,DanielSantiagoFormigaRamos,NovaUnião
Brasilia International Open Jiu-Jitsu No-Gi 2016,Adult/Male/Brown/Feather,1,BrenoFaustinoCorrêadeLima,GFTeam
Brasilia International Open Jiu-Jitsu No-Gi 2016,Adult/Male/Brown/Feather,2,AntônioCesarLucasdeSouza,CiceroCosthaInternacional
Brasilia International Open Jiu-Jitsu No-Gi 2016,Adult/Male/Brown/Light,1,EvandroBrandãodeOliveiraFilho,FiveRounds
Brasilia International Open Jiu-Jitsu No-Gi 2016,Adult/Male/Brown/Light,2,IsaacGuimarãesThomaz,GracieHumaita
Brasilia International Open Jiu-Jitsu No-Gi 2016,Adult/Male/Brown/Light,3,FabioNeryFernandes,NovaUnião
Brasilia International Open Jiu-Jitsu No-Gi 2016,Adult/Male/Brown/Light,3,HugoAlexandreCavalcantiPorto,GracieBarra
Brasilia International Open Jiu-Jitsu No-Gi 2016,Adult/Male/Brown/Middle,1,YuriAlvesdeAbreu,CeiJiu,Jitsu
Brasilia International Open Jiu-Jitsu No-Gi 2016,Adult/Male/Brown/Middle,2,JeffersonAparecidoSiqueiraCampos,GracieBarra
Brasilia International Open Jiu-Jitsu No-Gi 2016,Adult/Male/Brown/Middle,3,GuilhermeRodriguesDias,RibeiroJiu,Jitsu
Brasilia International Open Jiu-Jitsu No-Gi 2016,Adult/Male/Brown/Medium-Heavy,1,AndreLuizdeOliveiraTavares,CiceroCosthaInternacional
Brasilia International Open Jiu-Jitsu No-Gi 2016,Adult/Male/Brown/Heavy,1,CauêOliveiraRodrigues,GracieBarra
Brasilia International Open Jiu-Jitsu No-Gi 2016,Adult/Male/Brown/Heavy,2,MarcusViniciusLopoRuiz,NsBrotherhood
Brasilia International Open Jiu-Jitsu No-Gi 2016,Adult/Male/Brown/Super-Heavy,1,GiovanidaRosaGranceBalbuena,FightSportsBrasil
Brasilia International Open Jiu-Jitsu No-Gi 2016,Adult/Male/Brown/Ultra-Heavy,1,FillipeEugenioS.Lobão,JoãoRoqueJJ
Brasilia International Open Jiu-Jitsu No-Gi 2016,Adult/Male/Brown/Ultra-Heavy,2,DyegoFernandes,GFTeamGoias
Brasilia International Open Jiu-Jitsu No-Gi 2016,Adult/Male/Brown/Ultra-Heavy,3,FelipeAlmeidaS.DosSantos,GracieBarra
Brasilia International Open Jiu-Jitsu No-Gi 2016,Adult/Male/Brown/Enum_WeightDivision_OpenClass_Label,1,GiovanidaRosaGranceBalbuena,FightSportsBrasil
Brasilia International Open Jiu-Jitsu No-Gi 2016,Adult/Male/Brown/Enum_WeightDivision_OpenClass_Label,2,YuriAlvesdeAbreu,CeiJiu,Jitsu
Brasilia International Open Jiu-Jitsu No-Gi 2016,Adult/Male/Brown/Enum_WeightDivision_OpenClass_Label,3,IsaacGuimarãesThomaz,GracieHumaita
Brasilia International Open Jiu-Jitsu No-Gi 2016,Adult/Male/Black/Rooster,1,RaulGomesMarcello,RibeiroJiu,Jitsu
Brasilia International Open Jiu-Jitsu No-Gi 2016,Adult/Male/Black/Light-Feather,1,JorgeLuizNakamura,GFTeam
Brasilia International Open Jiu-Jitsu No-Gi 2016,Adult/Male/Black/Light-Feather,2,JoséEduardodeOliveira,EquipeBravoJJ
Brasilia International Open Jiu-Jitsu No-Gi 2016,Adult/Male/Black/Light,1,RomarioGomesTeodoro,NovaUnião/NU
Brasilia International Open Jiu-Jitsu No-Gi 2016,Adult/Male/Black/Light,2,DanielJalesC.deSouza,CeiJiu,Jitsu
Brasilia International Open Jiu-Jitsu No-Gi 2016,Adult/Male/Black/Light,3,JhonnyTrece,GracieHumaita
Brasilia International Open Jiu-Jitsu No-Gi 2016,Adult/Male/Black/Light,3,JulianoSilvaRocha,AtosJiu,Jitsu
Brasilia International Open Jiu-Jitsu No-Gi 2016,Adult/Male/Black/Middle,1,PedroThiagoMartinsMelo,AllianceRJ
Brasilia International Open Jiu-Jitsu No-Gi 2016,Adult/Male/Black/Middle,2,ElfrankliArarunadeSouza,GracieBarra
Brasilia International Open Jiu-Jitsu No-Gi 2016,Adult/Male/Black/Middle,3,MarcoAurelliodeQueiroz,AkxeBJJ
Brasilia International Open Jiu-Jitsu No-Gi 2016,Adult/Male/Black/Medium-Heavy,1,ViniciusCarvalhoGarcia,NsBrotherhood
Brasilia International Open Jiu-Jitsu No-Gi 2016,Adult/Male/Black/Medium-Heavy,2,AlexandreVieira,NovaUnião
Brasilia International Open Jiu-Jitsu No-Gi 2016,Adult/Male/Black/Medium-Heavy,3,DiegoSoutoMaiorColino,GracieBarra
Brasilia International Open Jiu-Jitsu No-Gi 2016,Adult/Male/Black/Medium-Heavy,3,EdsonAntoniodeOliveiraFilho,AllianceSP
Brasilia International Open Jiu-Jitsu No-Gi 2016,Adult/Male/Black/Heavy,1,MarceuCoutinhoMoreiraPeixoto,CONSTRICTORTEAM
Brasilia International Open Jiu-Jitsu No-Gi 2016,Adult/Male/Black/Heavy,2,LuizHenriquedeMoraisLeite,JoãoRoqueJJ
Brasilia International Open Jiu-Jitsu No-Gi 2016,Adult/Male/Black/Heavy,3,PauloCésarLedesma,AtosJiu,Jitsu
Brasilia International Open Jiu-Jitsu No-Gi 2016,Adult/Male/Black/Super-Heavy,1,RodrigoFerreiraReis,RodrigoReisJiu,JitsuTeam
Brasilia International Open Jiu-Jitsu No-Gi 2016,Adult/Male/Black/Super-Heavy,2,RomesPereiraRamosJunior,RioGrapplingClub
Brasilia International Open Jiu-Jitsu No-Gi 2016,Adult/Male/Black/Super-Heavy,3,EduardodosReisRiosGuirau,Barreto
Brasilia International Open Jiu-Jitsu No-Gi 2016,Adult/Male/Black/Ultra-Heavy,1,RenatodeFreitasMartins,FúriaTopTeam
Brasilia International Open Jiu-Jitsu No-Gi 2016,Adult/Male/Black/Ultra-Heavy,2,CiroFrançaOliveira,CeiJiu,Jitsu
Brasilia International Open Jiu-Jitsu No-Gi 2016,Adult/Male/Black/Ultra-Heavy,3,MarcusAntonioGuedesSalerno,GracieBarra
Brasilia International Open Jiu-Jitsu No-Gi 2016,Adult/Male/Black/Ultra-Heavy,3,RaulFernandesAlmeida,NovaUnião
Brasilia International Open Jiu-Jitsu No-Gi 2016,Adult/Male/Black/Enum_WeightDivision_OpenClass_Label,1,RomesPereiraRamosJunior,RioGrapplingClub
Brasilia International Open Jiu-Jitsu No-Gi 2016,Adult/Male/Black/Enum_WeightDivision_OpenClass_Label,2,RenatodeFreitasMartins,FúriaTopTeam
Brasilia International Open Jiu-Jitsu No-Gi 2016,Adult/Male/Black/Enum_WeightDivision_OpenClass_Label,3,MarcusAntonioGuedesSalerno,GracieBarra
Brasilia International Open Jiu-Jitsu No-Gi 2016,Adult/Male/Black/Enum_WeightDivision_OpenClass_Label,3,RaulFernandesAlmeida,NovaUnião
Brasilia International Open Jiu-Jitsu No-Gi 2016,Adult/Female/Blue/Feather,1,MarcelaGiantomassiAguiar,NovaUnião/NU
Brasilia International Open Jiu-Jitsu No-Gi 2016,Adult/Female/Blue/Feather,2,MoniqueFernandaGarciaMiranda,GracieBarra
Brasilia International Open Jiu-Jitsu No-Gi 2016,Adult/Female/Blue/Feather,3,TamiresAlessandraD.M.M.deBarros,FightSportsBrasil
Brasilia International Open Jiu-Jitsu No-Gi 2016,Adult/Female/Blue/Middle,1,GessicaRodriguesFongNien,CheckMat
Brasilia International Open Jiu-Jitsu No-Gi 2016,Adult/Female/Blue/Middle,2,RenataGuedes,MatoGrossoJiu,Jitsu
Brasilia International Open Jiu-Jitsu No-Gi 2016,Adult/Female/Blue/Super-Heavy,1,JéssicaPalomaBatistaBezerra,GracieHumaita
Brasilia International Open Jiu-Jitsu No-Gi 2016,Adult/Female/Blue/Super-Heavy,2,MariadoCarmoRodriguesdeCarvalho,GracieBarra
Brasilia International Open Jiu-Jitsu No-Gi 2016,Adult/Female/Blue/Enum_WeightDivision_OpenClass_Label,1,GessicaRodriguesFongNien,CheckMat
Brasilia International Open Jiu-Jitsu No-Gi 2016,Adult/Female/Blue/Enum_WeightDivision_OpenClass_Label,2,TamiresAlessandraD.M.M.deBarros,FightSportsBrasil
Brasilia International Open Jiu-Jitsu No-Gi 2016,Adult/Female/Blue/Enum_WeightDivision_OpenClass_Label,3,JéssicaPalomaBatistaBezerra,GracieHumaita
Brasilia International Open Jiu-Jitsu No-Gi 2016,Adult/Female/Blue/Enum_WeightDivision_OpenClass_Label,3,MoniqueFernandaGarciaMiranda,GracieBarra
Brasilia International Open Jiu-Jitsu No-Gi 2016,Adult/Female/Purple/Light,1,GabrielaMeirelesFechter,CheckMat
Brasilia International Open Jiu-Jitsu No-Gi 2016,Adult/Female/Purple/Light,2,MichelleSantanaNovaesdeAssis,SoulFightersBJJ
Brasilia International Open Jiu-Jitsu No-Gi 2016,Adult/Female/Purple/Heavy,1,JullieneFernandesDeOliveira,GracieHumaita
Brasilia International Open Jiu-Jitsu No-Gi 2016,Adult/Female/Purple/Super-Heavy,1,JulianadaRosaPereiraGouveia,FightSportsBrasil
Brasilia International Open Jiu-Jitsu No-Gi 2016,Adult/Female/Purple/Enum_WeightDivision_OpenClass_Label,1,GabrielaMeirelesFechter,CheckMat
Brasilia International Open Jiu-Jitsu No-Gi 2016,Adult/Female/Purple/Enum_WeightDivision_OpenClass_Label,2,JullieneFernandesDeOliveira,GracieHumaita
Brasilia International Open Jiu-Jitsu No-Gi 2016,Adult/Female/Purple/Enum_WeightDivision_OpenClass_Label,3,JulianadaRosaPereiraGouveia,FightSportsBrasil
Brasilia International Open Jiu-Jitsu No-Gi 2016,Adult/Female/Purple/Enum_WeightDivision_OpenClass_Label,3,MichelleSantanaNovaesdeAssis,SoulFightersBJJ
Brasilia International Open Jiu-Jitsu No-Gi 2016,Master1/Male/Blue/Light-Feather,1,RaulSilveiraJunior,RibeiroJiu,Jitsu
Brasilia International Open Jiu-Jitsu No-Gi 2016,Master1/Male/Blue/Feather,1,MayconPortesSoares,DeLaRivaJJ
Brasilia International Open Jiu-Jitsu No-Gi 2016,Master1/Male/Blue/Feather,2,JesusAparecidoVieiraCunha,RibeiroJiu,Jitsu
Brasilia International Open Jiu-Jitsu No-Gi 2016,Master1/Male/Blue/Light,1,MarceloLameiradaSilvaRocha,GracieBarra
Brasilia International Open Jiu-Jitsu No-Gi 2016,Master1/Male/Blue/Light,2,BryanSodréAbel,RibeiroJiu,Jitsu
Brasilia International Open Jiu-Jitsu No-Gi 2016,Master1/Male/Blue/Middle,1,JeanPaulVermeAdrianzén,GracieBarra
Brasilia International Open Jiu-Jitsu No-Gi 2016,Master1/Male/Blue/Middle,2,SebastianNicolasMartinezAbarca,FightSportsInternational
Brasilia International Open Jiu-Jitsu No-Gi 2016,Master1/Male/Blue/Medium-Heavy,1,GeorgeLuisVenasFigueiredoRocha,AllianceJJ
Brasilia International Open Jiu-Jitsu No-Gi 2016,Master1/Male/Blue/Medium-Heavy,2,IuriFonsecaReis,AllianceMG
Brasilia International Open Jiu-Jitsu No-Gi 2016,Master1/Male/Blue/Medium-Heavy,3,JeffersonFelipeLedesma,AtosJiu,Jitsu
Brasilia International Open Jiu-Jitsu No-Gi 2016,Master1/Male/Blue/Medium-Heavy,3,KramerdaSilvaSaunders,GracieBarra
Brasilia International Open Jiu-Jitsu No-Gi 2016,Master1/Male/Blue/Heavy,1,WarlesonSoaresdeSouza,NsBrotherhood
Brasilia International Open Jiu-Jitsu No-Gi 2016,Master1/Male/Blue/Super-Heavy,1,ElienaySilvaMarques,RodrigoReisInternationalTeam
Brasilia International Open Jiu-Jitsu No-Gi 2016,Master1/Male/Blue/Super-Heavy,2,HenriquePimentelCardozo,NovaUnião
Brasilia International Open Jiu-Jitsu No-Gi 2016,Master1/Male/Blue/Super-Heavy,3,ElvioJosédaSilvaJúnior,EquipeBravoJJ
Brasilia International Open Jiu-Jitsu No-Gi 2016,Master1/Male/Blue/Ultra-Heavy,1,RodrigoRodriguesCalheiros,CheckMat
Brasilia International Open Jiu-Jitsu No-Gi 2016,Master1/Male/Blue/Ultra-Heavy,2,GeovanedaSilvaFerreira,RibeiroJiu,Jitsu
Brasilia International Open Jiu-Jitsu No-Gi 2016,Master1/Male/Blue/Enum_WeightDivision_OpenClass_Label,1,JeffersonFelipeLedesma,AtosJiu,Jitsu
Brasilia International Open Jiu-Jitsu No-Gi 2016,Master1/Male/Blue/Enum_WeightDivision_OpenClass_Label,2,GeorgeLuisVenasFigueiredoRocha,AllianceJJ
Brasilia International Open Jiu-Jitsu No-Gi 2016,Master1/Male/Blue/Enum_WeightDivision_OpenClass_Label,3,HenriquePimentelCardozo,NovaUnião
Brasilia International Open Jiu-Jitsu No-Gi 2016,Master1/Male/Blue/Enum_WeightDivision_OpenClass_Label,3,JeanPaulVermeAdrianzén,GracieBarra
Brasilia International Open Jiu-Jitsu No-Gi 2016,Master1/Male/Purple/Light-Feather,1,RogerioSoaresGuimaraes,EquipeFernandoBoi
Brasilia International Open Jiu-Jitsu No-Gi 2016,Master1/Male/Purple/Feather,1,BrunoAlbertoBarbosaCastrillon,GFTeamRondônia
Brasilia International Open Jiu-Jitsu No-Gi 2016,Master1/Male/Purple/Feather,2,TiagoRaonideFigueiredoCorreia,GFTeamRondônia
Brasilia International Open Jiu-Jitsu No-Gi 2016,Master1/Male/Purple/Light,1,AndreHamuAntunes,RibeiroJiu,Jitsu
Brasilia International Open Jiu-Jitsu No-Gi 2016,Master1/Male/Purple/Light,2,FrankDouglasAzevedodeSousa,RibeiroJiu,Jitsu
Brasilia International Open Jiu-Jitsu No-Gi 2016,Master1/Male/Purple/Middle,1,JoséDallaVecchiaPereira,GFTeamRondônia
Brasilia International Open Jiu-Jitsu No-Gi 2016,Master1/Male/Purple/Medium-Heavy,1,MarceloBragadeAlencar,GracieBarra
Brasilia International Open Jiu-Jitsu No-Gi 2016,Master1/Male/Purple/Medium-Heavy,2,NicolasEmilioFloresOcaranza,GracieHumaitaInternational
Brasilia International Open Jiu-Jitsu No-Gi 2016,Master1/Male/Purple/Heavy,1,NewtonTeixeiradoN.Junior,DojoJamesAdler
Brasilia International Open Jiu-Jitsu No-Gi 2016,Master1/Male/Purple/Heavy,2,AngeloAlbertoVargasdeOliveira,EquipeGTT/IST
Brasilia International Open Jiu-Jitsu No-Gi 2016,Master1/Male/Purple/Super-Heavy,1,RodolfoCatoiaVarela,GFTeam
Brasilia International Open Jiu-Jitsu No-Gi 2016,Master1/Male/Purple/Super-Heavy,2,BrunoRamosMaciel,CeiJiu,Jitsu
Brasilia International Open Jiu-Jitsu No-Gi 2016,Master1/Male/Purple/Super-Heavy,3,EduardoWanderleyGalvani,RilionGracieCampoGrandeMS
Brasilia International Open Jiu-Jitsu No-Gi 2016,Master1/Male/Purple/Ultra-Heavy,1,SandroRodriguesdoNascimentoCorrea,GFTeamParaiba
Brasilia International Open Jiu-Jitsu No-Gi 2016,Master1/Male/Purple/Ultra-Heavy,2,GilmarGarciaJunior,ACTJJ
Brasilia International Open Jiu-Jitsu No-Gi 2016,Master1/Male/Purple/Ultra-Heavy,3,RodrigoBrunodosSantos,HélioSilvaKnockout
Brasilia International Open Jiu-Jitsu No-Gi 2016,Master1/Male/Purple/Enum_WeightDivision_OpenClass_Label,1,AndreHamuAntunes,RibeiroJiu,Jitsu
Brasilia International Open Jiu-Jitsu No-Gi 2016,Master1/Male/Purple/Enum_WeightDivision_OpenClass_Label,2,FrankDouglasAzevedodeSousa,RibeiroJiu,Jitsu
Brasilia International Open Jiu-Jitsu No-Gi 2016,Master1/Male/Purple/Enum_WeightDivision_OpenClass_Label,3,NicolasEmilioFloresOcaranza,GracieHumaitaInternational
Brasilia International Open Jiu-Jitsu No-Gi 2016,Master1/Male/Purple/Enum_WeightDivision_OpenClass_Label,3,RogerioSoaresGuimaraes,EquipeFernandoBoi
Brasilia International Open Jiu-Jitsu No-Gi 2016,Master1/Male/Brown/Feather,1,AlexDosSantosSouza,SheknahTeam
Brasilia International Open Jiu-Jitsu No-Gi 2016,Master1/Male/Brown/Light,1,CesarAugustoDelponteFernandes,GileRibeiroJJ
Brasilia International Open Jiu-Jitsu No-Gi 2016,Master1/Male/Brown/Light,2,CarlosEduardoRodriguesdeBarros,SauloRibeiro
Brasilia International Open Jiu-Jitsu No-Gi 2016,Master1/Male/Brown/Light,3,LuisMarcioAlexandreLeiteCarneiro,JalesTopTeam
Brasilia International Open Jiu-Jitsu No-Gi 2016,Master1/Male/Brown/Light,3,SóstenesCunhaSilva,AcademiaDF
Brasilia International Open Jiu-Jitsu No-Gi 2016,Master1/Male/Brown/Middle,1,DavidFerreira,AtaideJunior
Brasilia International Open Jiu-Jitsu No-Gi 2016,Master1/Male/Brown/Medium-Heavy,1,ElenilsonNunesDaSilva,RibeiroJiu,Jitsu
Brasilia International Open Jiu-Jitsu No-Gi 2016,Master1/Male/Brown/Medium-Heavy,2,LeviAlvesFrancisco,RobertoAraujo
Brasilia International Open Jiu-Jitsu No-Gi 2016,Master1/Male/Brown/Medium-Heavy,3,WanduirLima,FiveRounds
Brasilia International Open Jiu-Jitsu No-Gi 2016,Master1/Male/Brown/Medium-Heavy,3,WellingtondosAnjosTorres,CeiJiu,Jitsu
Brasilia International Open Jiu-Jitsu No-Gi 2016,Master1/Male/Brown/Heavy,1,CarlosHenriqueBarbosaRodrigues,GracieBarra
Brasilia International Open Jiu-Jitsu No-Gi 2016,Master1/Male/Brown/Ultra-Heavy,1,LucasPortelaBorges,GFTeamBahia
Brasilia International Open Jiu-Jitsu No-Gi 2016,Master1/Male/Brown/Ultra-Heavy,2,LuizHenriqueTibanaL.deCastro,RibeiroJiu,Jitsu
Brasilia International Open Jiu-Jitsu No-Gi 2016,Master1/Male/Brown/Enum_WeightDivision_OpenClass_Label,1,WanduirLima,FiveRounds
Brasilia International Open Jiu-Jitsu No-Gi 2016,Master1/Male/Brown/Enum_WeightDivision_OpenClass_Label,2,ElenilsonNunesDaSilva,RibeiroJiu,Jitsu
Brasilia International Open Jiu-Jitsu No-Gi 2016,Master1/Male/Brown/Enum_WeightDivision_OpenClass_Label,3,DavidFerreira,AtaideJunior
Brasilia International Open Jiu-Jitsu No-Gi 2016,Master1/Male/Brown/Enum_WeightDivision_OpenClass_Label,3,LuisMarcioAlexandreLeiteCarneiro,JalesTopTeam
Brasilia International Open Jiu-Jitsu No-Gi 2016,Master1/Male/Black/Feather,1,CaioMarcoPachecoRodrigues,GFTeamRondônia
Brasilia International Open Jiu-Jitsu No-Gi 2016,Master1/Male/Black/Feather,2,AndreLuizGomesBatista,EquipeGTT/IST
Brasilia International Open Jiu-Jitsu No-Gi 2016,Master1/Male/Black/Feather,3,EstevãodosSantos,NovaUnião
Brasilia International Open Jiu-Jitsu No-Gi 2016,Master1/Male/Black/Feather,3,RodrigoJoséAraujodoSocorro,Alliance
Brasilia International Open Jiu-Jitsu No-Gi 2016,Master1/Male/Black/Light,1,FilipeLimaMartins,ZRTeamAssociation
Brasilia International Open Jiu-Jitsu No-Gi 2016,Master1/Male/Black/Light,2,EnockCarteadoC.deAlbuquerqueNeto,BTT
Brasilia International Open Jiu-Jitsu No-Gi 2016,Master1/Male/Black/Light,3,BrunoMarocoloSouza,RibeiroJiu,Jitsu
Brasilia International Open Jiu-Jitsu No-Gi 2016,Master1/Male/Black/Light,3,ThiagoGonçalvesdosSantos,TataTeamJJ
Brasilia International Open Jiu-Jitsu No-Gi 2016,Master1/Male/Black/Middle,1,EricsonDiasLima,NovaUnião
Brasilia International Open Jiu-Jitsu No-Gi 2016,Master1/Male/Black/Middle,2,PauloEduardoPereira,RibeiroJiu,Jitsu
Brasilia International Open Jiu-Jitsu No-Gi 2016,Master1/Male/Black/Middle,3,MichelCoutinhoMelo,NovaUnião
Brasilia International Open Jiu-Jitsu No-Gi 2016,Master1/Male/Black/Middle,3,RennerMaiorgaMartins,CheckMat
Brasilia International Open Jiu-Jitsu No-Gi 2016,Master1/Male/Black/Medium-Heavy,1,ClaudioTorquatoQuezado,GracieBarraJJ
Brasilia International Open Jiu-Jitsu No-Gi 2016,Master1/Male/Black/Medium-Heavy,2,AlanLuizGomesdeAndrade,GracieBarra
Brasilia International Open Jiu-Jitsu No-Gi 2016,Master1/Male/Black/Medium-Heavy,3,AnselmoNunesSena,GracieBarra
Brasilia International Open Jiu-Jitsu No-Gi 2016,Master1/Male/Black/Medium-Heavy,3,LuizCarlosJoseL.Junior,EquipeGTT/IST
Brasilia International Open Jiu-Jitsu No-Gi 2016,Master1/Male/Black/Heavy,1,RodolfoRodriguesCalheiros,HélioSonecaBrazilianJJ
Brasilia International Open Jiu-Jitsu No-Gi 2016,Master1/Male/Black/Heavy,2,DaniloRamosdaSilva,BanniFightClub(BFC)
Brasilia International Open Jiu-Jitsu No-Gi 2016,Master1/Male/Black/Super-Heavy,1,ViniciusAlbuquerqueLamarca,RibeiroJiu,JitsuBrasil
Brasilia International Open Jiu-Jitsu No-Gi 2016,Master1/Male/Black/Super-Heavy,2,RenanVuoloEubank,HélioSonecaBrazilianJJ
Brasilia International Open Jiu-Jitsu No-Gi 2016,Master1/Male/Black/Super-Heavy,3,DiogodeCastroPrado,EquipeMineirinhoJiu,Jitsu
Brasilia International Open Jiu-Jitsu No-Gi 2016,Master1/Male/Black/Super-Heavy,3,JoseDosSantosFaialJunior,GFTeam
Brasilia International Open Jiu-Jitsu No-Gi 2016,Master1/Male/Black/Ultra-Heavy,1,BrunoCamposFernandesdeSouza,FitCombat,BJJ
Brasilia International Open Jiu-Jitsu No-Gi 2016,Master1/Male/Black/Ultra-Heavy,2,JeffersonMota,NovaUnião
Brasilia International Open Jiu-Jitsu No-Gi 2016,Master1/Male/Black/Ultra-Heavy,3,JacksonBalthazardeArrudaCâmara,GracieBarra
Brasilia International Open Jiu-Jitsu No-Gi 2016,Master1/Male/Black/Ultra-Heavy,3,LeonardoSantosFerreira,NovaUnião
Brasilia International Open Jiu-Jitsu No-Gi 2016,Master1/Male/Black/Enum_WeightDivision_OpenClass_Label,1,RodolfoRodriguesCalheiros,HélioSonecaBrazilianJJ
Brasilia International Open Jiu-Jitsu No-Gi 2016,Master1/Male/Black/Enum_WeightDivision_OpenClass_Label,2,ViniciusAlbuquerqueLamarca,RibeiroJiu,JitsuBrasil
Brasilia International Open Jiu-Jitsu No-Gi 2016,Master1/Male/Black/Enum_WeightDivision_OpenClass_Label,3,CaioMarcoPachecoRodrigues,GFTeamRondônia
Brasilia International Open Jiu-Jitsu No-Gi 2016,Master1/Male/Black/Enum_WeightDivision_OpenClass_Label,3,FilipeLimaMartins,ZRTeamAssociation
Brasilia International Open Jiu-Jitsu No-Gi 2016,Master2/Male/Blue/Feather,1,UlyssesGoncalvesdaSilvaNeto,ZRTeamBrasil
Brasilia International Open Jiu-Jitsu No-Gi 2016,Master2/Male/Blue/Light,1,BrennoAmarodaSilveiraNeto,BlackTeamJiu,Jitsu,Café
Brasilia International Open Jiu-Jitsu No-Gi 2016,Master2/Male/Blue/Light,2,DiogoHenriqueRibeiroO.deBettencourt,Eq.ClaudionorCardoso
Brasilia International Open Jiu-Jitsu No-Gi 2016,Master2/Male/Blue/Medium-Heavy,1,RafaelHermogenesdaSilvaSouza,TanqueJiu,Jitsu
Brasilia International Open Jiu-Jitsu No-Gi 2016,Master2/Male/Blue/Heavy,1,FabioJorgeHauly,MagooJJ
Brasilia International Open Jiu-Jitsu No-Gi 2016,Master2/Male/Blue/Super-Heavy,1,WilsonRobertoSilvaJunior,AllianceJJ
Brasilia International Open Jiu-Jitsu No-Gi 2016,Master2/Male/Blue/Super-Heavy,2,WiltonJunioTeixeira,RibeiroJiu,Jitsu
Brasilia International Open Jiu-Jitsu No-Gi 2016,Master2/Male/Blue/Ultra-Heavy,1,FelipeRabaneadeSouza,RilionGracieBrasília
Brasilia International Open Jiu-Jitsu No-Gi 2016,Master2/Male/Blue/Ultra-Heavy,2,EdsonAquino,RibeiroJiu,Jitsu
Brasilia International Open Jiu-Jitsu No-Gi 2016,Master2/Male/Blue/Enum_WeightDivision_OpenClass_Label,1,FabioJorgeHauly,MagooJJ
Brasilia International Open Jiu-Jitsu No-Gi 2016,Master2/Male/Blue/Enum_WeightDivision_OpenClass_Label,2,WilsonRobertoSilvaJunior,AllianceJJ
Brasilia International Open Jiu-Jitsu No-Gi 2016,Master2/Male/Blue/Enum_WeightDivision_OpenClass_Label,3,DiogoHenriqueRibeiroO.deBettencourt,Eq.ClaudionorCardoso
Brasilia International Open Jiu-Jitsu No-Gi 2016,Master2/Male/Blue/Enum_WeightDivision_OpenClass_Label,3,UlyssesGoncalvesdaSilvaNeto,ZRTeamBrasil
Brasilia International Open Jiu-Jitsu No-Gi 2016,Master2/Male/Purple/Feather,1,ThiagoAdolphoBoquett,BrigadeiroBJJ,Cascavel
Brasilia International Open Jiu-Jitsu No-Gi 2016,Master2/Male/Purple/Middle,1,JulioCesardeCamposSantos,ZenithBJJ
Brasilia International Open Jiu-Jitsu No-Gi 2016,Master2/Male/Purple/Middle,2,HanduiloRichardsonFerreira,GracieHumaitaRJ
Brasilia International Open Jiu-Jitsu No-Gi 2016,Master2/Male/Purple/Middle,3,JoãoGuilhermeAlmeida,GFTeamRondônia
Brasilia International Open Jiu-Jitsu No-Gi 2016,Master2/Male/Purple/Medium-Heavy,1,SergioEduardoPereiradeAraujo,RibeiroJiu,Jitsu
Brasilia International Open Jiu-Jitsu No-Gi 2016,Master2/Male/Purple/Medium-Heavy,2,JaimedeCarvalhoNeto,FightSportsBrasil
Brasilia International Open Jiu-Jitsu No-Gi 2016,Master2/Male/Purple/Heavy,1,CarlosEduardodeMesquitaLemos,CesarMailletTeam
Brasilia International Open Jiu-Jitsu No-Gi 2016,Master2/Male/Purple/Heavy,2,FranciscoJoséPereiradeSales,GuigoBJJ
Brasilia International Open Jiu-Jitsu No-Gi 2016,Master2/Male/Purple/Enum_WeightDivision_OpenClass_Label,1,JulioCesardeCamposSantos,ZenithBJJ
Brasilia International Open Jiu-Jitsu No-Gi 2016,Master2/Male/Purple/Enum_WeightDivision_OpenClass_Label,2,SergioEduardoPereiradeAraujo,RibeiroJiu,Jitsu
Brasilia International Open Jiu-Jitsu No-Gi 2016,Master2/Male/Purple/Enum_WeightDivision_OpenClass_Label,3,CarlosEduardodeMesquitaLemos,CesarMailletTeam
Brasilia International Open Jiu-Jitsu No-Gi 2016,Master2/Male/Purple/Enum_WeightDivision_OpenClass_Label,3,JoãoGuilhermeAlmeida,GFTeamRondônia
Brasilia International Open Jiu-Jitsu No-Gi 2016,Master2/Male/Brown/Light,1,BrunoFerreiraMalheiros,GFTeamRondônia
Brasilia International Open Jiu-Jitsu No-Gi 2016,Master2/Male/Brown/Middle,1,SérgiodeAmorimB.daSilva,RibeiroJiu,Jitsu
Brasilia International Open Jiu-Jitsu No-Gi 2016,Master2/Male/Brown/Medium-Heavy,1,JosielGuilhermeAquinodeAlmeida,JoãoRoqueJJ
Brasilia International Open Jiu-Jitsu No-Gi 2016,Master2/Male/Brown/Medium-Heavy,2,FelipeBarretoPereira,NovaUnião
Brasilia International Open Jiu-Jitsu No-Gi 2016,Master2/Male/Brown/Heavy,1,JoãoLuizMatosRodrigues,EquipeGTT/IST
Brasilia International Open Jiu-Jitsu No-Gi 2016,Master2/Male/Brown/Heavy,2,RodrigoJunioPereiraDosSantos,GracieBarra
Brasilia International Open Jiu-Jitsu No-Gi 2016,Master2/Male/Brown/Ultra-Heavy,1,VanderCarliniFrancisco,GracieBarra
Brasilia International Open Jiu-Jitsu No-Gi 2016,Master2/Male/Brown/Enum_WeightDivision_OpenClass_Label,1,VanderCarliniFrancisco,GracieBarra
Brasilia International Open Jiu-Jitsu No-Gi 2016,Master2/Male/Brown/Enum_WeightDivision_OpenClass_Label,2,RodrigoJunioPereiraDosSantos,GracieBarra
Brasilia International Open Jiu-Jitsu No-Gi 2016,Master2/Male/Brown/Enum_WeightDivision_OpenClass_Label,3,BrunoFerreiraMalheiros,GFTeamRondônia
Brasilia International Open Jiu-Jitsu No-Gi 2016,Master2/Male/Brown/Enum_WeightDivision_OpenClass_Label,3,JoãoLuizMatosRodrigues,EquipeGTT/IST
Brasilia International Open Jiu-Jitsu No-Gi 2016,Master2/Male/Black/Light-Feather,1,MarcusAdrianoS.deOliveira,ZRTeamBrasil
Brasilia International Open Jiu-Jitsu No-Gi 2016,Master2/Male/Black/Feather,1,AndréBrumanoCastro,RibeiroJiu,Jitsu
Brasilia International Open Jiu-Jitsu No-Gi 2016,Master2/Male/Black/Feather,2,JoãoMarquesdeOliveiraJunior,SauloRibeiro
Brasilia International Open Jiu-Jitsu No-Gi 2016,Master2/Male/Black/Feather,3,AlessandroFaustinoBorges,RibeiroJiu,Jitsu
Brasilia International Open Jiu-Jitsu No-Gi 2016,Master2/Male/Black/Feather,3,WellingtonMarianodaSilva,NovaUnião
Brasilia International Open Jiu-Jitsu No-Gi 2016,Master2/Male/Black/Light,1,MarcioCelioLimadeOliveira,GracieBarra
Brasilia International Open Jiu-Jitsu No-Gi 2016,Master2/Male/Black/Light,2,ArthurClaudinoRocha,NsBrotherhood
Brasilia International Open Jiu-Jitsu No-Gi 2016,Master2/Male/Black/Light,3,AlessandroBrandãoBogado,GracieHumaita
Brasilia International Open Jiu-Jitsu No-Gi 2016,Master2/Male/Black/Light,3,EduardoAfonsodaSilvaMartins,PSLPBCiceroCostha
Brasilia International Open Jiu-Jitsu No-Gi 2016,Master2/Male/Black/Middle,1,AdrianodaSilvaMartins,EquipeJucãoBrazilianJiu,JitsuBrasil
Brasilia International Open Jiu-Jitsu No-Gi 2016,Master2/Male/Black/Middle,2,FlávioCésarGomesdeOliveira,AtriumBJJ
Brasilia International Open Jiu-Jitsu No-Gi 2016,Master2/Male/Black/Middle,3,LucianoSoaresdeOliveira,NovaUnião
Brasilia International Open Jiu-Jitsu No-Gi 2016,Master2/Male/Black/Medium-Heavy,1,GeorgeMarcioTicoSilva,FamiliaMarcioFrankBJJ
Brasilia International Open Jiu-Jitsu No-Gi 2016,Master2/Male/Black/Medium-Heavy,2,MarcoAntoniodeOliveira,RibeiroJiu,Jitsu
Brasilia International Open Jiu-Jitsu No-Gi 2016,Master2/Male/Black/Medium-Heavy,3,WebertyVianadeSousa,SauloRibeiro
Brasilia International Open Jiu-Jitsu No-Gi 2016,Master2/Male/Black/Heavy,1,CarlosHenriqueGaribaldiPinto,RibeiroJiu,Jitsu
Brasilia International Open Jiu-Jitsu No-Gi 2016,Master2/Male/Black/Heavy,2,HugoVasconcelosdeAbreu,CheckMat
Brasilia International Open Jiu-Jitsu No-Gi 2016,Master2/Male/Black/Super-Heavy,1,TadeuRicelliBeltraoSantos,TeamIvanLeal
Brasilia International Open Jiu-Jitsu No-Gi 2016,Master2/Male/Black/Super-Heavy,2,RenatoAiresDaSilva,NovaUnião
Brasilia International Open Jiu-Jitsu No-Gi 2016,Master2/Male/Black/Super-Heavy,3,HelioBarthemNeto,CheckMat
Brasilia International Open Jiu-Jitsu No-Gi 2016,Master2/Male/Black/Ultra-Heavy,1,JulioCesarSantanaGuimarães,RibeiroJiu,Jitsu
Brasilia International Open Jiu-Jitsu No-Gi 2016,Master2/Male/Black/Ultra-Heavy,2,RoneudoGomesdeMatos,TeamRG
Brasilia International Open Jiu-Jitsu No-Gi 2016,Master2/Male/Black/Ultra-Heavy,3,EdsonMarquesTeixeira,NovaUnião
Brasilia International Open Jiu-Jitsu No-Gi 2016,Master2/Male/Black/Enum_WeightDivision_OpenClass_Label,1,WebertyVianadeSousa,SauloRibeiro
Brasilia International Open Jiu-Jitsu No-Gi 2016,Master2/Male/Black/Enum_WeightDivision_OpenClass_Label,2,EdsonMarquesTeixeira,NovaUnião
Brasilia International Open Jiu-Jitsu No-Gi 2016,Master2/Male/Black/Enum_WeightDivision_OpenClass_Label,3,CarlosHenriqueGaribaldiPinto,RibeiroJiu,Jitsu
Brasilia International Open Jiu-Jitsu No-Gi 2016,Master2/Male/Black/Enum_WeightDivision_OpenClass_Label,3,MarcusAdrianoS.deOliveira,ZRTeamBrasil
Brasilia International Open Jiu-Jitsu No-Gi 2016,Juvenile/Male/Blue/Feather,1,EduardodeAraujoRoque,GordoJiu,Jitsu
Brasilia International Open Jiu-Jitsu No-Gi 2016,Juvenile/Male/Blue/Feather,2,AdnanAlmeidaYahyaJr,CONSTRICTORTEAM
Brasilia International Open Jiu-Jitsu No-Gi 2016,Juvenile/Male/Blue/Feather,3,RafaelHenriqueAragãoVilanova,RibeiroJiu,Jitsu
Brasilia International Open Jiu-Jitsu No-Gi 2016,Juvenile/Male/Blue/Light,1,GustavoEstebamdosSantos,BARBOSAJIU,JITSU
Brasilia International Open Jiu-Jitsu No-Gi 2016,Juvenile/Male/Blue/Light,2,LucasBorgesSoares,CheckMat
Brasilia International Open Jiu-Jitsu No-Gi 2016,Juvenile/Male/Blue/Middle,1,PedroHenriqueMaiaCosta,CeiJiu,Jitsu
Brasilia International Open Jiu-Jitsu No-Gi 2016,Juvenile/Male/Blue/Middle,2,HenriqueDestrideMoura,RioGrapplingClub
Brasilia International Open Jiu-Jitsu No-Gi 2016,Juvenile/Male/Blue/Medium-Heavy,1,ThierryReisFaria,GFTeam
Brasilia International Open Jiu-Jitsu No-Gi 2016,Juvenile/Male/Blue/Medium-Heavy,2,MatheusLopoRuiz,NsBrotherhood
Brasilia International Open Jiu-Jitsu No-Gi 2016,Juvenile/Male/Blue/Super-Heavy,1,YagoAurelioOliveira,PRMTeam
Brasilia International Open Jiu-Jitsu No-Gi 2016,Juvenile/Male/Blue/Ultra-Heavy,1,DaviCabralDeSouza,GFTeam
Brasilia International Open Jiu-Jitsu No-Gi 2016,Juvenile/Male/Blue/Enum_WeightDivision_OpenClass_Label,1,GustavoEstebamdosSantos,BARBOSAJIU,JITSU
Brasilia International Open Jiu-Jitsu No-Gi 2016,Juvenile/Male/Blue/Enum_WeightDivision_OpenClass_Label,2,AdnanAlmeidaYahyaJr,CONSTRICTORTEAM
Brasilia International Open Jiu-Jitsu No-Gi 2016,Juvenile/Male/Blue/Enum_WeightDivision_OpenClass_Label,3,EduardodeAraujoRoque,GordoJiu,Jitsu
Brasilia International Open Jiu-Jitsu No-Gi 2016,Juvenile/Male/Blue/Enum_WeightDivision_OpenClass_Label,1,PedroHenriqueMaiaCosta,CeiJiu,Jitsu
Brasilia International Open Jiu-Jitsu No-Gi 2016,Juvenile/Male/Blue/Enum_WeightDivision_OpenClass_Label,2,YagoAurelioOliveira,PRMTeam
Brasilia International Open Jiu-Jitsu No-Gi 2016,Juvenile/Male/Blue/Enum_WeightDivision_OpenClass_Label,3,HenriqueDestrideMoura,RioGrapplingClub
Brasilia International Open Jiu-Jitsu No-Gi 2016,Juvenile/Male/Blue/Enum_WeightDivision_OpenClass_Label,3,ThierryReisFaria,GFTeam
Brasilia International Open Jiu-Jitsu No-Gi 2016,Juvenile/Female/Blue/Medium-Heavy,1,MayaradeRamosRibeiro,OrelhaFight
Brasilia International Open Jiu-Jitsu No-Gi 2016,Juvenile/Female/Blue/Super-Heavy,1,MariaEduardaTavares,CheckMat
Brasilia International Open Jiu-Jitsu No-Gi 2016,Juvenile/Female/Blue/Enum_WeightDivision_OpenClass_Label,1,MayaradeRamosRibeiro,OrelhaFight
Brasilia International Open Jiu-Jitsu No-Gi 2016,Juvenile/Female/Blue/Enum_WeightDivision_OpenClass_Label,2,MariaEduardaTavares,CheckMat
