Brasileiro de Jiu-Jitsu Sem Kimono 2015,Juvenile/Male/Blue/Light-Feather,1,EduardodeAraujoRoque,GordoJiu,Jitsu
Brasileiro de Jiu-Jitsu Sem Kimono 2015,Juvenile/Male/Blue/Light-Feather,2,LuizGabrielSantosLima,AssociaçãoOriente
Brasileiro de Jiu-Jitsu Sem Kimono 2015,Juvenile/Male/Blue/Light-Feather,3,RaphaelNicacioEleuterio,ZenithBJJ
Brasileiro de Jiu-Jitsu Sem Kimono 2015,Juvenile/Male/Blue/Light-Feather,3,WallaceAlexandredeOliveiraMendes,PanteraNegra
Brasileiro de Jiu-Jitsu Sem Kimono 2015,Juvenile/Male/Blue/Feather,1,RuanTiagoAlvarenga,BrazilianTopTeam
Brasileiro de Jiu-Jitsu Sem Kimono 2015,Juvenile/Male/Blue/Feather,2,DiegoOliveiraBatista,PSLPBCiceroCostha
Brasileiro de Jiu-Jitsu Sem Kimono 2015,Juvenile/Male/Blue/Feather,3,JefersondaSilvaRamos,AssociaçãoOriente
Brasileiro de Jiu-Jitsu Sem Kimono 2015,Juvenile/Male/Blue/Feather,3,RonaldDiasAlves,NovaUnião
Brasileiro de Jiu-Jitsu Sem Kimono 2015,Juvenile/Male/Blue/Light,1,RonyRezendeFialho,GFTeam
Brasileiro de Jiu-Jitsu Sem Kimono 2015,Juvenile/Male/Blue/Light,2,ArturdaSilvaLanes,GFTeam
Brasileiro de Jiu-Jitsu Sem Kimono 2015,Juvenile/Male/Blue/Light,3,JefersonGuaresi,PSLPBCiceroCostha
Brasileiro de Jiu-Jitsu Sem Kimono 2015,Juvenile/Male/Blue/Light,3,VitorCardosoBarbozaMaciel,GFTeamRecreio
Brasileiro de Jiu-Jitsu Sem Kimono 2015,Juvenile/Male/Blue/Middle,1,IgorNascimentodaCostaFeliz,CarlsonGracieClube
Brasileiro de Jiu-Jitsu Sem Kimono 2015,Juvenile/Male/Blue/Middle,2,DarlanViniciusdaSilvaCasaca,GameFightBJJ/Manimal
Brasileiro de Jiu-Jitsu Sem Kimono 2015,Juvenile/Male/Blue/Middle,3,CaioAntoniniSantos,ZenithBJJ
Brasileiro de Jiu-Jitsu Sem Kimono 2015,Juvenile/Male/Blue/Middle,3,MárcioGabrielSoares,GFTeam
Brasileiro de Jiu-Jitsu Sem Kimono 2015,Juvenile/Male/Blue/Medium-Heavy,1,JohnathaBarbosaAlves,LótusClub
Brasileiro de Jiu-Jitsu Sem Kimono 2015,Juvenile/Male/Blue/Medium-Heavy,2,GuthierryBarbosaNascimentoConceição,PRMTeam
Brasileiro de Jiu-Jitsu Sem Kimono 2015,Juvenile/Male/Blue/Medium-Heavy,3,JeanHenriqueCazelatoPereira,ZenithBJJ
Brasileiro de Jiu-Jitsu Sem Kimono 2015,Juvenile/Male/Blue/Medium-Heavy,3,PedroHenriqueAlbuquerque,CheckMat
Brasileiro de Jiu-Jitsu Sem Kimono 2015,Juvenile/Male/Blue/Heavy,1,MarcioFallah,KiotoBrazilianJiu,Jitsu
Brasileiro de Jiu-Jitsu Sem Kimono 2015,Juvenile/Male/Blue/Heavy,2,JoãoPaulodeOliveiraRodrigues,CaioTerraAssociationBrasil
Brasileiro de Jiu-Jitsu Sem Kimono 2015,Juvenile/Male/Blue/Heavy,3,GuilhermeCabralR.Corrêa,A2Jiu,Jitsu
Brasileiro de Jiu-Jitsu Sem Kimono 2015,Juvenile/Male/Blue/Heavy,3,JoãoVictorG.DosSantos,BrazilianFight
Brasileiro de Jiu-Jitsu Sem Kimono 2015,Juvenile/Male/Blue/Super-Heavy,1,MarcosCarrozzino,GFTeam
Brasileiro de Jiu-Jitsu Sem Kimono 2015,Juvenile/Male/Blue/Super-Heavy,2,TacioCarneiroAlves,CheckMat
Brasileiro de Jiu-Jitsu Sem Kimono 2015,Juvenile/Male/Blue/Super-Heavy,3,HenriqueFernandesdaSilva,ZenithBJJ
Brasileiro de Jiu-Jitsu Sem Kimono 2015,Juvenile/Male/Blue/Ultra-Heavy,1,NicolasMoreiraInaciodaSilva,InfightJiu,Jitsu
Brasileiro de Jiu-Jitsu Sem Kimono 2015,Juvenile/Female/Blue/Light,1,AnaCristinaAraujoRodrigues,GuigoBJJ
Brasileiro de Jiu-Jitsu Sem Kimono 2015,Juvenile/Female/Blue/Light,2,LuizaAlexiaMendes,BrazilianFight
Brasileiro de Jiu-Jitsu Sem Kimono 2015,Juvenile/Female/Blue/Middle,1,KimberlySilvaCosta,ZenithBJJ
Brasileiro de Jiu-Jitsu Sem Kimono 2015,Juvenile/Female/Blue/Super-Heavy,1,RobertaPessoaVieiraRibeiro,SoulFightersBJJ
Brasileiro de Jiu-Jitsu Sem Kimono 2015,Juvenile/Female/Blue/Super-Heavy,2,MaryannaSantosCardoso,NovaUnião
Brasileiro de Jiu-Jitsu Sem Kimono 2015,Juvenile/Male/Purple/Middle,1,YgordosSantosRodrigues,CTMR
Brasileiro de Jiu-Jitsu Sem Kimono 2015,Adult/Male/Blue/Rooster,1,WelersonGonçalvesdaSilva,NovaUnião
Brasileiro de Jiu-Jitsu Sem Kimono 2015,Adult/Male/Blue/Rooster,2,MarceloSouzaMatosJr.,BARBOSAJIU,JITSU
Brasileiro de Jiu-Jitsu Sem Kimono 2015,Adult/Male/Blue/Rooster,3,LucianoMariano,TopBrother
Brasileiro de Jiu-Jitsu Sem Kimono 2015,Adult/Male/Blue/Light-Feather,1,KalelNascimentodosSantos,PSLPBCiceroCosthaB
Brasileiro de Jiu-Jitsu Sem Kimono 2015,Adult/Male/Blue/Light-Feather,2,FelipeFerreiraBarreto,CheckMat
Brasileiro de Jiu-Jitsu Sem Kimono 2015,Adult/Male/Blue/Light-Feather,3,GabrielFernandesSouza,BARBOSAJIU,JITSU
Brasileiro de Jiu-Jitsu Sem Kimono 2015,Adult/Male/Blue/Light-Feather,3,LuizHenriqueRodriguesRamos,TopBrother
Brasileiro de Jiu-Jitsu Sem Kimono 2015,Adult/Male/Blue/Feather,1,VictorGustavoFerreiraO.daSilva,TopBrother
Brasileiro de Jiu-Jitsu Sem Kimono 2015,Adult/Male/Blue/Feather,2,ItaloMouradeAzevedo,PSLPBCiceroCostha
Brasileiro de Jiu-Jitsu Sem Kimono 2015,Adult/Male/Blue/Feather,3,LucasVirgiliodaPenhaBoaMorte,NovaUnião/NU
Brasileiro de Jiu-Jitsu Sem Kimono 2015,Adult/Male/Blue/Feather,3,MatheusLucasRochadeOliveira,GracieBarra
Brasileiro de Jiu-Jitsu Sem Kimono 2015,Adult/Male/Blue/Light,1,NatanChuengFreitas,CheckMat
Brasileiro de Jiu-Jitsu Sem Kimono 2015,Adult/Male/Blue/Light,2,RaphaelDillondaGamaCansanção,CheckMat
Brasileiro de Jiu-Jitsu Sem Kimono 2015,Adult/Male/Blue/Light,3,FelipeMendesBasilio,TopBrother
Brasileiro de Jiu-Jitsu Sem Kimono 2015,Adult/Male/Blue/Light,3,WictorDcassioMarinhoIldefonso,GracieBarra
Brasileiro de Jiu-Jitsu Sem Kimono 2015,Adult/Male/Blue/Middle,1,PedroFillipeSerraMarinho,BrazilianTopTeam
Brasileiro de Jiu-Jitsu Sem Kimono 2015,Adult/Male/Blue/Middle,2,RafaeldosAnjosTorres,Alliance
Brasileiro de Jiu-Jitsu Sem Kimono 2015,Adult/Male/Blue/Middle,3,NycollasXavierCordeiro,PSLPBCiceroCostha
Brasileiro de Jiu-Jitsu Sem Kimono 2015,Adult/Male/Blue/Middle,3,OlavoSergioDutraMendes,BrazilianTopTeam
Brasileiro de Jiu-Jitsu Sem Kimono 2015,Adult/Male/Blue/Medium-Heavy,1,RodrigoRocha,WeltonRibeiro
Brasileiro de Jiu-Jitsu Sem Kimono 2015,Adult/Male/Blue/Medium-Heavy,2,WallaceCostaMendonça,GFTeam
Brasileiro de Jiu-Jitsu Sem Kimono 2015,Adult/Male/Blue/Medium-Heavy,3,AllisonSiqueiraCosta,CarecaJJ
Brasileiro de Jiu-Jitsu Sem Kimono 2015,Adult/Male/Blue/Medium-Heavy,3,AndréLuizNovaesPorfirio,PSLPBCiceroCostha
Brasileiro de Jiu-Jitsu Sem Kimono 2015,Adult/Male/Blue/Heavy,1,JoséLucasFerreiraBraga,GracieBarra
Brasileiro de Jiu-Jitsu Sem Kimono 2015,Adult/Male/Blue/Heavy,2,MarlonKenjiroTanakaFagundes,ZenithBJJ
Brasileiro de Jiu-Jitsu Sem Kimono 2015,Adult/Male/Blue/Heavy,3,DaviSilvaSouza,GFTeam
Brasileiro de Jiu-Jitsu Sem Kimono 2015,Adult/Male/Blue/Heavy,3,JeffersonGomesdaCruzBarbosa,GracieBarra
Brasileiro de Jiu-Jitsu Sem Kimono 2015,Adult/Male/Blue/Super-Heavy,1,PedroHenriquedeLimaElias,PSLPBCiceroCosthaequipec
Brasileiro de Jiu-Jitsu Sem Kimono 2015,Adult/Male/Blue/Super-Heavy,2,SalvadorBarretodosSantosJúnior,NovaUnião
Brasileiro de Jiu-Jitsu Sem Kimono 2015,Adult/Male/Blue/Super-Heavy,3,ChristyanMeloV.daSilva,CheckMat
Brasileiro de Jiu-Jitsu Sem Kimono 2015,Adult/Male/Blue/Super-Heavy,3,RudineyRodriguesDosSantos,GracieBarra
Brasileiro de Jiu-Jitsu Sem Kimono 2015,Adult/Male/Blue/Ultra-Heavy,1,WallaceCostadaSilveira,GFTeam
Brasileiro de Jiu-Jitsu Sem Kimono 2015,Adult/Male/Blue/Ultra-Heavy,2,ThiagoOliveiraMateus,GameFightBJJ/Manimal
Brasileiro de Jiu-Jitsu Sem Kimono 2015,Adult/Male/Blue/Ultra-Heavy,3,GuilhermeBachaGuedes,GameFightBJJ/Manimal
Brasileiro de Jiu-Jitsu Sem Kimono 2015,Adult/Male/Blue/Ultra-Heavy,3,LucasZanelaLeitão,GracieBarra
Brasileiro de Jiu-Jitsu Sem Kimono 2015,Adult/Male/Blue/OpenClass,1,ItaloMouradeAzevedo,PSLPBCiceroCostha
Brasileiro de Jiu-Jitsu Sem Kimono 2015,Adult/Male/Blue/OpenClass,2,PedroHenriquedeLimaElias,PSLPBCiceroCosthaequipec
Brasileiro de Jiu-Jitsu Sem Kimono 2015,Adult/Male/Blue/OpenClass,3,SalvadorBarretodosSantosJúnior,NovaUnião
Brasileiro de Jiu-Jitsu Sem Kimono 2015,Adult/Male/Blue/OpenClass,3,WallaceCostadaSilveira,GFTeam
Brasileiro de Jiu-Jitsu Sem Kimono 2015,Adult/Female/Blue/Light-Feather,1,JessicaCarolineCoelhoDantas,CaioTerraAssociationBrasil
Brasileiro de Jiu-Jitsu Sem Kimono 2015,Adult/Female/Blue/Light-Feather,2,FernandaAlmeidadosSantos,GFTeam
Brasileiro de Jiu-Jitsu Sem Kimono 2015,Adult/Female/Blue/Light-Feather,3,AndrezaCostaMoraisdeSousa,CarlsonGracieClube
Brasileiro de Jiu-Jitsu Sem Kimono 2015,Adult/Female/Blue/Light-Feather,3,CindhyRayanneMorais,GracieBarra
Brasileiro de Jiu-Jitsu Sem Kimono 2015,Adult/Female/Blue/Feather,1,RafaelaThaísGodoy,Alliance
Brasileiro de Jiu-Jitsu Sem Kimono 2015,Adult/Female/Blue/Feather,2,BrunaJaquelineCarneiroCappeletto,PSLPBCiceroCostha
Brasileiro de Jiu-Jitsu Sem Kimono 2015,Adult/Female/Blue/Light,1,ElisRenataGarcia,TeamConde
Brasileiro de Jiu-Jitsu Sem Kimono 2015,Adult/Female/Blue/Light,2,NatáliadosSantosD.daCruz,Alliance
Brasileiro de Jiu-Jitsu Sem Kimono 2015,Adult/Female/Blue/Light,3,EllenCarolineCoelho,RilionGracieAcademyFlorianópolisCentro
Brasileiro de Jiu-Jitsu Sem Kimono 2015,Adult/Female/Blue/Light,3,RaquelSilvadosSantos,GameFightBJJ/Manimal
Brasileiro de Jiu-Jitsu Sem Kimono 2015,Adult/Female/Blue/Middle,1,ThamaraFerreiraSilva,BARBOSAJIU,JITSU
Brasileiro de Jiu-Jitsu Sem Kimono 2015,Adult/Female/Blue/Middle,2,MariaClaradeMoraesValle,NovaUnião
Brasileiro de Jiu-Jitsu Sem Kimono 2015,Adult/Female/Blue/Middle,3,JessicaAmorimDeAndrade,ZenithBJJ
Brasileiro de Jiu-Jitsu Sem Kimono 2015,Adult/Female/Blue/Middle,3,MaiaraAngelicadeOliveiraSilva,GracieHumaita
Brasileiro de Jiu-Jitsu Sem Kimono 2015,Adult/Female/Blue/Medium-Heavy,1,GracieleDelFavaDeCarvalho,BARBOSAJIU,JITSU
Brasileiro de Jiu-Jitsu Sem Kimono 2015,Adult/Female/Blue/Heavy,1,HanniadeSousaBritoBotelho,GracieBarra
Brasileiro de Jiu-Jitsu Sem Kimono 2015,Adult/Female/Blue/Heavy,2,MarinaLopes,FitFight/BHBrothers
Brasileiro de Jiu-Jitsu Sem Kimono 2015,Adult/Female/Blue/Super-Heavy,1,AmandaDaSilvaMartiniano,GracieBarra
Brasileiro de Jiu-Jitsu Sem Kimono 2015,Adult/Female/Blue/OpenClass,1,GracieleDelFavaDeCarvalho,BARBOSAJIU,JITSU
Brasileiro de Jiu-Jitsu Sem Kimono 2015,Adult/Female/Blue/OpenClass,2,ThamaraFerreiraSilva,BARBOSAJIU,JITSU
Brasileiro de Jiu-Jitsu Sem Kimono 2015,Adult/Female/Blue/OpenClass,3,JessicaCarolineCoelhoDantas,CaioTerraAssociationBrasil
Brasileiro de Jiu-Jitsu Sem Kimono 2015,Adult/Female/Blue/OpenClass,3,RafaelaThaísGodoy,Alliance
Brasileiro de Jiu-Jitsu Sem Kimono 2015,Adult/Male/Purple/Rooster,1,VanderdosReisMaciel,CaioTerraAssociationBrasil
Brasileiro de Jiu-Jitsu Sem Kimono 2015,Adult/Male/Purple/Rooster,2,OzielSantosdeCarvalho,GameFightBJJ/Manimal
Brasileiro de Jiu-Jitsu Sem Kimono 2015,Adult/Male/Purple/Rooster,3,LucianoAlexdaCunhaVieira,InfightJiu,Jitsu
Brasileiro de Jiu-Jitsu Sem Kimono 2015,Adult/Male/Purple/Rooster,3,WandersonBezerraSantana,WeltonRibeiro
Brasileiro de Jiu-Jitsu Sem Kimono 2015,Adult/Male/Purple/Light-Feather,1,WellingtonAlexdaSilva,Alliance
Brasileiro de Jiu-Jitsu Sem Kimono 2015,Adult/Male/Purple/Light-Feather,2,WesleySouzaSantos,Alliance
Brasileiro de Jiu-Jitsu Sem Kimono 2015,Adult/Male/Purple/Light-Feather,3,AnielBonifacioCandido,ZenithBJJ
Brasileiro de Jiu-Jitsu Sem Kimono 2015,Adult/Male/Purple/Light-Feather,3,GabrielGiovaneHornMachado,PowerTeam
Brasileiro de Jiu-Jitsu Sem Kimono 2015,Adult/Male/Purple/Feather,1,MaxDanrleyFerreiradaSilva,PSLPBCiceroCostha
Brasileiro de Jiu-Jitsu Sem Kimono 2015,Adult/Male/Purple/Feather,2,LuizHenriqueCostaDiasdeOliveiraPimentel,BARBOSAJIU,JITSU
Brasileiro de Jiu-Jitsu Sem Kimono 2015,Adult/Male/Purple/Feather,3,JadsonSantosdeAraújo,GFTeam
Brasileiro de Jiu-Jitsu Sem Kimono 2015,Adult/Male/Purple/Feather,3,VeninoM.RondonDeLimaJunior,ZenithBJJ
Brasileiro de Jiu-Jitsu Sem Kimono 2015,Adult/Male/Purple/Light,1,LucasDarioAguiardeOliveira,GFTeam
Brasileiro de Jiu-Jitsu Sem Kimono 2015,Adult/Male/Purple/Light,2,JonnatasGracieAraujodaSilva,GuigoBJJ
Brasileiro de Jiu-Jitsu Sem Kimono 2015,Adult/Male/Purple/Light,3,KananR.Clarke,Jones,Alliance
Brasileiro de Jiu-Jitsu Sem Kimono 2015,Adult/Male/Purple/Light,3,MatheusFerreiradePaulaRochaFelippe,Alliance
Brasileiro de Jiu-Jitsu Sem Kimono 2015,Adult/Male/Purple/Middle,1,HugoDoerzapffMarques,SoulFightersBJJ
Brasileiro de Jiu-Jitsu Sem Kimono 2015,Adult/Male/Purple/Middle,2,RenanSeixas,RyanGracieTeam
Brasileiro de Jiu-Jitsu Sem Kimono 2015,Adult/Male/Purple/Middle,3,MarcosViniciusdeOliveiraMartins,BARBOSAJIU,JITSU
Brasileiro de Jiu-Jitsu Sem Kimono 2015,Adult/Male/Purple/Middle,3,VictorMatheusdeLimaRodrigues,InfightJiu,Jitsu
Brasileiro de Jiu-Jitsu Sem Kimono 2015,Adult/Male/Purple/Medium-Heavy,1,RonaldoPereiradeSouzaJúnior,AcademiaPitbull
Brasileiro de Jiu-Jitsu Sem Kimono 2015,Adult/Male/Purple/Medium-Heavy,2,ServioTulioCardosoGuimarãesJunqueira,GracieBarra
Brasileiro de Jiu-Jitsu Sem Kimono 2015,Adult/Male/Purple/Medium-Heavy,3,GustavoMascarenhasBorges(REPETIDO173760),GFTeam
Brasileiro de Jiu-Jitsu Sem Kimono 2015,Adult/Male/Purple/Medium-Heavy,3,RobertoRamosFontouraJunior,DDRJJ
Brasileiro de Jiu-Jitsu Sem Kimono 2015,Adult/Male/Purple/Heavy,1,JoãoGabrieldeSouzaRangel,SoulFightersBJJ
Brasileiro de Jiu-Jitsu Sem Kimono 2015,Adult/Male/Purple/Heavy,2,MarceloGomideOliveira,GracieBarra
Brasileiro de Jiu-Jitsu Sem Kimono 2015,Adult/Male/Purple/Heavy,3,JonathanThierisdaSilva,BlackBeltJiuJitsuClub
Brasileiro de Jiu-Jitsu Sem Kimono 2015,Adult/Male/Purple/Heavy,3,LeonardoLemosdeAndrade,014RBJJ
Brasileiro de Jiu-Jitsu Sem Kimono 2015,Adult/Male/Purple/Super-Heavy,1,QuentinE.Leahy,RenzoGracie
Brasileiro de Jiu-Jitsu Sem Kimono 2015,Adult/Male/Purple/Super-Heavy,2,MatheusMirandaBezerra,SoulFightersBJJ
Brasileiro de Jiu-Jitsu Sem Kimono 2015,Adult/Male/Purple/Super-Heavy,3,BrunoMultedo,Abi,RihanFamilyBJJ
Brasileiro de Jiu-Jitsu Sem Kimono 2015,Adult/Male/Purple/Super-Heavy,3,IgorCorsinoSilva,NovaUnião
Brasileiro de Jiu-Jitsu Sem Kimono 2015,Adult/Male/Purple/Ultra-Heavy,1,ElismaiqueSantosAzevedo,GameFightBJJ/Manimal
Brasileiro de Jiu-Jitsu Sem Kimono 2015,Adult/Male/Purple/Ultra-Heavy,2,ArthurGomesMaranMangabeira,GuigoBJJ
Brasileiro de Jiu-Jitsu Sem Kimono 2015,Adult/Male/Purple/Ultra-Heavy,3,ElionJoaquimdosReisJunior,BrazilianTopTeam
Brasileiro de Jiu-Jitsu Sem Kimono 2015,Adult/Male/Purple/Ultra-Heavy,3,FilipeAlvesFigueiredo,CamposJiu,Jitsu
Brasileiro de Jiu-Jitsu Sem Kimono 2015,Adult/Male/Purple/OpenClass,1,HugoDoerzapffMarques,SoulFightersBJJ
Brasileiro de Jiu-Jitsu Sem Kimono 2015,Adult/Male/Purple/OpenClass,2,JoãoGabrieldeSouzaRangel,SoulFightersBJJ
Brasileiro de Jiu-Jitsu Sem Kimono 2015,Adult/Male/Purple/OpenClass,3,LeonardoLemosdeAndrade,014RBJJ
Brasileiro de Jiu-Jitsu Sem Kimono 2015,Adult/Male/Purple/OpenClass,3,QuentinE.Leahy,RenzoGracie
Brasileiro de Jiu-Jitsu Sem Kimono 2015,Adult/Female/Purple/Feather,1,MayssaCaldasPereiraBastos,GFTeam
Brasileiro de Jiu-Jitsu Sem Kimono 2015,Adult/Female/Purple/Light,1,GabrielaMeirelesFechter,CheckMat
Brasileiro de Jiu-Jitsu Sem Kimono 2015,Adult/Female/Purple/Light,2,DaianedaSilvaOliveira,NovaUnião
Brasileiro de Jiu-Jitsu Sem Kimono 2015,Adult/Female/Purple/Light,3,MayraGabrielleNegreirosAbrahão,GFTeam
Brasileiro de Jiu-Jitsu Sem Kimono 2015,Adult/Female/Purple/Middle,1,LarissaPaesdaSilva,GordoJiu,Jitsu
Brasileiro de Jiu-Jitsu Sem Kimono 2015,Adult/Female/Purple/Middle,2,JuliaBoscherSeixasPinto,SoulFightersBJJ
Brasileiro de Jiu-Jitsu Sem Kimono 2015,Adult/Female/Purple/Middle,3,LaísFerreiradaRocha,RyanGracieTeam
Brasileiro de Jiu-Jitsu Sem Kimono 2015,Adult/Female/Purple/Medium-Heavy,1,YasminPereiraTeixeira,Alliance
Brasileiro de Jiu-Jitsu Sem Kimono 2015,Adult/Female/Purple/Medium-Heavy,2,RafaeladosSantosJardimRodrigues,GameFightBJJ/Manimal
Brasileiro de Jiu-Jitsu Sem Kimono 2015,Adult/Female/Purple/Medium-Heavy,3,DanielleRonaldCarvalhodeLima,GFTeam
Brasileiro de Jiu-Jitsu Sem Kimono 2015,Adult/Female/Purple/Heavy,1,ThamiresCardosoPossiderio,GFTeam
Brasileiro de Jiu-Jitsu Sem Kimono 2015,Adult/Female/Purple/Super-Heavy,1,HeloisaSilvaRodriguesFerreira,Alliance
Brasileiro de Jiu-Jitsu Sem Kimono 2015,Adult/Female/Purple/Super-Heavy,2,RaizaCabralChaves,Alliance
Brasileiro de Jiu-Jitsu Sem Kimono 2015,Adult/Female/Purple/OpenClass,1,MayssaCaldasPereiraBastos,GFTeam
Brasileiro de Jiu-Jitsu Sem Kimono 2015,Adult/Female/Purple/OpenClass,2,MayraGabrielleNegreirosAbrahão,GFTeam
Brasileiro de Jiu-Jitsu Sem Kimono 2015,Adult/Female/Purple/OpenClass,3,DaianedaSilvaOliveira,NovaUnião
Brasileiro de Jiu-Jitsu Sem Kimono 2015,Adult/Female/Purple/OpenClass,3,RafaeladosSantosJardimRodrigues,GameFightBJJ/Manimal
Brasileiro de Jiu-Jitsu Sem Kimono 2015,Adult/Male/Brown/Light-Feather,1,EduardRichardCorreaLisboa,Alliance
Brasileiro de Jiu-Jitsu Sem Kimono 2015,Adult/Male/Brown/Light-Feather,2,JoseCarlosSouzaLimaSobrinho,GFTeam
Brasileiro de Jiu-Jitsu Sem Kimono 2015,Adult/Male/Brown/Light-Feather,3,AlessandroCarvalhodaSilveiraCosta,NovaUnião
Brasileiro de Jiu-Jitsu Sem Kimono 2015,Adult/Male/Brown/Light-Feather,3,RodrigoYoshimiOiye,NovaUnião
Brasileiro de Jiu-Jitsu Sem Kimono 2015,Adult/Male/Brown/Feather,1,EduardoYezeguiellianBotega,ZenithBJJ
Brasileiro de Jiu-Jitsu Sem Kimono 2015,Adult/Male/Brown/Feather,2,IghorLuisAlvimHorta,BrazilianTopTeam
Brasileiro de Jiu-Jitsu Sem Kimono 2015,Adult/Male/Brown/Feather,3,MarcosGuilhermeRobatiniDelCampo,Alliance
Brasileiro de Jiu-Jitsu Sem Kimono 2015,Adult/Male/Brown/Feather,3,MarioAndreAlvesCorrea,AcademiaEduardoSantoro
Brasileiro de Jiu-Jitsu Sem Kimono 2015,Adult/Male/Brown/Light,1,BrenoHenriqueAbreuBittencourt,CarlsonGracieClube
Brasileiro de Jiu-Jitsu Sem Kimono 2015,Adult/Male/Brown/Light,2,CaioRiganteNunes,Alliance
Brasileiro de Jiu-Jitsu Sem Kimono 2015,Adult/Male/Brown/Light,3,FernandoPaulinoNascimentoRocha,LótusClub
Brasileiro de Jiu-Jitsu Sem Kimono 2015,Adult/Male/Brown/Light,3,LucasdeAraujoGomes,Alliance
Brasileiro de Jiu-Jitsu Sem Kimono 2015,Adult/Male/Brown/Middle,1,JoséCarlosDias,NovaUnião
Brasileiro de Jiu-Jitsu Sem Kimono 2015,Adult/Male/Brown/Middle,2,PiterFrankAlmeidaSilva,ZenithBJJ
Brasileiro de Jiu-Jitsu Sem Kimono 2015,Adult/Male/Brown/Middle,3,LuisFelipeAlexandreSouto,NovaUnião/NU
Brasileiro de Jiu-Jitsu Sem Kimono 2015,Adult/Male/Brown/Medium-Heavy,1,DiegoDiasRamalho,GracieBarra
Brasileiro de Jiu-Jitsu Sem Kimono 2015,Adult/Male/Brown/Medium-Heavy,2,MatheusGodoyRomero,TeamPopovitch
Brasileiro de Jiu-Jitsu Sem Kimono 2015,Adult/Male/Brown/Medium-Heavy,3,EdsonAntoniodeOliveiraFilho,Alliance
Brasileiro de Jiu-Jitsu Sem Kimono 2015,Adult/Male/Brown/Medium-Heavy,3,GabrielQuintanilhadaCunha,GameFightBJJ/Manimal
Brasileiro de Jiu-Jitsu Sem Kimono 2015,Adult/Male/Brown/Heavy,1,RudsonMateusSarmentoTeles,CaioTerraAssociation
Brasileiro de Jiu-Jitsu Sem Kimono 2015,Adult/Male/Brown/Heavy,2,DanielAlvesEsperança,GameFightBJJ/Manimal
Brasileiro de Jiu-Jitsu Sem Kimono 2015,Adult/Male/Brown/Heavy,3,MarceloRochadeMelo,DemianMaiaJiu,Jitsu
Brasileiro de Jiu-Jitsu Sem Kimono 2015,Adult/Male/Brown/Heavy,3,ThyagoCruzGaratina,GFTeam
Brasileiro de Jiu-Jitsu Sem Kimono 2015,Adult/Male/Brown/Super-Heavy,1,MaxdosSantosGimenis,GFTeam
Brasileiro de Jiu-Jitsu Sem Kimono 2015,Adult/Male/Brown/Super-Heavy,2,JailtonJesusA.Junior,SchubertJiu,Jitsu
Brasileiro de Jiu-Jitsu Sem Kimono 2015,Adult/Male/Brown/Super-Heavy,3,FelipeOosterveenArantesCançado,GracieHumaita
Brasileiro de Jiu-Jitsu Sem Kimono 2015,Adult/Male/Brown/Ultra-Heavy,1,DiogoJoaquimSilveira,NovaUnião
Brasileiro de Jiu-Jitsu Sem Kimono 2015,Adult/Male/Brown/Ultra-Heavy,2,LeandroSthiago,AtaqueDuplo
Brasileiro de Jiu-Jitsu Sem Kimono 2015,Adult/Male/Brown/Ultra-Heavy,3,AlandaSilvaLessa,DM,Team
Brasileiro de Jiu-Jitsu Sem Kimono 2015,Adult/Male/Brown/Ultra-Heavy,3,AndersondeAlmeidaSilva,KiotoBrazilianJiu,Jitsu
Brasileiro de Jiu-Jitsu Sem Kimono 2015,Adult/Male/Brown/OpenClass,1,MaxdosSantosGimenis,GFTeam
Brasileiro de Jiu-Jitsu Sem Kimono 2015,Adult/Male/Brown/OpenClass,2,AndersondeAlmeidaSilva,KiotoBrazilianJiu,Jitsu
Brasileiro de Jiu-Jitsu Sem Kimono 2015,Adult/Male/Brown/OpenClass,3,DanielAlvesEsperança,GameFightBJJ/Manimal
Brasileiro de Jiu-Jitsu Sem Kimono 2015,Adult/Male/Brown/OpenClass,3,RudsonMateusSarmentoTeles,CaioTerraAssociation
Brasileiro de Jiu-Jitsu Sem Kimono 2015,Adult/Female/Brown/Light,1,MayraMelloMazza,Alliance
Brasileiro de Jiu-Jitsu Sem Kimono 2015,Adult/Female/Brown/Super-Heavy,1,TayanePorfíriodeAraújo,Alliance
Brasileiro de Jiu-Jitsu Sem Kimono 2015,Adult/Female/Brown/OpenClass,1,MayraMelloMazza,Alliance
Brasileiro de Jiu-Jitsu Sem Kimono 2015,Adult/Female/Brown/OpenClass,2,TayanePorfíriodeAraújo,Alliance
Brasileiro de Jiu-Jitsu Sem Kimono 2015,Adult/Male/Black/Rooster,1,LeandroLopesEscobar,SoulFightersBJJ
Brasileiro de Jiu-Jitsu Sem Kimono 2015,Adult/Male/Black/Rooster,2,VictorSantosGomes,GFTeam
Brasileiro de Jiu-Jitsu Sem Kimono 2015,Adult/Male/Black/Light-Feather,1,PhilipeFreitasMacieldeOliveira,EquipePH
Brasileiro de Jiu-Jitsu Sem Kimono 2015,Adult/Male/Black/Light-Feather,2,HiagoGeorgeSantosSilva,PSLPBCiceroCostha
Brasileiro de Jiu-Jitsu Sem Kimono 2015,Adult/Male/Black/Light-Feather,3,LuizFernandoRibeirodeAndrade,GFTeam
Brasileiro de Jiu-Jitsu Sem Kimono 2015,Adult/Male/Black/Light-Feather,3,ThomasLincolnCorreaLisboa,Alliance
Brasileiro de Jiu-Jitsu Sem Kimono 2015,Adult/Male/Black/Feather,1,JoséTiagodaSilvaBarros,PSLPBCiceroCostha
Brasileiro de Jiu-Jitsu Sem Kimono 2015,Adult/Male/Black/Feather,2,OnofreRibeiroLima,FabricioInternationalTeam,FIT
Brasileiro de Jiu-Jitsu Sem Kimono 2015,Adult/Male/Black/Feather,3,RaphaeldaCostaCadena,A2Jiu,Jitsu
Brasileiro de Jiu-Jitsu Sem Kimono 2015,Adult/Male/Black/Feather,3,RodrigoSilvaBarbosa,CariocaBrazilianJiu,Jitsu
Brasileiro de Jiu-Jitsu Sem Kimono 2015,Adult/Male/Black/Light,1,ThiagoCardialGaia,BarbosaJJ2
Brasileiro de Jiu-Jitsu Sem Kimono 2015,Adult/Male/Black/Light,2,RafaelMachadoMansur,PSLPBCiceroCostha
Brasileiro de Jiu-Jitsu Sem Kimono 2015,Adult/Male/Black/Light,3,EltonTadeuAugusto,GracieBarra
Brasileiro de Jiu-Jitsu Sem Kimono 2015,Adult/Male/Black/Light,3,HerbertMitchellPontesBurns,AssociaçãoOriente
Brasileiro de Jiu-Jitsu Sem Kimono 2015,Adult/Male/Black/Middle,1,FelipeCesarSilva,BARBOSAJIU,JITSU
Brasileiro de Jiu-Jitsu Sem Kimono 2015,Adult/Male/Black/Middle,2,MarceloFrançaMafra,CheckMat
Brasileiro de Jiu-Jitsu Sem Kimono 2015,Adult/Male/Black/Middle,3,GabrielProcópiodaFonseca,BrazilianTopTeam
Brasileiro de Jiu-Jitsu Sem Kimono 2015,Adult/Male/Black/Middle,3,TheodoroGabrielCanalAlmeida,GFTeam
Brasileiro de Jiu-Jitsu Sem Kimono 2015,Adult/Male/Black/Medium-Heavy,1,PatrickPontesMouraSantosGaudio,GFTeam
Brasileiro de Jiu-Jitsu Sem Kimono 2015,Adult/Male/Black/Medium-Heavy,2,RonysTorresdaCunha,NovaUnião
Brasileiro de Jiu-Jitsu Sem Kimono 2015,Adult/Male/Black/Medium-Heavy,3,ClaudiodeMattosCardoso,GracieBarra
Brasileiro de Jiu-Jitsu Sem Kimono 2015,Adult/Male/Black/Medium-Heavy,3,RomulodeSouzaAzevedo,WeltonRibeiro
Brasileiro de Jiu-Jitsu Sem Kimono 2015,Adult/Male/Black/Heavy,1,DiogoSampaioAraujo,SoulFightersBJJ
Brasileiro de Jiu-Jitsu Sem Kimono 2015,Adult/Male/Black/Heavy,2,GustavoHenriqueSaraivaAdolfo,CaveirinhaJiu,JitsuFamily
Brasileiro de Jiu-Jitsu Sem Kimono 2015,Adult/Male/Black/Heavy,3,AndreFelipeBrasilCassio,RilionGracieAcademyFlorianópolisCentro
Brasileiro de Jiu-Jitsu Sem Kimono 2015,Adult/Male/Black/Heavy,3,RicardoRamosdeMesquita,Alliance
Brasileiro de Jiu-Jitsu Sem Kimono 2015,Adult/Male/Black/Super-Heavy,1,CássioFrancisdaSilva,GracieBarra
Brasileiro de Jiu-Jitsu Sem Kimono 2015,Adult/Male/Black/Super-Heavy,2,RafaelPerassoliPinheiro,FightSportsBrasil
Brasileiro de Jiu-Jitsu Sem Kimono 2015,Adult/Male/Black/Super-Heavy,3,BrunoFerreiraCuppari,AcademiaEduardoSantoro
Brasileiro de Jiu-Jitsu Sem Kimono 2015,Adult/Male/Black/Super-Heavy,3,LuizFelipeTeixeiradosSantos,GFTeam
Brasileiro de Jiu-Jitsu Sem Kimono 2015,Adult/Male/Black/Ultra-Heavy,1,OtavioTomeSerafim,BARBOSAJIU,JITSU
Brasileiro de Jiu-Jitsu Sem Kimono 2015,Adult/Male/Black/Ultra-Heavy,2,FernandoCamôlesRibas,BrazilianTopTeam
Brasileiro de Jiu-Jitsu Sem Kimono 2015,Adult/Male/Black/Ultra-Heavy,3,GilmarSilvadeOliveira,AcademiaBSB
Brasileiro de Jiu-Jitsu Sem Kimono 2015,Adult/Male/Black/Ultra-Heavy,3,JofersonMarcioSouzadeDeus,InfightJiu,Jitsu
Brasileiro de Jiu-Jitsu Sem Kimono 2015,Adult/Male/Black/OpenClass,1,DimitriusSoaresSouza,Alliance
Brasileiro de Jiu-Jitsu Sem Kimono 2015,Adult/Male/Black/OpenClass,2,RomulodeSouzaAzevedo,WeltonRibeiro
Brasileiro de Jiu-Jitsu Sem Kimono 2015,Adult/Male/Black/OpenClass,3,MatheusSantosdeSouza,HélioSonecaBrazilianJJ
Brasileiro de Jiu-Jitsu Sem Kimono 2015,Adult/Male/Black/OpenClass,3,PatrickPontesMouraSantosGaudio,GFTeam
Brasileiro de Jiu-Jitsu Sem Kimono 2015,Adult/Female/Black/Light,1,MaríliadaConceiçãoFariasAlvesVieira,GracieBarra
Brasileiro de Jiu-Jitsu Sem Kimono 2015,Adult/Female/Black/Light,2,ArianePereiraGuarnier,AgnaldoGoes
Brasileiro de Jiu-Jitsu Sem Kimono 2015,Adult/Female/Black/Middle,1,GlauciaBragaLibano,GracieBarra
Brasileiro de Jiu-Jitsu Sem Kimono 2015,Adult/Female/Black/Middle,2,JulianaCostaSimoes,AgnaldoGoes
Brasileiro de Jiu-Jitsu Sem Kimono 2015,Adult/Female/Black/Heavy,1,AndresaCorrea,Alliance
Brasileiro de Jiu-Jitsu Sem Kimono 2015,Adult/Female/Black/OpenClass,1,AndresaCorrea,Alliance
Brasileiro de Jiu-Jitsu Sem Kimono 2015,Adult/Female/Black/OpenClass,2,JulianaCostaSimoes,AgnaldoGoes
Brasileiro de Jiu-Jitsu Sem Kimono 2015,Master1/Male/Blue/Feather,1,OsvandoJunqueira,PSLPBCiceroCostha
Brasileiro de Jiu-Jitsu Sem Kimono 2015,Master1/Male/Blue/Feather,2,VolneyVieira,ZenithBJJ
Brasileiro de Jiu-Jitsu Sem Kimono 2015,Master1/Male/Blue/Feather,3,MarceldeAlmeidaTrindade,DeLaRivaJJ
Brasileiro de Jiu-Jitsu Sem Kimono 2015,Master1/Male/Blue/Light,1,DiegoVieiraDaCruz,GFTeam
Brasileiro de Jiu-Jitsu Sem Kimono 2015,Master1/Male/Blue/Light,2,DouglasAntoniodeMoraesLeite,CheckMat
Brasileiro de Jiu-Jitsu Sem Kimono 2015,Master1/Male/Blue/Light,3,RafaeldeAndradeFerreira,014RBJJ
Brasileiro de Jiu-Jitsu Sem Kimono 2015,Master1/Male/Blue/Light,3,RenatodaSilvaPeluco,BonSaiJJ
Brasileiro de Jiu-Jitsu Sem Kimono 2015,Master1/Male/Blue/Middle,1,DanielGodoyQueiroz,GracieHumaita
Brasileiro de Jiu-Jitsu Sem Kimono 2015,Master1/Male/Blue/Middle,2,PedroAugustoPôssas,FamíliaAbi,RihanJiu,Jitsu
Brasileiro de Jiu-Jitsu Sem Kimono 2015,Master1/Male/Blue/Middle,3,FellipeTaunayLoureiroAndrade,GFTeam
Brasileiro de Jiu-Jitsu Sem Kimono 2015,Master1/Male/Blue/Middle,3,LeandroDiasDeSouza,GFTeam
Brasileiro de Jiu-Jitsu Sem Kimono 2015,Master1/Male/Blue/Medium-Heavy,1,LeonardoGouveadaSilva,GFTeam
Brasileiro de Jiu-Jitsu Sem Kimono 2015,Master1/Male/Blue/Medium-Heavy,2,RomeroAlvesAmancio,ZenithBJJ
Brasileiro de Jiu-Jitsu Sem Kimono 2015,Master1/Male/Blue/Heavy,1,LeyfBarrosdoNascimento,Ac.Atitude,Acre
Brasileiro de Jiu-Jitsu Sem Kimono 2015,Master1/Male/Blue/Heavy,2,LeonardoVieira,GracieHumaita
Brasileiro de Jiu-Jitsu Sem Kimono 2015,Master1/Male/Blue/Heavy,3,LeonardoAbrãoTrinta,GFTeam
Brasileiro de Jiu-Jitsu Sem Kimono 2015,Master1/Male/Blue/Super-Heavy,1,RogerioLourençoMessias,GracieBarra
Brasileiro de Jiu-Jitsu Sem Kimono 2015,Master1/Male/Blue/Super-Heavy,2,EdivandroCarmoDoNascimento,Ac.Atitude,Acre
Brasileiro de Jiu-Jitsu Sem Kimono 2015,Master1/Male/Blue/Super-Heavy,3,RenatoSilvaSantosdeOliveira,ManimalJJ
Brasileiro de Jiu-Jitsu Sem Kimono 2015,Master1/Male/Blue/Super-Heavy,3,ThiagoMartinsdeAbreu,WeltonRibeiro
Brasileiro de Jiu-Jitsu Sem Kimono 2015,Master1/Male/Blue/Ultra-Heavy,1,SidneiUbirajaraRibeiro,GFTeam
Brasileiro de Jiu-Jitsu Sem Kimono 2015,Master1/Male/Blue/Ultra-Heavy,2,WilsonHonoratoAragãoJunior,GracieBarra
Brasileiro de Jiu-Jitsu Sem Kimono 2015,Master1/Male/Blue/Ultra-Heavy,3,MarceloPassosdosSantos,GracieBarra
Brasileiro de Jiu-Jitsu Sem Kimono 2015,Master1/Male/Blue/OpenClass,1,RomeroAlvesAmancio,ZenithBJJ
Brasileiro de Jiu-Jitsu Sem Kimono 2015,Master1/Male/Blue/OpenClass,2,MarceloPassosdosSantos,GracieBarra
Brasileiro de Jiu-Jitsu Sem Kimono 2015,Master1/Male/Blue/OpenClass,3,EdivandroCarmoDoNascimento,Ac.Atitude,Acre
Brasileiro de Jiu-Jitsu Sem Kimono 2015,Master1/Male/Blue/OpenClass,3,SidneiUbirajaraRibeiro,GFTeam
Brasileiro de Jiu-Jitsu Sem Kimono 2015,Master1/Female/Blue/Light-Feather,1,PatriciaAlvarengadoAmaral,NovaUnião
Brasileiro de Jiu-Jitsu Sem Kimono 2015,Master1/Female/Blue/Light,1,AnaCristinaHenriquesdeOliveira,TopBrother
Brasileiro de Jiu-Jitsu Sem Kimono 2015,Master1/Female/Blue/Medium-Heavy,1,CintiaMaicaP.daSilva,CaioTerraAssociationBrasil
Brasileiro de Jiu-Jitsu Sem Kimono 2015,Master1/Female/Blue/Medium-Heavy,2,MariadoCarmoRodriguesdeCarvalho,GracieBarra
Brasileiro de Jiu-Jitsu Sem Kimono 2015,Master1/Female/Blue/Heavy,1,AlineGomesCavalcante,GFTeam
Brasileiro de Jiu-Jitsu Sem Kimono 2015,Master1/Female/Blue/Super-Heavy,1,MárciaPereiraDeMelo,InfightJiu,Jitsu
Brasileiro de Jiu-Jitsu Sem Kimono 2015,Master1/Female/Blue/OpenClass,1,CintiaMaicaP.daSilva,CaioTerraAssociationBrasil
Brasileiro de Jiu-Jitsu Sem Kimono 2015,Master1/Female/Blue/OpenClass,2,AlineGomesCavalcante,GFTeam
Brasileiro de Jiu-Jitsu Sem Kimono 2015,Master1/Female/Blue/OpenClass,3,MárciaPereiraDeMelo,InfightJiu,Jitsu
Brasileiro de Jiu-Jitsu Sem Kimono 2015,Master1/Female/Blue/OpenClass,3,PatriciaAlvarengadoAmaral,NovaUnião
Brasileiro de Jiu-Jitsu Sem Kimono 2015,Master1/Male/Purple/Rooster,1,LeonDenisMoreiraFilho,GracieBarra
Brasileiro de Jiu-Jitsu Sem Kimono 2015,Master1/Male/Purple/Feather,1,AndréLuizMuylaertCaetanoPaes,NovaUnião
Brasileiro de Jiu-Jitsu Sem Kimono 2015,Master1/Male/Purple/Feather,2,DavidAndradeDeSouza,GracieBarra
Brasileiro de Jiu-Jitsu Sem Kimono 2015,Master1/Male/Purple/Light,1,RuiMarcosCamargo,GFTeam
Brasileiro de Jiu-Jitsu Sem Kimono 2015,Master1/Male/Purple/Light,2,EdsonLuisdeSouzaLucianoJúnior,GFTeam
Brasileiro de Jiu-Jitsu Sem Kimono 2015,Master1/Male/Purple/Light,3,AzlimNoslideSimeãoTeodorio,DDRJJ
Brasileiro de Jiu-Jitsu Sem Kimono 2015,Master1/Male/Purple/Light,3,MarioCarriço,EquipeTottiJiu,Jitsu
Brasileiro de Jiu-Jitsu Sem Kimono 2015,Master1/Male/Purple/Middle,1,WagnerGeovanini,BrazilianTopTeam
Brasileiro de Jiu-Jitsu Sem Kimono 2015,Master1/Male/Purple/Middle,2,LeanderSfredoHorvath,CarlsonGracieClube
Brasileiro de Jiu-Jitsu Sem Kimono 2015,Master1/Male/Purple/Middle,3,BenGordonSulston,CarlsonGracieClube
Brasileiro de Jiu-Jitsu Sem Kimono 2015,Master1/Male/Purple/Middle,3,JorgeLuizBrancoMotaJunior,ArtCombat
Brasileiro de Jiu-Jitsu Sem Kimono 2015,Master1/Male/Purple/Medium-Heavy,1,JoãoPifferVerissimoJunior,CarlsonGracieClube
Brasileiro de Jiu-Jitsu Sem Kimono 2015,Master1/Male/Purple/Medium-Heavy,2,SidineiFerreiraGuimarãesFilho,MichelMaiaJiu,Jitsu
Brasileiro de Jiu-Jitsu Sem Kimono 2015,Master1/Male/Purple/Medium-Heavy,3,MauríciodeJesusMensch,NovaUnião
Brasileiro de Jiu-Jitsu Sem Kimono 2015,Master1/Male/Purple/Medium-Heavy,3,YuriNunesAbreuLage,NovaUnião
Brasileiro de Jiu-Jitsu Sem Kimono 2015,Master1/Male/Purple/Heavy,1,MarcusViniciusdeSouzaRamos,GracieHumaita
Brasileiro de Jiu-Jitsu Sem Kimono 2015,Master1/Male/Purple/Heavy,2,BrunoPacielloSobrinho,GameFightBJJ/Manimal
Brasileiro de Jiu-Jitsu Sem Kimono 2015,Master1/Male/Purple/Heavy,3,FredericoLimaFerraz,DDRJJ
Brasileiro de Jiu-Jitsu Sem Kimono 2015,Master1/Male/Purple/Heavy,3,VictorCallaghamCorreiadeSouza,GFTeam
Brasileiro de Jiu-Jitsu Sem Kimono 2015,Master1/Male/Purple/Super-Heavy,1,WandersonDeSousaPinheiro,CariocaBrazilianJiu,Jitsu
Brasileiro de Jiu-Jitsu Sem Kimono 2015,Master1/Male/Purple/Super-Heavy,2,LeonardodeSiqueiraPinto,GFTeam
Brasileiro de Jiu-Jitsu Sem Kimono 2015,Master1/Male/Purple/Super-Heavy,3,LenildoMachadoRibeiroLima,NovaUnião
Brasileiro de Jiu-Jitsu Sem Kimono 2015,Master1/Male/Purple/Super-Heavy,3,ThiagoCorreiaMello,GFTeam
Brasileiro de Jiu-Jitsu Sem Kimono 2015,Master1/Male/Purple/Ultra-Heavy,1,PhilipeFernandodosSantos,GracieBarra
Brasileiro de Jiu-Jitsu Sem Kimono 2015,Master1/Male/Purple/Ultra-Heavy,2,LucianoAlvesPereira,ArteLivreJiu,Jitsu
Brasileiro de Jiu-Jitsu Sem Kimono 2015,Master1/Male/Purple/Ultra-Heavy,3,FranciscoRodrigues,SoulFightersBJJ
Brasileiro de Jiu-Jitsu Sem Kimono 2015,Master1/Male/Purple/Ultra-Heavy,3,MauriciodosSantos,CheckMat
Brasileiro de Jiu-Jitsu Sem Kimono 2015,Master1/Male/Purple/OpenClass,1,MarcusViniciusdeSouzaRamos,GracieHumaita
Brasileiro de Jiu-Jitsu Sem Kimono 2015,Master1/Male/Purple/OpenClass,2,LeanderSfredoHorvath,CarlsonGracieClube
Brasileiro de Jiu-Jitsu Sem Kimono 2015,Master1/Male/Purple/OpenClass,3,AndréLuizMuylaertCaetanoPaes,NovaUnião
Brasileiro de Jiu-Jitsu Sem Kimono 2015,Master1/Male/Purple/OpenClass,3,YuriNunesAbreuLage,NovaUnião
Brasileiro de Jiu-Jitsu Sem Kimono 2015,Master1/Female/Purple/Feather,1,EdivâniaBatistadaSilva,NovaUnião
Brasileiro de Jiu-Jitsu Sem Kimono 2015,Master1/Female/Purple/Middle,1,CarlaSilvadosSantos,GFTeam
Brasileiro de Jiu-Jitsu Sem Kimono 2015,Master1/Female/Purple/Heavy,1,CéliaReginaHonoratodeOliveira,GFTeam
Brasileiro de Jiu-Jitsu Sem Kimono 2015,Master1/Female/Purple/OpenClass,1,EdivâniaBatistadaSilva,NovaUnião
Brasileiro de Jiu-Jitsu Sem Kimono 2015,Master1/Female/Purple/OpenClass,2,CéliaReginaHonoratodeOliveira,GFTeam
Brasileiro de Jiu-Jitsu Sem Kimono 2015,Master1/Female/Purple/OpenClass,3,CarlaSilvadosSantos,GFTeam
Brasileiro de Jiu-Jitsu Sem Kimono 2015,Master1/Male/Brown/Light-Feather,1,NathanAlfredoCybulkiewiczCortes,Alliance
Brasileiro de Jiu-Jitsu Sem Kimono 2015,Master1/Male/Brown/Light-Feather,2,MauricioFernandesJunior,GracieBarra
Brasileiro de Jiu-Jitsu Sem Kimono 2015,Master1/Male/Brown/Feather,1,DiegoTorresFrancisco,MacacoGoldTeam
Brasileiro de Jiu-Jitsu Sem Kimono 2015,Master1/Male/Brown/Feather,2,BrunoFerreiraDaSilva,PRMTeam
Brasileiro de Jiu-Jitsu Sem Kimono 2015,Master1/Male/Brown/Feather,3,JucélioCostaSousa,SoulFightersBJJ
Brasileiro de Jiu-Jitsu Sem Kimono 2015,Master1/Male/Brown/Light,1,ThiagoNunesMagalhães,TopBrother
Brasileiro de Jiu-Jitsu Sem Kimono 2015,Master1/Male/Brown/Light,2,LucasSimõesMaistro,BARBOSAJIU,JITSU
Brasileiro de Jiu-Jitsu Sem Kimono 2015,Master1/Male/Brown/Light,3,AluizioHonórioMoizinhoJúnior,SoulFightersBJJ
Brasileiro de Jiu-Jitsu Sem Kimono 2015,Master1/Male/Brown/Light,3,BernardoRibeiroSantana,CarlsonGracieClube
Brasileiro de Jiu-Jitsu Sem Kimono 2015,Master1/Male/Brown/Middle,1,VagnerOliveiradeLima,NovaUnião/NU
Brasileiro de Jiu-Jitsu Sem Kimono 2015,Master1/Male/Brown/Middle,2,JoãoGustavoCostaVasconcelos,Alliance
Brasileiro de Jiu-Jitsu Sem Kimono 2015,Master1/Male/Brown/Middle,3,AugustodaSilvadeSouzaNeto,BrazilianTopTeam
Brasileiro de Jiu-Jitsu Sem Kimono 2015,Master1/Male/Brown/Middle,3,MucioMaranhão,GracieBarra
Brasileiro de Jiu-Jitsu Sem Kimono 2015,Master1/Male/Brown/Medium-Heavy,1,FredericoJorgedaEira,NovaUnião
Brasileiro de Jiu-Jitsu Sem Kimono 2015,Master1/Male/Brown/Medium-Heavy,2,CelsonAugustoCaetano,GracieHumaita
Brasileiro de Jiu-Jitsu Sem Kimono 2015,Master1/Male/Brown/Medium-Heavy,3,AndersonMonteiroPenin,EquipeTottiJiu,Jitsu
Brasileiro de Jiu-Jitsu Sem Kimono 2015,Master1/Male/Brown/Medium-Heavy,3,EmmanuelBrolloJunior,NovaUnião
Brasileiro de Jiu-Jitsu Sem Kimono 2015,Master1/Male/Brown/Heavy,1,LourivalCamilodeAraujoNeto,Ac.Atitude,Acre
Brasileiro de Jiu-Jitsu Sem Kimono 2015,Master1/Male/Brown/Heavy,2,FernandoWagnerV.dosSantos,BrazilianTopTeam
Brasileiro de Jiu-Jitsu Sem Kimono 2015,Master1/Male/Brown/Heavy,3,MarceloGomesMaurício,GracieBarra
Brasileiro de Jiu-Jitsu Sem Kimono 2015,Master1/Male/Brown/Heavy,3,RafaelRamosGonçalves,BredaJJ
Brasileiro de Jiu-Jitsu Sem Kimono 2015,Master1/Male/Brown/Super-Heavy,1,FranciscoDanielCoutinhoTavares,PanteraNegra
Brasileiro de Jiu-Jitsu Sem Kimono 2015,Master1/Male/Brown/Super-Heavy,2,LuizFillipeCarvalhodeLimaIbelliBraga,EquipeRobsonMoura
Brasileiro de Jiu-Jitsu Sem Kimono 2015,Master1/Male/Brown/Super-Heavy,3,JoãoBatistaGomesFilho,GracieBarra
Brasileiro de Jiu-Jitsu Sem Kimono 2015,Master1/Male/Brown/Super-Heavy,3,RafaelBarbozadeJesusSilva,DeLaRivaJJ
Brasileiro de Jiu-Jitsu Sem Kimono 2015,Master1/Male/Brown/Ultra-Heavy,1,FilipePaesCabral,NovaUnião
Brasileiro de Jiu-Jitsu Sem Kimono 2015,Master1/Male/Brown/Ultra-Heavy,2,CleitondaSilvaVallim,GFTeam
Brasileiro de Jiu-Jitsu Sem Kimono 2015,Master1/Male/Brown/OpenClass,1,FilipePaesCabral,NovaUnião
Brasileiro de Jiu-Jitsu Sem Kimono 2015,Master1/Male/Brown/OpenClass,2,RafaelBarbozadeJesusSilva,DeLaRivaJJ
Brasileiro de Jiu-Jitsu Sem Kimono 2015,Master1/Male/Brown/OpenClass,3,FranciscoDanielCoutinhoTavares,PanteraNegra
Brasileiro de Jiu-Jitsu Sem Kimono 2015,Master1/Male/Brown/OpenClass,3,JoãoBatistaGomesFilho,GracieBarra
Brasileiro de Jiu-Jitsu Sem Kimono 2015,Master1/Female/Brown/Super-Heavy,1,RobertaMenezesRibeiro,AlexandreJapona
Brasileiro de Jiu-Jitsu Sem Kimono 2015,Master1/Female/Brown/Super-Heavy,2,RachelCoutoFerreira,GFTeam
Brasileiro de Jiu-Jitsu Sem Kimono 2015,Master1/Male/Black/Light-Feather,1,JuanLopesdaSilva,PRMTeam
Brasileiro de Jiu-Jitsu Sem Kimono 2015,Master1/Male/Black/Light-Feather,2,RodrigoKiuchi,LuizPauloJiu,Jitsu
Brasileiro de Jiu-Jitsu Sem Kimono 2015,Master1/Male/Black/Light-Feather,3,EduardodaSilvaVieira,GFTeam
Brasileiro de Jiu-Jitsu Sem Kimono 2015,Master1/Male/Black/Light-Feather,3,ViniciusdosSantosFonseca,TopBrother
Brasileiro de Jiu-Jitsu Sem Kimono 2015,Master1/Male/Black/Feather,1,HumbertoVieiraRangelJúnior,SoulFightersBJJ
Brasileiro de Jiu-Jitsu Sem Kimono 2015,Master1/Male/Black/Feather,2,RodrigoAzevedodeLima,GameFightBJJ/Manimal
Brasileiro de Jiu-Jitsu Sem Kimono 2015,Master1/Male/Black/Feather,3,EduardoSidneyGomes,PSLPBCiceroCostha
Brasileiro de Jiu-Jitsu Sem Kimono 2015,Master1/Male/Black/Feather,3,FabioFlorencioAlves,GameFightBJJ/Manimal
Brasileiro de Jiu-Jitsu Sem Kimono 2015,Master1/Male/Black/Light,1,WilsonAlvesdaSilvaJúnior,TopBrother
Brasileiro de Jiu-Jitsu Sem Kimono 2015,Master1/Male/Black/Light,2,RaphaelCardosoChiecon,GFTeamRecreio
Brasileiro de Jiu-Jitsu Sem Kimono 2015,Master1/Male/Black/Light,3,DanielRamosdaSilva,GFTeamCalifornia
Brasileiro de Jiu-Jitsu Sem Kimono 2015,Master1/Male/Black/Light,3,LidioHenriquedaSilvaSantos,GFTeamRecreio
Brasileiro de Jiu-Jitsu Sem Kimono 2015,Master1/Male/Black/Middle,1,FranciscoSalgadoVillela,BrazilianTopTeam
Brasileiro de Jiu-Jitsu Sem Kimono 2015,Master1/Male/Black/Middle,2,ClaudioRobertoSouzadaSilva,GracieHumaita
Brasileiro de Jiu-Jitsu Sem Kimono 2015,Master1/Male/Black/Middle,3,EdsonVanderMartinsHigino,GracieHumaita
Brasileiro de Jiu-Jitsu Sem Kimono 2015,Master1/Male/Black/Middle,3,ReniGeorgePinhoAzevedo,GFTeam
Brasileiro de Jiu-Jitsu Sem Kimono 2015,Master1/Male/Black/Medium-Heavy,1,AntonioJoseInacio,NovaUnião
Brasileiro de Jiu-Jitsu Sem Kimono 2015,Master1/Male/Black/Medium-Heavy,2,LuizFelipeCoelhoSeabra,GracieBarra
Brasileiro de Jiu-Jitsu Sem Kimono 2015,Master1/Male/Black/Medium-Heavy,3,AntonioAlbertoCarmonaPequenodeBarros,AkxeBJJ
Brasileiro de Jiu-Jitsu Sem Kimono 2015,Master1/Male/Black/Medium-Heavy,3,WilsonBorgesPereira,Abi,RihanFamilyBJJ
Brasileiro de Jiu-Jitsu Sem Kimono 2015,Master1/Male/Black/Heavy,1,MarcelodaSilvaBernardo,BrazilianPowerTeam
Brasileiro de Jiu-Jitsu Sem Kimono 2015,Master1/Male/Black/Heavy,2,PauloCesarMelodeSaJúnior,GFTeam
Brasileiro de Jiu-Jitsu Sem Kimono 2015,Master1/Male/Black/Heavy,3,AndreMachadoBastos,NovaUnião
Brasileiro de Jiu-Jitsu Sem Kimono 2015,Master1/Male/Black/Heavy,3,AugustoCesarCaixetaBatista,GracieBarraLuziâniaGO.
Brasileiro de Jiu-Jitsu Sem Kimono 2015,Master1/Male/Black/Super-Heavy,1,DavidVieiradaSilva,GordoJiu,Jitsu
Brasileiro de Jiu-Jitsu Sem Kimono 2015,Master1/Male/Black/Super-Heavy,2,ItaloRamonMagalhãesVieira,CheckMat
Brasileiro de Jiu-Jitsu Sem Kimono 2015,Master1/Male/Black/Super-Heavy,3,AleksandroHenriquedeAraujo,CheckMat
Brasileiro de Jiu-Jitsu Sem Kimono 2015,Master1/Male/Black/Super-Heavy,3,TarsisdaGamaePaulaNeto,GordoJiu,Jitsu
Brasileiro de Jiu-Jitsu Sem Kimono 2015,Master1/Male/Black/Ultra-Heavy,1,CarlosSilva,NovaUnião
Brasileiro de Jiu-Jitsu Sem Kimono 2015,Master1/Male/Black/Ultra-Heavy,2,HeltonNogueiraLima,GracieBarra
Brasileiro de Jiu-Jitsu Sem Kimono 2015,Master1/Male/Black/Ultra-Heavy,3,MarcelodaSilvaAzevedoAndrade,AllianceRJ
Brasileiro de Jiu-Jitsu Sem Kimono 2015,Master1/Male/Black/Ultra-Heavy,3,MárioSimõesSousaGraça,GFTeam
Brasileiro de Jiu-Jitsu Sem Kimono 2015,Master1/Male/Black/OpenClass,1,ItaloRamonMagalhãesVieira,CheckMat
Brasileiro de Jiu-Jitsu Sem Kimono 2015,Master1/Male/Black/OpenClass,2,PauloCesarMelodeSaJúnior,GFTeam
Brasileiro de Jiu-Jitsu Sem Kimono 2015,Master1/Male/Black/OpenClass,3,AleksandroHenriquedeAraujo,CheckMat
Brasileiro de Jiu-Jitsu Sem Kimono 2015,Master1/Male/Black/OpenClass,3,RaphaelCardosoChiecon,GFTeamRecreio
Brasileiro de Jiu-Jitsu Sem Kimono 2015,Master1/Female/Black/Medium-Heavy,1,AdrianaRosarioRegoGranjaGatto,GracieBarra
Brasileiro de Jiu-Jitsu Sem Kimono 2015,Master1/Female/Black/Super-Heavy,1,CarladeSouzaCarvalho,GracieBarra
Brasileiro de Jiu-Jitsu Sem Kimono 2015,Master1/Female/Black/OpenClass,1,CarladeSouzaCarvalho,GracieBarra
Brasileiro de Jiu-Jitsu Sem Kimono 2015,Master1/Female/Black/OpenClass,2,AdrianaRosarioRegoGranjaGatto,GracieBarra
Brasileiro de Jiu-Jitsu Sem Kimono 2015,Master2/Male/Blue/Light-Feather,1,HendersonPimentel,AcademiaMarangoni
Brasileiro de Jiu-Jitsu Sem Kimono 2015,Master2/Male/Blue/Light-Feather,2,PauloAndréRibeiro,GFTeam
Brasileiro de Jiu-Jitsu Sem Kimono 2015,Master2/Male/Blue/Middle,1,SavioBrunoSilvaBarros,GracieBarra
Brasileiro de Jiu-Jitsu Sem Kimono 2015,Master2/Male/Blue/Middle,2,BrunoRodriguesdaFonseca,GFTeam
Brasileiro de Jiu-Jitsu Sem Kimono 2015,Master2/Male/Blue/Middle,3,BrunodeMelloNitzsche,InfightJiu,Jitsu
Brasileiro de Jiu-Jitsu Sem Kimono 2015,Master2/Male/Blue/Middle,3,SilvioRogerioRomeiroAlves,MichelMaiaJiu,Jitsu
Brasileiro de Jiu-Jitsu Sem Kimono 2015,Master2/Male/Blue/Medium-Heavy,1,JorgeRobertoMarquesdaSilva,GFTeam
Brasileiro de Jiu-Jitsu Sem Kimono 2015,Master2/Male/Blue/Medium-Heavy,2,EduardoGomesdaSilva,GFTeam
Brasileiro de Jiu-Jitsu Sem Kimono 2015,Master2/Male/Blue/Heavy,1,StefanoSilvaOliveira,GameFightBJJ/Manimal
Brasileiro de Jiu-Jitsu Sem Kimono 2015,Master2/Male/Blue/Heavy,2,ZanderFerreira,SoulFightersBJJ
Brasileiro de Jiu-Jitsu Sem Kimono 2015,Master2/Male/Blue/Ultra-Heavy,1,AnemilsonAzeredoNascimento,NovaUnião
Brasileiro de Jiu-Jitsu Sem Kimono 2015,Master2/Male/Blue/OpenClass,1,AnemilsonAzeredoNascimento,NovaUnião
Brasileiro de Jiu-Jitsu Sem Kimono 2015,Master2/Male/Blue/OpenClass,2,EduardoGomesdaSilva,GFTeam
Brasileiro de Jiu-Jitsu Sem Kimono 2015,Master2/Male/Blue/OpenClass,3,PauloAndréRibeiro,GFTeam
Brasileiro de Jiu-Jitsu Sem Kimono 2015,Master2/Male/Blue/OpenClass,3,SilvioRogerioRomeiroAlves,MichelMaiaJiu,Jitsu
Brasileiro de Jiu-Jitsu Sem Kimono 2015,Master2/Male/Purple/Feather,1,PabloSobral,EquipeTottiJiu,Jitsu
Brasileiro de Jiu-Jitsu Sem Kimono 2015,Master2/Male/Purple/Feather,2,FábioDeOliveiraVaz,CheckMat
Brasileiro de Jiu-Jitsu Sem Kimono 2015,Master2/Male/Purple/Feather,3,SandroBatistadeSantana,TopBrother
Brasileiro de Jiu-Jitsu Sem Kimono 2015,Master2/Male/Purple/Middle,1,JofreGonçalvesNascimento,NovaUnião
Brasileiro de Jiu-Jitsu Sem Kimono 2015,Master2/Male/Purple/Middle,2,GilvandoNascimentoOliveira,GFTeam
Brasileiro de Jiu-Jitsu Sem Kimono 2015,Master2/Male/Purple/Middle,3,JairVaillanLima,StrikerJJ
Brasileiro de Jiu-Jitsu Sem Kimono 2015,Master2/Male/Purple/Middle,3,RobsonLopesDaCruz,TopBrother
Brasileiro de Jiu-Jitsu Sem Kimono 2015,Master2/Male/Purple/Medium-Heavy,1,FelipeAbrantesWainer,Brasa/Muzio
Brasileiro de Jiu-Jitsu Sem Kimono 2015,Master2/Male/Purple/Medium-Heavy,2,GeovaniNascimento,GracieBarra
Brasileiro de Jiu-Jitsu Sem Kimono 2015,Master2/Male/Purple/Medium-Heavy,3,JoãoBatistadoPradoPereira,LegiãoBrazilianJiu,Jitsu
Brasileiro de Jiu-Jitsu Sem Kimono 2015,Master2/Male/Purple/Medium-Heavy,3,MarceloLeonardoTeixeiraGonçalves,DM,Team
Brasileiro de Jiu-Jitsu Sem Kimono 2015,Master2/Male/Purple/Heavy,1,JorgeLuizVitorinodeAraujoMacedo,DDRJJ
Brasileiro de Jiu-Jitsu Sem Kimono 2015,Master2/Male/Purple/Heavy,2,EdgarCorreaMoura,PanteraNegra
Brasileiro de Jiu-Jitsu Sem Kimono 2015,Master2/Male/Purple/Super-Heavy,1,EmersonFernandodeLima,BonSaiJJ
Brasileiro de Jiu-Jitsu Sem Kimono 2015,Master2/Male/Purple/Super-Heavy,2,AurelioAugustoTadeuPinto,GracieBarra
Brasileiro de Jiu-Jitsu Sem Kimono 2015,Master2/Male/Purple/OpenClass,1,EmersonFernandodeLima,BonSaiJJ
Brasileiro de Jiu-Jitsu Sem Kimono 2015,Master2/Male/Purple/OpenClass,2,FábioDeOliveiraVaz,CheckMat
Brasileiro de Jiu-Jitsu Sem Kimono 2015,Master2/Male/Purple/OpenClass,3,JoãoBatistadoPradoPereira,LegiãoBrazilianJiu,Jitsu
Brasileiro de Jiu-Jitsu Sem Kimono 2015,Master2/Male/Purple/OpenClass,3,JorgeLuizVitorinodeAraujoMacedo,DDRJJ
Brasileiro de Jiu-Jitsu Sem Kimono 2015,Master2/Male/Brown/Light,1,JairGomesdeFreitas,KiotoBrazilianJiu,Jitsu
Brasileiro de Jiu-Jitsu Sem Kimono 2015,Master2/Male/Brown/Light,2,VictorMonteirodeCarvalho,GameFightBJJ/Manimal
Brasileiro de Jiu-Jitsu Sem Kimono 2015,Master2/Male/Brown/Middle,1,PauloAlvesMagalhãesFilho,BARBOSAJIU,JITSU
Brasileiro de Jiu-Jitsu Sem Kimono 2015,Master2/Male/Brown/Middle,2,LinusPaulingFerreiraPereira,BrazilianTopTeam
Brasileiro de Jiu-Jitsu Sem Kimono 2015,Master2/Male/Brown/Middle,3,AndersondosAnjosdaSilva,NovaUnião
Brasileiro de Jiu-Jitsu Sem Kimono 2015,Master2/Male/Brown/Middle,3,VaniltonVieiradaSilva,EquipeBlackBeltTeam
Brasileiro de Jiu-Jitsu Sem Kimono 2015,Master2/Male/Brown/Medium-Heavy,1,EduardoMartinsSilva,CheckMat
Brasileiro de Jiu-Jitsu Sem Kimono 2015,Master2/Male/Brown/Super-Heavy,1,AlexandreCarvalhoLimaPinheiro,FernandoTerere(FTBJJ)
Brasileiro de Jiu-Jitsu Sem Kimono 2015,Master2/Male/Brown/Ultra-Heavy,1,EdsonFranciscodePaulaJunior,AtosJiu,Jitsu
Brasileiro de Jiu-Jitsu Sem Kimono 2015,Master2/Male/Brown/OpenClass,1,EduardoMartinsSilva,CheckMat
Brasileiro de Jiu-Jitsu Sem Kimono 2015,Master2/Male/Brown/OpenClass,2,PauloAlvesMagalhãesFilho,BARBOSAJIU,JITSU
Brasileiro de Jiu-Jitsu Sem Kimono 2015,Master2/Male/Brown/OpenClass,3,AlexandreCarvalhoLimaPinheiro,FernandoTerere(FTBJJ)
Brasileiro de Jiu-Jitsu Sem Kimono 2015,Master2/Male/Brown/OpenClass,3,JairGomesdeFreitas,KiotoBrazilianJiu,Jitsu
Brasileiro de Jiu-Jitsu Sem Kimono 2015,Master2/Male/Black/Feather,1,MarcelodosSantosSilva,MarceloGaloJiu,Jitsu
Brasileiro de Jiu-Jitsu Sem Kimono 2015,Master2/Male/Black/Feather,2,AlejandroSiqueiraDoudement,GracieBarra
Brasileiro de Jiu-Jitsu Sem Kimono 2015,Master2/Male/Black/Feather,3,MarcioLuizdeOliveira,NovaUnião
Brasileiro de Jiu-Jitsu Sem Kimono 2015,Master2/Male/Black/Feather,3,MárcioMarquesMendonça,MichelMaiaJiu,Jitsu
Brasileiro de Jiu-Jitsu Sem Kimono 2015,Master2/Male/Black/Light,1,MarcioCelioLimadeOliveira,GracieBarraSantaMaria,Brasília
Brasileiro de Jiu-Jitsu Sem Kimono 2015,Master2/Male/Black/Light,2,LucianoNascimentodeOliveira,GracieBarra
Brasileiro de Jiu-Jitsu Sem Kimono 2015,Master2/Male/Black/Light,3,GustavoSoutoPerdigãoGranha,EquipeTottiJiu,Jitsu
Brasileiro de Jiu-Jitsu Sem Kimono 2015,Master2/Male/Black/Light,3,WallaceSerafimPavão,GFTeam
Brasileiro de Jiu-Jitsu Sem Kimono 2015,Master2/Male/Black/Middle,1,MiogreTavaresCoronheiro,GracieBarraJJ
Brasileiro de Jiu-Jitsu Sem Kimono 2015,Master2/Male/Black/Middle,2,HaroldoVictorianoBunn,NovaUnião
Brasileiro de Jiu-Jitsu Sem Kimono 2015,Master2/Male/Black/Middle,3,AlanSilvadeLucena,PSLPBCiceroCostha
Brasileiro de Jiu-Jitsu Sem Kimono 2015,Master2/Male/Black/Middle,3,GuilhermeMadeiraGoraib,GracieHumaita
Brasileiro de Jiu-Jitsu Sem Kimono 2015,Master2/Male/Black/Medium-Heavy,1,GabrielAraujodoCarmo,GracieBarraJJ
Brasileiro de Jiu-Jitsu Sem Kimono 2015,Master2/Male/Black/Medium-Heavy,2,UellingtonRodriguesdaSilva,BrunoBastosAssociation
Brasileiro de Jiu-Jitsu Sem Kimono 2015,Master2/Male/Black/Medium-Heavy,3,AristotenesRibeiroReis,StrikerJJ
Brasileiro de Jiu-Jitsu Sem Kimono 2015,Master2/Male/Black/Medium-Heavy,3,LuizGustavoChavesDias,CalasansBJJ
Brasileiro de Jiu-Jitsu Sem Kimono 2015,Master2/Male/Black/Heavy,1,RaulSilvaFaconti,CheckMat
Brasileiro de Jiu-Jitsu Sem Kimono 2015,Master2/Male/Black/Heavy,2,LúcioCharlytowNogueiraFernandesSegundo,GracieBarra
Brasileiro de Jiu-Jitsu Sem Kimono 2015,Master2/Male/Black/Heavy,3,AndréVicentin,PSLPBCiceroCostha
Brasileiro de Jiu-Jitsu Sem Kimono 2015,Master2/Male/Black/Heavy,3,FabianoAlvesValadares,GracieBarraJJ
Brasileiro de Jiu-Jitsu Sem Kimono 2015,Master2/Male/Black/Super-Heavy,1,GustavoLindgrenMachadodaSilva,GracieBarraJJ
Brasileiro de Jiu-Jitsu Sem Kimono 2015,Master2/Male/Black/Super-Heavy,2,FelipeSalgadoAlves,CheckMat
Brasileiro de Jiu-Jitsu Sem Kimono 2015,Master2/Male/Black/Super-Heavy,3,AlexBarrosdeOliveira,NovaUnião
Brasileiro de Jiu-Jitsu Sem Kimono 2015,Master2/Male/Black/Super-Heavy,3,VagnerLuizdeSouzaBarbosa,InfightJiu,Jitsu
Brasileiro de Jiu-Jitsu Sem Kimono 2015,Master2/Male/Black/Ultra-Heavy,1,RenatoVieiradaCunha,ManimalJJ
Brasileiro de Jiu-Jitsu Sem Kimono 2015,Master2/Male/Black/Ultra-Heavy,2,PauloAlexandredeSouza,BrazilianTopTeam
Brasileiro de Jiu-Jitsu Sem Kimono 2015,Master2/Male/Black/Ultra-Heavy,3,DouglasTeixeiraReis,IpanemaJJClub
Brasileiro de Jiu-Jitsu Sem Kimono 2015,Master2/Male/Black/Ultra-Heavy,3,ValterAluisioP.deOliveiraJr,NovaUnião
Brasileiro de Jiu-Jitsu Sem Kimono 2015,Master2/Male/Black/OpenClass,1,MiogreTavaresCoronheiro,GracieBarraJJ
Brasileiro de Jiu-Jitsu Sem Kimono 2015,Master2/Male/Black/OpenClass,2,PauloAlexandredeSouza,BrazilianTopTeam
Brasileiro de Jiu-Jitsu Sem Kimono 2015,Master2/Male/Black/OpenClass,3,MárcioMarquesMendonça,MichelMaiaJiu,Jitsu
Brasileiro de Jiu-Jitsu Sem Kimono 2015,Master2/Male/Black/OpenClass,3,VagnerLuizdeSouzaBarbosa,InfightJiu,Jitsu
Brasileiro de Jiu-Jitsu Sem Kimono 2015,Master3/Male/Blue/Light,1,AlexandreGuimarãesAltieri,SoulFightersBJJ
Brasileiro de Jiu-Jitsu Sem Kimono 2015,Master3/Male/Blue/Middle,1,RicardoMoreiraLadeira,SoulFightersBJJ
Brasileiro de Jiu-Jitsu Sem Kimono 2015,Master3/Male/Blue/Ultra-Heavy,1,SandroRosaCampos,GracieBarra
Brasileiro de Jiu-Jitsu Sem Kimono 2015,Master3/Male/Blue/OpenClass,1,RicardoMoreiraLadeira,SoulFightersBJJ
Brasileiro de Jiu-Jitsu Sem Kimono 2015,Master3/Male/Brown/Feather,1,AlexandroTeixeiraCaires,TopBrother
Brasileiro de Jiu-Jitsu Sem Kimono 2015,Master3/Male/Brown/Light,1,FabiodeSouzaDolorico,GFTeam
Brasileiro de Jiu-Jitsu Sem Kimono 2015,Master3/Male/Brown/Light,2,EvertonNavesSivierodoVale,PagelsJiu,Jitsu
Brasileiro de Jiu-Jitsu Sem Kimono 2015,Master3/Male/Brown/Light,3,AdirdaCunhaMendesJunior,InfightJiu,Jitsu
Brasileiro de Jiu-Jitsu Sem Kimono 2015,Master3/Male/Brown/Heavy,1,ViniciusFerreiradeMorais,GFTeam
Brasileiro de Jiu-Jitsu Sem Kimono 2015,Master3/Male/Brown/Ultra-Heavy,1,ArySergiodeSouzaBelloJunior,GFTeam
Brasileiro de Jiu-Jitsu Sem Kimono 2015,Master3/Male/Brown/OpenClass,1,ViniciusFerreiradeMorais,GFTeam
Brasileiro de Jiu-Jitsu Sem Kimono 2015,Master3/Male/Brown/OpenClass,2,ArySergiodeSouzaBelloJunior,GFTeam
Brasileiro de Jiu-Jitsu Sem Kimono 2015,Master3/Male/Brown/OpenClass,3,AlexandroTeixeiraCaires,TopBrother
Brasileiro de Jiu-Jitsu Sem Kimono 2015,Master3/Male/Black/Light-Feather,1,JoelsonSouzaVenancio,GracieBarra
Brasileiro de Jiu-Jitsu Sem Kimono 2015,Master3/Male/Black/Light-Feather,2,AlbertoYukioMano,EquipePeposoTeam
Brasileiro de Jiu-Jitsu Sem Kimono 2015,Master3/Male/Black/Feather,1,RicardoCaetanodaSilva,GracieBarra
Brasileiro de Jiu-Jitsu Sem Kimono 2015,Master3/Male/Black/Feather,2,SamuelSauldoNascimento,GracieBarra
Brasileiro de Jiu-Jitsu Sem Kimono 2015,Master3/Male/Black/Middle,1,AndréLuisMonroyUshirobira,EquipeRobsonMoura
Brasileiro de Jiu-Jitsu Sem Kimono 2015,Master3/Male/Black/Middle,2,MarceloPereiraDourado,GFTeam
Brasileiro de Jiu-Jitsu Sem Kimono 2015,Master3/Male/Black/Middle,3,WanderBragaCorrêadaCosta,BragaJiu,JitsuBrasil
Brasileiro de Jiu-Jitsu Sem Kimono 2015,Master3/Male/Black/Medium-Heavy,1,LuizHenriquedaSilva,GracieBarra
Brasileiro de Jiu-Jitsu Sem Kimono 2015,Master3/Male/Black/Medium-Heavy,2,RodrigoThiagodeSouza,Alliance
Brasileiro de Jiu-Jitsu Sem Kimono 2015,Master3/Male/Black/Medium-Heavy,3,MarcelodaSilvaMassafera,BrazilianTopTeam
Brasileiro de Jiu-Jitsu Sem Kimono 2015,Master3/Male/Black/Heavy,1,ViníciusJorgeDubugrasdoAmaral,GameFightBJJ/Manimal
Brasileiro de Jiu-Jitsu Sem Kimono 2015,Master3/Male/Black/Heavy,2,VicentePaulaCunhaBarros,GFTeam
Brasileiro de Jiu-Jitsu Sem Kimono 2015,Master3/Male/Black/Heavy,3,GiovanniReisCoutinhoPaniccia,GiovanniReisTeam
Brasileiro de Jiu-Jitsu Sem Kimono 2015,Master3/Male/Black/Super-Heavy,1,GuilhermedosSantosMelo,NovaUnião
Brasileiro de Jiu-Jitsu Sem Kimono 2015,Master3/Male/Black/Super-Heavy,2,LeonidasGondimBarbosaJunior,SchubertJiu,Jitsu
Brasileiro de Jiu-Jitsu Sem Kimono 2015,Master3/Male/Black/Ultra-Heavy,1,LuizNestorAlvesdaCosta,GFTeam
Brasileiro de Jiu-Jitsu Sem Kimono 2015,Master3/Male/Black/Ultra-Heavy,2,LenioFortunatodaSilvaFilho,TataTeamJJ
Brasileiro de Jiu-Jitsu Sem Kimono 2015,Master3/Male/Black/Ultra-Heavy,3,MarcoAntonioDib,BrazilianTopTeam
Brasileiro de Jiu-Jitsu Sem Kimono 2015,Master3/Male/Black/OpenClass,1,JohnsonRodriguesTeixeira,CheckMat
Brasileiro de Jiu-Jitsu Sem Kimono 2015,Master3/Male/Black/OpenClass,2,RicardoCaetanodaSilva,GracieBarra
Brasileiro de Jiu-Jitsu Sem Kimono 2015,Master3/Male/Black/OpenClass,3,WellingtonLuizXavier,NovaUnião
Brasileiro de Jiu-Jitsu Sem Kimono 2015,Master4/Male/Black/Light,1,AdimilsondaRosaBrites,RibeiroJiu,Jitsu
Brasileiro de Jiu-Jitsu Sem Kimono 2015,Master4/Male/Black/Light,2,MauriciodoNascimento,NovaUnião
Brasileiro de Jiu-Jitsu Sem Kimono 2015,Master4/Male/Black/Middle,1,CristovãoOliveiradaSilva,014RBJJ
Brasileiro de Jiu-Jitsu Sem Kimono 2015,Master4/Male/Black/Middle,2,LuisCarlosVelasco,SoulFightersBJJ
Brasileiro de Jiu-Jitsu Sem Kimono 2015,Master4/Male/Black/Heavy,1,HernandesPereiradaSilva,BARBOSAJIU,JITSU
Brasileiro de Jiu-Jitsu Sem Kimono 2015,Master4/Male/Black/Heavy,2,MarceloLuizdaSilva,GameFightBJJ/Manimal
Brasileiro de Jiu-Jitsu Sem Kimono 2015,Master4/Male/Black/Ultra-Heavy,1,JesseRodriguesdeAlmeidaNeto,AcademiaPitbull
Brasileiro de Jiu-Jitsu Sem Kimono 2015,Master4/Male/Black/OpenClass,1,AdimilsondaRosaBrites,RibeiroJiu,Jitsu
Brasileiro de Jiu-Jitsu Sem Kimono 2015,Master4/Male/Black/OpenClass,2,JesseRodriguesdeAlmeidaNeto,AcademiaPitbull
Brasileiro de Jiu-Jitsu Sem Kimono 2015,Master4/Male/Black/OpenClass,3,HernandesPereiradaSilva,BARBOSAJIU,JITSU
Brasileiro de Jiu-Jitsu Sem Kimono 2015,Master4/Male/Black/OpenClass,3,MauriciodoNascimento,NovaUnião
