British National IBJJF Jiu-Jitsu Championship 2018,Adult/Male/White/Rooster,1,Mark Joseph Hughes,CheckMat
British National IBJJF Jiu-Jitsu Championship 2018,Adult/Male/White/Rooster,2,Pablo Domenjo,Ribeiro Jiu-Jitsu
British National IBJJF Jiu-Jitsu Championship 2018,Adult/Male/White/Rooster,3,Akramul Haque,Arlans Siqueira Jiu-Jitsu
British National IBJJF Jiu-Jitsu Championship 2018,Adult/Male/White/Light-Feather,1,Antonio Sebastiàn Càrcamo Barrientos,Cohab Chile
British National IBJJF Jiu-Jitsu Championship 2018,Adult/Male/White/Light-Feather,2,Morgan Andrew Burley,Gracie Barra
British National IBJJF Jiu-Jitsu Championship 2018,Adult/Male/White/Light-Feather,3,Kyle Delaney,Combat Base UK
British National IBJJF Jiu-Jitsu Championship 2018,Adult/Male/White/Light-Feather,3,Peter Benedict Wall,Carlson Gracie Team
British National IBJJF Jiu-Jitsu Championship 2018,Adult/Male/White/Feather,1,Rui Carlos Raposo,CheckMat
British National IBJJF Jiu-Jitsu Championship 2018,Adult/Male/White/Feather,2,Jay Murphy,Gracie Barra
British National IBJJF Jiu-Jitsu Championship 2018,Adult/Male/White/Feather,3,Adam Colley Ruiz,Icon Jiu-Jitsu Team
British National IBJJF Jiu-Jitsu Championship 2018,Adult/Male/White/Feather,3,Tom Bierlein,Roger Gracie Academy
British National IBJJF Jiu-Jitsu Championship 2018,Adult/Male/White/Light,1,Catalin Zvunca,CheckMat
British National IBJJF Jiu-Jitsu Championship 2018,Adult/Male/White/Light,2,Josh Wellman,99 Nine Nine JJ - International
British National IBJJF Jiu-Jitsu Championship 2018,Adult/Male/White/Light,3,Charles Scherer,BJJ Globetrotters
British National IBJJF Jiu-Jitsu Championship 2018,Adult/Male/White/Light,3,Serik Shashdauletov,Roger Gracie Academy
British National IBJJF Jiu-Jitsu Championship 2018,Adult/Male/White/Middle,1,Michael Ian Atkinson,Rio Grappling Club Europe
British National IBJJF Jiu-Jitsu Championship 2018,Adult/Male/White/Middle,2,Harry Vardigans,Carlson Gracie Team
British National IBJJF Jiu-Jitsu Championship 2018,Adult/Male/White/Middle,3,Faisal Kayani,Qatar BJJ
British National IBJJF Jiu-Jitsu Championship 2018,Adult/Male/White/Middle,3,Nasser Alshawwa,Inglorious Grapplers
British National IBJJF Jiu-Jitsu Championship 2018,Adult/Male/White/Medium-Heavy,1,Stefano Tommasini,Inglorious Grapplers
British National IBJJF Jiu-Jitsu Championship 2018,Adult/Male/White/Medium-Heavy,2,Tomasz Czarnecki,Zenith BJJ - Poland
British National IBJJF Jiu-Jitsu Championship 2018,Adult/Male/White/Medium-Heavy,3,Henry Leopold Fraser,CheckMat
British National IBJJF Jiu-Jitsu Championship 2018,Adult/Male/White/Medium-Heavy,3,Nicholas Prendergast,BMB Norwich BJJ Team
British National IBJJF Jiu-Jitsu Championship 2018,Adult/Male/White/Heavy,1,Martin Juan Sturla,Inglorious Grapplers
British National IBJJF Jiu-Jitsu Championship 2018,Adult/Male/White/Heavy,2,Kajetan Abramczyk,ZR Team Association
British National IBJJF Jiu-Jitsu Championship 2018,Adult/Male/White/Heavy,3,Diego Ayala Zabala,Gracie Barra
British National IBJJF Jiu-Jitsu Championship 2018,Adult/Male/White/Ultra-Heavy,1,Claudiu Robert Crisu,Stronger BJJ
British National IBJJF Jiu-Jitsu Championship 2018,Adult/Male/White/Ultra-Heavy,2,Christopher Dennis Morris,Lucio Sergio BJJ Lifestyle
British National IBJJF Jiu-Jitsu Championship 2018,Adult/Male/White/Ultra-Heavy,3,Mustafa Adam Alp,Renzo Gracie International
British National IBJJF Jiu-Jitsu Championship 2018,Adult/Male/White/Ultra-Heavy,3,Peter Miller,Rick Young BJJ Academy
British National IBJJF Jiu-Jitsu Championship 2018,Adult/Male/Blue/Rooster,1,Sam Teague,CheckMat
British National IBJJF Jiu-Jitsu Championship 2018,Adult/Male/Blue/Rooster,2,John Pablo Valotto De Lima,CheckMat
British National IBJJF Jiu-Jitsu Championship 2018,Adult/Male/Blue/Rooster,3,Adam Wilson,Vitor Shaolin BJJ International
British National IBJJF Jiu-Jitsu Championship 2018,Adult/Male/Blue/Rooster,3,Mehdi Doceux,De La Riva Nantes
British National IBJJF Jiu-Jitsu Championship 2018,Adult/Male/Blue/Light-Feather,1,Reiss Bailey,New School BJJ
British National IBJJF Jiu-Jitsu Championship 2018,Adult/Male/Blue/Light-Feather,2,Josh O'Connor,Predators MMA
British National IBJJF Jiu-Jitsu Championship 2018,Adult/Male/Blue/Light-Feather,3,Jamie Dixon,Satori BJJ
British National IBJJF Jiu-Jitsu Championship 2018,Adult/Male/Blue/Light-Feather,3,Joseph Elie Dib,Gracie Barra
British National IBJJF Jiu-Jitsu Championship 2018,Adult/Male/Blue/Feather,1,Arnolds Podgaiskis,BJJ Academy LV - Pedro Sauer Team
British National IBJJF Jiu-Jitsu Championship 2018,Adult/Male/Blue/Feather,2,Shajed Uddin,Inglorious Grapplers
British National IBJJF Jiu-Jitsu Championship 2018,Adult/Male/Blue/Feather,3,Callum Rees Hanman,ZR Team International
British National IBJJF Jiu-Jitsu Championship 2018,Adult/Male/Blue/Feather,3,Felix Charles Travis Plunkett,Gracie Barra
British National IBJJF Jiu-Jitsu Championship 2018,Adult/Male/Blue/Light,1,Jorge Rodrigues,CheckMat
British National IBJJF Jiu-Jitsu Championship 2018,Adult/Male/Blue/Light,2,Vasco António Simões de Sousa Lobo,Fight Club
British National IBJJF Jiu-Jitsu Championship 2018,Adult/Male/Blue/Light,3,Abdallah Allam,CheckMat
British National IBJJF Jiu-Jitsu Championship 2018,Adult/Male/Blue/Light,3,Daniel James Evan Frank,Icon Jiu-Jitsu Team
British National IBJJF Jiu-Jitsu Championship 2018,Adult/Male/Blue/Middle,1,Francesco  Bartolotta,Checkmat Europa
British National IBJJF Jiu-Jitsu Championship 2018,Adult/Male/Blue/Middle,2,Luke Saldanha,Inglorious Grapplers
British National IBJJF Jiu-Jitsu Championship 2018,Adult/Male/Blue/Middle,3,Fahad Ali Almarri,GF Team
British National IBJJF Jiu-Jitsu Championship 2018,Adult/Male/Blue/Middle,3,Ventsislav Ventsislavov Sotirov,Zenith Bulgaria
British National IBJJF Jiu-Jitsu Championship 2018,Adult/Male/Blue/Medium-Heavy,1,Dan Wood,ECJJA
British National IBJJF Jiu-Jitsu Championship 2018,Adult/Male/Blue/Medium-Heavy,2,Bartosz Goclon,Stronger BJJ
British National IBJJF Jiu-Jitsu Championship 2018,Adult/Male/Blue/Medium-Heavy,3,Maarten Dennis E Wouters,Brasa / CTA / RT
British National IBJJF Jiu-Jitsu Championship 2018,Adult/Male/Blue/Medium-Heavy,3,Malick Elgmati,Inglorious Grapplers
British National IBJJF Jiu-Jitsu Championship 2018,Adult/Male/Blue/Heavy,1,Connor McLain,ECJJA
British National IBJJF Jiu-Jitsu Championship 2018,Adult/Male/Blue/Heavy,2,Nathan Roberts,Carlson Gracie Team
British National IBJJF Jiu-Jitsu Championship 2018,Adult/Male/Blue/Heavy,3,Mateusz Jan Urbanek,Factory BJJ UK
British National IBJJF Jiu-Jitsu Championship 2018,Adult/Male/Blue/Heavy,3,Zach Smart,Roger Gracie Academy
British National IBJJF Jiu-Jitsu Championship 2018,Adult/Male/Blue/Super-Heavy,1,Clive Nembhard,Mauricio Gomes Origin BJJ Team
British National IBJJF Jiu-Jitsu Championship 2018,Adult/Male/Blue/Super-Heavy,2,Helton Antonio,BMB Norwich BJJ Team
British National IBJJF Jiu-Jitsu Championship 2018,Adult/Male/Blue/Ultra-Heavy,1,Vinicius Dos Santos Izidoro,Rilion Gracie
British National IBJJF Jiu-Jitsu Championship 2018,Adult/Male/Blue/Ultra-Heavy,2,Thomas Reynolds,Mill Hill BJJ
British National IBJJF Jiu-Jitsu Championship 2018,Adult/Male/Blue/Ultra-Heavy,3,Shaun Micheal Dougherty,Gracie Barra
British National IBJJF Jiu-Jitsu Championship 2018,Adult/Male/Blue/OpenClass,1,Jorge Rodrigues,CheckMat
British National IBJJF Jiu-Jitsu Championship 2018,Adult/Male/Blue/OpenClass,2,Helton Antonio,BMB Norwich BJJ Team
British National IBJJF Jiu-Jitsu Championship 2018,Adult/Male/Blue/OpenClass,3,Luke Saldanha,Inglorious Grapplers
British National IBJJF Jiu-Jitsu Championship 2018,Adult/Male/Blue/OpenClass,3,Vinicius Dos Santos Izidoro,Rilion Gracie
British National IBJJF Jiu-Jitsu Championship 2018,Adult/Male/Purple/Feather,1,Romao Pereira De Carvalho,CheckMat
British National IBJJF Jiu-Jitsu Championship 2018,Adult/Male/Purple/Feather,2,Dean  Elliott,GF Team
British National IBJJF Jiu-Jitsu Championship 2018,Adult/Male/Purple/Feather,3,Hoi Ken Ng,Gracie Barra
British National IBJJF Jiu-Jitsu Championship 2018,Adult/Male/Purple/Feather,3,John Woodman,CSA
British National IBJJF Jiu-Jitsu Championship 2018,Adult/Male/Purple/Light,1,Jack Velleneve Reinaldo de Souza,Carlos Holanda Brazilian Jiu-Jitsu
British National IBJJF Jiu-Jitsu Championship 2018,Adult/Male/Purple/Light,2,Yannick Leite Krahenbuhl,CheckMat
British National IBJJF Jiu-Jitsu Championship 2018,Adult/Male/Purple/Light,3,Irland Vitor Nascimento Brandão Santos,Team Yuri Carlton
British National IBJJF Jiu-Jitsu Championship 2018,Adult/Male/Purple/Light,3,Manuel Yusta Zato,Inglorious Grapplers
British National IBJJF Jiu-Jitsu Championship 2018,Adult/Male/Purple/Middle,1,Christopher Kit Wilson,Equilibrium Mixed Martial Arts
British National IBJJF Jiu-Jitsu Championship 2018,Adult/Male/Purple/Middle,2,Davinder Cheema,Inglorious Grapplers
British National IBJJF Jiu-Jitsu Championship 2018,Adult/Male/Purple/Middle,3,Iuri Lucius Lima De Jesus,Gracie Barra
British National IBJJF Jiu-Jitsu Championship 2018,Adult/Male/Purple/Middle,3,Thomas Magnitis,Carlson Gracie Team
British National IBJJF Jiu-Jitsu Championship 2018,Adult/Male/Purple/Medium-Heavy,1,Harry Loseby,Carlson Gracie Team
British National IBJJF Jiu-Jitsu Championship 2018,Adult/Male/Purple/Medium-Heavy,2,Konstantin Emilov Mavrodiev,Zentih BJJ - Greece
British National IBJJF Jiu-Jitsu Championship 2018,Adult/Male/Purple/Medium-Heavy,3,Bartosz Paweł Lewandowski,Roger Gracie Academy
British National IBJJF Jiu-Jitsu Championship 2018,Adult/Male/Purple/Medium-Heavy,3,Markus Ganzmann,Akxe BJJ Germany
British National IBJJF Jiu-Jitsu Championship 2018,Adult/Male/Purple/Heavy,1,Akeem Khan,Inglorious Grapplers
British National IBJJF Jiu-Jitsu Championship 2018,Adult/Male/Purple/Heavy,2,Maarten Bauwens,CheckMat
British National IBJJF Jiu-Jitsu Championship 2018,Adult/Male/Purple/Heavy,3,Alex Smith,Roger Gracie Academy
British National IBJJF Jiu-Jitsu Championship 2018,Adult/Male/Purple/Super-Heavy,1,Lewis Thorne,CheckMat
British National IBJJF Jiu-Jitsu Championship 2018,Adult/Male/Purple/Super-Heavy,2,john sheridan,Satori BJJ
British National IBJJF Jiu-Jitsu Championship 2018,Adult/Male/Purple/OpenClass,1,Iuri Lucius Lima De Jesus,Gracie Barra
British National IBJJF Jiu-Jitsu Championship 2018,Adult/Male/Purple/OpenClass,2,Romao Pereira De Carvalho,CheckMat
British National IBJJF Jiu-Jitsu Championship 2018,Adult/Male/Purple/OpenClass,3,Harry Loseby,Carlson Gracie Team
British National IBJJF Jiu-Jitsu Championship 2018,Adult/Male/Purple/OpenClass,3,Maarten Bauwens,CheckMat
British National IBJJF Jiu-Jitsu Championship 2018,Adult/Male/Brown/Feather,1,Francisco Jonas Borges Andrade,PSLPB Cicero Costha
British National IBJJF Jiu-Jitsu Championship 2018,Adult/Male/Brown/Feather,2,David J Prescott,Lucio Sergio BJJ Lifestyle
British National IBJJF Jiu-Jitsu Championship 2018,Adult/Male/Brown/Feather,3,Allan Augusto Gadelha,Infight JJ
British National IBJJF Jiu-Jitsu Championship 2018,Adult/Male/Brown/Light,1,Eric de La Sablière,GF Team
British National IBJJF Jiu-Jitsu Championship 2018,Adult/Male/Brown/Light,2,James Keay,CheckMat
British National IBJJF Jiu-Jitsu Championship 2018,Adult/Male/Brown/Light,3,Bruno Alavarce,Mascaranhas Team
British National IBJJF Jiu-Jitsu Championship 2018,Adult/Male/Brown/Light,3,Tyrone Connor Jepson-Elliott,Mauricio Gomes Origin BJJ Team
British National IBJJF Jiu-Jitsu Championship 2018,Adult/Male/Brown/Middle,1,Sam Michael Crook,CheckMat
British National IBJJF Jiu-Jitsu Championship 2018,Adult/Male/Brown/Middle,2,Clay Mayfield,Team Royce Gracie
British National IBJJF Jiu-Jitsu Championship 2018,Adult/Male/Brown/Middle,3,Jack Douglas Cronin,ZR Team Association
British National IBJJF Jiu-Jitsu Championship 2018,Adult/Male/Brown/Middle,3,Luke Holness,Carlson Gracie Team
British National IBJJF Jiu-Jitsu Championship 2018,Adult/Male/Brown/Medium-Heavy,1,Jack Edward Burrell,Mill Hill BJJ
British National IBJJF Jiu-Jitsu Championship 2018,Adult/Male/Brown/Medium-Heavy,2,Stefan Uittenboogaard,Gracie Barra
British National IBJJF Jiu-Jitsu Championship 2018,Adult/Male/Brown/Medium-Heavy,3,Luke Chamberlain,Roger Gracie Academy
British National IBJJF Jiu-Jitsu Championship 2018,Adult/Male/Brown/Medium-Heavy,3,Triston James,Carlson Gracie Team
British National IBJJF Jiu-Jitsu Championship 2018,Adult/Male/Brown/Super-Heavy,1,Dominique L. Bell,Atos Jiu-Jitsu
British National IBJJF Jiu-Jitsu Championship 2018,Adult/Male/Brown/Super-Heavy,2,Frederic Vosgröne,Carlson Gracie Team
British National IBJJF Jiu-Jitsu Championship 2018,Adult/Male/Brown/Super-Heavy,3,Max Bickerton,Inglorious Grapplers
British National IBJJF Jiu-Jitsu Championship 2018,Adult/Male/Brown/Super-Heavy,3,Soroush Kiyan,Inglorious Grapplers
British National IBJJF Jiu-Jitsu Championship 2018,Adult/Male/Brown/Ultra-Heavy,1,Sebastian Black,CheckMat
British National IBJJF Jiu-Jitsu Championship 2018,Adult/Male/Brown/OpenClass,1,Dominique L. Bell,Atos Jiu-Jitsu
British National IBJJF Jiu-Jitsu Championship 2018,Adult/Male/Brown/OpenClass,2,Francisco Jonas Borges Andrade,PSLPB Cicero Costha
British National IBJJF Jiu-Jitsu Championship 2018,Adult/Male/Brown/OpenClass,3,Frederic Vosgröne,Carlson Gracie Team
British National IBJJF Jiu-Jitsu Championship 2018,Adult/Male/Brown/OpenClass,3,Sebastian Black,CheckMat
British National IBJJF Jiu-Jitsu Championship 2018,Adult/Male/Black/Light-Feather,1,Kazuhiro Miyachi,Carpe Diem Hope
British National IBJJF Jiu-Jitsu Championship 2018,Adult/Male/Black/Feather,1,Lee Renaut,Carlson Gracie Team
British National IBJJF Jiu-Jitsu Championship 2018,Adult/Male/Black/Feather,2,Robert Galluccio,Gracie Barra
British National IBJJF Jiu-Jitsu Championship 2018,Adult/Male/Black/Feather,3,Adam Adshead,Factory BJJ UK
British National IBJJF Jiu-Jitsu Championship 2018,Adult/Male/Black/Feather,3,Baruc Martin Barrios,BMB Norwich BJJ Team
British National IBJJF Jiu-Jitsu Championship 2018,Adult/Male/Black/Light,1,Rafael de Oliveira Colonhese,CheckMat
British National IBJJF Jiu-Jitsu Championship 2018,Adult/Male/Black/Light,2,azzedine TAJ,Cicero Costha France
British National IBJJF Jiu-Jitsu Championship 2018,Adult/Male/Black/Middle,1,Pedro Henrique Weiss Bessa,99 Nine Nine JJ - International
British National IBJJF Jiu-Jitsu Championship 2018,Adult/Male/Black/Middle,2,Andreas Achniotis Perales,Renzo Gracie International
British National IBJJF Jiu-Jitsu Championship 2018,Adult/Male/Black/Middle,3,Ramon Gomez,Gracie Barcelona
British National IBJJF Jiu-Jitsu Championship 2018,Adult/Male/Black/Middle,3,Sean Mcdonagh,Gracie Barra
British National IBJJF Jiu-Jitsu Championship 2018,Adult/Male/Black/Heavy,1,Frederico Pinto Cesar de Almeida,Otávio de Almeida
British National IBJJF Jiu-Jitsu Championship 2018,Adult/Male/Black/Heavy,2,Juliano Silva Rocha,Atos Jiu-Jitsu
British National IBJJF Jiu-Jitsu Championship 2018,Adult/Male/Black/Ultra-Heavy,1,Ruben Araújo Fonseca,Netto Brazilian Jiu-Jitsu
British National IBJJF Jiu-Jitsu Championship 2018,Adult/Male/Black/Ultra-Heavy,2,Felipe Augusto Mussolino Tincani Paula,CheckMat
British National IBJJF Jiu-Jitsu Championship 2018,Adult/Male/Black/Ultra-Heavy,3,Martin Johannes Gobel,GCP Godzilla Competition Project
British National IBJJF Jiu-Jitsu Championship 2018,Adult/Male/Black/OpenClass,1,Frederico Pinto Cesar de Almeida,Otávio de Almeida
British National IBJJF Jiu-Jitsu Championship 2018,Adult/Male/Black/OpenClass,2,Rafael de Oliveira Colonhese,CheckMat
British National IBJJF Jiu-Jitsu Championship 2018,Adult/Male/Black/OpenClass,3,azzedine TAJ,Cicero Costha France
British National IBJJF Jiu-Jitsu Championship 2018,Adult/Male/Black/OpenClass,3,Lee Renaut,Carlson Gracie Team
British National IBJJF Jiu-Jitsu Championship 2018,Adult/Female/White/Light-Feather,1,Anne Alessandro,Roger Gracie Academy
British National IBJJF Jiu-Jitsu Championship 2018,Adult/Female/White/Light-Feather,2,Sam SAN,BJJ Globetrotters
British National IBJJF Jiu-Jitsu Championship 2018,Adult/Female/White/Feather,1,Francesca Lana,CheckMat
British National IBJJF Jiu-Jitsu Championship 2018,Adult/Female/White/Feather,2,Marie Elsie Urbatro,Gracie Reunion
British National IBJJF Jiu-Jitsu Championship 2018,Adult/Female/White/Feather,3,Aliki Warden,Gracie Barra
British National IBJJF Jiu-Jitsu Championship 2018,Adult/Female/White/Light,1,Francesca Visca,Warriors Factory Haubert Team BJJ
British National IBJJF Jiu-Jitsu Championship 2018,Adult/Female/White/Light,2,Natalie Kim Hyman,CFS BJJ
British National IBJJF Jiu-Jitsu Championship 2018,Adult/Female/White/Light,3,Elyssa Kill,Stronger BJJ
British National IBJJF Jiu-Jitsu Championship 2018,Adult/Female/White/Light,3,Sabrina Bondaz,Icon Jiu-Jitsu Team
British National IBJJF Jiu-Jitsu Championship 2018,Adult/Female/White/Middle,1,Summer Onley,Gracie Barra
British National IBJJF Jiu-Jitsu Championship 2018,Adult/Female/White/Middle,2,Valentina Kusnirova,Predators MMA
British National IBJJF Jiu-Jitsu Championship 2018,Adult/Female/White/Middle,3,Anna Marie Da Costa,ZR Team Association
British National IBJJF Jiu-Jitsu Championship 2018,Adult/Female/White/Middle,3,Lynne Victoria Crook,CFS BJJ
British National IBJJF Jiu-Jitsu Championship 2018,Adult/Female/White/Medium-Heavy,1,Aline Aronsky,Inglorious Grapplers
British National IBJJF Jiu-Jitsu Championship 2018,Adult/Female/White/Medium-Heavy,2,Tanya Wright,Roger Gracie Academy
British National IBJJF Jiu-Jitsu Championship 2018,Adult/Female/White/Medium-Heavy,3,Beata Kinga Balla,BMB Norwich BJJ Team
British National IBJJF Jiu-Jitsu Championship 2018,Adult/Female/White/Heavy,1,Lisa Susan Zimmo,CheckMat
British National IBJJF Jiu-Jitsu Championship 2018,Adult/Female/White/Heavy,2,Juliana Loewenthal,Gracie Barra
British National IBJJF Jiu-Jitsu Championship 2018,Adult/Female/Blue/Light-Feather,1,Leah Budd,ECJJA
British National IBJJF Jiu-Jitsu Championship 2018,Adult/Female/Blue/Light-Feather,2,Barbara  Zanchi Bazzan Barros,Academia Marangoni
British National IBJJF Jiu-Jitsu Championship 2018,Adult/Female/Blue/Feather,1,Magda Krzyszczak,CheckMat
British National IBJJF Jiu-Jitsu Championship 2018,Adult/Female/Blue/Feather,2,Kimberley Gillon,Gracie Barra
British National IBJJF Jiu-Jitsu Championship 2018,Adult/Female/Blue/Light,1,Jennifer Anne Killeen,Rio Grappling Club Europe
British National IBJJF Jiu-Jitsu Championship 2018,Adult/Female/Blue/Light,2,Poppy Rowena Young,Wave BJJ
British National IBJJF Jiu-Jitsu Championship 2018,Adult/Female/Blue/Light,3,Fiona Toh,Evolve MMA
British National IBJJF Jiu-Jitsu Championship 2018,Adult/Female/Blue/Light,3,Jenny Atkin,Gracie Barra
British National IBJJF Jiu-Jitsu Championship 2018,Adult/Female/Blue/Middle,1,Sula-Mae Barbara Loewenthal,Gracie Barra
British National IBJJF Jiu-Jitsu Championship 2018,Adult/Female/Blue/Middle,2,Emily Catherine Eyles,99 Nine Nine JJ - International
British National IBJJF Jiu-Jitsu Championship 2018,Adult/Female/Blue/Middle,3,Cherisse Davis,Icon Jiu-Jitsu Team
British National IBJJF Jiu-Jitsu Championship 2018,Adult/Female/Blue/Middle,3,Doria Mjahid,Gracie Barra
British National IBJJF Jiu-Jitsu Championship 2018,Adult/Female/Blue/Heavy,1,Ana Erceg,Australian Elite Team
British National IBJJF Jiu-Jitsu Championship 2018,Adult/Female/Blue/Heavy,2,Lauren Jo,Andy Roberts BJJ
British National IBJJF Jiu-Jitsu Championship 2018,Adult/Female/Blue/Heavy,3,Moa Brink,Roger Gracie Academy
British National IBJJF Jiu-Jitsu Championship 2018,Adult/Female/Blue/Heavy,3,Sarah Severn,CheckMat
British National IBJJF Jiu-Jitsu Championship 2018,Adult/Female/Blue/Super-Heavy,1,Carmen Zavala,Carlson Gracie Team
British National IBJJF Jiu-Jitsu Championship 2018,Adult/Female/Blue/OpenClass,1,Jennifer Anne Killeen,Rio Grappling Club Europe
British National IBJJF Jiu-Jitsu Championship 2018,Adult/Female/Blue/OpenClass,2,Ana Erceg,Australian Elite Team
British National IBJJF Jiu-Jitsu Championship 2018,Adult/Female/Blue/OpenClass,3,Fiona Toh,Evolve MMA
British National IBJJF Jiu-Jitsu Championship 2018,Adult/Female/Blue/OpenClass,3,Sula-Mae Barbara Loewenthal,Gracie Barra
British National IBJJF Jiu-Jitsu Championship 2018,Adult/Female/Purple/Light-Feather,1,Linn Jenny Maria Hansson,99 Nine Nine JJ - International
British National IBJJF Jiu-Jitsu Championship 2018,Adult/Female/Purple/Light-Feather,2,Rebecca Gu,CheckMat
British National IBJJF Jiu-Jitsu Championship 2018,Adult/Female/Purple/Light-Feather,3,Fransisca Nelson,CFS BJJ
British National IBJJF Jiu-Jitsu Championship 2018,Adult/Female/Purple/Light-Feather,3,Ji Hee Kang,Paraestra Korea
British National IBJJF Jiu-Jitsu Championship 2018,Adult/Female/Purple/Feather,1,Heather Morgan,Atos Jiu-Jitsu
British National IBJJF Jiu-Jitsu Championship 2018,Adult/Female/Purple/Feather,2,Florence Belle Soliman,CheckMat
British National IBJJF Jiu-Jitsu Championship 2018,Adult/Female/Purple/Feather,3,Ashley Louise Bendle,Gracie Barra
British National IBJJF Jiu-Jitsu Championship 2018,Adult/Female/Purple/Feather,3,Marina Mavrou,Carlson Gracie Team
British National IBJJF Jiu-Jitsu Championship 2018,Adult/Female/Purple/Light,1,Corentine Claire Cecile Marie Driancourt,GF Team
British National IBJJF Jiu-Jitsu Championship 2018,Adult/Female/Purple/Light,2,Helen Harper,Inglorious Grapplers
British National IBJJF Jiu-Jitsu Championship 2018,Adult/Female/Purple/Light,3,Norma Jansson,Hilti Fightcenter Uppsala
British National IBJJF Jiu-Jitsu Championship 2018,Adult/Female/Purple/OpenClass,1,Helen Harper,Inglorious Grapplers
British National IBJJF Jiu-Jitsu Championship 2018,Adult/Female/Purple/OpenClass,2,Marina Mavrou,Carlson Gracie Team
British National IBJJF Jiu-Jitsu Championship 2018,Adult/Female/Purple/OpenClass,3,Corentine Claire Cecile Marie Driancourt,GF Team
British National IBJJF Jiu-Jitsu Championship 2018,Adult/Female/Purple/OpenClass,3,Linn Jenny Maria Hansson,99 Nine Nine JJ - International
British National IBJJF Jiu-Jitsu Championship 2018,Adult/Female/Brown/Light,1,Laura Misk Miller,Get Fight
British National IBJJF Jiu-Jitsu Championship 2018,Adult/Female/Brown/OpenClass,1,Laura Misk Miller,Get Fight
British National IBJJF Jiu-Jitsu Championship 2018,Adult/Female/Black/Rooster,1,Natalia Carriello,Gracie Barra
British National IBJJF Jiu-Jitsu Championship 2018,Adult/Female/Black/Feather,1,Chelsea Leah Bainbridge-Donner,Atos Jiu-Jitsu
British National IBJJF Jiu-Jitsu Championship 2018,Adult/Female/Black/Medium-Heavy,1,Monique Ricardo Carvalho,CheckMat
British National IBJJF Jiu-Jitsu Championship 2018,Adult/Female/Black/Heavy,1,Claudia Fernanda Onofre Valim Doval,De La Riva JJ
British National IBJJF Jiu-Jitsu Championship 2018,Adult/Female/Black/OpenClass,1,Claudia Fernanda Onofre Valim Doval,De La Riva JJ
British National IBJJF Jiu-Jitsu Championship 2018,Adult/Female/Black/OpenClass,2,Monique Ricardo Carvalho,CheckMat
British National IBJJF Jiu-Jitsu Championship 2018,Adult/Female/Black/OpenClass,3,Chelsea Leah Bainbridge-Donner,Atos Jiu-Jitsu
British National IBJJF Jiu-Jitsu Championship 2018,Adult/Female/Black/OpenClass,3,Natalia Carriello,Gracie Barra
British National IBJJF Jiu-Jitsu Championship 2018,Master1/Male/White/Light,1,Matteo Tortorella,CheckMat
British National IBJJF Jiu-Jitsu Championship 2018,Master1/Male/White/Light,2,Peter Hogan,Jiu-Jitsu Brotherhood
British National IBJJF Jiu-Jitsu Championship 2018,Master1/Male/White/Light,3,Arnold Musisi,Inglorious Grapplers
British National IBJJF Jiu-Jitsu Championship 2018,Master1/Male/White/Middle,1,Artsiom Dzeviatnik,Stronger BJJ
British National IBJJF Jiu-Jitsu Championship 2018,Master1/Male/White/Middle,2,Rupert Pascal Radoni Drew,CheckMat
British National IBJJF Jiu-Jitsu Championship 2018,Master1/Male/White/Middle,3,John Canavan,Combat Base UK
British National IBJJF Jiu-Jitsu Championship 2018,Master1/Male/White/Middle,3,Josh Ryan,Carlson Gracie Team
British National IBJJF Jiu-Jitsu Championship 2018,Master1/Male/White/Medium-Heavy,1,Lettieri Julien,Icon Jiu-Jitsu Team
British National IBJJF Jiu-Jitsu Championship 2018,Master1/Male/White/Medium-Heavy,2,Jonathan Liron,CheckMat
British National IBJJF Jiu-Jitsu Championship 2018,Master1/Male/White/Medium-Heavy,3,Belkacem Bencherif,De La Riva Nantes
British National IBJJF Jiu-Jitsu Championship 2018,Master1/Male/White/Medium-Heavy,3,Dijedon Imeri,ZR Team Association
British National IBJJF Jiu-Jitsu Championship 2018,Master1/Male/White/Heavy,1,Chris Grimwood,CheckMat
British National IBJJF Jiu-Jitsu Championship 2018,Master1/Male/White/Heavy,2,Xuan Meng,Gracie Barra
British National IBJJF Jiu-Jitsu Championship 2018,Master1/Male/White/Super-Heavy,1,Noel Cafferty,Roger Gracie Academy
British National IBJJF Jiu-Jitsu Championship 2018,Master1/Male/Blue/Feather,1,Albert CHENG,Cicero Costha France
British National IBJJF Jiu-Jitsu Championship 2018,Master1/Male/Blue/Feather,2,Evgenijs Volkovs,Roger Gracie Academy
British National IBJJF Jiu-Jitsu Championship 2018,Master1/Male/Blue/Feather,3,Ahileas Bolovan,De Souza Dojo
British National IBJJF Jiu-Jitsu Championship 2018,Master1/Male/Blue/Light,1,Fabian Biedermann,Gracie Barra
British National IBJJF Jiu-Jitsu Championship 2018,Master1/Male/Blue/Light,2,Tobiasz Seifert,Carlson Gracie Team
British National IBJJF Jiu-Jitsu Championship 2018,Master1/Male/Blue/Light,3,Dipen Desai,ZR Team Association
British National IBJJF Jiu-Jitsu Championship 2018,Master1/Male/Blue/Light,3,Gary Davies,Roger Gracie Academy
British National IBJJF Jiu-Jitsu Championship 2018,Master1/Male/Blue/Middle,1,Bernardo De Oliveira,Frontline Academy
British National IBJJF Jiu-Jitsu Championship 2018,Master1/Male/Blue/Middle,2,Marius Ioan Cordas,Icon Jiu-Jitsu Team
British National IBJJF Jiu-Jitsu Championship 2018,Master1/Male/Blue/Middle,3,Dean Steele,Roger Gracie Academy
British National IBJJF Jiu-Jitsu Championship 2018,Master1/Male/Blue/Middle,3,Joseph Stephen Scott,Roger Gracie Academy
British National IBJJF Jiu-Jitsu Championship 2018,Master1/Male/Blue/Medium-Heavy,1,Seye Bolade,Carlson Gracie Team
British National IBJJF Jiu-Jitsu Championship 2018,Master1/Male/Blue/Medium-Heavy,2,Aaron Siwoku,Atos JJ International
British National IBJJF Jiu-Jitsu Championship 2018,Master1/Male/Blue/Medium-Heavy,3,Luis McCarthy,Stealth BJJ
British National IBJJF Jiu-Jitsu Championship 2018,Master1/Male/Blue/Medium-Heavy,3,Patrick James McGrath,SBG Swords
British National IBJJF Jiu-Jitsu Championship 2018,Master1/Male/Blue/Heavy,1,Patrick Jalloh,CheckMat
British National IBJJF Jiu-Jitsu Championship 2018,Master1/Male/Blue/Heavy,2,Alec Gayson,Royal Marines BJJ Association
British National IBJJF Jiu-Jitsu Championship 2018,Master1/Male/Blue/Heavy,3,Daniel Aurelia Bunea,Carlson Gracie Team
British National IBJJF Jiu-Jitsu Championship 2018,Master1/Male/Blue/Heavy,3,Thyago Augusto Lopes,BJJ Brito Jiu-Jitsu
British National IBJJF Jiu-Jitsu Championship 2018,Master1/Male/Blue/Super-Heavy,1,Jon James Bumstead,CheckMat
British National IBJJF Jiu-Jitsu Championship 2018,Master1/Male/Blue/Super-Heavy,2,Dale Jones,99 Nine Nine JJ - International
British National IBJJF Jiu-Jitsu Championship 2018,Master1/Male/Blue/Ultra-Heavy,1,Jon Philpott,Carlson Gracie Team
British National IBJJF Jiu-Jitsu Championship 2018,Master1/Male/Blue/Ultra-Heavy,2,Joseph Truscott,CheckMat
British National IBJJF Jiu-Jitsu Championship 2018,Master1/Male/Blue/OpenClass,1,Bernardo De Oliveira,Frontline Academy
British National IBJJF Jiu-Jitsu Championship 2018,Master1/Male/Blue/OpenClass,2,Thyago Augusto Lopes,BJJ Brito Jiu-Jitsu
British National IBJJF Jiu-Jitsu Championship 2018,Master1/Male/Blue/OpenClass,3,Ahileas Bolovan,De Souza Dojo
British National IBJJF Jiu-Jitsu Championship 2018,Master1/Male/Blue/OpenClass,3,Daniel Aurelia Bunea,Carlson Gracie Team
British National IBJJF Jiu-Jitsu Championship 2018,Master1/Male/Purple/Light-Feather,1,Neil Duffy,Rio Grappling Club Europe
British National IBJJF Jiu-Jitsu Championship 2018,Master1/Male/Purple/Light-Feather,2,Oliver Lee,New School BJJ
British National IBJJF Jiu-Jitsu Championship 2018,Master1/Male/Purple/Feather,1,Giles Garcia,MNBJJ
British National IBJJF Jiu-Jitsu Championship 2018,Master1/Male/Purple/Feather,2,Irisney Cezario Barbosa De Lima,Black Helmet Ireland
British National IBJJF Jiu-Jitsu Championship 2018,Master1/Male/Purple/Feather,3,Javier Antonio Smith,Mauro Sergio BJJ
British National IBJJF Jiu-Jitsu Championship 2018,Master1/Male/Purple/Feather,3,Jorge Eduardo Calretas Machado Dias,Lucio Sergio BJJ Lifestyle
British National IBJJF Jiu-Jitsu Championship 2018,Master1/Male/Purple/Light,1,Christopher Newman,CheckMat
British National IBJJF Jiu-Jitsu Championship 2018,Master1/Male/Purple/Light,2,Bartlomiej Somiak,Roger Gracie Academy
British National IBJJF Jiu-Jitsu Championship 2018,Master1/Male/Purple/Light,3,Tariq Al-Naif,Roger Gracie Academy
British National IBJJF Jiu-Jitsu Championship 2018,Master1/Male/Purple/Middle,1,Christopher Geoffrey Rushmer,Carlson Gracie Team
British National IBJJF Jiu-Jitsu Championship 2018,Master1/Male/Purple/Middle,2,paul Woothipoom,Inglorious Grapplers
British National IBJJF Jiu-Jitsu Championship 2018,Master1/Male/Purple/Middle,3,Christopher Prince,Mill Hill BJJ
British National IBJJF Jiu-Jitsu Championship 2018,Master1/Male/Purple/Middle,3,Jonathan Lippiatt,Phuket Top Team - MMA Training Camp Thailand
British National IBJJF Jiu-Jitsu Championship 2018,Master1/Male/Purple/Medium-Heavy,1,Dainis Barkans,BJJ Academy LV - Pedro Sauer Team
British National IBJJF Jiu-Jitsu Championship 2018,Master1/Male/Purple/Medium-Heavy,2,Nathan Jones,Inglorious Grapplers
British National IBJJF Jiu-Jitsu Championship 2018,Master1/Male/Purple/Medium-Heavy,3,Thomas Showler,99 Nine Nine JJ - International
British National IBJJF Jiu-Jitsu Championship 2018,Master1/Male/Purple/Medium-Heavy,3,Tom Steven Aylott,ZR Team Association
British National IBJJF Jiu-Jitsu Championship 2018,Master1/Male/Purple/Heavy,1,Marcos Macedo,Stronger BJJ
British National IBJJF Jiu-Jitsu Championship 2018,Master1/Male/Purple/Heavy,2,Luciano Araujo Junior,Carlson Gracie Team
British National IBJJF Jiu-Jitsu Championship 2018,Master1/Male/Purple/Heavy,3,Cormac Chesser,BJJ Revolution Team - International
British National IBJJF Jiu-Jitsu Championship 2018,Master1/Male/Purple/Heavy,3,Ilja Uljanov,Roger Gracie Academy
British National IBJJF Jiu-Jitsu Championship 2018,Master1/Male/Purple/OpenClass,1,Dainis Barkans,BJJ Academy LV - Pedro Sauer Team
British National IBJJF Jiu-Jitsu Championship 2018,Master1/Male/Purple/OpenClass,2,Christopher Newman,CheckMat
British National IBJJF Jiu-Jitsu Championship 2018,Master1/Male/Purple/OpenClass,3,Jonathan Lippiatt,Phuket Top Team - MMA Training Camp Thailand
British National IBJJF Jiu-Jitsu Championship 2018,Master1/Male/Purple/OpenClass,3,Tom Steven Aylott,ZR Team Association
British National IBJJF Jiu-Jitsu Championship 2018,Master1/Male/Brown/Light-Feather,1,Alex dos Santos Souza,Sheknah Team
British National IBJJF Jiu-Jitsu Championship 2018,Master1/Male/Brown/Feather,1,Jordan Galaugher,Alliance
British National IBJJF Jiu-Jitsu Championship 2018,Master1/Male/Brown/Feather,2,Harman Singh Bhamra,CheckMat
British National IBJJF Jiu-Jitsu Championship 2018,Master1/Male/Brown/Feather,3,Carl Edward Hutchinson,Lucio Sergio BJJ Lifestyle
British National IBJJF Jiu-Jitsu Championship 2018,Master1/Male/Brown/Feather,3,Enrique Jingco,CheckMat
British National IBJJF Jiu-Jitsu Championship 2018,Master1/Male/Brown/Middle,1,Daniel Quinones,BJJ Globetrotters
British National IBJJF Jiu-Jitsu Championship 2018,Master1/Male/Brown/Middle,2,Daniel langford,Carlson Gracie Team
British National IBJJF Jiu-Jitsu Championship 2018,Master1/Male/Brown/Middle,3,Omid Alimohammadi,CheckMat
British National IBJJF Jiu-Jitsu Championship 2018,Master1/Male/Brown/Super-Heavy,1,Bronislav Stríž,Gold Team Fighters
British National IBJJF Jiu-Jitsu Championship 2018,Master1/Male/Brown/Super-Heavy,2,Alex Bristow,RJJC Europe
British National IBJJF Jiu-Jitsu Championship 2018,Master1/Male/Brown/Super-Heavy,3,Tyrone Derick,Vitor Shaolin BJJ International
British National IBJJF Jiu-Jitsu Championship 2018,Master1/Male/Brown/Ultra-Heavy,1,Sadik Caglar Yazman,Carlson Gracie Team
British National IBJJF Jiu-Jitsu Championship 2018,Master1/Male/Brown/OpenClass,1,Bronislav Stríž,Gold Team Fighters
British National IBJJF Jiu-Jitsu Championship 2018,Master1/Male/Brown/OpenClass,2,Harman Singh Bhamra,CheckMat
British National IBJJF Jiu-Jitsu Championship 2018,Master1/Male/Brown/OpenClass,3,Daniel langford,Carlson Gracie Team
British National IBJJF Jiu-Jitsu Championship 2018,Master1/Male/Brown/OpenClass,3,Sadik Caglar Yazman,Carlson Gracie Team
British National IBJJF Jiu-Jitsu Championship 2018,Master1/Male/Black/Light,1,Paulo Roberto dos Santos Peixoto,Roger Gracie Academy
British National IBJJF Jiu-Jitsu Championship 2018,Master1/Male/Black/Light,2,Andre Ramos Zavatini Koizumi,99 Nine Nine JJ - International
British National IBJJF Jiu-Jitsu Championship 2018,Master1/Male/Black/Middle,1,Fabrício Ribeiro de Novaes,Carlson Gracie Team
British National IBJJF Jiu-Jitsu Championship 2018,Master1/Male/Black/Middle,2,Adolfo Fabricio Barreto Martins Júnior,Nova União
British National IBJJF Jiu-Jitsu Championship 2018,Master1/Male/Black/Middle,3,Adam Watts,GF Team
British National IBJJF Jiu-Jitsu Championship 2018,Master1/Male/Black/Middle,3,Rory McDowell,99 Nine Nine JJ - International
British National IBJJF Jiu-Jitsu Championship 2018,Master1/Male/Black/Medium-Heavy,1,Pedro Garcia Santisteban,GF Team
British National IBJJF Jiu-Jitsu Championship 2018,Master1/Male/Black/Medium-Heavy,2,Ricardo de Souza Araquam,Alliance
British National IBJJF Jiu-Jitsu Championship 2018,Master1/Male/Black/Super-Heavy,1,Vladimiro Miguel G.V.S. Afonso,Brazilian Power Team International
British National IBJJF Jiu-Jitsu Championship 2018,Master1/Male/Black/Super-Heavy,2,Eduardo Ricardo de Carvalho,CheckMat
British National IBJJF Jiu-Jitsu Championship 2018,Master1/Male/Black/Super-Heavy,3,Gareth Murphy,Gracie Barra
British National IBJJF Jiu-Jitsu Championship 2018,Master1/Male/Black/Ultra-Heavy,1,Thiago Mascaranhas,Mascaranhas Team
British National IBJJF Jiu-Jitsu Championship 2018,Master1/Male/Black/Ultra-Heavy,2,Michael John McDonald,Mauricio Gomes Origin BJJ Team
British National IBJJF Jiu-Jitsu Championship 2018,Master1/Male/Black/OpenClass,1,Vladimiro Miguel G.V.S. Afonso,Brazilian Power Team International
British National IBJJF Jiu-Jitsu Championship 2018,Master1/Male/Black/OpenClass,2,Paulo Roberto dos Santos Peixoto,Roger Gracie Academy
British National IBJJF Jiu-Jitsu Championship 2018,Master1/Male/Black/OpenClass,3,Ricardo de Souza Araquam,Alliance
British National IBJJF Jiu-Jitsu Championship 2018,Master1/Male/Black/OpenClass,3,Thiago Mascaranhas,Mascaranhas Team
British National IBJJF Jiu-Jitsu Championship 2018,Master1/Female/Blue/Light,1,Agnieszka Anna Wrodarczyk,CheckMat
British National IBJJF Jiu-Jitsu Championship 2018,Master1/Female/Blue/Light,2,Dalzette Zwiegelaar,Roger Gracie Academy
British National IBJJF Jiu-Jitsu Championship 2018,Master1/Female/Blue/Light,3,Emma Jayne Pursey,ECJJA
British National IBJJF Jiu-Jitsu Championship 2018,Master1/Female/Blue/Medium-Heavy,1,Nakita Ross,CheckMat
British National IBJJF Jiu-Jitsu Championship 2018,Master1/Female/Blue/Medium-Heavy,2,Rachael Morgan,Rio Grappling Club Europe
British National IBJJF Jiu-Jitsu Championship 2018,Master1/Female/Blue/Super-Heavy,1,Charlotte Shields,Gracie Barra
British National IBJJF Jiu-Jitsu Championship 2018,Master1/Female/Blue/OpenClass,1,Rachael Morgan,Rio Grappling Club Europe
British National IBJJF Jiu-Jitsu Championship 2018,Master1/Female/Blue/OpenClass,2,Charlotte Shields,Gracie Barra
British National IBJJF Jiu-Jitsu Championship 2018,Master1/Female/Blue/OpenClass,3,Emma Jayne Pursey,ECJJA
British National IBJJF Jiu-Jitsu Championship 2018,Master1/Female/Blue/OpenClass,3,Nakita Ross,CheckMat
British National IBJJF Jiu-Jitsu Championship 2018,Master1/Female/Brown/Feather,1,Emma C. Crick,Qatar BJJ
British National IBJJF Jiu-Jitsu Championship 2018,Master1/Female/Brown/Feather,2,Jolie Boyle,Gracie Barra
British National IBJJF Jiu-Jitsu Championship 2018,Master2/Male/White/Light,1,Ruben Comesana- Fonseca,ZR Team Association
British National IBJJF Jiu-Jitsu Championship 2018,Master2/Male/White/Light,2,Rajdave Singh,Stronger BJJ
British National IBJJF Jiu-Jitsu Championship 2018,Master2/Male/White/Light,3,Alex Marsh,CheckMat
British National IBJJF Jiu-Jitsu Championship 2018,Master2/Male/White/Light,3,Iacopo Sassi,Jiu-Jitsu Brotherhood
British National IBJJF Jiu-Jitsu Championship 2018,Master2/Male/White/Middle,1,Tomasz Szmigiel,CheckMat
British National IBJJF Jiu-Jitsu Championship 2018,Master2/Male/White/Middle,2,Rafael Camargo,CheckMat
British National IBJJF Jiu-Jitsu Championship 2018,Master2/Male/White/Middle,3,Paulo Miguel Costa Da Conceicao,Portugal Gold Team
British National IBJJF Jiu-Jitsu Championship 2018,Master2/Male/White/Medium-Heavy,1,Umile Gaudio,CheckMat
British National IBJJF Jiu-Jitsu Championship 2018,Master2/Male/White/Medium-Heavy,2,Karol Chodak,Gracie Barra
British National IBJJF Jiu-Jitsu Championship 2018,Master2/Male/White/Medium-Heavy,3,Fabrizio Comelli,Carlson Gracie Team
British National IBJJF Jiu-Jitsu Championship 2018,Master2/Male/White/Medium-Heavy,3,Nerijus Strumila,Roger Gracie Academy
British National IBJJF Jiu-Jitsu Championship 2018,Master2/Male/White/Heavy,1,Tim Rowan,Carlson Gracie Team
British National IBJJF Jiu-Jitsu Championship 2018,Master2/Male/White/Heavy,2,Peter Hugh Clark,ZR Team Association
British National IBJJF Jiu-Jitsu Championship 2018,Master2/Male/White/Heavy,3,Ashkan Salehi,CheckMat
British National IBJJF Jiu-Jitsu Championship 2018,Master2/Male/White/Heavy,3,Martin Amos Goddard,Jiu-Jitsu Brotherhood
British National IBJJF Jiu-Jitsu Championship 2018,Master2/Male/White/Ultra-Heavy,1,DAX Harding,BMB Norwich BJJ Team
British National IBJJF Jiu-Jitsu Championship 2018,Master2/Male/White/Ultra-Heavy,2,Anderson Luis Campos de Oliveira,CheckMat
British National IBJJF Jiu-Jitsu Championship 2018,Master2/Male/White/Ultra-Heavy,3,Marius Derscanu,Eddie Kone BJJ (EKBJJ)
British National IBJJF Jiu-Jitsu Championship 2018,Master2/Male/White/Ultra-Heavy,3,Sean Michael Hadfield,CheckMat
British National IBJJF Jiu-Jitsu Championship 2018,Master2/Male/Blue/Feather,1,Kasim Pivano,CheckMat
British National IBJJF Jiu-Jitsu Championship 2018,Master2/Male/Blue/Feather,2,Tauseef Imran Ul-Haq,Carlson Gracie Team
British National IBJJF Jiu-Jitsu Championship 2018,Master2/Male/Blue/Feather,3,Jose Guimera,Carlson Gracie Team
British National IBJJF Jiu-Jitsu Championship 2018,Master2/Male/Blue/Feather,3,Winston Donovan Lee,ZR Team Association
British National IBJJF Jiu-Jitsu Championship 2018,Master2/Male/Blue/Light,1,Francesco Mininni,CheckMat
British National IBJJF Jiu-Jitsu Championship 2018,Master2/Male/Blue/Light,2,Joel King,ZR Team Association
British National IBJJF Jiu-Jitsu Championship 2018,Master2/Male/Blue/Light,3,James Coggs,Rio Grappling Club Europe
British National IBJJF Jiu-Jitsu Championship 2018,Master2/Male/Blue/Light,3,Matthew James Brough,Rio Grappling Club Europe
British National IBJJF Jiu-Jitsu Championship 2018,Master2/Male/Blue/Middle,1,Shane David Mansfield,CFS BJJ
British National IBJJF Jiu-Jitsu Championship 2018,Master2/Male/Blue/Middle,2,Robert Paul Neredith,99 Nine Nine JJ - International
British National IBJJF Jiu-Jitsu Championship 2018,Master2/Male/Blue/Middle,3,Ben Desrosiers,CheckMat
British National IBJJF Jiu-Jitsu Championship 2018,Master2/Male/Blue/Middle,3,Stephen Newman,ZR Team Association
British National IBJJF Jiu-Jitsu Championship 2018,Master2/Male/Blue/Medium-Heavy,1,Nelson Antonio Alves Sanchez,Carlson Gracie Team
British National IBJJF Jiu-Jitsu Championship 2018,Master2/Male/Blue/Medium-Heavy,2,Paul James Baggaley,Lucio Sergio BJJ Lifestyle
British National IBJJF Jiu-Jitsu Championship 2018,Master2/Male/Blue/Medium-Heavy,3,Matthew Allen,Gracie Barra
British National IBJJF Jiu-Jitsu Championship 2018,Master2/Male/Blue/Medium-Heavy,3,Nehemiah Taylor,BJJ Globetrotters
British National IBJJF Jiu-Jitsu Championship 2018,Master2/Male/Blue/Heavy,1,Kristian Sackey,Neves Brazilian Jiu-Jitsu Association
British National IBJJF Jiu-Jitsu Championship 2018,Master2/Male/Blue/Heavy,2,Rowan Bailey,Team Lagarto
British National IBJJF Jiu-Jitsu Championship 2018,Master2/Male/Blue/Heavy,3,Shaun  Knight,CheckMat
British National IBJJF Jiu-Jitsu Championship 2018,Master2/Male/Blue/Super-Heavy,1,Tim Grant,Gracie Barra
British National IBJJF Jiu-Jitsu Championship 2018,Master2/Male/Blue/Super-Heavy,2,Rick Lawanson,Predators MMA
British National IBJJF Jiu-Jitsu Championship 2018,Master2/Male/Blue/Super-Heavy,3,Arron Adrian Smith,Icon Jiu-Jitsu Team
British National IBJJF Jiu-Jitsu Championship 2018,Master2/Male/Blue/Ultra-Heavy,1,Aderito Diniz Fumo,Carlson Gracie Team
British National IBJJF Jiu-Jitsu Championship 2018,Master2/Male/Blue/Ultra-Heavy,2,Frank Poku Agyemang,Roger Gracie Academy
British National IBJJF Jiu-Jitsu Championship 2018,Master2/Male/Blue/Ultra-Heavy,3,Jason Joannou,Inglorious Grapplers
British National IBJJF Jiu-Jitsu Championship 2018,Master2/Male/Blue/Ultra-Heavy,3,Krzysztof Wojno,Gracie Barra
British National IBJJF Jiu-Jitsu Championship 2018,Master2/Male/Blue/OpenClass,1,Rick Lawanson,Predators MMA
British National IBJJF Jiu-Jitsu Championship 2018,Master2/Male/Blue/OpenClass,2,Tim Grant,Gracie Barra
British National IBJJF Jiu-Jitsu Championship 2018,Master2/Male/Blue/OpenClass,3,Jason Joannou,Inglorious Grapplers
British National IBJJF Jiu-Jitsu Championship 2018,Master2/Male/Blue/OpenClass,3,Shaun  Knight,CheckMat
British National IBJJF Jiu-Jitsu Championship 2018,Master2/Male/Purple/Light,1,Sebastian Ryszard Swislocki,Roger Gracie Academy
British National IBJJF Jiu-Jitsu Championship 2018,Master2/Male/Purple/Light,2,Charlie Woods,Gracie Barra
British National IBJJF Jiu-Jitsu Championship 2018,Master2/Male/Purple/Middle,1,Nijad Algosaibi,Alliance
British National IBJJF Jiu-Jitsu Championship 2018,Master2/Male/Purple/Middle,2,Gunnar  Olafsson,Carlson Gracie Team
British National IBJJF Jiu-Jitsu Championship 2018,Master2/Male/Purple/Middle,3,Jack Clover,Roger Gracie Academy
British National IBJJF Jiu-Jitsu Championship 2018,Master2/Male/Purple/Middle,3,Mauricio Gomez Ludena,Frontline Academy
British National IBJJF Jiu-Jitsu Championship 2018,Master2/Male/Purple/Medium-Heavy,1,Ian Christopher Sheehan,Gracie Barra
British National IBJJF Jiu-Jitsu Championship 2018,Master2/Male/Purple/Medium-Heavy,2,Ben Conway,Inglorious Grapplers
British National IBJJF Jiu-Jitsu Championship 2018,Master2/Male/Purple/Heavy,1,Diego Alonso Lobos Corte,NS Brotherhood International
British National IBJJF Jiu-Jitsu Championship 2018,Master2/Male/Purple/Heavy,2,Robert Mariusz Gajewski,Icon Jiu-Jitsu Team
British National IBJJF Jiu-Jitsu Championship 2018,Master2/Male/Purple/Heavy,3,Raymond Anthony Newell,BMB Norwich BJJ Team
British National IBJJF Jiu-Jitsu Championship 2018,Master2/Male/Purple/Super-Heavy,1,Nuno Belo,Hilti Fightcenter Uppsala
British National IBJJF Jiu-Jitsu Championship 2018,Master2/Male/Purple/Super-Heavy,2,Andrew Derek Rowe,CheckMat
British National IBJJF Jiu-Jitsu Championship 2018,Master2/Male/Purple/Ultra-Heavy,1,Vitalij Draciov,CheckMat
British National IBJJF Jiu-Jitsu Championship 2018,Master2/Male/Purple/OpenClass,1,Andrew Derek Rowe,CheckMat
British National IBJJF Jiu-Jitsu Championship 2018,Master2/Male/Purple/OpenClass,2,Mauricio Gomez Ludena,Frontline Academy
British National IBJJF Jiu-Jitsu Championship 2018,Master2/Male/Purple/OpenClass,3,Ian Christopher Sheehan,Gracie Barra
British National IBJJF Jiu-Jitsu Championship 2018,Master2/Male/Purple/OpenClass,3,Raymond Anthony Newell,BMB Norwich BJJ Team
British National IBJJF Jiu-Jitsu Championship 2018,Master2/Male/Brown/Feather,1,Neil Atkins,Mario Sukata International
British National IBJJF Jiu-Jitsu Championship 2018,Master2/Male/Brown/Feather,2,Leigh Remedios,CFS BJJ
British National IBJJF Jiu-Jitsu Championship 2018,Master2/Male/Brown/Feather,3,Alex Harvey,Icon Jiu-Jitsu Team
British National IBJJF Jiu-Jitsu Championship 2018,Master2/Male/Brown/Feather,3,Przemyslaw Szczepanski,Gracie Barra
British National IBJJF Jiu-Jitsu Championship 2018,Master2/Male/Brown/Light,1,Ryan Falcioni,Gracie Barra
British National IBJJF Jiu-Jitsu Championship 2018,Master2/Male/Brown/Light,2,Nicolas Sébastien Hoareau,Gracie Reunion
British National IBJJF Jiu-Jitsu Championship 2018,Master2/Male/Brown/Light,3,Gavin Stephen Thomas,99 Nine Nine JJ - International
British National IBJJF Jiu-Jitsu Championship 2018,Master2/Male/Brown/Light,3,Omar Chafiki,UAE Jiu-jitsu Team
British National IBJJF Jiu-Jitsu Championship 2018,Master2/Male/Brown/Middle,1,Sam Grundy,Lucio Sergio BJJ Lifestyle
British National IBJJF Jiu-Jitsu Championship 2018,Master2/Male/Brown/Middle,2,IAN Royden Dennis Thomas,99 Nine Nine JJ - International
British National IBJJF Jiu-Jitsu Championship 2018,Master2/Male/Brown/Middle,3,Helios Demange,Renzo Gracie International
British National IBJJF Jiu-Jitsu Championship 2018,Master2/Male/Brown/Medium-Heavy,1,Richard Kerrigan,Roger Gracie Academy
British National IBJJF Jiu-Jitsu Championship 2018,Master2/Male/Brown/Medium-Heavy,2,David Wyatt,Gracie Barra
British National IBJJF Jiu-Jitsu Championship 2018,Master2/Male/Brown/Ultra-Heavy,1,Matteo Pagani,CheckMat
British National IBJJF Jiu-Jitsu Championship 2018,Master2/Male/Brown/OpenClass,1,Richard Kerrigan,Roger Gracie Academy
British National IBJJF Jiu-Jitsu Championship 2018,Master2/Male/Brown/OpenClass,2,Nicolas Sébastien Hoareau,Gracie Reunion
British National IBJJF Jiu-Jitsu Championship 2018,Master2/Male/Brown/OpenClass,3,Helios Demange,Renzo Gracie International
British National IBJJF Jiu-Jitsu Championship 2018,Master2/Male/Brown/OpenClass,3,Matteo Pagani,CheckMat
British National IBJJF Jiu-Jitsu Championship 2018,Master2/Male/Black/Light-Feather,1,Enrique de Jesus Villasenor Sarvide,CheckMat
British National IBJJF Jiu-Jitsu Championship 2018,Master2/Male/Black/Light-Feather,2,Manjit Singh Bhambra,Icon Jiu-Jitsu Team
British National IBJJF Jiu-Jitsu Championship 2018,Master2/Male/Black/Light-Feather,3,Charles Andre Boyer,De La Riva Nantes
British National IBJJF Jiu-Jitsu Championship 2018,Master2/Male/Black/Light-Feather,3,Spencer Hewitt,Mauricio Gomes Origin BJJ Team
British National IBJJF Jiu-Jitsu Championship 2018,Master2/Male/Black/Feather,1,José Roberto Viana de Brito da Silva,Studio R1
British National IBJJF Jiu-Jitsu Championship 2018,Master2/Male/Black/Light,1,Marco Aurelio Oliveira  Canha,CheckMat
British National IBJJF Jiu-Jitsu Championship 2018,Master2/Male/Black/Middle,1,Mark Thomas Turner,Demian Maia Jiu-Jitsu USA
British National IBJJF Jiu-Jitsu Championship 2018,Master2/Male/Black/Middle,2,Nathan John Roberts,Gracie Barra
British National IBJJF Jiu-Jitsu Championship 2018,Master2/Male/Black/Medium-Heavy,1,Carlos Costa Santos,Roger Gracie Academy
British National IBJJF Jiu-Jitsu Championship 2018,Master2/Male/Black/Medium-Heavy,2,Rodrigo Pinheiro Breves,Gracie Humaita USA
British National IBJJF Jiu-Jitsu Championship 2018,Master2/Male/Black/Medium-Heavy,3,Andrew Capper,British Army BJJ
British National IBJJF Jiu-Jitsu Championship 2018,Master2/Male/Black/Medium-Heavy,3,Matthew James Callaghan,Gracie Barra
British National IBJJF Jiu-Jitsu Championship 2018,Master2/Male/Black/Heavy,1,Lucio Sergio dos Santos,Lucio Sergio BJJ Lifestyle
British National IBJJF Jiu-Jitsu Championship 2018,Master2/Male/Black/Heavy,2,Rogério Passos Pinheiro,ZR Team Association
British National IBJJF Jiu-Jitsu Championship 2018,Master2/Male/Black/OpenClass,1,Lucio Sergio dos Santos,Lucio Sergio BJJ Lifestyle
British National IBJJF Jiu-Jitsu Championship 2018,Master2/Male/Black/OpenClass,2,Carlos Costa Santos,Roger Gracie Academy
British National IBJJF Jiu-Jitsu Championship 2018,Master2/Male/Black/OpenClass,3,Matthew James Callaghan,Gracie Barra
British National IBJJF Jiu-Jitsu Championship 2018,Master2/Male/Black/OpenClass,3,Rogério Passos Pinheiro,ZR Team Association
British National IBJJF Jiu-Jitsu Championship 2018,Master3/Male/Blue/Light,1,Adolfo Perez Lopez,Carlson Gracie Team
British National IBJJF Jiu-Jitsu Championship 2018,Master3/Male/Blue/Light,2,Bert van Irsel,Nova União Sportvision
British National IBJJF Jiu-Jitsu Championship 2018,Master3/Male/Blue/Light,3,Billy McPherson,GF Team
British National IBJJF Jiu-Jitsu Championship 2018,Master3/Male/Blue/Middle,1,Rami Elwan,Real Jiu-Jitsu Academy
British National IBJJF Jiu-Jitsu Championship 2018,Master3/Male/Blue/Middle,2,Stephane Guilmin,De La Riva Nantes
British National IBJJF Jiu-Jitsu Championship 2018,Master3/Male/Blue/Medium-Heavy,1,Hesham Ali,ZR Team Association
British National IBJJF Jiu-Jitsu Championship 2018,Master3/Male/Blue/Medium-Heavy,2,Stuart Jubb,Gracie Barra
British National IBJJF Jiu-Jitsu Championship 2018,Master3/Male/Blue/Medium-Heavy,3,Dominic Bray,Carlson Gracie Team
British National IBJJF Jiu-Jitsu Championship 2018,Master3/Male/Blue/Heavy,1,Krzysztof Olszewski,Roger Gracie Academy
British National IBJJF Jiu-Jitsu Championship 2018,Master3/Male/Blue/OpenClass,1,Krzysztof Olszewski,Roger Gracie Academy
British National IBJJF Jiu-Jitsu Championship 2018,Master3/Male/Blue/OpenClass,2,Bert van Irsel,Nova União Sportvision
British National IBJJF Jiu-Jitsu Championship 2018,Master3/Male/Blue/OpenClass,3,Stephane Guilmin,De La Riva Nantes
British National IBJJF Jiu-Jitsu Championship 2018,Master3/Male/Purple/Medium-Heavy,1,Bartek Tomyślak,Alliance
British National IBJJF Jiu-Jitsu Championship 2018,Master3/Male/Purple/Medium-Heavy,2,Andreas Wichmann,Jiu-Jitsu Brotherhood
British National IBJJF Jiu-Jitsu Championship 2018,Master3/Male/Purple/Ultra-Heavy,1,Colin Nwadike,CheckMat
British National IBJJF Jiu-Jitsu Championship 2018,Master3/Male/Purple/OpenClass,1,Colin Nwadike,CheckMat
British National IBJJF Jiu-Jitsu Championship 2018,Master3/Male/Brown/Middle,1,Jamie Stanley Horsman,Gracie Barra
British National IBJJF Jiu-Jitsu Championship 2018,Master3/Male/Brown/Middle,2,konstantin atanasov,GF Team
British National IBJJF Jiu-Jitsu Championship 2018,Master3/Male/Brown/Middle,3,Frederic Leray,PSLPB Cicero Costha
British National IBJJF Jiu-Jitsu Championship 2018,Master3/Male/Brown/Heavy,1,Edward Bradman Cuffy,ZR Team Association
British National IBJJF Jiu-Jitsu Championship 2018,Master3/Male/Brown/Heavy,2,Jean Jereissati Neto,Alliance
British National IBJJF Jiu-Jitsu Championship 2018,Master3/Male/Brown/Super-Heavy,1,Marcelo Rony Dahlke,CheckMat
British National IBJJF Jiu-Jitsu Championship 2018,Master3/Male/Brown/Ultra-Heavy,1,Samuel Karl Schilder,ZR Team Association
British National IBJJF Jiu-Jitsu Championship 2018,Master3/Male/Brown/Ultra-Heavy,2,Richard Lewis,99 Nine Nine JJ - International
British National IBJJF Jiu-Jitsu Championship 2018,Master3/Male/Brown/OpenClass,1,Jamie Stanley Horsman,Gracie Barra
British National IBJJF Jiu-Jitsu Championship 2018,Master3/Male/Brown/OpenClass,2,Edward Bradman Cuffy,ZR Team Association
British National IBJJF Jiu-Jitsu Championship 2018,Master3/Male/Brown/OpenClass,3,Frederic Leray,PSLPB Cicero Costha
British National IBJJF Jiu-Jitsu Championship 2018,Master3/Male/Brown/OpenClass,3,Marcelo Rony Dahlke,CheckMat
British National IBJJF Jiu-Jitsu Championship 2018,Master3/Male/Black/Light-Feather,1,Hugo Leonardo Alves Martins,Gracie Barra
British National IBJJF Jiu-Jitsu Championship 2018,Master3/Male/Black/Feather,1,Daniel V. Alvarez Jr.,LEAD BJJ
British National IBJJF Jiu-Jitsu Championship 2018,Master3/Male/Black/Feather,2,Santos Junior Cristovam,Icon Jiu-Jitsu Team
British National IBJJF Jiu-Jitsu Championship 2018,Master3/Male/Black/Feather,3,Eugene Joseph Notebaert III,Roger Gracie Academy
British National IBJJF Jiu-Jitsu Championship 2018,Master3/Male/Black/Middle,1,Alex Souto de Souza,De Souza Dojo
British National IBJJF Jiu-Jitsu Championship 2018,Master3/Male/Black/Middle,2,Jefferson Costa Pinto,Gracie Barra
British National IBJJF Jiu-Jitsu Championship 2018,Master3/Male/Black/Medium-Heavy,1,Daniel Cox,Mill Hill BJJ
British National IBJJF Jiu-Jitsu Championship 2018,Master3/Male/Black/Medium-Heavy,2,Neil Williams,99 Nine Nine JJ - International
British National IBJJF Jiu-Jitsu Championship 2018,Master3/Male/Black/Medium-Heavy,3,Paul Christopher Severn,CheckMat
British National IBJJF Jiu-Jitsu Championship 2018,Master3/Male/Black/Ultra-Heavy,1,Paul William Carvalho Davison,Gracie Barra
British National IBJJF Jiu-Jitsu Championship 2018,Master3/Male/Black/OpenClass,1,Hugo Leonardo Alves Martins,Gracie Barra
British National IBJJF Jiu-Jitsu Championship 2018,Master3/Male/Black/OpenClass,2,Paul William Carvalho Davison,Gracie Barra
British National IBJJF Jiu-Jitsu Championship 2018,Master4/Male/Blue/Medium-Heavy,1,Florin Silviu Popovici,MatSide Jiu Jitsu
British National IBJJF Jiu-Jitsu Championship 2018,Master4/Male/Blue/OpenClass,1,Florin Silviu Popovici,MatSide Jiu Jitsu
British National IBJJF Jiu-Jitsu Championship 2018,Master4/Male/Purple/Light,1,Matthew Anthony Jardine,Roger Gracie Academy
British National IBJJF Jiu-Jitsu Championship 2018,Master4/Male/Purple/Middle,1,Ian Tuhey,Mill Hill BJJ
British National IBJJF Jiu-Jitsu Championship 2018,Master4/Male/Purple/Middle,2,John Christopher Mullen,BJJ Revolution Team - International
British National IBJJF Jiu-Jitsu Championship 2018,Master4/Male/Purple/Middle,3,Aaron Lee Chatfield,Factory BJJ UK
British National IBJJF Jiu-Jitsu Championship 2018,Master4/Male/Purple/Heavy,1,Ivo Eugeniev,Zenith Bulgaria
British National IBJJF Jiu-Jitsu Championship 2018,Master4/Male/Purple/Heavy,2,Tj Mcmenamin,Rilion Gracie Ireland
British National IBJJF Jiu-Jitsu Championship 2018,Master4/Male/Purple/Heavy,3,Vittorio Romano Cervone,Carlson Gracie Team
British National IBJJF Jiu-Jitsu Championship 2018,Master4/Male/Purple/Ultra-Heavy,1,Dean Williams,ZR Team Association
British National IBJJF Jiu-Jitsu Championship 2018,Master4/Male/Purple/OpenClass,1,Tj Mcmenamin,Rilion Gracie Ireland
British National IBJJF Jiu-Jitsu Championship 2018,Master4/Male/Purple/OpenClass,2,Dean Williams,ZR Team Association
British National IBJJF Jiu-Jitsu Championship 2018,Master4/Male/Purple/OpenClass,3,Aaron Lee Chatfield,Factory BJJ UK
British National IBJJF Jiu-Jitsu Championship 2018,Master4/Male/Purple/OpenClass,3,Matthew Anthony Jardine,Roger Gracie Academy
British National IBJJF Jiu-Jitsu Championship 2018,Master5/Male/Blue/Middle,1,Peter Carr,ZR Team Association
British National IBJJF Jiu-Jitsu Championship 2018,Master5/Male/Blue/Middle,2,Andrew Peter Bullough,Andrezinho Aurum Brazilian Jiu-Jitsu Team - U.K.
British National IBJJF Jiu-Jitsu Championship 2018,Master5/Male/Purple/Medium-Heavy,1,Jonathan Evans,CheckMat
British National IBJJF Jiu-Jitsu Championship 2018,Master5/Male/Purple/OpenClass,1,Jonathan Evans,CheckMat
British National IBJJF Jiu-Jitsu Championship 2018,Master6/Male/Purple/Light,1,John Alexander Murray,Renzo Gracie International
British National IBJJF Jiu-Jitsu Championship 2018,Master6/Male/Purple/Light,2,Carlos Jorge Nunes Lopes Tavares,Netto Brazilian Jiu-Jitsu
British National IBJJF Jiu-Jitsu Championship 2018,Master6/Male/Purple/OpenClass,1,John Alexander Murray,Renzo Gracie International
British National IBJJF Jiu-Jitsu Championship 2018,Master6/Male/Black/Light-Feather,1,Paulo Sergio Silva dos Santos,PS Phoenix BJJ International
British National IBJJF Jiu-Jitsu Championship 2018,Master6/Male/Black/Medium-Heavy,1,Luiz Henrique Linck Miller,Get Fight
British National IBJJF Jiu-Jitsu Championship 2018,Master6/Male/Black/OpenClass,1,Luiz Henrique Linck Miller,Get Fight
British National IBJJF Jiu-Jitsu Championship 2018,Juvenile/Male/White/Feather,1,Aroon Malik,Andrezinho Aurum Brazilian Jiu-Jitsu Team - U.K.
British National IBJJF Jiu-Jitsu Championship 2018,Juvenile/Male/White/Middle,1,John Lucas Xavier Mclarty,CheckMat
British National IBJJF Jiu-Jitsu Championship 2018,Juvenile/Male/White/Middle,2,Reuben Aaron Virdee-Oakley,Mascaranhas Team
British National IBJJF Jiu-Jitsu Championship 2018,Juvenile/Male/Blue/Feather,1,Antony Pike,Icon Jiu-Jitsu Team
British National IBJJF Jiu-Jitsu Championship 2018,Juvenile/Male/Blue/Feather,2,Jakob Walsh,Lucio Sergio BJJ Lifestyle
British National IBJJF Jiu-Jitsu Championship 2018,Juvenile/Male/Blue/Feather,3,Juan Paulo Crispino Bustamante,Gracie Barra
British National IBJJF Jiu-Jitsu Championship 2018,Juvenile/Male/Blue/Light,1,John Matthew Henry,Carlson Gracie Team
British National IBJJF Jiu-Jitsu Championship 2018,Juvenile/Male/Blue/Light,2,Ryan Paul Southern,99 Nine Nine JJ - International
British National IBJJF Jiu-Jitsu Championship 2018,Juvenile/Male/Blue/Light,3,James Harvery Granger,Roger Gracie Academy
British National IBJJF Jiu-Jitsu Championship 2018,Juvenile/Male/Blue/Heavy,1,Joss Roger Ayres,Carlson Gracie Team
British National IBJJF Jiu-Jitsu Championship 2018,Juvenile/Male/Blue/Heavy,2,Oliver Redvers Martin,Carlson Gracie Team
British National IBJJF Jiu-Jitsu Championship 2018,Juvenile/Male/Blue/OpenClassLight,1,Antony Pike,Icon Jiu-Jitsu Team
British National IBJJF Jiu-Jitsu Championship 2018,Juvenile/Male/Blue/OpenClassLight,2,John Matthew Henry,Carlson Gracie Team
British National IBJJF Jiu-Jitsu Championship 2018,Juvenile/Male/Blue/OpenClassLight,3,James Harvery Granger,Roger Gracie Academy
British National IBJJF Jiu-Jitsu Championship 2018,Juvenile/Male/Blue/OpenClassLight,3,Ryan Paul Southern,99 Nine Nine JJ - International
British National IBJJF Jiu-Jitsu Championship 2018,Juvenile/Male/Blue/OpenClassHeavy,1,Oliver Redvers Martin,Carlson Gracie Team
