Spanish National Jiu-Jitsu Championship 2017,Adult/Male/White/Rooster,1,Xavier Clemente Rodríguez,Gracie Barra
Spanish National Jiu-Jitsu Championship 2017,Adult/Male/White/Rooster,2,Jorge Alejandro Cadena Paez,Gracie Barra
Spanish National Jiu-Jitsu Championship 2017,Adult/Male/White/Rooster,3,Saul Rios Alonso,ADAMAS BJJ
Spanish National Jiu-Jitsu Championship 2017,Adult/Male/White/Light-Feather,1,Luis Gutierrez Rodriguez,Caio Terra Association
Spanish National Jiu-Jitsu Championship 2017,Adult/Male/White/Light-Feather,2,Daniel André Ferreira do Amaral,Pantera Negra Jiu-Jitsu
Spanish National Jiu-Jitsu Championship 2017,Adult/Male/White/Light-Feather,3,Kevin Franguey Tique Torres,Team Caraballo
Spanish National Jiu-Jitsu Championship 2017,Adult/Male/White/Light-Feather,3,Mohammed Reda El Gourari,Fightzone - Stockholm
Spanish National Jiu-Jitsu Championship 2017,Adult/Male/White/Feather,1,Gonçalo Alexandre Coelho Pereira,Brazilian Power Team International
Spanish National Jiu-Jitsu Championship 2017,Adult/Male/White/Feather,2,Fabio Joaquín Jiménez Rodríguez,Crazy Team
Spanish National Jiu-Jitsu Championship 2017,Adult/Male/White/Feather,3,Francisco José Marichal Llarena,Caio Terra Association
Spanish National Jiu-Jitsu Championship 2017,Adult/Male/White/Feather,3,Jorge Viera Martín,Caio Terra Association
Spanish National Jiu-Jitsu Championship 2017,Adult/Male/White/Light,1,Ryan Cardoso Chagas,Brazilian Power Team International
Spanish National Jiu-Jitsu Championship 2017,Adult/Male/White/Light,2,Johan Bracht de Reyes,Icon Jiu-Jitsu Team 3
Spanish National Jiu-Jitsu Championship 2017,Adult/Male/White/Light,3,Andres Kamilo Londoño Torres,Team Caraballo
Spanish National Jiu-Jitsu Championship 2017,Adult/Male/White/Light,3,Juan Camilo Posada Acosta,Gracie Barra
Spanish National Jiu-Jitsu Championship 2017,Adult/Male/White/Middle,1,Daniel Fernández,Mathias Ribeiro Team
Spanish National Jiu-Jitsu Championship 2017,Adult/Male/White/Middle,2,Ignacio Baez De Aguilar Mateos,Soul Fighters International
Spanish National Jiu-Jitsu Championship 2017,Adult/Male/White/Middle,3,Charly Tourrette,Gracie Barra
Spanish National Jiu-Jitsu Championship 2017,Adult/Male/White/Middle,3,Claudio Jonay Padilla García,Caio Terra Association
Spanish National Jiu-Jitsu Championship 2017,Adult/Male/White/Medium-Heavy,1,Alexandre Paulais,Academie Pythagore
Spanish National Jiu-Jitsu Championship 2017,Adult/Male/White/Medium-Heavy,2,Francisco Ramón Guisande Villegas,Camm BJJ
Spanish National Jiu-Jitsu Championship 2017,Adult/Male/White/Medium-Heavy,3,Jon Oyarbide Alberdi,Gracie Barra
Spanish National Jiu-Jitsu Championship 2017,Adult/Male/White/Medium-Heavy,3,Rodrigo Paredes Alvarez,Lotus Club International
Spanish National Jiu-Jitsu Championship 2017,Adult/Male/White/Super-Heavy,1,Armando Mateo,Mathias Ribeiro Team
Spanish National Jiu-Jitsu Championship 2017,Adult/Male/White/Super-Heavy,2,Maximo Garcia Cardona,Titanes BJJ Spain
Spanish National Jiu-Jitsu Championship 2017,Adult/Male/White/Super-Heavy,3,Ierai Roa Prieto,Crazy Team
Spanish National Jiu-Jitsu Championship 2017,Adult/Male/White/Super-Heavy,3,Vasily Kuzminov,Roy Dean International
Spanish National Jiu-Jitsu Championship 2017,Adult/Male/White/Ultra-Heavy,1,Yurii Prokhorenko,Atos JJ International
Spanish National Jiu-Jitsu Championship 2017,Adult/Male/White/Ultra-Heavy,2,Ederlindo Monteiro Tavares,Gracie Barra
Spanish National Jiu-Jitsu Championship 2017,Adult/Male/White/Ultra-Heavy,3,David Amador Fernández,Climent club
Spanish National Jiu-Jitsu Championship 2017,Adult/Male/White/Ultra-Heavy,3,Fran Ballesteros,Brasa Poland
Spanish National Jiu-Jitsu Championship 2017,Adult/Male/Blue/Light-Feather,1,Reiss Bailey,New School BJJ
Spanish National Jiu-Jitsu Championship 2017,Adult/Male/Blue/Light-Feather,2,Ferran Fernandez,Icon Jiu-Jitsu Team 3
Spanish National Jiu-Jitsu Championship 2017,Adult/Male/Blue/Light-Feather,3,Pol Fernandez Francas,Icon Jiu-Jitsu Team 3
Spanish National Jiu-Jitsu Championship 2017,Adult/Male/Blue/Light-Feather,3,Ricardo Marcelo Ribeiro,Gracie Barra
Spanish National Jiu-Jitsu Championship 2017,Adult/Male/Blue/Feather,1,Airam Izquierdo Perez,Caio Terra Association
Spanish National Jiu-Jitsu Championship 2017,Adult/Male/Blue/Feather,2,Guven Cam,Gracie Barra
Spanish National Jiu-Jitsu Championship 2017,Adult/Male/Blue/Feather,3,Bernardo Costa Borbinha,Youngzilion Jiu-Jitsu
Spanish National Jiu-Jitsu Championship 2017,Adult/Male/Blue/Feather,3,Kevin Cortes,Association Aranha
Spanish National Jiu-Jitsu Championship 2017,Adult/Male/Blue/Light,1,Saul Sanchez Arias,Nova União International
Spanish National Jiu-Jitsu Championship 2017,Adult/Male/Blue/Light,2,Cristofer Bolaños Tacoronte,Carlson Gracie International
Spanish National Jiu-Jitsu Championship 2017,Adult/Male/Blue/Light,3,Jean Prosper Baleya,Gracie Reunion
Spanish National Jiu-Jitsu Championship 2017,Adult/Male/Blue/Light,3,Sergio Ferrer Machin,Reinaldo Ribeiro Team BJJ Association
Spanish National Jiu-Jitsu Championship 2017,Adult/Male/Blue/Middle,1,Federico León Sosa,Carlson Gracie International
Spanish National Jiu-Jitsu Championship 2017,Adult/Male/Blue/Middle,2,Lucas Perea Goya,CheckMat
Spanish National Jiu-Jitsu Championship 2017,Adult/Male/Blue/Middle,3,David Lee Jaime Buitrago,Team Ganbaru
Spanish National Jiu-Jitsu Championship 2017,Adult/Male/Blue/Middle,3,Matheus Andrade Cordeiro,ZR Team Estoril
Spanish National Jiu-Jitsu Championship 2017,Adult/Male/Blue/Medium-Heavy,1,Adrien Boudousse,Gracie Barra
Spanish National Jiu-Jitsu Championship 2017,Adult/Male/Blue/Medium-Heavy,2,Luís Filipe Martins Gonçalves,Gracie Barra
Spanish National Jiu-Jitsu Championship 2017,Adult/Male/Blue/Medium-Heavy,3,Denis Poliakov,CheckMat
Spanish National Jiu-Jitsu Championship 2017,Adult/Male/Blue/Heavy,1,Fernando Mera,BARBOSA JIU-JITSU
Spanish National Jiu-Jitsu Championship 2017,Adult/Male/Blue/Heavy,2,Diogo Quintas Nogueira,Portugal Gold Team
Spanish National Jiu-Jitsu Championship 2017,Adult/Male/Blue/Enum_WeightDivision_OpenClass_Label,1,Fernando Mera,BARBOSA JIU-JITSU
Spanish National Jiu-Jitsu Championship 2017,Adult/Male/Blue/Enum_WeightDivision_OpenClass_Label,2,Diogo Quintas Nogueira,Portugal Gold Team
Spanish National Jiu-Jitsu Championship 2017,Adult/Male/Blue/Enum_WeightDivision_OpenClass_Label,3,Adrien Boudousse,Gracie Barra
Spanish National Jiu-Jitsu Championship 2017,Adult/Male/Blue/Enum_WeightDivision_OpenClass_Label,3,Saul Sanchez Arias,Nova União International
Spanish National Jiu-Jitsu Championship 2017,Adult/Male/Purple/Light-Feather,1,Patrick Padilha de Oliveira,Reinaldo Ribeiro Team BJJ Association
Spanish National Jiu-Jitsu Championship 2017,Adult/Male/Purple/Light-Feather,2,Alberto del Campo Marcos,Roger Gracie España
Spanish National Jiu-Jitsu Championship 2017,Adult/Male/Purple/Light-Feather,3,Victor  García Ceada,Team Gil Catarino JJ
Spanish National Jiu-Jitsu Championship 2017,Adult/Male/Purple/Light-Feather,3,Xavi Bas,CFC Team
Spanish National Jiu-Jitsu Championship 2017,Adult/Male/Purple/Feather,1,Silvio Olinto Rocha Cavalcante,Cicero Costha Internacional
Spanish National Jiu-Jitsu Championship 2017,Adult/Male/Purple/Feather,2,Martin Alonso,Caio Terra Association
Spanish National Jiu-Jitsu Championship 2017,Adult/Male/Purple/Feather,3,Andrés Felipe López Atehortua,Brazilian Power Team International
Spanish National Jiu-Jitsu Championship 2017,Adult/Male/Purple/Feather,3,Ömer Simsek,SDS - Academy
Spanish National Jiu-Jitsu Championship 2017,Adult/Male/Purple/Light,1,Bilal Benmahammed,Cicero Costha Internacional
Spanish National Jiu-Jitsu Championship 2017,Adult/Male/Purple/Light,2,Michael Woodhall,CFS BJJ
Spanish National Jiu-Jitsu Championship 2017,Adult/Male/Purple/Light,3,Alberto Guzman Gil,Camm BJJ
Spanish National Jiu-Jitsu Championship 2017,Adult/Male/Purple/Light,3,Esteban Alejandro Echeverrí López,Carlson Gracie International
Spanish National Jiu-Jitsu Championship 2017,Adult/Male/Purple/Middle,1,Morten  Gullaksen,CheckMat
Spanish National Jiu-Jitsu Championship 2017,Adult/Male/Purple/Middle,2,Rhenan Henrique Cavalcanti Santos Silva,Gracie Barra
Spanish National Jiu-Jitsu Championship 2017,Adult/Male/Purple/Medium-Heavy,1,Mateus da Silva de Moraes Meyer,PSLPB Cicero Costha
Spanish National Jiu-Jitsu Championship 2017,Adult/Male/Purple/Medium-Heavy,2,Pedro Henrique Segura Veras,PSLPB Cicero Costha
Spanish National Jiu-Jitsu Championship 2017,Adult/Male/Purple/Medium-Heavy,3,Alan Sherry,ECJJA
Spanish National Jiu-Jitsu Championship 2017,Adult/Male/Purple/Medium-Heavy,3,SEBASTIAN BENITO SANTOS KUNZE,Mathias Ribeiro Team
Spanish National Jiu-Jitsu Championship 2017,Adult/Male/Purple/Heavy,1,Shido Boris Soto,BJJ Coach Association Australia
Spanish National Jiu-Jitsu Championship 2017,Adult/Male/Purple/Heavy,2,Alvaro Rodriguez Márquez,BARBOSA JIU-JITSU
Spanish National Jiu-Jitsu Championship 2017,Adult/Male/Purple/Heavy,3,Edivaldo dos Santos Francisco,Gracie Barra
Spanish National Jiu-Jitsu Championship 2017,Adult/Male/Purple/Heavy,3,Pablo Gonzalez Bueno,Mathias Ribeiro Team
Spanish National Jiu-Jitsu Championship 2017,Adult/Male/Purple/Super-Heavy,1,Ermilio Lucas Ferreira Lima,Simetria Fight
Spanish National Jiu-Jitsu Championship 2017,Adult/Male/Purple/Super-Heavy,2,Josue Fernandez Acosta,7 Islands Jiu-Jitsu Team
Spanish National Jiu-Jitsu Championship 2017,Adult/Male/Purple/Super-Heavy,3,David André Pinto de Abreu,Fala de Luta
Spanish National Jiu-Jitsu Championship 2017,Adult/Male/Purple/Enum_WeightDivision_OpenClass_Label,1,Pedro Henrique Segura Veras,PSLPB Cicero Costha
Spanish National Jiu-Jitsu Championship 2017,Adult/Male/Purple/Enum_WeightDivision_OpenClass_Label,2,Shido Boris Soto,BJJ Coach Association Australia
Spanish National Jiu-Jitsu Championship 2017,Adult/Male/Purple/Enum_WeightDivision_OpenClass_Label,3,Alvaro Rodriguez Márquez,BARBOSA JIU-JITSU
Spanish National Jiu-Jitsu Championship 2017,Adult/Male/Purple/Enum_WeightDivision_OpenClass_Label,3,Morten  Gullaksen,CheckMat
Spanish National Jiu-Jitsu Championship 2017,Adult/Male/Brown/Feather,1,Marcos Olinto Rocha Cavalcante,Cicero Costha Internacional
Spanish National Jiu-Jitsu Championship 2017,Adult/Male/Brown/Feather,2,Ron Cohen,Academia Arte Livre Brazilian Jiu Jitsu
Spanish National Jiu-Jitsu Championship 2017,Adult/Male/Brown/Feather,3,Diogo Oliveira da Costa,Soul Fighters BJJ Tijuca
Spanish National Jiu-Jitsu Championship 2017,Adult/Male/Brown/Feather,3,Ulpiano Luis Yrayzoz Noya,Mathias Ribeiro Team
Spanish National Jiu-Jitsu Championship 2017,Adult/Male/Brown/Light,1,Marcus John Phelan,ECJJA
Spanish National Jiu-Jitsu Championship 2017,Adult/Male/Brown/Light,2,Tomer Alroy,Soul Fighter's Israel
Spanish National Jiu-Jitsu Championship 2017,Adult/Male/Brown/Light,3,Adriano De Oliveira Stimamilio,Caio Terra Association
Spanish National Jiu-Jitsu Championship 2017,Adult/Male/Brown/Light,3,Alyson Alves Pereira,Equipe Rodrigo Aleixo
Spanish National Jiu-Jitsu Championship 2017,Adult/Male/Brown/Middle,1,Louis Michael Glismann,CheckMat
Spanish National Jiu-Jitsu Championship 2017,Adult/Male/Brown/Middle,2,Bryn Meirion Jenkins,Ribeiro Jiu-Jitsu
Spanish National Jiu-Jitsu Championship 2017,Adult/Male/Brown/Middle,3,Bruno André Duarte Borges,Brazilian Power Team International
Spanish National Jiu-Jitsu Championship 2017,Adult/Male/Brown/Middle,3,Mauricio Ezequiel Grandon,Team Jucão Spain
Spanish National Jiu-Jitsu Championship 2017,Adult/Male/Brown/Medium-Heavy,1,Miha Perhavec,ECJJA
Spanish National Jiu-Jitsu Championship 2017,Adult/Male/Brown/Medium-Heavy,2,Ruben Sanda de Lemos,Gracie Barra
Spanish National Jiu-Jitsu Championship 2017,Adult/Male/Brown/Medium-Heavy,3,Angel Cicero,Unified Jiu Jitsu
Spanish National Jiu-Jitsu Championship 2017,Adult/Male/Brown/Medium-Heavy,3,Joedycaia Pereira Maia,Carioca Team Asia
Spanish National Jiu-Jitsu Championship 2017,Adult/Male/Brown/Heavy,1,Uros Domanovic,Frota Team Nogueira
Spanish National Jiu-Jitsu Championship 2017,Adult/Male/Brown/Heavy,2,Gabriel Nalon de Andrade,Phelippe Lira Jiu-Jitsu
Spanish National Jiu-Jitsu Championship 2017,Adult/Male/Brown/Super-Heavy,1,Eldar Rafigaev,Jungle BJJ
Spanish National Jiu-Jitsu Championship 2017,Adult/Male/Brown/Super-Heavy,2,Daniel  Brauchle,Luiz Palhares Jiu-Jitsu Europe
Spanish National Jiu-Jitsu Championship 2017,Adult/Male/Brown/Ultra-Heavy,1,Walter Antonio Alexandre dos Santos,Gracie Barra
Spanish National Jiu-Jitsu Championship 2017,Adult/Male/Brown/Ultra-Heavy,2,Nandip Singh Khera,Gracie Barra
Spanish National Jiu-Jitsu Championship 2017,Adult/Male/Brown/Enum_WeightDivision_OpenClass_Label,1,Eldar Rafigaev,Jungle BJJ
Spanish National Jiu-Jitsu Championship 2017,Adult/Male/Brown/Enum_WeightDivision_OpenClass_Label,2,Uros Domanovic,Frota Team Nogueira
Spanish National Jiu-Jitsu Championship 2017,Adult/Male/Brown/Enum_WeightDivision_OpenClass_Label,3,Angel Cicero,Unified Jiu Jitsu
Spanish National Jiu-Jitsu Championship 2017,Adult/Male/Brown/Enum_WeightDivision_OpenClass_Label,3,Walter Antonio Alexandre dos Santos,Gracie Barra
Spanish National Jiu-Jitsu Championship 2017,Adult/Male/Black/Feather,1,Wellington Leal Dias,Gracie Humaita Phoenix
Spanish National Jiu-Jitsu Championship 2017,Adult/Male/Black/Light,1,Mani Tavanaei,Mathias Ribeiro Team
Spanish National Jiu-Jitsu Championship 2017,Adult/Male/Black/Light,2,Pedro Henrique Campos P. Mendonça,Pantera Negra Jiu-Jitsu
Spanish National Jiu-Jitsu Championship 2017,Adult/Male/Black/Light,3,Juliano Silva Rocha,Atos Jiu-Jitsu
Spanish National Jiu-Jitsu Championship 2017,Adult/Male/Black/Middle,1,Darragh O Conaill,ECJJA
Spanish National Jiu-Jitsu Championship 2017,Adult/Male/Black/Middle,2,Mathias Fernandes Ribeiro,Mathias Ribeiro Team
Spanish National Jiu-Jitsu Championship 2017,Adult/Male/Black/Middle,3,Frederico Pinto Cesar de Almeida,Otávio de Almeida
Spanish National Jiu-Jitsu Championship 2017,Adult/Male/Black/Heavy,1,Adam Wardzinski,CheckMat
Spanish National Jiu-Jitsu Championship 2017,Adult/Male/Black/Heavy,2,Arturo Salas Espies,Mathias Ribeiro Team
Spanish National Jiu-Jitsu Championship 2017,Adult/Male/Black/Heavy,3,Alberto Gonzalez Ortiz,Crazy Team
Spanish National Jiu-Jitsu Championship 2017,Adult/Male/Black/Heavy,3,Marek Pawel Zbrog,Gracie Barra
Spanish National Jiu-Jitsu Championship 2017,Adult/Male/Black/Super-Heavy,1,Manuel António Ambrósio S. T. Pontes,Gracie Barra
Spanish National Jiu-Jitsu Championship 2017,Adult/Male/Black/Ultra-Heavy,1,Ruben Araújo Fonseca,Pantera Negra Jiu-Jitsu
Spanish National Jiu-Jitsu Championship 2017,Adult/Male/Black/Ultra-Heavy,2,Alan Vitor Oliveira Ferreira,De La Riva International
Spanish National Jiu-Jitsu Championship 2017,Adult/Male/Black/Ultra-Heavy,3,Martin Johannes Gobel,GCP Godzilla Competition Project
Spanish National Jiu-Jitsu Championship 2017,Adult/Male/Black/Enum_WeightDivision_OpenClass_Label,1,Adam Wardzinski,CheckMat
Spanish National Jiu-Jitsu Championship 2017,Adult/Male/Black/Enum_WeightDivision_OpenClass_Label,2,Mathias Fernandes Ribeiro,Mathias Ribeiro Team
Spanish National Jiu-Jitsu Championship 2017,Adult/Male/Black/Enum_WeightDivision_OpenClass_Label,3,Manuel António Ambrósio S. T. Pontes,Gracie Barra
Spanish National Jiu-Jitsu Championship 2017,Adult/Male/Black/Enum_WeightDivision_OpenClass_Label,3,Wellington Leal Dias,Gracie Humaita Phoenix
Spanish National Jiu-Jitsu Championship 2017,Adult/Female/White/Feather,1,Patricia Garcia Sanchez,BARBOSA JIU-JITSU
Spanish National Jiu-Jitsu Championship 2017,Adult/Female/White/Feather,2,Marta Monteiro Fernandez,Titanes BJJ
Spanish National Jiu-Jitsu Championship 2017,Adult/Female/White/Feather,3,Belen Yuste Carballo,Brazilian Power Team International
Spanish National Jiu-Jitsu Championship 2017,Adult/Female/White/Feather,3,Emma Spoljar,ECJJA
Spanish National Jiu-Jitsu Championship 2017,Adult/Female/White/Light,1,Leticia Maria Pereira de Jesus,Icon JJ Team
Spanish National Jiu-Jitsu Championship 2017,Adult/Female/White/Light,2,Susana Botana,Mathias Ribeiro Team
Spanish National Jiu-Jitsu Championship 2017,Adult/Female/White/Light,3,Joana María González Castellano,Carlson Gracie International
Spanish National Jiu-Jitsu Championship 2017,Adult/Female/White/Middle,1,Alba Talavera Castillo,CheckMat
Spanish National Jiu-Jitsu Championship 2017,Adult/Female/White/Middle,2,Raquel Garcia Melian,Carlson Gracie International
Spanish National Jiu-Jitsu Championship 2017,Adult/Female/White/Middle,3,Hanen Royer,Gracie Barra
Spanish National Jiu-Jitsu Championship 2017,Adult/Female/White/Medium-Heavy,1,Rebeca Alonso,CheckMat
Spanish National Jiu-Jitsu Championship 2017,Adult/Female/Blue/Light-Feather,1,Khrystyna Lykhatska,Atos JJ International
Spanish National Jiu-Jitsu Championship 2017,Adult/Female/Blue/Feather,1,Elsa Moya Sergio,Brazilian Power Team International
Spanish National Jiu-Jitsu Championship 2017,Adult/Female/Blue/Feather,2,Natascha Coerper,CheckMat
Spanish National Jiu-Jitsu Championship 2017,Adult/Female/Blue/Feather,3,Andrea Rodriguez Murciego,Team Jucão Spain
Spanish National Jiu-Jitsu Championship 2017,Adult/Female/Blue/Feather,3,Benedetta Maria Andriani,Juan Neves Bjj A.S.D.
Spanish National Jiu-Jitsu Championship 2017,Adult/Female/Blue/Light,1,Caroline Prill,ECJJA
Spanish National Jiu-Jitsu Championship 2017,Adult/Female/Blue/Light,2,Thamires Monteiro,Ns Brotherhood
Spanish National Jiu-Jitsu Championship 2017,Adult/Female/Blue/Light,3,Manda-marie Miguel-kabeya,PSLPB Cicero Costha
Spanish National Jiu-Jitsu Championship 2017,Adult/Female/Blue/Light,3,Meryxell González Correa,Caio Terra Association
Spanish National Jiu-Jitsu Championship 2017,Adult/Female/Blue/Middle,1,Oyinda Oduntan,CFS BJJ
Spanish National Jiu-Jitsu Championship 2017,Adult/Female/Blue/Middle,2,Emelie Barwe Callas,Art of Roll
Spanish National Jiu-Jitsu Championship 2017,Adult/Female/Blue/Middle,3,Elisabeth Correia Souto Amado,Kombat Klub
Spanish National Jiu-Jitsu Championship 2017,Adult/Female/Blue/Medium-Heavy,1,Ashlea Austin,The MMA Academy Liverpool
Spanish National Jiu-Jitsu Championship 2017,Adult/Female/Blue/Medium-Heavy,2,Sophie Imhof,Roger Gracie Vienna
Spanish National Jiu-Jitsu Championship 2017,Adult/Female/Blue/Heavy,1,Christine Krämer,Luiz Palhares Jiu-Jitsu Europe
Spanish National Jiu-Jitsu Championship 2017,Adult/Female/Blue/Enum_WeightDivision_OpenClass_Label,1,Caroline Prill,ECJJA
Spanish National Jiu-Jitsu Championship 2017,Adult/Female/Blue/Enum_WeightDivision_OpenClass_Label,2,Ashlea Austin,The MMA Academy Liverpool
Spanish National Jiu-Jitsu Championship 2017,Adult/Female/Blue/Enum_WeightDivision_OpenClass_Label,3,Andrea Rodriguez Murciego,Team Jucão Spain
Spanish National Jiu-Jitsu Championship 2017,Adult/Female/Blue/Enum_WeightDivision_OpenClass_Label,3,Meryxell González Correa,Caio Terra Association
Spanish National Jiu-Jitsu Championship 2017,Adult/Female/Purple/Feather,1,Larissa Campos Carvalho,Gracie Reunion
Spanish National Jiu-Jitsu Championship 2017,Adult/Female/Purple/Feather,2,Georgina  Contel Gallego,Atos JJ International
Spanish National Jiu-Jitsu Championship 2017,Adult/Female/Purple/Feather,3,Dimitra Mindrinou,ADAMAS BJJ
Spanish National Jiu-Jitsu Championship 2017,Adult/Female/Purple/Feather,3,Laura Peretti,JS Brazilian Jiu-Jitsu
Spanish National Jiu-Jitsu Championship 2017,Adult/Female/Purple/Light,1,Ffion Eira Davies,ECJJA
Spanish National Jiu-Jitsu Championship 2017,Adult/Female/Purple/Light,2,Maria Luisa Munoz Sanchez,Crazy Team
Spanish National Jiu-Jitsu Championship 2017,Adult/Female/Purple/Light,3,Elena Gil,RFS Team - Carlson Gracie Germany
Spanish National Jiu-Jitsu Championship 2017,Adult/Female/Purple/Middle,1,Eva Gavela Coya,CheckMat
Spanish National Jiu-Jitsu Championship 2017,Adult/Female/Purple/Super-Heavy,1,Katiúscia Yasmira Pires Dias,Brazilian Power Team International
Spanish National Jiu-Jitsu Championship 2017,Adult/Female/Purple/Enum_WeightDivision_OpenClass_Label,1,Ffion Eira Davies,ECJJA
Spanish National Jiu-Jitsu Championship 2017,Adult/Female/Purple/Enum_WeightDivision_OpenClass_Label,2,Dimitra Mindrinou,ADAMAS BJJ
Spanish National Jiu-Jitsu Championship 2017,Adult/Female/Purple/Enum_WeightDivision_OpenClass_Label,3,Georgina  Contel Gallego,Atos JJ International
Spanish National Jiu-Jitsu Championship 2017,Adult/Female/Purple/Enum_WeightDivision_OpenClass_Label,3,Larissa Campos Carvalho,Gracie Reunion
Spanish National Jiu-Jitsu Championship 2017,Adult/Female/Black/Medium-Heavy,1,Claudia Fernanda Onofre V. Doval,De La Riva JJ
Spanish National Jiu-Jitsu Championship 2017,Adult/Female/Black/Medium-Heavy,2,Charlotte von Baumgarten,Mathias Ribeiro Team
Spanish National Jiu-Jitsu Championship 2017,Adult/Female/Black/Enum_WeightDivision_OpenClass_Label,1,Claudia Fernanda Onofre V. Doval,De La Riva JJ
Spanish National Jiu-Jitsu Championship 2017,Adult/Female/Black/Enum_WeightDivision_OpenClass_Label,2,Charlotte von Baumgarten,Mathias Ribeiro Team
Spanish National Jiu-Jitsu Championship 2017,Master1/Male/White/Feather,1,Sulaiman F A S E Alsaleh,GF Team Kuwait
Spanish National Jiu-Jitsu Championship 2017,Master1/Male/White/Feather,2,Jose Ramon Méndez De Paco,De La Riva International
Spanish National Jiu-Jitsu Championship 2017,Master1/Male/White/Feather,3,Charles Lejeune,Gracie Reunion
Spanish National Jiu-Jitsu Championship 2017,Master1/Male/White/Feather,3,Jesus Sobrino,CheckMat
Spanish National Jiu-Jitsu Championship 2017,Master1/Male/White/Light,1,Artem Spirin,Atos JJ International
Spanish National Jiu-Jitsu Championship 2017,Master1/Male/White/Light,2,Oleksandr Kravchenko,Atos JJ International
Spanish National Jiu-Jitsu Championship 2017,Master1/Male/White/Light,3,Victor Muñoz Alcaraz,Titanes BJJ
Spanish National Jiu-Jitsu Championship 2017,Master1/Male/White/Light,3,William Viana Soares,CheckMat
Spanish National Jiu-Jitsu Championship 2017,Master1/Male/White/Middle,1,Saul Pazos Ramírez,Soul Fighters International
Spanish National Jiu-Jitsu Championship 2017,Master1/Male/White/Middle,2,Paulo Alexandre Lopes Alves,Brazilian Power Team International
Spanish National Jiu-Jitsu Championship 2017,Master1/Male/White/Middle,3,Rodrigo Boquete,Camm BJJ
Spanish National Jiu-Jitsu Championship 2017,Master1/Male/White/Heavy,1,Ashkan Salehi,CheckMat
Spanish National Jiu-Jitsu Championship 2017,Master1/Male/White/Heavy,2,David García Bermejo,Team Ganbaru
Spanish National Jiu-Jitsu Championship 2017,Master1/Male/Blue/Light-Feather,1,Alexander Martin Santana,Team Gil Catarino JJ
Spanish National Jiu-Jitsu Championship 2017,Master1/Male/Blue/Light-Feather,2,David Masa Lanchas,Gracie Barra
Spanish National Jiu-Jitsu Championship 2017,Master1/Male/Blue/Light-Feather,3,Chingiz Ibragimov,Strela Team
Spanish National Jiu-Jitsu Championship 2017,Master1/Male/Blue/Light-Feather,3,Jose Maria  Perez Sainz,Mathias Ribeiro Team
Spanish National Jiu-Jitsu Championship 2017,Master1/Male/Blue/Feather,1,Enrique Jose Correa Garcia,Caio Terra Association
Spanish National Jiu-Jitsu Championship 2017,Master1/Male/Blue/Feather,2,Emilio Civanto,Climent club
Spanish National Jiu-Jitsu Championship 2017,Master1/Male/Blue/Feather,3,Juan Carlos Del Pino Padilla,Caio Terra Association
Spanish National Jiu-Jitsu Championship 2017,Master1/Male/Blue/Feather,3,Peter Thomas Davey,CheckMat
Spanish National Jiu-Jitsu Championship 2017,Master1/Male/Blue/Light,1,Adauto Rodrigues de Oliveira,ZR Team Estoril
Spanish National Jiu-Jitsu Championship 2017,Master1/Male/Blue/Light,2,Dario Moliner Tejero,Association Aranha
Spanish National Jiu-Jitsu Championship 2017,Master1/Male/Blue/Light,3,Amicangelo Alexandre,Gracie Barra
Spanish National Jiu-Jitsu Championship 2017,Master1/Male/Blue/Light,3,Cristian Daniel Marin Casanova,Team Caraballo
Spanish National Jiu-Jitsu Championship 2017,Master1/Male/Blue/Middle,1,Luis Cruz Campillo,Gracie Barra JJ
Spanish National Jiu-Jitsu Championship 2017,Master1/Male/Blue/Middle,2,Mario Martin Osuna,Gracie Barra
Spanish National Jiu-Jitsu Championship 2017,Master1/Male/Blue/Middle,3,Ivan Castillo Bravo,Gracie Barra
Spanish National Jiu-Jitsu Championship 2017,Master1/Male/Blue/Heavy,1,Ziggy Micheelsen,CheckMat
Spanish National Jiu-Jitsu Championship 2017,Master1/Male/Blue/Super-Heavy,1,Igor Martinez Rojo,Gracie Barra
Spanish National Jiu-Jitsu Championship 2017,Master1/Male/Blue/Super-Heavy,2,Robert Oates,Mario Sukata International
Spanish National Jiu-Jitsu Championship 2017,Master1/Male/Blue/Super-Heavy,3,Thiago Sartori,Ornellas Team
Spanish National Jiu-Jitsu Championship 2017,Master1/Male/Blue/Ultra-Heavy,1,Christopher C.R. Morgan,The Dungeon BJJ
Spanish National Jiu-Jitsu Championship 2017,Master1/Male/Blue/Enum_WeightDivision_OpenClass_Label,1,Robert Oates,Mario Sukata International
Spanish National Jiu-Jitsu Championship 2017,Master1/Male/Blue/Enum_WeightDivision_OpenClass_Label,2,Adauto Rodrigues de Oliveira,ZR Team Estoril
Spanish National Jiu-Jitsu Championship 2017,Master1/Male/Blue/Enum_WeightDivision_OpenClass_Label,3,Enrique Jose Correa Garcia,Caio Terra Association
Spanish National Jiu-Jitsu Championship 2017,Master1/Male/Blue/Enum_WeightDivision_OpenClass_Label,3,Ziggy Micheelsen,CheckMat
Spanish National Jiu-Jitsu Championship 2017,Master1/Male/Purple/Feather,1,Roberto Nevado Estevez,Mathias Ribeiro Team
Spanish National Jiu-Jitsu Championship 2017,Master1/Male/Purple/Feather,2,Oscar Gavilán Gallego,Gracie Barra
Spanish National Jiu-Jitsu Championship 2017,Master1/Male/Purple/Feather,3,Ibraim Cláudio Castro Ferreira,Icon JJ Team - Porto
Spanish National Jiu-Jitsu Championship 2017,Master1/Male/Purple/Feather,3,Omar González Romero,Team Gil Catarino JJ
Spanish National Jiu-Jitsu Championship 2017,Master1/Male/Purple/Light,1,Paul Francis Mcgillion,CFS BJJ
Spanish National Jiu-Jitsu Championship 2017,Master1/Male/Purple/Light,2,Cristian Rui Wamba,Clube Condor De Jiu Jitsu Spain
Spanish National Jiu-Jitsu Championship 2017,Master1/Male/Purple/Light,3,Andrea Filippa,Lilius Barnatt Martial Arts
Spanish National Jiu-Jitsu Championship 2017,Master1/Male/Purple/Middle,1,Oscar Cubas,Team Ganbaru
Spanish National Jiu-Jitsu Championship 2017,Master1/Male/Purple/Middle,2,Samuel Parker,Reinaldo Ribeiro Team BJJ Association
Spanish National Jiu-Jitsu Championship 2017,Master1/Male/Purple/Middle,3,Emiliano Alfani,Tribe Jiu-Jitsu Roma
Spanish National Jiu-Jitsu Championship 2017,Master1/Male/Purple/Middle,3,Jonathan Lippiatt,Carlson Gracie International
Spanish National Jiu-Jitsu Championship 2017,Master1/Male/Purple/Medium-Heavy,1,Samuel Zamora Zamora Armas,Carlson Gracie International
Spanish National Jiu-Jitsu Championship 2017,Master1/Male/Purple/Medium-Heavy,2,Marco Daniel Eusébio de Abreu,Brazilian Power Team International
Spanish National Jiu-Jitsu Championship 2017,Master1/Male/Purple/Medium-Heavy,3,José Manuel Vélez Miraut,De La Riva / Bremgartner Team
Spanish National Jiu-Jitsu Championship 2017,Master1/Male/Purple/Super-Heavy,1,Ramon Francho Miguel,Crazy Team
Spanish National Jiu-Jitsu Championship 2017,Master1/Male/Purple/Super-Heavy,2,Tonye Rony,BMA France
Spanish National Jiu-Jitsu Championship 2017,Master1/Male/Purple/Ultra-Heavy,1,Gabriel Maria Pavía Noriega,Brazilian Power Team International
Spanish National Jiu-Jitsu Championship 2017,Master1/Male/Purple/Enum_WeightDivision_OpenClass_Label,1,Samuel Zamora Zamora Armas,Carlson Gracie International
Spanish National Jiu-Jitsu Championship 2017,Master1/Male/Purple/Enum_WeightDivision_OpenClass_Label,2,Ramon Francho Miguel,Crazy Team
Spanish National Jiu-Jitsu Championship 2017,Master1/Male/Purple/Enum_WeightDivision_OpenClass_Label,3,Gabriel Maria Pavía Noriega,Brazilian Power Team International
Spanish National Jiu-Jitsu Championship 2017,Master1/Male/Purple/Enum_WeightDivision_OpenClass_Label,3,Marco Daniel Eusébio de Abreu,Brazilian Power Team International
Spanish National Jiu-Jitsu Championship 2017,Master1/Male/Brown/Light,1,Alejandro  Sanchez Mendoza,Caio Terra Association
Spanish National Jiu-Jitsu Championship 2017,Master1/Male/Brown/Light,2,Sixto Fernández Arpón,Mathias Ribeiro Team
Spanish National Jiu-Jitsu Championship 2017,Master1/Male/Brown/Light,3,Pedro Junior da Silva,A.S Team
Spanish National Jiu-Jitsu Championship 2017,Master1/Male/Brown/Medium-Heavy,1,Miguel Quesada Molina,Mathias Ribeiro Team
Spanish National Jiu-Jitsu Championship 2017,Master1/Male/Brown/Medium-Heavy,2,Reinaldo Soriano Bosma,Gracie Barra
Spanish National Jiu-Jitsu Championship 2017,Master1/Male/Brown/Medium-Heavy,3,David Mc Conkey,ECJJA
Spanish National Jiu-Jitsu Championship 2017,Master1/Male/Brown/Medium-Heavy,3,Orlando Doramas Jiménez Santana,Team Gil Catarino JJ
Spanish National Jiu-Jitsu Championship 2017,Master1/Male/Brown/Enum_WeightDivision_OpenClass_Label,1,Miguel Quesada Molina,Mathias Ribeiro Team
Spanish National Jiu-Jitsu Championship 2017,Master1/Male/Brown/Enum_WeightDivision_OpenClass_Label,2,Sixto Fernández Arpón,Mathias Ribeiro Team
Spanish National Jiu-Jitsu Championship 2017,Master1/Male/Brown/Enum_WeightDivision_OpenClass_Label,3,David Mc Conkey,ECJJA
Spanish National Jiu-Jitsu Championship 2017,Master1/Male/Black/Light,1,Daniel Riou Vilhena de Mendonça,Brazilian Power Team International
Spanish National Jiu-Jitsu Championship 2017,Master1/Male/Black/Light,2,Cristhian Espejel Pavon,Reinaldo Ribeiro Team BJJ Association
Spanish National Jiu-Jitsu Championship 2017,Master1/Male/Black/Light,3,Paulo Henrique Polimeno,Flow Martial Arts - Gold Coast
Spanish National Jiu-Jitsu Championship 2017,Master1/Male/Black/Middle,1,Carlos Yeray Garcia Perez,Carlson Gracie International
Spanish National Jiu-Jitsu Championship 2017,Master1/Male/Black/Middle,2,Adolfo Fabricio Barreto Martins Júnior,Nova União
Spanish National Jiu-Jitsu Championship 2017,Master1/Male/Black/Middle,3,Bruno de Lira Nascimento,ZR Team Estoril
Spanish National Jiu-Jitsu Championship 2017,Master1/Male/Black/Medium-Heavy,1,Carlos José Ona Esengue,CheckMat
Spanish National Jiu-Jitsu Championship 2017,Master1/Male/Black/Medium-Heavy,2,Jason Lu-Lian Tan,The MMA Academy Liverpool
Spanish National Jiu-Jitsu Championship 2017,Master1/Male/Black/Medium-Heavy,3,Cleiton Novas Pinheiro,C-Fighter Academy
Spanish National Jiu-Jitsu Championship 2017,Master1/Male/Black/Medium-Heavy,3,Iury Martins Curpentino,Ribeiro Jiu-Jitsu
Spanish National Jiu-Jitsu Championship 2017,Master1/Male/Black/Ultra-Heavy,1,Francisco Ramos Mendes Neto,CheckMat
Spanish National Jiu-Jitsu Championship 2017,Master1/Male/Black/Enum_WeightDivision_OpenClass_Label,1,Carlos José Ona Esengue,CheckMat
Spanish National Jiu-Jitsu Championship 2017,Master1/Male/Black/Enum_WeightDivision_OpenClass_Label,2,Iury Martins Curpentino,Ribeiro Jiu-Jitsu
Spanish National Jiu-Jitsu Championship 2017,Master1/Male/Black/Enum_WeightDivision_OpenClass_Label,3,Bruno de Lira Nascimento,ZR Team Estoril
Spanish National Jiu-Jitsu Championship 2017,Master1/Male/Black/Enum_WeightDivision_OpenClass_Label,3,Jason Lu-Lian Tan,The MMA Academy Liverpool
Spanish National Jiu-Jitsu Championship 2017,Master1/Female/Blue/Light,1,Christina Brauchle,Luiz Palhares Jiu-Jitsu Europe
Spanish National Jiu-Jitsu Championship 2017,Master1/Female/Blue/Light,2,Verónica Vázquez Buendía,Nova União International
Spanish National Jiu-Jitsu Championship 2017,Master1/Female/Blue/Light,3,Patricia Bello Sanz,Gracie Barra
Spanish National Jiu-Jitsu Championship 2017,Master1/Female/Blue/Super-Heavy,1,Nilda Natalia Abraham Horno,CheckMat
Spanish National Jiu-Jitsu Championship 2017,Master1/Female/Blue/Super-Heavy,2,Silvia Scomparin,Jungle BJJ
Spanish National Jiu-Jitsu Championship 2017,Master1/Female/Blue/Enum_WeightDivision_OpenClass_Label,1,Nilda Natalia Abraham Horno,CheckMat
Spanish National Jiu-Jitsu Championship 2017,Master1/Female/Blue/Enum_WeightDivision_OpenClass_Label,2,Patricia Bello Sanz,Gracie Barra
Spanish National Jiu-Jitsu Championship 2017,Master2/Male/White/Feather,1,Jaime Vicente Charameli,Team Gil Catarino JJ
Spanish National Jiu-Jitsu Championship 2017,Master2/Male/White/Feather,2,Jordi Canal Arias,Gracie Barra
Spanish National Jiu-Jitsu Championship 2017,Master2/Male/White/Feather,3,Sergio  Gumiel Gallego,Mathias Ribeiro Team
Spanish National Jiu-Jitsu Championship 2017,Master2/Male/White/Light,1,Oscar Isidro Portero,Crazy Team
Spanish National Jiu-Jitsu Championship 2017,Master2/Male/White/Light,2,Rayco Santos Lugo,Caio Terra Association
Spanish National Jiu-Jitsu Championship 2017,Master2/Male/White/Light,3,Dean Briggs,De La Riva International
Spanish National Jiu-Jitsu Championship 2017,Master2/Male/White/Light,3,Jorge Peteiro Martínez,Nova União International
Spanish National Jiu-Jitsu Championship 2017,Master2/Male/White/Middle,1,Jose Miguel  Catala Alcaraz,Gracie Barra
Spanish National Jiu-Jitsu Championship 2017,Master2/Male/White/Middle,2,Francisco Javier Rover Terron,Crazy Team
Spanish National Jiu-Jitsu Championship 2017,Master2/Male/White/Middle,3,Miguel Marquez,Yamasaki Spain
Spanish National Jiu-Jitsu Championship 2017,Master2/Male/White/Middle,3,Wojciech Sroga,BJJ Globetrotters
Spanish National Jiu-Jitsu Championship 2017,Master2/Male/White/Medium-Heavy,1,Martin Victor Techera Carabajal,BJJ Globetrotters
Spanish National Jiu-Jitsu Championship 2017,Master2/Male/White/Medium-Heavy,2,Peter N Jones,CheckMat
Spanish National Jiu-Jitsu Championship 2017,Master2/Male/White/Super-Heavy,1,Sergey  Bilyk,Mathias Ribeiro Team
Spanish National Jiu-Jitsu Championship 2017,Master2/Male/White/Super-Heavy,2,Guillermo Montes González,Soul Fighters International
Spanish National Jiu-Jitsu Championship 2017,Master2/Male/White/Super-Heavy,3,Zhelyo Lachezarov,Atos JJ International
Spanish National Jiu-Jitsu Championship 2017,Master2/Male/Blue/Feather,1,Ricardo Miguel Monteiro Cruz,Pantera Negra Jiu-Jitsu
Spanish National Jiu-Jitsu Championship 2017,Master2/Male/Blue/Feather,2,Mario Tirado,Team Gil Catarino JJ
Spanish National Jiu-Jitsu Championship 2017,Master2/Male/Blue/Light,1,Mikheil Zavrashvili,Mathias Ribeiro Team
Spanish National Jiu-Jitsu Championship 2017,Master2/Male/Blue/Light,2,Raphael Veras DA Silva,Roger Gracie Academy
Spanish National Jiu-Jitsu Championship 2017,Master2/Male/Blue/Light,3,Francesco Mininni,CheckMat
Spanish National Jiu-Jitsu Championship 2017,Master2/Male/Blue/Light,3,Jose Abel Rodriguez Lorenzo,CheckMat
Spanish National Jiu-Jitsu Championship 2017,Master2/Male/Blue/Middle,1,Pablo  De Gorriño Jimenez,Taz BJJ
Spanish National Jiu-Jitsu Championship 2017,Master2/Male/Blue/Middle,2,Itamar Franco Franco Franco,Mathias Ribeiro Team
Spanish National Jiu-Jitsu Championship 2017,Master2/Male/Blue/Middle,3,Edgar Medina Rodriguez,Fabio Santos BJJ
Spanish National Jiu-Jitsu Championship 2017,Master2/Male/Blue/Middle,3,Luis Hernando Grisales Gonzalez,Crazy Team
Spanish National Jiu-Jitsu Championship 2017,Master2/Male/Blue/Medium-Heavy,1,Murat  Efendi,Pound for Pound Deutschland
Spanish National Jiu-Jitsu Championship 2017,Master2/Male/Blue/Medium-Heavy,2,Christopher Victor Mvuaba,NU Europa
Spanish National Jiu-Jitsu Championship 2017,Master2/Male/Blue/Medium-Heavy,3,Antonio  Garrido Servant,Gracie Barra
Spanish National Jiu-Jitsu Championship 2017,Master2/Male/Blue/Medium-Heavy,3,Rowan Bailey,Team Lagarto B
Spanish National Jiu-Jitsu Championship 2017,Master2/Male/Blue/Ultra-Heavy,1,Plamen Nikolov,Mathias Ribeiro Team
Spanish National Jiu-Jitsu Championship 2017,Master2/Male/Blue/Ultra-Heavy,2,Jacobo Santanaaraya,Team Gil Catarino JJ
Spanish National Jiu-Jitsu Championship 2017,Master2/Male/Blue/Ultra-Heavy,3,Israel Medina Torres,Reinaldo Ribeiro Team BJJ Association
Spanish National Jiu-Jitsu Championship 2017,Master2/Male/Blue/Ultra-Heavy,3,Jesus Barba Carrasco,CheckMat
Spanish National Jiu-Jitsu Championship 2017,Master2/Male/Blue/Enum_WeightDivision_OpenClass_Label,1,Murat  Efendi,Pound for Pound Deutschland
Spanish National Jiu-Jitsu Championship 2017,Master2/Male/Blue/Enum_WeightDivision_OpenClass_Label,2,Mikheil Zavrashvili,Mathias Ribeiro Team
Spanish National Jiu-Jitsu Championship 2017,Master2/Male/Blue/Enum_WeightDivision_OpenClass_Label,3,Christopher Victor Mvuaba,NU Europa
Spanish National Jiu-Jitsu Championship 2017,Master2/Male/Blue/Enum_WeightDivision_OpenClass_Label,3,Israel Medina Torres,Reinaldo Ribeiro Team BJJ Association
Spanish National Jiu-Jitsu Championship 2017,Master2/Male/Purple/Light,1,Manuel Trigo Mateo,Mathias Ribeiro Team
Spanish National Jiu-Jitsu Championship 2017,Master2/Male/Purple/Medium-Heavy,1,Carlos Henrique Ramos Dos Santos,CheckMat
Spanish National Jiu-Jitsu Championship 2017,Master2/Male/Purple/Medium-Heavy,2,Paulo César Pereira Soares,Brazilian Power Team International
Spanish National Jiu-Jitsu Championship 2017,Master2/Male/Purple/Medium-Heavy,3,Antonio Mesa Garcia,De La Riva / Bremgartner Team
Spanish National Jiu-Jitsu Championship 2017,Master2/Male/Purple/Heavy,1,Seth Black,Combat Arts Strength and Conditioning
Spanish National Jiu-Jitsu Championship 2017,Master2/Male/Purple/Heavy,2,sergio arriero entrena,Team Gil Catarino JJ
Spanish National Jiu-Jitsu Championship 2017,Master2/Male/Purple/Heavy,3,Francisco Javier Franco Amelibia,Ribeiro Jiu-Jitsu
Spanish National Jiu-Jitsu Championship 2017,Master2/Male/Purple/Ultra-Heavy,1,Troels Sigvardt,CheckMat
Spanish National Jiu-Jitsu Championship 2017,Master2/Male/Purple/Ultra-Heavy,2,Jeremy Workman,Marcio Cruz Brazilian Jiu-Jitsu
Spanish National Jiu-Jitsu Championship 2017,Master2/Male/Purple/Enum_WeightDivision_OpenClass_Label,1,Carlos Henrique Ramos Dos Santos,CheckMat
Spanish National Jiu-Jitsu Championship 2017,Master2/Male/Purple/Enum_WeightDivision_OpenClass_Label,2,Troels Sigvardt,CheckMat
Spanish National Jiu-Jitsu Championship 2017,Master2/Male/Purple/Enum_WeightDivision_OpenClass_Label,3,Manuel Trigo Mateo,Mathias Ribeiro Team
Spanish National Jiu-Jitsu Championship 2017,Master2/Male/Purple/Enum_WeightDivision_OpenClass_Label,3,Seth Black,Combat Arts Strength and Conditioning
Spanish National Jiu-Jitsu Championship 2017,Master2/Male/Brown/Feather,1,Héctor Rodriguez Rivada,Team Jucão Spain
Spanish National Jiu-Jitsu Championship 2017,Master2/Male/Brown/Feather,2,Bruno Navarro,Mathias Ribeiro Team
Spanish National Jiu-Jitsu Championship 2017,Master2/Male/Brown/Super-Heavy,1,Matteo Pagani,CheckMat
Spanish National Jiu-Jitsu Championship 2017,Master2/Male/Brown/Super-Heavy,2,Manuel Canovas,Climent club
Spanish National Jiu-Jitsu Championship 2017,Master2/Male/Brown/Enum_WeightDivision_OpenClass_Label,1,Matteo Pagani,CheckMat
Spanish National Jiu-Jitsu Championship 2017,Master2/Male/Brown/Enum_WeightDivision_OpenClass_Label,2,Manuel Canovas,Climent club
Spanish National Jiu-Jitsu Championship 2017,Master2/Male/Brown/Enum_WeightDivision_OpenClass_Label,3,Héctor Rodriguez Rivada,Team Jucão Spain
Spanish National Jiu-Jitsu Championship 2017,Master2/Male/Black/Light-Feather,1,Gil Sandro Justino Porto,Team Gil Catarino JJ
Spanish National Jiu-Jitsu Championship 2017,Master2/Male/Black/Feather,1,Alexsandro Silva de Almeida,Gracie Barra
Spanish National Jiu-Jitsu Championship 2017,Master2/Male/Black/Feather,2,Ricardo Silva Chain,Brazilian Power Team International
Spanish National Jiu-Jitsu Championship 2017,Master2/Male/Black/Feather,3,Antônio Rodrigues P. Neto,Pantera Negra Jiu-Jitsu
Spanish National Jiu-Jitsu Championship 2017,Master2/Male/Black/Light,1,Rodrigo  Viscaino Gorgolini,Gracie Barra
Spanish National Jiu-Jitsu Championship 2017,Master2/Male/Black/Middle,1,Ademir Ribeiro de Araujo,Brazilian Power Team International
Spanish National Jiu-Jitsu Championship 2017,Master2/Male/Black/Middle,2,Alberto Bremgartner Neto,De La Riva JJ
Spanish National Jiu-Jitsu Championship 2017,Master2/Male/Black/Middle,3,Walter Daniel J. Camarinho Franca,Gracie Barra
Spanish National Jiu-Jitsu Championship 2017,Master2/Male/Black/Medium-Heavy,1,Ricardo Wagner de Oliveira,CheckMat
Spanish National Jiu-Jitsu Championship 2017,Master2/Male/Black/Heavy,1,Igor Araújo Ferreira de Castro,Gracie Barra
Spanish National Jiu-Jitsu Championship 2017,Master2/Male/Black/Heavy,2,Otavio Oscar Luz de Paula,Clube Condor De Jiu Jitsu Spain
Spanish National Jiu-Jitsu Championship 2017,Master2/Male/Black/Super-Heavy,1,Sergio Moro Filho,Gracie Barra
Spanish National Jiu-Jitsu Championship 2017,Master2/Male/Black/Super-Heavy,2,Pablo Tees Leite,Emirates Jiu-Jitsu Center
Spanish National Jiu-Jitsu Championship 2017,Master2/Male/Black/Enum_WeightDivision_OpenClass_Label,1,Pablo Tees Leite,Emirates Jiu-Jitsu Center
Spanish National Jiu-Jitsu Championship 2017,Master2/Male/Black/Enum_WeightDivision_OpenClass_Label,2,Sergio Moro Filho,Gracie Barra
Spanish National Jiu-Jitsu Championship 2017,Master2/Male/Black/Enum_WeightDivision_OpenClass_Label,3,Igor Araújo Ferreira de Castro,Gracie Barra
Spanish National Jiu-Jitsu Championship 2017,Master2/Male/Black/Enum_WeightDivision_OpenClass_Label,3,Ricardo Wagner de Oliveira,CheckMat
Spanish National Jiu-Jitsu Championship 2017,Master3/Male/Blue/Light,1,Manuel Ferrer,Dynamix Fighting Sports
Spanish National Jiu-Jitsu Championship 2017,Master3/Male/Blue/Light,2,Arturo Dahlander Varela,Mathias Ribeiro Team
Spanish National Jiu-Jitsu Championship 2017,Master3/Male/Blue/Middle,1,Antonio Angel Hernandez De Armas,Caio Terra Association
Spanish National Jiu-Jitsu Championship 2017,Master3/Male/Blue/Middle,2,Jesus Cuesta,Mathias Ribeiro Team
Spanish National Jiu-Jitsu Championship 2017,Master3/Male/Blue/Medium-Heavy,1,Francisco Botí,Gracie Barra
Spanish National Jiu-Jitsu Championship 2017,Master3/Male/Blue/Heavy,1,Vicente Lozano,Roger Gracie España
Spanish National Jiu-Jitsu Championship 2017,Master3/Male/Blue/Heavy,2,Juan San Nicolás Pérez,Titanes BJJ
Spanish National Jiu-Jitsu Championship 2017,Master3/Male/Blue/Enum_WeightDivision_OpenClass_Label,1,Antonio Angel Hernandez De Armas,Caio Terra Association
Spanish National Jiu-Jitsu Championship 2017,Master3/Male/Blue/Enum_WeightDivision_OpenClass_Label,2,Juan San Nicolás Pérez,Titanes BJJ
Spanish National Jiu-Jitsu Championship 2017,Master3/Male/Blue/Enum_WeightDivision_OpenClass_Label,3,Francisco Botí,Gracie Barra
Spanish National Jiu-Jitsu Championship 2017,Master3/Male/Blue/Enum_WeightDivision_OpenClass_Label,3,Jesus Cuesta,Mathias Ribeiro Team
Spanish National Jiu-Jitsu Championship 2017,Master3/Male/Purple/Super-Heavy,1,Wilson Roberto Silva Junior,Alliance SP
Spanish National Jiu-Jitsu Championship 2017,Master3/Male/Purple/Enum_WeightDivision_OpenClass_Label,1,Wilson Roberto Silva Junior,Alliance SP
Spanish National Jiu-Jitsu Championship 2017,Master3/Male/Brown/Light,1,Pedro Miguel Freire Fernandes,Brazilian Power Team
Spanish National Jiu-Jitsu Championship 2017,Master3/Male/Brown/Light,2,David Saavedra Yuste,Team Gil Catarino JJ
Spanish National Jiu-Jitsu Championship 2017,Master3/Male/Brown/Enum_WeightDivision_OpenClass_Label,1,David Saavedra Yuste,Team Gil Catarino JJ
Spanish National Jiu-Jitsu Championship 2017,Master3/Male/Black/Light,1,Diego Cabrera Mercado,Team Gil Catarino JJ
Spanish National Jiu-Jitsu Championship 2017,Master3/Male/Black/Light,2,Alex Souto de Souza,De Souza Dojo
Spanish National Jiu-Jitsu Championship 2017,Master3/Male/Black/Middle,1,André Luis Monroy Ushirobira,Ushirobira JJ
Spanish National Jiu-Jitsu Championship 2017,Master3/Male/Black/Middle,2,Sergio Cabrera Mercado,Team Gil Catarino JJ
Spanish National Jiu-Jitsu Championship 2017,Master3/Male/Black/Medium-Heavy,1,Lucio de Sousa Monte Alto,Alliance Sul
Spanish National Jiu-Jitsu Championship 2017,Master3/Male/Black/Heavy,1,Jose Miguel Tamayo Mejias,Clube Condor De Jiu Jitsu Spain
Spanish National Jiu-Jitsu Championship 2017,Master3/Male/Black/Heavy,2,David Robert Iverson,Gracie Barra
Spanish National Jiu-Jitsu Championship 2017,Master3/Male/Black/Heavy,3,Fernando Antonio Pereira Kamp,Equipe Totti Jiu-Jitsu
Spanish National Jiu-Jitsu Championship 2017,Master3/Male/Black/Super-Heavy,1,Carlos Evandro Albernaz M. Neto,A.S Team
Spanish National Jiu-Jitsu Championship 2017,Master3/Male/Black/Super-Heavy,2,Ronaldo Viegas da Silva,Clube Condor De Jiu Jitsu Spain
Spanish National Jiu-Jitsu Championship 2017,Master3/Male/Black/Enum_WeightDivision_OpenClass_Label,1,André Luis Monroy Ushirobira,Ushirobira JJ
Spanish National Jiu-Jitsu Championship 2017,Master3/Male/Black/Enum_WeightDivision_OpenClass_Label,2,Carlos Evandro Albernaz M. Neto,A.S Team
Spanish National Jiu-Jitsu Championship 2017,Master3/Male/Black/Enum_WeightDivision_OpenClass_Label,3,David Robert Iverson,Gracie Barra
Spanish National Jiu-Jitsu Championship 2017,Master3/Male/Black/Enum_WeightDivision_OpenClass_Label,3,Sergio Cabrera Mercado,Team Gil Catarino JJ
Spanish National Jiu-Jitsu Championship 2017,Master4/Male/Purple/Middle,1,Jonathan Evans,CheckMat
Spanish National Jiu-Jitsu Championship 2017,Master4/Male/Purple/Medium-Heavy,1,marcelo  gonçalves da silva,Mathias Ribeiro Team
Spanish National Jiu-Jitsu Championship 2017,Master4/Male/Purple/Enum_WeightDivision_OpenClass_Label,1,Jonathan Evans,CheckMat
Spanish National Jiu-Jitsu Championship 2017,Master4/Male/Brown/Light,1,Juan Manuel Campillo Rodriguez,Roger Gracie España
Spanish National Jiu-Jitsu Championship 2017,Master4/Male/Brown/Light,2,Florencio Valdeavero Garcia,Mathias Ribeiro Team
Spanish National Jiu-Jitsu Championship 2017,Master4/Male/Black/Medium-Heavy,1,Antonio Nascimento de Oliveira Filho,Jazzy Fight Club
Spanish National Jiu-Jitsu Championship 2017,Master4/Male/Black/Medium-Heavy,2,Jose Miguel Garcia Madueño,Titanes BJJ
Spanish National Jiu-Jitsu Championship 2017,Master4/Male/Black/Enum_WeightDivision_OpenClass_Label,1,Antonio Nascimento de Oliveira Filho,Jazzy Fight Club
Spanish National Jiu-Jitsu Championship 2017,Master4/Male/Black/Enum_WeightDivision_OpenClass_Label,2,Jose Miguel Garcia Madueño,Titanes BJJ
Spanish National Jiu-Jitsu Championship 2017,Master5/Male/Blue/Light,1,Paul Malcolm,Icon Jiu-Jitsu Team
Spanish National Jiu-Jitsu Championship 2017,Master5/Male/Blue/Enum_WeightDivision_OpenClass_Label,1,Paul Malcolm,Icon Jiu-Jitsu Team
Spanish National Jiu-Jitsu Championship 2017,Juvenile/Male/Blue/Feather,1,André Filipe de Camacho Lopes Regalado,Pantera Negra Jiu-Jitsu
Spanish National Jiu-Jitsu Championship 2017,Juvenile/Male/Blue/Light,1,Ivan Fábio Carvalho,Gracie Barra
Spanish National Jiu-Jitsu Championship 2017,Juvenile/Male/Blue/Medium-Heavy,1,Leroy Haim,Atos Jerusalem
Spanish National Jiu-Jitsu Championship 2017,Juvenile/Male/Blue/Enum_WeightDivision_OpenClass_Label,1,André Filipe de Camacho Lopes Regalado,Pantera Negra Jiu-Jitsu
Spanish National Jiu-Jitsu Championship 2017,Juvenile/Male/Blue/Enum_WeightDivision_OpenClass_Label,2,Ivan Fábio Carvalho,Gracie Barra
Spanish National Jiu-Jitsu Championship 2017,Juvenile/Male/Blue/Enum_WeightDivision_OpenClass_Label,1,Leroy Haim,Atos Jerusalem
Spanish National Jiu-Jitsu Championship 2017,Juvenile/Female/Blue/Medium-Heavy,1,Lygia Marie-Luc Tavares,Youngzilion Jiu-Jitsu
Spanish National Jiu-Jitsu Championship 2017,Juvenile/Female/Blue/Medium-Heavy,2,Alicia Alonso Conde,CheckMat
Spanish National Jiu-Jitsu Championship 2017,Juvenile/Female/Blue/Medium-Heavy,3,Alejandra Requena,CheckMat
Spanish National Jiu-Jitsu Championship 2017,Juvenile/Female/Blue/Enum_WeightDivision_OpenClass_Label,1,Alejandra Requena,CheckMat
Spanish National Jiu-Jitsu Championship 2017,Juvenile/Female/Blue/Enum_WeightDivision_OpenClass_Label,2,Lygia Marie-Luc Tavares,Youngzilion Jiu-Jitsu
Spanish National Jiu-Jitsu Championship 2017,Juvenile/Female/Blue/Enum_WeightDivision_OpenClass_Label,3,Alicia Alonso Conde,CheckMat
