Paris International Open 2014,Juvenile/Male/White/Middle,1,Mabast Hussein,Carlson Gracie Team
Paris International Open 2014,Juvenile/Male/White/Middle,2,Juan Alvaro Pocheville Irusta,Blakz Team
Paris International Open 2014,Juvenile/Male/Blue/Light-Feather,1,Usman Jindy Dylan Rahman,Brasa/99
Paris International Open 2014,Juvenile/Male/Blue/Middle,1,Detemmerman Amaury,Yaware
Paris International Open 2014,Juvenile/Male/Blue/Middle,2,Camil Neil Belmaachi,Fight Sports International
Paris International Open 2014,Juvenile/Male/Blue/Middle,3,Cameron Pallatt,Icon BJJ
Paris International Open 2014,Juvenile/Male/Blue/Medium-Heavy,1,Berk Ekensoy,BJJ Globetrotters
Paris International Open 2014,Juvenile/Male/Blue/Heavy,1,Gniewomir Wisniewski,Zenith BJJ - Poland
Paris International Open 2014,Juvenile/Male/Blue/OpenClass,1,Detemmerman Amaury,Yaware
Paris International Open 2014,Juvenile/Male/Blue/OpenClass,2,Gniewomir Wisniewski,Zenith BJJ - Poland
Paris International Open 2014,Juvenile/Male/Blue/OpenClass,3,Cameron Pallatt,Icon BJJ
Paris International Open 2014,Juvenile/Male/Blue/OpenClass,3,Camil Neil Belmaachi,Fight Sports International
Paris International Open 2014,Juvenile/Female/Blue/Feather,1,Ashley Louise Bendle,Gracie Barra
Paris International Open 2014,Juvenile/Female/Blue/Feather,2,Ulrika Filippa Koski,Hilti BJJ Stockholm
Paris International Open 2014,Adult/Male/White/Light-Feather,1,Adil Salhi,Jackson Paulo Team
Paris International Open 2014,Adult/Male/White/Light-Feather,2,Alberis Florencio Da Silva,Carlson Gracie Team
Paris International Open 2014,Adult/Male/White/Light-Feather,3,anthony galaponolivas,Coalition 95
Paris International Open 2014,Adult/Male/White/Light-Feather,3,Jerome Martinez,CheckMat
Paris International Open 2014,Adult/Male/White/Feather,1,Marco Perna,Frota Team
Paris International Open 2014,Adult/Male/White/Feather,2,Hakim Mazari,Frontline Academy
Paris International Open 2014,Adult/Male/White/Feather,3,Dan Bergenholtz,Dynamix Fighting Sports
Paris International Open 2014,Adult/Male/White/Feather,3,Rashad Hajiyev,BJJ Globetrotters
Paris International Open 2014,Adult/Male/White/Light,1,Igor Salvador Sanches de Pina,Gracie Barra JJ
Paris International Open 2014,Adult/Male/White/Light,2,Oleksandr Karpenko,Gracie Barra
Paris International Open 2014,Adult/Male/White/Light,3,Pablo Estepa,Mirkovic BJJ Croatia
Paris International Open 2014,Adult/Male/White/Light,3,Thomas Kessler,Nova União
Paris International Open 2014,Adult/Male/White/Middle,1,Dupont Boris,Nova União
Paris International Open 2014,Adult/Male/White/Middle,2,Juan Tanausu Garcia Melian,Carlson Gracie Team
Paris International Open 2014,Adult/Male/White/Middle,3,Michal Cabaj,Team Trondheim BJJ
Paris International Open 2014,Adult/Male/White/Middle,3,Salvatore Guarascio,Carlson Gracie Team
Paris International Open 2014,Adult/Male/White/Medium-Heavy,1,Kjetil Lydvo,Frontline Academy
Paris International Open 2014,Adult/Male/White/Medium-Heavy,2,Sacha Aaron McClean,Alliance Marcelo Garcia
Paris International Open 2014,Adult/Male/White/Medium-Heavy,3,Andrew Derek Rowe,Carlson Gracie Team
Paris International Open 2014,Adult/Male/White/Medium-Heavy,3,Konstantin Aznabaev,Stone Fight
Paris International Open 2014,Adult/Male/White/Heavy,1,Ilya Anisimov,Caio Terra Association
Paris International Open 2014,Adult/Male/White/Heavy,2,Joho Olivier,Academie Pythagore
Paris International Open 2014,Adult/Male/White/Heavy,3,Lothaire Epee,RCP Jiu Jitsu
Paris International Open 2014,Adult/Male/White/Heavy,3,Reda Hamzaoui,GF Team France
Paris International Open 2014,Adult/Male/White/Ultra-Heavy,1,igor Vuanda Nsumbu,Fabricio JJ International
Paris International Open 2014,Adult/Male/White/Ultra-Heavy,2,Eric Hammel,Icon BJJ
Paris International Open 2014,Adult/Female/White/Light-Feather,1,Leia French,Hilti BJJ Lohja
Paris International Open 2014,Adult/Female/White/Light-Feather,2,Emmanuelle Bernard-jacquet,Academie Pythagore
Paris International Open 2014,Adult/Female/White/Light-Feather,3,Angélica peña Torres,Association Aranha
Paris International Open 2014,Adult/Female/White/Feather,1,Josephine Sondlo,Viva Zapata Jiu Jitsu
Paris International Open 2014,Adult/Female/White/Feather,2,Melany Tavares de carvalho,Icon BJJ
Paris International Open 2014,Adult/Female/White/Feather,3,GREGOIRE fiona,Cercle Tissier
Paris International Open 2014,Adult/Female/White/Feather,3,Selyn Fararuni,Frontline Academy
Paris International Open 2014,Adult/Female/White/Light,1,Anaelle Le Dorze,Ribeiro Jiu-Jitsu France
Paris International Open 2014,Adult/Female/White/Light,2,Johanna Ingrid Elisabeth Thulin,Carlson Gracie Team
Paris International Open 2014,Adult/Female/White/Light,3,Emelie Tärnfalk,Hilti BJJ Stockholm
Paris International Open 2014,Adult/Female/White/Light,3,Johanna B. Backlund,Frontline Academy
Paris International Open 2014,Adult/Female/White/Middle,1,Anissa Haddaoui,Gracie Barra
Paris International Open 2014,Adult/Female/White/Middle,2,Carla Vagland,Dynamix Fighting Sports
Paris International Open 2014,Adult/Female/White/Middle,3,Chevon Workman,Marcio Cruz BJJ
Paris International Open 2014,Adult/Female/White/Middle,3,Nicole Lefel,Bad Boys JJ
Paris International Open 2014,Adult/Female/White/Medium-Heavy,1,Nadine Laarman,Gracie Barra
Paris International Open 2014,Adult/Female/White/Medium-Heavy,2,Aleksandra Papirnaya,Ribeiro Jiu-Jitsu International
Paris International Open 2014,Adult/Female/White/Medium-Heavy,3,Ishtar Ali Kamel Obaid,UAE Jiu-jitsu Team
Paris International Open 2014,Adult/Female/White/Medium-Heavy,3,Jasmin Müller,Icon BJJ
Paris International Open 2014,Adult/Female/White/Heavy,1,Elizabeth Slone,Marcio Cruz BJJ
Paris International Open 2014,Adult/Male/Blue/Rooster,1,Mehdi Louis Nordine Allaoui,GF Team France
Paris International Open 2014,Adult/Male/Blue/Rooster,2,Emerson Cassio Monteiro Da Silva,Academie Pythagore
Paris International Open 2014,Adult/Male/Blue/Rooster,3,Alberto Alamia,Accademia Kama
Paris International Open 2014,Adult/Male/Blue/Rooster,3,Vincent Devynck,Jackson Paulo Team
Paris International Open 2014,Adult/Male/Blue/Light-Feather,1,Huseyn Eldar Ogly Abaszada,Frontline Academy
Paris International Open 2014,Adult/Male/Blue/Light-Feather,2,Mihai Handrea,Absoluto BJJ
Paris International Open 2014,Adult/Male/Blue/Light-Feather,3,Andrew Sill,BJJ Globetrotters
Paris International Open 2014,Adult/Male/Blue/Light-Feather,3,Conor Pallatt,Icon BJJ
Paris International Open 2014,Adult/Male/Blue/Feather,1,Abbas Haidar,Submission Team
Paris International Open 2014,Adult/Male/Blue/Feather,2,Marcus John Phelan,Ribeiro Jiu-Jitsu
Paris International Open 2014,Adult/Male/Blue/Feather,3,Danny Pla,Tropa de Elite
Paris International Open 2014,Adult/Male/Blue/Feather,3,Gabriel Soares Vale de Castro,Gracie Barra
Paris International Open 2014,Adult/Male/Blue/Light,1,Aricat  Maxime,Gracie Barra JJ
Paris International Open 2014,Adult/Male/Blue/Light,2,Michael Woodhall,CFS BJJ
Paris International Open 2014,Adult/Male/Blue/Light,3,Adrian Svarstad,Frontline Academy
Paris International Open 2014,Adult/Male/Blue/Light,3,Matheus Francisco Lutes (repetido 124197),Gracie Barra
Paris International Open 2014,Adult/Male/Blue/Middle,1,Diego Almeida Ferreira,Cei BJJ
Paris International Open 2014,Adult/Male/Blue/Middle,2,Janis Riekstins,Carlson Gracie Team
Paris International Open 2014,Adult/Male/Blue/Middle,3,Mebtouche Reda,Submission Team
Paris International Open 2014,Adult/Male/Blue/Middle,3,Thomas Christian Chaulet,Academie Pythagore
Paris International Open 2014,Adult/Male/Blue/Medium-Heavy,1,Euclides Florival Ferreira de Castro,Brazilian Power Team
Paris International Open 2014,Adult/Male/Blue/Medium-Heavy,2,Steven David Playfair,Rick Young BJJ Academy
Paris International Open 2014,Adult/Male/Blue/Medium-Heavy,3,Christofer Eleazar García De Ara,Ases Jiu Jitsu
Paris International Open 2014,Adult/Male/Blue/Medium-Heavy,3,jihed ouni,Fabricio International Team - FIT
Paris International Open 2014,Adult/Male/Blue/Heavy,1,Romuald François Bitterolf,Academie Pythagore
Paris International Open 2014,Adult/Male/Blue/Heavy,2,Ghenadie Popa,Fratelli Leteri - Brazilian Jiu-Jitsu
Paris International Open 2014,Adult/Male/Blue/Heavy,3,Fawaz Haddadin,Team Mirza
Paris International Open 2014,Adult/Male/Blue/Heavy,3,Valerio Pistarà,Tribe Jiu-Jitsu Roma
Paris International Open 2014,Adult/Male/Blue/Super-Heavy,1,Andrey Kupreev,Gymnasium
Paris International Open 2014,Adult/Male/Blue/Super-Heavy,2,Mikel Uribe Bocos,Juquinha International Jiu-Jitsu
Paris International Open 2014,Adult/Male/Blue/Super-Heavy,3,Alexander Liahagen,Frontline Academy Drammen
Paris International Open 2014,Adult/Male/Blue/Super-Heavy,3,joseba urrutxurtu,Juquinha International Jiu-Jitsu
Paris International Open 2014,Adult/Male/Blue/Ultra-Heavy,1,Seif-Eddine Houmine,Jackson Paulo Team
Paris International Open 2014,Adult/Male/Blue/Ultra-Heavy,2,Volkan Oezdemir,Fight Move BJJ
Paris International Open 2014,Adult/Male/Blue/Ultra-Heavy,3,Darrell Henwood,Gracie Barra
Paris International Open 2014,Adult/Male/Blue/Ultra-Heavy,3,Thomas Jones,Escola de JJ Leão Teixeira
Paris International Open 2014,Adult/Male/Blue/OpenClass,1,Seif-Eddine Houmine,Jackson Paulo Team
Paris International Open 2014,Adult/Male/Blue/OpenClass,2,Diego Almeida Ferreira,Cei BJJ
Paris International Open 2014,Adult/Male/Blue/OpenClass,3,Matheus Francisco Lutes (repetido 124197),Gracie Barra
Paris International Open 2014,Adult/Male/Blue/OpenClass,3,Valerio Pistarà,Tribe Jiu-Jitsu Roma
Paris International Open 2014,Adult/Female/Blue/Feather,1,MERLIER annabel,Cercle Tissier
Paris International Open 2014,Adult/Female/Blue/Feather,2,Sirlei Costa (REPETIDO 50419),Nova União
Paris International Open 2014,Adult/Female/Blue/Feather,3,Anja Bergo,Frontline Academy
Paris International Open 2014,Adult/Female/Blue/Feather,3,Lauriane Alicia Christiane Thurin,Gracie Barra
Paris International Open 2014,Adult/Female/Blue/Light,1,Ffion Eira Davies,Gracie Barra
Paris International Open 2014,Adult/Female/Blue/Light,2,Danielle Parkinson,Gracie Barra
Paris International Open 2014,Adult/Female/Blue/Light,3,Lindsay Dieleman,Reding Martial Arts
Paris International Open 2014,Adult/Female/Blue/Middle,1,Katerina Nischenko,Blakz Team
Paris International Open 2014,Adult/Female/Blue/Middle,2,Fernanda Rodrigues Dos Santos,Nova União
Paris International Open 2014,Adult/Female/Blue/Medium-Heavy,1,Vanessa Maria  Varela Pereira (repetido 77125),Nova União
Paris International Open 2014,Adult/Female/Blue/Medium-Heavy,2,ashley florence,Brasa Caio Terra
Paris International Open 2014,Adult/Female/Blue/OpenClass,1,Katerina Nischenko,Blakz Team
Paris International Open 2014,Adult/Female/Blue/OpenClass,2,Vanessa Maria  Varela Pereira (repetido 77125),Nova União
Paris International Open 2014,Adult/Female/Blue/OpenClass,3,Danielle Parkinson,Gracie Barra
Paris International Open 2014,Adult/Female/Blue/OpenClass,3,Fernanda Rodrigues Dos Santos,Nova União
Paris International Open 2014,Adult/Male/Purple/Light-Feather,1,Anthony Guy De Oliveira,Werdum Combat Team Spain
Paris International Open 2014,Adult/Male/Purple/Light-Feather,2,david prescott,Gracie Barra
Paris International Open 2014,Adult/Male/Purple/Light-Feather,3,Mathias Campillo,PS Phoenix BJJ International
Paris International Open 2014,Adult/Male/Purple/Light-Feather,3,Trevor Simon,Gracie Barra
Paris International Open 2014,Adult/Male/Purple/Feather,1,Lee Renaut,Carlson Gracie Team
Paris International Open 2014,Adult/Male/Purple/Feather,2,James Daniel Costa,Carlson Gracie Team
Paris International Open 2014,Adult/Male/Purple/Feather,3,Alejandro Carreras Lecoq,Climent club
Paris International Open 2014,Adult/Male/Purple/Feather,3,Sani Osseiran,Alliance International
Paris International Open 2014,Adult/Male/Purple/Light,1,Alan Ciku,Samy Al Jamal - FIT Jiu-Jitsu
Paris International Open 2014,Adult/Male/Purple/Light,2,Arthur Mancini,Samy Al Jamal - FIT Jiu-Jitsu
Paris International Open 2014,Adult/Male/Purple/Light,3,Jaak Rudov,SBG International (SBGI)
Paris International Open 2014,Adult/Male/Purple/Light,3,Steffen Torp,Team Trondheim BJJ
Paris International Open 2014,Adult/Male/Purple/Middle,1,Leo Graf,Alliance Atlanta
Paris International Open 2014,Adult/Male/Purple/Middle,2,Luis Gil,CheckMat
Paris International Open 2014,Adult/Male/Purple/Middle,3,Dioume Garvey Sangare,RCP Jiu Jitsu
Paris International Open 2014,Adult/Male/Purple/Middle,3,Walter Ruben Antonio Faustino,Gracie Humaita International
Paris International Open 2014,Adult/Male/Purple/Medium-Heavy,1,Adam Wardzinski,Brasa Poland
Paris International Open 2014,Adult/Male/Purple/Medium-Heavy,2,Lewis Long,Gracie Barra
Paris International Open 2014,Adult/Male/Purple/Medium-Heavy,3,River Blue Dillon,Carlson Gracie Team
Paris International Open 2014,Adult/Male/Purple/Medium-Heavy,3,skander ouni,Fabricio International Team - FIT
Paris International Open 2014,Adult/Male/Purple/Heavy,1,Danny Andre Feliz Capitao,Icon BJJ
Paris International Open 2014,Adult/Male/Purple/Heavy,2,Johan Amberntsson,Alliance Atlanta
Paris International Open 2014,Adult/Male/Purple/Heavy,3,Adolfo Daniel Correia,Z1 Angola
Paris International Open 2014,Adult/Male/Purple/Heavy,3,Florent Paul Minguet,Gracie Barra
Paris International Open 2014,Adult/Male/Purple/Super-Heavy,1,Eldar Rafigaev,Jungle BJJ
Paris International Open 2014,Adult/Male/Purple/Super-Heavy,2,Ronaldo de Jesus Santos,Nova União
Paris International Open 2014,Adult/Male/Purple/Super-Heavy,3,Benjamin Irwin,Sul Jiu-Jitsu
Paris International Open 2014,Adult/Male/Purple/Super-Heavy,3,david thomas,CheckMat
Paris International Open 2014,Adult/Male/Purple/Ultra-Heavy,1,Ruben Araújo Fonseca,Five Elements Jiu-Jitsu
Paris International Open 2014,Adult/Male/Purple/Ultra-Heavy,2,Phil Clegg,Gracie Barra
Paris International Open 2014,Adult/Male/Purple/OpenClass,1,Eldar Rafigaev,Jungle BJJ
Paris International Open 2014,Adult/Male/Purple/OpenClass,2,Ronaldo de Jesus Santos,Nova União
Paris International Open 2014,Adult/Male/Purple/OpenClass,3,River Blue Dillon,Carlson Gracie Team
Paris International Open 2014,Adult/Male/Purple/OpenClass,3,Ruben Araújo Fonseca,Five Elements Jiu-Jitsu
Paris International Open 2014,Adult/Female/Purple/Light-Feather,1,Linda  Lindström,Dynamix Fighting Sports
Paris International Open 2014,Adult/Female/Purple/Light-Feather,2,Arantzazu Romero Pérez,Association Aranha
Paris International Open 2014,Adult/Female/Purple/Feather,1,Helena Edfeldt,Dynamix Fighting Sports
Paris International Open 2014,Adult/Female/Purple/Feather,2,Emma Louise Baker,Gracie Barra
Paris International Open 2014,Adult/Female/Purple/Light,1,Danielle Renee Alvarez,Bruno Bastos Association
Paris International Open 2014,Adult/Female/Purple/Light,2,Juliana Calabria,Gracie Barra
Paris International Open 2014,Adult/Female/Purple/Light,3,Amandine Cathy Nadege Layec,Toulon JJB
Paris International Open 2014,Adult/Female/Purple/Light,3,Deirdre Dunk,Ribeiro Jiu-Jitsu International
Paris International Open 2014,Adult/Female/Purple/Middle,1,Anke Mueller,Carlson Gracie Team
Paris International Open 2014,Adult/Female/Purple/Middle,2,Lisa Marie Grljusich,Emirates Jiu-Jitsu Center
Paris International Open 2014,Adult/Female/Purple/Medium-Heavy,1,Nivia de Souza Moura,Barreto
Paris International Open 2014,Adult/Female/Purple/Super-Heavy,1,Jonna Karoliina Konivuori,Alliance Manama
Paris International Open 2014,Adult/Female/Purple/OpenClass,1,Nivia de Souza Moura,Barreto
Paris International Open 2014,Adult/Female/Purple/OpenClass,2,Deirdre Dunk,Ribeiro Jiu-Jitsu International
Paris International Open 2014,Adult/Female/Purple/OpenClass,3,Anke Mueller,Carlson Gracie Team
Paris International Open 2014,Adult/Female/Purple/OpenClass,3,Jonna Karoliina Konivuori,Alliance Manama
Paris International Open 2014,Adult/Male/Brown/Light-Feather,1,Marcos Paulo Evangelista Gonzaga,GF Team France
Paris International Open 2014,Adult/Male/Brown/Light-Feather,2,Pedro Moreno Ortiz,Association Aranha
Paris International Open 2014,Adult/Male/Brown/Light-Feather,3,Rabert Jean Gabriel Frédéric,Jackson Paulo Team
Paris International Open 2014,Adult/Male/Brown/Feather,1,Ashley Jordan Williams,Gracie Barra
Paris International Open 2014,Adult/Male/Brown/Feather,2,Blas Dionisio Hernández Hernández,Carlson Gracie Team
Paris International Open 2014,Adult/Male/Brown/Feather,3,Mathias Christophe Duventru,PS Phoenix BJJ International
Paris International Open 2014,Adult/Male/Brown/Feather,3,Mathias Jules Jardin,GF Team France
Paris International Open 2014,Adult/Male/Brown/Light,1,Gyula Szabó,Carlson Gracie Team
Paris International Open 2014,Adult/Male/Brown/Light,2,Carlos Yeray Garcia Perez,Carlson Gracie Team
Paris International Open 2014,Adult/Male/Brown/Light,3,Sebastien William Arnaud Garnier,Gracie Barra
Paris International Open 2014,Adult/Male/Brown/Light,3,Timothy Fergal Noel Murphy,BJJ Revolution Team - International
Paris International Open 2014,Adult/Male/Brown/Middle,1,Filip Sadowski,Zenith BJJ
Paris International Open 2014,Adult/Male/Brown/Middle,2,Mateja Valjarevic,Alliance International
Paris International Open 2014,Adult/Male/Brown/Middle,3,Luiz Claudio Santos Moraes,Icon BJJ
Paris International Open 2014,Adult/Male/Brown/Middle,3,Thomas Buschkamp,Frota Team
Paris International Open 2014,Adult/Male/Brown/Medium-Heavy,1,Tero Antti Mikael Pyylampi,Hilti BJJ Tampere
Paris International Open 2014,Adult/Male/Brown/Medium-Heavy,2,Marek Pawel Zbrog,Gracie Barra
Paris International Open 2014,Adult/Male/Brown/Heavy,1,Manuel António Ambrósio S. T. Pontes,Gracie Barra
Paris International Open 2014,Adult/Male/Brown/Heavy,2,Hassine Azarkan,Icon BJJ
Paris International Open 2014,Adult/Male/Brown/Heavy,3,Wout Westra,Gracie Barra
Paris International Open 2014,Adult/Male/Brown/Ultra-Heavy,1,Martin Johannes Gobel,Gracie Barra
Paris International Open 2014,Adult/Male/Brown/OpenClass,1,Manuel António Ambrósio S. T. Pontes,Gracie Barra
Paris International Open 2014,Adult/Male/Brown/OpenClass,2,Gyula Szabó,Carlson Gracie Team
Paris International Open 2014,Adult/Male/Brown/OpenClass,3,Carlos Yeray Garcia Perez,Carlson Gracie Team
Paris International Open 2014,Adult/Male/Brown/OpenClass,3,Martin Johannes Gobel,Gracie Barra
Paris International Open 2014,Adult/Female/Brown/Light-Feather,1,Carmen Maria Aragón Torres,Zenith BJJ
Paris International Open 2014,Adult/Female/Brown/Light,1,Ana Gloria Yagües Molina,CheckMat Ground Fighters Hamburg
Paris International Open 2014,Adult/Female/Brown/Middle,1,Leoni Munslow,New School BJJ
Paris International Open 2014,Adult/Female/Brown/OpenClass,1,Leoni Munslow,New School BJJ
Paris International Open 2014,Adult/Female/Brown/OpenClass,2,Ana Gloria Yagües Molina,CheckMat Ground Fighters Hamburg
Paris International Open 2014,Adult/Female/Brown/OpenClass,3,Carmen Maria Aragón Torres,Zenith BJJ
Paris International Open 2014,Adult/Male/Black/Light,1,Oliver Leys Geddes,Roger Gracie
Paris International Open 2014,Adult/Male/Black/Light,2,Ilke Kubilay Bulut,Icon BJJ
Paris International Open 2014,Adult/Male/Black/Light,3,Douglas Felippe Barcelos,Gracie Barra
Paris International Open 2014,Adult/Male/Black/Light,3,Julien Robin Gaillard,Toulon JJB
Paris International Open 2014,Adult/Male/Black/Middle,1,Diego Vivaldo Anjos Ferreira,Guigo JJ
Paris International Open 2014,Adult/Male/Black/Middle,2,Thomas Hernan Oyarzun,Alliance International
Paris International Open 2014,Adult/Male/Black/Middle,3,Cleiton Novas Pinheiro,Fight Club
Paris International Open 2014,Adult/Male/Black/Middle,3,Felipe Thiago Pereira da Silva,Carlson Gracie Team
Paris International Open 2014,Adult/Male/Black/Medium-Heavy,1,Vinícius Tavares Marinho,GF Team France
Paris International Open 2014,Adult/Male/Black/Medium-Heavy,2,Maksymilian Wisniewski,Zenith BJJ - Poland
Paris International Open 2014,Adult/Male/Black/Medium-Heavy,3,Christopher Malcolm Rees,Gracie Barra
Paris International Open 2014,Adult/Male/Black/Medium-Heavy,3,Julien Cazier,Gracie Barra
Paris International Open 2014,Adult/Male/Black/Heavy,1,Francisco Ramos Mendes Neto,CheckMat
Paris International Open 2014,Adult/Male/Black/Heavy,2,Filipe Meirelles Bobrick,Alliance
Paris International Open 2014,Adult/Male/Black/Heavy,3,Marcelo da Silva Bernardo,Brazilian Power Team
Paris International Open 2014,Adult/Male/Black/Heavy,3,Sadayoshi Roberto Mota Kurimori,Impacto Japan B.J.J.
Paris International Open 2014,Adult/Male/Black/Ultra-Heavy,1,Igor Silva,GF Team France
Paris International Open 2014,Adult/Male/Black/Ultra-Heavy,2,Leandro Jorge Pereira Vilar,GF Team France
Paris International Open 2014,Adult/Male/Black/OpenClass,1,Igor Silva,GF Team France
Paris International Open 2014,Adult/Male/Black/OpenClass,2,Vinícius Tavares Marinho,GF Team France
Paris International Open 2014,Adult/Male/Black/OpenClass,3,Filipe Meirelles Bobrick,Alliance
Paris International Open 2014,Adult/Male/Black/OpenClass,3,Marcelo da Silva Bernardo,Brazilian Power Team
Paris International Open 2014,Adult/Female/Black/Medium-Heavy,1,Ida Josefin Hansson,CheckMat
Paris International Open 2014,Adult/Female/Black/Medium-Heavy,2,Andrea Endy Alves de Souza,UAE Jiu-jitsu Team
Paris International Open 2014,Adult/Female/Black/Medium-Heavy,3,Laurence Cousin Fouillat,Ribeiro Jiu-Jitsu
Paris International Open 2014,Adult/Female/Black/OpenClass,1,Andrea Endy Alves de Souza,UAE Jiu-jitsu Team
Paris International Open 2014,Adult/Female/Black/OpenClass,2,Ida Josefin Hansson,CheckMat
Paris International Open 2014,Master1/Male/White/Light-Feather,1,Rui Miguel Mendes Barros,Nova União
Paris International Open 2014,Master1/Male/White/Light-Feather,2,Alexis Charrier,Academie Pythagore
Paris International Open 2014,Master1/Male/White/Feather,1,Kevin Cunningham,CheckMat
Paris International Open 2014,Master1/Male/White/Feather,3,Gustavo Morales,Mirkovic BJJ
Paris International Open 2014,Master1/Male/White/Feather,3,Long Julien,Jackson Paulo Team
Paris International Open 2014,Master1/Male/White/Light,1,ndoh dan,Gracie Humaita International
Paris International Open 2014,Master1/Male/White/Light,2,Franck Hedehøj,Choke Academy
Paris International Open 2014,Master1/Male/White/Light,3,Ha Quoc Viet Le,CheckMat
Paris International Open 2014,Master1/Male/White/Light,3,Laurent Martroye,Jackson Paulo Team
Paris International Open 2014,Master1/Male/White/Middle,1,Roberto de Almeida,Carlson Gracie Team
Paris International Open 2014,Master1/Male/White/Middle,2,Carlos Alberto Silva Fernandes,Nova União
Paris International Open 2014,Master1/Male/White/Middle,3,Daniel Berthelot,Brazilian Power Team
Paris International Open 2014,Master1/Male/White/Middle,3,Dhia DRIDI,PS Phoenix BJJ International
Paris International Open 2014,Master1/Male/White/Medium-Heavy,1,Ivan Silva,Nova União
Paris International Open 2014,Master1/Male/White/Medium-Heavy,2,Mats Jonsson,Akademi Nord
Paris International Open 2014,Master1/Male/White/Medium-Heavy,3,Ivan Marmier,PS Phoenix BJJ International
Paris International Open 2014,Master1/Male/White/Super-Heavy,1,Ziggy Micheelsen,Choke Academy
Paris International Open 2014,Master1/Male/White/Super-Heavy,2,Eric Calore,PS Phoenix BJJ International
Paris International Open 2014,Master1/Male/White/Super-Heavy,3,Rui Alberto Silva Conceição,RAC Jiu Jitsu / Aveiro
Paris International Open 2014,Master1/Male/White/Ultra-Heavy,1,Nuno Horácio Garcia Semedo,Nova União
Paris International Open 2014,Master1/Male/White/Ultra-Heavy,2,Mitic Igor,PS Phoenix BJJ International
Paris International Open 2014,Master1/Male/Blue/Light-Feather,1,José Carlos Marques da Cunha,Icon Jiu-Jitsu Team
Paris International Open 2014,Master1/Male/Blue/Light-Feather,2,Joel Cobo Allende,Gracie Humaita
Paris International Open 2014,Master1/Male/Blue/Light-Feather,3,Claude LE GALL,Gracie Barra
Paris International Open 2014,Master1/Male/Blue/Light-Feather,3,thay stephan,PS Phoenix BJJ International
Paris International Open 2014,Master1/Male/Blue/Feather,1,MOURAD RAYER,RCP Jiu Jitsu
Paris International Open 2014,Master1/Male/Blue/Feather,2,Nelson Mendes Varela,Tropa de Elite
Paris International Open 2014,Master1/Male/Blue/Feather,3,Bruno Donato Vieira Coelho,2 Brothers BFC
Paris International Open 2014,Master1/Male/Blue/Feather,3,Christian Souissi,PS Phoenix BJJ International
Paris International Open 2014,Master1/Male/Blue/Light,1,Alfonso Galvez,Zenith BJJ
Paris International Open 2014,Master1/Male/Blue/Light,2,Ivar Brondbo Kjerstad,Team Trondheim BJJ
Paris International Open 2014,Master1/Male/Blue/Light,3,Bruno Gagliardo,Carlson Gracie Team
Paris International Open 2014,Master1/Male/Blue/Light,3,Samuel Padron Castellano,Carlson Gracie Team
Paris International Open 2014,Master1/Male/Blue/Middle,1,Clement LONGEARD,BJJ Globetrotters
Paris International Open 2014,Master1/Male/Blue/Middle,2,Athanasios Gkoltsos,Carlson Gracie Team
Paris International Open 2014,Master1/Male/Blue/Middle,3,Gorka Uztarroz,NCU
Paris International Open 2014,Master1/Male/Blue/Middle,3,Richard Long,CheckMat
Paris International Open 2014,Master1/Male/Blue/Medium-Heavy,1,Nicolas Marcho,Cercle Tissier
Paris International Open 2014,Master1/Male/Blue/Medium-Heavy,2,maximilian olsson,Viva Zapata Jiu Jitsu
Paris International Open 2014,Master1/Male/Blue/Medium-Heavy,3,manuel Hesse Vadillos,Mirkovic BJJ Croatia
Paris International Open 2014,Master1/Male/Blue/Medium-Heavy,3,Sakir Selman Özcan,BJJ Globetrotters
Paris International Open 2014,Master1/Male/Blue/Heavy,1,AITOR CUELLAR,Zenith BJJ
Paris International Open 2014,Master1/Male/Blue/Heavy,2,Andreas Fischer,Icon Jiu-Jitsu Team - Niteroi
Paris International Open 2014,Master1/Male/Blue/Heavy,3,Jerico McCoy,Ribeiro Jiu-Jitsu
Paris International Open 2014,Master1/Male/Blue/Heavy,3,Yavuz Bozkurt Ögüt,Coelhao Jiu-Jitsu Germany
Paris International Open 2014,Master1/Male/Blue/Super-Heavy,1,Stephane Creantor,PS Phoenix BJJ International
Paris International Open 2014,Master1/Male/Blue/Super-Heavy,2,Teodorescu Radu Stefan,Icon Jiu-Jitsu Team
Paris International Open 2014,Master1/Male/Blue/Ultra-Heavy,1,Vinko Miše,CheckMat
Paris International Open 2014,Master1/Male/Blue/Ultra-Heavy,2,Frederico Melim,Gracie Barra
Paris International Open 2014,Master1/Male/Blue/OpenClass,1,Samuel Padron Castellano,Carlson Gracie Team
Paris International Open 2014,Master1/Male/Blue/OpenClass,2,Frederico Melim,Gracie Barra
Paris International Open 2014,Master1/Male/Blue/OpenClass,3,Ivar Brondbo Kjerstad,Team Trondheim BJJ
Paris International Open 2014,Master1/Male/Blue/OpenClass,3,Yavuz Bozkurt Ögüt,Coelhao Jiu-Jitsu Germany
Paris International Open 2014,Master1/Female/Blue/Light-Feather,1,Cristina  Catalfamo,Yamato Milano
Paris International Open 2014,Master1/Female/Blue/Light-Feather,2,Jasmine Choksi,Alliance International
Paris International Open 2014,Master1/Female/Blue/Light-Feather,3,edyta opalka,Carlson Gracie Team
Paris International Open 2014,Master1/Female/Blue/Light-Feather,3,Shamsa Hasan,UAE Jiu-jitsu Team
Paris International Open 2014,Master1/Female/Blue/Feather,1,Eva Clarke,Carlson Gracie Team Alberta
Paris International Open 2014,Master1/Female/Blue/Feather,2,Leyla Martínez,Team Gil Catarino
Paris International Open 2014,Master1/Female/Blue/Feather,3,Andreia Presa Ferreira João,Icon Jiu-Jitsu Team
Paris International Open 2014,Master1/Female/Blue/Feather,3,Jolie Boyle,Carlson Gracie Team
Paris International Open 2014,Master1/Female/Blue/Light,1,Kelly Kilarciyan,Barbosa Team Agua
Paris International Open 2014,Master1/Female/Blue/Light,2,Oxana Bench,Ribeiro Jiu-Jitsu International
Paris International Open 2014,Master1/Female/Blue/Light,3,Ozge Özcan,BJJ Globetrotters
Paris International Open 2014,Master1/Female/Blue/Light,3,Shireen Talhouni,CheckMat
Paris International Open 2014,Master1/Female/Blue/Middle,1,Ruba (Fuad Musa) Nicola Alsayegh,Samy Al Jamal - FIT Jiu-Jitsu
Paris International Open 2014,Master1/Female/Blue/Middle,2,Pilar Romero Romero,Mathias Ribeiro Team
Paris International Open 2014,Master1/Female/Blue/OpenClass,1,Ruba (Fuad Musa) Nicola Alsayegh,Samy Al Jamal - FIT Jiu-Jitsu
Paris International Open 2014,Master1/Female/Blue/OpenClass,2,Shireen Talhouni,CheckMat
Paris International Open 2014,Master1/Female/Blue/OpenClass,3,Oxana Bench,Ribeiro Jiu-Jitsu International
Paris International Open 2014,Master1/Female/Blue/OpenClass,3,Pilar Romero Romero,Mathias Ribeiro Team
Paris International Open 2014,Master1/Male/Purple/Light-Feather,1,ONNIS ZAFRANE (repetido 38860),Icon BJJ
Paris International Open 2014,Master1/Male/Purple/Light-Feather,2,Jaunbocus Muhamad Tawfiq,Academie Pythagore
Paris International Open 2014,Master1/Male/Purple/Feather,1,Neil Atkins,Gracie Barra
Paris International Open 2014,Master1/Male/Purple/Feather,2,Franck Fejean (repetido 56679),Jackson Paulo Team
Paris International Open 2014,Master1/Male/Purple/Feather,3,Joao Ramos,Carlson Gracie Team
Paris International Open 2014,Master1/Male/Purple/Feather,3,Steven Clark,Brasa
Paris International Open 2014,Master1/Male/Purple/Light,1,Zagham Alexander Younes,CheckMat International
Paris International Open 2014,Master1/Male/Purple/Light,2,Rodrigo Pires da Silva,Blakz Team
Paris International Open 2014,Master1/Male/Purple/Light,3,Johnny Gomes,PS Phoenix BJJ International
Paris International Open 2014,Master1/Male/Purple/Light,3,TIAHOIRA Teddy,CheckMat
Paris International Open 2014,Master1/Male/Purple/Middle,1,Rida Fayçal,De La Riva International
Paris International Open 2014,Master1/Male/Purple/Middle,2,ridha jouini,PS Phoenix BJJ International
Paris International Open 2014,Master1/Male/Purple/Middle,3,Darlan Nepomuceno,Carlson Gracie Team
Paris International Open 2014,Master1/Male/Purple/Middle,3,Ivan Chumakov,Ribeiro Jiu-Jitsu International
Paris International Open 2014,Master1/Male/Purple/Medium-Heavy,1,Daniel Jetz,Carlson Gracie Team
Paris International Open 2014,Master1/Male/Purple/Medium-Heavy,2,Pawel Piotr Kunysz,CheckMat
Paris International Open 2014,Master1/Male/Purple/Medium-Heavy,3,Bruno Fernando Oliveira,Fight Move BJJ
Paris International Open 2014,Master1/Male/Purple/Medium-Heavy,3,Carlos  Osorio,Concrete BJJ
Paris International Open 2014,Master1/Male/Purple/Heavy,1,Mario Adamic,CheckMat
Paris International Open 2014,Master1/Male/Purple/Heavy,2,Jeremy Workman,Marcio Cruz BJJ
Paris International Open 2014,Master1/Male/Purple/Super-Heavy,1,Baris Dokur,Balaban Jiu-Jitsu Team
Paris International Open 2014,Master1/Male/Purple/Super-Heavy,2,Joachim Leif Lennart Klaesson Melin,Yogui Brazilian Jiu Jitsu Academy
Paris International Open 2014,Master1/Male/Purple/Ultra-Heavy,1,Cafafa Ludovic,B19RNK
Paris International Open 2014,Master1/Male/Purple/OpenClass,1,Cafafa Ludovic,B19RNK
Paris International Open 2014,Master1/Male/Purple/OpenClass,2,Joachim Leif Lennart Klaesson Melin,Yogui Brazilian Jiu Jitsu Academy
Paris International Open 2014,Master1/Male/Purple/OpenClass,3,Ivan Chumakov,Ribeiro Jiu-Jitsu International
Paris International Open 2014,Master1/Male/Purple/OpenClass,3,Jeremy Workman,Marcio Cruz BJJ
Paris International Open 2014,Master1/Male/Brown/Feather,1,Javier Martinez Exposito,Zenith BJJ
Paris International Open 2014,Master1/Male/Brown/Light,1,Walter Mark John Barnes,Gracie Barra
Paris International Open 2014,Master1/Male/Brown/Middle,1,Donatas Uktveris,Roger Gracie
Paris International Open 2014,Master1/Male/Brown/Middle,2,Chango Eersel,Barbosa Team Agua
Paris International Open 2014,Master1/Male/Brown/Middle,3,Juan Carlos Perez Pasamontes,PRBJJ Ronny Carvalho
Paris International Open 2014,Master1/Male/Brown/Middle,3,Pedro Garcia Santisteban,GF Team France
Paris International Open 2014,Master1/Male/Brown/Medium-Heavy,1,Pablo Tees Leite,Emirates Jiu-Jitsu Center
Paris International Open 2014,Master1/Male/Brown/Medium-Heavy,2,Jaysen Jose Baxter,Brazilian Top Team Long Beach
Paris International Open 2014,Master1/Male/Brown/Medium-Heavy,3,Radoslaw Piotr Senger,Zenith BJJ - Poland
Paris International Open 2014,Master1/Male/Brown/Medium-Heavy,3,Stephane Laurent Maxime Wunnenburger,Coelhao Jiu-Jitsu Germany
Paris International Open 2014,Master1/Male/Brown/Heavy,1,Jaroslav Moltas,Gracie Jiu Jitsu AAF
Paris International Open 2014,Master1/Male/Brown/Super-Heavy,1,Daniel Pinheiro de Andrade,Nova União
Paris International Open 2014,Master1/Male/Brown/Super-Heavy,2,Jaime Luis del Castillo Arroyo,Yamasaki Academy International
Paris International Open 2014,Master1/Male/Brown/Ultra-Heavy,1,Fernando de Oliveira Menezes,Nova União
Paris International Open 2014,Master1/Male/Brown/OpenClass,1,Jaysen Jose Baxter,Brazilian Top Team Long Beach
Paris International Open 2014,Master1/Male/Brown/OpenClass,2,Walter Mark John Barnes,Gracie Barra
Paris International Open 2014,Master1/Male/Brown/OpenClass,3,Daniel Pinheiro de Andrade,Nova União
Paris International Open 2014,Master1/Male/Brown/OpenClass,3,Fernando de Oliveira Menezes,Nova União
Paris International Open 2014,Master1/Male/Black/Feather,1,Marcel Sasso de Oliveira,Fratelli Leteri - Brazilian Jiu-Jitsu
Paris International Open 2014,Master1/Male/Black/Light,1,Paulo Roberto dos Santos Peixoto,OXY
Paris International Open 2014,Master1/Male/Black/Light,2,Eric Dominique Satge,Association Aranha
Paris International Open 2014,Master1/Male/Black/Light,3,Nathan John Roberts,Gracie Barra
Paris International Open 2014,Master1/Male/Black/Light,3,Richard Mathias Pankanin,JC Melun
Paris International Open 2014,Master1/Male/Black/Middle,1,Rafael da Silva do Nascimento,CheckMat
Paris International Open 2014,Master1/Male/Black/Middle,2,Wolfgang Friedrich Heindel,Wolfgang Heindel Academy
Paris International Open 2014,Master1/Male/Black/Middle,3,Gustavo Guimaraes Michels,Nova União
Paris International Open 2014,Master1/Male/Black/Middle,3,Thompson Nogueira Lolli,Nova União
Paris International Open 2014,Master1/Male/Black/Medium-Heavy,1,Lucio Sergio dos Santos,Gracie Barra
Paris International Open 2014,Master1/Male/Black/Medium-Heavy,2,David Robert Iverson,Gracie Barra
Paris International Open 2014,Master1/Male/Black/Medium-Heavy,3,Leonardo Francisco Lopes Neves,CheckMat
Paris International Open 2014,Master1/Male/Black/Medium-Heavy,3,Martyn David Cahill,CFS BJJ
Paris International Open 2014,Master1/Male/Black/Heavy,1,Renato Tavares de Moraes,Frontline Academy
Paris International Open 2014,Master1/Male/Black/Heavy,2,Raullen Nunes Serra,Clube de Jiu-jitsu Pitbull Europe
Paris International Open 2014,Master1/Male/Black/Super-Heavy,1,Marlon Frank Santos Queiroz,Gracie Barra
Paris International Open 2014,Master1/Male/Black/Super-Heavy,2,Ronney Eustaquio de Carvalho Lima,PRBJJ Ronny Carvalho
Paris International Open 2014,Master1/Male/Black/Ultra-Heavy,1,Jackson Paulo Jacinto,Jackson Paulo Team
Paris International Open 2014,Master1/Male/Black/Ultra-Heavy,2,Christophe Levy,Raça Luta BJJ
Paris International Open 2014,Master1/Male/Black/OpenClass,1,Rafael da Silva do Nascimento,CheckMat
Paris International Open 2014,Master1/Male/Black/OpenClass,2,Leonardo Francisco Lopes Neves,CheckMat
Paris International Open 2014,Master1/Male/Black/OpenClass,3,Jackson Paulo Jacinto,Jackson Paulo Team
Paris International Open 2014,Master1/Male/Black/OpenClass,3,Paulo Roberto dos Santos Peixoto,OXY
Paris International Open 2014,Master2/Male/White/Feather,1,Roberto Nevado Estevez,Rafael Ribeiro BJJ
Paris International Open 2014,Master2/Male/White/Feather,2,TAGZIRT djamal,Jackson Paulo Team
Paris International Open 2014,Master2/Male/White/Feather,3,Frédéric L'HOSTIS,GF Team France
Paris International Open 2014,Master2/Male/White/Feather,3,Yaacov Afik (repetido 129379),BJJ Globetrotters
Paris International Open 2014,Master2/Male/White/Light,1,mustapha bouguendouz,CheckMat
Paris International Open 2014,Master2/Male/White/Light,2,Jelle Van Der Wind,CheckMat
Paris International Open 2014,Master2/Male/White/Light,3,Makouf Eric,PS Phoenix BJJ International
Paris International Open 2014,Master2/Male/White/Middle,1,Matthias  Dörr,Nova União
Paris International Open 2014,Master2/Male/White/Middle,2,Christian Nucci,Cercle Tissier
Paris International Open 2014,Master2/Male/White/Middle,3,Cedric Fourdrinier,PS Phoenix BJJ International
Paris International Open 2014,Master2/Male/White/Middle,3,Grégory Mickael Dorwling-Carter Dorwling-Carter,Gracie Humaita Reunion
Paris International Open 2014,Master2/Male/White/Medium-Heavy,1,William Glaros,B19RNK
Paris International Open 2014,Master2/Male/White/Medium-Heavy,2,Pascal Lauréat,B19RNK
Paris International Open 2014,Master2/Male/White/Heavy,1,Jean-Marie Gommoi,Gracie Barra
Paris International Open 2014,Master2/Male/White/Heavy,2,Abder Bahrir,B19RNK
Paris International Open 2014,Master2/Male/White/Ultra-Heavy,1,David Narte Pereira,Frota Team
Paris International Open 2014,Master2/Male/White/Ultra-Heavy,2,Laurent Jean Bruno Allongue,Gracie Humaita Reunion
Paris International Open 2014,Master2/Male/Blue/Light,1,Pedro Miguel Figueiredo Dias,Gracie Lisboa
Paris International Open 2014,Master2/Male/Blue/Light,2,Lepelley Christophe,PS Phoenix BJJ International
Paris International Open 2014,Master2/Male/Blue/Light,3,LUIS VALENTIN TURCU,Absoluto BJJ
Paris International Open 2014,Master2/Male/Blue/Light,3,Matthew Anthony Jardine,Roger Gracie
Paris International Open 2014,Master2/Male/Blue/Middle,1,Rustem Asherbekov,Alliance
Paris International Open 2014,Master2/Male/Blue/Middle,2,Rui Filipe Pinho dos Reis,Icon Jiu-Jitsu Team
Paris International Open 2014,Master2/Male/Blue/Middle,3,GOMIS Francis,PS Phoenix BJJ International
Paris International Open 2014,Master2/Male/Blue/Middle,3,Tomasz WALISZEWSKI,Carlson Gracie Team
Paris International Open 2014,Master2/Male/Blue/Medium-Heavy,1,Torben Sander,Icon Jiu-Jitsu Team - Niteroi
Paris International Open 2014,Master2/Male/Blue/Medium-Heavy,2,Kai Butzkies-Schiemann,CheckMat Ground Fighters Hamburg
Paris International Open 2014,Master2/Male/Blue/Medium-Heavy,3,Hercules Pereira da Silva,Carlson Gracie Team
Paris International Open 2014,Master2/Male/Blue/Medium-Heavy,3,Poteau Alexandre,PS Phoenix BJJ International
Paris International Open 2014,Master2/Male/Blue/Heavy,1,Mohamed Ben Alla,CheckMat
Paris International Open 2014,Master2/Male/Blue/Heavy,2,patrick serniclaes,Icon BJJ
Paris International Open 2014,Master2/Male/Blue/Super-Heavy,1,Gregory Morel,BJJ Globetrotters
Paris International Open 2014,Master2/Male/Blue/Super-Heavy,2,Kaan Boyner,Gracie Humaita International
Paris International Open 2014,Master2/Male/Blue/Super-Heavy,3,Angel Fernando Sanchez Soriano,Taz BJJ
Paris International Open 2014,Master2/Male/Blue/OpenClass,1,Kaan Boyner,Gracie Humaita International
Paris International Open 2014,Master2/Male/Blue/OpenClass,2,Pedro Miguel Figueiredo Dias,Gracie Lisboa
Paris International Open 2014,Master2/Male/Blue/OpenClass,3,Angel Fernando Sanchez Soriano,Taz BJJ
Paris International Open 2014,Master2/Male/Blue/OpenClass,3,Rustem Asherbekov,Alliance
Paris International Open 2014,Master2/Male/Purple/Light-Feather,1,Sébastien Catelain,Clark Gracie Le Havre
Paris International Open 2014,Master2/Male/Purple/Feather,1,Trevor  Birmingham,De Souza Dojo
Paris International Open 2014,Master2/Male/Purple/Feather,2,Paulo Wesson,Gracie Barra
Paris International Open 2014,Master2/Male/Purple/Feather,3,KARIM KEDDAD,Gracie Barra
Paris International Open 2014,Master2/Male/Purple/Light,1,lamine diedhiou,CheckMat
Paris International Open 2014,Master2/Male/Purple/Light,2,oriol trullas,Association Aranha
Paris International Open 2014,Master2/Male/Purple/Light,3,Arturo Wesson Herrera,Gracie Barra
Paris International Open 2014,Master2/Male/Purple/Light,3,jalal el hazzat,Renzo Gracie JJ
Paris International Open 2014,Master2/Male/Purple/Middle,1,Gottardo Alain Vasquez Mora,PS Phoenix BJJ International
Paris International Open 2014,Master2/Male/Purple/Middle,2,Francesco Braccini,Tribe Jiu-Jitsu Roma
Paris International Open 2014,Master2/Male/Purple/Middle,3,Jamie Stanley Horsman,Roger Gracie
Paris International Open 2014,Master2/Male/Purple/Middle,3,Tino Kindling,Hilti BJJ IMAG Berlin
Paris International Open 2014,Master2/Male/Purple/Medium-Heavy,1,Richard sotome,Jackson Paulo Team
Paris International Open 2014,Master2/Male/Purple/Medium-Heavy,2,Claudio Viveiros,CheckMat
Paris International Open 2014,Master2/Male/Purple/Heavy,1,Rami Shouli,Samy Al Jamal - FIT Jiu-Jitsu
Paris International Open 2014,Master2/Male/Purple/Ultra-Heavy,1,philippe demelenne,Icon BJJ
Paris International Open 2014,Master2/Male/Purple/OpenClass,1,lamine diedhiou,CheckMat
Paris International Open 2014,Master2/Male/Purple/OpenClass,2,philippe demelenne,Icon BJJ
Paris International Open 2014,Master2/Male/Purple/OpenClass,3,oriol trullas,Association Aranha
Paris International Open 2014,Master2/Male/Purple/OpenClass,3,Richard sotome,Jackson Paulo Team
Paris International Open 2014,Master2/Male/Brown/Feather,1,David Mike Steve Merkhi,Clark Gracie Le Havre
Paris International Open 2014,Master2/Male/Brown/Medium-Heavy,1,Laurent Arsene Michel,Blackout Academy
Paris International Open 2014,Master2/Male/Brown/Medium-Heavy,2,Salah Mezhoud,Gracie Barra
Paris International Open 2014,Master2/Male/Brown/Medium-Heavy,3,Paul Nicholas Rice,Gracie Barra
Paris International Open 2014,Master2/Male/Brown/Super-Heavy,1,Iwan Negro,Frota Team
Paris International Open 2014,Master2/Male/Brown/OpenClass,1,Laurent Arsene Michel,Blackout Academy
Paris International Open 2014,Master2/Male/Brown/OpenClass,2,Iwan Negro,Frota Team
Paris International Open 2014,Master2/Male/Brown/OpenClass,3,Paul Nicholas Rice,Gracie Barra
Paris International Open 2014,Master2/Male/Brown/OpenClass,3,Salah Mezhoud,Gracie Barra
Paris International Open 2014,Master2/Male/Black/Light-Feather,1,Gil Sandro Justino Porto,Team Gil Catarino
Paris International Open 2014,Master2/Male/Black/Light-Feather,2,Daniel V. Alvarez Jr.,Bruno Bastos Association
Paris International Open 2014,Master2/Male/Black/Light-Feather,3,Mahomedaly Samsoudine,Gracie Humaita Reunion
Paris International Open 2014,Master2/Male/Black/Light,1,Fabio Roberto Gomes,Rocian Gracie Junior de Jiu-Jitsu
Paris International Open 2014,Master2/Male/Black/Light,2,Liam Beechinor,99 Nine Nine JJ - International
Paris International Open 2014,Master2/Male/Black/Light,3,Hipszki Lazló,2 Brothers BFC
Paris International Open 2014,Master2/Male/Black/Middle,1,Alain Boret Mandengué,CheckMat
Paris International Open 2014,Master2/Male/Black/Middle,2,Fernando Paulon,Brazilian Top Team Int.
Paris International Open 2014,Master2/Male/Black/Middle,3,Zaid Musa Khurma,Samy Al Jamal - FIT Jiu-Jitsu
Paris International Open 2014,Master2/Male/Black/Medium-Heavy,1,Hendrik Coenraad Heneweer,Ferrari Team Academy
Paris International Open 2014,Master2/Male/Black/Medium-Heavy,2,Alejandro Gonzales,Tribe Jiu-Jitsu Roma
Paris International Open 2014,Master2/Male/Black/Medium-Heavy,3,Óscar Corrales Caceres,Emirates Jiu Jitsu Center Barcelona
Paris International Open 2014,Master2/Male/Black/Medium-Heavy,3,Per Christian Andresen,Team Trondheim BJJ
Paris International Open 2014,Master2/Male/Black/Heavy,1,Federico Tisi,Tribe Jiu-Jitsu Roma
Paris International Open 2014,Master2/Male/Black/Heavy,2,David Joseph Pierre-Louis,NCU
Paris International Open 2014,Master2/Male/Black/OpenClass,1,Hendrik Coenraad Heneweer,Ferrari Team Academy
Paris International Open 2014,Master2/Male/Black/OpenClass,2,Gil Sandro Justino Porto,Team Gil Catarino
Paris International Open 2014,Master2/Male/Black/OpenClass,3,Alejandro Gonzales,Tribe Jiu-Jitsu Roma
Paris International Open 2014,Master2/Male/Black/OpenClass,3,Fernando Paulon,Brazilian Top Team Int.
Paris International Open 2014,Master3/Male/Blue/Light,1,Gregory Selo,Icon BJJ
Paris International Open 2014,Master3/Male/Blue/Light,2,Freddy Aurriac,Submission Team
Paris International Open 2014,Master3/Male/Blue/Light,3,LOUIS MARIE,PS Phoenix BJJ International
Paris International Open 2014,Master3/Male/Blue/Middle,1,MICHEL Olivier,Hagakuré 83
Paris International Open 2014,Master3/Male/Blue/Middle,2,Juan arsenio garcia garrido,WING BJJ
Paris International Open 2014,Master3/Male/Blue/Middle,3,,Cercle Tissier
Paris International Open 2014,Master3/Male/Blue/Middle,3,Gérard CURIE,PS Phoenix BJJ International
Paris International Open 2014,Master3/Male/Blue/Medium-Heavy,1,Scott Clarke,Carlson Gracie Team Alberta
Paris International Open 2014,Master3/Male/Blue/Heavy,1,franco costantino,Tribe Jiu-Jitsu Roma
Paris International Open 2014,Master3/Male/Blue/Heavy,2,Thomas Huthmacher,CheckMat
Paris International Open 2014,Master3/Male/Blue/Heavy,3,Cristiano MENDES,PS Phoenix BJJ International
Paris International Open 2014,Master3/Male/Blue/Heavy,3,olivier Boschat,MB Academy
Paris International Open 2014,Master3/Male/Blue/OpenClass,1,Thomas Huthmacher,CheckMat
Paris International Open 2014,Master3/Male/Purple/Light-Feather,1,Thomas Lacan,Academie Pythagore
Paris International Open 2014,Master3/Male/Purple/Light-Feather,2,Francisco Balula,Gracie Barra
Paris International Open 2014,Master3/Male/Purple/Light,1,Souleymane  Dicko,Submission Team
Paris International Open 2014,Master3/Male/Purple/Light,2,ashraf al sharif,Team Mirza
Paris International Open 2014,Master3/Male/Purple/Light,3,Harri Kärnä,Hilti BJJ Lohja
Paris International Open 2014,Master3/Male/Purple/Medium-Heavy,1,Piotr Ogara,Coelhao Jiu-Jitsu Germany
Paris International Open 2014,Master3/Male/Purple/Heavy,1,Malek Rafiq Hariri,Samy Al Jamal - FIT Jiu-Jitsu
Paris International Open 2014,Master3/Male/Purple/Super-Heavy,1,Martijn Robin Gademan,Jiu Jitsu Factory
Paris International Open 2014,Master3/Male/Purple/Super-Heavy,2,Andrew Reeves,Roger Gracie
Paris International Open 2014,Master3/Male/Purple/OpenClass,1,Martijn Robin Gademan,Jiu Jitsu Factory
Paris International Open 2014,Master3/Male/Purple/OpenClass,2,Piotr Ogara,Coelhao Jiu-Jitsu Germany
Paris International Open 2014,Master3/Male/Purple/OpenClass,3,Andrew Reeves,Roger Gracie
Paris International Open 2014,Master3/Male/Purple/OpenClass,3,Malek Rafiq Hariri,Samy Al Jamal - FIT Jiu-Jitsu
Paris International Open 2014,Master3/Male/Brown/Middle,1,Christian Michel Sardella,Gracie Barra
Paris International Open 2014,Master3/Male/Brown/Middle,2,Olivier Nicolas Collomb,Icon Jiu-Jitsu Team
Paris International Open 2014,Master3/Male/Brown/Medium-Heavy,1,Desmond Jason Ferdinand van den Berg,Carlson Gracie Team
Paris International Open 2014,Master3/Male/Brown/Medium-Heavy,2,Daniel Almiro da Silva Patrão,Icon JJ Team
Paris International Open 2014,Master3/Male/Brown/Medium-Heavy,3,Serge Radermacher,Icon BJJ
Paris International Open 2014,Master3/Male/Brown/Heavy,1,Javier  Riquelme Martinez,Mathias Ribeiro Team
Paris International Open 2014,Master3/Male/Brown/OpenClass,1,Desmond Jason Ferdinand van den Berg,Carlson Gracie Team
Paris International Open 2014,Master3/Male/Brown/OpenClass,2,Javier  Riquelme Martinez,Mathias Ribeiro Team
Paris International Open 2014,Master3/Male/Brown/OpenClass,3,Christian Michel Sardella,Gracie Barra
Paris International Open 2014,Master3/Male/Brown/OpenClass,3,Olivier Nicolas Collomb,Icon Jiu-Jitsu Team
Paris International Open 2014,Master3/Male/Black/Feather,1,Emmanuel Fernandez,Academie Pythagore
Paris International Open 2014,Master3/Male/Black/Feather,2,Cleyton Gonçalves Bastos,Ribeiro Jiu-Jitsu International
Paris International Open 2014,Master3/Male/Black/Feather,3,Karim Saki,GF Team France
Paris International Open 2014,Master3/Male/Black/Middle,1,Jackson McVicker,McVicker's BJJ
Paris International Open 2014,Master3/Male/Black/Middle,2,Thomas Holtmann,Coelhao Jiu-Jitsu Germany
Paris International Open 2014,Master3/Male/Black/Middle,3,Jean-Philippe Walter,Team Tatame
Paris International Open 2014,Master3/Male/Black/Middle,3,Stefan Wolf Breiksch,Coelhao Jiu-Jitsu Germany
Paris International Open 2014,Master3/Male/Black/Super-Heavy,1,Gilles Christian Arsene,RCP Jiu Jitsu
Paris International Open 2014,Master3/Male/Black/Ultra-Heavy,1,Alexandre Machado,Gracie Barra
Paris International Open 2014,Master3/Male/Black/OpenClass,1,Jackson McVicker,McVicker's BJJ
Paris International Open 2014,Master3/Male/Black/OpenClass,2,Alexandre Machado,Gracie Barra
Paris International Open 2014,Master3/Male/Black/OpenClass,3,Jean-Philippe Walter,Team Tatame
Paris International Open 2014,Master3/Male/Black/OpenClass,3,Stefan Wolf Breiksch,Coelhao Jiu-Jitsu Germany
Paris International Open 2014,Master4/Male/Blue/Medium-Heavy,1,Gerald klement,Brazilian Top Team Int.
Paris International Open 2014,Master4/Male/Blue/Medium-Heavy,2,Patrick Wittevrongel,Gracie Barcelona
Paris International Open 2014,Master4/Male/Blue/OpenClass,1,Gerald klement,Brazilian Top Team Int.
Paris International Open 2014,Master4/Male/Blue/OpenClass,2,Patrick Wittevrongel,Gracie Barcelona
Paris International Open 2014,Master4/Male/Purple/Middle,1,Sylvain Thieulin,Team Lagarto
Paris International Open 2014,Master4/Male/Purple/Medium-Heavy,1,Publio Olmedo Vasquez Coronel,Team Predador Jiu-Jitsu
Paris International Open 2014,Master4/Male/Purple/Heavy,1,Frederic Dussous,Academie Pythagore
Paris International Open 2014,Master4/Male/Purple/OpenClass,1,Sylvain Thieulin,Team Lagarto
Paris International Open 2014,Master4/Male/Black/Feather,1,Sami Muhi Eddin Mohammad Al Jamal,Samy Al Jamal - FIT Jiu-Jitsu
Paris International Open 2014,Master4/Male/Black/Feather,2,William Vanni,Brazilian Power Team Cassis
Paris International Open 2014,Master4/Male/Black/Light,1,Austin Nehemiah Gardner,Brasa/99
Paris International Open 2014,Master4/Male/Black/Middle,1,Andreas Hoffmann,Behring Germany
Paris International Open 2014,Master4/Male/Black/OpenClass,1,Sami Muhi Eddin Mohammad Al Jamal,Samy Al Jamal - FIT Jiu-Jitsu
Paris International Open 2014,Master4/Male/Black/OpenClass,2,Andreas Hoffmann,Behring Germany
Paris International Open 2014,Master5/Male/Blue/Feather,1,Rodrigo Vale de Castro,Gracie Barra
