New York Summer International Open No-Gi 2016,Juvenile/Male/Blue/Light,1,Alex Rey,Icon BJJ
New York Summer International Open No-Gi 2016,Juvenile/Male/Blue/Light,2,Derek Robert Disalvio,New England United BJJ
New York Summer International Open No-Gi 2016,Juvenile/Male/Blue/Middle,1,Sean Anthony Yadimarco,Savarese Brazilian Jiu-Jitsu Academy
New York Summer International Open No-Gi 2016,Juvenile/Male/Blue/Middle,2,Ben Sualp Bagbek,Gracie Barra
New York Summer International Open No-Gi 2016,Juvenile/Male/Blue/Medium-Heavy,1,Francis Dolan Marshall,Pellegrino Mixed Martial Arts
New York Summer International Open No-Gi 2016,Juvenile/Female/Blue/Light,1,Neyli Mara Martinez,Brasa / CTA / RT
New York Summer International Open No-Gi 2016,Juvenile/Female/Blue/Light,2,Ariana Podesta,Yamasaki Academy
New York Summer International Open No-Gi 2016,Adult/Male/Blue/Light-Feather,1,Thomas Digirolamo,Soca BJJ
New York Summer International Open No-Gi 2016,Adult/Male/Blue/Light-Feather,2,Daniel Baker,The Armory
New York Summer International Open No-Gi 2016,Adult/Male/Blue/Feather,1,Vivek Singh,Jiu-Jitsu For The People - Sheridan BJJ
New York Summer International Open No-Gi 2016,Adult/Male/Blue/Feather,2,Roothchild St Germain,Renzo Gracie Brooklyn
New York Summer International Open No-Gi 2016,Adult/Male/Blue/Feather,3,James Nichols,Indiana Brazilian Jiu-Jitsu Academy
New York Summer International Open No-Gi 2016,Adult/Male/Blue/Feather,3,Ryan Grogan,Balance
New York Summer International Open No-Gi 2016,Adult/Male/Blue/Light,1,Jake Campana,OCBJJ
New York Summer International Open No-Gi 2016,Adult/Male/Blue/Light,2,Nicolas Galluccio,Soca BJJ
New York Summer International Open No-Gi 2016,Adult/Male/Blue/Light,3,Andres Limonggi,Unity Jiu-jitsu
New York Summer International Open No-Gi 2016,Adult/Male/Blue/Light,3,Juan Quispe,Renzo Gracie Brooklyn
New York Summer International Open No-Gi 2016,Adult/Male/Blue/Middle,1,Scott D. Perry,Unity Jiu-jitsu
New York Summer International Open No-Gi 2016,Adult/Male/Blue/Middle,2,Sebastian Rodriguez Williams,Unity Jiu-jitsu
New York Summer International Open No-Gi 2016,Adult/Male/Blue/Middle,3,Dennis Fliller,Soca BJJ
New York Summer International Open No-Gi 2016,Adult/Male/Blue/Middle,3,Justin David Bensema,Vicente Jr. Team
New York Summer International Open No-Gi 2016,Adult/Male/Blue/Medium-Heavy,1,Christopher Devin Passerrello,Alliance
New York Summer International Open No-Gi 2016,Adult/Male/Blue/Medium-Heavy,2,Anthony Cronce,TAC Team BJJ
New York Summer International Open No-Gi 2016,Adult/Male/Blue/Medium-Heavy,3,David Rice,Renzo Gracie Academy
New York Summer International Open No-Gi 2016,Adult/Male/Blue/Medium-Heavy,3,Justin Michael,Alliance
New York Summer International Open No-Gi 2016,Adult/Male/Blue/Heavy,1,Connor Thomas Watson,Soca BJJ
New York Summer International Open No-Gi 2016,Adult/Male/Blue/Heavy,2,Cory  Nazworth,RABJJ Academy
New York Summer International Open No-Gi 2016,Adult/Male/Blue/Heavy,3,John Maguire,Team Jucão USA
New York Summer International Open No-Gi 2016,Adult/Male/Blue/Super-Heavy,1,Joseph Cordones,Alliance
New York Summer International Open No-Gi 2016,Adult/Male/Blue/Super-Heavy,2,Dustin Gil Herfurth,Ground Control
New York Summer International Open No-Gi 2016,Adult/Male/Blue/Super-Heavy,3,Adam Holland,Massachusetts Brazilian Jiu Jitsu
New York Summer International Open No-Gi 2016,Adult/Male/Blue/Super-Heavy,3,Ryan Johnson,Renzo Gracie JJ
New York Summer International Open No-Gi 2016,Adult/Male/Blue/Ultra-Heavy,1,Tafon Nchukwi,Team Lloyd Irvin
New York Summer International Open No-Gi 2016,Adult/Male/Blue/Ultra-Heavy,2,Lloyd Piar,Team Lloyd Irvin
New York Summer International Open No-Gi 2016,Adult/Male/Blue/OpenClass,1,Sebastian Rodriguez Williams,Unity Jiu-jitsu
New York Summer International Open No-Gi 2016,Adult/Male/Blue/OpenClass,2,Scott D. Perry,Unity Jiu-jitsu
New York Summer International Open No-Gi 2016,Adult/Male/Blue/OpenClass,3,Joseph Cordones,Alliance
New York Summer International Open No-Gi 2016,Adult/Male/Blue/OpenClass,3,Lloyd Piar,Team Lloyd Irvin
New York Summer International Open No-Gi 2016,Adult/Female/Blue/Light-Feather,1,Maria A. Llaguno Mena,Alliance
New York Summer International Open No-Gi 2016,Adult/Female/Blue/Light-Feather,2,Gabriella Gulfin,Alliance
New York Summer International Open No-Gi 2016,Adult/Female/Blue/Light-Feather,3,Nora Ticha Levy-Forsythe,Fifty/50 Jiu-Jitsu
New York Summer International Open No-Gi 2016,Adult/Female/Blue/Feather,1,Sarah Stump,GF Team Ohio
New York Summer International Open No-Gi 2016,Adult/Female/Blue/Feather,2,Fiona Mortell,David Jacobs Jiu-Jitsu Team
New York Summer International Open No-Gi 2016,Adult/Female/Blue/Feather,3,Ariela Pulido-westlake,Renzo Gracie Academy
New York Summer International Open No-Gi 2016,Adult/Female/Blue/Light,1,Hanna Cote,Ginsberg Academy of Brazilian Jiu Jitsu
New York Summer International Open No-Gi 2016,Adult/Female/Blue/Light,2,Victoria Lane,Muller BJJ
New York Summer International Open No-Gi 2016,Adult/Female/Blue/Middle,1,Halie Tucker,American Top Team
New York Summer International Open No-Gi 2016,Adult/Female/Blue/Middle,2,Lauren Haley Crino,Team Lloyd Irvin
New York Summer International Open No-Gi 2016,Adult/Female/Blue/Middle,3,Michelle Dominik,Carlson Gracie Team
New York Summer International Open No-Gi 2016,Adult/Female/Blue/Middle,3,Nicholle Stoller,Team Lloyd Irvin
New York Summer International Open No-Gi 2016,Adult/Female/Blue/Medium-Heavy,1,Gabrielle Holloway,Mike Moses' Competition Team
New York Summer International Open No-Gi 2016,Adult/Female/Blue/Medium-Heavy,2,Edith Johanna Sand,Dynamix Fighting Sports
New York Summer International Open No-Gi 2016,Adult/Female/Blue/Medium-Heavy,3,Clarissa Karpen,BETA Academy
New York Summer International Open No-Gi 2016,Adult/Female/Blue/Medium-Heavy,3,Maria D. Avila Ramos,Fight Sports
New York Summer International Open No-Gi 2016,Adult/Female/Blue/Heavy,1,Maria Teresa Suarez,Clockwork Jiu-Jitsu
New York Summer International Open No-Gi 2016,Adult/Female/Blue/Heavy,2,Helen Cho,Renzo Gracie Academy
New York Summer International Open No-Gi 2016,Adult/Female/Blue/OpenClass,1,Maria Teresa Suarez,Clockwork Jiu-Jitsu
New York Summer International Open No-Gi 2016,Adult/Female/Blue/OpenClass,2,Gabriella Gulfin,Alliance
New York Summer International Open No-Gi 2016,Adult/Female/Blue/OpenClass,3,Edith Johanna Sand,Dynamix Fighting Sports
New York Summer International Open No-Gi 2016,Adult/Female/Blue/OpenClass,3,Sarah Stump,GF Team Ohio
New York Summer International Open No-Gi 2016,Adult/Male/Purple/Light-Feather,1,Francisco Jonas Borges Andrade,PSLPB Cicero Costha
New York Summer International Open No-Gi 2016,Adult/Male/Purple/Light-Feather,2,Jose Rodriguez,Unity Jiu-jitsu
New York Summer International Open No-Gi 2016,Adult/Male/Purple/Feather,1,Max Pascale,Brasa CTA
New York Summer International Open No-Gi 2016,Adult/Male/Purple/Feather,2,Kyvann Gonzalez,Jiu-Jitsu For The People - Sheridan BJJ
New York Summer International Open No-Gi 2016,Adult/Male/Purple/Feather,3,Aaron Brooks,Carlson Gracie Team
New York Summer International Open No-Gi 2016,Adult/Male/Purple/Feather,3,Zachary  LeCates,Serra BJJ
New York Summer International Open No-Gi 2016,Adult/Male/Purple/Light,1,Michael Sheehan,Action & Reaction MMA Toronto
New York Summer International Open No-Gi 2016,Adult/Male/Purple/Light,2,David Oliveira,Alliance
New York Summer International Open No-Gi 2016,Adult/Male/Purple/Light,3,Irvin Peynado,Alliance
New York Summer International Open No-Gi 2016,Adult/Male/Purple/Light,3,Mark Fontana,Renzo Gracie Academy
New York Summer International Open No-Gi 2016,Adult/Male/Purple/Middle,1,Matheus Francisco Lutes,Unity Jiu-jitsu
New York Summer International Open No-Gi 2016,Adult/Male/Purple/Middle,2,Alex Nemeth,BJJ for Christ
New York Summer International Open No-Gi 2016,Adult/Male/Purple/Middle,3,Brian Gill,Alliance
New York Summer International Open No-Gi 2016,Adult/Male/Purple/Middle,3,Connor James Donaldson,Gracie Barra
New York Summer International Open No-Gi 2016,Adult/Male/Purple/Medium-Heavy,1,Devhonte M. Johnson,Unity Jiu-jitsu
New York Summer International Open No-Gi 2016,Adult/Male/Purple/Medium-Heavy,2,Chris Sladky,Hoboken Jiu-Jitsu
New York Summer International Open No-Gi 2016,Adult/Male/Purple/Medium-Heavy,3,Charles Bryce Grant Garipay,Ground Control
New York Summer International Open No-Gi 2016,Adult/Male/Purple/Medium-Heavy,3,Joseph Gilpin,Yamasaki Academy
New York Summer International Open No-Gi 2016,Adult/Male/Purple/Heavy,1,Dominic  Tabita,Maxercise Phila
New York Summer International Open No-Gi 2016,Adult/Male/Purple/Heavy,2,Michael Osso,Alliance Marcelo Garcia
New York Summer International Open No-Gi 2016,Adult/Male/Purple/Heavy,3,Kevin Pelikan,Alliance
New York Summer International Open No-Gi 2016,Adult/Male/Purple/Heavy,3,Patrick I. Hemenway,Pellegrino Mixed Martial Arts
New York Summer International Open No-Gi 2016,Adult/Male/Purple/Super-Heavy,1,helio sa,Renzo Gracie Newark
New York Summer International Open No-Gi 2016,Adult/Male/Purple/Super-Heavy,2,Matheus Felipe da Silva Xavier,CheckMat
New York Summer International Open No-Gi 2016,Adult/Male/Purple/Ultra-Heavy,1,Ed Abrasley,Balance
New York Summer International Open No-Gi 2016,Adult/Male/Purple/Ultra-Heavy,2,Styvens Belloge,BETA Academy
New York Summer International Open No-Gi 2016,Adult/Male/Purple/Ultra-Heavy,3,Leo Johnson III,Ground Control
New York Summer International Open No-Gi 2016,Adult/Male/Purple/Ultra-Heavy,3,Shane McCarthy,Ribeiro Jiu-Jitsu
New York Summer International Open No-Gi 2016,Adult/Male/Purple/OpenClass,1,Devhonte M. Johnson,Unity Jiu-jitsu
New York Summer International Open No-Gi 2016,Adult/Male/Purple/OpenClass,2,Matheus Francisco Lutes,Unity Jiu-jitsu
New York Summer International Open No-Gi 2016,Adult/Male/Purple/OpenClass,3,Ed Abrasley,Balance
New York Summer International Open No-Gi 2016,Adult/Male/Purple/OpenClass,3,Matheus Felipe da Silva Xavier,CheckMat
New York Summer International Open No-Gi 2016,Adult/Female/Purple/Light-Feather,1,Marisa Messer-belenchia,Alliance
New York Summer International Open No-Gi 2016,Adult/Female/Purple/Light-Feather,2,Courtney Caporizzo,Balance
New York Summer International Open No-Gi 2016,Adult/Female/Purple/Feather,1,Taylor Biagi,Bonsai JJ - Chicago
New York Summer International Open No-Gi 2016,Adult/Female/Purple/Feather,2,Laurie Anne Porsch,BETA Academy
New York Summer International Open No-Gi 2016,Adult/Female/Purple/Feather,3,Jeileen Alvarez,Team Link
New York Summer International Open No-Gi 2016,Adult/Female/Purple/Light,1,Valerie Aspaas,Buffalo United Martial Arts
New York Summer International Open No-Gi 2016,Adult/Female/Purple/Light,2,Gillian K. Davis,RCJ Machado
New York Summer International Open No-Gi 2016,Adult/Female/Purple/Light,3,Ana Carolina Terrinha,Gracie Barra
New York Summer International Open No-Gi 2016,Adult/Female/Purple/Light,3,Julie  Manasse,Black Hole Jiu-Jitsu
New York Summer International Open No-Gi 2016,Adult/Female/Purple/Middle,1,Yanelisa Reyes,Cutting Edge Brazilian JiuJitsu
New York Summer International Open No-Gi 2016,Adult/Female/Purple/OpenClass,1,Valerie Aspaas,Buffalo United Martial Arts
New York Summer International Open No-Gi 2016,Adult/Female/Purple/OpenClass,2,Laurie Anne Porsch,BETA Academy
New York Summer International Open No-Gi 2016,Adult/Female/Purple/OpenClass,3,Julie  Manasse,Black Hole Jiu-Jitsu
New York Summer International Open No-Gi 2016,Adult/Female/Purple/OpenClass,3,Taylor Biagi,Bonsai JJ - Chicago
New York Summer International Open No-Gi 2016,Adult/Male/Brown/Feather,1,Orlando Fernando Castillo Andaviza,Fight Sports
New York Summer International Open No-Gi 2016,Adult/Male/Brown/Feather,2,Kevin M. Meyers,Gracie Humaita Philadelphia
New York Summer International Open No-Gi 2016,Adult/Male/Brown/Feather,3,Gary S. Alvarez Jr,Team Link
New York Summer International Open No-Gi 2016,Adult/Male/Brown/Light,1,Alexandre Faria Molinaro,Carlson Gracie Team
New York Summer International Open No-Gi 2016,Adult/Male/Brown/Light,2,Juan J. Galarza,Gracie Elite Team America
New York Summer International Open No-Gi 2016,Adult/Male/Brown/Light,3,James Lee Smith,Alliance
New York Summer International Open No-Gi 2016,Adult/Male/Brown/Light,3,Jordan Dean Blevins,Alliance
New York Summer International Open No-Gi 2016,Adult/Male/Brown/Middle,1,Dante Leon,GF Team International
New York Summer International Open No-Gi 2016,Adult/Male/Brown/Middle,2,Christopher T. Lamond,Soca BJJ
New York Summer International Open No-Gi 2016,Adult/Male/Brown/Middle,3,Enrique D. Galarza,Gracie Elite Team America
New York Summer International Open No-Gi 2016,Adult/Male/Brown/Medium-Heavy,1,Christopher Ryan Quinn,Gracie Elite Team America
New York Summer International Open No-Gi 2016,Adult/Male/Brown/Medium-Heavy,2,Tyler Benjamin Steppe,Alliance
New York Summer International Open No-Gi 2016,Adult/Male/Brown/Medium-Heavy,3,Vinicius P. Canabarro,Crossroads Brazilian Jiu-Jitsu
New York Summer International Open No-Gi 2016,Adult/Male/Brown/Super-Heavy,1,Paulo V Canabarro,Crossroads Brazilian Jiu-Jitsu
New York Summer International Open No-Gi 2016,Adult/Male/Brown/Super-Heavy,2,Michael Grant Schweiger,Checkmat New York
New York Summer International Open No-Gi 2016,Adult/Male/Brown/Ultra-Heavy,1,Benny Ayler Rupel,Alliance
New York Summer International Open No-Gi 2016,Adult/Male/Brown/Ultra-Heavy,2,Alfonso Joel Washington Jr.,Lloyd Irvin Martial Arts
New York Summer International Open No-Gi 2016,Adult/Male/Brown/Ultra-Heavy,3,Oleksandr Karliychuk,Renzo Gracie
New York Summer International Open No-Gi 2016,Adult/Male/Brown/Ultra-Heavy,3,Rafael Babilonia Cristovão,Ns Brotherhood
New York Summer International Open No-Gi 2016,Adult/Male/Brown/OpenClass,1,Dante Leon,GF Team International
New York Summer International Open No-Gi 2016,Adult/Male/Brown/OpenClass,2,Michael Grant Schweiger,Checkmat New York
New York Summer International Open No-Gi 2016,Adult/Male/Brown/OpenClass,3,Alfonso Joel Washington Jr.,Lloyd Irvin Martial Arts
New York Summer International Open No-Gi 2016,Adult/Male/Brown/OpenClass,3,Juan J. Galarza,Gracie Elite Team America
New York Summer International Open No-Gi 2016,Adult/Male/Black/Light-Feather,1,João Ricardo Bordignon Miyao,PSLPB Cicero Costha
New York Summer International Open No-Gi 2016,Adult/Male/Black/Feather,1,Joel M Burgess,Alliance
New York Summer International Open No-Gi 2016,Adult/Male/Black/Feather,2,Thiago Cintra Vieira Brito,G13 BJJ
New York Summer International Open No-Gi 2016,Adult/Male/Black/Middle,1,Rafael Rosendo dos Santos,Alliance
New York Summer International Open No-Gi 2016,Adult/Male/Black/Middle,2,Jonathan T. Satava,Alliance
New York Summer International Open No-Gi 2016,Adult/Male/Black/Middle,3,Felipe Cesar Silva,BARBOSA JIU-JITSU
New York Summer International Open No-Gi 2016,Adult/Male/Black/Medium-Heavy,1,Murilo Silva Ferreira de Santana,BARBOSA JIU-JITSU USA
New York Summer International Open No-Gi 2016,Adult/Male/Black/Medium-Heavy,2,Gilvan Gomes da Costa,Brazilian Top Team
New York Summer International Open No-Gi 2016,Adult/Male/Black/Heavy,1,Matheus Oliveira Diniz,Alliance
New York Summer International Open No-Gi 2016,Adult/Male/Black/Super-Heavy,1,Aaron Michael Johnson,Unity Jiu-jitsu
New York Summer International Open No-Gi 2016,Adult/Male/Black/OpenClass,1,Matheus Oliveira Diniz,Alliance
New York Summer International Open No-Gi 2016,Adult/Male/Black/OpenClass,2,Murilo Silva Ferreira de Santana,BARBOSA JIU-JITSU USA
New York Summer International Open No-Gi 2016,Adult/Male/Black/OpenClass,3,Felipe Cesar Silva,BARBOSA JIU-JITSU
New York Summer International Open No-Gi 2016,Adult/Male/Black/OpenClass,3,Jonathan T. Satava,Alliance
New York Summer International Open No-Gi 2016,Master1/Male/Blue/Light,1,Brett Landrum,TAC Team BJJ
New York Summer International Open No-Gi 2016,Master1/Male/Blue/Light,2,Tran Nguyen,Alliance
New York Summer International Open No-Gi 2016,Master1/Male/Blue/Light,3,Ben Wiley,Alliance
New York Summer International Open No-Gi 2016,Master1/Male/Blue/Light,3,Soufiane Laamime,BETA Academy
New York Summer International Open No-Gi 2016,Master1/Male/Blue/Middle,1,Cristian Layme,UFC Gym
New York Summer International Open No-Gi 2016,Master1/Male/Blue/Middle,2,Eric M. Bodon,Vamos Brazilian Jiu Jitsu
New York Summer International Open No-Gi 2016,Master1/Male/Blue/Middle,3,Robert Garod,Alliance
New York Summer International Open No-Gi 2016,Master1/Male/Blue/Middle,3,Tim Rook,Foundry BJJ
New York Summer International Open No-Gi 2016,Master1/Male/Blue/Medium-Heavy,1,Patrick  Cajamarca,Unity Jiu-jitsu
New York Summer International Open No-Gi 2016,Master1/Male/Blue/Medium-Heavy,2,Ken  Robison,Alliance
New York Summer International Open No-Gi 2016,Master1/Male/Blue/Medium-Heavy,3,Haytham Yaghi,David Jacobs Jiu-Jitsu Team
New York Summer International Open No-Gi 2016,Master1/Male/Blue/Ultra-Heavy,1,Lee Souter,Gracie Barra
New York Summer International Open No-Gi 2016,Master1/Male/Blue/Ultra-Heavy,2,David  Reynolds,MXT Fight Academy - Canada
New York Summer International Open No-Gi 2016,Master1/Male/Blue/Ultra-Heavy,3,Will Collazo,Soca BJJ
New York Summer International Open No-Gi 2016,Master1/Male/Blue/OpenClass,1,Brett Landrum,TAC Team BJJ
New York Summer International Open No-Gi 2016,Master1/Male/Blue/OpenClass,2,Eric M. Bodon,Vamos Brazilian Jiu Jitsu
New York Summer International Open No-Gi 2016,Master1/Male/Blue/OpenClass,3,Ken  Robison,Alliance
New York Summer International Open No-Gi 2016,Master1/Male/Blue/OpenClass,3,Tran Nguyen,Alliance
New York Summer International Open No-Gi 2016,Master1/Male/Purple/Light,1,Luke J. Szeman,Gracie Barra
New York Summer International Open No-Gi 2016,Master1/Male/Purple/Light,2,Spencer Ling,Alliance
New York Summer International Open No-Gi 2016,Master1/Male/Purple/Light,3,Daniel Diaz,Renzo Gracie Newark
New York Summer International Open No-Gi 2016,Master1/Male/Purple/Middle,1,Viktor Souta,Vitor Shaolin BJJ
New York Summer International Open No-Gi 2016,Master1/Male/Purple/Middle,2,Greg Benazzi,Soca BJJ
New York Summer International Open No-Gi 2016,Master1/Male/Purple/Middle,3,Aaron W. Shields,Team Jucão USA
New York Summer International Open No-Gi 2016,Master1/Male/Purple/Medium-Heavy,1,Johnny Boswell Jr.,Vicente Jr. Team
New York Summer International Open No-Gi 2016,Master1/Male/Purple/Medium-Heavy,2,Brian Wolfe,TAC Team BJJ
New York Summer International Open No-Gi 2016,Master1/Male/Purple/Medium-Heavy,3,Matthew Obrien,Soca BJJ
New York Summer International Open No-Gi 2016,Master1/Male/Purple/Super-Heavy,1,Michael maliszesky,Renzo Gracie
New York Summer International Open No-Gi 2016,Master1/Male/Purple/Super-Heavy,2,Corey Phelps,BETA Academy
New York Summer International Open No-Gi 2016,Master1/Male/Purple/Ultra-Heavy,1,Sean Gilliard,Balance
New York Summer International Open No-Gi 2016,Master1/Male/Purple/OpenClass,1,Spencer Ling,Alliance
New York Summer International Open No-Gi 2016,Master1/Male/Purple/OpenClass,2,Luke J. Szeman,Gracie Barra
New York Summer International Open No-Gi 2016,Master1/Male/Purple/OpenClass,3,Corey Phelps,BETA Academy
New York Summer International Open No-Gi 2016,Master1/Male/Purple/OpenClass,3,Michael maliszesky,Renzo Gracie
New York Summer International Open No-Gi 2016,Master1/Male/Brown/Light-Feather,1,Jose Alfonso Hermoza,Brazilian Top Team
New York Summer International Open No-Gi 2016,Master1/Male/Brown/Light-Feather,2,Paul M. Genzale,Soca BJJ
New York Summer International Open No-Gi 2016,Master1/Male/Brown/Light,1,Nicholas L. Giordano,Gracie Elite Team America
New York Summer International Open No-Gi 2016,Master1/Male/Brown/Light,2,Tomasz Piotrowski,Vitor Shaolin BJJ
New York Summer International Open No-Gi 2016,Master1/Male/Brown/Medium-Heavy,1,Dale T Morris,Vamos Brazilian Jiu Jitsu
New York Summer International Open No-Gi 2016,Master1/Male/Brown/Medium-Heavy,2,Rafael Alag,myBJJ Team
New York Summer International Open No-Gi 2016,Master1/Male/Brown/Heavy,1,Timothy James Dawson,David Jacobs Jiu-Jitsu Team
New York Summer International Open No-Gi 2016,Master1/Male/Brown/OpenClass,1,Rafael Alag,myBJJ Team
New York Summer International Open No-Gi 2016,Master1/Male/Brown/OpenClass,2,Dale T Morris,Vamos Brazilian Jiu Jitsu
New York Summer International Open No-Gi 2016,Master1/Male/Black/Light,1,Daniel J. Covel,Alliance
New York Summer International Open No-Gi 2016,Master1/Male/Black/Light,2,Vincent C. Brightman,Carlson Gracie Team
New York Summer International Open No-Gi 2016,Master1/Male/Black/Medium-Heavy,1,Nakapan Phungephorn,BETA Academy
New York Summer International Open No-Gi 2016,Master1/Male/Black/OpenClass,1,Nakapan Phungephorn,BETA Academy
New York Summer International Open No-Gi 2016,Master2/Male/Blue/Feather,1,Pat Caruana,BJJ Globetrotters USA
New York Summer International Open No-Gi 2016,Master2/Male/Blue/Feather,2,John Cambronero,Serra BJJ
New York Summer International Open No-Gi 2016,Master2/Male/Blue/Feather,3,Michael Silverman,Crazy 88
New York Summer International Open No-Gi 2016,Master2/Male/Blue/Feather,3,Waihung Ma,Renzo Gracie
New York Summer International Open No-Gi 2016,Master2/Male/Blue/Light,1,Rafael Ignacio Perez Mulki,Arte Suave Venezuela
New York Summer International Open No-Gi 2016,Master2/Male/Blue/Light,2,Quentin Park,Carlson Gracie Team
New York Summer International Open No-Gi 2016,Master2/Male/Blue/Middle,1,Gary Griffin,Alliance
New York Summer International Open No-Gi 2016,Master2/Male/Blue/Middle,2,Anastasios Mylonas,Fabio Clemente BJJ
New York Summer International Open No-Gi 2016,Master2/Male/Blue/Middle,3,Edward Elkind,Alliance Marcelo Garcia
New York Summer International Open No-Gi 2016,Master2/Male/Blue/Middle,3,Matt Paul Gallo,Vicente Jr. Team
New York Summer International Open No-Gi 2016,Master2/Male/Blue/Medium-Heavy,1,Jose A. Madrazo,Balance
New York Summer International Open No-Gi 2016,Master2/Male/Blue/Medium-Heavy,2,Samuel Maynard,Alliance
New York Summer International Open No-Gi 2016,Master2/Male/Blue/Heavy,1,Rudolf Leonce,Alliance
New York Summer International Open No-Gi 2016,Master2/Male/Blue/Heavy,2,Jason Bradford Ormsby,Brazil 021 International
New York Summer International Open No-Gi 2016,Master2/Male/Blue/Heavy,3,David J. Sims,Vicente Jr. BJJ Pennsylvania
New York Summer International Open No-Gi 2016,Master2/Male/Blue/Super-Heavy,1,Robert J. Shimonski,Team Believe
New York Summer International Open No-Gi 2016,Master2/Male/Blue/OpenClass,1,Gary Griffin,Alliance
New York Summer International Open No-Gi 2016,Master2/Male/Blue/OpenClass,2,Rafael Ignacio Perez Mulki,Arte Suave Venezuela
New York Summer International Open No-Gi 2016,Master2/Male/Blue/OpenClass,3,Jose A. Madrazo,Balance
New York Summer International Open No-Gi 2016,Master2/Male/Blue/OpenClass,3,Robert J. Shimonski,Team Believe
New York Summer International Open No-Gi 2016,Master2/Male/Purple/Light,1,Theodore Drimonis,BJJ Globetrotters USA
New York Summer International Open No-Gi 2016,Master2/Male/Purple/Light,2,Matthew D Vasta,Icon Jiu-Jitsu Team - USA
New York Summer International Open No-Gi 2016,Master2/Male/Purple/Middle,1,Kenneth Short,Ribeiro Jiu-Jitsu
New York Summer International Open No-Gi 2016,Master2/Male/Purple/Middle,2,Robert Allen Consulmagno,Atos JJ USA
New York Summer International Open No-Gi 2016,Master2/Male/Purple/Middle,3,Glen Holmes,Easton BJJ
New York Summer International Open No-Gi 2016,Master2/Male/Purple/Middle,3,Kana W. Moy,Vicente Jr. Team
New York Summer International Open No-Gi 2016,Master2/Male/Purple/Medium-Heavy,1,david bravo,Alliance
New York Summer International Open No-Gi 2016,Master2/Male/Purple/Medium-Heavy,2,Ryan Thomas,Round Table BJJ
New York Summer International Open No-Gi 2016,Master2/Male/Purple/Medium-Heavy,3,Guillermo Montero,BETA Academy
New York Summer International Open No-Gi 2016,Master2/Male/Purple/Heavy,1,David Klein,David Jacobs Jiu-Jitsu Team
New York Summer International Open No-Gi 2016,Master2/Male/Purple/Heavy,2,Leslie R Richardson,Plus One Defense Systems
New York Summer International Open No-Gi 2016,Master2/Male/Purple/Heavy,3,Anthony A. Pacinelli,TAC Team BJJ
New York Summer International Open No-Gi 2016,Master2/Male/Purple/Super-Heavy,1,Floyd Williams,Academia Rilion Gracie Canoinhas
New York Summer International Open No-Gi 2016,Master2/Male/Purple/OpenClass,1,David Klein,David Jacobs Jiu-Jitsu Team
New York Summer International Open No-Gi 2016,Master2/Male/Purple/OpenClass,2,Ryan Thomas,Round Table BJJ
New York Summer International Open No-Gi 2016,Master2/Male/Purple/OpenClass,3,Anthony A. Pacinelli,TAC Team BJJ
New York Summer International Open No-Gi 2016,Master2/Male/Purple/OpenClass,3,Theodore Drimonis,BJJ Globetrotters USA
New York Summer International Open No-Gi 2016,Master2/Male/Brown/Medium-Heavy,1,Robert Hrcka,Zenith BJJ - Las Vegas
New York Summer International Open No-Gi 2016,Master2/Male/Brown/Heavy,1,Charles Butterfield,Rilion Gracie Atlanta - Ranieri Paiva BJJ
New York Summer International Open No-Gi 2016,Master2/Male/Brown/Ultra-Heavy,1,Terry D. Fisher,Pellegrino Mixed Martial Arts
New York Summer International Open No-Gi 2016,Master2/Male/Brown/OpenClass,1,Robert Hrcka,Zenith BJJ - Las Vegas
New York Summer International Open No-Gi 2016,Master2/Male/Brown/OpenClass,2,Charles Butterfield,Rilion Gracie Atlanta - Ranieri Paiva BJJ
New York Summer International Open No-Gi 2016,Master2/Male/Black/Light,1,Kham Kone Francisco de Jasso Ngondara,SAS Team USA
New York Summer International Open No-Gi 2016,Master2/Male/Black/Middle,1,Miogre Tavares Coronheiro,Gracie Barra
New York Summer International Open No-Gi 2016,Master2/Male/Black/Middle,2,Waltair Bandeira Cordeiro,Hélio Soneca Brazilian JJ
New York Summer International Open No-Gi 2016,Master2/Male/Black/Middle,3,Omar Javier Serrano Zamora,Tatu BJJ
New York Summer International Open No-Gi 2016,Master2/Male/Black/Medium-Heavy,1,Philippe E. Balmant,Alliance
New York Summer International Open No-Gi 2016,Master2/Male/Black/Medium-Heavy,2,Daniel Christofoletti Vitti,Gracie Barra
New York Summer International Open No-Gi 2016,Master2/Male/Black/Medium-Heavy,3,Shimon Akiva Kafka,Balance
New York Summer International Open No-Gi 2016,Master2/Male/Black/Heavy,1,Bruno Menezes Protasio,CheckMat
New York Summer International Open No-Gi 2016,Master2/Male/Black/Heavy,2,Radji Bryson-Barrett,Team Jucão USA
New York Summer International Open No-Gi 2016,Master2/Male/Black/Super-Heavy,1,Iuri Oliveira Villas Boas,Ryan Gracie Team
New York Summer International Open No-Gi 2016,Master2/Male/Black/Ultra-Heavy,1,Francisco Tupinambas Martins,Fight Sports
New York Summer International Open No-Gi 2016,Master2/Male/Black/OpenClass,1,Miogre Tavares Coronheiro,Gracie Barra
New York Summer International Open No-Gi 2016,Master2/Male/Black/OpenClass,2,Bruno Menezes Protasio,CheckMat
New York Summer International Open No-Gi 2016,Master2/Male/Black/OpenClass,3,Daniel Christofoletti Vitti,Gracie Barra
New York Summer International Open No-Gi 2016,Master2/Male/Black/OpenClass,3,Iuri Oliveira Villas Boas,Ryan Gracie Team
