San Francisco International Open IBJJF Championship 2015,Juvenile/Female/Blue/Feather,1,Sophia Marie Flores,Atos Jiu-Jitsu
San Francisco International Open IBJJF Championship 2015,Adult/Male/White/Rooster,1,Aivann David,Ralph Gracie
San Francisco International Open IBJJF Championship 2015,Adult/Male/White/Rooster,2,James Carpio,Gracie Barra
San Francisco International Open IBJJF Championship 2015,Adult/Male/White/Rooster,3,Dom Ouano,Gloglo BJJ
San Francisco International Open IBJJF Championship 2015,Adult/Male/White/Light-Feather,1,Eric Honas,Zingano Brazilian Jiu-Jitsu
San Francisco International Open IBJJF Championship 2015,Adult/Male/White/Light-Feather,2,Hyunsu Jun,Ralph Gracie
San Francisco International Open IBJJF Championship 2015,Adult/Male/White/Light-Feather,3,Ethan Rose,Caio Terra Association
San Francisco International Open IBJJF Championship 2015,Adult/Male/White/Light-Feather,3,Timmy Fluder,Gracie Barra
San Francisco International Open IBJJF Championship 2015,Adult/Male/White/Feather,1,Christopher Wong,Ralph Gracie
San Francisco International Open IBJJF Championship 2015,Adult/Male/White/Feather,2,Ehsan Zareh,Nova Geração - Davis/USA
San Francisco International Open IBJJF Championship 2015,Adult/Male/White/Feather,3,Britt Brown,Atos Jiu-Jitsu
San Francisco International Open IBJJF Championship 2015,Adult/Male/White/Feather,3,Keanu Spindola,CheckMat
San Francisco International Open IBJJF Championship 2015,Adult/Male/White/Light,1,John Tai,Yemaso Brazilian Jiu-Jitsu
San Francisco International Open IBJJF Championship 2015,Adult/Male/White/Light,2,Jacobo McGuire,Ralph Gracie
San Francisco International Open IBJJF Championship 2015,Adult/Male/White/Light,3,Amir Mudugov,Atos Jiu-Jitsu
San Francisco International Open IBJJF Championship 2015,Adult/Male/White/Light,3,Daniel Marzilli,Charles Gracie Jiu-Jitsu Academy
San Francisco International Open IBJJF Championship 2015,Adult/Male/White/Middle,1,Ely Carter,Charles Gracie Jiu-Jitsu Academy
San Francisco International Open IBJJF Championship 2015,Adult/Male/White/Middle,2,Tom Walker,Yemaso Brazilian Jiu-Jitsu
San Francisco International Open IBJJF Championship 2015,Adult/Male/White/Middle,3,Angel Jimenez,Jean Jacques Machado BJJ
San Francisco International Open IBJJF Championship 2015,Adult/Male/White/Middle,3,Rodolfo Nuez,UFC Gym
San Francisco International Open IBJJF Championship 2015,Adult/Male/White/Medium-Heavy,1,Austin Smith,Yemaso Brazilian Jiu-Jitsu
San Francisco International Open IBJJF Championship 2015,Adult/Male/White/Medium-Heavy,2,Dane Heidrich,Yemaso Brazilian Jiu-Jitsu
San Francisco International Open IBJJF Championship 2015,Adult/Male/White/Medium-Heavy,3,Christian Santos,Crispim BJJ Brothers
San Francisco International Open IBJJF Championship 2015,Adult/Male/White/Medium-Heavy,3,Scott Cummings,Jean Jacques Machado BJJ
San Francisco International Open IBJJF Championship 2015,Adult/Male/White/Heavy,1,Anthony Mercado,Ralph Gracie
San Francisco International Open IBJJF Championship 2015,Adult/Male/White/Heavy,2,Andrew Clauson,Caio Terra Association
San Francisco International Open IBJJF Championship 2015,Adult/Male/White/Heavy,3,Sam Schwartz,Caio Terra Association
San Francisco International Open IBJJF Championship 2015,Adult/Male/White/Super-Heavy,1,Arrion Brown,Ralph Gracie
San Francisco International Open IBJJF Championship 2015,Adult/Male/White/Super-Heavy,2,Trenton Jordan,Gracie Barra
San Francisco International Open IBJJF Championship 2015,Adult/Female/White/Light-Feather,1,Felicia Lau,Marco Nascimento BJJ
San Francisco International Open IBJJF Championship 2015,Adult/Female/White/Light-Feather,2,Rudee Vijil,Caio Terra Association
San Francisco International Open IBJJF Championship 2015,Adult/Female/White/Light-Feather,3,Eliza Manansala,Caio Terra Association
San Francisco International Open IBJJF Championship 2015,Adult/Female/White/Feather,1,Lillian Tran,CheckMat
San Francisco International Open IBJJF Championship 2015,Adult/Female/White/Feather,2,Samantha Currier,Impact Jiu Jitsu
San Francisco International Open IBJJF Championship 2015,Adult/Female/White/Feather,3,Alex  Barcelona,Caio Terra Association
San Francisco International Open IBJJF Championship 2015,Adult/Female/White/Feather,3,Dorothy Dao,Ralph Gracie
San Francisco International Open IBJJF Championship 2015,Adult/Female/White/Light,1,Jessica Peña,Nova Forca
San Francisco International Open IBJJF Championship 2015,Adult/Female/White/Light,2,Robin Lewis,UFC Gym
San Francisco International Open IBJJF Championship 2015,Adult/Female/White/Light,3,Jolene Christine Belluomini,Waza Brazilian Jiu Jitsu
San Francisco International Open IBJJF Championship 2015,Adult/Female/White/Light,3,Suzanne Leung,CheckMat
San Francisco International Open IBJJF Championship 2015,Adult/Female/White/Middle,1,Jenna Hulsey,Cleber Jiu Jitsu
San Francisco International Open IBJJF Championship 2015,Adult/Female/White/Middle,2,Sheri Nguyen,CheckMat
San Francisco International Open IBJJF Championship 2015,Adult/Female/White/Middle,3,Marci Zavala,Atos Jiu-Jitsu
San Francisco International Open IBJJF Championship 2015,Adult/Female/White/Middle,3,Sydney  Zolezzi,CheckMat
San Francisco International Open IBJJF Championship 2015,Adult/Female/White/Medium-Heavy,1,Melissa Carr,Carlson Gracie Team
San Francisco International Open IBJJF Championship 2015,Adult/Female/White/Medium-Heavy,2,Tracy Valentine,Gracie Fighter
San Francisco International Open IBJJF Championship 2015,Adult/Female/White/Heavy,1,Andrea Rodriguez,Ribeiro Jiu-Jitsu
San Francisco International Open IBJJF Championship 2015,Adult/Male/Blue/Rooster,1,Daniel Ton-denney,Caio Terra Association
San Francisco International Open IBJJF Championship 2015,Adult/Male/Blue/Rooster,2,Brian Jake Molinaro,Coalition 95
San Francisco International Open IBJJF Championship 2015,Adult/Male/Blue/Rooster,3,Domingo Marcel Rosas Meneses,Caio Terra Association
San Francisco International Open IBJJF Championship 2015,Adult/Male/Blue/Rooster,3,Jerome Ilagan,Guerrilla Jiu Jitsu
San Francisco International Open IBJJF Championship 2015,Adult/Male/Blue/Light-Feather,1,Kennedy Leonardo Maciel,Alliance Los Angeles
San Francisco International Open IBJJF Championship 2015,Adult/Male/Blue/Light-Feather,2,Justin Penaflor,Carlson Gracie Team
San Francisco International Open IBJJF Championship 2015,Adult/Male/Blue/Light-Feather,3,Christopher Michael Cisneros,Cleber Jiu Jitsu Visalia
San Francisco International Open IBJJF Championship 2015,Adult/Male/Blue/Light-Feather,3,John Naumovski,Serao Mixed Martial Arts
San Francisco International Open IBJJF Championship 2015,Adult/Male/Blue/Feather,1,Baldwin Chu,Ralph Gracie
San Francisco International Open IBJJF Championship 2015,Adult/Male/Blue/Feather,2,David Augustine Fraser,Gracie Barra
San Francisco International Open IBJJF Championship 2015,Adult/Male/Blue/Feather,3,Brandon Heath,Cassio Werneck BJJ
San Francisco International Open IBJJF Championship 2015,Adult/Male/Blue/Feather,3,Travis Funk,Zingano Brazilian Jiu-Jitsu
San Francisco International Open IBJJF Championship 2015,Adult/Male/Blue/Light,1,Said Dunkaev,Atos Jiu-Jitsu
San Francisco International Open IBJJF Championship 2015,Adult/Male/Blue/Light,2,Christopher Gallego,AB Mixed Martial Arts Academy
San Francisco International Open IBJJF Championship 2015,Adult/Male/Blue/Light,3,Alan  Chuop,DDR Jiu Jitsu
San Francisco International Open IBJJF Championship 2015,Adult/Male/Blue/Light,3,Jack Matthew Lipa,Gracie Barra JJ
San Francisco International Open IBJJF Championship 2015,Adult/Male/Blue/Middle,1,Josh Valles,Gracie Barra
San Francisco International Open IBJJF Championship 2015,Adult/Male/Blue/Middle,2,sebastian Ghouliance,Gracie Barra
San Francisco International Open IBJJF Championship 2015,Adult/Male/Blue/Middle,3,Brian Schinski,CheckMat
San Francisco International Open IBJJF Championship 2015,Adult/Male/Blue/Middle,3,Cory Martinez,CheckMat
San Francisco International Open IBJJF Championship 2015,Adult/Male/Blue/Medium-Heavy,1,Nathan Hagberg,GD Jiu-Jitsu Association
San Francisco International Open IBJJF Championship 2015,Adult/Male/Blue/Medium-Heavy,2,Zachary Balaban,Atos Jiu-Jitsu
San Francisco International Open IBJJF Championship 2015,Adult/Male/Blue/Medium-Heavy,3,Alex Nichols,Ralph Gracie
San Francisco International Open IBJJF Championship 2015,Adult/Male/Blue/Medium-Heavy,3,Jacob Pangelinan,Carlos Sapao BJJ
San Francisco International Open IBJJF Championship 2015,Adult/Male/Blue/Heavy,1,Raoul Scott,Ralph Gracie
San Francisco International Open IBJJF Championship 2015,Adult/Male/Blue/Heavy,2,Gavin Marshall,Street Sports BJJ
San Francisco International Open IBJJF Championship 2015,Adult/Male/Blue/Heavy,3,Griffin Conway,Atos Jiu-Jitsu
San Francisco International Open IBJJF Championship 2015,Adult/Male/Blue/Super-Heavy,1,Vadim Yaport,Heroes Martial Arts
San Francisco International Open IBJJF Championship 2015,Adult/Male/Blue/Super-Heavy,2,Daniel Navarrete,Yemaso Brazilian Jiu-Jitsu
San Francisco International Open IBJJF Championship 2015,Adult/Male/Blue/Super-Heavy,3,PAUL SAMSON,Atos Jiu-Jitsu
San Francisco International Open IBJJF Championship 2015,Adult/Male/Blue/OpenClass,1,sebastian Ghouliance,Gracie Barra
San Francisco International Open IBJJF Championship 2015,Adult/Male/Blue/OpenClass,2,Nathan Hagberg,GD Jiu-Jitsu Association
San Francisco International Open IBJJF Championship 2015,Adult/Male/Blue/OpenClass,3,Josh Valles,Gracie Barra
San Francisco International Open IBJJF Championship 2015,Adult/Male/Blue/OpenClass,3,Raoul Scott,Ralph Gracie
San Francisco International Open IBJJF Championship 2015,Adult/Female/Blue/Feather,1,Trang Mai Pham,Ralph Gracie
San Francisco International Open IBJJF Championship 2015,Adult/Female/Blue/Feather,2,Sheila  Padilla,Cleber Jiu Jitsu
San Francisco International Open IBJJF Championship 2015,Adult/Female/Blue/Feather,3,Maggie  Mai,Rocha Jiu Jitsu
San Francisco International Open IBJJF Championship 2015,Adult/Female/Blue/Feather,3,Rebecca Reuben,Romulo Melo Brazilian Jiu-Jitsu LLC.
San Francisco International Open IBJJF Championship 2015,Adult/Female/Blue/Light,1,Madison Chase Owning,Atos Jiu-Jitsu
San Francisco International Open IBJJF Championship 2015,Adult/Female/Blue/Light,2,Noreen Paracuelles,Caveirinha Jiu-Jitsu Family USA
San Francisco International Open IBJJF Championship 2015,Adult/Female/Blue/Light,3,Chelsea Loser,CheckMat
San Francisco International Open IBJJF Championship 2015,Adult/Female/Blue/Light,3,Rebekah VonSchriltz,Sandro Batata Brazilian Jiu-jitsu
San Francisco International Open IBJJF Championship 2015,Adult/Female/Blue/Middle,1,Valerie Brosseau,Action & Reaction MMA Toronto
San Francisco International Open IBJJF Championship 2015,Adult/Female/Blue/Middle,2,lauren borja,Brazilian Top Team Long Beach
San Francisco International Open IBJJF Championship 2015,Adult/Female/Blue/Medium-Heavy,1,Madeleine Moe,Gracie Barra
San Francisco International Open IBJJF Championship 2015,Adult/Female/Blue/OpenClass,1,Madison Chase Owning,Atos Jiu-Jitsu
San Francisco International Open IBJJF Championship 2015,Adult/Female/Blue/OpenClass,2,Valerie Brosseau,Action & Reaction MMA Toronto
San Francisco International Open IBJJF Championship 2015,Adult/Female/Blue/OpenClass,3,Madeleine Moe,Gracie Barra
San Francisco International Open IBJJF Championship 2015,Adult/Male/Purple/Rooster,1,Adrian Tanner Gafar,10th Planet Jiu Jitsu
San Francisco International Open IBJJF Championship 2015,Adult/Male/Purple/Rooster,2,Dwayne Yuen,Ralph Gracie
San Francisco International Open IBJJF Championship 2015,Adult/Male/Purple/Rooster,3,Richard Allen Salas,Gracie Humaita Valencia / Antiga Mario Aiello BJJ
San Francisco International Open IBJJF Championship 2015,Adult/Male/Purple/Light-Feather,1,Nicholas Anthony Bohli,Atos Jiu-Jitsu
San Francisco International Open IBJJF Championship 2015,Adult/Male/Purple/Light-Feather,2,Tomas Salas III,Undisputed
San Francisco International Open IBJJF Championship 2015,Adult/Male/Purple/Light-Feather,3,Alika Wong,Relson Gracie
San Francisco International Open IBJJF Championship 2015,Adult/Male/Purple/Light-Feather,3,Luis Martinez,Caio Terra Association
San Francisco International Open IBJJF Championship 2015,Adult/Male/Purple/Feather,1,Mason Monsevais,Atos Jiu-Jitsu
San Francisco International Open IBJJF Championship 2015,Adult/Male/Purple/Feather,2,Cole Franson (repetido 37806),Tinguinha BJJ academy
San Francisco International Open IBJJF Championship 2015,Adult/Male/Purple/Feather,3,Brett Curtis Bryon,Gracie Humaita Phoenix
San Francisco International Open IBJJF Championship 2015,Adult/Male/Purple/Feather,3,Ian Felix Delizo,Atos Jiu-Jitsu
San Francisco International Open IBJJF Championship 2015,Adult/Male/Purple/Light,1,Jeremy S. Jackson,Heroes Martial Arts
San Francisco International Open IBJJF Championship 2015,Adult/Male/Purple/Light,2,Evan Tadashi Esaki,Atos Jiu-Jitsu
San Francisco International Open IBJJF Championship 2015,Adult/Male/Purple/Light,3,Jacob Lanier,Jean Jacques Machado BJJ
San Francisco International Open IBJJF Championship 2015,Adult/Male/Purple/Light,3,Joseph Michael Guerrero,Ralph Gracie
San Francisco International Open IBJJF Championship 2015,Adult/Male/Purple/Middle,1,Dominique L. Bell,Atos Jiu-Jitsu
San Francisco International Open IBJJF Championship 2015,Adult/Male/Purple/Middle,2,Daniel-Shea Garcia Stolfi,Atos Jiu-Jitsu
San Francisco International Open IBJJF Championship 2015,Adult/Male/Purple/Middle,3,Benjamin Silva IV,Caio Terra Association
San Francisco International Open IBJJF Championship 2015,Adult/Male/Purple/Middle,3,Thomas  Haley,UFC Gym
San Francisco International Open IBJJF Championship 2015,Adult/Male/Purple/Medium-Heavy,1,Kaniela Kaanoi Kahuanui,Caio Terra Association
San Francisco International Open IBJJF Championship 2015,Adult/Male/Purple/Medium-Heavy,2,Ramie Chaarani,Ralph Gracie
San Francisco International Open IBJJF Championship 2015,Adult/Male/Purple/Medium-Heavy,3,Garrett  Aldrich,Yemaso Brazilian Jiu-Jitsu
San Francisco International Open IBJJF Championship 2015,Adult/Male/Purple/Medium-Heavy,3,Miguel Royale,Ralph Gracie
San Francisco International Open IBJJF Championship 2015,Adult/Male/Purple/Heavy,1,Madjer Alexander Okde Nunes,Caio Terra Association
San Francisco International Open IBJJF Championship 2015,Adult/Male/Purple/Heavy,2,Ryan Walsh,Caio Terra Association
San Francisco International Open IBJJF Championship 2015,Adult/Male/Purple/Heavy,3,Chad Phillip Shaule,Gracie Barra
San Francisco International Open IBJJF Championship 2015,Adult/Male/Purple/Heavy,3,Kyle Von Tellrop,Romulo Melo Brazilian Jiu-Jitsu LLC.
San Francisco International Open IBJJF Championship 2015,Adult/Male/Purple/Ultra-Heavy,1,Casey William Hellenberg,Gracie Humaita San Diego Competition Team
San Francisco International Open IBJJF Championship 2015,Adult/Male/Purple/Ultra-Heavy,2,Brett Ueunten,Caio Terra Association
San Francisco International Open IBJJF Championship 2015,Adult/Male/Purple/Ultra-Heavy,3,Jerry Foster,Brazilian Top Team Long Beach
San Francisco International Open IBJJF Championship 2015,Adult/Male/Purple/Ultra-Heavy,3,Richard John Turner,Gracie Barra
San Francisco International Open IBJJF Championship 2015,Adult/Male/Purple/OpenClass,1,Ryan Walsh,Caio Terra Association
San Francisco International Open IBJJF Championship 2015,Adult/Male/Purple/OpenClass,2,Benjamin Silva IV,Caio Terra Association
San Francisco International Open IBJJF Championship 2015,Adult/Male/Purple/OpenClass,3,Chad Phillip Shaule,Gracie Barra
San Francisco International Open IBJJF Championship 2015,Adult/Male/Purple/OpenClass,3,Garrett  Aldrich,Yemaso Brazilian Jiu-Jitsu
San Francisco International Open IBJJF Championship 2015,Adult/Female/Purple/Light-Feather,1,Angelica Valencia,Gracie Barra
San Francisco International Open IBJJF Championship 2015,Adult/Female/Purple/Light-Feather,2,Laura Wesson,Gracie Barra
San Francisco International Open IBJJF Championship 2015,Adult/Female/Purple/Light-Feather,3,Ramona Ross,Jean Jacques Machado BJJ
San Francisco International Open IBJJF Championship 2015,Adult/Female/Purple/Feather,1,Chelsea Burgo,UFC Gym
San Francisco International Open IBJJF Championship 2015,Adult/Female/Purple/Feather,2,Crystal Tolentino,CheckMat
San Francisco International Open IBJJF Championship 2015,Adult/Female/Purple/Light,1,Danielle Renee Alvarez,Bruno Bastos Association
San Francisco International Open IBJJF Championship 2015,Adult/Female/Purple/Light,2,Judith Joan Marie Gomes,Luiz Paulo Jiu-Jitsu
San Francisco International Open IBJJF Championship 2015,Adult/Female/Purple/Light,3,Roma Pawelek,Lovato Jiu-Jitsu
San Francisco International Open IBJJF Championship 2015,Adult/Female/Purple/Light,3,Sara Haj-hassan,Ralph Gracie
San Francisco International Open IBJJF Championship 2015,Adult/Female/Purple/OpenClass,1,Sara Haj-hassan,Ralph Gracie
San Francisco International Open IBJJF Championship 2015,Adult/Female/Purple/OpenClass,2,Roma Pawelek,Lovato Jiu-Jitsu
San Francisco International Open IBJJF Championship 2015,Adult/Female/Purple/OpenClass,3,Crystal Tolentino,CheckMat
San Francisco International Open IBJJF Championship 2015,Adult/Female/Purple/OpenClass,3,Laura Wesson,Gracie Barra
San Francisco International Open IBJJF Championship 2015,Adult/Male/Brown/Feather,1,Richard Stephen Slomba Jr.,Atos Jiu-Jitsu
San Francisco International Open IBJJF Championship 2015,Adult/Male/Brown/Feather,2,Manuel Alejandro Moreno Macias,Cia Paulista USA
San Francisco International Open IBJJF Championship 2015,Adult/Male/Brown/Feather,3,Alexis Alduncin Barragan,Renzo Gracie Mexico
San Francisco International Open IBJJF Championship 2015,Adult/Male/Brown/Light,1,Edwin Najmi,Gracie Barra
San Francisco International Open IBJJF Championship 2015,Adult/Male/Brown/Light,2,Vitor dos Santos Lima Xavier,Gracie Tijuca
San Francisco International Open IBJJF Championship 2015,Adult/Male/Brown/Light,3,Caleb Khan,Ralph Gracie
San Francisco International Open IBJJF Championship 2015,Adult/Male/Brown/Light,3,Jose De Jesus Gutierrez,CheckMat
San Francisco International Open IBJJF Championship 2015,Adult/Male/Brown/Middle,1,Dominique Anfeney Hoskins,BJJ Revolution Team
San Francisco International Open IBJJF Championship 2015,Adult/Male/Brown/Middle,2,Kevin Britton,Nova União International
San Francisco International Open IBJJF Championship 2015,Adult/Male/Brown/Medium-Heavy,1,Paul Andres Domenech,De La Riva Jiu-Jitsu USA
San Francisco International Open IBJJF Championship 2015,Adult/Male/Brown/Medium-Heavy,2,Joseph Junior Ambrose,Guerrilla Jiu Jitsu
San Francisco International Open IBJJF Championship 2015,Adult/Male/Brown/Medium-Heavy,3,Matthew John Maney,Valko BJJ
San Francisco International Open IBJJF Championship 2015,Adult/Male/Brown/Heavy,1,Michael R. Alexander,Travis Lutter Brazilian Jiu-Jitsu
San Francisco International Open IBJJF Championship 2015,Adult/Male/Brown/Heavy,2,Nicholas Greene,Ralph Gracie
San Francisco International Open IBJJF Championship 2015,Adult/Male/Brown/Heavy,3,Michael-Justin Carbullido,Atos Jiu-Jitsu
San Francisco International Open IBJJF Championship 2015,Adult/Male/Brown/Super-Heavy,1,Pedro Lucas Aguiar Araujo,Gracie Barra
San Francisco International Open IBJJF Championship 2015,Adult/Male/Brown/Super-Heavy,2,Gabriel H. Araujo,Gracie Barra
San Francisco International Open IBJJF Championship 2015,Adult/Male/Brown/OpenClass,1,Edwin Najmi,Gracie Barra
San Francisco International Open IBJJF Championship 2015,Adult/Male/Brown/OpenClass,2,Pedro Lucas Aguiar Araujo,Gracie Barra
San Francisco International Open IBJJF Championship 2015,Adult/Male/Brown/OpenClass,3,Caleb Khan,Ralph Gracie
San Francisco International Open IBJJF Championship 2015,Adult/Male/Brown/OpenClass,3,Nicholas Greene,Ralph Gracie
San Francisco International Open IBJJF Championship 2015,Adult/Female/Brown/Feather,1,Kristina Sofia Puruganan Barlaan,Caio Terra Association
San Francisco International Open IBJJF Championship 2015,Adult/Female/Brown/Feather,2,Leilani  Michael,Caveirinha Jiu-Jitsu Family USA
San Francisco International Open IBJJF Championship 2015,Adult/Female/Brown/OpenClass,1,Kristina Sofia Puruganan Barlaan,Caio Terra Association
San Francisco International Open IBJJF Championship 2015,Adult/Female/Brown/OpenClass,2,Leilani  Michael,Caveirinha Jiu-Jitsu Family USA
San Francisco International Open IBJJF Championship 2015,Adult/Male/Black/Light-Feather,1,Caio Terra,Caio Terra Association
San Francisco International Open IBJJF Championship 2015,Adult/Male/Black/Feather,1,Kim Terra,Caio Terra Association
San Francisco International Open IBJJF Championship 2015,Adult/Male/Black/Feather,2,Vitor Peres Paschoal,Caio Terra Association
San Francisco International Open IBJJF Championship 2015,Adult/Male/Black/Feather,3,Jordan Tomas Gomez,Caveirinha Jiu-Jitsu Family USA
San Francisco International Open IBJJF Championship 2015,Adult/Male/Black/Feather,3,Mayko de Araujo Girotto Borges,CheckMat
San Francisco International Open IBJJF Championship 2015,Adult/Male/Black/Light,1,Gianni Paul Grippo,Alliance Marcelo Garcia
San Francisco International Open IBJJF Championship 2015,Adult/Male/Black/Light,2,Rodrigo Lamounier de Freitas,Gracie Barra
San Francisco International Open IBJJF Championship 2015,Adult/Male/Black/Light,3,Davin Lee Maxwell,Cassio Werneck BJJ
San Francisco International Open IBJJF Championship 2015,Adult/Male/Black/Middle,1,Magid Hage IV,Gracie Barra
San Francisco International Open IBJJF Championship 2015,Adult/Male/Black/Middle,2,Joshua Roy Hinger,Atos Jiu-Jitsu
San Francisco International Open IBJJF Championship 2015,Adult/Male/Black/Middle,3,Vitor Henrique Silva Oliveira,GF Team Ohio
San Francisco International Open IBJJF Championship 2015,Adult/Male/Black/Medium-Heavy,1,Tanner Wade Rice,Amazonas Rice Bros BJJ
San Francisco International Open IBJJF Championship 2015,Adult/Male/Black/Medium-Heavy,2,kenneth Primola,Caio Terra Association
San Francisco International Open IBJJF Championship 2015,Adult/Male/Black/Heavy,1,Diego da Silveira Herzog,Ralph Gracie
San Francisco International Open IBJJF Championship 2015,Adult/Male/Black/Heavy,2,Eliot Andrew Kelly,Yemaso Brazilian Jiu-Jitsu
San Francisco International Open IBJJF Championship 2015,Adult/Male/Black/Heavy,3,Arnaldo Maidana de Oliveira,CheckMat
San Francisco International Open IBJJF Championship 2015,Adult/Male/Black/Heavy,3,Jason Scott Ackerman,Kron Gracie Jiu Jitsu
San Francisco International Open IBJJF Championship 2015,Adult/Male/Black/Super-Heavy,1,Yuri Costa Simões M. da Silva,Caio Terra Association
San Francisco International Open IBJJF Championship 2015,Adult/Male/Black/OpenClass,1,Yuri Costa Simões M. da Silva,Caio Terra Association
San Francisco International Open IBJJF Championship 2015,Adult/Male/Black/OpenClass,2,Magid Hage IV,Gracie Barra
San Francisco International Open IBJJF Championship 2015,Adult/Male/Black/OpenClass,3,Gianni Paul Grippo,Alliance Marcelo Garcia
San Francisco International Open IBJJF Championship 2015,Adult/Male/Black/OpenClass,3,Tanner Wade Rice,Amazonas Rice Bros BJJ
San Francisco International Open IBJJF Championship 2015,Adult/Female/Black/Light,1,Karen Deisy Antunes Girotto Borges,CheckMat
San Francisco International Open IBJJF Championship 2015,Adult/Female/Black/Middle,1,Charlene Marie Coats,Coalition 95
San Francisco International Open IBJJF Championship 2015,Adult/Female/Black/Middle,2,Amanda Loewen,SBG International (SBGI)
San Francisco International Open IBJJF Championship 2015,Adult/Female/Black/Medium-Heavy,1,Jill Marie Baker,Jean Jacques Machado BJJ
San Francisco International Open IBJJF Championship 2015,Adult/Female/Black/OpenClass,1,Charlene Marie Coats,Coalition 95
San Francisco International Open IBJJF Championship 2015,Adult/Female/Black/OpenClass,2,Amanda Loewen,SBG International (SBGI)
San Francisco International Open IBJJF Championship 2015,Adult/Female/Black/OpenClass,3,Jill Marie Baker,Jean Jacques Machado BJJ
San Francisco International Open IBJJF Championship 2015,Master1/Male/White/Light-Feather,1,Sebastian Sebastian,Ralph Gracie
San Francisco International Open IBJJF Championship 2015,Master1/Male/White/Light-Feather,2,Daniel Domenzain,Caio Terra Association
San Francisco International Open IBJJF Championship 2015,Master1/Male/White/Light,1,Philip Corlett,Ribeiro Jiu-Jitsu
San Francisco International Open IBJJF Championship 2015,Master1/Male/White/Light,2,Riccardo Biasini,Serao Mixed Martial Arts
San Francisco International Open IBJJF Championship 2015,Master1/Male/White/Light,3,Chad Hooker,Gracie Fighter
San Francisco International Open IBJJF Championship 2015,Master1/Male/White/Light,3,Emilio Tagua,Mario Sukata International
San Francisco International Open IBJJF Championship 2015,Master1/Male/White/Middle,1,Adam Johnson,Atos Jiu-Jitsu
San Francisco International Open IBJJF Championship 2015,Master1/Male/White/Middle,2,Chad Catbagan,Alliance Atlanta
San Francisco International Open IBJJF Championship 2015,Master1/Male/White/Middle,3,Daniel Wilson,Ralph Gracie
San Francisco International Open IBJJF Championship 2015,Master1/Male/White/Middle,3,Gantulga Dashnyam,CheckMat
San Francisco International Open IBJJF Championship 2015,Master1/Male/White/Medium-Heavy,1,Adam  Stahl,Tinguinha BJJ academy
San Francisco International Open IBJJF Championship 2015,Master1/Male/White/Medium-Heavy,2,Les Barroga,Atos Jiu-Jitsu
San Francisco International Open IBJJF Championship 2015,Master1/Male/White/Heavy,1,Brodie Daniel Trout (repetido 149800),Marco Nascimento BJJ
San Francisco International Open IBJJF Championship 2015,Master1/Male/White/Heavy,2,Gabriel Cera,Ralph Gracie
San Francisco International Open IBJJF Championship 2015,Master1/Male/White/Heavy,3,Daniel Stoddard,Fabio Prado BJJ
San Francisco International Open IBJJF Championship 2015,Master1/Male/White/Super-Heavy,1,Brian Hassan,Romulo Melo Brazilian Jiu-Jitsu LLC.
San Francisco International Open IBJJF Championship 2015,Master1/Male/White/Super-Heavy,2,Lewis Cofield,Gracie Fighter
San Francisco International Open IBJJF Championship 2015,Master1/Male/White/Super-Heavy,3,Patrick Brenaman Brenaman,Ralph Gracie
San Francisco International Open IBJJF Championship 2015,Master1/Male/White/Super-Heavy,3,Ryan Hysell,Atos Jiu-Jitsu
San Francisco International Open IBJJF Championship 2015,Master1/Male/White/Ultra-Heavy,1,Christopher Johnson,Ralph Gracie
San Francisco International Open IBJJF Championship 2015,Master1/Male/White/Ultra-Heavy,2,Chris Kim,CheckMat
San Francisco International Open IBJJF Championship 2015,Master1/Male/White/Ultra-Heavy,3,Brooks  Banks,Charles Gracie Jiu-Jitsu Academy
San Francisco International Open IBJJF Championship 2015,Master1/Male/Blue/Feather,1,Anthony Bell,Renato Tavares Association
San Francisco International Open IBJJF Championship 2015,Master1/Male/Blue/Feather,2,Barry Domingo,Caio Terra Association
San Francisco International Open IBJJF Championship 2015,Master1/Male/Blue/Feather,3,Bernard Turner,Yemaso Brazilian Jiu-Jitsu
San Francisco International Open IBJJF Championship 2015,Master1/Male/Blue/Feather,3,James Spear,Tinguinha BJJ academy
San Francisco International Open IBJJF Championship 2015,Master1/Male/Blue/Light,1,Sean-ahmed  Shakour,Yemaso Brazilian Jiu-Jitsu
San Francisco International Open IBJJF Championship 2015,Master1/Male/Blue/Light,2,Jeffrey Hairston,Atos Jiu-Jitsu
San Francisco International Open IBJJF Championship 2015,Master1/Male/Blue/Light,3,Anthony Cessario,Ribeiro Jiu-Jitsu
San Francisco International Open IBJJF Championship 2015,Master1/Male/Blue/Light,3,Brian Arons,Ralph Gracie Jiu Jitsu
San Francisco International Open IBJJF Championship 2015,Master1/Male/Blue/Middle,1,Noel Castro,Ribeiro Jiu-Jitsu
San Francisco International Open IBJJF Championship 2015,Master1/Male/Blue/Middle,2,Billy English,Yemaso Brazilian Jiu-Jitsu
San Francisco International Open IBJJF Championship 2015,Master1/Male/Blue/Middle,3,Clayton Bundschuh,Caio Terra Association
San Francisco International Open IBJJF Championship 2015,Master1/Male/Blue/Middle,3,Keith  Ward,Amazonas Rice Bros BJJ
San Francisco International Open IBJJF Championship 2015,Master1/Male/Blue/Medium-Heavy,1,David Pakele,CheckMat
San Francisco International Open IBJJF Championship 2015,Master1/Male/Blue/Medium-Heavy,2,Jimmy Center,SBG International (SBGI)
San Francisco International Open IBJJF Championship 2015,Master1/Male/Blue/Medium-Heavy,3,Almer Bacallan,Marco Nascimento BJJ
San Francisco International Open IBJJF Championship 2015,Master1/Male/Blue/Medium-Heavy,3,Ricardo Jones,Yemaso Brazilian Jiu-Jitsu
San Francisco International Open IBJJF Championship 2015,Master1/Male/Blue/Heavy,1,Prentice Lomax,Yemaso Brazilian Jiu-Jitsu
San Francisco International Open IBJJF Championship 2015,Master1/Male/Blue/Ultra-Heavy,1,Chris Roberson,Infinite Jiu Jitsu
San Francisco International Open IBJJF Championship 2015,Master1/Male/Blue/Ultra-Heavy,2,kyle ziemann,Gracie Humaita Las Vegas
San Francisco International Open IBJJF Championship 2015,Master1/Male/Blue/Ultra-Heavy,3,Joaquin Jauregui,Yemaso Brazilian Jiu-Jitsu
San Francisco International Open IBJJF Championship 2015,Master1/Male/Blue/OpenClass,1,Chris Roberson,Infinite Jiu Jitsu
San Francisco International Open IBJJF Championship 2015,Master1/Male/Blue/OpenClass,2,Billy English,Yemaso Brazilian Jiu-Jitsu
San Francisco International Open IBJJF Championship 2015,Master1/Male/Blue/OpenClass,3,Jimmy Center,SBG International (SBGI)
San Francisco International Open IBJJF Championship 2015,Master1/Female/Blue/Feather,1,brandy nerney,Braga Fight Team - Los Angeles
San Francisco International Open IBJJF Championship 2015,Master1/Female/Blue/Light,1,Judyann Lee Burgess,Cleber Jiu Jitsu
San Francisco International Open IBJJF Championship 2015,Master1/Female/Blue/Light,2,Kim Sugamoto,Caveirinha Jiu-Jitsu Family USA
San Francisco International Open IBJJF Championship 2015,Master1/Female/Blue/Light,3,Kelly McMillian,Coalition 95
San Francisco International Open IBJJF Championship 2015,Master1/Female/Blue/Light,3,Patricia Archila,Bonsai JJ - USA
San Francisco International Open IBJJF Championship 2015,Master1/Female/Blue/Heavy,1,Christina Hanley,Marco Nascimento BJJ
San Francisco International Open IBJJF Championship 2015,Master1/Female/Blue/Heavy,2,Yolanda Conforti,Jean Jacques Machado BJJ
San Francisco International Open IBJJF Championship 2015,Master1/Female/Blue/Heavy,3,Miranda Larsen,Alliance Atlanta
San Francisco International Open IBJJF Championship 2015,Master1/Female/Blue/OpenClass,1,Christina Hanley,Marco Nascimento BJJ
San Francisco International Open IBJJF Championship 2015,Master1/Female/Blue/OpenClass,2,Kim Sugamoto,Caveirinha Jiu-Jitsu Family USA
San Francisco International Open IBJJF Championship 2015,Master1/Female/Blue/OpenClass,3,brandy nerney,Braga Fight Team - Los Angeles
San Francisco International Open IBJJF Championship 2015,Master1/Male/Purple/Light-Feather,1,Ruben Estrada Avila,Yemaso Brazilian Jiu-Jitsu
San Francisco International Open IBJJF Championship 2015,Master1/Male/Purple/Light-Feather,2,jason debruyn,Atos Jiu-Jitsu
San Francisco International Open IBJJF Championship 2015,Master1/Male/Purple/Feather,1,Alexis D. Fonseca,Atos Jiu-Jitsu
San Francisco International Open IBJJF Championship 2015,Master1/Male/Purple/Feather,2,Michael Allen Kaplan (repetido 49668),Relson Gracie
San Francisco International Open IBJJF Championship 2015,Master1/Male/Purple/Feather,3,Herbert Aguirre,Ribeiro Jiu-Jitsu
San Francisco International Open IBJJF Championship 2015,Master1/Male/Purple/Light,1,Michael Nimon,Ralph Gracie
San Francisco International Open IBJJF Championship 2015,Master1/Male/Purple/Light,2,Joshua Robles,Caio Terra Association
San Francisco International Open IBJJF Championship 2015,Master1/Male/Purple/Light,3,Alfonso Flores,Coalition 95
San Francisco International Open IBJJF Championship 2015,Master1/Male/Purple/Light,3,Rodger Felty,Gracie Humaita Temecula
San Francisco International Open IBJJF Championship 2015,Master1/Male/Purple/Middle,1,John David Butler,Ribeiro Jiu-Jitsu
San Francisco International Open IBJJF Championship 2015,Master1/Male/Purple/Middle,2,Kevin Bostick,Braga Fight Team - Los Angeles
San Francisco International Open IBJJF Championship 2015,Master1/Male/Purple/Middle,3,Derek Ward,Brazilian Top Team
San Francisco International Open IBJJF Championship 2015,Master1/Male/Purple/Middle,3,Omar Alfonso Colin,Gracie Barra
San Francisco International Open IBJJF Championship 2015,Master1/Male/Purple/Medium-Heavy,1,Andrew Farris,DDR Jiu Jitsu
San Francisco International Open IBJJF Championship 2015,Master1/Male/Purple/Medium-Heavy,2,Daniel Edward Carlson,Surfight Jiu-Jitsu
San Francisco International Open IBJJF Championship 2015,Master1/Male/Purple/Medium-Heavy,3,Bobby Alexander,Travis Lutter Brazilian Jiu-Jitsu
San Francisco International Open IBJJF Championship 2015,Master1/Male/Purple/Medium-Heavy,3,Rafael Fideles,Marco Nascimento BJJ
San Francisco International Open IBJJF Championship 2015,Master1/Male/Purple/Heavy,1,Adam Richard Nadow,Brazilian Top Team Long Beach
San Francisco International Open IBJJF Championship 2015,Master1/Male/Purple/Heavy,2,Erik Miner,Alliance
San Francisco International Open IBJJF Championship 2015,Master1/Male/Purple/Heavy,3,Michael James Martin,Yemaso Brazilian Jiu-Jitsu
San Francisco International Open IBJJF Championship 2015,Master1/Male/Purple/Heavy,3,Travis Warren,Charles Gracie Jiu-Jitsu Academy
San Francisco International Open IBJJF Championship 2015,Master1/Male/Purple/Super-Heavy,1,Azarias Castro,Ribeiro Jiu-Jitsu
San Francisco International Open IBJJF Championship 2015,Master1/Male/Purple/Super-Heavy,2,Fernando  Mendez,Cleber Jiu Jitsu
San Francisco International Open IBJJF Championship 2015,Master1/Male/Purple/Super-Heavy,3,Shawn Arthur Chandler,Caio Terra Association
San Francisco International Open IBJJF Championship 2015,Master1/Male/Purple/OpenClass,1,Michael Nimon,Ralph Gracie
San Francisco International Open IBJJF Championship 2015,Master1/Male/Purple/OpenClass,2,Ruben Estrada Avila,Yemaso Brazilian Jiu-Jitsu
San Francisco International Open IBJJF Championship 2015,Master1/Male/Purple/OpenClass,3,Michael James Martin,Yemaso Brazilian Jiu-Jitsu
San Francisco International Open IBJJF Championship 2015,Master1/Male/Purple/OpenClass,3,Shawn Arthur Chandler,Caio Terra Association
San Francisco International Open IBJJF Championship 2015,Master1/Female/Purple/Rooster,1,Jonalyn Rose Aguas Romualdez,Ribeiro Jiu-Jitsu
San Francisco International Open IBJJF Championship 2015,Master1/Female/Purple/Rooster,2,Kiree Higa,Caveirinha Jiu-Jitsu Family USA
San Francisco International Open IBJJF Championship 2015,Master1/Female/Purple/Feather,1,Georgina Staley,Gracie Barra
San Francisco International Open IBJJF Championship 2015,Master1/Female/Purple/Feather,2,Jayme Bordon Terra,Caio Terra Association
San Francisco International Open IBJJF Championship 2015,Master1/Female/Purple/Light,1,Jessie Chen,Rocha Jiu Jitsu
San Francisco International Open IBJJF Championship 2015,Master1/Female/Purple/Light,2,Samantha Shine Annexstein,Ricardo Barros Brazilian Jiu Jitsu
San Francisco International Open IBJJF Championship 2015,Master1/Female/Purple/Heavy,1,Ereni Conolly,Caveirinha Jiu-Jitsu Family USA
San Francisco International Open IBJJF Championship 2015,Master1/Female/Purple/OpenClass,1,Samantha Shine Annexstein,Ricardo Barros Brazilian Jiu Jitsu
San Francisco International Open IBJJF Championship 2015,Master1/Female/Purple/OpenClass,2,Georgina Staley,Gracie Barra
San Francisco International Open IBJJF Championship 2015,Master1/Female/Purple/OpenClass,3,Ereni Conolly,Caveirinha Jiu-Jitsu Family USA
San Francisco International Open IBJJF Championship 2015,Master1/Female/Purple/OpenClass,3,Jayme Bordon Terra,Caio Terra Association
San Francisco International Open IBJJF Championship 2015,Master1/Male/Brown/Light-Feather,1,Cresencio Zamora,Gracie Humaita Las Vegas
San Francisco International Open IBJJF Championship 2015,Master1/Male/Brown/Light-Feather,2,Robert Arnold,AB Mixed Martial Arts Academy
San Francisco International Open IBJJF Championship 2015,Master1/Male/Brown/Light-Feather,3,Jerel C. T. Tengan,Yemaso Brazilian Jiu-Jitsu
San Francisco International Open IBJJF Championship 2015,Master1/Male/Brown/Light-Feather,3,Tyson Pair,Charles Gracie Jiu-Jitsu Academy
San Francisco International Open IBJJF Championship 2015,Master1/Male/Brown/Feather,1,Gustavo Adolfo Fonseca Jr.,Atos Jiu-Jitsu
San Francisco International Open IBJJF Championship 2015,Master1/Male/Brown/Feather,2,Aaron Sean Gonsolin,Yemaso Brazilian Jiu-Jitsu
San Francisco International Open IBJJF Championship 2015,Master1/Male/Brown/Light,1,Sean  Nikmorad,Gracie Fighter
San Francisco International Open IBJJF Championship 2015,Master1/Male/Brown/Light,2,Christopher James Dealy,Alliance
San Francisco International Open IBJJF Championship 2015,Master1/Male/Brown/Light,3,Jesus G. Moreno-Macias,Cia Paulista USA
San Francisco International Open IBJJF Championship 2015,Master1/Male/Brown/Light,3,John Kerwin Nunneley, III,Kaijin Martial Arts
San Francisco International Open IBJJF Championship 2015,Master1/Male/Brown/Super-Heavy,1,Jaysen Jose Baxter,Brazilian Top Team Long Beach
San Francisco International Open IBJJF Championship 2015,Master1/Male/Brown/Super-Heavy,2,Michal Aleksander Orzel,Charles Gracie Jiu-Jitsu Academy
San Francisco International Open IBJJF Championship 2015,Master1/Male/Brown/Super-Heavy,3,Konstantin N Skachkov,Heroes Martial Arts
San Francisco International Open IBJJF Championship 2015,Master1/Male/Brown/Ultra-Heavy,1,Shawn D. S. Cox,Yemaso Brazilian Jiu-Jitsu
San Francisco International Open IBJJF Championship 2015,Master1/Male/Brown/OpenClass,1,Sean  Nikmorad,Gracie Fighter
San Francisco International Open IBJJF Championship 2015,Master1/Male/Brown/OpenClass,2,Jesus G. Moreno-Macias,Cia Paulista USA
San Francisco International Open IBJJF Championship 2015,Master1/Male/Brown/OpenClass,3,Christopher James Dealy,Alliance
San Francisco International Open IBJJF Championship 2015,Master1/Male/Black/Feather,1,Daniel V. Alvarez Jr.,Bruno Bastos Association
San Francisco International Open IBJJF Championship 2015,Master1/Male/Black/Feather,2,Paulo Eduardo Vieira Nunes Freire,Gracie Barra
San Francisco International Open IBJJF Championship 2015,Master1/Male/Black/Feather,3,Raj Mohan Nair,Brazilian Top Team Long Beach
San Francisco International Open IBJJF Championship 2015,Master1/Male/Black/Medium-Heavy,1,Marcos Alejandro Torregrosa,Yemaso Brazilian Jiu-Jitsu
San Francisco International Open IBJJF Championship 2015,Master1/Male/Black/Medium-Heavy,2,Omar Sabha,Brazilian Top Team Long Beach
San Francisco International Open IBJJF Championship 2015,Master1/Male/Black/Medium-Heavy,3,Matthew Anthony Todd,Caio Terra Association
San Francisco International Open IBJJF Championship 2015,Master1/Male/Black/Medium-Heavy,3,Newton Dias Casemiro,Ralph Gracie
San Francisco International Open IBJJF Championship 2015,Master1/Male/Black/Super-Heavy,1,Gian Carlos Valdez Jorge,Yamasaki Academy/ Machete BJJ
San Francisco International Open IBJJF Championship 2015,Master1/Male/Black/Super-Heavy,2,Alex Phillip Ross,Alliance Porto Alegre
San Francisco International Open IBJJF Championship 2015,Master1/Male/Black/OpenClass,1,Marcos Alejandro Torregrosa,Yemaso Brazilian Jiu-Jitsu
San Francisco International Open IBJJF Championship 2015,Master1/Male/Black/OpenClass,2,Newton Dias Casemiro,Ralph Gracie
San Francisco International Open IBJJF Championship 2015,Master2/Male/White/Feather,1,William Velasco,UFC Gym
San Francisco International Open IBJJF Championship 2015,Master2/Male/White/Feather,2,Michael  Eblacas,Diego Herzog BJJ
San Francisco International Open IBJJF Championship 2015,Master2/Male/White/Feather,3,Jeremy  Graves,Atos Jiu-Jitsu
San Francisco International Open IBJJF Championship 2015,Master2/Male/White/Light,1,Simon Sandoval,UFC Gym
San Francisco International Open IBJJF Championship 2015,Master2/Male/White/Light,2,Jerry Allen Hickman,Yemaso Brazilian Jiu-Jitsu
San Francisco International Open IBJJF Championship 2015,Master2/Male/White/Light,3,Benjamin Martinez,Caio Terra Association
San Francisco International Open IBJJF Championship 2015,Master2/Male/White/Middle,1,Craig Faria,Jean Jacques Machado BJJ
San Francisco International Open IBJJF Championship 2015,Master2/Male/White/Middle,2,Enrique Hernandez,Yemaso Brazilian Jiu-Jitsu
San Francisco International Open IBJJF Championship 2015,Master2/Male/White/Middle,3,Joseph Salud,Marco Nascimento BJJ
San Francisco International Open IBJJF Championship 2015,Master2/Male/White/Middle,3,Seth Hum,Cleber Jiu Jitsu
San Francisco International Open IBJJF Championship 2015,Master2/Male/White/Medium-Heavy,1,Will Blaker,Gracie Fighter
San Francisco International Open IBJJF Championship 2015,Master2/Male/White/Medium-Heavy,2,Kyle Wilhelms,Raul Castillo BJJ
San Francisco International Open IBJJF Championship 2015,Master2/Male/White/Medium-Heavy,3,Jason  Gummert,Atos Jiu-Jitsu
San Francisco International Open IBJJF Championship 2015,Master2/Male/White/Medium-Heavy,3,Paul Dima,Fabio Prado BJJ
San Francisco International Open IBJJF Championship 2015,Master2/Male/White/Heavy,1,Michael Steenson,Brazilian Top Team Long Beach
San Francisco International Open IBJJF Championship 2015,Master2/Male/White/Heavy,2,Mike Reardon,Ribeiro Jiu-Jitsu
San Francisco International Open IBJJF Championship 2015,Master2/Male/White/Ultra-Heavy,1,Anousa Thavincher,Gracie Barra
San Francisco International Open IBJJF Championship 2015,Master2/Male/White/Ultra-Heavy,2,Hugo Troche,Marco Nascimento BJJ
San Francisco International Open IBJJF Championship 2015,Master2/Male/White/Ultra-Heavy,3,Fernando Maldonado,Sandro Batata Brazilian Jiu-jitsu
San Francisco International Open IBJJF Championship 2015,Master2/Male/Blue/Light,1,Matthew Danna,Caio Terra Association
San Francisco International Open IBJJF Championship 2015,Master2/Male/Blue/Light,2,Sourikone Nhingsavsth,Yemaso Brazilian Jiu-Jitsu
San Francisco International Open IBJJF Championship 2015,Master2/Male/Blue/Light,3,Cipriano Reandelar,Fabio Prado BJJ
San Francisco International Open IBJJF Championship 2015,Master2/Male/Blue/Light,3,John Wesley Rockwell,Marco Nascimento BJJ
San Francisco International Open IBJJF Championship 2015,Master2/Male/Blue/Middle,1,James Cook,Ralph Gracie
San Francisco International Open IBJJF Championship 2015,Master2/Male/Blue/Middle,2,Radu Ursu,Caio Terra Association
San Francisco International Open IBJJF Championship 2015,Master2/Male/Blue/Middle,3,Aliki Alalamua,Ralph Gracie Jiu Jitsu
San Francisco International Open IBJJF Championship 2015,Master2/Male/Blue/Middle,3,Daniel Lopez,Ralph Gracie
San Francisco International Open IBJJF Championship 2015,Master2/Male/Blue/Medium-Heavy,1,John Allsup,SBG International (SBGI)
San Francisco International Open IBJJF Championship 2015,Master2/Male/Blue/Medium-Heavy,2,Brian  Cooper,Easton BJJ
San Francisco International Open IBJJF Championship 2015,Master2/Male/Blue/Medium-Heavy,3,Courtney Monedero,Paragon BJJ Academy
San Francisco International Open IBJJF Championship 2015,Master2/Male/Blue/Medium-Heavy,3,Stephen Brown,CheckMat
San Francisco International Open IBJJF Championship 2015,Master2/Male/Blue/Ultra-Heavy,1,Richard Duncan,Camarillo Jiu Jitsu
San Francisco International Open IBJJF Championship 2015,Master2/Male/Blue/OpenClass,1,Brian  Cooper,Easton BJJ
San Francisco International Open IBJJF Championship 2015,Master2/Male/Blue/OpenClass,2,Aliki Alalamua,Ralph Gracie Jiu Jitsu
San Francisco International Open IBJJF Championship 2015,Master2/Male/Blue/OpenClass,3,John Wesley Rockwell,Marco Nascimento BJJ
San Francisco International Open IBJJF Championship 2015,Master2/Male/Blue/OpenClass,3,Matthew Danna,Caio Terra Association
San Francisco International Open IBJJF Championship 2015,Master2/Male/Purple/Light-Feather,1,Arturo Vega,Caio Terra Association
San Francisco International Open IBJJF Championship 2015,Master2/Male/Purple/Light-Feather,2,Paulo Wesson,Gracie Barra
San Francisco International Open IBJJF Championship 2015,Master2/Male/Purple/Light-Feather,3,Donny Le,Yemaso Brazilian Jiu-Jitsu
San Francisco International Open IBJJF Championship 2015,Master2/Male/Purple/Light-Feather,3,Dustin Sawtelle (repetido 194710),CheckMat
San Francisco International Open IBJJF Championship 2015,Master2/Male/Purple/Feather,1,Evan Rex Esguerra,Ralph Gracie
San Francisco International Open IBJJF Championship 2015,Master2/Male/Purple/Feather,2,Oscar Ernesto Gonzalez,Brazilian Top Team
San Francisco International Open IBJJF Championship 2015,Master2/Male/Purple/Feather,3,Juan Martin Veloso Romualdez,Ribeiro Jiu-Jitsu
San Francisco International Open IBJJF Championship 2015,Master2/Male/Purple/Feather,3,Philip Peiyuan Yeh,Marco Nascimento BJJ
San Francisco International Open IBJJF Championship 2015,Master2/Male/Purple/Light,1,Richard Everett,Ralph Gracie
San Francisco International Open IBJJF Championship 2015,Master2/Male/Purple/Light,2,Chris Myers,SBG International (SBGI)
San Francisco International Open IBJJF Championship 2015,Master2/Male/Purple/Middle,1,Bruce Nardone,Guerrilla Jiu Jitsu
San Francisco International Open IBJJF Championship 2015,Master2/Male/Purple/Heavy,1,Adam Kyle Schembs,Carlos Sapao BJJ
San Francisco International Open IBJJF Championship 2015,Master2/Male/Purple/Heavy,2,Glenn G. Calairo,Caveirinha Jiu-Jitsu Family USA
San Francisco International Open IBJJF Championship 2015,Master2/Male/Purple/Heavy,3,Joule Sze,Checkmat Bay Jiu-Jitsu
San Francisco International Open IBJJF Championship 2015,Master2/Male/Purple/Heavy,3,Shafeeq Sadiq,DDR Jiu Jitsu
San Francisco International Open IBJJF Championship 2015,Master2/Male/Purple/Super-Heavy,1,shawn fabits,Tinguinha BJJ academy
San Francisco International Open IBJJF Championship 2015,Master2/Male/Purple/OpenClass,1,Shafeeq Sadiq,DDR Jiu Jitsu
San Francisco International Open IBJJF Championship 2015,Master2/Male/Purple/OpenClass,2,Bruce Nardone,Guerrilla Jiu Jitsu
San Francisco International Open IBJJF Championship 2015,Master2/Male/Purple/OpenClass,3,Adam Kyle Schembs,Carlos Sapao BJJ
San Francisco International Open IBJJF Championship 2015,Master2/Male/Purple/OpenClass,3,Chris Myers,SBG International (SBGI)
San Francisco International Open IBJJF Championship 2015,Master2/Male/Brown/Light,1,Timothy Harlan Blackstone,Alliance
San Francisco International Open IBJJF Championship 2015,Master2/Male/Brown/Light,2,Jacob Schofield,Alliance USA
San Francisco International Open IBJJF Championship 2015,Master2/Male/Brown/Light,3,Angel Paul Lopez,Tinguinha BJJ academy
San Francisco International Open IBJJF Championship 2015,Master2/Male/Brown/Light,3,Manuel M. de G. Cabrera Jr,AB Mixed Martial Arts Academy
San Francisco International Open IBJJF Championship 2015,Master2/Male/Brown/Middle,1,Marco Luiz  Zulauf,Caio Terra Association
San Francisco International Open IBJJF Championship 2015,Master2/Male/Brown/Middle,2,Leandro L. Massaro,Gracie Humaita Phoenix
San Francisco International Open IBJJF Championship 2015,Master2/Male/Brown/Middle,3,Christian Montes,Caio Terra Association
San Francisco International Open IBJJF Championship 2015,Master2/Male/Brown/Middle,3,Jeffery Michael Donovan,Alliance Atlanta
San Francisco International Open IBJJF Championship 2015,Master2/Male/Brown/Medium-Heavy,1,Richard Selmar Bothun,Yemaso Brazilian Jiu-Jitsu
San Francisco International Open IBJJF Championship 2015,Master2/Male/Brown/Medium-Heavy,2,John Thomas Sorrell,Alliance Atlanta
San Francisco International Open IBJJF Championship 2015,Master2/Male/Brown/Medium-Heavy,3,Mario Alonso Gaxiola,Caio Terra Association
San Francisco International Open IBJJF Championship 2015,Master2/Male/Brown/Heavy,1,Carlos Archila,Bonsai JJ - USA
San Francisco International Open IBJJF Championship 2015,Master2/Male/Brown/Heavy,2,Daniel J. Ripper,Caio Terra Association
San Francisco International Open IBJJF Championship 2015,Master2/Male/Brown/Ultra-Heavy,1,Greg Hamilton,Jean Jacques Machado BJJ
San Francisco International Open IBJJF Championship 2015,Master2/Male/Brown/OpenClass,1,Marco Luiz  Zulauf,Caio Terra Association
San Francisco International Open IBJJF Championship 2015,Master2/Male/Brown/OpenClass,2,Daniel J. Ripper,Caio Terra Association
San Francisco International Open IBJJF Championship 2015,Master2/Male/Brown/OpenClass,3,John Thomas Sorrell,Alliance Atlanta
San Francisco International Open IBJJF Championship 2015,Master2/Male/Brown/OpenClass,3,Richard Selmar Bothun,Yemaso Brazilian Jiu-Jitsu
San Francisco International Open IBJJF Championship 2015,Master2/Male/Black/Middle,1,Christian Bello,Gracie Barra
San Francisco International Open IBJJF Championship 2015,Master2/Male/Black/Middle,2,Kenny Kim,Caio Terra Association
San Francisco International Open IBJJF Championship 2015,Master2/Male/Black/Middle,3,Robson Camargo Rodrigues,CheckMat
San Francisco International Open IBJJF Championship 2015,Master2/Male/Black/Heavy,1,Bryant Scott Pangelinan,Carlos Sapao BJJ
San Francisco International Open IBJJF Championship 2015,Master2/Male/Black/Heavy,2,Collin Wayne Grayson,Caio Terra Association
San Francisco International Open IBJJF Championship 2015,Master2/Male/Black/OpenClass,1,Kenny Kim,Caio Terra Association
San Francisco International Open IBJJF Championship 2015,Master2/Male/Black/OpenClass,2,Collin Wayne Grayson,Caio Terra Association
San Francisco International Open IBJJF Championship 2015,Master3/Male/Blue/Feather,1,Jaime Villar Molina,Caio Terra Association
San Francisco International Open IBJJF Championship 2015,Master3/Male/Blue/Feather,2,Steven Winter,Romulo Melo Brazilian Jiu-Jitsu LLC.
San Francisco International Open IBJJF Championship 2015,Master3/Male/Blue/Middle,1,Max Schultz,Ralph Gracie
San Francisco International Open IBJJF Championship 2015,Master3/Male/Blue/Middle,2,David Lara,Yemaso Brazilian Jiu-Jitsu
San Francisco International Open IBJJF Championship 2015,Master3/Male/Blue/Middle,3,Jean Bernard Jorajuria,Infinite Jiu Jitsu
San Francisco International Open IBJJF Championship 2015,Master3/Male/Blue/Medium-Heavy,1,Efrem Villasenor,Jean Jacques Machado BJJ
San Francisco International Open IBJJF Championship 2015,Master3/Male/Blue/Medium-Heavy,2,David  Lockwood,Yemaso Brazilian Jiu-Jitsu
San Francisco International Open IBJJF Championship 2015,Master3/Male/Blue/Super-Heavy,1,Leobardo Perez,Alliance Atlanta
San Francisco International Open IBJJF Championship 2015,Master3/Male/Blue/Ultra-Heavy,1,Vince  Lane,Ralph Gracie
San Francisco International Open IBJJF Championship 2015,Master3/Male/Blue/OpenClass,1,Vince  Lane,Ralph Gracie
San Francisco International Open IBJJF Championship 2015,Master3/Male/Blue/OpenClass,2,Max Schultz,Ralph Gracie
San Francisco International Open IBJJF Championship 2015,Master3/Male/Blue/OpenClass,3,Jaime Villar Molina,Caio Terra Association
San Francisco International Open IBJJF Championship 2015,Master3/Male/Purple/Feather,1,Jethro Abreu,LCCT USA
San Francisco International Open IBJJF Championship 2015,Master3/Male/Purple/Feather,2,Daniel Cullen Daly,Infinite Jiu Jitsu
San Francisco International Open IBJJF Championship 2015,Master3/Male/Purple/Feather,3,Michael Donovan,Gracie Humaita Phoenix
San Francisco International Open IBJJF Championship 2015,Master3/Male/Purple/Light,1,Randy Lacy,Yemaso Brazilian Jiu-Jitsu
San Francisco International Open IBJJF Championship 2015,Master3/Male/Purple/Light,2,Ranulfo Gonzalez Jr.,Caio Terra Association
San Francisco International Open IBJJF Championship 2015,Master3/Male/Purple/Middle,1,Martin Galinski,Serao Mixed Martial Arts
San Francisco International Open IBJJF Championship 2015,Master3/Male/Purple/Middle,2,Alejandro Lucas,Street Sports BJJ
San Francisco International Open IBJJF Championship 2015,Master3/Male/Purple/Heavy,1,Alfredo Varona,Charles Gracie Jiu-Jitsu Academy
San Francisco International Open IBJJF Championship 2015,Master3/Male/Purple/Heavy,2,Miguel  Ramos,Yamasaki Academy/ Machete BJJ
San Francisco International Open IBJJF Championship 2015,Master3/Male/Purple/Super-Heavy,1,Jamison T. Cummings,Guerrilla Jiu Jitsu
San Francisco International Open IBJJF Championship 2015,Master3/Male/Purple/Super-Heavy,2,Christopher Michael Glew,Total MMA Studio (BTT Orange County)
San Francisco International Open IBJJF Championship 2015,Master3/Male/Purple/OpenClass,1,Christopher Michael Glew,Total MMA Studio (BTT Orange County)
San Francisco International Open IBJJF Championship 2015,Master3/Male/Purple/OpenClass,2,Miguel  Ramos,Yamasaki Academy/ Machete BJJ
San Francisco International Open IBJJF Championship 2015,Master3/Male/Purple/OpenClass,3,Ranulfo Gonzalez Jr.,Caio Terra Association
San Francisco International Open IBJJF Championship 2015,Master3/Male/Black/Light,1,Ron Hulsey,Cleber Jiu Jitsu
San Francisco International Open IBJJF Championship 2015,Master3/Male/Black/Light,2,John William Orr,Brazilian Top Team Long Beach
San Francisco International Open IBJJF Championship 2015,Master3/Male/Black/Light,3,Flavio Ralf Meier,Caio Terra Association
San Francisco International Open IBJJF Championship 2015,Master3/Male/Black/Middle,1,Luis Eduardo Gonçalves Fraga,Ralph Gracie
San Francisco International Open IBJJF Championship 2015,Master3/Male/Black/Middle,2,Marcus Boness,Yemaso Brazilian Jiu-Jitsu
San Francisco International Open IBJJF Championship 2015,Master3/Male/Black/Medium-Heavy,1,Matt Jason Baker,Jean Jacques Machado BJJ
San Francisco International Open IBJJF Championship 2015,Master3/Male/Black/Heavy,1,Christopher Joseph Latino,Cia Paulista USA
San Francisco International Open IBJJF Championship 2015,Master3/Male/Black/Heavy,2,Thorin Oakenshield Ryan,Ralph Gracie
San Francisco International Open IBJJF Championship 2015,Master3/Male/Black/OpenClass,1,Matt Jason Baker,Jean Jacques Machado BJJ
San Francisco International Open IBJJF Championship 2015,Master3/Male/Black/OpenClass,2,Luis Eduardo Gonçalves Fraga,Ralph Gracie
San Francisco International Open IBJJF Championship 2015,Master3/Male/Black/OpenClass,3,Christopher Joseph Latino,Cia Paulista USA
San Francisco International Open IBJJF Championship 2015,Master3/Male/Black/OpenClass,3,Ron Hulsey,Cleber Jiu Jitsu
San Francisco International Open IBJJF Championship 2015,Master4/Male/Blue/Feather,1,Roy  Calloway,Brazilian Top Team Long Beach
San Francisco International Open IBJJF Championship 2015,Master4/Male/Blue/Feather,2,Darrin Neil Tinsley,Gracie Fighter
San Francisco International Open IBJJF Championship 2015,Master4/Male/Blue/Middle,1,Edward Juarez,UFC Gym
San Francisco International Open IBJJF Championship 2015,Master4/Male/Blue/Middle,2,ricky hui,AB Mixed Martial Arts Academy
San Francisco International Open IBJJF Championship 2015,Master4/Male/Blue/Middle,3,Tim  Higuera,Cia Paulista USA
San Francisco International Open IBJJF Championship 2015,Master4/Male/Blue/Heavy,1,Bryan Ales,Brazilian Top Team Long Beach
San Francisco International Open IBJJF Championship 2015,Master4/Male/Blue/Heavy,2,James Michael Headen,Zenith BJJ - Las Vegas
San Francisco International Open IBJJF Championship 2015,Master4/Male/Blue/Super-Heavy,1,Lincoln Green Jr.,Gracie Humaita Phoenix
San Francisco International Open IBJJF Championship 2015,Master4/Male/Blue/OpenClass,1,Lincoln Green Jr.,Gracie Humaita Phoenix
San Francisco International Open IBJJF Championship 2015,Master4/Male/Blue/OpenClass,2,Darrin Neil Tinsley,Gracie Fighter
San Francisco International Open IBJJF Championship 2015,Master4/Male/Purple/Heavy,1,Bryan Biggs,Gracie Humaita Temecula
San Francisco International Open IBJJF Championship 2015,Master4/Male/Purple/Heavy,2,Gary Love,Brazilian Top Team Long Beach
San Francisco International Open IBJJF Championship 2015,Master4/Male/Purple/Heavy,3,Timothy Christian Oliveira,CheckMat
San Francisco International Open IBJJF Championship 2015,Master4/Male/Purple/OpenClass,1,Bryan Biggs,Gracie Humaita Temecula
San Francisco International Open IBJJF Championship 2015,Master4/Male/Brown/Heavy,1,John William Diedenhofen IV,CheckMat
San Francisco International Open IBJJF Championship 2015,Master4/Male/Brown/Heavy,2,Thomas Tupper, Jr.,Coalition 95
San Francisco International Open IBJJF Championship 2015,Master4/Male/Brown/OpenClass,1,John William Diedenhofen IV,CheckMat
San Francisco International Open IBJJF Championship 2015,Master4/Male/Black/Light,1,Itabora Ferreira,Alliance Atlanta
San Francisco International Open IBJJF Championship 2015,Master4/Male/Black/Light,2,Franklin Patrick Quenga,Brazilian Top Team Long Beach
San Francisco International Open IBJJF Championship 2015,Master4/Male/Black/Middle,1,Jay Zeballos,Jean Jacques Machado BJJ
San Francisco International Open IBJJF Championship 2015,Master4/Male/Black/Middle,2,Todd Ray Uhls,Gracie Humaita Temecula
San Francisco International Open IBJJF Championship 2015,Master4/Male/Black/Medium-Heavy,1,Jeri Patrick Nerney,Braga Fight Team - Los Angeles
San Francisco International Open IBJJF Championship 2015,Master4/Male/Black/OpenClass,1,Jeri Patrick Nerney,Braga Fight Team - Los Angeles
San Francisco International Open IBJJF Championship 2015,Master5/Male/Blue/Middle,1,gary patterson,Impact Jiu Jitsu
San Francisco International Open IBJJF Championship 2015,Master5/Male/Blue/Middle,2,Reed Kotler,Caio Terra Association
San Francisco International Open IBJJF Championship 2015,Master5/Male/Blue/OpenClass,1,gary patterson,Impact Jiu Jitsu
San Francisco International Open IBJJF Championship 2015,Master5/Male/Blue/OpenClass,2,Reed Kotler,Caio Terra Association
San Francisco International Open IBJJF Championship 2015,Master5/Male/Purple/Medium-Heavy,1,Robert Conolly,Caveirinha Jiu-Jitsu Family USA
San Francisco International Open IBJJF Championship 2015,Master5/Male/Purple/Ultra-Heavy,1,Jeffery Phillip Cordero,CheckMat
San Francisco International Open IBJJF Championship 2015,Master5/Male/Purple/OpenClass,1,Jeffery Phillip Cordero,CheckMat
San Francisco International Open IBJJF Championship 2015,Master5/Male/Purple/OpenClass,2,Robert Conolly,Caveirinha Jiu-Jitsu Family USA
