San Francisco International Open 2013,Juvenile/Male/White/Medium-Heavy,1,Andre Lucas Alves Silva,Gracie Humaita Las Vegas
San Francisco International Open 2013,Juvenile/Male/White/Medium-Heavy,2,Syrys Perez,DDR Jiu Jitsu
San Francisco International Open 2013,Adult/Male/White/Rooster,1,John Naumovski,Serao Mixed Martial Arts
San Francisco International Open 2013,Adult/Male/White/Rooster,2,Darryl Kay,Gracie Fighter
San Francisco International Open 2013,Adult/Male/White/Light-Feather,1,Francisco Ortega,Serao Mixed Martial Arts
San Francisco International Open 2013,Adult/Male/White/Light-Feather,2,Arman Vanessian,Alliance Los Angeles
San Francisco International Open 2013,Adult/Male/White/Light-Feather,3,hazqial haddad,Gracie Fighter
San Francisco International Open 2013,Adult/Male/White/Light-Feather,3,Kartik Dadwal,Guerrilla Jiu Jitsu
San Francisco International Open 2013,Adult/Male/White/Feather,1,Jesse  Limon,Cleber Jiu Jitsu
San Francisco International Open 2013,Adult/Male/White/Feather,2,Salvador Ramos,Gracie Humaita USA
San Francisco International Open 2013,Adult/Male/White/Feather,3,Alan  Chuop,DDR Jiu Jitsu
San Francisco International Open 2013,Adult/Male/White/Feather,3,Taylor Murders,Impact Jiu Jitsu
San Francisco International Open 2013,Adult/Male/White/Light,1,Derrick Fonseca,Cleber Jiu Jitsu
San Francisco International Open 2013,Adult/Male/White/Light,2,Jorge Tapia,Dethrone Brazilian Jiu-Jitsu
San Francisco International Open 2013,Adult/Male/White/Light,3,Dennis Kiko Acosta,Gracie Fighter
San Francisco International Open 2013,Adult/Male/White/Light,3,Edgar Huiltron,CheckMat USA
San Francisco International Open 2013,Adult/Male/White/Middle,1,Marshall Ayre,Yemaso Brazilian Jiu-Jitsu
San Francisco International Open 2013,Adult/Male/White/Middle,2,John handoko,Charles Gracie Jiu-Jitsu Academy
San Francisco International Open 2013,Adult/Male/White/Middle,3,Juan Briones,Atos Jiu-Jitsu
San Francisco International Open 2013,Adult/Male/White/Middle,3,Matthew Rothstein,Serao Mixed Martial Arts
San Francisco International Open 2013,Adult/Male/White/Medium-Heavy,1,SAMUEL  BRACAMONTE,Serao Mixed Martial Arts
San Francisco International Open 2013,Adult/Male/White/Medium-Heavy,2,Jorge Herrera,Cleber Jiu Jitsu
San Francisco International Open 2013,Adult/Male/White/Medium-Heavy,3,Henry Badillo,Dethrone Brazilian Jiu-Jitsu
San Francisco International Open 2013,Adult/Male/White/Heavy,1,Griffin Conway,Atos Jiu-Jitsu
San Francisco International Open 2013,Adult/Male/White/Heavy,2,Mike Lady,Guerrilla Jiu Jitsu
San Francisco International Open 2013,Adult/Male/White/Ultra-Heavy,1,Joseph Aceto,Ribeiro Jiu-Jitsu
San Francisco International Open 2013,Adult/Male/White/Ultra-Heavy,2,Raymond Solomon Jr.,Checkmat Bay Jiu-Jitsu
San Francisco International Open 2013,Adult/Male/White/Ultra-Heavy,3,Ari Lawrence,Fairtex Mountain View
San Francisco International Open 2013,Adult/Female/White/Light-Feather,1,Crystal  Gaxiola,Dethrone Brazilian Jiu-Jitsu
San Francisco International Open 2013,Adult/Female/White/Light-Feather,2,Sheila  Padilla,Cleber Jiu Jitsu
San Francisco International Open 2013,Adult/Female/White/Light-Feather,3,Sofia Pimentel,Brazilian Top Team Long Beach
San Francisco International Open 2013,Adult/Female/White/Feather,1,Vanessa Rhynes,Renzo Gracie
San Francisco International Open 2013,Adult/Female/White/Light,1,Elizabeth Jane Exell,Gracie Morumbi
San Francisco International Open 2013,Adult/Female/White/Light,2,Minette I. Valdes,CheckMat USA
San Francisco International Open 2013,Adult/Female/White/Light,3,Judyann Lee Burgess,Cleber Jiu Jitsu
San Francisco International Open 2013,Adult/Female/White/Light,3,Madison Chase Owning,Cassio Werneck BJJ
San Francisco International Open 2013,Adult/Female/White/Middle,1,Marielle Elliott,Ribeiro Jiu-Jitsu
San Francisco International Open 2013,Adult/Female/White/Middle,2,Yolanda Conforti,Marco Nascimento BJJ
San Francisco International Open 2013,Adult/Female/White/Middle,3,Adrianne Lara,Cleber Jiu Jitsu
San Francisco International Open 2013,Adult/Female/White/Middle,3,Marian Hunting,Ralph Gracie
San Francisco International Open 2013,Adult/Female/White/Medium-Heavy,1,ashley florence,Caio Terra Association
San Francisco International Open 2013,Adult/Female/White/Heavy,1,Marissa Greene,Guerrilla Jiu Jitsu
San Francisco International Open 2013,Adult/Female/White/Heavy,2,Victoria Pitt,Valko BJJ Academy
San Francisco International Open 2013,Adult/Male/Blue/Rooster,1,Cruz Ybarra Jr,Soul Fighters International
San Francisco International Open 2013,Adult/Male/Blue/Rooster,2,Christopher Duyquan Tran,Team Lloyd Irvin
San Francisco International Open 2013,Adult/Male/Blue/Rooster,3,Keith Gibson,Cleber Jiu Jitsu
San Francisco International Open 2013,Adult/Male/Blue/Rooster,3,Tri Tran,Heroes Martial Arts
San Francisco International Open 2013,Adult/Male/Blue/Light-Feather,1,Jeffrey Cole Catlett,Atos JJ USA
San Francisco International Open 2013,Adult/Male/Blue/Light-Feather,2,Mason Monsevais,Atos JJ USA
San Francisco International Open 2013,Adult/Male/Blue/Light-Feather,3,Colin Francis,Ralph Gracie Jiu-Jitsu Berkeley
San Francisco International Open 2013,Adult/Male/Blue/Light-Feather,3,Nicholas Vincenzio Sabatino,United Brazilian Jiu-Jitsu
San Francisco International Open 2013,Adult/Male/Blue/Feather,1,Jeremy S. Jackson,Gracie Barra Northridge
San Francisco International Open 2013,Adult/Male/Blue/Feather,2,Michael Arshag Khatchikian,Gracie Barra Northridge
San Francisco International Open 2013,Adult/Male/Blue/Feather,3,Edward Nicholas Borbon,Heroes Martial Arts
San Francisco International Open 2013,Adult/Male/Blue/Feather,3,Matthew Kurose,Carlos Sapao BJJ
San Francisco International Open 2013,Adult/Male/Blue/Light,1,Benjamin Silva IV,Serao Mixed Martial Arts
San Francisco International Open 2013,Adult/Male/Blue/Light,2,Garrett Weaver,Alliance Los Angeles
San Francisco International Open 2013,Adult/Male/Blue/Light,3,Leland Wheeler,Ribeiro Jiu-Jitsu
San Francisco International Open 2013,Adult/Male/Blue/Light,3,Matthew Schantz,Atos Jiu-Jitsu
San Francisco International Open 2013,Adult/Male/Blue/Middle,1,Devon Daniel Delbrugge,Team Lloyd Irvin
San Francisco International Open 2013,Adult/Male/Blue/Middle,2,Dragan Saric,Machine Works Jiu Jitsu
San Francisco International Open 2013,Adult/Male/Blue/Middle,3,Brandon Edward McGourty,Renzo Gracie Ottawa
San Francisco International Open 2013,Adult/Male/Blue/Middle,3,Lachlan Warne,Clark Gracie Team International
San Francisco International Open 2013,Adult/Male/Blue/Medium-Heavy,1,Eric Deer,Gracie Fighter
San Francisco International Open 2013,Adult/Male/Blue/Medium-Heavy,2,Steven Benson,Alliance Atlanta
San Francisco International Open 2013,Adult/Male/Blue/Medium-Heavy,3,David Perry,Brazilian Top Team Long Beach
San Francisco International Open 2013,Adult/Male/Blue/Medium-Heavy,3,William Williams,Ralph Gracie
San Francisco International Open 2013,Adult/Male/Blue/Heavy,1,Kyle Roberts,Yemaso Brazilian Jiu-Jitsu
San Francisco International Open 2013,Adult/Male/Blue/Heavy,2,Garrett  Aldrich,Yemaso Brazilian Jiu-Jitsu
San Francisco International Open 2013,Adult/Male/Blue/Heavy,3,Jonathan Chan,CheckMat
San Francisco International Open 2013,Adult/Male/Blue/Heavy,3,Mark Gutierrez,Cleber Jiu Jitsu
San Francisco International Open 2013,Adult/Male/Blue/Super-Heavy,1,Lukas Friend Pollard,Kaijin Martial Arts
San Francisco International Open 2013,Adult/Male/Blue/Super-Heavy,2,Dominick Richard Espinoza,Brazilian Top Team Long Beach
San Francisco International Open 2013,Adult/Male/Blue/Super-Heavy,3,Daniel Chadwin,Ralph Gracie
San Francisco International Open 2013,Adult/Male/Blue/Super-Heavy,3,RICHARD ISOM,Coalition 95
San Francisco International Open 2013,Adult/Male/Blue/Ultra-Heavy,1,James Ian Harris,Ribeiro Jiu-Jitsu
San Francisco International Open 2013,Adult/Male/Blue/Ultra-Heavy,2,Mark Geyer,Yemaso Brazilian Jiu-Jitsu
San Francisco International Open 2013,Adult/Male/Blue/Ultra-Heavy,3,Alfonso Joel Washington Jr.,Team Lloyd Irvin
San Francisco International Open 2013,Adult/Male/Blue/Ultra-Heavy,3,Jordan Hernandez-Fosback,Yemaso Brazilian Jiu-Jitsu
San Francisco International Open 2013,Adult/Male/Blue/OpenClass,1,Benjamin Silva IV,Serao Mixed Martial Arts
San Francisco International Open 2013,Adult/Male/Blue/OpenClass,2,Lukas Friend Pollard,Kaijin Martial Arts
San Francisco International Open 2013,Adult/Male/Blue/OpenClass,3,Dragan Saric,Machine Works Jiu Jitsu
San Francisco International Open 2013,Adult/Male/Blue/OpenClass,3,Kyle Roberts,Yemaso Brazilian Jiu-Jitsu
San Francisco International Open 2013,Adult/Female/Blue/Light-Feather,1,Melissa Dawn Campanella,Jean Jacques Machado BJJ
San Francisco International Open 2013,Adult/Female/Blue/Light-Feather,2,Claudia Diaz,Caio Terra Association
San Francisco International Open 2013,Adult/Female/Blue/Light-Feather,3,Michelle Nee,Ribeiro Jiu-Jitsu
San Francisco International Open 2013,Adult/Female/Blue/Light-Feather,3,Natalie Robinson,Coalition 95
San Francisco International Open 2013,Adult/Female/Blue/Feather,1,Judith Joan Marie Gomes,Fabio Prado BJJ
San Francisco International Open 2013,Adult/Female/Blue/Feather,2,Georgina Staley,Gracie Humaita
San Francisco International Open 2013,Adult/Female/Blue/Feather,3,Akiko A Hayata,Renzo Gracie LA
San Francisco International Open 2013,Adult/Female/Blue/Feather,3,Trang Mai Pham,Ralph Gracie Dublin
San Francisco International Open 2013,Adult/Female/Blue/Light,1,Giannina Balestrini,Raul Castillo BJJ
San Francisco International Open 2013,Adult/Female/Blue/Light,2,Lucinda Grace Garcia,Fabio Santos BJJ
San Francisco International Open 2013,Adult/Female/Blue/Light,3,Diane Padre,Renzo Gracie LA
San Francisco International Open 2013,Adult/Female/Blue/Light,3,Marilyn Wong,Alliance San Francisco
San Francisco International Open 2013,Adult/Female/Blue/Middle,1,Sara Haj-Hassan,Ralph Gracie Jiu-Jitsu Berkeley
San Francisco International Open 2013,Adult/Female/Blue/Middle,2,Jaime Sterling-Lewis,Joe Moreira
San Francisco International Open 2013,Adult/Female/Blue/Middle,3,lauren borja,Brazilian Top Team Long Beach
San Francisco International Open 2013,Adult/Female/Blue/Medium-Heavy,1,Michella  Almeida,Gracie Humaita
San Francisco International Open 2013,Adult/Female/Blue/Medium-Heavy,2,Alicia Azevedo,Carlos Sapao BJJ
San Francisco International Open 2013,Adult/Female/Blue/Heavy,1,Jennifer Elizabeth Scott-Greenall,Cleber Jiu Jitsu
San Francisco International Open 2013,Adult/Female/Blue/OpenClass,1,Michella  Almeida,Gracie Humaita
San Francisco International Open 2013,Adult/Female/Blue/OpenClass,2,Jaime Sterling-Lewis,Joe Moreira
San Francisco International Open 2013,Adult/Female/Blue/OpenClass,3,Georgina Staley,Gracie Humaita
San Francisco International Open 2013,Adult/Female/Blue/OpenClass,3,Trang Mai Pham,Ralph Gracie Dublin
San Francisco International Open 2013,Adult/Male/Purple/Light-Feather,1,Michael Woolf Barnato,Ralph Gracie
San Francisco International Open 2013,Adult/Male/Purple/Light-Feather,2,Jake Bell,Guerrilla Jiu Jitsu
San Francisco International Open 2013,Adult/Male/Purple/Light-Feather,3,Arnell Abella,Brazilian Top Team Long Beach
San Francisco International Open 2013,Adult/Male/Purple/Light-Feather,3,Jerome Basilio,Atos Jiu-Jitsu
San Francisco International Open 2013,Adult/Male/Purple/Feather,1,Edwin Najmi,Gracie Barra Northridge
San Francisco International Open 2013,Adult/Male/Purple/Feather,2,Manuel Alejandro Moreno Macias,Cia Paulista USA
San Francisco International Open 2013,Adult/Male/Purple/Feather,3,Ram Ananda,Alliance Los Angeles
San Francisco International Open 2013,Adult/Male/Purple/Feather,3,Richard Stephen Slomba Jr.,Atos Jiu-Jitsu
San Francisco International Open 2013,Adult/Male/Purple/Light,1,Justin Workman,Gracie Barra
San Francisco International Open 2013,Adult/Male/Purple/Light,2,Denis Golovnya,Ralph Gracie
San Francisco International Open 2013,Adult/Male/Purple/Light,3,Devan Shaun Green,Checkmat Bay Jiu-Jitsu
San Francisco International Open 2013,Adult/Male/Purple/Light,3,Jan Buatim Wamser,Sul Jiu-Jitsu
San Francisco International Open 2013,Adult/Male/Purple/Middle,1,Craig Benjamin Jones (repetido  180150),Clark Gracie Team International
San Francisco International Open 2013,Adult/Male/Purple/Middle,2,Jon Chiu,Ralph Gracie
San Francisco International Open 2013,Adult/Male/Purple/Middle,3,ALEJANDRO FERNANDEZ GUERRERO (repetido 48232),Ralph Gracie Dublin
San Francisco International Open 2013,Adult/Male/Purple/Middle,3,Jared Feldman,World MMA
San Francisco International Open 2013,Adult/Male/Purple/Medium-Heavy,1,Pedro Lucas Aguiar Araujo,Gracie Barra Northridge
San Francisco International Open 2013,Adult/Male/Purple/Medium-Heavy,2,Nicholas Greene,Ralph Gracie
San Francisco International Open 2013,Adult/Male/Purple/Medium-Heavy,3,Andy Hung,Caio Terra Association
San Francisco International Open 2013,Adult/Male/Purple/Medium-Heavy,3,Richard Martin Nero,Gracie Fighter
San Francisco International Open 2013,Adult/Male/Purple/Heavy,1,Andres Salas,Ribeiro Jiu-Jitsu
San Francisco International Open 2013,Adult/Male/Purple/Heavy,2,Daniel J. Ripper,Gracie Fighter
San Francisco International Open 2013,Adult/Male/Purple/Heavy,3,Dariush Aalaei,Ralph Gracie
San Francisco International Open 2013,Adult/Male/Purple/Heavy,3,Michael Christopher Murrell,Ralph Gracie
San Francisco International Open 2013,Adult/Male/Purple/Super-Heavy,1,Cody Hinojosa,Claudio Franca
San Francisco International Open 2013,Adult/Male/Purple/Super-Heavy,2,Russell Tunes,Impact Jiu Jitsu
San Francisco International Open 2013,Adult/Male/Purple/Super-Heavy,3,Jesse Campos,Gracie Morumbi
San Francisco International Open 2013,Adult/Male/Purple/Super-Heavy,3,Nick Manzke,Clark's University of Martial Arts
San Francisco International Open 2013,Adult/Male/Purple/Ultra-Heavy,1,Ashoka McCormick,Kaijin Martial Arts
San Francisco International Open 2013,Adult/Male/Purple/OpenClass,1,Pedro Lucas Aguiar Araujo,Gracie Barra Northridge
San Francisco International Open 2013,Adult/Male/Purple/OpenClass,2,Edwin Najmi,Gracie Barra Northridge
San Francisco International Open 2013,Adult/Male/Purple/OpenClass,3,Cody Hinojosa,Claudio Franca
San Francisco International Open 2013,Adult/Male/Purple/OpenClass,3,Jan Buatim Wamser,Sul Jiu-Jitsu
San Francisco International Open 2013,Adult/Female/Purple/Light-Feather,1,Catherine Anh-Thy Tran-Zwanetz,Team Lloyd Irvin
San Francisco International Open 2013,Adult/Female/Purple/Light-Feather,2,Maria Henderson,JCBJJ
San Francisco International Open 2013,Adult/Female/Purple/Light-Feather,3,Christina Lynn Winograd,Gracie Humaita
San Francisco International Open 2013,Adult/Female/Purple/Feather,1,Tasawan Casey,Ribeiro Jiu-Jitsu
San Francisco International Open 2013,Adult/Female/Purple/Feather,2,Kristen Marie Davidson,Brazilian Top Team Long Beach
San Francisco International Open 2013,Adult/Female/Purple/Feather,3,Christie Marie Sullivan,Ralph Gracie Jiu Jitsu
San Francisco International Open 2013,Adult/Female/Purple/Light,1,Tassia Ferreira,Gracie Barra Northridge
San Francisco International Open 2013,Adult/Female/Purple/Middle,1,Sarah Johnel Black,GD Jiu-Jitsu Association
San Francisco International Open 2013,Adult/Female/Purple/Middle,2,Marion Elizabeth Reneau-Perez,Cleber Jiu Jitsu
San Francisco International Open 2013,Adult/Female/Purple/Middle,3,Lenna Marie Uhlinger,Cassio Werneck BJJ
San Francisco International Open 2013,Adult/Female/Purple/OpenClass,1,Sarah Johnel Black,GD Jiu-Jitsu Association
San Francisco International Open 2013,Adult/Female/Purple/OpenClass,2,Christie Marie Sullivan,Ralph Gracie Jiu Jitsu
San Francisco International Open 2013,Adult/Female/Purple/OpenClass,3,Maria Henderson,JCBJJ
San Francisco International Open 2013,Adult/Female/Purple/OpenClass,3,Tasawan Casey,Ribeiro Jiu-Jitsu
San Francisco International Open 2013,Adult/Male/Brown/Feather,1,João Ricardo Bordignon Miyao,PSLPB Cicero Costha
San Francisco International Open 2013,Adult/Male/Brown/Feather,2,Paulo H. Bordignon Miyao,PSLPB Cicero Costha
San Francisco International Open 2013,Adult/Male/Brown/Feather,3,Damon Joesph Morgan,Unified Jiu Jitsu
San Francisco International Open 2013,Adult/Male/Brown/Feather,3,Donald Max Flowers,Legacy Jiu-Jitsu - Team Alberto Crane
San Francisco International Open 2013,Adult/Male/Brown/Light,1,Davin Lee Maxwell,Cassio Werneck BJJ
San Francisco International Open 2013,Adult/Male/Brown/Light,2,Ilke Kubilay Bulut,Atos Jiu-Jitsu
San Francisco International Open 2013,Adult/Male/Brown/Light,3,Bryan Christopher Marugg,Impact Jiu Jitsu
San Francisco International Open 2013,Adult/Male/Brown/Light,3,Dennis Alexander Abrego,Guerrilla Jiu Jitsu
San Francisco International Open 2013,Adult/Male/Brown/Middle,1,Julian Martin Marquez,Ralph Gracie Jiu Jitsu
San Francisco International Open 2013,Adult/Male/Brown/Middle,2,Brian John Morizi,Atos JJ Rio Claro
San Francisco International Open 2013,Adult/Male/Brown/Middle,3,Jason Desmond Youseph,World MMA
San Francisco International Open 2013,Adult/Male/Brown/Middle,3,Richard Michael Cesena,Unified Jiu Jitsu
San Francisco International Open 2013,Adult/Male/Brown/Medium-Heavy,1,Ryan John Robinson,Gracie Barra Carlsbad
San Francisco International Open 2013,Adult/Male/Brown/Heavy,1,Manuel Diaz,Caio Terra Association
San Francisco International Open 2013,Adult/Male/Brown/Heavy,2,Mark Zachary Bursztyn,Gracie Humaita San Diego
San Francisco International Open 2013,Adult/Male/Brown/Heavy,3,Johannes Wieth,Ribeiro Jiu-Jitsu International
San Francisco International Open 2013,Adult/Male/Brown/Heavy,3,Samuel Joseph Campanella III,Jean Jacques Machado BJJ
San Francisco International Open 2013,Adult/Male/Brown/OpenClass,1,Paulo H. Bordignon Miyao,PSLPB Cicero Costha
San Francisco International Open 2013,Adult/Male/Brown/OpenClass,2,João Ricardo Bordignon Miyao,PSLPB Cicero Costha
San Francisco International Open 2013,Adult/Male/Brown/OpenClass,3,Brian John Morizi,Atos JJ Rio Claro
San Francisco International Open 2013,Adult/Male/Brown/OpenClass,3,Manuel Diaz,Caio Terra Association
San Francisco International Open 2013,Adult/Female/Brown/Middle,1,Brigette Marie Barnato,Mikyo Riggs Jiu Jitsu
San Francisco International Open 2013,Adult/Female/Brown/Medium-Heavy,1,Jill Marie Baker,Jean Jacques Machado BJJ
San Francisco International Open 2013,Adult/Female/Brown/Medium-Heavy,2,Ronda K. Andrews-Rosa,Gracie Humaita Las Vegas
San Francisco International Open 2013,Adult/Female/Brown/OpenClass,1,Jill Marie Baker,Jean Jacques Machado BJJ
San Francisco International Open 2013,Adult/Female/Brown/OpenClass,2,Brigette Marie Barnato,Mikyo Riggs Jiu Jitsu
San Francisco International Open 2013,Adult/Female/Brown/OpenClass,3,Ronda K. Andrews-Rosa,Gracie Humaita Las Vegas
San Francisco International Open 2013,Adult/Male/Black/Light-Feather,1,Caio Terra,Caio Terra Association
San Francisco International Open 2013,Adult/Male/Black/Feather,1,Guilherme Mendes Godoy,Atos Jiu-Jitsu
San Francisco International Open 2013,Adult/Male/Black/Feather,2,Rafael Mendes Godoy,Atos Jiu-Jitsu
San Francisco International Open 2013,Adult/Male/Black/Feather,3,Geoffrey Villarreal,Fabio Santos BJJ
San Francisco International Open 2013,Adult/Male/Black/Feather,3,Osvaldo Augusto Honorio Moizinho,Caio Terra Association
San Francisco International Open 2013,Adult/Male/Black/Light,1,Rodrigo Lamounier de Freitas,Gracie Barra
San Francisco International Open 2013,Adult/Male/Black/Light,2,Choi Won Choi,Atos Jiu-Jitsu
San Francisco International Open 2013,Adult/Male/Black/Middle,1,Lucas Rocha de Freitas,Gracie Barra
San Francisco International Open 2013,Adult/Male/Black/Middle,2,Romulo D. Melo,Gracie Tijuca
San Francisco International Open 2013,Adult/Male/Black/Middle,3,Magid Hage IV,Gracie Barra
San Francisco International Open 2013,Adult/Male/Black/Middle,3,Marco Antonio Giudice Machado,CheckMat USA
San Francisco International Open 2013,Adult/Male/Black/Heavy,1,Leonardo Henrique D'avila Corrêa,Atos Jiu-Jitsu
San Francisco International Open 2013,Adult/Male/Black/Super-Heavy,1,Antonio Schembri Filho,Nino Schembri Team
San Francisco International Open 2013,Adult/Male/Black/Super-Heavy,2,Gustavo dos Santos Pires,Gracie Barra
San Francisco International Open 2013,Adult/Male/Black/Super-Heavy,3,Leonardo de Paiva Machado de Santana,Brazilian Top Team Long Beach
San Francisco International Open 2013,Adult/Male/Black/Ultra-Heavy,1,Gustavo Dias Elias,Gracie Humaita San Diego Competition Team
San Francisco International Open 2013,Adult/Male/Black/OpenClass,1,Gustavo Dias Elias,Gracie Humaita San Diego Competition Team
San Francisco International Open 2013,Adult/Male/Black/OpenClass,2,Caio Terra,Caio Terra Association
San Francisco International Open 2013,Adult/Male/Black/OpenClass,3,Marco Antonio Giudice Machado,CheckMat USA
San Francisco International Open 2013,Adult/Male/Black/OpenClass,3,Osvaldo Augusto Honorio Moizinho,Caio Terra Association
San Francisco International Open 2013,Master1/Male/White/Light-Feather,1,Marvin  Cabuntala,Charles Gracie Jiu-Jitsu Academy
San Francisco International Open 2013,Master1/Male/White/Light-Feather,2,Carlos Cano,Marco Nascimento BJJ
San Francisco International Open 2013,Master1/Male/White/Light-Feather,3,Edmar  Cortez,Ribeiro Jiu-Jitsu
San Francisco International Open 2013,Master1/Male/White/Feather,1,Armando Rodriguez Perez Jr.,Cleber Jiu Jitsu
San Francisco International Open 2013,Master1/Male/White/Feather,2,Gerard Cura,Fabio Prado BJJ
San Francisco International Open 2013,Master1/Male/White/Feather,3,DONALD ANDERSON,Big "O" Jiu-jitsu Rey Diogo
San Francisco International Open 2013,Master1/Male/White/Feather,3,Rick Bowen,Nova Geração
San Francisco International Open 2013,Master1/Male/White/Light,1,Brian Riggsbee,Ralph Gracie
San Francisco International Open 2013,Master1/Male/White/Light,2,Carlos Quintero,Gracie Fighter
San Francisco International Open 2013,Master1/Male/White/Light,3,jossue hernandez,UFC Gym
San Francisco International Open 2013,Master1/Male/White/Light,3,Kristian Nieva,Tinguinha BJJ academy
San Francisco International Open 2013,Master1/Male/White/Middle,1,Ricardo Jones,Yemaso Brazilian Jiu-Jitsu
San Francisco International Open 2013,Master1/Male/White/Middle,2,Ebio Vieira Do Carmo Branson,Charles Gracie Jiu-Jitsu Academy
San Francisco International Open 2013,Master1/Male/White/Middle,3,Joshua Huerta,Gracie Fighter
San Francisco International Open 2013,Master1/Male/White/Middle,3,Tanu Mcmillan Hsu,Brazilian Top Team Long Beach
San Francisco International Open 2013,Master1/Male/White/Super-Heavy,1,Joaquin Guerrero,Gracie Fighter
San Francisco International Open 2013,Master1/Male/White/Super-Heavy,2,BERNARDO LOPEZ,Ralph Gracie Dublin
San Francisco International Open 2013,Master1/Male/White/Ultra-Heavy,1,Daniel Sanchez,CheckMat USA
San Francisco International Open 2013,Master1/Male/Blue/Light-Feather,1,Mozart Makalintal Gutierrez,Carlos Sapao BJJ
San Francisco International Open 2013,Master1/Male/Blue/Light-Feather,2,Brian Anthony Lee,Gracie Fighter
San Francisco International Open 2013,Master1/Male/Blue/Light-Feather,3,Donny Le,Yemaso Brazilian Jiu-Jitsu
San Francisco International Open 2013,Master1/Male/Blue/Light-Feather,3,Richard Nguyen,Impact Jiu Jitsu
San Francisco International Open 2013,Master1/Male/Blue/Feather,1,Evan Rex Esguerra,Ralph Gracie Jiu Jitsu
San Francisco International Open 2013,Master1/Male/Blue/Feather,2,Bradley Justin Landthorn,Serao Mixed Martial Arts
San Francisco International Open 2013,Master1/Male/Blue/Feather,3,Daniel David,Brazilian Top Team Long Beach
San Francisco International Open 2013,Master1/Male/Blue/Light,1,Michael Hoskins,Coalition 95
San Francisco International Open 2013,Master1/Male/Blue/Light,2,Walter Navarro Parinas,Faito Tamashi Combat Club
San Francisco International Open 2013,Master1/Male/Blue/Light,3,Peter Heerboth,Caio Terra Association
San Francisco International Open 2013,Master1/Male/Blue/Light,3,Rich Ramirez,Yemaso Brazilian Jiu-Jitsu
San Francisco International Open 2013,Master1/Male/Blue/Middle,1,JIMMY WATSON,Nova União
San Francisco International Open 2013,Master1/Male/Blue/Middle,2,Justin Nero,Gracie Fighter
San Francisco International Open 2013,Master1/Male/Blue/Middle,3,Brishen Mahoney,Ralph Gracie
San Francisco International Open 2013,Master1/Male/Blue/Middle,3,Fabio Mauricio Hamiche Garcia,Ralph Gracie
San Francisco International Open 2013,Master1/Male/Blue/Medium-Heavy,1,William Min Kang,Ralph Gracie
San Francisco International Open 2013,Master1/Male/Blue/Medium-Heavy,2,Blackner Jake,Ribeiro Jiu-Jitsu
San Francisco International Open 2013,Master1/Male/Blue/Medium-Heavy,3,Michael James Martin,Yemaso Brazilian Jiu-Jitsu
San Francisco International Open 2013,Master1/Male/Blue/Heavy,1,Colin Naylor,CheckMat USA
San Francisco International Open 2013,Master1/Male/Blue/Super-Heavy,1,Josef Justin De La Vega,Fabio Prado BJJ
San Francisco International Open 2013,Master1/Male/Blue/Ultra-Heavy,1,Azarias Castro,Ribeiro Jiu-Jitsu
San Francisco International Open 2013,Master1/Male/Blue/Ultra-Heavy,2,Jeffrey Poyotte,Brazilian Top Team Long Beach
San Francisco International Open 2013,Master1/Male/Blue/Ultra-Heavy,3,Luis  GUTIERREZ,Yemaso Brazilian Jiu-Jitsu
San Francisco International Open 2013,Master1/Male/Blue/OpenClass,1,Azarias Castro,Ribeiro Jiu-Jitsu
San Francisco International Open 2013,Master1/Male/Blue/OpenClass,2,Jeffrey Poyotte,Brazilian Top Team Long Beach
San Francisco International Open 2013,Master1/Male/Blue/OpenClass,3,Brian Anthony Lee,Gracie Fighter
San Francisco International Open 2013,Master1/Male/Blue/OpenClass,3,Josef Justin De La Vega,Fabio Prado BJJ
San Francisco International Open 2013,Master1/Male/Purple/Light-Feather,1,Kiet Se,Yemaso Brazilian Jiu-Jitsu
San Francisco International Open 2013,Master1/Male/Purple/Light-Feather,2,Darren Kim Ng,Gracie Fighter
San Francisco International Open 2013,Master1/Male/Purple/Feather,1,Gustavo Fonseca (repetido 73117),Atos Jiu-Jitsu
San Francisco International Open 2013,Master1/Male/Purple/Feather,2,Cedric Co Ling,Dynamic Mixed Martial Arts
San Francisco International Open 2013,Master1/Male/Purple/Feather,3,Kelly  Johnson (repetido 31942),Pedro Sauer Team
San Francisco International Open 2013,Master1/Male/Purple/Feather,3,Michael Jason Garcia,Fabio Santos BJJ
San Francisco International Open 2013,Master1/Male/Purple/Light,1,oskar  garcia,Ralph Gracie
San Francisco International Open 2013,Master1/Male/Purple/Light,2,daniel wilson,Atos Jiu-Jitsu
San Francisco International Open 2013,Master1/Male/Purple/Light,3,Angel Paul Lopez,Tinguinha BJJ academy
San Francisco International Open 2013,Master1/Male/Purple/Light,3,justin cummings,Jean Jacques Machado BJJ
San Francisco International Open 2013,Master1/Male/Purple/Middle,1,Aaron Joseph Zaballos,Caio Terra Association
San Francisco International Open 2013,Master1/Male/Purple/Middle,2,Derek Ward,Brazilian Top Team Long Beach
San Francisco International Open 2013,Master1/Male/Purple/Middle,3,John Tanner Martinez,Paulo Guillobel Brazilian Jiu- Jitsu
San Francisco International Open 2013,Master1/Male/Purple/Middle,3,Rodolfo  Leyva,Yemaso Brazilian Jiu-Jitsu
San Francisco International Open 2013,Master1/Male/Purple/Medium-Heavy,1,Adam Richard Nadow,Brazilian Top Team Long Beach
San Francisco International Open 2013,Master1/Male/Purple/Medium-Heavy,2,Brent Andrew Wagner,Gracie Fighter
San Francisco International Open 2013,Master1/Male/Purple/Heavy,1,Jaysen Jose Baxter,Brazilian Top Team Long Beach
San Francisco International Open 2013,Master1/Male/Purple/Heavy,2,Jeremy Brandon Marroquin (repetido 35109),Jean Jacques Machado BJJ
San Francisco International Open 2013,Master1/Male/Purple/Heavy,3,Byron Higinbotham,Roy Dean Academy
San Francisco International Open 2013,Master1/Male/Purple/Heavy,3,Michael Quigley,BJJ Revolution Team
San Francisco International Open 2013,Master1/Male/Purple/Super-Heavy,1,Chad  Bailey,Relson Gracie
San Francisco International Open 2013,Master1/Male/Purple/Ultra-Heavy,1,Derrick Foster Bemis,Gracie Jiu-Jitsu Academy
San Francisco International Open 2013,Master1/Male/Purple/OpenClass,1,daniel wilson,Atos Jiu-Jitsu
San Francisco International Open 2013,Master1/Male/Purple/OpenClass,2,Chad  Bailey,Relson Gracie
San Francisco International Open 2013,Master1/Male/Purple/OpenClass,3,Gustavo Fonseca (repetido 73117),Atos Jiu-Jitsu
San Francisco International Open 2013,Master1/Male/Purple/OpenClass,3,Michael Quigley,BJJ Revolution Team
San Francisco International Open 2013,Master1/Male/Brown/Feather,1,Israel Ceron,Ralph Gracie Jiu Jitsu
San Francisco International Open 2013,Master1/Male/Brown/Light,1,Laith Salih,Mikyo Riggs Jiu Jitsu
San Francisco International Open 2013,Master1/Male/Brown/Light,2,Michael dela Cruz Lansang,Brazilian Top Team Long Beach
San Francisco International Open 2013,Master1/Male/Brown/Middle,1,Michael Jordan Krider,Gracie Barra Encinitas
San Francisco International Open 2013,Master1/Male/Brown/Medium-Heavy,1,Omar Sabha,Brazilian Top Team Long Beach
San Francisco International Open 2013,Master1/Male/Brown/Medium-Heavy,2,Christian J. Hernandez,CheckMat USA
San Francisco International Open 2013,Master1/Male/Brown/Heavy,1,Christopher Joseph Latino,Cia Paulista USA
San Francisco International Open 2013,Master1/Male/Brown/Super-Heavy,1,Michael Donald Uhlinger Jr.,Cassio Werneck BJJ
San Francisco International Open 2013,Master1/Male/Brown/Super-Heavy,2,Mark S Tse,Gracie Humaita USA
San Francisco International Open 2013,Master1/Male/Brown/Super-Heavy,3,Jared Grayson George,CheckMat USA
San Francisco International Open 2013,Master1/Male/Brown/OpenClass,1,Michael dela Cruz Lansang,Brazilian Top Team Long Beach
San Francisco International Open 2013,Master1/Male/Brown/OpenClass,2,Omar Sabha,Brazilian Top Team Long Beach
San Francisco International Open 2013,Master1/Male/Brown/OpenClass,3,Christopher Joseph Latino,Cia Paulista USA
San Francisco International Open 2013,Master1/Male/Brown/OpenClass,3,Laith Salih,Mikyo Riggs Jiu Jitsu
San Francisco International Open 2013,Master1/Female/Brown/Feather,1,Christine Aldina Lang,Claudio Franca
San Francisco International Open 2013,Master1/Male/Black/Light,1,Marcos Alejandro Torregrosa,Team Lloyd Irvin
San Francisco International Open 2013,Master1/Male/Black/Light,2,Kyle Lane Watson,Gracie Humaita Phoenix
San Francisco International Open 2013,Master1/Male/Black/Middle,1,Armand Auguste Debruge,Impact Jiu Jitsu
San Francisco International Open 2013,Master1/Male/Black/Middle,2,Juan Pablo Garcia Molina,Gracie Barra Encino
San Francisco International Open 2013,Master1/Male/Black/Medium-Heavy,1,Leopoldo Serão Neto,Serao Mixed Martial Arts
San Francisco International Open 2013,Master1/Male/Black/OpenClass,1,Marcos Alejandro Torregrosa,Team Lloyd Irvin
San Francisco International Open 2013,Master1/Male/Black/OpenClass,2,Armand Auguste Debruge,Impact Jiu Jitsu
San Francisco International Open 2013,Master1/Male/Black/OpenClass,3,Kyle Lane Watson,Gracie Humaita Phoenix
San Francisco International Open 2013,Master2/Male/White/Middle,1,George Campise,Ralph Gracie Jiu Jitsu
San Francisco International Open 2013,Master2/Male/White/Middle,2,Brandon Kendall,Crispim BJJ Brothers
San Francisco International Open 2013,Master2/Male/White/Medium-Heavy,1,Joseph Fabits,Tinguinha BJJ academy
San Francisco International Open 2013,Master2/Male/White/Medium-Heavy,2,Jonathan Strike,Checkmat Bay Jiu-Jitsu
San Francisco International Open 2013,Master2/Male/White/Medium-Heavy,3,Wesley  Smith,Cia Paulista USA
San Francisco International Open 2013,Master2/Male/White/Heavy,1,Glen  Welch,Tinguinha BJJ academy
San Francisco International Open 2013,Master2/Male/White/Heavy,2,Rubens Ferreira,Academia PitBull USA
San Francisco International Open 2013,Master2/Male/White/Heavy,3,John Beall,Gracie Tijuca
San Francisco International Open 2013,Master2/Male/White/Super-Heavy,1,Paul Alexander Whalen,Nova Geração
San Francisco International Open 2013,Master2/Male/White/Super-Heavy,2,JOSE  HERNANDEZ,Jean Jacques Machado BJJ
San Francisco International Open 2013,Master2/Male/Blue/Feather,1,miguel  gonzalez,Brazilian Top Team Long Beach
San Francisco International Open 2013,Master2/Male/Blue/Feather,2,Flores Christopher,Yemaso Brazilian Jiu-Jitsu
San Francisco International Open 2013,Master2/Male/Blue/Feather,3,Jeremy Romero,Renzo Gracie LA
San Francisco International Open 2013,Master2/Male/Blue/Feather,3,Peter Fugazzotto,Mikyo Riggs Jiu Jitsu
San Francisco International Open 2013,Master2/Male/Blue/Light,1,Oscar Ernesto Gonzalez,Brazilian Top Team Long Beach
San Francisco International Open 2013,Master2/Male/Blue/Light,2,Randy Lacy,Yemaso Brazilian Jiu-Jitsu
San Francisco International Open 2013,Master2/Male/Blue/Light,3,angel  careaga,Clark's University of Martial Arts
San Francisco International Open 2013,Master2/Male/Blue/Middle,1,Renato De Moraes Bezerra,Marco Nascimento BJJ
San Francisco International Open 2013,Master2/Male/Blue/Middle,2,David metzer,Cleber Jiu Jitsu
San Francisco International Open 2013,Master2/Male/Blue/Middle,3,Martin Galinski,Serao Mixed Martial Arts
San Francisco International Open 2013,Master2/Male/Blue/Middle,3,Robert Murray,Clark's University of Martial Arts
San Francisco International Open 2013,Master2/Male/Blue/Medium-Heavy,1,Shane Dickson,Cassio Werneck BJJ
San Francisco International Open 2013,Master2/Male/Blue/Medium-Heavy,2,toby marroquin (repetido 41070),Alliance International
San Francisco International Open 2013,Master2/Male/Blue/Medium-Heavy,3,David A. Sands,Guerrilla Jiu Jitsu
San Francisco International Open 2013,Master2/Male/Blue/Medium-Heavy,3,Max Schultz,Ralph Gracie Jiu-Jitsu Berkeley
San Francisco International Open 2013,Master2/Male/Blue/Heavy,1,Frank Lauro,Jean Jacques Machado BJJ
San Francisco International Open 2013,Master2/Male/Blue/Heavy,2,Orlando  Campos,Sandro Batata Brazilian Jiu-jitsu - Santa Cruz
San Francisco International Open 2013,Master2/Male/Blue/Heavy,3,Gregory Allen McDermitt,Pedro Sauer Team
San Francisco International Open 2013,Master2/Male/Blue/Heavy,3,Shafeeq Sadiq,DDR Jiu Jitsu
San Francisco International Open 2013,Master2/Male/Blue/Super-Heavy,1,shawn fabits,Tinguinha BJJ academy
San Francisco International Open 2013,Master2/Male/Blue/Super-Heavy,2,Cesar Castaneda,United Brazilian Jiu-Jitsu
San Francisco International Open 2013,Master2/Male/Blue/Ultra-Heavy,1,Brian Henry,Ralph Gracie Jiu-Jitsu Berkeley
San Francisco International Open 2013,Master2/Male/Blue/Ultra-Heavy,2,Richard Wilkerson,Gracie Humaita
San Francisco International Open 2013,Master2/Male/Blue/Ultra-Heavy,3,Noel Manaig,Gracie Humaita
San Francisco International Open 2013,Master2/Male/Blue/OpenClass,1,Brian Henry,Ralph Gracie Jiu-Jitsu Berkeley
San Francisco International Open 2013,Master2/Male/Blue/OpenClass,2,Noel Manaig,Gracie Humaita
San Francisco International Open 2013,Master2/Male/Blue/OpenClass,3,Oscar Ernesto Gonzalez,Brazilian Top Team Long Beach
San Francisco International Open 2013,Master2/Male/Blue/OpenClass,3,Shane Dickson,Cassio Werneck BJJ
San Francisco International Open 2013,Master2/Male/Purple/Light-Feather,1,Kory V. Paredes,Carlson Gracie
San Francisco International Open 2013,Master2/Male/Purple/Light-Feather,2,Jerel C. T. Tengan,Yemaso Brazilian Jiu-Jitsu
San Francisco International Open 2013,Master2/Male/Purple/Light-Feather,3,Jeff Macatangay,Gracie Barra Seattle
San Francisco International Open 2013,Master2/Male/Purple/Light,1,Aaron Michael Martinez,Coalition 95
San Francisco International Open 2013,Master2/Male/Purple/Light,2,John Thomas Sorrell,Alliance San Francisco
San Francisco International Open 2013,Master2/Male/Purple/Light,3,David Veloria,Gracie Barra Seattle
San Francisco International Open 2013,Master2/Male/Purple/Light,3,Ty Raymond Smyth,Gracie Humaita Phoenix
San Francisco International Open 2013,Master2/Male/Purple/Middle,1,Jeffrey Thomas Milton,Gracie Barra
San Francisco International Open 2013,Master2/Male/Purple/Middle,2,Richard Selmar Bothun,Yemaso Brazilian Jiu-Jitsu
San Francisco International Open 2013,Master2/Male/Purple/Middle,3,Crelson Barros Mousinho,Charles Gracie Jiu-Jitsu Academy
San Francisco International Open 2013,Master2/Male/Purple/Middle,3,Maxwell Joseph Smyth,Gracie Humaita Phoenix
San Francisco International Open 2013,Master2/Male/Purple/Medium-Heavy,1,Kleve Carlton Thompson,Impact Jiu Jitsu
San Francisco International Open 2013,Master2/Male/Purple/Medium-Heavy,2,Javier Ulises Del Rosario,Yemaso Brazilian Jiu-Jitsu
San Francisco International Open 2013,Master2/Male/Purple/OpenClass,1,Richard Selmar Bothun,Yemaso Brazilian Jiu-Jitsu
San Francisco International Open 2013,Master2/Male/Purple/OpenClass,2,Jeffrey Thomas Milton,Gracie Barra
San Francisco International Open 2013,Master2/Male/Purple/OpenClass,3,David Veloria,Gracie Barra Seattle
San Francisco International Open 2013,Master2/Male/Purple/OpenClass,3,Jeff Macatangay,Gracie Barra Seattle
San Francisco International Open 2013,Master2/Male/Black/Feather,1,Bryan Keith Glenn,Gracie Humaita Las Vegas
San Francisco International Open 2013,Master2/Male/Black/Feather,2,Michael Edward Chapman,Impact Jiu Jitsu
San Francisco International Open 2013,Master2/Male/Black/Feather,3,Tom Vichit Vadakan,Brazilian Top Team Long Beach
San Francisco International Open 2013,Master2/Male/Black/Light,1,José Carlos Mendonça Mendes Júnior,Kings Jiu-Jitsu
San Francisco International Open 2013,Master2/Male/Black/Light,2,Franklin Patrick Quenga,Brazilian Top Team Long Beach
San Francisco International Open 2013,Master2/Male/Black/Middle,1,Alberto Crane,Legacy Jiu-Jitsu - Team Alberto Crane
San Francisco International Open 2013,Master2/Male/Black/Middle,2,John Rickel,Street Sports BJJ
San Francisco International Open 2013,Master2/Male/Black/Medium-Heavy,1,James Valentine,Ralph Gracie Jiu Jitsu
San Francisco International Open 2013,Master2/Male/Black/Medium-Heavy,2,Matt Jason Baker,Jean Jacques Machado BJJ
San Francisco International Open 2013,Master2/Male/Black/Heavy,1,André MC Laughlin Glodzinski,Cia Paulista USA
San Francisco International Open 2013,Master2/Male/Black/Heavy,2,Bryant Scott Pangelinan,Carlos Sapao BJJ
San Francisco International Open 2013,Master2/Male/Black/Ultra-Heavy,1,Ricardo Alexandre Testai Maia,Kings Jiu-Jitsu
San Francisco International Open 2013,Master2/Male/Black/OpenClass,1,Ricardo Alexandre Testai Maia,Kings Jiu-Jitsu
San Francisco International Open 2013,Master2/Male/Black/OpenClass,2,André MC Laughlin Glodzinski,Cia Paulista USA
San Francisco International Open 2013,Master2/Male/Black/OpenClass,3,José Carlos Mendonça Mendes Júnior,Kings Jiu-Jitsu
San Francisco International Open 2013,Master2/Male/Black/OpenClass,3,Matt Jason Baker,Jean Jacques Machado BJJ
San Francisco International Open 2013,Master3/Male/Blue/Feather,1,Craig Ishimaru,Ralph Gracie Jiu-Jitsu Berkeley
San Francisco International Open 2013,Master3/Male/Blue/Feather,2,Michael Chungsik Yun,Gracie Barra Manhattan Beach
San Francisco International Open 2013,Master3/Male/Blue/Feather,3,Mike Lee,Fabio Prado BJJ
San Francisco International Open 2013,Master3/Male/Blue/Feather,3,NICK  CRUZ,Ralph Gracie Jiu Jitsu
San Francisco International Open 2013,Master3/Male/Blue/Light,1,Eric Smith,Mikyo Riggs Jiu Jitsu
San Francisco International Open 2013,Master3/Male/Blue/Light,2,Chuck Bayles (repetido 69989),Renzo Gracie LA
San Francisco International Open 2013,Master3/Male/Blue/Middle,1,Keith Pridgen,Lotus Club Jiu-Jitsu
San Francisco International Open 2013,Master3/Male/Blue/Heavy,1,Ruben Quevedo,Caio Terra Association
San Francisco International Open 2013,Master3/Male/Blue/Heavy,2,Gary Love,Brazilian Top Team Long Beach
San Francisco International Open 2013,Master3/Male/Blue/Heavy,3,Daniel Parks,GD Jiu-Jitsu Association
San Francisco International Open 2013,Master3/Male/Blue/Super-Heavy,1,Lance Buck Paul Smith,Ricardo Barros Brazilian Jiu Jitsu
San Francisco International Open 2013,Master3/Male/Blue/Super-Heavy,2,Timothy Christian Oliveira,Checkmat Bay Jiu-Jitsu
San Francisco International Open 2013,Master3/Male/Blue/OpenClass,1,Ruben Quevedo,Caio Terra Association
San Francisco International Open 2013,Master3/Male/Blue/OpenClass,2,Keith Pridgen,Lotus Club Jiu-Jitsu
San Francisco International Open 2013,Master3/Male/Purple/Light,1,Patrick Jernigan (repetido 201027),Ralph Gracie Jiu Jitsu
San Francisco International Open 2013,Master3/Male/Purple/Middle,1,Calvin Lee,Marco Nascimento BJJ
San Francisco International Open 2013,Master3/Male/Purple/Heavy,1,Thorin Oakenshield Ryan,Ralph Gracie Jiu Jitsu
San Francisco International Open 2013,Master3/Male/Purple/Heavy,2,Rommel Martinez,Charles Gracie Jiu-Jitsu Academy
San Francisco International Open 2013,Master3/Male/Purple/Ultra-Heavy,1,Niels Sondergaard Burgess,Cleber Jiu Jitsu
San Francisco International Open 2013,Master3/Male/Purple/OpenClass,1,Niels Sondergaard Burgess,Cleber Jiu Jitsu
San Francisco International Open 2013,Master3/Male/Purple/OpenClass,2,Thorin Oakenshield Ryan,Ralph Gracie Jiu Jitsu
San Francisco International Open 2013,Master3/Male/Purple/OpenClass,3,Calvin Lee,Marco Nascimento BJJ
San Francisco International Open 2013,Master3/Male/Brown/Middle,1,Erick L. Vera,Saulo Ribeiro
San Francisco International Open 2013,Master3/Male/Brown/Middle,2,Jordan Todd Robinson,Cassio Werneck BJJ
San Francisco International Open 2013,Master3/Male/Brown/Middle,3,John Anthony Villarruel,Coalition 95
San Francisco International Open 2013,Master3/Male/Brown/Medium-Heavy,1,Marcus Boness,Yemaso Brazilian Jiu-Jitsu
San Francisco International Open 2013,Master3/Male/Brown/Heavy,1,Eric Elock Kwok,Ralph Gracie
San Francisco International Open 2013,Master3/Male/Brown/OpenClass,1,Eric Elock Kwok,Ralph Gracie
San Francisco International Open 2013,Master3/Male/Brown/OpenClass,2,Marcus Boness,Yemaso Brazilian Jiu-Jitsu
San Francisco International Open 2013,Master3/Male/Black/Middle,1,John William Orr,Brazilian Top Team Long Beach
San Francisco International Open 2013,Master3/Male/Black/Middle,2,Tom D. Knox,Cleber Jiu Jitsu
San Francisco International Open 2013,Master3/Male/Black/Middle,3,Itabora Ferreira,Alliance Atlanta
San Francisco International Open 2013,Master3/Male/Black/Heavy,1,Paul Harold Ano,Nova União Hawai
San Francisco International Open 2013,Master3/Male/Black/OpenClass,1,Tom D. Knox,Cleber Jiu Jitsu
San Francisco International Open 2013,Master3/Male/Black/OpenClass,2,Paul Harold Ano,Nova União Hawai
San Francisco International Open 2013,Master4/Male/Blue/Medium-Heavy,1,Gene Kim,Ralph Gracie
San Francisco International Open 2013,Master4/Male/Blue/OpenClass,1,Gene Kim,Ralph Gracie
San Francisco International Open 2013,Master4/Male/Brown/Medium-Heavy,1,Alberto Ramirez,Yemaso Brazilian Jiu-Jitsu
San Francisco International Open 2013,Master4/Male/Brown/OpenClass,1,Alberto Ramirez,Yemaso Brazilian Jiu-Jitsu
San Francisco International Open 2013,Master4/Male/Black/Heavy,1,Kurt Johann Osiander,Ralph Gracie Jiu Jitsu
San Francisco International Open 2013,Master5/Male/Blue/Feather,1,Hafez Adle,Marco Nascimento BJJ
San Francisco International Open 2013,Master5/Male/Blue/Middle,1,Rodante Pat Sagisi, Jr.,Heroes Martial Arts
