London Winter International Open 2017,Adult/Male/White/Rooster,1,Bradley  Beaumont,Dynamo Fightsports
London Winter International Open 2017,Adult/Male/White/Rooster,2,Kyle Ray Robinson,GF Team UK
London Winter International Open 2017,Adult/Male/White/Rooster,3,Gavina Maganinho Jose Miguel,Nova União
London Winter International Open 2017,Adult/Male/White/Light-Feather,1,Brakhli Mérouane,JC Melun
London Winter International Open 2017,Adult/Male/White/Light-Feather,2,Dale James England,Dynamo Fightsports
London Winter International Open 2017,Adult/Male/White/Light-Feather,3,Eneko Aburruza,CheckMat
London Winter International Open 2017,Adult/Male/White/Light-Feather,3,Hugo Topping,Gracie Barra
London Winter International Open 2017,Adult/Male/White/Feather,1,Guven Cam,Gracie Barra
London Winter International Open 2017,Adult/Male/White/Feather,2,Keenan Crowe,Carlson Gracie UK
London Winter International Open 2017,Adult/Male/White/Feather,3,Kiefer Cooper,Lucio Sergio BJJ Lifestyle
London Winter International Open 2017,Adult/Male/White/Feather,3,Tariq Farid Muwahed,CheckMat
London Winter International Open 2017,Adult/Male/White/Light,1,Mohammed Amine Mekkaoui,CheckMat
London Winter International Open 2017,Adult/Male/White/Light,2,Balraj Singh Bhatti,Mauricio Gomes Origin BJJ Team
London Winter International Open 2017,Adult/Male/White/Light,3,Lukasz Daniel Kozlowski,Stronger BJJ
London Winter International Open 2017,Adult/Male/White/Light,3,Will Maclure,Carlson Gracie UK
London Winter International Open 2017,Adult/Male/White/Middle,1,Bartosz Goclon,Stronger BJJ
London Winter International Open 2017,Adult/Male/White/Middle,2,Kristian Lindteigen,Frontline Academy Drammen
London Winter International Open 2017,Adult/Male/White/Middle,3,Georgy Godelashvili,BMB Norwich BJJ Team
London Winter International Open 2017,Adult/Male/White/Middle,3,Patrick James McGrath,SBG Ireland
London Winter International Open 2017,Adult/Male/White/Medium-Heavy,1,Paul Thompson,Gracie Barra
London Winter International Open 2017,Adult/Male/White/Medium-Heavy,2,Mohamed Mehdaoui,Gracie Barra JJ
London Winter International Open 2017,Adult/Male/White/Medium-Heavy,3,Ateeque Ahmad,CheckMat International
London Winter International Open 2017,Adult/Male/White/Medium-Heavy,3,Ross Henderson,Lucio Sergio BJJ Lifestyle
London Winter International Open 2017,Adult/Male/White/Heavy,1,Joseph Carter,Dynamo Fightsports
London Winter International Open 2017,Adult/Male/White/Heavy,2,Tom Hague,CheckMat
London Winter International Open 2017,Adult/Male/White/Heavy,3,Alexandre Chabord. Di-fiore,Carlson Gracie UK
London Winter International Open 2017,Adult/Male/White/Heavy,3,Kuba Szlas,Game Fight UK
London Winter International Open 2017,Adult/Male/White/Super-Heavy,1,Nathan Wright,Gracie Barra
London Winter International Open 2017,Adult/Male/White/Super-Heavy,2,Jonathan Burrell,BMB Norwich BJJ Team
London Winter International Open 2017,Adult/Male/White/Super-Heavy,3,Callum Booth,Gracie Barra JJ
London Winter International Open 2017,Adult/Male/White/Super-Heavy,3,Zakaria Haddou,Gracie Barra
London Winter International Open 2017,Adult/Male/White/Ultra-Heavy,1,Aleksandre Tevzadze,Inglorious Grapplers
London Winter International Open 2017,Adult/Male/White/Ultra-Heavy,2,Mohamad Hegab,Roger Gracie Academy
London Winter International Open 2017,Adult/Male/White/Ultra-Heavy,3,Munsoor Ali,Roger Gracie Academy
London Winter International Open 2017,Adult/Male/Blue/Rooster,1,Usman Jindy Dylan Rahman,CheckMat
London Winter International Open 2017,Adult/Male/Blue/Rooster,2,William Conway,BJJ Globetrotters
London Winter International Open 2017,Adult/Male/Blue/Rooster,3,Spencer Wells,Combat Base UK
London Winter International Open 2017,Adult/Male/Blue/Rooster,3,Sunny Burrha,CheckMat
London Winter International Open 2017,Adult/Male/Blue/Light-Feather,1,Salim Mustafa Alam,Game Fight UK
London Winter International Open 2017,Adult/Male/Blue/Light-Feather,2,Aaron Keys,Gracie Barra
London Winter International Open 2017,Adult/Male/Blue/Light-Feather,3,Chris Naisbett,Ribeiro Jiu-Jitsu
London Winter International Open 2017,Adult/Male/Blue/Light-Feather,3,Keenan H. Capel,Roger Gracie Academy
London Winter International Open 2017,Adult/Male/Blue/Feather,1,Henry Timson,Carlson Gracie UK
London Winter International Open 2017,Adult/Male/Blue/Feather,2,Ioannis Flevaras,CheckMat
London Winter International Open 2017,Adult/Male/Blue/Feather,3,Henrique Ferreira Costa Joaquim,Icon Jiu-Jitsu
London Winter International Open 2017,Adult/Male/Blue/Feather,3,Rodrigo Lima,CheckMat
London Winter International Open 2017,Adult/Male/Blue/Light,1,Cameron Pallatt,Icon Jiu-Jitsu Team
London Winter International Open 2017,Adult/Male/Blue/Light,2,Jan Duplinszki,BMB Norwich BJJ Team
London Winter International Open 2017,Adult/Male/Blue/Light,3,Igor De Souza Paula,Gracie Barra
London Winter International Open 2017,Adult/Male/Blue/Light,3,Jorge Rodrigues,CheckMat
London Winter International Open 2017,Adult/Male/Blue/Middle,1,Faris Ben-lamkadem,Roger Gracie Academy
London Winter International Open 2017,Adult/Male/Blue/Middle,2,João Márcio Ferreira dos Santos,Gracie Barra
London Winter International Open 2017,Adult/Male/Blue/Middle,3,Alexander Lenos Alexandrou,Roger Gracie Academy
London Winter International Open 2017,Adult/Male/Blue/Middle,3,Andreas Richter,Atos Germany
London Winter International Open 2017,Adult/Male/Blue/Medium-Heavy,1,David Cartwright-Khoza,Gracie Barra
London Winter International Open 2017,Adult/Male/Blue/Medium-Heavy,2,Oskar Svels,Dynamix Fighting Sports 2
London Winter International Open 2017,Adult/Male/Blue/Medium-Heavy,3,Bruno Furtado Da Costa Jardim,Gracie Barra
London Winter International Open 2017,Adult/Male/Blue/Medium-Heavy,3,Darragh Mc Carthy,CheckMat
London Winter International Open 2017,Adult/Male/Blue/Heavy,1,Connor McLain,BJJ Globetrotters
London Winter International Open 2017,Adult/Male/Blue/Heavy,2,Omar Alhouli,Gracie Barra JJ
London Winter International Open 2017,Adult/Male/Blue/Heavy,3,Krishnan Chauhan,Combat Base UK
London Winter International Open 2017,Adult/Male/Blue/Heavy,3,Leuvon Leeuw,CheckMat
London Winter International Open 2017,Adult/Male/Blue/Super-Heavy,1,Athanasios Apostolidis,Carlson Gracie UK
London Winter International Open 2017,Adult/Male/Blue/Super-Heavy,2,Helton Antonio,BMB Norwich BJJ Team
London Winter International Open 2017,Adult/Male/Blue/Super-Heavy,3,Hussain Tareef,Alliance Manama
London Winter International Open 2017,Adult/Male/Blue/Ultra-Heavy,1,Mohammed  Mustafa,The MMA Academy Liverpool
London Winter International Open 2017,Adult/Male/Blue/Ultra-Heavy,2,Konstantinos Chatzivasileiou,Gracie Barra
London Winter International Open 2017,Adult/Male/Blue/Ultra-Heavy,3,Mike Roberts,The MMA Academy Liverpool
London Winter International Open 2017,Adult/Male/Blue/Ultra-Heavy,3,Nickolaos Chatzinikolas,Gracie Barra
London Winter International Open 2017,Adult/Male/Blue/Enum_WeightDivision_OpenClass_Label,1,Faris Ben-lamkadem,Roger Gracie Academy
London Winter International Open 2017,Adult/Male/Blue/Enum_WeightDivision_OpenClass_Label,2,David Cartwright-Khoza,Gracie Barra
London Winter International Open 2017,Adult/Male/Blue/Enum_WeightDivision_OpenClass_Label,3,Jan Duplinszki,BMB Norwich BJJ Team
London Winter International Open 2017,Adult/Male/Blue/Enum_WeightDivision_OpenClass_Label,3,Mike Roberts,The MMA Academy Liverpool
London Winter International Open 2017,Adult/Male/Purple/Light-Feather,1,João Pedro Sousa Pereira,Champions BJJ
London Winter International Open 2017,Adult/Male/Purple/Feather,1,Jonata Gomes Ramos,CheckMat
London Winter International Open 2017,Adult/Male/Purple/Feather,2,Saulius Gurbininkas,Rio Grappling Club Europe
London Winter International Open 2017,Adult/Male/Purple/Feather,3,Samuel Kaye,Gracie Barra
London Winter International Open 2017,Adult/Male/Purple/Feather,3,Shem Shilat,Atos Jerusalem
London Winter International Open 2017,Adult/Male/Purple/Light,1,Victor Nithael de Oliveira Marques,Nova União
London Winter International Open 2017,Adult/Male/Purple/Light,2,Ellis Younger,Ribeiro Jiu-Jitsu
London Winter International Open 2017,Adult/Male/Purple/Light,3,Joel Paul Smithson,BMB Norwich BJJ Team
London Winter International Open 2017,Adult/Male/Purple/Light,3,Romao Pereira De Carvalho,CheckMat
London Winter International Open 2017,Adult/Male/Purple/Middle,1,Taylor Pearman,Carlson Gracie UK
London Winter International Open 2017,Adult/Male/Purple/Middle,2,Oscar Gugala,Roger Gracie Academy
London Winter International Open 2017,Adult/Male/Purple/Middle,3,Dinu Silviu Bucalet,Mill Hill BJJ
London Winter International Open 2017,Adult/Male/Purple/Middle,3,mohamed omar,Fight Sports
London Winter International Open 2017,Adult/Male/Purple/Medium-Heavy,1,James Kirkham,The MMA Academy Liverpool
London Winter International Open 2017,Adult/Male/Purple/Medium-Heavy,2,Marcel Romanowski,Oxford Shootfighter
London Winter International Open 2017,Adult/Male/Purple/Medium-Heavy,3,Aaron Hinchliffe,CheckMat
London Winter International Open 2017,Adult/Male/Purple/Medium-Heavy,3,Hamana Abderahman,CheckMat
London Winter International Open 2017,Adult/Male/Purple/Heavy,1,fred keys,Roger Gracie Academy
London Winter International Open 2017,Adult/Male/Purple/Heavy,2,Lucas dos Santos Soares,BTT
London Winter International Open 2017,Adult/Male/Purple/Heavy,3,Aarron Burgin,Eddie Kone BJJ (EKBJJ)
London Winter International Open 2017,Adult/Male/Purple/Heavy,3,Dean Barry,ECJJA
London Winter International Open 2017,Adult/Male/Purple/Super-Heavy,1,HICHAM HAMROUNI,Icon Jiu-Jitsu Team
London Winter International Open 2017,Adult/Male/Purple/Super-Heavy,2,Ricardo  Santos,Alfa Jiu-Jitsu Academy
London Winter International Open 2017,Adult/Male/Purple/Ultra-Heavy,1,Mikko Veijonen,Barreto Jiu-Jitsu Finland
London Winter International Open 2017,Adult/Male/Purple/Ultra-Heavy,2,Rubens Matos,Gracie Barra
London Winter International Open 2017,Adult/Male/Purple/Enum_WeightDivision_OpenClass_Label,1,Jonata Gomes Ramos,CheckMat
London Winter International Open 2017,Adult/Male/Purple/Enum_WeightDivision_OpenClass_Label,2,fred keys,Roger Gracie Academy
London Winter International Open 2017,Adult/Male/Purple/Enum_WeightDivision_OpenClass_Label,3,Lucas dos Santos Soares,BTT
London Winter International Open 2017,Adult/Male/Purple/Enum_WeightDivision_OpenClass_Label,3,Rubens Matos,Gracie Barra
London Winter International Open 2017,Adult/Male/Brown/Feather,1,Johnson Clay Telford,Team Royce Gracie
London Winter International Open 2017,Adult/Male/Brown/Feather,2,Samuel Khan,Gracie Barra
London Winter International Open 2017,Adult/Male/Brown/Light,1,Pedro Paulo Dias Clementino,Caio Terra Association Brasil
London Winter International Open 2017,Adult/Male/Brown/Middle,1,Brendan James McGarry,99 Nine Nine JJ - International
London Winter International Open 2017,Adult/Male/Brown/Middle,2,Tommi Tapio Pulkkanen,Hilti BJJ Turku
London Winter International Open 2017,Adult/Male/Brown/Middle,3,Jonathon Reginald Thomas Maflin,Roger Gracie Academy
London Winter International Open 2017,Adult/Male/Brown/Heavy,1,River Blue Dillon,Carlson Gracie UK
London Winter International Open 2017,Adult/Male/Brown/Heavy,2,Max Bickerton,Inglorious Grapplers
London Winter International Open 2017,Adult/Male/Brown/Heavy,3,Ville Tapio Saari,Barreto Jiu-Jitsu Finland
London Winter International Open 2017,Adult/Male/Brown/Enum_WeightDivision_OpenClass_Label,1,River Blue Dillon,Carlson Gracie UK
London Winter International Open 2017,Adult/Male/Brown/Enum_WeightDivision_OpenClass_Label,2,Pedro Paulo Dias Clementino,Caio Terra Association Brasil
London Winter International Open 2017,Adult/Male/Brown/Enum_WeightDivision_OpenClass_Label,3,Ville Tapio Saari,Barreto Jiu-Jitsu Finland
London Winter International Open 2017,Adult/Male/Black/Light-Feather,1,Adam Adshead,Combat Base UK
London Winter International Open 2017,Adult/Male/Black/Light-Feather,2,Baruc Martin Barrios,BMB Norwich BJJ Team
London Winter International Open 2017,Adult/Male/Black/Light-Feather,3,Enrique de Jesus Villasenor Sarvide,CheckMat
London Winter International Open 2017,Adult/Male/Black/Light-Feather,3,Romulo Godoy De Carvalho,Ribeiro Jiu-Jitsu International
London Winter International Open 2017,Adult/Male/Black/Feather,1,Lucas de Souza Dantas,Nova União
London Winter International Open 2017,Adult/Male/Black/Feather,2,Abdelkarim Zaid Abdelkarim Alrashid,CheckMat
London Winter International Open 2017,Adult/Male/Black/Light,1,Ross Nicholls,Roger Gracie Academy
London Winter International Open 2017,Adult/Male/Black/Light,2,Oliver Johnathon Lovell,Gracie Barra
London Winter International Open 2017,Adult/Male/Black/Middle,1,Ygor Machado Dantas,UAE Jiu-jitsu Team
London Winter International Open 2017,Adult/Male/Black/Middle,2,Pedro Henrique Weiss Bessa,99 Nine Nine JJ - International
London Winter International Open 2017,Adult/Male/Black/Middle,3,Oliver Leys Geddes,Roger Gracie Academy
London Winter International Open 2017,Adult/Male/Black/Middle,3,Vinicius de Castro Nascimento,Mandala Jiu-Jitsu School
London Winter International Open 2017,Adult/Male/Black/Medium-Heavy,1,Santeri Lilius,Gracie Barra
London Winter International Open 2017,Adult/Male/Black/Super-Heavy,1,Adam Wardzinski,CheckMat
London Winter International Open 2017,Adult/Male/Black/Super-Heavy,2,Lucio Furtado Rodrigues,Gracie Barra
London Winter International Open 2017,Adult/Male/Black/Ultra-Heavy,1,Jackson Sousa dos Santos,CheckMat
London Winter International Open 2017,Adult/Male/Black/Ultra-Heavy,2,Jefté Marques Portes,Gracie Barra
London Winter International Open 2017,Adult/Male/Black/Enum_WeightDivision_OpenClass_Label,1,Adam Wardzinski,CheckMat
London Winter International Open 2017,Adult/Male/Black/Enum_WeightDivision_OpenClass_Label,2,Jackson Sousa dos Santos,CheckMat
London Winter International Open 2017,Adult/Male/Black/Enum_WeightDivision_OpenClass_Label,3,Santeri Lilius,Gracie Barra
London Winter International Open 2017,Adult/Male/Black/Enum_WeightDivision_OpenClass_Label,3,Vinicius de Castro Nascimento,Mandala Jiu-Jitsu School
London Winter International Open 2017,Adult/Female/White/Feather,1,Kerry Barkan,Tsunami Gym, Cambridge
London Winter International Open 2017,Adult/Female/White/Feather,2,Agnieszka Anna Wrodarczyk,CheckMat
London Winter International Open 2017,Adult/Female/White/Feather,3,Ayse Gumec Karamuk,Gracie Barra
London Winter International Open 2017,Adult/Female/White/Feather,3,Violeta Borisova,Eddie Kone BJJ (EKBJJ)
London Winter International Open 2017,Adult/Female/White/Light,1,Samantha Oram,The Dungeon BJJ
London Winter International Open 2017,Adult/Female/White/Light,2,Eve Anne-Sophie, Cécile Durieux,Gracie Barra
London Winter International Open 2017,Adult/Female/White/Light,3,Angelica Klüft,CheckMat
London Winter International Open 2017,Adult/Female/White/Light,3,Louisa Bennett,Roger Gracie Academy
London Winter International Open 2017,Adult/Female/White/Middle,1,Rebeka Meszaros,CheckMat
London Winter International Open 2017,Adult/Female/White/Middle,2,Hanen Royer,Gracie Barra
London Winter International Open 2017,Adult/Female/White/Middle,3,Jannatullah Mohamed Elsawy,Fight Sports
London Winter International Open 2017,Adult/Female/White/Middle,3,Katie Plante,BJJ Revolution Team - International
London Winter International Open 2017,Adult/Female/White/Medium-Heavy,1,Gamila Antonia Kanew,BJJ Globetrotters
London Winter International Open 2017,Adult/Female/White/Medium-Heavy,2,Lauren Jo,Gracie Barra
London Winter International Open 2017,Adult/Female/White/Medium-Heavy,3,Natalie McCall,Stronger BJJ
London Winter International Open 2017,Adult/Female/White/Medium-Heavy,3,Sara Colfer,The Dungeon BJJ
London Winter International Open 2017,Adult/Female/White/Super-Heavy,1,Chloe Faye Moore,Roger Gracie Academy
London Winter International Open 2017,Adult/Female/Blue/Light-Feather,1,Fiona Middleton,Roger Gracie Academy
London Winter International Open 2017,Adult/Female/Blue/Light-Feather,2,Soojin Hong,Roger Gracie Academy
London Winter International Open 2017,Adult/Female/Blue/Light-Feather,3,Eleanor Grace Boylan,The MMA Academy Liverpool
London Winter International Open 2017,Adult/Female/Blue/Light-Feather,3,Monica Convertino,JS Brazilian Jiu-Jitsu
London Winter International Open 2017,Adult/Female/Blue/Feather,1,Amanda Pamela Nicole Schurtz,CheckMat
London Winter International Open 2017,Adult/Female/Blue/Feather,2,Rebecca Bursnoll,Lucio Sergio BJJ Lifestyle
London Winter International Open 2017,Adult/Female/Blue/Feather,3,Marina Mavrou,Carlson Gracie UK
London Winter International Open 2017,Adult/Female/Blue/Feather,3,Stephanie Cram,Gracie Barra
London Winter International Open 2017,Adult/Female/Blue/Light,1,Emma Louise Chamberlain,Carlson Gracie UK
London Winter International Open 2017,Adult/Female/Blue/Light,2,Jennifer Anne Killeen,Rio Grappling Club Europe
London Winter International Open 2017,Adult/Female/Blue/Light,3,Cristina Del Pino Caballero Ojeda,BMB Norwich BJJ Team
London Winter International Open 2017,Adult/Female/Blue/Light,3,Melissa Ådin Wallbom,Frontline Academy Orebro
London Winter International Open 2017,Adult/Female/Blue/Medium-Heavy,1,Kyra  Robinsin,Gracie Barra
London Winter International Open 2017,Adult/Female/Blue/Medium-Heavy,2,Ashlea Austin,The MMA Academy Liverpool
London Winter International Open 2017,Adult/Female/Blue/Medium-Heavy,3,Karianne Saethre Boe,Roger Gracie Academy
London Winter International Open 2017,Adult/Female/Blue/Medium-Heavy,3,Rebecca Millar,BJJ Revolution Team - International
London Winter International Open 2017,Adult/Female/Blue/Heavy,1,Sacha Gorissen,Nova União
London Winter International Open 2017,Adult/Female/Blue/Heavy,2,Katy Moran,Roger Gracie Academy
London Winter International Open 2017,Adult/Female/Blue/Super-Heavy,1,Hannah McCourt,SBG Ireland
London Winter International Open 2017,Adult/Female/Blue/Enum_WeightDivision_OpenClass_Label,1,Hannah McCourt,SBG Ireland
London Winter International Open 2017,Adult/Female/Blue/Enum_WeightDivision_OpenClass_Label,2,Emma Louise Chamberlain,Carlson Gracie UK
London Winter International Open 2017,Adult/Female/Blue/Enum_WeightDivision_OpenClass_Label,3,Amanda Pamela Nicole Schurtz,CheckMat
London Winter International Open 2017,Adult/Female/Blue/Enum_WeightDivision_OpenClass_Label,3,Sacha Gorissen,Nova União
London Winter International Open 2017,Adult/Female/Purple/Light-Feather,1,Larissa Campos Carvalho,Gracie Reunion
London Winter International Open 2017,Adult/Female/Purple/Light-Feather,2,Ashley Louise Bendle,Gracie Barra
London Winter International Open 2017,Adult/Female/Purple/Feather,1,Georgina  Contel Gallego,Atos JJ International
London Winter International Open 2017,Adult/Female/Purple/Feather,2,Anja Bergo,Frontline Academy
London Winter International Open 2017,Adult/Female/Purple/Feather,3,Laura Peretti,JS Brazilian Jiu-Jitsu
London Winter International Open 2017,Adult/Female/Purple/Light,1,Laura Harvey,CheckMat
London Winter International Open 2017,Adult/Female/Purple/Light,2,Annelies Kohne,GF Team International
London Winter International Open 2017,Adult/Female/Purple/Middle,1,Emma Mills,CheckMat
London Winter International Open 2017,Adult/Female/Purple/Enum_WeightDivision_OpenClass_Label,1,Anja Bergo,Frontline Academy
London Winter International Open 2017,Adult/Female/Purple/Enum_WeightDivision_OpenClass_Label,2,Georgina  Contel Gallego,Atos JJ International
London Winter International Open 2017,Adult/Female/Purple/Enum_WeightDivision_OpenClass_Label,3,Larissa Campos Carvalho,Gracie Reunion
London Winter International Open 2017,Adult/Female/Purple/Enum_WeightDivision_OpenClass_Label,3,Laura Harvey,CheckMat
London Winter International Open 2017,Adult/Female/Brown/Middle,1,Katherine Victoria Hill,Carlson Gracie UK
London Winter International Open 2017,Adult/Female/Brown/Middle,2,Rachael Cherry,Icon Jiu-Jitsu Team 3
London Winter International Open 2017,Adult/Female/Brown/Super-Heavy,1,Birgit Schuette,Roger Gracie Academy
London Winter International Open 2017,Adult/Female/Brown/Enum_WeightDivision_OpenClass_Label,1,Katherine Victoria Hill,Carlson Gracie UK
London Winter International Open 2017,Adult/Female/Brown/Enum_WeightDivision_OpenClass_Label,2,Birgit Schuette,Roger Gracie Academy
London Winter International Open 2017,Adult/Female/Black/Feather,1,Vanessa English,Gracie Barra
London Winter International Open 2017,Adult/Female/Black/Feather,2,Yasmine Clarisa Wilson,Roger Gracie Academy
London Winter International Open 2017,Adult/Female/Black/Medium-Heavy,1,Leoni Munslow,New School BJJ
London Winter International Open 2017,Adult/Female/Black/Medium-Heavy,2,Natali Amaru Salinas Orive,Academia 360 Argentina
London Winter International Open 2017,Adult/Female/Black/Super-Heavy,1,Tayane Porfírio de Araújo,Alliance RJ
London Winter International Open 2017,Adult/Female/Black/Enum_WeightDivision_OpenClass_Label,1,Tayane Porfírio de Araújo,Alliance RJ
London Winter International Open 2017,Adult/Female/Black/Enum_WeightDivision_OpenClass_Label,2,Vanessa English,Gracie Barra
London Winter International Open 2017,Adult/Female/Black/Enum_WeightDivision_OpenClass_Label,3,Natali Amaru Salinas Orive,Academia 360 Argentina
London Winter International Open 2017,Master1/Male/White/Light-Feather,1,Jack Pelerman,Gracie Barra
London Winter International Open 2017,Master1/Male/White/Light-Feather,2,André Coelho Gouveia,CheckMat
London Winter International Open 2017,Master1/Male/White/Light-Feather,3,Adam James Bloom,Brigadeiro BJJ - UK
London Winter International Open 2017,Master1/Male/White/Light-Feather,3,Jordon Cooper-Siddall,Gracie Barra
London Winter International Open 2017,Master1/Male/White/Feather,1,Anderson Gavioli Dos Santos,CheckMat
London Winter International Open 2017,Master1/Male/White/Feather,2,Ramin Beissembekov,Alliance International
London Winter International Open 2017,Master1/Male/White/Feather,3,Ingus Kalnins,BMB Norwich BJJ Team
London Winter International Open 2017,Master1/Male/White/Feather,3,Matthew Stanton,Lucio Sergio BJJ Lifestyle
London Winter International Open 2017,Master1/Male/White/Light,1,Francesco Mininni,CheckMat
London Winter International Open 2017,Master1/Male/White/Light,2,Brian Lee,SBG Ireland
London Winter International Open 2017,Master1/Male/White/Light,3,Bartlomiej Jablonski,CheckMat International
London Winter International Open 2017,Master1/Male/White/Light,3,Joao Pedro Sismeiro,CheckMat
London Winter International Open 2017,Master1/Male/White/Middle,1,Emanuel Martins,BMB Norwich BJJ Team
London Winter International Open 2017,Master1/Male/White/Middle,2,Ross Dimmock,De Souza Dojo
London Winter International Open 2017,Master1/Male/White/Middle,3,Patrick Stephen White,CFS BJJ
London Winter International Open 2017,Master1/Male/White/Middle,3,Tom Schan,Brigadeiro BJJ - UK
London Winter International Open 2017,Master1/Male/White/Medium-Heavy,1,Leigh Snowden,Lucio Sergio BJJ Lifestyle
London Winter International Open 2017,Master1/Male/White/Medium-Heavy,2,Serk Metin,Combat Base UK
London Winter International Open 2017,Master1/Male/White/Medium-Heavy,3,Craig Edwards,CheckMat
London Winter International Open 2017,Master1/Male/White/Medium-Heavy,3,Ryan James Grimshaw,Gracie Barra
London Winter International Open 2017,Master1/Male/White/Super-Heavy,1,Raphael Arie,CheckMat
London Winter International Open 2017,Master1/Male/White/Super-Heavy,2,Sean O Sullivan,Roger Gracie Academy
London Winter International Open 2017,Master1/Male/White/Super-Heavy,3,Benjamin Kent Margitich,Gracie Barra
London Winter International Open 2017,Master1/Male/White/Ultra-Heavy,1,Dimitar Dimov,CheckMat
London Winter International Open 2017,Master1/Male/White/Ultra-Heavy,2,Eduard Gheorghita Mirt,Gracie Barra Haringey UK
London Winter International Open 2017,Master1/Male/White/Ultra-Heavy,3,William Michael Gatward,Carlson Gracie UK
London Winter International Open 2017,Master1/Male/Blue/Feather,1,Nicolas Robo,Gracie Barra
London Winter International Open 2017,Master1/Male/Blue/Feather,2,Jorge Eduardo Calretas Machado Dias,Lucio Sergio BJJ Lifestyle
London Winter International Open 2017,Master1/Male/Blue/Feather,3,Gavin Delwyn Davies,Roger Gracie Academy
London Winter International Open 2017,Master1/Male/Blue/Feather,3,Nick Carter,New School BJJ
London Winter International Open 2017,Master1/Male/Blue/Light,1,Amicangelo Alexandre,Gracie Barra JJ
London Winter International Open 2017,Master1/Male/Blue/Light,2,Kieran Richard Batchford,Carlson Gracie UK
London Winter International Open 2017,Master1/Male/Blue/Light,3,Aleksis Sakellaris,Rio Grappling Club Greece
London Winter International Open 2017,Master1/Male/Blue/Light,3,Charlie Northedge,Gracie Barra
London Winter International Open 2017,Master1/Male/Blue/Middle,1,Pedro Igor Andrade Peixoto de Santos Ferreira,Gracie Barra
London Winter International Open 2017,Master1/Male/Blue/Middle,2,Sebastian Reimitz,Team Ganbaru
London Winter International Open 2017,Master1/Male/Blue/Middle,3,Aleh Paulovich,Stronger BJJ
London Winter International Open 2017,Master1/Male/Blue/Middle,3,Rad Budzicki,Gracie Barra
London Winter International Open 2017,Master1/Male/Blue/Medium-Heavy,1,Cormac Chesser,BJJ Revolution Team - International
London Winter International Open 2017,Master1/Male/Blue/Medium-Heavy,2,Anthony Davies,CheckMat
London Winter International Open 2017,Master1/Male/Blue/Medium-Heavy,3,Nick Briely,Game Fight UK
London Winter International Open 2017,Master1/Male/Blue/Medium-Heavy,3,Pavlos Kefalas,Rio Grappling Club Greece
London Winter International Open 2017,Master1/Male/Blue/Heavy,1,David Araniseli,BMB Norwich BJJ Team
London Winter International Open 2017,Master1/Male/Blue/Heavy,2,Mathieu  Mancini,Nova União
London Winter International Open 2017,Master1/Male/Blue/Heavy,3,Anders Källbjer,Dynamix Fighting Sports
London Winter International Open 2017,Master1/Male/Blue/Heavy,3,Dan Stuart Hart,Gracie Barra
London Winter International Open 2017,Master1/Male/Blue/Super-Heavy,1,Vitalij Šavelo,Roger Gracie Academy
London Winter International Open 2017,Master1/Male/Blue/Super-Heavy,2,Mustafa Vurulmaz,Roger Gracie Academy
London Winter International Open 2017,Master1/Male/Blue/Super-Heavy,3,Marco Birol Rieger,Pound for Pound Deutschland
London Winter International Open 2017,Master1/Male/Blue/Super-Heavy,3,Scott Warren,BJJ Globetrotters
London Winter International Open 2017,Master1/Male/Blue/Ultra-Heavy,1,Dominik Zwierzynski,CheckMat
London Winter International Open 2017,Master1/Male/Blue/Ultra-Heavy,2,Christopher C.R. Morgan,The Dungeon BJJ
London Winter International Open 2017,Master1/Male/Blue/Enum_WeightDivision_OpenClass_Label,1,Vitalij Šavelo,Roger Gracie Academy
London Winter International Open 2017,Master1/Male/Blue/Enum_WeightDivision_OpenClass_Label,2,Charlie Northedge,Gracie Barra
London Winter International Open 2017,Master1/Male/Blue/Enum_WeightDivision_OpenClass_Label,3,David Araniseli,BMB Norwich BJJ Team
London Winter International Open 2017,Master1/Male/Blue/Enum_WeightDivision_OpenClass_Label,3,Scott Warren,BJJ Globetrotters
London Winter International Open 2017,Master1/Male/Purple/Light-Feather,1,Danny Worters,CheckMat
London Winter International Open 2017,Master1/Male/Purple/Light-Feather,2,Oliver Lee,New School BJJ
London Winter International Open 2017,Master1/Male/Purple/Feather,1,Neoklis Sofianos,Gracie Barra
London Winter International Open 2017,Master1/Male/Purple/Feather,2,Stuart Duffy,Mario Sukata International
London Winter International Open 2017,Master1/Male/Purple/Light,1,Mariusz Waroch,SBG Ireland
London Winter International Open 2017,Master1/Male/Purple/Light,2,Paul Cerisola,CheckMat
London Winter International Open 2017,Master1/Male/Purple/Light,3,Naveed Ashraf,Roger Gracie Academy
London Winter International Open 2017,Master1/Male/Purple/Light,3,Shmuel M. Goldstein,Atos Jerusalem
London Winter International Open 2017,Master1/Male/Purple/Middle,1,Shaiz Khan,Rio Grappling Club Europe
London Winter International Open 2017,Master1/Male/Purple/Middle,2,Carl Thomas,Mario Sukata International
London Winter International Open 2017,Master1/Male/Purple/Middle,3,Omid Alimohammadi,CheckMat
London Winter International Open 2017,Master1/Male/Purple/Middle,3,Richard Long,CheckMat
London Winter International Open 2017,Master1/Male/Purple/Medium-Heavy,1,Thomas Showler,99 Nine Nine JJ - International
London Winter International Open 2017,Master1/Male/Purple/Medium-Heavy,2,Ying Hao Ma,Gracie Barra
London Winter International Open 2017,Master1/Male/Purple/Medium-Heavy,3,Marcos Macedo,Stronger BJJ
London Winter International Open 2017,Master1/Male/Purple/Medium-Heavy,3,Nathan Jones,Inglorious Grapplers
London Winter International Open 2017,Master1/Male/Purple/Heavy,1,Paul Cornwell,Icon Jiu-Jitsu Team
London Winter International Open 2017,Master1/Male/Purple/Heavy,2,Lee Whitehead,Lucio Sergio BJJ Lifestyle
London Winter International Open 2017,Master1/Male/Purple/Ultra-Heavy,1,Jason Harper,GF Team UK
London Winter International Open 2017,Master1/Male/Purple/Ultra-Heavy,2,Gregory Dominique Alain Pradervand,Equipe Gavião Jiu-Jitsu International
London Winter International Open 2017,Master1/Male/Purple/Enum_WeightDivision_OpenClass_Label,1,Lee Whitehead,Lucio Sergio BJJ Lifestyle
London Winter International Open 2017,Master1/Male/Purple/Enum_WeightDivision_OpenClass_Label,2,Ying Hao Ma,Gracie Barra
London Winter International Open 2017,Master1/Male/Purple/Enum_WeightDivision_OpenClass_Label,3,Naveed Ashraf,Roger Gracie Academy
London Winter International Open 2017,Master1/Male/Brown/Feather,1,Nam Hoang,Combat Base UK
London Winter International Open 2017,Master1/Male/Brown/Feather,2,Fabio Fornoni,CheckMat
London Winter International Open 2017,Master1/Male/Brown/Feather,3,Daniel Santiago Formiga Ramos,Nova União
London Winter International Open 2017,Master1/Male/Brown/Light,1,Taoufik Mouhaouir,JC Melun
London Winter International Open 2017,Master1/Male/Brown/Light,2,Alan Howcroft,Stealth BJJ
London Winter International Open 2017,Master1/Male/Brown/Medium-Heavy,1,Jean-Philippe Guitton,Icon Jiu-Jitsu Team
London Winter International Open 2017,Master1/Male/Brown/Medium-Heavy,2,Antony Edwards,Roger Gracie Academy
London Winter International Open 2017,Master1/Male/Brown/Medium-Heavy,3,Daniel Quinones,Triccs Academy
London Winter International Open 2017,Master1/Male/Brown/Medium-Heavy,3,Lukasz Wilenski,Mario Sukata International
London Winter International Open 2017,Master1/Male/Brown/Super-Heavy,1,Paul Mcginty,CheckMat
London Winter International Open 2017,Master1/Male/Brown/Enum_WeightDivision_OpenClass_Label,1,Nam Hoang,Combat Base UK
London Winter International Open 2017,Master1/Male/Brown/Enum_WeightDivision_OpenClass_Label,2,Taoufik Mouhaouir,JC Melun
London Winter International Open 2017,Master1/Male/Black/Light,1,Kokolaras Ioannis,Gracie Barra
London Winter International Open 2017,Master1/Male/Black/Light,2,Sebastian Hans-Jakob Heuser,Atos Germany
London Winter International Open 2017,Master1/Male/Black/Middle,1,Teemu Matilainen,Brasa
London Winter International Open 2017,Master1/Male/Black/Middle,2,Tiago de Taddei E. Bastos Valente,CheckMat
London Winter International Open 2017,Master1/Male/Black/Medium-Heavy,1,Julien Cazier,Gracie Barra
London Winter International Open 2017,Master1/Male/Black/Medium-Heavy,2,Panagiotis  Antonopoulos,Gracie Barra JJ
London Winter International Open 2017,Master1/Male/Black/Medium-Heavy,3,Pedro Garcia Santisteban,GFTeam London
London Winter International Open 2017,Master1/Male/Black/Medium-Heavy,3,Stuart Andrew Barclay,99 Nine Nine JJ - International
London Winter International Open 2017,Master1/Male/Black/Ultra-Heavy,1,Francisco Ramos Mendes Neto,CheckMat
London Winter International Open 2017,Master1/Male/Black/Ultra-Heavy,2,Iury Martins Curpentino,Ribeiro Jiu-Jitsu International
London Winter International Open 2017,Master1/Male/Black/Ultra-Heavy,3,Adam Kiely,De Souza Dojo
London Winter International Open 2017,Master1/Male/Black/Enum_WeightDivision_OpenClass_Label,1,Francisco Ramos Mendes Neto,CheckMat
London Winter International Open 2017,Master1/Male/Black/Enum_WeightDivision_OpenClass_Label,2,Tiago de Taddei E. Bastos Valente,CheckMat
London Winter International Open 2017,Master1/Male/Black/Enum_WeightDivision_OpenClass_Label,3,Adam Kiely,De Souza Dojo
London Winter International Open 2017,Master1/Male/Black/Enum_WeightDivision_OpenClass_Label,3,Kokolaras Ioannis,Gracie Barra
London Winter International Open 2017,Master1/Female/Blue/Light,1,Pheobe Vaughan,Mauricio Gomes Origin BJJ Team
London Winter International Open 2017,Master1/Female/Blue/Light,2,Michal Hannah Block,Atos Jerusalem
London Winter International Open 2017,Master1/Female/Blue/Middle,1,Mary Potts,Ribeiro Jiu-Jitsu
London Winter International Open 2017,Master1/Female/Blue/Enum_WeightDivision_OpenClass_Label,1,Mary Potts,Ribeiro Jiu-Jitsu
London Winter International Open 2017,Master2/Male/White/Feather,1,Marian Olaru,Rio Grappling Club Europe
London Winter International Open 2017,Master2/Male/White/Feather,2,Ishfaq Ali,Gracie Barra
London Winter International Open 2017,Master2/Male/White/Feather,3,Dr. Gábor Holló,ZR Team Hungary
London Winter International Open 2017,Master2/Male/White/Feather,3,Winston Donovan Lee,Carlson Gracie UK
London Winter International Open 2017,Master2/Male/White/Light,1,Alexey Egorov,CheckMat
London Winter International Open 2017,Master2/Male/White/Light,2,Mirco Christian Karjalainen,Frota Team Nogueira
London Winter International Open 2017,Master2/Male/White/Light,3,Mikel Cervera,Ribeiro Jiu-Jitsu International
London Winter International Open 2017,Master2/Male/White/Light,3,Peter Lewis,Andy Roberts BJJ
London Winter International Open 2017,Master2/Male/White/Middle,1,Jozef Lukacs,Roger Gracie Academy
London Winter International Open 2017,Master2/Male/White/Middle,2,Alain Bourguetou,Nova União
London Winter International Open 2017,Master2/Male/White/Middle,3,Carlos Macedo Barbosa,JC Melun
London Winter International Open 2017,Master2/Male/White/Middle,3,Danny Mitchell,Roger Gracie Academy
London Winter International Open 2017,Master2/Male/White/Medium-Heavy,1,George Panayotopoulos,Gracie Barra
London Winter International Open 2017,Master2/Male/White/Medium-Heavy,2,Bartosz  Szymanski,BMB Norwich BJJ Team
London Winter International Open 2017,Master2/Male/White/Medium-Heavy,3,Jamie Mcmillan,CFS BJJ
London Winter International Open 2017,Master2/Male/White/Heavy,1,ROS Stephane,JC Melun
London Winter International Open 2017,Master2/Male/White/Heavy,2,Alexander Whitehead,BMB Norwich BJJ Team
London Winter International Open 2017,Master2/Male/White/Super-Heavy,1,Ionut Dorel Ghita,Gracie Barra
London Winter International Open 2017,Master2/Male/White/Super-Heavy,2,Frédéric Gimenez,JC Melun
London Winter International Open 2017,Master2/Male/White/Super-Heavy,3,Tommy Brown,Roger Gracie Academy
London Winter International Open 2017,Master2/Male/White/Super-Heavy,3,Zhelyo Balevski,Atos JJ International
London Winter International Open 2017,Master2/Male/White/Ultra-Heavy,1,Frank Poku Agyemang,Roger Gracie Academy
London Winter International Open 2017,Master2/Male/Blue/Light-Feather,1,Scott Letham Rigg,Rio Grappling Club Europe
London Winter International Open 2017,Master2/Male/Blue/Light-Feather,2,Fernando Daniel Matile,Jaraguá BJJ
London Winter International Open 2017,Master2/Male/Blue/Light,1,Joel Lourenco,Inglorious Grapplers
London Winter International Open 2017,Master2/Male/Blue/Light,2,Raphael Veras DA Silva,Roger Gracie Academy
London Winter International Open 2017,Master2/Male/Blue/Light,3,Charlie Woods,Gracie Barra
London Winter International Open 2017,Master2/Male/Blue/Light,3,James Coggs,Rio Grappling Club Europe
London Winter International Open 2017,Master2/Male/Blue/Middle,1,Adam Zielinski,Roger Gracie Academy
London Winter International Open 2017,Master2/Male/Blue/Middle,2,Magnus Johansson,Viva Zapata Jiu Jitsu
London Winter International Open 2017,Master2/Male/Blue/Middle,3,Jonny Williams,Gracie Barra
London Winter International Open 2017,Master2/Male/Blue/Middle,3,Shaun  Knight,CheckMat
London Winter International Open 2017,Master2/Male/Blue/Medium-Heavy,1,Murat  Efendi,Pound for Pound Deutschland
London Winter International Open 2017,Master2/Male/Blue/Medium-Heavy,2,Luis Quiterio,CheckMat
London Winter International Open 2017,Master2/Male/Blue/Medium-Heavy,3,Andrew Ryan,Lucio Sergio BJJ Lifestyle
London Winter International Open 2017,Master2/Male/Blue/Medium-Heavy,3,Christopher Victor Mvuaba,Nova União
London Winter International Open 2017,Master2/Male/Blue/Heavy,1,Slawek Dobrzanski,CheckMat
London Winter International Open 2017,Master2/Male/Blue/Heavy,2,Andrew Philip Kilkenny Gratton,Gracie Barra
London Winter International Open 2017,Master2/Male/Blue/Heavy,3,Greg Joseph,Soul Fighters Texas
London Winter International Open 2017,Master2/Male/Blue/Heavy,3,Paul Moorcroft,Lucio Sergio BJJ Lifestyle
London Winter International Open 2017,Master2/Male/Blue/Super-Heavy,1,Raymond Anthony Newell,BMB Norwich BJJ Team
London Winter International Open 2017,Master2/Male/Blue/Super-Heavy,2,David Hayes,Carlson Gracie UK
London Winter International Open 2017,Master2/Male/Blue/Ultra-Heavy,1,Marian Ionut Rusu,Gracie Barra
London Winter International Open 2017,Master2/Male/Blue/Ultra-Heavy,2,Robert Wijtsma,Barbosa Team Agua
London Winter International Open 2017,Master2/Male/Blue/Ultra-Heavy,3,Fazal Khan,Roger Gracie Academy
London Winter International Open 2017,Master2/Male/Blue/Ultra-Heavy,3,Tomas Juraitis,Roger Gracie Academy
London Winter International Open 2017,Master2/Male/Blue/Enum_WeightDivision_OpenClass_Label,1,Robert Wijtsma,Barbosa Team Agua
London Winter International Open 2017,Master2/Male/Blue/Enum_WeightDivision_OpenClass_Label,2,Christopher Victor Mvuaba,Nova União
London Winter International Open 2017,Master2/Male/Blue/Enum_WeightDivision_OpenClass_Label,3,Adam Zielinski,Roger Gracie Academy
London Winter International Open 2017,Master2/Male/Blue/Enum_WeightDivision_OpenClass_Label,3,Fazal Khan,Roger Gracie Academy
London Winter International Open 2017,Master2/Male/Purple/Light-Feather,1,Hafiz-ul Islam Hamid,CheckMat
London Winter International Open 2017,Master2/Male/Purple/Light-Feather,2,Elliott Nurse,New School BJJ
London Winter International Open 2017,Master2/Male/Purple/Feather,1,PJ Lucey,SBG International (SBGI)
London Winter International Open 2017,Master2/Male/Purple/Feather,2,Paul Browne,BJJ Revolution Team - International
London Winter International Open 2017,Master2/Male/Purple/Feather,3,Charles Mak,Evolve MMA
London Winter International Open 2017,Master2/Male/Purple/Feather,3,Paul McIntyre,BJJ Revolution Team - International
London Winter International Open 2017,Master2/Male/Purple/Light,1,Benjamin Dixon,Nova União
London Winter International Open 2017,Master2/Male/Purple/Light,2,Higo Gomes Da Silva,Brigadeiro BJJ - UK
London Winter International Open 2017,Master2/Male/Purple/Light,3,Raju Haque,Roger Gracie Academy
London Winter International Open 2017,Master2/Male/Purple/Light,3,Ricky Lance Johnson,Lucio Sergio BJJ Lifestyle
London Winter International Open 2017,Master2/Male/Purple/Middle,1,Clint Aston,Mario Sukata International
London Winter International Open 2017,Master2/Male/Purple/Middle,2,Richard  Briggs,Carlson Gracie UK
London Winter International Open 2017,Master2/Male/Purple/Middle,3,Krzysztof Wozniak,Icon Jiu-Jitsu Team
London Winter International Open 2017,Master2/Male/Purple/Middle,3,Shamus Kelly,British Army BJJ
London Winter International Open 2017,Master2/Male/Purple/Medium-Heavy,1,Mark Peter Badham,British Army BJJ
London Winter International Open 2017,Master2/Male/Purple/Heavy,1,Stephen Townley,Mario Sukata International
London Winter International Open 2017,Master2/Male/Purple/Heavy,2,Daryl SCHONBORN,New School BJJ
London Winter International Open 2017,Master2/Male/Purple/Heavy,3,Richard Kerrigan,Roger Gracie Academy
London Winter International Open 2017,Master2/Male/Purple/Super-Heavy,1,Alessandro Cozac Tammaro  de Vale,Gracie Barra
London Winter International Open 2017,Master2/Male/Purple/Ultra-Heavy,1,Paul Smith,CheckMat
London Winter International Open 2017,Master2/Male/Purple/Enum_WeightDivision_OpenClass_Label,1,Shamus Kelly,British Army BJJ
London Winter International Open 2017,Master2/Male/Purple/Enum_WeightDivision_OpenClass_Label,2,Richard Kerrigan,Roger Gracie Academy
London Winter International Open 2017,Master2/Male/Purple/Enum_WeightDivision_OpenClass_Label,3,Raju Haque,Roger Gracie Academy
London Winter International Open 2017,Master2/Male/Purple/Enum_WeightDivision_OpenClass_Label,3,Ricky Lance Johnson,Lucio Sergio BJJ Lifestyle
London Winter International Open 2017,Master2/Male/Brown/Light,1,Norbert Victor Marcin Frontczak,Gracie Barra Oval
London Winter International Open 2017,Master2/Male/Brown/Middle,1,Jerome Quiros,JC Melun
London Winter International Open 2017,Master2/Male/Brown/Middle,2,Thiago Herbert Ferreira,CheckMat
London Winter International Open 2017,Master2/Male/Brown/Middle,3,Etibar Shikhzadayev,Gracie Barra JJ
London Winter International Open 2017,Master2/Male/Brown/Middle,3,Wayne Johnson,Gracie Barra
London Winter International Open 2017,Master2/Male/Brown/Enum_WeightDivision_OpenClass_Label,1,Jerome Quiros,JC Melun
London Winter International Open 2017,Master2/Male/Brown/Enum_WeightDivision_OpenClass_Label,2,Etibar Shikhzadayev,Gracie Barra JJ
London Winter International Open 2017,Master2/Male/Brown/Enum_WeightDivision_OpenClass_Label,3,Norbert Victor Marcin Frontczak,Gracie Barra Oval
London Winter International Open 2017,Master2/Male/Black/Middle,1,Nathan John Roberts,Gracie Barra
London Winter International Open 2017,Master2/Male/Black/Middle,2,Thomas John King,SBG Ireland
London Winter International Open 2017,Master2/Male/Black/Middle,3,Mauricio Cabral de Melo,Black Helmets
London Winter International Open 2017,Master2/Male/Black/Heavy,1,Lucio Sergio dos Santos,Lucio Sergio BJJ Lifestyle
London Winter International Open 2017,Master2/Male/Black/Heavy,2,Christopher John Regan,Gracie Barra
London Winter International Open 2017,Master2/Male/Black/Heavy,3,Leonardo Queiroz da Cunha,CheckMat
London Winter International Open 2017,Master2/Male/Black/Heavy,3,Paul Nicholas Rice,Lucio Sergio BJJ Lifestyle
London Winter International Open 2017,Master2/Male/Black/Enum_WeightDivision_OpenClass_Label,1,Lucio Sergio dos Santos,Lucio Sergio BJJ Lifestyle
London Winter International Open 2017,Master2/Male/Black/Enum_WeightDivision_OpenClass_Label,2,Paul Nicholas Rice,Lucio Sergio BJJ Lifestyle
London Winter International Open 2017,Master2/Male/Black/Enum_WeightDivision_OpenClass_Label,3,Leonardo Queiroz da Cunha,CheckMat
London Winter International Open 2017,Master3/Male/Blue/Feather,1,Thomas Bäck,Dynamix Fighting Sports
London Winter International Open 2017,Master3/Male/Blue/Feather,2,Balal Miah,BJJ Globetrotters
London Winter International Open 2017,Master3/Male/Blue/Feather,3,Marc Blougny,CheckMat
London Winter International Open 2017,Master3/Male/Blue/Middle,1,Richard Holt,Roger Gracie Academy
London Winter International Open 2017,Master3/Male/Blue/Middle,2,Keith Fox,JS Brazilian Jiu-Jitsu
London Winter International Open 2017,Master3/Male/Blue/Medium-Heavy,1,Aleksei Klimenko,Roger Gracie Academy
London Winter International Open 2017,Master3/Male/Blue/Medium-Heavy,2,Andy Good,Carlson Gracie UK
London Winter International Open 2017,Master3/Male/Blue/Medium-Heavy,3,Chris Swann,Brigadeiro BJJ - UK
London Winter International Open 2017,Master3/Male/Blue/Heavy,1,P A Boswell,Roger Gracie Academy
London Winter International Open 2017,Master3/Male/Blue/Super-Heavy,1,Piotr Gruzlewski,Ippon
London Winter International Open 2017,Master3/Male/Blue/Enum_WeightDivision_OpenClass_Label,1,Piotr Gruzlewski,Ippon
London Winter International Open 2017,Master3/Male/Blue/Enum_WeightDivision_OpenClass_Label,3,Balal Miah,BJJ Globetrotters
London Winter International Open 2017,Master3/Male/Purple/Light,1,Mark Fry,Mauricio Gomes Origin BJJ Team
London Winter International Open 2017,Master3/Male/Purple/Middle,1,Tony Smith,Mauricio Gomes Origin BJJ Team
London Winter International Open 2017,Master3/Male/Purple/Middle,2,Paul Francis Allitt,Gracie Barra
London Winter International Open 2017,Master3/Male/Purple/Heavy,1,Mike  Doran,Lucio Sergio BJJ Lifestyle
London Winter International Open 2017,Master3/Male/Purple/Super-Heavy,1,EZEQUIEL GRANDE SOUZA,Roger Gracie Academy
London Winter International Open 2017,Master3/Male/Purple/Super-Heavy,2,greg ferguson,CheckMat
London Winter International Open 2017,Master3/Male/Purple/Enum_WeightDivision_OpenClass_Label,1,EZEQUIEL GRANDE SOUZA,Roger Gracie Academy
London Winter International Open 2017,Master3/Male/Purple/Enum_WeightDivision_OpenClass_Label,2,Paul Francis Allitt,Gracie Barra
London Winter International Open 2017,Master3/Male/Brown/Light,1,John Kelly,JS Brazilian Jiu-Jitsu
London Winter International Open 2017,Master3/Male/Brown/Light,2,Julian Adjare,Brigadeiro BJJ - UK
London Winter International Open 2017,Master3/Male/Brown/Enum_WeightDivision_OpenClass_Label,1,John Kelly,JS Brazilian Jiu-Jitsu
London Winter International Open 2017,Master3/Male/Black/Middle,1,Alex Souto de Souza,De Souza Dojo
London Winter International Open 2017,Master3/Male/Black/Middle,2,Aleksejs Kalins,Gracie Barra
London Winter International Open 2017,Master3/Male/Black/Middle,3,Demis  Barros Tenorio,Gracie Barra
London Winter International Open 2017,Master3/Male/Black/Medium-Heavy,1,Matthew John Edward Norris,Gracie Barra
London Winter International Open 2017,Master3/Male/Black/Medium-Heavy,2,Thorin Oakenshield Ryan,Ralph Gracie Jiu Jitsu
London Winter International Open 2017,Master3/Male/Black/Medium-Heavy,3,Rumen Yeray Caraballo Martin,BMB Norwich BJJ Team
London Winter International Open 2017,Master3/Male/Black/Enum_WeightDivision_OpenClass_Label,1,Matthew John Edward Norris,Gracie Barra
London Winter International Open 2017,Master3/Male/Black/Enum_WeightDivision_OpenClass_Label,2,Thorin Oakenshield Ryan,Ralph Gracie Jiu Jitsu
London Winter International Open 2017,Master3/Male/Black/Enum_WeightDivision_OpenClass_Label,3,Alex Souto de Souza,De Souza Dojo
London Winter International Open 2017,Master3/Male/Black/Enum_WeightDivision_OpenClass_Label,3,Demis  Barros Tenorio,Gracie Barra
London Winter International Open 2017,Master4/Male/Blue/Light,1,Aaron Lee Chatfield,Combat Base UK
London Winter International Open 2017,Master4/Male/Blue/Light,2,Wilfri Arondel,Gracie Barra
London Winter International Open 2017,Master4/Male/Blue/Light,3,Christopher W. Sanborn,Nova União
London Winter International Open 2017,Master4/Male/Blue/Light,3,Marc Thompson,Carlson Gracie UK
London Winter International Open 2017,Master4/Male/Blue/Middle,1,Mark  Woods,CheckMat
London Winter International Open 2017,Master4/Male/Blue/Middle,2,Oliver Kollmannsperger,CheckMat
London Winter International Open 2017,Master4/Male/Blue/Medium-Heavy,1,Rob Hughes,CheckMat
London Winter International Open 2017,Master4/Male/Blue/Heavy,1,Vittorio Romano Cervone,Carlson Gracie UK
London Winter International Open 2017,Master4/Male/Blue/Ultra-Heavy,1,Dean Williams,Gracie Barra
London Winter International Open 2017,Master4/Male/Blue/Enum_WeightDivision_OpenClass_Label,1,Vittorio Romano Cervone,Carlson Gracie UK
London Winter International Open 2017,Master4/Male/Blue/Enum_WeightDivision_OpenClass_Label,2,Marc Thompson,Carlson Gracie UK
London Winter International Open 2017,Master4/Male/Blue/Enum_WeightDivision_OpenClass_Label,3,Christopher W. Sanborn,Nova União
London Winter International Open 2017,Master4/Male/Blue/Enum_WeightDivision_OpenClass_Label,3,Rob Hughes,CheckMat
London Winter International Open 2017,Master4/Male/Purple/Super-Heavy,1,Doru Onea,Roger Gracie Academy
London Winter International Open 2017,Master4/Male/Purple/Ultra-Heavy,1,Nigel Augustine,Gracie Barra
London Winter International Open 2017,Master4/Male/Purple/Ultra-Heavy,2,Richard Lewis,99 Nine Nine JJ - International
London Winter International Open 2017,Master4/Male/Purple/Enum_WeightDivision_OpenClass_Label,1,Doru Onea,Roger Gracie Academy
London Winter International Open 2017,Master5/Male/Blue/Light,1,Roy Lee,Ippon
London Winter International Open 2017,Master5/Male/Blue/Light,2,David  Matic,CheckMat
London Winter International Open 2017,Master5/Male/Blue/Enum_WeightDivision_OpenClass_Label,1,Roy Lee,Ippon
London Winter International Open 2017,Master5/Male/Purple/Medium-Heavy,1,Jonathan Evans,CheckMat
London Winter International Open 2017,Master5/Male/Purple/Ultra-Heavy,1,Roggiero Spillere,Gracie Barra
London Winter International Open 2017,Master5/Male/Purple/Enum_WeightDivision_OpenClass_Label,1,Jonathan Evans,CheckMat
London Winter International Open 2017,Master6/Male/Black/Feather,1,Paulo Sergio Silva dos Santos,PS Phoenix BJJ International
London Winter International Open 2017,Juvenile/Male/White/Light-Feather,1,Henrijs Kalins,Gracie Barra
London Winter International Open 2017,Juvenile/Male/White/Middle,1,Andrei-Christian Grosu,Icon Jiu-Jitsu Team
London Winter International Open 2017,Juvenile/Male/Blue/Middle,1,Jansen Gomes Ramos,CheckMat
London Winter International Open 2017,Juvenile/Male/Blue/Middle,2,Bashar Abdel Rahman,Atos Jerusalem
London Winter International Open 2017,Juvenile/Male/Blue/Enum_WeightDivision_OpenClass_Label,1,Jansen Gomes Ramos,CheckMat
London Winter International Open 2017,Juvenile/Male/Blue/Enum_WeightDivision_OpenClass_Label,2,Bashar Abdel Rahman,Atos Jerusalem
