Las Vegas Summer International Open 2013,Juvenile/Male/White/Feather,1,Luis F Lara Espinoza,Renzo Gracie LA
Las Vegas Summer International Open 2013,Juvenile/Male/White/Light,1,Joseph Angel Aman Jr.,American Top Team
Las Vegas Summer International Open 2013,Juvenile/Male/White/Light,2,Connor James Booth,Alliance
Las Vegas Summer International Open 2013,Juvenile/Male/White/Light,3,Osvaldo Perez,Gracie Barra
Las Vegas Summer International Open 2013,Juvenile/Female/White/Heavy,1,Alison Julian Santens,Alliance
Las Vegas Summer International Open 2013,Juvenile/Female/White/Heavy,2,Laurynn Marie Garcia,Excel Jiu-Jitsu MMA
Las Vegas Summer International Open 2013,Juvenile/Male/Blue/Feather,1,Seth Corwin Wheeler,Nova União USA
Las Vegas Summer International Open 2013,Juvenile/Male/Blue/Feather,2,Spencer Guy Buyse,Cascao BJJ Las Vegas
Las Vegas Summer International Open 2013,Juvenile/Female/Blue/Heavy,1,Priscilla Barbosa,Gracie Barra
Las Vegas Summer International Open 2013,Adult/Male/White/Rooster,1,Yousef Nassereddine,Drysdale BJJ
Las Vegas Summer International Open 2013,Adult/Male/White/Rooster,2,Darius Slovernick,Park City Jiu Jitsu
Las Vegas Summer International Open 2013,Adult/Male/White/Light-Feather,1,nathan Napolitano,Coalition 95
Las Vegas Summer International Open 2013,Adult/Male/White/Light-Feather,2,Ryan Escobar,BJJ Revolution Team
Las Vegas Summer International Open 2013,Adult/Male/White/Light-Feather,3,Beau Brooks,Gracie Morumbi
Las Vegas Summer International Open 2013,Adult/Male/White/Light-Feather,3,Marc Andrei Abucejo,Renzo Gracie LA
Las Vegas Summer International Open 2013,Adult/Male/White/Feather,1,Thomas Brechler,Gracie Barra
Las Vegas Summer International Open 2013,Adult/Male/White/Feather,2,Joseph  Sablan,Cascao BJJ Las Vegas
Las Vegas Summer International Open 2013,Adult/Male/White/Feather,3,Simon Chang,Street Sports BJJ
Las Vegas Summer International Open 2013,Adult/Male/White/Feather,3,Xavier Wright,Easton BJJ
Las Vegas Summer International Open 2013,Adult/Male/White/Light,1,Tyler  Graham,Nova União USA
Las Vegas Summer International Open 2013,Adult/Male/White/Light,2,Khatchig  Chouljian,Gracie Barra
Las Vegas Summer International Open 2013,Adult/Male/White/Light,3,Ash Johnson,Gracie Humaita Las Vegas
Las Vegas Summer International Open 2013,Adult/Male/White/Light,3,Bradley Kornrumph,Gracie Barra
Las Vegas Summer International Open 2013,Adult/Male/White/Middle,1,Josh Valles,Gracie Barra
Las Vegas Summer International Open 2013,Adult/Male/White/Middle,2,Eric  Coxbill,Gracie Humaita Las Vegas
Las Vegas Summer International Open 2013,Adult/Male/White/Middle,3,Dustin Baker,Paragon BJJ Academy
Las Vegas Summer International Open 2013,Adult/Male/White/Middle,3,Joshua Damian,Zenith BJJ - Canada
Las Vegas Summer International Open 2013,Adult/Male/White/Medium-Heavy,1,Alex Gomez,Sampa BJJ Academy
Las Vegas Summer International Open 2013,Adult/Male/White/Medium-Heavy,2,BLAKE BOTZET,Drysdale BJJ
Las Vegas Summer International Open 2013,Adult/Male/White/Medium-Heavy,3,Derek Dawson,Ribeiro Jiu-Jitsu
Las Vegas Summer International Open 2013,Adult/Male/White/Heavy,1,Emmanuel Waddy,Drysdale BJJ
Las Vegas Summer International Open 2013,Adult/Male/White/Heavy,2,Felix Pachon,Nova União USA
Las Vegas Summer International Open 2013,Adult/Male/White/Heavy,3,FERDINAND RIVERA,Drysdale BJJ
Las Vegas Summer International Open 2013,Adult/Male/White/Heavy,3,Griffin Conway,Atos Jiu-Jitsu
Las Vegas Summer International Open 2013,Adult/Male/White/Ultra-Heavy,1,Jordan  Hinchman,Impact Jiu Jitsu
Las Vegas Summer International Open 2013,Adult/Male/White/Ultra-Heavy,2,Jose Robles,Clark Gracie Team International
Las Vegas Summer International Open 2013,Adult/Male/White/Ultra-Heavy,3,Gabriel Gutierez,Atos Jiu-Jitsu
Las Vegas Summer International Open 2013,Adult/Male/White/Ultra-Heavy,3,Genaro Piza,Gracie Barra
Las Vegas Summer International Open 2013,Adult/Female/White/Light-Feather,1,jeanine knapp,Nova União USA
Las Vegas Summer International Open 2013,Adult/Female/White/Light-Feather,2,Grace Campbell,Nova União USA
Las Vegas Summer International Open 2013,Adult/Female/White/Light-Feather,3,Sheila  Padilla,Cleber Jiu Jitsu
Las Vegas Summer International Open 2013,Adult/Female/White/Light-Feather,3,Vivian Luna,Gracie Barra America
Las Vegas Summer International Open 2013,Adult/Female/White/Feather,1,Terri E. Casillas,BJJ Revolution Team
Las Vegas Summer International Open 2013,Adult/Female/White/Feather,2,Amy Konopka,Ribeiro Jiu-Jitsu
Las Vegas Summer International Open 2013,Adult/Female/White/Feather,3,Allison Robins,Surfight Jiu-Jitsu
Las Vegas Summer International Open 2013,Adult/Female/White/Feather,3,Denise Huber,Ferrer BJJ
Las Vegas Summer International Open 2013,Adult/Female/White/Light,1,Madison Chase Owning,Team Maxwell
Las Vegas Summer International Open 2013,Adult/Female/White/Light,2,Oxana Bench,Ribeiro Jiu-Jitsu
Las Vegas Summer International Open 2013,Adult/Female/White/Light,3,Lauren Buther- Jones,Renzo Gracie LA
Las Vegas Summer International Open 2013,Adult/Female/White/Light,3,Tricia Harrell,Atos Jiu-Jitsu
Las Vegas Summer International Open 2013,Adult/Female/White/Middle,1,Amy Towne,Checkmat Montclair
Las Vegas Summer International Open 2013,Adult/Female/White/Middle,2,victoria kafati,Drysdale BJJ
Las Vegas Summer International Open 2013,Adult/Female/White/Middle,3,Anya Kajlich,Gracie Barra
Las Vegas Summer International Open 2013,Adult/Female/White/Medium-Heavy,1,Michelle Murray,Neutral Grounds /  Gracie Jiu Jitsu Long Beach
Las Vegas Summer International Open 2013,Adult/Female/White/Heavy,1,Brittany Mansfield,Gracie Morumbi
Las Vegas Summer International Open 2013,Adult/Female/White/Heavy,2,Julia Castillo,Jean Jacques Machado BJJ
Las Vegas Summer International Open 2013,Adult/Male/Blue/Rooster,1,Kevin Ortiz,Drysdale BJJ
Las Vegas Summer International Open 2013,Adult/Male/Blue/Rooster,2,Wilfred Nazareth,Fredson Paixao BJJ Las Vegas
Las Vegas Summer International Open 2013,Adult/Male/Blue/Rooster,3,Nicholas Coates (repetido 48825),Ribeiro Jiu-Jitsu
Las Vegas Summer International Open 2013,Adult/Male/Blue/Rooster,3,Robert McBride,Cobra Kai Jiu Jitsu
Las Vegas Summer International Open 2013,Adult/Male/Blue/Light-Feather,1,Mason Monsevais,Atos Jiu-Jitsu
Las Vegas Summer International Open 2013,Adult/Male/Blue/Light-Feather,2,Jeffrey Cole Catlett,Atos Jiu-Jitsu
Las Vegas Summer International Open 2013,Adult/Male/Blue/Light-Feather,3,Eduardo Penha,Sergio Penha Brazilian Jiu-Jitsu
Las Vegas Summer International Open 2013,Adult/Male/Blue/Light-Feather,3,John Phillip Freeman,Drysdale BJJ
Las Vegas Summer International Open 2013,Adult/Male/Blue/Feather,1,Edward Nicholas Borbon,Heroes Martial Arts
Las Vegas Summer International Open 2013,Adult/Male/Blue/Feather,2,Jose Luis Bufanda Contreras,Nova União USA
Las Vegas Summer International Open 2013,Adult/Male/Blue/Feather,3,Eduardo Sandoval,Cascao BJJ Las Vegas
Las Vegas Summer International Open 2013,Adult/Male/Blue/Feather,3,Spencer Royce Nogawa,Atos Jiu-Jitsu
Las Vegas Summer International Open 2013,Adult/Male/Blue/Light,1,Jeremy S. Jackson,Heroes Martial Arts
Las Vegas Summer International Open 2013,Adult/Male/Blue/Light,2,Adrian Nez,Gracie Humaita
Las Vegas Summer International Open 2013,Adult/Male/Blue/Light,3,Christian Chun Fat,GD Jiu-Jitsu Association
Las Vegas Summer International Open 2013,Adult/Male/Blue/Light,3,R. Kai Ellison,Gracie Morumbi
Las Vegas Summer International Open 2013,Adult/Male/Blue/Middle,1,Horlando de Jesus Monteiro,Nova União USA
Las Vegas Summer International Open 2013,Adult/Male/Blue/Middle,2,Pete O'Neal,Atos Jiu-Jitsu
Las Vegas Summer International Open 2013,Adult/Male/Blue/Middle,3,Damien Aaron Nitkin,Zenith BJJ - Canada
Las Vegas Summer International Open 2013,Adult/Male/Blue/Middle,3,Walter Ruben Antonio Faustino,Gracie Humaita Las Vegas
Las Vegas Summer International Open 2013,Adult/Male/Blue/Medium-Heavy,1,Nathan Hagberg,Nova União USA
Las Vegas Summer International Open 2013,Adult/Male/Blue/Medium-Heavy,2,Brandon Walker,Nova União USA
Las Vegas Summer International Open 2013,Adult/Male/Blue/Medium-Heavy,3,Kevin Crane,Gracie Morumbi
Las Vegas Summer International Open 2013,Adult/Male/Blue/Medium-Heavy,3,Oscar Valdez,Ricardo "Rey" Diogo BJJ
Las Vegas Summer International Open 2013,Adult/Male/Blue/Heavy,1,Alika K. Angerman,Drysdale BJJ
Las Vegas Summer International Open 2013,Adult/Male/Blue/Heavy,2,Andre B. Almeida,Gracie Humaita Las Vegas
Las Vegas Summer International Open 2013,Adult/Male/Blue/Heavy,3,marques ramos,Cascao BJJ Las Vegas
Las Vegas Summer International Open 2013,Adult/Male/Blue/Heavy,3,Steve Barahona,Gracie Morumbi
Las Vegas Summer International Open 2013,Adult/Male/Blue/Super-Heavy,1,John Meehan,Drysdale BJJ
Las Vegas Summer International Open 2013,Adult/Male/Blue/Super-Heavy,2,Kyle Meyer,Sandro Batata Brazilian Jiu-jitsu - Santa Cruz
Las Vegas Summer International Open 2013,Adult/Male/Blue/Super-Heavy,3,Jason Porter,CheckMat USA
Las Vegas Summer International Open 2013,Adult/Male/Blue/Super-Heavy,3,Saulo Flores,Gracie Barra America
Las Vegas Summer International Open 2013,Adult/Male/Blue/Ultra-Heavy,1,Vijayanand Hemanchal,Alliance Los Angeles
Las Vegas Summer International Open 2013,Adult/Male/Blue/Ultra-Heavy,2,James Ian Harris,Ribeiro Jiu-Jitsu
Las Vegas Summer International Open 2013,Adult/Male/Blue/Ultra-Heavy,3,gabriel  ramirez,Drysdale BJJ
Las Vegas Summer International Open 2013,Adult/Male/Blue/OpenClass,1,Horlando de Jesus Monteiro,Nova União USA
Las Vegas Summer International Open 2013,Adult/Male/Blue/OpenClass,2,Mason Monsevais,Atos Jiu-Jitsu
Las Vegas Summer International Open 2013,Adult/Male/Blue/OpenClass,3,John Meehan,Drysdale BJJ
Las Vegas Summer International Open 2013,Adult/Male/Blue/OpenClass,3,Walter Ruben Antonio Faustino,Gracie Humaita Las Vegas
Las Vegas Summer International Open 2013,Adult/Female/Blue/Light-Feather,1,Cristina Natalia Shepler,Nova União USA
Las Vegas Summer International Open 2013,Adult/Female/Blue/Light-Feather,2,Christina Kim,Renzo Gracie LA
Las Vegas Summer International Open 2013,Adult/Female/Blue/Light-Feather,3,Jennifer Martinez,CheckMat
Las Vegas Summer International Open 2013,Adult/Female/Blue/Light-Feather,3,Lydia Danis,Gracie Barra
Las Vegas Summer International Open 2013,Adult/Female/Blue/Feather,1,Sarah Jones,Atos Jiu-Jitsu
Las Vegas Summer International Open 2013,Adult/Female/Blue/Feather,2,MARGARITA CHAVEZ,Gracie Barra
Las Vegas Summer International Open 2013,Adult/Female/Blue/Feather,3,jennifer perez,Easton BJJ
Las Vegas Summer International Open 2013,Adult/Female/Blue/Feather,3,Lidia Espinoza,Jean Jacques Machado BJJ
Las Vegas Summer International Open 2013,Adult/Female/Blue/Light,1,Rebekah Creswell,Impact Jiu Jitsu
Las Vegas Summer International Open 2013,Adult/Female/Blue/Light,2,Elizabeth Jane Exell,Gracie Morumbi
Las Vegas Summer International Open 2013,Adult/Female/Blue/Light,3,Ashley Pourroy,Sandro Batata Brazilian Jiu-jitsu - Santa Cruz
Las Vegas Summer International Open 2013,Adult/Female/Blue/Light,3,Jasmin Stefanussen,Unified Jiu Jitsu
Las Vegas Summer International Open 2013,Adult/Female/Blue/Middle,1,Jaime Sterling-Lewis,Joe Moreira
Las Vegas Summer International Open 2013,Adult/Female/Blue/Heavy,1,Amie Parcinski,Ribeiro Jiu-Jitsu
Las Vegas Summer International Open 2013,Adult/Female/Blue/Heavy,2,Makenzie Michell Nunnally,Travis Lutter Brazilian Jiu-Jitsu
Las Vegas Summer International Open 2013,Adult/Female/Blue/Heavy,3,Amanda Kemling,Gracie Humaita Las Vegas
Las Vegas Summer International Open 2013,Adult/Female/Blue/Heavy,3,Gianna Nicole Lancia,Gracie Humaita Las Vegas
Las Vegas Summer International Open 2013,Adult/Female/Blue/OpenClass,1,Jaime Sterling-Lewis,Joe Moreira
Las Vegas Summer International Open 2013,Adult/Female/Blue/OpenClass,2,Makenzie Michell Nunnally,Travis Lutter Brazilian Jiu-Jitsu
Las Vegas Summer International Open 2013,Adult/Female/Blue/OpenClass,3,Gianna Nicole Lancia,Gracie Humaita Las Vegas
Las Vegas Summer International Open 2013,Adult/Female/Blue/OpenClass,3,jennifer perez,Easton BJJ
Las Vegas Summer International Open 2013,Adult/Male/Purple/Light-Feather,1,Arnold Gladimir Monterroso,Nova União USA
Las Vegas Summer International Open 2013,Adult/Male/Purple/Light-Feather,2,Jason Robert Pacheco Jr,Fredson Paixao BJJ Las Vegas
Las Vegas Summer International Open 2013,Adult/Male/Purple/Light-Feather,3,Erick Vargas,Cascao BJJ Las Vegas
Las Vegas Summer International Open 2013,Adult/Male/Purple/Light-Feather,3,Rodney Dale Buswell,Impact Jiu Jitsu
Las Vegas Summer International Open 2013,Adult/Male/Purple/Feather,1,Eric  Frorenza-Hubbard,Drysdale BJJ
Las Vegas Summer International Open 2013,Adult/Male/Purple/Feather,2,Dennis A Pressey Jr,Drysdale BJJ
Las Vegas Summer International Open 2013,Adult/Male/Purple/Feather,3,Ian Felix Delizo,Atos Jiu-Jitsu
Las Vegas Summer International Open 2013,Adult/Male/Purple/Feather,3,Zachary Charles Neminsky,Atos Jiu-Jitsu
Las Vegas Summer International Open 2013,Adult/Male/Purple/Light,1,Ross Daniel Keeping,Gracie Humaita Las Vegas
Las Vegas Summer International Open 2013,Adult/Male/Purple/Light,2,sergio zuniga,Gracie Barra
Las Vegas Summer International Open 2013,Adult/Male/Purple/Light,3,Aaron Wilson,Nova União USA
Las Vegas Summer International Open 2013,Adult/Male/Purple/Light,3,Robert John Schwartz,Atos Jiu-Jitsu
Las Vegas Summer International Open 2013,Adult/Male/Purple/Middle,1,Tyler Lee Franklin Linsacum,Gracie Humaita Las Vegas
Las Vegas Summer International Open 2013,Adult/Male/Purple/Middle,2,Daniel-Shea Garcia Stolfi,Atos Jiu-Jitsu
Las Vegas Summer International Open 2013,Adult/Male/Purple/Middle,3,Dominique Anfeney Hoskins,BJJ Revolution Team
Las Vegas Summer International Open 2013,Adult/Male/Purple/Middle,3,ryan gagne,Guerrilla Jiu Jitsu
Las Vegas Summer International Open 2013,Adult/Male/Purple/Medium-Heavy,1,John P. Owning,Nova União USA
Las Vegas Summer International Open 2013,Adult/Male/Purple/Medium-Heavy,2,Gary Seville Hatch III,Nova União USA
Las Vegas Summer International Open 2013,Adult/Male/Purple/Medium-Heavy,3,Andrew Chanez,Gracie Barra America
Las Vegas Summer International Open 2013,Adult/Male/Purple/Medium-Heavy,3,Kunz Dominik,Caio Terra Association
Las Vegas Summer International Open 2013,Adult/Male/Purple/Heavy,1,Garrett  Aldrich,Yemaso Brazilian Jiu-Jitsu
Las Vegas Summer International Open 2013,Adult/Male/Purple/Heavy,2,Jose Villarreal,CheckMat
Las Vegas Summer International Open 2013,Adult/Male/Purple/Heavy,3,Dan Patrick Brecht,Undisputed
Las Vegas Summer International Open 2013,Adult/Male/Purple/Heavy,3,Justin woodward,CheckMat USA
Las Vegas Summer International Open 2013,Adult/Male/Purple/Super-Heavy,1,Jeremy Espiritu,Renzo Gracie LA
Las Vegas Summer International Open 2013,Adult/Male/Purple/Super-Heavy,2,Ryan Walsh,Caio Terra Association
Las Vegas Summer International Open 2013,Adult/Male/Purple/Super-Heavy,3,Jeremiah Talley,Easton BJJ
Las Vegas Summer International Open 2013,Adult/Male/Purple/Ultra-Heavy,1,James Russell Friedrich (repetido 156381),Atos Jiu-Jitsu
Las Vegas Summer International Open 2013,Adult/Male/Purple/Ultra-Heavy,2,Joseph Marchie,Fabio Santos BJJ
Las Vegas Summer International Open 2013,Adult/Male/Purple/Ultra-Heavy,3,Brandon Cronin,Ribeiro Jiu-Jitsu
Las Vegas Summer International Open 2013,Adult/Male/Purple/Ultra-Heavy,3,Luis Alexandre Funari,G13 Jiu-Jitsu Club
Las Vegas Summer International Open 2013,Adult/Male/Purple/OpenClass,1,John P. Owning,Nova União USA
Las Vegas Summer International Open 2013,Adult/Male/Purple/OpenClass,2,James Russell Friedrich (repetido 156381),Atos Jiu-Jitsu
Las Vegas Summer International Open 2013,Adult/Male/Purple/OpenClass,3,Gary Seville Hatch III,Nova União USA
Las Vegas Summer International Open 2013,Adult/Male/Purple/OpenClass,3,Justin woodward,CheckMat USA
Las Vegas Summer International Open 2013,Adult/Female/Purple/Feather,1,Danielle Renee Alvarez,Nova União USA
Las Vegas Summer International Open 2013,Adult/Female/Purple/Feather,2,Mylene Ramos Manalo,Cascao BJJ Las Vegas
Las Vegas Summer International Open 2013,Adult/Female/Purple/Feather,3,Heather H. Raftery,Relson Gracie Jiu-Jitsu Colorado
Las Vegas Summer International Open 2013,Adult/Female/Purple/Feather,3,Nikki Marie Inacio,Gracie Barra
Las Vegas Summer International Open 2013,Adult/Female/Purple/Light,1,Sarah Johnel Black,Nova União USA
Las Vegas Summer International Open 2013,Adult/Female/Purple/Light,2,Kelsey Belmont,Ribeiro Jiu-Jitsu
Las Vegas Summer International Open 2013,Adult/Female/Purple/Light,3,Abigail Diaz,Gracie Humaita Las Vegas
Las Vegas Summer International Open 2013,Adult/Female/Purple/Light,3,Amanda Loewen,SBG International (SBGI)
Las Vegas Summer International Open 2013,Adult/Female/Purple/Middle,1,Marion Elizabeth Reneau-Perez,Cleber Jiu Jitsu
Las Vegas Summer International Open 2013,Adult/Female/Purple/Middle,2,Casey Gregorio,Cascao BJJ Las Vegas
Las Vegas Summer International Open 2013,Adult/Female/Purple/Heavy,1,Hillary VanOrnum,Impact Jiu Jitsu
Las Vegas Summer International Open 2013,Adult/Female/Purple/Heavy,2,Angelena Ormonde,Gracie Barra
Las Vegas Summer International Open 2013,Adult/Male/Brown/Light-Feather,1,Wallace Fernando Santos,Gracie Humaita Las Vegas
Las Vegas Summer International Open 2013,Adult/Male/Brown/Light-Feather,2,Kristian R Woodmansee,Drysdale BJJ
Las Vegas Summer International Open 2013,Adult/Male/Brown/Feather,1,Jason Alexander Gagnon,Alliance Los Angeles
Las Vegas Summer International Open 2013,Adult/Male/Brown/Feather,2,Russel L White,Gracie Barra
Las Vegas Summer International Open 2013,Adult/Male/Brown/Feather,3,Keith Fukumae,Guerrilla Jiu Jitsu
Las Vegas Summer International Open 2013,Adult/Male/Brown/Feather,3,Raj Mohan Nair,Brazilian Top Team Long Beach
Las Vegas Summer International Open 2013,Adult/Male/Brown/Light,1,Jhonny Loureiro Sigallis Souza,Alliance
Las Vegas Summer International Open 2013,Adult/Male/Brown/Light,2,Nicollas Welker Amorim Araujo,Ryan Gracie Team B
Las Vegas Summer International Open 2013,Adult/Male/Brown/Light,3,Bryan Christopher Marugg,Impact Jiu Jitsu
Las Vegas Summer International Open 2013,Adult/Male/Brown/Middle,1,Yago Nanci Espíndola,Gracie Humaita Las Vegas
Las Vegas Summer International Open 2013,Adult/Male/Brown/Middle,2,Romulo Ramos Caiado,Cavalcanti BJJ - Carlson Gracie Las Vegas
Las Vegas Summer International Open 2013,Adult/Male/Brown/Middle,3,David Razo Olivarez,Neutral Grounds /  Gracie Jiu Jitsu Long Beach
Las Vegas Summer International Open 2013,Adult/Male/Brown/Middle,3,Sean Michael Wells,Paragon BJJ Academy
Las Vegas Summer International Open 2013,Adult/Male/Brown/Medium-Heavy,1,Keenan Kai-James Cornelius,Atos Jiu-Jitsu
Las Vegas Summer International Open 2013,Adult/Male/Brown/Medium-Heavy,2,Jason Kenneth South,Unified Jiu Jitsu
Las Vegas Summer International Open 2013,Adult/Male/Brown/Medium-Heavy,3,Andrew Logan Wooten,Gracie Barra
Las Vegas Summer International Open 2013,Adult/Male/Brown/Medium-Heavy,3,Inacio Ferreira Gomes Neto,Gracie Barra
Las Vegas Summer International Open 2013,Adult/Male/Brown/Heavy,1,Michael Neal Phelps,Gracie Humaita Las Vegas
Las Vegas Summer International Open 2013,Adult/Male/Brown/Super-Heavy,1,Evandro Nunes,Sampa BJJ Academy
Las Vegas Summer International Open 2013,Adult/Male/Brown/Super-Heavy,2,Nicholas Raymond Sanders,BJJ Lifestyle Academy
Las Vegas Summer International Open 2013,Adult/Male/Brown/Super-Heavy,3,Bradley Daniel Beckwith,Alliance
Las Vegas Summer International Open 2013,Adult/Male/Brown/Ultra-Heavy,1,Ricardo Sampaio Ribeiro,Alliance SP
Las Vegas Summer International Open 2013,Adult/Male/Brown/OpenClass,1,Keenan Kai-James Cornelius,Atos Jiu-Jitsu
Las Vegas Summer International Open 2013,Adult/Male/Brown/OpenClass,2,Ricardo Sampaio Ribeiro,Alliance SP
Las Vegas Summer International Open 2013,Adult/Male/Brown/OpenClass,3,Evandro Nunes,Sampa BJJ Academy
Las Vegas Summer International Open 2013,Adult/Male/Brown/OpenClass,3,Jhonny Loureiro Sigallis Souza,Alliance
Las Vegas Summer International Open 2013,Adult/Female/Brown/Middle,1,Melissa Kanani Ragasa,Ka-Mole Jiu-Jitsu
Las Vegas Summer International Open 2013,Adult/Female/Brown/Medium-Heavy,1,Jill Marie Baker,Jean Jacques Machado BJJ
Las Vegas Summer International Open 2013,Adult/Female/Brown/OpenClass,1,Jill Marie Baker,Jean Jacques Machado BJJ
Las Vegas Summer International Open 2013,Adult/Male/Black/Feather,1,Samir José Chantre Dahás,Caio Terra Association
Las Vegas Summer International Open 2013,Adult/Male/Black/Feather,2,Geoffrey Villarreal,Fabio Santos BJJ
Las Vegas Summer International Open 2013,Adult/Male/Black/Light,1,Osvaldo Augusto Honorio Moizinho,Caio Terra Association
Las Vegas Summer International Open 2013,Adult/Male/Black/Light,2,Philipe Cançado Della Monica,Gracie Barra
Las Vegas Summer International Open 2013,Adult/Male/Black/Light,3,AJ Agazarm,Gracie Barra
Las Vegas Summer International Open 2013,Adult/Male/Black/Light,3,Oliver Leys Geddes,Roger Gracie Academy
Las Vegas Summer International Open 2013,Adult/Male/Black/Middle,1,Jonathan Torres,Atos Jiu-Jitsu
Las Vegas Summer International Open 2013,Adult/Male/Black/Middle,2,Carlos Diego Ferreira  Neves,Team Ferreira BJJ
Las Vegas Summer International Open 2013,Adult/Male/Black/Middle,3,Carlos Frederico Rodriguez,Carlson Gracie
Las Vegas Summer International Open 2013,Adult/Male/Black/Medium-Heavy,1,Diogo Sampaio Araujo,Soul Fighters BJJ
Las Vegas Summer International Open 2013,Adult/Male/Black/Medium-Heavy,2,Antonio Antonioli,Ribeiro Jiu-Jitsu
Las Vegas Summer International Open 2013,Adult/Male/Black/Medium-Heavy,3,Erik Thomas Anderson,Aloisio Silva BJJ
Las Vegas Summer International Open 2013,Adult/Male/Black/Heavy,1,Flavio Alves de Almeida,Gracie Barra
Las Vegas Summer International Open 2013,Adult/Male/Black/Heavy,2,Renan Vital Rosa de França,Gordo Jiu-Jitsu
Las Vegas Summer International Open 2013,Adult/Male/Black/Heavy,3,Christopher Gene Engle,Cascao BJJ Las Vegas
Las Vegas Summer International Open 2013,Adult/Male/Black/Heavy,3,Eliot Andrew Kelly,Coalition 95
Las Vegas Summer International Open 2013,Adult/Male/Black/Super-Heavy,1,Alessandro Ferreira da Silva,Gracie Fighter
Las Vegas Summer International Open 2013,Adult/Male/Black/Super-Heavy,2,David Robert Gill,Drysdale BJJ
Las Vegas Summer International Open 2013,Adult/Male/Black/Ultra-Heavy,1,Leonardo Henrique D'avila Corrêa,Atos Jiu-Jitsu
Las Vegas Summer International Open 2013,Adult/Male/Black/Ultra-Heavy,2,Carlos Eduardo de Araujo Farias,Roberto Traven BJJ
Las Vegas Summer International Open 2013,Adult/Male/Black/OpenClass,1,Diogo Sampaio Araujo,Soul Fighters BJJ
Las Vegas Summer International Open 2013,Adult/Male/Black/OpenClass,2,Osvaldo Augusto Honorio Moizinho,Caio Terra Association
Las Vegas Summer International Open 2013,Adult/Male/Black/OpenClass,3,Eliot Andrew Kelly,Coalition 95
Las Vegas Summer International Open 2013,Adult/Male/Black/OpenClass,3,Samir José Chantre Dahás,Caio Terra Association
Las Vegas Summer International Open 2013,Adult/Female/Black/Feather,1,Mackenzie Lynne Dern,Gracie Humaita Las Vegas
Las Vegas Summer International Open 2013,Adult/Female/Black/Light,1,Sophia J Drysdale,Drysdale BJJ
Las Vegas Summer International Open 2013,Adult/Female/Black/OpenClass,1,Mackenzie Lynne Dern,Gracie Humaita Las Vegas
Las Vegas Summer International Open 2013,Adult/Female/Black/OpenClass,2,Sophia J Drysdale,Drysdale BJJ
Las Vegas Summer International Open 2013,Master1/Male/White/Feather,1,Matt Torian,Neutral Grounds /  Gracie Jiu Jitsu Long Beach
Las Vegas Summer International Open 2013,Master1/Male/White/Feather,2,Marvin S. Cruz,Crispim BJJ Brothers
Las Vegas Summer International Open 2013,Master1/Male/White/Feather,3,Luigi Yoshiki Cleto,Cavalcanti BJJ - Carlson Gracie Las Vegas
Las Vegas Summer International Open 2013,Master1/Male/White/Feather,3,naseer sheerahamad,Kioto BJJ NYC
Las Vegas Summer International Open 2013,Master1/Male/White/Light,1,Isidro Lopez,Tinguinha BJJ academy
Las Vegas Summer International Open 2013,Master1/Male/White/Light,2,Jeffrey Hairston,Atos Jiu-Jitsu
Las Vegas Summer International Open 2013,Master1/Male/White/Light,3,Billy English,Yemaso Brazilian Jiu-Jitsu
Las Vegas Summer International Open 2013,Master1/Male/White/Light,3,Christopher Ponce,Lizzard Jiu Jitsu
Las Vegas Summer International Open 2013,Master1/Male/White/Middle,1,Luke Aaron Balderson,Brazil 021 Edmonton
Las Vegas Summer International Open 2013,Master1/Male/White/Middle,2,Francisco Ulloa,Ribeiro Jiu-Jitsu
Las Vegas Summer International Open 2013,Master1/Male/White/Middle,3,Coley Edwards,Alliance
Las Vegas Summer International Open 2013,Master1/Male/White/Middle,3,Hoang Do,Guerrilla Jiu Jitsu
Las Vegas Summer International Open 2013,Master1/Male/White/Medium-Heavy,1,michael butler,Nova União USA
Las Vegas Summer International Open 2013,Master1/Male/White/Medium-Heavy,2,Jeryme Spitzer,Nova União USA
Las Vegas Summer International Open 2013,Master1/Male/White/Medium-Heavy,3,Kyle williams,Gracie Humaita Las Vegas
Las Vegas Summer International Open 2013,Master1/Male/White/Heavy,1,Greg Krill,Drysdale BJJ
Las Vegas Summer International Open 2013,Master1/Male/White/Heavy,2,Anthony A. Pacinelli,TAC Team BJJ
Las Vegas Summer International Open 2013,Master1/Male/White/Heavy,3,Dustin Volkman,Cascao BJJ Las Vegas
Las Vegas Summer International Open 2013,Master1/Male/White/Super-Heavy,1,Keoni Gandy,Drysdale BJJ
Las Vegas Summer International Open 2013,Master1/Male/White/Super-Heavy,2,PAUL SAMSON,Atos Jiu-Jitsu
Las Vegas Summer International Open 2013,Master1/Male/White/Super-Heavy,3,Eric  Hughes,Ricardo "Rey" Diogo BJJ
Las Vegas Summer International Open 2013,Master1/Male/White/Super-Heavy,3,Ian Emmsley,Nova União USA
Las Vegas Summer International Open 2013,Master1/Male/Blue/Light-Feather,1,Rommel Bago,Absolute Behring
Las Vegas Summer International Open 2013,Master1/Male/Blue/Light-Feather,2,Glenn Caliva,Gravity BJJ
Las Vegas Summer International Open 2013,Master1/Male/Blue/Light-Feather,3,Eric Juarez,Jean Jacques Machado BJJ
Las Vegas Summer International Open 2013,Master1/Male/Blue/Light-Feather,3,jason debruyn,Atos Jiu-Jitsu
Las Vegas Summer International Open 2013,Master1/Male/Blue/Feather,1,Chang Hee Kim,BJJ Lifestyle Academy
Las Vegas Summer International Open 2013,Master1/Male/Blue/Feather,2,Cory Lujan,Alliance Los Angeles
Las Vegas Summer International Open 2013,Master1/Male/Blue/Feather,3,Chris Green,Easton BJJ
Las Vegas Summer International Open 2013,Master1/Male/Blue/Light,1,Armando Rodriguez Perez Jr.,Cleber Jiu Jitsu
Las Vegas Summer International Open 2013,Master1/Male/Blue/Light,2,Rennie J. Crisafulli,Nova União USA
Las Vegas Summer International Open 2013,Master1/Male/Blue/Light,3,Michael Hoskins,Coalition 95
Las Vegas Summer International Open 2013,Master1/Male/Blue/Light,3,ONeil  McLaughlin,Fifty/50 Jiu-Jitsu
Las Vegas Summer International Open 2013,Master1/Male/Blue/Middle,1,Jordan Alan Shepler,Nova União USA
Las Vegas Summer International Open 2013,Master1/Male/Blue/Middle,2,Bryan Fabros Clavecilla,Rigan Machado
Las Vegas Summer International Open 2013,Master1/Male/Blue/Middle,3,Brian Kangas,Drysdale BJJ
Las Vegas Summer International Open 2013,Master1/Male/Blue/Middle,3,Robert Johnson,Nova União USA
Las Vegas Summer International Open 2013,Master1/Male/Blue/Medium-Heavy,1,Juan Rodriguez,CheckMat
Las Vegas Summer International Open 2013,Master1/Male/Blue/Medium-Heavy,2,DeNiro Kelly,Gracie Barra
Las Vegas Summer International Open 2013,Master1/Male/Blue/Medium-Heavy,3,David Israel Maestre Martinez,Atos Jiu-Jitsu
Las Vegas Summer International Open 2013,Master1/Male/Blue/Medium-Heavy,3,Joseph Fabits,Tinguinha BJJ academy
Las Vegas Summer International Open 2013,Master1/Male/Blue/Heavy,1,Erik Duckworth,Neutral Grounds /  Gracie Jiu Jitsu Long Beach
Las Vegas Summer International Open 2013,Master1/Male/Blue/Heavy,2,Rocky Citti,Guerrilla Jiu Jitsu
Las Vegas Summer International Open 2013,Master1/Male/Blue/Super-Heavy,1,William Alvia Bonwell IV,Cascao BJJ Las Vegas
Las Vegas Summer International Open 2013,Master1/Male/Blue/Super-Heavy,2,Paul Romey,Neutral Grounds /  Gracie Jiu Jitsu Long Beach
Las Vegas Summer International Open 2013,Master1/Male/Blue/Super-Heavy,3,Peter  Karaverdian,Gracie Barra
Las Vegas Summer International Open 2013,Master1/Male/Blue/Ultra-Heavy,1,charles baker,Drysdale BJJ
Las Vegas Summer International Open 2013,Master1/Male/Blue/Ultra-Heavy,2,Mario Creamer,Cascao BJJ Las Vegas
Las Vegas Summer International Open 2013,Master1/Male/Blue/OpenClass,1,Robert Johnson,Nova União USA
Las Vegas Summer International Open 2013,Master1/Male/Blue/OpenClass,2,charles baker,Drysdale BJJ
Las Vegas Summer International Open 2013,Master1/Male/Blue/OpenClass,3,Mario Creamer,Cascao BJJ Las Vegas
Las Vegas Summer International Open 2013,Master1/Male/Blue/OpenClass,3,Rommel Bago,Absolute Behring
Las Vegas Summer International Open 2013,Master1/Female/Blue/Light-Feather,1,Miriam Villar,Nova União USA
Las Vegas Summer International Open 2013,Master1/Female/Blue/Light-Feather,2,Ramona Ross,Jean Jacques Machado BJJ
Las Vegas Summer International Open 2013,Master1/Female/Blue/Light-Feather,3,Summer Nelson,Alliance
Las Vegas Summer International Open 2013,Master1/Female/Blue/Light,1,Judyann Lee Burgess,Cleber Jiu Jitsu
Las Vegas Summer International Open 2013,Master1/Female/Blue/Light,2,Sara Holden,Alliance
Las Vegas Summer International Open 2013,Master1/Female/Blue/Light,3,Monica Arana Saenz,Cascao BJJ Las Vegas
Las Vegas Summer International Open 2013,Master1/Female/Blue/OpenClass,1,Judyann Lee Burgess,Cleber Jiu Jitsu
Las Vegas Summer International Open 2013,Master1/Female/Blue/OpenClass,2,Ramona Ross,Jean Jacques Machado BJJ
Las Vegas Summer International Open 2013,Master1/Male/Purple/Feather,1,Gustavo Fonseca (repetido 73117),Atos Jiu-Jitsu
Las Vegas Summer International Open 2013,Master1/Male/Purple/Feather,2,Heriberto Valente Aguiar,Drysdale BJJ
Las Vegas Summer International Open 2013,Master1/Male/Purple/Feather,3,Christian Francisco Cruz,Gracie Barra
Las Vegas Summer International Open 2013,Master1/Male/Purple/Feather,3,Edwin Pagan,Gracie Humaita Las Vegas
Las Vegas Summer International Open 2013,Master1/Male/Purple/Light,1,Jimmie Garcia,Gracie Barra
Las Vegas Summer International Open 2013,Master1/Male/Purple/Light,2,Matt Schellenschlager,Roberto Traven BJJ Brazil
Las Vegas Summer International Open 2013,Master1/Male/Purple/Light,3,Mauricio Andrade Silva Filho,Alliance Atlanta
Las Vegas Summer International Open 2013,Master1/Male/Purple/Light,3,Tobias Micheal Clary,Alliance
Las Vegas Summer International Open 2013,Master1/Male/Purple/Middle,1,Derek Ward,Brazilian Top Team Long Beach
Las Vegas Summer International Open 2013,Master1/Male/Purple/Middle,2,Joe Raymond Gonzales Jr.,Nova União USA
Las Vegas Summer International Open 2013,Master1/Male/Purple/Middle,3,Edward Michael Accoo Jr.,Gracie Humaita Las Vegas
Las Vegas Summer International Open 2013,Master1/Male/Purple/Middle,3,Thomas Cardenas,Ricardo "Rey" Diogo BJJ
Las Vegas Summer International Open 2013,Master1/Male/Purple/Medium-Heavy,1,Albert Manuel Aguirre,Guerrilla Jiu Jitsu
Las Vegas Summer International Open 2013,Master1/Male/Purple/Medium-Heavy,2,Joseph McNeely,Jean Jacques Machado BJJ
Las Vegas Summer International Open 2013,Master1/Male/Purple/Medium-Heavy,3,mark jay,Drysdale BJJ
Las Vegas Summer International Open 2013,Master1/Male/Purple/Medium-Heavy,3,Michael James Martin,Yemaso Brazilian Jiu-Jitsu
Las Vegas Summer International Open 2013,Master1/Male/Purple/Heavy,1,Jaysen Jose Baxter,Brazilian Top Team Long Beach
Las Vegas Summer International Open 2013,Master1/Male/Purple/Heavy,2,David Larson,Nova União USA
Las Vegas Summer International Open 2013,Master1/Male/Purple/Heavy,3,Jesse Campos,Gracie Morumbi
Las Vegas Summer International Open 2013,Master1/Male/Purple/Heavy,3,Nathan Hallford,Nova União USA
Las Vegas Summer International Open 2013,Master1/Male/Purple/Super-Heavy,1,Daniel Joshua Priebe,Roberto Traven BJJ
Las Vegas Summer International Open 2013,Master1/Male/Purple/Super-Heavy,2,Michael Belz,CheckMat
Las Vegas Summer International Open 2013,Master1/Male/Purple/Super-Heavy,3,Gaspar Apolinar Agabin,Drysdale BJJ
Las Vegas Summer International Open 2013,Master1/Female/Purple/Light,1,Jane Lorraine Minondo,Rickson Gracie Jiu-Jitsu
Las Vegas Summer International Open 2013,Master1/Female/Purple/Light,2,Tracy Joell Chapman,Impact Jiu Jitsu
Las Vegas Summer International Open 2013,Master1/Female/Purple/Light,3,angela guimaraes,Unified Jiu Jitsu
Las Vegas Summer International Open 2013,Master1/Female/Purple/Light,3,Seta Reupenny,Relson Gracie
Las Vegas Summer International Open 2013,Master1/Female/Purple/OpenClass,1,angela guimaraes,Unified Jiu Jitsu
Las Vegas Summer International Open 2013,Master1/Male/Brown/Feather,1,Mark Pagaduan,Impact Jiu Jitsu
Las Vegas Summer International Open 2013,Master1/Male/Brown/Feather,2,Jerry Manuel Montes,CheckMat USA
Las Vegas Summer International Open 2013,Master1/Male/Brown/Feather,3,Matthew Michael Jones,Neutral Grounds /  Gracie Jiu Jitsu Long Beach
Las Vegas Summer International Open 2013,Master1/Male/Brown/Light,1,James Vinston Nival,Gracie Humaita Las Vegas
Las Vegas Summer International Open 2013,Master1/Male/Brown/Light,2,Gerald Marshall Ebert,BJJ Revolution Team
Las Vegas Summer International Open 2013,Master1/Male/Brown/Light,3,Steve Eugene Heilman,Nova União USA
Las Vegas Summer International Open 2013,Master1/Male/Brown/Light,3,Trey Reyes,BJJ Revolution Team
Las Vegas Summer International Open 2013,Master1/Male/Brown/Middle,1,Mark Hidalgo,Sakora Jiu-Jitsu
Las Vegas Summer International Open 2013,Master1/Male/Brown/Middle,2,Michael Jordan Krider,Gracie Barra
Las Vegas Summer International Open 2013,Master1/Male/Brown/Middle,3,Andres Isidro Garcia,Atos Jiu-Jitsu
Las Vegas Summer International Open 2013,Master1/Male/Brown/Medium-Heavy,1,Gabriel Haro Jr.,Sandro Batata Brazilian Jiu-jitsu - Santa Cruz
Las Vegas Summer International Open 2013,Master1/Male/Brown/Medium-Heavy,2,Richard Michael Cesena,Unified Jiu Jitsu
Las Vegas Summer International Open 2013,Master1/Male/Brown/Medium-Heavy,3,Richard Calleja,Gracie Barra
Las Vegas Summer International Open 2013,Master1/Male/Brown/Heavy,1,Joseph Matthew Nunes,Ribeiro Jiu-Jitsu
Las Vegas Summer International Open 2013,Master1/Male/Brown/Heavy,2,Andrew Robert Mora,Roberto Traven BJJ
Las Vegas Summer International Open 2013,Master1/Male/Brown/Heavy,3,Barry John Reid,Fredson Paixao BJJ Las Vegas
Las Vegas Summer International Open 2013,Master1/Male/Brown/Heavy,3,Samuel Joseph Campanella III,Jean Jacques Machado BJJ
Las Vegas Summer International Open 2013,Master1/Male/Brown/Super-Heavy,1,Alex Phillip Ross,Alliance
Las Vegas Summer International Open 2013,Master1/Male/Black/Light,1,Marcos Alejandro Torregrosa,Yemaso Brazilian Jiu-Jitsu
Las Vegas Summer International Open 2013,Master1/Male/Black/Light,2,Diogo Alves Ferreira,Gracie Barra
Las Vegas Summer International Open 2013,Master1/Male/Black/Light,3,Christopher Kenneth L Gutierrez,CheckMat USA
Las Vegas Summer International Open 2013,Master1/Male/Black/Middle,1,Jonatas Novaes do Nascimento,Brasa
Las Vegas Summer International Open 2013,Master1/Male/Black/Middle,2,Armand Auguste Debruge,Impact Jiu Jitsu
Las Vegas Summer International Open 2013,Master1/Male/Black/Middle,3,Matthew Stephen Darcy,Guerrilla Jiu Jitsu
Las Vegas Summer International Open 2013,Master1/Male/Black/Middle,3,Mitchell Dell Coats,Alliance
Las Vegas Summer International Open 2013,Master1/Male/Black/Medium-Heavy,1,Alex Martins do Nascimento,Paragon BJJ Academy
Las Vegas Summer International Open 2013,Master1/Male/Black/Medium-Heavy,2,John Christian Diggins,SBG International (SBGI)
Las Vegas Summer International Open 2013,Master1/Male/Black/Medium-Heavy,3,Omar Sabha,Brazilian Top Team Long Beach
Las Vegas Summer International Open 2013,Master1/Male/Black/Medium-Heavy,3,Renato Migliaccio,Sampa BJJ Academy
Las Vegas Summer International Open 2013,Master1/Male/Black/Super-Heavy,1,Fernando Sakai da Silva,Gracie Humaita Las Vegas
Las Vegas Summer International Open 2013,Master1/Male/Black/Ultra-Heavy,1,Justin Keoki Shuford,Gracie Humaita Las Vegas
Las Vegas Summer International Open 2013,Master1/Male/Black/OpenClass,1,John Christian Diggins,SBG International (SBGI)
Las Vegas Summer International Open 2013,Master1/Male/Black/OpenClass,2,Alex Martins do Nascimento,Paragon BJJ Academy
Las Vegas Summer International Open 2013,Master1/Male/Black/OpenClass,3,Fernando Sakai da Silva,Gracie Humaita Las Vegas
Las Vegas Summer International Open 2013,Master1/Male/Black/OpenClass,3,Justin Keoki Shuford,Gracie Humaita Las Vegas
Las Vegas Summer International Open 2013,Master2/Male/White/Feather,1,David Alfred Petrone (repitido),Gordo Jiu-Jitsu
Las Vegas Summer International Open 2013,Master2/Male/White/Feather,2,Nigel Edward Kurtz,Nova União USA
Las Vegas Summer International Open 2013,Master2/Male/White/Feather,3,Bernardo Estabillo,Cascao BJJ Las Vegas
Las Vegas Summer International Open 2013,Master2/Male/White/Feather,3,William Shane O'Brien,Drysdale BJJ
Las Vegas Summer International Open 2013,Master2/Male/White/Light,1,Leonardo Augusto Siqueira de Souza,Gracie Barra
Las Vegas Summer International Open 2013,Master2/Male/White/Light,2,james marchione,Drysdale BJJ
Las Vegas Summer International Open 2013,Master2/Male/White/Medium-Heavy,1,Mike Hyung Kim,Atos Jiu-Jitsu
Las Vegas Summer International Open 2013,Master2/Male/White/Medium-Heavy,2,Brian VanOrnum,Impact Jiu Jitsu
Las Vegas Summer International Open 2013,Master2/Male/White/Medium-Heavy,3,Thomas Rozborski,Drysdale BJJ
Las Vegas Summer International Open 2013,Master2/Male/White/Medium-Heavy,3,Thomas Steinbeck,Drysdale BJJ
Las Vegas Summer International Open 2013,Master2/Male/White/Heavy,1,Jeremy Barnett,Alliance
Las Vegas Summer International Open 2013,Master2/Male/White/Super-Heavy,1,Martin Casillas,Cascao BJJ Las Vegas
Las Vegas Summer International Open 2013,Master2/Male/Blue/Light-Feather,1,William  Tedrow,Gracie Barra
Las Vegas Summer International Open 2013,Master2/Male/Blue/Light-Feather,2,Brian Wade,Nova União USA
Las Vegas Summer International Open 2013,Master2/Male/Blue/Light-Feather,3,Alfie Salvador Lumabas,Nino Schembri Team
Las Vegas Summer International Open 2013,Master2/Male/Blue/Feather,1,Matthew D Corum,Gracie Humaita Las Vegas
Las Vegas Summer International Open 2013,Master2/Male/Blue/Light,1,Robert L. Crosley,Nova União USA
Las Vegas Summer International Open 2013,Master2/Male/Blue/Light,2,Dave Smith,Soul Fighters BJJ
Las Vegas Summer International Open 2013,Master2/Male/Blue/Light,3,Nolan Daniels,Nova União USA
Las Vegas Summer International Open 2013,Master2/Male/Blue/Light,3,Randy Lacy,Yemaso Brazilian Jiu-Jitsu
Las Vegas Summer International Open 2013,Master2/Male/Blue/Middle,1,Kevin Mans,Marcus Soares Academy
Las Vegas Summer International Open 2013,Master2/Male/Blue/Middle,2,Benjamin Banks,Unified Jiu Jitsu
Las Vegas Summer International Open 2013,Master2/Male/Blue/Middle,3,Timothy Branch,Drysdale BJJ
Las Vegas Summer International Open 2013,Master2/Male/Blue/Medium-Heavy,1,Scott Michael Kennedy Schroeder,Gracie Barra
Las Vegas Summer International Open 2013,Master2/Male/Blue/Medium-Heavy,2,Marcus Johnson,Unified Jiu Jitsu
Las Vegas Summer International Open 2013,Master2/Male/Blue/Medium-Heavy,3,JJ Filipovic,Drysdale BJJ
Las Vegas Summer International Open 2013,Master2/Male/Blue/Heavy,1,Kevin Thomas Ross,Jean Jacques Machado BJJ
Las Vegas Summer International Open 2013,Master2/Male/Blue/Heavy,2,Mitchell Bowles,Gracie Humaita Las Vegas
Las Vegas Summer International Open 2013,Master2/Male/Blue/Heavy,3,joseph reiter,Gracie Humaita Las Vegas
Las Vegas Summer International Open 2013,Master2/Male/Blue/Super-Heavy,1,Robert Lindsay,Nova União USA
Las Vegas Summer International Open 2013,Master2/Male/Blue/Super-Heavy,2,Lawrence Atai Makuakane Jr.,Gustavo Machado BJJ
Las Vegas Summer International Open 2013,Master2/Male/Blue/Ultra-Heavy,1,Miller Reupenny,Relson Gracie
Las Vegas Summer International Open 2013,Master2/Male/Blue/Ultra-Heavy,2,Justin Eastland,Alliance
Las Vegas Summer International Open 2013,Master2/Male/Blue/Ultra-Heavy,3,Bryan Landin,Nova União USA
Las Vegas Summer International Open 2013,Master2/Male/Blue/OpenClass,1,Justin Eastland,Alliance
Las Vegas Summer International Open 2013,Master2/Male/Blue/OpenClass,2,Dave Smith,Soul Fighters BJJ
Las Vegas Summer International Open 2013,Master2/Male/Blue/OpenClass,3,JJ Filipovic,Drysdale BJJ
Las Vegas Summer International Open 2013,Master2/Male/Blue/OpenClass,3,Robert Lindsay,Nova União USA
Las Vegas Summer International Open 2013,Master2/Male/Purple/Feather,1,Heath Flicker,Nova União USA
Las Vegas Summer International Open 2013,Master2/Male/Purple/Feather,2,Jason Casillas,BJJ Revolution Team
Las Vegas Summer International Open 2013,Master2/Male/Purple/Light,1,Marcelo Pinto Queiroz,BJJ Revolution Team
Las Vegas Summer International Open 2013,Master2/Male/Purple/Light,2,Daniel Robert Renaud,Ribeiro Jiu-Jitsu
Las Vegas Summer International Open 2013,Master2/Male/Purple/Light,3,Vlad Teplitskiy,Kings Jiu-Jitsu
Las Vegas Summer International Open 2013,Master2/Male/Purple/Middle,1,Richard Selmar Bothun,Yemaso Brazilian Jiu-Jitsu
Las Vegas Summer International Open 2013,Master2/Male/Purple/Middle,2,Joseph Mark Solorio,Nova União USA
Las Vegas Summer International Open 2013,Master2/Male/Purple/Middle,3,Alejandro Lucas,Street Sports BJJ
Las Vegas Summer International Open 2013,Master2/Male/Purple/Middle,3,Dane Christian Barlow,Alliance International
Las Vegas Summer International Open 2013,Master2/Male/Purple/Medium-Heavy,1,Kleve Carlton Thompson,Impact Jiu Jitsu
Las Vegas Summer International Open 2013,Master2/Male/Purple/Medium-Heavy,2,Mario Alonso Gaxiola,Caio Terra Association
Las Vegas Summer International Open 2013,Master2/Male/Purple/Medium-Heavy,3,Billy Crafton,Gracie Humaita Las Vegas
Las Vegas Summer International Open 2013,Master2/Male/Purple/Medium-Heavy,3,Raymond Mugica Sr.,Brazilian Top Team Long Beach
Las Vegas Summer International Open 2013,Master2/Male/Purple/Super-Heavy,1,Darrell Zachary Payne,Cascao BJJ Las Vegas
Las Vegas Summer International Open 2013,Master2/Male/Purple/Super-Heavy,2,Oldair Francisco Sasso,CheckMat Brasil
Las Vegas Summer International Open 2013,Master2/Male/Purple/Super-Heavy,3,Aleksander Sheynkman,Guerrilla Jiu Jitsu
Las Vegas Summer International Open 2013,Master2/Male/Purple/Ultra-Heavy,1,Johnny Edward Rodriguez,Gracie Barra
Las Vegas Summer International Open 2013,Master2/Male/Purple/OpenClass,1,Darrell Zachary Payne,Cascao BJJ Las Vegas
Las Vegas Summer International Open 2013,Master2/Male/Purple/OpenClass,2,Richard Selmar Bothun,Yemaso Brazilian Jiu-Jitsu
Las Vegas Summer International Open 2013,Master2/Male/Purple/OpenClass,3,Dane Christian Barlow,Alliance International
Las Vegas Summer International Open 2013,Master2/Male/Purple/OpenClass,3,Johnny Edward Rodriguez,Gracie Barra
Las Vegas Summer International Open 2013,Master2/Male/Brown/Feather,1,Javier Ramon Gonzales,Guerrilla Jiu Jitsu
Las Vegas Summer International Open 2013,Master2/Male/Brown/Feather,2,Jacob Schofield,Alliance
Las Vegas Summer International Open 2013,Master2/Male/Brown/Feather,3,Branden Weston Guptill,Ribeiro Jiu-Jitsu
Las Vegas Summer International Open 2013,Master2/Male/Brown/Light,1,Vellore Francisco Caballero,Easton BJJ
Las Vegas Summer International Open 2013,Master2/Male/Brown/Light,2,Shawn P. Fowler,Ribeiro Jiu-Jitsu
Las Vegas Summer International Open 2013,Master2/Male/Brown/Light,3,Dominic S. Cordova,Gracie Barra
Las Vegas Summer International Open 2013,Master2/Male/Brown/Middle,1,Casey Leonard,Vicente Jr. Team
Las Vegas Summer International Open 2013,Master2/Male/Brown/Medium-Heavy,1,Thomas Joseph Cronin Jr,Carlson Gracie Team
Las Vegas Summer International Open 2013,Master2/Male/Brown/Medium-Heavy,2,Roscoe Robert Roatch,Caio Terra Association
Las Vegas Summer International Open 2013,Master2/Male/Brown/Medium-Heavy,3,Gregory Arnold Kalteich,Drysdale BJJ
Las Vegas Summer International Open 2013,Master2/Male/Brown/Super-Heavy,1,George Exiquio Rodriguez,Neutral Grounds /  Gracie Jiu Jitsu Long Beach
Las Vegas Summer International Open 2013,Master2/Male/Brown/Ultra-Heavy,1,Kelly Byron Gregory Gray,Gracie Humaita Las Vegas
Las Vegas Summer International Open 2013,Master2/Male/Brown/OpenClass,1,Kelly Byron Gregory Gray,Gracie Humaita Las Vegas
Las Vegas Summer International Open 2013,Master2/Male/Brown/OpenClass,2,Casey Leonard,Vicente Jr. Team
Las Vegas Summer International Open 2013,Master2/Male/Black/Feather,1,Daniel V. Alvarez Jr.,Nova União USA
Las Vegas Summer International Open 2013,Master2/Male/Black/Feather,2,Jacob James McKee,Gracie Barra
Las Vegas Summer International Open 2013,Master2/Male/Black/Feather,3,Nathanael Bartlett Soli,Ribeiro Jiu-Jitsu
Las Vegas Summer International Open 2013,Master2/Male/Black/Light,1,José Carlos Mendonça Mendes Júnior,Team Jucão USA
Las Vegas Summer International Open 2013,Master2/Male/Black/Middle,1,John Thomas McKean,Unified Jiu Jitsu
Las Vegas Summer International Open 2013,Master2/Male/Black/Middle,2,Jared Lance Vanderzyl,Fabio Santos BJJ
Las Vegas Summer International Open 2013,Master2/Male/Black/Medium-Heavy,1,John D Carlquist,Unified Jiu Jitsu
Las Vegas Summer International Open 2013,Master2/Male/Black/Medium-Heavy,2,Charles George Martone,Street Sports BJJ
Las Vegas Summer International Open 2013,Master2/Male/Black/Medium-Heavy,3,John Philip Brink,Paragon BJJ Academy
Las Vegas Summer International Open 2013,Master2/Male/Black/Heavy,1,Walter Fontes Vital Jr,Cascao BJJ Las Vegas
Las Vegas Summer International Open 2013,Master2/Male/Black/Heavy,2,Leandro D. Valdes,Brasa
Las Vegas Summer International Open 2013,Master2/Male/Black/OpenClass,1,Walter Fontes Vital Jr,Cascao BJJ Las Vegas
Las Vegas Summer International Open 2013,Master2/Male/Black/OpenClass,2,John Philip Brink,Paragon BJJ Academy
Las Vegas Summer International Open 2013,Master2/Male/Black/OpenClass,3,Jared Lance Vanderzyl,Fabio Santos BJJ
Las Vegas Summer International Open 2013,Master2/Male/Black/OpenClass,3,Leandro D. Valdes,Brasa
Las Vegas Summer International Open 2013,Master3/Male/Blue/Light-Feather,1,Steve Chu,Atos Jiu-Jitsu
Las Vegas Summer International Open 2013,Master3/Male/Blue/Middle,1,Carl Warren G. Sims,Unified Jiu Jitsu
Las Vegas Summer International Open 2013,Master3/Male/Blue/Middle,2,Ruben Davila,Gracie Humaita Las Vegas
Las Vegas Summer International Open 2013,Master3/Male/Blue/Heavy,1,Troy McClain,Alliance
Las Vegas Summer International Open 2013,Master3/Male/Blue/Super-Heavy,1,Lloyd Handy,Alliance International
Las Vegas Summer International Open 2013,Master3/Male/Blue/Super-Heavy,2,juan rodriguez,Atos Jiu-Jitsu
Las Vegas Summer International Open 2013,Master3/Male/Blue/OpenClass,1,Troy McClain,Alliance
Las Vegas Summer International Open 2013,Master3/Male/Blue/OpenClass,2,Carl Warren G. Sims,Unified Jiu Jitsu
Las Vegas Summer International Open 2013,Master3/Male/Purple/Light,1,Ryan Haney,Alliance
Las Vegas Summer International Open 2013,Master3/Male/Purple/Light,2,Tony Truong,Guerrilla Jiu Jitsu
Las Vegas Summer International Open 2013,Master3/Male/Purple/Middle,1,Eric Fees,Cleber Jiu Jitsu
Las Vegas Summer International Open 2013,Master3/Male/Purple/Middle,2,John Williar Sheetz,Gracie Barra
Las Vegas Summer International Open 2013,Master3/Male/Purple/Heavy,1,Edward  Small,Rey Diogo/Carlson
Las Vegas Summer International Open 2013,Master3/Male/Purple/Heavy,2,Thomas Asturias,Unified Jiu Jitsu
Las Vegas Summer International Open 2013,Master3/Male/Purple/Heavy,3,Frank Muraca,Gracie Barra
Las Vegas Summer International Open 2013,Master3/Male/Purple/Heavy,3,Gary Love,Brazilian Top Team Long Beach
Las Vegas Summer International Open 2013,Master3/Male/Purple/Ultra-Heavy,1,Jason Bedke,Alliance
Las Vegas Summer International Open 2013,Master3/Male/Purple/OpenClass,1,Eric Fees,Cleber Jiu Jitsu
Las Vegas Summer International Open 2013,Master3/Male/Purple/OpenClass,2,Jason Bedke,Alliance
Las Vegas Summer International Open 2013,Master3/Male/Purple/OpenClass,3,Edward  Small,Rey Diogo/Carlson
Las Vegas Summer International Open 2013,Master3/Male/Purple/OpenClass,3,John Williar Sheetz,Gracie Barra
Las Vegas Summer International Open 2013,Master3/Male/Brown/Light,1,Kham Kone Francisco de Jasso Ngondara,Academy of Combative Arts
Las Vegas Summer International Open 2013,Master3/Male/Brown/Ultra-Heavy,1,Niels Sondergaard Burgess,Cleber Jiu Jitsu
Las Vegas Summer International Open 2013,Master3/Male/Brown/Ultra-Heavy,2,Woody Lee Little,Impact Jiu Jitsu
Las Vegas Summer International Open 2013,Master3/Male/Brown/OpenClass,1,Niels Sondergaard Burgess,Cleber Jiu Jitsu
Las Vegas Summer International Open 2013,Master3/Male/Brown/OpenClass,2,Kham Kone Francisco de Jasso Ngondara,Academy of Combative Arts
Las Vegas Summer International Open 2013,Master3/Male/Black/Light,1,Andre Galdino Figueira,Gracie Barra
Las Vegas Summer International Open 2013,Master3/Male/Black/Light,2,Franklin Patrick Quenga,Brazilian Top Team Long Beach
Las Vegas Summer International Open 2013,Master3/Male/Black/Light,3,Chris Alan Wells,Unified Jiu Jitsu
Las Vegas Summer International Open 2013,Master3/Male/Black/Middle,1,Nelson Couto Monteiro Jr.,Gracie Barra
Las Vegas Summer International Open 2013,Master3/Male/Black/Middle,2,John William Orr,Brazilian Top Team Long Beach
Las Vegas Summer International Open 2013,Master3/Male/Black/Medium-Heavy,1,Matt Jason Baker,Jean Jacques Machado BJJ
Las Vegas Summer International Open 2013,Master3/Male/Black/Medium-Heavy,2,Paul Leon Nava,Nova União USA
Las Vegas Summer International Open 2013,Master3/Male/Black/Medium-Heavy,3,Paul Rento Silva,Carlson Gracie Team
Las Vegas Summer International Open 2013,Master3/Male/Black/Super-Heavy,1,Ronald W Wuest Jr.,Balance
Las Vegas Summer International Open 2013,Master3/Male/Black/Ultra-Heavy,1,Tony George Bonello,Gracie Elite Team
Las Vegas Summer International Open 2013,Master3/Male/Black/OpenClass,1,Paul Rento Silva,Carlson Gracie Team
Las Vegas Summer International Open 2013,Master3/Male/Black/OpenClass,2,Ronald W Wuest Jr.,Balance
Las Vegas Summer International Open 2013,Master3/Male/Black/OpenClass,3,Andre Galdino Figueira,Gracie Barra
Las Vegas Summer International Open 2013,Master3/Male/Black/OpenClass,3,Nelson Couto Monteiro Jr.,Gracie Barra
Las Vegas Summer International Open 2013,Master4/Male/Blue/Feather,1,Lawrence Gerard Almeda,Ribeiro Jiu-Jitsu
Las Vegas Summer International Open 2013,Master4/Male/Blue/Light,1,Joe Carruth,Alliance
Las Vegas Summer International Open 2013,Master4/Male/Blue/OpenClass,1,Lawrence Gerard Almeda,Ribeiro Jiu-Jitsu
Las Vegas Summer International Open 2013,Master4/Male/Blue/OpenClass,2,Joe Carruth,Alliance
Las Vegas Summer International Open 2013,Master4/Male/Purple/Light,1,Darryl Anthony Silva,Ribeiro Jiu-Jitsu
Las Vegas Summer International Open 2013,Master4/Male/Purple/Medium-Heavy,1,David Eric Loyst,Gracie Barra
Las Vegas Summer International Open 2013,Master4/Male/Purple/Super-Heavy,1,DeJuan Robinson,Gracie Humaita Las Vegas
Las Vegas Summer International Open 2013,Master4/Male/Purple/OpenClass,1,David Eric Loyst,Gracie Barra
Las Vegas Summer International Open 2013,Master4/Male/Brown/Medium-Heavy,1,Michael Sidney Huitema,Gracie Humaita Las Vegas
Las Vegas Summer International Open 2013,Master4/Male/Brown/Medium-Heavy,2,Adriano Silva Cipili,Gracie Humaita Las Vegas
Las Vegas Summer International Open 2013,Master4/Male/Brown/Heavy,1,Alberto Ramirez,Yemaso Brazilian Jiu-Jitsu
Las Vegas Summer International Open 2013,Master4/Male/Brown/Ultra-Heavy,1,Timothy G. Burns,Tatu BJJ
Las Vegas Summer International Open 2013,Master4/Male/Brown/OpenClass,1,Alberto Ramirez,Yemaso Brazilian Jiu-Jitsu
Las Vegas Summer International Open 2013,Master4/Male/Brown/OpenClass,2,Michael Sidney Huitema,Gracie Humaita Las Vegas
Las Vegas Summer International Open 2013,Master4/Male/Brown/OpenClass,3,Adriano Silva Cipili,Gracie Humaita Las Vegas
Las Vegas Summer International Open 2013,Master4/Male/Black/Heavy,1,Evaldo Correa Lima,Neutral Grounds /  Gracie Jiu Jitsu Long Beach
Las Vegas Summer International Open 2013,Master4/Male/Black/Super-Heavy,1,Amilcar Cipili,Gracie Humaita Las Vegas
Las Vegas Summer International Open 2013,Master4/Male/Black/OpenClass,1,Evaldo Correa Lima,Neutral Grounds /  Gracie Jiu Jitsu Long Beach
Las Vegas Summer International Open 2013,Master5/Male/Blue/Heavy,1,Glen Larsen,Unified Jiu Jitsu
Las Vegas Summer International Open 2013,Master5/Male/Blue/Heavy,2,Richard Segovia,Cascao BJJ Las Vegas
Las Vegas Summer International Open 2013,Master5/Male/Blue/Heavy,3,David Mann,Cavalcanti BJJ - Carlson Gracie Las Vegas
Las Vegas Summer International Open 2013,Master5/Male/Purple/Light,1,Frank Anthony Miranda,Ribeiro Jiu-Jitsu
Las Vegas Summer International Open 2013,Master5/Male/Purple/OpenClass,1,Frank Anthony Miranda,Ribeiro Jiu-Jitsu
