Munich International Open IBJJF Jiu-Jitsu Championship,Adult/Male/White/Rooster,1,Huseyin Dereboylular,BJJ Globetrotters
Munich International Open IBJJF Jiu-Jitsu Championship,Adult/Male/White/Rooster,2,Nico Schadeck,Luiz Palhares Jiu-Jitsu Europe
Munich International Open IBJJF Jiu-Jitsu Championship,Adult/Male/White/Rooster,3,Gavina Maganinho Jose Miguel,Nova União
Munich International Open IBJJF Jiu-Jitsu Championship,Adult/Male/White/Light-Feather,1,Philipp Max Rosenberg Sanders,GF Team
Munich International Open IBJJF Jiu-Jitsu Championship,Adult/Male/White/Light-Feather,2,Vito Adriatico,Juan Neves Bjj A.S.D.
Munich International Open IBJJF Jiu-Jitsu Championship,Adult/Male/White/Light-Feather,3,Fardin Gharibzadeh,Pound for Pound Deutschland
Munich International Open IBJJF Jiu-Jitsu Championship,Adult/Male/White/Light-Feather,3,Jan Frederic Strecker,Pound for Pound Deutschland
Munich International Open IBJJF Jiu-Jitsu Championship,Adult/Male/White/Feather,1,Guven Cam,Gracie Barra
Munich International Open IBJJF Jiu-Jitsu Championship,Adult/Male/White/Feather,2,Bruno Duperrier,Nova União
Munich International Open IBJJF Jiu-Jitsu Championship,Adult/Male/White/Feather,3,Arun Ramsauer,Carlson Gracie Zurich
Munich International Open IBJJF Jiu-Jitsu Championship,Adult/Male/White/Feather,3,Furkan Durmaz,Luiz Palhares Jiu-Jitsu Europe
Munich International Open IBJJF Jiu-Jitsu Championship,Adult/Male/White/Light,1,Alessandro Immobile,Juan Neves Bjj A.S.D.
Munich International Open IBJJF Jiu-Jitsu Championship,Adult/Male/White/Light,2,julien lanz,Nova União
Munich International Open IBJJF Jiu-Jitsu Championship,Adult/Male/White/Light,3,Ozan Deliibrahimoglu,Corvos
Munich International Open IBJJF Jiu-Jitsu Championship,Adult/Male/White/Light,3,Peter Guzsván,ZR Team Hungary
Munich International Open IBJJF Jiu-Jitsu Championship,Adult/Male/White/Middle,1,Safta Florin Catalin,Nova União
Munich International Open IBJJF Jiu-Jitsu Championship,Adult/Male/White/Middle,2,Nam Tran,Pound for Pound Team
Munich International Open IBJJF Jiu-Jitsu Championship,Adult/Male/White/Middle,3,Angel Angelov,Zenith BJJ International
Munich International Open IBJJF Jiu-Jitsu Championship,Adult/Male/White/Middle,3,Kosta Trendafilov,Nova União International
Munich International Open IBJJF Jiu-Jitsu Championship,Adult/Male/White/Medium-Heavy,1,Patrick Rhodes,NS Brotherhood International
Munich International Open IBJJF Jiu-Jitsu Championship,Adult/Male/White/Medium-Heavy,2,Florian Schaar,Nova União
Munich International Open IBJJF Jiu-Jitsu Championship,Adult/Male/White/Medium-Heavy,3,Andreas Boutos,Rio Grappling Club Greece
Munich International Open IBJJF Jiu-Jitsu Championship,Adult/Male/White/Medium-Heavy,3,Timur Tcinpaev,Pound for Pound Team
Munich International Open IBJJF Jiu-Jitsu Championship,Adult/Male/White/Heavy,1,Thomas Platner,Pound for Pound Team
Munich International Open IBJJF Jiu-Jitsu Championship,Adult/Male/White/Heavy,2,David Czibulka,ZR Team Hungary
Munich International Open IBJJF Jiu-Jitsu Championship,Adult/Male/White/Heavy,3,Esteban Gardon,Nova União
Munich International Open IBJJF Jiu-Jitsu Championship,Adult/Male/White/Heavy,3,Michael Breier,Ultimate Gym - Team Frontera
Munich International Open IBJJF Jiu-Jitsu Championship,Adult/Male/White/Super-Heavy,1,Salman Shafi,Pound for Pound Team
Munich International Open IBJJF Jiu-Jitsu Championship,Adult/Male/White/Super-Heavy,2,David Wassermann,Ribeiro Jiu Jitsu Germany
Munich International Open IBJJF Jiu-Jitsu Championship,Adult/Male/White/Super-Heavy,3,Dino N/A Smajić,Icon Jiu-Jitsu Team
Munich International Open IBJJF Jiu-Jitsu Championship,Adult/Male/White/Super-Heavy,3,Esteban Ocampo,Frota Team Nogueira
Munich International Open IBJJF Jiu-Jitsu Championship,Adult/Male/White/Ultra-Heavy,1,Jan Horák,Carlson Gracie Zurich
Munich International Open IBJJF Jiu-Jitsu Championship,Adult/Male/Blue/Light-Feather,1,Petrit Memeti,Pound for Pound Team
Munich International Open IBJJF Jiu-Jitsu Championship,Adult/Male/Blue/Light-Feather,2,Péclat Marc,Nova União
Munich International Open IBJJF Jiu-Jitsu Championship,Adult/Male/Blue/Light-Feather,3,Marco Di Pasquale,Icon Jiu-Jitsu Team
Munich International Open IBJJF Jiu-Jitsu Championship,Adult/Male/Blue/Feather,1,Semir Piric,Pound for Pound Team
Munich International Open IBJJF Jiu-Jitsu Championship,Adult/Male/Blue/Feather,2,Felix Hartmann,Akxe BJJ Germany
Munich International Open IBJJF Jiu-Jitsu Championship,Adult/Male/Blue/Feather,3,Mehmedali Ilkman,BJJ Globetrotters
Munich International Open IBJJF Jiu-Jitsu Championship,Adult/Male/Blue/Feather,3,Severin Häring,BJJ Team Basel
Munich International Open IBJJF Jiu-Jitsu Championship,Adult/Male/Blue/Light,1,Marius Socher,Ribeiro Jiu Jitsu Germany
Munich International Open IBJJF Jiu-Jitsu Championship,Adult/Male/Blue/Light,2,Ilia Myrdini,Rio Grappling Club Greece
Munich International Open IBJJF Jiu-Jitsu Championship,Adult/Male/Blue/Light,3,Joao Maurice Scherpf,GF Team
Munich International Open IBJJF Jiu-Jitsu Championship,Adult/Male/Blue/Light,3,Josue Gonzalez,Nova União
Munich International Open IBJJF Jiu-Jitsu Championship,Adult/Male/Blue/Middle,1,Andreas Richter,Atos Jiu-Jitsu
Munich International Open IBJJF Jiu-Jitsu Championship,Adult/Male/Blue/Middle,2,Jan Knütter,Pound for Pound Team
Munich International Open IBJJF Jiu-Jitsu Championship,Adult/Male/Blue/Middle,3,Alexander Söhn,Pound for Pound Team
Munich International Open IBJJF Jiu-Jitsu Championship,Adult/Male/Blue/Middle,3,Christian stevanato,Gustavo Freire BJJ
Munich International Open IBJJF Jiu-Jitsu Championship,Adult/Male/Blue/Medium-Heavy,1,David Cartwright-Khoza,Gracie Barra JJ
Munich International Open IBJJF Jiu-Jitsu Championship,Adult/Male/Blue/Medium-Heavy,2,Artem Zeltyn-Abramov,Strela Team BJJ
Munich International Open IBJJF Jiu-Jitsu Championship,Adult/Male/Blue/Medium-Heavy,3,Bryan  Gerzner,Nova União
Munich International Open IBJJF Jiu-Jitsu Championship,Adult/Male/Blue/Medium-Heavy,3,Rodrigo Nicolas Lazaro,Gracie Barra
Munich International Open IBJJF Jiu-Jitsu Championship,Adult/Male/Blue/Heavy,1,Nazaretian Thomas,Acemat
Munich International Open IBJJF Jiu-Jitsu Championship,Adult/Male/Blue/Heavy,2,Yigit Muk,GF Team
Munich International Open IBJJF Jiu-Jitsu Championship,Adult/Male/Blue/Heavy,3,Magnus Berger Jerven,Frontline Academy
Munich International Open IBJJF Jiu-Jitsu Championship,Adult/Male/Blue/Heavy,3,Mario Coric,Roger Gracie Vienna
Munich International Open IBJJF Jiu-Jitsu Championship,Adult/Male/Blue/Super-Heavy,1,Rolf Linke,GF Team
Munich International Open IBJJF Jiu-Jitsu Championship,Adult/Male/Blue/Super-Heavy,2,Johannes Moosbauer,Pound for Pound Team
Munich International Open IBJJF Jiu-Jitsu Championship,Adult/Male/Blue/Super-Heavy,3,Aleksandr Uluhanjants,SBG Ireland
Munich International Open IBJJF Jiu-Jitsu Championship,Adult/Male/Blue/Ultra-Heavy,1,Louis Neeser,Frota Team Nogueira
Munich International Open IBJJF Jiu-Jitsu Championship,Adult/Male/Blue/Ultra-Heavy,2,Herick Ponce Rodrigues,Gracie Barra
Munich International Open IBJJF Jiu-Jitsu Championship,Adult/Male/Blue/Ultra-Heavy,3,Lewis thorne,CheckMat
Munich International Open IBJJF Jiu-Jitsu Championship,Adult/Male/Blue/Enum_WeightDivision_OpenClass_Label,1,David Cartwright-Khoza,Gracie Barra JJ
Munich International Open IBJJF Jiu-Jitsu Championship,Adult/Male/Blue/Enum_WeightDivision_OpenClass_Label,2,Lewis thorne,CheckMat
Munich International Open IBJJF Jiu-Jitsu Championship,Adult/Male/Blue/Enum_WeightDivision_OpenClass_Label,3,Rolf Linke,GF Team
Munich International Open IBJJF Jiu-Jitsu Championship,Adult/Male/Purple/Light-Feather,1,Silvio Olinto Rocha Cavalcante,PSLPB Cicero Costha
Munich International Open IBJJF Jiu-Jitsu Championship,Adult/Male/Purple/Light-Feather,2,Ramon de Macedo Valdevino,GF Team
Munich International Open IBJJF Jiu-Jitsu Championship,Adult/Male/Purple/Feather,1,Ömer Simsek,Polar Jiu Jitsu Team
Munich International Open IBJJF Jiu-Jitsu Championship,Adult/Male/Purple/Feather,2,Victor Rocha Mota,Carlson Gracie Zurich
Munich International Open IBJJF Jiu-Jitsu Championship,Adult/Male/Purple/Feather,3,Bruno Alves de Souza,GF Team
Munich International Open IBJJF Jiu-Jitsu Championship,Adult/Male/Purple/Feather,3,Emil Kadakevliev,Frota Team Nogueira
Munich International Open IBJJF Jiu-Jitsu Championship,Adult/Male/Purple/Light,1,Victor Nithael de Oliveira Marques,Nova União
Munich International Open IBJJF Jiu-Jitsu Championship,Adult/Male/Purple/Light,2,Alexander Matschl,Pound for Pound Team
Munich International Open IBJJF Jiu-Jitsu Championship,Adult/Male/Purple/Light,3,Eitan Gueron,Pariente Academy
Munich International Open IBJJF Jiu-Jitsu Championship,Adult/Male/Purple/Light,3,Elijaih Funston,CheckMat
Munich International Open IBJJF Jiu-Jitsu Championship,Adult/Male/Purple/Middle,1,Raphael Lesnino,Pound for Pound Team
Munich International Open IBJJF Jiu-Jitsu Championship,Adult/Male/Purple/Middle,2,Oscar Martin Acosta,Ferrari Team Academy
Munich International Open IBJJF Jiu-Jitsu Championship,Adult/Male/Purple/Middle,3,Amir Alroy,Soul Fighter's Israel
Munich International Open IBJJF Jiu-Jitsu Championship,Adult/Male/Purple/Middle,3,Kevin Enz,Alliance
Munich International Open IBJJF Jiu-Jitsu Championship,Adult/Male/Purple/Medium-Heavy,1,Barak Meyouhas,Soul Fighter's Israel
Munich International Open IBJJF Jiu-Jitsu Championship,Adult/Male/Purple/Medium-Heavy,2,Markus Phelipe de Freitas Ribeiro,Alfa Jiu-Jitsu Academy
Munich International Open IBJJF Jiu-Jitsu Championship,Adult/Male/Purple/Medium-Heavy,3,Konstantin Emilov Mavrodiev,Zenith BJJ International
Munich International Open IBJJF Jiu-Jitsu Championship,Adult/Male/Purple/Heavy,1,Peter Lobeck,Gracie Barra
Munich International Open IBJJF Jiu-Jitsu Championship,Adult/Male/Purple/Heavy,2,Paul Friedlander,Roger Gracie Vienna
Munich International Open IBJJF Jiu-Jitsu Championship,Adult/Male/Purple/Heavy,3,Andreas Holzer,Akxe BJJ Germany
Munich International Open IBJJF Jiu-Jitsu Championship,Adult/Male/Purple/Heavy,3,Niccolò Bartolazzi Menchetti,Flow
Munich International Open IBJJF Jiu-Jitsu Championship,Adult/Male/Purple/Ultra-Heavy,1,Chris Newman,CheckMat
Munich International Open IBJJF Jiu-Jitsu Championship,Adult/Male/Purple/Enum_WeightDivision_OpenClass_Label,1,Victor Nithael de Oliveira Marques,Nova União
Munich International Open IBJJF Jiu-Jitsu Championship,Adult/Male/Purple/Enum_WeightDivision_OpenClass_Label,2,Bruno Alves de Souza,GF Team
Munich International Open IBJJF Jiu-Jitsu Championship,Adult/Male/Purple/Enum_WeightDivision_OpenClass_Label,3,Chris Newman,CheckMat
Munich International Open IBJJF Jiu-Jitsu Championship,Adult/Male/Purple/Enum_WeightDivision_OpenClass_Label,3,Peter Lobeck,Gracie Barra
Munich International Open IBJJF Jiu-Jitsu Championship,Adult/Male/Brown/Light-Feather,1,Marcos Olinto Rocha Cavalcante,PSLPB Cicero Costha time A
Munich International Open IBJJF Jiu-Jitsu Championship,Adult/Male/Brown/Light-Feather,2,José Manuel Varela Sanchez,Nova União
Munich International Open IBJJF Jiu-Jitsu Championship,Adult/Male/Brown/Middle,1,Jonathon Reginald Thomas Maflin,Roger Gracie Academy
Munich International Open IBJJF Jiu-Jitsu Championship,Adult/Male/Brown/Medium-Heavy,1,Andy Nicolaas Virgenie Peters,Gracie Barra
Munich International Open IBJJF Jiu-Jitsu Championship,Adult/Male/Brown/Medium-Heavy,2,Vitalino Ceita das Neves e Silva,Brasa Portugal
Munich International Open IBJJF Jiu-Jitsu Championship,Adult/Male/Brown/Medium-Heavy,3,Caio Henrique Alves da Silva,Gustavo Freire BJJ
Munich International Open IBJJF Jiu-Jitsu Championship,Adult/Male/Brown/Medium-Heavy,3,David Rivera,Nova União
Munich International Open IBJJF Jiu-Jitsu Championship,Adult/Male/Brown/Heavy,1,AYUB MAGOMADOV,Alliance
Munich International Open IBJJF Jiu-Jitsu Championship,Adult/Male/Brown/Super-Heavy,1,Mohammad J A GH Ali,Kuwait Jiu-Jitsu Academy
Munich International Open IBJJF Jiu-Jitsu Championship,Adult/Male/Brown/Super-Heavy,2,Daniel  Brauchle,Luiz Palhares Jiu-Jitsu Europe
Munich International Open IBJJF Jiu-Jitsu Championship,Adult/Male/Brown/Super-Heavy,3,Gianluca Palombi,Tribe JJ
Munich International Open IBJJF Jiu-Jitsu Championship,Adult/Male/Brown/Enum_WeightDivision_OpenClass_Label,1,David Rivera,Nova União
Munich International Open IBJJF Jiu-Jitsu Championship,Adult/Male/Brown/Enum_WeightDivision_OpenClass_Label,2,Mohammad J A GH Ali,Kuwait Jiu-Jitsu Academy
Munich International Open IBJJF Jiu-Jitsu Championship,Adult/Male/Brown/Enum_WeightDivision_OpenClass_Label,3,AYUB MAGOMADOV,Alliance
Munich International Open IBJJF Jiu-Jitsu Championship,Adult/Male/Brown/Enum_WeightDivision_OpenClass_Label,3,Jonathon Reginald Thomas Maflin,Roger Gracie Academy
Munich International Open IBJJF Jiu-Jitsu Championship,Adult/Male/Black/Middle,1,Edson Antonio de Oliveira Filho,Alliance
Munich International Open IBJJF Jiu-Jitsu Championship,Adult/Male/Black/Middle,2,Gerson da Silva Carvalho,Alliance
Munich International Open IBJJF Jiu-Jitsu Championship,Adult/Male/Black/Medium-Heavy,1,Adriano Candido de Lima,GF Team
Munich International Open IBJJF Jiu-Jitsu Championship,Adult/Male/Black/Medium-Heavy,2,Akos Szekeres,ZR Team Hungary
Munich International Open IBJJF Jiu-Jitsu Championship,Adult/Male/Black/Medium-Heavy,3,Igor Araújo Ferreira de Castro,Gracie Barra
Munich International Open IBJJF Jiu-Jitsu Championship,Adult/Male/Black/Medium-Heavy,3,Marek Pawel Zbrog,Gracie Barra
Munich International Open IBJJF Jiu-Jitsu Championship,Adult/Male/Black/Super-Heavy,1,Adam Wardzinski,CheckMat
Munich International Open IBJJF Jiu-Jitsu Championship,Adult/Male/Black/Super-Heavy,2,Lucio Furtado Rodrigues,Gracie Barra
Munich International Open IBJJF Jiu-Jitsu Championship,Adult/Male/Black/Super-Heavy,3,Matheus Rodrigues P. S. V. da Silva,Stone Fight
Munich International Open IBJJF Jiu-Jitsu Championship,Adult/Male/Black/Ultra-Heavy,1,Igor Silva,GF Team
Munich International Open IBJJF Jiu-Jitsu Championship,Adult/Male/Black/Ultra-Heavy,2,Mieszko Maciej Maciejewski,Brasa Poland
Munich International Open IBJJF Jiu-Jitsu Championship,Adult/Male/Black/Ultra-Heavy,3,Martin Johannes Gobel,GCP Godzilla Competition Project
Munich International Open IBJJF Jiu-Jitsu Championship,Adult/Male/Black/Enum_WeightDivision_OpenClass_Label,1,Adam Wardzinski,CheckMat
Munich International Open IBJJF Jiu-Jitsu Championship,Adult/Male/Black/Enum_WeightDivision_OpenClass_Label,2,Igor Silva,GF Team
Munich International Open IBJJF Jiu-Jitsu Championship,Adult/Male/Black/Enum_WeightDivision_OpenClass_Label,3,Igor Araújo Ferreira de Castro,Gracie Barra
Munich International Open IBJJF Jiu-Jitsu Championship,Adult/Male/Black/Enum_WeightDivision_OpenClass_Label,3,Marek Pawel Zbrog,Gracie Barra
Munich International Open IBJJF Jiu-Jitsu Championship,Adult/Female/White/Feather,1,Franziska Blum,Carlson Gracie Team
Munich International Open IBJJF Jiu-Jitsu Championship,Adult/Female/White/Feather,2,Erica Agalliu,Roger Gracie Vienna
Munich International Open IBJJF Jiu-Jitsu Championship,Adult/Female/White/Feather,3,Laurence Floener,myBJJ Team
Munich International Open IBJJF Jiu-Jitsu Championship,Adult/Female/White/Feather,3,Mônica Damasceno,Frota Team Nogueira
Munich International Open IBJJF Jiu-Jitsu Championship,Adult/Female/White/Light,1,Federica Ghioldi,Juan Neves Bjj A.S.D.
Munich International Open IBJJF Jiu-Jitsu Championship,Adult/Female/White/Light,2,Alina Riebel,Pound for Pound Team
Munich International Open IBJJF Jiu-Jitsu Championship,Adult/Female/White/Light,3,Iris van der Zaag,Gracie Barra
Munich International Open IBJJF Jiu-Jitsu Championship,Adult/Female/White/Light,3,Nicola Jill Taylor,Gracie Barra
Munich International Open IBJJF Jiu-Jitsu Championship,Adult/Female/White/Middle,1,Iris Karjalainen,Frota Team Nogueira
Munich International Open IBJJF Jiu-Jitsu Championship,Adult/Female/White/Middle,2,Theresa Elisabeth Wiesholler,Pound for Pound Team
Munich International Open IBJJF Jiu-Jitsu Championship,Adult/Female/White/Middle,3,Marlen Stephanie Kristiansen,Frontline Academy
Munich International Open IBJJF Jiu-Jitsu Championship,Adult/Female/White/Medium-Heavy,1,Johanna Fuchs,Pound for Pound Team
Munich International Open IBJJF Jiu-Jitsu Championship,Adult/Female/White/Medium-Heavy,2,Claudia Gudrun Linzmaier,Caveirinha Jiu-Jitsu Family Frankfurt
Munich International Open IBJJF Jiu-Jitsu Championship,Adult/Female/White/Medium-Heavy,3,Christine Krämer,Luiz Palhares Jiu-Jitsu Europe
Munich International Open IBJJF Jiu-Jitsu Championship,Adult/Female/White/Medium-Heavy,3,Natascha Mannes,Pound for Pound Team
Munich International Open IBJJF Jiu-Jitsu Championship,Adult/Female/White/Heavy,1,Katharina Esterle,Association Aranha
Munich International Open IBJJF Jiu-Jitsu Championship,Adult/Female/White/Heavy,2,Natascha Manuela Wegmüller,Nova União
Munich International Open IBJJF Jiu-Jitsu Championship,Adult/Female/Blue/Feather,1,Amanda Pamela Nicole Schurtz,CheckMat
Munich International Open IBJJF Jiu-Jitsu Championship,Adult/Female/Blue/Feather,2,Leyla Özbek,GF Team
Munich International Open IBJJF Jiu-Jitsu Championship,Adult/Female/Blue/Feather,3,Laurien Zurhake,Pound for Pound Team
Munich International Open IBJJF Jiu-Jitsu Championship,Adult/Female/Blue/Feather,3,Sandra Jonas,CheckMat
Munich International Open IBJJF Jiu-Jitsu Championship,Adult/Female/Blue/Light,1,Yulia Vibe,Frontline Academy
Munich International Open IBJJF Jiu-Jitsu Championship,Adult/Female/Blue/Light,2,Alexandra Gilson,myBJJ Team
Munich International Open IBJJF Jiu-Jitsu Championship,Adult/Female/Blue/Light,3,Elodie Laetitia Aubert,Carlson Gracie Zurich
Munich International Open IBJJF Jiu-Jitsu Championship,Adult/Female/Blue/Super-Heavy,1,Anna Fehler,Luiz Palhares Jiu-Jitsu Europe
Munich International Open IBJJF Jiu-Jitsu Championship,Adult/Female/Blue/Enum_WeightDivision_OpenClass_Label,1,Yulia Vibe,Frontline Academy
Munich International Open IBJJF Jiu-Jitsu Championship,Adult/Female/Blue/Enum_WeightDivision_OpenClass_Label,2,Anna Fehler,Luiz Palhares Jiu-Jitsu Europe
Munich International Open IBJJF Jiu-Jitsu Championship,Adult/Female/Blue/Enum_WeightDivision_OpenClass_Label,3,Sandra Jonas,CheckMat
Munich International Open IBJJF Jiu-Jitsu Championship,Adult/Female/Purple/Light-Feather,1,Larissa Campos Carvalho,Gracie Reunion
Munich International Open IBJJF Jiu-Jitsu Championship,Adult/Female/Purple/Enum_WeightDivision_OpenClass_Label,1,Larissa Campos Carvalho,Gracie Reunion
Munich International Open IBJJF Jiu-Jitsu Championship,Adult/Female/Black/Super-Heavy,1,Tayane Porfírio de Araújo,Alliance
Munich International Open IBJJF Jiu-Jitsu Championship,Adult/Female/Black/Enum_WeightDivision_OpenClass_Label,1,Tayane Porfírio de Araújo,Alliance
Munich International Open IBJJF Jiu-Jitsu Championship,Master1/Male/White/Light-Feather,1,Samuel Dormond,Nova União
Munich International Open IBJJF Jiu-Jitsu Championship,Master1/Male/White/Light-Feather,2,Dmitry Varlamov,Pound for Pound Team
Munich International Open IBJJF Jiu-Jitsu Championship,Master1/Male/White/Light-Feather,3,Hamza Badidi,Pound for Pound Team
Munich International Open IBJJF Jiu-Jitsu Championship,Master1/Male/White/Feather,1,Sasho Angjelovski,Gracie Barra
Munich International Open IBJJF Jiu-Jitsu Championship,Master1/Male/White/Feather,2,Ramin Beissembekov,Alliance
Munich International Open IBJJF Jiu-Jitsu Championship,Master1/Male/White/Feather,3,Benjamin Sewiolo,Wolfgang Heindel Academy
Munich International Open IBJJF Jiu-Jitsu Championship,Master1/Male/White/Feather,3,Jörg Grünefeld,BJJ Globetrotters
Munich International Open IBJJF Jiu-Jitsu Championship,Master1/Male/White/Light,1,Kamil Wojdak,Carlson Gracie Zurich
Munich International Open IBJJF Jiu-Jitsu Championship,Master1/Male/White/Light,2,Francesco Mininni,CheckMat
Munich International Open IBJJF Jiu-Jitsu Championship,Master1/Male/White/Light,3,Alfonso Califano,Pound for Pound Team
Munich International Open IBJJF Jiu-Jitsu Championship,Master1/Male/White/Light,3,Pawel  Laszczyk,BJJ Akademie Berlin
Munich International Open IBJJF Jiu-Jitsu Championship,Master1/Male/White/Middle,1,Moreira Steve Domingos,Icon Jiu-Jitsu Team
Munich International Open IBJJF Jiu-Jitsu Championship,Master1/Male/White/Middle,2,Pantani Paco,Nova União
Munich International Open IBJJF Jiu-Jitsu Championship,Master1/Male/White/Middle,3,Marcelo Lemos Ferreira,Carlson Gracie Zurich
Munich International Open IBJJF Jiu-Jitsu Championship,Master1/Male/White/Middle,3,Vito Brockmann,Pound for Pound Team
Munich International Open IBJJF Jiu-Jitsu Championship,Master1/Male/White/Medium-Heavy,1,Khalil Benchakir,Pound for Pound Team
Munich International Open IBJJF Jiu-Jitsu Championship,Master1/Male/White/Medium-Heavy,2,Muamer Mehanovic,Pound for Pound Team
Munich International Open IBJJF Jiu-Jitsu Championship,Master1/Male/White/Medium-Heavy,3,Constantin Adrian Ghita,Pound for Pound Deutschland
Munich International Open IBJJF Jiu-Jitsu Championship,Master1/Male/White/Medium-Heavy,3,Paul Platner,Ribeiro Jiu Jitsu Germany
Munich International Open IBJJF Jiu-Jitsu Championship,Master1/Male/White/Heavy,1,Florian Gehrt,Gracie Barra
Munich International Open IBJJF Jiu-Jitsu Championship,Master1/Male/White/Heavy,2,Meruzhan Kakosyan,Kristian Cestaro Russian Team
Munich International Open IBJJF Jiu-Jitsu Championship,Master1/Male/White/Heavy,3,Peter Petroczy,BJJ Globetrotters
Munich International Open IBJJF Jiu-Jitsu Championship,Master1/Male/White/Heavy,3,Thomas Lucci,Pound for Pound Team
Munich International Open IBJJF Jiu-Jitsu Championship,Master1/Male/White/Ultra-Heavy,1,Talal Ghuneim,Ribeiro Jiu Jitsu Germany
Munich International Open IBJJF Jiu-Jitsu Championship,Master1/Male/White/Ultra-Heavy,2,Hector Juan Marchand,Choke-U
Munich International Open IBJJF Jiu-Jitsu Championship,Master1/Male/White/Ultra-Heavy,3,Nabil Bouzerna,Nova União
Munich International Open IBJJF Jiu-Jitsu Championship,Master1/Male/Blue/Feather,1,Andrew Müller,Zurich BJJ Lab
Munich International Open IBJJF Jiu-Jitsu Championship,Master1/Male/Blue/Feather,2,Florian Peters,GF Team
Munich International Open IBJJF Jiu-Jitsu Championship,Master1/Male/Blue/Feather,3,Lutz Philipp,Ferrer BJJ
Munich International Open IBJJF Jiu-Jitsu Championship,Master1/Male/Blue/Light,1,Mirco Kuznik,GF Team
Munich International Open IBJJF Jiu-Jitsu Championship,Master1/Male/Blue/Light,2,Martin Ratzkowski,Fight Gym Nürnberg
Munich International Open IBJJF Jiu-Jitsu Championship,Master1/Male/Blue/Light,3,Alexander Shniyagin,BJJ Globetrotters
Munich International Open IBJJF Jiu-Jitsu Championship,Master1/Male/Blue/Light,3,Javier Kaneshiro Taba,Mathias Ribeiro Team
Munich International Open IBJJF Jiu-Jitsu Championship,Master1/Male/Blue/Middle,1,Krisztian Kovacs,ZR Team Hungary
Munich International Open IBJJF Jiu-Jitsu Championship,Master1/Male/Blue/Middle,2,Hosni Ben Amor,GF Team
Munich International Open IBJJF Jiu-Jitsu Championship,Master1/Male/Blue/Middle,3,Carlos Alberto Silva Fernandes,Nova União
Munich International Open IBJJF Jiu-Jitsu Championship,Master1/Male/Blue/Middle,3,Dennis Karakoc,Nova União
Munich International Open IBJJF Jiu-Jitsu Championship,Master1/Male/Blue/Medium-Heavy,1,Mario Eichler,Gracie Barra
Munich International Open IBJJF Jiu-Jitsu Championship,Master1/Male/Blue/Medium-Heavy,2,Tor-Inge Nerhovde Gloppen,Yogui Brazilian Jiu Jitsu Academy
Munich International Open IBJJF Jiu-Jitsu Championship,Master1/Male/Blue/Medium-Heavy,3,Florian Finger,Pound for Pound Team
Munich International Open IBJJF Jiu-Jitsu Championship,Master1/Male/Blue/Medium-Heavy,3,William Cape,Carlson Gracie Zurich
Munich International Open IBJJF Jiu-Jitsu Championship,Master1/Male/Blue/Heavy,1,Lech Sebastian Kowalczyk,Akxe BJJ Germany
Munich International Open IBJJF Jiu-Jitsu Championship,Master1/Male/Blue/Heavy,2,Daniel Córdoba Hidalgo,Association Aranha
Munich International Open IBJJF Jiu-Jitsu Championship,Master1/Male/Blue/Heavy,3,Domenico Tricamo,Trinacria BJJ
Munich International Open IBJJF Jiu-Jitsu Championship,Master1/Male/Blue/Heavy,3,Justin Leigh Hodge,Gracie Barra
Munich International Open IBJJF Jiu-Jitsu Championship,Master1/Male/Blue/Super-Heavy,1,Kieto Pacheco,Calasans BJJ
Munich International Open IBJJF Jiu-Jitsu Championship,Master1/Male/Blue/Super-Heavy,2,Manuel João Balanga,Pound for Pound Team
Munich International Open IBJJF Jiu-Jitsu Championship,Master1/Male/Blue/Super-Heavy,3,Vlad George Darie,Absoluto BJJ
Munich International Open IBJJF Jiu-Jitsu Championship,Master1/Male/Blue/Ultra-Heavy,1,Christopher C.R. Morgan,The Dungeon BJJ
Munich International Open IBJJF Jiu-Jitsu Championship,Master1/Male/Blue/Ultra-Heavy,2,Jonas Hofrichter,Hilti BJJ IMAG Berlin
Munich International Open IBJJF Jiu-Jitsu Championship,Master1/Male/Blue/Enum_WeightDivision_OpenClass_Label,1,Kieto Pacheco,Calasans BJJ
Munich International Open IBJJF Jiu-Jitsu Championship,Master1/Male/Blue/Enum_WeightDivision_OpenClass_Label,2,Krisztian Kovacs,ZR Team Hungary
Munich International Open IBJJF Jiu-Jitsu Championship,Master1/Male/Blue/Enum_WeightDivision_OpenClass_Label,3,Florian Finger,Pound for Pound Team
Munich International Open IBJJF Jiu-Jitsu Championship,Master1/Male/Blue/Enum_WeightDivision_OpenClass_Label,3,Hosni Ben Amor,GF Team
Munich International Open IBJJF Jiu-Jitsu Championship,Master1/Male/Purple/Feather,1,Andreas Karanatsios,Pound for Pound Team
Munich International Open IBJJF Jiu-Jitsu Championship,Master1/Male/Purple/Feather,2,Luis Jorge Moreira Almada Monteiro,Nova União
Munich International Open IBJJF Jiu-Jitsu Championship,Master1/Male/Purple/Light,1,Everton Borges,Frota Team Nogueira
Munich International Open IBJJF Jiu-Jitsu Championship,Master1/Male/Purple/Light,2,Wilko Wilken,GF Team
Munich International Open IBJJF Jiu-Jitsu Championship,Master1/Male/Purple/Light,3,Andrea Maniaci,MatSide Jiu Jitsu
Munich International Open IBJJF Jiu-Jitsu Championship,Master1/Male/Purple/Light,3,Selim Bugur,Hilti BJJ IMAG Berlin
Munich International Open IBJJF Jiu-Jitsu Championship,Master1/Male/Purple/Middle,1,Wolfgang Distler,Fight Gym Nürnberg
Munich International Open IBJJF Jiu-Jitsu Championship,Master1/Male/Purple/Middle,2,Osvaldo Dario Jacquet Valdez,JFC Almeida JJ
Munich International Open IBJJF Jiu-Jitsu Championship,Master1/Male/Purple/Middle,3,Richard Long,CheckMat
Munich International Open IBJJF Jiu-Jitsu Championship,Master1/Male/Purple/Middle,3,Shaun-Ryan Sanchez,Choke-U
Munich International Open IBJJF Jiu-Jitsu Championship,Master1/Male/Purple/Medium-Heavy,1,Martin Mascher,Ribeiro Jiu-Jitsu International
Munich International Open IBJJF Jiu-Jitsu Championship,Master1/Male/Purple/Medium-Heavy,2,Alisha Ahmad,Carlson Gracie Zurich
Munich International Open IBJJF Jiu-Jitsu Championship,Master1/Male/Purple/Medium-Heavy,3,Tiago De Paula,Carlson Gracie Zurich
Munich International Open IBJJF Jiu-Jitsu Championship,Master1/Male/Purple/Medium-Heavy,3,Ying Hao Ma,Gracie Barra
Munich International Open IBJJF Jiu-Jitsu Championship,Master1/Male/Purple/Super-Heavy,1,Alex Bristow,BJJ Globetrotters
Munich International Open IBJJF Jiu-Jitsu Championship,Master1/Male/Purple/Super-Heavy,2,Sakir Selman Özcan,BJJ Globetrotters
Munich International Open IBJJF Jiu-Jitsu Championship,Master1/Male/Purple/Ultra-Heavy,1,Konrad Vanselow,Carlson Gracie Zurich
Munich International Open IBJJF Jiu-Jitsu Championship,Master1/Male/Purple/Ultra-Heavy,2,Carlos Alberto  Santos Silva Junior,Nova União
Munich International Open IBJJF Jiu-Jitsu Championship,Master1/Male/Purple/Enum_WeightDivision_OpenClass_Label,1,Konrad Vanselow,Carlson Gracie Zurich
Munich International Open IBJJF Jiu-Jitsu Championship,Master1/Male/Purple/Enum_WeightDivision_OpenClass_Label,2,Wilko Wilken,GF Team
Munich International Open IBJJF Jiu-Jitsu Championship,Master1/Male/Purple/Enum_WeightDivision_OpenClass_Label,3,Alisha Ahmad,Carlson Gracie Zurich
Munich International Open IBJJF Jiu-Jitsu Championship,Master1/Male/Purple/Enum_WeightDivision_OpenClass_Label,3,Sakir Selman Özcan,BJJ Globetrotters
Munich International Open IBJJF Jiu-Jitsu Championship,Master1/Male/Brown/Heavy,1,Artur Piotr Szymanski,Zenith BJJ - Poland
Munich International Open IBJJF Jiu-Jitsu Championship,Master1/Male/Brown/Heavy,2,Graeme Finneran,Gracie Barra
Munich International Open IBJJF Jiu-Jitsu Championship,Master1/Male/Brown/Enum_WeightDivision_OpenClass_Label,1,Artur Piotr Szymanski,Zenith BJJ - Poland
Munich International Open IBJJF Jiu-Jitsu Championship,Master1/Male/Brown/Enum_WeightDivision_OpenClass_Label,2,Graeme Finneran,Gracie Barra
Munich International Open IBJJF Jiu-Jitsu Championship,Master1/Male/Black/Feather,1,Ivanildo Rollemberg Lima,Nova União
Munich International Open IBJJF Jiu-Jitsu Championship,Master1/Male/Black/Feather,2,Walter Mark John Barnes,Gracie Barra
Munich International Open IBJJF Jiu-Jitsu Championship,Master1/Male/Black/Light,1,Gabriel Rainho Fontes,GF Team
Munich International Open IBJJF Jiu-Jitsu Championship,Master1/Male/Black/Light,2,Sebastian Hans-Jakob Heuser,Atos Jiu-Jitsu
Munich International Open IBJJF Jiu-Jitsu Championship,Master1/Male/Black/Light,3,Ronald Josue Sanchez Cordero,Gracie Humaita International
Munich International Open IBJJF Jiu-Jitsu Championship,Master1/Male/Black/Middle,1,Jaouad Karbal,Gracie Barra
Munich International Open IBJJF Jiu-Jitsu Championship,Master1/Male/Black/Middle,2,Gustavo Guimaraes Michels,Nova União
Munich International Open IBJJF Jiu-Jitsu Championship,Master1/Male/Black/Middle,3,Fernando Cora Reis Pinto,Gold Team Fighters
Munich International Open IBJJF Jiu-Jitsu Championship,Master1/Male/Black/Middle,3,Rodrigo de Oliveira Pereira,GF Team
Munich International Open IBJJF Jiu-Jitsu Championship,Master1/Male/Black/Ultra-Heavy,1,Francisco Ramos Mendes Neto,CheckMat
Munich International Open IBJJF Jiu-Jitsu Championship,Master1/Male/Black/Ultra-Heavy,2,Danilson de Jesus Monteiro Da Silva,Nova União
Munich International Open IBJJF Jiu-Jitsu Championship,Master1/Male/Black/Ultra-Heavy,3,Jim Sanders,Choke-U
Munich International Open IBJJF Jiu-Jitsu Championship,Master1/Male/Black/Enum_WeightDivision_OpenClass_Label,1,Francisco Ramos Mendes Neto,CheckMat
Munich International Open IBJJF Jiu-Jitsu Championship,Master1/Male/Black/Enum_WeightDivision_OpenClass_Label,2,Danilson de Jesus Monteiro Da Silva,Nova União
Munich International Open IBJJF Jiu-Jitsu Championship,Master1/Male/Black/Enum_WeightDivision_OpenClass_Label,3,Jaouad Karbal,Gracie Barra
Munich International Open IBJJF Jiu-Jitsu Championship,Master1/Male/Black/Enum_WeightDivision_OpenClass_Label,3,Jim Sanders,Choke-U
Munich International Open IBJJF Jiu-Jitsu Championship,Master1/Female/Blue/Feather,1,Kelly Ann Hopkins,Gracie Barra
Munich International Open IBJJF Jiu-Jitsu Championship,Master1/Female/Blue/Feather,2,Naroa Garcia,Gracie Barra
Munich International Open IBJJF Jiu-Jitsu Championship,Master1/Female/Blue/Feather,3,Songül Atmaca,Nova União
Munich International Open IBJJF Jiu-Jitsu Championship,Master1/Female/Blue/Light,1,Lydia Green,BJJ Globetrotters
Munich International Open IBJJF Jiu-Jitsu Championship,Master1/Female/Blue/Light,2,Kimberlj Böhm,Pound for Pound Team
Munich International Open IBJJF Jiu-Jitsu Championship,Master1/Female/Blue/Middle,1,Bianca Siegemund,Wolfgang Heindel Academy
Munich International Open IBJJF Jiu-Jitsu Championship,Master1/Female/Blue/Middle,2,Christina Brauchle,Nova União
Munich International Open IBJJF Jiu-Jitsu Championship,Master1/Female/Blue/Medium-Heavy,1,Ozge Özcan,BJJ Globetrotters
Munich International Open IBJJF Jiu-Jitsu Championship,Master1/Female/Blue/Enum_WeightDivision_OpenClass_Label,1,Bianca Siegemund,Wolfgang Heindel Academy
Munich International Open IBJJF Jiu-Jitsu Championship,Master1/Female/Blue/Enum_WeightDivision_OpenClass_Label,2,Kimberlj Böhm,Pound for Pound Team
Munich International Open IBJJF Jiu-Jitsu Championship,Master1/Female/Blue/Enum_WeightDivision_OpenClass_Label,3,Lydia Green,BJJ Globetrotters
Munich International Open IBJJF Jiu-Jitsu Championship,Master1/Female/Blue/Enum_WeightDivision_OpenClass_Label,3,Songül Atmaca,Nova União
Munich International Open IBJJF Jiu-Jitsu Championship,Master1/Female/Purple/Middle,1,Oxana Bench,Ribeiro Jiu-Jitsu International
Munich International Open IBJJF Jiu-Jitsu Championship,Master1/Female/Purple/Medium-Heavy,1,Nicole Urschinger,Association Aranha
Munich International Open IBJJF Jiu-Jitsu Championship,Master1/Female/Purple/Enum_WeightDivision_OpenClass_Label,1,Nicole Urschinger,Association Aranha
Munich International Open IBJJF Jiu-Jitsu Championship,Master1/Female/Purple/Enum_WeightDivision_OpenClass_Label,2,Oxana Bench,Ribeiro Jiu-Jitsu International
Munich International Open IBJJF Jiu-Jitsu Championship,Master2/Male/White/Light,1,Mirco Christian Karjalainen,Frota Team Nogueira
Munich International Open IBJJF Jiu-Jitsu Championship,Master2/Male/White/Light,2,Lev Lazar,Gracie Barra
Munich International Open IBJJF Jiu-Jitsu Championship,Master2/Male/White/Light,3,Petko Politov,Pound for Pound Team
Munich International Open IBJJF Jiu-Jitsu Championship,Master2/Male/White/Middle,1,Falk Schulz,Gracie Barra
Munich International Open IBJJF Jiu-Jitsu Championship,Master2/Male/White/Middle,2,Marko Radojevic,Gracie Barra
Munich International Open IBJJF Jiu-Jitsu Championship,Master2/Male/White/Middle,3,Maximilian Macek,Pound for Pound Team
Munich International Open IBJJF Jiu-Jitsu Championship,Master2/Male/White/Middle,3,Osman Yanpar,BJJ Globetrotters
Munich International Open IBJJF Jiu-Jitsu Championship,Master2/Male/White/Medium-Heavy,1,Christopher Victor Mvuaba,Nova União
Munich International Open IBJJF Jiu-Jitsu Championship,Master2/Male/White/Medium-Heavy,2,Marcin Zonenberg,Gracie Barra
Munich International Open IBJJF Jiu-Jitsu Championship,Master2/Male/White/Medium-Heavy,3,Luan Berisha,Pound for Pound Team
Munich International Open IBJJF Jiu-Jitsu Championship,Master2/Male/White/Heavy,1,Petr Neplech,Jungle Brazilian Jiu-Jitsu
Munich International Open IBJJF Jiu-Jitsu Championship,Master2/Male/White/Heavy,2,Roland Lechner,GF Team
Munich International Open IBJJF Jiu-Jitsu Championship,Master2/Male/White/Heavy,3,Domenico Cefariello,Juan Neves Bjj A.S.D.
Munich International Open IBJJF Jiu-Jitsu Championship,Master2/Male/White/Heavy,3,Rene Paschka,Gracie Barra
Munich International Open IBJJF Jiu-Jitsu Championship,Master2/Male/White/Super-Heavy,1,Bela Szabo,Ultimate Gym - Team Frontera
Munich International Open IBJJF Jiu-Jitsu Championship,Master2/Male/White/Super-Heavy,2,Thomas Lux,Pound for Pound Team
Munich International Open IBJJF Jiu-Jitsu Championship,Master2/Male/White/Super-Heavy,3,Bilal Kazaal,Kuwait Jiu-Jitsu Academy
Munich International Open IBJJF Jiu-Jitsu Championship,Master2/Male/White/Super-Heavy,3,Frank Hailer,Luiz Palhares Jiu-Jitsu Europe
Munich International Open IBJJF Jiu-Jitsu Championship,Master2/Male/White/Ultra-Heavy,1,Umut Celik,GF Team
Munich International Open IBJJF Jiu-Jitsu Championship,Master2/Male/White/Ultra-Heavy,2,Raymond O Miller,Marcio Cruz Brazilian Jiu-Jitsu
Munich International Open IBJJF Jiu-Jitsu Championship,Master2/Male/White/Ultra-Heavy,3,Claudio Grieco,Pound for Pound Team
Munich International Open IBJJF Jiu-Jitsu Championship,Master2/Male/White/Ultra-Heavy,3,Ivan Tomovic,Gracie Barra
Munich International Open IBJJF Jiu-Jitsu Championship,Master2/Male/Blue/Light-Feather,1,Fernando Daniel Matile,Jaraguá BJJ
Munich International Open IBJJF Jiu-Jitsu Championship,Master2/Male/Blue/Light,1,Łukasz Urbański,Zenith BJJ - International
Munich International Open IBJJF Jiu-Jitsu Championship,Master2/Male/Blue/Light,2,Boudjadja Rachid,Gracie Barra
Munich International Open IBJJF Jiu-Jitsu Championship,Master2/Male/Blue/Light,3,Angelo Gennari,Juan Neves Bjj A.S.D.
Munich International Open IBJJF Jiu-Jitsu Championship,Master2/Male/Blue/Middle,1,Laurent Clerc,Gilson Farias Team
Munich International Open IBJJF Jiu-Jitsu Championship,Master2/Male/Blue/Middle,2,José Esteves Júnior,Pound for Pound Team
Munich International Open IBJJF Jiu-Jitsu Championship,Master2/Male/Blue/Middle,3,Alexandre Yonamine Tsuno,Gracie Barra
Munich International Open IBJJF Jiu-Jitsu Championship,Master2/Male/Blue/Middle,3,Marvin Neill,Wolfgang Heindel Academy
Munich International Open IBJJF Jiu-Jitsu Championship,Master2/Male/Blue/Medium-Heavy,1,Murat  Efendi,Pound for Pound Team
Munich International Open IBJJF Jiu-Jitsu Championship,Master2/Male/Blue/Medium-Heavy,2,Björn Forster,Pound for Pound Team
Munich International Open IBJJF Jiu-Jitsu Championship,Master2/Male/Blue/Medium-Heavy,3,Nicolas Schäfer,Ribeiro Jiu Jitsu Germany
Munich International Open IBJJF Jiu-Jitsu Championship,Master2/Male/Blue/Medium-Heavy,3,Robin Hau,Ultimate Gym - Team Frontera
Munich International Open IBJJF Jiu-Jitsu Championship,Master2/Male/Blue/Heavy,1,Marcel  Rothe,Akxe BJJ Germany
Munich International Open IBJJF Jiu-Jitsu Championship,Master2/Male/Blue/Heavy,2,Yves Andre Ing Mattis,Roger Gracie Vienna
Munich International Open IBJJF Jiu-Jitsu Championship,Master2/Male/Blue/Heavy,3,Dennis Peste,GF Team
Munich International Open IBJJF Jiu-Jitsu Championship,Master2/Male/Blue/Ultra-Heavy,1,Jan Vlasak,Jungle Brazilian Jiu-Jitsu
Munich International Open IBJJF Jiu-Jitsu Championship,Master2/Male/Blue/Ultra-Heavy,2,Alen Ramic,Gracie Barra
Munich International Open IBJJF Jiu-Jitsu Championship,Master2/Male/Blue/Enum_WeightDivision_OpenClass_Label,1,Jan Vlasak,Jungle Brazilian Jiu-Jitsu
Munich International Open IBJJF Jiu-Jitsu Championship,Master2/Male/Blue/Enum_WeightDivision_OpenClass_Label,2,Murat  Efendi,Pound for Pound Team
Munich International Open IBJJF Jiu-Jitsu Championship,Master2/Male/Blue/Enum_WeightDivision_OpenClass_Label,3,Fernando Daniel Matile,Jaraguá BJJ
Munich International Open IBJJF Jiu-Jitsu Championship,Master2/Male/Blue/Enum_WeightDivision_OpenClass_Label,3,Robin Hau,Ultimate Gym - Team Frontera
Munich International Open IBJJF Jiu-Jitsu Championship,Master2/Male/Purple/Light,1,Kevin Cunningham,Scott Ramsay Brazilian Jiu-Jitsu
Munich International Open IBJJF Jiu-Jitsu Championship,Master2/Male/Purple/Light,2,Gürkan Baydogan,GF Team
Munich International Open IBJJF Jiu-Jitsu Championship,Master2/Male/Purple/Light,3,Ilya  Motorygin,Frota Team Nogueira
Munich International Open IBJJF Jiu-Jitsu Championship,Master2/Male/Purple/Light,3,Martin Mihajlov,Gracie Barra
Munich International Open IBJJF Jiu-Jitsu Championship,Master2/Male/Purple/Middle,1,Andrey Anatolievich Lanin,CheckMat
Munich International Open IBJJF Jiu-Jitsu Championship,Master2/Male/Purple/Middle,2,Đorđe Vasić,Nova União
Munich International Open IBJJF Jiu-Jitsu Championship,Master2/Male/Purple/Middle,3,Antonio Bovino,Icon Jiu-Jitsu Team
Munich International Open IBJJF Jiu-Jitsu Championship,Master2/Male/Purple/Medium-Heavy,1,Predrag Arsenic,Ribeiro Jiu Jitsu Germany
Munich International Open IBJJF Jiu-Jitsu Championship,Master2/Male/Purple/Medium-Heavy,2,Richard Kerrigan,Roger Gracie
Munich International Open IBJJF Jiu-Jitsu Championship,Master2/Male/Purple/Super-Heavy,1,Alessandro Cozac Tammaro  de Vale,Gracie Barra
Munich International Open IBJJF Jiu-Jitsu Championship,Master2/Male/Purple/Super-Heavy,2,Mohamed Salah Mansouri,Pound for Pound Team
Munich International Open IBJJF Jiu-Jitsu Championship,Master2/Male/Purple/Enum_WeightDivision_OpenClass_Label,1,Gürkan Baydogan,GF Team
Munich International Open IBJJF Jiu-Jitsu Championship,Master2/Male/Purple/Enum_WeightDivision_OpenClass_Label,2,Richard Kerrigan,Roger Gracie
Munich International Open IBJJF Jiu-Jitsu Championship,Master2/Male/Purple/Enum_WeightDivision_OpenClass_Label,3,Đorđe Vasić,Nova União
Munich International Open IBJJF Jiu-Jitsu Championship,Master2/Male/Purple/Enum_WeightDivision_OpenClass_Label,3,Mohamed Salah Mansouri,Pound for Pound Team
Munich International Open IBJJF Jiu-Jitsu Championship,Master2/Male/Brown/Super-Heavy,1,Marcos Aurelio Dos Santos Melo,Gravity BJJ
Munich International Open IBJJF Jiu-Jitsu Championship,Master2/Male/Brown/Enum_WeightDivision_OpenClass_Label,1,Marcos Aurelio Dos Santos Melo,Gravity BJJ
Munich International Open IBJJF Jiu-Jitsu Championship,Master2/Male/Black/Feather,1,Claudemir José de Souza,Icon Jiu-Jitsu Team
Munich International Open IBJJF Jiu-Jitsu Championship,Master2/Male/Black/Feather,2,Jose Luis Zapater Aguirre,Association Aranha
Munich International Open IBJJF Jiu-Jitsu Championship,Master2/Male/Black/Middle,1,Haroldo Victoriano Bunn,Nova União
Munich International Open IBJJF Jiu-Jitsu Championship,Master2/Male/Black/Middle,2,Arno Spreen,GF Team
Munich International Open IBJJF Jiu-Jitsu Championship,Master2/Male/Black/Medium-Heavy,1,Antônio Sérgio Zimmermann Cardoso,Pound for Pound Team
Munich International Open IBJJF Jiu-Jitsu Championship,Master2/Male/Black/Medium-Heavy,2,Derek Pucci,Alliance
Munich International Open IBJJF Jiu-Jitsu Championship,Master2/Male/Black/Medium-Heavy,3,Colin John Howells,Vitor Shaolin BJJ International
Munich International Open IBJJF Jiu-Jitsu Championship,Master2/Male/Black/Medium-Heavy,3,Fouzan Alsabej,Kuwait Jiu-Jitsu Academy
Munich International Open IBJJF Jiu-Jitsu Championship,Master2/Male/Black/Heavy,1,Paulo Sergio Gazze Jr.,Gazze Academy
Munich International Open IBJJF Jiu-Jitsu Championship,Master2/Male/Black/Super-Heavy,1,Pablo Tees Leite,Frota Team Nogueira
Munich International Open IBJJF Jiu-Jitsu Championship,Master2/Male/Black/Enum_WeightDivision_OpenClass_Label,1,Antônio Sérgio Zimmermann Cardoso,Pound for Pound Team
Munich International Open IBJJF Jiu-Jitsu Championship,Master2/Male/Black/Enum_WeightDivision_OpenClass_Label,2,Pablo Tees Leite,Frota Team Nogueira
Munich International Open IBJJF Jiu-Jitsu Championship,Master2/Male/Black/Enum_WeightDivision_OpenClass_Label,3,Arno Spreen,GF Team
Munich International Open IBJJF Jiu-Jitsu Championship,Master2/Male/Black/Enum_WeightDivision_OpenClass_Label,3,Fouzan Alsabej,Kuwait Jiu-Jitsu Academy
Munich International Open IBJJF Jiu-Jitsu Championship,Master3/Male/Blue/Ultra-Heavy,1,Mike Huber,Ribeiro Jiu Jitsu Germany
Munich International Open IBJJF Jiu-Jitsu Championship,Master3/Male/Blue/Ultra-Heavy,2,Attila Szecsödi,Roger Gracie Vienna
Munich International Open IBJJF Jiu-Jitsu Championship,Master3/Male/Blue/Ultra-Heavy,3,Osni Silva,Gracie Barra
Munich International Open IBJJF Jiu-Jitsu Championship,Master3/Male/Purple/Middle,1,Wilhelm Siegemund,Wolfgang Heindel Academy
Munich International Open IBJJF Jiu-Jitsu Championship,Master3/Male/Purple/Middle,2,Maik Henneberg,Gracie Barra
Munich International Open IBJJF Jiu-Jitsu Championship,Master3/Male/Purple/Medium-Heavy,1,Martin Haut,GF Team
Munich International Open IBJJF Jiu-Jitsu Championship,Master3/Male/Purple/Medium-Heavy,2,Agron Berisha,Pound for Pound Team
Munich International Open IBJJF Jiu-Jitsu Championship,Master3/Male/Purple/Medium-Heavy,3,Dario Coppola,Pound for Pound Team
Munich International Open IBJJF Jiu-Jitsu Championship,Master3/Male/Purple/Enum_WeightDivision_OpenClass_Label,1,Wilhelm Siegemund,Wolfgang Heindel Academy
Munich International Open IBJJF Jiu-Jitsu Championship,Master3/Male/Purple/Enum_WeightDivision_OpenClass_Label,2,Dario Coppola,Pound for Pound Team
Munich International Open IBJJF Jiu-Jitsu Championship,Master3/Male/Purple/Enum_WeightDivision_OpenClass_Label,3,Maik Henneberg,Gracie Barra
Munich International Open IBJJF Jiu-Jitsu Championship,Master3/Male/Black/Medium-Heavy,1,Patrick Talmon,GF Team
Munich International Open IBJJF Jiu-Jitsu Championship,Master3/Male/Black/Medium-Heavy,2,Marcus Aragao Costa,Nova União
Munich International Open IBJJF Jiu-Jitsu Championship,Master3/Male/Black/Super-Heavy,1,Patrick L Robinson,Choke-U
Munich International Open IBJJF Jiu-Jitsu Championship,Master3/Male/Black/Super-Heavy,2,Alexsandro Barbosa Agostinho,CheckMat
Munich International Open IBJJF Jiu-Jitsu Championship,Master3/Male/Black/Enum_WeightDivision_OpenClass_Label,1,Alexsandro Barbosa Agostinho,CheckMat
Munich International Open IBJJF Jiu-Jitsu Championship,Master3/Male/Black/Enum_WeightDivision_OpenClass_Label,2,Patrick L Robinson,Choke-U
Munich International Open IBJJF Jiu-Jitsu Championship,Master3/Male/Black/Enum_WeightDivision_OpenClass_Label,3,Patrick Talmon,GF Team
Munich International Open IBJJF Jiu-Jitsu Championship,Master4/Male/Purple/Medium-Heavy,1,Leo Noordergraaf,Jiu Jitsu Factory
Munich International Open IBJJF Jiu-Jitsu Championship,Master4/Male/Purple/Medium-Heavy,2,Stephan Erwin Feldmeier,KS-Gym München
Munich International Open IBJJF Jiu-Jitsu Championship,Master4/Male/Purple/Enum_WeightDivision_OpenClass_Label,1,Leo Noordergraaf,Jiu Jitsu Factory
Munich International Open IBJJF Jiu-Jitsu Championship,Master4/Male/Purple/Enum_WeightDivision_OpenClass_Label,2,Stephan Erwin Feldmeier,KS-Gym München
Munich International Open IBJJF Jiu-Jitsu Championship,Master4/Male/Black/Light,1,Juan Eduardo Neves,Juan Neves Bjj A.S.D.
Munich International Open IBJJF Jiu-Jitsu Championship,Master4/Male/Black/Light,2,Carlos Augusto Gagliardi,Nova União
Munich International Open IBJJF Jiu-Jitsu Championship,Master4/Male/Black/Enum_WeightDivision_OpenClass_Label,1,Carlos Augusto Gagliardi,Nova União
Munich International Open IBJJF Jiu-Jitsu Championship,Juvenile/Female/Blue/Middle,1,Sara Luiza Vogel,Atos Jiu-Jitsu
Munich International Open IBJJF Jiu-Jitsu Championship,Juvenile/Female/Blue/Medium-Heavy,1,Deniz Birey,BJJ Globetrotters
Munich International Open IBJJF Jiu-Jitsu Championship,Juvenile/Female/Blue/Enum_WeightDivision_OpenClass_Label,1,Sara Luiza Vogel,Atos Jiu-Jitsu
Munich International Open IBJJF Jiu-Jitsu Championship,Juvenile/Female/Blue/Enum_WeightDivision_OpenClass_Label,2,Deniz Birey,BJJ Globetrotters
