Miami Spring International Open IBJJF Jiu-Jitsu 2017,Adult/Male/White/Light-Feather,1,Alex Perez,American Top Team
Miami Spring International Open IBJJF Jiu-Jitsu 2017,Adult/Male/White/Light-Feather,2,Matias Caceres,Carlson Gracie Team
Miami Spring International Open IBJJF Jiu-Jitsu 2017,Adult/Male/White/Light-Feather,3,Henrique Scheffer,Big Brothers
Miami Spring International Open IBJJF Jiu-Jitsu 2017,Adult/Male/White/Light-Feather,3,Richard Marcus Cordova,Gracie Barra
Miami Spring International Open IBJJF Jiu-Jitsu 2017,Adult/Male/White/Feather,1,Ryan Joseph Shaughnessy,Kimura BJJ USA
Miami Spring International Open IBJJF Jiu-Jitsu 2017,Adult/Male/White/Feather,2,Vinicius Domingues,Kimura BJJ USA
Miami Spring International Open IBJJF Jiu-Jitsu 2017,Adult/Male/White/Feather,3,Patrick Sebastian Cazorla,Fight Sports
Miami Spring International Open IBJJF Jiu-Jitsu 2017,Adult/Male/White/Feather,3,Ty Fundaminsky,UFC Gyms of South Florida
Miami Spring International Open IBJJF Jiu-Jitsu 2017,Adult/Male/White/Light,1,Zachary Palmer,Kimura BJJ USA
Miami Spring International Open IBJJF Jiu-Jitsu 2017,Adult/Male/White/Light,2,Mario Fuentes,Gracie Elite Team
Miami Spring International Open IBJJF Jiu-Jitsu 2017,Adult/Male/White/Light,3,James Andrew Liberman,American Top Team
Miami Spring International Open IBJJF Jiu-Jitsu 2017,Adult/Male/White/Light,3,Noah Langmade,Team Third Law
Miami Spring International Open IBJJF Jiu-Jitsu 2017,Adult/Male/White/Middle,1,Jessi Frank Kimmerly,RMBJJ Academy
Miami Spring International Open IBJJF Jiu-Jitsu 2017,Adult/Male/White/Middle,2,Alan Riccardo Perez,Start Brazilian Jiu-Jitsu
Miami Spring International Open IBJJF Jiu-Jitsu 2017,Adult/Male/White/Middle,3,Daniel Cornsweet,Fight Sports
Miami Spring International Open IBJJF Jiu-Jitsu 2017,Adult/Male/White/Middle,3,Kyle Tai,Fight Sports
Miami Spring International Open IBJJF Jiu-Jitsu 2017,Adult/Male/White/Medium-Heavy,1,John William Robertson,RMBJJ Academy
Miami Spring International Open IBJJF Jiu-Jitsu 2017,Adult/Male/White/Medium-Heavy,2,Albert Robleto,Fight Sports BJJ
Miami Spring International Open IBJJF Jiu-Jitsu 2017,Adult/Male/White/Medium-Heavy,3,Gabriel M Garcia,Fight Sports
Miami Spring International Open IBJJF Jiu-Jitsu 2017,Adult/Male/White/Medium-Heavy,3,Nicholas Wahrer,Carlson Gracie Team
Miami Spring International Open IBJJF Jiu-Jitsu 2017,Adult/Male/White/Heavy,1,Hector Acosta,Atos Jiu-Jitsu
Miami Spring International Open IBJJF Jiu-Jitsu 2017,Adult/Male/White/Heavy,2,Nadin Ortega,Gracie Barra
Miami Spring International Open IBJJF Jiu-Jitsu 2017,Adult/Male/White/Heavy,3,Allan Saint-Gelais,Fight Sports
Miami Spring International Open IBJJF Jiu-Jitsu 2017,Adult/Male/White/Heavy,3,Kevin Anthony Black,Atos Jiu-Jitsu
Miami Spring International Open IBJJF Jiu-Jitsu 2017,Adult/Male/White/Super-Heavy,1,Stephen Michael Newman,American Top Team
Miami Spring International Open IBJJF Jiu-Jitsu 2017,Adult/Male/White/Super-Heavy,2,Alan Antun,Gracie Elite Team
Miami Spring International Open IBJJF Jiu-Jitsu 2017,Adult/Male/White/Super-Heavy,3,Brandon Torres,Carlson Gracie Team
Miami Spring International Open IBJJF Jiu-Jitsu 2017,Adult/Male/White/Super-Heavy,3,Erik Price,UFC Gym
Miami Spring International Open IBJJF Jiu-Jitsu 2017,Adult/Male/White/Ultra-Heavy,1,Alexander Wethy,Fight Sports
Miami Spring International Open IBJJF Jiu-Jitsu 2017,Adult/Male/White/Ultra-Heavy,2,Chris  Konawel,Gracie Barra
Miami Spring International Open IBJJF Jiu-Jitsu 2017,Adult/Male/White/Ultra-Heavy,3,Justin Matthew Carr,Jean Jacques Machado Florida
Miami Spring International Open IBJJF Jiu-Jitsu 2017,Adult/Male/Blue/Rooster,1,Sebastian  Calvo,Gracie Elite Team
Miami Spring International Open IBJJF Jiu-Jitsu 2017,Adult/Male/Blue/Rooster,2,Daniel Heredia,Fight Sports
Miami Spring International Open IBJJF Jiu-Jitsu 2017,Adult/Male/Blue/Light-Feather,1,Alexandru Costan,Atos Jiu-Jitsu
Miami Spring International Open IBJJF Jiu-Jitsu 2017,Adult/Male/Blue/Light-Feather,2,Gavin Mikhail Corbe,Gracie Jiu-Jitsu Pedro Sauer Team
Miami Spring International Open IBJJF Jiu-Jitsu 2017,Adult/Male/Blue/Light-Feather,3,Allen Joseph Kasper,AJ Sousa BJJ
Miami Spring International Open IBJJF Jiu-Jitsu 2017,Adult/Male/Blue/Light-Feather,3,Tao Soya,Gracie Barra JJ
Miami Spring International Open IBJJF Jiu-Jitsu 2017,Adult/Male/Blue/Feather,1,Igor Feliz,Renato Tavares Association
Miami Spring International Open IBJJF Jiu-Jitsu 2017,Adult/Male/Blue/Feather,2,An Vu,Roberto Traven BJJ
Miami Spring International Open IBJJF Jiu-Jitsu 2017,Adult/Male/Blue/Feather,3,Justus Walker,Jean Jacques Machado Florida
Miami Spring International Open IBJJF Jiu-Jitsu 2017,Adult/Male/Blue/Feather,3,Salvatore Marandino,GF Team
Miami Spring International Open IBJJF Jiu-Jitsu 2017,Adult/Male/Blue/Light,1,Hugo Simplício Palma,Gracie Barra
Miami Spring International Open IBJJF Jiu-Jitsu 2017,Adult/Male/Blue/Light,2,Thiago Bellucci,Unity Jiu-jitsu
Miami Spring International Open IBJJF Jiu-Jitsu 2017,Adult/Male/Blue/Light,3,Benjamin Kunzle,Fight Sports
Miami Spring International Open IBJJF Jiu-Jitsu 2017,Adult/Male/Blue/Light,3,Joshua Gerik Joseph Boodhoo-Cere,Gracie Elite Team
Miami Spring International Open IBJJF Jiu-Jitsu 2017,Adult/Male/Blue/Middle,1,Mikaelle Lorenzo Fundora,Carlson Gracie Team
Miami Spring International Open IBJJF Jiu-Jitsu 2017,Adult/Male/Blue/Middle,2,Eiker Loyo,Marcio Cruz Brazilian Jiu-Jitsu
Miami Spring International Open IBJJF Jiu-Jitsu 2017,Adult/Male/Blue/Middle,3,Diego Amancio,Kimura BJJ USA
Miami Spring International Open IBJJF Jiu-Jitsu 2017,Adult/Male/Blue/Middle,3,Stefano Beretta,Guigo JJ International
Miami Spring International Open IBJJF Jiu-Jitsu 2017,Adult/Male/Blue/Medium-Heavy,1,Steven Davis,Unity Jiu-jitsu
Miami Spring International Open IBJJF Jiu-Jitsu 2017,Adult/Male/Blue/Medium-Heavy,2,Matthew Clark,Unity Jiu-jitsu
Miami Spring International Open IBJJF Jiu-Jitsu 2017,Adult/Male/Blue/Medium-Heavy,3,Calon Sabino,Fight Sports
Miami Spring International Open IBJJF Jiu-Jitsu 2017,Adult/Male/Blue/Medium-Heavy,3,Randy Gimeranes,Fight Sports
Miami Spring International Open IBJJF Jiu-Jitsu 2017,Adult/Male/Blue/Heavy,1,Jose Alejandro Ordeix,RMBJJ Academy
Miami Spring International Open IBJJF Jiu-Jitsu 2017,Adult/Male/Blue/Heavy,2,Mario Sanchez,Team Lloyd Irvin
Miami Spring International Open IBJJF Jiu-Jitsu 2017,Adult/Male/Blue/Heavy,3,Davis Marchus,Carlson Gracie Team
Miami Spring International Open IBJJF Jiu-Jitsu 2017,Adult/Male/Blue/Heavy,3,Vinicius Nascimento,Atos Jiu-Jitsu
Miami Spring International Open IBJJF Jiu-Jitsu 2017,Adult/Male/Blue/Super-Heavy,1,Lucas Miranda,Carlson Gracie Team
Miami Spring International Open IBJJF Jiu-Jitsu 2017,Adult/Male/Blue/Super-Heavy,2,Shakeith D Hill,Jean Jacques Machado Florida
Miami Spring International Open IBJJF Jiu-Jitsu 2017,Adult/Male/Blue/Super-Heavy,3,Sean Flemming,Renato Tavares Association
Miami Spring International Open IBJJF Jiu-Jitsu 2017,Adult/Male/Blue/Ultra-Heavy,1,Renan Cruz,Marcio Cruz Brazilian Jiu-Jitsu
Miami Spring International Open IBJJF Jiu-Jitsu 2017,Adult/Male/Blue/Ultra-Heavy,2,Justo  Pozo,Fight Sports
Miami Spring International Open IBJJF Jiu-Jitsu 2017,Adult/Male/Blue/Ultra-Heavy,3,Kyle Pace,Gracie Barra
Miami Spring International Open IBJJF Jiu-Jitsu 2017,Adult/Male/Blue/Ultra-Heavy,3,Tyler Moore,Carlson Gracie Team
Miami Spring International Open IBJJF Jiu-Jitsu 2017,Adult/Male/Blue/Enum_WeightDivision_OpenClass_Label,1,Renan Cruz,Marcio Cruz Brazilian Jiu-Jitsu
Miami Spring International Open IBJJF Jiu-Jitsu 2017,Adult/Male/Blue/Enum_WeightDivision_OpenClass_Label,2,Steven Davis,Unity Jiu-jitsu
Miami Spring International Open IBJJF Jiu-Jitsu 2017,Adult/Male/Blue/Enum_WeightDivision_OpenClass_Label,3,An Vu,Roberto Traven BJJ
Miami Spring International Open IBJJF Jiu-Jitsu 2017,Adult/Male/Blue/Enum_WeightDivision_OpenClass_Label,3,Thiago Bellucci,Unity Jiu-jitsu
Miami Spring International Open IBJJF Jiu-Jitsu 2017,Adult/Male/Purple/Rooster,1,Carlos Machado,Brazilian Top Team
Miami Spring International Open IBJJF Jiu-Jitsu 2017,Adult/Male/Purple/Rooster,2,Kevin Martincowski,Gracie Barra
Miami Spring International Open IBJJF Jiu-Jitsu 2017,Adult/Male/Purple/Light-Feather,1,Matheus Fonseca,Team Robson Moura
Miami Spring International Open IBJJF Jiu-Jitsu 2017,Adult/Male/Purple/Light-Feather,2,Raul Carmona,Alliance
Miami Spring International Open IBJJF Jiu-Jitsu 2017,Adult/Male/Purple/Light-Feather,3,Jose Hernandez,Renato Tavares
Miami Spring International Open IBJJF Jiu-Jitsu 2017,Adult/Male/Purple/Light-Feather,3,Mário Guilherme Moura Lisboa,Atos Jiu-Jitsu
Miami Spring International Open IBJJF Jiu-Jitsu 2017,Adult/Male/Purple/Feather,1,Jeferson Guaresi,PSLPB Cicero Costha B
Miami Spring International Open IBJJF Jiu-Jitsu 2017,Adult/Male/Purple/Feather,2,Daniel Del Monico,American Top Team
Miami Spring International Open IBJJF Jiu-Jitsu 2017,Adult/Male/Purple/Feather,3,Marcello Lima,Casa of Jiu-Jitsu
Miami Spring International Open IBJJF Jiu-Jitsu 2017,Adult/Male/Purple/Feather,3,Ryan Michael Doolan,Gracie Elite Team
Miami Spring International Open IBJJF Jiu-Jitsu 2017,Adult/Male/Purple/Light,1,Wilson Moreira Costa Junior,PSLPB Cicero Costha
Miami Spring International Open IBJJF Jiu-Jitsu 2017,Adult/Male/Purple/Light,2,Italo Moura de Azevedo,PSLPB Cicero Costha
Miami Spring International Open IBJJF Jiu-Jitsu 2017,Adult/Male/Purple/Light,3,Ari Lee Pollan,GF Team International
Miami Spring International Open IBJJF Jiu-Jitsu 2017,Adult/Male/Purple/Light,3,Colon Eloy Santana-Benavides III,Marcio Cruz Brazilian Jiu-Jitsu
Miami Spring International Open IBJJF Jiu-Jitsu 2017,Adult/Male/Purple/Middle,1,Sebastian Rodriguez Williams,Unity Jiu-jitsu
Miami Spring International Open IBJJF Jiu-Jitsu 2017,Adult/Male/Purple/Middle,2,Levi Jones-Leary,Unity Jiu-jitsu
Miami Spring International Open IBJJF Jiu-Jitsu 2017,Adult/Male/Purple/Middle,3,Joseph Robert Formica,Team Lloyd Irvin
Miami Spring International Open IBJJF Jiu-Jitsu 2017,Adult/Male/Purple/Middle,3,Zane Henricksen,Alliance
Miami Spring International Open IBJJF Jiu-Jitsu 2017,Adult/Male/Purple/Medium-Heavy,1,Kalil Muriel Da Silva Nascimento,Fight Sports
Miami Spring International Open IBJJF Jiu-Jitsu 2017,Adult/Male/Purple/Medium-Heavy,2,Anthony  Heine,American Top Team
Miami Spring International Open IBJJF Jiu-Jitsu 2017,Adult/Male/Purple/Medium-Heavy,3,Jared Moulton,Team Robson Moura
Miami Spring International Open IBJJF Jiu-Jitsu 2017,Adult/Male/Purple/Medium-Heavy,3,Sergio Valbuena,Carlson Gracie Team
Miami Spring International Open IBJJF Jiu-Jitsu 2017,Adult/Male/Purple/Heavy,1,Bruno Filipe Santos Lima,Gracie Barra
Miami Spring International Open IBJJF Jiu-Jitsu 2017,Adult/Male/Purple/Heavy,2,Jonathan Santiago,American Top Team
Miami Spring International Open IBJJF Jiu-Jitsu 2017,Adult/Male/Purple/Heavy,3,Kauã Pereira Bittencourt,American Top Team
Miami Spring International Open IBJJF Jiu-Jitsu 2017,Adult/Male/Purple/Heavy,3,Ronald Douglas Rackley jr,AJ Sousa BJJ
Miami Spring International Open IBJJF Jiu-Jitsu 2017,Adult/Male/Purple/Super-Heavy,1,Devhonte M. Johnson,Unity Jiu-jitsu
Miami Spring International Open IBJJF Jiu-Jitsu 2017,Adult/Male/Purple/Super-Heavy,2,Marcelo Bruzzo,Carlson Gracie Team
Miami Spring International Open IBJJF Jiu-Jitsu 2017,Adult/Male/Purple/Super-Heavy,3,Matt Fait,Valko BJJ Academy
Miami Spring International Open IBJJF Jiu-Jitsu 2017,Adult/Male/Purple/Ultra-Heavy,1,Manoel Crisanto da Cruz Bisneto,Gracie Humaita RJ
Miami Spring International Open IBJJF Jiu-Jitsu 2017,Adult/Male/Purple/Ultra-Heavy,2,Joshua Lindahl-Rozinsky,American Top Team
Miami Spring International Open IBJJF Jiu-Jitsu 2017,Adult/Male/Purple/Ultra-Heavy,3,Edgar Hidalgo,Arte Suave Venezuela
Miami Spring International Open IBJJF Jiu-Jitsu 2017,Adult/Male/Purple/Enum_WeightDivision_OpenClass_Label,1,Devhonte M. Johnson,Unity Jiu-jitsu
Miami Spring International Open IBJJF Jiu-Jitsu 2017,Adult/Male/Purple/Enum_WeightDivision_OpenClass_Label,2,Levi Jones-Leary,Unity Jiu-jitsu
Miami Spring International Open IBJJF Jiu-Jitsu 2017,Adult/Male/Purple/Enum_WeightDivision_OpenClass_Label,3,Italo Moura de Azevedo,PSLPB Cicero Costha
Miami Spring International Open IBJJF Jiu-Jitsu 2017,Adult/Male/Purple/Enum_WeightDivision_OpenClass_Label,3,Zane Henricksen,Alliance
Miami Spring International Open IBJJF Jiu-Jitsu 2017,Adult/Male/Brown/Light-Feather,1,Deandre Villarama Corbe,Gracie Jiu-Jitsu Pedro Sauer Team
Miami Spring International Open IBJJF Jiu-Jitsu 2017,Adult/Male/Brown/Light-Feather,2,Suraj Kumar Budhram,Renato Tavares Association
Miami Spring International Open IBJJF Jiu-Jitsu 2017,Adult/Male/Brown/Light-Feather,3,Octavio Flores,GD Jiu-Jitsu Association
Miami Spring International Open IBJJF Jiu-Jitsu 2017,Adult/Male/Brown/Light,1,Cameron Florczak,Gracie Elite Team
Miami Spring International Open IBJJF Jiu-Jitsu 2017,Adult/Male/Brown/Light,2,Mauricio Esteban Gomez Bobadilla,American Top Team
Miami Spring International Open IBJJF Jiu-Jitsu 2017,Adult/Male/Brown/Light,3,Joshua R. Garcia,Carlson Gracie Team
Miami Spring International Open IBJJF Jiu-Jitsu 2017,Adult/Male/Brown/Light,3,Thiago Aguiar Abud,Unity Jiu-Jitsu Brasil
Miami Spring International Open IBJJF Jiu-Jitsu 2017,Adult/Male/Brown/Middle,1,Lucas Sette C. Valente Tobias,Gracie Barra
Miami Spring International Open IBJJF Jiu-Jitsu 2017,Adult/Male/Brown/Middle,2,Christian Lohsen,Gracie Elite Team
Miami Spring International Open IBJJF Jiu-Jitsu 2017,Adult/Male/Brown/Middle,3,Paulo Ricardo Pires Araujo,Alliance
Miami Spring International Open IBJJF Jiu-Jitsu 2017,Adult/Male/Brown/Middle,3,Tim Lydigsen,Brasa
Miami Spring International Open IBJJF Jiu-Jitsu 2017,Adult/Male/Brown/Medium-Heavy,1,Alexandre Faria Molinaro,Carlson Gracie Team
Miami Spring International Open IBJJF Jiu-Jitsu 2017,Adult/Male/Brown/Super-Heavy,1,Eric Moscon Schlosser,Schlosser BJJ
Miami Spring International Open IBJJF Jiu-Jitsu 2017,Adult/Male/Brown/Super-Heavy,2,Alberto Benavides,Fight Sports
Miami Spring International Open IBJJF Jiu-Jitsu 2017,Adult/Male/Brown/Enum_WeightDivision_OpenClass_Label,1,Lucas Sette C. Valente Tobias,Gracie Barra
Miami Spring International Open IBJJF Jiu-Jitsu 2017,Adult/Male/Brown/Enum_WeightDivision_OpenClass_Label,2,Eric Moscon Schlosser,Schlosser BJJ
Miami Spring International Open IBJJF Jiu-Jitsu 2017,Adult/Male/Brown/Enum_WeightDivision_OpenClass_Label,3,Alexandre Faria Molinaro,Carlson Gracie Team
Miami Spring International Open IBJJF Jiu-Jitsu 2017,Adult/Male/Brown/Enum_WeightDivision_OpenClass_Label,3,Thiago Aguiar Abud,Unity Jiu-Jitsu Brasil
Miami Spring International Open IBJJF Jiu-Jitsu 2017,Adult/Male/Black/Rooster,1,Marcelo Cohen,Ares BJJ
Miami Spring International Open IBJJF Jiu-Jitsu 2017,Adult/Male/Black/Light-Feather,1,João Ricardo Bordignon Miyao,PSLPB Cicero Costha
Miami Spring International Open IBJJF Jiu-Jitsu 2017,Adult/Male/Black/Light-Feather,2,Lucas dos Santos Pinheiro,AMBJJ - Alex Martins Brazilian Jiu-Jitsu
Miami Spring International Open IBJJF Jiu-Jitsu 2017,Adult/Male/Black/Light-Feather,3,Alexis Alduncin Barragan,Gracie Elite Team
Miami Spring International Open IBJJF Jiu-Jitsu 2017,Adult/Male/Black/Light-Feather,3,Mario Escurra,Fight Sports
Miami Spring International Open IBJJF Jiu-Jitsu 2017,Adult/Male/Black/Feather,1,Jonathan Paul Thomas,Alliance
Miami Spring International Open IBJJF Jiu-Jitsu 2017,Adult/Male/Black/Feather,2,Samir José Chantre Dahás,Ares BJJ
Miami Spring International Open IBJJF Jiu-Jitsu 2017,Adult/Male/Black/Feather,3,Christopher M. Kriebel,Nova União
Miami Spring International Open IBJJF Jiu-Jitsu 2017,Adult/Male/Black/Feather,3,Thiago Augusto Araujo Macedo,Rodrigo Pinheiro BJJ
Miami Spring International Open IBJJF Jiu-Jitsu 2017,Adult/Male/Black/Light,1,Gilson Nunes  De Oliveira Neto,CheckMat
Miami Spring International Open IBJJF Jiu-Jitsu 2017,Adult/Male/Black/Light,2,Kevin Javier Mahecha,American Top Team
Miami Spring International Open IBJJF Jiu-Jitsu 2017,Adult/Male/Black/Light,3,Alberto Serrano Govea,Gracie Elite Team
Miami Spring International Open IBJJF Jiu-Jitsu 2017,Adult/Male/Black/Light,3,Frederico Augusto Alves Silva,Alliance
Miami Spring International Open IBJJF Jiu-Jitsu 2017,Adult/Male/Black/Middle,1,Victor Silverio Santos,GF Team
Miami Spring International Open IBJJF Jiu-Jitsu 2017,Adult/Male/Black/Middle,2,Jonathan T. Satava,Alliance
Miami Spring International Open IBJJF Jiu-Jitsu 2017,Adult/Male/Black/Middle,3,Edward Hohl,Gracie Humaita RJ
Miami Spring International Open IBJJF Jiu-Jitsu 2017,Adult/Male/Black/Medium-Heavy,1,Valdir Araujo de Lima Júnior,Fight Sports
Miami Spring International Open IBJJF Jiu-Jitsu 2017,Adult/Male/Black/Medium-Heavy,2,Samir Abdolkader,David Jacobs Jiu-Jitsu Team
Miami Spring International Open IBJJF Jiu-Jitsu 2017,Adult/Male/Black/Medium-Heavy,3,Robby Malof,GF Team
Miami Spring International Open IBJJF Jiu-Jitsu 2017,Adult/Male/Black/Medium-Heavy,3,Thiago Alves de Sousa,G.A Fight Jiu-Jitsu
Miami Spring International Open IBJJF Jiu-Jitsu 2017,Adult/Male/Black/Heavy,1,De'Alonzio Jerome Jackson,Team Lloyd Irvin
Miami Spring International Open IBJJF Jiu-Jitsu 2017,Adult/Male/Black/Heavy,2,Jurandir Vieira da Conceição,G13 Jiu-Jitsu
Miami Spring International Open IBJJF Jiu-Jitsu 2017,Adult/Male/Black/Heavy,3,Jose M Portillo Jr,Paragon BJJ Academy
Miami Spring International Open IBJJF Jiu-Jitsu 2017,Adult/Male/Black/Super-Heavy,1,Helton Jose Mendes da Silva Junior,PSLPB Cicero Costha
Miami Spring International Open IBJJF Jiu-Jitsu 2017,Adult/Male/Black/Super-Heavy,2,Matheus Lopes,Brazilian Jiu-Jitsu Julião Team
Miami Spring International Open IBJJF Jiu-Jitsu 2017,Adult/Male/Black/Ultra-Heavy,1,Roberto de Abreu Filho,Fight Sports
Miami Spring International Open IBJJF Jiu-Jitsu 2017,Adult/Male/Black/Ultra-Heavy,2,Gabriel Lyrio Lucas,CheckMat
Miami Spring International Open IBJJF Jiu-Jitsu 2017,Adult/Male/Black/Enum_WeightDivision_OpenClass_Label,1,Roberto de Abreu Filho,Fight Sports
Miami Spring International Open IBJJF Jiu-Jitsu 2017,Adult/Male/Black/Enum_WeightDivision_OpenClass_Label,2,De'Alonzio Jerome Jackson,Team Lloyd Irvin
Miami Spring International Open IBJJF Jiu-Jitsu 2017,Adult/Male/Black/Enum_WeightDivision_OpenClass_Label,3,Samir Abdolkader,David Jacobs Jiu-Jitsu Team
Miami Spring International Open IBJJF Jiu-Jitsu 2017,Adult/Male/Black/Enum_WeightDivision_OpenClass_Label,3,Valdir Araujo de Lima Júnior,Fight Sports
Miami Spring International Open IBJJF Jiu-Jitsu 2017,Adult/Female/White/Light-Feather,1,Ariel Willis,Fight Sports
Miami Spring International Open IBJJF Jiu-Jitsu 2017,Adult/Female/White/Light-Feather,2,Raquel Xavier,Alliance
Miami Spring International Open IBJJF Jiu-Jitsu 2017,Adult/Female/White/Light-Feather,3,Lizbeth Diaz,Gracie Jiu-Jitsu Pedro Sauer Team
Miami Spring International Open IBJJF Jiu-Jitsu 2017,Adult/Female/White/Light-Feather,3,Valerie Dominguez,Carlson Gracie Team
Miami Spring International Open IBJJF Jiu-Jitsu 2017,Adult/Female/White/Feather,1,Ashley Mollinea,UFC Gym
Miami Spring International Open IBJJF Jiu-Jitsu 2017,Adult/Female/White/Feather,2,Jessica Widmann,American Top Team
Miami Spring International Open IBJJF Jiu-Jitsu 2017,Adult/Female/White/Feather,3,Jackie Reyes,Boca De La Riva
Miami Spring International Open IBJJF Jiu-Jitsu 2017,Adult/Female/White/Feather,3,Madeline Kahan,Carlson Gracie Team
Miami Spring International Open IBJJF Jiu-Jitsu 2017,Adult/Female/White/Light,1,Clarissa Leiva,Fight Sports
Miami Spring International Open IBJJF Jiu-Jitsu 2017,Adult/Female/White/Light,2,Martina Korganoff,Fight Sports
Miami Spring International Open IBJJF Jiu-Jitsu 2017,Adult/Female/White/Light,3,Andrea Kiana Estevez,Villardo Jiu Jitsu Academy
Miami Spring International Open IBJJF Jiu-Jitsu 2017,Adult/Female/White/Middle,1,Ariel Moore,Fabin Rosa Brazilian Jiu-Jitsu
Miami Spring International Open IBJJF Jiu-Jitsu 2017,Adult/Female/White/Middle,2,Kayla Mitchell,Team Alves Pagels Jiu-Jitsu
Miami Spring International Open IBJJF Jiu-Jitsu 2017,Adult/Female/White/Middle,3,Emily Hemingway,Unity Jiu-jitsu
Miami Spring International Open IBJJF Jiu-Jitsu 2017,Adult/Female/White/Middle,3,Laura Rodriguez,Carlson Gracie Team
Miami Spring International Open IBJJF Jiu-Jitsu 2017,Adult/Female/White/Medium-Heavy,1,Kelly Beringson,Xcell Jiu-Jitsu Academy
Miami Spring International Open IBJJF Jiu-Jitsu 2017,Adult/Female/White/Medium-Heavy,2,Elizabeth Foley,Alliance
Miami Spring International Open IBJJF Jiu-Jitsu 2017,Adult/Female/White/Heavy,1,Melissa Nelson,Gracie Barra
Miami Spring International Open IBJJF Jiu-Jitsu 2017,Adult/Female/White/Heavy,2,Maryanne Kainec,American Top Team
Miami Spring International Open IBJJF Jiu-Jitsu 2017,Adult/Female/White/Heavy,3,Dominique Torsiello,American Top Team
Miami Spring International Open IBJJF Jiu-Jitsu 2017,Adult/Female/White/Heavy,3,Jesse Michaela Durst,Fight Sports
Miami Spring International Open IBJJF Jiu-Jitsu 2017,Adult/Female/White/Super-Heavy,1,Nicole Camden,American Top Team
Miami Spring International Open IBJJF Jiu-Jitsu 2017,Adult/Female/White/Super-Heavy,2,Carolina Maria Serwy Martins,Team Third Law
Miami Spring International Open IBJJF Jiu-Jitsu 2017,Adult/Female/White/Super-Heavy,3,Ericka Taylor Pace,Gracie Barra
Miami Spring International Open IBJJF Jiu-Jitsu 2017,Adult/Female/Blue/Rooster,1,Yasmine Bann,GD Jiu-Jitsu Association
Miami Spring International Open IBJJF Jiu-Jitsu 2017,Adult/Female/Blue/Rooster,2,Mariana Granados,Villardo Jiu Jitsu Academy
Miami Spring International Open IBJJF Jiu-Jitsu 2017,Adult/Female/Blue/Light-Feather,1,Kyra Samuels,Marcio Cruz Brazilian Jiu-Jitsu
Miami Spring International Open IBJJF Jiu-Jitsu 2017,Adult/Female/Blue/Light-Feather,2,Anaïs Letheule,Cercle Tissier BJJ
Miami Spring International Open IBJJF Jiu-Jitsu 2017,Adult/Female/Blue/Light-Feather,3,Lana Khabbazeh,UFC Gyms of South Florida
Miami Spring International Open IBJJF Jiu-Jitsu 2017,Adult/Female/Blue/Light-Feather,3,Nora Ticha Levy-Forsythe,Fifty/50 Jiu-Jitsu
Miami Spring International Open IBJJF Jiu-Jitsu 2017,Adult/Female/Blue/Feather,1,Nikki Lloyd-Griffiths,Absolute MMA Australia
Miami Spring International Open IBJJF Jiu-Jitsu 2017,Adult/Female/Blue/Feather,2,Albina Tarasovskaya,Wolfpack BJJ
Miami Spring International Open IBJJF Jiu-Jitsu 2017,Adult/Female/Blue/Feather,3,Hayley Lerner,American Top Team
Miami Spring International Open IBJJF Jiu-Jitsu 2017,Adult/Female/Blue/Feather,3,Tiffani Friedman,The Armory
Miami Spring International Open IBJJF Jiu-Jitsu 2017,Adult/Female/Blue/Light,1,Joelly Lobato De Faria,Ares BJJ
Miami Spring International Open IBJJF Jiu-Jitsu 2017,Adult/Female/Blue/Light,2,Theresa Pearl Formica,Team Lloyd Irvin
Miami Spring International Open IBJJF Jiu-Jitsu 2017,Adult/Female/Blue/Light,3,Anna Hyvarinen,American Top Team
Miami Spring International Open IBJJF Jiu-Jitsu 2017,Adult/Female/Blue/Light,3,Courtney Munsch,Luiz Palhares Jiu Jitsu
Miami Spring International Open IBJJF Jiu-Jitsu 2017,Adult/Female/Blue/Middle,1,Elly Curry,Mega-Powers
Miami Spring International Open IBJJF Jiu-Jitsu 2017,Adult/Female/Blue/Middle,2,Maia Litzenberg,Unity Jiu-jitsu
Miami Spring International Open IBJJF Jiu-Jitsu 2017,Adult/Female/Blue/Middle,3,Elaine Acevedo,Demian Maia Jiu-Jitsu USA
Miami Spring International Open IBJJF Jiu-Jitsu 2017,Adult/Female/Blue/Medium-Heavy,1,Maggie Grindatti,Zenith BJJ
Miami Spring International Open IBJJF Jiu-Jitsu 2017,Adult/Female/Blue/Medium-Heavy,2,Kari Imhof,Team Alves Pagels Jiu-Jitsu
Miami Spring International Open IBJJF Jiu-Jitsu 2017,Adult/Female/Blue/Medium-Heavy,3,Brennda  Cruz Gonzaga,Soul Fighters BJJ Tijuca
Miami Spring International Open IBJJF Jiu-Jitsu 2017,Adult/Female/Blue/Medium-Heavy,3,Victoria Cunningham,Team Lloyd Irvin
Miami Spring International Open IBJJF Jiu-Jitsu 2017,Adult/Female/Blue/Heavy,1,Laila Anne Ahmad,Supremacy Brazilian Jiu-Jitsu
Miami Spring International Open IBJJF Jiu-Jitsu 2017,Adult/Female/Blue/Heavy,2,Nicole Sinanan,Gracie Barra
Miami Spring International Open IBJJF Jiu-Jitsu 2017,Adult/Female/Blue/Heavy,3,Ashtan Alycia Rogers,Fabin Rosa Brazilian Jiu-Jitsu
Miami Spring International Open IBJJF Jiu-Jitsu 2017,Adult/Female/Blue/Heavy,3,Samantha Ryan McManus,Unity Jiu-jitsu
Miami Spring International Open IBJJF Jiu-Jitsu 2017,Adult/Female/Blue/Super-Heavy,1,Yara Soares do Nascimento,Striker JJ
Miami Spring International Open IBJJF Jiu-Jitsu 2017,Adult/Female/Blue/Super-Heavy,2,Teresita  Valencia,Fight Sports
Miami Spring International Open IBJJF Jiu-Jitsu 2017,Adult/Female/Blue/Enum_WeightDivision_OpenClass_Label,1,Yara Soares do Nascimento,Striker JJ
Miami Spring International Open IBJJF Jiu-Jitsu 2017,Adult/Female/Blue/Enum_WeightDivision_OpenClass_Label,2,Maggie Grindatti,Zenith BJJ
Miami Spring International Open IBJJF Jiu-Jitsu 2017,Adult/Female/Blue/Enum_WeightDivision_OpenClass_Label,3,Anna Hyvarinen,American Top Team
Miami Spring International Open IBJJF Jiu-Jitsu 2017,Adult/Female/Blue/Enum_WeightDivision_OpenClass_Label,3,Kari Imhof,Team Alves Pagels Jiu-Jitsu
Miami Spring International Open IBJJF Jiu-Jitsu 2017,Adult/Female/Purple/Light-Feather,1,Maynne Freitas Correa,Gracie Barra
Miami Spring International Open IBJJF Jiu-Jitsu 2017,Adult/Female/Purple/Light-Feather,2,Shawna Ormsby,Carlson Gracie Team
Miami Spring International Open IBJJF Jiu-Jitsu 2017,Adult/Female/Purple/Feather,1,Andrea Michelle Dupre,Start Brazilian Jiu-Jitsu
Miami Spring International Open IBJJF Jiu-Jitsu 2017,Adult/Female/Purple/Feather,2,Thauany Xavier Corrêa,Gracie Barra
Miami Spring International Open IBJJF Jiu-Jitsu 2017,Adult/Female/Purple/Feather,3,Claudia Cardona,Cardona's BJJ Martial Arts
Miami Spring International Open IBJJF Jiu-Jitsu 2017,Adult/Female/Purple/Feather,3,Maria Fernanda Cardozo,Alliance
Miami Spring International Open IBJJF Jiu-Jitsu 2017,Adult/Female/Purple/Light,1,Vanessa Arango,American Top Team
Miami Spring International Open IBJJF Jiu-Jitsu 2017,Adult/Female/Purple/Light,2,Katherine Marie Heckman Torralbas,Team Lloyd Irvin
Miami Spring International Open IBJJF Jiu-Jitsu 2017,Adult/Female/Purple/Light,3,Jasmine Bienvenue,Carlson Gracie Team
Miami Spring International Open IBJJF Jiu-Jitsu 2017,Adult/Female/Purple/Light,3,Karina Cecilia Perez Fachola,Arte Suave Venezuela
Miami Spring International Open IBJJF Jiu-Jitsu 2017,Adult/Female/Purple/Middle,1,Cássia Paola Paixão,Alliance
Miami Spring International Open IBJJF Jiu-Jitsu 2017,Adult/Female/Purple/Middle,2,Halie Tucker,Alliance
Miami Spring International Open IBJJF Jiu-Jitsu 2017,Adult/Female/Purple/Middle,3,Erica Ebanks,Carlson Gracie Team
Miami Spring International Open IBJJF Jiu-Jitsu 2017,Adult/Female/Purple/Super-Heavy,1,Amanda Cristina Alves da Silva,Ns Brotherhood
Miami Spring International Open IBJJF Jiu-Jitsu 2017,Adult/Female/Purple/Enum_WeightDivision_OpenClass_Label,1,Amanda Cristina Alves da Silva,Ns Brotherhood
Miami Spring International Open IBJJF Jiu-Jitsu 2017,Adult/Female/Purple/Enum_WeightDivision_OpenClass_Label,2,Katherine Marie Heckman Torralbas,Team Lloyd Irvin
Miami Spring International Open IBJJF Jiu-Jitsu 2017,Adult/Female/Purple/Enum_WeightDivision_OpenClass_Label,3,Cássia Paola Paixão,Alliance
Miami Spring International Open IBJJF Jiu-Jitsu 2017,Adult/Female/Purple/Enum_WeightDivision_OpenClass_Label,3,Thauany Xavier Corrêa,Gracie Barra
Miami Spring International Open IBJJF Jiu-Jitsu 2017,Adult/Female/Black/Rooster,1,Kanako Inaba,AOA Champion BJJ
Miami Spring International Open IBJJF Jiu-Jitsu 2017,Adult/Female/Black/Light,1,Melissa Bentley,Renato Tavares Association
Miami Spring International Open IBJJF Jiu-Jitsu 2017,Adult/Female/Black/Light,2,Andrezza Façanha Pinho,American Top Team
Miami Spring International Open IBJJF Jiu-Jitsu 2017,Adult/Female/Black/Enum_WeightDivision_OpenClass_Label,1,Andrezza Façanha Pinho,American Top Team
Miami Spring International Open IBJJF Jiu-Jitsu 2017,Master1/Male/White/Light-Feather,1,Marco Antonio Diaz,Gracie Barra
Miami Spring International Open IBJJF Jiu-Jitsu 2017,Master1/Male/White/Light,1,Brian Egan,American Top Team
Miami Spring International Open IBJJF Jiu-Jitsu 2017,Master1/Male/White/Light,2,Owen Francis McMillan,Fight Sports
Miami Spring International Open IBJJF Jiu-Jitsu 2017,Master1/Male/White/Light,3,Alexis Muniz,Fight Sports BJJ
Miami Spring International Open IBJJF Jiu-Jitsu 2017,Master1/Male/White/Light,3,Vlad Rusakov,JP - BJJ - Elizondo
Miami Spring International Open IBJJF Jiu-Jitsu 2017,Master1/Male/White/Middle,1,Jacob Terrence Eckert,Gracie Barra
Miami Spring International Open IBJJF Jiu-Jitsu 2017,Master1/Male/White/Middle,2,Hassan Lugo,MMA Masters
Miami Spring International Open IBJJF Jiu-Jitsu 2017,Master1/Male/White/Middle,3,Maurice Lewis,Renato Tavares Association
Miami Spring International Open IBJJF Jiu-Jitsu 2017,Master1/Male/White/Middle,3,Michael A Steer,Start Brazilian Jiu-Jitsu
Miami Spring International Open IBJJF Jiu-Jitsu 2017,Master1/Male/White/Medium-Heavy,1,Fabiano Pinto,Nova União
Miami Spring International Open IBJJF Jiu-Jitsu 2017,Master1/Male/White/Medium-Heavy,2,Anibal Joel Cruz,Atos Jiu-Jitsu
Miami Spring International Open IBJJF Jiu-Jitsu 2017,Master1/Male/White/Medium-Heavy,3,Kerry Sullivan,Fight Sports
Miami Spring International Open IBJJF Jiu-Jitsu 2017,Master1/Male/White/Heavy,1,Sean Watson,Gracie Barra
Miami Spring International Open IBJJF Jiu-Jitsu 2017,Master1/Male/White/Heavy,2,Silvio Guzman,Carlson Gracie Team
Miami Spring International Open IBJJF Jiu-Jitsu 2017,Master1/Male/White/Heavy,3,Nathaniel Quiles,Fight Sports
Miami Spring International Open IBJJF Jiu-Jitsu 2017,Master1/Male/White/Heavy,3,Rad Ekkawi,American Top Team
Miami Spring International Open IBJJF Jiu-Jitsu 2017,Master1/Male/White/Super-Heavy,1,Fernando Garcia,Atos Jiu-Jitsu
Miami Spring International Open IBJJF Jiu-Jitsu 2017,Master1/Male/White/Super-Heavy,2,Joseph John Kusuk,Renato Tavares Association
Miami Spring International Open IBJJF Jiu-Jitsu 2017,Master1/Male/White/Ultra-Heavy,1,Daniel Chareunsab,Supremacy Brazilian Jiu-Jitsu
Miami Spring International Open IBJJF Jiu-Jitsu 2017,Master1/Male/White/Ultra-Heavy,2,Jonathan S Simmons,American Top Team
Miami Spring International Open IBJJF Jiu-Jitsu 2017,Master1/Male/White/Ultra-Heavy,3,Alexander Comas,American Top Team
Miami Spring International Open IBJJF Jiu-Jitsu 2017,Master1/Male/Blue/Light-Feather,1,Thiago Leal,Xcell Jiu-Jitsu Academy
Miami Spring International Open IBJJF Jiu-Jitsu 2017,Master1/Male/Blue/Light-Feather,2,Jonathan Crosswhite,Gracie Barra
Miami Spring International Open IBJJF Jiu-Jitsu 2017,Master1/Male/Blue/Light-Feather,3,Eduardo Flores Callejas,American Top Team
Miami Spring International Open IBJJF Jiu-Jitsu 2017,Master1/Male/Blue/Light-Feather,3,Rodolfo Romero Núñez,Atos Jiu-Jitsu
Miami Spring International Open IBJJF Jiu-Jitsu 2017,Master1/Male/Blue/Feather,1,Andres Camacho,Gracie Elite Team
Miami Spring International Open IBJJF Jiu-Jitsu 2017,Master1/Male/Blue/Feather,2,Ignacio Jose Falco,American Top Team
Miami Spring International Open IBJJF Jiu-Jitsu 2017,Master1/Male/Blue/Feather,3,Luke Stafford,American Top Team
Miami Spring International Open IBJJF Jiu-Jitsu 2017,Master1/Male/Blue/Feather,3,naseer sheerahamad,Gracie Barra
Miami Spring International Open IBJJF Jiu-Jitsu 2017,Master1/Male/Blue/Light,1,Hederlano Feitoza Oliveira,Kimura BJJ USA
Miami Spring International Open IBJJF Jiu-Jitsu 2017,Master1/Male/Blue/Light,2,Simon Wong,Renato Tavares Association
Miami Spring International Open IBJJF Jiu-Jitsu 2017,Master1/Male/Blue/Light,3,Michael Primo,Gracie Elite Team
Miami Spring International Open IBJJF Jiu-Jitsu 2017,Master1/Male/Blue/Light,3,Yoandri  Rodriguez,Cardona's BJJ Martial Arts
Miami Spring International Open IBJJF Jiu-Jitsu 2017,Master1/Male/Blue/Middle,1,Richard White,American Top Team
Miami Spring International Open IBJJF Jiu-Jitsu 2017,Master1/Male/Blue/Middle,2,Carlos Molejon,American Top Team
Miami Spring International Open IBJJF Jiu-Jitsu 2017,Master1/Male/Blue/Middle,3,Jameson Tyler Fullick,Pagels BJJ
Miami Spring International Open IBJJF Jiu-Jitsu 2017,Master1/Male/Blue/Middle,3,Luis F Carreras,Marcio Cruz Brazilian Jiu-Jitsu
Miami Spring International Open IBJJF Jiu-Jitsu 2017,Master1/Male/Blue/Medium-Heavy,1,Edgar Vela,Ares BJJ
Miami Spring International Open IBJJF Jiu-Jitsu 2017,Master1/Male/Blue/Medium-Heavy,2,Omar Salazar,Carlson Gracie Team
Miami Spring International Open IBJJF Jiu-Jitsu 2017,Master1/Male/Blue/Medium-Heavy,3,Daniel Perez,Gracie Elite Team
Miami Spring International Open IBJJF Jiu-Jitsu 2017,Master1/Male/Blue/Medium-Heavy,3,Nikolin Pjetri,Gracie Barra
Miami Spring International Open IBJJF Jiu-Jitsu 2017,Master1/Male/Blue/Heavy,1,Joel Manual Pozo,RMBJJ Academy
Miami Spring International Open IBJJF Jiu-Jitsu 2017,Master1/Male/Blue/Heavy,2,Demetrius Sears,Black House Redondo Beach
Miami Spring International Open IBJJF Jiu-Jitsu 2017,Master1/Male/Blue/Heavy,3,Dana Allyn Bookhamer,Carlson Gracie Team
Miami Spring International Open IBJJF Jiu-Jitsu 2017,Master1/Male/Blue/Heavy,3,Diego Rebelo Rotta,Gracie Barra
Miami Spring International Open IBJJF Jiu-Jitsu 2017,Master1/Male/Blue/Super-Heavy,1,Geraldo Teixeira Gomes,Fabin Rosa Brazilian Jiu-Jitsu
Miami Spring International Open IBJJF Jiu-Jitsu 2017,Master1/Male/Blue/Super-Heavy,2,Haden De Boer,Carlson Gracie Team
Miami Spring International Open IBJJF Jiu-Jitsu 2017,Master1/Male/Blue/Super-Heavy,3,Chet Palumbo,Carlson Gracie Team
Miami Spring International Open IBJJF Jiu-Jitsu 2017,Master1/Male/Blue/Ultra-Heavy,1,Dan Mulvey,American Top Team
Miami Spring International Open IBJJF Jiu-Jitsu 2017,Master1/Male/Blue/Ultra-Heavy,2,Jack Perry,American Top Team
Miami Spring International Open IBJJF Jiu-Jitsu 2017,Master1/Male/Blue/Enum_WeightDivision_OpenClass_Label,1,Geraldo Teixeira Gomes,Fabin Rosa Brazilian Jiu-Jitsu
Miami Spring International Open IBJJF Jiu-Jitsu 2017,Master1/Male/Blue/Enum_WeightDivision_OpenClass_Label,2,Dan Mulvey,American Top Team
Miami Spring International Open IBJJF Jiu-Jitsu 2017,Master1/Male/Blue/Enum_WeightDivision_OpenClass_Label,3,Jack Perry,American Top Team
Miami Spring International Open IBJJF Jiu-Jitsu 2017,Master1/Male/Blue/Enum_WeightDivision_OpenClass_Label,3,Yoandri  Rodriguez,Cardona's BJJ Martial Arts
Miami Spring International Open IBJJF Jiu-Jitsu 2017,Master1/Male/Purple/Rooster,1,Enrique Olivares,Alliance
Miami Spring International Open IBJJF Jiu-Jitsu 2017,Master1/Male/Purple/Rooster,2,Hendrych Soriano,American Top Team
Miami Spring International Open IBJJF Jiu-Jitsu 2017,Master1/Male/Purple/Light-Feather,1,Rubian Ospina,Renato Tavares Association
Miami Spring International Open IBJJF Jiu-Jitsu 2017,Master1/Male/Purple/Light-Feather,2,Robby  Delgado,Tiburones BJJ Yabucoa
Miami Spring International Open IBJJF Jiu-Jitsu 2017,Master1/Male/Purple/Feather,1,Gabriel Rodríguez, Jr.,Atos Jiu-Jitsu
Miami Spring International Open IBJJF Jiu-Jitsu 2017,Master1/Male/Purple/Feather,2,Matthew Paul Flores,Carlson Gracie Team
Miami Spring International Open IBJJF Jiu-Jitsu 2017,Master1/Male/Purple/Feather,3,Augusto Alfredo Arnesen,Carlson Gracie Team
Miami Spring International Open IBJJF Jiu-Jitsu 2017,Master1/Male/Purple/Feather,3,Joel Rodriguez Ortiz,Gracie Barra
Miami Spring International Open IBJJF Jiu-Jitsu 2017,Master1/Male/Purple/Light,1,Eric Nadon,Gracie Elite Team
Miami Spring International Open IBJJF Jiu-Jitsu 2017,Master1/Male/Purple/Light,2,Francisco De Abreu,Arte Suave Venezuela
Miami Spring International Open IBJJF Jiu-Jitsu 2017,Master1/Male/Purple/Light,3,Leif Eric Fortson,Marcio Cruz Brazilian Jiu-Jitsu
Miami Spring International Open IBJJF Jiu-Jitsu 2017,Master1/Male/Purple/Light,3,Renod Gonzalez,RMBJJ Academy
Miami Spring International Open IBJJF Jiu-Jitsu 2017,Master1/Male/Purple/Middle,1,Franco  Salazar,American Top Team
Miami Spring International Open IBJJF Jiu-Jitsu 2017,Master1/Male/Purple/Middle,2,Marcelo Lopes Barros Filho,Alliance
Miami Spring International Open IBJJF Jiu-Jitsu 2017,Master1/Male/Purple/Middle,3,Dan Cabrera-Martinez,Demian Maia Jiu-Jitsu USA
Miami Spring International Open IBJJF Jiu-Jitsu 2017,Master1/Male/Purple/Middle,3,Desmond  Mcdonald,Balance
Miami Spring International Open IBJJF Jiu-Jitsu 2017,Master1/Male/Purple/Medium-Heavy,1,Dario Torres,Renato Tavares Association
Miami Spring International Open IBJJF Jiu-Jitsu 2017,Master1/Male/Purple/Medium-Heavy,2,Jeff Myers,Rilion Gracie Pensacola
Miami Spring International Open IBJJF Jiu-Jitsu 2017,Master1/Male/Purple/Medium-Heavy,3,Ben Trawinski,AJ Sousa BJJ
Miami Spring International Open IBJJF Jiu-Jitsu 2017,Master1/Male/Purple/Medium-Heavy,3,Tim Palmer,Gracie Barra
Miami Spring International Open IBJJF Jiu-Jitsu 2017,Master1/Male/Purple/Heavy,1,Flavio Dos Santos,Kimura BJJ USA
Miami Spring International Open IBJJF Jiu-Jitsu 2017,Master1/Male/Purple/Heavy,2,Alan Emanuel L Ribeiro,Carlson Gracie Team
Miami Spring International Open IBJJF Jiu-Jitsu 2017,Master1/Male/Purple/Heavy,3,Luis Carlos Gonzalez Diaz,Arte Suave Venezuela
Miami Spring International Open IBJJF Jiu-Jitsu 2017,Master1/Male/Purple/Heavy,3,Steven W Johnson,Fight Sports
Miami Spring International Open IBJJF Jiu-Jitsu 2017,Master1/Male/Purple/Super-Heavy,1,nicolas djurdjevic,American Top Team
Miami Spring International Open IBJJF Jiu-Jitsu 2017,Master1/Male/Purple/Super-Heavy,2,August Bergman,Ares BJJ
Miami Spring International Open IBJJF Jiu-Jitsu 2017,Master1/Male/Purple/Super-Heavy,3,Oscar Hernan Rojas,Carlson Gracie Team
Miami Spring International Open IBJJF Jiu-Jitsu 2017,Master1/Male/Purple/Super-Heavy,3,Pierluigi Domenico Lagalante,Fight Sports
Miami Spring International Open IBJJF Jiu-Jitsu 2017,Master1/Male/Purple/Ultra-Heavy,1,jhonthan de jesus,Team Robson Moura
Miami Spring International Open IBJJF Jiu-Jitsu 2017,Master1/Male/Purple/Ultra-Heavy,2,Jorge Sebastian Giovannini,Gracie Barra
Miami Spring International Open IBJJF Jiu-Jitsu 2017,Master1/Male/Purple/Ultra-Heavy,3,Carlos ramos,Carlson Gracie Team
Miami Spring International Open IBJJF Jiu-Jitsu 2017,Master1/Male/Purple/Enum_WeightDivision_OpenClass_Label,1,Renod Gonzalez,RMBJJ Academy
Miami Spring International Open IBJJF Jiu-Jitsu 2017,Master1/Male/Purple/Enum_WeightDivision_OpenClass_Label,2,Marcelo Lopes Barros Filho,Alliance
Miami Spring International Open IBJJF Jiu-Jitsu 2017,Master1/Male/Purple/Enum_WeightDivision_OpenClass_Label,3,jhonthan de jesus,Team Robson Moura
Miami Spring International Open IBJJF Jiu-Jitsu 2017,Master1/Male/Purple/Enum_WeightDivision_OpenClass_Label,3,Luis Carlos Gonzalez Diaz,Arte Suave Venezuela
Miami Spring International Open IBJJF Jiu-Jitsu 2017,Master1/Male/Brown/Feather,1,Jeff Nies,American Top Team
Miami Spring International Open IBJJF Jiu-Jitsu 2017,Master1/Male/Brown/Feather,2,Davin Castillo Ordinario,Pablo Silva BJJ - ZR Team
Miami Spring International Open IBJJF Jiu-Jitsu 2017,Master1/Male/Brown/Feather,3,Jose Alicea,Tiburones BJJ Yabucoa
Miami Spring International Open IBJJF Jiu-Jitsu 2017,Master1/Male/Brown/Light,1,Daniel Fundora,Carlson Gracie Team
Miami Spring International Open IBJJF Jiu-Jitsu 2017,Master1/Male/Brown/Light,2,Lucas Ribeiro Borges,Nova União
Miami Spring International Open IBJJF Jiu-Jitsu 2017,Master1/Male/Brown/Light,3,Ivan Castano,Start Brazilian Jiu-Jitsu
Miami Spring International Open IBJJF Jiu-Jitsu 2017,Master1/Male/Brown/Light,3,Raymond Rosado Jr,Gracie Barra
Miami Spring International Open IBJJF Jiu-Jitsu 2017,Master1/Male/Brown/Middle,1,Dustin Ryan Waters,Ares BJJ
Miami Spring International Open IBJJF Jiu-Jitsu 2017,Master1/Male/Brown/Middle,2,Ricardo Guerrero Ulate,Alliance
Miami Spring International Open IBJJF Jiu-Jitsu 2017,Master1/Male/Brown/Middle,3,Hector Millan,American Top Team
Miami Spring International Open IBJJF Jiu-Jitsu 2017,Master1/Male/Brown/Medium-Heavy,1,Edmond Rama,Gracie Barra
Miami Spring International Open IBJJF Jiu-Jitsu 2017,Master1/Male/Brown/Heavy,1,Alexander Roosevelt Lessa,Fight Sports
Miami Spring International Open IBJJF Jiu-Jitsu 2017,Master1/Male/Brown/Enum_WeightDivision_OpenClass_Label,1,Dustin Ryan Waters,Ares BJJ
Miami Spring International Open IBJJF Jiu-Jitsu 2017,Master1/Male/Brown/Enum_WeightDivision_OpenClass_Label,2,Daniel Fundora,Carlson Gracie Team
Miami Spring International Open IBJJF Jiu-Jitsu 2017,Master1/Male/Brown/Enum_WeightDivision_OpenClass_Label,3,Alexander Roosevelt Lessa,Fight Sports
Miami Spring International Open IBJJF Jiu-Jitsu 2017,Master1/Male/Brown/Enum_WeightDivision_OpenClass_Label,3,Davin Castillo Ordinario,Pablo Silva BJJ - ZR Team
Miami Spring International Open IBJJF Jiu-Jitsu 2017,Master1/Male/Black/Feather,1,Fernando Spessoto,G13 Jiu-Jitsu
Miami Spring International Open IBJJF Jiu-Jitsu 2017,Master1/Male/Black/Light,1,Eduardo Antonio Perez Mulki,Arte Suave Venezuela
Miami Spring International Open IBJJF Jiu-Jitsu 2017,Master1/Male/Black/Light,2,Erick Vinicius S. Raposo Oliveira,Soul Fighters Texas
Miami Spring International Open IBJJF Jiu-Jitsu 2017,Master1/Male/Black/Light,3,Diego Ferroni,Kimura BJJ USA
Miami Spring International Open IBJJF Jiu-Jitsu 2017,Master1/Male/Black/Light,3,Jay Hall,Fight Sports
Miami Spring International Open IBJJF Jiu-Jitsu 2017,Master1/Male/Black/Middle,1,John A. Ebanks II,Carlson Gracie Team
Miami Spring International Open IBJJF Jiu-Jitsu 2017,Master1/Male/Black/Middle,2,Fletcher Stephen Linton Jr.,Maxercise Phila
Miami Spring International Open IBJJF Jiu-Jitsu 2017,Master1/Male/Black/Middle,3,Emmanuel Maielo Maximiano Alves,Team Alves Pagels Jiu-Jitsu
Miami Spring International Open IBJJF Jiu-Jitsu 2017,Master1/Male/Black/Medium-Heavy,1,Leonardo Delgado de Oliveira,Soul Fighters BJJ
Miami Spring International Open IBJJF Jiu-Jitsu 2017,Master1/Male/Black/Medium-Heavy,2,Tarsis da Gama e Paula Neto,American Top Team
Miami Spring International Open IBJJF Jiu-Jitsu 2017,Master1/Male/Black/Medium-Heavy,3,Ian Lemus,Wolfpack BJJ
Miami Spring International Open IBJJF Jiu-Jitsu 2017,Master1/Male/Black/Heavy,1,Vitor Moscon Schlosser,Schlosser BJJ
Miami Spring International Open IBJJF Jiu-Jitsu 2017,Master1/Male/Black/Heavy,2,Rodrigo Matheus Couto Praxedes,Team Robson Moura
Miami Spring International Open IBJJF Jiu-Jitsu 2017,Master1/Male/Black/Heavy,3,Eddy B. J. Aguiar Jr.,Relson Gracie
Miami Spring International Open IBJJF Jiu-Jitsu 2017,Master1/Male/Black/Heavy,3,Sergio Santos da Costa Filho,Gracie Barra
Miami Spring International Open IBJJF Jiu-Jitsu 2017,Master1/Male/Black/Enum_WeightDivision_OpenClass_Label,1,Leonardo Delgado de Oliveira,Soul Fighters BJJ
Miami Spring International Open IBJJF Jiu-Jitsu 2017,Master1/Male/Black/Enum_WeightDivision_OpenClass_Label,2,Erick Vinicius S. Raposo Oliveira,Soul Fighters Texas
Miami Spring International Open IBJJF Jiu-Jitsu 2017,Master1/Male/Black/Enum_WeightDivision_OpenClass_Label,3,Eduardo Antonio Perez Mulki,Arte Suave Venezuela
Miami Spring International Open IBJJF Jiu-Jitsu 2017,Master1/Male/Black/Enum_WeightDivision_OpenClass_Label,3,Tarsis da Gama e Paula Neto,American Top Team
Miami Spring International Open IBJJF Jiu-Jitsu 2017,Master1/Female/Blue/Light-Feather,1,Carla Sosa,Alliance
Miami Spring International Open IBJJF Jiu-Jitsu 2017,Master1/Female/Blue/Light-Feather,2,Monica Lenis,American Top Team
Miami Spring International Open IBJJF Jiu-Jitsu 2017,Master1/Female/Blue/Light-Feather,3,Sonia  Muller,Gracie Tampa South
Miami Spring International Open IBJJF Jiu-Jitsu 2017,Master1/Female/Blue/Feather,1,Vanessa  Grimes,Gracie Elite Team
Miami Spring International Open IBJJF Jiu-Jitsu 2017,Master1/Female/Blue/Light,1,Kristin Mesa,American Top Team
Miami Spring International Open IBJJF Jiu-Jitsu 2017,Master1/Female/Blue/Light,2,Marcia Yamada Palomba,Carlson Gracie Team
Miami Spring International Open IBJJF Jiu-Jitsu 2017,Master1/Female/Blue/Light,3,Melina Ferreira Jorge Pardo,Gracie Barra
Miami Spring International Open IBJJF Jiu-Jitsu 2017,Master1/Female/Blue/Super-Heavy,1,Ryan Eileen Outlaw,Fabin Rosa Brazilian Jiu-Jitsu
Miami Spring International Open IBJJF Jiu-Jitsu 2017,Master1/Female/Blue/Super-Heavy,2,Rebecca DeLucia,American Top Team
Miami Spring International Open IBJJF Jiu-Jitsu 2017,Master1/Female/Blue/Enum_WeightDivision_OpenClass_Label,1,Carla Sosa,Alliance
Miami Spring International Open IBJJF Jiu-Jitsu 2017,Master1/Female/Blue/Enum_WeightDivision_OpenClass_Label,2,Ryan Eileen Outlaw,Fabin Rosa Brazilian Jiu-Jitsu
Miami Spring International Open IBJJF Jiu-Jitsu 2017,Master1/Female/Blue/Enum_WeightDivision_OpenClass_Label,3,Rebecca DeLucia,American Top Team
Miami Spring International Open IBJJF Jiu-Jitsu 2017,Master1/Female/Blue/Enum_WeightDivision_OpenClass_Label,3,Vanessa  Grimes,Gracie Elite Team
Miami Spring International Open IBJJF Jiu-Jitsu 2017,Master1/Female/Purple/Light-Feather,1,Simone Lee,Carlson Gracie Team
Miami Spring International Open IBJJF Jiu-Jitsu 2017,Master1/Female/Purple/Light-Feather,2,Wendy Davis,American Top Team
Miami Spring International Open IBJJF Jiu-Jitsu 2017,Master1/Female/Purple/Light-Feather,3,Katrina Costedio,Wolfpack BJJ
Miami Spring International Open IBJJF Jiu-Jitsu 2017,Master1/Female/Purple/Heavy,1,Kristina Dean Youngquist,Fight Sports
Miami Spring International Open IBJJF Jiu-Jitsu 2017,Master1/Female/Purple/Enum_WeightDivision_OpenClass_Label,1,Kristina Dean Youngquist,Fight Sports
Miami Spring International Open IBJJF Jiu-Jitsu 2017,Master1/Female/Purple/Enum_WeightDivision_OpenClass_Label,2,Simone Lee,Carlson Gracie Team
Miami Spring International Open IBJJF Jiu-Jitsu 2017,Master2/Male/White/Feather,1,Dan Buck,Kimura BJJ USA
Miami Spring International Open IBJJF Jiu-Jitsu 2017,Master2/Male/White/Feather,2,Robert Palmer,Demian Maia Jiu-Jitsu USA
Miami Spring International Open IBJJF Jiu-Jitsu 2017,Master2/Male/White/Feather,3,Leonel Blandon,Carlson Gracie Team
Miami Spring International Open IBJJF Jiu-Jitsu 2017,Master2/Male/White/Light,1,David Carvajal Ortiz,Alliance
Miami Spring International Open IBJJF Jiu-Jitsu 2017,Master2/Male/White/Light,2,Juan Carlos Chanquin,Marcio Cruz Brazilian Jiu-Jitsu
Miami Spring International Open IBJJF Jiu-Jitsu 2017,Master2/Male/White/Light,3,Adam Greenberg,Fight Sports
Miami Spring International Open IBJJF Jiu-Jitsu 2017,Master2/Male/White/Middle,1,Samuel Matthew Mazman,Gracie Elite Team
Miami Spring International Open IBJJF Jiu-Jitsu 2017,Master2/Male/White/Middle,2,Marcio Alexandre Batista Capelli,Start Brazilian Jiu-Jitsu
Miami Spring International Open IBJJF Jiu-Jitsu 2017,Master2/Male/White/Middle,3,Kevin Wallace,Schlosser BJJ
Miami Spring International Open IBJJF Jiu-Jitsu 2017,Master2/Male/White/Middle,3,Reinaldo Bianco,Gracie Elite Team
Miami Spring International Open IBJJF Jiu-Jitsu 2017,Master2/Male/White/Medium-Heavy,1,Eric Brook,Gracie Elite Team
Miami Spring International Open IBJJF Jiu-Jitsu 2017,Master2/Male/White/Medium-Heavy,2,Romeo Wilfredo Lewin-Montana,Jorge Pereira Jiu-Jitsu Club
Miami Spring International Open IBJJF Jiu-Jitsu 2017,Master2/Male/White/Medium-Heavy,3,Felipe Cortes,American Top Team
Miami Spring International Open IBJJF Jiu-Jitsu 2017,Master2/Male/White/Medium-Heavy,3,Mark Anthony Fillyaw,Fabin Rosa Brazilian Jiu-Jitsu
Miami Spring International Open IBJJF Jiu-Jitsu 2017,Master2/Male/White/Heavy,1,Scott Witt,Gracie Barra
Miami Spring International Open IBJJF Jiu-Jitsu 2017,Master2/Male/White/Heavy,2,Angelo Falotico,Fabin Rosa Brazilian Jiu-Jitsu
Miami Spring International Open IBJJF Jiu-Jitsu 2017,Master2/Male/White/Heavy,3,Jean-Francois Comeau,On Guard FC Brazilian Jiu-Jitsu
Miami Spring International Open IBJJF Jiu-Jitsu 2017,Master2/Male/White/Heavy,3,Solomon Yakoby,Gracie Barra
Miami Spring International Open IBJJF Jiu-Jitsu 2017,Master2/Male/White/Super-Heavy,1,John William Mutton,Action and Reaction Mixed Martial Arts
Miami Spring International Open IBJJF Jiu-Jitsu 2017,Master2/Male/White/Ultra-Heavy,1,Jean-Blanchard Mongeois,Fight Sports
Miami Spring International Open IBJJF Jiu-Jitsu 2017,Master2/Male/White/Ultra-Heavy,2,Richard Benjamin Smith,Carlson Gracie Team
Miami Spring International Open IBJJF Jiu-Jitsu 2017,Master2/Male/White/Ultra-Heavy,3,Dustin A Finley,Carlson Gracie Team
Miami Spring International Open IBJJF Jiu-Jitsu 2017,Master2/Male/White/Ultra-Heavy,3,Omar Vega,Fight Sports
Miami Spring International Open IBJJF Jiu-Jitsu 2017,Master2/Male/Blue/Feather,1,Ernesto Frye,Carlson Gracie Team
Miami Spring International Open IBJJF Jiu-Jitsu 2017,Master2/Male/Blue/Feather,2,Raymond Acevedo,Schlosser BJJ
Miami Spring International Open IBJJF Jiu-Jitsu 2017,Master2/Male/Blue/Feather,3,Allan Lembit,Brazilian Top Team
Miami Spring International Open IBJJF Jiu-Jitsu 2017,Master2/Male/Blue/Feather,3,Douglas Guncet,Marcio Cruz Brazilian Jiu-Jitsu
Miami Spring International Open IBJJF Jiu-Jitsu 2017,Master2/Male/Blue/Light,1,Bogdan Laurentiu Niculae,Fight Sports
Miami Spring International Open IBJJF Jiu-Jitsu 2017,Master2/Male/Blue/Light,2,Oswaldo Abreu,Carlson Gracie Team
Miami Spring International Open IBJJF Jiu-Jitsu 2017,Master2/Male/Blue/Light,3,Brian Stohr,Gracie Elite Team
Miami Spring International Open IBJJF Jiu-Jitsu 2017,Master2/Male/Blue/Light,3,Cesar Roberto Azurdia,American Top Team
Miami Spring International Open IBJJF Jiu-Jitsu 2017,Master2/Male/Blue/Middle,1,Eduardo Gutierrez,Fight Sports
Miami Spring International Open IBJJF Jiu-Jitsu 2017,Master2/Male/Blue/Middle,2,Julio Cesar Ponce Redman,Arte Suave Venezuela
Miami Spring International Open IBJJF Jiu-Jitsu 2017,Master2/Male/Blue/Middle,3,Sameer Nahal,Gracie Elite Team
Miami Spring International Open IBJJF Jiu-Jitsu 2017,Master2/Male/Blue/Medium-Heavy,1,Joshua Lafferty,American Top Team
Miami Spring International Open IBJJF Jiu-Jitsu 2017,Master2/Male/Blue/Medium-Heavy,2,Cameron Evans,American Top Team
Miami Spring International Open IBJJF Jiu-Jitsu 2017,Master2/Male/Blue/Medium-Heavy,3,Marc Piper,Carlson Gracie Team
Miami Spring International Open IBJJF Jiu-Jitsu 2017,Master2/Male/Blue/Medium-Heavy,3,Remy Esteves,Boca De La Riva
Miami Spring International Open IBJJF Jiu-Jitsu 2017,Master2/Male/Blue/Heavy,1,Shane Vann,Fabin Rosa Brazilian Jiu-Jitsu
Miami Spring International Open IBJJF Jiu-Jitsu 2017,Master2/Male/Blue/Heavy,2,Eric Harbaugh,RMBJJ Academy
Miami Spring International Open IBJJF Jiu-Jitsu 2017,Master2/Male/Blue/Heavy,3,Rildeivy Garcia,Carlson Gracie Team
Miami Spring International Open IBJJF Jiu-Jitsu 2017,Master2/Male/Blue/Super-Heavy,1,Paul Dodge,Renato Tavares Association
Miami Spring International Open IBJJF Jiu-Jitsu 2017,Master2/Male/Blue/Super-Heavy,2,Jeff R Kainec,American Top Team
Miami Spring International Open IBJJF Jiu-Jitsu 2017,Master2/Male/Blue/Super-Heavy,3,Pedro Ventura,Carlson Gracie Team
Miami Spring International Open IBJJF Jiu-Jitsu 2017,Master2/Male/Blue/Ultra-Heavy,1,Robert Valentine,American Top Team
Miami Spring International Open IBJJF Jiu-Jitsu 2017,Master2/Male/Blue/Ultra-Heavy,2,Ike Anderson,American Top Team
Miami Spring International Open IBJJF Jiu-Jitsu 2017,Master2/Male/Blue/Ultra-Heavy,3,JASON REYNOLDS,Gracie Elite Team
Miami Spring International Open IBJJF Jiu-Jitsu 2017,Master2/Male/Blue/Enum_WeightDivision_OpenClass_Label,1,Eduardo Gutierrez,Fight Sports
Miami Spring International Open IBJJF Jiu-Jitsu 2017,Master2/Male/Blue/Enum_WeightDivision_OpenClass_Label,2,Eric Harbaugh,RMBJJ Academy
Miami Spring International Open IBJJF Jiu-Jitsu 2017,Master2/Male/Blue/Enum_WeightDivision_OpenClass_Label,3,Julio Cesar Ponce Redman,Arte Suave Venezuela
Miami Spring International Open IBJJF Jiu-Jitsu 2017,Master2/Male/Blue/Enum_WeightDivision_OpenClass_Label,3,Oswaldo Abreu,Carlson Gracie Team
Miami Spring International Open IBJJF Jiu-Jitsu 2017,Master2/Male/Purple/Light,1,Marcos Antonio Echevarria,American Top Team
Miami Spring International Open IBJJF Jiu-Jitsu 2017,Master2/Male/Purple/Light,2,Miguel Angel Gonzalez Herrera,Arte Suave Venezuela
Miami Spring International Open IBJJF Jiu-Jitsu 2017,Master2/Male/Purple/Light,3,Cesar Ruiz,Start Brazilian Jiu-Jitsu
Miami Spring International Open IBJJF Jiu-Jitsu 2017,Master2/Male/Purple/Light,3,Derrick D. Mullins,CheckMat
Miami Spring International Open IBJJF Jiu-Jitsu 2017,Master2/Male/Purple/Middle,1,Houtan  Sareh,Nova União
Miami Spring International Open IBJJF Jiu-Jitsu 2017,Master2/Male/Purple/Middle,2,Craig Kulesa,Team Robson Moura
Miami Spring International Open IBJJF Jiu-Jitsu 2017,Master2/Male/Purple/Heavy,1,Marcos Prado,Carlson Gracie Team
Miami Spring International Open IBJJF Jiu-Jitsu 2017,Master2/Male/Purple/Heavy,2,Alan Ahmad Mourad,Fight Sports
Miami Spring International Open IBJJF Jiu-Jitsu 2017,Master2/Male/Purple/Ultra-Heavy,1,James Mastrobattista,Marcio Cruz Brazilian Jiu-Jitsu
Miami Spring International Open IBJJF Jiu-Jitsu 2017,Master2/Male/Purple/Ultra-Heavy,2,Edgardo Javier Caminos Jr.,Alliance
Miami Spring International Open IBJJF Jiu-Jitsu 2017,Master2/Male/Purple/Enum_WeightDivision_OpenClass_Label,1,Derrick D. Mullins,CheckMat
Miami Spring International Open IBJJF Jiu-Jitsu 2017,Master2/Male/Purple/Enum_WeightDivision_OpenClass_Label,2,Edgardo Javier Caminos Jr.,Alliance
Miami Spring International Open IBJJF Jiu-Jitsu 2017,Master2/Male/Purple/Enum_WeightDivision_OpenClass_Label,3,Marcos Prado,Carlson Gracie Team
Miami Spring International Open IBJJF Jiu-Jitsu 2017,Master2/Male/Purple/Enum_WeightDivision_OpenClass_Label,3,Miguel Angel Gonzalez Herrera,Arte Suave Venezuela
Miami Spring International Open IBJJF Jiu-Jitsu 2017,Master2/Male/Brown/Light,1,Robert Anthony Stines,Team Robson Moura
Miami Spring International Open IBJJF Jiu-Jitsu 2017,Master2/Male/Brown/Light,2,Janilson Ramos Bie,CheckMat
Miami Spring International Open IBJJF Jiu-Jitsu 2017,Master2/Male/Brown/Light,3,Juan  Caballero,Carlson Gracie Team
Miami Spring International Open IBJJF Jiu-Jitsu 2017,Master2/Male/Brown/Middle,1,Alexandre Verga,Start Brazilian Jiu-Jitsu
Miami Spring International Open IBJJF Jiu-Jitsu 2017,Master2/Male/Brown/Middle,2,Isaac Lasfir,Alliance
Miami Spring International Open IBJJF Jiu-Jitsu 2017,Master2/Male/Brown/Middle,3,Rafael Moreno,Boran Jiu-Jitsu
Miami Spring International Open IBJJF Jiu-Jitsu 2017,Master2/Male/Brown/Medium-Heavy,1,Roy David Shaw,Team Robson Moura
Miami Spring International Open IBJJF Jiu-Jitsu 2017,Master2/Male/Brown/Medium-Heavy,2,bradley burgess,RMBJJ Academy
Miami Spring International Open IBJJF Jiu-Jitsu 2017,Master2/Male/Brown/Medium-Heavy,3,Donald Edward Russell,Zenith BJJ - Las Vegas
Miami Spring International Open IBJJF Jiu-Jitsu 2017,Master2/Male/Brown/Medium-Heavy,3,James West,Marcio Cruz Brazilian Jiu-Jitsu
Miami Spring International Open IBJJF Jiu-Jitsu 2017,Master2/Male/Brown/Heavy,1,Shane Michael O'Brien,RMBJJ Academy
Miami Spring International Open IBJJF Jiu-Jitsu 2017,Master2/Male/Brown/Heavy,2,Tomas  Kucera,American Top Team
Miami Spring International Open IBJJF Jiu-Jitsu 2017,Master2/Male/Brown/Heavy,3,Brandon Culbreth,Jean Jacques Machado Florida
Miami Spring International Open IBJJF Jiu-Jitsu 2017,Master2/Male/Brown/Heavy,3,Christian Poirot,Gracie Barra
Miami Spring International Open IBJJF Jiu-Jitsu 2017,Master2/Male/Brown/Super-Heavy,1,Jason Chance Hammond,Fight Sports
Miami Spring International Open IBJJF Jiu-Jitsu 2017,Master2/Male/Brown/Super-Heavy,2,Marcus Mauricio Correa Gomez,Demian Maia Jiu-Jitsu
Miami Spring International Open IBJJF Jiu-Jitsu 2017,Master2/Male/Brown/Ultra-Heavy,1,Jason M. Mcvey,American Top Team
Miami Spring International Open IBJJF Jiu-Jitsu 2017,Master2/Male/Brown/Enum_WeightDivision_OpenClass_Label,1,Jason M. Mcvey,American Top Team
Miami Spring International Open IBJJF Jiu-Jitsu 2017,Master2/Male/Brown/Enum_WeightDivision_OpenClass_Label,2,James West,Marcio Cruz Brazilian Jiu-Jitsu
Miami Spring International Open IBJJF Jiu-Jitsu 2017,Master2/Male/Brown/Enum_WeightDivision_OpenClass_Label,3,Brandon Culbreth,Jean Jacques Machado Florida
Miami Spring International Open IBJJF Jiu-Jitsu 2017,Master2/Male/Brown/Enum_WeightDivision_OpenClass_Label,3,Isaac Lasfir,Alliance
Miami Spring International Open IBJJF Jiu-Jitsu 2017,Master2/Male/Black/Feather,1,Carlos Eduardo de Almeida Goncalves,American Top Team
Miami Spring International Open IBJJF Jiu-Jitsu 2017,Master2/Male/Black/Feather,2,Oscar Alejandro Cardona,Renato Tavares Association
Miami Spring International Open IBJJF Jiu-Jitsu 2017,Master2/Male/Black/Feather,3,Carlos Marques,Kimura BJJ USA
Miami Spring International Open IBJJF Jiu-Jitsu 2017,Master2/Male/Black/Light,1,Gerardo Manuel Dudamell Romero,American Top Team
Miami Spring International Open IBJJF Jiu-Jitsu 2017,Master2/Male/Black/Light,2,Cristiano Freire Dantas,Gracie Barra
Miami Spring International Open IBJJF Jiu-Jitsu 2017,Master2/Male/Black/Light,3,Anibal Ricardo Retto Chacon,Start Brazilian Jiu-Jitsu
Miami Spring International Open IBJJF Jiu-Jitsu 2017,Master2/Male/Black/Light,3,Benjamin Joel Zapata,Academia Jiu-Jitsu
Miami Spring International Open IBJJF Jiu-Jitsu 2017,Master2/Male/Black/Middle,1,Alex Martins do Nascimento,AMBJJ - Alex Martins Brazilian Jiu-Jitsu
Miami Spring International Open IBJJF Jiu-Jitsu 2017,Master2/Male/Black/Middle,2,Pedro Barbosa Pereira,CONSTRICTOR TEAM
Miami Spring International Open IBJJF Jiu-Jitsu 2017,Master2/Male/Black/Middle,3,Kenny Kim,Ares BJJ
Miami Spring International Open IBJJF Jiu-Jitsu 2017,Master2/Male/Black/Middle,3,Mathew Scott Stratta,Indiana Brazilian Jiu-Jitsu Academy
Miami Spring International Open IBJJF Jiu-Jitsu 2017,Master2/Male/Black/Medium-Heavy,1,Rafael Pires de Lima,Marcio Cruz Brazilian Jiu-Jitsu
Miami Spring International Open IBJJF Jiu-Jitsu 2017,Master2/Male/Black/Medium-Heavy,2,Francisco Tupinambas Martins,Atos Jiu-Jitsu
Miami Spring International Open IBJJF Jiu-Jitsu 2017,Master2/Male/Black/Heavy,1,Jorge Luiz Santiago Rodrigues,FVTeam BJJ - USA
Miami Spring International Open IBJJF Jiu-Jitsu 2017,Master2/Male/Black/Heavy,2,Sérgio Gutierrez,Louis Vintaloro Jiu-Jitsu
Miami Spring International Open IBJJF Jiu-Jitsu 2017,Master2/Male/Black/Heavy,3,Carlos Archila,Bonsai JJ - USA
Miami Spring International Open IBJJF Jiu-Jitsu 2017,Master2/Male/Black/Heavy,3,Oleg Alf,Brazilian Jiu-Jitsu United
Miami Spring International Open IBJJF Jiu-Jitsu 2017,Master2/Male/Black/Super-Heavy,1,Juan Miguel Iturralde,BJJ Globetrotters
Miami Spring International Open IBJJF Jiu-Jitsu 2017,Master2/Male/Black/Super-Heavy,2,Jeffrey Simoni,Nova União
Miami Spring International Open IBJJF Jiu-Jitsu 2017,Master2/Male/Black/Super-Heavy,3,Joseph Shane Riveira,American Top Team
Miami Spring International Open IBJJF Jiu-Jitsu 2017,Master2/Male/Black/Super-Heavy,3,Rodrigo Ribeiro da Cruz,Marcio Cruz Brazilian Jiu-Jitsu
Miami Spring International Open IBJJF Jiu-Jitsu 2017,Master2/Male/Black/Ultra-Heavy,1,Claudio Godoy,Demian Maia Jiu-Jitsu
Miami Spring International Open IBJJF Jiu-Jitsu 2017,Master2/Male/Black/Ultra-Heavy,2,Viktor de Araujo K. Doria,Fight Sports
Miami Spring International Open IBJJF Jiu-Jitsu 2017,Master2/Male/Black/Ultra-Heavy,3,Justin Brunet,Fight Sports
Miami Spring International Open IBJJF Jiu-Jitsu 2017,Master2/Male/Black/Ultra-Heavy,3,Shawn R. Ambrosino,Carlson Gracie Team
Miami Spring International Open IBJJF Jiu-Jitsu 2017,Master2/Male/Black/Enum_WeightDivision_OpenClass_Label,1,Justin Brunet,Fight Sports
Miami Spring International Open IBJJF Jiu-Jitsu 2017,Master2/Male/Black/Enum_WeightDivision_OpenClass_Label,2,Viktor de Araujo K. Doria,Fight Sports
Miami Spring International Open IBJJF Jiu-Jitsu 2017,Master2/Male/Black/Enum_WeightDivision_OpenClass_Label,3,Claudio Godoy,Demian Maia Jiu-Jitsu
Miami Spring International Open IBJJF Jiu-Jitsu 2017,Master2/Male/Black/Enum_WeightDivision_OpenClass_Label,3,Rafael Pires de Lima,Marcio Cruz Brazilian Jiu-Jitsu
Miami Spring International Open IBJJF Jiu-Jitsu 2017,Master3/Male/Blue/Light,1,Rafael Ignacio Perez Mulki,Arte Suave Venezuela
Miami Spring International Open IBJJF Jiu-Jitsu 2017,Master3/Male/Blue/Light,2,German Castro,American Top Team
Miami Spring International Open IBJJF Jiu-Jitsu 2017,Master3/Male/Blue/Light,3,Boris Darchy,Jorge Pereira Jiu-Jitsu Club
Miami Spring International Open IBJJF Jiu-Jitsu 2017,Master3/Male/Blue/Light,3,John Cantillo,Gracie Elite Team
Miami Spring International Open IBJJF Jiu-Jitsu 2017,Master3/Male/Blue/Middle,1,Aaron Mathew Martin,Alliance
Miami Spring International Open IBJJF Jiu-Jitsu 2017,Master3/Male/Blue/Middle,2,Hugo Brito,Start Brazilian Jiu-Jitsu
Miami Spring International Open IBJJF Jiu-Jitsu 2017,Master3/Male/Blue/Middle,3,Demarko Bazan,Carlson Gracie Team
Miami Spring International Open IBJJF Jiu-Jitsu 2017,Master3/Male/Blue/Middle,3,Eraldo Ribeiro,Brazilian Top Team
Miami Spring International Open IBJJF Jiu-Jitsu 2017,Master3/Male/Blue/Super-Heavy,1,Rodrigo Urbano,Fight Sports
Miami Spring International Open IBJJF Jiu-Jitsu 2017,Master3/Male/Blue/Super-Heavy,2,Mauricio Orellana,Renato Tavares Association
Miami Spring International Open IBJJF Jiu-Jitsu 2017,Master3/Male/Blue/Super-Heavy,3,Juan Carlos Carmigniani,Dojo Leo Iturralde
Miami Spring International Open IBJJF Jiu-Jitsu 2017,Master3/Male/Blue/Ultra-Heavy,1,Douglas Spandau,RMBJJ Academy
Miami Spring International Open IBJJF Jiu-Jitsu 2017,Master3/Male/Blue/Enum_WeightDivision_OpenClass_Label,1,Rafael Ignacio Perez Mulki,Arte Suave Venezuela
Miami Spring International Open IBJJF Jiu-Jitsu 2017,Master3/Male/Blue/Enum_WeightDivision_OpenClass_Label,2,Douglas Spandau,RMBJJ Academy
Miami Spring International Open IBJJF Jiu-Jitsu 2017,Master3/Male/Blue/Enum_WeightDivision_OpenClass_Label,3,Demarko Bazan,Carlson Gracie Team
Miami Spring International Open IBJJF Jiu-Jitsu 2017,Master3/Male/Purple/Feather,1,Brian Harper,American Top Team
Miami Spring International Open IBJJF Jiu-Jitsu 2017,Master3/Male/Purple/Feather,2,hugo lara,Gracie Elite Team
Miami Spring International Open IBJJF Jiu-Jitsu 2017,Master3/Male/Purple/Light,1,Ricardo Beauchamp,Tiburones BJJ Yabucoa
Miami Spring International Open IBJJF Jiu-Jitsu 2017,Master3/Male/Purple/Light,2,Humberto Almeida Passos,Brazilian Jiu-Jitsu Julião Team
Miami Spring International Open IBJJF Jiu-Jitsu 2017,Master3/Male/Purple/Light,3,Norman Ricardo Aquino,Start Brazilian Jiu-Jitsu
Miami Spring International Open IBJJF Jiu-Jitsu 2017,Master3/Male/Purple/Light,3,Philip Davis,American Top Team
Miami Spring International Open IBJJF Jiu-Jitsu 2017,Master3/Male/Purple/Medium-Heavy,1,Chris Lowe,Carlson Gracie Team
Miami Spring International Open IBJJF Jiu-Jitsu 2017,Master3/Male/Purple/Medium-Heavy,2,Fernando Egea,Gracie Elite Team
Miami Spring International Open IBJJF Jiu-Jitsu 2017,Master3/Male/Purple/Ultra-Heavy,1,Tiago Taguding da Costa Lourenço,Gracie Barra
Miami Spring International Open IBJJF Jiu-Jitsu 2017,Master3/Male/Purple/Ultra-Heavy,2,Frank Hernandez,American Top Team
Miami Spring International Open IBJJF Jiu-Jitsu 2017,Master3/Male/Purple/Ultra-Heavy,3,Alain Orozco,American Top Team
Miami Spring International Open IBJJF Jiu-Jitsu 2017,Master3/Male/Purple/Ultra-Heavy,3,Gustavo Rabello Dornelles,Carlson Gracie Team
Miami Spring International Open IBJJF Jiu-Jitsu 2017,Master3/Male/Purple/Enum_WeightDivision_OpenClass_Label,1,Tiago Taguding da Costa Lourenço,Gracie Barra
Miami Spring International Open IBJJF Jiu-Jitsu 2017,Master3/Male/Purple/Enum_WeightDivision_OpenClass_Label,2,Chris Lowe,Carlson Gracie Team
Miami Spring International Open IBJJF Jiu-Jitsu 2017,Master3/Male/Purple/Enum_WeightDivision_OpenClass_Label,3,Gustavo Rabello Dornelles,Carlson Gracie Team
Miami Spring International Open IBJJF Jiu-Jitsu 2017,Master3/Male/Purple/Enum_WeightDivision_OpenClass_Label,3,Norman Ricardo Aquino,Start Brazilian Jiu-Jitsu
Miami Spring International Open IBJJF Jiu-Jitsu 2017,Master3/Male/Brown/Light,1,Jon Pineiro,Carlson Gracie Team
Miami Spring International Open IBJJF Jiu-Jitsu 2017,Master3/Male/Brown/Light,2,Nakia L. McCauley,Combat Sports Boston
Miami Spring International Open IBJJF Jiu-Jitsu 2017,Master3/Male/Brown/Middle,1,Ramon L. Fundora,Carlson Gracie Team
Miami Spring International Open IBJJF Jiu-Jitsu 2017,Master3/Male/Brown/Middle,2,Jose Antonio Ferretti Ramirez,Dojo Leo Iturralde
Miami Spring International Open IBJJF Jiu-Jitsu 2017,Master3/Male/Brown/Medium-Heavy,1,Jorge E. Rivera,Team Robson Moura
Miami Spring International Open IBJJF Jiu-Jitsu 2017,Master3/Male/Brown/Medium-Heavy,2,Carlos Arturo Ramirez,Gracie Elite Team
Miami Spring International Open IBJJF Jiu-Jitsu 2017,Master3/Male/Brown/Enum_WeightDivision_OpenClass_Label,1,Jon Pineiro,Carlson Gracie Team
Miami Spring International Open IBJJF Jiu-Jitsu 2017,Master3/Male/Brown/Enum_WeightDivision_OpenClass_Label,2,Ramon L. Fundora,Carlson Gracie Team
Miami Spring International Open IBJJF Jiu-Jitsu 2017,Master3/Male/Black/Feather,1,David Keith Werner,Jean Jacques Machado Florida
Miami Spring International Open IBJJF Jiu-Jitsu 2017,Master3/Male/Black/Feather,2,Fabio Santos Lopes,Carlson Gracie Team
Miami Spring International Open IBJJF Jiu-Jitsu 2017,Master3/Male/Black/Middle,1,Wilson Roberto Sgai,Gracie Elite Team
Miami Spring International Open IBJJF Jiu-Jitsu 2017,Master3/Male/Black/Middle,2,Randy Nash,Christian Carvalho BJJ
Miami Spring International Open IBJJF Jiu-Jitsu 2017,Master3/Male/Black/Middle,3,Leandro Cordeiro Azara,RMNU Brasil
Miami Spring International Open IBJJF Jiu-Jitsu 2017,Master3/Male/Black/Middle,3,Marco Antonio Almeida Gonçalves Junior,Icon Jiu-Jitsu Team - Niteroi
Miami Spring International Open IBJJF Jiu-Jitsu 2017,Master3/Male/Black/Medium-Heavy,1,Michael Anthony Sergi,Marcio Cruz Brazilian Jiu-Jitsu
Miami Spring International Open IBJJF Jiu-Jitsu 2017,Master3/Male/Black/Medium-Heavy,2,Victor Guillermo Hardoy,American Top Team
Miami Spring International Open IBJJF Jiu-Jitsu 2017,Master3/Male/Black/Medium-Heavy,3,Joe Thomas Wales Jr.,Renato Tavares Association
Miami Spring International Open IBJJF Jiu-Jitsu 2017,Master3/Male/Black/Medium-Heavy,3,Ricky Lane Nelson Jr.,Gracie Barra
Miami Spring International Open IBJJF Jiu-Jitsu 2017,Master3/Male/Black/Super-Heavy,1,Leon Barrocas,Fight Sports
Miami Spring International Open IBJJF Jiu-Jitsu 2017,Master3/Male/Black/Ultra-Heavy,1,Rodrigo de Mattos Mendes,RMBJJ Academy
Miami Spring International Open IBJJF Jiu-Jitsu 2017,Master3/Male/Black/Ultra-Heavy,2,Marcello Carvalho Pavan,Gracie Barra
Miami Spring International Open IBJJF Jiu-Jitsu 2017,Master3/Male/Black/Enum_WeightDivision_OpenClass_Label,1,Leon Barrocas,Fight Sports
Miami Spring International Open IBJJF Jiu-Jitsu 2017,Master3/Male/Black/Enum_WeightDivision_OpenClass_Label,2,Ricky Lane Nelson Jr.,Gracie Barra
Miami Spring International Open IBJJF Jiu-Jitsu 2017,Master3/Male/Black/Enum_WeightDivision_OpenClass_Label,3,Marcello Carvalho Pavan,Gracie Barra
Miami Spring International Open IBJJF Jiu-Jitsu 2017,Master3/Male/Black/Enum_WeightDivision_OpenClass_Label,3,Rodrigo de Mattos Mendes,RMBJJ Academy
Miami Spring International Open IBJJF Jiu-Jitsu 2017,Master4/Male/Blue/Heavy,1,Shannon Johnson,Renato Tavares Association
Miami Spring International Open IBJJF Jiu-Jitsu 2017,Master4/Male/Blue/Heavy,2,Frank  Herrera,Start Brazilian Jiu-Jitsu
Miami Spring International Open IBJJF Jiu-Jitsu 2017,Master4/Male/Blue/Heavy,3,Nelson Enriquez,MMA Masters
Miami Spring International Open IBJJF Jiu-Jitsu 2017,Master4/Male/Blue/Enum_WeightDivision_OpenClass_Label,1,Shannon Johnson,Renato Tavares Association
Miami Spring International Open IBJJF Jiu-Jitsu 2017,Master4/Male/Purple/Light,1,John Cambronero,Serra BJJ
Miami Spring International Open IBJJF Jiu-Jitsu 2017,Master4/Male/Purple/Middle,1,Peter J Molinelli,Gracie Tampa South
Miami Spring International Open IBJJF Jiu-Jitsu 2017,Master4/Male/Purple/Middle,2,Antonio Arruda,Start Brazilian Jiu-Jitsu
Miami Spring International Open IBJJF Jiu-Jitsu 2017,Master4/Male/Purple/Medium-Heavy,1,GUR MITZAFON,Wolfpack BJJ
Miami Spring International Open IBJJF Jiu-Jitsu 2017,Master4/Male/Purple/Medium-Heavy,2,marcelo  gonçalves da silva,Alliance
Miami Spring International Open IBJJF Jiu-Jitsu 2017,Master4/Male/Purple/Medium-Heavy,3,Harrison Pagan,Start Brazilian Jiu-Jitsu
Miami Spring International Open IBJJF Jiu-Jitsu 2017,Master4/Male/Purple/Enum_WeightDivision_OpenClass_Label,1,John Cambronero,Serra BJJ
Miami Spring International Open IBJJF Jiu-Jitsu 2017,Master4/Male/Brown/Medium-Heavy,1,Alexander C. Jutis,Creighton Mixed Martial Arts Academy
Miami Spring International Open IBJJF Jiu-Jitsu 2017,Master4/Male/Brown/Medium-Heavy,2,David Valentine Clarke,Alliance
Miami Spring International Open IBJJF Jiu-Jitsu 2017,Master4/Male/Brown/Super-Heavy,1,Roberto De La Cruz,Carlson Gracie Team
Miami Spring International Open IBJJF Jiu-Jitsu 2017,Master4/Male/Brown/Super-Heavy,2,Renier Nuno,Nova União
Miami Spring International Open IBJJF Jiu-Jitsu 2017,Master4/Male/Brown/Enum_WeightDivision_OpenClass_Label,1,Alexander C. Jutis,Creighton Mixed Martial Arts Academy
Miami Spring International Open IBJJF Jiu-Jitsu 2017,Master4/Male/Brown/Enum_WeightDivision_OpenClass_Label,2,Roberto De La Cruz,Carlson Gracie Team
Miami Spring International Open IBJJF Jiu-Jitsu 2017,Master4/Male/Black/Light,1,Paulo Alberto de G. Nardy Junior,Infight SP
Miami Spring International Open IBJJF Jiu-Jitsu 2017,Master4/Male/Black/Light,2,João Carlos Saturnino Filho,Gracie Barra
Miami Spring International Open IBJJF Jiu-Jitsu 2017,Master4/Male/Black/Light,3,James Whyte IV,Alliance
Miami Spring International Open IBJJF Jiu-Jitsu 2017,Master4/Male/Black/Middle,1,Francisco Albuquerque Neto,Fight Sports
Miami Spring International Open IBJJF Jiu-Jitsu 2017,Master4/Male/Black/Middle,2,Maxen Antenor,Gracie Barra
Miami Spring International Open IBJJF Jiu-Jitsu 2017,Master4/Male/Black/Middle,3,Marcio Fazzio Martins,Fight Sports
Miami Spring International Open IBJJF Jiu-Jitsu 2017,Master4/Male/Black/Medium-Heavy,1,Alex Da Silva,Gracie Barra
Miami Spring International Open IBJJF Jiu-Jitsu 2017,Master4/Male/Black/Medium-Heavy,2,Eddie Cruz,RMBJJ Academy
Miami Spring International Open IBJJF Jiu-Jitsu 2017,Master4/Male/Black/Heavy,1,Daniel Druker,Fight Sports
Miami Spring International Open IBJJF Jiu-Jitsu 2017,Master4/Male/Black/Ultra-Heavy,1,David Lohsen,Gracie Elite Team
Miami Spring International Open IBJJF Jiu-Jitsu 2017,Master4/Male/Black/Enum_WeightDivision_OpenClass_Label,1,Daniel Druker,Fight Sports
Miami Spring International Open IBJJF Jiu-Jitsu 2017,Master4/Male/Black/Enum_WeightDivision_OpenClass_Label,2,Alex Da Silva,Gracie Barra
Miami Spring International Open IBJJF Jiu-Jitsu 2017,Master4/Male/Black/Enum_WeightDivision_OpenClass_Label,3,David Lohsen,Gracie Elite Team
Miami Spring International Open IBJJF Jiu-Jitsu 2017,Master4/Male/Black/Enum_WeightDivision_OpenClass_Label,3,Francisco Albuquerque Neto,Fight Sports
Miami Spring International Open IBJJF Jiu-Jitsu 2017,Master5/Male/Purple/Light,1,Richard Garza,AMBJJ - Alex Martins Brazilian Jiu-Jitsu
Miami Spring International Open IBJJF Jiu-Jitsu 2017,Master5/Male/Purple/Enum_WeightDivision_OpenClass_Label,1,Richard Garza,AMBJJ - Alex Martins Brazilian Jiu-Jitsu
Miami Spring International Open IBJJF Jiu-Jitsu 2017,Master5/Male/Brown/Middle,1,Anthony Phillip Caravelli,Brasa USA
Miami Spring International Open IBJJF Jiu-Jitsu 2017,Master5/Male/Brown/Enum_WeightDivision_OpenClass_Label,1,Anthony Phillip Caravelli,Brasa USA
Miami Spring International Open IBJJF Jiu-Jitsu 2017,Master6/Male/Blue/Light,1,Doug Amidon,Carlson Gracie Team
Miami Spring International Open IBJJF Jiu-Jitsu 2017,Master6/Male/Blue/Light,2,Paul Stern,RMBJJ Academy
Miami Spring International Open IBJJF Jiu-Jitsu 2017,Master6/Male/Blue/Light,3,Edwin John Pence,Villardo Jiu Jitsu Academy
Miami Spring International Open IBJJF Jiu-Jitsu 2017,Master6/Male/Blue/Light,3,Gregory Jacko,Fight Sports
Miami Spring International Open IBJJF Jiu-Jitsu 2017,Master6/Male/Black/Feather,1,Igor Dominguez Andrade,Gracie Barra
Miami Spring International Open IBJJF Jiu-Jitsu 2017,Master6/Male/Black/Feather,2,Kenneth Wayne Cameron,Gracie Elite Team
Miami Spring International Open IBJJF Jiu-Jitsu 2017,Master6/Male/Black/Enum_WeightDivision_OpenClass_Label,1,Igor Dominguez Andrade,Gracie Barra
Miami Spring International Open IBJJF Jiu-Jitsu 2017,Master6/Male/Black/Enum_WeightDivision_OpenClass_Label,2,Kenneth Wayne Cameron,Gracie Elite Team
Miami Spring International Open IBJJF Jiu-Jitsu 2017,Juvenile/Male/White/Light,1,Aldo Enrique Romero,American Top Team
Miami Spring International Open IBJJF Jiu-Jitsu 2017,Juvenile/Male/White/Light,2,Emanuel John Vazaios,American Top Team
Miami Spring International Open IBJJF Jiu-Jitsu 2017,Juvenile/Male/White/Middle,1,Sean Edward Taft,American Top Team
Miami Spring International Open IBJJF Jiu-Jitsu 2017,Juvenile/Male/White/Middle,2,Aaron Sivilay,RAIVA Brazilian Jiu-Jitsu
Miami Spring International Open IBJJF Jiu-Jitsu 2017,Juvenile/Male/Blue/Feather,1,José Julián  Espinosa Flores,Gracie Elite Team
Miami Spring International Open IBJJF Jiu-Jitsu 2017,Juvenile/Male/Blue/Feather,2,Matthew Keith Arias,Miami WMB
Miami Spring International Open IBJJF Jiu-Jitsu 2017,Juvenile/Male/Blue/Feather,3,Isaias Flores III,American Top Team
Miami Spring International Open IBJJF Jiu-Jitsu 2017,Juvenile/Male/Blue/Feather,3,Kody Joseph Cook,Renato Tavares Association
Miami Spring International Open IBJJF Jiu-Jitsu 2017,Juvenile/Male/Blue/Light,1,Sebastian Ernesto Serpa,Carlson Gracie Team
Miami Spring International Open IBJJF Jiu-Jitsu 2017,Juvenile/Male/Blue/Light,2,Devin Bryce Dietz,Renato Tavares Association
Miami Spring International Open IBJJF Jiu-Jitsu 2017,Juvenile/Male/Blue/Light,3,Ahmad Ford,RMBJJ Academy
Miami Spring International Open IBJJF Jiu-Jitsu 2017,Juvenile/Male/Blue/Middle,1,Adekola Williams,Fight Sports
Miami Spring International Open IBJJF Jiu-Jitsu 2017,Juvenile/Male/Blue/Middle,2,Jose Mauricio Orellana,Renato Tavares Association
Miami Spring International Open IBJJF Jiu-Jitsu 2017,Juvenile/Male/Blue/Heavy,1,Alexandru B. Cobo,RAIVA Brazilian Jiu-Jitsu
Miami Spring International Open IBJJF Jiu-Jitsu 2017,Juvenile/Male/Blue/Heavy,2,Jose A. Encalada Romero,Gracie Elite Team
Miami Spring International Open IBJJF Jiu-Jitsu 2017,Juvenile/Male/Blue/Enum_WeightDivision_OpenClass_Label,1,Matthew Keith Arias,Miami WMB
Miami Spring International Open IBJJF Jiu-Jitsu 2017,Juvenile/Male/Blue/Enum_WeightDivision_OpenClass_Label,2,Sebastian Ernesto Serpa,Carlson Gracie Team
Miami Spring International Open IBJJF Jiu-Jitsu 2017,Juvenile/Male/Blue/Enum_WeightDivision_OpenClass_Label,3,José Julián  Espinosa Flores,Gracie Elite Team
Miami Spring International Open IBJJF Jiu-Jitsu 2017,Juvenile/Male/Blue/Enum_WeightDivision_OpenClass_Label,1,Alexandru B. Cobo,RAIVA Brazilian Jiu-Jitsu
Miami Spring International Open IBJJF Jiu-Jitsu 2017,Juvenile/Male/Blue/Enum_WeightDivision_OpenClass_Label,2,Adekola Williams,Fight Sports
Miami Spring International Open IBJJF Jiu-Jitsu 2017,Juvenile/Male/Blue/Enum_WeightDivision_OpenClass_Label,3,Jose A. Encalada Romero,Gracie Elite Team
Miami Spring International Open IBJJF Jiu-Jitsu 2017,Juvenile/Female/Blue/Middle,1,Casey Jillian Gerber,Fabin Rosa Brazilian Jiu-Jitsu
Miami Spring International Open IBJJF Jiu-Jitsu 2017,Juvenile/Female/Blue/Middle,2,Alanis Coral Santiago Betancourt,Gracie Barra
Miami Spring International Open IBJJF Jiu-Jitsu 2017,Juvenile/Female/Blue/Middle,3,Camila Alicia Andrade Menendez,Team Predador Jiu-Jitsu
Miami Spring International Open IBJJF Jiu-Jitsu 2017,Juvenile/Female/Blue/Medium-Heavy,1,Savannah Maria Alonso,Start Brazilian Jiu-Jitsu
Miami Spring International Open IBJJF Jiu-Jitsu 2017,Juvenile/Female/Blue/Enum_WeightDivision_OpenClass_Label,1,Savannah Maria Alonso,Start Brazilian Jiu-Jitsu
Miami Spring International Open IBJJF Jiu-Jitsu 2017,Juvenile/Female/Blue/Enum_WeightDivision_OpenClass_Label,2,Casey Jillian Gerber,Fabin Rosa Brazilian Jiu-Jitsu
Miami Spring International Open IBJJF Jiu-Jitsu 2017,Juvenile/Female/Blue/Enum_WeightDivision_OpenClass_Label,3,Alanis Coral Santiago Betancourt,Gracie Barra
Miami Spring International Open IBJJF Jiu-Jitsu 2017,Juvenile/Female/Blue/Enum_WeightDivision_OpenClass_Label,3,Camila Alicia Andrade Menendez,Team Predador Jiu-Jitsu
