Dallas International Open Jiu-Jitsu No-Gi 2016,Juvenile/Male/Blue/Feather,1,Malik Ryuta Wilson,Elite Mixed Martial Arts
Dallas International Open Jiu-Jitsu No-Gi 2016,Juvenile/Male/Blue/Feather,2,Nicholas Fernando Martinez,Gracie Barra
Dallas International Open Jiu-Jitsu No-Gi 2016,Juvenile/Male/Blue/Light,1,Lucas Donovan Brennan,Next Generation MMA
Dallas International Open Jiu-Jitsu No-Gi 2016,Juvenile/Male/Blue/Light,2,Nestor Eduardo Jimenez Segovia,LEAD BJJ
Dallas International Open Jiu-Jitsu No-Gi 2016,Juvenile/Male/Blue/Light,3,Keagan Matthew Cegielski,Team Rivas Brazilian Jiu-Jitsu
Dallas International Open Jiu-Jitsu No-Gi 2016,Juvenile/Male/Blue/Light,3,Stephen Ira Shnayderman,Soul Fighters Texas
Dallas International Open Jiu-Jitsu No-Gi 2016,Juvenile/Male/Blue/Medium-Heavy,1,Lukas Matheus Icavino Aguiar,CheckMat
Dallas International Open Jiu-Jitsu No-Gi 2016,Juvenile/Male/Blue/Medium-Heavy,2,Troy Dawson Jackson,LEAD BJJ
Dallas International Open Jiu-Jitsu No-Gi 2016,Juvenile/Female/Blue/Light,1,Madison Lucille Wolfe,Soul Fighters Texas
Dallas International Open Jiu-Jitsu No-Gi 2016,Juvenile/Female/Blue/Light,2,Kyra Samuels,Marcio Cruz BJJ
Dallas International Open Jiu-Jitsu No-Gi 2016,Adult/Male/Blue/Light-Feather,1,Ricardo Amaya-romero,Mohler Jiu-Jitsu
Dallas International Open Jiu-Jitsu No-Gi 2016,Adult/Male/Blue/Light-Feather,2,Roberto E. Salmeron,Mohler Jiu-Jitsu
Dallas International Open Jiu-Jitsu No-Gi 2016,Adult/Male/Blue/Light-Feather,3,jake Barfield,CheckMat
Dallas International Open Jiu-Jitsu No-Gi 2016,Adult/Male/Blue/Light-Feather,3,Ty Jackson,Octagon MMA
Dallas International Open Jiu-Jitsu No-Gi 2016,Adult/Male/Blue/Feather,1,Sérgio Lenerson de Jesus e Silva,CheckMat
Dallas International Open Jiu-Jitsu No-Gi 2016,Adult/Male/Blue/Feather,2,Thomas Standridge,CheckMat
Dallas International Open Jiu-Jitsu No-Gi 2016,Adult/Male/Blue/Feather,3,Jacob Geisendorff,Gracie Barra
Dallas International Open Jiu-Jitsu No-Gi 2016,Adult/Male/Blue/Feather,3,Scott Akers,North Texas MMA
Dallas International Open Jiu-Jitsu No-Gi 2016,Adult/Male/Blue/Light,1,Kade Alexander Lawson,Alliance Atlanta
Dallas International Open Jiu-Jitsu No-Gi 2016,Adult/Male/Blue/Light,2,Dillon Fraley,Kron Gracie Jiu Jitsu
Dallas International Open Jiu-Jitsu No-Gi 2016,Adult/Male/Blue/Light,3,Erasmo Eddie Lozano,Alliance Marcelo Garcia
Dallas International Open Jiu-Jitsu No-Gi 2016,Adult/Male/Blue/Light,3,Trevor Whittaker,Marra Senki Brazilian Jiu Jitsu Academy LLC
Dallas International Open Jiu-Jitsu No-Gi 2016,Adult/Male/Blue/Middle,1,Darin Conner Deangelis,Atos Jiu-Jitsu
Dallas International Open Jiu-Jitsu No-Gi 2016,Adult/Male/Blue/Middle,2,Carver Bennett,CheckMat
Dallas International Open Jiu-Jitsu No-Gi 2016,Adult/Male/Blue/Middle,3,Andre Currier,Alliance
Dallas International Open Jiu-Jitsu No-Gi 2016,Adult/Male/Blue/Middle,3,Matthew Herrera,Rodrigo Pinheiro
Dallas International Open Jiu-Jitsu No-Gi 2016,Adult/Male/Blue/Medium-Heavy,1,Daniel  Elizondo,LEAD BJJ
Dallas International Open Jiu-Jitsu No-Gi 2016,Adult/Male/Blue/Medium-Heavy,2,Nic Schwan,Gracie Barra
Dallas International Open Jiu-Jitsu No-Gi 2016,Adult/Male/Blue/Medium-Heavy,3,Carlos Alejandro Luna Lozano,LEAD BJJ
Dallas International Open Jiu-Jitsu No-Gi 2016,Adult/Male/Blue/Medium-Heavy,3,Ethan Joseph Baumann,CheckMat
Dallas International Open Jiu-Jitsu No-Gi 2016,Adult/Male/Blue/Heavy,1,Tyrae Rivers,LEAD BJJ
Dallas International Open Jiu-Jitsu No-Gi 2016,Adult/Male/Blue/Heavy,2,Eduardo Cruz,LEAD BJJ
Dallas International Open Jiu-Jitsu No-Gi 2016,Adult/Male/Blue/Heavy,3,Benjamin Schwartz,Soul Fighters Texas
Dallas International Open Jiu-Jitsu No-Gi 2016,Adult/Male/Blue/Heavy,3,Christopher Reyna,BJJ Revolution Team
Dallas International Open Jiu-Jitsu No-Gi 2016,Adult/Male/Blue/Ultra-Heavy,1,Finn M. Higgins,Gracie Humaita Winnipeg
Dallas International Open Jiu-Jitsu No-Gi 2016,Adult/Male/Blue/Ultra-Heavy,2,Jeffrey  Johnson-watkins,Gracie Barra
Dallas International Open Jiu-Jitsu No-Gi 2016,Adult/Male/Blue/Ultra-Heavy,3,Dustin Reynolds,Alliance Atlanta
Dallas International Open Jiu-Jitsu No-Gi 2016,Adult/Male/Blue/Ultra-Heavy,3,Titus Foote,South BJJ
Dallas International Open Jiu-Jitsu No-Gi 2016,Adult/Male/Blue/OpenClass,1,Darin Conner Deangelis,Atos Jiu-Jitsu
Dallas International Open Jiu-Jitsu No-Gi 2016,Adult/Male/Blue/OpenClass,2,Sérgio Lenerson de Jesus e Silva,CheckMat
Dallas International Open Jiu-Jitsu No-Gi 2016,Adult/Male/Blue/OpenClass,3,Andre Currier,Alliance
Dallas International Open Jiu-Jitsu No-Gi 2016,Adult/Female/Blue/Light-Feather,1,Kathleen Egan,AMBJJ - Alex Martins Brazilian Jiu-Jitsu
Dallas International Open Jiu-Jitsu No-Gi 2016,Adult/Female/Blue/Light-Feather,2,Sharina Guzman,Soul Fighters Texas
Dallas International Open Jiu-Jitsu No-Gi 2016,Adult/Female/Blue/Light-Feather,3,Annalise Downey,Easton BJJ
Dallas International Open Jiu-Jitsu No-Gi 2016,Adult/Female/Blue/Light-Feather,3,Renee Nieman,CheckMat
Dallas International Open Jiu-Jitsu No-Gi 2016,Adult/Female/Blue/Feather,1,Alexa Nicole Yanes,Gracie Barra
Dallas International Open Jiu-Jitsu No-Gi 2016,Adult/Female/Blue/Feather,2,Madison  Davenport - Brennan,Next Generation MMA
Dallas International Open Jiu-Jitsu No-Gi 2016,Adult/Female/Blue/Feather,3,Brittany Dalecke,Grappling Unlimited
Dallas International Open Jiu-Jitsu No-Gi 2016,Adult/Female/Blue/Feather,3,Minah Turner,Alliance Marcelo Garcia
Dallas International Open Jiu-Jitsu No-Gi 2016,Adult/Female/Blue/Light,1,Casey Martinez,LEAD BJJ
Dallas International Open Jiu-Jitsu No-Gi 2016,Adult/Female/Blue/Light,2,Amanda Riggs,Crazy 88
Dallas International Open Jiu-Jitsu No-Gi 2016,Adult/Female/Blue/Light,3,Kecia Mckenzie,CheckMat
Dallas International Open Jiu-Jitsu No-Gi 2016,Adult/Female/Blue/Light,3,Theresa Pearl Formica,Team Lloyd Irvin
Dallas International Open Jiu-Jitsu No-Gi 2016,Adult/Female/Blue/Middle,1,Heidi Joy Reiter,CheckMat
Dallas International Open Jiu-Jitsu No-Gi 2016,Adult/Female/Blue/Middle,2,Gabrielle Villafuerte,Team Delima (SAS)
Dallas International Open Jiu-Jitsu No-Gi 2016,Adult/Female/Blue/Middle,3,Deborah Kouzmin,Mohler Jiu-Jitsu
Dallas International Open Jiu-Jitsu No-Gi 2016,Adult/Female/Blue/Medium-Heavy,1,Maggie Grindatti,Grappling Unlimited
Dallas International Open Jiu-Jitsu No-Gi 2016,Adult/Female/Blue/Medium-Heavy,2,Zana Nachawati,Atos JJ USA
Dallas International Open Jiu-Jitsu No-Gi 2016,Adult/Female/Blue/Medium-Heavy,3,Aklia Henson,Elite Mixed Martial Arts
Dallas International Open Jiu-Jitsu No-Gi 2016,Adult/Female/Blue/Medium-Heavy,3,Verena Gasparin Arus,Brazilian Top Team
Dallas International Open Jiu-Jitsu No-Gi 2016,Adult/Female/Blue/Heavy,1,Madelynn R. Del Rio-Fernandez,LEAD BJJ
Dallas International Open Jiu-Jitsu No-Gi 2016,Adult/Female/Blue/Heavy,2,Rita Hicks,CheckMat
Dallas International Open Jiu-Jitsu No-Gi 2016,Adult/Female/Blue/Heavy,3,Jody Morris,Soul Fighters Texas
Dallas International Open Jiu-Jitsu No-Gi 2016,Adult/Female/Blue/Super-Heavy,1,Jeni Olbeter,CheckMat
Dallas International Open Jiu-Jitsu No-Gi 2016,Adult/Female/Blue/Super-Heavy,2,Teresia Angelica Carreon,Fight Sports
Dallas International Open Jiu-Jitsu No-Gi 2016,Adult/Female/Blue/Super-Heavy,3,Evelyn Tadlock,Alliance Marcelo Garcia
Dallas International Open Jiu-Jitsu No-Gi 2016,Adult/Female/Blue/OpenClass,1,Maggie Grindatti,Grappling Unlimited
Dallas International Open Jiu-Jitsu No-Gi 2016,Adult/Female/Blue/OpenClass,2,Casey Martinez,LEAD BJJ
Dallas International Open Jiu-Jitsu No-Gi 2016,Adult/Female/Blue/OpenClass,3,Jeni Olbeter,CheckMat
Dallas International Open Jiu-Jitsu No-Gi 2016,Adult/Female/Blue/OpenClass,3,Madison  Davenport - Brennan,Next Generation MMA
Dallas International Open Jiu-Jitsu No-Gi 2016,Adult/Male/Purple/Light-Feather,1,Francisco Jonas Borges Andrade,PSLPB Cicero Costha
Dallas International Open Jiu-Jitsu No-Gi 2016,Adult/Male/Purple/Light-Feather,2,Jarrod Trotter,Soul Fighters Texas
Dallas International Open Jiu-Jitsu No-Gi 2016,Adult/Male/Purple/Light-Feather,3,Levi Golding,CheckMat
Dallas International Open Jiu-Jitsu No-Gi 2016,Adult/Male/Purple/Feather,1,Matheus Gabriel Pinheiro Barros,CheckMat
Dallas International Open Jiu-Jitsu No-Gi 2016,Adult/Male/Purple/Feather,2,Emilio Alejandro hernandez-rodgriquez,Zenith BJJ
Dallas International Open Jiu-Jitsu No-Gi 2016,Adult/Male/Purple/Feather,3,Cameron Adair,CheckMat
Dallas International Open Jiu-Jitsu No-Gi 2016,Adult/Male/Purple/Feather,3,Damion Shaun Oranday,Ed Ramos Jiu-Jitsu USA
Dallas International Open Jiu-Jitsu No-Gi 2016,Adult/Male/Purple/Light,1,Italo Moura de Azevedo,PSLPB Cicero Costha
Dallas International Open Jiu-Jitsu No-Gi 2016,Adult/Male/Purple/Light,2,fernando salas,Soul Fighters Texas
Dallas International Open Jiu-Jitsu No-Gi 2016,Adult/Male/Purple/Light,3,Todd Andrew Walling,Triton Fight Center
Dallas International Open Jiu-Jitsu No-Gi 2016,Adult/Male/Purple/Middle,1,Levi Jones-Leary,Unity Jiu-jitsu
Dallas International Open Jiu-Jitsu No-Gi 2016,Adult/Male/Purple/Middle,2,Joseph Robert Formica,Team Lloyd Irvin
Dallas International Open Jiu-Jitsu No-Gi 2016,Adult/Male/Purple/Middle,3,Kody Steele,CheckMat
Dallas International Open Jiu-Jitsu No-Gi 2016,Adult/Male/Purple/Middle,3,Wesley Cole,LEAD BJJ
Dallas International Open Jiu-Jitsu No-Gi 2016,Adult/Male/Purple/Medium-Heavy,1,Tareq Wahed,CheckMat
Dallas International Open Jiu-Jitsu No-Gi 2016,Adult/Male/Purple/Medium-Heavy,2,Emanuel Neponuceno de Castro,CheckMat
Dallas International Open Jiu-Jitsu No-Gi 2016,Adult/Male/Purple/Medium-Heavy,3,David Shelley,Rodrigo Pinheiro
Dallas International Open Jiu-Jitsu No-Gi 2016,Adult/Male/Purple/Medium-Heavy,3,Diego Almeida Ferreira,LEAD BJJ
Dallas International Open Jiu-Jitsu No-Gi 2016,Adult/Male/Purple/Heavy,1,Zach Coffee,Lovato Jiu-Jitsu
Dallas International Open Jiu-Jitsu No-Gi 2016,Adult/Male/Purple/Heavy,2,Walter Thompson,Reding Martial Arts
Dallas International Open Jiu-Jitsu No-Gi 2016,Adult/Male/Purple/Heavy,3,Avery  Brooks,Octagon MMA
Dallas International Open Jiu-Jitsu No-Gi 2016,Adult/Male/Purple/Heavy,3,Richard Padilla,Paragon BJJ Academy
Dallas International Open Jiu-Jitsu No-Gi 2016,Adult/Male/Purple/Super-Heavy,1,Alejandro  Soberon,Gracie Barra
Dallas International Open Jiu-Jitsu No-Gi 2016,Adult/Male/Purple/OpenClass,1,Diego Almeida Ferreira,LEAD BJJ
Dallas International Open Jiu-Jitsu No-Gi 2016,Adult/Male/Purple/OpenClass,2,Italo Moura de Azevedo,PSLPB Cicero Costha
Dallas International Open Jiu-Jitsu No-Gi 2016,Adult/Male/Purple/OpenClass,3,Alejandro  Soberon,Gracie Barra
Dallas International Open Jiu-Jitsu No-Gi 2016,Adult/Male/Purple/OpenClass,3,Emilio Alejandro hernandez-rodgriquez,Zenith BJJ
Dallas International Open Jiu-Jitsu No-Gi 2016,Adult/Female/Purple/Feather,1,Crystal Tolentino,CheckMat
Dallas International Open Jiu-Jitsu No-Gi 2016,Adult/Female/Purple/Feather,2,Terri E. Casillas,Soul Fighters Texas
Dallas International Open Jiu-Jitsu No-Gi 2016,Adult/Female/Purple/Middle,1,Jessica Jasper,CheckMat
Dallas International Open Jiu-Jitsu No-Gi 2016,Adult/Female/Purple/Middle,2,Victoria Maciel,Soul Fighters Texas
Dallas International Open Jiu-Jitsu No-Gi 2016,Adult/Female/Purple/Middle,3,Elisa Giddens,Gracie Barra
Dallas International Open Jiu-Jitsu No-Gi 2016,Adult/Female/Purple/Medium-Heavy,1,Jessica Constance Swanson,Soul Fighters Texas
Dallas International Open Jiu-Jitsu No-Gi 2016,Adult/Female/Purple/Medium-Heavy,2,Chelsah Lyons,Alliance Marcelo Garcia
Dallas International Open Jiu-Jitsu No-Gi 2016,Adult/Female/Purple/Medium-Heavy,3,Amber Kamischke,Brasa CTA
Dallas International Open Jiu-Jitsu No-Gi 2016,Adult/Female/Purple/OpenClass,1,Victoria Maciel,Soul Fighters Texas
Dallas International Open Jiu-Jitsu No-Gi 2016,Adult/Female/Purple/OpenClass,2,Jessica Constance Swanson,Soul Fighters Texas
Dallas International Open Jiu-Jitsu No-Gi 2016,Adult/Female/Purple/OpenClass,3,Crystal Tolentino,CheckMat
Dallas International Open Jiu-Jitsu No-Gi 2016,Adult/Female/Purple/OpenClass,3,Jessica Jasper,CheckMat
Dallas International Open Jiu-Jitsu No-Gi 2016,Adult/Male/Brown/Feather,1,Pablo Mantovani Dutra,Atos Jiu-Jitsu
Dallas International Open Jiu-Jitsu No-Gi 2016,Adult/Male/Brown/Feather,2,Johnson Clay Telford,Team Royce Gracie
Dallas International Open Jiu-Jitsu No-Gi 2016,Adult/Male/Brown/Feather,3,Blake Alexander Dvorak,Mohler Jiu-Jitsu
Dallas International Open Jiu-Jitsu No-Gi 2016,Adult/Male/Brown/Feather,3,Ruben Enrique Coronado,TX 3rd Coast MMA
Dallas International Open Jiu-Jitsu No-Gi 2016,Adult/Male/Brown/Light,1,Silvio Duran de Barros Saraiva,Vitor Shaolin BJJ
Dallas International Open Jiu-Jitsu No-Gi 2016,Adult/Male/Brown/Light,2,Roniel Oliveira Costa,LEAD BJJ
Dallas International Open Jiu-Jitsu No-Gi 2016,Adult/Male/Brown/Light,3,Joseph Tonche Jr.,LEAD BJJ
Dallas International Open Jiu-Jitsu No-Gi 2016,Adult/Male/Brown/Middle,1,Lucas Sette C. Valente Tobias,Gracie Barra
Dallas International Open Jiu-Jitsu No-Gi 2016,Adult/Male/Brown/Middle,2,Joseph Justin Ruggiero,Team Lloyd Irvin
Dallas International Open Jiu-Jitsu No-Gi 2016,Adult/Male/Brown/Middle,3,Johnny Joachin Tama Apolinario,Alliance Ecuador
Dallas International Open Jiu-Jitsu No-Gi 2016,Adult/Male/Brown/Middle,3,Jonathon David Hunter,Shebaro Jiu Jitsu
Dallas International Open Jiu-Jitsu No-Gi 2016,Adult/Male/Brown/Medium-Heavy,1,Eric Hunter Newton,Gracie Barra
Dallas International Open Jiu-Jitsu No-Gi 2016,Adult/Male/Brown/Medium-Heavy,2,Alexander Van Le,Zenith BJJ - Las Vegas
Dallas International Open Jiu-Jitsu No-Gi 2016,Adult/Male/Brown/Medium-Heavy,3,Philippe Basil Pomaski,CheckMat
Dallas International Open Jiu-Jitsu No-Gi 2016,Adult/Male/Brown/Heavy,1,Sebastian Black,CheckMat
Dallas International Open Jiu-Jitsu No-Gi 2016,Adult/Male/Brown/Heavy,2,Samuel Robert Ferguson,Carlson Gracie Team
Dallas International Open Jiu-Jitsu No-Gi 2016,Adult/Male/Brown/Heavy,3,Joseph Othmar Dierkhising,Revolution Dojo
Dallas International Open Jiu-Jitsu No-Gi 2016,Adult/Male/Brown/Heavy,3,Wesley George,Gracie Barra
Dallas International Open Jiu-Jitsu No-Gi 2016,Adult/Male/Brown/Super-Heavy,1,Jimmy Lugo,LEAD BJJ
Dallas International Open Jiu-Jitsu No-Gi 2016,Adult/Male/Brown/Super-Heavy,2,Nader Riad Tannir,CheckMat
Dallas International Open Jiu-Jitsu No-Gi 2016,Adult/Male/Brown/Ultra-Heavy,1,Matthew Heath McCormick,LEAD BJJ
Dallas International Open Jiu-Jitsu No-Gi 2016,Adult/Male/Brown/Ultra-Heavy,2,Dallas Jay Niles,Lovato Jiu-Jitsu
Dallas International Open Jiu-Jitsu No-Gi 2016,Adult/Male/Brown/OpenClass,1,Lucas Sette C. Valente Tobias,Gracie Barra
Dallas International Open Jiu-Jitsu No-Gi 2016,Adult/Male/Brown/OpenClass,2,Eric Hunter Newton,Gracie Barra
Dallas International Open Jiu-Jitsu No-Gi 2016,Adult/Male/Brown/OpenClass,3,Johnny Joachin Tama Apolinario,Alliance Ecuador
Dallas International Open Jiu-Jitsu No-Gi 2016,Adult/Male/Brown/OpenClass,3,Sebastian Black,CheckMat
Dallas International Open Jiu-Jitsu No-Gi 2016,Adult/Female/Brown/Light,1,Gabriella E. Romero,Legacy Jiu-Jitsu - Team Alberto Crane
Dallas International Open Jiu-Jitsu No-Gi 2016,Adult/Female/Brown/Light,2,Danielle Renee Alvarez,LEAD BJJ
Dallas International Open Jiu-Jitsu No-Gi 2016,Adult/Female/Brown/Light,3,Cheri Beth Muraski,Easton BJJ
Dallas International Open Jiu-Jitsu No-Gi 2016,Adult/Female/Brown/Middle,1,Catherine Fuhro Perret,CheckMat
Dallas International Open Jiu-Jitsu No-Gi 2016,Adult/Female/Brown/Heavy,1,Veronica Manriquez,Soul Fighters Texas
Dallas International Open Jiu-Jitsu No-Gi 2016,Adult/Female/Brown/OpenClass,1,Catherine Fuhro Perret,CheckMat
Dallas International Open Jiu-Jitsu No-Gi 2016,Adult/Female/Brown/OpenClass,2,Gabriella E. Romero,Legacy Jiu-Jitsu - Team Alberto Crane
Dallas International Open Jiu-Jitsu No-Gi 2016,Adult/Female/Brown/OpenClass,3,Veronica Manriquez,Soul Fighters Texas
Dallas International Open Jiu-Jitsu No-Gi 2016,Adult/Male/Black/Feather,1,João Pedro Oliveira Rodrigues,CheckMat
Dallas International Open Jiu-Jitsu No-Gi 2016,Adult/Male/Black/Light,1,Thiago Augusto Araujo Macedo,Rodrigo Pinheiro
Dallas International Open Jiu-Jitsu No-Gi 2016,Adult/Male/Black/Light,2,Marcus Cole Wilson,Grappling Unlimited
Dallas International Open Jiu-Jitsu No-Gi 2016,Adult/Male/Black/Light,3,John Jason Lawrence,Vianna Brothers BJJ & MMA Academy
Dallas International Open Jiu-Jitsu No-Gi 2016,Adult/Male/Black/Middle,1,Thomas Hernan Oyarzun,Fernando Terere Jiu-Jitsu
Dallas International Open Jiu-Jitsu No-Gi 2016,Adult/Male/Black/Middle,2,Albert Allen Hughes,Fight Sports
Dallas International Open Jiu-Jitsu No-Gi 2016,Adult/Male/Black/Middle,3,Fernando Henrique T. Halfeld,Brazilian Top Team
Dallas International Open Jiu-Jitsu No-Gi 2016,Adult/Male/Black/Middle,3,Samuel Seth Snow,Alliance Atlanta
Dallas International Open Jiu-Jitsu No-Gi 2016,Adult/Male/Black/Heavy,1,Inacio Ferreira Gomes Neto,Gracie Barra
Dallas International Open Jiu-Jitsu No-Gi 2016,Adult/Male/Black/Heavy,2,Carlos Robson Gracie Filho,Renzo Gracie Academy
Dallas International Open Jiu-Jitsu No-Gi 2016,Adult/Male/Black/Ultra-Heavy,1,Braden Clark Masters,Fight Sports
Dallas International Open Jiu-Jitsu No-Gi 2016,Adult/Male/Black/Ultra-Heavy,2,Mahamed Aly Santos da Silva,Team Lloyd Irvin
Dallas International Open Jiu-Jitsu No-Gi 2016,Adult/Male/Black/OpenClass,1,Inacio Ferreira Gomes Neto,Gracie Barra
Dallas International Open Jiu-Jitsu No-Gi 2016,Adult/Male/Black/OpenClass,2,Marcus Cole Wilson,Grappling Unlimited
Dallas International Open Jiu-Jitsu No-Gi 2016,Adult/Male/Black/OpenClass,3,Braden Clark Masters,Fight Sports
Dallas International Open Jiu-Jitsu No-Gi 2016,Adult/Male/Black/OpenClass,3,João Pedro Oliveira Rodrigues,CheckMat
Dallas International Open Jiu-Jitsu No-Gi 2016,Master1/Male/Blue/Feather,1,Richard Furness,Gracie Barra
Dallas International Open Jiu-Jitsu No-Gi 2016,Master1/Male/Blue/Feather,2,Luis  Perez,LEAD BJJ
Dallas International Open Jiu-Jitsu No-Gi 2016,Master1/Male/Blue/Feather,3,Steven Ngo,Soul Fighters Texas
Dallas International Open Jiu-Jitsu No-Gi 2016,Master1/Male/Blue/Middle,1,brandon bennett,CheckMat
Dallas International Open Jiu-Jitsu No-Gi 2016,Master1/Male/Blue/Middle,2,Richard Wolter,CheckMat
Dallas International Open Jiu-Jitsu No-Gi 2016,Master1/Male/Blue/Middle,3,Blas Daniel Rodriguez Lopez,LEAD BJJ
Dallas International Open Jiu-Jitsu No-Gi 2016,Master1/Male/Blue/Medium-Heavy,1,O (oreaser) Brown,CheckMat
Dallas International Open Jiu-Jitsu No-Gi 2016,Master1/Male/Blue/Medium-Heavy,2,Ricky Below,South BJJ
Dallas International Open Jiu-Jitsu No-Gi 2016,Master1/Male/Blue/Heavy,1,Donald Ray Hayes Jr.,Gracie Barra
Dallas International Open Jiu-Jitsu No-Gi 2016,Master1/Male/Blue/Ultra-Heavy,1,Michael Mundt,LEAD BJJ
Dallas International Open Jiu-Jitsu No-Gi 2016,Master1/Male/Blue/Ultra-Heavy,2,Joe Marone,Fight Sports
Dallas International Open Jiu-Jitsu No-Gi 2016,Master1/Male/Blue/OpenClass,1,brandon bennett,CheckMat
Dallas International Open Jiu-Jitsu No-Gi 2016,Master1/Male/Blue/OpenClass,2,Richard Furness,Gracie Barra
Dallas International Open Jiu-Jitsu No-Gi 2016,Master1/Male/Blue/OpenClass,3,Donald Ray Hayes Jr.,Gracie Barra
Dallas International Open Jiu-Jitsu No-Gi 2016,Master1/Male/Blue/OpenClass,3,O (oreaser) Brown,CheckMat
Dallas International Open Jiu-Jitsu No-Gi 2016,Master1/Male/Purple/Feather,1,Michael Harmeling,GF Team
Dallas International Open Jiu-Jitsu No-Gi 2016,Master1/Male/Purple/Feather,2,Wendell Martin,CheckMat
Dallas International Open Jiu-Jitsu No-Gi 2016,Master1/Male/Purple/Feather,3,Curtis Eugene Montier,LEAD BJJ
Dallas International Open Jiu-Jitsu No-Gi 2016,Master1/Male/Purple/Feather,3,Mohammed Magharef,Gracie Barra
Dallas International Open Jiu-Jitsu No-Gi 2016,Master1/Male/Purple/Light,1,Adam Chance,Texas Punishment Crew
Dallas International Open Jiu-Jitsu No-Gi 2016,Master1/Male/Purple/Light,2,Philip Castilla,CheckMat
Dallas International Open Jiu-Jitsu No-Gi 2016,Master1/Male/Purple/Middle,1,Christopher Aaron Crosby,Soul Fighters Texas
Dallas International Open Jiu-Jitsu No-Gi 2016,Master1/Male/Purple/Medium-Heavy,1,Tye Davis,CheckMat
Dallas International Open Jiu-Jitsu No-Gi 2016,Master1/Male/Purple/Medium-Heavy,2,Phillip Brown,Gracie Barra
Dallas International Open Jiu-Jitsu No-Gi 2016,Master1/Male/Purple/Medium-Heavy,3,James Moore,CheckMat
Dallas International Open Jiu-Jitsu No-Gi 2016,Master1/Male/Purple/Heavy,1,Scott Michael Miller,Yamane Championship Mixed Martial Arts
Dallas International Open Jiu-Jitsu No-Gi 2016,Master1/Male/Purple/Ultra-Heavy,1,Micah Morino,Gracie Barra
Dallas International Open Jiu-Jitsu No-Gi 2016,Master1/Male/Purple/OpenClass,1,Micah Morino,Gracie Barra
Dallas International Open Jiu-Jitsu No-Gi 2016,Master1/Male/Purple/OpenClass,2,Christopher Aaron Crosby,Soul Fighters Texas
Dallas International Open Jiu-Jitsu No-Gi 2016,Master1/Male/Purple/OpenClass,3,James Moore,CheckMat
Dallas International Open Jiu-Jitsu No-Gi 2016,Master1/Male/Purple/OpenClass,3,Tye Davis,CheckMat
Dallas International Open Jiu-Jitsu No-Gi 2016,Master1/Male/Brown/Light,1,Richard Abarca Jr.,CheckMat
Dallas International Open Jiu-Jitsu No-Gi 2016,Master1/Male/Brown/Middle,1,Jesse Wayne Palmer,Soul Fighters Texas
Dallas International Open Jiu-Jitsu No-Gi 2016,Master1/Male/Brown/Middle,2,Robert L. Crosley,LEAD BJJ
Dallas International Open Jiu-Jitsu No-Gi 2016,Master1/Male/Brown/Middle,3,Francis Xavier May,Mohler Jiu-Jitsu
Dallas International Open Jiu-Jitsu No-Gi 2016,Master1/Male/Brown/Middle,3,Zachary James Haney,Soul Fighters Texas
Dallas International Open Jiu-Jitsu No-Gi 2016,Master1/Male/Brown/Medium-Heavy,1,Jordan Alan Shepler,LEAD BJJ
Dallas International Open Jiu-Jitsu No-Gi 2016,Master1/Male/Brown/Ultra-Heavy,1,Jonathan Wayne Akard,Peak Performance
Dallas International Open Jiu-Jitsu No-Gi 2016,Master1/Male/Brown/Ultra-Heavy,2,Nathan Hallford,LEAD BJJ
Dallas International Open Jiu-Jitsu No-Gi 2016,Master1/Male/Brown/OpenClass,1,Jordan Alan Shepler,LEAD BJJ
Dallas International Open Jiu-Jitsu No-Gi 2016,Master1/Male/Brown/OpenClass,2,Nathan Hallford,LEAD BJJ
Dallas International Open Jiu-Jitsu No-Gi 2016,Master1/Male/Brown/OpenClass,3,Richard Abarca Jr.,CheckMat
Dallas International Open Jiu-Jitsu No-Gi 2016,Master1/Male/Brown/OpenClass,3,Zachary James Haney,Soul Fighters Texas
Dallas International Open Jiu-Jitsu No-Gi 2016,Master1/Male/Black/Light,1,Alejandro Siqueira Doudement,Gracie Barra
Dallas International Open Jiu-Jitsu No-Gi 2016,Master1/Male/Black/Light,2,Mark Thomas Turner,Demian Maia Jiu-Jitsu
Dallas International Open Jiu-Jitsu No-Gi 2016,Master1/Male/Black/Middle,1,Jonatas Eliaquim da Silva,ZR Team International
Dallas International Open Jiu-Jitsu No-Gi 2016,Master1/Male/Black/Middle,2,Francisco Ramos Mendes Neto,CheckMat
Dallas International Open Jiu-Jitsu No-Gi 2016,Master1/Male/Black/Middle,3,Ruy Frade Freesz,Brazilian Top Team
Dallas International Open Jiu-Jitsu No-Gi 2016,Master1/Male/Black/Super-Heavy,1,Marcos Maciel de Oliveira,Brazilian Top Team
Dallas International Open Jiu-Jitsu No-Gi 2016,Master1/Male/Black/Super-Heavy,2,Anthony Ward Mitchell,Killer Bees BJJ College
Dallas International Open Jiu-Jitsu No-Gi 2016,Master1/Male/Black/OpenClass,1,Marcos Maciel de Oliveira,Brazilian Top Team
Dallas International Open Jiu-Jitsu No-Gi 2016,Master1/Male/Black/OpenClass,2,Ruy Frade Freesz,Brazilian Top Team
Dallas International Open Jiu-Jitsu No-Gi 2016,Master1/Male/Black/OpenClass,3,Francisco Ramos Mendes Neto,CheckMat
Dallas International Open Jiu-Jitsu No-Gi 2016,Master2/Male/Blue/Feather,1,Donnie Puckett,LEAD BJJ
Dallas International Open Jiu-Jitsu No-Gi 2016,Master2/Male/Blue/Feather,2,Murl Davis,LEAD BJJ
Dallas International Open Jiu-Jitsu No-Gi 2016,Master2/Male/Blue/Feather,3,Israel Davila,Brazilian Top Team
Dallas International Open Jiu-Jitsu No-Gi 2016,Master2/Male/Blue/Light,1,Chad Rizzo,LEAD BJJ
Dallas International Open Jiu-Jitsu No-Gi 2016,Master2/Male/Blue/Light,2,Anthony Ammendola,CheckMat
Dallas International Open Jiu-Jitsu No-Gi 2016,Master2/Male/Blue/Light,3,Lance Willard,CheckMat
Dallas International Open Jiu-Jitsu No-Gi 2016,Master2/Male/Blue/Middle,1,Anthony Cruz,Reding Martial Arts
Dallas International Open Jiu-Jitsu No-Gi 2016,Master2/Male/Blue/Middle,2,Lidemar Augusto da Silva,Eq. Claudionor Cardoso
Dallas International Open Jiu-Jitsu No-Gi 2016,Master2/Male/Blue/Middle,3,Aaron Mathew Martin,Ed Ramos Jiu-Jitsu USA
Dallas International Open Jiu-Jitsu No-Gi 2016,Master2/Male/Blue/Middle,3,Ken Brennan,CheckMat
Dallas International Open Jiu-Jitsu No-Gi 2016,Master2/Male/Blue/Medium-Heavy,1,Scott Lapensohn,Next Generation MMA
Dallas International Open Jiu-Jitsu No-Gi 2016,Master2/Male/Blue/Medium-Heavy,2,Matt Konig,CheckMat
Dallas International Open Jiu-Jitsu No-Gi 2016,Master2/Male/Blue/Medium-Heavy,3,Luis Ramirez,Neutral Grounds Jiu-Jitsu Frisco TX
Dallas International Open Jiu-Jitsu No-Gi 2016,Master2/Male/Blue/Medium-Heavy,3,Robert  Jenkins,All American MMA
Dallas International Open Jiu-Jitsu No-Gi 2016,Master2/Male/Blue/Heavy,1,Keith Mateychick,Triton Fight Center
Dallas International Open Jiu-Jitsu No-Gi 2016,Master2/Male/Blue/Heavy,2,Matt Nieman,CheckMat
Dallas International Open Jiu-Jitsu No-Gi 2016,Master2/Male/Blue/Heavy,3,Michael Louis Andries,GF Team
Dallas International Open Jiu-Jitsu No-Gi 2016,Master2/Male/Blue/Heavy,3,Robert Silvestri,CheckMat
Dallas International Open Jiu-Jitsu No-Gi 2016,Master2/Male/Blue/Super-Heavy,1,Patrick Banaise Blake,LEAD BJJ
Dallas International Open Jiu-Jitsu No-Gi 2016,Master2/Male/Blue/Super-Heavy,2,Dustin Shelhamer,LEAD BJJ
Dallas International Open Jiu-Jitsu No-Gi 2016,Master2/Male/Blue/Super-Heavy,3,Joel Howells,RCJ Machado
Dallas International Open Jiu-Jitsu No-Gi 2016,Master2/Male/Blue/Ultra-Heavy,1,Daniel Shanks,BJJ Revolution Team
Dallas International Open Jiu-Jitsu No-Gi 2016,Master2/Male/Blue/Ultra-Heavy,2,Mark Carroll,CheckMat
Dallas International Open Jiu-Jitsu No-Gi 2016,Master2/Male/Blue/Ultra-Heavy,3,Clarence Antonio Simmons Jr.,Peak Performance
Dallas International Open Jiu-Jitsu No-Gi 2016,Master2/Male/Blue/OpenClass,1,Daniel Shanks,BJJ Revolution Team
Dallas International Open Jiu-Jitsu No-Gi 2016,Master2/Male/Blue/OpenClass,2,Lance Willard,CheckMat
Dallas International Open Jiu-Jitsu No-Gi 2016,Master2/Male/Blue/OpenClass,3,Chad Rizzo,LEAD BJJ
Dallas International Open Jiu-Jitsu No-Gi 2016,Master2/Male/Blue/OpenClass,3,Luis Ramirez,Neutral Grounds Jiu-Jitsu Frisco TX
Dallas International Open Jiu-Jitsu No-Gi 2016,Master2/Male/Purple/Middle,1,W. Vincent Lipscomb,BJJ Revolution Team
Dallas International Open Jiu-Jitsu No-Gi 2016,Master2/Male/Purple/Middle,2,Craig Sylva,South BJJ
Dallas International Open Jiu-Jitsu No-Gi 2016,Master2/Male/Purple/Heavy,1,Faust Alexandru Cotisel,Gracie Barra
Dallas International Open Jiu-Jitsu No-Gi 2016,Master2/Male/Purple/Heavy,2,Jason  Taraszki,CheckMat
Dallas International Open Jiu-Jitsu No-Gi 2016,Master2/Male/Purple/Super-Heavy,1,Rustin Brown,Mohler Jiu-Jitsu
Dallas International Open Jiu-Jitsu No-Gi 2016,Master2/Male/Purple/Super-Heavy,2,Jeff Scott,CheckMat
Dallas International Open Jiu-Jitsu No-Gi 2016,Master2/Male/Purple/Super-Heavy,3,David Akina,CheckMat
Dallas International Open Jiu-Jitsu No-Gi 2016,Master2/Male/Purple/Ultra-Heavy,1,Wade Hutson,Soul Fighters Texas
Dallas International Open Jiu-Jitsu No-Gi 2016,Master2/Male/Purple/Ultra-Heavy,2,Dulces  Flores Jr,AMBJJ - Alex Martins Brazilian Jiu-Jitsu
Dallas International Open Jiu-Jitsu No-Gi 2016,Master2/Male/Purple/Ultra-Heavy,3,Jason David McGill,Peak Performance
Dallas International Open Jiu-Jitsu No-Gi 2016,Master2/Male/Purple/OpenClass,1,Wade Hutson,Soul Fighters Texas
Dallas International Open Jiu-Jitsu No-Gi 2016,Master2/Male/Purple/OpenClass,2,Faust Alexandru Cotisel,Gracie Barra
Dallas International Open Jiu-Jitsu No-Gi 2016,Master2/Male/Purple/OpenClass,3,Jeff Scott,CheckMat
Dallas International Open Jiu-Jitsu No-Gi 2016,Master2/Male/Purple/OpenClass,3,W. Vincent Lipscomb,BJJ Revolution Team
Dallas International Open Jiu-Jitsu No-Gi 2016,Master2/Male/Brown/Light,1,Rennie J. Crisafulli,LEAD BJJ
Dallas International Open Jiu-Jitsu No-Gi 2016,Master2/Male/Brown/Light,2,Jason Casillas,Soul Fighters Texas
Dallas International Open Jiu-Jitsu No-Gi 2016,Master2/Male/Brown/Medium-Heavy,1,Humberto Carrilho Santos,LEAD BJJ
Dallas International Open Jiu-Jitsu No-Gi 2016,Master2/Male/Brown/Medium-Heavy,2,Andrew Doe,Gracie Barra
Dallas International Open Jiu-Jitsu No-Gi 2016,Master2/Male/Brown/Medium-Heavy,3,Christian S. Duran,Peak Performance
Dallas International Open Jiu-Jitsu No-Gi 2016,Master2/Male/Brown/Medium-Heavy,3,Fernando Jesus Sedelmeier Gracia,Brazilian Top Team
Dallas International Open Jiu-Jitsu No-Gi 2016,Master2/Male/Brown/OpenClass,1,Humberto Carrilho Santos,LEAD BJJ
Dallas International Open Jiu-Jitsu No-Gi 2016,Master2/Male/Brown/OpenClass,2,Christian S. Duran,Peak Performance
Dallas International Open Jiu-Jitsu No-Gi 2016,Master2/Male/Brown/OpenClass,3,Fernando Jesus Sedelmeier Gracia,Brazilian Top Team
Dallas International Open Jiu-Jitsu No-Gi 2016,Master2/Male/Brown/OpenClass,3,Rennie J. Crisafulli,LEAD BJJ
Dallas International Open Jiu-Jitsu No-Gi 2016,Master2/Male/Black/Light,1,Claudionor Cardoso da Silva,Eq. Claudionor Cardoso
Dallas International Open Jiu-Jitsu No-Gi 2016,Master2/Male/Black/Heavy,1,Peter C. Iacavazzi,Sylvio Behring USA
Dallas International Open Jiu-Jitsu No-Gi 2016,Master2/Male/Black/Super-Heavy,1,Bruno Menezes Protasio,CheckMat
Dallas International Open Jiu-Jitsu No-Gi 2016,Master2/Male/Black/Ultra-Heavy,1,Luis Rubalcava,Alliance Atlanta
Dallas International Open Jiu-Jitsu No-Gi 2016,Master2/Male/Black/Ultra-Heavy,2,Bruno Enrique Costa Villardi,Gracie Barra
Dallas International Open Jiu-Jitsu No-Gi 2016,Master2/Male/Black/OpenClass,1,Luis Rubalcava,Alliance Atlanta
Dallas International Open Jiu-Jitsu No-Gi 2016,Master2/Male/Black/OpenClass,2,Bruno Menezes Protasio,CheckMat
Dallas International Open Jiu-Jitsu No-Gi 2016,Master2/Male/Black/OpenClass,3,Claudionor Cardoso da Silva,Eq. Claudionor Cardoso
