London Winter International Open 2015,Juvenile/Male/White/Feather,1,Alex Rey,Icon BJJ
London Winter International Open 2015,Juvenile/Male/White/Feather,2,Joshua J. Levy,CFS BJJ
London Winter International Open 2015,Juvenile/Female/White/Feather,1,Helima Nadheem Rahman,Brasa/99
London Winter International Open 2015,Adult/Male/White/Light-Feather,1,Saad Quraishi,Roger Gracie Academy
London Winter International Open 2015,Adult/Male/White/Light-Feather,2,Peter Fogarty,Ribeiro Jiu-Jitsu International
London Winter International Open 2015,Adult/Male/White/Light-Feather,3,Robert Mason,Gracie Barra
London Winter International Open 2015,Adult/Male/White/Feather,1,Thomas Richardson,Gracie Barra
London Winter International Open 2015,Adult/Male/White/Feather,2,Alexander Childs,Roger Gracie
London Winter International Open 2015,Adult/Male/White/Feather,3,Robert Houghton,Nova Uniao NYC
London Winter International Open 2015,Adult/Male/White/Feather,3,Rodrigo Lima,CheckMat
London Winter International Open 2015,Adult/Male/White/Light,1,Dominik Sanchez,Carlson Gracie Team
London Winter International Open 2015,Adult/Male/White/Light,2,Adrián Aguiar Díaz,Carlson Gracie Team
London Winter International Open 2015,Adult/Male/White/Light,3,Giedrius  Skara,Roger Gracie Academy
London Winter International Open 2015,Adult/Male/White/Light,3,Jorge Rodrigues,CheckMat
London Winter International Open 2015,Adult/Male/White/Middle,1,Christian Alves,Nova União International
London Winter International Open 2015,Adult/Male/White/Middle,2,Kestutis Blazonis,Gracie Barra
London Winter International Open 2015,Adult/Male/White/Middle,3,BOGDAN Avgustinovich,Mandala Jiu-Jitsu School
London Winter International Open 2015,Adult/Male/White/Middle,3,Maciej Jackowski,CheckMat International
London Winter International Open 2015,Adult/Male/White/Medium-Heavy,1,Krishnan Chauhan,Combat Base UK
London Winter International Open 2015,Adult/Male/White/Medium-Heavy,2,Richard Caplan,Brigadeiro BJJ - UK
London Winter International Open 2015,Adult/Male/White/Medium-Heavy,3,Denis Iliuscenko,CheckMat
London Winter International Open 2015,Adult/Male/White/Medium-Heavy,3,Richard Pickering,CheckMat International
London Winter International Open 2015,Adult/Male/White/Heavy,1,tom hills,Gracie Barra
London Winter International Open 2015,Adult/Male/White/Heavy,2,Aled Rees,99 Nine Nine JJ - International
London Winter International Open 2015,Adult/Male/White/Heavy,3,Domenico Tricamo,Trinacria BJJ
London Winter International Open 2015,Adult/Male/White/Heavy,3,Rafael Hindryn Laji Alonso,Gracie Barra
London Winter International Open 2015,Adult/Male/White/Super-Heavy,1,Mario Antonio Da Silva Co,CheckMat
London Winter International Open 2015,Adult/Male/White/Super-Heavy,2,Mamadou Sissoko,Gracie Barra
London Winter International Open 2015,Adult/Male/White/Ultra-Heavy,1,Jean Pierre Villagran dos Santos,Gracie Barra JJ
London Winter International Open 2015,Adult/Male/White/Ultra-Heavy,2,Wilfried Kouame,Gracie Barra
London Winter International Open 2015,Adult/Male/White/Ultra-Heavy,3,Artur Klecha,Gracie Barra
London Winter International Open 2015,Adult/Male/White/Ultra-Heavy,3,Robert W.E. Sayers,Andy Roberts BJJ
London Winter International Open 2015,Adult/Female/White/Light-Feather,1,Nicola  Fishwick,Mario Sukata International
London Winter International Open 2015,Adult/Female/White/Light-Feather,2,Noemie Host,Gracie Barra
London Winter International Open 2015,Adult/Female/White/Light-Feather,3,Judith  Emery,Nova Uniao NYC
London Winter International Open 2015,Adult/Female/White/Feather,1,Melany Tavares de carvalho,Gracie Humaita
London Winter International Open 2015,Adult/Female/White/Feather,2,Amanda  Holloway,Nova Uniao NYC
London Winter International Open 2015,Adult/Female/White/Feather,3,Jozefina Mihaiu,CFS BJJ
London Winter International Open 2015,Adult/Female/White/Feather,3,Serena Quinzi,Cyclone
London Winter International Open 2015,Adult/Female/White/Light,1,Eugenia Fiammetta Rossetti,Oxford Shootfighter
London Winter International Open 2015,Adult/Female/White/Light,2,Irina Mollokwu,Garcia Top Team
London Winter International Open 2015,Adult/Female/White/Light,3,De Araujo Cameira  Fabiana,Gracie Humaita
London Winter International Open 2015,Adult/Female/White/Light,3,Mika Revell,CheckMat
London Winter International Open 2015,Adult/Female/White/Middle,1,Ingvild Softeland,Oxford Shootfighter
London Winter International Open 2015,Adult/Female/White/Middle,2,Masoumeh Khodsetan,CheckMat
London Winter International Open 2015,Adult/Female/White/Middle,3,Marie Wilson,CFS BJJ
London Winter International Open 2015,Adult/Female/White/Middle,3,Meredith Foster,CheckMat
London Winter International Open 2015,Adult/Male/Blue/Light-Feather,1,Tommy Yip,Carlson Gracie Team
London Winter International Open 2015,Adult/Male/Blue/Light-Feather,2,Philip Harris,Nova Uniao NYC
London Winter International Open 2015,Adult/Male/Blue/Light-Feather,3,Conor Pallatt,Icon BJJ
London Winter International Open 2015,Adult/Male/Blue/Light-Feather,3,Sergio  Cayuela García,Alliance
London Winter International Open 2015,Adult/Male/Blue/Feather,1,Jed Hue,Gracie Barra
London Winter International Open 2015,Adult/Male/Blue/Feather,2,Dmitrijs Konstantinovs,Carlson Gracie Team
London Winter International Open 2015,Adult/Male/Blue/Feather,3,Angelo  Duarte,Carlson Gracie Team
London Winter International Open 2015,Adult/Male/Blue/Feather,3,Ryan McDonald,BJJ Revolution Team - International
London Winter International Open 2015,Adult/Male/Blue/Light,1,Alan Surmont,Kitober BJJ
London Winter International Open 2015,Adult/Male/Blue/Light,2,Douglas Atkinson,Roger Gracie
London Winter International Open 2015,Adult/Male/Blue/Light,3,Benjamin Naylor,Oxford Shootfighter
London Winter International Open 2015,Adult/Male/Blue/Light,3,Kieran Reid,Rio Grappling Club
London Winter International Open 2015,Adult/Male/Blue/Middle,1,Aleksandrs Putjatins,BJJ Revolution Team
London Winter International Open 2015,Adult/Male/Blue/Middle,2,Saoud  Abdulla Yousef Ali AlHammadi,UAE Jiu-jitsu Team
London Winter International Open 2015,Adult/Male/Blue/Middle,3,Aaron Hinchliffe,CheckMat
London Winter International Open 2015,Adult/Male/Blue/Middle,3,Carl-Erik Høyum,Team Trondheim BJJ
London Winter International Open 2015,Adult/Male/Blue/Medium-Heavy,1,Euclides Florival Ferreira de Castro,Brazilian Power Team
London Winter International Open 2015,Adult/Male/Blue/Medium-Heavy,2,Andreas  Simpson,Carlson Gracie Team
London Winter International Open 2015,Adult/Male/Blue/Medium-Heavy,3,Antonio Miguel de Alencar,Alliance RJ
London Winter International Open 2015,Adult/Male/Blue/Medium-Heavy,3,Hélder Jorge da Silva Sousa,Nóbrega Team
London Winter International Open 2015,Adult/Male/Blue/Heavy,1,James Bryan,CheckMat
London Winter International Open 2015,Adult/Male/Blue/Heavy,2,Akeem Khan,BJJ Globetrotters
London Winter International Open 2015,Adult/Male/Blue/Heavy,3,Gary Trevett,Gracie Barra
London Winter International Open 2015,Adult/Male/Blue/Heavy,3,George Kolarov,CheckMat International
London Winter International Open 2015,Adult/Male/Blue/Super-Heavy,1,Tom Spibey,Gracie Barra
London Winter International Open 2015,Adult/Male/Blue/Super-Heavy,2,Gavin Bowe,Gracie Elite Team
London Winter International Open 2015,Adult/Male/Blue/Super-Heavy,3,Marcin Szpak,Gracie Barra
London Winter International Open 2015,Adult/Male/Blue/OpenClass,1,Euclides Florival Ferreira de Castro,Brazilian Power Team
London Winter International Open 2015,Adult/Male/Blue/OpenClass,2,Saoud  Abdulla Yousef Ali AlHammadi,UAE Jiu-jitsu Team
London Winter International Open 2015,Adult/Male/Blue/OpenClass,3,Akeem Khan,BJJ Globetrotters
London Winter International Open 2015,Adult/Male/Blue/OpenClass,3,Alan Surmont,Kitober BJJ
London Winter International Open 2015,Adult/Female/Blue/Light-Feather,1,Nina Navid,Roger Gracie
London Winter International Open 2015,Adult/Female/Blue/Light-Feather,2,Stephanie Edwards,Gracie Barra
London Winter International Open 2015,Adult/Female/Blue/Light-Feather,3,Katy Ashcroft,Gracie Barra
London Winter International Open 2015,Adult/Female/Blue/Light-Feather,3,Mairead Coyle,Gracie Elite Team
London Winter International Open 2015,Adult/Female/Blue/Feather,1,Helene Lo,CheckMat International
London Winter International Open 2015,Adult/Female/Blue/Feather,2,Moravia Widmer,Nova União International
London Winter International Open 2015,Adult/Female/Blue/Feather,3,Cassie Alvarez,Gracie Barra
London Winter International Open 2015,Adult/Female/Blue/Feather,3,Joana Almeida Serras Pires,CheckMat
London Winter International Open 2015,Adult/Female/Blue/Light,1,Margot Ciccarelli,Atos Jiu-Jitsu
London Winter International Open 2015,Adult/Female/Blue/Light,2,Laura Harvey,CheckMat
London Winter International Open 2015,Adult/Female/Blue/Light,3,Natalia Wisniewska,Rafael Ribeiro BJJ
London Winter International Open 2015,Adult/Female/Blue/Middle,1,Ambar Villagrán,CheckMat
London Winter International Open 2015,Adult/Female/Blue/Middle,2,Danielle Parkinson,Gracie Barra
London Winter International Open 2015,Adult/Female/Blue/Medium-Heavy,1,Laura Barker,Gracie Barra
London Winter International Open 2015,Adult/Female/Blue/Super-Heavy,1,Jacquie epelle,Brasa/99
London Winter International Open 2015,Adult/Female/Blue/OpenClass,1,Jacquie epelle,Brasa/99
London Winter International Open 2015,Adult/Female/Blue/OpenClass,2,Danielle Parkinson,Gracie Barra
London Winter International Open 2015,Adult/Female/Blue/OpenClass,3,Helene Lo,CheckMat International
London Winter International Open 2015,Adult/Female/Blue/OpenClass,3,Laura Harvey,CheckMat
London Winter International Open 2015,Adult/Male/Purple/Light-Feather,1,Oscar Fernández Calderón,Association Aranha
London Winter International Open 2015,Adult/Male/Purple/Light-Feather,2,Laron Wynter,GF Team UK
London Winter International Open 2015,Adult/Male/Purple/Feather,1,Munkhbayar Altantugs,Roger Gracie
London Winter International Open 2015,Adult/Male/Purple/Feather,2,Adrian Krzesiak Vel Czyzewski,Gracie Barra
London Winter International Open 2015,Adult/Male/Purple/Feather,3,Robert Galluccio,Legacy
London Winter International Open 2015,Adult/Male/Purple/Feather,3,Samuel Khan,Gracie Barra
London Winter International Open 2015,Adult/Male/Purple/Light,1,Peter Youds,The MMA Academy Liverpool
London Winter International Open 2015,Adult/Male/Purple/Light,2,Dawid Farycki,CheckMat
London Winter International Open 2015,Adult/Male/Purple/Light,3,Alexandre Pedro De Sousa Rodrigues,Icon BJJ
London Winter International Open 2015,Adult/Male/Purple/Light,3,Antonio Lucio Moreira dos Santos,Garcia Top Team
London Winter International Open 2015,Adult/Male/Purple/Middle,1,Jamie Brian Paxman,Gracie Barra
London Winter International Open 2015,Adult/Male/Purple/Middle,2,Sam Michael Crook,CheckMat
London Winter International Open 2015,Adult/Male/Purple/Middle,3,freddie  sykes,Gracie Barra BJJ
London Winter International Open 2015,Adult/Male/Purple/Middle,3,Jakub Zajkowski,Gracie Barra
London Winter International Open 2015,Adult/Male/Purple/Medium-Heavy,1,Gerard Piotr Labinski,Gracie Barra
London Winter International Open 2015,Adult/Male/Purple/Medium-Heavy,2,Sean Coates,Gracie Barra
London Winter International Open 2015,Adult/Male/Purple/Medium-Heavy,3,Christopher Short,Team Lagarto
London Winter International Open 2015,Adult/Male/Purple/Medium-Heavy,3,River Blue Dillon,Carlson Gracie Team
London Winter International Open 2015,Adult/Male/Purple/Heavy,1,Joachim Sveinson,Frontline Academy
London Winter International Open 2015,Adult/Male/Purple/Heavy,2,Nima Hashemi,Roger Gracie
London Winter International Open 2015,Adult/Male/Purple/Heavy,3,Aarron Burgin,Eddie Kone BJJ (EKBJJ)
London Winter International Open 2015,Adult/Male/Purple/Heavy,3,William Ma,Brasa/99
London Winter International Open 2015,Adult/Male/Purple/Super-Heavy,1,Jamie Malcom William Hughes,99 Nine Nine JJ - International
London Winter International Open 2015,Adult/Male/Purple/Super-Heavy,2,Frederico Olavo Miranda de Freitas Melim,Gracie Barra
London Winter International Open 2015,Adult/Male/Purple/Super-Heavy,3,Craig Noone,Mario Sukata International
London Winter International Open 2015,Adult/Male/Purple/Super-Heavy,3,Soroush Kiyan,CheckMat
London Winter International Open 2015,Adult/Male/Purple/Ultra-Heavy,1,nick jordan,Roger Gracie
London Winter International Open 2015,Adult/Male/Purple/Ultra-Heavy,2,James T. Halfhide,Oxford Shootfighter
London Winter International Open 2015,Adult/Male/Purple/Ultra-Heavy,3,David Goodman,Team Lagarto
London Winter International Open 2015,Adult/Male/Purple/Ultra-Heavy,3,Nandip Singh Khera,Gracie Barra
London Winter International Open 2015,Adult/Male/Purple/OpenClass,1,Sean Coates,Gracie Barra
London Winter International Open 2015,Adult/Male/Purple/OpenClass,2,Joachim Sveinson,Frontline Academy
London Winter International Open 2015,Adult/Male/Purple/OpenClass,3,nick jordan,Roger Gracie
London Winter International Open 2015,Adult/Male/Purple/OpenClass,3,River Blue Dillon,Carlson Gracie Team
London Winter International Open 2015,Adult/Male/Brown/Light-Feather,1,Rodnei Barbosa Gabriel  Junior (REPETIDO: 63911),PRBJJ Ronny Carvalho
London Winter International Open 2015,Adult/Male/Brown/Light-Feather,2,David J Prescott,Gracie Barra
London Winter International Open 2015,Adult/Male/Brown/Light,1,Samuel Thomas F. Gibson,Carlson Gracie Team
London Winter International Open 2015,Adult/Male/Brown/Light,2,Diogo Borges,Roger Gracie
London Winter International Open 2015,Adult/Male/Brown/Light,3,James T. Boyle,Infinity Martial Arts
London Winter International Open 2015,Adult/Male/Brown/Light,3,Rafael Guilherme de Carvalho,Gracie Barra
London Winter International Open 2015,Adult/Male/Brown/Middle,1,Bradley  Hill,Gracie Barra
London Winter International Open 2015,Adult/Male/Brown/Middle,2,Stephen Spencer O'Keeffe,CheckMat
London Winter International Open 2015,Adult/Male/Brown/Middle,3,David James Hulland,Gracie Barra
London Winter International Open 2015,Adult/Male/Brown/Middle,3,Viking Wai Chun Wong,GF Team International
London Winter International Open 2015,Adult/Male/Brown/Medium-Heavy,1,Matt Inman,SBG Drayton Valley
London Winter International Open 2015,Adult/Male/Brown/Medium-Heavy,2,Marek Pawel Zbrog,Gracie Barra
London Winter International Open 2015,Adult/Male/Brown/Super-Heavy,1,Robert Allen Mules,Gracie Barra
London Winter International Open 2015,Adult/Male/Brown/Super-Heavy,2,Arya  Esfandmaz,Gracie Barra
London Winter International Open 2015,Adult/Male/Brown/Super-Heavy,3,Selwyn Jason Bell,Carlson Gracie Team
London Winter International Open 2015,Adult/Male/Brown/Ultra-Heavy,1,Martin Johannes Gobel,CheckMat Ground Fighters Hamburg
London Winter International Open 2015,Adult/Male/Brown/Ultra-Heavy,2,Andre Papini Teixeira Lima,Solara Jiu-Jitsu
London Winter International Open 2015,Adult/Male/Brown/OpenClass,1,Viking Wai Chun Wong,GF Team International
London Winter International Open 2015,Adult/Male/Brown/OpenClass,2,Samuel Thomas F. Gibson,Carlson Gracie Team
London Winter International Open 2015,Adult/Male/Brown/OpenClass,3,Diogo Borges,Roger Gracie
London Winter International Open 2015,Adult/Male/Brown/OpenClass,3,Robert Allen Mules,Gracie Barra
London Winter International Open 2015,Adult/Female/Brown/Light-Feather,1,Serena Gabrielli,Cyclone
London Winter International Open 2015,Adult/Female/Brown/Light-Feather,2,Natalia Carriello,Gracie Barra
London Winter International Open 2015,Adult/Female/Brown/Middle,1,Leoni Munslow,New School BJJ
London Winter International Open 2015,Adult/Female/Brown/Middle,2,Carolina Carriello,Gracie Barra
London Winter International Open 2015,Adult/Female/Brown/OpenClass,1,Leoni Munslow,New School BJJ
London Winter International Open 2015,Adult/Female/Brown/OpenClass,2,Carolina Carriello,Gracie Barra
London Winter International Open 2015,Adult/Female/Brown/OpenClass,3,Natalia Carriello,Gracie Barra
London Winter International Open 2015,Adult/Male/Black/Rooster,1,Andrea Verdemare,Cyclone
London Winter International Open 2015,Adult/Male/Black/Light-Feather,1,Lucas de Souza Dantas,KMR BJJ KIMURA
London Winter International Open 2015,Adult/Male/Black/Light-Feather,2,Baruc Martin Barrios,Reinaldo Ribeiro Team JJ
London Winter International Open 2015,Adult/Male/Black/Light-Feather,3,Mark Phung,Team Lagarto
London Winter International Open 2015,Adult/Male/Black/Feather,1,Victor Figueiredo Genovesi,Alliance RJ
London Winter International Open 2015,Adult/Male/Black/Feather,2,Sergio Calderon Gonzalez,Association Aranha
London Winter International Open 2015,Adult/Male/Black/Feather,3,Carlos Eduardo de Almeida Goncalves,BJJ Revolution Team - International
London Winter International Open 2015,Adult/Male/Black/Light,1,Maxmiliano Oliveira Campos,Oxford Shootfighter
London Winter International Open 2015,Adult/Male/Black/Light,2,Luiz Claudio Oliveira Finocchio,De Souza Dojo
London Winter International Open 2015,Adult/Male/Black/Middle,1,Charles Negromonte Santos,Gracie Barra
London Winter International Open 2015,Adult/Male/Black/Middle,2,Keith McKenzie,CheckMat
London Winter International Open 2015,Adult/Male/Black/Middle,3,Jaime Soares Canuto,GF Team
London Winter International Open 2015,Adult/Male/Black/Middle,3,Pedro Henrique Weiss Bessa,99 Nine Nine JJ - International
London Winter International Open 2015,Adult/Male/Black/Medium-Heavy,1,Thiago Sá Fortes Silva,CheckMat
London Winter International Open 2015,Adult/Male/Black/Medium-Heavy,2,Julien Cazier,Gracie Barra
London Winter International Open 2015,Adult/Male/Black/Medium-Heavy,3,Bruno Emanoel M. de Oliveira,UAE Jiu-jitsu Team
London Winter International Open 2015,Adult/Male/Black/Medium-Heavy,3,Jason Lu-Lian Tan,The MMA Academy Liverpool
London Winter International Open 2015,Adult/Male/Black/Heavy,1,Jackson Sousa dos Santos,CheckMat
London Winter International Open 2015,Adult/Male/Black/Heavy,2,Karim Mohamed Ait Khalifa,Alliance International
London Winter International Open 2015,Adult/Male/Black/OpenClass,1,Jackson Sousa dos Santos,CheckMat
London Winter International Open 2015,Adult/Male/Black/OpenClass,2,Charles Negromonte Santos,Gracie Barra
London Winter International Open 2015,Adult/Male/Black/OpenClass,3,Maxmiliano Oliveira Campos,Oxford Shootfighter
London Winter International Open 2015,Adult/Male/Black/OpenClass,3,Thiago Sá Fortes Silva,CheckMat
London Winter International Open 2015,Adult/Female/Black/Light,1,Yasmine Clarisa Wilson,Roger Gracie
London Winter International Open 2015,Adult/Female/Black/Medium-Heavy,1,Gretchen Dawn Zoeller,Gracie Barra
London Winter International Open 2015,Adult/Female/Black/OpenClass,1,Yasmine Clarisa Wilson,Roger Gracie
London Winter International Open 2015,Adult/Female/Black/OpenClass,2,Gretchen Dawn Zoeller,Gracie Barra
London Winter International Open 2015,Master1/Male/White/Feather,1,Michael Patterson,Roger Gracie
London Winter International Open 2015,Master1/Male/White/Feather,2,Gareth Ogden,Combat Base UK
London Winter International Open 2015,Master1/Male/White/Feather,3,Farridin Karaoglan,Roger Gracie
London Winter International Open 2015,Master1/Male/White/Feather,3,Salim Lequier,Gracie Barra
London Winter International Open 2015,Master1/Male/White/Light,1,Dariusz  Kalinowski,CheckMat
London Winter International Open 2015,Master1/Male/White/Light,2,Eoin Murphy,CheckMat
London Winter International Open 2015,Master1/Male/White/Light,3,Ben Harry Butler,Roger Gracie
London Winter International Open 2015,Master1/Male/White/Light,3,Paul Johnson,Carlson Gracie Team
London Winter International Open 2015,Master1/Male/White/Middle,1,Pavels Krotovs,Roger Gracie
London Winter International Open 2015,Master1/Male/White/Middle,2,Ivan Silva,Nova União International
London Winter International Open 2015,Master1/Male/White/Middle,3,Luca Pellizzoni,CheckMat
London Winter International Open 2015,Master1/Male/White/Middle,3,Zsolt Lakatos,Gracie Barra
London Winter International Open 2015,Master1/Male/White/Medium-Heavy,1,Sean Richards,CheckMat
London Winter International Open 2015,Master1/Male/White/Medium-Heavy,2,Issam  Kurdi,Carlson Gracie Team
London Winter International Open 2015,Master1/Male/White/Medium-Heavy,3,Ewerton Moreira,CheckMat
London Winter International Open 2015,Master1/Male/White/Medium-Heavy,3,T J  Mc Menamin,Rilion Gracie Ireland
London Winter International Open 2015,Master1/Male/White/Heavy,1,Glyn Wood,Combat Base UK
London Winter International Open 2015,Master1/Male/White/Heavy,2,Erick Simon Yoann Van Clemputte,Gracie Barra
London Winter International Open 2015,Master1/Male/White/Heavy,3,Greg Allison,Nova Uniao NYC
London Winter International Open 2015,Master1/Male/White/Heavy,3,Safeer Moustafa,Gracie Barra
London Winter International Open 2015,Master1/Male/White/Super-Heavy,1,Daniel Boswood,Roger Gracie
London Winter International Open 2015,Master1/Male/White/Super-Heavy,2,Mike Gammon,Carlson Gracie Team
London Winter International Open 2015,Master1/Male/Blue/Light-Feather,1,Elliott Nurse,New School BJJ
London Winter International Open 2015,Master1/Male/Blue/Light-Feather,2,Danny Worters,CheckMat
London Winter International Open 2015,Master1/Male/Blue/Light-Feather,3,Graziano Scarcelli,CheckMat
London Winter International Open 2015,Master1/Male/Blue/Light-Feather,3,Parv Marway,GF Team UK
London Winter International Open 2015,Master1/Male/Blue/Feather,1,Ciprian Dumitru,CFS BJJ
London Winter International Open 2015,Master1/Male/Blue/Feather,2,Tsuchi Daisuke,Team Barbosa Japan
London Winter International Open 2015,Master1/Male/Blue/Feather,3,Matthew Azzopardi,Brazilian Jiu-Jitsu Team Malta
London Winter International Open 2015,Master1/Male/Blue/Feather,3,MOURAD RAYER,RCP Jiu Jitsu
London Winter International Open 2015,Master1/Male/Blue/Light,1,Ivar Brondbo Kjerstad,Team Trondheim BJJ
London Winter International Open 2015,Master1/Male/Blue/Light,2,Daniel Lewis,CheckMat
London Winter International Open 2015,Master1/Male/Blue/Light,3,kalilou coulibaly,Cercle Tissier
London Winter International Open 2015,Master1/Male/Blue/Light,3,Stewart Glenc,Gracie Barra
London Winter International Open 2015,Master1/Male/Blue/Middle,1,Murshid Salman,Carlson Gracie Team
London Winter International Open 2015,Master1/Male/Blue/Middle,2,Richard Long,CheckMat
London Winter International Open 2015,Master1/Male/Blue/Middle,3,Carl Thomas,Mario Sukata International
London Winter International Open 2015,Master1/Male/Blue/Middle,3,Luke Askew,Icon BJJ
London Winter International Open 2015,Master1/Male/Blue/Medium-Heavy,1,Luis Quiterio,CheckMat
London Winter International Open 2015,Master1/Male/Blue/Medium-Heavy,2,Terrence Yu,Gracie Barra
London Winter International Open 2015,Master1/Male/Blue/Medium-Heavy,3,Brice Michel M. Lemaire,Gracie Humaita Reunion
London Winter International Open 2015,Master1/Male/Blue/Medium-Heavy,3,Stuart Pyne,Carlson Gracie Team
London Winter International Open 2015,Master1/Male/Blue/Heavy,1,Paul Cornwell,Icon BJJ
London Winter International Open 2015,Master1/Male/Blue/Heavy,2,Chay Hext,Nova Uniao NYC
London Winter International Open 2015,Master1/Male/Blue/Heavy,3,James  Berry,Carlson Gracie Team
London Winter International Open 2015,Master1/Male/Blue/Heavy,3,Rolandas  Janavicius,CheckMat
London Winter International Open 2015,Master1/Male/Blue/Super-Heavy,1,Teodorescu Radu Stefan,Icon BJJ
London Winter International Open 2015,Master1/Male/Blue/Super-Heavy,2,Mok Rahman,Nova Uniao NYC
London Winter International Open 2015,Master1/Male/Blue/Super-Heavy,3,Adam Vessey,Gracie Barra
London Winter International Open 2015,Master1/Male/Blue/Ultra-Heavy,1,Chris Loveday,Nova Uniao NYC
London Winter International Open 2015,Master1/Male/Blue/Ultra-Heavy,2,Jahiem Sadozai,Gracie Barra
London Winter International Open 2015,Master1/Male/Blue/Ultra-Heavy,3,karl etherington,Team Lagarto
London Winter International Open 2015,Master1/Male/Blue/Ultra-Heavy,3,Michal Banbula,Oxford Shootfighter
London Winter International Open 2015,Master1/Male/Blue/OpenClass,1,Murshid Salman,Carlson Gracie Team
London Winter International Open 2015,Master1/Male/Blue/OpenClass,2,Rolandas  Janavicius,CheckMat
London Winter International Open 2015,Master1/Male/Blue/OpenClass,3,Ciprian Dumitru,CFS BJJ
London Winter International Open 2015,Master1/Male/Blue/OpenClass,3,Terrence Yu,Gracie Barra
London Winter International Open 2015,Master1/Female/Blue/Light-Feather,1,Sirlei Costa (REPETIDO 50419),Nova União International
London Winter International Open 2015,Master1/Female/Blue/Light,1,Moli Ramos,CheckMat
London Winter International Open 2015,Master1/Female/Blue/OpenClass,1,Sirlei Costa (REPETIDO 50419),Nova União International
London Winter International Open 2015,Master1/Female/Blue/OpenClass,2,Moli Ramos,CheckMat
London Winter International Open 2015,Master1/Male/Purple/Light,1,Per Christer Eklund,Team Trondheim BJJ
London Winter International Open 2015,Master1/Male/Purple/Light,2,Gary Howe,Carlson Gracie Team
London Winter International Open 2015,Master1/Male/Purple/Light,3,Alan Howcroft,CheckMat
London Winter International Open 2015,Master1/Male/Purple/Light,3,Harman Singh Bhamra,CheckMat
London Winter International Open 2015,Master1/Male/Purple/Middle,1,Jahmel Henry,Roger Gracie
London Winter International Open 2015,Master1/Male/Purple/Middle,2,Omid Alimohammadi,CheckMat
London Winter International Open 2015,Master1/Male/Purple/Middle,3,Ben Gordon Sulston,Carlson Gracie Team
London Winter International Open 2015,Master1/Male/Purple/Middle,3,Triston James,Carlson Gracie Team
London Winter International Open 2015,Master1/Male/Purple/Medium-Heavy,1,Sorg Alain (repetido 39268),Nova União International
London Winter International Open 2015,Master1/Male/Purple/Medium-Heavy,2,Derek Asante,New School BJJ
London Winter International Open 2015,Master1/Male/Purple/Medium-Heavy,3,Luke Lofters,Brasa/99
London Winter International Open 2015,Master1/Male/Purple/Medium-Heavy,3,Pawel Piotr Kunysz (repetido 86680),CheckMat
London Winter International Open 2015,Master1/Male/Purple/Heavy,1,Lee Whitehead,Enigma Gym
London Winter International Open 2015,Master1/Male/Purple/Heavy,2,Ben Vowles,BJJ Globetrotters
London Winter International Open 2015,Master1/Male/Purple/Heavy,3,Arnaud Bouanga,Roger Gracie
London Winter International Open 2015,Master1/Male/Purple/OpenClass,1,Arnaud Bouanga,Roger Gracie
London Winter International Open 2015,Master1/Male/Purple/OpenClass,2,Luke Lofters,Brasa/99
London Winter International Open 2015,Master1/Male/Brown/Feather,1,Asif Mohmed Salim Patel,Roger Gracie
London Winter International Open 2015,Master1/Male/Brown/Feather,2,Fabio Fornoni,Tribe Jiu-Jitsu Roma
London Winter International Open 2015,Master1/Male/Brown/Light,1,Antanas Jazbutis,CheckMat
London Winter International Open 2015,Master1/Male/Brown/Light,2,Luke Spencer,Gracie Barra
London Winter International Open 2015,Master1/Male/Brown/Middle,1,Luis Gil,CheckMat
London Winter International Open 2015,Master1/Male/Brown/Middle,2,Charles Matthew McDonald,Mario Sukata International
London Winter International Open 2015,Master1/Male/Brown/Middle,3,David Mc Conkey,BJJ Revolution Team - International
London Winter International Open 2015,Master1/Male/Brown/Middle,3,Michal Marcin Plich,Gracie Barra
London Winter International Open 2015,Master1/Male/Brown/Heavy,1,David Pawan,Carlson Gracie Team
London Winter International Open 2015,Master1/Male/Brown/Heavy,2,Michael J. W. Fletcher,Gracie Barra
London Winter International Open 2015,Master1/Male/Brown/Heavy,3,Adam Kiely,De Souza Dojo
London Winter International Open 2015,Master1/Male/Brown/Heavy,3,Gareth Murphy,Gracie Barra
London Winter International Open 2015,Master1/Male/Brown/Super-Heavy,1,Fouzan Alsabej,Brasa
London Winter International Open 2015,Master1/Male/Brown/OpenClass,1,Luis Gil,CheckMat
London Winter International Open 2015,Master1/Male/Brown/OpenClass,2,Adam Kiely,De Souza Dojo
London Winter International Open 2015,Master1/Male/Brown/OpenClass,3,Fouzan Alsabej,Brasa
London Winter International Open 2015,Master1/Male/Brown/OpenClass,3,Luke Spencer,Gracie Barra
London Winter International Open 2015,Master1/Male/Black/Rooster,1,Jorge Elias Bucaram Santistevan,Alliance
London Winter International Open 2015,Master1/Male/Black/Light,1,Nathan John Roberts,Gracie Barra
London Winter International Open 2015,Master1/Male/Black/Light,2,Ederson Rafael Ribeiro,Rafael Ribeiro BJJ
London Winter International Open 2015,Master1/Male/Black/Light,3,Thiago Dantas,CheckMat
London Winter International Open 2015,Master1/Male/Black/Light,3,Wesley Trevelyan,Gracie Barra
London Winter International Open 2015,Master1/Male/Black/Middle,1,Cleiton Novas Pinheiro,C-Fighter Academy
London Winter International Open 2015,Master1/Male/Black/Middle,2,Terry O'Neill,Gracie Barra
London Winter International Open 2015,Master1/Male/Black/Medium-Heavy,1,Lucio Sergio dos Santos,Gracie Barra
London Winter International Open 2015,Master1/Male/Black/Medium-Heavy,2,David Robert Iverson,Gracie Barra
London Winter International Open 2015,Master1/Male/Black/Super-Heavy,1,Francisco Ramos Mendes Neto,CheckMat
London Winter International Open 2015,Master1/Male/Black/Super-Heavy,2,Vladimiro Afonso Afonso,Brazilian Power Team International
London Winter International Open 2015,Master1/Male/Black/Ultra-Heavy,1,Thiago Jorge Borges,GF Team UK
London Winter International Open 2015,Master1/Male/Black/Ultra-Heavy,2,Jackson Paulo Jacinto,Carlson Gracie Team
London Winter International Open 2015,Master1/Male/Black/OpenClass,1,Lucio Sergio dos Santos,Gracie Barra
London Winter International Open 2015,Master1/Male/Black/OpenClass,2,Francisco Ramos Mendes Neto,CheckMat
London Winter International Open 2015,Master1/Male/Black/OpenClass,3,David Robert Iverson,Gracie Barra
London Winter International Open 2015,Master1/Male/Black/OpenClass,3,Thiago Jorge Borges,GF Team UK
London Winter International Open 2015,Master2/Male/White/Light-Feather,1,James Stanley Wyatt,Roger Gracie
London Winter International Open 2015,Master2/Male/White/Light-Feather,2,German Blanco,Gracie Barra
London Winter International Open 2015,Master2/Male/White/Feather,1,Alex Fernandez,Carlson Gracie Team
London Winter International Open 2015,Master2/Male/White/Feather,2,Stephan Swain,Brazilian Jiu-Jitsu Team Malta
London Winter International Open 2015,Master2/Male/White/Feather,3,Austin Edwards,CheckMat
London Winter International Open 2015,Master2/Male/White/Feather,3,Borja Alfonso Casanova Rodriguez,CheckMat
London Winter International Open 2015,Master2/Male/White/Light,1,Oliver Kollmannsperger,CheckMat
London Winter International Open 2015,Master2/Male/White/Light,2,Laurent Golay,Gracie Barra
London Winter International Open 2015,Master2/Male/White/Middle,1,Robert Doma,CheckMat
London Winter International Open 2015,Master2/Male/White/Middle,2,Scott  Keller,The MMA Academy Liverpool
London Winter International Open 2015,Master2/Male/White/Middle,3,Aleksei Klimenko,Roger Gracie Academy
London Winter International Open 2015,Master2/Male/White/Middle,3,Dylan Bartlett,CFS BJJ
London Winter International Open 2015,Master2/Male/White/Medium-Heavy,1,Daniel Ellar,Nova Uniao NYC
London Winter International Open 2015,Master2/Male/White/Medium-Heavy,2,Andrew Derek Rowe,Oxford Shootfighter
London Winter International Open 2015,Master2/Male/White/Medium-Heavy,3,Adrian Alleyne,Andy Roberts BJJ
London Winter International Open 2015,Master2/Male/White/Medium-Heavy,3,Peter Lumley-savile,Team Lagarto
London Winter International Open 2015,Master2/Male/White/Ultra-Heavy,1,Dean Williams,Gracie Barra
London Winter International Open 2015,Master2/Male/White/Ultra-Heavy,2,Michal Krawczyk,Mauricio Gomes Origin BJJ Team
London Winter International Open 2015,Master2/Male/Blue/Feather,1,Leigh Remedios,CFS BJJ
London Winter International Open 2015,Master2/Male/Blue/Feather,2,PIOTR LABOCH,Carlson Gracie Team
London Winter International Open 2015,Master2/Male/Blue/Feather,3,Attila Hirt,Atos JJ International
London Winter International Open 2015,Master2/Male/Blue/Feather,3,Daniel Collins,Roger Gracie
London Winter International Open 2015,Master2/Male/Blue/Light,1,Kevin Cunningham,CheckMat
London Winter International Open 2015,Master2/Male/Blue/Light,2,Khamallah Mohamed,NCU
London Winter International Open 2015,Master2/Male/Blue/Light,3,Charlie Woods,Gracie Barra
London Winter International Open 2015,Master2/Male/Blue/Light,3,Darren Gibson,Carlson Gracie Team
London Winter International Open 2015,Master2/Male/Blue/Middle,1,Lee Irvine,Roger Gracie
London Winter International Open 2015,Master2/Male/Blue/Middle,2,Gunnar  Olafsson,Carlson Gracie Team
London Winter International Open 2015,Master2/Male/Blue/Middle,3,Enrique Bruno Moreno,Gracie Barra
London Winter International Open 2015,Master2/Male/Blue/Middle,3,Ken Yu,Gracie Barra
London Winter International Open 2015,Master2/Male/Blue/Medium-Heavy,1,Craig Hannan,Carlson Gracie Team
London Winter International Open 2015,Master2/Male/Blue/Medium-Heavy,2,Gareth Brown,CFS BJJ
London Winter International Open 2015,Master2/Male/Blue/Medium-Heavy,3,Danny Grealey,Roger Gracie
London Winter International Open 2015,Master2/Male/Blue/Medium-Heavy,3,Mark Peter Badham,Jiu-Jitsu Brotherhood
London Winter International Open 2015,Master2/Male/Blue/Heavy,1,Piotr Gruzlewski,Ippon
London Winter International Open 2015,Master2/Male/Blue/Heavy,2,Mike  Doran,Gracie Barra Manchester
London Winter International Open 2015,Master2/Male/Blue/Super-Heavy,1,Alassan Michel Sydi Niang,NCU
London Winter International Open 2015,Master2/Male/Blue/Super-Heavy,2,Miloslav  Kurilla,Brasa Poland
London Winter International Open 2015,Master2/Male/Blue/OpenClass,1,Leigh Remedios,CFS BJJ
London Winter International Open 2015,Master2/Male/Blue/OpenClass,2,Miloslav  Kurilla,Brasa Poland
London Winter International Open 2015,Master2/Male/Blue/OpenClass,3,Enrique Bruno Moreno,Gracie Barra
London Winter International Open 2015,Master2/Male/Blue/OpenClass,3,Mike  Doran,Gracie Barra Manchester
London Winter International Open 2015,Master2/Male/Purple/Light,1,Orlando Doramas Jiménez Santana,Carlson Gracie Team
London Winter International Open 2015,Master2/Male/Purple/Light,2,Douglas Vladimir Ilyich Gray,CheckMat
London Winter International Open 2015,Master2/Male/Purple/Light,3,Marcelo Amorim,Rafael Ribeiro BJJ
London Winter International Open 2015,Master2/Male/Purple/Light,3,Matt Jones,Gracie Barra
London Winter International Open 2015,Master2/Male/Purple/Middle,1,trevor hopkins,Roger Gracie Academy
London Winter International Open 2015,Master2/Male/Purple/Middle,2,Rui Filipe Pinho dos Reis,Marcao - Artsuave Jiu-Jitsu
London Winter International Open 2015,Master2/Male/Purple/Middle,3,Jamie Stanley Horsman,Roger Gracie
London Winter International Open 2015,Master2/Male/Purple/Middle,3,Leon Lahovich,Roger Gracie
London Winter International Open 2015,Master2/Male/Purple/Heavy,1,Claudio Viveiros,CheckMat
London Winter International Open 2015,Master2/Male/Purple/Heavy,2,Daniel Richard Lewis,Roger Gracie
London Winter International Open 2015,Master2/Male/Purple/Heavy,3,Robert Simpson,Carlson Gracie Team
London Winter International Open 2015,Master2/Male/Purple/Super-Heavy,1,Ian Gledhill,99 Nine Nine JJ - International
London Winter International Open 2015,Master2/Male/Purple/Super-Heavy,2,Tyrone Derick,Nova Uniao NYC
London Winter International Open 2015,Master2/Male/Purple/OpenClass,1,Orlando Doramas Jiménez Santana,Carlson Gracie Team
London Winter International Open 2015,Master2/Male/Purple/OpenClass,2,Jamie Stanley Horsman,Roger Gracie
London Winter International Open 2015,Master2/Male/Purple/OpenClass,3,Douglas Vladimir Ilyich Gray,CheckMat
London Winter International Open 2015,Master2/Male/Purple/OpenClass,3,Tyrone Derick,Nova Uniao NYC
London Winter International Open 2015,Master2/Male/Brown/Middle,1,Susej B Pontes,Roger Gracie
London Winter International Open 2015,Master2/Male/Brown/Middle,2,Pedro Garcia Santisteban,GF Team International
London Winter International Open 2015,Master2/Male/Brown/Middle,3,Fernando Luis Labombarda,Barbosa JJ 2
London Winter International Open 2015,Master2/Male/Brown/Middle,3,Paul Nicholas Rice,Gracie Barra
London Winter International Open 2015,Master2/Male/Brown/Medium-Heavy,1,Nasef K. Ahmed Alganga,Roger Gracie
London Winter International Open 2015,Master2/Male/Brown/Medium-Heavy,2,Tim Sharratt,Mario Sukata International
London Winter International Open 2015,Master2/Male/Brown/Medium-Heavy,3,Neil Williams,99 Nine Nine JJ - International
London Winter International Open 2015,Master2/Male/Brown/Ultra-Heavy,1,Leo Rodley,Roger Gracie
London Winter International Open 2015,Master2/Male/Brown/OpenClass,1,Susej B Pontes,Roger Gracie
London Winter International Open 2015,Master2/Male/Brown/OpenClass,2,Leo Rodley,Roger Gracie
London Winter International Open 2015,Master2/Male/Brown/OpenClass,3,Fernando Luis Labombarda,Barbosa JJ 2
London Winter International Open 2015,Master2/Male/Brown/OpenClass,3,Pedro Garcia Santisteban,GF Team International
London Winter International Open 2015,Master2/Male/Black/Middle,1,Matthew James Callaghan,Gracie Barra
London Winter International Open 2015,Master2/Male/Black/Middle,2,Bruno Fiaschi Zancaner,Roger Gracie
London Winter International Open 2015,Master2/Male/Black/Medium-Heavy,1,Leonardo Queiroz da Cunha,Roger Gracie
London Winter International Open 2015,Master2/Male/Black/Medium-Heavy,2,Mihaita Tudor,Absoluto BJJ
London Winter International Open 2015,Master2/Male/Black/Heavy,1,Ronney Eustaquio de Carvalho Lima,Reinaldo Ribeiro Team JJ
London Winter International Open 2015,Master2/Male/Black/Super-Heavy,1,Sergio Moro Filho,Gracie Barra
London Winter International Open 2015,Master2/Male/Black/OpenClass,1,Sergio Moro Filho,Gracie Barra
London Winter International Open 2015,Master2/Male/Black/OpenClass,2,Bruno Fiaschi Zancaner,Roger Gracie
London Winter International Open 2015,Master2/Male/Black/OpenClass,3,Mihaita Tudor,Absoluto BJJ
London Winter International Open 2015,Master2/Male/Black/OpenClass,3,Ronney Eustaquio de Carvalho Lima,Reinaldo Ribeiro Team JJ
London Winter International Open 2015,Master3/Male/Blue/Light,1,Matthew Anthony Jardine,Roger Gracie
London Winter International Open 2015,Master3/Male/Blue/Light,2,Andrew Thomas,Gracie Barra
London Winter International Open 2015,Master3/Male/Blue/Middle,1,Frederic Leray,Cercle Tissier
London Winter International Open 2015,Master3/Male/Blue/Middle,2,Peter Wilson,Stealth BJJ
London Winter International Open 2015,Master3/Male/Blue/Medium-Heavy,1,James Duigan,Roger Gracie
London Winter International Open 2015,Master3/Male/Blue/Medium-Heavy,2,Ian Tuhey,Roger Gracie
London Winter International Open 2015,Master3/Male/Blue/Medium-Heavy,3,Frankie Taylor,GF Team International
London Winter International Open 2015,Master3/Male/Blue/Super-Heavy,1,Neil Mangan,Roger Gracie
London Winter International Open 2015,Master3/Male/Blue/Super-Heavy,2,EZEQUIEL GRANDE SOUZA,Roger Gracie
London Winter International Open 2015,Master3/Male/Blue/Ultra-Heavy,1,Harry Metcalfe,Maxercise Phila
London Winter International Open 2015,Master3/Male/Blue/Ultra-Heavy,2,greg ferguson,CheckMat
London Winter International Open 2015,Master3/Male/Blue/OpenClass,1,EZEQUIEL GRANDE SOUZA,Roger Gracie
London Winter International Open 2015,Master3/Male/Blue/OpenClass,2,Harry Metcalfe,Maxercise Phila
London Winter International Open 2015,Master3/Male/Blue/OpenClass,3,Neil Mangan,Roger Gracie
London Winter International Open 2015,Master3/Male/Purple/Feather,1,Inder Singh Biant,Gracie Barra
London Winter International Open 2015,Master3/Male/Purple/Feather,2,José Manuel Varela Sanchez,Nova União International
London Winter International Open 2015,Master3/Male/Purple/Medium-Heavy,1,Greg Sulzmann,Roger Gracie
London Winter International Open 2015,Master3/Male/Purple/Medium-Heavy,2,Christopher Richard Thompson,Gracie Barra
London Winter International Open 2015,Master3/Male/Purple/Medium-Heavy,3,Edward Bradman Cuffy,Gracie Barra
London Winter International Open 2015,Master3/Male/Purple/Heavy,1,Matt Bell (repetido 64840),Gracie Barra
London Winter International Open 2015,Master3/Male/Purple/Heavy,2,Lee Baker,Gracie Barra
London Winter International Open 2015,Master3/Male/Purple/OpenClass,1,Lee Baker,Gracie Barra
London Winter International Open 2015,Master3/Male/Purple/OpenClass,2,Matt Bell (repetido 64840),Gracie Barra
London Winter International Open 2015,Master3/Male/Purple/OpenClass,3,José Manuel Varela Sanchez,Nova União International
London Winter International Open 2015,Master3/Male/Brown/Feather,1,Trevor  Birmingham,De Souza Dojo
London Winter International Open 2015,Master3/Male/Brown/Heavy,1,Malek Rafiq Hariri,Samy Al Jamal - FIT Jiu-Jitsu
London Winter International Open 2015,Master3/Male/Brown/OpenClass,1,Trevor  Birmingham,De Souza Dojo
London Winter International Open 2015,Master3/Male/Black/Feather,1,Alain Pozo,Carlson Gracie Team
London Winter International Open 2015,Master3/Male/Black/Feather,2,Cleyton Gonçalves Bastos,Ribeiro Jiu-Jitsu International
London Winter International Open 2015,Master3/Male/Black/Feather,3,Javed Uddin,Roger Gracie
London Winter International Open 2015,Master3/Male/Black/Light,1,Alex Souto de Souza,De Souza Dojo
London Winter International Open 2015,Master3/Male/Black/Light,2,François Deniau,Gracie Humaita Reunion
London Winter International Open 2015,Master3/Male/Black/Medium-Heavy,1,Shaun Matthews,Team Lagarto
London Winter International Open 2015,Master3/Male/Black/Medium-Heavy,2,Lucio de Sousa Monte Alto,Alliance Sul
London Winter International Open 2015,Master3/Male/Black/OpenClass,1,Alex Souto de Souza,De Souza Dojo
London Winter International Open 2015,Master3/Male/Black/OpenClass,2,François Deniau,Gracie Humaita Reunion
London Winter International Open 2015,Master3/Male/Black/OpenClass,3,Cleyton Gonçalves Bastos,Ribeiro Jiu-Jitsu International
London Winter International Open 2015,Master3/Male/Black/OpenClass,3,Shaun Matthews,Team Lagarto
London Winter International Open 2015,Master4/Male/Blue/Feather,1,Mo Malik,GF Team UK
London Winter International Open 2015,Master4/Male/Blue/Light,1,Alasdair King,New School BJJ
London Winter International Open 2015,Master4/Male/Blue/Light,2,Ignacio Chamorro Balda,Rafael Ribeiro BJJ
London Winter International Open 2015,Master4/Male/Blue/Super-Heavy,1,John  Andrews,Nova Uniao NYC
London Winter International Open 2015,Master4/Male/Blue/Ultra-Heavy,1,Ndukaeze O. Wodu,GF Team UK
London Winter International Open 2015,Master4/Male/Blue/OpenClass,1,Ndukaeze O. Wodu,GF Team UK
London Winter International Open 2015,Master4/Male/Blue/OpenClass,2,John  Andrews,Nova Uniao NYC
London Winter International Open 2015,Master4/Male/Blue/OpenClass,3,Mo Malik,GF Team UK
London Winter International Open 2015,Master4/Male/Purple/Middle,1,Anthony John Farrelly,Gracie Barra
London Winter International Open 2015,Master4/Male/Purple/Middle,2,Michael Greenfield,Gracie Barra
London Winter International Open 2015,Master4/Male/Purple/Middle,3,Geoffrey Arnold Cumbus,Oxford Shootfighter
London Winter International Open 2015,Master4/Male/Purple/Medium-Heavy,1,Glenn John Cutter,CheckMat
London Winter International Open 2015,Master4/Male/Purple/Medium-Heavy,2,Jonathan Hinkin,Gracie Barra
London Winter International Open 2015,Master4/Male/Purple/Ultra-Heavy,1,Richard Lewis,99 Nine Nine JJ - International
London Winter International Open 2015,Master4/Male/Purple/Ultra-Heavy,2,Brad Waldron,Brasa/99
London Winter International Open 2015,Master4/Male/Purple/OpenClass,1,Michael Greenfield,Gracie Barra
London Winter International Open 2015,Master4/Male/Purple/OpenClass,2,Glenn John Cutter,CheckMat
London Winter International Open 2015,Master4/Male/Brown/Light,1,Mark Nixon,BJJ Revolution Team - International
London Winter International Open 2015,Master4/Male/Brown/Ultra-Heavy,1,Andrew Glen Johnson,Gracie Barra
London Winter International Open 2015,Master4/Male/Brown/OpenClass,1,Andrew Glen Johnson,Gracie Barra
London Winter International Open 2015,Master4/Male/Brown/OpenClass,2,Mark Nixon,BJJ Revolution Team - International
London Winter International Open 2015,Master4/Male/Black/Light,1,Austin Nehemiah Gardner,Brasa/99
London Winter International Open 2015,Master4/Male/Black/Super-Heavy,1,Ian C. Rossiter,CheckMat
London Winter International Open 2015,Master4/Male/Black/OpenClass,1,Austin Nehemiah Gardner,Brasa/99
London Winter International Open 2015,Master4/Male/Black/OpenClass,2,Ian C. Rossiter,CheckMat
London Winter International Open 2015,Master5/Male/Black/Feather,1,Paulo Sergio Silva dos Santos,PS Phoenix BJJ International
