New York Spring International Open IBJJF Jiu-Jitsu No-Gi Championship 2017,Adult/Male/Blue/Rooster,1,Andrew Paul Gauthier,Action and Reaction Mixed Martial Arts
New York Spring International Open IBJJF Jiu-Jitsu No-Gi Championship 2017,Adult/Male/Blue/Rooster,2,Garcia Almeida,GF Team
New York Spring International Open IBJJF Jiu-Jitsu No-Gi Championship 2017,Adult/Male/Blue/Rooster,3,John Eugene Stapleton,GF Team
New York Spring International Open IBJJF Jiu-Jitsu No-Gi Championship 2017,Adult/Male/Blue/Light-Feather,1,Eric Naples,Team Robson Moura
New York Spring International Open IBJJF Jiu-Jitsu No-Gi Championship 2017,Adult/Male/Blue/Light-Feather,2,Michael  Feldman,Gracie Humaita New Jersey
New York Spring International Open IBJJF Jiu-Jitsu No-Gi Championship 2017,Adult/Male/Blue/Light-Feather,3,Christian Bautista,Renzo Gracie JJ
New York Spring International Open IBJJF Jiu-Jitsu No-Gi Championship 2017,Adult/Male/Blue/Feather,1,Jeson Rosario,Vitor Shaolin BJJ
New York Spring International Open IBJJF Jiu-Jitsu No-Gi Championship 2017,Adult/Male/Blue/Feather,2,Brandon  Seibold,Gladiator BJJ
New York Spring International Open IBJJF Jiu-Jitsu No-Gi Championship 2017,Adult/Male/Blue/Feather,3,David  Durao,Soul Fighters BJJ Connecticut
New York Spring International Open IBJJF Jiu-Jitsu No-Gi Championship 2017,Adult/Male/Blue/Feather,3,Joel Gullo,Serra BJJ
New York Spring International Open IBJJF Jiu-Jitsu No-Gi Championship 2017,Adult/Male/Blue/Light,1,Michael Kastroba,Big Brothers
New York Spring International Open IBJJF Jiu-Jitsu No-Gi Championship 2017,Adult/Male/Blue/Light,2,Colin Michael Skelly,Balance JJ
New York Spring International Open IBJJF Jiu-Jitsu No-Gi Championship 2017,Adult/Male/Blue/Light,3,Eugene Park,Alliance
New York Spring International Open IBJJF Jiu-Jitsu No-Gi Championship 2017,Adult/Male/Blue/Light,3,Ryan Joshua Mason,Ground Control
New York Spring International Open IBJJF Jiu-Jitsu No-Gi Championship 2017,Adult/Male/Blue/Middle,1,Jonathan James Reynolds,Buffalo United Martial Arts
New York Spring International Open IBJJF Jiu-Jitsu No-Gi Championship 2017,Adult/Male/Blue/Middle,2,Joshua Sequeira,Body of Four
New York Spring International Open IBJJF Jiu-Jitsu No-Gi Championship 2017,Adult/Male/Blue/Middle,3,Abdul Perez,BJJ Globetrotters USA
New York Spring International Open IBJJF Jiu-Jitsu No-Gi Championship 2017,Adult/Male/Blue/Middle,3,Michael Maldonado,Kore BJJ & MMA
New York Spring International Open IBJJF Jiu-Jitsu No-Gi Championship 2017,Adult/Male/Blue/Medium-Heavy,1,Ronald Tisdale,Team Jucão USA
New York Spring International Open IBJJF Jiu-Jitsu No-Gi Championship 2017,Adult/Male/Blue/Medium-Heavy,2,Joaquin Adonis Mercedes,Alliance International
New York Spring International Open IBJJF Jiu-Jitsu No-Gi Championship 2017,Adult/Male/Blue/Medium-Heavy,3,John Irving,Maxercise Phila
New York Spring International Open IBJJF Jiu-Jitsu No-Gi Championship 2017,Adult/Male/Blue/Medium-Heavy,3,Justin Michael,Alliance International
New York Spring International Open IBJJF Jiu-Jitsu No-Gi Championship 2017,Adult/Male/Blue/Heavy,1,Mark  Mears,Team Robson Moura
New York Spring International Open IBJJF Jiu-Jitsu No-Gi Championship 2017,Adult/Male/Blue/Super-Heavy,1,Anthony Cangiano,GF Team
New York Spring International Open IBJJF Jiu-Jitsu No-Gi Championship 2017,Adult/Male/Blue/Super-Heavy,2,John Maguire,Team Jucão USA
New York Spring International Open IBJJF Jiu-Jitsu No-Gi Championship 2017,Adult/Male/Blue/Ultra-Heavy,1,Ronnie Jaw,Renzo Gracie Academy
New York Spring International Open IBJJF Jiu-Jitsu No-Gi Championship 2017,Adult/Male/Blue/Enum_WeightDivision_OpenClass_Label,1,Ronald Tisdale,Team Jucão USA
New York Spring International Open IBJJF Jiu-Jitsu No-Gi Championship 2017,Adult/Male/Blue/Enum_WeightDivision_OpenClass_Label,2,Joshua Sequeira,Body of Four
New York Spring International Open IBJJF Jiu-Jitsu No-Gi Championship 2017,Adult/Male/Blue/Enum_WeightDivision_OpenClass_Label,3,Abdul Perez,BJJ Globetrotters USA
New York Spring International Open IBJJF Jiu-Jitsu No-Gi Championship 2017,Adult/Male/Blue/Enum_WeightDivision_OpenClass_Label,3,Colin Michael Skelly,Balance JJ
New York Spring International Open IBJJF Jiu-Jitsu No-Gi Championship 2017,Adult/Male/Purple/Light-Feather,1,Francisco Jonas Borges Andrade,PSLPB Cicero Costha
New York Spring International Open IBJJF Jiu-Jitsu No-Gi Championship 2017,Adult/Male/Purple/Light-Feather,2,Kyle Huang,BJJ Globetrotters
New York Spring International Open IBJJF Jiu-Jitsu No-Gi Championship 2017,Adult/Male/Purple/Light-Feather,3,Mikey Waters,Vamos Brazilian Jiu Jitsu
New York Spring International Open IBJJF Jiu-Jitsu No-Gi Championship 2017,Adult/Male/Purple/Feather,1,Ruan Tiago Alvarenga,Pantera Negra MG
New York Spring International Open IBJJF Jiu-Jitsu No-Gi Championship 2017,Adult/Male/Purple/Feather,2,Travis Depriest,David Jacobs Jiu-Jitsu Team
New York Spring International Open IBJJF Jiu-Jitsu No-Gi Championship 2017,Adult/Male/Purple/Feather,3,Aaron Hannan,GF Team
New York Spring International Open IBJJF Jiu-Jitsu No-Gi Championship 2017,Adult/Male/Purple/Feather,3,Eduardo Gomez,Vamos Brazilian Jiu Jitsu
New York Spring International Open IBJJF Jiu-Jitsu No-Gi Championship 2017,Adult/Male/Purple/Light,1,Italo Moura de Azevedo,PSLPB Cicero Costha
New York Spring International Open IBJJF Jiu-Jitsu No-Gi Championship 2017,Adult/Male/Purple/Light,2,Alan Eric Gumbs Jurado,Alliance
New York Spring International Open IBJJF Jiu-Jitsu No-Gi Championship 2017,Adult/Male/Purple/Light,3,Alfredo Deschamps,Ultimate MMA Training Center
New York Spring International Open IBJJF Jiu-Jitsu No-Gi Championship 2017,Adult/Male/Purple/Light,3,Michael Sheehan,Action & Reaction Mixed Martial Arts Toronto
New York Spring International Open IBJJF Jiu-Jitsu No-Gi Championship 2017,Adult/Male/Purple/Middle,1,Matheus Francisco Lutes,Alliance
New York Spring International Open IBJJF Jiu-Jitsu No-Gi Championship 2017,Adult/Male/Purple/Middle,2,Sebastian Rodriguez Williams,Unity Jiu-jitsu
New York Spring International Open IBJJF Jiu-Jitsu No-Gi Championship 2017,Adult/Male/Purple/Middle,3,Rustem Otchiyev,Soul Fighters BJJ Connecticut
New York Spring International Open IBJJF Jiu-Jitsu No-Gi Championship 2017,Adult/Male/Purple/Middle,3,Stephen Adam Rodriguez,SAS Team BJJ
New York Spring International Open IBJJF Jiu-Jitsu No-Gi Championship 2017,Adult/Male/Purple/Medium-Heavy,1,Abdurahmanhaji Murtazaliev,Unity Jiu-jitsu
New York Spring International Open IBJJF Jiu-Jitsu No-Gi Championship 2017,Adult/Male/Purple/Medium-Heavy,2,Aref Ahmed,Renzo Gracie
New York Spring International Open IBJJF Jiu-Jitsu No-Gi Championship 2017,Adult/Male/Purple/Medium-Heavy,3,Alexander Hendrickson,D'Arce Jiu-Jitsu Academy
New York Spring International Open IBJJF Jiu-Jitsu No-Gi Championship 2017,Adult/Male/Purple/Medium-Heavy,3,Omar  Mozahem,Alliance
New York Spring International Open IBJJF Jiu-Jitsu No-Gi Championship 2017,Adult/Male/Purple/Heavy,1,Kevin Pelikan,Alliance
New York Spring International Open IBJJF Jiu-Jitsu No-Gi Championship 2017,Adult/Male/Purple/Heavy,2,Max J Evans,Carlson Gracie
New York Spring International Open IBJJF Jiu-Jitsu No-Gi Championship 2017,Adult/Male/Purple/Heavy,3,Michael Osso,Alliance
New York Spring International Open IBJJF Jiu-Jitsu No-Gi Championship 2017,Adult/Male/Purple/Super-Heavy,1,Leon E. Jackson III,Gracie Barra
New York Spring International Open IBJJF Jiu-Jitsu No-Gi Championship 2017,Adult/Male/Purple/Super-Heavy,2,Michael Dean Nielson,Premium
New York Spring International Open IBJJF Jiu-Jitsu No-Gi Championship 2017,Adult/Male/Purple/Super-Heavy,3,Damien Roberts,Soul Fighters BJJ Connecticut
New York Spring International Open IBJJF Jiu-Jitsu No-Gi Championship 2017,Adult/Male/Purple/Super-Heavy,3,Kevin Klein,Alliance
New York Spring International Open IBJJF Jiu-Jitsu No-Gi Championship 2017,Adult/Male/Purple/Ultra-Heavy,1,ej mecklenburg,Yamasaki Academy
New York Spring International Open IBJJF Jiu-Jitsu No-Gi Championship 2017,Adult/Male/Purple/Ultra-Heavy,2,Johnattan S. Porcenat,Alliance
New York Spring International Open IBJJF Jiu-Jitsu No-Gi Championship 2017,Adult/Male/Purple/Ultra-Heavy,3,Styvens Belloge,BETA Academy
New York Spring International Open IBJJF Jiu-Jitsu No-Gi Championship 2017,Adult/Male/Purple/Enum_WeightDivision_OpenClass_Label,1,Leon E. Jackson III,Gracie Barra
New York Spring International Open IBJJF Jiu-Jitsu No-Gi Championship 2017,Adult/Male/Purple/Enum_WeightDivision_OpenClass_Label,2,Kevin Pelikan,Alliance
New York Spring International Open IBJJF Jiu-Jitsu No-Gi Championship 2017,Adult/Male/Purple/Enum_WeightDivision_OpenClass_Label,3,Italo Moura de Azevedo,PSLPB Cicero Costha
New York Spring International Open IBJJF Jiu-Jitsu No-Gi Championship 2017,Adult/Male/Purple/Enum_WeightDivision_OpenClass_Label,3,Sebastian Rodriguez Williams,Unity Jiu-jitsu
New York Spring International Open IBJJF Jiu-Jitsu No-Gi Championship 2017,Adult/Male/Brown/Light-Feather,1,Carlos Saquic Perez,Alliance
New York Spring International Open IBJJF Jiu-Jitsu No-Gi Championship 2017,Adult/Male/Brown/Feather,1,Thiago Aguiar Abud,Unity Jiu-jitsu
New York Spring International Open IBJJF Jiu-Jitsu No-Gi Championship 2017,Adult/Male/Brown/Feather,2,Merlin A. Ramos-Guerra,Gracie Barra
New York Spring International Open IBJJF Jiu-Jitsu No-Gi Championship 2017,Adult/Male/Brown/Feather,3,Graham Peckham,Action and Reaction Mixed Martial Arts
New York Spring International Open IBJJF Jiu-Jitsu No-Gi Championship 2017,Adult/Male/Brown/Feather,3,Jeffrey Kim,Renzo Gracie Academy
New York Spring International Open IBJJF Jiu-Jitsu No-Gi Championship 2017,Adult/Male/Brown/Middle,1,Dante Leon,GF Team
New York Spring International Open IBJJF Jiu-Jitsu No-Gi Championship 2017,Adult/Male/Brown/Middle,2,Luiz Ricardo Menezes Veloso,Gracie Barra
New York Spring International Open IBJJF Jiu-Jitsu No-Gi Championship 2017,Adult/Male/Brown/Medium-Heavy,1,Alexandre Faria Molinaro,Carlson Gracie Team
New York Spring International Open IBJJF Jiu-Jitsu No-Gi Championship 2017,Adult/Male/Brown/Medium-Heavy,2,Tyler Benjamin Steppe,Alliance
New York Spring International Open IBJJF Jiu-Jitsu No-Gi Championship 2017,Adult/Male/Brown/Heavy,1,Brian Nielson,Premium
New York Spring International Open IBJJF Jiu-Jitsu No-Gi Championship 2017,Adult/Male/Brown/Heavy,2,Stephen R Dobbins,Team Oliveira
New York Spring International Open IBJJF Jiu-Jitsu No-Gi Championship 2017,Adult/Male/Brown/Super-Heavy,1,Christian  Banghart,Big Brothers
New York Spring International Open IBJJF Jiu-Jitsu No-Gi Championship 2017,Adult/Male/Brown/Super-Heavy,2,Alexandre Bueno de Oliveira,GF Team
New York Spring International Open IBJJF Jiu-Jitsu No-Gi Championship 2017,Adult/Male/Brown/Super-Heavy,3,Michael Cody Miller,SAS Team USA
New York Spring International Open IBJJF Jiu-Jitsu No-Gi Championship 2017,Adult/Male/Brown/Super-Heavy,3,Simon Clayton,Atos Jiu-Jitsu
New York Spring International Open IBJJF Jiu-Jitsu No-Gi Championship 2017,Adult/Male/Brown/Ultra-Heavy,1,Quentin E. Leahy,Renzo Gracie JJ
New York Spring International Open IBJJF Jiu-Jitsu No-Gi Championship 2017,Adult/Male/Brown/Ultra-Heavy,2,David A. Paniccia,GF Team
New York Spring International Open IBJJF Jiu-Jitsu No-Gi Championship 2017,Adult/Male/Brown/Enum_WeightDivision_OpenClass_Label,1,Dante Leon,GF Team
New York Spring International Open IBJJF Jiu-Jitsu No-Gi Championship 2017,Adult/Male/Brown/Enum_WeightDivision_OpenClass_Label,2,Brian Nielson,Premium
New York Spring International Open IBJJF Jiu-Jitsu No-Gi Championship 2017,Adult/Male/Brown/Enum_WeightDivision_OpenClass_Label,3,Carlos Saquic Perez,Alliance
New York Spring International Open IBJJF Jiu-Jitsu No-Gi Championship 2017,Adult/Male/Brown/Enum_WeightDivision_OpenClass_Label,3,Quentin E. Leahy,Renzo Gracie JJ
New York Spring International Open IBJJF Jiu-Jitsu No-Gi Championship 2017,Adult/Male/Black/Feather,1,João Pedro Oliveira Rodrigues,CheckMat
New York Spring International Open IBJJF Jiu-Jitsu No-Gi Championship 2017,Adult/Male/Black/Feather,2,Christopher M. Kriebel,Nova União Ohio
New York Spring International Open IBJJF Jiu-Jitsu No-Gi Championship 2017,Adult/Male/Black/Feather,3,Silvio Duran de Barros Saraiva,Vitor Shaolin BJJ
New York Spring International Open IBJJF Jiu-Jitsu No-Gi Championship 2017,Adult/Male/Black/Light,1,Gianni Paul Grippo,Alliance
New York Spring International Open IBJJF Jiu-Jitsu No-Gi Championship 2017,Adult/Male/Black/Light,2,João Paulo de Fatima Alves Ferreira,Alliance
New York Spring International Open IBJJF Jiu-Jitsu No-Gi Championship 2017,Adult/Male/Black/Light,3,Juan J. Galarza,Silver Fox BJJ
New York Spring International Open IBJJF Jiu-Jitsu No-Gi Championship 2017,Adult/Male/Black/Middle,1,Victor Silverio Santos,GF Team
New York Spring International Open IBJJF Jiu-Jitsu No-Gi Championship 2017,Adult/Male/Black/Middle,2,Enrique D. Galarza,Renzo Gracie Academy
New York Spring International Open IBJJF Jiu-Jitsu No-Gi Championship 2017,Adult/Male/Black/Middle,3,Athos Ribeiro de Miranda,Alliance
New York Spring International Open IBJJF Jiu-Jitsu No-Gi Championship 2017,Adult/Male/Black/Medium-Heavy,1,Diego Dias Ramalho,ZR Team Brasil
New York Spring International Open IBJJF Jiu-Jitsu No-Gi Championship 2017,Adult/Male/Black/Medium-Heavy,2,Samir Abdolkader,David Jacobs Jiu-Jitsu Team
New York Spring International Open IBJJF Jiu-Jitsu No-Gi Championship 2017,Adult/Male/Black/Heavy,1,Nicolas E. Penzer,PAT Academy Belgium
New York Spring International Open IBJJF Jiu-Jitsu No-Gi Championship 2017,Adult/Male/Black/Heavy,2,Marcos Vinicius Braga de Andrade,Gracie Humaita RJ
New York Spring International Open IBJJF Jiu-Jitsu No-Gi Championship 2017,Adult/Male/Black/Heavy,3,Romulo de Souza Azevedo,Welton Ribeiro
New York Spring International Open IBJJF Jiu-Jitsu No-Gi Championship 2017,Adult/Male/Black/Ultra-Heavy,1,Aaron Michael Johnson,Unity Jiu-jitsu
New York Spring International Open IBJJF Jiu-Jitsu No-Gi Championship 2017,Adult/Male/Black/Ultra-Heavy,2,Mahamed Aly Santos da Silva,Team Lloyd Irvin
New York Spring International Open IBJJF Jiu-Jitsu No-Gi Championship 2017,Adult/Male/Black/Enum_WeightDivision_OpenClass_Label,1,Gianni Paul Grippo,Alliance
New York Spring International Open IBJJF Jiu-Jitsu No-Gi Championship 2017,Adult/Male/Black/Enum_WeightDivision_OpenClass_Label,2,Aaron Michael Johnson,Unity Jiu-jitsu
New York Spring International Open IBJJF Jiu-Jitsu No-Gi Championship 2017,Adult/Male/Black/Enum_WeightDivision_OpenClass_Label,3,João Paulo de Fatima Alves Ferreira,Alliance
New York Spring International Open IBJJF Jiu-Jitsu No-Gi Championship 2017,Adult/Male/Black/Enum_WeightDivision_OpenClass_Label,3,Nicolas E. Penzer,PAT Academy Belgium
New York Spring International Open IBJJF Jiu-Jitsu No-Gi Championship 2017,Adult/Female/Blue/Feather,1,Christina Zynko,Fight Sports
New York Spring International Open IBJJF Jiu-Jitsu No-Gi Championship 2017,Adult/Female/Blue/Feather,2,Nora Ticha Levy-Forsythe,Fifty/50 Jiu-Jitsu
New York Spring International Open IBJJF Jiu-Jitsu No-Gi Championship 2017,Adult/Female/Blue/Feather,3,Lisa Major,Ippon
New York Spring International Open IBJJF Jiu-Jitsu No-Gi Championship 2017,Adult/Female/Blue/Feather,3,Tinah R Chang,David Jacobs Jiu-Jitsu Team
New York Spring International Open IBJJF Jiu-Jitsu No-Gi Championship 2017,Adult/Female/Blue/Light,1,Tracy Yang,Unity Jiu-jitsu
New York Spring International Open IBJJF Jiu-Jitsu No-Gi Championship 2017,Adult/Female/Blue/Light,2,Christine K Briggs,Balance JJ
New York Spring International Open IBJJF Jiu-Jitsu No-Gi Championship 2017,Adult/Female/Blue/Light,3,Carsyn Lee Nash,Premium
New York Spring International Open IBJJF Jiu-Jitsu No-Gi Championship 2017,Adult/Female/Blue/Middle,1,Beth Lee,BJJ Globetrotters USA
New York Spring International Open IBJJF Jiu-Jitsu No-Gi Championship 2017,Adult/Female/Blue/Middle,2,Chelsea Chante Willie McCoy,Premium
New York Spring International Open IBJJF Jiu-Jitsu No-Gi Championship 2017,Adult/Female/Blue/Middle,3,Brittney Rachel Thomas,Killer Bees BJJ College
New York Spring International Open IBJJF Jiu-Jitsu No-Gi Championship 2017,Adult/Female/Blue/Middle,3,Karina Vieira Fernandes,Renzo Gracie Academy
New York Spring International Open IBJJF Jiu-Jitsu No-Gi Championship 2017,Adult/Female/Blue/Medium-Heavy,1,Cassie Schupp,David Jacobs Jiu-Jitsu Team
New York Spring International Open IBJJF Jiu-Jitsu No-Gi Championship 2017,Adult/Female/Blue/Super-Heavy,1,Maria Victoria Villa,Savarese Brazilian Jiu-Jitsu Academy
New York Spring International Open IBJJF Jiu-Jitsu No-Gi Championship 2017,Adult/Female/Blue/Enum_WeightDivision_OpenClass_Label,1,Karina Vieira Fernandes,Renzo Gracie Academy
New York Spring International Open IBJJF Jiu-Jitsu No-Gi Championship 2017,Adult/Female/Blue/Enum_WeightDivision_OpenClass_Label,2,Christina Zynko,Fight Sports
New York Spring International Open IBJJF Jiu-Jitsu No-Gi Championship 2017,Adult/Female/Blue/Enum_WeightDivision_OpenClass_Label,3,Cassie Schupp,David Jacobs Jiu-Jitsu Team
New York Spring International Open IBJJF Jiu-Jitsu No-Gi Championship 2017,Adult/Female/Blue/Enum_WeightDivision_OpenClass_Label,3,Maria Victoria Villa,Savarese Brazilian Jiu-Jitsu Academy
New York Spring International Open IBJJF Jiu-Jitsu No-Gi Championship 2017,Adult/Female/Purple/Light-Feather,1,Marisa Messer-belenchia,Alliance
New York Spring International Open IBJJF Jiu-Jitsu No-Gi Championship 2017,Adult/Female/Purple/Light-Feather,2,Casandra J Vega,OCBJJ
New York Spring International Open IBJJF Jiu-Jitsu No-Gi Championship 2017,Adult/Female/Purple/Feather,1,Gabriella Gulfin,Alliance
New York Spring International Open IBJJF Jiu-Jitsu No-Gi Championship 2017,Adult/Female/Purple/Feather,2,Courtney Caporizzo,Balance JJ
New York Spring International Open IBJJF Jiu-Jitsu No-Gi Championship 2017,Adult/Female/Purple/Light,1,Valerie Aspaas,Buffalo United Martial Arts
New York Spring International Open IBJJF Jiu-Jitsu No-Gi Championship 2017,Adult/Female/Purple/Light,2,Morgan Beverly,BJJ Globetrotters
New York Spring International Open IBJJF Jiu-Jitsu No-Gi Championship 2017,Adult/Female/Purple/Medium-Heavy,1,Sara Mcmann,Alliance
New York Spring International Open IBJJF Jiu-Jitsu No-Gi Championship 2017,Adult/Female/Purple/Medium-Heavy,2,Amanda Noel Leve,Gracie Barra
New York Spring International Open IBJJF Jiu-Jitsu No-Gi Championship 2017,Adult/Female/Purple/Heavy,1,Alexandra Brynn Coleman,Ground Control
New York Spring International Open IBJJF Jiu-Jitsu No-Gi Championship 2017,Adult/Female/Purple/Enum_WeightDivision_OpenClass_Label,1,Alexandra Brynn Coleman,Ground Control
New York Spring International Open IBJJF Jiu-Jitsu No-Gi Championship 2017,Adult/Female/Purple/Enum_WeightDivision_OpenClass_Label,2,Amanda Noel Leve,Gracie Barra
New York Spring International Open IBJJF Jiu-Jitsu No-Gi Championship 2017,Adult/Female/Brown/Middle,1,Arnela Hadzisulejmanovic,David Jacobs Jiu-Jitsu Team
New York Spring International Open IBJJF Jiu-Jitsu No-Gi Championship 2017,Adult/Female/Brown/Super-Heavy,1,Maggie J Ghamry,David Jacobs Jiu-Jitsu Team
New York Spring International Open IBJJF Jiu-Jitsu No-Gi Championship 2017,Adult/Female/Brown/Enum_WeightDivision_OpenClass_Label,1,Maggie J Ghamry,David Jacobs Jiu-Jitsu Team
New York Spring International Open IBJJF Jiu-Jitsu No-Gi Championship 2017,Adult/Female/Brown/Enum_WeightDivision_OpenClass_Label,2,Arnela Hadzisulejmanovic,David Jacobs Jiu-Jitsu Team
New York Spring International Open IBJJF Jiu-Jitsu No-Gi Championship 2017,Master1/Male/Blue/Feather,1,Frank Deegan,Notorious Mixed Martial Arts
New York Spring International Open IBJJF Jiu-Jitsu No-Gi Championship 2017,Master1/Male/Blue/Feather,2,Raymond Bowden,Tim Burrill BJJ
New York Spring International Open IBJJF Jiu-Jitsu No-Gi Championship 2017,Master1/Male/Blue/Feather,3,Aaron Melamed,BJJ - Mushin
New York Spring International Open IBJJF Jiu-Jitsu No-Gi Championship 2017,Master1/Male/Blue/Feather,3,Eugene Scott,Capital Jiu-Jitsu
New York Spring International Open IBJJF Jiu-Jitsu No-Gi Championship 2017,Master1/Male/Blue/Light,1,Joel Correia Leite,Gracie Barra
New York Spring International Open IBJJF Jiu-Jitsu No-Gi Championship 2017,Master1/Male/Blue/Middle,1,Luis Angel Javier,GF Team
New York Spring International Open IBJJF Jiu-Jitsu No-Gi Championship 2017,Master1/Male/Blue/Middle,2,Paul Feola,Balance JJ
New York Spring International Open IBJJF Jiu-Jitsu No-Gi Championship 2017,Master1/Male/Blue/Middle,3,Brian Brier,Team Jucão USA
New York Spring International Open IBJJF Jiu-Jitsu No-Gi Championship 2017,Master1/Male/Blue/Medium-Heavy,1,Leonardo Sousa,Soul Fighters BJJ Connecticut
New York Spring International Open IBJJF Jiu-Jitsu No-Gi Championship 2017,Master1/Male/Blue/Medium-Heavy,2,John Poppa,GF Team
New York Spring International Open IBJJF Jiu-Jitsu No-Gi Championship 2017,Master1/Male/Blue/Medium-Heavy,3,Ken  Robison,Alliance
New York Spring International Open IBJJF Jiu-Jitsu No-Gi Championship 2017,Master1/Male/Blue/Super-Heavy,1,Brandon Brin,GF Team
New York Spring International Open IBJJF Jiu-Jitsu No-Gi Championship 2017,Master1/Male/Blue/Super-Heavy,2,Alexander Martin,CheckMat
New York Spring International Open IBJJF Jiu-Jitsu No-Gi Championship 2017,Master1/Male/Blue/Ultra-Heavy,1,Eric Hernandez,Brasa CTA
New York Spring International Open IBJJF Jiu-Jitsu No-Gi Championship 2017,Master1/Male/Blue/Enum_WeightDivision_OpenClass_Label,1,Brandon Brin,GF Team
New York Spring International Open IBJJF Jiu-Jitsu No-Gi Championship 2017,Master1/Male/Blue/Enum_WeightDivision_OpenClass_Label,2,Paul Feola,Balance JJ
New York Spring International Open IBJJF Jiu-Jitsu No-Gi Championship 2017,Master1/Male/Blue/Enum_WeightDivision_OpenClass_Label,3,Alexander Martin,CheckMat
New York Spring International Open IBJJF Jiu-Jitsu No-Gi Championship 2017,Master1/Male/Purple/Feather,1,Rany  Hosny,GF Team
New York Spring International Open IBJJF Jiu-Jitsu No-Gi Championship 2017,Master1/Male/Purple/Feather,2,Elias Silva,Gracie Barra
New York Spring International Open IBJJF Jiu-Jitsu No-Gi Championship 2017,Master1/Male/Purple/Light,1,James Miranda,Alliance
New York Spring International Open IBJJF Jiu-Jitsu No-Gi Championship 2017,Master1/Male/Purple/Middle,1,Luke J. Szeman,Gracie Barra
New York Spring International Open IBJJF Jiu-Jitsu No-Gi Championship 2017,Master1/Male/Purple/Middle,2,Daniel Alvarado,Ultimate MMA Training Center
New York Spring International Open IBJJF Jiu-Jitsu No-Gi Championship 2017,Master1/Male/Purple/Middle,3,Adam  Santos-coy,Renzo Gracie Academy
New York Spring International Open IBJJF Jiu-Jitsu No-Gi Championship 2017,Master1/Male/Purple/Middle,3,Al Borja,Renzo Gracie Academy
New York Spring International Open IBJJF Jiu-Jitsu No-Gi Championship 2017,Master1/Male/Purple/Super-Heavy,1,Devine Breon Stewart,Academia Jiu-Jitsu
New York Spring International Open IBJJF Jiu-Jitsu No-Gi Championship 2017,Master1/Male/Purple/Enum_WeightDivision_OpenClass_Label,1,Luke J. Szeman,Gracie Barra
New York Spring International Open IBJJF Jiu-Jitsu No-Gi Championship 2017,Master1/Male/Purple/Enum_WeightDivision_OpenClass_Label,2,Rany  Hosny,GF Team
New York Spring International Open IBJJF Jiu-Jitsu No-Gi Championship 2017,Master1/Male/Purple/Enum_WeightDivision_OpenClass_Label,3,Devine Breon Stewart,Academia Jiu-Jitsu
New York Spring International Open IBJJF Jiu-Jitsu No-Gi Championship 2017,Master1/Male/Brown/Light-Feather,1,Changhun Kim,Alliance
New York Spring International Open IBJJF Jiu-Jitsu No-Gi Championship 2017,Master1/Male/Brown/Light-Feather,2,Sop Mu Huh,Gracie Barra
New York Spring International Open IBJJF Jiu-Jitsu No-Gi Championship 2017,Master1/Male/Brown/Light,1,Pedro Minc Baumfeld Andre,Renzo Gracie Academy
New York Spring International Open IBJJF Jiu-Jitsu No-Gi Championship 2017,Master1/Male/Brown/Middle,1,Christopher Simmons,Carlson Gracie Team
New York Spring International Open IBJJF Jiu-Jitsu No-Gi Championship 2017,Master1/Male/Brown/Medium-Heavy,1,Dale T Morris,Vamos Brazilian Jiu Jitsu
New York Spring International Open IBJJF Jiu-Jitsu No-Gi Championship 2017,Master1/Male/Brown/Medium-Heavy,2,Jeff Mount Jr,Balance JJ
New York Spring International Open IBJJF Jiu-Jitsu No-Gi Championship 2017,Master1/Male/Brown/Heavy,1,chad malone,Capital MMA
New York Spring International Open IBJJF Jiu-Jitsu No-Gi Championship 2017,Master1/Male/Brown/Heavy,2,Marc Vincent Adami,Alliance
New York Spring International Open IBJJF Jiu-Jitsu No-Gi Championship 2017,Master1/Male/Brown/Heavy,3,Nicholes James Brango,3rd Generation Jiu-Jitsu Academy
New York Spring International Open IBJJF Jiu-Jitsu No-Gi Championship 2017,Master1/Male/Brown/Enum_WeightDivision_OpenClass_Label,1,Christopher Simmons,Carlson Gracie Team
New York Spring International Open IBJJF Jiu-Jitsu No-Gi Championship 2017,Master1/Male/Brown/Enum_WeightDivision_OpenClass_Label,2,Jeff Mount Jr,Balance JJ
New York Spring International Open IBJJF Jiu-Jitsu No-Gi Championship 2017,Master1/Male/Brown/Enum_WeightDivision_OpenClass_Label,3,Dale T Morris,Vamos Brazilian Jiu Jitsu
New York Spring International Open IBJJF Jiu-Jitsu No-Gi Championship 2017,Master1/Male/Brown/Enum_WeightDivision_OpenClass_Label,3,Nicholes James Brango,3rd Generation Jiu-Jitsu Academy
New York Spring International Open IBJJF Jiu-Jitsu No-Gi Championship 2017,Master1/Male/Black/Light,1,Bruno César Dias,Barbosa JJ 2
New York Spring International Open IBJJF Jiu-Jitsu No-Gi Championship 2017,Master1/Male/Black/Light,2,Fabio da Silva Coelho,Renzo Gracie Academy
New York Spring International Open IBJJF Jiu-Jitsu No-Gi Championship 2017,Master1/Male/Black/Middle,1,Diego Bispo Conceição,Samir Chantre Academy
New York Spring International Open IBJJF Jiu-Jitsu No-Gi Championship 2017,Master1/Male/Black/Middle,2,Fabio Alencar Trindade,Associação Monteiro
New York Spring International Open IBJJF Jiu-Jitsu No-Gi Championship 2017,Master1/Male/Black/Middle,3,Joao Paulo Meira Cruvinel,GF Team
New York Spring International Open IBJJF Jiu-Jitsu No-Gi Championship 2017,Master1/Male/Black/Middle,3,Marcos Paulo Cruvinel,GF Team
New York Spring International Open IBJJF Jiu-Jitsu No-Gi Championship 2017,Master1/Male/Black/Medium-Heavy,1,Robson de Lima Rodrigues,GF Team
New York Spring International Open IBJJF Jiu-Jitsu No-Gi Championship 2017,Master1/Male/Black/Medium-Heavy,2,Luis Gil,Vitor Shaolin BJJ
New York Spring International Open IBJJF Jiu-Jitsu No-Gi Championship 2017,Master1/Male/Black/Heavy,1,Khyl T. Farrison,TAC Team BJJ
New York Spring International Open IBJJF Jiu-Jitsu No-Gi Championship 2017,Master1/Male/Black/Heavy,2,Leonardo de Paiva Machado de Santana,Brazilian Top Team - ATX
New York Spring International Open IBJJF Jiu-Jitsu No-Gi Championship 2017,Master1/Male/Black/Heavy,3,Lucas Pimenta Borges,Gracie Barra
New York Spring International Open IBJJF Jiu-Jitsu No-Gi Championship 2017,Master1/Male/Black/Heavy,3,Vinicius Costa,Team Jucão USA
New York Spring International Open IBJJF Jiu-Jitsu No-Gi Championship 2017,Master1/Male/Black/Ultra-Heavy,1,Vitor Gabriel Terra da Silva,Gracie Elite Team
New York Spring International Open IBJJF Jiu-Jitsu No-Gi Championship 2017,Master1/Male/Black/Enum_WeightDivision_OpenClass_Label,1,Bruno César Dias,Barbosa JJ 2
New York Spring International Open IBJJF Jiu-Jitsu No-Gi Championship 2017,Master1/Male/Black/Enum_WeightDivision_OpenClass_Label,2,Marcos Paulo Cruvinel,GF Team
New York Spring International Open IBJJF Jiu-Jitsu No-Gi Championship 2017,Master1/Male/Black/Enum_WeightDivision_OpenClass_Label,3,Robson de Lima Rodrigues,GF Team
New York Spring International Open IBJJF Jiu-Jitsu No-Gi Championship 2017,Master1/Male/Black/Enum_WeightDivision_OpenClass_Label,3,Vinicius Costa,Team Jucão USA
New York Spring International Open IBJJF Jiu-Jitsu No-Gi Championship 2017,Master1/Female/Blue/Feather,1,Cristina Monticelli,Boston BJJ
New York Spring International Open IBJJF Jiu-Jitsu No-Gi Championship 2017,Master1/Female/Blue/Feather,2,Evelyn Karolina Melgar Morales,Gracie Barra
New York Spring International Open IBJJF Jiu-Jitsu No-Gi Championship 2017,Master1/Female/Blue/Middle,1,Kristin Mesa,American Top Team Wellington
New York Spring International Open IBJJF Jiu-Jitsu No-Gi Championship 2017,Master1/Female/Blue/Middle,2,Candace Leach,BJJ Revolution Team
New York Spring International Open IBJJF Jiu-Jitsu No-Gi Championship 2017,Master1/Female/Blue/Heavy,1,Megan Suzanne Pratt,Mike Moses' Competition Team
New York Spring International Open IBJJF Jiu-Jitsu No-Gi Championship 2017,Master1/Female/Blue/Enum_WeightDivision_OpenClass_Label,1,Kristin Mesa,American Top Team Wellington
New York Spring International Open IBJJF Jiu-Jitsu No-Gi Championship 2017,Master1/Female/Purple/Feather,1,Olivia Shand,Ghost Squad BJJ Team
New York Spring International Open IBJJF Jiu-Jitsu No-Gi Championship 2017,Master1/Female/Purple/Feather,2,Joan DeAgro,Gracie Barra
New York Spring International Open IBJJF Jiu-Jitsu No-Gi Championship 2017,Master1/Female/Purple/Feather,3,Leeann Morris,Team Robson Moura
New York Spring International Open IBJJF Jiu-Jitsu No-Gi Championship 2017,Master1/Female/Purple/Heavy,1,Evelyn Tadlock,Alliance
New York Spring International Open IBJJF Jiu-Jitsu No-Gi Championship 2017,Master1/Female/Purple/Enum_WeightDivision_OpenClass_Label,1,Olivia Shand,Ghost Squad BJJ Team
New York Spring International Open IBJJF Jiu-Jitsu No-Gi Championship 2017,Master1/Female/Purple/Enum_WeightDivision_OpenClass_Label,2,Evelyn Tadlock,Alliance
New York Spring International Open IBJJF Jiu-Jitsu No-Gi Championship 2017,Master2/Male/Blue/Light-Feather,1,Peter Kwan,Carlson Gracie
New York Spring International Open IBJJF Jiu-Jitsu No-Gi Championship 2017,Master2/Male/Blue/Light,1,Benjamin C. Yu,Alliance
New York Spring International Open IBJJF Jiu-Jitsu No-Gi Championship 2017,Master2/Male/Blue/Light,2,Sobir Ibragimov,Renzo Gracie Academy
New York Spring International Open IBJJF Jiu-Jitsu No-Gi Championship 2017,Master2/Male/Blue/Light,3,Pat Caruana,BJJ Globetrotters USA
New York Spring International Open IBJJF Jiu-Jitsu No-Gi Championship 2017,Master2/Male/Blue/Middle,1,Martin Bielik,A-Force Brazilian Jiu-Jitsu International
New York Spring International Open IBJJF Jiu-Jitsu No-Gi Championship 2017,Master2/Male/Blue/Middle,2,Josean Jimenez,Club Ne-Waza BJJ
New York Spring International Open IBJJF Jiu-Jitsu No-Gi Championship 2017,Master2/Male/Blue/Middle,3,Francisco Jose Lococo,Alliance
New York Spring International Open IBJJF Jiu-Jitsu No-Gi Championship 2017,Master2/Male/Blue/Medium-Heavy,1,Jose A. Madrazo,Watson Martial Arts
New York Spring International Open IBJJF Jiu-Jitsu No-Gi Championship 2017,Master2/Male/Blue/Medium-Heavy,2,Rowan Bailey,Team Lagarto B
New York Spring International Open IBJJF Jiu-Jitsu No-Gi Championship 2017,Master2/Male/Blue/Medium-Heavy,3,Ryan Simonis,Alliance
New York Spring International Open IBJJF Jiu-Jitsu No-Gi Championship 2017,Master2/Male/Blue/Ultra-Heavy,1,Gregory Spence,Renzo Gracie Academy
New York Spring International Open IBJJF Jiu-Jitsu No-Gi Championship 2017,Master2/Male/Blue/Enum_WeightDivision_OpenClass_Label,1,Jose A. Madrazo,Watson Martial Arts
New York Spring International Open IBJJF Jiu-Jitsu No-Gi Championship 2017,Master2/Male/Blue/Enum_WeightDivision_OpenClass_Label,2,Ryan Simonis,Alliance
New York Spring International Open IBJJF Jiu-Jitsu No-Gi Championship 2017,Master2/Male/Purple/Middle,1,Pedro Araujo P Gomes,Vitor Shaolin BJJ
New York Spring International Open IBJJF Jiu-Jitsu No-Gi Championship 2017,Master2/Male/Purple/Medium-Heavy,1,Keith Patterson,Renzo Gracie Academy
New York Spring International Open IBJJF Jiu-Jitsu No-Gi Championship 2017,Master2/Male/Purple/Medium-Heavy,2,Brian DeMuro,Gracie Barra
New York Spring International Open IBJJF Jiu-Jitsu No-Gi Championship 2017,Master2/Male/Purple/Medium-Heavy,3,Daniel Stearns,Renzo Gracie Academy
New York Spring International Open IBJJF Jiu-Jitsu No-Gi Championship 2017,Master2/Male/Purple/Medium-Heavy,3,Fred Barfield,Vamos Brazilian Jiu Jitsu
New York Spring International Open IBJJF Jiu-Jitsu No-Gi Championship 2017,Master2/Male/Purple/Heavy,1,Joao A. Moreira,Checkmat New York
New York Spring International Open IBJJF Jiu-Jitsu No-Gi Championship 2017,Master2/Male/Purple/Heavy,2,Roger Lee,Fairfax Jiu Jitsu
New York Spring International Open IBJJF Jiu-Jitsu No-Gi Championship 2017,Master2/Male/Purple/Enum_WeightDivision_OpenClass_Label,1,Joao A. Moreira,Checkmat New York
New York Spring International Open IBJJF Jiu-Jitsu No-Gi Championship 2017,Master2/Male/Purple/Enum_WeightDivision_OpenClass_Label,2,Keith Patterson,Renzo Gracie Academy
New York Spring International Open IBJJF Jiu-Jitsu No-Gi Championship 2017,Master2/Male/Purple/Enum_WeightDivision_OpenClass_Label,3,Fred Barfield,Vamos Brazilian Jiu Jitsu
New York Spring International Open IBJJF Jiu-Jitsu No-Gi Championship 2017,Master2/Male/Black/Light,1,Roberto Carlos Ramon Castellano,Team Caraballo
New York Spring International Open IBJJF Jiu-Jitsu No-Gi Championship 2017,Master2/Male/Black/Light,2,Omar Javier Serrano Zamora,Tatu BJJ
New York Spring International Open IBJJF Jiu-Jitsu No-Gi Championship 2017,Master2/Male/Black/Middle,1,Marcos Alejandro Torregrosa,Yemaso Brazilian Jiu-Jitsu
New York Spring International Open IBJJF Jiu-Jitsu No-Gi Championship 2017,Master2/Male/Black/Middle,2,David H. Escobar,Team Jucão USA
New York Spring International Open IBJJF Jiu-Jitsu No-Gi Championship 2017,Master2/Male/Black/Medium-Heavy,1,Wagner Ramos Teles de Moraes,ZR Team Brasil
New York Spring International Open IBJJF Jiu-Jitsu No-Gi Championship 2017,Master2/Male/Black/Heavy,1,Lee Synkowski,Balance JJ
New York Spring International Open IBJJF Jiu-Jitsu No-Gi Championship 2017,Master2/Male/Black/Heavy,2,Radji Bryson-Barrett,Team Jucão USA
New York Spring International Open IBJJF Jiu-Jitsu No-Gi Championship 2017,Master2/Male/Black/Super-Heavy,1,Bruno Menezes Protasio,CheckMat
New York Spring International Open IBJJF Jiu-Jitsu No-Gi Championship 2017,Master2/Male/Black/Super-Heavy,2,Iuri Oliveira Villas Boas,Ryan Gracie Team B
New York Spring International Open IBJJF Jiu-Jitsu No-Gi Championship 2017,Master2/Male/Black/Ultra-Heavy,1,Nels R. Larson,Team Jucão USA
New York Spring International Open IBJJF Jiu-Jitsu No-Gi Championship 2017,Master2/Male/Black/Enum_WeightDivision_OpenClass_Label,1,Iuri Oliveira Villas Boas,Ryan Gracie Team B
New York Spring International Open IBJJF Jiu-Jitsu No-Gi Championship 2017,Master2/Male/Black/Enum_WeightDivision_OpenClass_Label,2,Nels R. Larson,Team Jucão USA
New York Spring International Open IBJJF Jiu-Jitsu No-Gi Championship 2017,Master2/Male/Black/Enum_WeightDivision_OpenClass_Label,3,Lee Synkowski,Balance JJ
New York Spring International Open IBJJF Jiu-Jitsu No-Gi Championship 2017,Master3/Male/Blue/Light,1,Manuel Ferrer,Dynamix Fighting Sports 2
New York Spring International Open IBJJF Jiu-Jitsu No-Gi Championship 2017,Master3/Male/Blue/Light,2,guillermo orosco,Soca BJJ
New York Spring International Open IBJJF Jiu-Jitsu No-Gi Championship 2017,Master3/Male/Blue/Middle,1,Brendan Odwyer,Workshop
New York Spring International Open IBJJF Jiu-Jitsu No-Gi Championship 2017,Master3/Male/Blue/Middle,2,Luis Alfonso Mayo Palacios,Yamasaki Academy
New York Spring International Open IBJJF Jiu-Jitsu No-Gi Championship 2017,Master3/Male/Blue/Middle,3,Mark Flectcher,Alliance
New York Spring International Open IBJJF Jiu-Jitsu No-Gi Championship 2017,Master3/Male/Blue/Middle,3,Michael Chin,Fabio Clemente BJJ
New York Spring International Open IBJJF Jiu-Jitsu No-Gi Championship 2017,Master3/Male/Blue/Heavy,1,Dennis Lake,BJJ - Mushin
New York Spring International Open IBJJF Jiu-Jitsu No-Gi Championship 2017,Master3/Male/Blue/Enum_WeightDivision_OpenClass_Label,1,Luis Alfonso Mayo Palacios,Yamasaki Academy
New York Spring International Open IBJJF Jiu-Jitsu No-Gi Championship 2017,Master3/Male/Purple/Medium-Heavy,1,Robbie Adams,Team Royce Gracie
New York Spring International Open IBJJF Jiu-Jitsu No-Gi Championship 2017,Master3/Male/Purple/Medium-Heavy,2,José Ignacio Gallego Martin,IAM, Instituto de Artes Marciales
New York Spring International Open IBJJF Jiu-Jitsu No-Gi Championship 2017,Master3/Male/Purple/Heavy,1,Leslie R Richardson,Plus One Defense Systems
New York Spring International Open IBJJF Jiu-Jitsu No-Gi Championship 2017,Master3/Male/Purple/Super-Heavy,1,Cesar Augusto Moraes  Duarte,AJ Team
New York Spring International Open IBJJF Jiu-Jitsu No-Gi Championship 2017,Master3/Male/Purple/Enum_WeightDivision_OpenClass_Label,1,Leslie R Richardson,Plus One Defense Systems
New York Spring International Open IBJJF Jiu-Jitsu No-Gi Championship 2017,Master3/Male/Purple/Enum_WeightDivision_OpenClass_Label,2,Cesar Augusto Moraes  Duarte,AJ Team
New York Spring International Open IBJJF Jiu-Jitsu No-Gi Championship 2017,Master3/Male/Purple/Enum_WeightDivision_OpenClass_Label,3,Robbie Adams,Team Royce Gracie
New York Spring International Open IBJJF Jiu-Jitsu No-Gi Championship 2017,Master3/Male/Black/Light,1,Richard D Nancoo,Troop BJJ
New York Spring International Open IBJJF Jiu-Jitsu No-Gi Championship 2017,Master3/Male/Black/Middle,1,Antonio Cicconi,ACJJ Team
New York Spring International Open IBJJF Jiu-Jitsu No-Gi Championship 2017,Master3/Male/Black/Middle,2,Christian Montes,Brasa USA
New York Spring International Open IBJJF Jiu-Jitsu No-Gi Championship 2017,Master3/Male/Black/Super-Heavy,1,Alexsandro Barbosa Agostinho,CheckMat
New York Spring International Open IBJJF Jiu-Jitsu No-Gi Championship 2017,Master3/Male/Black/Enum_WeightDivision_OpenClass_Label,1,Christian Montes,Brasa USA
New York Spring International Open IBJJF Jiu-Jitsu No-Gi Championship 2017,Master3/Male/Black/Enum_WeightDivision_OpenClass_Label,2,Alexsandro Barbosa Agostinho,CheckMat
New York Spring International Open IBJJF Jiu-Jitsu No-Gi Championship 2017,Master3/Male/Black/Enum_WeightDivision_OpenClass_Label,3,Antonio Cicconi,ACJJ Team
New York Spring International Open IBJJF Jiu-Jitsu No-Gi Championship 2017,Master3/Male/Black/Enum_WeightDivision_OpenClass_Label,3,Richard D Nancoo,Troop BJJ
New York Spring International Open IBJJF Jiu-Jitsu No-Gi Championship 2017,Master4/Male/Blue/Light,1,Waihung Ma,Renzo Gracie Academy
New York Spring International Open IBJJF Jiu-Jitsu No-Gi Championship 2017,Master4/Male/Blue/Light,2,Michael Silverman,Team Lloyd Irvin
New York Spring International Open IBJJF Jiu-Jitsu No-Gi Championship 2017,Master4/Male/Purple/Medium-Heavy,1,John Grant,Renzo Gracie Academy
New York Spring International Open IBJJF Jiu-Jitsu No-Gi Championship 2017,Master4/Male/Purple/Medium-Heavy,2,John Cambronero,Serra BJJ
New York Spring International Open IBJJF Jiu-Jitsu No-Gi Championship 2017,Master4/Male/Purple/Medium-Heavy,3,Alexey Iskhakov,Mike Moses' Competition Team
New York Spring International Open IBJJF Jiu-Jitsu No-Gi Championship 2017,Master4/Male/Purple/Heavy,1,Marcus White,Roberto Traven BJJ
New York Spring International Open IBJJF Jiu-Jitsu No-Gi Championship 2017,Master4/Male/Purple/Enum_WeightDivision_OpenClass_Label,1,Alexey Iskhakov,Mike Moses' Competition Team
New York Spring International Open IBJJF Jiu-Jitsu No-Gi Championship 2017,Master4/Male/Purple/Enum_WeightDivision_OpenClass_Label,2,Marcus White,Roberto Traven BJJ
New York Spring International Open IBJJF Jiu-Jitsu No-Gi Championship 2017,Master5/Male/Blue/Heavy,1,Michael Wein,Renzo Gracie Academy
New York Spring International Open IBJJF Jiu-Jitsu No-Gi Championship 2017,Master5/Male/Brown/Middle,1,Anthony Phillip Caravelli,Brasa USA
New York Spring International Open IBJJF Jiu-Jitsu No-Gi Championship 2017,Master5/Male/Brown/Enum_WeightDivision_OpenClass_Label,1,Anthony Phillip Caravelli,Brasa USA
New York Spring International Open IBJJF Jiu-Jitsu No-Gi Championship 2017,Master6/Male/Brown/Middle,1,Francesco Moscarelli,Soca BJJ
New York Spring International Open IBJJF Jiu-Jitsu No-Gi Championship 2017,Master6/Male/Brown/Enum_WeightDivision_OpenClass_Label,1,Francesco Moscarelli,Soca BJJ
New York Spring International Open IBJJF Jiu-Jitsu No-Gi Championship 2017,Juvenile/Male/Blue/Light,1,Dante Derrick Muschamp,BJJ Globetrotters USA
New York Spring International Open IBJJF Jiu-Jitsu No-Gi Championship 2017,Juvenile/Male/Blue/Middle,1,Ben Sualp Bagbek,Gracie Barra
New York Spring International Open IBJJF Jiu-Jitsu No-Gi Championship 2017,Juvenile/Male/Blue/Middle,2,Spencer M. Smalley,Ultimate MMA Training Center
New York Spring International Open IBJJF Jiu-Jitsu No-Gi Championship 2017,Juvenile/Male/Blue/Enum_WeightDivision_OpenClass_Label,1,Ben Sualp Bagbek,Gracie Barra
New York Spring International Open IBJJF Jiu-Jitsu No-Gi Championship 2017,Juvenile/Male/Blue/Enum_WeightDivision_OpenClass_Label,2,Spencer M. Smalley,Ultimate MMA Training Center
New York Spring International Open IBJJF Jiu-Jitsu No-Gi Championship 2017,Juvenile/Female/Blue/Light-Feather,1,Janelle Tkaczuk,Art of Jiu Jitsu Academy
New York Spring International Open IBJJF Jiu-Jitsu No-Gi Championship 2017,Juvenile/Female/Blue/Feather,1,Sophia Joan Cassella,Renzo Gracie Academy
New York Spring International Open IBJJF Jiu-Jitsu No-Gi Championship 2017,Juvenile/Female/Blue/Feather,2,Meghan L. Sirico,Crazy 88
New York Spring International Open IBJJF Jiu-Jitsu No-Gi Championship 2017,Juvenile/Female/Blue/Enum_WeightDivision_OpenClass_Label,1,Sophia Joan Cassella,Renzo Gracie Academy
