San Jose International Open Jiu-Jitsu No-Gi 2016,Juvenile/Male/Blue/Light,1,Bryan Adrian Cuevas Borrego,Guerrilla Jiu Jitsu
San Jose International Open Jiu-Jitsu No-Gi 2016,Juvenile/Male/Blue/Light,2,David Erhardt,Cleber BJJ
San Jose International Open Jiu-Jitsu No-Gi 2016,Juvenile/Male/Blue/Medium-Heavy,1,Albert Sebastian Raez Aristondo,Art of Jiu Jitsu Academy
San Jose International Open Jiu-Jitsu No-Gi 2016,Juvenile/Male/Blue/Medium-Heavy,2,Travis Leroy Lindahl,Coalition 95
San Jose International Open Jiu-Jitsu No-Gi 2016,Juvenile/Male/Blue/Medium-Heavy,3,James Aaron Aguilar,Crosley Gracie Academy
San Jose International Open Jiu-Jitsu No-Gi 2016,Adult/Male/Blue/Light-Feather,1,Vijay Sama,Team Maxwell
San Jose International Open Jiu-Jitsu No-Gi 2016,Adult/Male/Blue/Light-Feather,2,Daniel Ho,10th Planet Jiu Jitsu
San Jose International Open Jiu-Jitsu No-Gi 2016,Adult/Male/Blue/Light-Feather,3,bobby ngo,CheckMat
San Jose International Open Jiu-Jitsu No-Gi 2016,Adult/Male/Blue/Light-Feather,3,Hong Huy Daniel Duong,Serao Mixed Martial Arts
San Jose International Open Jiu-Jitsu No-Gi 2016,Adult/Male/Blue/Feather,1,Bernard Turner,Yemaso Brazilian Jiu-Jitsu
San Jose International Open Jiu-Jitsu No-Gi 2016,Adult/Male/Blue/Feather,2,Robert Sukhovitsky,Alliance
San Jose International Open Jiu-Jitsu No-Gi 2016,Adult/Male/Blue/Feather,3,Aldo Ray  Mamaril,Soul Fighters BJJ Connecticut
San Jose International Open Jiu-Jitsu No-Gi 2016,Adult/Male/Blue/Feather,3,Domingo Marcel Rosas Meneses,Ares BJJ
San Jose International Open Jiu-Jitsu No-Gi 2016,Adult/Male/Blue/Light,1,Zachary Pye,Zenith BJJ - Canada
San Jose International Open Jiu-Jitsu No-Gi 2016,Adult/Male/Blue/Light,2,Aldo Sanchez,10th Planet Jiu Jitsu
San Jose International Open Jiu-Jitsu No-Gi 2016,Adult/Male/Blue/Light,3,Brendan Coronel,Ares BJJ
San Jose International Open Jiu-Jitsu No-Gi 2016,Adult/Male/Blue/Light,3,John Tai,Yemaso Brazilian Jiu-Jitsu
San Jose International Open Jiu-Jitsu No-Gi 2016,Adult/Male/Blue/Middle,1,Alan  Sanchez Perez,10th Planet Jiu Jitsu
San Jose International Open Jiu-Jitsu No-Gi 2016,Adult/Male/Blue/Middle,2,John McCarl,Caio Terra Association
San Jose International Open Jiu-Jitsu No-Gi 2016,Adult/Male/Blue/Middle,3,Austin Smith,10th Planet Jiu Jitsu
San Jose International Open Jiu-Jitsu No-Gi 2016,Adult/Male/Blue/Middle,3,Dwight Kelly Ii,CheckMat
San Jose International Open Jiu-Jitsu No-Gi 2016,Adult/Male/Blue/Medium-Heavy,1,Tanner Ford,Yemaso Brazilian Jiu-Jitsu
San Jose International Open Jiu-Jitsu No-Gi 2016,Adult/Male/Blue/Medium-Heavy,2,Jeremy Alan Hass,Rodrigo Freitas Brazilian Jiu-Jitsu
San Jose International Open Jiu-Jitsu No-Gi 2016,Adult/Male/Blue/Medium-Heavy,3,Lucas Espinoza,Cassio Werneck BJJ
San Jose International Open Jiu-Jitsu No-Gi 2016,Adult/Male/Blue/Medium-Heavy,3,Matthew Belesiu,Caio Terra Association
San Jose International Open Jiu-Jitsu No-Gi 2016,Adult/Male/Blue/Heavy,1,Anthony Mercado,Ralph Gracie
San Jose International Open Jiu-Jitsu No-Gi 2016,Adult/Male/Blue/Heavy,2,Brady Miramontes,CheckMat
San Jose International Open Jiu-Jitsu No-Gi 2016,Adult/Male/Blue/Heavy,3,Albino Alberto Lopez,Excel Jiu-Jitsu MMA
San Jose International Open Jiu-Jitsu No-Gi 2016,Adult/Male/Blue/Heavy,3,Kevin Liao,Carlos Sapao BJJ
San Jose International Open Jiu-Jitsu No-Gi 2016,Adult/Male/Blue/Super-Heavy,1,Robert Carl,10th Planet Jiu Jitsu
San Jose International Open Jiu-Jitsu No-Gi 2016,Adult/Male/Blue/Super-Heavy,2,Daniel Navarrete,Yemaso Brazilian Jiu-Jitsu
San Jose International Open Jiu-Jitsu No-Gi 2016,Adult/Male/Blue/Ultra-Heavy,1,John Thurston,Dustin Akbari BJJ
San Jose International Open Jiu-Jitsu No-Gi 2016,Adult/Male/Blue/OpenClass,1,Tanner Ford,Yemaso Brazilian Jiu-Jitsu
San Jose International Open Jiu-Jitsu No-Gi 2016,Adult/Male/Blue/OpenClass,2,Matthew Belesiu,Caio Terra Association
San Jose International Open Jiu-Jitsu No-Gi 2016,Adult/Male/Blue/OpenClass,3,Anthony Mercado,Ralph Gracie
San Jose International Open Jiu-Jitsu No-Gi 2016,Adult/Male/Blue/OpenClass,3,Lucas Espinoza,Cassio Werneck BJJ
San Jose International Open Jiu-Jitsu No-Gi 2016,Adult/Female/Blue/Light-Feather,1,Andrea Jordan,10th Planet Jiu Jitsu
San Jose International Open Jiu-Jitsu No-Gi 2016,Adult/Female/Blue/Light-Feather,2,Maggie  Mai,Ribeiro Jiu-Jitsu
San Jose International Open Jiu-Jitsu No-Gi 2016,Adult/Female/Blue/Light-Feather,3,Lynn Tran,Caio Terra Association
San Jose International Open Jiu-Jitsu No-Gi 2016,Adult/Female/Blue/Light-Feather,3,Sheila  Padilla,Cleber Jiu Jitsu
San Jose International Open Jiu-Jitsu No-Gi 2016,Adult/Female/Blue/Feather,1,Rebecca Reuben,Romulo Melo Brazilian Jiu-Jitsu LLC.
San Jose International Open Jiu-Jitsu No-Gi 2016,Adult/Female/Blue/Feather,2,Alex  Barcelona,Ares BJJ
San Jose International Open Jiu-Jitsu No-Gi 2016,Adult/Female/Blue/Feather,3,Aamina Guidry,Ralph Gracie Jiu-Jitsu Berkeley
San Jose International Open Jiu-Jitsu No-Gi 2016,Adult/Female/Blue/Feather,3,Lillian Tran,CheckMat
San Jose International Open Jiu-Jitsu No-Gi 2016,Adult/Female/Blue/Light,1,Alexis Andrade,Team LDMA
San Jose International Open Jiu-Jitsu No-Gi 2016,Adult/Female/Blue/Light,2,Andrea Grace Santos Macapinlac,Carlos Sapao BJJ
San Jose International Open Jiu-Jitsu No-Gi 2016,Adult/Female/Blue/Light,3,Molly Shawn OBrien,Coalition 95
San Jose International Open Jiu-Jitsu No-Gi 2016,Adult/Female/Blue/Middle,1,Tess Linnea Appleby,Coalition 95
San Jose International Open Jiu-Jitsu No-Gi 2016,Adult/Female/Blue/OpenClass,1,Rebecca Reuben,Romulo Melo Brazilian Jiu-Jitsu LLC.
San Jose International Open Jiu-Jitsu No-Gi 2016,Adult/Female/Blue/OpenClass,2,Aamina Guidry,Ralph Gracie Jiu-Jitsu Berkeley
San Jose International Open Jiu-Jitsu No-Gi 2016,Adult/Female/Blue/OpenClass,3,Molly Shawn OBrien,Coalition 95
San Jose International Open Jiu-Jitsu No-Gi 2016,Adult/Female/Blue/OpenClass,3,Tess Linnea Appleby,Coalition 95
San Jose International Open Jiu-Jitsu No-Gi 2016,Adult/Male/Purple/Rooster,1,Brian Jake Molinaro,Coalition 95
San Jose International Open Jiu-Jitsu No-Gi 2016,Adult/Male/Purple/Rooster,2,David Minh Nguyen,Cassio Werneck BJJ
San Jose International Open Jiu-Jitsu No-Gi 2016,Adult/Male/Purple/Feather,1,caio vinicius machado de sousa,CheckMat
San Jose International Open Jiu-Jitsu No-Gi 2016,Adult/Male/Purple/Light,1,Paulo Gabriel Martins da Costa,Caio Terra Association
San Jose International Open Jiu-Jitsu No-Gi 2016,Adult/Male/Purple/Light,2,fernando amado,Atos Jiu-Jitsu
San Jose International Open Jiu-Jitsu No-Gi 2016,Adult/Male/Purple/Light,3,Aaron Wilson,GD Jiu-Jitsu Association
San Jose International Open Jiu-Jitsu No-Gi 2016,Adult/Male/Purple/Light,3,Joshua Ruehlig,Dustin Akbari BJJ
San Jose International Open Jiu-Jitsu No-Gi 2016,Adult/Male/Purple/Middle,1,Connor James Donaldson,Gracie Barra
San Jose International Open Jiu-Jitsu No-Gi 2016,Adult/Male/Purple/Middle,2,David Mitchell,One World Jiu Jitsu
San Jose International Open Jiu-Jitsu No-Gi 2016,Adult/Male/Purple/Middle,3,Cory Martinez,CheckMat
San Jose International Open Jiu-Jitsu No-Gi 2016,Adult/Male/Purple/Middle,3,Mike Scarcello,Zenith BJJ - Canada
San Jose International Open Jiu-Jitsu No-Gi 2016,Adult/Male/Purple/Medium-Heavy,1,Kaniela Kaanoi Kahuanui,Caio Terra Association
San Jose International Open Jiu-Jitsu No-Gi 2016,Adult/Male/Purple/Medium-Heavy,2,Andre Liberal Alves de Almeida,Gracie Barra
San Jose International Open Jiu-Jitsu No-Gi 2016,Adult/Male/Purple/Medium-Heavy,3,Caio Gonçalves M. Veras,Gracie Barra
San Jose International Open Jiu-Jitsu No-Gi 2016,Adult/Male/Purple/Heavy,1,Kyle Von Tellrop,Romulo Melo Brazilian Jiu-Jitsu LLC.
San Jose International Open Jiu-Jitsu No-Gi 2016,Adult/Male/Purple/Heavy,2,Ryan Walsh,Caio Terra Association
San Jose International Open Jiu-Jitsu No-Gi 2016,Adult/Male/Purple/Super-Heavy,1,Renato dos Santos Tagliari,Caio Terra Association
San Jose International Open Jiu-Jitsu No-Gi 2016,Adult/Male/Purple/Super-Heavy,2,Antonio Perez,Carlson Gracie Team
San Jose International Open Jiu-Jitsu No-Gi 2016,Adult/Male/Purple/Ultra-Heavy,1,Jordan Taghvai,Dustin Akbari BJJ
San Jose International Open Jiu-Jitsu No-Gi 2016,Adult/Male/Purple/OpenClass,1,Paulo Gabriel Martins da Costa,Caio Terra Association
San Jose International Open Jiu-Jitsu No-Gi 2016,Adult/Male/Purple/OpenClass,2,Jordan Taghvai,Dustin Akbari BJJ
San Jose International Open Jiu-Jitsu No-Gi 2016,Adult/Male/Purple/OpenClass,3,Caio Gonçalves M. Veras,Gracie Barra
San Jose International Open Jiu-Jitsu No-Gi 2016,Adult/Male/Purple/OpenClass,3,Connor James Donaldson,Gracie Barra
San Jose International Open Jiu-Jitsu No-Gi 2016,Adult/Female/Purple/Light,1,Crystal Tracy,Gracie Fighter
San Jose International Open Jiu-Jitsu No-Gi 2016,Adult/Female/Purple/Light,2,Alicia Leilani Komesu,CheckMat
San Jose International Open Jiu-Jitsu No-Gi 2016,Adult/Female/Purple/Middle,1,Monique  Cabrera,CheckMat
San Jose International Open Jiu-Jitsu No-Gi 2016,Adult/Female/Purple/OpenClass,1,Crystal Tracy,Gracie Fighter
San Jose International Open Jiu-Jitsu No-Gi 2016,Adult/Female/Purple/OpenClass,2,Monique  Cabrera,CheckMat
San Jose International Open Jiu-Jitsu No-Gi 2016,Adult/Male/Brown/Feather,1,Brandon Woodly Walensky,Clark Gracie Jiu Jitsu Academy
San Jose International Open Jiu-Jitsu No-Gi 2016,Adult/Male/Brown/Feather,2,Richard Wing Fu Wong,Yemaso Brazilian Jiu-Jitsu
San Jose International Open Jiu-Jitsu No-Gi 2016,Adult/Male/Brown/Light,1,Andrew Santino Miranda,Gracie Fighter
San Jose International Open Jiu-Jitsu No-Gi 2016,Adult/Male/Brown/Light,2,Angel Paul Lopez,Tinguinha BJJ academy
San Jose International Open Jiu-Jitsu No-Gi 2016,Adult/Male/Brown/Light,3,Christopher William Hargett,Coachella Valley BJJ
San Jose International Open Jiu-Jitsu No-Gi 2016,Adult/Male/Brown/Heavy,1,Nicholas Greene,Ralph Gracie
San Jose International Open Jiu-Jitsu No-Gi 2016,Adult/Male/Brown/Heavy,2,Gary Seville Hatch III,Ares BJJ
San Jose International Open Jiu-Jitsu No-Gi 2016,Adult/Male/Brown/Heavy,3,Julio Cesar Veliz Higuera,Ares BJJ
San Jose International Open Jiu-Jitsu No-Gi 2016,Adult/Male/Brown/OpenClass,1,Christopher William Hargett,Coachella Valley BJJ
San Jose International Open Jiu-Jitsu No-Gi 2016,Adult/Male/Brown/OpenClass,2,Gary Seville Hatch III,Ares BJJ
San Jose International Open Jiu-Jitsu No-Gi 2016,Adult/Male/Brown/OpenClass,3,Andrew Santino Miranda,Gracie Fighter
San Jose International Open Jiu-Jitsu No-Gi 2016,Adult/Male/Black/Light-Feather,1,Milton Carlos Bastos P. do Nascimento,Ares BJJ
San Jose International Open Jiu-Jitsu No-Gi 2016,Adult/Male/Black/Light-Feather,2,Leonard Alexander  Canders Jr.,10th Planet Jiu Jitsu
San Jose International Open Jiu-Jitsu No-Gi 2016,Adult/Male/Black/Light,1,Kim Terra,Caio Terra Association
San Jose International Open Jiu-Jitsu No-Gi 2016,Adult/Male/Black/Light,2,Nicollas Welker Amorim Araujo,Alliance Los Angeles
San Jose International Open Jiu-Jitsu No-Gi 2016,Adult/Male/Black/Light,3,Jonathan Van Buren,Ares BJJ
San Jose International Open Jiu-Jitsu No-Gi 2016,Adult/Male/Black/Light,3,Vitor Peres Paschoal,Caio Terra Association
San Jose International Open Jiu-Jitsu No-Gi 2016,Adult/Male/Black/Middle,1,Marcelo França Mafra,CheckMat
San Jose International Open Jiu-Jitsu No-Gi 2016,Adult/Male/Black/Middle,2,Samir José Chantre Dahás,Ares BJJ
San Jose International Open Jiu-Jitsu No-Gi 2016,Adult/Male/Black/Medium-Heavy,1,Brian John Morizi,Clark Gracie Jiu Jitsu Academy
San Jose International Open Jiu-Jitsu No-Gi 2016,Adult/Male/Black/Medium-Heavy,2,kenneth Primola,Caio Terra Association
San Jose International Open Jiu-Jitsu No-Gi 2016,Adult/Male/Black/Medium-Heavy,3,John Rickel,Street Sports BJJ
San Jose International Open Jiu-Jitsu No-Gi 2016,Adult/Male/Black/Medium-Heavy,3,Vinicius Agudo Silva,Soul Fighters BJJ
San Jose International Open Jiu-Jitsu No-Gi 2016,Adult/Male/Black/Heavy,1,William Ross Nyman,Cleber BJJ
San Jose International Open Jiu-Jitsu No-Gi 2016,Adult/Male/Black/Ultra-Heavy,1,Eliot Andrew Kelly,Yemaso Brazilian Jiu-Jitsu
San Jose International Open Jiu-Jitsu No-Gi 2016,Adult/Male/Black/OpenClass,1,Kim Terra,Caio Terra Association
San Jose International Open Jiu-Jitsu No-Gi 2016,Adult/Male/Black/OpenClass,2,Diego da Silveira Herzog,Diego Herzog BJJ
San Jose International Open Jiu-Jitsu No-Gi 2016,Adult/Male/Black/OpenClass,3,Eliot Andrew Kelly,Yemaso Brazilian Jiu-Jitsu
San Jose International Open Jiu-Jitsu No-Gi 2016,Adult/Male/Black/OpenClass,3,Marcelo França Mafra,CheckMat
San Jose International Open Jiu-Jitsu No-Gi 2016,Adult/Female/Black/Feather,1,Kristina Sofia Puruganan Barlaan,Caio Terra Association
San Jose International Open Jiu-Jitsu No-Gi 2016,Adult/Female/Black/Feather,2,Patrícia Maria N. Fontes dos Santos,CheckMat
San Jose International Open Jiu-Jitsu No-Gi 2016,Adult/Female/Black/OpenClass,1,Kristina Sofia Puruganan Barlaan,Caio Terra Association
San Jose International Open Jiu-Jitsu No-Gi 2016,Master1/Male/Blue/Light-Feather,1,Sebastian Wong,Caio Terra Association
San Jose International Open Jiu-Jitsu No-Gi 2016,Master1/Male/Blue/Light-Feather,2,Andrew Thaxter,Tinguinha BJJ academy
San Jose International Open Jiu-Jitsu No-Gi 2016,Master1/Male/Blue/Light,1,Billy English,Yemaso Brazilian Jiu-Jitsu
San Jose International Open Jiu-Jitsu No-Gi 2016,Master1/Male/Blue/Light,2,Jaime Lopez,Yemaso Brazilian Jiu-Jitsu
San Jose International Open Jiu-Jitsu No-Gi 2016,Master1/Male/Blue/Light,3,Sebastian Studirach,Caio Terra Association
San Jose International Open Jiu-Jitsu No-Gi 2016,Master1/Male/Blue/Middle,1,James Lampe,Yemaso Brazilian Jiu-Jitsu
San Jose International Open Jiu-Jitsu No-Gi 2016,Master1/Male/Blue/Middle,2,Anthony Uchytil,Gracie Fighter
San Jose International Open Jiu-Jitsu No-Gi 2016,Master1/Male/Blue/Heavy,1,Joseph Angus,Fabio Prado BJJ
San Jose International Open Jiu-Jitsu No-Gi 2016,Master1/Male/Blue/Heavy,2,Jason Chan,CheckMat
San Jose International Open Jiu-Jitsu No-Gi 2016,Master1/Male/Blue/OpenClass,1,Anthony Uchytil,Gracie Fighter
San Jose International Open Jiu-Jitsu No-Gi 2016,Master1/Male/Blue/OpenClass,2,Joseph Angus,Fabio Prado BJJ
San Jose International Open Jiu-Jitsu No-Gi 2016,Master1/Male/Blue/OpenClass,3,Sebastian Studirach,Caio Terra Association
San Jose International Open Jiu-Jitsu No-Gi 2016,Master1/Male/Blue/OpenClass,3,Sebastian Wong,Caio Terra Association
San Jose International Open Jiu-Jitsu No-Gi 2016,Master1/Male/Purple/Feather,1,Matthew David Mamolen,Ares BJJ
San Jose International Open Jiu-Jitsu No-Gi 2016,Master1/Male/Purple/Feather,2,Antun Kovacevic,Caio Terra Association
San Jose International Open Jiu-Jitsu No-Gi 2016,Master1/Male/Purple/Middle,1,Armando Rodriguez Perez Jr.,Cleber Jiu Jitsu
San Jose International Open Jiu-Jitsu No-Gi 2016,Master1/Male/Purple/Middle,2,Jeryme Spitzer,Ares BJJ
San Jose International Open Jiu-Jitsu No-Gi 2016,Master1/Male/Purple/Medium-Heavy,1,Daniel Edward Carlson,Studio 540
San Jose International Open Jiu-Jitsu No-Gi 2016,Master1/Male/Purple/Medium-Heavy,2,Rich O'Toole,Ralph Gracie
San Jose International Open Jiu-Jitsu No-Gi 2016,Master1/Male/Purple/Heavy,1,Patrick J. Wayne,Caio Terra Association
San Jose International Open Jiu-Jitsu No-Gi 2016,Master1/Male/Purple/Heavy,2,David Caprio,Crispim BJJ Brothers
San Jose International Open Jiu-Jitsu No-Gi 2016,Master1/Male/Purple/Heavy,3,Shawn Arthur Chandler,Caio Terra Association
San Jose International Open Jiu-Jitsu No-Gi 2016,Master1/Male/Purple/Super-Heavy,1,SAMUEL  BRACAMONTE,Serao Mixed Martial Arts
San Jose International Open Jiu-Jitsu No-Gi 2016,Master1/Male/Purple/Super-Heavy,2,Josef Justin De La Vega,Fabio Prado BJJ
San Jose International Open Jiu-Jitsu No-Gi 2016,Master1/Male/Purple/OpenClass,1,Patrick J. Wayne,Caio Terra Association
San Jose International Open Jiu-Jitsu No-Gi 2016,Master1/Male/Purple/OpenClass,2,Antun Kovacevic,Caio Terra Association
San Jose International Open Jiu-Jitsu No-Gi 2016,Master1/Male/Purple/OpenClass,3,Armando Rodriguez Perez Jr.,Cleber Jiu Jitsu
San Jose International Open Jiu-Jitsu No-Gi 2016,Master1/Male/Purple/OpenClass,3,David Caprio,Crispim BJJ Brothers
San Jose International Open Jiu-Jitsu No-Gi 2016,Master1/Male/Brown/Light-Feather,1,Javier Gomez,Ares BJJ
San Jose International Open Jiu-Jitsu No-Gi 2016,Master1/Male/Brown/Light-Feather,2,Cresencio Zamora,Gracie Humaita Las Vegas
San Jose International Open Jiu-Jitsu No-Gi 2016,Master1/Male/Brown/Feather,1,Brian Joseph Stuebner,Caio Terra Association
San Jose International Open Jiu-Jitsu No-Gi 2016,Master1/Male/Brown/Feather,2,Ruben Estrada Avila,Yemaso Brazilian Jiu-Jitsu
San Jose International Open Jiu-Jitsu No-Gi 2016,Master1/Male/Brown/Feather,3,Italo Martin Cardenas Zuin,Ares BJJ
San Jose International Open Jiu-Jitsu No-Gi 2016,Master1/Male/Brown/Light,1,Robert Arnold,AB Mixed Martial Arts Academy
San Jose International Open Jiu-Jitsu No-Gi 2016,Master1/Male/Brown/Light,2,Joshua Calig Doctolero,Triune JIu-Jitsu Brasileiro
San Jose International Open Jiu-Jitsu No-Gi 2016,Master1/Male/Brown/Super-Heavy,1,Shawn D. S. Cox,Yemaso Brazilian Jiu-Jitsu
San Jose International Open Jiu-Jitsu No-Gi 2016,Master1/Male/Brown/Super-Heavy,2,Bruce L Morgenstern,Gracie Humaita Las Vegas
San Jose International Open Jiu-Jitsu No-Gi 2016,Master1/Male/Brown/Ultra-Heavy,1,Ricardo Joaquin Castañeda Munoz,Schon BJJ
San Jose International Open Jiu-Jitsu No-Gi 2016,Master1/Male/Brown/OpenClass,1,Ricardo Joaquin Castañeda Munoz,Schon BJJ
San Jose International Open Jiu-Jitsu No-Gi 2016,Master1/Male/Brown/OpenClass,2,Brian Joseph Stuebner,Caio Terra Association
San Jose International Open Jiu-Jitsu No-Gi 2016,Master1/Male/Brown/OpenClass,3,Italo Martin Cardenas Zuin,Ares BJJ
San Jose International Open Jiu-Jitsu No-Gi 2016,Master1/Male/Brown/OpenClass,3,Javier Gomez,Ares BJJ
San Jose International Open Jiu-Jitsu No-Gi 2016,Master1/Male/Black/Feather,1,Caio Terra,Caio Terra Association
San Jose International Open Jiu-Jitsu No-Gi 2016,Master1/Male/Black/Light,1,Osvaldo Augusto Honorio Moizinho,Ares BJJ
San Jose International Open Jiu-Jitsu No-Gi 2016,Master1/Male/Black/Light,2,Travis Christian Victor Magalit,CheckMat
San Jose International Open Jiu-Jitsu No-Gi 2016,Master1/Male/Black/Light,3,Danny Bohigian,Guerrilla Jiu Jitsu
San Jose International Open Jiu-Jitsu No-Gi 2016,Master1/Male/Black/OpenClass,1,Osvaldo Augusto Honorio Moizinho,Ares BJJ
San Jose International Open Jiu-Jitsu No-Gi 2016,Master2/Male/Blue/Feather,1,Roderick Roxas,Coalition 95
San Jose International Open Jiu-Jitsu No-Gi 2016,Master2/Male/Blue/Light,1,Ross Capdeville,Serao Mixed Martial Arts
San Jose International Open Jiu-Jitsu No-Gi 2016,Master2/Male/Blue/Light,2,Ryan Hoffman,Coalition 95
San Jose International Open Jiu-Jitsu No-Gi 2016,Master2/Male/Blue/Light,3,Darrin Neil Tinsley,Gracie Fighter
San Jose International Open Jiu-Jitsu No-Gi 2016,Master2/Male/Blue/Middle,1,Alexander Martinez,Ares BJJ
San Jose International Open Jiu-Jitsu No-Gi 2016,Master2/Male/Blue/Middle,2,Bill Newton,CheckMat
San Jose International Open Jiu-Jitsu No-Gi 2016,Master2/Male/Blue/Middle,3,Ashwin Sunder,Serao Mixed Martial Arts
San Jose International Open Jiu-Jitsu No-Gi 2016,Master2/Male/Blue/Middle,3,Bruce  Harmon,Caio Terra Association
San Jose International Open Jiu-Jitsu No-Gi 2016,Master2/Male/Blue/Medium-Heavy,1,Matthew Danna,Caio Terra Association
San Jose International Open Jiu-Jitsu No-Gi 2016,Master2/Male/Blue/Heavy,1,Gabriel Cera,Ralph Gracie
San Jose International Open Jiu-Jitsu No-Gi 2016,Master2/Male/Blue/Super-Heavy,1,Leonardo Mendes Cabral,Serao Mixed Martial Arts
San Jose International Open Jiu-Jitsu No-Gi 2016,Master2/Male/Blue/Ultra-Heavy,1,Daniel Arndt,American Top Team Connecticut
San Jose International Open Jiu-Jitsu No-Gi 2016,Master2/Male/Blue/Ultra-Heavy,2,Jon Freeze,Carlos Sapao BJJ
San Jose International Open Jiu-Jitsu No-Gi 2016,Master2/Male/Blue/OpenClass,1,Gabriel Cera,Ralph Gracie
San Jose International Open Jiu-Jitsu No-Gi 2016,Master2/Male/Blue/OpenClass,2,Leonardo Mendes Cabral,Serao Mixed Martial Arts
San Jose International Open Jiu-Jitsu No-Gi 2016,Master2/Male/Blue/OpenClass,3,Darrin Neil Tinsley,Gracie Fighter
San Jose International Open Jiu-Jitsu No-Gi 2016,Master2/Male/Purple/Middle,1,Martin Galinski,Serao Mixed Martial Arts
San Jose International Open Jiu-Jitsu No-Gi 2016,Master2/Male/Purple/Middle,2,Justin Nero,Ralph Gracie
San Jose International Open Jiu-Jitsu No-Gi 2016,Master2/Male/Purple/Middle,3,Bruce Nardone,Caio Terra Association
San Jose International Open Jiu-Jitsu No-Gi 2016,Master2/Male/Purple/Middle,3,Matthew Nares,Caio Terra Association
San Jose International Open Jiu-Jitsu No-Gi 2016,Master2/Male/Purple/Heavy,1,Dion Edge,Kaijin Martial Arts
San Jose International Open Jiu-Jitsu No-Gi 2016,Master2/Male/Purple/Heavy,2,Richard Martin Nero,Gracie Fighter
San Jose International Open Jiu-Jitsu No-Gi 2016,Master2/Male/Purple/Heavy,3,Adam Kyle Schembs,Carlos Sapao BJJ
San Jose International Open Jiu-Jitsu No-Gi 2016,Master2/Male/Purple/Ultra-Heavy,1,Jerry Foster,Brazilian Top Team Long Beach
San Jose International Open Jiu-Jitsu No-Gi 2016,Master2/Male/Purple/Ultra-Heavy,2,Michael Troy Wilkes,Charles Gracie Jiu-Jitsu Academy
San Jose International Open Jiu-Jitsu No-Gi 2016,Master2/Male/Purple/OpenClass,1,Jerry Foster,Brazilian Top Team Long Beach
San Jose International Open Jiu-Jitsu No-Gi 2016,Master2/Male/Purple/OpenClass,2,Justin Nero,Ralph Gracie
San Jose International Open Jiu-Jitsu No-Gi 2016,Master2/Male/Purple/OpenClass,3,Michael Troy Wilkes,Charles Gracie Jiu-Jitsu Academy
San Jose International Open Jiu-Jitsu No-Gi 2016,Master2/Male/Purple/OpenClass,3,Richard Martin Nero,Gracie Fighter
San Jose International Open Jiu-Jitsu No-Gi 2016,Master2/Male/Brown/Light,1,Randy Allen Haskill,Next Generation MMA
San Jose International Open Jiu-Jitsu No-Gi 2016,Master2/Male/Brown/Middle,1,Arturo Espinoza-Bernardino,Atos Jiu-Jitsu
San Jose International Open Jiu-Jitsu No-Gi 2016,Master2/Male/Brown/Middle,2,Richard Selmar Bothun,Yemaso Brazilian Jiu-Jitsu
San Jose International Open Jiu-Jitsu No-Gi 2016,Master2/Male/Brown/Middle,3,David Glenn Barnes Jr.,Ares BJJ
San Jose International Open Jiu-Jitsu No-Gi 2016,Master2/Male/Brown/Middle,3,John Thomas Sorrell,Alliance Atlanta
San Jose International Open Jiu-Jitsu No-Gi 2016,Master2/Male/Brown/OpenClass,1,John Thomas Sorrell,Alliance Atlanta
San Jose International Open Jiu-Jitsu No-Gi 2016,Master2/Male/Brown/OpenClass,2,David Glenn Barnes Jr.,Ares BJJ
San Jose International Open Jiu-Jitsu No-Gi 2016,Master2/Male/Black/Light,1,Flavio Ralf Meier,Caio Terra Association
San Jose International Open Jiu-Jitsu No-Gi 2016,Master2/Male/Black/Middle,1,Marcos Alejandro Torregrosa,Yemaso Brazilian Jiu-Jitsu
San Jose International Open Jiu-Jitsu No-Gi 2016,Master2/Male/Black/Medium-Heavy,1,Bradford S Sandoval,Cassio Werneck BJJ
San Jose International Open Jiu-Jitsu No-Gi 2016,Master2/Male/Black/Medium-Heavy,2,Jeston John Pages,Caio Terra Association
San Jose International Open Jiu-Jitsu No-Gi 2016,Master2/Male/Black/Medium-Heavy,3,Marcus Boness,Yemaso Brazilian Jiu-Jitsu
San Jose International Open Jiu-Jitsu No-Gi 2016,Master2/Male/Black/Medium-Heavy,3,Paul Leon Nava,Ares BJJ
San Jose International Open Jiu-Jitsu No-Gi 2016,Master2/Male/Black/Heavy,1,André MC Laughlin Glodzinski,Cia Paulista
San Jose International Open Jiu-Jitsu No-Gi 2016,Master2/Male/Black/Heavy,2,Bryant Scott Pangelinan,Carlos Sapao BJJ
San Jose International Open Jiu-Jitsu No-Gi 2016,Master2/Male/Black/Super-Heavy,1,Luke Harris,Zenith BJJ - Canada
San Jose International Open Jiu-Jitsu No-Gi 2016,Master2/Male/Black/Super-Heavy,2,Jake Ryan Mosher,Gracie Humaita Phoenix
San Jose International Open Jiu-Jitsu No-Gi 2016,Master2/Male/Black/OpenClass,1,Luke Harris,Zenith BJJ - Canada
San Jose International Open Jiu-Jitsu No-Gi 2016,Master2/Male/Black/OpenClass,2,Bradford S Sandoval,Cassio Werneck BJJ
San Jose International Open Jiu-Jitsu No-Gi 2016,Master2/Male/Black/OpenClass,3,Jeston John Pages,Caio Terra Association
San Jose International Open Jiu-Jitsu No-Gi 2016,Master2/Male/Black/OpenClass,3,Paul Leon Nava,Ares BJJ
