Long Beach Fall International Open 2012,Juvenile/Male/Blue/Feather,1,Jeffrey Cole Catlett,Atos Jiu-Jitsu
Long Beach Fall International Open 2012,Juvenile/Male/Blue/Feather,2,Clayton Carpenter,Gracie Humaita San Diego
Long Beach Fall International Open 2012,Juvenile/Male/Blue/Feather,3,Kalan Edward James Strauss,Jean Jacques Machado BJJ
Long Beach Fall International Open 2012,Juvenile/Male/Blue/Light,1,Nicholas Vincenzio Sabatino,United Brazilian Jiu-Jitsu
Long Beach Fall International Open 2012,Juvenile/Male/Blue/Light,2,Alan Casey Barineau Jr.,Gracie Barra Rancho Santa Margarita
Long Beach Fall International Open 2012,Adult/Male/White/Light-Feather,1,Mason Monsevais,Atos JJ USA
Long Beach Fall International Open 2012,Adult/Male/White/Light-Feather,2,Colin Thomas Lewis,Carlson Gracie Team
Long Beach Fall International Open 2012,Adult/Male/White/Light-Feather,3,Sean Palejwala,CheckMat
Long Beach Fall International Open 2012,Adult/Male/White/Light-Feather,3,Thomas Brechler,Gracie Barra Northridge
Long Beach Fall International Open 2012,Adult/Male/White/Feather,1,Joshua  Vallejo,ZR Team California
Long Beach Fall International Open 2012,Adult/Male/White/Feather,2,Michael Arshag Khatchikian,Gracie Barra Northridge
Long Beach Fall International Open 2012,Adult/Male/White/Feather,3,Diego  Orozco,Cleber Jiu Jitsu Visalia
Long Beach Fall International Open 2012,Adult/Male/White/Feather,3,Paul Kim,Alliance Los Angeles
Long Beach Fall International Open 2012,Adult/Male/White/Light,1,Armando Diaz,Cleber Jiu Jitsu Visalia
Long Beach Fall International Open 2012,Adult/Male/White/Light,2,Ben Scholes,Renzo Gracie Ottawa
Long Beach Fall International Open 2012,Adult/Male/White/Light,3,GONZALO ALATORRE,Coachella Valley BJJ
Long Beach Fall International Open 2012,Adult/Male/White/Light,3,Jonathan Ma,Lotus Club Jiu-Jitsu
Long Beach Fall International Open 2012,Adult/Male/White/Middle,1,William  Welch,Coachella Valley BJJ
Long Beach Fall International Open 2012,Adult/Male/White/Middle,2,Presley Lint,United Brazilian Jiu-Jitsu
Long Beach Fall International Open 2012,Adult/Male/White/Middle,3,Robert Slayton,Tinguinha BJJ academy
Long Beach Fall International Open 2012,Adult/Male/White/Medium-Heavy,1,cameron fraser,Gracie Barra Northridge
Long Beach Fall International Open 2012,Adult/Male/White/Medium-Heavy,2,SAMUEL  BRACAMONTE,Serao Mixed Martial Arts
Long Beach Fall International Open 2012,Adult/Male/White/Medium-Heavy,3,Armando Gaeta,Tinguinha BJJ academy
Long Beach Fall International Open 2012,Adult/Male/White/Medium-Heavy,3,Ross Erickson,CheckMat
Long Beach Fall International Open 2012,Adult/Male/White/Heavy,1,James dematteo,Coachella Valley BJJ
Long Beach Fall International Open 2012,Adult/Male/White/Heavy,2,John Becker,McVicker's BJJ
Long Beach Fall International Open 2012,Adult/Male/White/Heavy,3,Griffin Conway,Art of Jiu Jitsu Academy
Long Beach Fall International Open 2012,Adult/Male/White/Heavy,3,Henry Soria,Gracie Barra Upland
Long Beach Fall International Open 2012,Adult/Male/White/Ultra-Heavy,1,Felix Pachon,Nova União
Long Beach Fall International Open 2012,Adult/Male/White/Ultra-Heavy,2,Beau Caldwell,Ribeiro Jiu-Jitsu
Long Beach Fall International Open 2012,Adult/Male/White/Ultra-Heavy,3,Marco Egurvide,Brazilian Top Team Long Beach
Long Beach Fall International Open 2012,Adult/Female/White/Light-Feather,1,Christina Kim,Renzo Gracie LA
Long Beach Fall International Open 2012,Adult/Female/White/Light-Feather,2,Heidi Lozano,Ralph Gracie Chino Hills
Long Beach Fall International Open 2012,Adult/Female/White/Light-Feather,3,Amanda Calapan,Paul Silva Jiu Jitsu
Long Beach Fall International Open 2012,Adult/Female/White/Light-Feather,3,Natasha Barsana,CheckMat
Long Beach Fall International Open 2012,Adult/Female/White/Feather,1,Akiko A Hayata,Renzo Gracie LA
Long Beach Fall International Open 2012,Adult/Female/White/Feather,2,Shantel Ilima Uhiwalani Hose-Fernandes,Lotus Club Jiu-Jitsu
Long Beach Fall International Open 2012,Adult/Female/White/Feather,3,Jayna Koentop,Gracie Barra
Long Beach Fall International Open 2012,Adult/Female/White/Feather,3,Kathleen Weismiller,Gracie Humaita Temecula
Long Beach Fall International Open 2012,Adult/Female/White/Light,1,Kiva Garber-Maikovska,Renzo Gracie LA
Long Beach Fall International Open 2012,Adult/Female/White/Light,2,Angela Santos,San Diego Brazilian Jiu Jitsu Academy
Long Beach Fall International Open 2012,Adult/Female/White/Light,3,Hannah de los Santos,CheckMat
Long Beach Fall International Open 2012,Adult/Female/White/Light,3,Judy Burgess,Cleber Jiu Jitsu Visalia
Long Beach Fall International Open 2012,Adult/Male/Blue/Rooster,1,Kevin Ortiz,Drysdale BJJ
Long Beach Fall International Open 2012,Adult/Male/Blue/Rooster,2,Abel Santos,Dethrone Brazilian Jiu-Jitsu
Long Beach Fall International Open 2012,Adult/Male/Blue/Rooster,3,Kitt Canaria,Gracie Barra Northridge
Long Beach Fall International Open 2012,Adult/Male/Blue/Rooster,3,Michael Leu,Gracie Barra Pasadena
Long Beach Fall International Open 2012,Adult/Male/Blue/Light-Feather,1,Zachary Levitetz,American Top Team Coconut Creek
Long Beach Fall International Open 2012,Adult/Male/Blue/Light-Feather,2,Ian Phyllip Sanders,Gracie Barra Manhattan Beach
Long Beach Fall International Open 2012,Adult/Male/Blue/Light-Feather,3,David J Viera,Undisputed
Long Beach Fall International Open 2012,Adult/Male/Blue/Light-Feather,3,Taku Ishii,Atos JJ USA
Long Beach Fall International Open 2012,Adult/Male/Blue/Feather,1,Rolando Villanueva Samson,Atos Jiu-Jitsu
Long Beach Fall International Open 2012,Adult/Male/Blue/Feather,2,Gerrell Brown,Gracie Barra Northridge
Long Beach Fall International Open 2012,Adult/Male/Blue/Feather,3,David Thanh Chau,Ralph Gracie OC
Long Beach Fall International Open 2012,Adult/Male/Blue/Feather,3,Jeremy S. Jackson,Gracie Barra Northridge
Long Beach Fall International Open 2012,Adult/Male/Blue/Light,1,amadeo ALONSO,Alliance
Long Beach Fall International Open 2012,Adult/Male/Blue/Light,2,Evan Tadashi Esaki,Atos Jiu-Jitsu
Long Beach Fall International Open 2012,Adult/Male/Blue/Light,3,David Bacon,Nova União
Long Beach Fall International Open 2012,Adult/Male/Blue/Light,3,reynaldo  Hernandez,Nova União USA
Long Beach Fall International Open 2012,Adult/Male/Blue/Middle,1,Devon Daniel Delbrugge,Team Lloyd Irvin
Long Beach Fall International Open 2012,Adult/Male/Blue/Middle,2,Thomas John Keenan,Nova União
Long Beach Fall International Open 2012,Adult/Male/Blue/Middle,3,ANDRE ISAYAN,Legacy Jiu-Jitsu - Team Alberto Crane
Long Beach Fall International Open 2012,Adult/Male/Blue/Middle,3,Brandon Edward McGourty,Renzo Gracie Ottawa
Long Beach Fall International Open 2012,Adult/Male/Blue/Medium-Heavy,1,Vinicius Galvao,Gracie Barra Northridge
Long Beach Fall International Open 2012,Adult/Male/Blue/Medium-Heavy,2,Owen Fitzgerald Francis,Atos Jiu-Jitsu
Long Beach Fall International Open 2012,Adult/Male/Blue/Medium-Heavy,3,Raymond Mugica Jr.,Brazilian Top Team Long Beach
Long Beach Fall International Open 2012,Adult/Male/Blue/Medium-Heavy,3,Sam Blum,Gracie Barra Pasadena
Long Beach Fall International Open 2012,Adult/Male/Blue/Heavy,1,Mark Gutierrez,Cleber Jiu Jitsu Visalia
Long Beach Fall International Open 2012,Adult/Male/Blue/Heavy,2,Justin Gregory,Gracie Barra Pasadena
Long Beach Fall International Open 2012,Adult/Male/Blue/Heavy,3,George Abrao,Street Sports BJJ
Long Beach Fall International Open 2012,Adult/Male/Blue/Heavy,3,Kyle Roberts,Yemaso Brazilian Jiu-Jitsu
Long Beach Fall International Open 2012,Adult/Male/Blue/Super-Heavy,1,Tokuzo Takahashi,Kron Gracie Jiu Jitsu
Long Beach Fall International Open 2012,Adult/Male/Blue/Super-Heavy,2,Jeremy Espiritu,Renzo Gracie LA
Long Beach Fall International Open 2012,Adult/Male/Blue/Super-Heavy,3,Benino Gurrola,Nova União
Long Beach Fall International Open 2012,Adult/Male/Blue/Super-Heavy,3,Dominick Richard Espinoza,Brazilian Top Team Long Beach
Long Beach Fall International Open 2012,Adult/Male/Blue/Ultra-Heavy,1,Alfonso Joel Washington Jr.,Team Lloyd Irvin
Long Beach Fall International Open 2012,Adult/Male/Blue/Ultra-Heavy,2,James Ian Harris,Xande Jiu Jitsu
Long Beach Fall International Open 2012,Adult/Male/Blue/Ultra-Heavy,3,kellend brookover,Lotus Club Jiu-Jitsu
Long Beach Fall International Open 2012,Adult/Male/Blue/Ultra-Heavy,3,Kevin Johnson,Undisputed
Long Beach Fall International Open 2012,Adult/Male/Blue/OpenClass,1,Devon Daniel Delbrugge,Team Lloyd Irvin
Long Beach Fall International Open 2012,Adult/Male/Blue/OpenClass,2,Kyle Roberts,Yemaso Brazilian Jiu-Jitsu
Long Beach Fall International Open 2012,Adult/Male/Blue/OpenClass,3,Alfonso Joel Washington Jr.,Team Lloyd Irvin
Long Beach Fall International Open 2012,Adult/Male/Blue/OpenClass,3,David Thanh Chau,Ralph Gracie OC
Long Beach Fall International Open 2012,Adult/Female/Blue/Light-Feather,1,Jennifer Bann,Nova União
Long Beach Fall International Open 2012,Adult/Female/Blue/Light-Feather,2,Audrey  Hardley,Paulo Guillobel Brazilian Jiu- Jitsu
Long Beach Fall International Open 2012,Adult/Female/Blue/Light-Feather,3,Alexandra Bayot,Alliance Los Angeles
Long Beach Fall International Open 2012,Adult/Female/Blue/Light-Feather,3,Melissa Dawn Campanella,Jean Jacques Machado BJJ
Long Beach Fall International Open 2012,Adult/Female/Blue/Middle,1,Sarah Johnel Black,Nova União
Long Beach Fall International Open 2012,Adult/Female/Blue/Middle,2,Juliana Remigio Fontoura,Fenix BJJ Woburn
Long Beach Fall International Open 2012,Adult/Female/Blue/Middle,3,Ruja Nothaft,BJJ Revolution Team
Long Beach Fall International Open 2012,Adult/Female/Blue/Middle,3,Yanelisa Reyes,Renzo Gracie
Long Beach Fall International Open 2012,Adult/Female/Blue/OpenClass,1,Sarah Johnel Black,Nova União
Long Beach Fall International Open 2012,Adult/Female/Blue/OpenClass,2,Juliana Remigio Fontoura,Fenix BJJ Woburn
Long Beach Fall International Open 2012,Adult/Female/Blue/OpenClass,3,Jennifer Bann,Nova União
Long Beach Fall International Open 2012,Adult/Female/Blue/OpenClass,3,Yanelisa Reyes,Renzo Gracie
Long Beach Fall International Open 2012,Adult/Male/Purple/Light-Feather,1,Ighor Luis Alvim Horta,Brazilian Top Team Long Beach
Long Beach Fall International Open 2012,Adult/Male/Purple/Light-Feather,2,Lance Blagg,Alliance Los Angeles
Long Beach Fall International Open 2012,Adult/Male/Purple/Light-Feather,3,Jorge Bonilla,Legacy Jiu-Jitsu - Team Alberto Crane
Long Beach Fall International Open 2012,Adult/Male/Purple/Light-Feather,3,Rudy Rosario,Jean Jacques Machado BJJ
Long Beach Fall International Open 2012,Adult/Male/Purple/Feather,1,Edwin Najmi,Gracie Barra Northridge
Long Beach Fall International Open 2012,Adult/Male/Purple/Feather,2,Windson Ramos da Silva,CheckMat
Long Beach Fall International Open 2012,Adult/Male/Purple/Feather,3,Joshua S. Rodriguez,Nova União
Long Beach Fall International Open 2012,Adult/Male/Purple/Feather,3,Richard Stephen Slomba Jr.,Atos JJ USA
Long Beach Fall International Open 2012,Adult/Male/Purple/Light,1,Sean Nikmorad,Gracie Fighter
Long Beach Fall International Open 2012,Adult/Male/Purple/Light,2,Tyler Benjamin Steppe,Alliance Marcelo Garcia
Long Beach Fall International Open 2012,Adult/Male/Purple/Light,3,James David Manuel,Paragon BJJ Academy
Long Beach Fall International Open 2012,Adult/Male/Purple/Light,3,Robert John Schwartz,Charles Gracie Jiu-Jitsu Academy
Long Beach Fall International Open 2012,Adult/Male/Purple/Middle,1,Rehan Muttalib (repetido 143263),Alliance Los Angeles
Long Beach Fall International Open 2012,Adult/Male/Purple/Middle,2,Tyler Lee Franklin Linsacum,Gracie Humaita Phoenix
Long Beach Fall International Open 2012,Adult/Male/Purple/Middle,3,Bryan Nuro,Impact Jiu Jitsu
Long Beach Fall International Open 2012,Adult/Male/Purple/Middle,3,Daniel-Shea Garcia Stolfi,Atos JJ USA
Long Beach Fall International Open 2012,Adult/Male/Purple/Medium-Heavy,1,Pedro Lucas Aguiar Araújo (repetido 59852),Gracie Barra Northridge
Long Beach Fall International Open 2012,Adult/Male/Purple/Medium-Heavy,2,devin roan (repetido 43019),Xande Jiu Jitsu
Long Beach Fall International Open 2012,Adult/Male/Purple/Medium-Heavy,3,Brandon Hushbeck,Coalition 95
Long Beach Fall International Open 2012,Adult/Male/Purple/Medium-Heavy,3,Marcus Sosa,Coalition 95
Long Beach Fall International Open 2012,Adult/Male/Purple/Heavy,1,Jesse Lee Forbes,Nova União
Long Beach Fall International Open 2012,Adult/Male/Purple/Heavy,2,Jose Munoz,Nova União
Long Beach Fall International Open 2012,Adult/Male/Purple/Heavy,3,Daniel J. Ripper,Gracie Fighter
Long Beach Fall International Open 2012,Adult/Male/Purple/Heavy,3,Justin woodward,CheckMat
Long Beach Fall International Open 2012,Adult/Male/Purple/Super-Heavy,1,Cody Hinojosa,Coalition 95
Long Beach Fall International Open 2012,Adult/Male/Purple/Super-Heavy,2,Gregory Linton Brown,Combat Sports Boston
Long Beach Fall International Open 2012,Adult/Male/Purple/OpenClass,1,Edwin Najmi,Gracie Barra Northridge
Long Beach Fall International Open 2012,Adult/Male/Purple/OpenClass,2,Pedro Lucas Aguiar Araújo (repetido 59852),Gracie Barra Northridge
Long Beach Fall International Open 2012,Adult/Male/Purple/OpenClass,3,Rehan Muttalib (repetido 143263),Alliance Los Angeles
Long Beach Fall International Open 2012,Adult/Male/Purple/OpenClass,3,Tyler Benjamin Steppe,Alliance Marcelo Garcia
Long Beach Fall International Open 2012,Adult/Female/Purple/Feather,1,Kristina Sofia Puruganan Barlaan,Nova União
Long Beach Fall International Open 2012,Adult/Female/Purple/Feather,2,Erin Elizabeth Herle,Alliance Los Angeles
Long Beach Fall International Open 2012,Adult/Female/Purple/OpenClass,1,Kristina Sofia Puruganan Barlaan,Nova União
Long Beach Fall International Open 2012,Adult/Female/Purple/OpenClass,2,Erin Elizabeth Herle,Alliance Los Angeles
Long Beach Fall International Open 2012,Adult/Male/Brown/Rooster,1,Kristian R Woodmansee,Drysdale BJJ
Long Beach Fall International Open 2012,Adult/Male/Brown/Light-Feather,1,Donald Max Flowers,Legacy Jiu-Jitsu - Team Alberto Crane
Long Beach Fall International Open 2012,Adult/Male/Brown/Light-Feather,2,Michael Francis Strangis,Sandro Batata Brazilian Jiu-jitsu
Long Beach Fall International Open 2012,Adult/Male/Brown/Feather,1,Zachary James Adamson,Lovato Jiu-Jitsu
Long Beach Fall International Open 2012,Adult/Male/Brown/Feather,2,Rene Eduardo Lopez,Drysdale BJJ
Long Beach Fall International Open 2012,Adult/Male/Brown/Feather,3,Matthew Terrence Aragoni,Raul Castillo BJJ
Long Beach Fall International Open 2012,Adult/Male/Brown/Light,1,Vitor Peres Paschoal,Carlson Gracie Clube
Long Beach Fall International Open 2012,Adult/Male/Brown/Light,2,Bryan Christopher Marugg,Impact Jiu Jitsu
Long Beach Fall International Open 2012,Adult/Male/Brown/Light,3,Arthur Dane Molina,Renzo Gracie LA
Long Beach Fall International Open 2012,Adult/Male/Brown/Light,3,Ryan Hunter Heilman,Nova União
Long Beach Fall International Open 2012,Adult/Male/Brown/Middle,1,Alexander Fernando Cristancho,Gracie Fighter
Long Beach Fall International Open 2012,Adult/Male/Brown/Middle,2,Magid Hage IV,Gracie Barra
Long Beach Fall International Open 2012,Adult/Male/Brown/Medium-Heavy,1,AJ Agazarm,Gracie Barra
Long Beach Fall International Open 2012,Adult/Male/Brown/Medium-Heavy,2,Ryan John Robinson,Gracie Barra Carlsbad
Long Beach Fall International Open 2012,Adult/Male/Brown/Heavy,1,Mark Zachary Bursztyn,Alliance San Diego
Long Beach Fall International Open 2012,Adult/Male/Brown/Ultra-Heavy,1,Allen A. Causevic,Valko BJJ Academy
Long Beach Fall International Open 2012,Adult/Male/Brown/Ultra-Heavy,2,Kauê Vitorino Damasceno,Nova União
Long Beach Fall International Open 2012,Adult/Male/Brown/OpenClass,1,AJ Agazarm,Gracie Barra
Long Beach Fall International Open 2012,Adult/Male/Brown/OpenClass,2,Magid Hage IV,Gracie Barra
Long Beach Fall International Open 2012,Adult/Male/Brown/OpenClass,3,Kauê Vitorino Damasceno,Nova União
Long Beach Fall International Open 2012,Adult/Male/Brown/OpenClass,3,Ryan Hunter Heilman,Nova União
Long Beach Fall International Open 2012,Adult/Female/Brown/Middle,1,Tove Grace Kristina Södersten,Alliance Los Angeles
Long Beach Fall International Open 2012,Adult/Female/Brown/Middle,2,Jill Marie Baker,Jean Jacques Machado BJJ
Long Beach Fall International Open 2012,Adult/Male/Black/Light-Feather,1,Samuel Braga Olivar da Cruz,Gracie Barra Knoxville
Long Beach Fall International Open 2012,Adult/Male/Black/Feather,1,Sandro Ribeiro Santiago,Sandro Batata Brazilian Jiu-jitsu - Santa Cruz
Long Beach Fall International Open 2012,Adult/Male/Black/Feather,2,Gustavo Ernesto Carpio Caceres,Marra Senki
Long Beach Fall International Open 2012,Adult/Male/Black/Feather,3,Julio Armando Echeverria Dulon Neto,Sandro Batata Brazilian Jiu-jitsu - Santa Cruz
Long Beach Fall International Open 2012,Adult/Male/Black/Light,1,Tanner Wade Rice,Alliance Los Angeles
Long Beach Fall International Open 2012,Adult/Male/Black/Light,2,Choi Won Choi,Art of Jiu Jitsu Academy
Long Beach Fall International Open 2012,Adult/Male/Black/Light,3,Alfredo Vasconcelos Barum,BJJ Revolution Team
Long Beach Fall International Open 2012,Adult/Male/Black/Light,3,Wellington Leal Dias,Gracie Humaita
Long Beach Fall International Open 2012,Adult/Male/Black/Middle,1,John D Carlquist,Unified Jiu Jitsu
Long Beach Fall International Open 2012,Adult/Male/Black/Middle,2,Robson Camargo Rodrigues,CheckMat
Long Beach Fall International Open 2012,Adult/Male/Black/Medium-Heavy,1,Diego da Silveira Herzog,Ralph Gracie
Long Beach Fall International Open 2012,Adult/Male/Black/Medium-Heavy,2,Raul Christopher N. Castillo,Raul Castillo BJJ
Long Beach Fall International Open 2012,Adult/Male/Black/Medium-Heavy,3,Antonio Antonioli,Ribeiro Jiu-Jitsu
Long Beach Fall International Open 2012,Adult/Male/Black/Heavy,1,Eduardo Telles Moreira,Brasa JJ
Long Beach Fall International Open 2012,Adult/Male/Black/Heavy,2,Sergio Santos da Costa Filho,Osvaldo Alves
Long Beach Fall International Open 2012,Adult/Male/Black/Heavy,3,Leonardo Henrique D'avila Corrêa,Atos Jiu-Jitsu
Long Beach Fall International Open 2012,Adult/Male/Black/Super-Heavy,1,Raphael B. Carneiro Fischetti,BARBOSA JIU-JITSU USA
Long Beach Fall International Open 2012,Adult/Male/Black/Ultra-Heavy,1,Gustavo Dias Elias,Gracie Humaita San Diego Competition Team
Long Beach Fall International Open 2012,Adult/Male/Black/Ultra-Heavy,2,Raymond Warren Seraile,Undisputed
Long Beach Fall International Open 2012,Adult/Female/Black/Feather,1,Mackenzie Lynne Dern,Gracie Humaita
Long Beach Fall International Open 2012,Master1/Male/White/Feather,1,Mehrdad Afkar,Carlson Gracie
Long Beach Fall International Open 2012,Master1/Male/White/Feather,2,Gabriel Flores,Brazilian Top Team Long Beach
Long Beach Fall International Open 2012,Master1/Male/White/Feather,3,Daniel David,Brazilian Top Team Long Beach
Long Beach Fall International Open 2012,Master1/Male/White/Feather,3,J.P. Gufrinck,Lotus Club Jiu-Jitsu
Long Beach Fall International Open 2012,Master1/Male/White/Light,1,G Oh,Gracie Barra Northridge
Long Beach Fall International Open 2012,Master1/Male/White/Light,2,Jon Shiah,Art of Jiu Jitsu Academy
Long Beach Fall International Open 2012,Master1/Male/White/Light,3,Alex  Bonilla,World MMA
Long Beach Fall International Open 2012,Master1/Male/White/Light,3,Julius Garvilles General,San Diego Brazilian Jiu Jitsu Academy
Long Beach Fall International Open 2012,Master1/Male/White/Middle,1,Leland Karlton,Street Sports BJJ
Long Beach Fall International Open 2012,Master1/Male/White/Middle,2,louis dulien,Art of Jiu Jitsu Academy
Long Beach Fall International Open 2012,Master1/Male/White/Middle,3,Justin Agee,Jean Jacques Machado BJJ
Long Beach Fall International Open 2012,Master1/Male/White/Medium-Heavy,1,Jeremy Jackson,Beverly Hills Jiu Jitsu Club
Long Beach Fall International Open 2012,Master1/Male/White/Medium-Heavy,2,Adam Malouf,Checkmat Millennia
Long Beach Fall International Open 2012,Master1/Male/White/Medium-Heavy,3,michael  safran,Paragon BJJ Academy
Long Beach Fall International Open 2012,Master1/Male/White/Super-Heavy,1,jemell opena,CheckMat
Long Beach Fall International Open 2012,Master1/Male/White/Super-Heavy,2,Peter  Karaverdian,Gracie Barra Pasadena
Long Beach Fall International Open 2012,Master1/Male/Blue/Rooster,1,Manuel Arsenio jr,SitYodTong LA
Long Beach Fall International Open 2012,Master1/Male/Blue/Light-Feather,1,Brian Anthony Lee,Gracie Fighter
Long Beach Fall International Open 2012,Master1/Male/Blue/Light-Feather,2,Dominick Haider,Renzo Gracie LA
Long Beach Fall International Open 2012,Master1/Male/Blue/Light-Feather,3,Adam Salas,Brazilian Top Team Long Beach
Long Beach Fall International Open 2012,Master1/Male/Blue/Light-Feather,3,DEAN REGUINDIN,Ribeiro Jiu-Jitsu
Long Beach Fall International Open 2012,Master1/Male/Blue/Feather,1,paul lansang,Brazilian Top Team Long Beach
Long Beach Fall International Open 2012,Master1/Male/Blue/Feather,2,Cory Lujan,Paragon BJJ Academy
Long Beach Fall International Open 2012,Master1/Male/Blue/Feather,3,Ronald Manipol,Machado Dallas
Long Beach Fall International Open 2012,Master1/Male/Blue/Feather,3,Tony Lopez,Alliance Los Angeles
Long Beach Fall International Open 2012,Master1/Male/Blue/Light,1,Ellery R. Beltran,Brazilian Top Team Long Beach
Long Beach Fall International Open 2012,Master1/Male/Blue/Light,2,Leandro Persch,Gerson Sanginitto Brazilian Jiu Jitsu
Long Beach Fall International Open 2012,Master1/Male/Blue/Light,3,Jose  Vallejo,Cia Paulista USA
Long Beach Fall International Open 2012,Master1/Male/Blue/Light,3,Mark Shane Ghitman,Barum Jiu-Jitsu
Long Beach Fall International Open 2012,Master1/Male/Blue/Middle,1,JIMMY WATSON,Nova União
Long Beach Fall International Open 2012,Master1/Male/Blue/Middle,2,Richard Alexander,Cleber Jiu Jitsu Visalia
Long Beach Fall International Open 2012,Master1/Male/Blue/Middle,3,Clifford Anderson-Bergman,Lotus Club Jiu-Jitsu
Long Beach Fall International Open 2012,Master1/Male/Blue/Middle,3,Jason R. Friesen,Beverly Hills Jiu Jitsu Club
Long Beach Fall International Open 2012,Master1/Male/Blue/Medium-Heavy,1,Derek Ward,Brazilian Top Team Long Beach
Long Beach Fall International Open 2012,Master1/Male/Blue/Medium-Heavy,2,Adam Richard Nadow,Brazilian Top Team Long Beach
Long Beach Fall International Open 2012,Master1/Male/Blue/Medium-Heavy,3,francisco guzman (repetido  174107),ZR Team California
Long Beach Fall International Open 2012,Master1/Male/Blue/Medium-Heavy,3,Sebastian Melendez del Castillo,myBJJ Team
Long Beach Fall International Open 2012,Master1/Male/Blue/Heavy,1,nick pendergist,C-Quence
Long Beach Fall International Open 2012,Master1/Male/Blue/Heavy,2,Daniel Peter Sigai,Dartanian Jiu-Jitsu
Long Beach Fall International Open 2012,Master1/Male/Blue/Heavy,3,Armando Gonzalez Jr,Brazilian Top Team Long Beach
Long Beach Fall International Open 2012,Master1/Male/Blue/Heavy,3,Brian Gribben,Brazilian Top Team Long Beach
Long Beach Fall International Open 2012,Master1/Male/Blue/Super-Heavy,1,Alejandro Flores,Fabio Santos BJJ
Long Beach Fall International Open 2012,Master1/Male/Blue/Super-Heavy,2,Cesar Castaneda,United Brazilian Jiu-Jitsu
Long Beach Fall International Open 2012,Master1/Male/Blue/Super-Heavy,3,Alex Bermudez,Brazilian Top Team Long Beach
Long Beach Fall International Open 2012,Master1/Male/Blue/Super-Heavy,3,Jeffrey Poyotte,Brazilian Top Team Long Beach
Long Beach Fall International Open 2012,Master1/Male/Blue/Ultra-Heavy,1,Joaquin  Hernandez,Jean Jacques Machado BJJ
Long Beach Fall International Open 2012,Master1/Male/Blue/Ultra-Heavy,2,Clayton Nicholson,Brazilian Top Team Long Beach
Long Beach Fall International Open 2012,Master1/Male/Blue/OpenClass,1,Adam Richard Nadow,Brazilian Top Team Long Beach
Long Beach Fall International Open 2012,Master1/Male/Blue/OpenClass,2,Derek Ward,Brazilian Top Team Long Beach
Long Beach Fall International Open 2012,Master1/Male/Blue/OpenClass,3,francisco guzman (repetido  174107),ZR Team California
Long Beach Fall International Open 2012,Master1/Female/Blue/Light-Feather,1,Mimi Shing,Alliance Los Angeles
Long Beach Fall International Open 2012,Master1/Female/Blue/Light-Feather,2,Magna Bellew,Gracie Humaita Temecula
Long Beach Fall International Open 2012,Master1/Female/Blue/Light-Feather,3,Nancy Lopez,Jean Jacques Machado BJJ
Long Beach Fall International Open 2012,Master1/Male/Purple/Rooster,1,Darren Kim Ng,Gracie Fighter
Long Beach Fall International Open 2012,Master1/Male/Purple/Light-Feather,1,Andre Luiz Cecilio Roriz Pontes,Paulo Guillobel Brazilian Jiu- Jitsu
Long Beach Fall International Open 2012,Master1/Male/Purple/Light-Feather,2,Kory V. Paredes,Carlson Gracie
Long Beach Fall International Open 2012,Master1/Male/Purple/Feather,1,Gustavo Fonseca (repetido 73117),Atos JJ USA
Long Beach Fall International Open 2012,Master1/Male/Purple/Feather,2,Michael Jason Garcia,Fabio Santos BJJ
Long Beach Fall International Open 2012,Master1/Male/Purple/Feather,3,Aron Matthew Goldsman,Paulo Guillobel Brazilian Jiu- Jitsu
Long Beach Fall International Open 2012,Master1/Male/Purple/Feather,3,Cedric Co Ling,Dynamic Mixed Martial Arts
Long Beach Fall International Open 2012,Master1/Male/Purple/Light,1,Richard Everett,Sandro Batata Brazilian Jiu-jitsu - Santa Cruz
Long Beach Fall International Open 2012,Master1/Male/Purple/Light,2,Ariel C. Gonzales,Brazilian Top Team Long Beach
Long Beach Fall International Open 2012,Master1/Male/Purple/Light,3,Brandon Ross Recendez,Brazilian Top Team Long Beach
Long Beach Fall International Open 2012,Master1/Male/Purple/Light,3,Nathan  Wilcox,Gracie Barra Saddleback
Long Beach Fall International Open 2012,Master1/Male/Purple/Middle,1,Lee Welsh,Gracie Fighter
Long Beach Fall International Open 2012,Master1/Male/Purple/Middle,2,Eryn Michael Hardwick,Kings Jiu-Jitsu
Long Beach Fall International Open 2012,Master1/Male/Purple/Middle,3,Jon Price,Jean Jacques Machado BJJ
Long Beach Fall International Open 2012,Master1/Male/Purple/Medium-Heavy,1,Gabriel Haro Jr.,Sandro Batata Brazilian Jiu-jitsu - Santa Cruz
Long Beach Fall International Open 2012,Master1/Male/Purple/Medium-Heavy,2,Jeremy Brandon Marroquin (repetido 35109),Jean Jacques Machado BJJ
Long Beach Fall International Open 2012,Master1/Male/Purple/Medium-Heavy,3,Kleve Carlton Thompson,Impact Jiu Jitsu
Long Beach Fall International Open 2012,Master1/Male/Purple/Medium-Heavy,3,MICHAEL CABREA,Brazilian Top Team Long Beach
Long Beach Fall International Open 2012,Master1/Male/Purple/Heavy,1,Irakli Mgeladze,Legacy Jiu-Jitsu - Team Alberto Crane
Long Beach Fall International Open 2012,Master1/Male/Purple/Heavy,2,Marvin E Orellana,Brazilian Top Team Long Beach
Long Beach Fall International Open 2012,Master1/Male/Purple/Heavy,3,Justin  Tapia,Jean Jacques Machado BJJ
Long Beach Fall International Open 2012,Master1/Male/Purple/Super-Heavy,1,Jonathan Tkach,Fabio Santos BJJ
Long Beach Fall International Open 2012,Master1/Male/Purple/Super-Heavy,2,Guilherme Spitali,Jean Jacques Machado BJJ
Long Beach Fall International Open 2012,Master1/Male/Purple/Super-Heavy,3,Mark Andrew Simonson,Raul Castillo BJJ
Long Beach Fall International Open 2012,Master1/Male/Purple/Ultra-Heavy,1,Niels Sondergaard Burgess,Cleber Jiu Jitsu Visalia
Long Beach Fall International Open 2012,Master1/Male/Purple/OpenClass,1,Niels Sondergaard Burgess,Cleber Jiu Jitsu Visalia
Long Beach Fall International Open 2012,Master1/Male/Purple/OpenClass,2,Jeremy Brandon Marroquin (repetido 35109),Jean Jacques Machado BJJ
Long Beach Fall International Open 2012,Master1/Male/Purple/OpenClass,3,Andre Luiz Cecilio Roriz Pontes,Paulo Guillobel Brazilian Jiu- Jitsu
Long Beach Fall International Open 2012,Master1/Male/Purple/OpenClass,3,Gabriel Haro Jr.,Sandro Batata Brazilian Jiu-jitsu - Santa Cruz
Long Beach Fall International Open 2012,Master1/Male/Brown/Light-Feather,1,Jacob D Gaston,Nova União
Long Beach Fall International Open 2012,Master1/Male/Brown/Light-Feather,2,Brendan Vincent Guccione,Ribeiro Jiu-Jitsu
Long Beach Fall International Open 2012,Master1/Male/Brown/Light-Feather,3,Sak Pidech,Brazilian Top Team Long Beach
Long Beach Fall International Open 2012,Master1/Male/Brown/Middle,1,Michael dela Cruz Lansang,Brazilian Top Team Long Beach
Long Beach Fall International Open 2012,Master1/Male/Brown/Middle,2,Gregory Lionel Anderson,CheckMat
Long Beach Fall International Open 2012,Master1/Male/Brown/Middle,3,Michael Jordan Krider,Gracie Barra Encinitas
Long Beach Fall International Open 2012,Master1/Male/Brown/Medium-Heavy,1,Omar Sabha,Brazilian Top Team Long Beach
Long Beach Fall International Open 2012,Master1/Male/Brown/Medium-Heavy,2,Justin SHane McDermott,CheckMat
Long Beach Fall International Open 2012,Master1/Male/Brown/Ultra-Heavy,1,Eric Anthony Patt,Ricardo "Rey" Diogo BJJ
Long Beach Fall International Open 2012,Master1/Male/Brown/OpenClass,1,Eric Anthony Patt,Ricardo "Rey" Diogo BJJ
Long Beach Fall International Open 2012,Master1/Male/Brown/OpenClass,2,Justin SHane McDermott,CheckMat
Long Beach Fall International Open 2012,Master1/Male/Brown/OpenClass,3,Michael dela Cruz Lansang,Brazilian Top Team Long Beach
Long Beach Fall International Open 2012,Master1/Male/Brown/OpenClass,3,Omar Sabha,Brazilian Top Team Long Beach
Long Beach Fall International Open 2012,Master1/Male/Black/Light,1,Alejandro Siqueira Doudement,Gracie Barra Texas
Long Beach Fall International Open 2012,Master1/Male/Black/Middle,1,Jared Lance Vanderzyl,Fabio Santos BJJ
Long Beach Fall International Open 2012,Master1/Male/Black/Medium-Heavy,1,Leopoldo Serão Neto,Serao Mixed Martial Arts
Long Beach Fall International Open 2012,Master1/Male/Black/Ultra-Heavy,1,Ricardo Alexandre Testai Maia,Kings Jiu-Jitsu
Long Beach Fall International Open 2012,Master1/Male/Black/OpenClass,1,Ricardo Alexandre Testai Maia,Kings Jiu-Jitsu
Long Beach Fall International Open 2012,Master1/Male/Black/OpenClass,2,Jared Lance Vanderzyl,Fabio Santos BJJ
Long Beach Fall International Open 2012,Master1/Male/Black/OpenClass,3,Alejandro Siqueira Doudement,Gracie Barra Texas
Long Beach Fall International Open 2012,Master2/Male/White/Middle,1,Romney Dela rosa (repetido 201428),Gracie Barra Pasadena
Long Beach Fall International Open 2012,Master2/Male/White/Middle,2,miguel  gonzalez,Brazilian Top Team Long Beach
Long Beach Fall International Open 2012,Master2/Male/White/Middle,3,Craig William Hartley,Gracie Barra
Long Beach Fall International Open 2012,Master2/Male/White/Middle,3,Kyle  Pascucci,Legacy Jiu-Jitsu - Team Alberto Crane
Long Beach Fall International Open 2012,Master2/Male/White/Medium-Heavy,1,Anthony Angelo Jauregui,Cleber Jiu Jitsu Visalia
Long Beach Fall International Open 2012,Master2/Male/White/Heavy,1,Kyle Royden Anderson,Art of Jiu Jitsu Academy
Long Beach Fall International Open 2012,Master2/Male/White/Heavy,2,Daniel Marin,Ralph Gracie Chino Hills
Long Beach Fall International Open 2012,Master2/Male/White/Heavy,3,Marcos Figueroa,Fabio Santos BJJ
Long Beach Fall International Open 2012,Master2/Male/Blue/Feather,1,Mike Thai,Atos JJ USA
Long Beach Fall International Open 2012,Master2/Male/Blue/Feather,2,Michael Chungsik Yun,Gracie Barra Manhattan Beach
Long Beach Fall International Open 2012,Master2/Male/Blue/Feather,3,Fabio Melendez,Relson Gracie
Long Beach Fall International Open 2012,Master2/Male/Blue/Feather,3,James Morales,Jean Jacques Machado BJJ
Long Beach Fall International Open 2012,Master2/Male/Blue/Light,1,Oscar Ernesto Gonzalez,Brazilian Top Team Long Beach
Long Beach Fall International Open 2012,Master2/Male/Blue/Light,2,Charles Bann,Nova União
Long Beach Fall International Open 2012,Master2/Male/Blue/Light,3,Vlad Teplitskiy,Kings Jiu-Jitsu
Long Beach Fall International Open 2012,Master2/Male/Blue/Middle,1,Matafao Paisa,CheckMat
Long Beach Fall International Open 2012,Master2/Male/Blue/Middle,2,Matt Laniohan,Gracie Fighter
Long Beach Fall International Open 2012,Master2/Male/Blue/Middle,3,Christopher Landolph,Alliance Los Angeles
Long Beach Fall International Open 2012,Master2/Male/Blue/Middle,3,Omi Iwasaki,CheckMat
Long Beach Fall International Open 2012,Master2/Male/Blue/Medium-Heavy,1,Frank Lauro,Jean Jacques Machado BJJ
Long Beach Fall International Open 2012,Master2/Male/Blue/Medium-Heavy,2,Timothy Evan Cordova,Kings Jiu-Jitsu
Long Beach Fall International Open 2012,Master2/Male/Blue/OpenClass,1,James Morales,Jean Jacques Machado BJJ
Long Beach Fall International Open 2012,Master2/Male/Blue/OpenClass,2,Frank Lauro,Jean Jacques Machado BJJ
Long Beach Fall International Open 2012,Master2/Male/Blue/OpenClass,3,Christopher Landolph,Alliance Los Angeles
Long Beach Fall International Open 2012,Master2/Male/Purple/Medium-Heavy,1,Rolando Gutierrez,Gracie Barra Northridge
Long Beach Fall International Open 2012,Master2/Male/Purple/OpenClass,1,Rolando Gutierrez,Gracie Barra Northridge
Long Beach Fall International Open 2012,Master2/Male/Brown/Light,1,Branden Weston Guptill,BJJ Revolution Team
Long Beach Fall International Open 2012,Master2/Male/Brown/Light,2,Thomas Wayne Tegner Jr.,Unified Jiu Jitsu
Long Beach Fall International Open 2012,Master2/Male/Brown/OpenClass,1,Branden Weston Guptill,BJJ Revolution Team
Long Beach Fall International Open 2012,Master2/Male/Brown/OpenClass,2,Thomas Wayne Tegner Jr.,Unified Jiu Jitsu
Long Beach Fall International Open 2012,Master2/Male/Black/Light,1,Ricardo Guimarães,Gracie Humaita
Long Beach Fall International Open 2012,Master2/Male/Black/Light,2,Troy Allen Acker,Carlson Gracie
Long Beach Fall International Open 2012,Master2/Male/Black/Light,3,Antonio Fernando Castillo,Braga Fight Team - Los Angeles
Long Beach Fall International Open 2012,Master2/Male/Black/Middle,1,Marcelo Perdomo,Brazilian Top Team Long Beach
Long Beach Fall International Open 2012,Master2/Male/Black/Middle,2,Matt Jason Baker,Jean Jacques Machado BJJ
Long Beach Fall International Open 2012,Master2/Male/Black/Middle,3,Alberto Crane,Legacy Jiu-Jitsu - Team Alberto Crane
Long Beach Fall International Open 2012,Master2/Male/Black/OpenClass,1,Alberto Crane,Legacy Jiu-Jitsu - Team Alberto Crane
Long Beach Fall International Open 2012,Master2/Male/Black/OpenClass,2,Matt Jason Baker,Jean Jacques Machado BJJ
Long Beach Fall International Open 2012,Master3/Male/Blue/Light,1,greg tyson,Paulo Guillobel Brazilian Jiu- Jitsu
Long Beach Fall International Open 2012,Master3/Male/Blue/Light,2,Randall Alvarez Vargas,myBJJ Team
Long Beach Fall International Open 2012,Master3/Male/Blue/Heavy,1,Kevin Bland,Gracie Barra Rancho Santa Margarita
Long Beach Fall International Open 2012,Master3/Male/Blue/Heavy,2,Paulo Braga,Gracie Fighter
Long Beach Fall International Open 2012,Master3/Male/Blue/Heavy,3,mike aylward,Brazilian Top Team Long Beach
Long Beach Fall International Open 2012,Master3/Male/Blue/Super-Heavy,1,Anthony Savelio,Cobra Kai Jiu Jitsu
Long Beach Fall International Open 2012,Master3/Male/Blue/Super-Heavy,2,Mark Greenall,Cleber Jiu Jitsu Visalia
Long Beach Fall International Open 2012,Master3/Male/Blue/Ultra-Heavy,1,Roderick Valerio,Gracie Barra Hollywood
Long Beach Fall International Open 2012,Master3/Male/Blue/OpenClass,1,Kevin Bland,Gracie Barra Rancho Santa Margarita
Long Beach Fall International Open 2012,Master3/Male/Blue/OpenClass,2,Anthony Savelio,Cobra Kai Jiu Jitsu
Long Beach Fall International Open 2012,Master3/Male/Purple/Light,1,Thomas Tupper, Jr.,Coalition 95
Long Beach Fall International Open 2012,Master3/Male/Purple/Light,2,Douglas Martinez,Brazilian Top Team Long Beach
Long Beach Fall International Open 2012,Master3/Male/Purple/Light,3,Jeffery Alan Carlson,Gracie Barra San Clemente
Long Beach Fall International Open 2012,Master3/Male/Purple/OpenClass,1,Douglas Martinez,Brazilian Top Team Long Beach
Long Beach Fall International Open 2012,Master3/Male/Purple/OpenClass,2,Thomas Tupper, Jr.,Coalition 95
Long Beach Fall International Open 2012,Master3/Male/Brown/Feather,1,Tom Vichit Vadakan,Brazilian Top Team Long Beach
Long Beach Fall International Open 2012,Master3/Male/Brown/Feather,2,Edward Patrick Bautista,CheckMat
Long Beach Fall International Open 2012,Master3/Male/Brown/Light,1,Kham Kone Francisco de Jasso Ngondara,SAS Team
Long Beach Fall International Open 2012,Master3/Male/Brown/Heavy,1,Antonio Alvarado,Legacy Jiu-Jitsu - Team Alberto Crane
Long Beach Fall International Open 2012,Master3/Male/Brown/Heavy,2,Eric Elock Kwok,Ralph Gracie
Long Beach Fall International Open 2012,Master3/Male/Brown/Super-Heavy,1,Kevin James Gonzalez,CheckMat
Long Beach Fall International Open 2012,Master3/Male/Brown/OpenClass,1,Eric Elock Kwok,Ralph Gracie
Long Beach Fall International Open 2012,Master3/Male/Brown/OpenClass,2,Kevin James Gonzalez,CheckMat
Long Beach Fall International Open 2012,Master3/Male/Brown/OpenClass,3,Kham Kone Francisco de Jasso Ngondara,SAS Team
Long Beach Fall International Open 2012,Master3/Male/Black/Feather,1,Michael Edward Chapman,Impact Jiu Jitsu
Long Beach Fall International Open 2012,Master3/Male/Black/Feather,2,Franklin Patrick Quenga,Brazilian Top Team Long Beach
Long Beach Fall International Open 2012,Master3/Male/Black/Middle,1,John William Orr,Brazilian Top Team Long Beach
Long Beach Fall International Open 2012,Master3/Male/Black/Middle,2,Tom D. Knox,Cleber Jiu Jitsu Visalia
Long Beach Fall International Open 2012,Master3/Male/Black/Middle,3,Frank Ronald Stanley,Fabio Santos BJJ
Long Beach Fall International Open 2012,Master3/Male/Black/Ultra-Heavy,1,Reginaldo Gurgel F. de Almeida,Gracie Barra
Long Beach Fall International Open 2012,Master4/Male/Blue/Heavy,1,gary patterson,Impact Jiu Jitsu
Long Beach Fall International Open 2012,Master4/Male/Blue/Heavy,2,Gary Love,Brazilian Top Team Long Beach
Long Beach Fall International Open 2012,Master4/Male/Blue/OpenClass,1,Gary Love,Brazilian Top Team Long Beach
Long Beach Fall International Open 2012,Master4/Male/Black/Ultra-Heavy,1,Raul W. Montolfo,Gracie Morumbi
Long Beach Fall International Open 2012,Master6/Male/Blue/Medium-Heavy,1,Glenn Lambdin,SitYodTong LA
Long Beach Fall International Open 2012,Master6/Male/Blue/OpenClass,1,Glenn Lambdin,SitYodTong LA
Long Beach Fall International Open 2012,Master6/Male/Black/Rooster,1,Marco Antonio Martorelli,Gracie Barra Vila Maia Guarujá
