Nice International Open 2015,Juvenile/Male/White/Feather,1,Alex Rey,Icon BJJ
Nice International Open 2015,Juvenile/Male/Blue/Feather,1,Quentin Jeremy Anthony Roig,Hagakuré 83
Nice International Open 2015,Adult/Male/White/Light-Feather,1,Thomas Rival,Gracie Barra
Nice International Open 2015,Adult/Male/White/Light-Feather,2,Guillaume Sgard,RCP Jiu Jitsu
Nice International Open 2015,Adult/Male/White/Light-Feather,3,Guido Ambrosetti,Tribe Jiu-Jitsu Roma
Nice International Open 2015,Adult/Male/White/Feather,1,Sacha  Détruche,Alliance International
Nice International Open 2015,Adult/Male/White/Feather,2,Ruiz Giraldo Juan,Nova União
Nice International Open 2015,Adult/Male/White/Feather,3,Abdelkader Bessaad,Gracie Barra
Nice International Open 2015,Adult/Male/White/Light,1,Tautu Moana,Hagakuré 83
Nice International Open 2015,Adult/Male/White/Light,2,Stathis Rizopoulos,Alliance International
Nice International Open 2015,Adult/Male/White/Light,3,Arnaud Verbruggen,Icon BJJ
Nice International Open 2015,Adult/Male/White/Light,3,Balian Azad,MB Academy
Nice International Open 2015,Adult/Male/White/Middle,1,Renat Shaidaev,Strela Team
Nice International Open 2015,Adult/Male/White/Middle,2,Orçun Akkay,Balaban Jiu-Jitsu Team
Nice International Open 2015,Adult/Male/White/Middle,3,Alexander Kalandarishvili,Ribeiro Jiu-Jitsu
Nice International Open 2015,Adult/Male/White/Middle,3,Fabien Angelier,Hagakuré 83
Nice International Open 2015,Adult/Male/White/Medium-Heavy,1,Tuteao  Tuuhia,Hagakuré 83
Nice International Open 2015,Adult/Male/White/Medium-Heavy,2,Valon Sefiji,Nova União
Nice International Open 2015,Adult/Male/White/Medium-Heavy,3,Damian Bobek,Atos JJ International
Nice International Open 2015,Adult/Male/White/Medium-Heavy,3,Jordi Adroer,Association Aranha
Nice International Open 2015,Adult/Male/White/Ultra-Heavy,1,Contini Nicolas,Hagakuré 83
Nice International Open 2015,Adult/Male/White/Ultra-Heavy,2,Christian Heinis,Mirkovic - Ruckus BJJ
Nice International Open 2015,Adult/Female/White/Feather,1,Melany Tavares de carvalho,Gracie Humaita
Nice International Open 2015,Adult/Female/White/Feather,2,Emmanuelle Bonfiglio,Toulon JJB
Nice International Open 2015,Adult/Female/White/Feather,3,Martina Schäppi-odermatt,Frota Team Nogueira
Nice International Open 2015,Adult/Female/White/Light,1,Vautier Charlotte,Toulon JJB
Nice International Open 2015,Adult/Female/White/Middle,1,Iris Karjalainen,Frota Team Nogueira
Nice International Open 2015,Adult/Female/White/Middle,2,Maria Dos Santos Rodrigues De Arruda,Nova União
Nice International Open 2015,Adult/Male/Blue/Light-Feather,1,Gaspard Pelletier,Academie Pythagore
Nice International Open 2015,Adult/Male/Blue/Feather,1,Aved HAROUN,Icon BJJ
Nice International Open 2015,Adult/Male/Blue/Feather,2,Danny Pla,Tropa de Elite
Nice International Open 2015,Adult/Male/Blue/Feather,3,Callam Atkinson,Qatar BJJ
Nice International Open 2015,Adult/Male/Blue/Feather,3,Nicolas Pierre Charles Arnéodo,Gracie Barra
Nice International Open 2015,Adult/Male/Blue/Light,1,Orlando Wilson Prins,Gracie Barra
Nice International Open 2015,Adult/Male/Blue/Light,2,Habib Abla,Marra Senki Brazilian Jiu Jitsu Academy LLC
Nice International Open 2015,Adult/Male/Blue/Light,3,damien sejournant,Tropa de Elite
Nice International Open 2015,Adult/Male/Blue/Light,3,Filipe Ramos Ribeiro,Icon BJJ
Nice International Open 2015,Adult/Male/Blue/Middle,1,Vosgien Aymeric,Gracie Barra
Nice International Open 2015,Adult/Male/Blue/Middle,2,Richard  Rud,OXY
Nice International Open 2015,Adult/Male/Blue/Middle,3,ALEXANDRE BOGUNOVIC,MB Academy
Nice International Open 2015,Adult/Male/Blue/Middle,3,Axel Holmberg,Dynamix Fighting Sports
Nice International Open 2015,Adult/Male/Blue/Medium-Heavy,1,Bojan Velickovic,American Top Team Coconut Creek
Nice International Open 2015,Adult/Male/Blue/Medium-Heavy,2,Steffen Alvær,OXY
Nice International Open 2015,Adult/Male/Blue/Medium-Heavy,3,Philippe Charles Merrilees,Alliance International
Nice International Open 2015,Adult/Male/Blue/Heavy,1,Julian Stonjek,Gracie Barra
Nice International Open 2015,Adult/Male/Blue/Heavy,2,Alic Dzevad,Fight Move BJJ
Nice International Open 2015,Adult/Male/Blue/Heavy,3,Kacper Janusz Szalast,Zenith BJJ - Poland
Nice International Open 2015,Adult/Male/Blue/Heavy,3,Niccolò Bartolazzi Menchetti,Cyclone
Nice International Open 2015,Adult/Male/Blue/Ultra-Heavy,1,Martin Rose,CheckMat
Nice International Open 2015,Adult/Male/Blue/OpenClass,1,Alic Dzevad,Fight Move BJJ
Nice International Open 2015,Adult/Male/Blue/OpenClass,2,Julian Stonjek,Gracie Barra
Nice International Open 2015,Adult/Male/Blue/OpenClass,3,Axel Holmberg,Dynamix Fighting Sports
Nice International Open 2015,Adult/Male/Blue/OpenClass,3,Martin Rose,CheckMat
Nice International Open 2015,Adult/Female/Blue/Feather,1,Elina Moestam,Dynamix Fighting Sports
Nice International Open 2015,Adult/Female/Blue/Feather,2,Moravia Widmer,Nova União
Nice International Open 2015,Adult/Female/Blue/Feather,3,AYCAN UGUR,Balaban Jiu-Jitsu Team
Nice International Open 2015,Adult/Female/Blue/Middle,1,Hui Qin Choo,Kristian Cestaro Russian Team
Nice International Open 2015,Adult/Female/Blue/Medium-Heavy,1,Vanessa Maria Varela Pereira,Nova União
Nice International Open 2015,Adult/Female/Blue/Medium-Heavy,2,Isabelle Aerny,Nova União International
Nice International Open 2015,Adult/Female/Blue/OpenClass,1,Vanessa Maria Varela Pereira,Nova União
Nice International Open 2015,Adult/Female/Blue/OpenClass,2,Moravia Widmer,Nova União
Nice International Open 2015,Adult/Female/Blue/OpenClass,3,Hui Qin Choo,Kristian Cestaro Russian Team
Nice International Open 2015,Adult/Female/Blue/OpenClass,3,Isabelle Aerny,Nova União International
Nice International Open 2015,Adult/Male/Purple/Light-Feather,1,Sacha Marguerite,Toulon JJB
Nice International Open 2015,Adult/Male/Purple/Light-Feather,2,Nicolas Plessis,MB Academy
Nice International Open 2015,Adult/Male/Purple/Feather,1,James Keay,Mauricio Gomes Origin BJJ Team
Nice International Open 2015,Adult/Male/Purple/Feather,2,CLAMENS Christopher,Hagakuré 83
Nice International Open 2015,Adult/Male/Purple/Feather,3,Emil Kadakevliev,Frota Team
Nice International Open 2015,Adult/Male/Purple/Feather,3,Franck Fejean (repetido 56679),Jackson Paulo Team
Nice International Open 2015,Adult/Male/Purple/Light,1,Sani Osseiran,Alliance International
Nice International Open 2015,Adult/Male/Purple/Light,2,Rémy Erol Onsay,PS Phoenix BJJ International
Nice International Open 2015,Adult/Male/Purple/Middle,1,Walter Ruben Antonio Faustino,Aurelio Zorzi Jiu-Jitsu Association
Nice International Open 2015,Adult/Male/Purple/Middle,2,Alexandre Pedro De Sousa Rodrigues,Icon BJJ
Nice International Open 2015,Adult/Male/Purple/Middle,3,Gary Salisbury,Gracie Barra
Nice International Open 2015,Adult/Male/Purple/Middle,3,Ivan Ilinskii,Jungle BJJ
Nice International Open 2015,Adult/Male/Purple/Medium-Heavy,1,River Blue Dillon,Carlson Gracie
Nice International Open 2015,Adult/Male/Purple/Medium-Heavy,2,Thomas Julien Michel Edmond Trintignac,Gracie Barra
Nice International Open 2015,Adult/Male/Purple/Medium-Heavy,3,Jean-rémi Galinon,PS Phoenix BJJ International
Nice International Open 2015,Adult/Male/Purple/Heavy,1,Quentin Sylvain Chou-Coralie,Gracie Barra
Nice International Open 2015,Adult/Male/Purple/Heavy,2,Denis Pereira   Marim,Cia Paulista - International
Nice International Open 2015,Adult/Male/Purple/Ultra-Heavy,1,Samuel Kvarzell,CheckMat
Nice International Open 2015,Adult/Male/Purple/OpenClass,1,River Blue Dillon,Carlson Gracie
Nice International Open 2015,Adult/Male/Purple/OpenClass,2,Quentin Sylvain Chou-Coralie,Gracie Barra
Nice International Open 2015,Adult/Male/Purple/OpenClass,3,Emil Kadakevliev,Frota Team
Nice International Open 2015,Adult/Male/Purple/OpenClass,3,Samuel Kvarzell,CheckMat
Nice International Open 2015,Adult/Male/Brown/Light,1,Samuel Thomas F. Gibson,Carlson Gracie International
Nice International Open 2015,Adult/Male/Brown/Light,2,Alain Perrault,Team Perrault
Nice International Open 2015,Adult/Male/Brown/Heavy,1,Florent Paul Minguet,Gracie Barra
Nice International Open 2015,Adult/Male/Brown/Super-Heavy,1,Samir Mahi,Submission Team
Nice International Open 2015,Adult/Male/Brown/OpenClass,1,Samuel Thomas F. Gibson,Carlson Gracie International
Nice International Open 2015,Adult/Male/Brown/OpenClass,2,Alain Perrault,Team Perrault
Nice International Open 2015,Adult/Male/Black/Light-Feather,1,Julien Robin Gaillard,Toulon JJB
Nice International Open 2015,Adult/Male/Black/Light-Feather,2,Nicolas Gaillard,Toulon JJB
Nice International Open 2015,Adult/Male/Black/Light-Feather,3,Rabert Jean Gabriel Frédéric,Jackson Paulo Team
Nice International Open 2015,Adult/Male/Black/Feather,1,Sergio Calderon Gonzalez,Association Aranha
Nice International Open 2015,Adult/Male/Black/Feather,2,Victor Otoniel Nunes Moraes,PSLPB Cicero Costha
Nice International Open 2015,Adult/Male/Black/Light,1,Alex Cabanes Gisbert,Atos Jiu-Jitsu
Nice International Open 2015,Adult/Male/Black/Light,2,Alexandre Di Chiara Guimarães Salgado,Soul Fighters BJJ
Nice International Open 2015,Adult/Male/Black/Light,3,Silvio Reis Oliveira,PSLPB Cicero Costha
Nice International Open 2015,Adult/Male/Black/Middle,1,Ygor Machado Dantas,UAE Jiu-jitsu Team
Nice International Open 2015,Adult/Male/Black/Middle,2,Aurélien Patrice Roger Pagnard,Tropa de Elite
Nice International Open 2015,Adult/Male/Black/Middle,3,Thomas Hernan Oyarzun,Alliance International
Nice International Open 2015,Adult/Male/Black/Medium-Heavy,1,Ricardo Wagner de Oliveira,Alliance International
Nice International Open 2015,Adult/Male/Black/Medium-Heavy,2,Samuel Monin,Gracie Barra
Nice International Open 2015,Adult/Male/Black/Heavy,1,Marek Pawel Zbrog,Gracie Barra
Nice International Open 2015,Adult/Male/Black/Heavy,2,Bruno Emanoel M. de Oliveira,UAE Jiu-jitsu Team
Nice International Open 2015,Adult/Male/Black/Super-Heavy,1,Thomas Johannessen,Frontline Academy
Nice International Open 2015,Adult/Male/Black/Super-Heavy,2,Eduardo Alexandre Machado,UAE Jiu-jitsu Team
Nice International Open 2015,Adult/Male/Black/OpenClass,1,Thomas Johannessen,Frontline Academy
Nice International Open 2015,Adult/Male/Black/OpenClass,2,Alex Cabanes Gisbert,Atos Jiu-Jitsu
Nice International Open 2015,Adult/Male/Black/OpenClass,3,Ricardo Wagner de Oliveira,Alliance International
Nice International Open 2015,Adult/Male/Black/OpenClass,3,Thomas Hernan Oyarzun,Alliance International
Nice International Open 2015,Adult/Female/Black/Super-Heavy,1,Emilie Maxine M. H. Thylin,Gracie Humaita South Bay
Nice International Open 2015,Adult/Female/Black/Super-Heavy,2,Anna Carolina Luz Tavares,Soul Fighters BJJ Barra da Tijuca
Nice International Open 2015,Master1/Male/White/Light-Feather,1,Daniel Dachev,Hagakuré 83
Nice International Open 2015,Master1/Male/White/Feather,1,Le Bris Gaëtan,Nova União
Nice International Open 2015,Master1/Male/White/Feather,2,Gregory Alexander Lanz,Gracie Barra
Nice International Open 2015,Master1/Male/White/Middle,1,Ivan Silva,Nova União
Nice International Open 2015,Master1/Male/White/Middle,2,Baris Ozturkler,Balaban Jiu-Jitsu Team
Nice International Open 2015,Master1/Male/Blue/Light,1,Andrea Filippa,Budo Clan
Nice International Open 2015,Master1/Male/Blue/Middle,1,Gaetano Valerio Putrino,Trinacria BJJ
Nice International Open 2015,Master1/Male/Blue/Middle,2,BRELIER  Cédric,Hagakuré 83
Nice International Open 2015,Master1/Male/Blue/Middle,3,Pablo Rincon,Gracie Barra
Nice International Open 2015,Master1/Male/Blue/Middle,3,Richardson Vanclemputte,Gracie Barra
Nice International Open 2015,Master1/Male/Blue/Medium-Heavy,1,Brice Michel M. Lemaire,Gracie Humaita Reunion
Nice International Open 2015,Master1/Male/Blue/Medium-Heavy,2,Ulrich Folgoat,CheckMat
Nice International Open 2015,Master1/Male/Blue/Super-Heavy,1,nicolas djurdjevic,American Top Team Coconut Creek
Nice International Open 2015,Master1/Male/Blue/Ultra-Heavy,1,Nuno Horácio Garcia Semedo,Nova União
Nice International Open 2015,Master1/Male/Blue/Ultra-Heavy,2,Sadik Caglar Yazman,CheckMat
Nice International Open 2015,Master1/Male/Blue/OpenClass,1,nicolas djurdjevic,American Top Team Coconut Creek
Nice International Open 2015,Master1/Male/Blue/OpenClass,2,Nuno Horácio Garcia Semedo,Nova União
Nice International Open 2015,Master1/Male/Blue/OpenClass,3,Brice Michel M. Lemaire,Gracie Humaita Reunion
Nice International Open 2015,Master1/Male/Blue/OpenClass,3,Pablo Rincon,Gracie Barra
Nice International Open 2015,Master1/Male/Purple/Light,1,arnaud langenstein,Alliance International
Nice International Open 2015,Master1/Male/Purple/Light,2,Antonio Gatell Molins (repetido 57537),Association Aranha
Nice International Open 2015,Master1/Male/Purple/Light,3,Harman Singh Bhamra,CheckMat
Nice International Open 2015,Master1/Male/Purple/Light,3,Pierre-Cyril Giauna,Hagakuré 83
Nice International Open 2015,Master1/Male/Purple/OpenClass,1,arnaud langenstein,Alliance International
Nice International Open 2015,Master1/Male/Purple/OpenClass,2,Harman Singh Bhamra,CheckMat
Nice International Open 2015,Master1/Female/Purple/Feather,1,Sirlei Costa (REPETIDO 50419),Nova União
Nice International Open 2015,Master1/Female/Purple/Feather,2,Jolie Boyle,BJJ Revolution Team - International
Nice International Open 2015,Master1/Female/Purple/Light,1,Juliana Calabria,Gracie Barra
Nice International Open 2015,Master1/Female/Purple/Light,2,Ruba (Fuad Musa) Nicola Alsayegh,Fabricio International Team - FIT
Nice International Open 2015,Master1/Female/Purple/Light,3,Samantha Grevet,Gracie Barra
Nice International Open 2015,Master1/Female/Purple/OpenClass,1,Sirlei Costa (REPETIDO 50419),Nova União
Nice International Open 2015,Master1/Female/Purple/OpenClass,2,Ruba (Fuad Musa) Nicola Alsayegh,Fabricio International Team - FIT
Nice International Open 2015,Master1/Female/Purple/OpenClass,3,Jolie Boyle,BJJ Revolution Team - International
Nice International Open 2015,Master1/Male/Brown/Middle,1,Luis Gil,CheckMat
Nice International Open 2015,Master1/Male/Brown/Middle,2,Vincent Thomas Bertolino,Hagakuré 83
Nice International Open 2015,Master1/Male/Brown/OpenClass,1,Luis Gil,CheckMat
Nice International Open 2015,Master1/Male/Brown/OpenClass,2,Vincent Thomas Bertolino,Hagakuré 83
Nice International Open 2015,Master1/Male/Black/Light,1,Ederson Rafael Ribeiro,Rafael Ribeiro BJJ
Nice International Open 2015,Master1/Male/Black/Middle,1,Christopher James Hermanstad,Frontline Academy
Nice International Open 2015,Master1/Male/Black/Heavy,1,Cesar Andrade Silva,Osvaldo Alves SP
Nice International Open 2015,Master1/Male/Black/Ultra-Heavy,1,Kristian Torres Cestaro,Ribeiro Jiu-Jitsu
Nice International Open 2015,Master1/Male/Black/Ultra-Heavy,2,Felipe Barcellos do Santos Mendes,Osvaldo Alves SP
Nice International Open 2015,Master1/Male/Black/Ultra-Heavy,3,Savvas Antoniou,Viva Zapata Jiu Jitsu
Nice International Open 2015,Master1/Male/Black/OpenClass,1,Christopher James Hermanstad,Frontline Academy
Nice International Open 2015,Master1/Male/Black/OpenClass,2,Cesar Andrade Silva,Osvaldo Alves SP
Nice International Open 2015,Master1/Male/Black/OpenClass,3,Ederson Rafael Ribeiro,Rafael Ribeiro BJJ
Nice International Open 2015,Master1/Male/Black/OpenClass,3,Savvas Antoniou,Viva Zapata Jiu Jitsu
Nice International Open 2015,Master2/Male/White/Medium-Heavy,1,Richard Szabo,Gracie Barra
Nice International Open 2015,Master2/Male/White/Super-Heavy,1,Gourov Maxim,Gracie Barra
Nice International Open 2015,Master2/Male/White/Super-Heavy,2,Tyrone Davis,Brasa/99
Nice International Open 2015,Master2/Male/White/Ultra-Heavy,1,Emmanuel Francois Richard Taub,Team Caraballo
Nice International Open 2015,Master2/Male/White/Ultra-Heavy,2,Franck Becheter,Gracie Barra
Nice International Open 2015,Master2/Male/White/Ultra-Heavy,3,Laurent Jean Bruno Allongue,Gracie Humaita Reunion
Nice International Open 2015,Master2/Male/Blue/Light,1,Kevin Cunningham,CheckMat
Nice International Open 2015,Master2/Male/Blue/OpenClass,1,Kevin Cunningham,CheckMat
Nice International Open 2015,Master2/Male/Purple/Light-Feather,1,David Patrick Elisabeth,Gracie Humaita Reunion
Nice International Open 2015,Master2/Male/Purple/Light-Feather,2,José Manuel Varela Sanchez,Nova União
Nice International Open 2015,Master2/Male/Purple/Light,1,Oleg Terekhin,Strela Team
Nice International Open 2015,Master2/Male/Purple/Light,2,Benjamin Tibo,Fight Move BJJ
Nice International Open 2015,Master2/Male/Purple/Light,3,Marc Geroges Fernandes Lamfranchi,Hagakuré 83
Nice International Open 2015,Master2/Male/Purple/Middle,1,Gottardo Alain Vasquez Mora,PS Phoenix BJJ International
Nice International Open 2015,Master2/Male/Purple/Medium-Heavy,1,Samir Bilouk,Team Perrault
Nice International Open 2015,Master2/Male/Purple/Super-Heavy,1,Pierre-Yves Jean-Marie J. Pontus,Toulon JJB
Nice International Open 2015,Master2/Male/Purple/Super-Heavy,2,Stephane Creantor,PS Phoenix BJJ International
Nice International Open 2015,Master2/Male/Purple/OpenClass,1,Oleg Terekhin,Strela Team
Nice International Open 2015,Master2/Male/Purple/OpenClass,2,Samir Bilouk,Team Perrault
Nice International Open 2015,Master2/Male/Purple/OpenClass,3,Gottardo Alain Vasquez Mora,PS Phoenix BJJ International
Nice International Open 2015,Master2/Male/Purple/OpenClass,3,José Manuel Varela Sanchez,Nova União
Nice International Open 2015,Master2/Male/Black/Middle,1,Fernando Barros Fialho,Gracie Barra
Nice International Open 2015,Master2/Male/Black/Medium-Heavy,1,Ronney Eustaquio de Carvalho Lima,Reinaldo Ribeiro Team JJ
Nice International Open 2015,Master2/Male/Black/Heavy,1,Davi Emanuel de Souza Cavalcante,Cia Paulista - International
Nice International Open 2015,Master2/Male/Black/Heavy,2,Youenn Samir Rayer,Gracie Barra
Nice International Open 2015,Master2/Male/Black/Super-Heavy,1,Sergio Moro Filho,Gracie Barra
Nice International Open 2015,Master2/Male/Black/OpenClass,1,Sergio Moro Filho,Gracie Barra
Nice International Open 2015,Master2/Male/Black/OpenClass,2,Fernando Barros Fialho,Gracie Barra
Nice International Open 2015,Master2/Male/Black/OpenClass,3,Davi Emanuel de Souza Cavalcante,Cia Paulista - International
Nice International Open 2015,Master2/Male/Black/OpenClass,3,Ronney Eustaquio de Carvalho Lima,Reinaldo Ribeiro Team JJ
Nice International Open 2015,Master3/Male/Blue/Light,1,Nicolas Benjamin Chiche,Gracie Barra
Nice International Open 2015,Master3/Male/Blue/Light,2,Simon Glynn,Gracie Barra
Nice International Open 2015,Master3/Male/Blue/Middle,1,Anderson Ferreira Muniz,Nova União
Nice International Open 2015,Master3/Male/Blue/Middle,2,Ruben Taboada Padilla gracias,Icon BJJ
Nice International Open 2015,Master3/Male/Blue/Middle,3,Nabil Helladj,Hagakuré 83
Nice International Open 2015,Master3/Male/Blue/Super-Heavy,1,Weber Zsolt,Gracie Barra
Nice International Open 2015,Master3/Male/Blue/Ultra-Heavy,1,Rustam Rakhmetov,Ribeiro Jiu-Jitsu
Nice International Open 2015,Master3/Male/Blue/OpenClass,1,Anderson Ferreira Muniz,Nova União
Nice International Open 2015,Master3/Male/Blue/OpenClass,2,Rustam Rakhmetov,Ribeiro Jiu-Jitsu
Nice International Open 2015,Master3/Male/Blue/OpenClass,3,Nicolas Benjamin Chiche,Gracie Barra
Nice International Open 2015,Master3/Male/Blue/OpenClass,3,Simon Glynn,Gracie Barra
Nice International Open 2015,Master3/Male/Brown/Light,1,Giuseppe Petrini,Tribe Jiu-Jitsu Roma
Nice International Open 2015,Master3/Male/Brown/Light,2,Sylvain Biglione,Gracie Barra
Nice International Open 2015,Master3/Male/Brown/Light,3,Christian Michel Sardella,Gracie Barra
Nice International Open 2015,Master3/Male/Brown/OpenClass,1,Christian Michel Sardella,Gracie Barra
Nice International Open 2015,Master3/Male/Black/Medium-Heavy,1,Lucio de Sousa Monte Alto,Alliance Sul
Nice International Open 2015,Master5/Male/Black/Middle,1,Payet Erick,CheckMat
Nice International Open 2015,Master6/Male/Blue/Heavy,1,Frederic Semour,Absoluto BJJ
Nice International Open 2015,Master6/Male/Blue/OpenClass,1,Frederic Semour,Absoluto BJJ
