San Antonio International Open Jiu-Jitsu No-Gi 2016,Juvenile/Male/Blue/Feather,1,Parker G. Richardson,AMBJJ - Alex Martins Brazilian Jiu-Jitsu
San Antonio International Open Jiu-Jitsu No-Gi 2016,Adult/Male/Blue/Light-Feather,1,Jorge  Garcia,Renzo Gracie Mexico
San Antonio International Open Jiu-Jitsu No-Gi 2016,Adult/Male/Blue/Light-Feather,2,Rodolfo Herrera,A-Force Brazilian Jiu-Jitsu
San Antonio International Open Jiu-Jitsu No-Gi 2016,Adult/Male/Blue/Feather,1,Matheus Gabriel Pinheiro Barros,CheckMat
San Antonio International Open Jiu-Jitsu No-Gi 2016,Adult/Male/Blue/Feather,2,Sasan Hadavand,Fight Sports
San Antonio International Open Jiu-Jitsu No-Gi 2016,Adult/Male/Blue/Feather,3,Ahmad Jingo,GF Team
San Antonio International Open Jiu-Jitsu No-Gi 2016,Adult/Male/Blue/Feather,3,David Reza,Gracie Barra
San Antonio International Open Jiu-Jitsu No-Gi 2016,Adult/Male/Blue/Light,1,Austin Caine Oranday,Ed Ramos Jiu-Jitsu USA
San Antonio International Open Jiu-Jitsu No-Gi 2016,Adult/Male/Blue/Light,2,Adan Gonzalo Reyes,CheckMat
San Antonio International Open Jiu-Jitsu No-Gi 2016,Adult/Male/Blue/Light,3,Jaron Garcia,Gracie Barra
San Antonio International Open Jiu-Jitsu No-Gi 2016,Adult/Male/Blue/Light,3,Keith Bookman,Gracie Barra
San Antonio International Open Jiu-Jitsu No-Gi 2016,Adult/Male/Blue/Middle,1,Cameron Padilla,Atos Jiu-Jitsu
San Antonio International Open Jiu-Jitsu No-Gi 2016,Adult/Male/Blue/Middle,2,Daniel  Elizondo,Bruno Bastos Association
San Antonio International Open Jiu-Jitsu No-Gi 2016,Adult/Male/Blue/Middle,3,Andre Currier,Alliance
San Antonio International Open Jiu-Jitsu No-Gi 2016,Adult/Male/Blue/Middle,3,Juan Gastelum,Team Ferreira BJJ
San Antonio International Open Jiu-Jitsu No-Gi 2016,Adult/Male/Blue/Medium-Heavy,1,Brian Eugene Burnham,Elite Mixed Martial Arts
San Antonio International Open Jiu-Jitsu No-Gi 2016,Adult/Male/Blue/Medium-Heavy,2,Israel Anguiano,Team Ferreira BJJ
San Antonio International Open Jiu-Jitsu No-Gi 2016,Adult/Male/Blue/Medium-Heavy,3,Jorge Valladares,Mohler Jiu-Jitsu
San Antonio International Open Jiu-Jitsu No-Gi 2016,Adult/Male/Blue/Medium-Heavy,3,Mark Morin,Marra Senki Brazilian Jiu Jitsu Academy LLC
San Antonio International Open Jiu-Jitsu No-Gi 2016,Adult/Male/Blue/Heavy,1,Julio Manrique,Brazilian Top Team
San Antonio International Open Jiu-Jitsu No-Gi 2016,Adult/Male/Blue/Heavy,2,John Brady-finke,Rodrigo Pinheiro
San Antonio International Open Jiu-Jitsu No-Gi 2016,Adult/Male/Blue/Heavy,3,Andy Van Hook,BJJ Revolution Team
San Antonio International Open Jiu-Jitsu No-Gi 2016,Adult/Male/Blue/Super-Heavy,1,Micheal Jones,Elite Mixed Martial Arts
San Antonio International Open Jiu-Jitsu No-Gi 2016,Adult/Male/Blue/OpenClass,1,Matheus Gabriel Pinheiro Barros,CheckMat
San Antonio International Open Jiu-Jitsu No-Gi 2016,Adult/Male/Blue/OpenClass,2,Micheal Jones,Elite Mixed Martial Arts
San Antonio International Open Jiu-Jitsu No-Gi 2016,Adult/Male/Blue/OpenClass,3,Juan Gastelum,Team Ferreira BJJ
San Antonio International Open Jiu-Jitsu No-Gi 2016,Adult/Male/Blue/OpenClass,3,Sasan Hadavand,Fight Sports
San Antonio International Open Jiu-Jitsu No-Gi 2016,Adult/Female/Blue/Light-Feather,1,Samantha Vega,Fight Sports
San Antonio International Open Jiu-Jitsu No-Gi 2016,Adult/Female/Blue/Light-Feather,2,Morgan Limerick,Gracie Humaita USA
San Antonio International Open Jiu-Jitsu No-Gi 2016,Adult/Female/Blue/Feather,1,Alexa Nicole Yanes,Gracie Barra
San Antonio International Open Jiu-Jitsu No-Gi 2016,Adult/Female/Blue/Feather,2,Terri E. Casillas,Davis Martial Arts
San Antonio International Open Jiu-Jitsu No-Gi 2016,Adult/Female/Blue/Light,1,jennifer perez,Easton BJJ
San Antonio International Open Jiu-Jitsu No-Gi 2016,Adult/Female/Blue/Light,2,Erica Da Silva,Gracie Barra
San Antonio International Open Jiu-Jitsu No-Gi 2016,Adult/Female/Blue/Middle,1,Lisa Barker,Presa BJJ
San Antonio International Open Jiu-Jitsu No-Gi 2016,Adult/Female/Blue/Middle,2,Casey Martinez,Bruno Bastos Association
San Antonio International Open Jiu-Jitsu No-Gi 2016,Adult/Female/Blue/Middle,3,Irene  Trevino (repetido 142864),Bruno Bastos Association
San Antonio International Open Jiu-Jitsu No-Gi 2016,Adult/Female/Blue/Medium-Heavy,1,Verena Gasparin Arus,Brazilian Top Team
San Antonio International Open Jiu-Jitsu No-Gi 2016,Adult/Female/Blue/Medium-Heavy,2,Chenoa Christine Cacho,Bruno Bastos Association
San Antonio International Open Jiu-Jitsu No-Gi 2016,Adult/Female/Blue/Heavy,1,Clysta Maggart,Gracie Barra
San Antonio International Open Jiu-Jitsu No-Gi 2016,Adult/Female/Blue/OpenClass,1,jennifer perez,Easton BJJ
San Antonio International Open Jiu-Jitsu No-Gi 2016,Adult/Female/Blue/OpenClass,2,Verena Gasparin Arus,Brazilian Top Team
San Antonio International Open Jiu-Jitsu No-Gi 2016,Adult/Female/Blue/OpenClass,3,Casey Martinez,Bruno Bastos Association
San Antonio International Open Jiu-Jitsu No-Gi 2016,Adult/Female/Blue/OpenClass,3,Terri E. Casillas,Davis Martial Arts
San Antonio International Open Jiu-Jitsu No-Gi 2016,Adult/Male/Purple/Feather,1,Damion Shaun Oranday,Ed Ramos Jiu-Jitsu USA
San Antonio International Open Jiu-Jitsu No-Gi 2016,Adult/Male/Purple/Feather,2,Jonathan Cardozo-velasquez,BJJ Revolution Team
San Antonio International Open Jiu-Jitsu No-Gi 2016,Adult/Male/Purple/Feather,3,Damion Taylor,Travis Lutter Brazilian Jiu-Jitsu
San Antonio International Open Jiu-Jitsu No-Gi 2016,Adult/Male/Purple/Feather,3,Jonathan Enriquez,Marra Senki
San Antonio International Open Jiu-Jitsu No-Gi 2016,Adult/Male/Purple/Light,1,Ben Annunziato,Travis Lutter Brazilian Jiu-Jitsu
San Antonio International Open Jiu-Jitsu No-Gi 2016,Adult/Male/Purple/Light,2,Ularislao Cordova,Alliance Jiu-Jitsu Center Orlando
San Antonio International Open Jiu-Jitsu No-Gi 2016,Adult/Male/Purple/Light,3,Todd Andrew Walling,Renato Tavares Association
San Antonio International Open Jiu-Jitsu No-Gi 2016,Adult/Male/Purple/Middle,1,Michael Salazar,AMBJJ - Alex Martins Brazilian Jiu-Jitsu
San Antonio International Open Jiu-Jitsu No-Gi 2016,Adult/Male/Purple/Middle,2,Corey Ellis,Travis Lutter Brazilian Jiu-Jitsu
San Antonio International Open Jiu-Jitsu No-Gi 2016,Adult/Male/Purple/Medium-Heavy,1,Jose Eduardo dos Reis Lopes,Brazilian Top Team
San Antonio International Open Jiu-Jitsu No-Gi 2016,Adult/Male/Purple/Medium-Heavy,2,Diego Almeida Ferreira,Bruno Bastos Association
San Antonio International Open Jiu-Jitsu No-Gi 2016,Adult/Male/Purple/Medium-Heavy,3,Drew Brown,Gracie Humaita Austin
San Antonio International Open Jiu-Jitsu No-Gi 2016,Adult/Male/Purple/Medium-Heavy,3,Leonard Green,Team Lloyd Irvin
San Antonio International Open Jiu-Jitsu No-Gi 2016,Adult/Male/Purple/Heavy,1,Avery  Brooks,Star Brazilian Jiu Jitsu
San Antonio International Open Jiu-Jitsu No-Gi 2016,Adult/Male/Purple/Heavy,2,Jack  Garrett,Peak Performance
San Antonio International Open Jiu-Jitsu No-Gi 2016,Adult/Male/Purple/Heavy,3,David Shelley,Rodrigo Pinheiro
San Antonio International Open Jiu-Jitsu No-Gi 2016,Adult/Male/Purple/Super-Heavy,1,Efstathios  Casternopoulos,BJJ Revolution Team
San Antonio International Open Jiu-Jitsu No-Gi 2016,Adult/Male/Purple/Super-Heavy,2,Jorden St John,Gracie Barra
San Antonio International Open Jiu-Jitsu No-Gi 2016,Adult/Male/Purple/Ultra-Heavy,1,Matthew Heath McCormick,Bruno Bastos Association
San Antonio International Open Jiu-Jitsu No-Gi 2016,Adult/Male/Purple/OpenClass,1,Matthew Heath McCormick,Bruno Bastos Association
San Antonio International Open Jiu-Jitsu No-Gi 2016,Adult/Male/Purple/OpenClass,2,Diego Almeida Ferreira,Bruno Bastos Association
San Antonio International Open Jiu-Jitsu No-Gi 2016,Adult/Male/Purple/OpenClass,3,Efstathios  Casternopoulos,BJJ Revolution Team
San Antonio International Open Jiu-Jitsu No-Gi 2016,Adult/Male/Purple/OpenClass,3,Ularislao Cordova,Alliance Jiu-Jitsu Center Orlando
San Antonio International Open Jiu-Jitsu No-Gi 2016,Adult/Female/Purple/Light-Feather,1,Cristina Natalia Shepler,Bruno Bastos Association
San Antonio International Open Jiu-Jitsu No-Gi 2016,Adult/Female/Purple/Light-Feather,2,Tippamas Kromloy,Elite Mixed Martial Arts
San Antonio International Open Jiu-Jitsu No-Gi 2016,Adult/Female/Purple/Light,1,Mariel Wesson,Gracie Barra
San Antonio International Open Jiu-Jitsu No-Gi 2016,Adult/Female/Purple/Middle,1,Laura Ann Heiman Martins,Brazilian Top Team
San Antonio International Open Jiu-Jitsu No-Gi 2016,Adult/Female/Purple/OpenClass,1,Laura Ann Heiman Martins,Brazilian Top Team
San Antonio International Open Jiu-Jitsu No-Gi 2016,Adult/Female/Purple/OpenClass,2,Mariel Wesson,Gracie Barra
San Antonio International Open Jiu-Jitsu No-Gi 2016,Adult/Male/Brown/Light-Feather,1,Alexis Alduncin Barragan,Renzo Gracie Mexico
San Antonio International Open Jiu-Jitsu No-Gi 2016,Adult/Male/Brown/Light-Feather,2,Ben Peco,South BJJ
San Antonio International Open Jiu-Jitsu No-Gi 2016,Adult/Male/Brown/Light-Feather,3,Randall Aaron Villarreal,Fight Sports
San Antonio International Open Jiu-Jitsu No-Gi 2016,Adult/Male/Brown/Feather,1,Wallace Fernando Santos,Gracie Humaita Las Vegas
San Antonio International Open Jiu-Jitsu No-Gi 2016,Adult/Male/Brown/Feather,2,Ighor Luis Alvim Horta,Brazilian Top Team
San Antonio International Open Jiu-Jitsu No-Gi 2016,Adult/Male/Brown/Feather,3,Matthew Jakob Reid,Easton BJJ
San Antonio International Open Jiu-Jitsu No-Gi 2016,Adult/Male/Brown/Light,1,Roniel Oliveira Costa,Bruno Bastos Association
San Antonio International Open Jiu-Jitsu No-Gi 2016,Adult/Male/Brown/Light,2,Gustavo Delmondes Bessa,Brazilian Top Team
San Antonio International Open Jiu-Jitsu No-Gi 2016,Adult/Male/Brown/Light,3,Daniel Rodriguez,Team Ferreira BJJ
San Antonio International Open Jiu-Jitsu No-Gi 2016,Adult/Male/Brown/Light,3,Juan  Caballero Jr,A-Force Brazilian Jiu-Jitsu
San Antonio International Open Jiu-Jitsu No-Gi 2016,Adult/Male/Brown/Medium-Heavy,1,Eric Hunter Newton,Gracie Barra
San Antonio International Open Jiu-Jitsu No-Gi 2016,Adult/Male/Brown/Medium-Heavy,2,Bruno Capac Cavalcante Machado,Atos Jiu-Jitsu
San Antonio International Open Jiu-Jitsu No-Gi 2016,Adult/Male/Brown/Medium-Heavy,3,Fernando Henrique T. Halfeld,Brazilian Top Team
San Antonio International Open Jiu-Jitsu No-Gi 2016,Adult/Male/Brown/Heavy,1,Benjamin Zachary Lenyard,Brazilian Top Team
San Antonio International Open Jiu-Jitsu No-Gi 2016,Adult/Male/Brown/Heavy,2,Sebastian Black,CheckMat
San Antonio International Open Jiu-Jitsu No-Gi 2016,Adult/Male/Brown/Heavy,3,Carl Eric Cline,Brazilian Top Team
San Antonio International Open Jiu-Jitsu No-Gi 2016,Adult/Male/Brown/Heavy,3,Samuel Robert Ferguson,Carlson Gracie Team
San Antonio International Open Jiu-Jitsu No-Gi 2016,Adult/Male/Brown/OpenClass,1,Eric Hunter Newton,Gracie Barra
San Antonio International Open Jiu-Jitsu No-Gi 2016,Adult/Male/Brown/OpenClass,2,Sebastian Black,CheckMat
San Antonio International Open Jiu-Jitsu No-Gi 2016,Adult/Male/Brown/OpenClass,3,Carl Eric Cline,Brazilian Top Team
San Antonio International Open Jiu-Jitsu No-Gi 2016,Adult/Male/Brown/OpenClass,3,Gustavo Delmondes Bessa,Brazilian Top Team
San Antonio International Open Jiu-Jitsu No-Gi 2016,Adult/Male/Black/Light-Feather,1,João Pedro Oliveira Rodrigues,CheckMat
San Antonio International Open Jiu-Jitsu No-Gi 2016,Adult/Male/Black/Light-Feather,2,Washington Luis do M. Lima,GF Team
San Antonio International Open Jiu-Jitsu No-Gi 2016,Adult/Male/Black/Feather,1,Gabriel Marangoni de Oliveira,Caio Terra Association Brasil
San Antonio International Open Jiu-Jitsu No-Gi 2016,Adult/Male/Black/Light,1,Rivaldo Goncalves de Araujo Junior,Rodrigo Pinheiro
San Antonio International Open Jiu-Jitsu No-Gi 2016,Adult/Male/Black/Light,2,Marcus Cole Wilson,Grappling Unlimited
San Antonio International Open Jiu-Jitsu No-Gi 2016,Adult/Male/Black/Light,3,Issa Able,Riis-Rosenberg Jiu-Jitsu
San Antonio International Open Jiu-Jitsu No-Gi 2016,Adult/Male/Black/Middle,1,Elfrankli Araruna de Souza,Gracie Barra
San Antonio International Open Jiu-Jitsu No-Gi 2016,Adult/Male/Black/Middle,2,Samuel Seth Snow,Alliance Atlanta
San Antonio International Open Jiu-Jitsu No-Gi 2016,Adult/Male/Black/Medium-Heavy,1,Lucas Daniel Silva Barbosa,Atos JJ Rio Claro
San Antonio International Open Jiu-Jitsu No-Gi 2016,Adult/Male/Black/Medium-Heavy,2,Jose M Portillo Jr,Paragon BJJ Academy
San Antonio International Open Jiu-Jitsu No-Gi 2016,Adult/Male/Black/Heavy,1,Inacio Ferreira Gomes Neto,Gracie Barra
San Antonio International Open Jiu-Jitsu No-Gi 2016,Adult/Male/Black/Heavy,2,Gilvan Gomes da Costa,Brazilian Top Team
San Antonio International Open Jiu-Jitsu No-Gi 2016,Adult/Male/Black/OpenClass,1,Lucas Daniel Silva Barbosa,Atos JJ Rio Claro
San Antonio International Open Jiu-Jitsu No-Gi 2016,Adult/Male/Black/OpenClass,2,Gabriel Marangoni de Oliveira,Caio Terra Association Brasil
San Antonio International Open Jiu-Jitsu No-Gi 2016,Adult/Male/Black/OpenClass,3,Marcus Cole Wilson,Grappling Unlimited
San Antonio International Open Jiu-Jitsu No-Gi 2016,Master1/Male/Blue/Feather,1,Luis  Perez,Bruno Bastos Association
San Antonio International Open Jiu-Jitsu No-Gi 2016,Master1/Male/Blue/Feather,2,Brendan Odonnell,Gracie Humaita Austin
San Antonio International Open Jiu-Jitsu No-Gi 2016,Master1/Male/Blue/Light,1,Chung Yoon,Brazil 021 International
San Antonio International Open Jiu-Jitsu No-Gi 2016,Master1/Male/Blue/Light,2,Ramiro Ramirez Cepeda,Bruno Bastos Association
San Antonio International Open Jiu-Jitsu No-Gi 2016,Master1/Male/Blue/Middle,1,Edgar Onyeagu,Brazilian Top Team
San Antonio International Open Jiu-Jitsu No-Gi 2016,Master1/Male/Blue/Middle,2,Sean Maher,Brazilian Top Team
San Antonio International Open Jiu-Jitsu No-Gi 2016,Master1/Male/Blue/Middle,3,Salvador Carlos Cantu,Bruno Bastos Association
San Antonio International Open Jiu-Jitsu No-Gi 2016,Master1/Male/Blue/Medium-Heavy,1,Anthony Landry,Brazilian Top Team
San Antonio International Open Jiu-Jitsu No-Gi 2016,Master1/Male/Blue/Super-Heavy,1,Eric Hodge,Brazilian Top Team
San Antonio International Open Jiu-Jitsu No-Gi 2016,Master1/Male/Blue/Super-Heavy,2,Daniel Shanks,BJJ Revolution Team
San Antonio International Open Jiu-Jitsu No-Gi 2016,Master1/Male/Blue/Super-Heavy,3,Anthony Lamont Fitzgerald Jr.,Alliance
San Antonio International Open Jiu-Jitsu No-Gi 2016,Master1/Male/Blue/Super-Heavy,3,Nicholas Cotta,Brazilian Top Team
San Antonio International Open Jiu-Jitsu No-Gi 2016,Master1/Male/Blue/Ultra-Heavy,1,Lawrence Trotter,Travis Lutter Brazilian Jiu-Jitsu
San Antonio International Open Jiu-Jitsu No-Gi 2016,Master1/Male/Blue/Ultra-Heavy,2,Justin Voros,Team Lloyd Irvin
San Antonio International Open Jiu-Jitsu No-Gi 2016,Master1/Male/Blue/Ultra-Heavy,3,Raul Carreon Flores,Bruno Bastos Association
San Antonio International Open Jiu-Jitsu No-Gi 2016,Master1/Male/Blue/OpenClass,1,Justin Voros,Team Lloyd Irvin
San Antonio International Open Jiu-Jitsu No-Gi 2016,Master1/Male/Blue/OpenClass,2,Sean Maher,Brazilian Top Team
San Antonio International Open Jiu-Jitsu No-Gi 2016,Master1/Male/Blue/OpenClass,3,Anthony Landry,Brazilian Top Team
San Antonio International Open Jiu-Jitsu No-Gi 2016,Master1/Male/Purple/Light-Feather,1,Alika Wong,Relson Gracie
San Antonio International Open Jiu-Jitsu No-Gi 2016,Master1/Male/Purple/Feather,1,Joseph  Aguaristi,Brazilian Top Team
San Antonio International Open Jiu-Jitsu No-Gi 2016,Master1/Male/Purple/Feather,2,Raúl Huidobro,Alliance International
San Antonio International Open Jiu-Jitsu No-Gi 2016,Master1/Male/Purple/Feather,3,Jonathan Rocha,Harlingen Jiu Hitsu Club
San Antonio International Open Jiu-Jitsu No-Gi 2016,Master1/Male/Purple/Light,1,Julio Andres Fernandez Chapa,Alliance
San Antonio International Open Jiu-Jitsu No-Gi 2016,Master1/Male/Purple/Light,2,Danny Kou,Brazil 021 International
San Antonio International Open Jiu-Jitsu No-Gi 2016,Master1/Male/Purple/Light,3,Curtis Eugene Montier,Bruno Bastos Association
San Antonio International Open Jiu-Jitsu No-Gi 2016,Master1/Male/Purple/Light,3,Sean Mullen,Brazilian Top Team
San Antonio International Open Jiu-Jitsu No-Gi 2016,Master1/Male/Purple/Middle,1,David Johnson,Team Lloyd Irvin
San Antonio International Open Jiu-Jitsu No-Gi 2016,Master1/Male/Purple/Middle,2,Christopher Aaron Crosby,BJJ Globetrotters
San Antonio International Open Jiu-Jitsu No-Gi 2016,Master1/Male/Purple/Middle,3,Shaun Bley,Drysdale BJJ
San Antonio International Open Jiu-Jitsu No-Gi 2016,Master1/Male/Purple/Heavy,1,Hector Millan,American Top Team
San Antonio International Open Jiu-Jitsu No-Gi 2016,Master1/Male/Purple/Ultra-Heavy,1,Micah Morino,Zenith BJJ - USA
San Antonio International Open Jiu-Jitsu No-Gi 2016,Master1/Male/Purple/OpenClass,1,David Johnson,Team Lloyd Irvin
San Antonio International Open Jiu-Jitsu No-Gi 2016,Master1/Male/Purple/OpenClass,2,Julio Andres Fernandez Chapa,Alliance
San Antonio International Open Jiu-Jitsu No-Gi 2016,Master1/Male/Purple/OpenClass,3,Christopher Aaron Crosby,BJJ Globetrotters
San Antonio International Open Jiu-Jitsu No-Gi 2016,Master1/Male/Purple/OpenClass,3,Hector Millan,American Top Team
San Antonio International Open Jiu-Jitsu No-Gi 2016,Master1/Male/Brown/Middle,1,Kevin Britton,Complete Martial Arts
San Antonio International Open Jiu-Jitsu No-Gi 2016,Master1/Male/Brown/Middle,2,Stephen Carter Bird,Brazilian Top Team
San Antonio International Open Jiu-Jitsu No-Gi 2016,Master1/Male/Brown/Medium-Heavy,1,Jordan Alan Shepler,Bruno Bastos Association
San Antonio International Open Jiu-Jitsu No-Gi 2016,Master1/Male/Brown/Medium-Heavy,2,Jerry Richard Musquiz Jr,Marcello C Monteiro Brazilian Jiu Jitsu Academy
San Antonio International Open Jiu-Jitsu No-Gi 2016,Master1/Male/Brown/Medium-Heavy,3,Cody Dean Criqui,Kronos BJJ HQ
San Antonio International Open Jiu-Jitsu No-Gi 2016,Master1/Male/Brown/Super-Heavy,1,Edward Anthony Wittern,Andrew Chappelle BJJ
San Antonio International Open Jiu-Jitsu No-Gi 2016,Master1/Male/Brown/OpenClass,1,Jordan Alan Shepler,Bruno Bastos Association
San Antonio International Open Jiu-Jitsu No-Gi 2016,Master1/Male/Brown/OpenClass,2,Edward Anthony Wittern,Andrew Chappelle BJJ
San Antonio International Open Jiu-Jitsu No-Gi 2016,Master1/Male/Black/Light,1,Erick Vinicius S. Raposo Oliveira,Soul Fighters BJJ
San Antonio International Open Jiu-Jitsu No-Gi 2016,Master1/Male/Black/Middle,1,Ruy Frade Freesz,Brazilian Top Team
San Antonio International Open Jiu-Jitsu No-Gi 2016,Master1/Male/Black/Medium-Heavy,1,Alex Martins do Nascimento,AMBJJ - Alex Martins Brazilian Jiu-Jitsu
San Antonio International Open Jiu-Jitsu No-Gi 2016,Master1/Male/Black/Heavy,1,Diego Gamonal Nogueira,Brazilian Top Team
San Antonio International Open Jiu-Jitsu No-Gi 2016,Master1/Male/Black/Heavy,2,Francisco Ramos Mendes Neto,CheckMat
San Antonio International Open Jiu-Jitsu No-Gi 2016,Master1/Male/Black/Super-Heavy,1,Leonardo de Paiva Machado de Santana,Brazilian Top Team
San Antonio International Open Jiu-Jitsu No-Gi 2016,Master1/Male/Black/Ultra-Heavy,1,Patrick Jerome Miller,Zenith BJJ - Las Vegas
San Antonio International Open Jiu-Jitsu No-Gi 2016,Master1/Male/Black/OpenClass,1,Patrick Jerome Miller,Zenith BJJ - Las Vegas
San Antonio International Open Jiu-Jitsu No-Gi 2016,Master1/Male/Black/OpenClass,2,Francisco Ramos Mendes Neto,CheckMat
San Antonio International Open Jiu-Jitsu No-Gi 2016,Master1/Male/Black/OpenClass,3,Erick Vinicius S. Raposo Oliveira,Soul Fighters BJJ
San Antonio International Open Jiu-Jitsu No-Gi 2016,Master1/Male/Black/OpenClass,3,Leonardo de Paiva Machado de Santana,Brazilian Top Team
San Antonio International Open Jiu-Jitsu No-Gi 2016,Master2/Male/Blue/Light,1,Anthony Ammendola,CheckMat
San Antonio International Open Jiu-Jitsu No-Gi 2016,Master2/Male/Blue/Light,2,César Oswaldo Gómez Guzman,Bruno Bastos Association
San Antonio International Open Jiu-Jitsu No-Gi 2016,Master2/Male/Blue/Light,3,Anastasio  Vazquez,Alliance
San Antonio International Open Jiu-Jitsu No-Gi 2016,Master2/Male/Blue/Light,3,Fernando Aramburo,Brazil 021 International
San Antonio International Open Jiu-Jitsu No-Gi 2016,Master2/Male/Blue/Middle,1,Cristhian Steve Soberanis Toledo,CheckMat
San Antonio International Open Jiu-Jitsu No-Gi 2016,Master2/Male/Blue/Middle,2,Aaron Mathew Martin,Ed Ramos Jiu-Jitsu USA
San Antonio International Open Jiu-Jitsu No-Gi 2016,Master2/Male/Blue/Middle,3,Bryan Bowman,Carlson Gracie Team
San Antonio International Open Jiu-Jitsu No-Gi 2016,Master2/Male/Blue/Medium-Heavy,1,Juan Torres,Brazilian Top Team
San Antonio International Open Jiu-Jitsu No-Gi 2016,Master2/Male/Blue/Super-Heavy,1,Jason Bradford Ormsby,Brazil 021 International
San Antonio International Open Jiu-Jitsu No-Gi 2016,Master2/Male/Blue/Ultra-Heavy,1,Virgil Glenn Chester Allen,Anchorage Brazilian Jiu Jitsu
San Antonio International Open Jiu-Jitsu No-Gi 2016,Master2/Male/Blue/Ultra-Heavy,2,Juan Guillen,Marra Senki Brazilian Jiu Jitsu Academy LLC
San Antonio International Open Jiu-Jitsu No-Gi 2016,Master2/Male/Blue/Ultra-Heavy,3,Michael Patrick Clark,Lovato Jiu-Jitsu
San Antonio International Open Jiu-Jitsu No-Gi 2016,Master2/Male/Blue/OpenClass,1,Virgil Glenn Chester Allen,Anchorage Brazilian Jiu Jitsu
San Antonio International Open Jiu-Jitsu No-Gi 2016,Master2/Male/Blue/OpenClass,2,Jason Bradford Ormsby,Brazil 021 International
San Antonio International Open Jiu-Jitsu No-Gi 2016,Master2/Male/Blue/OpenClass,3,Cristhian Steve Soberanis Toledo,CheckMat
San Antonio International Open Jiu-Jitsu No-Gi 2016,Master2/Male/Blue/OpenClass,3,Juan Torres,Brazilian Top Team
San Antonio International Open Jiu-Jitsu No-Gi 2016,Master2/Male/Purple/Feather,1,Wendell Martin,CheckMat
San Antonio International Open Jiu-Jitsu No-Gi 2016,Master2/Male/Purple/Middle,1,Gabriel Reynaga,Marra Senki Brazilian Jiu Jitsu Academy LLC
San Antonio International Open Jiu-Jitsu No-Gi 2016,Master2/Male/Purple/Middle,2,Michael Sotelo,Fight Sports
San Antonio International Open Jiu-Jitsu No-Gi 2016,Master2/Male/Purple/Middle,3,Christian S. Duran,Peak Performance
San Antonio International Open Jiu-Jitsu No-Gi 2016,Master2/Male/Purple/Heavy,1,Jerod Carter,South BJJ
San Antonio International Open Jiu-Jitsu No-Gi 2016,Master2/Male/Purple/Heavy,2,Christopher Raines,Brazilian Top Team
San Antonio International Open Jiu-Jitsu No-Gi 2016,Master2/Male/Purple/Super-Heavy,1,James Edward Fiore,Soul Fighters BJJ
San Antonio International Open Jiu-Jitsu No-Gi 2016,Master2/Male/Purple/Ultra-Heavy,1,Dulces  Flores Jr,AMBJJ - Alex Martins Brazilian Jiu-Jitsu
San Antonio International Open Jiu-Jitsu No-Gi 2016,Master2/Male/Purple/Ultra-Heavy,2,Jerry Foster,Brazilian Top Team
San Antonio International Open Jiu-Jitsu No-Gi 2016,Master2/Male/Purple/Ultra-Heavy,3,David Akina,Grappling Unlimited
San Antonio International Open Jiu-Jitsu No-Gi 2016,Master2/Male/Purple/OpenClass,1,Christopher Raines,Brazilian Top Team
San Antonio International Open Jiu-Jitsu No-Gi 2016,Master2/Male/Purple/OpenClass,2,Jerry Foster,Brazilian Top Team
San Antonio International Open Jiu-Jitsu No-Gi 2016,Master2/Male/Purple/OpenClass,3,Wendell Martin,CheckMat
San Antonio International Open Jiu-Jitsu No-Gi 2016,Master2/Male/Brown/Feather,1,John Anthony Torres,Paragon Brazilian Jiu Jitsu Austin
San Antonio International Open Jiu-Jitsu No-Gi 2016,Master2/Male/Brown/Feather,2,Davin Castillo Ordinario,Davis Martial Arts
San Antonio International Open Jiu-Jitsu No-Gi 2016,Master2/Male/Brown/Light,1,Michael R. Martin,Lovato Jiu-Jitsu
San Antonio International Open Jiu-Jitsu No-Gi 2016,Master2/Male/Brown/Light,2,Jason Casillas,Davis Martial Arts
San Antonio International Open Jiu-Jitsu No-Gi 2016,Master2/Male/Brown/Middle,1,Jason Kirk Wilkinson,Brazilian Top Team
San Antonio International Open Jiu-Jitsu No-Gi 2016,Master2/Male/Brown/Middle,2,Joshua Adam Sharpless,Gracie Barra
San Antonio International Open Jiu-Jitsu No-Gi 2016,Master2/Male/Brown/Middle,3,Sidharta Bermudez,Gracie Barra
San Antonio International Open Jiu-Jitsu No-Gi 2016,Master2/Male/Brown/Super-Heavy,1,Jeffery Michael Donovan,Alliance Atlanta
San Antonio International Open Jiu-Jitsu No-Gi 2016,Master2/Male/Brown/Super-Heavy,2,Carlos F. Martinez,Gracie Barra
San Antonio International Open Jiu-Jitsu No-Gi 2016,Master2/Male/Brown/OpenClass,1,Jeffery Michael Donovan,Alliance Atlanta
San Antonio International Open Jiu-Jitsu No-Gi 2016,Master2/Male/Brown/OpenClass,2,Carlos F. Martinez,Gracie Barra
San Antonio International Open Jiu-Jitsu No-Gi 2016,Master2/Male/Brown/OpenClass,3,Michael R. Martin,Lovato Jiu-Jitsu
San Antonio International Open Jiu-Jitsu No-Gi 2016,Master2/Male/Black/Light,1,Daniel V. Alvarez Jr.,Bruno Bastos Association
San Antonio International Open Jiu-Jitsu No-Gi 2016,Master2/Male/Black/Light,2,William C Waller III,Marra Senki
San Antonio International Open Jiu-Jitsu No-Gi 2016,Master2/Male/Black/Middle,1,Robert Mark Dembeck,Paragon BJJ Academy
San Antonio International Open Jiu-Jitsu No-Gi 2016,Master2/Male/Black/Heavy,1,Anthony Paul Erard,Rodrigo Pinheiro
San Antonio International Open Jiu-Jitsu No-Gi 2016,Master2/Male/Black/Ultra-Heavy,1,Robson Camargo Rodrigues,CheckMat
San Antonio International Open Jiu-Jitsu No-Gi 2016,Master2/Male/Black/OpenClass,1,Robson Camargo Rodrigues,CheckMat
San Antonio International Open Jiu-Jitsu No-Gi 2016,Master2/Male/Black/OpenClass,2,Anthony Paul Erard,Rodrigo Pinheiro
