German National IBJJF Jiu-Jitsu No-Gi Championship 2017,Adult/Male/Blue/Feather,1,Reiss Bailey,New School BJJ
German National IBJJF Jiu-Jitsu No-Gi Championship 2017,Adult/Male/Blue/Feather,2,Severin Fernandez Diaz,GF Team
German National IBJJF Jiu-Jitsu No-Gi Championship 2017,Adult/Male/Blue/Light,1,Ahmed Alem,Arena Saudi Arabia
German National IBJJF Jiu-Jitsu No-Gi Championship 2017,Adult/Male/Blue/Light,2,Matej Tomic,Sampa BJJ Germany
German National IBJJF Jiu-Jitsu No-Gi Championship 2017,Adult/Male/Blue/Light,3,Enrico José Croci,Caio Terra Association
German National IBJJF Jiu-Jitsu No-Gi Championship 2017,Adult/Male/Blue/Light,3,Kenji Bortoluzzi,BJJ Team Basel
German National IBJJF Jiu-Jitsu No-Gi Championship 2017,Adult/Male/Blue/Middle,1,Ahmed Laaribi,Icon Jiu-Jitsu Team - Hannover
German National IBJJF Jiu-Jitsu No-Gi Championship 2017,Adult/Male/Blue/Middle,2,Endjilo Jordan,Nova União International
German National IBJJF Jiu-Jitsu No-Gi Championship 2017,Adult/Male/Blue/Middle,3,Chris Wilson,Hilti BJJ IMAG Berlin
German National IBJJF Jiu-Jitsu No-Gi Championship 2017,Adult/Male/Blue/Middle,3,Deniz Kaymak,BJJ Team Basel
German National IBJJF Jiu-Jitsu No-Gi Championship 2017,Adult/Male/Blue/Medium-Heavy,1,Borys Borysenko,Intelligent Team Ukraine
German National IBJJF Jiu-Jitsu No-Gi Championship 2017,Adult/Male/Blue/Medium-Heavy,2,Andrey Khodakovskiy,Gracie Barra
German National IBJJF Jiu-Jitsu No-Gi Championship 2017,Adult/Male/Blue/Medium-Heavy,3,Harris Rahimi,GF Team
German National IBJJF Jiu-Jitsu No-Gi Championship 2017,Adult/Male/Blue/Medium-Heavy,3,Onur Yasar,GF Team
German National IBJJF Jiu-Jitsu No-Gi Championship 2017,Adult/Male/Blue/Heavy,1,Tymon Rostankowski,GF Team
German National IBJJF Jiu-Jitsu No-Gi Championship 2017,Adult/Male/Blue/Heavy,2,Dominik Grabler,Pound for Pound Team
German National IBJJF Jiu-Jitsu No-Gi Championship 2017,Adult/Male/Blue/Super-Heavy,1,Lukas Menzel,Alliance
German National IBJJF Jiu-Jitsu No-Gi Championship 2017,Adult/Male/Blue/Super-Heavy,2,Giovannie Schet,NS Brotherhood International
German National IBJJF Jiu-Jitsu No-Gi Championship 2017,Adult/Male/Blue/Enum_WeightDivision_OpenClass_Label,1,Ahmed Laaribi,Icon Jiu-Jitsu Team - Hannover
German National IBJJF Jiu-Jitsu No-Gi Championship 2017,Adult/Male/Blue/Enum_WeightDivision_OpenClass_Label,2,Tymon Rostankowski,GF Team
German National IBJJF Jiu-Jitsu No-Gi Championship 2017,Adult/Male/Blue/Enum_WeightDivision_OpenClass_Label,3,Endjilo Jordan,Nova União International
German National IBJJF Jiu-Jitsu No-Gi Championship 2017,Adult/Male/Blue/Enum_WeightDivision_OpenClass_Label,3,Kenji Bortoluzzi,BJJ Team Basel
German National IBJJF Jiu-Jitsu No-Gi Championship 2017,Adult/Male/Purple/Feather,1,Valere Bertrand,Gracie Barra
German National IBJJF Jiu-Jitsu No-Gi Championship 2017,Adult/Male/Purple/Feather,2,Robert Delic,Clube de Jiu-Jitsu Pitbull Czech Republic
German National IBJJF Jiu-Jitsu No-Gi Championship 2017,Adult/Male/Purple/Light,1,Nicola Castellano,Aeterna Jiu Jitsu Team
German National IBJJF Jiu-Jitsu No-Gi Championship 2017,Adult/Male/Purple/Light,2,Nadav Mandil,Pariente Academy
German National IBJJF Jiu-Jitsu No-Gi Championship 2017,Adult/Male/Purple/Light,3,Elijaih Funston,CheckMat
German National IBJJF Jiu-Jitsu No-Gi Championship 2017,Adult/Male/Purple/Light,3,Fabian Benz,Roger Gracie Academy
German National IBJJF Jiu-Jitsu No-Gi Championship 2017,Adult/Male/Purple/Middle,1,Magomed Ansarov,Brasa
German National IBJJF Jiu-Jitsu No-Gi Championship 2017,Adult/Male/Purple/Middle,2,Jakub Najdek,Alliance
German National IBJJF Jiu-Jitsu No-Gi Championship 2017,Adult/Male/Purple/Middle,3,Raphael Lesnino,Pound for Pound Team
German National IBJJF Jiu-Jitsu No-Gi Championship 2017,Adult/Male/Purple/Middle,3,Stefan Mihai Preoteasa,GF Team
German National IBJJF Jiu-Jitsu No-Gi Championship 2017,Adult/Male/Purple/Medium-Heavy,1,Jarosław Stanisław Frankowski,Rio Grappling Club Europe
German National IBJJF Jiu-Jitsu No-Gi Championship 2017,Adult/Male/Purple/Medium-Heavy,2,mohamed omar,Fight Sports
German National IBJJF Jiu-Jitsu No-Gi Championship 2017,Adult/Male/Purple/Medium-Heavy,3,Dominique Maniry,Hilti BJJ IMAG Berlin
German National IBJJF Jiu-Jitsu No-Gi Championship 2017,Adult/Male/Purple/Medium-Heavy,3,Srdan Boškovic,A-Force Brazilian Jiu-Jitsu International
German National IBJJF Jiu-Jitsu No-Gi Championship 2017,Adult/Male/Purple/Heavy,1,Joshua Aman Manczak,CheckMat
German National IBJJF Jiu-Jitsu No-Gi Championship 2017,Adult/Male/Purple/Heavy,2,Peter Lobeck,Gracie Barra
German National IBJJF Jiu-Jitsu No-Gi Championship 2017,Adult/Male/Purple/Super-Heavy,1,Julian Stonjek,LG System
German National IBJJF Jiu-Jitsu No-Gi Championship 2017,Adult/Male/Purple/Super-Heavy,2,Alic Dzevad,SK Team / FMA
German National IBJJF Jiu-Jitsu No-Gi Championship 2017,Adult/Male/Purple/Enum_WeightDivision_OpenClass_Label,1,Julian Stonjek,LG System
German National IBJJF Jiu-Jitsu No-Gi Championship 2017,Adult/Male/Purple/Enum_WeightDivision_OpenClass_Label,2,Alic Dzevad,SK Team / FMA
German National IBJJF Jiu-Jitsu No-Gi Championship 2017,Adult/Male/Purple/Enum_WeightDivision_OpenClass_Label,3,Peter Lobeck,Gracie Barra
German National IBJJF Jiu-Jitsu No-Gi Championship 2017,Adult/Male/Purple/Enum_WeightDivision_OpenClass_Label,3,Valere Bertrand,Gracie Barra
German National IBJJF Jiu-Jitsu No-Gi Championship 2017,Adult/Male/Brown/Light,1,Omar  Yamak,Mjolnir
German National IBJJF Jiu-Jitsu No-Gi Championship 2017,Adult/Male/Brown/Light,2,Tomáš Pohorelec,Clube de Jiu-Jitsu Pitbull Czech Republic
German National IBJJF Jiu-Jitsu No-Gi Championship 2017,Adult/Male/Brown/Light,3,Igor Jerzy Wojtas,Gold Team Fighters
German National IBJJF Jiu-Jitsu No-Gi Championship 2017,Adult/Male/Brown/Middle,1,Alan Ciku,Renaissance JJ  / Cicero Costha
German National IBJJF Jiu-Jitsu No-Gi Championship 2017,Adult/Male/Brown/Middle,2,Adam Lewandowski,Zenith BJJ - Poland
German National IBJJF Jiu-Jitsu No-Gi Championship 2017,Adult/Male/Brown/Middle,3,Marius Oderwald,Guto Vicente Jiu-Jitsu Association - Germany
German National IBJJF Jiu-Jitsu No-Gi Championship 2017,Adult/Male/Brown/Middle,3,Pawel Czeslaw Tomalik,Brasa Poland
German National IBJJF Jiu-Jitsu No-Gi Championship 2017,Adult/Male/Brown/Medium-Heavy,1,Louis Michael Glismann,CheckMat
German National IBJJF Jiu-Jitsu No-Gi Championship 2017,Adult/Male/Brown/Medium-Heavy,2,Oualid Sbai,Cicero Costha Internacional
German National IBJJF Jiu-Jitsu No-Gi Championship 2017,Adult/Male/Brown/Heavy,1,Uros Domanovic,Frota Team Nogueira
German National IBJJF Jiu-Jitsu No-Gi Championship 2017,Adult/Male/Brown/Heavy,2,Niels Voskuijl,GF Team International
German National IBJJF Jiu-Jitsu No-Gi Championship 2017,Adult/Male/Brown/Super-Heavy,1,Pawel Kwiatkowski,GF Team
German National IBJJF Jiu-Jitsu No-Gi Championship 2017,Adult/Male/Brown/Enum_WeightDivision_OpenClass_Label,1,Louis Michael Glismann,CheckMat
German National IBJJF Jiu-Jitsu No-Gi Championship 2017,Adult/Male/Brown/Enum_WeightDivision_OpenClass_Label,2,Pawel Kwiatkowski,GF Team
German National IBJJF Jiu-Jitsu No-Gi Championship 2017,Adult/Male/Brown/Enum_WeightDivision_OpenClass_Label,3,Omar  Yamak,Mjolnir
German National IBJJF Jiu-Jitsu No-Gi Championship 2017,Adult/Male/Brown/Enum_WeightDivision_OpenClass_Label,3,Pawel Czeslaw Tomalik,Brasa Poland
German National IBJJF Jiu-Jitsu No-Gi Championship 2017,Adult/Male/Black/Feather,1,Milton Carlos Bastos P. do Nascimento,Milton Bastos BJJ
German National IBJJF Jiu-Jitsu No-Gi Championship 2017,Adult/Male/Black/Feather,2,Marko Jokmanovic,A-Force Brazilian Jiu-Jitsu International
German National IBJJF Jiu-Jitsu No-Gi Championship 2017,Adult/Male/Black/Middle,1,Pablo Mantovani Dutra,Atos Jiu-Jitsu
German National IBJJF Jiu-Jitsu No-Gi Championship 2017,Adult/Male/Black/Middle,2,Benedikt Johannes Schotthöfer,Pound for Pound Team
German National IBJJF Jiu-Jitsu No-Gi Championship 2017,Adult/Male/Black/Middle,3,Chango Eersel,NS Brotherhood International
German National IBJJF Jiu-Jitsu No-Gi Championship 2017,Adult/Male/Black/Medium-Heavy,1,Arthur Pucci,Alliance
German National IBJJF Jiu-Jitsu No-Gi Championship 2017,Adult/Male/Black/Super-Heavy,1,Adam Wardzinski,CheckMat
German National IBJJF Jiu-Jitsu No-Gi Championship 2017,Adult/Male/Black/Super-Heavy,2,Nicolas E. Penzer,PAT Academy Belgium
German National IBJJF Jiu-Jitsu No-Gi Championship 2017,Adult/Male/Black/Super-Heavy,3,Felipe Oosterveen Arantes Cançado,Gracie Humaita International
German National IBJJF Jiu-Jitsu No-Gi Championship 2017,Adult/Male/Black/Ultra-Heavy,1,Eldar Rafigaev,Jungle Brazilian Jiu-Jitsu
German National IBJJF Jiu-Jitsu No-Gi Championship 2017,Adult/Male/Black/Ultra-Heavy,2,Marek Pawel Zbrog,Gracie Barra
German National IBJJF Jiu-Jitsu No-Gi Championship 2017,Adult/Male/Black/Ultra-Heavy,3,Martin Johannes Gobel,GCP Godzilla Competition Project
German National IBJJF Jiu-Jitsu No-Gi Championship 2017,Adult/Male/Black/Enum_WeightDivision_OpenClass_Label,1,Adam Wardzinski,CheckMat
German National IBJJF Jiu-Jitsu No-Gi Championship 2017,Adult/Male/Black/Enum_WeightDivision_OpenClass_Label,2,Ali Seena E. A. Munfaradi,Alliance
German National IBJJF Jiu-Jitsu No-Gi Championship 2017,Adult/Male/Black/Enum_WeightDivision_OpenClass_Label,3,Martin Johannes Gobel,GCP Godzilla Competition Project
German National IBJJF Jiu-Jitsu No-Gi Championship 2017,Adult/Male/Black/Enum_WeightDivision_OpenClass_Label,3,Nicolas E. Penzer,PAT Academy Belgium
German National IBJJF Jiu-Jitsu No-Gi Championship 2017,Adult/Female/Blue/Light,1,Natascha Coerper,CheckMat
German National IBJJF Jiu-Jitsu No-Gi Championship 2017,Adult/Female/Blue/Light,2,Michaela Steele,GF Team International
German National IBJJF Jiu-Jitsu No-Gi Championship 2017,Adult/Female/Blue/Light,3,Alena Delic Gondasova,Clube de Jiu-Jitsu Pitbull Czech Republic
German National IBJJF Jiu-Jitsu No-Gi Championship 2017,Adult/Female/Blue/Light,3,Kimberlj Böhm,Pound for Pound Team
German National IBJJF Jiu-Jitsu No-Gi Championship 2017,Adult/Female/Blue/Medium-Heavy,1,Sumia Duehlmeyer,MXT Fight Academy - Canada
German National IBJJF Jiu-Jitsu No-Gi Championship 2017,Adult/Female/Blue/Enum_WeightDivision_OpenClass_Label,1,Sumia Duehlmeyer,MXT Fight Academy - Canada
German National IBJJF Jiu-Jitsu No-Gi Championship 2017,Adult/Female/Blue/Enum_WeightDivision_OpenClass_Label,2,Michaela Steele,GF Team International
German National IBJJF Jiu-Jitsu No-Gi Championship 2017,Adult/Female/Blue/Enum_WeightDivision_OpenClass_Label,3,Natascha Coerper,CheckMat
German National IBJJF Jiu-Jitsu No-Gi Championship 2017,Adult/Female/Purple/Feather,1,Larissa Campos Carvalho,Gracie Reunion
German National IBJJF Jiu-Jitsu No-Gi Championship 2017,Adult/Female/Purple/Feather,2,Georgina  Contel Gallego,Atos JJ International
German National IBJJF Jiu-Jitsu No-Gi Championship 2017,Adult/Female/Purple/Feather,3,Leah Grovell,BJJ Akademie Berlin
German National IBJJF Jiu-Jitsu No-Gi Championship 2017,Adult/Female/Purple/Light,1,Sylvia  Nagel,Hilti BJJ IMAG Berlin
German National IBJJF Jiu-Jitsu No-Gi Championship 2017,Adult/Female/Purple/Medium-Heavy,1,ashley florence,BJJ Team Basel
German National IBJJF Jiu-Jitsu No-Gi Championship 2017,Adult/Female/Purple/Enum_WeightDivision_OpenClass_Label,1,Larissa Campos Carvalho,Gracie Reunion
German National IBJJF Jiu-Jitsu No-Gi Championship 2017,Adult/Female/Purple/Enum_WeightDivision_OpenClass_Label,2,Georgina  Contel Gallego,Atos JJ International
German National IBJJF Jiu-Jitsu No-Gi Championship 2017,Adult/Female/Purple/Enum_WeightDivision_OpenClass_Label,3,Leah Grovell,BJJ Akademie Berlin
German National IBJJF Jiu-Jitsu No-Gi Championship 2017,Adult/Female/Purple/Enum_WeightDivision_OpenClass_Label,3,Sylvia  Nagel,Hilti BJJ IMAG Berlin
German National IBJJF Jiu-Jitsu No-Gi Championship 2017,Master1/Male/Blue/Feather,1,Gabriel Marcel,CheckMat
German National IBJJF Jiu-Jitsu No-Gi Championship 2017,Master1/Male/Blue/Feather,2,Petrit Memeti,Pound for Pound Team
German National IBJJF Jiu-Jitsu No-Gi Championship 2017,Master1/Male/Blue/Middle,1,Stefan Müller,BJJ Akademie Berlin
German National IBJJF Jiu-Jitsu No-Gi Championship 2017,Master1/Male/Blue/Middle,2,Jan-Niclas Schnakenberg,Alliance
German National IBJJF Jiu-Jitsu No-Gi Championship 2017,Master1/Male/Blue/Medium-Heavy,1,Habip Burak Akbiyik,GF Team
German National IBJJF Jiu-Jitsu No-Gi Championship 2017,Master1/Male/Blue/Medium-Heavy,2,Toymyrat Bugayev,Jungle BJJ
German National IBJJF Jiu-Jitsu No-Gi Championship 2017,Master1/Male/Blue/Heavy,1,Carlos  Miranda Burnett,Alliance International
German National IBJJF Jiu-Jitsu No-Gi Championship 2017,Master1/Male/Blue/Heavy,2,Pavel Ryabchuk,Alliance Germany
German National IBJJF Jiu-Jitsu No-Gi Championship 2017,Master1/Male/Blue/Heavy,3,Kevin Mcalister,BJJ Globetrotters
German National IBJJF Jiu-Jitsu No-Gi Championship 2017,Master1/Male/Blue/Super-Heavy,1,Martin Sitar,Clube de Jiu-jitsu Pitbull Europe
German National IBJJF Jiu-Jitsu No-Gi Championship 2017,Master1/Male/Blue/Enum_WeightDivision_OpenClass_Label,1,Habip Burak Akbiyik,GF Team
German National IBJJF Jiu-Jitsu No-Gi Championship 2017,Master1/Male/Blue/Enum_WeightDivision_OpenClass_Label,2,Jan-Niclas Schnakenberg,Alliance
German National IBJJF Jiu-Jitsu No-Gi Championship 2017,Master1/Male/Blue/Enum_WeightDivision_OpenClass_Label,3,Kevin Mcalister,BJJ Globetrotters
German National IBJJF Jiu-Jitsu No-Gi Championship 2017,Master1/Male/Blue/Enum_WeightDivision_OpenClass_Label,3,Pavel Ryabchuk,Alliance Germany
German National IBJJF Jiu-Jitsu No-Gi Championship 2017,Master1/Male/Purple/Middle,1,Cedric Motte,Icon Jiu-Jitsu Team
German National IBJJF Jiu-Jitsu No-Gi Championship 2017,Master1/Male/Purple/Ultra-Heavy,1,Konrad Vanselow,Germano's Team BJJ
German National IBJJF Jiu-Jitsu No-Gi Championship 2017,Master1/Male/Purple/Ultra-Heavy,2,Tomáš Vašícek,A-Force Brazilian Jiu-Jitsu International
German National IBJJF Jiu-Jitsu No-Gi Championship 2017,Master1/Male/Purple/Enum_WeightDivision_OpenClass_Label,1,Konrad Vanselow,Germano's Team BJJ
German National IBJJF Jiu-Jitsu No-Gi Championship 2017,Master1/Male/Purple/Enum_WeightDivision_OpenClass_Label,2,Cedric Motte,Icon Jiu-Jitsu Team
German National IBJJF Jiu-Jitsu No-Gi Championship 2017,Master1/Male/Brown/Middle,1,Sungbeom Woo,Nexusense
German National IBJJF Jiu-Jitsu No-Gi Championship 2017,Master1/Male/Brown/Middle,2,Ermesson da Silveira Queiroz,Roberto Traven BJJ
German National IBJJF Jiu-Jitsu No-Gi Championship 2017,Master1/Male/Brown/Medium-Heavy,1,Jens Uwe Knippschild,Guto Vicente Jiu-Jitsu Association - Germany
German National IBJJF Jiu-Jitsu No-Gi Championship 2017,Master1/Male/Brown/Enum_WeightDivision_OpenClass_Label,1,Ermesson da Silveira Queiroz,Roberto Traven BJJ
German National IBJJF Jiu-Jitsu No-Gi Championship 2017,Master1/Male/Brown/Enum_WeightDivision_OpenClass_Label,2,Jens Uwe Knippschild,Guto Vicente Jiu-Jitsu Association - Germany
German National IBJJF Jiu-Jitsu No-Gi Championship 2017,Master1/Male/Black/Heavy,1,Leonardo Queiroz da Cunha,CheckMat
German National IBJJF Jiu-Jitsu No-Gi Championship 2017,Master1/Male/Black/Ultra-Heavy,1,Luis Gustavo Leite Galvão,Atos JJ International
German National IBJJF Jiu-Jitsu No-Gi Championship 2017,Master1/Male/Black/Enum_WeightDivision_OpenClass_Label,1,Luis Gustavo Leite Galvão,Atos JJ International
German National IBJJF Jiu-Jitsu No-Gi Championship 2017,Master1/Male/Black/Enum_WeightDivision_OpenClass_Label,2,Leonardo Queiroz da Cunha,CheckMat
German National IBJJF Jiu-Jitsu No-Gi Championship 2017,Master2/Male/Blue/Light,1,Henry Grever,Gracie Barra
German National IBJJF Jiu-Jitsu No-Gi Championship 2017,Master2/Male/Blue/Light,2,Petko Politov,Pound for Pound Team
German National IBJJF Jiu-Jitsu No-Gi Championship 2017,Master2/Male/Blue/Middle,1,Peter Strocinsky,Clube de Jiu-Jitsu Pitbull Czech Republic
German National IBJJF Jiu-Jitsu No-Gi Championship 2017,Master2/Male/Blue/Middle,2,Mirco Christian Karjalainen,Frota Team Nogueira
German National IBJJF Jiu-Jitsu No-Gi Championship 2017,Master2/Male/Blue/Heavy,1,Yves Andre Ing Mattis,Roger Gracie Vienna
German National IBJJF Jiu-Jitsu No-Gi Championship 2017,Master2/Male/Blue/Heavy,2,Daniel Halberg,CheckMat
German National IBJJF Jiu-Jitsu No-Gi Championship 2017,Master2/Male/Blue/Ultra-Heavy,1,Dariusz Senko,Gold Team Fighters B
German National IBJJF Jiu-Jitsu No-Gi Championship 2017,Master2/Male/Blue/Enum_WeightDivision_OpenClass_Label,1,Dariusz Senko,Gold Team Fighters B
German National IBJJF Jiu-Jitsu No-Gi Championship 2017,Master2/Male/Blue/Enum_WeightDivision_OpenClass_Label,2,Mirco Christian Karjalainen,Frota Team Nogueira
German National IBJJF Jiu-Jitsu No-Gi Championship 2017,Master2/Male/Blue/Enum_WeightDivision_OpenClass_Label,3,Peter Strocinsky,Clube de Jiu-Jitsu Pitbull Czech Republic
German National IBJJF Jiu-Jitsu No-Gi Championship 2017,Master2/Male/Blue/Enum_WeightDivision_OpenClass_Label,3,Petko Politov,Pound for Pound Team
German National IBJJF Jiu-Jitsu No-Gi Championship 2017,Master2/Male/Purple/Medium-Heavy,1,Maik Henneberg,Gracie Barra
German National IBJJF Jiu-Jitsu No-Gi Championship 2017,Master2/Male/Brown/Light,1,Jaroslaw Tomasz Chmiel,Rio Grappling Club Europe
German National IBJJF Jiu-Jitsu No-Gi Championship 2017,Master2/Male/Brown/Light,2,Ludovic Parreira,Ribeiro Jiu-Jitsu
German National IBJJF Jiu-Jitsu No-Gi Championship 2017,Master2/Male/Brown/Light,3,Sang Youen Cho,CheckMat
German National IBJJF Jiu-Jitsu No-Gi Championship 2017,Master2/Male/Brown/Enum_WeightDivision_OpenClass_Label,1,Jaroslaw Tomasz Chmiel,Rio Grappling Club Europe
German National IBJJF Jiu-Jitsu No-Gi Championship 2017,Master2/Male/Black/Feather,1,Seena Ebrahim Abdulla Monfaradi,Alliance International
German National IBJJF Jiu-Jitsu No-Gi Championship 2017,Master2/Male/Black/Light,1,Reza Monfaradi,Alliance International
German National IBJJF Jiu-Jitsu No-Gi Championship 2017,Master2/Male/Black/Ultra-Heavy,1,Grzegorz Henryk Szatkowski,Gold Team Fighters B
German National IBJJF Jiu-Jitsu No-Gi Championship 2017,Master2/Male/Black/Enum_WeightDivision_OpenClass_Label,1,Grzegorz Henryk Szatkowski,Gold Team Fighters B
German National IBJJF Jiu-Jitsu No-Gi Championship 2017,Master2/Male/Black/Enum_WeightDivision_OpenClass_Label,2,Seena Ebrahim Abdulla Monfaradi,Alliance International
German National IBJJF Jiu-Jitsu No-Gi Championship 2017,Master2/Male/Black/Enum_WeightDivision_OpenClass_Label,3,Reza Monfaradi,Alliance International
