San Jose International Open Jiu-Jitsu 2017,Adult/Male/White/Rooster,1,Pablo Miguel Gomez,Gracie Fighter
San Jose International Open Jiu-Jitsu 2017,Adult/Male/White/Rooster,2,Chris Yang,Dethrone Brazilian Jiu-Jitsu
San Jose International Open Jiu-Jitsu 2017,Adult/Male/White/Light-Feather,1,Jeremy Dinh,Ares BJJ
San Jose International Open Jiu-Jitsu 2017,Adult/Male/White/Light-Feather,2,Manuel Gonzalez,Yemaso Brazilian Jiu-Jitsu
San Jose International Open Jiu-Jitsu 2017,Adult/Male/White/Light-Feather,3,Michael A Bux,Caio Terra Association
San Jose International Open Jiu-Jitsu 2017,Adult/Male/White/Light-Feather,3,Nate Isaac Soliz,DDR Jiu Jitsu
San Jose International Open Jiu-Jitsu 2017,Adult/Male/White/Feather,1,Garrett Wayne Pearson,Yemaso Brazilian Jiu-Jitsu
San Jose International Open Jiu-Jitsu 2017,Adult/Male/White/Feather,2,Justin Victoria,Way of the Warrior BJJ Academy
San Jose International Open Jiu-Jitsu 2017,Adult/Male/White/Feather,3,Kyle Robert Balga,Ares BJJ
San Jose International Open Jiu-Jitsu 2017,Adult/Male/White/Feather,3,Max Gunari,Ralph Gracie Dublin
San Jose International Open Jiu-Jitsu 2017,Adult/Male/White/Light,1,Wesley Lancaster,CheckMat
San Jose International Open Jiu-Jitsu 2017,Adult/Male/White/Light,2,Christian De Sousa,Guerrilla Jiu Jitsu
San Jose International Open Jiu-Jitsu 2017,Adult/Male/White/Light,3,Jonathan Esquivel,Dustin Akbari BJJ
San Jose International Open Jiu-Jitsu 2017,Adult/Male/White/Light,3,Quentin Baldwin,Dustin Akbari BJJ
San Jose International Open Jiu-Jitsu 2017,Adult/Male/White/Middle,1,Matthew Guffey,Caio Terra Association
San Jose International Open Jiu-Jitsu 2017,Adult/Male/White/Middle,2,Aaron Christopher Armijo,CheckMat
San Jose International Open Jiu-Jitsu 2017,Adult/Male/White/Middle,3,Jacob Andrew Thompson,Gracie Fighter
San Jose International Open Jiu-Jitsu 2017,Adult/Male/White/Middle,3,Lucas Crawford,Ribeiro Jiu-Jitsu
San Jose International Open Jiu-Jitsu 2017,Adult/Male/White/Medium-Heavy,1,Manuel P. Mendoza,Fabio Prado BJJ
San Jose International Open Jiu-Jitsu 2017,Adult/Male/White/Medium-Heavy,2,Alexander W Orovitz,Yemaso Brazilian Jiu-Jitsu
San Jose International Open Jiu-Jitsu 2017,Adult/Male/White/Medium-Heavy,3,Daniel Garcia,CheckMat
San Jose International Open Jiu-Jitsu 2017,Adult/Male/White/Medium-Heavy,3,Nathan Loeffler,Cleber Jiu Jitsu Visalia
San Jose International Open Jiu-Jitsu 2017,Adult/Male/White/Heavy,1,Will Jackson,Ralph Gracie Jiu Jitsu
San Jose International Open Jiu-Jitsu 2017,Adult/Male/White/Heavy,2,Bryan Eden Castaneda,Sandro Batata Brazilian Jiu-jitsu
San Jose International Open Jiu-Jitsu 2017,Adult/Male/White/Heavy,3,Luke Ryan Klein,Fresno Team Rocha
San Jose International Open Jiu-Jitsu 2017,Adult/Male/White/Heavy,3,Steven Cardenas Lorenzo,Heroes Martial Arts
San Jose International Open Jiu-Jitsu 2017,Adult/Male/White/Super-Heavy,1,Andrew Purcell,Gracie Fighter
San Jose International Open Jiu-Jitsu 2017,Adult/Male/White/Super-Heavy,2,Nwabueze Umeh,Tinguinha BJJ academy
San Jose International Open Jiu-Jitsu 2017,Adult/Male/White/Super-Heavy,3,Iannick Remillard,UFC Gym
San Jose International Open Jiu-Jitsu 2017,Adult/Male/White/Ultra-Heavy,1,Trenton McClellan,Gracie Humaita Phoenix
San Jose International Open Jiu-Jitsu 2017,Adult/Male/White/Ultra-Heavy,2,Jack McCabe,Serao Mixed Martial Arts
San Jose International Open Jiu-Jitsu 2017,Adult/Male/White/Ultra-Heavy,3,Abisai Vasquez,Caio Terra Association
San Jose International Open Jiu-Jitsu 2017,Adult/Male/White/Ultra-Heavy,3,Donald Thao,Dethrone Brazilian Jiu-Jitsu
San Jose International Open Jiu-Jitsu 2017,Adult/Male/Blue/Rooster,1,Hansaem Lee,UFC Gym
San Jose International Open Jiu-Jitsu 2017,Adult/Male/Blue/Rooster,2,James Carpio,Gracie Barra
San Jose International Open Jiu-Jitsu 2017,Adult/Male/Blue/Rooster,3,Joshua Walters,Ribeiro Jiu-Jitsu
San Jose International Open Jiu-Jitsu 2017,Adult/Male/Blue/Light-Feather,1,Liam Randall Thoren Moss,Atos Jiu-Jitsu
San Jose International Open Jiu-Jitsu 2017,Adult/Male/Blue/Light-Feather,2,Ian Felicitas,Atos Jiu-Jitsu
San Jose International Open Jiu-Jitsu 2017,Adult/Male/Blue/Light-Feather,3,Andres  Ponce,Yemaso Brazilian Jiu-Jitsu
San Jose International Open Jiu-Jitsu 2017,Adult/Male/Blue/Light-Feather,3,Andrew K. Chesmore,Ares BJJ
San Jose International Open Jiu-Jitsu 2017,Adult/Male/Blue/Feather,1,Jian Nickolas Lee,One World Jiu Jitsu
San Jose International Open Jiu-Jitsu 2017,Adult/Male/Blue/Feather,2,Julius Bautista,Carlson Gracie Team
San Jose International Open Jiu-Jitsu 2017,Adult/Male/Blue/Feather,3,Carlos Ortiz,Alliance Los Angeles
San Jose International Open Jiu-Jitsu 2017,Adult/Male/Blue/Feather,3,José Lucas Costa Da Silva,Game Fight BJJ/Manimal
San Jose International Open Jiu-Jitsu 2017,Adult/Male/Blue/Light,1,Tyler Shew,One World Jiu Jitsu Academy
San Jose International Open Jiu-Jitsu 2017,Adult/Male/Blue/Light,2,John Luke Sanchez,Fresno Team Rocha
San Jose International Open Jiu-Jitsu 2017,Adult/Male/Blue/Light,3,Besar Madzar,Sandro Batata Brazilian Jiu-jitsu
San Jose International Open Jiu-Jitsu 2017,Adult/Male/Blue/Light,3,Lucas Espinoza,Cassio Werneck BJJ
San Jose International Open Jiu-Jitsu 2017,Adult/Male/Blue/Middle,1,Stephen Towne,Atos Jiu-Jitsu
San Jose International Open Jiu-Jitsu 2017,Adult/Male/Blue/Middle,2,Rudy Conant,Gracie Barra
San Jose International Open Jiu-Jitsu 2017,Adult/Male/Blue/Middle,3,christopher gallego,Atos Jiu-Jitsu
San Jose International Open Jiu-Jitsu 2017,Adult/Male/Blue/Middle,3,Scott Cummings,TRUJITSU / Bakersfield
San Jose International Open Jiu-Jitsu 2017,Adult/Male/Blue/Medium-Heavy,1,Adam Bradley,Atos Jiu-Jitsu
San Jose International Open Jiu-Jitsu 2017,Adult/Male/Blue/Medium-Heavy,2,luis alatorre,Yemaso Brazilian Jiu-Jitsu
San Jose International Open Jiu-Jitsu 2017,Adult/Male/Blue/Medium-Heavy,3,Edgar Duran,TRUJITSU / Bakersfield
San Jose International Open Jiu-Jitsu 2017,Adult/Male/Blue/Medium-Heavy,3,Michael Walker,TRUJITSU / Bakersfield
San Jose International Open Jiu-Jitsu 2017,Adult/Male/Blue/Heavy,1,Alexander Sterner,Atos Jiu-Jitsu
San Jose International Open Jiu-Jitsu 2017,Adult/Male/Blue/Heavy,2,Denis Konnov,Gracie Fighter
San Jose International Open Jiu-Jitsu 2017,Adult/Male/Blue/Heavy,3,Diego Avalon,Ares BJJ
San Jose International Open Jiu-Jitsu 2017,Adult/Male/Blue/Heavy,3,Jose  Sanchez,Brasa CTA
San Jose International Open Jiu-Jitsu 2017,Adult/Male/Blue/Super-Heavy,1,Marcus Laffen,Caio Terra Association
San Jose International Open Jiu-Jitsu 2017,Adult/Male/Blue/Super-Heavy,2,Jonathan Shaya,Atos Jiu-Jitsu
San Jose International Open Jiu-Jitsu 2017,Adult/Male/Blue/Super-Heavy,3,Vadim Yaport,Heroes Martial Arts
San Jose International Open Jiu-Jitsu 2017,Adult/Male/Blue/Super-Heavy,3,Zhongli Cheng,Mauricio Alonso BJJ
San Jose International Open Jiu-Jitsu 2017,Adult/Male/Blue/Enum_WeightDivision_OpenClass_Label,1,Alexander Sterner,Atos Jiu-Jitsu
San Jose International Open Jiu-Jitsu 2017,Adult/Male/Blue/Enum_WeightDivision_OpenClass_Label,2,Adam Bradley,Atos Jiu-Jitsu
San Jose International Open Jiu-Jitsu 2017,Adult/Male/Blue/Enum_WeightDivision_OpenClass_Label,3,Edgar Duran,TRUJITSU / Bakersfield
San Jose International Open Jiu-Jitsu 2017,Adult/Male/Blue/Enum_WeightDivision_OpenClass_Label,3,Michael Walker,TRUJITSU / Bakersfield
San Jose International Open Jiu-Jitsu 2017,Adult/Male/Purple/Rooster,1,Michael Jared Lomuntad Honrado,Vitor Shaolin BJJ
San Jose International Open Jiu-Jitsu 2017,Adult/Male/Purple/Rooster,2,carlos florez,Alliance Los Angeles
San Jose International Open Jiu-Jitsu 2017,Adult/Male/Purple/Rooster,3,Michael Gatus,TRUJITSU / Bakersfield
San Jose International Open Jiu-Jitsu 2017,Adult/Male/Purple/Rooster,3,Zach Smith,Yemaso Brazilian Jiu-Jitsu
San Jose International Open Jiu-Jitsu 2017,Adult/Male/Purple/Light-Feather,1,Pedro Serrano,Gracie Barra
San Jose International Open Jiu-Jitsu 2017,Adult/Male/Purple/Light-Feather,2,Frankie Jenkins,Ribeiro Jiu-Jitsu
San Jose International Open Jiu-Jitsu 2017,Adult/Male/Purple/Light-Feather,3,Alan-Michael Zacarias,Heroes Martial Arts
San Jose International Open Jiu-Jitsu 2017,Adult/Male/Purple/Light-Feather,3,Brandon Enrique Valentin,Vitor Shaolin BJJ
San Jose International Open Jiu-Jitsu 2017,Adult/Male/Purple/Feather,1,Bryan Andres Fernandez,Atos JJ USA
San Jose International Open Jiu-Jitsu 2017,Adult/Male/Purple/Feather,2,Jose Urbina,Gracie Humaita Phoenix
San Jose International Open Jiu-Jitsu 2017,Adult/Male/Purple/Feather,3,Bryce Cooper,GD Jiu-Jitsu Association
San Jose International Open Jiu-Jitsu 2017,Adult/Male/Purple/Feather,3,Chance Soltero,Ares BJJ
San Jose International Open Jiu-Jitsu 2017,Adult/Male/Purple/Light,1,David Augustine Fraser,Gracie Barra
San Jose International Open Jiu-Jitsu 2017,Adult/Male/Purple/Light,2,Anthony Caito,Atos Jiu-Jitsu
San Jose International Open Jiu-Jitsu 2017,Adult/Male/Purple/Light,3,Austin Aaron Fraley,Coalition 95
San Jose International Open Jiu-Jitsu 2017,Adult/Male/Purple/Light,3,Jesus Rangel,CheckMat
San Jose International Open Jiu-Jitsu 2017,Adult/Male/Purple/Middle,1,Anthony Hana Cruz,Caio Terra Association
San Jose International Open Jiu-Jitsu 2017,Adult/Male/Purple/Middle,2,Cory Martinez,CheckMat
San Jose International Open Jiu-Jitsu 2017,Adult/Male/Purple/Middle,3,Alan  Chuop,DDR Jiu Jitsu
San Jose International Open Jiu-Jitsu 2017,Adult/Male/Purple/Middle,3,Batsukh Batbayar,Unified Jiu Jitsu
San Jose International Open Jiu-Jitsu 2017,Adult/Male/Purple/Medium-Heavy,1,Ronaldo Pereira de Souza Júnior,Academia Pitbull
San Jose International Open Jiu-Jitsu 2017,Adult/Male/Purple/Medium-Heavy,2,Guthierry Barbosa,Caio Terra Association
San Jose International Open Jiu-Jitsu 2017,Adult/Male/Purple/Medium-Heavy,3,Florian Niedhammer,Guerrilla Jiu Jitsu
San Jose International Open Jiu-Jitsu 2017,Adult/Male/Purple/Medium-Heavy,3,Mark  Holford,Gracie Barra
San Jose International Open Jiu-Jitsu 2017,Adult/Male/Purple/Heavy,1,Sky Lovell,Gracie Barra
San Jose International Open Jiu-Jitsu 2017,Adult/Male/Purple/Heavy,2,Michael  Kirkman,Caio Terra Association
San Jose International Open Jiu-Jitsu 2017,Adult/Male/Purple/Heavy,3,Maxuel Gomes Ribeiro,Lister Glover Jiu Jitsu
San Jose International Open Jiu-Jitsu 2017,Adult/Male/Purple/Heavy,3,Travis Marshall,Caio Terra Association
San Jose International Open Jiu-Jitsu 2017,Adult/Male/Purple/Ultra-Heavy,1,Renato dos Santos Tagliari,Caio Terra Association
San Jose International Open Jiu-Jitsu 2017,Adult/Male/Purple/Enum_WeightDivision_OpenClass_Label,1,Ronaldo Pereira de Souza Júnior,Academia Pitbull
San Jose International Open Jiu-Jitsu 2017,Adult/Male/Purple/Enum_WeightDivision_OpenClass_Label,2,Renato dos Santos Tagliari,Caio Terra Association
San Jose International Open Jiu-Jitsu 2017,Adult/Male/Purple/Enum_WeightDivision_OpenClass_Label,3,David Augustine Fraser,Gracie Barra
San Jose International Open Jiu-Jitsu 2017,Adult/Male/Purple/Enum_WeightDivision_OpenClass_Label,3,Guthierry Barbosa,Caio Terra Association
San Jose International Open Jiu-Jitsu 2017,Adult/Male/Brown/Light-Feather,1,Carlos Saquic Perez,Yemaso Brazilian Jiu-Jitsu
San Jose International Open Jiu-Jitsu 2017,Adult/Male/Brown/Light-Feather,2,Arnold Gladimir Monterroso,GD Jiu-Jitsu Association
San Jose International Open Jiu-Jitsu 2017,Adult/Male/Brown/Light-Feather,3,David Escalona Canubida,CheckMat
San Jose International Open Jiu-Jitsu 2017,Adult/Male/Brown/Feather,1,Shane  Torres,Coalition 95
San Jose International Open Jiu-Jitsu 2017,Adult/Male/Brown/Feather,2,Richard Wing Fu Wong,Yemaso Brazilian Jiu-Jitsu
San Jose International Open Jiu-Jitsu 2017,Adult/Male/Brown/Light,1,Alexandre Faria Molinaro,Carlson Gracie Team
San Jose International Open Jiu-Jitsu 2017,Adult/Male/Brown/Light,2,Jonathan Cline Smith,Atos Jiu-Jitsu
San Jose International Open Jiu-Jitsu 2017,Adult/Male/Brown/Light,3,Daniel Augustus Sirica Speirn,Ralph Gracie Jiu Jitsu
San Jose International Open Jiu-Jitsu 2017,Adult/Male/Brown/Light,3,Leonardo Araujo Freires,LCCT - Combat Team
San Jose International Open Jiu-Jitsu 2017,Adult/Male/Brown/Middle,1,Kauan Argimon Barboza,Carlson Gracie Team
San Jose International Open Jiu-Jitsu 2017,Adult/Male/Brown/Middle,2,Jeremy Sachio Nitta,Caio Terra Association
San Jose International Open Jiu-Jitsu 2017,Adult/Male/Brown/Middle,3,Christopher William Hargett,Ribeiro Jiu-Jitsu
San Jose International Open Jiu-Jitsu 2017,Adult/Male/Brown/Medium-Heavy,1,Gianni K. T. E. Crivello,Ralph Gracie Jiu Jitsu
San Jose International Open Jiu-Jitsu 2017,Adult/Male/Brown/Medium-Heavy,2,Benjamin Silva IV,Caio Terra Association
San Jose International Open Jiu-Jitsu 2017,Adult/Male/Brown/Medium-Heavy,3,Daniel-Shea Garcia Stolfi,Atos Jiu-Jitsu
San Jose International Open Jiu-Jitsu 2017,Adult/Male/Brown/Heavy,1,Rudson Mateus Sarmento Teles,Caio Terra Association
San Jose International Open Jiu-Jitsu 2017,Adult/Male/Brown/Heavy,2,Nicholas Greene,Ralph Gracie Jiu Jitsu
San Jose International Open Jiu-Jitsu 2017,Adult/Male/Brown/Ultra-Heavy,1,Casey William Hellenberg,Ribeiro Jiu-Jitsu
San Jose International Open Jiu-Jitsu 2017,Adult/Male/Brown/Ultra-Heavy,2,Jerry Foster,Brazilian Top Team Long Beach
San Jose International Open Jiu-Jitsu 2017,Adult/Male/Brown/Ultra-Heavy,3,Ryan Walsh,Caio Terra Association
San Jose International Open Jiu-Jitsu 2017,Adult/Male/Brown/Enum_WeightDivision_OpenClass_Label,1,Casey William Hellenberg,Ribeiro Jiu-Jitsu
San Jose International Open Jiu-Jitsu 2017,Adult/Male/Brown/Enum_WeightDivision_OpenClass_Label,2,Christopher William Hargett,Ribeiro Jiu-Jitsu
San Jose International Open Jiu-Jitsu 2017,Adult/Male/Brown/Enum_WeightDivision_OpenClass_Label,3,Jeremy Sachio Nitta,Caio Terra Association
San Jose International Open Jiu-Jitsu 2017,Adult/Male/Brown/Enum_WeightDivision_OpenClass_Label,3,Rudson Mateus Sarmento Teles,Caio Terra Association
San Jose International Open Jiu-Jitsu 2017,Adult/Male/Black/Light-Feather,1,Michael Woolf Barnato,Ralph Gracie Jiu Jitsu
San Jose International Open Jiu-Jitsu 2017,Adult/Male/Black/Feather,1,Kim Terra,Caio Terra Association
San Jose International Open Jiu-Jitsu 2017,Adult/Male/Black/Feather,2,Jonathan Van Buren,Ares BJJ
San Jose International Open Jiu-Jitsu 2017,Adult/Male/Black/Feather,3,Ian Phyllip Sanders,Rodrigo Freitas Brazilian Jiu-Jitsu
San Jose International Open Jiu-Jitsu 2017,Adult/Male/Black/Feather,3,Wallace Fernando Santos,Soul Fighters Las Vegas
San Jose International Open Jiu-Jitsu 2017,Adult/Male/Black/Light,1,Osvaldo Augusto Honorio Moizinho,Ares BJJ
San Jose International Open Jiu-Jitsu 2017,Adult/Male/Black/Light,2,Silvio Duran de Barros Saraiva,Vitor Shaolin BJJ
San Jose International Open Jiu-Jitsu 2017,Adult/Male/Black/Light,3,Nicollas Welker Amorim Araujo,Alliance Los Angeles
San Jose International Open Jiu-Jitsu 2017,Adult/Male/Black/Light,3,Ross Daniel Keeping,Gracie Humaita Las Vegas
San Jose International Open Jiu-Jitsu 2017,Adult/Male/Black/Middle,1,Robby Malof,GF Team Ohio
San Jose International Open Jiu-Jitsu 2017,Adult/Male/Black/Middle,2,Piter Frank Almeida Silva,Alliance San Diego
San Jose International Open Jiu-Jitsu 2017,Adult/Male/Black/Middle,3,Gabriel Procópio da Fonseca,Brazilian Top Team
San Jose International Open Jiu-Jitsu 2017,Adult/Male/Black/Middle,3,John Rickel,Gracie Barra
San Jose International Open Jiu-Jitsu 2017,Adult/Male/Black/Medium-Heavy,1,Lucas Daniel Silva Barbosa,Atos Jiu-Jitsu
San Jose International Open Jiu-Jitsu 2017,Adult/Male/Black/Medium-Heavy,2,Nathan Albrecht Mendelsohn,Coalition 95
San Jose International Open Jiu-Jitsu 2017,Adult/Male/Black/Medium-Heavy,3,Ronald A. Keslar Jr.,CheckMat
San Jose International Open Jiu-Jitsu 2017,Adult/Male/Black/Medium-Heavy,3,Vinicius Morais da Silva,De La Riva JJ
San Jose International Open Jiu-Jitsu 2017,Adult/Male/Black/Heavy,1,Caio Terra,Caio Terra Association
San Jose International Open Jiu-Jitsu 2017,Adult/Male/Black/Super-Heavy,1,Eliot Andrew Kelly,Yemaso Brazilian Jiu-Jitsu
San Jose International Open Jiu-Jitsu 2017,Adult/Male/Black/Super-Heavy,2,Nick Schrock,Ribeiro Jiu-Jitsu
San Jose International Open Jiu-Jitsu 2017,Adult/Male/Black/Ultra-Heavy,1,Vinicius de Magalhães,Vinny Magalhaes BJJ
San Jose International Open Jiu-Jitsu 2017,Adult/Male/Black/Enum_WeightDivision_OpenClass_Label,1,Lucas Daniel Silva Barbosa,Atos Jiu-Jitsu
San Jose International Open Jiu-Jitsu 2017,Adult/Male/Black/Enum_WeightDivision_OpenClass_Label,2,Vinicius de Magalhães,Vinny Magalhaes BJJ
San Jose International Open Jiu-Jitsu 2017,Adult/Male/Black/Enum_WeightDivision_OpenClass_Label,3,Kim Terra,Caio Terra Association
San Jose International Open Jiu-Jitsu 2017,Adult/Male/Black/Enum_WeightDivision_OpenClass_Label,3,Nathan Albrecht Mendelsohn,Coalition 95
San Jose International Open Jiu-Jitsu 2017,Adult/Female/White/Rooster,1,Jazmin Flores Osorio,Ares BJJ
San Jose International Open Jiu-Jitsu 2017,Adult/Female/White/Rooster,2,Giavanna Crivello,Ralph Gracie Jiu Jitsu
San Jose International Open Jiu-Jitsu 2017,Adult/Female/White/Rooster,3,My Mora,Yemaso Brazilian Jiu-Jitsu
San Jose International Open Jiu-Jitsu 2017,Adult/Female/White/Light-Feather,1,Alyssa Wang,Smash Gyms
San Jose International Open Jiu-Jitsu 2017,Adult/Female/White/Light-Feather,2,Coral Sango Murakami-Fester,Ralph Gracie Jiu Jitsu
San Jose International Open Jiu-Jitsu 2017,Adult/Female/White/Light-Feather,3,Brianna Rose Pacis,Coalition 95
San Jose International Open Jiu-Jitsu 2017,Adult/Female/White/Light-Feather,3,Thao Ngoc Pham,CheckMat
San Jose International Open Jiu-Jitsu 2017,Adult/Female/White/Feather,1,Gabrielle King,CheckMat
San Jose International Open Jiu-Jitsu 2017,Adult/Female/White/Feather,2,Elizabeth Stalter,Ares BJJ
San Jose International Open Jiu-Jitsu 2017,Adult/Female/White/Feather,3,Li Zhou,Ralph Gracie Jiu Jitsu
San Jose International Open Jiu-Jitsu 2017,Adult/Female/White/Feather,3,Megan Elizabeth Quan,Soul Fighters California
San Jose International Open Jiu-Jitsu 2017,Adult/Female/White/Light,1,Blanca Macedo,GD Jiu-Jitsu Association
San Jose International Open Jiu-Jitsu 2017,Adult/Female/White/Light,2,Briana Campos,One World Jiu Jitsu Academy
San Jose International Open Jiu-Jitsu 2017,Adult/Female/White/Light,3,Anita Shammee,Ralph Gracie Jiu-Jitsu Berkeley
San Jose International Open Jiu-Jitsu 2017,Adult/Female/White/Light,3,Ashley Lucas,Tinguinha BJJ academy
San Jose International Open Jiu-Jitsu 2017,Adult/Female/White/Middle,1,Alison Stiegler,Ralph Gracie Jiu-Jitsu Berkeley
San Jose International Open Jiu-Jitsu 2017,Adult/Female/White/Middle,2,Lillian Martinez,Ares BJJ
San Jose International Open Jiu-Jitsu 2017,Adult/Female/White/Medium-Heavy,1,Jane Kieu Becerra,Caio Terra Association
San Jose International Open Jiu-Jitsu 2017,Adult/Female/White/Medium-Heavy,2,Jessica Lyn-Mae Howard,Ares BJJ
San Jose International Open Jiu-Jitsu 2017,Adult/Female/White/Heavy,1,Michelle Len,Guerrilla Jiu Jitsu
San Jose International Open Jiu-Jitsu 2017,Adult/Female/White/Heavy,2,Samantha Krehel,Elite Brazilian Jiu Jitsu Redmond
San Jose International Open Jiu-Jitsu 2017,Adult/Female/White/Heavy,3,Belinda Butler-Veytia,Ralph Gracie Jiu Jitsu
San Jose International Open Jiu-Jitsu 2017,Adult/Female/White/Heavy,3,Sasha King,Ralph Gracie Jiu Jitsu
San Jose International Open Jiu-Jitsu 2017,Adult/Female/Blue/Light-Feather,1,Heather Morgan,Atos Jiu-Jitsu
San Jose International Open Jiu-Jitsu 2017,Adult/Female/Blue/Light-Feather,2,Fiona Ko,Atos JJ USA
San Jose International Open Jiu-Jitsu 2017,Adult/Female/Blue/Light-Feather,3,Adrienne Thompson,Cleber Jiu Jitsu
San Jose International Open Jiu-Jitsu 2017,Adult/Female/Blue/Light-Feather,3,Maggie  Mai,Ribeiro Jiu-Jitsu
San Jose International Open Jiu-Jitsu 2017,Adult/Female/Blue/Feather,1,Melissa Templeman,Ralph Gracie Jiu-Jitsu Berkeley
San Jose International Open Jiu-Jitsu 2017,Adult/Female/Blue/Feather,2,Catherine  Thompson,Caio Terra Association
San Jose International Open Jiu-Jitsu 2017,Adult/Female/Blue/Feather,3,Alex  Barcelona,Ares BJJ
San Jose International Open Jiu-Jitsu 2017,Adult/Female/Blue/Feather,3,Jamie Tann,Yemaso Brazilian Jiu-Jitsu
San Jose International Open Jiu-Jitsu 2017,Adult/Female/Blue/Light,1,Nicole Amber Evangelista,Caio Terra Association
San Jose International Open Jiu-Jitsu 2017,Adult/Female/Blue/Light,2,Joelly Lobato De Faria,Ares BJJ
San Jose International Open Jiu-Jitsu 2017,Adult/Female/Blue/Light,3,Rebecca Reuben,Romulo Melo Brazilian Jiu-Jitsu LLC.
San Jose International Open Jiu-Jitsu 2017,Adult/Female/Blue/Light,3,Shannon Shomo,Caio Terra Association
San Jose International Open Jiu-Jitsu 2017,Adult/Female/Blue/Medium-Heavy,1,Angie Gimaie,Atos Jiu-Jitsu
San Jose International Open Jiu-Jitsu 2017,Adult/Female/Blue/Medium-Heavy,2,Kylie J. Baker Villicano,TRUJITSU / Bakersfield
San Jose International Open Jiu-Jitsu 2017,Adult/Female/Blue/Medium-Heavy,3,Stacey Ann Councilman,Infinite Jiu Jitsu
San Jose International Open Jiu-Jitsu 2017,Adult/Female/Blue/Heavy,1,Maggie Grindatti,Grappling Unlimited
San Jose International Open Jiu-Jitsu 2017,Adult/Female/Blue/Heavy,2,Ashley Montellano,Brazilian Top Team Long Beach
San Jose International Open Jiu-Jitsu 2017,Adult/Female/Blue/Heavy,3,Hannah Waddington,Elements BJJ
San Jose International Open Jiu-Jitsu 2017,Adult/Female/Blue/Heavy,3,Joy Pendell,Dustin Akbari BJJ
San Jose International Open Jiu-Jitsu 2017,Adult/Female/Blue/Enum_WeightDivision_OpenClass_Label,1,Nicole Amber Evangelista,Caio Terra Association
San Jose International Open Jiu-Jitsu 2017,Adult/Female/Blue/Enum_WeightDivision_OpenClass_Label,2,Maggie Grindatti,Grappling Unlimited
San Jose International Open Jiu-Jitsu 2017,Adult/Female/Blue/Enum_WeightDivision_OpenClass_Label,3,Alex  Barcelona,Ares BJJ
San Jose International Open Jiu-Jitsu 2017,Adult/Female/Blue/Enum_WeightDivision_OpenClass_Label,3,Joelly Lobato De Faria,Ares BJJ
San Jose International Open Jiu-Jitsu 2017,Adult/Female/Purple/Feather,1,Trang Mai Pham,Way of the Warrior BJJ Academy
San Jose International Open Jiu-Jitsu 2017,Adult/Female/Purple/Feather,2,Carla Hartenberger,Toronto BJJ
San Jose International Open Jiu-Jitsu 2017,Adult/Female/Purple/Light,1,Alexis Andrade,Guerrilla Jiu Jitsu
San Jose International Open Jiu-Jitsu 2017,Adult/Female/Purple/Light,2,Siouxsie Gomez,CheckMat
San Jose International Open Jiu-Jitsu 2017,Adult/Female/Purple/Middle,1,Elizabeth Jane Exell,Vilanova Brazilian Jiu-Jitsu
San Jose International Open Jiu-Jitsu 2017,Adult/Female/Purple/Middle,2,Cleo Elizabeth Mann,Carlos Sapao BJJ
San Jose International Open Jiu-Jitsu 2017,Adult/Female/Purple/Middle,3,Sonia Sillan,Elite Brazilian Jiu Jitsu Redmond
San Jose International Open Jiu-Jitsu 2017,Adult/Female/Purple/Heavy,1,Julia Matsieva,Team Andre Cia Paulista
San Jose International Open Jiu-Jitsu 2017,Adult/Female/Purple/Enum_WeightDivision_OpenClass_Label,1,Trang Mai Pham,Way of the Warrior BJJ Academy
San Jose International Open Jiu-Jitsu 2017,Adult/Female/Purple/Enum_WeightDivision_OpenClass_Label,2,Elizabeth Jane Exell,Vilanova Brazilian Jiu-Jitsu
San Jose International Open Jiu-Jitsu 2017,Adult/Female/Purple/Enum_WeightDivision_OpenClass_Label,3,Julia Matsieva,Team Andre Cia Paulista
San Jose International Open Jiu-Jitsu 2017,Adult/Female/Purple/Enum_WeightDivision_OpenClass_Label,3,Sonia Sillan,Elite Brazilian Jiu Jitsu Redmond
San Jose International Open Jiu-Jitsu 2017,Adult/Female/Brown/Middle,1,Veronica Eugenia Mota,Revolution Dojo
San Jose International Open Jiu-Jitsu 2017,Adult/Female/Brown/Middle,2,Catherine Fuhro Perret,CheckMat
San Jose International Open Jiu-Jitsu 2017,Adult/Female/Brown/Enum_WeightDivision_OpenClass_Label,1,Catherine Fuhro Perret,CheckMat
San Jose International Open Jiu-Jitsu 2017,Master1/Male/White/Light-Feather,1,Justin Lau,Yemaso Brazilian Jiu-Jitsu
San Jose International Open Jiu-Jitsu 2017,Master1/Male/White/Light-Feather,2,Aayush Iyer,Trinity Brazilian Jiu-Jitsu - Team Stefanac
San Jose International Open Jiu-Jitsu 2017,Master1/Male/White/Feather,1,Orlando Santiago,Yemaso Brazilian Jiu-Jitsu
San Jose International Open Jiu-Jitsu 2017,Master1/Male/White/Feather,2,Tri Lam,Yemaso Brazilian Jiu-Jitsu
San Jose International Open Jiu-Jitsu 2017,Master1/Male/White/Feather,3,Charles Banh,Ribeiro Jiu-Jitsu
San Jose International Open Jiu-Jitsu 2017,Master1/Male/White/Feather,3,Heb Bacus Ababa,Brazilian Top Team Long Beach
San Jose International Open Jiu-Jitsu 2017,Master1/Male/White/Light,1,Omar Esquivel,Dustin Akbari BJJ
San Jose International Open Jiu-Jitsu 2017,Master1/Male/White/Light,2,Darren Ogasawara,Ralph Gracie Jiu Jitsu
San Jose International Open Jiu-Jitsu 2017,Master1/Male/White/Light,3,Terance Williams,Cleber Jiu Jitsu Visalia
San Jose International Open Jiu-Jitsu 2017,Master1/Male/White/Middle,1,Hamza Sabha,Ralph Gracie Jiu Jitsu
San Jose International Open Jiu-Jitsu 2017,Master1/Male/White/Middle,2,Thomas Martinez,Yemaso Brazilian Jiu-Jitsu
San Jose International Open Jiu-Jitsu 2017,Master1/Male/White/Middle,3,Devon McCarty,Dethrone Brazilian Jiu-Jitsu
San Jose International Open Jiu-Jitsu 2017,Master1/Male/White/Medium-Heavy,1,Ben Jon Bassett,Paragon BJJ Academy
San Jose International Open Jiu-Jitsu 2017,Master1/Male/White/Medium-Heavy,2,Ryan Priest,Yemaso Brazilian Jiu-Jitsu
San Jose International Open Jiu-Jitsu 2017,Master1/Male/White/Super-Heavy,1,Benjamin Simon,CheckMat
San Jose International Open Jiu-Jitsu 2017,Master1/Male/White/Super-Heavy,2,James Gregory Laffen,Caio Terra Association
San Jose International Open Jiu-Jitsu 2017,Master1/Male/White/Super-Heavy,3,Brandon C Schuette,Infinite Jiu Jitsu
San Jose International Open Jiu-Jitsu 2017,Master1/Male/White/Super-Heavy,3,Sung Choi,Atos Jiu-Jitsu
San Jose International Open Jiu-Jitsu 2017,Master1/Male/White/Ultra-Heavy,1,Kreg Thomas Rotthoff,CheckMat
San Jose International Open Jiu-Jitsu 2017,Master1/Male/White/Ultra-Heavy,2,Kelly Illescas,Gracie Fighter
San Jose International Open Jiu-Jitsu 2017,Master1/Male/White/Ultra-Heavy,3,David Thomas Kaplan,Caio Terra Association
San Jose International Open Jiu-Jitsu 2017,Master1/Male/White/Ultra-Heavy,3,Urihel Coleman,Caio Terra Association
San Jose International Open Jiu-Jitsu 2017,Master1/Male/Blue/Light-Feather,1,Kyle Sandoval,Ares BJJ
San Jose International Open Jiu-Jitsu 2017,Master1/Male/Blue/Light-Feather,2,Eric Do,Ares BJJ
San Jose International Open Jiu-Jitsu 2017,Master1/Male/Blue/Light-Feather,3,Eric Ong Montanye,Guerrilla Jiu Jitsu
San Jose International Open Jiu-Jitsu 2017,Master1/Male/Blue/Light-Feather,3,Sebastian Wong,Caio Terra Association
San Jose International Open Jiu-Jitsu 2017,Master1/Male/Blue/Feather,1,Bernard Turner,Yemaso Brazilian Jiu-Jitsu
San Jose International Open Jiu-Jitsu 2017,Master1/Male/Blue/Feather,2,Gen Samuel Sekiguchi,Jean Jacques Machado BJJ 2
San Jose International Open Jiu-Jitsu 2017,Master1/Male/Blue/Feather,3,Christopher Salcedo,Way of the Warrior BJJ Academy
San Jose International Open Jiu-Jitsu 2017,Master1/Male/Blue/Feather,3,Jc Mazry,Ares BJJ
San Jose International Open Jiu-Jitsu 2017,Master1/Male/Blue/Light,1,Denis Trofimov,Heroes Martial Arts
San Jose International Open Jiu-Jitsu 2017,Master1/Male/Blue/Light,2,Rahul Kiran Sethuram,Ares BJJ
San Jose International Open Jiu-Jitsu 2017,Master1/Male/Blue/Light,3,Billy English,Yemaso Brazilian Jiu-Jitsu
San Jose International Open Jiu-Jitsu 2017,Master1/Male/Blue/Light,3,James McCandless,Yemaso Brazilian Jiu-Jitsu
San Jose International Open Jiu-Jitsu 2017,Master1/Male/Blue/Middle,1,Harris Bowman,Gracie Humaita USA
San Jose International Open Jiu-Jitsu 2017,Master1/Male/Blue/Middle,2,Nicholas Juarez,Guerrilla Jiu Jitsu
San Jose International Open Jiu-Jitsu 2017,Master1/Male/Blue/Middle,3,Charles Passero,UFC Gym
San Jose International Open Jiu-Jitsu 2017,Master1/Male/Blue/Middle,3,James Lampe,Yemaso Brazilian Jiu-Jitsu
San Jose International Open Jiu-Jitsu 2017,Master1/Male/Blue/Medium-Heavy,1,Ricardo Malia,Coalition 95
San Jose International Open Jiu-Jitsu 2017,Master1/Male/Blue/Medium-Heavy,2,Ian Johnson,Caio Terra Association
San Jose International Open Jiu-Jitsu 2017,Master1/Male/Blue/Medium-Heavy,3,Dan Haar,Ralph Gracie Jiu Jitsu
San Jose International Open Jiu-Jitsu 2017,Master1/Male/Blue/Medium-Heavy,3,Joey Lee,Gracie Barra
San Jose International Open Jiu-Jitsu 2017,Master1/Male/Blue/Heavy,1,Erick Ortez,Caio Terra Association
San Jose International Open Jiu-Jitsu 2017,Master1/Male/Blue/Heavy,2,Jerry  Muhammad,Rio Combat Team
San Jose International Open Jiu-Jitsu 2017,Master1/Male/Blue/Heavy,3,Steve Nguyen,Peninsula BJJ
San Jose International Open Jiu-Jitsu 2017,Master1/Male/Blue/Super-Heavy,1,Daniel Wuerthner,Infinite Jiu Jitsu
San Jose International Open Jiu-Jitsu 2017,Master1/Male/Blue/Super-Heavy,2,Rodrigo Rodrigues Calheiros,CheckMat
San Jose International Open Jiu-Jitsu 2017,Master1/Male/Blue/Super-Heavy,3,Christopher  Bartels,Caio Terra Association
San Jose International Open Jiu-Jitsu 2017,Master1/Male/Blue/Ultra-Heavy,1,Jose Calderon,Mauricio Alonso BJJ
San Jose International Open Jiu-Jitsu 2017,Master1/Male/Blue/Ultra-Heavy,2,Brendan Hooper,Caio Terra Association
San Jose International Open Jiu-Jitsu 2017,Master1/Male/Blue/Enum_WeightDivision_OpenClass_Label,1,Daniel Wuerthner,Infinite Jiu Jitsu
San Jose International Open Jiu-Jitsu 2017,Master1/Male/Blue/Enum_WeightDivision_OpenClass_Label,2,Dan Haar,Ralph Gracie Jiu Jitsu
San Jose International Open Jiu-Jitsu 2017,Master1/Male/Blue/Enum_WeightDivision_OpenClass_Label,3,Ricardo Malia,Coalition 95
San Jose International Open Jiu-Jitsu 2017,Master1/Male/Blue/Enum_WeightDivision_OpenClass_Label,3,Rodrigo Rodrigues Calheiros,CheckMat
San Jose International Open Jiu-Jitsu 2017,Master1/Male/Purple/Feather,1,Richard Andrew Humphrey,Ralph Gracie Jiu-Jitsu Berkeley
San Jose International Open Jiu-Jitsu 2017,Master1/Male/Purple/Feather,2,Ryan Mohr,Peninsula BJJ
San Jose International Open Jiu-Jitsu 2017,Master1/Male/Purple/Feather,3,Justin Hsu,Ares BJJ
San Jose International Open Jiu-Jitsu 2017,Master1/Male/Purple/Feather,3,Ryan Galvan,TRUJITSU / Bakersfield
San Jose International Open Jiu-Jitsu 2017,Master1/Male/Purple/Light,1,Alfonso Flores,Ares BJJ
San Jose International Open Jiu-Jitsu 2017,Master1/Male/Purple/Light,2,Sean-ahmed  Shakour,Yemaso Brazilian Jiu-Jitsu
San Jose International Open Jiu-Jitsu 2017,Master1/Male/Purple/Light,3,Kin Cheung,Caio Terra Association
San Jose International Open Jiu-Jitsu 2017,Master1/Male/Purple/Middle,1,Howie Hu,Atos Jiu-Jitsu
San Jose International Open Jiu-Jitsu 2017,Master1/Male/Purple/Middle,2,Don De Guzman,Brazilian Top Team Long Beach
San Jose International Open Jiu-Jitsu 2017,Master1/Male/Purple/Medium-Heavy,1,Wyatt Howard,Kaijin Martial Arts
San Jose International Open Jiu-Jitsu 2017,Master1/Male/Purple/Medium-Heavy,2,Tony Perez,Nova Geração - Davis/USA
San Jose International Open Jiu-Jitsu 2017,Master1/Male/Purple/Medium-Heavy,3,Andrey Filev,Caio Terra Association
San Jose International Open Jiu-Jitsu 2017,Master1/Male/Purple/Medium-Heavy,3,Rafael Fideles,Peninsula BJJ
San Jose International Open Jiu-Jitsu 2017,Master1/Male/Purple/Heavy,1,Ashkan Moghaddam,Ralph Gracie Jiu-Jitsu Berkeley
San Jose International Open Jiu-Jitsu 2017,Master1/Male/Purple/Super-Heavy,1,Rodolfo Catoia Varela,GF Team
San Jose International Open Jiu-Jitsu 2017,Master1/Male/Purple/Enum_WeightDivision_OpenClass_Label,1,Ashkan Moghaddam,Ralph Gracie Jiu-Jitsu Berkeley
San Jose International Open Jiu-Jitsu 2017,Master1/Male/Purple/Enum_WeightDivision_OpenClass_Label,2,Wyatt Howard,Kaijin Martial Arts
San Jose International Open Jiu-Jitsu 2017,Master1/Male/Purple/Enum_WeightDivision_OpenClass_Label,3,Kin Cheung,Caio Terra Association
San Jose International Open Jiu-Jitsu 2017,Master1/Male/Purple/Enum_WeightDivision_OpenClass_Label,3,Rodolfo Catoia Varela,GF Team
San Jose International Open Jiu-Jitsu 2017,Master1/Male/Brown/Feather,1,Pedro Minc Baumfeld Andre,Nova União
San Jose International Open Jiu-Jitsu 2017,Master1/Male/Brown/Feather,2,Troy K. Takara,Yemaso Brazilian Jiu-Jitsu
San Jose International Open Jiu-Jitsu 2017,Master1/Male/Brown/Feather,3,Andrew James Fonseca,Fabio Prado BJJ
San Jose International Open Jiu-Jitsu 2017,Master1/Male/Brown/Feather,3,Jose Manuel Leon,Coalition 95
San Jose International Open Jiu-Jitsu 2017,Master1/Male/Brown/Light,1,Brett Curtis Bryon,Gracie Humaita Phoenix
San Jose International Open Jiu-Jitsu 2017,Master1/Male/Brown/Light,2,Reilly Asher Bodycomb,CheckMat
San Jose International Open Jiu-Jitsu 2017,Master1/Male/Brown/Light,3,Omar Alfonso Colin,Gracie Barra
San Jose International Open Jiu-Jitsu 2017,Master1/Male/Brown/Light,3,Stephen Edward Poon,Soul Fighters California
San Jose International Open Jiu-Jitsu 2017,Master1/Male/Brown/Middle,1,Moises Lopez,Zenith BJJ
San Jose International Open Jiu-Jitsu 2017,Master1/Male/Brown/Middle,2,Jose Reginaldo P. Souza Jr,Alliance San Diego
San Jose International Open Jiu-Jitsu 2017,Master1/Male/Brown/Middle,3,Jesus G. Moreno-Macias,Cia Paulista USA
San Jose International Open Jiu-Jitsu 2017,Master1/Male/Brown/Middle,3,Philipe Veiga Ximenes,One Jiu-Jitsu USA
San Jose International Open Jiu-Jitsu 2017,Master1/Male/Brown/Heavy,1,Victor Hugo Cervantes,Fresno Team Rocha
San Jose International Open Jiu-Jitsu 2017,Master1/Male/Brown/Heavy,2,Jaime Antonio Dietz-Velez,Gracie Barra
San Jose International Open Jiu-Jitsu 2017,Master1/Male/Brown/Heavy,3,Myron Kamihara,Gracie Barra
San Jose International Open Jiu-Jitsu 2017,Master1/Male/Brown/Heavy,3,Shawn Arthur Chandler,Caio Terra Association
San Jose International Open Jiu-Jitsu 2017,Master1/Male/Brown/Enum_WeightDivision_OpenClass_Label,1,Moises Lopez,Zenith BJJ
San Jose International Open Jiu-Jitsu 2017,Master1/Male/Brown/Enum_WeightDivision_OpenClass_Label,2,Shawn Arthur Chandler,Caio Terra Association
San Jose International Open Jiu-Jitsu 2017,Master1/Male/Brown/Enum_WeightDivision_OpenClass_Label,3,Jose Reginaldo P. Souza Jr,Alliance San Diego
San Jose International Open Jiu-Jitsu 2017,Master1/Male/Brown/Enum_WeightDivision_OpenClass_Label,3,Troy K. Takara,Yemaso Brazilian Jiu-Jitsu
San Jose International Open Jiu-Jitsu 2017,Master1/Male/Black/Feather,1,Gustavo Ernesto Carpio Caceres,CheckMat
San Jose International Open Jiu-Jitsu 2017,Master1/Male/Black/Feather,2,Gustavo Adolfo Fonseca Jr.,Atos Jiu-Jitsu
San Jose International Open Jiu-Jitsu 2017,Master1/Male/Black/Feather,3,Brian Joseph Stuebner,Caio Terra Association
San Jose International Open Jiu-Jitsu 2017,Master1/Male/Black/Feather,3,Danny Bohigian,Guerrilla Jiu Jitsu
San Jose International Open Jiu-Jitsu 2017,Master1/Male/Black/Light,1,Alexandre Bezerra da Silva,Tri State Martial Arts / Godoi JJ Club
San Jose International Open Jiu-Jitsu 2017,Master1/Male/Black/Light,2,Diogo Alves Ferreira,Gracie Barra
San Jose International Open Jiu-Jitsu 2017,Master1/Male/Black/Light,3,Christopher James Dealy,CheckMat
San Jose International Open Jiu-Jitsu 2017,Master1/Male/Black/Middle,1,Igor Estrella dos Santos,Gracie Humaita RJ
San Jose International Open Jiu-Jitsu 2017,Master1/Male/Black/Middle,2,Lindsey P. Arcangel,Carlson Gracie Team
San Jose International Open Jiu-Jitsu 2017,Master1/Male/Black/Middle,3,Vinicius Soares Flaeschen Nunes,Gracie Fighter
San Jose International Open Jiu-Jitsu 2017,Master1/Male/Black/Medium-Heavy,1,Michael Lance Glynn,Paragon BJJ Academy
San Jose International Open Jiu-Jitsu 2017,Master1/Male/Black/Medium-Heavy,2,Jeston John Pages,Caio Terra Association
San Jose International Open Jiu-Jitsu 2017,Master1/Male/Black/Medium-Heavy,3,Shawn D. S. Cox,Yemaso Brazilian Jiu-Jitsu
San Jose International Open Jiu-Jitsu 2017,Master1/Male/Black/Heavy,1,Jaysen Jose Baxter,Brazilian Top Team Long Beach
San Jose International Open Jiu-Jitsu 2017,Master1/Male/Black/Heavy,2,Bernardo T. de Siqueira Filho,CheckMat
San Jose International Open Jiu-Jitsu 2017,Master1/Male/Black/Super-Heavy,1,Ismael Gonçalves Aoki,Soul Fighters BJJ Arizona
San Jose International Open Jiu-Jitsu 2017,Master1/Male/Black/Enum_WeightDivision_OpenClass_Label,1,Vinicius Soares Flaeschen Nunes,Gracie Fighter
San Jose International Open Jiu-Jitsu 2017,Master1/Male/Black/Enum_WeightDivision_OpenClass_Label,2,Bernardo T. de Siqueira Filho,CheckMat
San Jose International Open Jiu-Jitsu 2017,Master1/Male/Black/Enum_WeightDivision_OpenClass_Label,3,Brian Joseph Stuebner,Caio Terra Association
San Jose International Open Jiu-Jitsu 2017,Master1/Male/Black/Enum_WeightDivision_OpenClass_Label,3,Shawn D. S. Cox,Yemaso Brazilian Jiu-Jitsu
San Jose International Open Jiu-Jitsu 2017,Master1/Female/Blue/Middle,1,Gina Sudaria,Mauricio Alonso BJJ
San Jose International Open Jiu-Jitsu 2017,Master1/Female/Blue/Middle,2,Jamie Stamps,Coalition 95
San Jose International Open Jiu-Jitsu 2017,Master1/Female/Purple/Light-Feather,1,Patricia  Nobles,Ralph Gracie Jiu Jitsu
San Jose International Open Jiu-Jitsu 2017,Master1/Female/Purple/Light-Feather,2,Laura Tran,Charles Gracie Academy
San Jose International Open Jiu-Jitsu 2017,Master1/Female/Purple/Feather,1,Yuki Jung,Ares BJJ
San Jose International Open Jiu-Jitsu 2017,Master1/Female/Purple/Feather,2,Lauren Feldman,Ralph Gracie Jiu Jitsu
San Jose International Open Jiu-Jitsu 2017,Master1/Female/Purple/Feather,3,Erica Grosjean,Dethrone Brazilian Jiu-Jitsu
San Jose International Open Jiu-Jitsu 2017,Master1/Female/Purple/Medium-Heavy,1,Christina Hanley,Peninsula BJJ
San Jose International Open Jiu-Jitsu 2017,Master1/Female/Purple/Enum_WeightDivision_OpenClass_Label,1,Christina Hanley,Peninsula BJJ
San Jose International Open Jiu-Jitsu 2017,Master2/Male/White/Rooster,1,Cheston Belamide,Carlos Sapao BJJ
San Jose International Open Jiu-Jitsu 2017,Master2/Male/White/Rooster,2,Monty Lum,Soul Fighters California
San Jose International Open Jiu-Jitsu 2017,Master2/Male/White/Light-Feather,1,Wil Del Barrio,Caio Terra Association
San Jose International Open Jiu-Jitsu 2017,Master2/Male/White/Light-Feather,2,Jason Gan,Heroes Martial Arts
San Jose International Open Jiu-Jitsu 2017,Master2/Male/White/Light-Feather,3,Lorne Sachs,Yemaso Brazilian Jiu-Jitsu
San Jose International Open Jiu-Jitsu 2017,Master2/Male/White/Feather,1,Adam Thomas Alamano,Ralph Gracie
San Jose International Open Jiu-Jitsu 2017,Master2/Male/White/Feather,2,Seth Murashige,NU Era Jiu Jitsu
San Jose International Open Jiu-Jitsu 2017,Master2/Male/White/Feather,3,Raymond Wong,Peninsula BJJ
San Jose International Open Jiu-Jitsu 2017,Master2/Male/White/Light,1,Terence Eugene Hendricks,Yemaso Brazilian Jiu-Jitsu
San Jose International Open Jiu-Jitsu 2017,Master2/Male/White/Light,2,Antonio Sykes,Gracie Fighter
San Jose International Open Jiu-Jitsu 2017,Master2/Male/White/Light,3,Merell Venzon,Caio Terra Association
San Jose International Open Jiu-Jitsu 2017,Master2/Male/White/Light,3,Michael Cantada,Caio Terra Association
San Jose International Open Jiu-Jitsu 2017,Master2/Male/White/Middle,1,Steve Hilas,Ribeiro Jiu-Jitsu
San Jose International Open Jiu-Jitsu 2017,Master2/Male/White/Middle,2,Jack Douglas Beallo,Ralph Gracie Jiu-Jitsu Berkeley
San Jose International Open Jiu-Jitsu 2017,Master2/Male/White/Middle,3,Basilio Manuel Bogado,Ralph Gracie Jiu Jitsu
San Jose International Open Jiu-Jitsu 2017,Master2/Male/White/Middle,3,Ravi M Purohit,Caio Terra Association
San Jose International Open Jiu-Jitsu 2017,Master2/Male/White/Medium-Heavy,1,Richard Meade,CheckMat
San Jose International Open Jiu-Jitsu 2017,Master2/Male/White/Medium-Heavy,2,Faisal S Nsour,Caio Terra Association
San Jose International Open Jiu-Jitsu 2017,Master2/Male/White/Heavy,1,Jorge Alejandro Luna,Paragon BJJ Academy
San Jose International Open Jiu-Jitsu 2017,Master2/Male/White/Heavy,2,Damien Adam Alvarez,Ares BJJ
San Jose International Open Jiu-Jitsu 2017,Master2/Male/White/Heavy,3,Roland  Phillips,Alliance San Diego
San Jose International Open Jiu-Jitsu 2017,Master2/Male/White/Super-Heavy,1,Jason Raines,Yemaso Brazilian Jiu-Jitsu
San Jose International Open Jiu-Jitsu 2017,Master2/Male/White/Super-Heavy,2,Brandon Palmer,SBG International (SBGI)
San Jose International Open Jiu-Jitsu 2017,Master2/Male/White/Super-Heavy,3,George Bales,Coalition 95
San Jose International Open Jiu-Jitsu 2017,Master2/Male/Blue/Light,1,Zack Felkins,Ralph Gracie Jiu Jitsu
San Jose International Open Jiu-Jitsu 2017,Master2/Male/Blue/Light,2,sourikone nhingsavath,Yemaso Brazilian Jiu-Jitsu
San Jose International Open Jiu-Jitsu 2017,Master2/Male/Blue/Light,3,Kevin Mosca,Rio Combat Team
San Jose International Open Jiu-Jitsu 2017,Master2/Male/Blue/Light,3,Ryan Howard,Brazilian Top Team Long Beach
San Jose International Open Jiu-Jitsu 2017,Master2/Male/Blue/Middle,1,Roberto Antonio Trejo,Guerrilla Jiu Jitsu
San Jose International Open Jiu-Jitsu 2017,Master2/Male/Blue/Middle,2,David Palmer,Romulo Melo Brazilian Jiu-Jitsu LLC.
San Jose International Open Jiu-Jitsu 2017,Master2/Male/Blue/Middle,3,Gregory Nicholas Choy,Peninsula BJJ
San Jose International Open Jiu-Jitsu 2017,Master2/Male/Blue/Middle,3,Paul Mamaril,Dustin Akbari BJJ
San Jose International Open Jiu-Jitsu 2017,Master2/Male/Blue/Medium-Heavy,1,Kevin  Soriano,Gracie Humaita Phoenix
San Jose International Open Jiu-Jitsu 2017,Master2/Male/Blue/Medium-Heavy,2,Bela Barath,UFC Gym
San Jose International Open Jiu-Jitsu 2017,Master2/Male/Blue/Medium-Heavy,3,Frank James Marques,CheckMat
San Jose International Open Jiu-Jitsu 2017,Master2/Male/Blue/Medium-Heavy,3,Steven Archie,Foundry BJJ
San Jose International Open Jiu-Jitsu 2017,Master2/Male/Blue/Heavy,1,Michael Steenson,Brazilian Top Team Long Beach
San Jose International Open Jiu-Jitsu 2017,Master2/Male/Blue/Heavy,2,Jimmy Center,SBG International (SBGI)
San Jose International Open Jiu-Jitsu 2017,Master2/Male/Blue/Heavy,3,Manuel Aguirre,Caio Terra Association
San Jose International Open Jiu-Jitsu 2017,Master2/Male/Blue/Heavy,3,Peter Song,Carlos Sapao BJJ
San Jose International Open Jiu-Jitsu 2017,Master2/Male/Blue/Super-Heavy,1,Jeremy Barnett,CheckMat
San Jose International Open Jiu-Jitsu 2017,Master2/Male/Blue/Super-Heavy,2,Joel Hainley,Gracie Fighter
San Jose International Open Jiu-Jitsu 2017,Master2/Male/Blue/Ultra-Heavy,1,Ryan Webb,UFC Gym
San Jose International Open Jiu-Jitsu 2017,Master2/Male/Blue/Ultra-Heavy,2,Noel Elpedes,Brazilian Top Team Long Beach
San Jose International Open Jiu-Jitsu 2017,Master2/Male/Blue/Enum_WeightDivision_OpenClass_Label,1,Kevin  Soriano,Gracie Humaita Phoenix
San Jose International Open Jiu-Jitsu 2017,Master2/Male/Blue/Enum_WeightDivision_OpenClass_Label,2,Jeremy Barnett,CheckMat
San Jose International Open Jiu-Jitsu 2017,Master2/Male/Blue/Enum_WeightDivision_OpenClass_Label,3,Jimmy Center,SBG International (SBGI)
San Jose International Open Jiu-Jitsu 2017,Master2/Male/Blue/Enum_WeightDivision_OpenClass_Label,3,Zack Felkins,Ralph Gracie Jiu Jitsu
San Jose International Open Jiu-Jitsu 2017,Master2/Male/Purple/Light,1,Chris Myers,SBG International (SBGI)
San Jose International Open Jiu-Jitsu 2017,Master2/Male/Purple/Light,2,Mitch Miglis,Romulo Melo Brazilian Jiu-Jitsu LLC.
San Jose International Open Jiu-Jitsu 2017,Master2/Male/Purple/Light,3,Aliki Alalamua,Warrior Way
San Jose International Open Jiu-Jitsu 2017,Master2/Male/Purple/Light,3,Peter Heerboth,Caio Terra Association
San Jose International Open Jiu-Jitsu 2017,Master2/Male/Purple/Middle,1,Carlos Capela,Caio Terra Association
San Jose International Open Jiu-Jitsu 2017,Master2/Male/Purple/Middle,2,RYAN ONEAL,Ares BJJ
San Jose International Open Jiu-Jitsu 2017,Master2/Male/Purple/Middle,3,Edward  Soo Hoo,Mauricio Alonso BJJ
San Jose International Open Jiu-Jitsu 2017,Master2/Male/Purple/Medium-Heavy,1,Jeryme Spitzer,Ares BJJ
San Jose International Open Jiu-Jitsu 2017,Master2/Male/Purple/Heavy,1,Seth Black,Combat Arts Strength and Conditioning
San Jose International Open Jiu-Jitsu 2017,Master2/Male/Purple/Heavy,2,William Woodson,Tinguinha BJJ academy
San Jose International Open Jiu-Jitsu 2017,Master2/Male/Purple/Enum_WeightDivision_OpenClass_Label,1,RYAN ONEAL,Ares BJJ
San Jose International Open Jiu-Jitsu 2017,Master2/Male/Purple/Enum_WeightDivision_OpenClass_Label,2,Jeryme Spitzer,Ares BJJ
San Jose International Open Jiu-Jitsu 2017,Master2/Male/Purple/Enum_WeightDivision_OpenClass_Label,3,Chris Myers,SBG International (SBGI)
San Jose International Open Jiu-Jitsu 2017,Master2/Male/Brown/Light-Feather,1,Arturo Vega,Ares BJJ
San Jose International Open Jiu-Jitsu 2017,Master2/Male/Brown/Light-Feather,2,Jerel C. T. Tengan,Yemaso Brazilian Jiu-Jitsu
San Jose International Open Jiu-Jitsu 2017,Master2/Male/Brown/Light-Feather,3,Darren Kim Ng,Gracie Fighter
San Jose International Open Jiu-Jitsu 2017,Master2/Male/Brown/Feather,1,Evan Rex Esguerra,Ralph Gracie Jiu Jitsu
San Jose International Open Jiu-Jitsu 2017,Master2/Male/Brown/Middle,1,Diogo Schroeder Horn,Drill BJJ
San Jose International Open Jiu-Jitsu 2017,Master2/Male/Brown/Middle,2,Emilio Gomez Zambrano,Top Brother Mexico
San Jose International Open Jiu-Jitsu 2017,Master2/Male/Brown/Medium-Heavy,1,Andrew Farris,DDR Jiu Jitsu
San Jose International Open Jiu-Jitsu 2017,Master2/Male/Brown/Medium-Heavy,2,Richard Martin Nero,Gracie Fighter
San Jose International Open Jiu-Jitsu 2017,Master2/Male/Brown/Medium-Heavy,3,Michael James Martin,Yemaso Brazilian Jiu-Jitsu
San Jose International Open Jiu-Jitsu 2017,Master2/Male/Brown/Medium-Heavy,3,Shawn Landreth,Ares BJJ
San Jose International Open Jiu-Jitsu 2017,Master2/Male/Brown/Enum_WeightDivision_OpenClass_Label,1,Richard Martin Nero,Gracie Fighter
San Jose International Open Jiu-Jitsu 2017,Master2/Male/Black/Light,1,Sean  Nikmorad,Gracie Fighter
San Jose International Open Jiu-Jitsu 2017,Master2/Male/Black/Light,2,Scott Boudreau,West Coast BJJ
San Jose International Open Jiu-Jitsu 2017,Master2/Male/Black/Light,3,Jacob Schofield,CheckMat
San Jose International Open Jiu-Jitsu 2017,Master2/Male/Black/Middle,1,Bradford S Sandoval,Cassio Werneck BJJ
San Jose International Open Jiu-Jitsu 2017,Master2/Male/Black/Middle,2,Robert Leyvas Vasquez,Heroes Martial Arts
San Jose International Open Jiu-Jitsu 2017,Master2/Male/Black/Middle,3,Collin Wayne Grayson,Caio Terra Association
San Jose International Open Jiu-Jitsu 2017,Master2/Male/Black/Middle,3,Manuel Paul Marquez,Paragon BJJ Academy
San Jose International Open Jiu-Jitsu 2017,Master2/Male/Black/Medium-Heavy,1,Lawrence C. Dunning,Valko BJJ Academy
San Jose International Open Jiu-Jitsu 2017,Master2/Male/Black/Medium-Heavy,2,André MC Laughlin Glodzinski,Cia Paulista USA
San Jose International Open Jiu-Jitsu 2017,Master2/Male/Black/Heavy,1,Omar Sabha,Brazilian Top Team Long Beach
San Jose International Open Jiu-Jitsu 2017,Master2/Male/Black/Heavy,2,Sérgio Luiz Linhares e Silva,CheckMat
San Jose International Open Jiu-Jitsu 2017,Master2/Male/Black/Heavy,3,Louis De La Pena,Balance JJ
San Jose International Open Jiu-Jitsu 2017,Master2/Male/Black/Heavy,3,Luiz Fabiano da Silva Oliveira,Caio Terra Association
San Jose International Open Jiu-Jitsu 2017,Master2/Male/Black/Super-Heavy,1,Pablo Tees Leite,Emirates Jiu-Jitsu Center
San Jose International Open Jiu-Jitsu 2017,Master2/Male/Black/Super-Heavy,2,Nathan Carl Samuel Rector,Toronto BJJ
San Jose International Open Jiu-Jitsu 2017,Master2/Male/Black/Ultra-Heavy,1,Joshua Robert Rapport,Toronto BJJ
San Jose International Open Jiu-Jitsu 2017,Master2/Male/Black/Enum_WeightDivision_OpenClass_Label,1,Bradford S Sandoval,Cassio Werneck BJJ
San Jose International Open Jiu-Jitsu 2017,Master2/Male/Black/Enum_WeightDivision_OpenClass_Label,2,Pablo Tees Leite,Emirates Jiu-Jitsu Center
San Jose International Open Jiu-Jitsu 2017,Master2/Male/Black/Enum_WeightDivision_OpenClass_Label,3,Collin Wayne Grayson,Caio Terra Association
San Jose International Open Jiu-Jitsu 2017,Master2/Male/Black/Enum_WeightDivision_OpenClass_Label,3,Joshua Robert Rapport,Toronto BJJ
San Jose International Open Jiu-Jitsu 2017,Master3/Male/Blue/Middle,1,Vasiteni Teaupa,Ribeiro Jiu-Jitsu
San Jose International Open Jiu-Jitsu 2017,Master3/Male/Blue/Middle,2,Andrew Latham,Gracie Barra
San Jose International Open Jiu-Jitsu 2017,Master3/Male/Blue/Medium-Heavy,1,Abdellah Saouaf,CheckMat
San Jose International Open Jiu-Jitsu 2017,Master3/Male/Blue/Heavy,1,Jon Paul Benedictson,True North Jiu-Jitsu
San Jose International Open Jiu-Jitsu 2017,Master3/Male/Blue/Heavy,2,Juan Barajas,Ribeiro Jiu-Jitsu
San Jose International Open Jiu-Jitsu 2017,Master3/Male/Blue/Enum_WeightDivision_OpenClass_Label,1,Jon Paul Benedictson,True North Jiu-Jitsu
San Jose International Open Jiu-Jitsu 2017,Master3/Male/Purple/Feather,1,Michael Emmanuel Munoz,Gracie Fighter
San Jose International Open Jiu-Jitsu 2017,Master3/Male/Purple/Feather,2,Reynaldo Soriano,Ralph Gracie Jiu Jitsu
San Jose International Open Jiu-Jitsu 2017,Master3/Male/Purple/Feather,3,Craig Wallace,Guerrilla Jiu Jitsu
San Jose International Open Jiu-Jitsu 2017,Master3/Male/Purple/Light,1,Payam Jahromi,Peninsula BJJ
San Jose International Open Jiu-Jitsu 2017,Master3/Male/Purple/Light,2,Richard Alan Mclean,Infinite Jiu Jitsu
San Jose International Open Jiu-Jitsu 2017,Master3/Male/Purple/Light,3,Benjamin Scott Seaman,CheckMat
San Jose International Open Jiu-Jitsu 2017,Master3/Male/Purple/Light,3,Neal Uchida,Caio Terra Association
San Jose International Open Jiu-Jitsu 2017,Master3/Male/Purple/Middle,1,Alexander Martinez,Ares BJJ
San Jose International Open Jiu-Jitsu 2017,Master3/Male/Purple/Middle,2,Martin Galinski,Serao Mixed Martial Arts
San Jose International Open Jiu-Jitsu 2017,Master3/Male/Purple/Middle,3,John Wesley Rockwell,Peninsula BJJ
San Jose International Open Jiu-Jitsu 2017,Master3/Male/Purple/Medium-Heavy,1,Joseph Fabits,Tinguinha BJJ academy
San Jose International Open Jiu-Jitsu 2017,Master3/Male/Purple/Enum_WeightDivision_OpenClass_Label,1,Alexander Martinez,Ares BJJ
San Jose International Open Jiu-Jitsu 2017,Master3/Male/Purple/Enum_WeightDivision_OpenClass_Label,2,Payam Jahromi,Peninsula BJJ
San Jose International Open Jiu-Jitsu 2017,Master3/Male/Purple/Enum_WeightDivision_OpenClass_Label,3,John Wesley Rockwell,Peninsula BJJ
San Jose International Open Jiu-Jitsu 2017,Master3/Male/Brown/Light,1,Philip Peiyuan Yeh,Peninsula BJJ
San Jose International Open Jiu-Jitsu 2017,Master3/Male/Brown/Middle,1,John Thomas Sorrell,Alliance Atlanta
San Jose International Open Jiu-Jitsu 2017,Master3/Male/Brown/Middle,2,Aaron Michael Martinez,Yemaso Brazilian Jiu-Jitsu
San Jose International Open Jiu-Jitsu 2017,Master3/Male/Brown/Middle,3,David Glenn Barnes Jr.,Ares BJJ
San Jose International Open Jiu-Jitsu 2017,Master3/Male/Brown/Middle,3,Marcos Andre Borges Tavares,Ralph Gracie Jiu Jitsu
San Jose International Open Jiu-Jitsu 2017,Master3/Male/Brown/Medium-Heavy,1,Antonio William Debss,Mauricio Alonso BJJ
San Jose International Open Jiu-Jitsu 2017,Master3/Male/Brown/Enum_WeightDivision_OpenClass_Label,1,Philip Peiyuan Yeh,Peninsula BJJ
San Jose International Open Jiu-Jitsu 2017,Master3/Male/Brown/Enum_WeightDivision_OpenClass_Label,2,Antonio William Debss,Mauricio Alonso BJJ
San Jose International Open Jiu-Jitsu 2017,Master3/Male/Brown/Enum_WeightDivision_OpenClass_Label,3,David Glenn Barnes Jr.,Ares BJJ
San Jose International Open Jiu-Jitsu 2017,Master3/Male/Black/Middle,1,Angel Paul Lopez,Tinguinha BJJ academy
San Jose International Open Jiu-Jitsu 2017,Master3/Male/Black/Middle,2,Andre Dumdumaya,Gracie Fighter
San Jose International Open Jiu-Jitsu 2017,Master3/Male/Black/Medium-Heavy,1,Jake Ryan Mosher,Gracie Humaita Phoenix
San Jose International Open Jiu-Jitsu 2017,Master3/Male/Black/Medium-Heavy,2,Jeffrey S Messina,BJJ Revolution Team
San Jose International Open Jiu-Jitsu 2017,Master3/Male/Black/Heavy,1,Matt Jason Baker,TRUJITSU / Bakersfield
San Jose International Open Jiu-Jitsu 2017,Master3/Male/Black/Enum_WeightDivision_OpenClass_Label,1,Matt Jason Baker,TRUJITSU / Bakersfield
San Jose International Open Jiu-Jitsu 2017,Master3/Male/Black/Enum_WeightDivision_OpenClass_Label,2,Andre Dumdumaya,Gracie Fighter
San Jose International Open Jiu-Jitsu 2017,Master3/Male/Black/Enum_WeightDivision_OpenClass_Label,3,Angel Paul Lopez,Tinguinha BJJ academy
San Jose International Open Jiu-Jitsu 2017,Master3/Male/Black/Enum_WeightDivision_OpenClass_Label,3,Jake Ryan Mosher,Gracie Humaita Phoenix
San Jose International Open Jiu-Jitsu 2017,Master4/Male/Blue/Feather,1,William Velasco,UFC Gym
San Jose International Open Jiu-Jitsu 2017,Master4/Male/Blue/Feather,2,Kevin Burke,Infinite Jiu Jitsu
San Jose International Open Jiu-Jitsu 2017,Master4/Male/Blue/Feather,3,Matt Dickstein,Mauricio Alonso BJJ
San Jose International Open Jiu-Jitsu 2017,Master4/Male/Blue/Feather,3,Michael Chu,Relson Gracie
San Jose International Open Jiu-Jitsu 2017,Master4/Male/Blue/Ultra-Heavy,1,Michael Patrick Clark,Ribeiro Jiu-Jitsu
San Jose International Open Jiu-Jitsu 2017,Master4/Male/Blue/Enum_WeightDivision_OpenClass_Label,1,Michael Patrick Clark,Ribeiro Jiu-Jitsu
San Jose International Open Jiu-Jitsu 2017,Master4/Male/Purple/Medium-Heavy,1,Jose Medeiros,Ralph Gracie Jiu Jitsu
San Jose International Open Jiu-Jitsu 2017,Master4/Male/Purple/Medium-Heavy,2,Allan Scott,Yemaso Brazilian Jiu-Jitsu
San Jose International Open Jiu-Jitsu 2017,Master4/Male/Purple/Super-Heavy,1,Jason Cherniss,Ribeiro Jiu-Jitsu
San Jose International Open Jiu-Jitsu 2017,Master4/Male/Purple/Super-Heavy,2,Neil Robinson,Caio Terra Association
San Jose International Open Jiu-Jitsu 2017,Master4/Male/Purple/Enum_WeightDivision_OpenClass_Label,1,Neil Robinson,Caio Terra Association
San Jose International Open Jiu-Jitsu 2017,Master4/Male/Brown/Middle,1,Ranulfo Gonzalez Jr.,Caio Terra Association
San Jose International Open Jiu-Jitsu 2017,Master4/Male/Brown/Middle,2,Calvin Lee,Peninsula BJJ
San Jose International Open Jiu-Jitsu 2017,Master4/Male/Brown/Enum_WeightDivision_OpenClass_Label,1,Ranulfo Gonzalez Jr.,Caio Terra Association
San Jose International Open Jiu-Jitsu 2017,Master4/Male/Brown/Enum_WeightDivision_OpenClass_Label,2,Calvin Lee,Peninsula BJJ
San Jose International Open Jiu-Jitsu 2017,Master4/Male/Black/Light,1,John William Orr,Brazilian Top Team
San Jose International Open Jiu-Jitsu 2017,Master4/Male/Black/Light,2,Thomas Tupper, Jr.,Coalition 95
San Jose International Open Jiu-Jitsu 2017,Master4/Male/Black/Medium-Heavy,1,Tom D. Knox,Cleber Jiu Jitsu
San Jose International Open Jiu-Jitsu 2017,Master4/Male/Black/Medium-Heavy,2,Paul Leon Nava,Ares BJJ
San Jose International Open Jiu-Jitsu 2017,Master4/Male/Black/Medium-Heavy,3,Thorin Oakenshield Ryan,Ralph Gracie Jiu Jitsu
San Jose International Open Jiu-Jitsu 2017,Master4/Male/Black/Enum_WeightDivision_OpenClass_Label,1,Tom D. Knox,Cleber Jiu Jitsu
San Jose International Open Jiu-Jitsu 2017,Master4/Male/Black/Enum_WeightDivision_OpenClass_Label,2,Thorin Oakenshield Ryan,Ralph Gracie Jiu Jitsu
San Jose International Open Jiu-Jitsu 2017,Master4/Male/Black/Enum_WeightDivision_OpenClass_Label,3,Paul Leon Nava,Ares BJJ
San Jose International Open Jiu-Jitsu 2017,Master5/Male/Purple/Light,1,Darrin Neil Tinsley,Gracie Fighter
San Jose International Open Jiu-Jitsu 2017,Master5/Male/Purple/Light,2,Jeff Duyndam,Gracie Barra
San Jose International Open Jiu-Jitsu 2017,Master5/Male/Purple/Enum_WeightDivision_OpenClass_Label,1,Darrin Neil Tinsley,Gracie Fighter
San Jose International Open Jiu-Jitsu 2017,Master5/Male/Brown/Middle,1,Anthony Phillip Caravelli,Caio Terra Association
San Jose International Open Jiu-Jitsu 2017,Master5/Male/Brown/Enum_WeightDivision_OpenClass_Label,1,Anthony Phillip Caravelli,Caio Terra Association
San Jose International Open Jiu-Jitsu 2017,Master5/Male/Black/Medium-Heavy,1,Peter C. Iacavazzi,Sylvio Behring USA
San Jose International Open Jiu-Jitsu 2017,Master5/Male/Black/Super-Heavy,1,Amilcar Cipili,Gracie Humaita Las Vegas
San Jose International Open Jiu-Jitsu 2017,Master5/Male/Black/Enum_WeightDivision_OpenClass_Label,1,Amilcar Cipili,Gracie Humaita Las Vegas
San Jose International Open Jiu-Jitsu 2017,Master5/Male/Black/Enum_WeightDivision_OpenClass_Label,2,Peter C. Iacavazzi,Sylvio Behring USA
San Jose International Open Jiu-Jitsu 2017,Juvenile/Male/Blue/Feather,1,Joshua Anthony Cisneros,Cleber Jiu Jitsu Visalia
San Jose International Open Jiu-Jitsu 2017,Juvenile/Male/Blue/Feather,2,Gabriel Yudi Higashi,Caio Terra Association
San Jose International Open Jiu-Jitsu 2017,Juvenile/Male/Blue/Feather,3,Diego Debbaudt de França Vasconcelos,Caio Terra Association
San Jose International Open Jiu-Jitsu 2017,Juvenile/Male/Blue/Light,1,Bryan Adrian Cuevas Borrego,Caio Terra Association
San Jose International Open Jiu-Jitsu 2017,Juvenile/Male/Blue/Light,2,Edward Vincente Lucero Jr.,Alliance Los Angeles
San Jose International Open Jiu-Jitsu 2017,Juvenile/Male/Blue/Light,3,Robert Michael Connolly,Atos Jiu-Jitsu
San Jose International Open Jiu-Jitsu 2017,Juvenile/Male/Blue/Medium-Heavy,1,Andy Tomas Murasaki Pereira,Caio Terra Association
San Jose International Open Jiu-Jitsu 2017,Juvenile/Male/Blue/Medium-Heavy,2,Travis Leroy Lindahl,Coalition 95
San Jose International Open Jiu-Jitsu 2017,Juvenile/Male/Blue/Enum_WeightDivision_OpenClass_Label,1,Joshua Anthony Cisneros,Cleber Jiu Jitsu Visalia
San Jose International Open Jiu-Jitsu 2017,Juvenile/Male/Blue/Enum_WeightDivision_OpenClass_Label,2,Edward Vincente Lucero Jr.,Alliance Los Angeles
San Jose International Open Jiu-Jitsu 2017,Juvenile/Male/Blue/Enum_WeightDivision_OpenClass_Label,3,Bryan Adrian Cuevas Borrego,Caio Terra Association
San Jose International Open Jiu-Jitsu 2017,Juvenile/Male/Blue/Enum_WeightDivision_OpenClass_Label,3,Gabriel Yudi Higashi,Caio Terra Association
San Jose International Open Jiu-Jitsu 2017,Juvenile/Male/Blue/Enum_WeightDivision_OpenClass_Label,1,Andy Tomas Murasaki Pereira,Caio Terra Association
San Jose International Open Jiu-Jitsu 2017,Juvenile/Male/Blue/Enum_WeightDivision_OpenClass_Label,2,Travis Leroy Lindahl,Coalition 95
