Asian International Open 2014,Juvenile/Male/White/Light-Feather,1,Victor Ryuichi Yoshida,Infight Japan Jiu-Jitsu
Asian International Open 2014,Juvenile/Male/White/Light-Feather,2,Vinicius  Yuta Fukuda,Impacto Japan B.J.J.
Asian International Open 2014,Juvenile/Male/White/Light-Feather,3,Lucas Saito Yumoto Campreguer,Impacto Japan B.J.J.
Asian International Open 2014,Juvenile/Male/White/Feather,1,Matheus Yudi Onda,Tokai Brazilian Jiu-Jitsu
Asian International Open 2014,Juvenile/Male/White/Feather,2,Lee Kyung Min,De La Riva JJ
Asian International Open 2014,Juvenile/Male/Blue/Rooster,1,Ryota Yamada,Paraestra Nakagawa
Asian International Open 2014,Juvenile/Male/Blue/Rooster,2,Khaserdene Narangerel,Mongolian BJJ
Asian International Open 2014,Juvenile/Male/Blue/Rooster,3,Tugsjargal Dugarjav,Mongolian BJJ
Asian International Open 2014,Juvenile/Male/Blue/Light-Feather,1,Julian Wang,Evolve MMA
Asian International Open 2014,Juvenile/Male/Blue/Light-Feather,2,Bumbayar Shirnen,Mongolian BJJ
Asian International Open 2014,Juvenile/Male/Blue/Feather,1,Robert Oda De Andrade,Oda Jiu-Jitsu
Asian International Open 2014,Juvenile/Male/Blue/Feather,2,Naoki Ueda,Paraestra Tokyo
Asian International Open 2014,Juvenile/Male/Blue/Light,1,Diego Henrique Sato Aniceto,Impacto Japan B.J.J.
Asian International Open 2014,Juvenile/Male/Blue/Light,2,Yuto Nishimura,Ogawa Jiu Jitsu
Asian International Open 2014,Juvenile/Male/Blue/Light,3,Kyle Palomo,Carlson Gracie International
Asian International Open 2014,Juvenile/Male/Blue/Light,3,Ryo Goto,Free & Free
Asian International Open 2014,Juvenile/Male/Blue/Ultra-Heavy,1,Batsuuri Elbeg,Mongolian BJJ
Asian International Open 2014,Juvenile/Female/Blue/Light,1,Rafaelle Cersosimo Yamada,Suto Academy
Asian International Open 2014,Juvenile/Female/Blue/Light,2,Tserentsetseg Sainbuyan,Mongolian BJJ
Asian International Open 2014,Adult/Male/White/Rooster,1,Oscar Fernando  Sanchez Nakandakari,Ogawa Jiu Jitsu
Asian International Open 2014,Adult/Male/White/Rooster,2,Rogerio Asato,Impacto Japan B.J.J.
Asian International Open 2014,Adult/Male/White/Rooster,3,Hiroito  Ikeda,Ogawa Jiu Jitsu
Asian International Open 2014,Adult/Male/White/Rooster,3,Tsukumo Sato,Gimnashion Sapporo
Asian International Open 2014,Adult/Male/White/Light-Feather,1,Justin Olinger,RABJJ Academy
Asian International Open 2014,Adult/Male/White/Light-Feather,2,Raphael Kenji Nakano,Impacto Japan B.J.J.
Asian International Open 2014,Adult/Male/White/Light-Feather,3,Jerred Pastones,Purebred Jiu Jitsu Guam
Asian International Open 2014,Adult/Male/White/Light-Feather,3,Ryouta Kuriyama,Nexusense
Asian International Open 2014,Adult/Male/White/Feather,1,Lee Simpson,RABJJ Academy
Asian International Open 2014,Adult/Male/White/Feather,2,Shin Yu Chan,De La Riva JJ
Asian International Open 2014,Adult/Male/White/Feather,3,Daichi Horikawa,Gracie Barra
Asian International Open 2014,Adult/Male/White/Feather,3,Joaquim  Yoiti Watanabe Junior,Impacto Japan B.J.J.
Asian International Open 2014,Adult/Male/White/Light,1,Junya Matsui,Gracie Barra
Asian International Open 2014,Adult/Male/White/Light,2,Leonardo Da Costa Alves,Over Limit BJJ
Asian International Open 2014,Adult/Male/White/Light,3,Dustin Stanley,RABJJ Academy
Asian International Open 2014,Adult/Male/White/Light,3,Kim Jun Yeop,De La Riva JJ
Asian International Open 2014,Adult/Male/White/Middle,1,Henry Parker,Atos Jiu-Jitsu
Asian International Open 2014,Adult/Male/White/Middle,2,Erick  Lang,Paraestra Hachinohe
Asian International Open 2014,Adult/Male/White/Middle,3,Ryan  Kodate,Impacto Japan B.J.J.
Asian International Open 2014,Adult/Male/White/Middle,3,Yang Yang,Impacto Japan B.J.J.
Asian International Open 2014,Adult/Male/White/Medium-Heavy,1,Fernando  Sellegatto Gomes,Ogawa Jiu Jitsu
Asian International Open 2014,Adult/Male/White/Medium-Heavy,2,Oh Se Jin,De La Riva JJ
Asian International Open 2014,Adult/Male/White/Heavy,1,Tomoaki Matsuda,Tri-Force Hakata
Asian International Open 2014,Adult/Male/White/Ultra-Heavy,1,Jun Satou,Fubuki Bjj Academy
Asian International Open 2014,Adult/Male/White/Ultra-Heavy,2,Kyle Mafnas,Zenith BJJ - Las Vegas
Asian International Open 2014,Adult/Male/White/Ultra-Heavy,3,Ryan Henderson,Fujita Jiu-Jitsu
Asian International Open 2014,Adult/Female/White/Rooster,1,Paula Lima,Impacto Japan B.J.J.
Asian International Open 2014,Adult/Female/White/Rooster,2,Grace Yee,Evolve MMA
Asian International Open 2014,Adult/Female/White/Rooster,3,Fiona Marie Ochoa,Atos Jiu-Jitsu
Asian International Open 2014,Adult/Female/White/Feather,1,Dayana  Huruta,Over Limit BJJ
Asian International Open 2014,Adult/Female/White/Feather,2,Josephine Sondlo,Viva Zapata Jiu Jitsu
Asian International Open 2014,Adult/Female/White/Feather,3,Danubya Maruyama Sonoda,Ogawa Jiu Jitsu
Asian International Open 2014,Adult/Female/White/Feather,3,Elisangela Tabata,Atos Jiu-Jitsu
Asian International Open 2014,Adult/Female/White/Light,1,Ladera Linn,Carlson Gracie Team
Asian International Open 2014,Adult/Female/White/Light,2,Ketlen  Blenda Da Silva Queiroz,Impacto Japan B.J.J.
Asian International Open 2014,Adult/Female/White/Light,3,Asako Kimura,Paraestra Hachinohe
Asian International Open 2014,Adult/Female/White/Light,3,Cristina Shimodaira,Ogawa Jiu Jitsu
Asian International Open 2014,Adult/Female/White/Middle,1,Ramona Pascual,Epic MMA Club
Asian International Open 2014,Adult/Female/White/Middle,2,Tricia Yap,Atos Jiu-Jitsu
Asian International Open 2014,Adult/Female/White/Middle,3,Elizabeth Rhodus,Hiro BJJ Academy Yokohama
Asian International Open 2014,Adult/Female/White/Middle,3,Erika Miyuki Sugawara,Tokai Brazilian Jiu-Jitsu
Asian International Open 2014,Adult/Female/White/Super-Heavy,1,Stéphanie Imamura Batista,Super Team Jiu-Jitsu
Asian International Open 2014,Adult/Female/White/Super-Heavy,2,Amanda  Mukoyama,Impacto Japan B.J.J.
Asian International Open 2014,Adult/Male/Blue/Rooster,1,Silva Lindomar,Over Limit BJJ
Asian International Open 2014,Adult/Male/Blue/Rooster,2,Daniel Cayanan,Purebred Jiu Jitsu Guam
Asian International Open 2014,Adult/Male/Blue/Rooster,3,KITAYAMA TAKAHIRO,Grasco Jiu-Jitsu Academy
Asian International Open 2014,Adult/Male/Blue/Rooster,3,Tomohiko Sato,Tri-Force Jiu-Jitsu Academy
Asian International Open 2014,Adult/Male/Blue/Light-Feather,1,Kouki Umeda,Newaza World Sakurajima
Asian International Open 2014,Adult/Male/Blue/Light-Feather,2,Munkhbaatar Baatar,Mongolian BJJ
Asian International Open 2014,Adult/Male/Blue/Light-Feather,3,Dwight  Tallo,Ribeiro Jiu-Jitsu International
Asian International Open 2014,Adult/Male/Blue/Light-Feather,3,isaiah Parker,Renzo Gracie Brooklyn
Asian International Open 2014,Adult/Male/Blue/Feather,1,William  Whewell,Atos Jiu-Jitsu
Asian International Open 2014,Adult/Male/Blue/Feather,2,Takumi Tamaru,Nascer Do Sol
Asian International Open 2014,Adult/Male/Blue/Feather,3,daisuke murayama,Master Japan
Asian International Open 2014,Adult/Male/Blue/Feather,3,Tomoro Ide,Paraestra
Asian International Open 2014,Adult/Male/Blue/Light,1,shinsuke Moribe,Purebred Kawaguchi Redips
Asian International Open 2014,Adult/Male/Blue/Light,2,Flavio Nakamura Mangolin,Impacto Japan B.J.J.
Asian International Open 2014,Adult/Male/Blue/Light,3,Jade Anthony Blas,Purebred Jiu Jitsu Guam
Asian International Open 2014,Adult/Male/Blue/Light,3,Mozoni Mauricio (repetido 161403),Over Limit BJJ
Asian International Open 2014,Adult/Male/Blue/Middle,1,Atsuro Sadanda,Gracie Barra
Asian International Open 2014,Adult/Male/Blue/Middle,2,Arturas Luskinas,Shanghai BJJ (SHBJJ)
Asian International Open 2014,Adult/Male/Blue/Middle,3,Bolli  Thoroddsen,Tri-Force Jiu-Jitsu Academy
Asian International Open 2014,Adult/Male/Blue/Middle,3,Meyji Homero Noto,Ogawa Jiu Jitsu
Asian International Open 2014,Adult/Male/Blue/Medium-Heavy,1,Vadim Lupenko,Atos Jiu-Jitsu
Asian International Open 2014,Adult/Male/Blue/Medium-Heavy,2,Adil Ouassini,Zenith BJJ
Asian International Open 2014,Adult/Male/Blue/Medium-Heavy,3,Alexandre  Nakajima,Impacto Japan B.J.J.
Asian International Open 2014,Adult/Male/Blue/Medium-Heavy,3,Dalgish Singh Pandair,Nova União International
Asian International Open 2014,Adult/Male/Blue/Heavy,1,Hirosawa Lucas,Infight Japan Jiu-Jitsu
Asian International Open 2014,Adult/Male/Blue/Heavy,2,Marc Charles Grayson,Gracie Barra
Asian International Open 2014,Adult/Male/Blue/Heavy,3,Eric Longar,RABJJ Academy
Asian International Open 2014,Adult/Male/Blue/Heavy,3,Ivan Valencia,Purebred Jiu Jitsu Guam
Asian International Open 2014,Adult/Male/Blue/Super-Heavy,1,Gang Jae Lee,Jiu-Jitsu Lab
Asian International Open 2014,Adult/Male/Blue/Super-Heavy,2,Sergio Mitsuo  Lopes Ikari,Impacto Japan B.J.J.
Asian International Open 2014,Adult/Male/Blue/Super-Heavy,3,Willian Iwamizu,Tokai Brazilian Jiu-Jitsu
Asian International Open 2014,Adult/Male/Blue/Ultra-Heavy,1,Masashi Inada,Tokai Brazilian Jiu-Jitsu
Asian International Open 2014,Adult/Male/Blue/Ultra-Heavy,2,Tuguldur Bayarsaikhan,Mongolian BJJ
Asian International Open 2014,Adult/Male/Blue/Ultra-Heavy,3,Guilherme Wada,Impacto Japan B.J.J.
Asian International Open 2014,Adult/Male/Blue/Ultra-Heavy,3,Matthew Simon Jao,Atos Jiu-Jitsu
Asian International Open 2014,Adult/Male/Blue/OpenClass,1,Masashi Inada,Tokai Brazilian Jiu-Jitsu
Asian International Open 2014,Adult/Male/Blue/OpenClass,2,Hirosawa Lucas,Infight Japan Jiu-Jitsu
Asian International Open 2014,Adult/Male/Blue/OpenClass,3,Atsuro Sadanda,Gracie Barra
Asian International Open 2014,Adult/Male/Blue/OpenClass,3,Tomoro Ide,Paraestra
Asian International Open 2014,Adult/Female/Blue/Rooster,1,Margarita Prado Ochoa,Atos Jiu-Jitsu
Asian International Open 2014,Adult/Female/Blue/Rooster,2,Keiko Akamine,Nova União Hawai
Asian International Open 2014,Adult/Female/Blue/Rooster,3,Aya Abe,Tokushima BJJ
Asian International Open 2014,Adult/Female/Blue/Rooster,3,Kessya Takeuchi Loio,Ogawa Jiu Jitsu
Asian International Open 2014,Adult/Female/Blue/Light-Feather,1,Keiko García Nakaganeku,Ogawa Jiu Jitsu
Asian International Open 2014,Adult/Female/Blue/Light-Feather,2,Sumika San Nicolas,Nova União Hawai
Asian International Open 2014,Adult/Female/Blue/Light-Feather,3,Adriane Tavares  Kimura,Impacto Japan B.J.J.
Asian International Open 2014,Adult/Female/Blue/Light-Feather,3,Mary Chris Madum,Impacto Japan B.J.J.
Asian International Open 2014,Adult/Female/Blue/Feather,1,Tracy Matanane,Purebred Jiu Jitsu Guam
Asian International Open 2014,Adult/Female/Blue/Feather,2,Rebecca Tomada,Purebred Jiu Jitsu Guam
Asian International Open 2014,Adult/Female/Blue/Feather,3,An hye jin,De La Riva JJ
Asian International Open 2014,Adult/Female/Blue/Feather,3,KEIKO TAKINO,Akatsuki
Asian International Open 2014,Adult/Female/Blue/Light,1,Brogan Walker,Purebred Jiu Jitsu Guam
Asian International Open 2014,Adult/Female/Blue/Light,2,Joanne Vlahovich,Nova União
Asian International Open 2014,Adult/Female/Blue/Light,3,Otgonjargal Oktyabri,Mongolian BJJ
Asian International Open 2014,Adult/Female/Blue/Light,3,Soon Tze Siew,Evolve MMA
Asian International Open 2014,Adult/Female/Blue/Medium-Heavy,1,Amelia Lui,Atos Jiu-Jitsu
Asian International Open 2014,Adult/Female/Blue/Super-Heavy,1,Jargalsaikhan Oktyabri,Mongolian BJJ
Asian International Open 2014,Adult/Female/Blue/Super-Heavy,2,Letia Maria  Eclavea,Axis Jiu-Jitsu
Asian International Open 2014,Adult/Female/Blue/OpenClass,1,Amelia Lui,Atos Jiu-Jitsu
Asian International Open 2014,Adult/Female/Blue/OpenClass,2,Brogan Walker,Purebred Jiu Jitsu Guam
Asian International Open 2014,Adult/Female/Blue/OpenClass,3,Jargalsaikhan Oktyabri,Mongolian BJJ
Asian International Open 2014,Adult/Female/Blue/OpenClass,3,Letia Maria  Eclavea,Axis Jiu-Jitsu
Asian International Open 2014,Adult/Male/Purple/Rooster,1,Nobuhiro Sawada,Tri-Force Jiu-Jitsu Academy
Asian International Open 2014,Adult/Male/Purple/Rooster,2,Jose Augusto Kimura Ferreira,Impacto Japan B.J.J.
Asian International Open 2014,Adult/Male/Purple/Rooster,3,Kaname Mori,Nascer Do Sol
Asian International Open 2014,Adult/Male/Purple/Rooster,3,Tetsuya Yoshitake,Paraestra
Asian International Open 2014,Adult/Male/Purple/Light-Feather,1,Keishiro Furukawa,Paraestra
Asian International Open 2014,Adult/Male/Purple/Light-Feather,2,Nakamura Hiroshi,Carpe Diem
Asian International Open 2014,Adult/Male/Purple/Light-Feather,3,Gaku Miyazaki,Axis Jiu-Jitsu
Asian International Open 2014,Adult/Male/Purple/Light-Feather,3,GYEONGSEOP LEE (repetido 175120),John Frankl Jiu-Jitsu
Asian International Open 2014,Adult/Male/Purple/Feather,1,Taiki Ozaki,Shima Brazilian Jiu Jitsu Academy
Asian International Open 2014,Adult/Male/Purple/Feather,2,Ryosei Kurihara,Tri-Force Jiu-Jitsu Academy
Asian International Open 2014,Adult/Male/Purple/Feather,3,Dustin Harraway,Caveirinha Jiu-Jitsu Family USA
Asian International Open 2014,Adult/Male/Purple/Feather,3,Tetsuya Sakurai (repetido 53097),Dragon's Den
Asian International Open 2014,Adult/Male/Purple/Light,1,Jae Hyun Park,John Frankl Jiu-Jitsu
Asian International Open 2014,Adult/Male/Purple/Light,2,Anthony Hana Cruz,Carlson Gracie International
Asian International Open 2014,Adult/Male/Purple/Light,3,Keita Inoue (repetido 73314),Grounnd Core
Asian International Open 2014,Adult/Male/Purple/Light,3,Koichiro Yamashita,Paraestra
Asian International Open 2014,Adult/Male/Purple/Middle,1,Burak Z Sarman,Gracie Humaita International
Asian International Open 2014,Adult/Male/Purple/Middle,2,Alexandre Verga,Start Brazilian Jiu-Jitsu
Asian International Open 2014,Adult/Male/Purple/Middle,3,Diego Anraku,Gracie Barra
Asian International Open 2014,Adult/Male/Purple/Middle,3,Yasuo Tanaka,Impacto Japan B.J.J.
Asian International Open 2014,Adult/Male/Purple/Medium-Heavy,1,Erikson Rafael Tavares Takeushi,Impacto Japan B.J.J.
Asian International Open 2014,Adult/Male/Purple/Medium-Heavy,2,Westin Vance,Peak Performance
Asian International Open 2014,Adult/Male/Purple/Medium-Heavy,3,Aaron Cusack,Will/Machado
Asian International Open 2014,Adult/Male/Purple/Medium-Heavy,3,Sanni Wehbe,Grabaka Jiu Jitsu Club
Asian International Open 2014,Adult/Male/Purple/Heavy,1,Eric Moscon Schlosser,American Top Team
Asian International Open 2014,Adult/Male/Purple/Heavy,2,Eric Cannon,New Breed Academy
Asian International Open 2014,Adult/Male/Purple/Heavy,3,anthony II lim,Atos Jiu-Jitsu
Asian International Open 2014,Adult/Male/Purple/Heavy,3,Fabio Sumio Oliveira  Ouchi,Ogawa Jiu Jitsu
Asian International Open 2014,Adult/Male/Purple/Super-Heavy,1,Giedre Ota,Bull-Terrier Bonsai
Asian International Open 2014,Adult/Male/Purple/Super-Heavy,2,Danny Andre Feliz Capitao,Icon BJJ
Asian International Open 2014,Adult/Male/Purple/Super-Heavy,3,Bryan Lim,Atos Jiu-Jitsu
Asian International Open 2014,Adult/Male/Purple/Super-Heavy,3,Myonjoong Kim,KJ Competition Team
Asian International Open 2014,Adult/Male/Purple/Ultra-Heavy,1,Luis Paulo Lima Santos,Bon Sai JJ
Asian International Open 2014,Adult/Male/Purple/Ultra-Heavy,2,Ramon Portes,Impacto Japan B.J.J.
Asian International Open 2014,Adult/Male/Purple/Ultra-Heavy,3,Eric Dino,MyBJJ Team Japan
Asian International Open 2014,Adult/Male/Purple/Ultra-Heavy,3,Rashid Matthews-Hall,Gracie Elite Team America
Asian International Open 2014,Adult/Male/Purple/OpenClass,1,Luis Paulo Lima Santos,Bon Sai JJ
Asian International Open 2014,Adult/Male/Purple/OpenClass,2,Eric Moscon Schlosser,American Top Team
Asian International Open 2014,Adult/Male/Purple/OpenClass,3,Burak Z Sarman,Gracie Humaita International
Asian International Open 2014,Adult/Male/Purple/OpenClass,3,Erikson Rafael Tavares Takeushi,Impacto Japan B.J.J.
Asian International Open 2014,Adult/Female/Purple/Rooster,1,Ryoko Imoto,Pogona Club Gym
Asian International Open 2014,Adult/Female/Purple/Rooster,2,Kiree Higa,Caveirinha Jiu-Jitsu Family USA
Asian International Open 2014,Adult/Female/Purple/Rooster,3,Keiko Maezaki,Reversal Gym Yokohama Groundslam
Asian International Open 2014,Adult/Female/Purple/Rooster,3,Mayumi Kai,Newaza World Higashikyushu
Asian International Open 2014,Adult/Female/Purple/Light-Feather,1,Liwia Gluchowska,Maromba Academia International
Asian International Open 2014,Adult/Female/Purple/Light-Feather,2,Mei Yamaguchi,Checkmat CDJJ Tokyo
Asian International Open 2014,Adult/Female/Purple/Light-Feather,3,Fumika Fukuzumi,Fukuzumi Jiu-Jitsu
Asian International Open 2014,Adult/Female/Purple/Light,1,Danielle Renee Alvarez,Bruno Bastos Association
Asian International Open 2014,Adult/Female/Purple/Light,2,Clelia Machado,Impacto Japan B.J.J.
Asian International Open 2014,Adult/Female/Purple/Light,3,patricia guanaes,Ogawa Jiu Jitsu
Asian International Open 2014,Adult/Female/Purple/Medium-Heavy,1,Dina Salverian,Purebred Jiu Jitsu Guam
Asian International Open 2014,Adult/Female/Purple/Medium-Heavy,2,Valerie Aspaas,Gracie Barra
Asian International Open 2014,Adult/Female/Purple/Medium-Heavy,3,Yuki Uchiyama,Paraestra
Asian International Open 2014,Adult/Female/Purple/OpenClass,1,Danielle Renee Alvarez,Bruno Bastos Association
Asian International Open 2014,Adult/Female/Purple/OpenClass,2,Dina Salverian,Purebred Jiu Jitsu Guam
Asian International Open 2014,Adult/Female/Purple/OpenClass,3,Liwia Gluchowska,Maromba Academia International
Asian International Open 2014,Adult/Female/Purple/OpenClass,3,Valerie Aspaas,Gracie Barra
Asian International Open 2014,Adult/Male/Brown/Rooster,1,Masazumi Ito,Newaza World Shinagawa
Asian International Open 2014,Adult/Male/Brown/Rooster,2,Tatsuya Wakayama,Waka Jiu-Jitsu
Asian International Open 2014,Adult/Male/Brown/Light-Feather,1,Kazuhiro Miyachi,Shooto Gym Roots
Asian International Open 2014,Adult/Male/Brown/Light-Feather,2,Michael Gregory Sanchez,Purebred Jiu Jitsu Guam
Asian International Open 2014,Adult/Male/Brown/Light-Feather,3,Naoya Tomita,Paraestra
Asian International Open 2014,Adult/Male/Brown/Light-Feather,3,Rene Eduardo Lopez,Zenith BJJ
Asian International Open 2014,Adult/Male/Brown/Feather,1,Vanderlei Takasaki Cardoso,Impacto Japan B.J.J.
Asian International Open 2014,Adult/Male/Brown/Feather,2,Lee Sang Hyun,De La Riva JJ
Asian International Open 2014,Adult/Male/Brown/Feather,3,David John Tuncap,Purebred Jiu Jitsu Guam
Asian International Open 2014,Adult/Male/Brown/Feather,3,Ok Myoung Kim,De La Riva JJ
Asian International Open 2014,Adult/Male/Brown/Light,1,Kleber Erbst Koike,Bull-Terrier Bonsai
Asian International Open 2014,Adult/Male/Brown/Light,2,Tanno Robson Odilio,Impacto Japan B.J.J.
Asian International Open 2014,Adult/Male/Brown/Light,3,Lee Jung Yong,De La Riva JJ
Asian International Open 2014,Adult/Male/Brown/Light,3,Ryosuke Sakagami,Suita Jiu-Jitsu
Asian International Open 2014,Adult/Male/Brown/Middle,1,Luan Chirano Arouca,Impacto Japan B.J.J.
Asian International Open 2014,Adult/Male/Brown/Middle,2,Donggyun  Kim,John Frankl Jiu-Jitsu
Asian International Open 2014,Adult/Male/Brown/Middle,3,Masashi Takahashi,Tri-Force Jiu-Jitsu Academy
Asian International Open 2014,Adult/Male/Brown/Middle,3,Yunus Emre Karasakal,Shanghai BJJ (SHBJJ)
Asian International Open 2014,Adult/Male/Brown/Medium-Heavy,1,Jong Mok Kim,Sanai Jiu Jitsu Academy
Asian International Open 2014,Adult/Male/Brown/Medium-Heavy,2,Kwon Sung Hwan,De La Riva JJ
Asian International Open 2014,Adult/Male/Brown/Medium-Heavy,3,Eric James A. Sian,Purebred Jiu Jitsu Guam
Asian International Open 2014,Adult/Male/Brown/Medium-Heavy,3,Nishimoto Kenji,Paraestra
Asian International Open 2014,Adult/Male/Brown/Super-Heavy,1,Ervin Israel Brandon,Lloyd Irvin Martial Arts
Asian International Open 2014,Adult/Male/Brown/OpenClass,1,Tanno Robson Odilio,Impacto Japan B.J.J.
Asian International Open 2014,Adult/Male/Brown/OpenClass,2,Jong Mok Kim,Sanai Jiu Jitsu Academy
Asian International Open 2014,Adult/Male/Brown/OpenClass,3,Kazuhiro Miyachi,Shooto Gym Roots
Asian International Open 2014,Adult/Male/Brown/OpenClass,3,Kleber Erbst Koike,Bull-Terrier Bonsai
Asian International Open 2014,Adult/Female/Brown/Light,1,Isabelle de Souza,Impacto Japan B.J.J.
Asian International Open 2014,Adult/Female/Brown/OpenClass,1,Isabelle de Souza,Impacto Japan B.J.J.
Asian International Open 2014,Adult/Male/Black/Rooster,1,Koji Shibamoto,Tri-Force Jiu-Jitsu Academy
Asian International Open 2014,Adult/Male/Black/Rooster,2,Masaaki Todokoro,Paraestra
Asian International Open 2014,Adult/Male/Black/Rooster,3,Takahito Yoshioka,Tokushima BJJ
Asian International Open 2014,Adult/Male/Black/Light-Feather,1,Takuto Kako,Grappling Shoot Boxers
Asian International Open 2014,Adult/Male/Black/Light-Feather,2,Hideyuki Yamada,De La Riva JJ
Asian International Open 2014,Adult/Male/Black/Light-Feather,3,Dai Yoshioka,Tokyo Yellowmans
Asian International Open 2014,Adult/Male/Black/Light-Feather,3,Wanki Chae,John Frankl Jiu-Jitsu
Asian International Open 2014,Adult/Male/Black/Feather,1,Isaque Alberto de Oliveira Paiva,Saikoo Jiu-Jitsu
Asian International Open 2014,Adult/Male/Black/Feather,2,Eduardo Ramos da Silva,Atos Jiu-Jitsu
Asian International Open 2014,Adult/Male/Black/Feather,3,Ichitaro Tsukada,Damm Fight Japan
Asian International Open 2014,Adult/Male/Black/Feather,3,Jordan Tomas Gomez,Caveirinha Jiu-Jitsu Family USA
Asian International Open 2014,Adult/Male/Black/Light,1,Roberto Satoshi de Souza,Bull-Terrier Bonsai
Asian International Open 2014,Adult/Male/Black/Light,2,Tatsuya Kaneko,Paraestra
Asian International Open 2014,Adult/Male/Black/Light,3,Alex Cabanes Gisbert,Calasans BJJ
Asian International Open 2014,Adult/Male/Black/Light,3,Hirokazu Takamoto,PGN Higashiyamato
Asian International Open 2014,Adult/Male/Black/Middle,1,Rodrigo Benedito Caporal,Atos Jiu-Jitsu
Asian International Open 2014,Adult/Male/Black/Middle,2,Jason Caulfield,Nova União Australia
Asian International Open 2014,Adult/Male/Black/Middle,3,Akifumi Kawazoe,Gracie Barra
Asian International Open 2014,Adult/Male/Black/Middle,3,Soon Sung Bae,Tri-Force Jiu-Jitsu Academy
Asian International Open 2014,Adult/Male/Black/Medium-Heavy,1,Claudio Calasans Camargo Júnior,Atos Jiu-Jitsu
Asian International Open 2014,Adult/Male/Black/Medium-Heavy,2,Julien Cazier,Gracie Barra
Asian International Open 2014,Adult/Male/Black/Medium-Heavy,3,Sonoda Vinicius Kendy,Ogawa Jiu Jitsu
Asian International Open 2014,Adult/Male/Black/Heavy,1,Eliot Andrew Kelly,Yemaso Brazilian Jiu-Jitsu
Asian International Open 2014,Adult/Male/Black/Heavy,2,Howon Jung,John Frankl Jiu-Jitsu
Asian International Open 2014,Adult/Male/Black/Heavy,3,Tiago Shiokawa Franca,Ogawa Jiu Jitsu
Asian International Open 2014,Adult/Male/Black/Super-Heavy,1,Marcos Yoshio de Souza,Bull-Terrier Bonsai
Asian International Open 2014,Adult/Male/Black/Super-Heavy,2,Syusei Tagawa,Fukuzumi Jiu-Jitsu
Asian International Open 2014,Adult/Male/Black/Super-Heavy,3,Leigh Michael Burger,Will/Machado
Asian International Open 2014,Adult/Male/Black/Ultra-Heavy,1,Abraham J. Marte Messina,Yamasaki Academy International
Asian International Open 2014,Adult/Male/Black/Ultra-Heavy,2,Charles Gaspar Costa,Impacto Japan B.J.J.
Asian International Open 2014,Adult/Male/Black/OpenClass,1,Claudio Calasans Camargo Júnior,Atos Jiu-Jitsu
Asian International Open 2014,Adult/Male/Black/OpenClass,2,Abraham J. Marte Messina,Yamasaki Academy International
Asian International Open 2014,Adult/Male/Black/OpenClass,3,Howon Jung,John Frankl Jiu-Jitsu
Asian International Open 2014,Adult/Male/Black/OpenClass,3,Rodrigo Benedito Caporal,Atos Jiu-Jitsu
Asian International Open 2014,Adult/Female/Black/Feather,1,Mackenzie Lynne Dern,Gracie Humaita
Asian International Open 2014,Adult/Female/Black/OpenClass,1,Mackenzie Lynne Dern,Gracie Humaita
Asian International Open 2014,Master1/Male/White/Light-Feather,1,Han Jong Yun,De La Riva JJ
Asian International Open 2014,Master1/Male/White/Light-Feather,2,Yuta Kitazawa,Tri-Force Jiu-Jitsu Academy
Asian International Open 2014,Master1/Male/White/Light-Feather,3,Asada Yoske,Impacto Japan B.J.J.
Asian International Open 2014,Master1/Male/White/Feather,1,Kazuya Ishii,Tri-Force Jiu-Jitsu Academy
Asian International Open 2014,Master1/Male/White/Feather,2,Cho Sung Duk,De La Riva JJ
Asian International Open 2014,Master1/Male/White/Feather,3,Heo Sung,De La Riva JJ
Asian International Open 2014,Master1/Male/White/Feather,3,Horie Wataru,Carpe Diem
Asian International Open 2014,Master1/Male/White/Light,1,Fabio  Medeiros,Tokai Brazilian Jiu-Jitsu
Asian International Open 2014,Master1/Male/White/Light,2,Hironari Tanaka,Team Barbosa Japan
Asian International Open 2014,Master1/Male/White/Light,3,Derrick Ross,Purebred Jiu Jitsu Guam
Asian International Open 2014,Master1/Male/White/Light,3,Luis Henrique Hiroshi Sumiya,Ogawa Jiu Jitsu
Asian International Open 2014,Master1/Male/White/Middle,1,Dalton Toyama,Impacto Japan B.J.J.
Asian International Open 2014,Master1/Male/White/Middle,2,Deyvson Naoki Matiy,Tokai Brazilian Jiu-Jitsu
Asian International Open 2014,Master1/Male/Blue/Light-Feather,1,Takanori Kaito,Impacto Japan B.J.J.
Asian International Open 2014,Master1/Male/Blue/Light-Feather,2,Ming Hoi Fai,Epic MMA Club
Asian International Open 2014,Master1/Male/Blue/Light-Feather,3,Tsuyoshi Kawamura,Carpe Diem
Asian International Open 2014,Master1/Male/Blue/Light-Feather,3,Yukio Sugimoto,Grounnd Core
Asian International Open 2014,Master1/Male/Blue/Feather,1,jean-pierre Bidegain,Taiwan BJJ
Asian International Open 2014,Master1/Male/Blue/Feather,2,Takadono Shinsuke,Impacto Japan B.J.J. (B)
Asian International Open 2014,Master1/Male/Blue/Feather,3,Siro Ejima,Gentel Arts Nagoya Brazilian Jiu-Jitsu Club
Asian International Open 2014,Master1/Male/Blue/Feather,3,Takayuki Okutomi,Dragon's Den
Asian International Open 2014,Master1/Male/Blue/Light,1,Shinmura Koushirou,Gentel Arts Nagoya Brazilian Jiu-Jitsu Club
Asian International Open 2014,Master1/Male/Blue/Light,2,Morino Rojerio,TS Brazilian Jiu Jitsu
Asian International Open 2014,Master1/Male/Blue/Light,3,Akira Higuchi,Nascer Do Sol
Asian International Open 2014,Master1/Male/Blue/Light,3,Oliver Graham,Epic MMA Club
Asian International Open 2014,Master1/Male/Blue/Middle,1,Yoshihiro Hirama,Impacto Japan B.J.J.
Asian International Open 2014,Master1/Male/Blue/Middle,2,Eduardo Kawashaki,Over Limit BJJ
Asian International Open 2014,Master1/Male/Blue/Middle,3,Christian Itice,Ogawa Jiu Jitsu
Asian International Open 2014,Master1/Male/Blue/Middle,3,Rodrigo Kazuo Ozeki,Impacto Japan B.J.J.
Asian International Open 2014,Master1/Male/Blue/Medium-Heavy,1,Fabio Leoncio,Tokai Brazilian Jiu-Jitsu
Asian International Open 2014,Master1/Male/Blue/Medium-Heavy,2,Li Shiyuan,BJJ Globetrotters
Asian International Open 2014,Master1/Male/Blue/Medium-Heavy,3,Sergio Esquivel,BJJ Revolution Team
Asian International Open 2014,Master1/Male/Blue/Heavy,1,Yong Hee Han,Sanai Jiu Jitsu Academy
Asian International Open 2014,Master1/Male/Blue/Ultra-Heavy,1,Erik Flores,Zenith BJJ - Las Vegas
Asian International Open 2014,Master1/Male/Blue/Ultra-Heavy,2,Wagner Freitas,Gracie Barra
Asian International Open 2014,Master1/Male/Blue/Ultra-Heavy,3,Cesar Souza Malafaia,Ogawa Jiu Jitsu
Asian International Open 2014,Master1/Male/Blue/OpenClass,1,Li Shiyuan,BJJ Globetrotters
Asian International Open 2014,Master1/Male/Blue/OpenClass,2,Erik Flores,Zenith BJJ - Las Vegas
Asian International Open 2014,Master1/Male/Blue/OpenClass,3,Fabio Leoncio,Tokai Brazilian Jiu-Jitsu
Asian International Open 2014,Master1/Male/Blue/OpenClass,3,Morino Rojerio,TS Brazilian Jiu Jitsu
Asian International Open 2014,Master1/Female/Blue/Middle,1,Olivia Odell,Epic MMA Club
Asian International Open 2014,Master1/Female/Blue/Middle,2,Natalie Hallemans,Jiu-Jitsu Lab
Asian International Open 2014,Master1/Female/Blue/Middle,3,Natasha Rodriguez,Atos Jiu-Jitsu
Asian International Open 2014,Master1/Female/Blue/Middle,3,Simone Kussano,Over Limit BJJ
Asian International Open 2014,Master1/Female/Blue/OpenClass,1,Natalie Hallemans,Jiu-Jitsu Lab
Asian International Open 2014,Master1/Female/Blue/OpenClass,2,Natasha Rodriguez,Atos Jiu-Jitsu
Asian International Open 2014,Master1/Female/Blue/OpenClass,3,Olivia Odell,Epic MMA Club
Asian International Open 2014,Master1/Female/Blue/OpenClass,3,Simone Kussano,Over Limit BJJ
Asian International Open 2014,Master1/Male/Purple/Rooster,1,Takuya Yokoyama,Grabaka Jiu Jitsu Club
Asian International Open 2014,Master1/Male/Purple/Rooster,2,Chien-Kai Hung,Taiwan BJJ
Asian International Open 2014,Master1/Male/Purple/Rooster,3,Junya Arakawa,Over Limit BJJ
Asian International Open 2014,Master1/Male/Purple/Rooster,3,Watanabe Yoshiyuki,Ogawa Jiu Jitsu
Asian International Open 2014,Master1/Male/Purple/Light-Feather,1,Bruno Fernando Hiroshi Iamamoto,Impacto Japan B.J.J.
Asian International Open 2014,Master1/Male/Purple/Light-Feather,2,Bruno Raphael Ishi,Impacto Japan B.J.J.
Asian International Open 2014,Master1/Male/Purple/Light-Feather,3,Hoki Takasu,Ogawa Jiu Jitsu
Asian International Open 2014,Master1/Male/Purple/Light-Feather,3,Keisuke Nagami,Alive
Asian International Open 2014,Master1/Male/Purple/Feather,1,Shogo Ogata,Gracie Barra
Asian International Open 2014,Master1/Male/Purple/Feather,2,Yoshihito Hamazaki,Alive Mie
Asian International Open 2014,Master1/Male/Purple/Feather,3,Han Taekyeong,Sanai Jiu Jitsu Academy
Asian International Open 2014,Master1/Male/Purple/Feather,3,jeferson mochizuke,Ogawa Jiu Jitsu
Asian International Open 2014,Master1/Male/Purple/Light,1,Rodrigo de Souza,Impacto Japan B.J.J.
Asian International Open 2014,Master1/Male/Purple/Light,2,Carlos  Eduardo Ishi,Impacto Japan B.J.J.
Asian International Open 2014,Master1/Male/Purple/Light,3,Denis Gurinenko,Gracie Barra
Asian International Open 2014,Master1/Male/Purple/Middle,1,Ricardo Oliveira da Silva,Ogawa Jiu Jitsu
Asian International Open 2014,Master1/Male/Purple/Middle,2,Renato Tomio Shinpo Ogawa,Impacto Japan B.J.J.
Asian International Open 2014,Master1/Male/Purple/Middle,3,ali Beltre,Start Brazilian Jiu-Jitsu
Asian International Open 2014,Master1/Male/Purple/Medium-Heavy,1,Sungjoon Ham,Tri-Force Jiu-Jitsu Academy
Asian International Open 2014,Master1/Male/Purple/Medium-Heavy,2,Katsumi Shibata,Team Barbosa Japan
Asian International Open 2014,Master1/Male/Purple/Medium-Heavy,3,Armando Fujiyama,Gracie Barra
Asian International Open 2014,Master1/Male/Purple/Heavy,1,Du Yunlai,Gracie Barra
Asian International Open 2014,Master1/Male/Purple/Heavy,2,Kim Jin Sung,Sanai Jiu Jitsu Academy
Asian International Open 2014,Master1/Male/Purple/Heavy,3,Masakazu Kinoshita,Suita Jiu-Jitsu
Asian International Open 2014,Master1/Male/Purple/Heavy,3,Sean Scavetta,Axis Jiu-Jitsu Japan
Asian International Open 2014,Master1/Male/Purple/Super-Heavy,1,Harold  Horton,Fujita Jiu-Jitsu
Asian International Open 2014,Master1/Male/Purple/Super-Heavy,2,Fernando Daikiri,Gracie Barra
Asian International Open 2014,Master1/Male/Purple/Super-Heavy,3,Dion Curtin,Will/Machado
Asian International Open 2014,Master1/Male/Purple/Ultra-Heavy,1,Gustavo Florencio Ferreira da Silva,Rocha Jiu Jitsu
Asian International Open 2014,Master1/Male/Purple/Ultra-Heavy,2,Bryce Davis,Caveirinha Jiu-Jitsu Family USA
Asian International Open 2014,Master1/Male/Purple/OpenClass,1,Gustavo Florencio Ferreira da Silva,Rocha Jiu Jitsu
Asian International Open 2014,Master1/Male/Purple/OpenClass,2,Du Yunlai,Gracie Barra
Asian International Open 2014,Master1/Male/Purple/OpenClass,3,Ricardo Oliveira da Silva,Ogawa Jiu Jitsu
Asian International Open 2014,Master1/Male/Purple/OpenClass,3,Sungjoon Ham,Tri-Force Jiu-Jitsu Academy
Asian International Open 2014,Master1/Male/Brown/Light-Feather,1,Naoto Konno,Paraestra
Asian International Open 2014,Master1/Male/Brown/Light-Feather,2,David Tojo Pereira,Impacto Japan B.J.J.
Asian International Open 2014,Master1/Male/Brown/Light,1,Kim Young Wook,Sanai Jiu Jitsu Academy
Asian International Open 2014,Master1/Male/Brown/Light,2,Alessandro Savajo Eto,Infight Japan Jiu-Jitsu
Asian International Open 2014,Master1/Male/Brown/Light,3,June Sun,Purebred Jiu Jitsu Guam
Asian International Open 2014,Master1/Male/Brown/Light,3,Yusuf Razaul Haque,Atos Jiu-Jitsu
Asian International Open 2014,Master1/Male/Brown/Middle,1,K. S. Vinc Tan,de Been 100% Jiu-Jitsu
Asian International Open 2014,Master1/Male/Brown/Middle,2,Wilson Luiz Sampaio,Impacto Japan B.J.J.
Asian International Open 2014,Master1/Male/Brown/Middle,3,Yohei Nomura,Blows
Asian International Open 2014,Master1/Male/Brown/Medium-Heavy,1,Bolderdene Odsuren,Mongolian BJJ
Asian International Open 2014,Master1/Male/Brown/Medium-Heavy,2,Asao Everton Ramos,Impacto Japan B.J.J.
Asian International Open 2014,Master1/Male/Brown/Medium-Heavy,3,Ito Shunsuke,Tri-Force Jiu-Jitsu Academy
Asian International Open 2014,Master1/Male/Brown/Medium-Heavy,3,Ruben Rivas,Bonsai JJ - Guam
Asian International Open 2014,Master1/Male/Brown/Heavy,1,Toni Lozanovski,Equipe Mestre Wilson Jiu Jitsu Australia
Asian International Open 2014,Master1/Male/Brown/Heavy,2,Daniel Villalpando,Impacto Japan B.J.J.
Asian International Open 2014,Master1/Male/Brown/Heavy,3,Rafael Lima Guimaraes,Super Team Jiu-Jitsu
Asian International Open 2014,Master1/Male/Brown/Ultra-Heavy,1,Lucas Quintana Tani,Impacto Japan B.J.J.
Asian International Open 2014,Master1/Male/Brown/Ultra-Heavy,2,Joshua Paul Jerome,Purebred Jiu Jitsu Guam
Asian International Open 2014,Master1/Male/Brown/OpenClass,1,Lucas Quintana Tani,Impacto Japan B.J.J.
Asian International Open 2014,Master1/Male/Brown/OpenClass,2,Asao Everton Ramos,Impacto Japan B.J.J.
Asian International Open 2014,Master1/Male/Brown/OpenClass,3,Kim Young Wook,Sanai Jiu Jitsu Academy
Asian International Open 2014,Master1/Male/Brown/OpenClass,3,Toni Lozanovski,Equipe Mestre Wilson Jiu Jitsu Australia
Asian International Open 2014,Master1/Female/Brown/Rooster,1,Wendy Git-hing Cheung,GF Team International
Asian International Open 2014,Master1/Female/Brown/Medium-Heavy,1,Teresa Nien Tsu Ho,BJJ Revolution Team - International
Asian International Open 2014,Master1/Female/Brown/OpenClass,1,Teresa Nien Tsu Ho,BJJ Revolution Team - International
Asian International Open 2014,Master1/Female/Brown/OpenClass,2,Wendy Git-hing Cheung,GF Team International
Asian International Open 2014,Master1/Male/Black/Rooster,1,Kenshi Tomari,Paraestra
Asian International Open 2014,Master1/Male/Black/Rooster,2,Rafael Nakauchi,Ogawa Jiu Jitsu
Asian International Open 2014,Master1/Male/Black/Rooster,3,Satoshi Nagashima,Gentel Arts Nagoya Brazilian Jiu-Jitsu Club
Asian International Open 2014,Master1/Male/Black/Light-Feather,1,Kazuya Satoh,Paraestra
Asian International Open 2014,Master1/Male/Black/Light-Feather,2,Jonathas Jefreshon Sakata,Impacto Japan B.J.J.
Asian International Open 2014,Master1/Male/Black/Feather,1,Carlos Augusto Da Silva Kimura,Impacto Japan B.J.J.
Asian International Open 2014,Master1/Male/Black/Feather,2,Donald Max Flowers,Gracie Barra
Asian International Open 2014,Master1/Male/Black/Feather,3,Lee Jung Woo,De La Riva JJ
Asian International Open 2014,Master1/Male/Black/Feather,3,Roberto Yokoyama,MyBJJ Team Japan
Asian International Open 2014,Master1/Male/Black/Light,1,Rogerio Yoski Suto,Impacto Japan B.J.J.
Asian International Open 2014,Master1/Male/Black/Light,2,Alfredo Julio P. M. C. Costa,GF Team
Asian International Open 2014,Master1/Male/Black/Light,3,Akihiro Shibuya,Hiro BJJ Academy Yokohama
Asian International Open 2014,Master1/Male/Black/Light,3,Luiz Fernando Maioli,Ogawa Jiu Jitsu
Asian International Open 2014,Master1/Male/Black/Middle,1,Keldson Eduardo Santana Rodrigues Silva,Ogawa Jiu Jitsu
Asian International Open 2014,Master1/Male/Black/Middle,2,Anderson Kenji Murasaki Pereira,Impacto Japan B.J.J.
Asian International Open 2014,Master1/Male/Black/Middle,3,Andre de Jesus Hasegawa,Ogawa Jiu Jitsu
Asian International Open 2014,Master1/Male/Black/Medium-Heavy,1,Leandro de Souza Kussano,Over Limit BJJ
Asian International Open 2014,Master1/Male/Black/Medium-Heavy,2,Minol Tavares Tutida,Equipe Mestre Wilson Jiu Jitsu Australia
Asian International Open 2014,Master1/Male/Black/Medium-Heavy,3,Fabio Sakamoto Tiago,Impacto Japan B.J.J.
Asian International Open 2014,Master1/Male/Black/Medium-Heavy,3,Luis Alberto Nakagawa,Impacto Japan B.J.J.
Asian International Open 2014,Master1/Male/Black/Heavy,1,Fabio Yukio Sugawara,Infight Japan Jiu-Jitsu
Asian International Open 2014,Master1/Male/Black/Ultra-Heavy,1,Christophe Levy,Raça Luta BJJ
Asian International Open 2014,Master1/Male/Black/OpenClass,1,Rogerio Yoski Suto,Impacto Japan B.J.J.
Asian International Open 2014,Master1/Male/Black/OpenClass,2,Minol Tavares Tutida,Equipe Mestre Wilson Jiu Jitsu Australia
Asian International Open 2014,Master1/Male/Black/OpenClass,3,Christophe Levy,Raça Luta BJJ
Asian International Open 2014,Master1/Male/Black/OpenClass,3,Fabio Yukio Sugawara,Infight Japan Jiu-Jitsu
Asian International Open 2014,Master2/Male/White/Light-Feather,1,Edson Shimodaira,Ogawa Jiu Jitsu
Asian International Open 2014,Master2/Male/White/Light-Feather,2,Ryutaro Ohashi,Kanazawa Brazilian Jiu-Jitsu
Asian International Open 2014,Master2/Male/White/Light-Feather,3,Shouichi Kubo,Impacto Japan B.J.J.
Asian International Open 2014,Master2/Male/White/Light-Feather,3,Yoshinori Amaoka,Tokushima BJJ
Asian International Open 2014,Master2/Male/White/Feather,1,Mashiko Tomohiro,Gentel Arts Nagoya Brazilian Jiu-Jitsu Club
Asian International Open 2014,Master2/Male/White/Feather,2,Chu Yan Sheng,Taiwan BJJ
Asian International Open 2014,Master2/Male/White/Feather,3,Kuniaki Maeda,Nex
Asian International Open 2014,Master2/Male/White/Feather,3,Shuji Watanabe,Fubuki Bjj Academy
Asian International Open 2014,Master2/Male/White/Light,1,Pai Hsien Ming,Taiwan BJJ
Asian International Open 2014,Master2/Male/White/Light,2,Shinji Isawa,Tokushima BJJ
Asian International Open 2014,Master2/Male/White/Middle,1,Valberson  Oliveira Kojo,Rocha Jiu Jitsu
Asian International Open 2014,Master2/Male/White/Middle,2,Ozaki Francialdo,Ogawa Jiu Jitsu
Asian International Open 2014,Master2/Male/White/Middle,3,Ha Juntaek,Epic MMA Club
Asian International Open 2014,Master2/Male/White/Middle,3,Marlo Cruz,Purebred Jiu Jitsu Guam
Asian International Open 2014,Master2/Male/White/Medium-Heavy,1,Deniz Yoshida,Infight Japan Jiu-Jitsu
Asian International Open 2014,Master2/Male/White/Medium-Heavy,2,Cort Jamison,Purebred Jiu Jitsu Guam
Asian International Open 2014,Master2/Male/White/Heavy,1,Ivan Berezovski,Gracie Barra
Asian International Open 2014,Master2/Male/White/Heavy,2,Mehdi Elajimi,Epic MMA Club
Asian International Open 2014,Master2/Male/White/Heavy,3,Hiroshi Urushihara,Paraestra Hachinohe
Asian International Open 2014,Master2/Male/White/Heavy,3,Tooru Kinoshita,Suita Jiu-Jitsu
Asian International Open 2014,Master2/Male/White/Ultra-Heavy,1,Henriks Kontauts,Gracie Barra
Asian International Open 2014,Master2/Male/Blue/Rooster,1,Nadin Maxiell,Checkmat CDJJ Tokyo
Asian International Open 2014,Master2/Male/Blue/Rooster,2,Renato Sato,Impacto Japan B.J.J.
Asian International Open 2014,Master2/Male/Blue/Light-Feather,1,Masaki Maeda,Gentel Arts Nagoya Brazilian Jiu-Jitsu Club
Asian International Open 2014,Master2/Male/Blue/Light-Feather,2,Romulo Tanaka,Rocha Jiu Jitsu
Asian International Open 2014,Master2/Male/Blue/Light-Feather,3,Kenji Fujikawa,Alive
Asian International Open 2014,Master2/Male/Blue/Light-Feather,3,Orkhonbaatar Soninkhuu,Mongolian BJJ
Asian International Open 2014,Master2/Male/Blue/Feather,1,Park Kyungmin,Sanai Jiu Jitsu Academy
Asian International Open 2014,Master2/Male/Blue/Feather,2,Katsuaki Komatsu,Tri-Force Jiu-Jitsu Academy
Asian International Open 2014,Master2/Male/Blue/Feather,3,Roberto Sakata,Impacto Japan B.J.J.
Asian International Open 2014,Master2/Male/Blue/Feather,3,Shintarou Matsubara,Nascer Do Sol
Asian International Open 2014,Master2/Male/Blue/Light,1,Joey Lepiten,Ribeiro Jiu-Jitsu International
Asian International Open 2014,Master2/Male/Blue/Light,2,Michael Leung,Epic MMA Club
Asian International Open 2014,Master2/Male/Blue/Light,3,Alexsander  Costa,Ogawa Jiu Jitsu
Asian International Open 2014,Master2/Male/Blue/Light,3,Yasunao Nakamura,Tri-Force Jiu-Jitsu Academy
Asian International Open 2014,Master2/Male/Blue/Middle,1,Kim Hung Tae,De La Riva JJ
Asian International Open 2014,Master2/Male/Blue/Middle,2,Francisco Kim,Epic MMA Club
Asian International Open 2014,Master2/Male/Blue/Middle,3,Johnathan Brown,Caio Terra Association
Asian International Open 2014,Master2/Male/Blue/Medium-Heavy,1,Tony Parra,Yamasaki Academy
Asian International Open 2014,Master2/Male/Blue/Medium-Heavy,2,Nicola Pantone,Epic MMA Club
Asian International Open 2014,Master2/Male/Blue/Heavy,1,Adriano Kusunoki,Ogawa Jiu Jitsu
Asian International Open 2014,Master2/Male/Blue/Super-Heavy,1,Marcelo Yoshio  Harada,Suto Academy
Asian International Open 2014,Master2/Male/Blue/Ultra-Heavy,1,Laurence Hook,Epic MMA Club
Asian International Open 2014,Master2/Male/Blue/Ultra-Heavy,2,Maezuka Marcelo Moreno,Ogawa Jiu Jitsu
Asian International Open 2014,Master2/Male/Blue/Ultra-Heavy,3,Koichiro Orita,Volcano Jiu-Jitsu & MMA
Asian International Open 2014,Master2/Male/Blue/Ultra-Heavy,3,Marcelino Shimura,Over Limit BJJ
Asian International Open 2014,Master2/Male/Blue/OpenClass,1,Maezuka Marcelo Moreno,Ogawa Jiu Jitsu
Asian International Open 2014,Master2/Male/Blue/OpenClass,2,Adriano Kusunoki,Ogawa Jiu Jitsu
Asian International Open 2014,Master2/Male/Blue/OpenClass,3,Joey Lepiten,Ribeiro Jiu-Jitsu International
Asian International Open 2014,Master2/Male/Blue/OpenClass,3,Marcelino Shimura,Over Limit BJJ
Asian International Open 2014,Master2/Male/Purple/Light-Feather,1,Toshimitsu Yamawaki (repetido 54057),X-Treme Jiu-Jitsu Academy
Asian International Open 2014,Master2/Male/Purple/Light-Feather,2,Takatoshi Shibayama,Atos Jiu-Jitsu
Asian International Open 2014,Master2/Male/Purple/Light-Feather,3,Hidetomo Kawamura,Alive
Asian International Open 2014,Master2/Male/Purple/Light-Feather,3,Masaji Kawamura,Max Jiu Jitsu Academy
Asian International Open 2014,Master2/Male/Purple/Feather,1,Sora Tsukui,Newaza-World Hanshin
Asian International Open 2014,Master2/Male/Purple/Feather,2,Fumitomo Nakahara,Paraestra
Asian International Open 2014,Master2/Male/Purple/Feather,3,dogyeong Yun,Jiu-Jitsu Lab
Asian International Open 2014,Master2/Male/Purple/Feather,3,Makoto Kamisaka,Carpe Diem Nagasaki
Asian International Open 2014,Master2/Male/Purple/Light,1,Koichiro Yoshinaga,Paraestra
Asian International Open 2014,Master2/Male/Purple/Light,2,Ken Lee,Gracie Barra
Asian International Open 2014,Master2/Male/Purple/Light,3,Kim Jiil,The Paraestra Okinawa
Asian International Open 2014,Master2/Male/Purple/Light,3,Lee Sung baek,De La Riva JJ
Asian International Open 2014,Master2/Male/Purple/Middle,1,Kikuchi Susumu,Grasco Jiu-Jitsu Academy
Asian International Open 2014,Master2/Male/Purple/Middle,2,Koujirou Hayashi,Paraestra
Asian International Open 2014,Master2/Male/Purple/Middle,3,Keita Takahashi,Paraestra
Asian International Open 2014,Master2/Male/Purple/Middle,3,Yoshikazu Ishiguro,Ogawa Jiu Jitsu
Asian International Open 2014,Master2/Male/Purple/Medium-Heavy,1,Takamasa Itou,Paraestra
Asian International Open 2014,Master2/Male/Purple/Medium-Heavy,2,Marcelo V. Hamanaka,Impacto Japan B.J.J.
Asian International Open 2014,Master2/Male/Purple/Medium-Heavy,3,Oka Toshio,Team Barbosa Japan
Asian International Open 2014,Master2/Male/Purple/Medium-Heavy,3,Wilson Tadashi Karakawa,Super Team Jiu-Jitsu
Asian International Open 2014,Master2/Male/Purple/Heavy,1,Mikinori Nakano,Paraestra
Asian International Open 2014,Master2/Male/Purple/Heavy,2,Naoki Kuriyama,Alive
Asian International Open 2014,Master2/Male/Purple/Heavy,3,Kyle Peck Rhodus,Hiro BJJ Academy Yokohama
Asian International Open 2014,Master2/Male/Purple/Super-Heavy,1,Glenn G. Calairo,Caveirinha Jiu-Jitsu Family USA
Asian International Open 2014,Master2/Male/Purple/Super-Heavy,2,Gregory Lanier,Team-Choco
Asian International Open 2014,Master2/Male/Purple/OpenClass,1,Mikinori Nakano,Paraestra
Asian International Open 2014,Master2/Male/Purple/OpenClass,2,Koichiro Yoshinaga,Paraestra
Asian International Open 2014,Master2/Male/Purple/OpenClass,3,Gregory Lanier,Team-Choco
Asian International Open 2014,Master2/Male/Purple/OpenClass,3,Marcelo V. Hamanaka,Impacto Japan B.J.J.
Asian International Open 2014,Master2/Male/Brown/Rooster,1,Yosuke Nakamura,Dragon's Den
Asian International Open 2014,Master2/Male/Brown/Rooster,2,Masanori Takahashi,Tri-Force Jiu-Jitsu Academy
Asian International Open 2014,Master2/Male/Brown/Light-Feather,1,Yukio Takehira,Suita Jiu-Jitsu
Asian International Open 2014,Master2/Male/Brown/Feather,1,Katsuhiko Hibino,Alive
Asian International Open 2014,Master2/Male/Brown/Feather,2,Marcio Mitsuo Kobayashi,Impacto Japan B.J.J.
Asian International Open 2014,Master2/Male/Brown/Feather,3,Robert Atalig Gutierrez,Purebred Jiu Jitsu Guam
Asian International Open 2014,Master2/Male/Brown/Feather,3,Tatsuyoshi Shibata,Gentel Arts Nagoya Brazilian Jiu-Jitsu Club
Asian International Open 2014,Master2/Male/Brown/Middle,1,Antonio koike,Over Limit BJJ
Asian International Open 2014,Master2/Male/Brown/Middle,2,Megumu Miura,Suita Jiu-Jitsu
Asian International Open 2014,Master2/Male/Brown/Middle,3,Kon Hui Quek,Equilibrium Mixed Martial Arts
Asian International Open 2014,Master2/Male/Brown/OpenClass,1,Megumu Miura,Suita Jiu-Jitsu
Asian International Open 2014,Master2/Male/Brown/OpenClass,2,Antonio koike,Over Limit BJJ
Asian International Open 2014,Master2/Male/Black/Light-Feather,1,Hiroaki Yoshioka,Paraestra
Asian International Open 2014,Master2/Male/Black/Light-Feather,2,Carlos Kazuo Kihara,Impacto Japan B.J.J.
Asian International Open 2014,Master2/Male/Black/Light-Feather,3,Daniel V. Alvarez Jr.,Bruno Bastos Association
Asian International Open 2014,Master2/Male/Black/Feather,1,Tomomi Iwama,Team Barbosa Japan
Asian International Open 2014,Master2/Male/Black/Feather,2,Kensuke Nogawa,Paraestra
Asian International Open 2014,Master2/Male/Black/Feather,3,Joao  Lenine kauvauti,Ogawa Jiu Jitsu
Asian International Open 2014,Master2/Male/Black/Feather,3,Miqueias Toshio Asada,Impacto Japan B.J.J.
Asian International Open 2014,Master2/Male/Black/Light,1,Rogerio de Cristo Filho,Rocha Jiu Jitsu
Asian International Open 2014,Master2/Male/Black/Light,2,Park Jun Young,Sanai Jiu Jitsu Academy
Asian International Open 2014,Master2/Male/Black/Light,3,Gaku Inano,Team Barbosa Japan
Asian International Open 2014,Master2/Male/Black/Middle,1,Helton Machado da Silva,Ribeiro Jiu-Jitsu Brasil
Asian International Open 2014,Master2/Male/Black/Middle,2,Elves De Souza Machado,Impacto Japan B.J.J.
Asian International Open 2014,Master2/Male/Black/Medium-Heavy,1,Aldo Januario de Oliveira,Caveirinha Jiu-Jitsu Family USA
Asian International Open 2014,Master2/Male/Black/Medium-Heavy,2,Alberto Crane,Gracie Barra
Asian International Open 2014,Master2/Male/Black/Medium-Heavy,3,Alexandre Tanimoto,Over Limit BJJ
Asian International Open 2014,Master2/Male/Black/Medium-Heavy,3,Andrew Po-chen Wang,Grappling Unlimited
Asian International Open 2014,Master2/Male/Black/Heavy,1,Bryant Scott Pangelinan,Carlos Sapao BJJ
Asian International Open 2014,Master2/Male/Black/Heavy,2,Maximiliano Aguiar de Oliveira,Ogawa Jiu Jitsu
Asian International Open 2014,Master2/Male/Black/Heavy,3,Alexander Sulit,Atos Jiu-Jitsu
Asian International Open 2014,Master2/Male/Black/Heavy,3,Alexandre da Silva Torquato,Ogawa Jiu Jitsu
Asian International Open 2014,Master2/Male/Black/Ultra-Heavy,1,Fernando Nascimento Araujo,Jungle BJJ
Asian International Open 2014,Master2/Male/Black/Ultra-Heavy,2,Robert Keno,Jungle BJJ
Asian International Open 2014,Master2/Male/Black/OpenClass,1,Fernando Nascimento Araujo,Jungle BJJ
Asian International Open 2014,Master2/Male/Black/OpenClass,2,Miqueias Toshio Asada,Impacto Japan B.J.J.
Asian International Open 2014,Master2/Male/Black/OpenClass,3,Alexandre da Silva Torquato,Ogawa Jiu Jitsu
Asian International Open 2014,Master2/Male/Black/OpenClass,3,Robert Keno,Jungle BJJ
Asian International Open 2014,Master3/Male/Blue/Light-Feather,1,MITSUSHIGE KANAYA,Tri-Force Jiu-Jitsu Academy
Asian International Open 2014,Master3/Male/Blue/Light-Feather,2,Koji Shigemizu,Trust Jiu-jitsu Academy
Asian International Open 2014,Master3/Male/Blue/Light-Feather,3,Glenn Biscoe,Purebred Jiu Jitsu Guam
Asian International Open 2014,Master3/Male/Blue/Light-Feather,3,Hiroshi Sato,Gracie Barra
Asian International Open 2014,Master3/Male/Blue/Feather,1,Ted Joseph Tarpley,myBJJ Team
Asian International Open 2014,Master3/Male/Blue/Feather,2,Akihiko Ishikawa,Tri-Force Jiu-Jitsu Academy
Asian International Open 2014,Master3/Male/Blue/Feather,3,Kurokawa Noritaka,Tri-Force Jiu-Jitsu Academy
Asian International Open 2014,Master3/Male/Blue/Feather,3,Osamu Saiga,Hiro BJJ Academy Yokohama
Asian International Open 2014,Master3/Male/Blue/Light,1,Haguro Kazuhito,Grasco Jiu-Jitsu Academy
Asian International Open 2014,Master3/Male/Blue/Light,2,Matthew Anthony Jardine,Roger Gracie
Asian International Open 2014,Master3/Male/Blue/Light,3,Kazuomi Kiyota,Paraestra
Asian International Open 2014,Master3/Male/Blue/Light,3,Xingya  Chen,Shanghai BJJ (SHBJJ)
Asian International Open 2014,Master3/Male/Blue/Heavy,1,Mark Smith,Purebred Jiu Jitsu Guam
Asian International Open 2014,Master3/Male/Blue/Heavy,2,Felix Fabiano Francisco,Ogawa Jiu Jitsu
Asian International Open 2014,Master3/Male/Blue/OpenClass,1,Felix Fabiano Francisco,Ogawa Jiu Jitsu
Asian International Open 2014,Master3/Male/Blue/OpenClass,2,Osamu Saiga,Hiro BJJ Academy Yokohama
Asian International Open 2014,Master3/Male/Blue/OpenClass,3,Glenn Biscoe,Purebred Jiu Jitsu Guam
Asian International Open 2014,Master3/Male/Blue/OpenClass,3,Mark Smith,Purebred Jiu Jitsu Guam
Asian International Open 2014,Master3/Male/Purple/Light-Feather,1,Atsushi Matsuoka,Cb Impact
Asian International Open 2014,Master3/Male/Purple/Light-Feather,2,Atsushi Misono,Newaza World
Asian International Open 2014,Master3/Male/Purple/Light-Feather,3,KOJI ITO,Impacto Japan B.J.J.
Asian International Open 2014,Master3/Male/Purple/Light-Feather,3,Yasushi Ito,Impacto Japan B.J.J.
Asian International Open 2014,Master3/Male/Purple/Light,1,Mitsuteru Nakajo,Hiro BJJ Academy Yokohama
Asian International Open 2014,Master3/Male/Purple/Light,2,Yasutoshi Takenoya,Dragon's Den
Asian International Open 2014,Master3/Male/Purple/Heavy,1,Hyunsoo Jung,Sanai Jiu Jitsu Academy
Asian International Open 2014,Master3/Male/Purple/Heavy,2,Hiroshi Ota,Gentel Arts Nagoya Brazilian Jiu-Jitsu Club
Asian International Open 2014,Master3/Male/Purple/Heavy,3,Fábio  Fujii,Impacto Japan B.J.J.
Asian International Open 2014,Master3/Male/Purple/Heavy,3,Shinya Muroi,De La Riva JJ
Asian International Open 2014,Master3/Male/Purple/OpenClass,1,Hyunsoo Jung,Sanai Jiu Jitsu Academy
Asian International Open 2014,Master3/Male/Purple/OpenClass,2,Yasutoshi Takenoya,Dragon's Den
Asian International Open 2014,Master3/Male/Purple/OpenClass,3,Mitsuteru Nakajo,Hiro BJJ Academy Yokohama
Asian International Open 2014,Master3/Male/Purple/OpenClass,3,Yasushi Ito,Impacto Japan B.J.J.
Asian International Open 2014,Master3/Male/Brown/Middle,1,Mark D.C. Pangilinan,Purebred Jiu Jitsu Guam
Asian International Open 2014,Master3/Male/Brown/Heavy,1,Masahito Osada,Gracie Barra
Asian International Open 2014,Master3/Male/Brown/OpenClass,1,Masahito Osada,Gracie Barra
Asian International Open 2014,Master3/Male/Brown/OpenClass,2,Mark D.C. Pangilinan,Purebred Jiu Jitsu Guam
Asian International Open 2014,Master3/Male/Black/Feather,1,Shinsuke Fukuzumi,Fukuzumi Jiu-Jitsu
Asian International Open 2014,Master3/Male/Black/Feather,2,Yoshihiro Fujita,Fujita Jiu-Jitsu
Asian International Open 2014,Master3/Male/Black/Feather,3,Hiroshi Umemura,Nex
Asian International Open 2014,Master3/Male/Black/Middle,1,Edison Kagohara,Over Limit BJJ
Asian International Open 2014,Master3/Male/Black/Middle,2,Ubirajara Yukimoto,Ogawa Jiu Jitsu
Asian International Open 2014,Master3/Male/Black/Medium-Heavy,1,Emerson Azuma,Over Limit BJJ
Asian International Open 2014,Master3/Male/Black/Medium-Heavy,2,Fabio Eiti Matsusue,Infight Japan Jiu-Jitsu
Asian International Open 2014,Master3/Male/Black/Ultra-Heavy,1,Almir Rogerio Dos Santos,Ogawa Jiu Jitsu
Asian International Open 2014,Master3/Male/Black/Ultra-Heavy,2,Roberto Massao Matsukuma,Impacto Japan B.J.J.
Asian International Open 2014,Master3/Male/Black/OpenClass,1,Edison Kagohara,Over Limit BJJ
Asian International Open 2014,Master3/Male/Black/OpenClass,2,Emerson Azuma,Over Limit BJJ
Asian International Open 2014,Master3/Male/Black/OpenClass,3,Hiroshi Umemura,Nex
Asian International Open 2014,Master3/Male/Black/OpenClass,3,Yoshihiro Fujita,Fujita Jiu-Jitsu
Asian International Open 2014,Master4/Male/Blue/Middle,1,Kenichi Kudo,Tri-Force Jiu-Jitsu Academy
Asian International Open 2014,Master4/Male/Blue/Heavy,1,Ii Seiji,Shooto Gym Roots
Asian International Open 2014,Master4/Male/Blue/OpenClass,1,Ii Seiji,Shooto Gym Roots
Asian International Open 2014,Master4/Male/Blue/OpenClass,2,Kenichi Kudo,Tri-Force Jiu-Jitsu Academy
Asian International Open 2014,Master4/Male/Purple/Rooster,1,Fumitaka Iizuka,Gracie Barra
Asian International Open 2014,Master4/Male/Purple/Light,1,shoichi daito,Gracie Barra
Asian International Open 2014,Master4/Male/Purple/Middle,1,Kazufumi Tanaka (repetido 73165),Paraestra
Asian International Open 2014,Master4/Male/Purple/Ultra-Heavy,1,Oshiro Marcos,Tokai Brazilian Jiu-Jitsu
Asian International Open 2014,Master4/Male/Purple/OpenClass,1,Kazufumi Tanaka (repetido 73165),Paraestra
Asian International Open 2014,Master4/Male/Purple/OpenClass,2,Oshiro Marcos,Tokai Brazilian Jiu-Jitsu
Asian International Open 2014,Master4/Male/Purple/OpenClass,3,shoichi daito,Gracie Barra
Asian International Open 2014,Master4/Male/Brown/Light-Feather,1,Nobuo Takenaka,Suita Jiu-Jitsu
Asian International Open 2014,Master4/Male/Brown/Light,1,Tomohiro Ide,Paraestra
Asian International Open 2014,Master4/Male/Brown/OpenClass,1,Tomohiro Ide,Paraestra
Asian International Open 2014,Master4/Male/Brown/OpenClass,2,Nobuo Takenaka,Suita Jiu-Jitsu
Asian International Open 2014,Master4/Male/Black/Feather,1,Eiji Sano,Kyoto Nanige
Asian International Open 2014,Master4/Male/Black/Heavy,1,Michihiro Ohhara,Pogona Club Gym
Asian International Open 2014,Master4/Male/Black/Heavy,2,Katsutoshi Ishikura,Suto Academy
Asian International Open 2014,Master4/Male/Black/Super-Heavy,1,Takeshi Shinkawa,Suita Jiu-Jitsu
Asian International Open 2014,Master4/Male/Black/OpenClass,1,Takeshi Shinkawa,Suita Jiu-Jitsu
Asian International Open 2014,Master4/Male/Black/OpenClass,2,Eiji Sano,Kyoto Nanige
Asian International Open 2014,Master5/Male/Blue/Ultra-Heavy,1,Bayarsaikhan Tsedendamba,Mongolian BJJ
Asian International Open 2014,Master5/Male/Blue/OpenClass,1,Bayarsaikhan Tsedendamba,Mongolian BJJ
