Houston International Open 2014,Juvenile/Male/White/Light-Feather,1,Daniel Alexis Arau,Soul Fighters BJJ
Houston International Open 2014,Juvenile/Male/White/Light-Feather,2,Cobei Lee Evans,Solis Martial Arts Club
Houston International Open 2014,Juvenile/Male/White/Heavy,1,Jesse Uriah Montoyo Martin,Gracie Barra
Houston International Open 2014,Juvenile/Male/White/Heavy,2,Travis Schumann,Gracie Barra
Houston International Open 2014,Juvenile/Male/Blue/Feather,1,John Anthony Gloria,Bruno Bastos Jiu-Jitsu
Houston International Open 2014,Juvenile/Male/Blue/Feather,2,Zennon Park,South BJJ
Houston International Open 2014,Juvenile/Male/Blue/Feather,3,David Paul Fahey Jr.,Rodrigo Pinheiro
Houston International Open 2014,Juvenile/Female/Blue/Medium-Heavy,1,Julie LeaAnna Muldrow,Elite Mixed Martial Arts
Houston International Open 2014,Juvenile/Female/Blue/OpenClass,1,Julie LeaAnna Muldrow,Elite Mixed Martial Arts
Houston International Open 2014,Adult/Male/White/Light-Feather,1,Jorge Vasquez,Bruno Bastos Jiu-Jitsu
Houston International Open 2014,Adult/Male/White/Light-Feather,2,Wilson Lopez,Elite Mixed Martial Arts
Houston International Open 2014,Adult/Male/White/Light-Feather,3,Brayan  Alvarado,Bruno Bastos Jiu-Jitsu
Houston International Open 2014,Adult/Male/White/Light-Feather,3,dean worth,Gracie Barra
Houston International Open 2014,Adult/Male/White/Feather,1,Kyle Hogeland,Nova União USA
Houston International Open 2014,Adult/Male/White/Feather,2,Troy Russell,Zenith BJJ
Houston International Open 2014,Adult/Male/White/Feather,3,Eric Terrell,BJJ Revolution Team
Houston International Open 2014,Adult/Male/White/Feather,3,Gerardo Vazquez,Marra Senki Brazilian Jiu Jitsu Academy LLC
Houston International Open 2014,Adult/Male/White/Light,1,Steven Baca,Paragon Brazilian Jiu Jitsu Austin
Houston International Open 2014,Adult/Male/White/Light,2,Daniel Ray,Nova União USA
Houston International Open 2014,Adult/Male/White/Light,3,Justin San Miguel,GF Team
Houston International Open 2014,Adult/Male/White/Light,3,Randy Ray,Zenith BJJ
Houston International Open 2014,Adult/Male/White/Middle,1,Kris Hayes,Atos Jiu-Jitsu Nederland, TX
Houston International Open 2014,Adult/Male/White/Middle,2,Jaysn Kyle Murphy,BARBOSA JIU-JITSU USA
Houston International Open 2014,Adult/Male/White/Middle,3,Derek Allums,GF Team
Houston International Open 2014,Adult/Male/White/Middle,3,Michael Coppock,Lovato Jiu-Jitsu
Houston International Open 2014,Adult/Male/White/Medium-Heavy,1,Ronald Leathers,Gracie Barra
Houston International Open 2014,Adult/Male/White/Medium-Heavy,2,brandon Emmert,Travis Lutter Brazilian Jiu-Jitsu
Houston International Open 2014,Adult/Male/White/Medium-Heavy,3,Nathaniel Hiott,Lovato Jiu-Jitsu
Houston International Open 2014,Adult/Male/White/Medium-Heavy,3,Zach Tollefson,Lovato Jiu-Jitsu
Houston International Open 2014,Adult/Male/White/Heavy,1,Lucas Weiss,Gracie Barra
Houston International Open 2014,Adult/Male/White/Heavy,2,Antonio Barletta,Gracie Barra Round Rock
Houston International Open 2014,Adult/Male/White/Heavy,3,David Downs,Elite Mixed Martial Arts
Houston International Open 2014,Adult/Male/White/Heavy,3,Jorge Castaneda,Kore BJJ & MMA
Houston International Open 2014,Adult/Male/White/Super-Heavy,1,Dylan LeBlanc,Atos Jiu-Jitsu Nederland, TX
Houston International Open 2014,Adult/Male/White/Super-Heavy,2,Jason Karp,Brazilian Top Team
Houston International Open 2014,Adult/Male/White/Super-Heavy,3,Frederick Mason,Elite Mixed Martial Arts
Houston International Open 2014,Adult/Male/White/Super-Heavy,3,Shamil Ramazanov,BJJ Revolution Team
Houston International Open 2014,Adult/Male/White/Ultra-Heavy,1,Jay Mathur,Gracie Barra
Houston International Open 2014,Adult/Male/White/Ultra-Heavy,2,Rudy Martinez,Gracie Barra
Houston International Open 2014,Adult/Male/White/Ultra-Heavy,3,Jason Simmons,GF Team
Houston International Open 2014,Adult/Male/White/Ultra-Heavy,3,Kalyn Belt,Marra Senki Brazilian Jiu Jitsu Academy LLC
Houston International Open 2014,Adult/Female/White/Light-Feather,1,Kristina Parker,Bruno Bastos Jiu-Jitsu
Houston International Open 2014,Adult/Female/White/Light-Feather,2,Yancey Head,Atos Jiu-Jitsu Nederland, TX
Houston International Open 2014,Adult/Female/White/Light-Feather,3,Claire David,BJJ Revolution Team
Houston International Open 2014,Adult/Female/White/Light-Feather,3,Deneatra Terry,GF Team
Houston International Open 2014,Adult/Female/White/Feather,1,Alexis Andrade,Nova União USA
Houston International Open 2014,Adult/Female/White/Feather,2,Ha Bui,Zenith BJJ
Houston International Open 2014,Adult/Female/White/Feather,3,Patricia Rice,Shebaro Jiu Jitsu
Houston International Open 2014,Adult/Female/White/Feather,3,Serdalia Garza,Elite Mixed Martial Arts
Houston International Open 2014,Adult/Female/White/Light,1,Alyssa Cantu,Team Tooke Mixed Martial Arts
Houston International Open 2014,Adult/Female/White/Light,2,Megan Begue,BJJ Revolution Team
Houston International Open 2014,Adult/Female/White/Light,3,Andriel  Love,Killer Bees BJJ College
Houston International Open 2014,Adult/Female/White/Light,3,Nadia Lozano,Bruno Bastos Jiu-Jitsu
Houston International Open 2014,Adult/Female/White/Middle,1,Diana Rooney,BJJ Revolution Team
Houston International Open 2014,Adult/Female/White/Middle,2,Shelly Mendez,Gracie Barra Southlake Texas
Houston International Open 2014,Adult/Female/White/Middle,3,Kelly Coyle,Kore BJJ & MMA
Houston International Open 2014,Adult/Female/White/Middle,3,Sabrina Harmeling,GF Team
Houston International Open 2014,Adult/Female/White/Medium-Heavy,1,Katie Ludgate,GF Team
Houston International Open 2014,Adult/Female/White/Medium-Heavy,2,Leigh Shultis,Gracie Barra
Houston International Open 2014,Adult/Female/White/Medium-Heavy,3,Chanda  Tinstman,Reding Martial Arts
Houston International Open 2014,Adult/Female/White/Heavy,1,Katie Stiffler,Bruno Bastos Jiu-Jitsu
Houston International Open 2014,Adult/Female/White/Heavy,2,Leslie Gwin,BJJ Revolution Team
Houston International Open 2014,Adult/Female/White/Heavy,3,Katherine Donaldson,BJJ Revolution Team
Houston International Open 2014,Adult/Male/Blue/Rooster,1,Matthew Anthony Hernandez,Paragon Brazilian Jiu Jitsu Corpus Christi
Houston International Open 2014,Adult/Male/Blue/Rooster,2,Hunter Robichaux,Gracie Barra
Houston International Open 2014,Adult/Male/Blue/Rooster,3,Dylan Nguyen,Lovato Jiu-Jitsu
Houston International Open 2014,Adult/Male/Blue/Rooster,3,Ramiro Ruiz,Gold Team Fighters
Houston International Open 2014,Adult/Male/Blue/Light-Feather,1,Lanoir Lenny,GF Team
Houston International Open 2014,Adult/Male/Blue/Light-Feather,2,felix garcia,Gracie Barra
Houston International Open 2014,Adult/Male/Blue/Light-Feather,3,Levi Ford,Gracie Barra
Houston International Open 2014,Adult/Male/Blue/Light-Feather,3,Minh Nguyen,Gracie Elite Team
Houston International Open 2014,Adult/Male/Blue/Feather,1,Eunsoo Kim,BJJ Revolution Team
Houston International Open 2014,Adult/Male/Blue/Feather,2,Jordan Larsen,GF Team International
Houston International Open 2014,Adult/Male/Blue/Feather,3,Luis Hernandez,Gracie Elite Team
Houston International Open 2014,Adult/Male/Blue/Feather,3,Matt Vella,Team Lloyd Irvin
Houston International Open 2014,Adult/Male/Blue/Light,1,Andy Brandon Cordova,Gracie Barra
Houston International Open 2014,Adult/Male/Blue/Light,2,Chance Norman,Texas Punishment Crew
Houston International Open 2014,Adult/Male/Blue/Light,3,Robert Kipness,Nova União USA
Houston International Open 2014,Adult/Male/Blue/Light,3,thanh le,BJJ Revolution Team - International
Houston International Open 2014,Adult/Male/Blue/Middle,1,Doug Champagne,Atos Jiu-Jitsu Nederland, TX
Houston International Open 2014,Adult/Male/Blue/Middle,2,Lawrence Vincent Carara,Brazilian Top Team
Houston International Open 2014,Adult/Male/Blue/Middle,3,Christopher  Fillmore,Gracie Barra
Houston International Open 2014,Adult/Male/Blue/Middle,3,Skylar McMellian,Gracie Barra
Houston International Open 2014,Adult/Male/Blue/Medium-Heavy,1,Giancarlo Bodoni,Gracie Elite Team
Houston International Open 2014,Adult/Male/Blue/Medium-Heavy,2,Phillip Brown,Gracie Barra
Houston International Open 2014,Adult/Male/Blue/Medium-Heavy,3,christopher robbins,Atos Jiu-Jitsu Nederland, TX
Houston International Open 2014,Adult/Male/Blue/Medium-Heavy,3,Justin Wohler,Gracie Barra Franklin
Houston International Open 2014,Adult/Male/Blue/Heavy,1,Jack  Garrett,Peak Performance
Houston International Open 2014,Adult/Male/Blue/Heavy,2,Cody Dewayne Schneider,Solis Martial Arts Club
Houston International Open 2014,Adult/Male/Blue/Heavy,3,Dennis Sisson,Solis Martial Arts Club
Houston International Open 2014,Adult/Male/Blue/Heavy,3,Dinko Bektic,BJJ Revolution Team
Houston International Open 2014,Adult/Male/Blue/Super-Heavy,1,Saulo Flores,Gracie Barra
Houston International Open 2014,Adult/Male/Blue/Super-Heavy,2,James russell,Alliance
Houston International Open 2014,Adult/Male/Blue/Super-Heavy,3,Dominique  Noel,Lovato Jiu-Jitsu
Houston International Open 2014,Adult/Male/Blue/Super-Heavy,3,Luis Gonzalez,Brazilian Top Team
Houston International Open 2014,Adult/Male/Blue/Ultra-Heavy,1,Deshawn Chenault,Lovato Jiu-Jitsu
Houston International Open 2014,Adult/Male/Blue/Ultra-Heavy,2,Chet Hooper,Lovato Jiu-Jitsu
Houston International Open 2014,Adult/Male/Blue/Ultra-Heavy,3,Christopher Hensley,Alliance
Houston International Open 2014,Adult/Male/Blue/Ultra-Heavy,3,Marco Mayen,Paragon Brazilian Jiu Jitsu Corpus Christi
Houston International Open 2014,Adult/Male/Blue/OpenClass,1,Andy Brandon Cordova,Gracie Barra
Houston International Open 2014,Adult/Male/Blue/OpenClass,2,Eunsoo Kim,BJJ Revolution Team
Houston International Open 2014,Adult/Male/Blue/OpenClass,3,Deshawn Chenault,Lovato Jiu-Jitsu
Houston International Open 2014,Adult/Male/Blue/OpenClass,3,Dominique  Noel,Lovato Jiu-Jitsu
Houston International Open 2014,Adult/Female/Blue/Light-Feather,1,Cristina Natalia Shepler,Bruno Bastos Jiu-Jitsu
Houston International Open 2014,Adult/Female/Blue/Light-Feather,2,Sophie Morris,BJJ Revolution Team
Houston International Open 2014,Adult/Female/Blue/Feather,1,jennifer perez,Gracie Elite Team
Houston International Open 2014,Adult/Female/Blue/Feather,2,Olympia Watts,Gracie Barra
Houston International Open 2014,Adult/Female/Blue/Feather,3,Chanda Raye Moeller,Renato Tavares Association
Houston International Open 2014,Adult/Female/Blue/Feather,3,Terri E. Casillas,BJJ Revolution Team
Houston International Open 2014,Adult/Female/Blue/Light,1,Charity Combs,Solis Martial Arts Club
Houston International Open 2014,Adult/Female/Blue/Light,2,Audrey Garcia,Paragon Brazilian Jiu Jitsu Corpus Christi
Houston International Open 2014,Adult/Female/Blue/Light,3,Christina Flores,Gracie Barra
Houston International Open 2014,Adult/Female/Blue/Light,3,Madison Noel,Lovato Jiu-Jitsu
Houston International Open 2014,Adult/Female/Blue/Middle,1,Colbey Northcutt,BJJ Revolution Team
Houston International Open 2014,Adult/Female/Blue/Middle,2,Ashlee Cooks,Gracie Barra
Houston International Open 2014,Adult/Female/Blue/Medium-Heavy,1,Jessica Guedry,BJJ Revolution Team
Houston International Open 2014,Adult/Female/Blue/Medium-Heavy,2,Petya Bastos,Bruno Bastos Jiu-Jitsu
Houston International Open 2014,Adult/Female/Blue/Medium-Heavy,3,Monica Holvey,Solis Martial Arts Club
Houston International Open 2014,Adult/Female/Blue/Medium-Heavy,3,Summer Wilkinson,BJJ Revolution Team
Houston International Open 2014,Adult/Female/Blue/Heavy,1,Kayla Behrle,Octagon MMA
Houston International Open 2014,Adult/Female/Blue/Heavy,2,Randi Butcher,Zenith BJJ
Houston International Open 2014,Adult/Female/Blue/OpenClass,1,Jessica Guedry,BJJ Revolution Team
Houston International Open 2014,Adult/Female/Blue/OpenClass,2,Kayla Behrle,Octagon MMA
Houston International Open 2014,Adult/Female/Blue/OpenClass,3,Ashlee Cooks,Gracie Barra
Houston International Open 2014,Adult/Female/Blue/OpenClass,3,Chanda Raye Moeller,Renato Tavares Association
Houston International Open 2014,Adult/Male/Purple/Light-Feather,1,Jordan Burton III,Gracie Barra
Houston International Open 2014,Adult/Male/Purple/Light-Feather,2,Cruz Ybarra Jr,Soul Fighters International
Houston International Open 2014,Adult/Male/Purple/Light-Feather,3,Cesar Rodriguez Jr,Nova União USA
Houston International Open 2014,Adult/Male/Purple/Feather,1,Richard Stephen Slomba Jr.,Atos Jiu-Jitsu
Houston International Open 2014,Adult/Male/Purple/Feather,2,JOSEPH Michael GUERRERO (repetido 125387),Gracie Elite Team
Houston International Open 2014,Adult/Male/Purple/Feather,3,Kevin Arthur Cordova,Gracie Barra
Houston International Open 2014,Adult/Male/Purple/Feather,3,Samuel Guardiola,Atos Jiu-Jitsu
Houston International Open 2014,Adult/Male/Purple/Light,1,Rolando Villanueva Samson,Atos Jiu-Jitsu
Houston International Open 2014,Adult/Male/Purple/Light,2,fernando salas,Nova União
Houston International Open 2014,Adult/Male/Purple/Light,3,Armando Jr Villarreal,Relson Gracie
Houston International Open 2014,Adult/Male/Purple/Light,3,Joseph Alan Alanis,Rodrigo Pinheiro
Houston International Open 2014,Adult/Male/Purple/Middle,1,Evan Tadashi Esaki,Atos Jiu-Jitsu
Houston International Open 2014,Adult/Male/Purple/Middle,2,ALEJANDRO FERNANDEZ GUERRERO (repetido 48232),Gracie Elite Team
Houston International Open 2014,Adult/Male/Purple/Middle,3,Brendan Parker,Bruno Bastos Jiu-Jitsu
Houston International Open 2014,Adult/Male/Purple/Middle,3,Irvin Peynado,Gracie Barra
Houston International Open 2014,Adult/Male/Purple/Medium-Heavy,1,Fas Qayyum,BJJ Revolution Team
Houston International Open 2014,Adult/Male/Purple/Medium-Heavy,2,Daryl Abshire,BJJ Revolution Team
Houston International Open 2014,Adult/Male/Purple/Medium-Heavy,3,Carlos  Regalado (repetido 33912),Brazil 021 School of Jiu-Jitsu
Houston International Open 2014,Adult/Male/Purple/Medium-Heavy,3,Jordan Henry,Gracie Barra
Houston International Open 2014,Adult/Male/Purple/Heavy,1,Nicholas Foust,Lovato Jiu-Jitsu
Houston International Open 2014,Adult/Male/Purple/Heavy,2,Pedro L. Migliano,Gracie Elite Team
Houston International Open 2014,Adult/Male/Purple/Heavy,3,Efstathios  Casternopoulos,BJJ Revolution Team
Houston International Open 2014,Adult/Male/Purple/Heavy,3,Esteban Lanto Ramirez,BJJ Globetrotters
Houston International Open 2014,Adult/Male/Purple/Super-Heavy,1,indiana danaher (repetido 130579),Gracie Elite Team
Houston International Open 2014,Adult/Male/Purple/Super-Heavy,2,Ryne Sandhagen,Bruno Bastos Jiu-Jitsu
Houston International Open 2014,Adult/Male/Purple/Ultra-Heavy,1,Dallas Jay Niles,Lovato Jiu-Jitsu
Houston International Open 2014,Adult/Male/Purple/Ultra-Heavy,2,Jefferey Perez,Shebaro Jiu Jitsu
Houston International Open 2014,Adult/Male/Purple/Ultra-Heavy,3,Danny Encinia,Paragon Brazilian Jiu Jitsu Corpus Christi
Houston International Open 2014,Adult/Male/Purple/Ultra-Heavy,3,Jimmy Lugo,Paragon Brazilian Jiu Jitsu Corpus Christi
Houston International Open 2014,Adult/Male/Purple/OpenClass,1,Pedro L. Migliano,Gracie Elite Team
Houston International Open 2014,Adult/Male/Purple/OpenClass,2,Ryne Sandhagen,Bruno Bastos Jiu-Jitsu
Houston International Open 2014,Adult/Male/Purple/OpenClass,3,fernando salas,Nova União
Houston International Open 2014,Adult/Male/Purple/OpenClass,3,Irvin Peynado,Gracie Barra
Houston International Open 2014,Adult/Female/Purple/Feather,1,Danielle Renee Alvarez,Bruno Bastos Jiu-Jitsu
Houston International Open 2014,Adult/Female/Purple/Feather,2,Jessica Catherine Buckner,Killer Bees BJJ College
Houston International Open 2014,Adult/Female/Purple/Feather,3,Lana Vy Hunter,GF Team
Houston International Open 2014,Adult/Female/Purple/Medium-Heavy,1,Treba Davis,South BJJ
Houston International Open 2014,Adult/Female/Purple/OpenClass,1,Danielle Renee Alvarez,Bruno Bastos Jiu-Jitsu
Houston International Open 2014,Adult/Female/Purple/OpenClass,2,Lana Vy Hunter,GF Team
Houston International Open 2014,Adult/Female/Purple/OpenClass,3,Treba Davis,South BJJ
Houston International Open 2014,Adult/Male/Brown/Light-Feather,1,Michael Woolf Barnato,Gracie Elite Team
Houston International Open 2014,Adult/Male/Brown/Light-Feather,2,Angel Daniel Vargas Jr.,Bruno Bastos Jiu-Jitsu
Houston International Open 2014,Adult/Male/Brown/Light-Feather,3,Justin Masaichi Ordinario,Solis Martial Arts Club
Houston International Open 2014,Adult/Male/Brown/Light,1,Luan de Carvalho Alves,Nova União
Houston International Open 2014,Adult/Male/Brown/Light,2,Servando Almaraz,Gracie Barra
Houston International Open 2014,Adult/Male/Brown/Light,3,Chad Allen Bingham,Alliance
Houston International Open 2014,Adult/Male/Brown/Light,3,Daniel James Ostrowski,Peak Performance
Houston International Open 2014,Adult/Male/Brown/Middle,1,Richard Andrew Lockwood,Gracie Elite Team
Houston International Open 2014,Adult/Male/Brown/Middle,2,Kabir Bath,Lovato Jiu-Jitsu
Houston International Open 2014,Adult/Male/Brown/Middle,3,Jose M Portillo Jr,Paragon Brazilian Jiu Jitsu Austin
Houston International Open 2014,Adult/Male/Brown/Medium-Heavy,1,Brian Irving Carlsen,Gracie Elite Team
Houston International Open 2014,Adult/Male/Brown/Medium-Heavy,2,Adam Geoffrey Dunkel,Gracie Elite Team
Houston International Open 2014,Adult/Male/Brown/Medium-Heavy,3,Erik Perez,Paragon Brazilian Jiu Jitsu Corpus Christi
Houston International Open 2014,Adult/Male/Brown/Medium-Heavy,3,Shiloh John Roberts,Lovato Jiu-Jitsu
Houston International Open 2014,Adult/Male/Brown/Super-Heavy,1,Bradley Gene Barnes,Bruno Bastos Jiu-Jitsu
Houston International Open 2014,Adult/Male/Brown/Super-Heavy,2,Shawn Michael Gayton,Soul Fighters Louisiana
Houston International Open 2014,Adult/Male/Brown/OpenClass,1,Luan de Carvalho Alves,Nova União
Houston International Open 2014,Adult/Male/Brown/OpenClass,2,Richard Andrew Lockwood,Gracie Elite Team
Houston International Open 2014,Adult/Male/Brown/OpenClass,3,Shawn Michael Gayton,Soul Fighters Louisiana
Houston International Open 2014,Adult/Male/Brown/OpenClass,3,Shiloh John Roberts,Lovato Jiu-Jitsu
Houston International Open 2014,Adult/Female/Brown/Feather,1,Gegi E Van de Walker,Cia Paulista USA
Houston International Open 2014,Adult/Female/Brown/Light,1,Laurah Elizabeth Hallock,Paragon Brazilian Jiu Jitsu Corpus Christi
Houston International Open 2014,Adult/Female/Brown/Light,2,Kristine D. Felts,Peak Performance
Houston International Open 2014,Adult/Female/Brown/OpenClass,1,Laurah Elizabeth Hallock,Paragon Brazilian Jiu Jitsu Corpus Christi
Houston International Open 2014,Adult/Female/Brown/OpenClass,2,Gegi E Van de Walker,Cia Paulista USA
Houston International Open 2014,Adult/Male/Black/Feather,1,Joe Hisataka Frederick Chiaki Scovel,Gracie Elite Team
Houston International Open 2014,Adult/Male/Black/Feather,2,Spenser Anthonin Gilliam,Solis Martial Arts Club
Houston International Open 2014,Adult/Male/Black/Feather,3,Zachary James Adamson,Lovato Jiu-Jitsu
Houston International Open 2014,Adult/Male/Black/Light,1,Julian Vega,Elite Mixed Martial Arts
Houston International Open 2014,Adult/Male/Black/Light,2,Michael D. Harmon,Ginsberg Academy of Brazilian Jiu Jitsu
Houston International Open 2014,Adult/Male/Black/Middle,1,Vitor Henrique Silva Oliveira,GF Team
Houston International Open 2014,Adult/Male/Black/Middle,2,Julian Martin Marquez,Gracie Elite Team
Houston International Open 2014,Adult/Male/Black/Middle,3,Jason Roland Soliz,Octagon MMA
Houston International Open 2014,Adult/Male/Black/Middle,3,Joshua David Mancuso,BJJ Revolution Team
Houston International Open 2014,Adult/Male/Black/Medium-Heavy,1,Robert Jon Yamashita,Elite Mixed Martial Arts
Houston International Open 2014,Adult/Male/Black/Medium-Heavy,2,Marcus V. C. Antelante,Soul Fighters BJJ
Houston International Open 2014,Adult/Male/Black/Medium-Heavy,3,Diego Gamonal Nogueira,Brazilian Top Team
Houston International Open 2014,Adult/Male/Black/Medium-Heavy,3,Rhalan Becerra Gracie,Gracie Elite Team
Houston International Open 2014,Adult/Male/Black/Ultra-Heavy,1,James Richard Puopolo,Lovato Jiu-Jitsu
Houston International Open 2014,Adult/Male/Black/Ultra-Heavy,2,Jason Robert Yerrington,Marra Senki Brazilian Jiu Jitsu Academy LLC
Houston International Open 2014,Adult/Male/Black/Ultra-Heavy,3,Gabriel Garcia,Gracie Elite Team
Houston International Open 2014,Adult/Male/Black/Ultra-Heavy,3,Ranieri Paiva de Albuquerque,Gracie Elite Team
Houston International Open 2014,Adult/Male/Black/OpenClass,1,James Richard Puopolo,Lovato Jiu-Jitsu
Houston International Open 2014,Adult/Male/Black/OpenClass,2,Julian Vega,Elite Mixed Martial Arts
Houston International Open 2014,Adult/Male/Black/OpenClass,3,Joshua David Mancuso,BJJ Revolution Team
Houston International Open 2014,Adult/Male/Black/OpenClass,3,Robert Jon Yamashita,Elite Mixed Martial Arts
Houston International Open 2014,Master1/Male/White/Feather,1,travis windhorst,Gracie Barra
Houston International Open 2014,Master1/Male/White/Feather,2,Billy Anderson,Gracie Barra
Houston International Open 2014,Master1/Male/White/Feather,3,Hung Ngo,BJJ Revolution Team
Houston International Open 2014,Master1/Male/White/Feather,3,Michael Cruz,Shebaro Jiu Jitsu
Houston International Open 2014,Master1/Male/White/Light,1,Heath Harvey,Zenith BJJ
Houston International Open 2014,Master1/Male/White/Light,2,colin Felch,CheckMat
Houston International Open 2014,Master1/Male/White/Light,3,Richard Guy,Atos Jiu-Jitsu Nederland, TX
Houston International Open 2014,Master1/Male/White/Middle,1,Jonathan Shaw,Brazil 021 School of Jiu-Jitsu
Houston International Open 2014,Master1/Male/White/Middle,2,Clarence E. Wilson,Travis Lutter Brazilian Jiu-Jitsu
Houston International Open 2014,Master1/Male/White/Middle,3,Alberto Mendoza III,Gracie Barra
Houston International Open 2014,Master1/Male/White/Middle,3,Casey Russell,BJJ Revolution Team
Houston International Open 2014,Master1/Male/White/Medium-Heavy,1,Ricardo Ramirez,Gracie Barra
Houston International Open 2014,Master1/Male/White/Medium-Heavy,2,Chase Smith,Gracie Barra
Houston International Open 2014,Master1/Male/White/Medium-Heavy,3,William Arnold,Octagon MMA
Houston International Open 2014,Master1/Male/White/Super-Heavy,1,Ryan Hickman,Brazil 021 School of Jiu-Jitsu
Houston International Open 2014,Master1/Male/White/Super-Heavy,2,David Schanbachler,Gracie Barra
Houston International Open 2014,Master1/Male/White/Super-Heavy,3,brad walker,Soul Fighters BJJ
Houston International Open 2014,Master1/Male/Blue/Light-Feather,1,Marcel Woodard,GF Team
Houston International Open 2014,Master1/Male/Blue/Light-Feather,2,Jeremy Joel Watkins,Vieira BJJ
Houston International Open 2014,Master1/Male/Blue/Feather,1,Christopher Ricky Farias,Team Tooke Mixed Martial Arts
Houston International Open 2014,Master1/Male/Blue/Feather,2,Bryan Nguyen,Rodrigo Pinheiro
Houston International Open 2014,Master1/Male/Blue/Feather,3,Anthony Nguyen,Rodrigo Pinheiro
Houston International Open 2014,Master1/Male/Blue/Feather,3,leon worth III,Gracie Barra
Houston International Open 2014,Master1/Male/Blue/Light,1,Christopher Michael Cabiya,Relson Gracie
Houston International Open 2014,Master1/Male/Blue/Light,2,Andrew Waldon,Lovato Jiu-Jitsu
Houston International Open 2014,Master1/Male/Blue/Light,3,Anthony Le,Atos Jiu-Jitsu
Houston International Open 2014,Master1/Male/Blue/Light,3,David Nunes,Lovato Jiu-Jitsu
Houston International Open 2014,Master1/Male/Blue/Middle,1,David Johnson,GF Team
Houston International Open 2014,Master1/Male/Blue/Middle,2,REINALDO OSORIA,Marra Senki Brazilian Jiu Jitsu Academy LLC
Houston International Open 2014,Master1/Male/Blue/Middle,3,Alex Irishkov,Brazil 021 School of Jiu-Jitsu
Houston International Open 2014,Master1/Male/Blue/Middle,3,Kevin Phelps,Triton Fight Center
Houston International Open 2014,Master1/Male/Blue/Medium-Heavy,1,DeNiro Kelly,Gracie Barra
Houston International Open 2014,Master1/Male/Blue/Medium-Heavy,2,Frank Tverdek,Team Tooke Mixed Martial Arts
Houston International Open 2014,Master1/Male/Blue/Medium-Heavy,3,Adam Orosco,Gracie Barra
Houston International Open 2014,Master1/Male/Blue/Medium-Heavy,3,David Wayne Butler,Bruno Bastos Jiu-Jitsu
Houston International Open 2014,Master1/Male/Blue/Heavy,1,Michael Anderson,Octagon MMA
Houston International Open 2014,Master1/Male/Blue/Heavy,2,Mark Tindall,Octagon MMA
Houston International Open 2014,Master1/Male/Blue/Heavy,3,Paul Berry,BJJ Revolution Team
Houston International Open 2014,Master1/Male/Blue/Heavy,3,Robert Bush,Jean Jacques Machado BJJ
Houston International Open 2014,Master1/Male/Blue/Super-Heavy,1,Patrick J. Wayne,BJJ Revolution Team
Houston International Open 2014,Master1/Male/Blue/Super-Heavy,2,Aaron Glyn,Gracie Elite Team
Houston International Open 2014,Master1/Male/Blue/Super-Heavy,3,David Wiggers,Bruno Bastos Jiu-Jitsu
Houston International Open 2014,Master1/Male/Blue/Super-Heavy,3,Richard Soukhavong,Travis Lutter Brazilian Jiu-Jitsu
Houston International Open 2014,Master1/Male/Blue/Ultra-Heavy,1,Chad Lutu,GF Team
Houston International Open 2014,Master1/Male/Blue/Ultra-Heavy,2,Michael Cauley,Brazil 021 School of Jiu-Jitsu
Houston International Open 2014,Master1/Male/Blue/Ultra-Heavy,3,J.B. Chestnut,Lovato Jiu-Jitsu
Houston International Open 2014,Master1/Male/Blue/Ultra-Heavy,3,Michael Anthony Gonzalez,Shebaro Jiu Jitsu
Houston International Open 2014,Master1/Male/Blue/OpenClass,1,Chad Lutu,GF Team
Houston International Open 2014,Master1/Male/Blue/OpenClass,2,Kevin Phelps,Triton Fight Center
Houston International Open 2014,Master1/Male/Blue/OpenClass,3,Andrew Waldon,Lovato Jiu-Jitsu
Houston International Open 2014,Master1/Male/Blue/OpenClass,3,Robert Bush,Jean Jacques Machado BJJ
Houston International Open 2014,Master1/Female/Blue/Light-Feather,1,Miriam Villar,Bruno Bastos Jiu-Jitsu
Houston International Open 2014,Master1/Female/Blue/Light-Feather,2,Jasmine Choksi,Alliance
Houston International Open 2014,Master1/Female/Blue/Light-Feather,3,Rebecca Lee Varady,Gracie Humaita Austin
Houston International Open 2014,Master1/Female/Blue/Feather,1,Marisol Yamashita,Elite Mixed Martial Arts
Houston International Open 2014,Master1/Female/Blue/Feather,2,Michelle Paez,Team Tooke Mixed Martial Arts
Houston International Open 2014,Master1/Female/Blue/Light,1,Laura Heiman,Paragon Brazilian Jiu Jitsu Austin
Houston International Open 2014,Master1/Female/Blue/Light,2,Janie Marie Meadows,Zenith BJJ
Houston International Open 2014,Master1/Female/Blue/Light,3,Claudia  Dalesandro,Team Tooke Mixed Martial Arts
Houston International Open 2014,Master1/Female/Blue/Light,3,Sarah Dianne Pate,Shebaro Jiu Jitsu
Houston International Open 2014,Master1/Female/Blue/Medium-Heavy,1,Christy Ludwick,Nova União USA
Houston International Open 2014,Master1/Female/Blue/Medium-Heavy,2,Ali Steele,Zenith BJJ
Houston International Open 2014,Master1/Female/Blue/Medium-Heavy,3,Rebekah Duron,GF Team
Houston International Open 2014,Master1/Female/Blue/Heavy,1,Tanzania Moore Ennis,South BJJ
Houston International Open 2014,Master1/Female/Blue/OpenClass,1,Laura Heiman,Paragon Brazilian Jiu Jitsu Austin
Houston International Open 2014,Master1/Female/Blue/OpenClass,2,Tanzania Moore Ennis,South BJJ
Houston International Open 2014,Master1/Male/Purple/Feather,1,Vicente Ernesto Abadie III,Bruno Bastos Jiu-Jitsu
Houston International Open 2014,Master1/Male/Purple/Feather,2,Emre Demirors,Brazil 021 School of Jiu-Jitsu
Houston International Open 2014,Master1/Male/Purple/Feather,3,Davin Castillo Ordinario,Solis Martial Arts Club
Houston International Open 2014,Master1/Male/Purple/Feather,3,Patrick Russell Lane,Laselva MMA
Houston International Open 2014,Master1/Male/Purple/Light,1,Roberto Martinez,Soul Fighters BJJ
Houston International Open 2014,Master1/Male/Purple/Light,2,David Droogleever,Gracie Barra
Houston International Open 2014,Master1/Male/Purple/Light,3,Juan Quiñonez Martinez de Castro,Brasa
Houston International Open 2014,Master1/Male/Purple/Light,3,Travis Medine,BJJ Revolution Team
Houston International Open 2014,Master1/Male/Purple/Middle,1,Gabe Miller,BJJ Revolution Team
Houston International Open 2014,Master1/Male/Purple/Middle,2,Jordan Alan Shepler,Bruno Bastos Jiu-Jitsu
Houston International Open 2014,Master1/Male/Purple/Middle,3,Daniel Duron,GF Team
Houston International Open 2014,Master1/Male/Purple/Middle,3,Roy Campanella Twymon Jr,Paragon Brazilian Jiu Jitsu Corpus Christi
Houston International Open 2014,Master1/Male/Purple/Medium-Heavy,1,Ronald Alex Sali,Marra Senki Brazilian Jiu Jitsu Academy LLC
Houston International Open 2014,Master1/Male/Purple/Medium-Heavy,2,Terrence Lee Ferguson Jr.,Gracie Barra
Houston International Open 2014,Master1/Male/Purple/Medium-Heavy,3,Anthony Anselmi,BJJ Revolution Team
Houston International Open 2014,Master1/Male/Purple/Medium-Heavy,3,Robbie  Walsh,Lovato Jiu-Jitsu
Houston International Open 2014,Master1/Male/Purple/Heavy,1,Reed Shelger,GF Team
Houston International Open 2014,Master1/Male/Purple/Heavy,2,Kristoffher Campo Calimbas,Gracie Elite Team
Houston International Open 2014,Master1/Male/Purple/Super-Heavy,1,Jaime Lazcano,BJJ Revolution Team
Houston International Open 2014,Master1/Male/Purple/Super-Heavy,2,Nathan Hallford,Bruno Bastos Jiu-Jitsu
Houston International Open 2014,Master1/Male/Purple/OpenClass,1,Reed Shelger,GF Team
Houston International Open 2014,Master1/Male/Purple/OpenClass,2,Roberto Martinez,Soul Fighters BJJ
Houston International Open 2014,Master1/Male/Purple/OpenClass,3,Gabe Miller,BJJ Revolution Team
Houston International Open 2014,Master1/Male/Purple/OpenClass,3,Jordan Alan Shepler,Bruno Bastos Jiu-Jitsu
Houston International Open 2014,Master1/Male/Brown/Light-Feather,1,John Anthony Torres,Paragon Brazilian Jiu Jitsu Austin
Houston International Open 2014,Master1/Male/Brown/Light,1,Jeffery Bynum Hammond,Relson Gracie
Houston International Open 2014,Master1/Male/Brown/Light,2,Michael Alan Foster,Alliance
Houston International Open 2014,Master1/Male/Brown/Light,3,Trey Reyes,BJJ Revolution Team
Houston International Open 2014,Master1/Male/Brown/Middle,1,Jared Randall Chaffee,Gracie Barra
Houston International Open 2014,Master1/Male/Brown/Middle,2,Alvin Alphonse Tillman Jr,McCall MMA
Houston International Open 2014,Master1/Male/Brown/Medium-Heavy,1,Alan Reed Hastey,Triton Fight Center
Houston International Open 2014,Master1/Male/Brown/Super-Heavy,1,Jose Alberto Aquino,Lovato Jiu-Jitsu
Houston International Open 2014,Master1/Male/Brown/OpenClass,1,Jeffery Bynum Hammond,Relson Gracie
Houston International Open 2014,Master1/Male/Brown/OpenClass,2,Alvin Alphonse Tillman Jr,McCall MMA
Houston International Open 2014,Master1/Male/Brown/OpenClass,3,Alan Reed Hastey,Triton Fight Center
Houston International Open 2014,Master1/Male/Brown/OpenClass,3,Michael Alan Foster,Alliance
Houston International Open 2014,Master1/Male/Black/Light-Feather,1,Jean Cartagena Maldonado,BJJ Revolution Team
Houston International Open 2014,Master1/Male/Black/Feather,1,Daniel V. Alvarez Jr.,Bruno Bastos Jiu-Jitsu
Houston International Open 2014,Master1/Male/Black/Feather,2,Marlond Ricauter Loor Vera,Gilbert Durinho Association USA
Houston International Open 2014,Master1/Male/Black/Light,1,Bruno Jose Correia Alves,GF Team
Houston International Open 2014,Master1/Male/Black/Light,2,Jimmy Alejandro Jarquin,Gracie Elite Team
Houston International Open 2014,Master1/Male/Black/Light,3,Juan Allan Tatum,Peak Performance
Houston International Open 2014,Master1/Male/Black/Middle,1,Rafael Antonio Dallinha,BJJ Revolution Team
Houston International Open 2014,Master1/Male/Black/Middle,2,Alex Martins do Nascimento,Paragon BJJ Academy
Houston International Open 2014,Master1/Male/Black/Middle,3,Jonatas Eliaquim da Silva,Gracie Barra
Houston International Open 2014,Master1/Male/Black/Heavy,1,Benjamin Ross Baxter,Ribeiro Jiu-Jitsu
Houston International Open 2014,Master1/Male/Black/Heavy,2,Ulpiano Malachias Neto,Gracie Barra
Houston International Open 2014,Master1/Male/Black/Heavy,3,Marcos Lynn Ayub,Bruno Bastos Jiu-Jitsu
Houston International Open 2014,Master1/Male/Black/Super-Heavy,1,Rafael Lovato Jr.,Lovato Jiu-Jitsu
Houston International Open 2014,Master1/Male/Black/Super-Heavy,2,Rodrigo de Oliveira Cabral,Alliance
Houston International Open 2014,Master1/Male/Black/Ultra-Heavy,1,Bruno Bastos Cruz,Bruno Bastos Jiu-Jitsu
Houston International Open 2014,Master1/Male/Black/Ultra-Heavy,2,Marco Joseph Macera,South BJJ
Houston International Open 2014,Master1/Male/Black/OpenClass,1,Rafael Lovato Jr.,Lovato Jiu-Jitsu
Houston International Open 2014,Master1/Male/Black/OpenClass,2,Benjamin Ross Baxter,Ribeiro Jiu-Jitsu
Houston International Open 2014,Master1/Male/Black/OpenClass,3,Alex Martins do Nascimento,Paragon BJJ Academy
Houston International Open 2014,Master1/Male/Black/OpenClass,3,Ulpiano Malachias Neto,Gracie Barra
Houston International Open 2014,Master2/Male/White/Feather,1,Donnie Puckett,Bruno Bastos Jiu-Jitsu
Houston International Open 2014,Master2/Male/White/Feather,2,Soonhyeok Kook,Gracie Barra
Houston International Open 2014,Master2/Male/White/Feather,3,Todd  Stanley,Vieira BJJ
Houston International Open 2014,Master2/Male/White/Middle,1,Robert  Jenkins,Gracie Barra
Houston International Open 2014,Master2/Male/White/Middle,2,Ian Lipski,GF Team
Houston International Open 2014,Master2/Male/White/Middle,3,Chad Rizzo,Bruno Bastos Jiu-Jitsu
Houston International Open 2014,Master2/Male/White/Middle,3,Gerald Quiambao,Gracie Barra
Houston International Open 2014,Master2/Male/White/Medium-Heavy,1,Michael Nicholson,Shebaro Jiu Jitsu
Houston International Open 2014,Master2/Male/White/Medium-Heavy,2,Brian Juban,BJJ Revolution Team
Houston International Open 2014,Master2/Male/White/Medium-Heavy,3,Johnny Charles,Gracie Barra
Houston International Open 2014,Master2/Male/White/Medium-Heavy,3,Kevin Goodrich,Lovato Jiu-Jitsu
Houston International Open 2014,Master2/Male/White/Heavy,1,Sam Dick,Gracie Barra
Houston International Open 2014,Master2/Male/White/Heavy,2,Brady Conger,BJJ Revolution Team
Houston International Open 2014,Master2/Male/White/Super-Heavy,1,Bryan  Matthews Sr,GF Team
Houston International Open 2014,Master2/Male/White/Super-Heavy,2,Mario Lopez,Renato Tavares Association
Houston International Open 2014,Master2/Male/White/Super-Heavy,3,Arturo Perez,Gracie Elite Team
Houston International Open 2014,Master2/Male/White/Super-Heavy,3,John Grange,Gracie Barra
Houston International Open 2014,Master2/Male/White/Ultra-Heavy,1,Christopher Allen,Travis Lutter Brazilian Jiu-Jitsu
Houston International Open 2014,Master2/Male/White/Ultra-Heavy,2,kentoine johnson,Alliance
Houston International Open 2014,Master2/Male/White/Ultra-Heavy,3,Daniel  Walzer,Atos Jiu-Jitsu Nederland, TX
Houston International Open 2014,Master2/Male/White/Ultra-Heavy,3,Patrick Cox,Gracie Barra
Houston International Open 2014,Master2/Male/Blue/Feather,1,JOSE ESPINOZA,Marra Senki Brazilian Jiu Jitsu Academy LLC
Houston International Open 2014,Master2/Male/Blue/Feather,2,Asif Abro,Gracie Barra
Houston International Open 2014,Master2/Male/Blue/Feather,3,Ronny Lee Smith,Shebaro Jiu Jitsu
Houston International Open 2014,Master2/Male/Blue/Light,1,Fernando Aramburo,Brazil 021 School of Jiu-Jitsu
Houston International Open 2014,Master2/Male/Blue/Light,2,John Hammon,Gracie Barra
Houston International Open 2014,Master2/Male/Blue/Light,3,carlos Obregon,Renato Tavares Association
Houston International Open 2014,Master2/Male/Blue/Light,3,Trevor  Cohen,BJJ Revolution Team
Houston International Open 2014,Master2/Male/Blue/Middle,1,Michael Sotelo,Fight Sports
Houston International Open 2014,Master2/Male/Blue/Middle,2,Felipe Ortega,Gracie Barra
Houston International Open 2014,Master2/Male/Blue/Middle,3,Hai Nguyen,BJJ Revolution Team
Houston International Open 2014,Master2/Male/Blue/Middle,3,Juan Pablo Gauna,Marra Senki
Houston International Open 2014,Master2/Male/Blue/Medium-Heavy,1,David Hernandez Osuna,Shebaro Jiu Jitsu
Houston International Open 2014,Master2/Male/Blue/Medium-Heavy,2,Mike Logsdon,Nova União USA
Houston International Open 2014,Master2/Male/Blue/Medium-Heavy,3,Jesse Levi Roth,Brazil 021 School of Jiu-Jitsu
Houston International Open 2014,Master2/Male/Blue/Medium-Heavy,3,Mark Thiessen,Brazil 021 School of Jiu-Jitsu
Houston International Open 2014,Master2/Male/Blue/Heavy,1,Isaac  Eubank,BJJ Revolution Team
Houston International Open 2014,Master2/Male/Blue/Heavy,2,Scott Lanham,GF Team
Houston International Open 2014,Master2/Male/Blue/Super-Heavy,1,John McCowen,Lovato Jiu-Jitsu
Houston International Open 2014,Master2/Male/Blue/Super-Heavy,2,Rudolph G Martinez Jr,Bruno Bastos Jiu-Jitsu
Houston International Open 2014,Master2/Male/Blue/Super-Heavy,3,Chris Brown,Gracie Barra
Houston International Open 2014,Master2/Male/Blue/Super-Heavy,3,william hoff,Alliance
Houston International Open 2014,Master2/Male/Blue/Ultra-Heavy,1,Michael Miller,Lovato Jiu-Jitsu
Houston International Open 2014,Master2/Male/Blue/Ultra-Heavy,2,Matt Hazelton,Brazilian Top Team
Houston International Open 2014,Master2/Male/Blue/Ultra-Heavy,3,Jeremy Gwin,BJJ Revolution Team
Houston International Open 2014,Master2/Male/Blue/Ultra-Heavy,3,Sean Brennan,Rodrigo Pinheiro
Houston International Open 2014,Master2/Male/Blue/OpenClass,1,John McCowen,Lovato Jiu-Jitsu
Houston International Open 2014,Master2/Male/Blue/OpenClass,2,Michael Miller,Lovato Jiu-Jitsu
Houston International Open 2014,Master2/Male/Blue/OpenClass,3,Jesse Levi Roth,Brazil 021 School of Jiu-Jitsu
Houston International Open 2014,Master2/Male/Purple/Light,1,Robert L. Crosley,Bruno Bastos Jiu-Jitsu
Houston International Open 2014,Master2/Male/Purple/Light,2,Dave Smith,GF Team
Houston International Open 2014,Master2/Male/Purple/Light,3,Christopher Basil Matthews,Brazilian Top Team
Houston International Open 2014,Master2/Male/Purple/Middle,1,Christian S. Duran,Peak Performance
Houston International Open 2014,Master2/Male/Purple/Middle,2,Jacob B. Magee,South BJJ
Houston International Open 2014,Master2/Male/Purple/Medium-Heavy,1,Brian Jeffrey Logan,Gracie Elite Team
Houston International Open 2014,Master2/Male/Purple/Medium-Heavy,2,Joshua Sharpless (repetido 40855),Gracie Barra
Houston International Open 2014,Master2/Male/Purple/Medium-Heavy,3,Chuck Adam,Peak Performance
Houston International Open 2014,Master2/Male/Purple/Medium-Heavy,3,Karl Stone,Triton Fight Center
Houston International Open 2014,Master2/Male/Purple/Heavy,1,Terence Crump,Team Tooke Mixed Martial Arts
Houston International Open 2014,Master2/Male/Purple/Heavy,2,Edgar Socorro Perez,Nova União USA
Houston International Open 2014,Master2/Male/Purple/Heavy,3,Jake Linnabery,Triton Fight Center
Houston International Open 2014,Master2/Male/Purple/Heavy,3,Robert Bebout,Lovato Jiu-Jitsu
Houston International Open 2014,Master2/Male/Purple/Super-Heavy,1,Joel McClain,GF Team
Houston International Open 2014,Master2/Male/Purple/Super-Heavy,2,Charles Pierce,Lovato Jiu-Jitsu
Houston International Open 2014,Master2/Male/Purple/Super-Heavy,3,Wade Garland Souders,Gracie Barra
Houston International Open 2014,Master2/Male/Purple/Ultra-Heavy,1,Bart Agee,Elite Mixed Martial Arts
Houston International Open 2014,Master2/Male/Purple/Ultra-Heavy,2,Nick Houck,Gracie Barra
Houston International Open 2014,Master2/Male/Purple/Ultra-Heavy,3,Jeremiah David Soileau,Gracie Barra
Houston International Open 2014,Master2/Male/Purple/OpenClass,1,Robert L. Crosley,Bruno Bastos Jiu-Jitsu
Houston International Open 2014,Master2/Male/Purple/OpenClass,2,Dave Smith,GF Team
Houston International Open 2014,Master2/Male/Purple/OpenClass,3,Joshua Sharpless (repetido 40855),Gracie Barra
Houston International Open 2014,Master2/Male/Purple/OpenClass,3,Nick Houck,Gracie Barra
Houston International Open 2014,Master2/Male/Brown/Light,1,Robert Mark Dembeck,Paragon Brazilian Jiu Jitsu Austin
Houston International Open 2014,Master2/Male/Brown/Light,2,Talal Sulaiman Alrasheed,Yamasaki Academy
Houston International Open 2014,Master2/Male/Brown/Middle,1,Loronz Ceicilio Marion,Octagon MMA
Houston International Open 2014,Master2/Male/Brown/Middle,2,Jeremiah Warren Matthews,Gracie Barra
Houston International Open 2014,Master2/Male/Brown/Middle,3,Marcos Moises Molina,Gracie Elite Team
Houston International Open 2014,Master2/Male/Brown/Middle,3,Rolando Ruben Lozano,Bruno Bastos Jiu-Jitsu
Houston International Open 2014,Master2/Male/Brown/Medium-Heavy,1,Jesse Sunderman,Lovato Jiu-Jitsu
Houston International Open 2014,Master2/Male/Brown/Medium-Heavy,2,Matthew Shaw Waltmon,Peak Performance
Houston International Open 2014,Master2/Male/Brown/Medium-Heavy,3,Jason Lee Gaskill,GF Team
Houston International Open 2014,Master2/Male/Brown/Heavy,1,Wagner Ramos Teles de Moraes,Gracie Barra
Houston International Open 2014,Master2/Male/Brown/Ultra-Heavy,1,Justin Brunet,Fight Sports
Houston International Open 2014,Master2/Male/Brown/Ultra-Heavy,2,Tariq Rashad Salahuddin,Bruno Bastos Jiu-Jitsu
Houston International Open 2014,Master2/Male/Brown/OpenClass,1,Justin Brunet,Fight Sports
Houston International Open 2014,Master2/Male/Brown/OpenClass,2,Jeremiah Warren Matthews,Gracie Barra
Houston International Open 2014,Master2/Male/Brown/OpenClass,3,Loronz Ceicilio Marion,Octagon MMA
Houston International Open 2014,Master2/Male/Brown/OpenClass,3,Tariq Rashad Salahuddin,Bruno Bastos Jiu-Jitsu
Houston International Open 2014,Master2/Male/Black/Feather,1,Alejandro Siqueira Doudement,Gracie Barra
Houston International Open 2014,Master2/Male/Black/Feather,2,Chad Michael Robichaux,Gracie Barra
Houston International Open 2014,Master2/Male/Black/Feather,3,Daniel Patrick Head,Atos Jiu-Jitsu Nederland, TX
Houston International Open 2014,Master2/Male/Black/Feather,3,Noah Douglas Booth,Big Brothers
Houston International Open 2014,Master2/Male/Black/Middle,1,Rodrigo Thiago de Souza,Alliance
Houston International Open 2014,Master2/Male/Black/Super-Heavy,1,Tyler Scott Bosard,Gracie Barra
Houston International Open 2014,Master2/Male/Black/Super-Heavy,2,Raul Francisco Jimenez Trivino,Alliance
Houston International Open 2014,Master2/Male/Black/Super-Heavy,3,Alan Mazin Shebaro,Shebaro Jiu Jitsu
Houston International Open 2014,Master2/Male/Black/Super-Heavy,3,Christopher Jason Fairburn,Gracie Elite Team
Houston International Open 2014,Master2/Male/Black/OpenClass,1,Alan Mazin Shebaro,Shebaro Jiu Jitsu
Houston International Open 2014,Master2/Male/Black/OpenClass,2,Rodrigo Thiago de Souza,Alliance
Houston International Open 2014,Master2/Male/Black/OpenClass,3,Christopher Jason Fairburn,Gracie Elite Team
Houston International Open 2014,Master3/Male/Blue/Light,1,JT Gallinaro,LX Jiu-Jitsu
Houston International Open 2014,Master3/Male/Blue/Light,2,John DeLaRosa,Gracie Elite Team
Houston International Open 2014,Master3/Male/Blue/Light,3,Vsevolod Egorov,Brazil 021 School of Jiu-Jitsu
Houston International Open 2014,Master3/Male/Blue/Middle,1,Randy Timmons,Nova União USA
Houston International Open 2014,Master3/Male/Blue/Middle,2,Leo  Salazar,Gracie Barra
Houston International Open 2014,Master3/Male/Blue/Middle,3,Kenneth Dennis Brennan,KG BJJ
Houston International Open 2014,Master3/Male/Blue/Super-Heavy,1,Daniel  Castillo,Brazilian Top Team
Houston International Open 2014,Master3/Male/Blue/Super-Heavy,2,Matthew Young,Shebaro Jiu Jitsu
Houston International Open 2014,Master3/Male/Blue/Super-Heavy,3,Matthew Cordon,Relson Gracie
Houston International Open 2014,Master3/Male/Blue/Ultra-Heavy,1,Hassan Hamin Assad,Gracie Barra
Houston International Open 2014,Master3/Male/Blue/Ultra-Heavy,2,Jason David McGill,Peak Performance
Houston International Open 2014,Master3/Male/Blue/Ultra-Heavy,3,John Robert Morris IV,Texas Punishment Crew
Houston International Open 2014,Master3/Male/Blue/OpenClass,1,Matthew Young,Shebaro Jiu Jitsu
Houston International Open 2014,Master3/Male/Blue/OpenClass,2,Jason David McGill,Peak Performance
Houston International Open 2014,Master3/Male/Purple/Light-Feather,1,Jason Lee Eckhardt,Solis Martial Arts Club
Houston International Open 2014,Master3/Male/Purple/Light-Feather,2,Irby Joseph Gaudet III,Gracie Barra
Houston International Open 2014,Master3/Male/Purple/Feather,1,Tommy Montoya,Clube Feijão JJ
Houston International Open 2014,Master3/Male/Purple/Feather,2,Jason Casillas,BJJ Revolution Team
Houston International Open 2014,Master3/Male/Purple/Medium-Heavy,1,James Moore,CheckMat USA
Houston International Open 2014,Master3/Male/Purple/Medium-Heavy,2,Carlos F. Martinez,Gracie Barra
Houston International Open 2014,Master3/Male/Purple/Medium-Heavy,3,Daryl Rodriguez,BJJ Revolution Team
Houston International Open 2014,Master3/Male/Purple/Heavy,1,Eduardo Lopez,Texas Punishment Crew
Houston International Open 2014,Master3/Male/Purple/Heavy,2,Brian Ray Richardson,Travis Lutter Brazilian Jiu-Jitsu
Houston International Open 2014,Master3/Male/Purple/Heavy,3,Fernando Victor Ferreira,Gracie Barra
Houston International Open 2014,Master3/Male/Purple/Super-Heavy,1,Jerry Raymond Lair,Travis Lutter Brazilian Jiu-Jitsu
Houston International Open 2014,Master3/Male/Purple/OpenClass,1,Jerry Raymond Lair,Travis Lutter Brazilian Jiu-Jitsu
Houston International Open 2014,Master3/Male/Purple/OpenClass,2,James Moore,CheckMat USA
Houston International Open 2014,Master3/Male/Purple/OpenClass,3,Carlos F. Martinez,Gracie Barra
Houston International Open 2014,Master3/Male/Brown/Light,1,Kham Kone Francisco de Jasso Ngondara,SAS Team USA
Houston International Open 2014,Master3/Male/Brown/Middle,1,Jaime Gomez Pardo,Gracie Barra
Houston International Open 2014,Master3/Male/Brown/Medium-Heavy,1,Michael P. Brennan,Gracie Humaita USA
Houston International Open 2014,Master3/Male/Brown/Super-Heavy,1,Shawn Price Kennedy,Gracie Barra
Houston International Open 2014,Master3/Male/Brown/OpenClass,1,Jaime Gomez Pardo,Gracie Barra
Houston International Open 2014,Master3/Male/Brown/OpenClass,2,Shawn Price Kennedy,Gracie Barra
Houston International Open 2014,Master3/Male/Brown/OpenClass,3,Kham Kone Francisco de Jasso Ngondara,SAS Team USA
Houston International Open 2014,Master3/Male/Black/Light,1,Joshua Lauber,Relson Gracie
Houston International Open 2014,Master3/Male/Black/Medium-Heavy,1,Eduardo Guzman Avelar,Solis Martial Arts Club
Houston International Open 2014,Master3/Male/Black/Medium-Heavy,2,Frederick Joseph Ramie,Renato Tavares Association
Houston International Open 2014,Master3/Male/Black/Ultra-Heavy,1,Stephen Vincent Hall,Alliance
Houston International Open 2014,Master3/Male/Black/Ultra-Heavy,2,Christopher A Gonzales,Gracie Elite Team
Houston International Open 2014,Master3/Male/Black/OpenClass,1,Stephen Vincent Hall,Alliance
Houston International Open 2014,Master3/Male/Black/OpenClass,2,Joshua Lauber,Relson Gracie
Houston International Open 2014,Master4/Male/Blue/Light,1,Andrew McNally,Gracie Barra
Houston International Open 2014,Master4/Male/Blue/Middle,1,George Ross Celi,Gracie Barra
Houston International Open 2014,Master4/Male/Blue/Middle,2,EDWIN LaCourt,Gracie Elite Team
Houston International Open 2014,Master4/Male/Blue/Medium-Heavy,1,Ferrell Munson,Gracie Barra
Houston International Open 2014,Master4/Male/Blue/Medium-Heavy,2,Rick DeLaRosa,Gracie Barra
Houston International Open 2014,Master4/Male/Blue/Medium-Heavy,3,Robert Silvestri,CheckMat USA
Houston International Open 2014,Master4/Male/Blue/OpenClass,1,Andrew McNally,Gracie Barra
Houston International Open 2014,Master4/Male/Purple/Light,1,James Whyte IV,Alliance
Houston International Open 2014,Master4/Male/Purple/Light,2,Gilbert Valenzuela,GF Team
Houston International Open 2014,Master4/Male/Purple/Middle,1,Roderick W. Ennis,South BJJ
Houston International Open 2014,Master4/Male/Purple/Middle,2,Joseph Gortych,Vieira BJJ
Houston International Open 2014,Master4/Male/Purple/Super-Heavy,1,Michael James Gottesman,Gracie Barra
Houston International Open 2014,Master4/Male/Purple/OpenClass,1,James Whyte IV,Alliance
Houston International Open 2014,Master4/Male/Purple/OpenClass,2,Gilbert Valenzuela,GF Team
Houston International Open 2014,Master4/Male/Purple/OpenClass,3,Joseph Gortych,Vieira BJJ
Houston International Open 2014,Master4/Male/Purple/OpenClass,3,Michael James Gottesman,Gracie Barra
Houston International Open 2014,Master4/Male/Brown/Middle,1,W. Britt Starnes,RCJ Machado
Houston International Open 2014,Master4/Male/Brown/Middle,2,Anthony F Reed,Gracie Elite Team
Houston International Open 2014,Master4/Male/Brown/Medium-Heavy,1,Kevin Bellard,Carlos Sapao BJJ
Houston International Open 2014,Master4/Male/Brown/Medium-Heavy,2,Saad Al-Aziz,Brazil 021 School of Jiu-Jitsu
Houston International Open 2014,Master4/Male/Brown/Super-Heavy,1,Merle Goff,Gracie Barra
Houston International Open 2014,Master4/Male/Brown/OpenClass,1,Merle Goff,Gracie Barra
Houston International Open 2014,Master4/Male/Brown/OpenClass,2,W. Britt Starnes,RCJ Machado
Houston International Open 2014,Master4/Male/Brown/OpenClass,3,Anthony F Reed,Gracie Elite Team
Houston International Open 2014,Master5/Male/Blue/Heavy,1,Michael Jones,Gracie Barra
Houston International Open 2014,Master5/Male/Purple/Ultra-Heavy,1,John David Barrera,Gracie Barra
Houston International Open 2014,Master5/Male/Purple/OpenClass,1,John David Barrera,Gracie Barra
Houston International Open 2014,Master6/Male/Blue/Light,1,Joseph Leonard Castillo,Bruno Bastos Jiu-Jitsu
Houston International Open 2014,Master6/Male/Blue/Light,2,Luis Morales,Team Tooke Mixed Martial Arts
