Floripa Fall International Open Jiu-Jitsu No-Gi 2017,Adult/Male/Blue/Rooster,1,Felipe Burille,Ataque Duplo
Floripa Fall International Open Jiu-Jitsu No-Gi 2017,Adult/Male/Blue/Rooster,2,Wellison Jefferson da Silva,Ns Brotherhood
Floripa Fall International Open Jiu-Jitsu No-Gi 2017,Adult/Male/Blue/Light-Feather,1,Hian Victor Leite,GF Team
Floripa Fall International Open Jiu-Jitsu No-Gi 2017,Adult/Male/Blue/Light-Feather,2,Eduardo de Araujo Roque,Gordo Jiu-Jitsu
Floripa Fall International Open Jiu-Jitsu No-Gi 2017,Adult/Male/Blue/Light-Feather,3,Eduardo Vieira Coelho,ASM BJJ
Floripa Fall International Open Jiu-Jitsu No-Gi 2017,Adult/Male/Blue/Light-Feather,3,Fabio Henrique Vieira Fernandes,CheckMat
Floripa Fall International Open Jiu-Jitsu No-Gi 2017,Adult/Male/Blue/Feather,1,Marcelo dos Santos Silva,PSLPB Cicero Costha
Floripa Fall International Open Jiu-Jitsu No-Gi 2017,Adult/Male/Blue/Feather,2,Daniel Anjos,Caio Terra Association Brasil
Floripa Fall International Open Jiu-Jitsu No-Gi 2017,Adult/Male/Blue/Feather,3,Alan dos Santos Silva,CheckMat
Floripa Fall International Open Jiu-Jitsu No-Gi 2017,Adult/Male/Blue/Light,1,Daniel Felipe de Moura,Ataque Duplo
Floripa Fall International Open Jiu-Jitsu No-Gi 2017,Adult/Male/Blue/Light,2,Gabriel Higino Pereira Dos Santos,Nova União
Floripa Fall International Open Jiu-Jitsu No-Gi 2017,Adult/Male/Blue/Light,3,Gabriel Felipe dos Santos,Lótus Club
Floripa Fall International Open Jiu-Jitsu No-Gi 2017,Adult/Male/Blue/Light,3,Lucian  Moreira,Adão Januário BJJ
Floripa Fall International Open Jiu-Jitsu No-Gi 2017,Adult/Male/Blue/Middle,1,André Guilherme Lipienski P. Santos,Alliance
Floripa Fall International Open Jiu-Jitsu No-Gi 2017,Adult/Male/Blue/Middle,2,Maicon Rodrigo dos Santos,Atos Jiu-Jitsu
Floripa Fall International Open Jiu-Jitsu No-Gi 2017,Adult/Male/Blue/Middle,3,Filipe Colussi de Oliveira,Alliance
Floripa Fall International Open Jiu-Jitsu No-Gi 2017,Adult/Male/Blue/Middle,3,Mateus Viana Ferreira de Siqueira,Nova União
Floripa Fall International Open Jiu-Jitsu No-Gi 2017,Adult/Male/Blue/Medium-Heavy,1,Wagner Souza,Zenith BJJ
Floripa Fall International Open Jiu-Jitsu No-Gi 2017,Adult/Male/Blue/Medium-Heavy,2,Marco Giovanni Locatelli Benitez,Alliance
Floripa Fall International Open Jiu-Jitsu No-Gi 2017,Adult/Male/Blue/Medium-Heavy,3,Gustavo Henrique Oliveira Dos Santos,G13 BJJ
Floripa Fall International Open Jiu-Jitsu No-Gi 2017,Adult/Male/Blue/Medium-Heavy,3,Vinicius Raphael Seratto,Gracie Barra
Floripa Fall International Open Jiu-Jitsu No-Gi 2017,Adult/Male/Blue/Heavy,1,Antonio Marcos Chaves de Souza,Julio Secco
Floripa Fall International Open Jiu-Jitsu No-Gi 2017,Adult/Male/Blue/Heavy,2,Daniel Douglas Sant Ana,Demian Maia Jiu-Jitsu
Floripa Fall International Open Jiu-Jitsu No-Gi 2017,Adult/Male/Blue/Heavy,3,Luan Cesar de Souza e Silva,CheckMat
Floripa Fall International Open Jiu-Jitsu No-Gi 2017,Adult/Male/Blue/Super-Heavy,1,Matheus  Fontes,CheckMat
Floripa Fall International Open Jiu-Jitsu No-Gi 2017,Adult/Male/Blue/Super-Heavy,2,Luiz Henrique B. da Silva,Nova União
Floripa Fall International Open Jiu-Jitsu No-Gi 2017,Adult/Male/Blue/Super-Heavy,3,Ian Raphael Santos Pinto,Mato Grosso Jiu-Jitsu
Floripa Fall International Open Jiu-Jitsu No-Gi 2017,Adult/Male/Blue/Ultra-Heavy,1,Filipy Santana,Gracie Barra
Floripa Fall International Open Jiu-Jitsu No-Gi 2017,Adult/Male/Blue/Ultra-Heavy,2,Thiago  Francisco Montibeller,CheckMat
Floripa Fall International Open Jiu-Jitsu No-Gi 2017,Adult/Male/Blue/Ultra-Heavy,3,Heric Imianowki Santana Pereira,Ataque Duplo
Floripa Fall International Open Jiu-Jitsu No-Gi 2017,Adult/Male/Blue/Enum_WeightDivision_OpenClass_Label,1,Eduardo de Araujo Roque,Gordo Jiu-Jitsu
Floripa Fall International Open Jiu-Jitsu No-Gi 2017,Adult/Male/Blue/Enum_WeightDivision_OpenClass_Label,2,Daniel Douglas Sant Ana,Demian Maia Jiu-Jitsu
Floripa Fall International Open Jiu-Jitsu No-Gi 2017,Adult/Male/Blue/Enum_WeightDivision_OpenClass_Label,3,Daniel Anjos,Caio Terra Association Brasil
Floripa Fall International Open Jiu-Jitsu No-Gi 2017,Adult/Male/Blue/Enum_WeightDivision_OpenClass_Label,3,Gustavo Henrique Oliveira Dos Santos,G13 BJJ
Floripa Fall International Open Jiu-Jitsu No-Gi 2017,Adult/Male/Purple/Light-Feather,1,Adriano Alexandre Costa Filho,Sandro Melo Team
Floripa Fall International Open Jiu-Jitsu No-Gi 2017,Adult/Male/Purple/Light-Feather,2,Elton Eduardo Ribeiro dos Santos,GF Team
Floripa Fall International Open Jiu-Jitsu No-Gi 2017,Adult/Male/Purple/Light-Feather,3,Iago Da Silva Dos Santos,GF Team
Floripa Fall International Open Jiu-Jitsu No-Gi 2017,Adult/Male/Purple/Feather,1,Leonardo Gonçalves,Ryan Gracie Team B
Floripa Fall International Open Jiu-Jitsu No-Gi 2017,Adult/Male/Purple/Feather,2,Carlos Yago Machado,Centro de Lutas Marcos Almeida
Floripa Fall International Open Jiu-Jitsu No-Gi 2017,Adult/Male/Purple/Light,1,Raphael Dillon da Gama Cansanção,CheckMat
Floripa Fall International Open Jiu-Jitsu No-Gi 2017,Adult/Male/Purple/Light,2,Thiago da Rocha Gomes Calixto,Nova União
Floripa Fall International Open Jiu-Jitsu No-Gi 2017,Adult/Male/Purple/Light,3,Guilherme Eliger,BSB Jiu-Jitsu Team
Floripa Fall International Open Jiu-Jitsu No-Gi 2017,Adult/Male/Purple/Light,3,Guilherme Jeremias Andrade,Ataque Duplo
Floripa Fall International Open Jiu-Jitsu No-Gi 2017,Adult/Male/Purple/Middle,1,Joalisson Deivyde Gomes de Lima,Luiz Paulo Jiu-Jitsu
Floripa Fall International Open Jiu-Jitsu No-Gi 2017,Adult/Male/Purple/Middle,2,Caio Jardim Victor,Nova União
Floripa Fall International Open Jiu-Jitsu No-Gi 2017,Adult/Male/Purple/Middle,3,Jorge Nelson da Silva Junior,A.S Team
Floripa Fall International Open Jiu-Jitsu No-Gi 2017,Adult/Male/Purple/Middle,3,Lucas  Lisboa Alves,PSLPB Cicero Costha time A
Floripa Fall International Open Jiu-Jitsu No-Gi 2017,Adult/Male/Purple/Medium-Heavy,1,Ronan Veltrini Tangerino,Bullsfighter
Floripa Fall International Open Jiu-Jitsu No-Gi 2017,Adult/Male/Purple/Medium-Heavy,2,Thiago Saldanha Dalcol,JFC Almeida JJ
Floripa Fall International Open Jiu-Jitsu No-Gi 2017,Adult/Male/Purple/Medium-Heavy,3,Andrei Lucas da Silva,Gracie Barra
Floripa Fall International Open Jiu-Jitsu No-Gi 2017,Adult/Male/Purple/Medium-Heavy,3,Hector Ignacio Lamoglia,GF Team Distrito Federal
Floripa Fall International Open Jiu-Jitsu No-Gi 2017,Adult/Male/Purple/Heavy,1,Filipe Luiz dos Reis Carmona,Gracie Barra
Floripa Fall International Open Jiu-Jitsu No-Gi 2017,Adult/Male/Purple/Heavy,2,Arthur Citadin Mendes,Gracie Gym
Floripa Fall International Open Jiu-Jitsu No-Gi 2017,Adult/Male/Purple/Heavy,3,Antonio Ribeiro Clemente de Sousa,Grand Team Jiu-Jitsu
Floripa Fall International Open Jiu-Jitsu No-Gi 2017,Adult/Male/Purple/Heavy,3,Jackson Douglas de Carvalho Batista,PSLPB Cicero Costha
Floripa Fall International Open Jiu-Jitsu No-Gi 2017,Adult/Male/Purple/Super-Heavy,1,Brian Giorgio,Alliance
Floripa Fall International Open Jiu-Jitsu No-Gi 2017,Adult/Male/Purple/Super-Heavy,2,Luiz Claudio Pereira Alves Júnior,GF Team Distrito Federal
Floripa Fall International Open Jiu-Jitsu No-Gi 2017,Adult/Male/Purple/Super-Heavy,3,Amundsen Richard Exposito,Zenith BJJ
Floripa Fall International Open Jiu-Jitsu No-Gi 2017,Adult/Male/Purple/Ultra-Heavy,1,Vinicius Simões Bravo,Kullgam Competition
Floripa Fall International Open Jiu-Jitsu No-Gi 2017,Adult/Male/Purple/Ultra-Heavy,2,Denilson Graff Ferreira,GF Team Floripa
Floripa Fall International Open Jiu-Jitsu No-Gi 2017,Adult/Male/Purple/Enum_WeightDivision_OpenClass_Label,1,Brian Giorgio,Alliance
Floripa Fall International Open Jiu-Jitsu No-Gi 2017,Adult/Male/Purple/Enum_WeightDivision_OpenClass_Label,2,Jackson Douglas de Carvalho Batista,PSLPB Cicero Costha
Floripa Fall International Open Jiu-Jitsu No-Gi 2017,Adult/Male/Purple/Enum_WeightDivision_OpenClass_Label,3,Iago Da Silva Dos Santos,GF Team
Floripa Fall International Open Jiu-Jitsu No-Gi 2017,Adult/Male/Purple/Enum_WeightDivision_OpenClass_Label,3,Joalisson Deivyde Gomes de Lima,Luiz Paulo Jiu-Jitsu
Floripa Fall International Open Jiu-Jitsu No-Gi 2017,Adult/Male/Brown/Light-Feather,1,Léo Silveira Alves,A.S Team
Floripa Fall International Open Jiu-Jitsu No-Gi 2017,Adult/Male/Brown/Light-Feather,2,Wagner Jacob Farias,GF Team Floripa
Floripa Fall International Open Jiu-Jitsu No-Gi 2017,Adult/Male/Brown/Feather,1,Brunno Bragança Pereira,Guetho Jiu Jitsu
Floripa Fall International Open Jiu-Jitsu No-Gi 2017,Adult/Male/Brown/Feather,2,Gustavo Veríssimo,ASM BJJ
Floripa Fall International Open Jiu-Jitsu No-Gi 2017,Adult/Male/Brown/Light,1,Evandro Brandão de Oliveira Filho,Five Rounds
Floripa Fall International Open Jiu-Jitsu No-Gi 2017,Adult/Male/Brown/Light,2,Daniel Vitor de Araujo Azevedo,Ares BJJ Brasil
Floripa Fall International Open Jiu-Jitsu No-Gi 2017,Adult/Male/Brown/Light,3,Luan Gomes Da Silva,Saikoo Jiu-Jitsu
Floripa Fall International Open Jiu-Jitsu No-Gi 2017,Adult/Male/Brown/Light,3,Rafael de Castro Ramos,Alliance
Floripa Fall International Open Jiu-Jitsu No-Gi 2017,Adult/Male/Brown/Middle,1,Eduardo da Camara Queiroz,A.S Team
Floripa Fall International Open Jiu-Jitsu No-Gi 2017,Adult/Male/Brown/Medium-Heavy,1,Flávio Junqueira,Alliance
Floripa Fall International Open Jiu-Jitsu No-Gi 2017,Adult/Male/Brown/Medium-Heavy,2,Jean Carlos Lopes,Nova União
Floripa Fall International Open Jiu-Jitsu No-Gi 2017,Adult/Male/Brown/Medium-Heavy,3,Hiago Lemos Gath,Gracie Barra
Floripa Fall International Open Jiu-Jitsu No-Gi 2017,Adult/Male/Brown/Heavy,1,Vinicius Lucas De Oliveira Marques,Alliance
Floripa Fall International Open Jiu-Jitsu No-Gi 2017,Adult/Male/Brown/Heavy,2,Adão José Fidelis de Medeiros,Centro de Lutas Marcos Almeida
Floripa Fall International Open Jiu-Jitsu No-Gi 2017,Adult/Male/Brown/Ultra-Heavy,1,Rafael Bonfim De Oliveira,Bon Sai JJ
Floripa Fall International Open Jiu-Jitsu No-Gi 2017,Adult/Male/Brown/Ultra-Heavy,2,Luan G. Pinto Piquera Giacobino,CheckMat
Floripa Fall International Open Jiu-Jitsu No-Gi 2017,Adult/Male/Brown/Ultra-Heavy,3,Éverton Maikon Ramos Batista,Pernalonga Team
Floripa Fall International Open Jiu-Jitsu No-Gi 2017,Adult/Male/Brown/Enum_WeightDivision_OpenClass_Label,1,Flávio Junqueira,Alliance
Floripa Fall International Open Jiu-Jitsu No-Gi 2017,Adult/Male/Brown/Enum_WeightDivision_OpenClass_Label,2,Gustavo Veríssimo,ASM BJJ
Floripa Fall International Open Jiu-Jitsu No-Gi 2017,Adult/Male/Brown/Enum_WeightDivision_OpenClass_Label,3,Hiago Lemos Gath,Gracie Barra
Floripa Fall International Open Jiu-Jitsu No-Gi 2017,Adult/Male/Brown/Enum_WeightDivision_OpenClass_Label,3,Jean Carlos Lopes,Nova União
Floripa Fall International Open Jiu-Jitsu No-Gi 2017,Adult/Male/Black/Light-Feather,1,Thales Nakassu,CheckMat
Floripa Fall International Open Jiu-Jitsu No-Gi 2017,Adult/Male/Black/Light-Feather,2,Franciedson Fernandes da Costa,Alliance
Floripa Fall International Open Jiu-Jitsu No-Gi 2017,Adult/Male/Black/Light-Feather,3,Rodrigo Kiuchi,Luiz Paulo Jiu-Jitsu
Floripa Fall International Open Jiu-Jitsu No-Gi 2017,Adult/Male/Black/Feather,1,Thomas Lincoln Correa Lisboa,Alliance
Floripa Fall International Open Jiu-Jitsu No-Gi 2017,Adult/Male/Black/Feather,2,Gustavo Mendes M. Praxedes Leal,Nova União
Floripa Fall International Open Jiu-Jitsu No-Gi 2017,Adult/Male/Black/Feather,3,Samuel Saul do Nascimento,Gracie Barra
Floripa Fall International Open Jiu-Jitsu No-Gi 2017,Adult/Male/Black/Light,1,Thiago Aragão de Abreu,CheckMat
Floripa Fall International Open Jiu-Jitsu No-Gi 2017,Adult/Male/Black/Light,2,Osmar Gustavo Telles,A.S Team
Floripa Fall International Open Jiu-Jitsu No-Gi 2017,Adult/Male/Black/Light,3,Fabio Murat Caloi,Alliance
Floripa Fall International Open Jiu-Jitsu No-Gi 2017,Adult/Male/Black/Light,3,Isaque Alberto de Oliveira Paiva,Saikoo Jiu-Jitsu
Floripa Fall International Open Jiu-Jitsu No-Gi 2017,Adult/Male/Black/Middle,1,Matheus Linhares Knorr,Drill BJJ
Floripa Fall International Open Jiu-Jitsu No-Gi 2017,Adult/Male/Black/Middle,2,André Luiz Cantanhede de Almeida,Luciano Mendes
Floripa Fall International Open Jiu-Jitsu No-Gi 2017,Adult/Male/Black/Middle,3,Gabriel Alves de Lima,Equipe GTT/IST
Floripa Fall International Open Jiu-Jitsu No-Gi 2017,Adult/Male/Black/Medium-Heavy,1,Claudio de Mattos Cardoso,Gracie Barra
Floripa Fall International Open Jiu-Jitsu No-Gi 2017,Adult/Male/Black/Medium-Heavy,2,Alexandre Vieira,Nova União
Floripa Fall International Open Jiu-Jitsu No-Gi 2017,Adult/Male/Black/Medium-Heavy,3,Matheus Santos de Souza,Hélio Soneca Brazilian JJ
Floripa Fall International Open Jiu-Jitsu No-Gi 2017,Adult/Male/Black/Medium-Heavy,3,Sergio Henrique Batista Feijó,Sandro Melo Team
Floripa Fall International Open Jiu-Jitsu No-Gi 2017,Adult/Male/Black/Heavy,1,Henrique Russi Felix de Lima,CheckMat
Floripa Fall International Open Jiu-Jitsu No-Gi 2017,Adult/Male/Black/Heavy,2,Romeu Patrick Gabriel Mendes,Soul Fighters BJJ Tijuca
Floripa Fall International Open Jiu-Jitsu No-Gi 2017,Adult/Male/Black/Heavy,3,Alexandre Pereira de Paulo,Gracie Barra
Floripa Fall International Open Jiu-Jitsu No-Gi 2017,Adult/Male/Black/Heavy,3,Leandro Serra dos Santos,CheckMat
Floripa Fall International Open Jiu-Jitsu No-Gi 2017,Adult/Male/Black/Super-Heavy,1,Luiz Felipe Ramalho,Demian Maia Jiu-Jitsu
Floripa Fall International Open Jiu-Jitsu No-Gi 2017,Adult/Male/Black/Ultra-Heavy,1,Erberth Santos de Mesquita,JFC Almeida JJ
Floripa Fall International Open Jiu-Jitsu No-Gi 2017,Adult/Male/Black/Ultra-Heavy,2,Leonardo Morosetti de Lima,Zenith RS
Floripa Fall International Open Jiu-Jitsu No-Gi 2017,Adult/Male/Black/Ultra-Heavy,3,Antonio de Padua Assef N. Nascimento,GF Team
Floripa Fall International Open Jiu-Jitsu No-Gi 2017,Adult/Male/Black/Enum_WeightDivision_OpenClass_Label,1,Erberth Santos de Mesquita,JFC Almeida JJ
Floripa Fall International Open Jiu-Jitsu No-Gi 2017,Adult/Male/Black/Enum_WeightDivision_OpenClass_Label,2,Henrique Russi Felix de Lima,CheckMat
Floripa Fall International Open Jiu-Jitsu No-Gi 2017,Adult/Male/Black/Enum_WeightDivision_OpenClass_Label,3,Lawrence Lagos De Luna Junior,G13 Jiu-Jitsu
Floripa Fall International Open Jiu-Jitsu No-Gi 2017,Adult/Male/Black/Enum_WeightDivision_OpenClass_Label,3,Leonardo Morosetti de Lima,Zenith RS
Floripa Fall International Open Jiu-Jitsu No-Gi 2017,Adult/Female/Blue/Feather,1,Nayra Angelina Ferreira Guido,Nova União
Floripa Fall International Open Jiu-Jitsu No-Gi 2017,Adult/Female/Blue/Light,1,Giovana Rodrigues,PSLPB Cicero Costha
Floripa Fall International Open Jiu-Jitsu No-Gi 2017,Adult/Female/Blue/Light,2,Renata Guedes,Mato Grosso Jiu-Jitsu
Floripa Fall International Open Jiu-Jitsu No-Gi 2017,Adult/Female/Blue/Middle,1,Ramana Toscanelli,Five Rounds
Floripa Fall International Open Jiu-Jitsu No-Gi 2017,Adult/Female/Blue/Enum_WeightDivision_OpenClass_Label,1,Ramana Toscanelli,Five Rounds
Floripa Fall International Open Jiu-Jitsu No-Gi 2017,Adult/Female/Blue/Enum_WeightDivision_OpenClass_Label,2,Giovana Rodrigues,PSLPB Cicero Costha
Floripa Fall International Open Jiu-Jitsu No-Gi 2017,Adult/Female/Purple/Light,1,Gabriela Meireles Fechter,CheckMat
Floripa Fall International Open Jiu-Jitsu No-Gi 2017,Adult/Female/Purple/Middle,1,Lara Gabriella Silva Parra,Ryan Gracie Team B
Floripa Fall International Open Jiu-Jitsu No-Gi 2017,Adult/Female/Purple/Medium-Heavy,1,Melissa Stricker Cueto,Drill BJJ
Floripa Fall International Open Jiu-Jitsu No-Gi 2017,Adult/Female/Purple/Medium-Heavy,2,Ana Maria Estegani Matos  Prado,CheckMat
Floripa Fall International Open Jiu-Jitsu No-Gi 2017,Adult/Female/Purple/Enum_WeightDivision_OpenClass_Label,1,Gabriela Meireles Fechter,CheckMat
Floripa Fall International Open Jiu-Jitsu No-Gi 2017,Adult/Female/Black/Heavy,1,Talita Andrea Nogueira,Ns Brotherhood
Floripa Fall International Open Jiu-Jitsu No-Gi 2017,Adult/Female/Black/Enum_WeightDivision_OpenClass_Label,1,Talita Andrea Nogueira,Ns Brotherhood
Floripa Fall International Open Jiu-Jitsu No-Gi 2017,Master1/Male/Blue/Feather,1,Carlos Henrique do Nascimento,CheckMat
Floripa Fall International Open Jiu-Jitsu No-Gi 2017,Master1/Male/Blue/Feather,2,Leandro Aparecido Marcili,Gracie Barra
Floripa Fall International Open Jiu-Jitsu No-Gi 2017,Master1/Male/Blue/Light,1,Maikon Dario de Souza,Alliance
Floripa Fall International Open Jiu-Jitsu No-Gi 2017,Master1/Male/Blue/Light,2,Deyvis Paulo da Silva,Alliance
Floripa Fall International Open Jiu-Jitsu No-Gi 2017,Master1/Male/Blue/Light,3,Ederton Santin,Alliance Sul
Floripa Fall International Open Jiu-Jitsu No-Gi 2017,Master1/Male/Blue/Light,3,Samuel Naion Ubirajara Silva de Oliveira,Jaraguá BJJ
Floripa Fall International Open Jiu-Jitsu No-Gi 2017,Master1/Male/Blue/Middle,1,Rafael Marcelino da Silva,Núcleo JJ
Floripa Fall International Open Jiu-Jitsu No-Gi 2017,Master1/Male/Blue/Middle,2,Anderson   Nascimento,Rocian Gracie Jr.
Floripa Fall International Open Jiu-Jitsu No-Gi 2017,Master1/Male/Blue/Middle,3,Diego Olmiro Zeigler,Alliance
Floripa Fall International Open Jiu-Jitsu No-Gi 2017,Master1/Male/Blue/Middle,3,Josimar Geremia Freire,Alliance
Floripa Fall International Open Jiu-Jitsu No-Gi 2017,Master1/Male/Blue/Heavy,1,Leandro Rodolfo Claus do Nascimento,Nova União
Floripa Fall International Open Jiu-Jitsu No-Gi 2017,Master1/Male/Blue/Heavy,2,Fabio Henrique Silva,Gracie Humaita RJ
Floripa Fall International Open Jiu-Jitsu No-Gi 2017,Master1/Male/Blue/Super-Heavy,1,Reginaldo De Souza Negretti,Alliance
Floripa Fall International Open Jiu-Jitsu No-Gi 2017,Master1/Male/Blue/Enum_WeightDivision_OpenClass_Label,1,Samuel Naion Ubirajara Silva de Oliveira,Jaraguá BJJ
Floripa Fall International Open Jiu-Jitsu No-Gi 2017,Master1/Male/Blue/Enum_WeightDivision_OpenClass_Label,2,Rafael Marcelino da Silva,Núcleo JJ
Floripa Fall International Open Jiu-Jitsu No-Gi 2017,Master1/Male/Purple/Light,1,Andre Hamu Antunes,Ribeiro Jiu-Jitsu
Floripa Fall International Open Jiu-Jitsu No-Gi 2017,Master1/Male/Purple/Light,2,Fagner Silva Carneiro,Gracie Barra
Floripa Fall International Open Jiu-Jitsu No-Gi 2017,Master1/Male/Purple/Medium-Heavy,1,Matheus Santiago Barden Santos,Guetho Jiu Jitsu
Floripa Fall International Open Jiu-Jitsu No-Gi 2017,Master1/Male/Purple/Medium-Heavy,2,Juliano Marcus Pires Pereira,Nova União
Floripa Fall International Open Jiu-Jitsu No-Gi 2017,Master1/Male/Purple/Heavy,1,Dionathan Pereira dos Santos,Gracie Barra
Floripa Fall International Open Jiu-Jitsu No-Gi 2017,Master1/Male/Purple/Heavy,2,Maxwell Trindade,Nova União
Floripa Fall International Open Jiu-Jitsu No-Gi 2017,Master1/Male/Purple/Ultra-Heavy,1,Marcio Antonio Pires Junior,Gracie Barra
Floripa Fall International Open Jiu-Jitsu No-Gi 2017,Master1/Male/Purple/Ultra-Heavy,2,Douglas de Jesus Santos,Zenith BJJ
Floripa Fall International Open Jiu-Jitsu No-Gi 2017,Master1/Male/Purple/Ultra-Heavy,3,Ramon Freire Medeiros de França,Cesar Maillet Team
Floripa Fall International Open Jiu-Jitsu No-Gi 2017,Master1/Male/Purple/Enum_WeightDivision_OpenClass_Label,1,Marcio Antonio Pires Junior,Gracie Barra
Floripa Fall International Open Jiu-Jitsu No-Gi 2017,Master1/Male/Purple/Enum_WeightDivision_OpenClass_Label,2,Douglas de Jesus Santos,Zenith BJJ
Floripa Fall International Open Jiu-Jitsu No-Gi 2017,Master1/Male/Purple/Enum_WeightDivision_OpenClass_Label,3,Dionathan Pereira dos Santos,Gracie Barra
Floripa Fall International Open Jiu-Jitsu No-Gi 2017,Master1/Male/Purple/Enum_WeightDivision_OpenClass_Label,3,Matheus Santiago Barden Santos,Guetho Jiu Jitsu
Floripa Fall International Open Jiu-Jitsu No-Gi 2017,Master1/Male/Brown/Feather,1,Alex  Dos Santos Souza,Sheknah Team
Floripa Fall International Open Jiu-Jitsu No-Gi 2017,Master1/Male/Brown/Light,1,Alan Rodrigues de Souza,CheckMat
Floripa Fall International Open Jiu-Jitsu No-Gi 2017,Master1/Male/Brown/Light,2,Fabio Nery Fernandes,Nova União
Floripa Fall International Open Jiu-Jitsu No-Gi 2017,Master1/Male/Brown/Middle,1,Ramon Ricard dos Santos Riediger,Ataque Duplo
Floripa Fall International Open Jiu-Jitsu No-Gi 2017,Master1/Male/Brown/Middle,2,Sandro Severo Testa,Drill BJJ
Floripa Fall International Open Jiu-Jitsu No-Gi 2017,Master1/Male/Brown/Middle,3,Carlos Artates Bergante,Rilion Gracie JJ
Floripa Fall International Open Jiu-Jitsu No-Gi 2017,Master1/Male/Brown/Middle,3,Helber de Mendonça Oliveira,Equipe Mineirinho Jiu-Jitsu
Floripa Fall International Open Jiu-Jitsu No-Gi 2017,Master1/Male/Brown/Medium-Heavy,1,Breno Vidal Silva Nunes,Bullsfighter
Floripa Fall International Open Jiu-Jitsu No-Gi 2017,Master1/Male/Brown/Medium-Heavy,2,Tiago da Silva,Zenith BJJ
Floripa Fall International Open Jiu-Jitsu No-Gi 2017,Master1/Male/Brown/Medium-Heavy,3,João Victor de Souza,Nova União
Floripa Fall International Open Jiu-Jitsu No-Gi 2017,Master1/Male/Brown/Medium-Heavy,3,Rodrigo Barbosa do Nascimento,Ns Brotherhood
Floripa Fall International Open Jiu-Jitsu No-Gi 2017,Master1/Male/Brown/Heavy,1,Henrique Aparecido de Souza Pereira,CheckMat
Floripa Fall International Open Jiu-Jitsu No-Gi 2017,Master1/Male/Brown/Heavy,2,Diego Esteves Pacheco,LEAD BJJ
Floripa Fall International Open Jiu-Jitsu No-Gi 2017,Master1/Male/Brown/Heavy,3,Ricardo da Silva Martins,A.S Team
Floripa Fall International Open Jiu-Jitsu No-Gi 2017,Master1/Male/Brown/Super-Heavy,1,Cristian Weber,Equipe A
Floripa Fall International Open Jiu-Jitsu No-Gi 2017,Master1/Male/Brown/Super-Heavy,2,Marco Aurélio Ferreira,LEAD BJJ
Floripa Fall International Open Jiu-Jitsu No-Gi 2017,Master1/Male/Brown/Super-Heavy,3,Fernando Souza  Gones,Nova União
Floripa Fall International Open Jiu-Jitsu No-Gi 2017,Master1/Male/Brown/Super-Heavy,3,Luiz Ricardo Flôres,Gracie Barra
Floripa Fall International Open Jiu-Jitsu No-Gi 2017,Master1/Male/Brown/Ultra-Heavy,1,Marcel Bruno Duarte Quintanilha,Gracie Barra
Floripa Fall International Open Jiu-Jitsu No-Gi 2017,Master1/Male/Brown/Ultra-Heavy,2,Cornelio Batista da Silveira Netto,C.T Alan Galvão
Floripa Fall International Open Jiu-Jitsu No-Gi 2017,Master1/Male/Brown/Ultra-Heavy,3,Denis Barleze Barrios,Ataque Duplo
Floripa Fall International Open Jiu-Jitsu No-Gi 2017,Master1/Male/Brown/Enum_WeightDivision_OpenClass_Label,1,Henrique Aparecido de Souza Pereira,CheckMat
Floripa Fall International Open Jiu-Jitsu No-Gi 2017,Master1/Male/Brown/Enum_WeightDivision_OpenClass_Label,2,Marco Aurélio Ferreira,LEAD BJJ
Floripa Fall International Open Jiu-Jitsu No-Gi 2017,Master1/Male/Brown/Enum_WeightDivision_OpenClass_Label,3,Fernando Souza  Gones,Nova União
Floripa Fall International Open Jiu-Jitsu No-Gi 2017,Master1/Male/Brown/Enum_WeightDivision_OpenClass_Label,3,João Victor de Souza,Nova União
Floripa Fall International Open Jiu-Jitsu No-Gi 2017,Master1/Male/Black/Feather,1,Emanuel Ayres de Medeiros,Gracie Barra
Floripa Fall International Open Jiu-Jitsu No-Gi 2017,Master1/Male/Black/Feather,2,Alexsandro de Melo Miranda,Sandro Melo Team
Floripa Fall International Open Jiu-Jitsu No-Gi 2017,Master1/Male/Black/Light,1,Alexandro Dos Santos,Gracie Barra
Floripa Fall International Open Jiu-Jitsu No-Gi 2017,Master1/Male/Black/Light,2,Cássio Luiz Martins,Gracie Humaita RJ
Floripa Fall International Open Jiu-Jitsu No-Gi 2017,Master1/Male/Black/Light,3,Fernando Santos Corrêa,Gracie Barra
Floripa Fall International Open Jiu-Jitsu No-Gi 2017,Master1/Male/Black/Light,3,Guilherme da Silva Milan,Zenith BJJ
Floripa Fall International Open Jiu-Jitsu No-Gi 2017,Master1/Male/Black/Middle,1,Guilherme Ferreira Iunes,Gracie Barra
Floripa Fall International Open Jiu-Jitsu No-Gi 2017,Master1/Male/Black/Middle,2,Bruno Henrique Meireles Rocha,Gracie Barra
Floripa Fall International Open Jiu-Jitsu No-Gi 2017,Master1/Male/Black/Middle,3,Ituã de Britos Sales,Ares BJJ Brasil
Floripa Fall International Open Jiu-Jitsu No-Gi 2017,Master1/Male/Black/Middle,3,Marcio Nogueira da Cruz Saldanha,Ribeiro Jiu-Jitsu
Floripa Fall International Open Jiu-Jitsu No-Gi 2017,Master1/Male/Black/Medium-Heavy,1,Fabio Sant'anna de Abreu,Nova União
Floripa Fall International Open Jiu-Jitsu No-Gi 2017,Master1/Male/Black/Medium-Heavy,2,Julio Cesar Mendes Nunez,Zenith BJJ
Floripa Fall International Open Jiu-Jitsu No-Gi 2017,Master1/Male/Black/Heavy,1,Marcos Maciel de Oliveira,Bicudo Jiu-Jitsu School
Floripa Fall International Open Jiu-Jitsu No-Gi 2017,Master1/Male/Black/Heavy,2,Marcus Vinícius Moraes dos Santos,GF Team
Floripa Fall International Open Jiu-Jitsu No-Gi 2017,Master1/Male/Black/Heavy,3,João Ramos Junior,Nova União
Floripa Fall International Open Jiu-Jitsu No-Gi 2017,Master1/Male/Black/Super-Heavy,1,Erick dos Santos da Rosa,A.S Team SC
Floripa Fall International Open Jiu-Jitsu No-Gi 2017,Master1/Male/Black/Super-Heavy,2,Cleberson da Silva Ribeiro,Rilion Gracie JJ
Floripa Fall International Open Jiu-Jitsu No-Gi 2017,Master1/Male/Black/Enum_WeightDivision_OpenClass_Label,1,Marcus Vinícius Moraes dos Santos,GF Team
Floripa Fall International Open Jiu-Jitsu No-Gi 2017,Master1/Male/Black/Enum_WeightDivision_OpenClass_Label,2,Erick dos Santos da Rosa,A.S Team SC
Floripa Fall International Open Jiu-Jitsu No-Gi 2017,Master1/Male/Black/Enum_WeightDivision_OpenClass_Label,3,Cleberson da Silva Ribeiro,Rilion Gracie JJ
Floripa Fall International Open Jiu-Jitsu No-Gi 2017,Master1/Male/Black/Enum_WeightDivision_OpenClass_Label,3,Marcio Nogueira da Cruz Saldanha,Ribeiro Jiu-Jitsu
Floripa Fall International Open Jiu-Jitsu No-Gi 2017,Master1/Female/Blue/Feather,1,Suellen Mendonça Perseguin,PSLPB Cicero Costha B
Floripa Fall International Open Jiu-Jitsu No-Gi 2017,Master1/Female/Blue/Middle,1,Catia Cristina Cercal,Gracie Barra
Floripa Fall International Open Jiu-Jitsu No-Gi 2017,Master1/Female/Blue/Super-Heavy,1,Maria do Carmo Rodrigues de Carvalho,Gracie Barra
Floripa Fall International Open Jiu-Jitsu No-Gi 2017,Master1/Female/Blue/Enum_WeightDivision_OpenClass_Label,1,Catia Cristina Cercal,Gracie Barra
Floripa Fall International Open Jiu-Jitsu No-Gi 2017,Master1/Female/Blue/Enum_WeightDivision_OpenClass_Label,2,Maria do Carmo Rodrigues de Carvalho,Gracie Barra
Floripa Fall International Open Jiu-Jitsu No-Gi 2017,Master1/Female/Blue/Enum_WeightDivision_OpenClass_Label,3,Suellen Mendonça Perseguin,PSLPB Cicero Costha B
Floripa Fall International Open Jiu-Jitsu No-Gi 2017,Master1/Female/Purple/Middle,1,Gessica Rodrigues Fong Nien,CheckMat
Floripa Fall International Open Jiu-Jitsu No-Gi 2017,Master1/Female/Purple/Middle,2,Luana Russo,Macaco Gold Team
Floripa Fall International Open Jiu-Jitsu No-Gi 2017,Master1/Female/Purple/Heavy,1,Daniela Alzira da Silva Arouca,LEAD BJJ
Floripa Fall International Open Jiu-Jitsu No-Gi 2017,Master1/Female/Purple/Enum_WeightDivision_OpenClass_Label,1,Daniela Alzira da Silva Arouca,LEAD BJJ
Floripa Fall International Open Jiu-Jitsu No-Gi 2017,Master1/Female/Purple/Enum_WeightDivision_OpenClass_Label,2,Gessica Rodrigues Fong Nien,CheckMat
Floripa Fall International Open Jiu-Jitsu No-Gi 2017,Master1/Female/Purple/Enum_WeightDivision_OpenClass_Label,3,Luana Russo,Macaco Gold Team
Floripa Fall International Open Jiu-Jitsu No-Gi 2017,Master2/Male/Blue/Light,1,Luigi Yoshiki Cleto,Carlson Gracie Curitiba
Floripa Fall International Open Jiu-Jitsu No-Gi 2017,Master2/Male/Blue/Middle,1,Leandro Vieira,Coelho Jiu-Jitsu
Floripa Fall International Open Jiu-Jitsu No-Gi 2017,Master2/Male/Purple/Light,1,Felipe de Almeida Gracioso,Gracie Barra
Floripa Fall International Open Jiu-Jitsu No-Gi 2017,Master2/Male/Purple/Middle,1,Renato Werlang,Scorpyon Jiu-Jitsu
Floripa Fall International Open Jiu-Jitsu No-Gi 2017,Master2/Male/Purple/Middle,2,Tiago Jun Watanabe,Barbosa JJ e MMA
Floripa Fall International Open Jiu-Jitsu No-Gi 2017,Master2/Male/Purple/Super-Heavy,1,Alessandro Cozac Tammaro  de Vale,Gracie Barra
Floripa Fall International Open Jiu-Jitsu No-Gi 2017,Master2/Male/Purple/Super-Heavy,2,Rogério  Bernardes De Souza,Gracie Barra
Floripa Fall International Open Jiu-Jitsu No-Gi 2017,Master2/Male/Purple/Ultra-Heavy,1,Olegas Orlovas,Infight JJ
Floripa Fall International Open Jiu-Jitsu No-Gi 2017,Master2/Male/Purple/Enum_WeightDivision_OpenClass_Label,1,Olegas Orlovas,Infight JJ
Floripa Fall International Open Jiu-Jitsu No-Gi 2017,Master2/Male/Purple/Enum_WeightDivision_OpenClass_Label,2,Renato Werlang,Scorpyon Jiu-Jitsu
Floripa Fall International Open Jiu-Jitsu No-Gi 2017,Master2/Male/Purple/Enum_WeightDivision_OpenClass_Label,3,Felipe de Almeida Gracioso,Gracie Barra
Floripa Fall International Open Jiu-Jitsu No-Gi 2017,Master2/Male/Purple/Enum_WeightDivision_OpenClass_Label,3,Rogério  Bernardes De Souza,Gracie Barra
Floripa Fall International Open Jiu-Jitsu No-Gi 2017,Master2/Male/Brown/Light,1,Clayton Fernandes,PSLPB Cicero Costha B
Floripa Fall International Open Jiu-Jitsu No-Gi 2017,Master2/Male/Brown/Light,2,Daniel Dirani,BARBOSA JIU-JITSU
Floripa Fall International Open Jiu-Jitsu No-Gi 2017,Master2/Male/Brown/Middle,1,Felipe Dalessandro X. Posada,Guetho Jiu Jitsu
Floripa Fall International Open Jiu-Jitsu No-Gi 2017,Master2/Male/Brown/Heavy,1,Anselmo Borges de Moraes Junior,Moemacrew BJJ
Floripa Fall International Open Jiu-Jitsu No-Gi 2017,Master2/Male/Brown/Heavy,2,Mario Muricy Silva,Ushirobira JJ
Floripa Fall International Open Jiu-Jitsu No-Gi 2017,Master2/Male/Brown/Heavy,3,Minoro de Oliveira Carvalho,Nova União
Floripa Fall International Open Jiu-Jitsu No-Gi 2017,Master2/Male/Brown/Enum_WeightDivision_OpenClass_Label,1,Mario Muricy Silva,Ushirobira JJ
Floripa Fall International Open Jiu-Jitsu No-Gi 2017,Master2/Male/Brown/Enum_WeightDivision_OpenClass_Label,2,Minoro de Oliveira Carvalho,Nova União
Floripa Fall International Open Jiu-Jitsu No-Gi 2017,Master2/Male/Brown/Enum_WeightDivision_OpenClass_Label,3,Anselmo Borges de Moraes Junior,Moemacrew BJJ
Floripa Fall International Open Jiu-Jitsu No-Gi 2017,Master2/Male/Black/Feather,1,João Rafael Rodrigues Carvalho,Zenith BJJ
Floripa Fall International Open Jiu-Jitsu No-Gi 2017,Master2/Male/Black/Feather,2,André Brumano Castro,Ribeiro Jiu-Jitsu
Floripa Fall International Open Jiu-Jitsu No-Gi 2017,Master2/Male/Black/Feather,3,Marcio Livio Andrade Abraçado,BTT
Floripa Fall International Open Jiu-Jitsu No-Gi 2017,Master2/Male/Black/Feather,3,Wellington Mariano da Silva,Nova União
Floripa Fall International Open Jiu-Jitsu No-Gi 2017,Master2/Male/Black/Light,1,Bruno Silva Souza,Flavio Teixeira Jiu-Jitsu
Floripa Fall International Open Jiu-Jitsu No-Gi 2017,Master2/Male/Black/Light,2,Eduardo Afonso da Silva Martins,PSLPB Cicero Costha B
Floripa Fall International Open Jiu-Jitsu No-Gi 2017,Master2/Male/Black/Light,3,Ricardo Giovane Machado Passos,Academia Pitbull
Floripa Fall International Open Jiu-Jitsu No-Gi 2017,Master2/Male/Black/Middle,1,Alisson Rian Barni Zanon,Nova União
Floripa Fall International Open Jiu-Jitsu No-Gi 2017,Master2/Male/Black/Middle,2,Fábio Henriques de Jesus,Gracie Humaita RJ
Floripa Fall International Open Jiu-Jitsu No-Gi 2017,Master2/Male/Black/Middle,3,Robson Rezende,Demian Maia Jiu-Jitsu
Floripa Fall International Open Jiu-Jitsu No-Gi 2017,Master2/Male/Black/Medium-Heavy,1,Francisco Rondineli Frizon,Gracie Barra
Floripa Fall International Open Jiu-Jitsu No-Gi 2017,Master2/Male/Black/Medium-Heavy,2,Guilherme Rigo Junior,G13 Jiu-Jitsu
Floripa Fall International Open Jiu-Jitsu No-Gi 2017,Master2/Male/Black/Medium-Heavy,3,Claudir José dos Santos,Barbosa JJ e MMA
Floripa Fall International Open Jiu-Jitsu No-Gi 2017,Master2/Male/Black/Heavy,1,William Gonçalves Martins,PSLPB Cicero Costha
Floripa Fall International Open Jiu-Jitsu No-Gi 2017,Master2/Male/Black/Heavy,2,Ricardo Rodrigues Vicente,Nova União
Floripa Fall International Open Jiu-Jitsu No-Gi 2017,Master2/Male/Black/Heavy,3,Marcos Odirlei Lopes Almeida,Centro de Lutas Marcos Almeida
Floripa Fall International Open Jiu-Jitsu No-Gi 2017,Master2/Male/Black/Heavy,3,Percio Gonçalves,G13 Jiu-Jitsu
Floripa Fall International Open Jiu-Jitsu No-Gi 2017,Master2/Male/Black/Super-Heavy,1,Arthur Cesar Sampaio Jacintho,GF Team
Floripa Fall International Open Jiu-Jitsu No-Gi 2017,Master2/Male/Black/Super-Heavy,2,Rafael Soares Rodrigues Ferreira,GF Team
Floripa Fall International Open Jiu-Jitsu No-Gi 2017,Master2/Male/Black/Super-Heavy,3,Leonardo Santos Ferreira,Nova União
Floripa Fall International Open Jiu-Jitsu No-Gi 2017,Master2/Male/Black/Super-Heavy,3,Uelber Marques Soares,G13 Jiu-Jitsu
Floripa Fall International Open Jiu-Jitsu No-Gi 2017,Master2/Male/Black/Ultra-Heavy,1,Edson Francisco de Paula  Junior,Atos Jiu-Jitsu
Floripa Fall International Open Jiu-Jitsu No-Gi 2017,Master2/Male/Black/Enum_WeightDivision_OpenClass_Label,1,Percio Gonçalves,G13 Jiu-Jitsu
Floripa Fall International Open Jiu-Jitsu No-Gi 2017,Master2/Male/Black/Enum_WeightDivision_OpenClass_Label,2,Uelber Marques Soares,G13 Jiu-Jitsu
Floripa Fall International Open Jiu-Jitsu No-Gi 2017,Master2/Male/Black/Enum_WeightDivision_OpenClass_Label,3,Francisco Rondineli Frizon,Gracie Barra
Floripa Fall International Open Jiu-Jitsu No-Gi 2017,Master2/Male/Black/Enum_WeightDivision_OpenClass_Label,3,Ricardo Giovane Machado Passos,Academia Pitbull
Floripa Fall International Open Jiu-Jitsu No-Gi 2017,Master3/Male/Blue/Light,1,Daniel Rodrigo Morcio Sosa,Equipe Behring Brasil
Floripa Fall International Open Jiu-Jitsu No-Gi 2017,Master3/Male/Blue/Medium-Heavy,1,Cristian Humberto Donoso Santana,Fight Sports International
Floripa Fall International Open Jiu-Jitsu No-Gi 2017,Master3/Male/Blue/Heavy,1,Alfredo Siciliani,X-Team Sports
Floripa Fall International Open Jiu-Jitsu No-Gi 2017,Master3/Male/Blue/Super-Heavy,1,Nilo Bianchini Neto,A.S Team
Floripa Fall International Open Jiu-Jitsu No-Gi 2017,Master3/Male/Blue/Ultra-Heavy,1,Sandro  Da Silva De Oliveira,Alliance
Floripa Fall International Open Jiu-Jitsu No-Gi 2017,Master3/Male/Blue/Enum_WeightDivision_OpenClass_Label,1,Sandro  Da Silva De Oliveira,Alliance
Floripa Fall International Open Jiu-Jitsu No-Gi 2017,Master3/Male/Blue/Enum_WeightDivision_OpenClass_Label,2,Daniel Rodrigo Morcio Sosa,Equipe Behring Brasil
Floripa Fall International Open Jiu-Jitsu No-Gi 2017,Master3/Male/Blue/Enum_WeightDivision_OpenClass_Label,3,Alfredo Siciliani,X-Team Sports
Floripa Fall International Open Jiu-Jitsu No-Gi 2017,Master3/Male/Purple/Feather,1,Fábio Souza,Ribeiro Jiu-Jitsu
Floripa Fall International Open Jiu-Jitsu No-Gi 2017,Master3/Male/Purple/Light,1,Rolion Grey  Clemes,Gracie Barra
Floripa Fall International Open Jiu-Jitsu No-Gi 2017,Master3/Male/Purple/Middle,1,Lidemar Augusto da Silva,Eq. Claudionor Cardoso
Floripa Fall International Open Jiu-Jitsu No-Gi 2017,Master3/Male/Purple/Enum_WeightDivision_OpenClass_Label,1,Lidemar Augusto da Silva,Eq. Claudionor Cardoso
Floripa Fall International Open Jiu-Jitsu No-Gi 2017,Master3/Male/Purple/Enum_WeightDivision_OpenClass_Label,2,Fábio Souza,Ribeiro Jiu-Jitsu
Floripa Fall International Open Jiu-Jitsu No-Gi 2017,Master3/Male/Brown/Medium-Heavy,1,Eduardo Gomes da Silva,GF Team Recreio
Floripa Fall International Open Jiu-Jitsu No-Gi 2017,Master3/Male/Brown/Enum_WeightDivision_OpenClass_Label,1,Eduardo Gomes da Silva,GF Team Recreio
Floripa Fall International Open Jiu-Jitsu No-Gi 2017,Master3/Male/Black/Middle,1,Márcio Marques Mendonça,Equipe A
Floripa Fall International Open Jiu-Jitsu No-Gi 2017,Master3/Male/Black/Middle,2,Cleber Maguerroski,Alliance
Floripa Fall International Open Jiu-Jitsu No-Gi 2017,Master3/Male/Black/Medium-Heavy,1,Alex Luiz dos Anjos Santos,Michel Maia Jiu-Jitsu - Time B
Floripa Fall International Open Jiu-Jitsu No-Gi 2017,Master3/Male/Black/Medium-Heavy,2,Marcelo Albuquerque de B. Braga,Alliance
Floripa Fall International Open Jiu-Jitsu No-Gi 2017,Master3/Male/Black/Super-Heavy,1,Raul Silva Faconti,CheckMat
Floripa Fall International Open Jiu-Jitsu No-Gi 2017,Master3/Male/Black/Super-Heavy,2,João Clebe Herrera,Lótus Club
Floripa Fall International Open Jiu-Jitsu No-Gi 2017,Master3/Male/Black/Ultra-Heavy,1,Carlos Andre de Siqueira,ASM BJJ
Floripa Fall International Open Jiu-Jitsu No-Gi 2017,Master3/Male/Black/Ultra-Heavy,2,Leonardo Augusto Martins Loureiro,GF Team
Floripa Fall International Open Jiu-Jitsu No-Gi 2017,Master3/Male/Black/Enum_WeightDivision_OpenClass_Label,1,Márcio Marques Mendonça,Equipe A
Floripa Fall International Open Jiu-Jitsu No-Gi 2017,Master3/Male/Black/Enum_WeightDivision_OpenClass_Label,2,Raul Silva Faconti,CheckMat
Floripa Fall International Open Jiu-Jitsu No-Gi 2017,Master3/Male/Black/Enum_WeightDivision_OpenClass_Label,3,Alex Luiz dos Anjos Santos,Michel Maia Jiu-Jitsu - Time B
Floripa Fall International Open Jiu-Jitsu No-Gi 2017,Master3/Male/Black/Enum_WeightDivision_OpenClass_Label,3,Cleber Maguerroski,Alliance
Floripa Fall International Open Jiu-Jitsu No-Gi 2017,Master4/Male/Purple/Ultra-Heavy,1,Marcelo Rodrigues Santos,Ribeiro Jiu-Jitsu Brasil
Floripa Fall International Open Jiu-Jitsu No-Gi 2017,Master4/Male/Purple/Enum_WeightDivision_OpenClass_Label,1,Marcelo Rodrigues Santos,Ribeiro Jiu-Jitsu Brasil
Floripa Fall International Open Jiu-Jitsu No-Gi 2017,Master4/Male/Black/Light,1,Claudionor Cardoso da Silva,Eq. Claudionor Cardoso
Floripa Fall International Open Jiu-Jitsu No-Gi 2017,Master4/Male/Black/Medium-Heavy,1,Leonardo D'Ambrosio Arounian,Gracie Barra
Floripa Fall International Open Jiu-Jitsu No-Gi 2017,Master4/Male/Black/Medium-Heavy,2,Marcelo da Silva Massafera,BTT
Floripa Fall International Open Jiu-Jitsu No-Gi 2017,Master4/Male/Black/Heavy,1,Hernandes Pereira da Silva,BARBOSA JIU-JITSU
Floripa Fall International Open Jiu-Jitsu No-Gi 2017,Master4/Male/Black/Heavy,2,Anderson Luis Alvarenga Nascimento,Competition
Floripa Fall International Open Jiu-Jitsu No-Gi 2017,Master4/Male/Black/Super-Heavy,1,Giovanni Reis,Giovanni Reis Team
Floripa Fall International Open Jiu-Jitsu No-Gi 2017,Master4/Male/Black/Ultra-Heavy,1,Cleudson Silva de O. França,BSB Jiu-Jitsu Team
Floripa Fall International Open Jiu-Jitsu No-Gi 2017,Master4/Male/Black/Enum_WeightDivision_OpenClass_Label,1,Leonardo D'Ambrosio Arounian,Gracie Barra
Floripa Fall International Open Jiu-Jitsu No-Gi 2017,Master4/Male/Black/Enum_WeightDivision_OpenClass_Label,2,Cleudson Silva de O. França,BSB Jiu-Jitsu Team
Floripa Fall International Open Jiu-Jitsu No-Gi 2017,Master4/Male/Black/Enum_WeightDivision_OpenClass_Label,3,Anderson Luis Alvarenga Nascimento,Competition
Floripa Fall International Open Jiu-Jitsu No-Gi 2017,Master4/Male/Black/Enum_WeightDivision_OpenClass_Label,3,Claudionor Cardoso da Silva,Eq. Claudionor Cardoso
Floripa Fall International Open Jiu-Jitsu No-Gi 2017,Master5/Male/Black/Ultra-Heavy,1,Willian Barbosa Siqueira,Colisão Jiu-Jitsu
Floripa Fall International Open Jiu-Jitsu No-Gi 2017,Master5/Male/Black/Ultra-Heavy,2,Hamilton R. Tank,Tozi Jiu Jitsu
Floripa Fall International Open Jiu-Jitsu No-Gi 2017,Master5/Male/Black/Enum_WeightDivision_OpenClass_Label,1,Willian Barbosa Siqueira,Colisão Jiu-Jitsu
Floripa Fall International Open Jiu-Jitsu No-Gi 2017,Master5/Male/Black/Enum_WeightDivision_OpenClass_Label,2,Hamilton R. Tank,Tozi Jiu Jitsu
Floripa Fall International Open Jiu-Jitsu No-Gi 2017,Juvenile/Male/Blue/Light-Feather,1,Kayque Estevam Xavier,Marcello C. Monteiro BJJ Coach Brasil
Floripa Fall International Open Jiu-Jitsu No-Gi 2017,Juvenile/Male/Blue/Light-Feather,2,Isaias Higino Pereira dos Santos,Nova União
Floripa Fall International Open Jiu-Jitsu No-Gi 2017,Juvenile/Male/Blue/Feather,1,Mauricio Duarte Mormille,CheckMat
Floripa Fall International Open Jiu-Jitsu No-Gi 2017,Juvenile/Male/Blue/Feather,2,Leonardo Oliveira Benvindo,Nova União
Floripa Fall International Open Jiu-Jitsu No-Gi 2017,Juvenile/Male/Blue/Feather,3,Marco Aurelio Lovato Cardoso De Oliveira,Saikoo Jiu-Jitsu
Floripa Fall International Open Jiu-Jitsu No-Gi 2017,Juvenile/Male/Blue/Light,1,Lucas Andre Galvão Protasio,ZR Team Brasil
Floripa Fall International Open Jiu-Jitsu No-Gi 2017,Juvenile/Male/Blue/Light,2,Uanderson Ferreira de Oliveira,Game Fight UK
Floripa Fall International Open Jiu-Jitsu No-Gi 2017,Juvenile/Male/Blue/Light,3,João Paulo Lopes de Moraes,Ns Brotherhood
Floripa Fall International Open Jiu-Jitsu No-Gi 2017,Juvenile/Male/Blue/Light,3,Wanderson Willian Martello,Nova União
Floripa Fall International Open Jiu-Jitsu No-Gi 2017,Juvenile/Male/Blue/Middle,1,Yuri Toledo Piza Do Nascimento,CheckMat
Floripa Fall International Open Jiu-Jitsu No-Gi 2017,Juvenile/Male/Blue/Middle,2,Gustavo Lemke dos Santos,PSLPB Cicero Costha
Floripa Fall International Open Jiu-Jitsu No-Gi 2017,Juvenile/Male/Blue/Heavy,1,Lucas Montalvão,GF Team Recreio
Floripa Fall International Open Jiu-Jitsu No-Gi 2017,Juvenile/Male/Blue/Enum_WeightDivision_OpenClass_Label,1,Lucas Andre Galvão Protasio,ZR Team Brasil
Floripa Fall International Open Jiu-Jitsu No-Gi 2017,Juvenile/Male/Blue/Enum_WeightDivision_OpenClass_Label,2,Isaias Higino Pereira dos Santos,Nova União
Floripa Fall International Open Jiu-Jitsu No-Gi 2017,Juvenile/Male/Blue/Enum_WeightDivision_OpenClass_Label,3,João Paulo Lopes de Moraes,Ns Brotherhood
Floripa Fall International Open Jiu-Jitsu No-Gi 2017,Juvenile/Male/Blue/Enum_WeightDivision_OpenClass_Label,3,Kayque Estevam Xavier,Marcello C. Monteiro BJJ Coach Brasil
Floripa Fall International Open Jiu-Jitsu No-Gi 2017,Juvenile/Male/Blue/Enum_WeightDivision_OpenClass_Label,1,Lucas Montalvão,GF Team Recreio
Floripa Fall International Open Jiu-Jitsu No-Gi 2017,Juvenile/Male/Blue/Enum_WeightDivision_OpenClass_Label,2,Yuri Toledo Piza Do Nascimento,CheckMat
Floripa Fall International Open Jiu-Jitsu No-Gi 2017,Juvenile/Female/Blue/Light,1,Quézia Trentini,Gracie Barra
Floripa Fall International Open Jiu-Jitsu No-Gi 2017,Juvenile/Female/Blue/Middle,1,Bárbara Blanchart O. Gonçalves,Team Moraes
Floripa Fall International Open Jiu-Jitsu No-Gi 2017,Juvenile/Female/Blue/Medium-Heavy,1,Mayara de Ramos Ribeiro,014RBJJ
Floripa Fall International Open Jiu-Jitsu No-Gi 2017,Juvenile/Female/Blue/Super-Heavy,1,Nicole Victoria Marques,GF Team
Floripa Fall International Open Jiu-Jitsu No-Gi 2017,Juvenile/Female/Blue/Enum_WeightDivision_OpenClass_Label,1,Quézia Trentini,Gracie Barra
Floripa Fall International Open Jiu-Jitsu No-Gi 2017,Juvenile/Female/Blue/Enum_WeightDivision_OpenClass_Label,1,Mayara de Ramos Ribeiro,014RBJJ
Floripa Fall International Open Jiu-Jitsu No-Gi 2017,Juvenile/Female/Blue/Enum_WeightDivision_OpenClass_Label,2,Bárbara Blanchart O. Gonçalves,Team Moraes
