Chicago Summer International Open Jiu-Jitsu No-Gi 2016,Juvenile/Male/Blue/Feather,1,Alexander Howell Salas,Carlson Gracie Team
Chicago Summer International Open Jiu-Jitsu No-Gi 2016,Juvenile/Male/Blue/Light,1,Petar Djuric,Carlson Gracie Team
Chicago Summer International Open Jiu-Jitsu No-Gi 2016,Juvenile/Male/Blue/Middle,1,Jonathan Dee Wang,Brasa
Chicago Summer International Open Jiu-Jitsu No-Gi 2016,Adult/Male/Blue/Light-Feather,1,Tyler Damiani,Soul Fighter's Chicago - IL - USA
Chicago Summer International Open Jiu-Jitsu No-Gi 2016,Adult/Male/Blue/Light-Feather,2,Yue Wang,GF Team
Chicago Summer International Open Jiu-Jitsu No-Gi 2016,Adult/Male/Blue/Light-Feather,3,Scott Davidson,Marcus Soares Academy
Chicago Summer International Open Jiu-Jitsu No-Gi 2016,Adult/Male/Blue/Feather,1,Justin Flemens,Incognito BJJ
Chicago Summer International Open Jiu-Jitsu No-Gi 2016,Adult/Male/Blue/Feather,2,Corey Meeks,GF Team
Chicago Summer International Open Jiu-Jitsu No-Gi 2016,Adult/Male/Blue/Feather,3,Alexander Salas,Brasa / CTA / RT
Chicago Summer International Open Jiu-Jitsu No-Gi 2016,Adult/Male/Blue/Feather,3,Franklin Baker,Marcello C Monteiro Brazilian Jiu Jitsu Academy
Chicago Summer International Open Jiu-Jitsu No-Gi 2016,Adult/Male/Blue/Light,1,Nate Fenton,Carlson Gracie Team
Chicago Summer International Open Jiu-Jitsu No-Gi 2016,Adult/Male/Blue/Light,2,Matthew Halverson,Pedro Sauer Team
Chicago Summer International Open Jiu-Jitsu No-Gi 2016,Adult/Male/Blue/Light,3,Garrett Ross,RCJ Machado
Chicago Summer International Open Jiu-Jitsu No-Gi 2016,Adult/Male/Blue/Light,3,Joseph  Nannoshi,Warrior Way
Chicago Summer International Open Jiu-Jitsu No-Gi 2016,Adult/Male/Blue/Middle,1,Brandon  McNees,Combat Base
Chicago Summer International Open Jiu-Jitsu No-Gi 2016,Adult/Male/Blue/Middle,2,Alan  Sanchez Perez,10th Planet Jiu Jitsu
Chicago Summer International Open Jiu-Jitsu No-Gi 2016,Adult/Male/Blue/Middle,3,Chris Wojcik,McVicker's BJJ
Chicago Summer International Open Jiu-Jitsu No-Gi 2016,Adult/Male/Blue/Middle,3,Daniel Marc Calvert,Prime Jiu-Jitsu Center
Chicago Summer International Open Jiu-Jitsu No-Gi 2016,Adult/Male/Blue/Medium-Heavy,1,Brad Schneider,Relson Gracie
Chicago Summer International Open Jiu-Jitsu No-Gi 2016,Adult/Male/Blue/Medium-Heavy,2,Coleman Maher,Gracie Fighter
Chicago Summer International Open Jiu-Jitsu No-Gi 2016,Adult/Male/Blue/Medium-Heavy,3,Michael Santarsieri,Gracie Humaita Winnipeg
Chicago Summer International Open Jiu-Jitsu No-Gi 2016,Adult/Male/Blue/Medium-Heavy,3,Paul   Okeyo,Carlson Gracie Team
Chicago Summer International Open Jiu-Jitsu No-Gi 2016,Adult/Male/Blue/Heavy,1,Luke Elders,Cavalo Team
Chicago Summer International Open Jiu-Jitsu No-Gi 2016,Adult/Male/Blue/Heavy,2,Brandon Karcher,Pedigo Submission Fighting
Chicago Summer International Open Jiu-Jitsu No-Gi 2016,Adult/Male/Blue/Heavy,3,Jonathan Rada,Carlson Gracie Team
Chicago Summer International Open Jiu-Jitsu No-Gi 2016,Adult/Male/Blue/Heavy,3,Nathaniel Pena,Uflacker Academy
Chicago Summer International Open Jiu-Jitsu No-Gi 2016,Adult/Male/Blue/Super-Heavy,1,David Kocisko,Brasa Warrior International
Chicago Summer International Open Jiu-Jitsu No-Gi 2016,Adult/Male/Blue/Super-Heavy,2,Joe Hacken,Brasa CTA
Chicago Summer International Open Jiu-Jitsu No-Gi 2016,Adult/Male/Blue/Super-Heavy,3,Christian Rivera,Demian Maia Jiu-Jitsu USA
Chicago Summer International Open Jiu-Jitsu No-Gi 2016,Adult/Male/Blue/Ultra-Heavy,1,Eric Huebner,Watson Martial Arts
Chicago Summer International Open Jiu-Jitsu No-Gi 2016,Adult/Male/Blue/Ultra-Heavy,2,Austin Snyder,Team Royce Gracie
Chicago Summer International Open Jiu-Jitsu No-Gi 2016,Adult/Male/Blue/Ultra-Heavy,3,Michael Cashman,Gracie Barra
Chicago Summer International Open Jiu-Jitsu No-Gi 2016,Adult/Male/Blue/OpenClass,1,Brad Schneider,Relson Gracie
Chicago Summer International Open Jiu-Jitsu No-Gi 2016,Adult/Male/Blue/OpenClass,2,Matthew Halverson,Pedro Sauer Team
Chicago Summer International Open Jiu-Jitsu No-Gi 2016,Adult/Male/Blue/OpenClass,3,Franklin Baker,Marcello C Monteiro Brazilian Jiu Jitsu Academy
Chicago Summer International Open Jiu-Jitsu No-Gi 2016,Adult/Male/Blue/OpenClass,3,Nathaniel Pena,Uflacker Academy
Chicago Summer International Open Jiu-Jitsu No-Gi 2016,Adult/Female/Blue/Light-Feather,1,Jessica Foote,McVicker's BJJ
Chicago Summer International Open Jiu-Jitsu No-Gi 2016,Adult/Female/Blue/Light-Feather,2,Michelle Donovan,CheckMat
Chicago Summer International Open Jiu-Jitsu No-Gi 2016,Adult/Female/Blue/Light-Feather,3,Angelina De Luca,Zenith BJJ
Chicago Summer International Open Jiu-Jitsu No-Gi 2016,Adult/Female/Blue/Light-Feather,3,Sarah Ankofski,RCJ Machado
Chicago Summer International Open Jiu-Jitsu No-Gi 2016,Adult/Female/Blue/Feather,1,Martiece Thompson,Relson Gracie
Chicago Summer International Open Jiu-Jitsu No-Gi 2016,Adult/Female/Blue/Feather,2,Emma Louise Chamberlain,Carlson Gracie Team
Chicago Summer International Open Jiu-Jitsu No-Gi 2016,Adult/Female/Blue/Feather,3,Michele Goulet,Gracie Humaita Winnipeg
Chicago Summer International Open Jiu-Jitsu No-Gi 2016,Adult/Female/Blue/Feather,3,Rose Miyatsu,Watson Martial Arts
Chicago Summer International Open Jiu-Jitsu No-Gi 2016,Adult/Female/Blue/Light,1,Nicole Haley,10th Planet Jiu Jitsu
Chicago Summer International Open Jiu-Jitsu No-Gi 2016,Adult/Female/Blue/Light,2,Celeste Posada,LCCT - Combat Team
Chicago Summer International Open Jiu-Jitsu No-Gi 2016,Adult/Female/Blue/Middle,1,Heidi Joy Reiter,CheckMat
Chicago Summer International Open Jiu-Jitsu No-Gi 2016,Adult/Female/Blue/Middle,2,Rachel Allar,Carlson Gracie Team
Chicago Summer International Open Jiu-Jitsu No-Gi 2016,Adult/Female/Blue/Middle,3,Darla Sedlacek,Carlson Gracie Team
Chicago Summer International Open Jiu-Jitsu No-Gi 2016,Adult/Female/Blue/Middle,3,Michelle Guzman,Gracie Barra
Chicago Summer International Open Jiu-Jitsu No-Gi 2016,Adult/Female/Blue/Medium-Heavy,1,Mary Niedrauer,Atos Jiu-Jitsu
Chicago Summer International Open Jiu-Jitsu No-Gi 2016,Adult/Female/Blue/Medium-Heavy,2,Saleena  Ziadeh,Bonsai JJ - USA
Chicago Summer International Open Jiu-Jitsu No-Gi 2016,Adult/Female/Blue/Medium-Heavy,3,Erin Rogalski,Carlson Gracie Team
Chicago Summer International Open Jiu-Jitsu No-Gi 2016,Adult/Female/Blue/Medium-Heavy,3,Samantha Hall,Gracie Barra
Chicago Summer International Open Jiu-Jitsu No-Gi 2016,Adult/Female/Blue/Heavy,1,Sheri Abbott,Brasa Warrior International
Chicago Summer International Open Jiu-Jitsu No-Gi 2016,Adult/Female/Blue/Heavy,2,Maxine Knetter,Alliance
Chicago Summer International Open Jiu-Jitsu No-Gi 2016,Adult/Female/Blue/Heavy,3,Giselle Villasenor,Brasa
Chicago Summer International Open Jiu-Jitsu No-Gi 2016,Adult/Female/Blue/Super-Heavy,1,Cecelie Hector,Team Ganbaru
Chicago Summer International Open Jiu-Jitsu No-Gi 2016,Adult/Female/Blue/Super-Heavy,2,Sandra Damiani,Soul Fighter's Chicago - IL - USA
Chicago Summer International Open Jiu-Jitsu No-Gi 2016,Adult/Female/Blue/OpenClass,1,Mary Niedrauer,Atos Jiu-Jitsu
Chicago Summer International Open Jiu-Jitsu No-Gi 2016,Adult/Female/Blue/OpenClass,2,Giselle Villasenor,Brasa
Chicago Summer International Open Jiu-Jitsu No-Gi 2016,Adult/Female/Blue/OpenClass,3,Maxine Knetter,Alliance
Chicago Summer International Open Jiu-Jitsu No-Gi 2016,Adult/Female/Blue/OpenClass,3,Saleena  Ziadeh,Bonsai JJ - USA
Chicago Summer International Open Jiu-Jitsu No-Gi 2016,Adult/Male/Purple/Light-Feather,1,Francisco Jonas Borges Andrade,PSLPB Cicero Costha
Chicago Summer International Open Jiu-Jitsu No-Gi 2016,Adult/Male/Purple/Light-Feather,2,Marcus Beddor,Pedro Sauer Team
Chicago Summer International Open Jiu-Jitsu No-Gi 2016,Adult/Male/Purple/Feather,1,Max Pascale,Brasa CTA
Chicago Summer International Open Jiu-Jitsu No-Gi 2016,Adult/Male/Purple/Feather,3,Edwin Ocasio,Unity Jiu-jitsu
Chicago Summer International Open Jiu-Jitsu No-Gi 2016,Adult/Male/Purple/Feather,3,Nathan Cooper,Gracie Barra
Chicago Summer International Open Jiu-Jitsu No-Gi 2016,Adult/Male/Purple/Light,1,Marlen Lima Lamas,Team Link
Chicago Summer International Open Jiu-Jitsu No-Gi 2016,Adult/Male/Purple/Light,2,Josh Costell,Brasa / CTA / RT
Chicago Summer International Open Jiu-Jitsu No-Gi 2016,Adult/Male/Purple/Light,3,Aaron Brooks,Carlson Gracie Team
Chicago Summer International Open Jiu-Jitsu No-Gi 2016,Adult/Male/Purple/Middle,1,Charles Radtke,LCCT - Combat Team
Chicago Summer International Open Jiu-Jitsu No-Gi 2016,Adult/Male/Purple/Middle,2,Dylan C. Whyte,Checkmat New York
Chicago Summer International Open Jiu-Jitsu No-Gi 2016,Adult/Male/Purple/Middle,3,Jared Tyler Hope,Soul Fighter's Chicago - IL - USA
Chicago Summer International Open Jiu-Jitsu No-Gi 2016,Adult/Male/Purple/Middle,3,Joseph Thrasher,Brasa
Chicago Summer International Open Jiu-Jitsu No-Gi 2016,Adult/Male/Purple/Medium-Heavy,1,James Mogollon,American Top Team
Chicago Summer International Open Jiu-Jitsu No-Gi 2016,Adult/Male/Purple/Medium-Heavy,2,Eric Cannon,New Breed Academy
Chicago Summer International Open Jiu-Jitsu No-Gi 2016,Adult/Male/Purple/Heavy,1,Devhonte M. Johnson,Unity Jiu-jitsu
Chicago Summer International Open Jiu-Jitsu No-Gi 2016,Adult/Male/Purple/Heavy,2,John-Dylan Romann,Alliance
Chicago Summer International Open Jiu-Jitsu No-Gi 2016,Adult/Male/Purple/Heavy,3,Michael James Roberts,Brasa
Chicago Summer International Open Jiu-Jitsu No-Gi 2016,Adult/Male/Purple/Ultra-Heavy,1,Michael Rhodes,Carlson Gracie Team
Chicago Summer International Open Jiu-Jitsu No-Gi 2016,Adult/Male/Purple/Ultra-Heavy,2,Michael Godfread,The Jiu-Jitsu Academy
Chicago Summer International Open Jiu-Jitsu No-Gi 2016,Adult/Male/Purple/OpenClass,1,Devhonte M. Johnson,Unity Jiu-jitsu
Chicago Summer International Open Jiu-Jitsu No-Gi 2016,Adult/Male/Purple/OpenClass,2,Michael James Roberts,Brasa
Chicago Summer International Open Jiu-Jitsu No-Gi 2016,Adult/Male/Purple/OpenClass,3,Charles Radtke,LCCT - Combat Team
Chicago Summer International Open Jiu-Jitsu No-Gi 2016,Adult/Male/Purple/OpenClass,3,Josh Costell,Brasa / CTA / RT
Chicago Summer International Open Jiu-Jitsu No-Gi 2016,Adult/Female/Purple/Feather,1,Crystal Vanessa Demopoulos,GF Team
Chicago Summer International Open Jiu-Jitsu No-Gi 2016,Adult/Female/Purple/Feather,2,Sarah Stump,GF Team
Chicago Summer International Open Jiu-Jitsu No-Gi 2016,Adult/Female/Purple/Light,1,Taylor Biagi,Bonsai JJ - USA
Chicago Summer International Open Jiu-Jitsu No-Gi 2016,Adult/Female/Purple/Light,2,Morgan Leigh Black,Prime Jiu-Jitsu Center
Chicago Summer International Open Jiu-Jitsu No-Gi 2016,Adult/Female/Purple/Light,3,Dania Obeid,Brasa
Chicago Summer International Open Jiu-Jitsu No-Gi 2016,Adult/Female/Purple/Light,3,Elizabeth  Curtis,RCJ Machado
Chicago Summer International Open Jiu-Jitsu No-Gi 2016,Adult/Female/Purple/Middle,1,Claire North,Bonsai JJ - USA
Chicago Summer International Open Jiu-Jitsu No-Gi 2016,Adult/Female/Purple/Middle,2,Nicole Sullivan,Indiana Brazilian Jiu-Jitsu Academy
Chicago Summer International Open Jiu-Jitsu No-Gi 2016,Adult/Female/Purple/Medium-Heavy,1,Shakia Harris,Team 1 BJJ
Chicago Summer International Open Jiu-Jitsu No-Gi 2016,Adult/Female/Purple/Medium-Heavy,2,Amber Kamischke,Brasa CTA
Chicago Summer International Open Jiu-Jitsu No-Gi 2016,Adult/Female/Purple/Super-Heavy,1,Melissa Maine,Brasa CTA
Chicago Summer International Open Jiu-Jitsu No-Gi 2016,Adult/Female/Purple/OpenClass,1,Shakia Harris,Team 1 BJJ
Chicago Summer International Open Jiu-Jitsu No-Gi 2016,Adult/Female/Purple/OpenClass,2,Nicole Sullivan,Indiana Brazilian Jiu-Jitsu Academy
Chicago Summer International Open Jiu-Jitsu No-Gi 2016,Adult/Female/Purple/OpenClass,3,Melissa Maine,Brasa CTA
Chicago Summer International Open Jiu-Jitsu No-Gi 2016,Adult/Female/Purple/OpenClass,3,Taylor Biagi,Bonsai JJ - USA
Chicago Summer International Open Jiu-Jitsu No-Gi 2016,Adult/Male/Brown/Feather,1,Brandon Woodly Walensky,Clark Gracie Jiu Jitsu Academy
Chicago Summer International Open Jiu-Jitsu No-Gi 2016,Adult/Male/Brown/Feather,2,Johnson Clay Telford,Team Royce Gracie
Chicago Summer International Open Jiu-Jitsu No-Gi 2016,Adult/Male/Brown/Feather,3,Joseph Alan Cearlock,Gracie Barra
Chicago Summer International Open Jiu-Jitsu No-Gi 2016,Adult/Male/Brown/Light,1,Silvio Duran de Barros Saraiva,Vitor Shaolin BJJ
Chicago Summer International Open Jiu-Jitsu No-Gi 2016,Adult/Male/Brown/Light,2,Alexandre Faria Molinaro,Carlson Gracie Team
Chicago Summer International Open Jiu-Jitsu No-Gi 2016,Adult/Male/Brown/Light,3,Anthony Wong,Caique Jiu-Jitsu
Chicago Summer International Open Jiu-Jitsu No-Gi 2016,Adult/Male/Brown/Light,3,Eric Boleaga,Soul Fighter's Chicago - IL - USA
Chicago Summer International Open Jiu-Jitsu No-Gi 2016,Adult/Male/Brown/Middle,1,Dante Leon,GF Team
Chicago Summer International Open Jiu-Jitsu No-Gi 2016,Adult/Male/Brown/Middle,2,Brandon Scott Bergeron,Pedro Sauer Team
Chicago Summer International Open Jiu-Jitsu No-Gi 2016,Adult/Male/Brown/Middle,3,Kauan Argimon Barboza,Carlson Gracie Team
Chicago Summer International Open Jiu-Jitsu No-Gi 2016,Adult/Male/Brown/Medium-Heavy,1,Matthew W Leighton,Bonsai JJ - USA
Chicago Summer International Open Jiu-Jitsu No-Gi 2016,Adult/Male/Brown/Medium-Heavy,2,Joshua S. McKinney,Watson Martial Arts
Chicago Summer International Open Jiu-Jitsu No-Gi 2016,Adult/Male/Brown/Medium-Heavy,3,Joseph Nelson Hooker,Valko BJJ
Chicago Summer International Open Jiu-Jitsu No-Gi 2016,Adult/Male/Brown/Heavy,1,Carlos A Regalado,Brazil 021 International
Chicago Summer International Open Jiu-Jitsu No-Gi 2016,Adult/Male/Brown/Heavy,2,Joshua Cadenbach,Gracie Barra
Chicago Summer International Open Jiu-Jitsu No-Gi 2016,Adult/Male/Brown/Heavy,3,Adam Maslach,Uflacker Academy
Chicago Summer International Open Jiu-Jitsu No-Gi 2016,Adult/Male/Brown/Heavy,3,Samuel Robert Ferguson,Carlson Gracie Team
Chicago Summer International Open Jiu-Jitsu No-Gi 2016,Adult/Male/Brown/Super-Heavy,1,Alexandre Bueno de Oliveira,GF Team
Chicago Summer International Open Jiu-Jitsu No-Gi 2016,Adult/Male/Brown/Ultra-Heavy,1,Matthew D Garber,Brasa / CTA / RT
Chicago Summer International Open Jiu-Jitsu No-Gi 2016,Adult/Male/Brown/Ultra-Heavy,2,Brent Richard Greene,CheckMat
Chicago Summer International Open Jiu-Jitsu No-Gi 2016,Adult/Male/Brown/OpenClass,1,Dante Leon,GF Team
Chicago Summer International Open Jiu-Jitsu No-Gi 2016,Adult/Male/Brown/OpenClass,2,Alexandre Bueno de Oliveira,GF Team
Chicago Summer International Open Jiu-Jitsu No-Gi 2016,Adult/Male/Brown/OpenClass,3,Brandon Scott Bergeron,Pedro Sauer Team
Chicago Summer International Open Jiu-Jitsu No-Gi 2016,Adult/Male/Brown/OpenClass,3,Matthew D Garber,Brasa / CTA / RT
Chicago Summer International Open Jiu-Jitsu No-Gi 2016,Adult/Female/Brown/Light,1,Marcia Cristina Carvalho,Gracie Barra
Chicago Summer International Open Jiu-Jitsu No-Gi 2016,Adult/Male/Black/Feather,1,João Ricardo Bordignon Miyao,PSLPB Cicero Costha
Chicago Summer International Open Jiu-Jitsu No-Gi 2016,Adult/Male/Black/Feather,2,Bruce Guevara,Uflacker Academy
Chicago Summer International Open Jiu-Jitsu No-Gi 2016,Adult/Male/Black/Feather,3,Benjamin James Pitchford,Marcello C Monteiro Brazilian Jiu Jitsu Academy
Chicago Summer International Open Jiu-Jitsu No-Gi 2016,Adult/Male/Black/Feather,3,Mayko de Araujo Girotto Borges,CheckMat
Chicago Summer International Open Jiu-Jitsu No-Gi 2016,Adult/Male/Black/Light,1,Jeffrey Timothy Cummings,Alliance
Chicago Summer International Open Jiu-Jitsu No-Gi 2016,Adult/Male/Black/Middle,1,Lucas Benévolo Valle,Infight Jiu-Jitsu
Chicago Summer International Open Jiu-Jitsu No-Gi 2016,Adult/Male/Black/Middle,2,Robby Malof,GF Team
Chicago Summer International Open Jiu-Jitsu No-Gi 2016,Adult/Male/Black/Medium-Heavy,1,Joshua Roy Hinger,Atos Jiu-Jitsu
Chicago Summer International Open Jiu-Jitsu No-Gi 2016,Adult/Male/Black/Medium-Heavy,2,Lucas Daniel Silva Barbosa,Atos JJ Rio Claro
Chicago Summer International Open Jiu-Jitsu No-Gi 2016,Adult/Male/Black/Medium-Heavy,3,Benjamin L Sheaffer,Marcello C Monteiro Brazilian Jiu Jitsu Academy
Chicago Summer International Open Jiu-Jitsu No-Gi 2016,Adult/Male/Black/Heavy,1,John B Gutta,Bonsai JJ - USA
Chicago Summer International Open Jiu-Jitsu No-Gi 2016,Adult/Male/Black/Heavy,2,Gerrad F. Zec,Gracie Barra
Chicago Summer International Open Jiu-Jitsu No-Gi 2016,Adult/Male/Black/Ultra-Heavy,1,Kauê Vitorino Damasceno,Nova União
Chicago Summer International Open Jiu-Jitsu No-Gi 2016,Adult/Male/Black/Ultra-Heavy,2,Bruce James Hoyer,Brasa
Chicago Summer International Open Jiu-Jitsu No-Gi 2016,Adult/Male/Black/OpenClass,1,Lucas Daniel Silva Barbosa,Atos JJ Rio Claro
Chicago Summer International Open Jiu-Jitsu No-Gi 2016,Adult/Male/Black/OpenClass,2,Joshua Roy Hinger,Atos Jiu-Jitsu
Chicago Summer International Open Jiu-Jitsu No-Gi 2016,Adult/Male/Black/OpenClass,3,John B Gutta,Bonsai JJ - USA
Chicago Summer International Open Jiu-Jitsu No-Gi 2016,Adult/Male/Black/OpenClass,3,Mayko de Araujo Girotto Borges,CheckMat
Chicago Summer International Open Jiu-Jitsu No-Gi 2016,Master1/Male/Blue/Feather,1,David Brown,Brasa
Chicago Summer International Open Jiu-Jitsu No-Gi 2016,Master1/Male/Blue/Feather,2,Francis de la Vega,Brasa
Chicago Summer International Open Jiu-Jitsu No-Gi 2016,Master1/Male/Blue/Light,1,Tommy Cho,Uflacker Academy
Chicago Summer International Open Jiu-Jitsu No-Gi 2016,Master1/Male/Blue/Light,2,Paul Do,Brazil 021 International
Chicago Summer International Open Jiu-Jitsu No-Gi 2016,Master1/Male/Blue/Light,3,Quentin Park,Carlson Gracie
Chicago Summer International Open Jiu-Jitsu No-Gi 2016,Master1/Male/Blue/Middle,1,Jason Newland,Gracie Barra
Chicago Summer International Open Jiu-Jitsu No-Gi 2016,Master1/Male/Blue/Middle,2,Michael Realmuto,Alliance
Chicago Summer International Open Jiu-Jitsu No-Gi 2016,Master1/Male/Blue/Middle,3,Alexey Iskhakov,Mike Moses' Competition Team
Chicago Summer International Open Jiu-Jitsu No-Gi 2016,Master1/Male/Blue/Middle,3,John Francis,Valko BJJ
Chicago Summer International Open Jiu-Jitsu No-Gi 2016,Master1/Male/Blue/Medium-Heavy,1,Oscar  Garcia,Carlson Gracie Team
Chicago Summer International Open Jiu-Jitsu No-Gi 2016,Master1/Male/Blue/Medium-Heavy,2,Richard Justin Arrezzio,Gracie Barra
Chicago Summer International Open Jiu-Jitsu No-Gi 2016,Master1/Male/Blue/Medium-Heavy,3,James Michael,Valko BJJ
Chicago Summer International Open Jiu-Jitsu No-Gi 2016,Master1/Male/Blue/Medium-Heavy,3,Ryan Owens,Valko BJJ
Chicago Summer International Open Jiu-Jitsu No-Gi 2016,Master1/Male/Blue/Heavy,1,Jeff Schieber,Team Redzovic
Chicago Summer International Open Jiu-Jitsu No-Gi 2016,Master1/Male/Blue/Heavy,2,Dan Ruzicka,Bonsai JJ - USA
Chicago Summer International Open Jiu-Jitsu No-Gi 2016,Master1/Male/Blue/Super-Heavy,1,Ryan Beyers,Indiana Brazilian Jiu-Jitsu Academy
Chicago Summer International Open Jiu-Jitsu No-Gi 2016,Master1/Male/Blue/Ultra-Heavy,1,Patrick Dutton,GF Team
Chicago Summer International Open Jiu-Jitsu No-Gi 2016,Master1/Male/Blue/Ultra-Heavy,2,MATTHEW RABINE,Brasa
Chicago Summer International Open Jiu-Jitsu No-Gi 2016,Master1/Male/Blue/Ultra-Heavy,3,Ray Paschen,Brasa CTA
Chicago Summer International Open Jiu-Jitsu No-Gi 2016,Master1/Male/Blue/Ultra-Heavy,3,Rob A. Warner,Gracie Barra
Chicago Summer International Open Jiu-Jitsu No-Gi 2016,Master1/Male/Blue/OpenClass,1,Ryan Beyers,Indiana Brazilian Jiu-Jitsu Academy
Chicago Summer International Open Jiu-Jitsu No-Gi 2016,Master1/Male/Blue/OpenClass,2,David Brown,Brasa
Chicago Summer International Open Jiu-Jitsu No-Gi 2016,Master1/Male/Purple/Light-Feather,1,Chad Hawkins,Pedigo Submission Fighting
Chicago Summer International Open Jiu-Jitsu No-Gi 2016,Master1/Male/Purple/Feather,1,Chris  Hanson,Gracie Barra
Chicago Summer International Open Jiu-Jitsu No-Gi 2016,Master1/Male/Purple/Light,1,Danny Kou,Brazil 021 International
Chicago Summer International Open Jiu-Jitsu No-Gi 2016,Master1/Male/Purple/Light,2,Ryan Morrow,Gracie Barra
Chicago Summer International Open Jiu-Jitsu No-Gi 2016,Master1/Male/Purple/Light,3,Joshua Rogers,Soul Fighter's Chicago - IL - USA
Chicago Summer International Open Jiu-Jitsu No-Gi 2016,Master1/Male/Purple/Light,3,William Novak,Uflacker Academy
Chicago Summer International Open Jiu-Jitsu No-Gi 2016,Master1/Male/Purple/Middle,1,Jeff Tardiff,Brasa
Chicago Summer International Open Jiu-Jitsu No-Gi 2016,Master1/Male/Purple/Middle,2,Owen Brickell,Zenith BJJ
Chicago Summer International Open Jiu-Jitsu No-Gi 2016,Master1/Male/Purple/Middle,3,John Brooks,Demian Maia Jiu-Jitsu
Chicago Summer International Open Jiu-Jitsu No-Gi 2016,Master1/Male/Purple/Medium-Heavy,1,Carlos Feliciano,Carlson Gracie Team
Chicago Summer International Open Jiu-Jitsu No-Gi 2016,Master1/Male/Purple/Medium-Heavy,2,Steve Benos,Valko BJJ
Chicago Summer International Open Jiu-Jitsu No-Gi 2016,Master1/Male/Purple/Medium-Heavy,3,Anthony Fox,Valko BJJ
Chicago Summer International Open Jiu-Jitsu No-Gi 2016,Master1/Male/Purple/Medium-Heavy,3,Joshua Quiles,Carlson Gracie Team
Chicago Summer International Open Jiu-Jitsu No-Gi 2016,Master1/Male/Purple/Super-Heavy,1,Grant Nidey,Bonsai JJ - USA
Chicago Summer International Open Jiu-Jitsu No-Gi 2016,Master1/Male/Purple/Super-Heavy,2,Michael Massey,Alliance
Chicago Summer International Open Jiu-Jitsu No-Gi 2016,Master1/Male/Purple/Super-Heavy,3,Roberto Ramirez,Indiana Brazilian Jiu-Jitsu Academy
Chicago Summer International Open Jiu-Jitsu No-Gi 2016,Master1/Male/Purple/OpenClass,1,Chad Hawkins,Pedigo Submission Fighting
Chicago Summer International Open Jiu-Jitsu No-Gi 2016,Master1/Male/Purple/OpenClass,2,John Brooks,Demian Maia Jiu-Jitsu
Chicago Summer International Open Jiu-Jitsu No-Gi 2016,Master1/Male/Purple/OpenClass,3,Grant Nidey,Bonsai JJ - USA
Chicago Summer International Open Jiu-Jitsu No-Gi 2016,Master1/Male/Brown/Feather,1,Monta Lamor Wiley,Ribeiro Jiu-Jitsu
Chicago Summer International Open Jiu-Jitsu No-Gi 2016,Master1/Male/Brown/Feather,2,Brandon Christopher Reilly,Alliance
Chicago Summer International Open Jiu-Jitsu No-Gi 2016,Master1/Male/Brown/Feather,3,Christian O. Reynoso,Valko BJJ
Chicago Summer International Open Jiu-Jitsu No-Gi 2016,Master1/Male/Brown/Middle,1,Travis Hardee,Carlson Gracie Team
Chicago Summer International Open Jiu-Jitsu No-Gi 2016,Master1/Male/Brown/Middle,2,Keith D. Loudenber,Marcello C Monteiro Brazilian Jiu Jitsu Academy
Chicago Summer International Open Jiu-Jitsu No-Gi 2016,Master1/Male/Brown/Middle,3,Philip A. Barone,Brasa
Chicago Summer International Open Jiu-Jitsu No-Gi 2016,Master1/Male/Brown/Medium-Heavy,1,Deryck Ripley,Carlson Gracie Team
Chicago Summer International Open Jiu-Jitsu No-Gi 2016,Master1/Male/Brown/Medium-Heavy,2,Anthony L. Byrd,BJJ Lifestyle Academy
Chicago Summer International Open Jiu-Jitsu No-Gi 2016,Master1/Male/Brown/Medium-Heavy,3,Kyle T. Allen,McVicker's Brazilian Jiu Jitsu
Chicago Summer International Open Jiu-Jitsu No-Gi 2016,Master1/Male/Brown/Medium-Heavy,3,Lawrence C. Dunning,Valko BJJ
Chicago Summer International Open Jiu-Jitsu No-Gi 2016,Master1/Male/Brown/Heavy,1,Brett Rix,Caique Jiu-Jitsu
Chicago Summer International Open Jiu-Jitsu No-Gi 2016,Master1/Male/Brown/Super-Heavy,1,Nathan Kleinfeld,GF Team
Chicago Summer International Open Jiu-Jitsu No-Gi 2016,Master1/Male/Brown/Super-Heavy,2,Jonathan E. Lane,McVicker's BJJ
Chicago Summer International Open Jiu-Jitsu No-Gi 2016,Master1/Male/Brown/Super-Heavy,3,Clinton A. Radovich,Carlson Gracie Team
Chicago Summer International Open Jiu-Jitsu No-Gi 2016,Master1/Male/Brown/Super-Heavy,3,Matthew B. Moretz,Team Royce Gracie
Chicago Summer International Open Jiu-Jitsu No-Gi 2016,Master1/Male/Brown/OpenClass,1,Clinton A. Radovich,Carlson Gracie Team
Chicago Summer International Open Jiu-Jitsu No-Gi 2016,Master1/Male/Brown/OpenClass,2,Lawrence C. Dunning,Valko BJJ
Chicago Summer International Open Jiu-Jitsu No-Gi 2016,Master1/Male/Brown/OpenClass,3,Keith D. Loudenber,Marcello C Monteiro Brazilian Jiu Jitsu Academy
Chicago Summer International Open Jiu-Jitsu No-Gi 2016,Master1/Male/Black/Feather,1,José Luis dos Santos Varella,GF Team
Chicago Summer International Open Jiu-Jitsu No-Gi 2016,Master1/Male/Black/Feather,2,Anthony Joseph Ferro,Uflacker Academy
Chicago Summer International Open Jiu-Jitsu No-Gi 2016,Master1/Male/Black/Feather,3,Rafael Jovet-Ramos,Gracie Barra
Chicago Summer International Open Jiu-Jitsu No-Gi 2016,Master1/Male/Black/Light,1,Daniel Rodriguez,Atos JJ USA
Chicago Summer International Open Jiu-Jitsu No-Gi 2016,Master1/Male/Black/Light,2,Eduardo Tadeo Salazar Tapia,Brasa
Chicago Summer International Open Jiu-Jitsu No-Gi 2016,Master1/Male/Black/Middle,1,Francisco Ramos Mendes Neto,CheckMat
Chicago Summer International Open Jiu-Jitsu No-Gi 2016,Master1/Male/Black/Middle,2,Alexander Vamos,Renzo Gracie Academy
Chicago Summer International Open Jiu-Jitsu No-Gi 2016,Master1/Male/Black/Middle,3,Joshua William Webb,McVicker's BJJ
Chicago Summer International Open Jiu-Jitsu No-Gi 2016,Master1/Male/Black/Medium-Heavy,1,Lukasz Les,Mario Sukata International
Chicago Summer International Open Jiu-Jitsu No-Gi 2016,Master1/Male/Black/Medium-Heavy,2,Daniel C. B. Vianna,Carlson Gracie Team
Chicago Summer International Open Jiu-Jitsu No-Gi 2016,Master1/Male/Black/Medium-Heavy,3,Beau L. Viehmann,Gracie Barra
Chicago Summer International Open Jiu-Jitsu No-Gi 2016,Master1/Male/Black/Medium-Heavy,3,Joshua C. Stockman,Team Shawn Hammonds
Chicago Summer International Open Jiu-Jitsu No-Gi 2016,Master1/Male/Black/Heavy,1,Marcelo Kropotkin Cunha Barbosa,Brasa
Chicago Summer International Open Jiu-Jitsu No-Gi 2016,Master1/Male/Black/Super-Heavy,1,Nicholas Raymond Sanders,Kronos BJJ HQ
Chicago Summer International Open Jiu-Jitsu No-Gi 2016,Master1/Male/Black/Super-Heavy,2,Alexsandro Barbosa Agostinho,CheckMat
Chicago Summer International Open Jiu-Jitsu No-Gi 2016,Master1/Male/Black/Ultra-Heavy,1,Michael W. Rethmeyer Jr,Kronos BJJ HQ
Chicago Summer International Open Jiu-Jitsu No-Gi 2016,Master1/Male/Black/OpenClass,1,Nicholas Raymond Sanders,Kronos BJJ HQ
Chicago Summer International Open Jiu-Jitsu No-Gi 2016,Master1/Male/Black/OpenClass,2,Francisco Ramos Mendes Neto,CheckMat
Chicago Summer International Open Jiu-Jitsu No-Gi 2016,Master1/Male/Black/OpenClass,3,Alexander Vamos,Renzo Gracie Academy
