British National Gi e Kids Jiu-Jitsu Championship 2016,Pee-Wee1/Male/White/Feather,1,Milo Dennis Mcintyre,BJJ Revolution Team - International
British National Gi e Kids Jiu-Jitsu Championship 2016,Pee-Wee2/Male/White/Feather,1,Matheos Ferreira,CheckMat
British National Gi e Kids Jiu-Jitsu Championship 2016,Pee-Wee2/Female/White/Light-Feather,1,Sofia Anabel Rivas,GF Team International
British National Gi e Kids Jiu-Jitsu Championship 2016,Pee-Wee2/Female/White/Heavy,1,Jessica Crisp,CheckMat
British National Gi e Kids Jiu-Jitsu Championship 2016,Pee-Wee3/Male/White/Feather,3,Nathan Raymond Cassidy Oates,ESJJ Ireland
British National Gi e Kids Jiu-Jitsu Championship 2016,Pee-Wee3/Male/White/Feather,1,Isa Anwer Abdul Rahman,99 Nine Nine JJ - International
British National Gi e Kids Jiu-Jitsu Championship 2016,Pee-Wee3/Male/White/Feather,2,Taiyo Ishida-Miller,CFS BJJ
British National Gi e Kids Jiu-Jitsu Championship 2016,Pee-Wee3/Male/White/Middle,1,Conor S. Clancy,New School BJJ
British National Gi e Kids Jiu-Jitsu Championship 2016,Pee-Wee3/Male/White/Middle,3,Gabriel Amiaka,New School BJJ
British National Gi e Kids Jiu-Jitsu Championship 2016,Pee-Wee3/Male/White/Middle,2,Kevin Varela Costa,Nova União International
British National Gi e Kids Jiu-Jitsu Championship 2016,Pee-Wee3/Male/White/Super-Heavy,1,Nedim-Joelson Uluc,FN Fight.Co World
British National Gi e Kids Jiu-Jitsu Championship 2016,Pee-Wee3/Female/White/Light,1,Liliána Bitó,Gracie Barra
British National Gi e Kids Jiu-Jitsu Championship 2016,Pee-Wee3/Female/White/Light,2,Giovana Valencio Carrilho Santos,Cei Jiu-Jitsu
British National Gi e Kids Jiu-Jitsu Championship 2016,Junior1/Male/White/Light,1,Charles Crisp,CheckMat
British National Gi e Kids Jiu-Jitsu Championship 2016,Junior1/Female/White/Light,1,Zuri Enita Blackman,New School BJJ
British National Gi e Kids Jiu-Jitsu Championship 2016,Junior1/Female/White/Light,2,Catarina Maria Lombardi Macedo Basto de Carvalho,Five Elements Jiu-Jitsu
British National Gi e Kids Jiu-Jitsu Championship 2016,Junior2/Male/White/Rooster,1,Guy Ethan Purnell,99 Nine Nine JJ - International
British National Gi e Kids Jiu-Jitsu Championship 2016,Junior2/Male/White/Rooster,2,Márk Ábel Nagy,Gracie Barra
British National Gi e Kids Jiu-Jitsu Championship 2016,Junior2/Male/White/Light-Feather,1,Raheem Fernandes,CheckMat
British National Gi e Kids Jiu-Jitsu Championship 2016,Junior2/Male/White/Medium-Heavy,1,Elod Ambrus,Gracie Barra
British National Gi e Kids Jiu-Jitsu Championship 2016,Junior2/Male/White/Medium-Heavy,2,Joel Alexander Workman,Marcio Cruz BJJ
British National Gi e Kids Jiu-Jitsu Championship 2016,Junior2/Male/White/Medium-Heavy,3,Austen Daniel Templar,99 Nine Nine JJ - International
British National Gi e Kids Jiu-Jitsu Championship 2016,Junior2/Female/White/Ultra-Heavy,1,Frida Froytlog,OXY
British National Gi e Kids Jiu-Jitsu Championship 2016,Junior3/Male/White/Middle,2,Julien  Fota,Nova União International
British National Gi e Kids Jiu-Jitsu Championship 2016,Junior3/Male/White/Middle,1,Alex Williams,Stealth BJJ
British National Gi e Kids Jiu-Jitsu Championship 2016,Junior3/Male/White/Middle,3,Adrián Kontesz,Gracie Barra
British National Gi e Kids Jiu-Jitsu Championship 2016,Junior3/Male/White/Medium-Heavy,1,António Maria Lombardi Macedo Basto de Carvalho,Five Elements Jiu-Jitsu
British National Gi e Kids Jiu-Jitsu Championship 2016,Teen1/Male/White/Middle,1,Ioannis Saridakis,CheckMat
British National Gi e Kids Jiu-Jitsu Championship 2016,Teen1/Male/White/Medium-Heavy,1,Felix Froytlog,OXY
British National Gi e Kids Jiu-Jitsu Championship 2016,Teen1/Male/White/Medium-Heavy,2,Jaiden Allan Workman,Marcio Cruz BJJ
British National Gi e Kids Jiu-Jitsu Championship 2016,Teen2/Male/White/Rooster,1,Derek Rhisã Valotto De Lima,Icon BJJ
British National Gi e Kids Jiu-Jitsu Championship 2016,Teen2/Male/White/Middle,1,Bruno Alexandre Melo Lima,Castrense Jiu-Jitsu Team
British National Gi e Kids Jiu-Jitsu Championship 2016,Teen2/Male/White/Middle,2,Arthur Tran,FN Fight.Co World
British National Gi e Kids Jiu-Jitsu Championship 2016,Teen2/Male/White/Heavy,1,Emmanouil Saridakis,CheckMat
British National Gi e Kids Jiu-Jitsu Championship 2016,Teen2/Male/White/Heavy,2,Patrick Daniel Albert,FN Fight.Co World
British National Gi e Kids Jiu-Jitsu Championship 2016,Teen2/Male/White/Super-Heavy,2,Nassim Ghanmi,Cicero Costha Internacional
British National Gi e Kids Jiu-Jitsu Championship 2016,Teen2/Male/White/Super-Heavy,1,Savion Maranon,Hoboken Jiu-Jitsu
British National Gi e Kids Jiu-Jitsu Championship 2016,Teen3/Male/White/Medium-Heavy,1,Reyce Nathaniel Paul Asesimba,CheckMat
British National Gi e Kids Jiu-Jitsu Championship 2016,Teen3/Male/White/Super-Heavy,1,Sander Eugen Bringeland,OXY
British National Gi e Kids Jiu-Jitsu Championship 2016,Teen3/Male/White/Super-Heavy,2,Devon Vasile Giurgi,ESJJ Ireland
British National Gi e Kids Jiu-Jitsu Championship 2016,Teen3/Male/White/Ultra-Heavy,1,Mete Muhittin,Arlans Siqueira Jiu-Jitsu
British National Gi e Kids Jiu-Jitsu Championship 2016,Teen3/Male/White/Ultra-Heavy,2,Necati-José Uluc,FN Fight.Co World
British National Gi e Kids Jiu-Jitsu Championship 2016,Juvenile/Male/White/Rooster,1,John Pablo Valotto De Lima,Icon BJJ
British National Gi e Kids Jiu-Jitsu Championship 2016,Juvenile/Male/White/Light,1,Thomas Alexander Munro,Gracie Barra
British National Gi e Kids Jiu-Jitsu Championship 2016,Juvenile/Male/Blue/Light,1,Cameran S. Jheeta,Gracie Barra
British National Gi e Kids Jiu-Jitsu Championship 2016,Adult/Male/White/Rooster,1,Joseph Kim,Inglorious Grapplers
British National Gi e Kids Jiu-Jitsu Championship 2016,Adult/Male/White/Light-Feather,1,Michal Lelek,Gracie Barra
British National Gi e Kids Jiu-Jitsu Championship 2016,Adult/Male/White/Light-Feather,2,Reiss Bailey,New School BJJ
British National Gi e Kids Jiu-Jitsu Championship 2016,Adult/Male/White/Light-Feather,3,Kasim Pivano,Roger Gracie
British National Gi e Kids Jiu-Jitsu Championship 2016,Adult/Male/White/Light-Feather,3,kieran starkey,BJJ Globetrotters
British National Gi e Kids Jiu-Jitsu Championship 2016,Adult/Male/White/Feather,1,Guven Cam,Gracie Barra
British National Gi e Kids Jiu-Jitsu Championship 2016,Adult/Male/White/Feather,2,Mateusz Krawczyk,CheckMat
British National Gi e Kids Jiu-Jitsu Championship 2016,Adult/Male/White/Feather,3,Matthaeus  Chao,Roger Gracie
British National Gi e Kids Jiu-Jitsu Championship 2016,Adult/Male/White/Feather,3,Olufemi Oshatogbe,CheckMat International
British National Gi e Kids Jiu-Jitsu Championship 2016,Adult/Male/White/Light,1,Aaron Douglas,New School BJJ
British National Gi e Kids Jiu-Jitsu Championship 2016,Adult/Male/White/Light,2,Luke Saldanha,Inglorious Grapplers
British National Gi e Kids Jiu-Jitsu Championship 2016,Adult/Male/White/Light,3,Mark Scarman,Checkmat Europa
British National Gi e Kids Jiu-Jitsu Championship 2016,Adult/Male/White/Light,3,Po-yu Lin,Roger Gracie
British National Gi e Kids Jiu-Jitsu Championship 2016,Adult/Male/White/Middle,1,James Farrer,CheckMat
British National Gi e Kids Jiu-Jitsu Championship 2016,Adult/Male/White/Middle,2,Aleh Paulovich,Stronger BJJ
British National Gi e Kids Jiu-Jitsu Championship 2016,Adult/Male/White/Middle,3,Lord Teigaga,Frota Team
British National Gi e Kids Jiu-Jitsu Championship 2016,Adult/Male/White/Middle,3,Piotr Powichrowski,CheckMat
British National Gi e Kids Jiu-Jitsu Championship 2016,Adult/Male/White/Medium-Heavy,1,Sebastian Spadoni,Gustavo Freire BJJ
British National Gi e Kids Jiu-Jitsu Championship 2016,Adult/Male/White/Medium-Heavy,2,Murat Karatay,Gracie Barra
British National Gi e Kids Jiu-Jitsu Championship 2016,Adult/Male/White/Medium-Heavy,3,Omar Hagrass,Fight Sports
British National Gi e Kids Jiu-Jitsu Championship 2016,Adult/Male/White/Medium-Heavy,3,Tiago Melo,Roger Gracie
British National Gi e Kids Jiu-Jitsu Championship 2016,Adult/Male/White/Heavy,1,Dariusz Osowski,CheckMat
British National Gi e Kids Jiu-Jitsu Championship 2016,Adult/Male/White/Heavy,2,Simen Brunstad,Nova União International
British National Gi e Kids Jiu-Jitsu Championship 2016,Adult/Male/White/Heavy,3,Jørgen Notø Nesje,BJJ Globetrotters
British National Gi e Kids Jiu-Jitsu Championship 2016,Adult/Male/White/Super-Heavy,1,Jay Jay Bumstead,CheckMat International
British National Gi e Kids Jiu-Jitsu Championship 2016,Adult/Male/White/Super-Heavy,2,Christopher C.R. Morgan,CheckMat
British National Gi e Kids Jiu-Jitsu Championship 2016,Adult/Female/White/Rooster,1,Yiasemina Ioannidou,Arlans Siqueira Jiu-Jitsu
British National Gi e Kids Jiu-Jitsu Championship 2016,Adult/Female/White/Feather,1,Rebecca Bursnoll,Lucio Sergio BJJ Lifestyle
British National Gi e Kids Jiu-Jitsu Championship 2016,Adult/Female/White/Feather,2,Elena Solovyeva,Stone Fight
British National Gi e Kids Jiu-Jitsu Championship 2016,Adult/Female/White/Feather,3,Jill Jonassen,Frontline Academy
British National Gi e Kids Jiu-Jitsu Championship 2016,Adult/Female/White/Feather,3,Magda Krzyszczak,CheckMat
British National Gi e Kids Jiu-Jitsu Championship 2016,Adult/Female/White/Light,1,Rachael Morgan,Rio Grappling Club Europe
British National Gi e Kids Jiu-Jitsu Championship 2016,Adult/Female/White/Light,2,Antonia Dale,BMB Norwich BJJ Team
British National Gi e Kids Jiu-Jitsu Championship 2016,Adult/Female/White/Light,3,Belina Assargiotaki,CheckMat
British National Gi e Kids Jiu-Jitsu Championship 2016,Adult/Female/White/Light,3,Viviane Lucy E Delvaux,PAT Academy Belgium
British National Gi e Kids Jiu-Jitsu Championship 2016,Adult/Female/White/Middle,1,Jennifer Anne Killeen,Rio Grappling Club Europe
British National Gi e Kids Jiu-Jitsu Championship 2016,Adult/Female/White/Middle,2,Rebeka Meszaros,CheckMat
British National Gi e Kids Jiu-Jitsu Championship 2016,Adult/Female/White/Middle,3,Ioanna Kaloudi,Hermes Club
British National Gi e Kids Jiu-Jitsu Championship 2016,Adult/Female/White/Medium-Heavy,1,Mary  Malone,Inglorious Grapplers
British National Gi e Kids Jiu-Jitsu Championship 2016,Adult/Female/White/Medium-Heavy,2,Oyinda Oduntan,CFS BJJ
British National Gi e Kids Jiu-Jitsu Championship 2016,Adult/Female/White/Medium-Heavy,3,Amanda J. Penfold,Oxford Shootfighter
British National Gi e Kids Jiu-Jitsu Championship 2016,Adult/Male/Blue/Rooster,1,Usman Jindy Dylan Rahman,CheckMat
British National Gi e Kids Jiu-Jitsu Championship 2016,Adult/Male/Blue/Rooster,2,Sam Teague,CheckMat
British National Gi e Kids Jiu-Jitsu Championship 2016,Adult/Male/Blue/Rooster,3,Nicholas Sim,Gracie Barra
British National Gi e Kids Jiu-Jitsu Championship 2016,Adult/Male/Blue/Rooster,3,Robert Mason,Gracie Barra
British National Gi e Kids Jiu-Jitsu Championship 2016,Adult/Male/Blue/Light-Feather,1,Sultan Alowais,Emirates Jiu Jitsu Center Barcelona
British National Gi e Kids Jiu-Jitsu Championship 2016,Adult/Male/Blue/Light-Feather,2,Aaron Keys,Gracie Barra
British National Gi e Kids Jiu-Jitsu Championship 2016,Adult/Male/Blue/Light-Feather,3,Alexander Ng,Roger Gracie
British National Gi e Kids Jiu-Jitsu Championship 2016,Adult/Male/Blue/Feather,1,Roland Pauletti,Brazilian Power Team International
British National Gi e Kids Jiu-Jitsu Championship 2016,Adult/Male/Blue/Feather,2,Marcus Trzebinski,Frontline Academy
British National Gi e Kids Jiu-Jitsu Championship 2016,Adult/Male/Blue/Feather,3,Henry Timson,Carlson Gracie Team
British National Gi e Kids Jiu-Jitsu Championship 2016,Adult/Male/Blue/Feather,3,Yann Soares Ferreira,Nóbrega Team
British National Gi e Kids Jiu-Jitsu Championship 2016,Adult/Male/Blue/Light,1,Pedro Hugo Cadete,Icon JJ Team
British National Gi e Kids Jiu-Jitsu Championship 2016,Adult/Male/Blue/Light,2,Nikodem Szczepan Janik,CheckMat
British National Gi e Kids Jiu-Jitsu Championship 2016,Adult/Male/Blue/Light,3,Jan Duplinszki,BMB Norwich BJJ Team
British National Gi e Kids Jiu-Jitsu Championship 2016,Adult/Male/Blue/Light,3,Jovan Acimovic,New School BJJ
British National Gi e Kids Jiu-Jitsu Championship 2016,Adult/Male/Blue/Middle,1,Ashley  Bodman,Ippon
British National Gi e Kids Jiu-Jitsu Championship 2016,Adult/Male/Blue/Middle,2,Sercan Dinc,CheckMat International
British National Gi e Kids Jiu-Jitsu Championship 2016,Adult/Male/Blue/Middle,3,Pascal Nourrice,SK Team / Infight Switzerland
British National Gi e Kids Jiu-Jitsu Championship 2016,Adult/Male/Blue/Middle,3,Reece Doran,CheckMat
British National Gi e Kids Jiu-Jitsu Championship 2016,Adult/Male/Blue/Medium-Heavy,1,Thomas Bracher,Gracie Barra
British National Gi e Kids Jiu-Jitsu Championship 2016,Adult/Male/Blue/Medium-Heavy,2,Adam Rattab,Icon BJJ
British National Gi e Kids Jiu-Jitsu Championship 2016,Adult/Male/Blue/Medium-Heavy,3,Colin Meagher,SBG Ireland
British National Gi e Kids Jiu-Jitsu Championship 2016,Adult/Male/Blue/Medium-Heavy,3,Jacob Willis,Carlson Gracie Team
British National Gi e Kids Jiu-Jitsu Championship 2016,Adult/Male/Blue/Heavy,1,Akeem Khan,Inglorious Grapplers
British National Gi e Kids Jiu-Jitsu Championship 2016,Adult/Male/Blue/Heavy,2,John  Elsey,CheckMat
British National Gi e Kids Jiu-Jitsu Championship 2016,Adult/Male/Blue/Heavy,3,Krishnan Chauhan,Combat Base UK
British National Gi e Kids Jiu-Jitsu Championship 2016,Adult/Male/Blue/Heavy,3,Maxime Allemann,FN Fight.Co World
British National Gi e Kids Jiu-Jitsu Championship 2016,Adult/Male/Blue/Super-Heavy,1,Helton Antonio,BMB Norwich BJJ Team
British National Gi e Kids Jiu-Jitsu Championship 2016,Adult/Male/Blue/Super-Heavy,2,Lewis Thonr,CheckMat
British National Gi e Kids Jiu-Jitsu Championship 2016,Adult/Male/Blue/Super-Heavy,3,Christian Cook,CheckMat International
British National Gi e Kids Jiu-Jitsu Championship 2016,Adult/Male/Blue/Super-Heavy,3,James Sibbick,CheckMat
British National Gi e Kids Jiu-Jitsu Championship 2016,Adult/Male/Blue/Ultra-Heavy,1,Mohammed  Mustafa,The MMA Academy Liverpool
British National Gi e Kids Jiu-Jitsu Championship 2016,Adult/Male/Blue/Ultra-Heavy,2,Joel Paul Smithson,BMB Norwich BJJ Team
British National Gi e Kids Jiu-Jitsu Championship 2016,Adult/Male/Blue/OpenClass,1,Mohammed  Mustafa,The MMA Academy Liverpool
British National Gi e Kids Jiu-Jitsu Championship 2016,Adult/Male/Blue/OpenClass,2,John  Elsey,CheckMat
British National Gi e Kids Jiu-Jitsu Championship 2016,Adult/Male/Blue/OpenClass,3,Jovan Acimovic,New School BJJ
British National Gi e Kids Jiu-Jitsu Championship 2016,Adult/Male/Blue/OpenClass,3,Krishnan Chauhan,Combat Base UK
British National Gi e Kids Jiu-Jitsu Championship 2016,Adult/Female/Blue/Light-Feather,1,Martina  Zola,BJJ Revolution Team - International
British National Gi e Kids Jiu-Jitsu Championship 2016,Adult/Female/Blue/Light-Feather,2,Barbara  Hale,Gracie Barra
British National Gi e Kids Jiu-Jitsu Championship 2016,Adult/Female/Blue/Light-Feather,3,Charlyne Marzo,SK Team / Infight Switzerland
British National Gi e Kids Jiu-Jitsu Championship 2016,Adult/Female/Blue/Light-Feather,3,Fiona Middleton,Roger Gracie
British National Gi e Kids Jiu-Jitsu Championship 2016,Adult/Female/Blue/Feather,1,Larissa Campos Carvalho,Gracie Humaita Reunion
British National Gi e Kids Jiu-Jitsu Championship 2016,Adult/Female/Blue/Feather,2,Anja Bergo,Frontline Academy
British National Gi e Kids Jiu-Jitsu Championship 2016,Adult/Female/Blue/Feather,3,Flavia Masini,Roger Gracie
British National Gi e Kids Jiu-Jitsu Championship 2016,Adult/Female/Blue/Feather,3,Karolina Brodka,Wave BJJ
British National Gi e Kids Jiu-Jitsu Championship 2016,Adult/Female/Blue/Light,1,Yulia Vibe,Frontline Academy
British National Gi e Kids Jiu-Jitsu Championship 2016,Adult/Female/Blue/Light,2,Angela Sesena,Roger Gracie
British National Gi e Kids Jiu-Jitsu Championship 2016,Adult/Female/Blue/Light,3,Liadain O'Driscoll,99 Nine Nine JJ - International
British National Gi e Kids Jiu-Jitsu Championship 2016,Adult/Female/Blue/Middle,1,Aïda Nada Daniel,Gracie Humaita South Bay
British National Gi e Kids Jiu-Jitsu Championship 2016,Adult/Female/Blue/Middle,2,Georgina Ruth Halliday,Gracie Barra
British National Gi e Kids Jiu-Jitsu Championship 2016,Adult/Female/Blue/Heavy,1,Georgina Polonski,CheckMat
British National Gi e Kids Jiu-Jitsu Championship 2016,Adult/Female/Blue/OpenClass,1,Larissa Campos Carvalho,Gracie Humaita Reunion
British National Gi e Kids Jiu-Jitsu Championship 2016,Adult/Female/Blue/OpenClass,2,Yulia Vibe,Frontline Academy
British National Gi e Kids Jiu-Jitsu Championship 2016,Adult/Female/Blue/OpenClass,3,Georgina Polonski,CheckMat
British National Gi e Kids Jiu-Jitsu Championship 2016,Adult/Female/Blue/OpenClass,3,Liadain O'Driscoll,99 Nine Nine JJ - International
British National Gi e Kids Jiu-Jitsu Championship 2016,Adult/Male/Purple/Light-Feather,1,Francisco Jonas Borges Andrade,PSLPB Cicero Costha
British National Gi e Kids Jiu-Jitsu Championship 2016,Adult/Male/Purple/Light-Feather,2,Matheus Silva Santos,PSLPB Cicero Costha
British National Gi e Kids Jiu-Jitsu Championship 2016,Adult/Male/Purple/Light-Feather,3,Vinicius Silva,Frontline Academy
British National Gi e Kids Jiu-Jitsu Championship 2016,Adult/Male/Purple/Feather,1,Marcus John Phelan,Ribeiro Jiu-Jitsu International
British National Gi e Kids Jiu-Jitsu Championship 2016,Adult/Male/Purple/Feather,2,James Keay,Mauricio Gomes Origin BJJ Team
British National Gi e Kids Jiu-Jitsu Championship 2016,Adult/Male/Purple/Feather,3,Munkhbayar Altantugs,Roger Gracie
British National Gi e Kids Jiu-Jitsu Championship 2016,Adult/Male/Purple/Feather,3,Thiago Ramundo,ESJJ Ireland
British National Gi e Kids Jiu-Jitsu Championship 2016,Adult/Male/Purple/Light,1,Janis Riekstins,Carlson Gracie Team
British National Gi e Kids Jiu-Jitsu Championship 2016,Adult/Male/Purple/Light,2,Avihai Balila,Hermes Club
British National Gi e Kids Jiu-Jitsu Championship 2016,Adult/Male/Purple/Light,3,Chritopher  Newman,CheckMat
British National Gi e Kids Jiu-Jitsu Championship 2016,Adult/Male/Purple/Light,3,Dominic Jay Dillon,BMB Norwich BJJ Team
British National Gi e Kids Jiu-Jitsu Championship 2016,Adult/Male/Purple/Middle,1,Taylor Pearman,Carlson Gracie Team
British National Gi e Kids Jiu-Jitsu Championship 2016,Adult/Male/Purple/Middle,2,Oscar Gugala,Roger Gracie
British National Gi e Kids Jiu-Jitsu Championship 2016,Adult/Male/Purple/Middle,3,Miles Hayton-Robinson,Inglorious Grapplers
British National Gi e Kids Jiu-Jitsu Championship 2016,Adult/Male/Purple/Middle,3,mohamed omar,Fight Sports
British National Gi e Kids Jiu-Jitsu Championship 2016,Adult/Male/Purple/Medium-Heavy,1,Sean Coates,Gracie Barra
British National Gi e Kids Jiu-Jitsu Championship 2016,Adult/Male/Purple/Medium-Heavy,2,Louis David O Corazza,99 Nine Nine JJ - International
British National Gi e Kids Jiu-Jitsu Championship 2016,Adult/Male/Purple/Medium-Heavy,3,Sebastian Nadal,Carlson Gracie Team
British National Gi e Kids Jiu-Jitsu Championship 2016,Adult/Male/Purple/Medium-Heavy,3,Thomas Showler,99 Nine Nine JJ - International
British National Gi e Kids Jiu-Jitsu Championship 2016,Adult/Male/Purple/Heavy,1,Simon Price,Combat Base UK
British National Gi e Kids Jiu-Jitsu Championship 2016,Adult/Male/Purple/Heavy,2,Martin Nedbal,Jungle BJJ
British National Gi e Kids Jiu-Jitsu Championship 2016,Adult/Male/Purple/Heavy,3,Paddy Mc Bride,Rilion Gracie Ireland
British National Gi e Kids Jiu-Jitsu Championship 2016,Adult/Male/Purple/Ultra-Heavy,1,Oliver Dillon,BMB Norwich BJJ Team
British National Gi e Kids Jiu-Jitsu Championship 2016,Adult/Male/Purple/Ultra-Heavy,2,Nandip Singh Khera,Gracie Barra
British National Gi e Kids Jiu-Jitsu Championship 2016,Adult/Male/Purple/OpenClass,1,Francisco Jonas Borges Andrade,PSLPB Cicero Costha
British National Gi e Kids Jiu-Jitsu Championship 2016,Adult/Male/Purple/OpenClass,2,Oscar Gugala,Roger Gracie
British National Gi e Kids Jiu-Jitsu Championship 2016,Adult/Male/Purple/OpenClass,3,Marcus John Phelan,Ribeiro Jiu-Jitsu International
British National Gi e Kids Jiu-Jitsu Championship 2016,Adult/Male/Purple/OpenClass,3,Thiago Ramundo,ESJJ Ireland
British National Gi e Kids Jiu-Jitsu Championship 2016,Adult/Female/Purple/Middle,1,Serena Sofia Vamvas La Ferla,Mauro Sergio BJJ
British National Gi e Kids Jiu-Jitsu Championship 2016,Adult/Female/Purple/Medium-Heavy,1,Laura Barker,Gracie Barra
British National Gi e Kids Jiu-Jitsu Championship 2016,Adult/Female/Purple/OpenClass,1,Laura Barker,Gracie Barra
British National Gi e Kids Jiu-Jitsu Championship 2016,Adult/Female/Purple/OpenClass,2,Serena Sofia Vamvas La Ferla,Mauro Sergio BJJ
British National Gi e Kids Jiu-Jitsu Championship 2016,Adult/Male/Brown/Light-Feather,1,Igor V. Terreco,Roger Gracie
British National Gi e Kids Jiu-Jitsu Championship 2016,Adult/Male/Brown/Light-Feather,2,José Manuel Varela Sanchez,Nova União International
British National Gi e Kids Jiu-Jitsu Championship 2016,Adult/Male/Brown/Light,1,Oliver Johnathon Lovell,Gracie Barra
British National Gi e Kids Jiu-Jitsu Championship 2016,Adult/Male/Brown/Light,2,Bence Romanek,Gracie Barra
British National Gi e Kids Jiu-Jitsu Championship 2016,Adult/Male/Brown/Light,3,Danny S. Dhell,CheckMat
British National Gi e Kids Jiu-Jitsu Championship 2016,Adult/Male/Brown/Light,3,Michael Ivan Yuile,Mario Sukata International
British National Gi e Kids Jiu-Jitsu Championship 2016,Adult/Male/Brown/Middle,1,Sean Mcdonagh,Gracie Barra
British National Gi e Kids Jiu-Jitsu Championship 2016,Adult/Male/Brown/Middle,2,Clifford Edwards,Frota Team
British National Gi e Kids Jiu-Jitsu Championship 2016,Adult/Male/Brown/Middle,3,Robert Vingsnes,Paraestra Tb
British National Gi e Kids Jiu-Jitsu Championship 2016,Adult/Male/Brown/Medium-Heavy,1,Adam Wardzinski,CheckMat
British National Gi e Kids Jiu-Jitsu Championship 2016,Adult/Male/Brown/Medium-Heavy,2,Ezra Trotter,Gracie Barra
British National Gi e Kids Jiu-Jitsu Championship 2016,Adult/Male/Brown/Medium-Heavy,3,Hugo Borim da Rocha,ESJJ Ireland
British National Gi e Kids Jiu-Jitsu Championship 2016,Adult/Male/Brown/Medium-Heavy,3,Kywan Gracie Behring,Roger Gracie
British National Gi e Kids Jiu-Jitsu Championship 2016,Adult/Male/Brown/Ultra-Heavy,1,Robert Allen Mules,CheckMat
British National Gi e Kids Jiu-Jitsu Championship 2016,Adult/Male/Brown/Ultra-Heavy,2,Paulo Brasil Da Silva,Gracie Barra
British National Gi e Kids Jiu-Jitsu Championship 2016,Adult/Male/Brown/OpenClass,1,Adam Wardzinski,CheckMat
British National Gi e Kids Jiu-Jitsu Championship 2016,Adult/Male/Brown/OpenClass,2,Clifford Edwards,Frota Team
British National Gi e Kids Jiu-Jitsu Championship 2016,Adult/Male/Brown/OpenClass,3,Hugo Borim da Rocha,ESJJ Ireland
British National Gi e Kids Jiu-Jitsu Championship 2016,Adult/Male/Brown/OpenClass,3,Kywan Gracie Behring,Roger Gracie
British National Gi e Kids Jiu-Jitsu Championship 2016,Adult/Male/Black/Feather,1,João Ricardo Bordignon Miyao,PSLPB Cicero Costha
British National Gi e Kids Jiu-Jitsu Championship 2016,Adult/Male/Black/Light,1,Osvaldo Augusto Honorio Moizinho,Ares BJJ Rocklin
British National Gi e Kids Jiu-Jitsu Championship 2016,Adult/Male/Black/Light,2,Maxmiliano Oliveira Campos,Oxford Shootfighter
British National Gi e Kids Jiu-Jitsu Championship 2016,Adult/Male/Black/Light,3,Ross Nicholls,Roger Gracie
British National Gi e Kids Jiu-Jitsu Championship 2016,Adult/Male/Black/Light,3,Royi Neeman,Clube de Jiu-Jitsu Pitbull Czech Republic
British National Gi e Kids Jiu-Jitsu Championship 2016,Adult/Male/Black/Middle,1,Victor de Oliveira Estima,Gracie Barra
British National Gi e Kids Jiu-Jitsu Championship 2016,Adult/Male/Black/Middle,2,Luis Gil,CheckMat
British National Gi e Kids Jiu-Jitsu Championship 2016,Adult/Male/Black/Middle,3,Marcos Moyo Sarsa Ntutumu,Vivo Jiu-Jitsu
British National Gi e Kids Jiu-Jitsu Championship 2016,Adult/Male/Black/Medium-Heavy,1,Viking Wai Chun Wong,GF Team International
British National Gi e Kids Jiu-Jitsu Championship 2016,Adult/Male/Black/Medium-Heavy,2,Marcos Antonio Lins Machado Filho,Gracie Barra
British National Gi e Kids Jiu-Jitsu Championship 2016,Adult/Male/Black/Medium-Heavy,3,Luís Gabriel B. S. Venturino,Gordo Jiu-Jitsu
British National Gi e Kids Jiu-Jitsu Championship 2016,Adult/Male/Black/Medium-Heavy,3,Thiago Poyer Nogueira Souza Santos,Magoo JJ
British National Gi e Kids Jiu-Jitsu Championship 2016,Adult/Male/Black/Heavy,1,Alan Douglas Pereira do Nascimento,CheckMat
British National Gi e Kids Jiu-Jitsu Championship 2016,Adult/Male/Black/Heavy,2,Jackson Sousa dos Santos,CheckMat
British National Gi e Kids Jiu-Jitsu Championship 2016,Adult/Male/Black/Heavy,3,Nicolas E. Penzer,PAT Academy Belgium
British National Gi e Kids Jiu-Jitsu Championship 2016,Adult/Male/Black/Heavy,3,Reid James Reale,de Been 100% Jiu-Jitsu
British National Gi e Kids Jiu-Jitsu Championship 2016,Adult/Male/Black/Super-Heavy,1,Manuel António Ambrósio S. T. Pontes,Gracie Barra
British National Gi e Kids Jiu-Jitsu Championship 2016,Adult/Male/Black/Super-Heavy,2,Matheus Rodrigues P. S. V. da Silva,Stone Fight
British National Gi e Kids Jiu-Jitsu Championship 2016,Adult/Male/Black/Ultra-Heavy,1,Ruben Araújo Fonseca,Netto Brazilian Jiu-Jitsu
British National Gi e Kids Jiu-Jitsu Championship 2016,Adult/Male/Black/Ultra-Heavy,2,Alan Vitor Oliveira Ferreira,De La Riva International
British National Gi e Kids Jiu-Jitsu Championship 2016,Adult/Male/Black/Ultra-Heavy,3,Martin Johannes Gobel,GCP Godzilla Competition Project
British National Gi e Kids Jiu-Jitsu Championship 2016,Adult/Male/Black/OpenClass,1,Victor de Oliveira Estima,Gracie Barra
British National Gi e Kids Jiu-Jitsu Championship 2016,Adult/Male/Black/OpenClass,2,Jackson Sousa dos Santos,CheckMat
British National Gi e Kids Jiu-Jitsu Championship 2016,Adult/Male/Black/OpenClass,3,Manuel António Ambrósio S. T. Pontes,Gracie Barra
British National Gi e Kids Jiu-Jitsu Championship 2016,Adult/Male/Black/OpenClass,3,Reid James Reale,de Been 100% Jiu-Jitsu
British National Gi e Kids Jiu-Jitsu Championship 2016,Adult/Female/Black/Feather,1,Yasmine Clarisa Wilson,Roger Gracie
British National Gi e Kids Jiu-Jitsu Championship 2016,Adult/Female/Black/Medium-Heavy,1,Gretchen Dawn Zoeller,Gracie Barra
British National Gi e Kids Jiu-Jitsu Championship 2016,Adult/Female/Black/OpenClass,1,Yasmine Clarisa Wilson,Roger Gracie
British National Gi e Kids Jiu-Jitsu Championship 2016,Adult/Female/Black/OpenClass,2,Gretchen Dawn Zoeller,Gracie Barra
British National Gi e Kids Jiu-Jitsu Championship 2016,Master1/Male/White/Light-Feather,1,David Dao,Hong Kong Jiu-Jitsu
British National Gi e Kids Jiu-Jitsu Championship 2016,Master1/Male/White/Light-Feather,2,Jordon Cooper-Siddall,Gracie Barra
British National Gi e Kids Jiu-Jitsu Championship 2016,Master1/Male/White/Feather,1,Alex Rollo,Gracie Barra
British National Gi e Kids Jiu-Jitsu Championship 2016,Master1/Male/White/Feather,2,Anderson Gavioli Dos Santos,CheckMat
British National Gi e Kids Jiu-Jitsu Championship 2016,Master1/Male/White/Feather,3,David Zrihen,Alliance International
British National Gi e Kids Jiu-Jitsu Championship 2016,Master1/Male/White/Light,1,Stephen Haynes,Roger Gracie
British National Gi e Kids Jiu-Jitsu Championship 2016,Master1/Male/White/Light,2,Vito Brockmann,Pound for Pound Team
British National Gi e Kids Jiu-Jitsu Championship 2016,Master1/Male/White/Middle,1,Zsolt Lakatos,Gracie Barra
British National Gi e Kids Jiu-Jitsu Championship 2016,Master1/Male/White/Middle,2,Kevin Connell,BJJ Revolution Team - International
British National Gi e Kids Jiu-Jitsu Championship 2016,Master1/Male/White/Medium-Heavy,1,Marcus Zierke,GF Team Berlin
British National Gi e Kids Jiu-Jitsu Championship 2016,Master1/Male/White/Medium-Heavy,2,Kestutis Svelnys,De Souza Dojo
British National Gi e Kids Jiu-Jitsu Championship 2016,Master1/Male/White/Medium-Heavy,3,Maciej Musialik,New School BJJ
British National Gi e Kids Jiu-Jitsu Championship 2016,Master1/Male/White/Medium-Heavy,3,Phillip Culley,Lucio Sergio BJJ Lifestyle
British National Gi e Kids Jiu-Jitsu Championship 2016,Master1/Male/White/Super-Heavy,1,Raphael Arie,CheckMat
British National Gi e Kids Jiu-Jitsu Championship 2016,Master1/Male/White/Super-Heavy,2,Roland Hunor Partics,Gracie Barra
British National Gi e Kids Jiu-Jitsu Championship 2016,Master1/Male/White/Super-Heavy,3,Igor Martinez Rojo,Gracie Barra
British National Gi e Kids Jiu-Jitsu Championship 2016,Master1/Male/White/Super-Heavy,3,Jonathan Burrell,BMB Norwich BJJ Team
British National Gi e Kids Jiu-Jitsu Championship 2016,Master1/Male/White/Ultra-Heavy,1,Dominik Zwierzynski,CheckMat
British National Gi e Kids Jiu-Jitsu Championship 2016,Master1/Male/Blue/Feather,1,Angelo  Duarte,Carlson Gracie Team
British National Gi e Kids Jiu-Jitsu Championship 2016,Master1/Male/Blue/Feather,2,Neil Duffy,Rio Grappling Club Europe
British National Gi e Kids Jiu-Jitsu Championship 2016,Master1/Male/Blue/Feather,3,Max Lensvelt,CheckMat
British National Gi e Kids Jiu-Jitsu Championship 2016,Master1/Male/Blue/Light,1,Daniel Lewis,CheckMat
British National Gi e Kids Jiu-Jitsu Championship 2016,Master1/Male/Blue/Light,2,Krystian Dziedziul,CheckMat
British National Gi e Kids Jiu-Jitsu Championship 2016,Master1/Male/Blue/Light,3,Ariel Weiss,Teampact
British National Gi e Kids Jiu-Jitsu Championship 2016,Master1/Male/Blue/Light,3,Matt Carr,Inglorious Grapplers
British National Gi e Kids Jiu-Jitsu Championship 2016,Master1/Male/Blue/Middle,1,Richard  Briggs,Carlson Gracie Team
British National Gi e Kids Jiu-Jitsu Championship 2016,Master1/Male/Blue/Middle,2,James Forbes,Roger Gracie
British National Gi e Kids Jiu-Jitsu Championship 2016,Master1/Male/Blue/Middle,3,Declan Bushell,Rilion Gracie Ireland
British National Gi e Kids Jiu-Jitsu Championship 2016,Master1/Male/Blue/Middle,3,Paul Elverstone,Mario Sukata International
British National Gi e Kids Jiu-Jitsu Championship 2016,Master1/Male/Blue/Medium-Heavy,1,Ilja Uljanov,Roger Gracie
British National Gi e Kids Jiu-Jitsu Championship 2016,Master1/Male/Blue/Medium-Heavy,2,Jean Noel Delecolle,Wave BJJ
British National Gi e Kids Jiu-Jitsu Championship 2016,Master1/Male/Blue/Medium-Heavy,3,Christopher Joseph May,BMB Norwich BJJ Team
British National Gi e Kids Jiu-Jitsu Championship 2016,Master1/Male/Blue/Medium-Heavy,3,Kevin Mcalister,Lucio Sergio BJJ Lifestyle
British National Gi e Kids Jiu-Jitsu Championship 2016,Master1/Male/Blue/Heavy,1,James Anderson,CheckMat
British National Gi e Kids Jiu-Jitsu Championship 2016,Master1/Male/Blue/Heavy,2,Cormac Chesser,BJJ Revolution Team - International
British National Gi e Kids Jiu-Jitsu Championship 2016,Master1/Male/Blue/Heavy,3,Abdullah  Khayat,Arena Saudi Arabia
British National Gi e Kids Jiu-Jitsu Championship 2016,Master1/Male/Blue/Heavy,3,Mihut  Alexandru Ionel,Roger Gracie
British National Gi e Kids Jiu-Jitsu Championship 2016,Master1/Male/Blue/Super-Heavy,1,Tomas Juraitis,Roger Gracie
British National Gi e Kids Jiu-Jitsu Championship 2016,Master1/Male/Blue/Super-Heavy,2,David Araniseli,BMB Norwich BJJ Team
British National Gi e Kids Jiu-Jitsu Championship 2016,Master1/Male/Blue/Ultra-Heavy,1,Sukhdip Mann,CheckMat
British National Gi e Kids Jiu-Jitsu Championship 2016,Master1/Male/Blue/Ultra-Heavy,2,Vitalij Draciov,CheckMat
British National Gi e Kids Jiu-Jitsu Championship 2016,Master1/Male/Blue/Ultra-Heavy,3,Mike Chapman,Gracie Barra
British National Gi e Kids Jiu-Jitsu Championship 2016,Master1/Male/Blue/OpenClass,1,Tomas Juraitis,Roger Gracie
British National Gi e Kids Jiu-Jitsu Championship 2016,Master1/Male/Blue/OpenClass,2,Sukhdip Mann,CheckMat
British National Gi e Kids Jiu-Jitsu Championship 2016,Master1/Male/Blue/OpenClass,3,Ariel Weiss,Teampact
British National Gi e Kids Jiu-Jitsu Championship 2016,Master1/Male/Blue/OpenClass,3,David Araniseli,BMB Norwich BJJ Team
British National Gi e Kids Jiu-Jitsu Championship 2016,Master1/Female/Blue/Rooster,1,Fransisca Nelson,CFS BJJ
British National Gi e Kids Jiu-Jitsu Championship 2016,Master1/Female/Blue/Rooster,2,Petra Markova,Mandala Jiu-Jitsu School
British National Gi e Kids Jiu-Jitsu Championship 2016,Master1/Female/Blue/Rooster,3,Archana Patel,CheckMat
British National Gi e Kids Jiu-Jitsu Championship 2016,Master1/Female/Blue/Light-Feather,1,Naroa Garcia,Gracie Barra
British National Gi e Kids Jiu-Jitsu Championship 2016,Master1/Female/Blue/Light-Feather,2,Jozefina Tisca,Ippon
British National Gi e Kids Jiu-Jitsu Championship 2016,Master1/Female/Blue/Middle,1,Marie Wilson,Combat Base UK
British National Gi e Kids Jiu-Jitsu Championship 2016,Master1/Female/Blue/Middle,2,Isabelle Aerny,Nova União International
British National Gi e Kids Jiu-Jitsu Championship 2016,Master1/Female/Blue/OpenClass,1,Marie Wilson,Combat Base UK
British National Gi e Kids Jiu-Jitsu Championship 2016,Master1/Female/Blue/OpenClass,2,Isabelle Aerny,Nova União International
British National Gi e Kids Jiu-Jitsu Championship 2016,Master1/Female/Blue/OpenClass,3,Jozefina Tisca,Ippon
British National Gi e Kids Jiu-Jitsu Championship 2016,Master1/Male/Purple/Light,1,Ivar Brondbo Kjerstad,Team Trondheim BJJ
British National Gi e Kids Jiu-Jitsu Championship 2016,Master1/Male/Purple/Light,2,David Burns,CheckMat International
British National Gi e Kids Jiu-Jitsu Championship 2016,Master1/Male/Purple/Light,3,Amandio Filipe Matos,Roger Gracie
British National Gi e Kids Jiu-Jitsu Championship 2016,Master1/Male/Purple/Light,3,Nick Wood,Roger Gracie
British National Gi e Kids Jiu-Jitsu Championship 2016,Master1/Male/Purple/Middle,1,Etibar Shikhzadayev,Gracie Barra
British National Gi e Kids Jiu-Jitsu Championship 2016,Master1/Male/Purple/Middle,2,Carl Thomas,Mario Sukata International
British National Gi e Kids Jiu-Jitsu Championship 2016,Master1/Male/Purple/Middle,3,Shaiz Khan,Rio Grappling Club Europe
British National Gi e Kids Jiu-Jitsu Championship 2016,Master1/Male/Purple/Middle,3,Wayne Johnson (REPETIDO),Gracie Barra
British National Gi e Kids Jiu-Jitsu Championship 2016,Master1/Male/Purple/Medium-Heavy,1,Frederick M. Sykes,Roger Gracie
British National Gi e Kids Jiu-Jitsu Championship 2016,Master1/Male/Purple/Medium-Heavy,2,Steffen Torp,Team Trondheim BJJ
British National Gi e Kids Jiu-Jitsu Championship 2016,Master1/Male/Purple/Medium-Heavy,3,Paulo César Pereira Soares,Brazilian Power Team
British National Gi e Kids Jiu-Jitsu Championship 2016,Master1/Male/Purple/Heavy,1,Lee Whitehead,Lucio Sergio BJJ Lifestyle
British National Gi e Kids Jiu-Jitsu Championship 2016,Master1/Male/Purple/Super-Heavy,1,Daniel Williamson,Gold Team Fighters
British National Gi e Kids Jiu-Jitsu Championship 2016,Master1/Male/Purple/Super-Heavy,2,Jeremy Workman,Marcio Cruz BJJ
British National Gi e Kids Jiu-Jitsu Championship 2016,Master1/Male/Purple/Super-Heavy,3,Tyrone Derick,Nova Uniao NYC
British National Gi e Kids Jiu-Jitsu Championship 2016,Master1/Male/Purple/Ultra-Heavy,1,Konrad Vanselow,Carlson Gracie Team
British National Gi e Kids Jiu-Jitsu Championship 2016,Master1/Male/Purple/OpenClass,1,Konrad Vanselow,Carlson Gracie Team
British National Gi e Kids Jiu-Jitsu Championship 2016,Master1/Male/Purple/OpenClass,2,Ivar Brondbo Kjerstad,Team Trondheim BJJ
British National Gi e Kids Jiu-Jitsu Championship 2016,Master1/Male/Purple/OpenClass,3,Frederick M. Sykes,Roger Gracie
British National Gi e Kids Jiu-Jitsu Championship 2016,Master1/Male/Purple/OpenClass,3,Tyrone Derick,Nova Uniao NYC
British National Gi e Kids Jiu-Jitsu Championship 2016,Master1/Female/Purple/Feather,1,Jolie Boyle,Gracie Barra
British National Gi e Kids Jiu-Jitsu Championship 2016,Master1/Female/Purple/Medium-Heavy,1,Sara Cory,BJJ Revolution Team - International
British National Gi e Kids Jiu-Jitsu Championship 2016,Master1/Female/Purple/Medium-Heavy,2,Sonya Gurney,Roger Gracie
British National Gi e Kids Jiu-Jitsu Championship 2016,Master1/Female/Purple/OpenClass,1,Sara Cory,BJJ Revolution Team - International
British National Gi e Kids Jiu-Jitsu Championship 2016,Master1/Female/Purple/OpenClass,2,Jolie Boyle,Gracie Barra
British National Gi e Kids Jiu-Jitsu Championship 2016,Master1/Male/Brown/Feather,1,Neil Atkins,Gracie Barra
British National Gi e Kids Jiu-Jitsu Championship 2016,Master1/Male/Brown/Feather,2,Claudio Alexis Cabrera Gonzalez,Rumen Caraballo BJJ
British National Gi e Kids Jiu-Jitsu Championship 2016,Master1/Male/Brown/Feather,3,Nam Hoang,Combat Base UK
British National Gi e Kids Jiu-Jitsu Championship 2016,Master1/Male/Brown/Medium-Heavy,1,Nima Hashemi,Roger Gracie
British National Gi e Kids Jiu-Jitsu Championship 2016,Master1/Male/Brown/Medium-Heavy,2,Bryan Gorman,Rilion Gracie Ireland
British National Gi e Kids Jiu-Jitsu Championship 2016,Master1/Male/Brown/Medium-Heavy,3,Paul Mcginty,CheckMat
British National Gi e Kids Jiu-Jitsu Championship 2016,Master1/Male/Brown/Heavy,1,Marcin Rozenbaum,CheckMat
British National Gi e Kids Jiu-Jitsu Championship 2016,Master1/Male/Brown/Heavy,2,Reed Shelger,GF Team
British National Gi e Kids Jiu-Jitsu Championship 2016,Master1/Male/Brown/Heavy,3,Dawid Polomka,Gracie Barra
British National Gi e Kids Jiu-Jitsu Championship 2016,Master1/Male/Brown/OpenClass,1,Nima Hashemi,Roger Gracie
British National Gi e Kids Jiu-Jitsu Championship 2016,Master1/Male/Brown/OpenClass,2,Paul Mcginty,CheckMat
British National Gi e Kids Jiu-Jitsu Championship 2016,Master1/Male/Brown/OpenClass,3,Bryan Gorman,Rilion Gracie Ireland
British National Gi e Kids Jiu-Jitsu Championship 2016,Master1/Male/Brown/OpenClass,3,Nam Hoang,Combat Base UK
British National Gi e Kids Jiu-Jitsu Championship 2016,Master1/Male/Black/Feather,1,Alexander Umantsev,Pariente Academy
British National Gi e Kids Jiu-Jitsu Championship 2016,Master1/Male/Black/Light,1,Rafael Marangoni de Oliveira,Academia Marangoni
British National Gi e Kids Jiu-Jitsu Championship 2016,Master1/Male/Black/Light,2,Marcos Bueno Nardini,MNBJJ
British National Gi e Kids Jiu-Jitsu Championship 2016,Master1/Male/Black/Light,3,Arno Spreen,GF Team International
British National Gi e Kids Jiu-Jitsu Championship 2016,Master1/Male/Black/Light,3,Cesar de Sousa Lima Junior,Roger Gracie
British National Gi e Kids Jiu-Jitsu Championship 2016,Master1/Male/Black/Middle,1,Francisco Ramos Mendes Neto,CheckMat
British National Gi e Kids Jiu-Jitsu Championship 2016,Master1/Male/Black/Middle,2,Pedro Henrique Weiss Bessa,99 Nine Nine JJ - International
British National Gi e Kids Jiu-Jitsu Championship 2016,Master1/Male/Black/Middle,3,Namrod Bisso,Australian Elite Team
British National Gi e Kids Jiu-Jitsu Championship 2016,Master1/Male/Black/Middle,3,Sadayoshi Roberto Mota Kurimori,SK Team / Infight Switzerland
British National Gi e Kids Jiu-Jitsu Championship 2016,Master1/Male/Black/Medium-Heavy,1,Lucio Sergio dos Santos,Lucio Sergio BJJ Lifestyle
British National Gi e Kids Jiu-Jitsu Championship 2016,Master1/Male/Black/Medium-Heavy,2,David Pawan,Carlson Gracie Team
British National Gi e Kids Jiu-Jitsu Championship 2016,Master1/Male/Black/Heavy,1,Deusdedit Nunes dos Santos,CheckMat
British National Gi e Kids Jiu-Jitsu Championship 2016,Master1/Male/Black/Heavy,2,Leonardo Queiroz da Cunha,CheckMat
British National Gi e Kids Jiu-Jitsu Championship 2016,Master1/Male/Black/Heavy,3,David Robert Iverson,Gracie Barra
British National Gi e Kids Jiu-Jitsu Championship 2016,Master1/Male/Black/OpenClass,1,Lucio Sergio dos Santos,Lucio Sergio BJJ Lifestyle
British National Gi e Kids Jiu-Jitsu Championship 2016,Master1/Male/Black/OpenClass,2,Pedro Henrique Weiss Bessa,99 Nine Nine JJ - International
British National Gi e Kids Jiu-Jitsu Championship 2016,Master1/Male/Black/OpenClass,3,Francisco Ramos Mendes Neto,CheckMat
British National Gi e Kids Jiu-Jitsu Championship 2016,Master1/Male/Black/OpenClass,3,Sadayoshi Roberto Mota Kurimori,SK Team / Infight Switzerland
British National Gi e Kids Jiu-Jitsu Championship 2016,Master2/Male/White/Feather,1,Dean  Shanka,CheckMat
British National Gi e Kids Jiu-Jitsu Championship 2016,Master2/Male/White/Feather,2,Perry Fung,CheckMat
British National Gi e Kids Jiu-Jitsu Championship 2016,Master2/Male/White/Feather,3,Marcelo Soares Batista,Roger Gracie
British National Gi e Kids Jiu-Jitsu Championship 2016,Master2/Male/White/Light,1,Joel Lourenco,Inglorious Grapplers
British National Gi e Kids Jiu-Jitsu Championship 2016,Master2/Male/White/Light,2,Thomas Hurley,JS Brazilian Jiu-Jitsu
British National Gi e Kids Jiu-Jitsu Championship 2016,Master2/Male/White/Light,3,Thomas  Dupont,Rumble Sports
British National Gi e Kids Jiu-Jitsu Championship 2016,Master2/Male/White/Middle,1,Mark Edwards,Neves Brazilian Jiu-Jitsu Association
British National Gi e Kids Jiu-Jitsu Championship 2016,Master2/Male/White/Middle,2,Mark  Woods,CheckMat
British National Gi e Kids Jiu-Jitsu Championship 2016,Master2/Male/White/Middle,3,Leon Ackah,Carlson Gracie Team
British National Gi e Kids Jiu-Jitsu Championship 2016,Master2/Male/White/Middle,3,Philip Ogbodo,CheckMat
British National Gi e Kids Jiu-Jitsu Championship 2016,Master2/Male/White/Medium-Heavy,1,Shaun  Knight,CheckMat
British National Gi e Kids Jiu-Jitsu Championship 2016,Master2/Male/White/Medium-Heavy,2,Barry Marshall,BMB Norwich BJJ Team
British National Gi e Kids Jiu-Jitsu Championship 2016,Master2/Male/White/Heavy,1,Bartosz  Szymanski,BMB Norwich BJJ Team
British National Gi e Kids Jiu-Jitsu Championship 2016,Master2/Male/White/Heavy,2,Graham  Bowling,Lucio Sergio BJJ Lifestyle
British National Gi e Kids Jiu-Jitsu Championship 2016,Master2/Male/White/Ultra-Heavy,1,Steve Scott,CheckMat
British National Gi e Kids Jiu-Jitsu Championship 2016,Master2/Male/White/Ultra-Heavy,2,Mark Griffith,Carlson Gracie Team
British National Gi e Kids Jiu-Jitsu Championship 2016,Master2/Male/Blue/Light,1,Kevin Cunningham,CheckMat
British National Gi e Kids Jiu-Jitsu Championship 2016,Master2/Male/Blue/Light,2,Benjamin Dixon,Nova União International
British National Gi e Kids Jiu-Jitsu Championship 2016,Master2/Male/Blue/Light,3,Charlie Woods,Gracie Barra
British National Gi e Kids Jiu-Jitsu Championship 2016,Master2/Male/Blue/Middle,1,John Connor,SBG Ireland
British National Gi e Kids Jiu-Jitsu Championship 2016,Master2/Male/Blue/Middle,2,Adam Zielinski,Roger Gracie
British National Gi e Kids Jiu-Jitsu Championship 2016,Master2/Male/Blue/Middle,3,Luis Amaral,CheckMat
British National Gi e Kids Jiu-Jitsu Championship 2016,Master2/Male/Blue/Middle,3,Sigitas Antanavicius,BJJ Globetrotters
British National Gi e Kids Jiu-Jitsu Championship 2016,Master2/Male/Blue/Medium-Heavy,1,Graham Kenny,SBG Ireland
British National Gi e Kids Jiu-Jitsu Championship 2016,Master2/Male/Blue/Medium-Heavy,2,Andrew Derek Rowe,Oxford Shootfighter
British National Gi e Kids Jiu-Jitsu Championship 2016,Master2/Male/Blue/Medium-Heavy,3,Andrew Ryan,Lucio Sergio BJJ Lifestyle
British National Gi e Kids Jiu-Jitsu Championship 2016,Master2/Male/Blue/Heavy,1,Frederic Jagar,Gracie Humaita Reunion
British National Gi e Kids Jiu-Jitsu Championship 2016,Master2/Male/Blue/Heavy,2,Andrew Taylor,CheckMat
British National Gi e Kids Jiu-Jitsu Championship 2016,Master2/Male/Blue/Heavy,3,Dimitrios Marinakis,CheckMat International
British National Gi e Kids Jiu-Jitsu Championship 2016,Master2/Male/Blue/Heavy,3,Ian Jack,CheckMat
British National Gi e Kids Jiu-Jitsu Championship 2016,Master2/Male/Blue/Super-Heavy,1,Drew Sullivan,Roger Gracie
British National Gi e Kids Jiu-Jitsu Championship 2016,Master2/Male/Blue/Super-Heavy,2,Stuart Henderson,Gracie Barra
British National Gi e Kids Jiu-Jitsu Championship 2016,Master2/Male/Blue/Super-Heavy,3,Raymond Anthony Newell,BMB Norwich BJJ Team
British National Gi e Kids Jiu-Jitsu Championship 2016,Master2/Male/Blue/OpenClass,1,Frederic Jagar,Gracie Humaita Reunion
British National Gi e Kids Jiu-Jitsu Championship 2016,Master2/Male/Blue/OpenClass,2,Kevin Cunningham,CheckMat
British National Gi e Kids Jiu-Jitsu Championship 2016,Master2/Male/Blue/OpenClass,3,Andrew Derek Rowe,Oxford Shootfighter
British National Gi e Kids Jiu-Jitsu Championship 2016,Master2/Male/Blue/OpenClass,3,Benjamin Dixon,Nova União International
British National Gi e Kids Jiu-Jitsu Championship 2016,Master2/Male/Purple/Feather,1,Ofer Mazor,Pariente Academy
British National Gi e Kids Jiu-Jitsu Championship 2016,Master2/Male/Purple/Feather,2,Benjamin Tibo,SK Team / Infight Switzerland
British National Gi e Kids Jiu-Jitsu Championship 2016,Master2/Male/Purple/Feather,3,Elliott Nurse,New School BJJ
British National Gi e Kids Jiu-Jitsu Championship 2016,Master2/Male/Purple/Feather,3,Paul McIntyre,BJJ Revolution Team - International
British National Gi e Kids Jiu-Jitsu Championship 2016,Master2/Male/Purple/Middle,1,Krzysztof  Szot,Roger Gracie
British National Gi e Kids Jiu-Jitsu Championship 2016,Master2/Male/Purple/Middle,2,Krzysztof Wozniak,Icon BJJ
British National Gi e Kids Jiu-Jitsu Championship 2016,Master2/Male/Purple/Middle,3,Anthony Mead,CheckMat
British National Gi e Kids Jiu-Jitsu Championship 2016,Master2/Male/Purple/Middle,3,Tim Clemens,Brigadeiro BJJ - UK
British National Gi e Kids Jiu-Jitsu Championship 2016,Master2/Male/Purple/Medium-Heavy,1,Shae Stanford,BMB Norwich BJJ Team
British National Gi e Kids Jiu-Jitsu Championship 2016,Master2/Male/Purple/Medium-Heavy,2,James Duigan,Roger Gracie
British National Gi e Kids Jiu-Jitsu Championship 2016,Master2/Male/Purple/Ultra-Heavy,1,Miloslav  Kurilla,Brasa Poland
British National Gi e Kids Jiu-Jitsu Championship 2016,Master2/Male/Purple/OpenClass,1,Shae Stanford,BMB Norwich BJJ Team
British National Gi e Kids Jiu-Jitsu Championship 2016,Master2/Male/Purple/OpenClass,2,Krzysztof Wozniak,Icon BJJ
British National Gi e Kids Jiu-Jitsu Championship 2016,Master2/Male/Purple/OpenClass,3,Miloslav  Kurilla,Brasa Poland
British National Gi e Kids Jiu-Jitsu Championship 2016,Master2/Male/Brown/Medium-Heavy,1,Lawrence C. Dunning,Valko BJJ
British National Gi e Kids Jiu-Jitsu Championship 2016,Master2/Male/Brown/Medium-Heavy,2,Jamie Stanley Horsman,Gracie Barra
British National Gi e Kids Jiu-Jitsu Championship 2016,Master2/Male/Brown/Medium-Heavy,3,David Mc Conkey,Ribeiro Jiu-Jitsu International
British National Gi e Kids Jiu-Jitsu Championship 2016,Master2/Male/Brown/Medium-Heavy,3,Pedro Garcia Santisteban,GF Team International
British National Gi e Kids Jiu-Jitsu Championship 2016,Master2/Male/Brown/Heavy,1,Paul Christopher Severn,CheckMat
British National Gi e Kids Jiu-Jitsu Championship 2016,Master2/Male/Brown/OpenClass,1,Pedro Garcia Santisteban,GF Team International
British National Gi e Kids Jiu-Jitsu Championship 2016,Master2/Male/Brown/OpenClass,2,Paul Christopher Severn,CheckMat
British National Gi e Kids Jiu-Jitsu Championship 2016,Master2/Male/Brown/OpenClass,3,David Mc Conkey,Ribeiro Jiu-Jitsu International
British National Gi e Kids Jiu-Jitsu Championship 2016,Master2/Male/Brown/OpenClass,3,Jamie Stanley Horsman,Gracie Barra
British National Gi e Kids Jiu-Jitsu Championship 2016,Master2/Male/Black/Feather,1,Scott Kenneth Ramsay,CheckMat
British National Gi e Kids Jiu-Jitsu Championship 2016,Master2/Male/Black/Middle,1,Matthew James Callaghan,Gracie Barra Preston
British National Gi e Kids Jiu-Jitsu Championship 2016,Master2/Male/Black/Middle,2,Bruno Fiaschi Zancaner,Roger Gracie
British National Gi e Kids Jiu-Jitsu Championship 2016,Master2/Male/Black/Middle,3,John Scott Pickering,Mario Sukata International
British National Gi e Kids Jiu-Jitsu Championship 2016,Master2/Male/Black/Middle,3,Renato Germano,Carlson Gracie Team
British National Gi e Kids Jiu-Jitsu Championship 2016,Master2/Male/Black/Medium-Heavy,1,Ricardo Wagner de Oliveira,Alliance International
British National Gi e Kids Jiu-Jitsu Championship 2016,Master2/Male/Black/Medium-Heavy,2,Christopher Malcolm Rees,Gracie Barra
British National Gi e Kids Jiu-Jitsu Championship 2016,Master2/Male/Black/Medium-Heavy,3,Bruno Wanderley  Ferreira,Nova Geração
British National Gi e Kids Jiu-Jitsu Championship 2016,Master2/Male/Black/Medium-Heavy,3,Paul Nicholas Rice,Lucio Sergio BJJ Lifestyle
British National Gi e Kids Jiu-Jitsu Championship 2016,Master2/Male/Black/Super-Heavy,1,Luiz Henrique da Silva,Gracie Barra Brasil
British National Gi e Kids Jiu-Jitsu Championship 2016,Master2/Male/Black/Ultra-Heavy,1,Przemyslaw Gorzala,Gracie Barra
British National Gi e Kids Jiu-Jitsu Championship 2016,Master2/Male/Black/OpenClass,1,Matthew James Callaghan,Gracie Barra Preston
British National Gi e Kids Jiu-Jitsu Championship 2016,Master2/Male/Black/OpenClass,2,Przemyslaw Gorzala,Gracie Barra
British National Gi e Kids Jiu-Jitsu Championship 2016,Master2/Male/Black/OpenClass,3,Paul Nicholas Rice,Lucio Sergio BJJ Lifestyle
British National Gi e Kids Jiu-Jitsu Championship 2016,Master3/Male/Blue/Light,1,Michael A Pastor,Gracie Humaita Austin
British National Gi e Kids Jiu-Jitsu Championship 2016,Master3/Male/Blue/Light,2,Pierre di Maria,Gracie Barra
British National Gi e Kids Jiu-Jitsu Championship 2016,Master3/Male/Blue/Light,3,Aaron Lee Chatfield,Combat Base UK
British National Gi e Kids Jiu-Jitsu Championship 2016,Master3/Male/Blue/Medium-Heavy,1,Andy Good,Carlson Gracie Team
British National Gi e Kids Jiu-Jitsu Championship 2016,Master3/Male/Blue/Medium-Heavy,2,Paul Mawdsley,Lucio Sergio BJJ Lifestyle
British National Gi e Kids Jiu-Jitsu Championship 2016,Master3/Male/Blue/Medium-Heavy,3,Emmet Nolan,SBG Ireland
British National Gi e Kids Jiu-Jitsu Championship 2016,Master3/Male/Blue/Medium-Heavy,3,Paul Francis Allitt,Gracie Barra
British National Gi e Kids Jiu-Jitsu Championship 2016,Master3/Male/Blue/Heavy,1,Dominic Bray,Carlson Gracie Team
British National Gi e Kids Jiu-Jitsu Championship 2016,Master3/Male/Blue/Super-Heavy,1,daniel watts,Inglorious Grapplers
British National Gi e Kids Jiu-Jitsu Championship 2016,Master3/Male/Blue/Super-Heavy,2,Alan John Gill,BMB Norwich BJJ Team
British National Gi e Kids Jiu-Jitsu Championship 2016,Master3/Male/Blue/Ultra-Heavy,1,Stephen Axelsen,CheckMat
British National Gi e Kids Jiu-Jitsu Championship 2016,Master3/Male/Blue/Ultra-Heavy,2,EZEQUIEL GRANDE SOUZA,Roger Gracie
British National Gi e Kids Jiu-Jitsu Championship 2016,Master3/Male/Blue/Ultra-Heavy,3,greg ferguson,CheckMat
British National Gi e Kids Jiu-Jitsu Championship 2016,Master3/Male/Blue/OpenClass,1,EZEQUIEL GRANDE SOUZA,Roger Gracie
British National Gi e Kids Jiu-Jitsu Championship 2016,Master3/Male/Blue/OpenClass,2,Aaron Lee Chatfield,Combat Base UK
British National Gi e Kids Jiu-Jitsu Championship 2016,Master3/Male/Blue/OpenClass,3,Dominic Bray,Carlson Gracie Team
British National Gi e Kids Jiu-Jitsu Championship 2016,Master3/Male/Blue/OpenClass,3,Paul Francis Allitt,Gracie Barra
British National Gi e Kids Jiu-Jitsu Championship 2016,Master3/Male/Purple/Feather,1,PIOTR LABOCH,Carlson Gracie Team
British National Gi e Kids Jiu-Jitsu Championship 2016,Master3/Male/Purple/Light,1,Steven Turbitt,BMB Norwich BJJ Team
British National Gi e Kids Jiu-Jitsu Championship 2016,Master3/Male/Purple/Light,2,Gürkan Baydogan,GF Team Berlin
British National Gi e Kids Jiu-Jitsu Championship 2016,Master3/Male/Purple/Light,3,Matthew Anthony Jardine,Roger Gracie
British National Gi e Kids Jiu-Jitsu Championship 2016,Master3/Male/Purple/Medium-Heavy,1,Attila Varga,Carlson Gracie Team
British National Gi e Kids Jiu-Jitsu Championship 2016,Master3/Male/Purple/Medium-Heavy,2,Martin Pružinec,Jungle BJJ
British National Gi e Kids Jiu-Jitsu Championship 2016,Master3/Male/Purple/Heavy,1,Will Chambers,Roger Gracie
British National Gi e Kids Jiu-Jitsu Championship 2016,Master3/Male/Purple/Heavy,2,Mike  Doran,Lucio Sergio BJJ Lifestyle
British National Gi e Kids Jiu-Jitsu Championship 2016,Master3/Male/Purple/Super-Heavy,1,Robb  Finlayson,Brasa CTA
British National Gi e Kids Jiu-Jitsu Championship 2016,Master3/Male/Purple/OpenClass,1,Gürkan Baydogan,GF Team Berlin
British National Gi e Kids Jiu-Jitsu Championship 2016,Master3/Male/Purple/OpenClass,2,Steven Turbitt,BMB Norwich BJJ Team
British National Gi e Kids Jiu-Jitsu Championship 2016,Master3/Male/Purple/OpenClass,3,Attila Varga,Carlson Gracie Team
British National Gi e Kids Jiu-Jitsu Championship 2016,Master3/Male/Purple/OpenClass,3,Will Chambers,Roger Gracie
British National Gi e Kids Jiu-Jitsu Championship 2016,Master3/Male/Brown/Medium-Heavy,1,Humberto Carrilho Santos,Cei Jiu-Jitsu
British National Gi e Kids Jiu-Jitsu Championship 2016,Master3/Male/Brown/Medium-Heavy,2,Christopher Richard Thompson,Lucio Sergio BJJ Lifestyle
British National Gi e Kids Jiu-Jitsu Championship 2016,Master3/Male/Brown/Medium-Heavy,3,Jeremy  Lord,Gracie Barra
British National Gi e Kids Jiu-Jitsu Championship 2016,Master3/Male/Brown/Heavy,1,Edward Bradman Cuffy,Gracie Barra
British National Gi e Kids Jiu-Jitsu Championship 2016,Master3/Male/Brown/OpenClass,1,Humberto Carrilho Santos,Cei Jiu-Jitsu
British National Gi e Kids Jiu-Jitsu Championship 2016,Master3/Male/Brown/OpenClass,2,Edward Bradman Cuffy,Gracie Barra
British National Gi e Kids Jiu-Jitsu Championship 2016,Master3/Male/Black/Feather,1,Cleyton Gonçalves Bastos,Team Jucão Spain
British National Gi e Kids Jiu-Jitsu Championship 2016,Master3/Male/Black/Middle,1,David Richard Broughton,Carlson Gracie Team
British National Gi e Kids Jiu-Jitsu Championship 2016,Master3/Male/Black/Middle,2,Chango Eersel,Ferrari Team Academy
British National Gi e Kids Jiu-Jitsu Championship 2016,Master3/Male/Black/Middle,3,Alex Souto de Souza,De Souza Dojo
British National Gi e Kids Jiu-Jitsu Championship 2016,Master3/Male/Black/Medium-Heavy,1,Henrique Nelson de Lima,CheckMat
British National Gi e Kids Jiu-Jitsu Championship 2016,Master3/Male/Black/Medium-Heavy,2,Per Christian Andresen,Team Trondheim BJJ
British National Gi e Kids Jiu-Jitsu Championship 2016,Master3/Male/Black/Medium-Heavy,3,Duncan James Alexander West,Inglorious Grapplers
British National Gi e Kids Jiu-Jitsu Championship 2016,Master3/Male/Black/Medium-Heavy,3,Jude Samuel,Inglorious Grapplers
British National Gi e Kids Jiu-Jitsu Championship 2016,Master3/Male/Black/Heavy,1,Arlans de Menon Siqueira,Arlans Siqueira Jiu-Jitsu
British National Gi e Kids Jiu-Jitsu Championship 2016,Master3/Male/Black/OpenClass,1,Jude Samuel,Inglorious Grapplers
British National Gi e Kids Jiu-Jitsu Championship 2016,Master3/Male/Black/OpenClass,2,Per Christian Andresen,Team Trondheim BJJ
British National Gi e Kids Jiu-Jitsu Championship 2016,Master3/Male/Black/OpenClass,3,Arlans de Menon Siqueira,Arlans Siqueira Jiu-Jitsu
British National Gi e Kids Jiu-Jitsu Championship 2016,Master3/Male/Black/OpenClass,3,Chango Eersel,Ferrari Team Academy
British National Gi e Kids Jiu-Jitsu Championship 2016,Master4/Male/Blue/Light,1,Marc Thompson,Carlson Gracie Team
British National Gi e Kids Jiu-Jitsu Championship 2016,Master4/Male/Blue/Middle,1,Jonathan Evans,CheckMat
British National Gi e Kids Jiu-Jitsu Championship 2016,Master4/Male/Blue/Medium-Heavy,1,Peter Wilson,Stealth BJJ
British National Gi e Kids Jiu-Jitsu Championship 2016,Master4/Male/Blue/Medium-Heavy,2,John Latham,Icon Jiu-Jitsu Team
British National Gi e Kids Jiu-Jitsu Championship 2016,Master4/Male/Blue/Heavy,1,Tj Mcmenamin,Gracie Elite Team
British National Gi e Kids Jiu-Jitsu Championship 2016,Master4/Male/Blue/Heavy,2,Andrew  Burford,CheckMat
British National Gi e Kids Jiu-Jitsu Championship 2016,Master4/Male/Blue/Super-Heavy,1,Ndukaeze O. Wodu,Inglorious Grapplers
British National Gi e Kids Jiu-Jitsu Championship 2016,Master4/Male/Blue/Ultra-Heavy,1,Dean Williams,Gracie Barra
British National Gi e Kids Jiu-Jitsu Championship 2016,Master4/Male/Blue/OpenClass,1,Ndukaeze O. Wodu,Inglorious Grapplers
British National Gi e Kids Jiu-Jitsu Championship 2016,Master4/Male/Blue/OpenClass,2,John Latham,Icon Jiu-Jitsu Team
British National Gi e Kids Jiu-Jitsu Championship 2016,Master4/Male/Blue/OpenClass,3,Dean Williams,Gracie Barra
British National Gi e Kids Jiu-Jitsu Championship 2016,Master4/Male/Blue/OpenClass,3,Tj Mcmenamin,Gracie Elite Team
British National Gi e Kids Jiu-Jitsu Championship 2016,Master4/Male/Purple/Light,1,John Kelly,CheckMat
British National Gi e Kids Jiu-Jitsu Championship 2016,Master4/Male/Purple/Ultra-Heavy,1,Richard Lewis,99 Nine Nine JJ - International
British National Gi e Kids Jiu-Jitsu Championship 2016,Master4/Male/Purple/Ultra-Heavy,2,Matthew Roland Bell,Gracie Barra
British National Gi e Kids Jiu-Jitsu Championship 2016,Master4/Male/Purple/OpenClass,1,Richard Lewis,99 Nine Nine JJ - International
British National Gi e Kids Jiu-Jitsu Championship 2016,Master4/Male/Purple/OpenClass,2,Matthew Roland Bell,Gracie Barra
British National Gi e Kids Jiu-Jitsu Championship 2016,Master4/Male/Purple/OpenClass,3,John Kelly,CheckMat
British National Gi e Kids Jiu-Jitsu Championship 2016,Master4/Male/Brown/Light,1,Patrick James,New School BJJ
British National Gi e Kids Jiu-Jitsu Championship 2016,Master4/Male/Brown/Light,2,Pierre Jean Henry,PAT Academy Belgium
British National Gi e Kids Jiu-Jitsu Championship 2016,Master4/Male/Black/Light,1,Austin Nehemiah Gardner,99 Nine Nine JJ - International
British National Gi e Kids Jiu-Jitsu Championship 2016,Master4/Male/Black/Medium-Heavy,1,Álvaro Luís Gonçalves Da Silva,Carlson Gracie Team
British National Gi e Kids Jiu-Jitsu Championship 2016,Master4/Male/Black/Heavy,1,Lucio de Sousa Monte Alto,Alliance Sul
British National Gi e Kids Jiu-Jitsu Championship 2016,Master4/Male/Black/OpenClass,1,Álvaro Luís Gonçalves Da Silva,Carlson Gracie Team
British National Gi e Kids Jiu-Jitsu Championship 2016,Master4/Male/Black/OpenClass,2,Austin Nehemiah Gardner,99 Nine Nine JJ - International
British National Gi e Kids Jiu-Jitsu Championship 2016,Master4/Male/Black/OpenClass,3,Lucio de Sousa Monte Alto,Alliance Sul
British National Gi e Kids Jiu-Jitsu Championship 2016,Master6/Male/Black/Middle,1,Paulo Sergio Silva dos Santos,PS Phoenix BJJ International
