Asian International Open 2013,Juvenile/Male/White/Medium-Heavy,1,Diego Padilla,Axis Jiu-Jitsu
Asian International Open 2013,Juvenile/Male/White/Medium-Heavy,2,Renan Shiraishi,Impacto Japan B.J.J.
Asian International Open 2013,Juvenile/Male/Blue/Feather,1,Joseph Angel Aman Jr.,American Top Team
Asian International Open 2013,Juvenile/Male/Blue/Feather,2,Ray Jon Pangelinan Umadhay,Purebred Jiu Jitsu Guam
Asian International Open 2013,Juvenile/Male/Blue/Feather,3,Naoki Ueda,Paraestra
Asian International Open 2013,Juvenile/Male/Blue/Super-Heavy,1,Kimura Kevin Yoshio,Infight Japan Jiu-Jitsu
Asian International Open 2013,Juvenile/Male/Blue/Super-Heavy,2,Edgar Siew Weiyao,Evolve MMA
Asian International Open 2013,Adult/Male/White/Rooster,1,KAZUYUKI YOSHIDA,Purebred Omiya
Asian International Open 2013,Adult/Male/White/Rooster,2,Cintra Lucas Tahira,Rocha Jiu Jitsu
Asian International Open 2013,Adult/Male/White/Rooster,3,Kenney Velazquez,Nova União Hawai
Asian International Open 2013,Adult/Male/White/Rooster,3,Takahiro Kimata,Dragon's Den
Asian International Open 2013,Adult/Male/White/Light-Feather,1,Douglas Ramos,Garra Team
Asian International Open 2013,Adult/Male/White/Light-Feather,2,Vinicius  Shiguemi,Ogawa Jiu Jitsu
Asian International Open 2013,Adult/Male/White/Feather,1,daisuke murayama,Master Japan
Asian International Open 2013,Adult/Male/White/Feather,2,LEE YEONPUNG,Alliance Los Angeles
Asian International Open 2013,Adult/Male/White/Feather,3,Bruno Ferreira,Ogawa Jiu Jitsu
Asian International Open 2013,Adult/Male/White/Feather,3,Taiki yamazaki,Renatus Jiu-Jitsu Academy
Asian International Open 2013,Adult/Male/White/Light,1,shinsuke Moribe,Purebred Kawaguchi Redips
Asian International Open 2013,Adult/Male/White/Light,2,Neri Blas,Bonsai JJ - USA
Asian International Open 2013,Adult/Male/White/Light,3,Fernando Yamamoto Kassawara,Ogawa Jiu Jitsu
Asian International Open 2013,Adult/Male/White/Light,3,Watanabe Kenshirou,Paraestra
Asian International Open 2013,Adult/Male/White/Middle,1,Chris O'Donoghue,Southside Brazilian Jiu-Jitsu
Asian International Open 2013,Adult/Male/White/Middle,2,Teruo Goto,Over Limit BJJ
Asian International Open 2013,Adult/Male/White/Middle,3,Bolli  Thoroddsen,Tri-Force Jiu-Jitsu Academy
Asian International Open 2013,Adult/Male/White/Middle,3,Raul Fernando Suzuki,Damm Fight Japan
Asian International Open 2013,Adult/Male/White/Medium-Heavy,1,roderick casas,Purebred Jiu Jitsu Guam
Asian International Open 2013,Adult/Male/White/Medium-Heavy,2,Vadim Lupenko,Gracie Barra
Asian International Open 2013,Adult/Male/White/Medium-Heavy,3,Shawn Owen,Alliance International
Asian International Open 2013,Adult/Male/White/Medium-Heavy,3,Sugiyama Helio Mauricio,Checkmat Japan
Asian International Open 2013,Adult/Male/White/Heavy,1,Anders Lunnback,Tri-Force Jiu-Jitsu Academy
Asian International Open 2013,Adult/Male/White/Heavy,2,HIDEHIKO NORITSUGU,Purebred Omiya
Asian International Open 2013,Adult/Male/White/Heavy,3,jn michael,Nova União Hawai
Asian International Open 2013,Adult/Male/White/Ultra-Heavy,1,Ivan Valencia,Purebred Jiu Jitsu Guam
Asian International Open 2013,Adult/Male/White/Ultra-Heavy,2,Antonio Quichocho,Purebred Jiu Jitsu Guam
Asian International Open 2013,Adult/Male/White/Ultra-Heavy,3,Batsaikhan Damdin,Mongolian BJJ
Asian International Open 2013,Adult/Female/White/Rooster,1,Sumika San Nicolas,Nova União Hawai
Asian International Open 2013,Adult/Female/White/Rooster,2,Terumi Suzuki,Ogawa Jiu Jitsu
Asian International Open 2013,Adult/Female/White/Feather,1,Dorlig Dolgor,Mongolian BJJ
Asian International Open 2013,Adult/Female/White/Feather,2,Rie Tanida,Dragon's Den
Asian International Open 2013,Adult/Female/White/Feather,3,Edelynn Blas,Bonsai JJ - USA
Asian International Open 2013,Adult/Female/White/Feather,3,Gerdanna Johnston,Nova União Hawai
Asian International Open 2013,Adult/Female/White/Light,1,Audrey Kua,Evolve MMA
Asian International Open 2013,Adult/Female/White/Light,2,Soon Tze Siew,Evolve MMA
Asian International Open 2013,Adult/Female/White/Light,3,Alora Aman,American Top Team Wellington
Asian International Open 2013,Adult/Female/White/Light,3,Elizabeth Rhodus,Hiro BJJ Academy Yokohama
Asian International Open 2013,Adult/Female/White/Medium-Heavy,1,Amelia Lui,Atos Jiu-Jitsu
Asian International Open 2013,Adult/Female/White/Medium-Heavy,2,Morwenna MacLean,Evolve MMA
Asian International Open 2013,Adult/Male/Blue/Rooster,1,Gilson Sone,Infight Japan Jiu-Jitsu
Asian International Open 2013,Adult/Male/Blue/Rooster,2,Ray Paul Jardon,Purebred Jiu Jitsu Guam
Asian International Open 2013,Adult/Male/Blue/Rooster,3,KITAYAMA TAKAHIRO,Grasco Jiu-Jitsu Academy
Asian International Open 2013,Adult/Male/Blue/Rooster,3,Nobuyuki Endo,Tri-Force Jiu-Jitsu Academy
Asian International Open 2013,Adult/Male/Blue/Light-Feather,1,Daiju Yokoyama,Paraestra
Asian International Open 2013,Adult/Male/Blue/Light-Feather,2,kosuke somekawa,Tri-Force Jiu-Jitsu Academy
Asian International Open 2013,Adult/Male/Blue/Light-Feather,3,Kawasaki Junpei (repetido 54000),Paraestra Nakagawa
Asian International Open 2013,Adult/Male/Blue/Light-Feather,3,Lindomar Silva,Kussano Team
Asian International Open 2013,Adult/Male/Blue/Feather,1,Tetsuya Sakurai (repetido 53097),Dragon's Den
Asian International Open 2013,Adult/Male/Blue/Feather,2,Maxim Ruvinsky,Emirates Jiu-Jitsu Center
Asian International Open 2013,Adult/Male/Blue/Feather,3,Heitor Tolêdo Braga,João Roque JJ
Asian International Open 2013,Adult/Male/Blue/Feather,3,Oliver Lam,Kowloon BJJ
Asian International Open 2013,Adult/Male/Blue/Light,1,Keita Inoue,Grounnd Core
Asian International Open 2013,Adult/Male/Blue/Light,2,David Harris,Purebred Jiu Jitsu Guam
Asian International Open 2013,Adult/Male/Blue/Light,3,Kazuhide Shirota,Infight Japan Jiu-Jitsu
Asian International Open 2013,Adult/Male/Blue/Light,3,Koichiro Yamashita,Paraestra
Asian International Open 2013,Adult/Male/Blue/Middle,1,Ali Ebrahim Ali Hasan,Alliance International
Asian International Open 2013,Adult/Male/Blue/Middle,2,Diego Anraku,Gracie Barra
Asian International Open 2013,Adult/Male/Blue/Middle,3,Alex Chad Macdonald,Southside Brazilian Jiu-Jitsu
Asian International Open 2013,Adult/Male/Blue/Middle,3,Ariuntsog Baasandorj,Mongolian BJJ
Asian International Open 2013,Adult/Male/Blue/Medium-Heavy,1,Christopher Nededog,Purebred Jiu Jitsu Guam
Asian International Open 2013,Adult/Male/Blue/Medium-Heavy,2,Jose Luis Ochoa Mancilla,Nex
Asian International Open 2013,Adult/Male/Blue/Medium-Heavy,3,Algimants Kontauts,Tokushima BJJ
Asian International Open 2013,Adult/Male/Blue/Medium-Heavy,3,Zorigtbaatar Baatarjav,Mongolian BJJ
Asian International Open 2013,Adult/Male/Blue/Heavy,1,Hudson Amorin de Amaral,Over Limit BJJ
Asian International Open 2013,Adult/Male/Blue/Heavy,2,yuuichi igarashi,Fellows
Asian International Open 2013,Adult/Male/Blue/Heavy,3,Masato Takahashi,Renatus Jiu-Jitsu Academy
Asian International Open 2013,Adult/Male/Blue/Heavy,3,Yudi  taniguti,Infight Japan Jiu-Jitsu
Asian International Open 2013,Adult/Male/Blue/Super-Heavy,1,Vinicius Goes  Dornelles,Infight Japan Jiu-Jitsu
Asian International Open 2013,Adult/Male/Blue/Super-Heavy,2,Jesse Lewis Bonnar,Gracie Barra
Asian International Open 2013,Adult/Male/Blue/Super-Heavy,3,kazutoshi yazawa,Renatus Jiu-Jitsu Academy
Asian International Open 2013,Adult/Male/Blue/Ultra-Heavy,1,Danny Maireroa,Southside Brazilian Jiu-Jitsu
Asian International Open 2013,Adult/Male/Blue/Ultra-Heavy,2,KOUTAROU ABE,Tri-Force Jiu-Jitsu Academy
Asian International Open 2013,Adult/Male/Blue/OpenClass,1,Danny Maireroa,Southside Brazilian Jiu-Jitsu
Asian International Open 2013,Adult/Male/Blue/OpenClass,2,Hudson Amorin de Amaral,Over Limit BJJ
Asian International Open 2013,Adult/Male/Blue/OpenClass,3,Keita Inoue,Grounnd Core
Asian International Open 2013,Adult/Male/Blue/OpenClass,3,Vinicius Goes  Dornelles,Infight Japan Jiu-Jitsu
Asian International Open 2013,Adult/Female/Blue/Light-Feather,1,Shizuka Yuasa,Nexusense
Asian International Open 2013,Adult/Female/Blue/Light-Feather,2,Cristina Natalia Shepler,Nova União
Asian International Open 2013,Adult/Female/Blue/Light-Feather,3,Mina Kurobe,Master Japan
Asian International Open 2013,Adult/Female/Blue/Light-Feather,3,Shiori Takeshita,Dragon's Den
Asian International Open 2013,Adult/Female/Blue/Feather,1,Su Ling Chan,Nova União International
Asian International Open 2013,Adult/Female/Blue/Feather,2,jennifer perez,Ogawa Jiu Jitsu
Asian International Open 2013,Adult/Female/Blue/Feather,3,An hye jin,DeLariva Japan
Asian International Open 2013,Adult/Female/Blue/Feather,3,harumi Todate,Master Japan
Asian International Open 2013,Adult/Female/Blue/Light,1,Yuki Kaneko,Paraestra
Asian International Open 2013,Adult/Female/Blue/Light,2,Jasmine Cuizon,Ribeiro Jiu-Jitsu International
Asian International Open 2013,Adult/Female/Blue/Light,3,patricia guanaes,Ogawa Jiu Jitsu
Asian International Open 2013,Adult/Female/Blue/Middle,1,Buyandelger Battsogt,Mongolian BJJ
Asian International Open 2013,Adult/Female/Blue/Middle,2,Enkhchimeg Sodnomsuren,Mongolian BJJ
Asian International Open 2013,Adult/Female/Blue/Heavy,1,Munkhtuya Dashnyam,Mongolian BJJ
Asian International Open 2013,Adult/Female/Blue/OpenClass,1,Buyandelger Battsogt,Mongolian BJJ
Asian International Open 2013,Adult/Female/Blue/OpenClass,2,Munkhtuya Dashnyam,Mongolian BJJ
Asian International Open 2013,Adult/Female/Blue/OpenClass,3,patricia guanaes,Ogawa Jiu Jitsu
Asian International Open 2013,Adult/Female/Blue/OpenClass,3,Shizuka Yuasa,Nexusense
Asian International Open 2013,Adult/Male/Purple/Rooster,1,Hiroki Sugimoto,Axis Jiu-Jitsu
Asian International Open 2013,Adult/Male/Purple/Rooster,2,Huendel Dinelly Osaki,Ogawa Jiu Jitsu
Asian International Open 2013,Adult/Male/Purple/Rooster,3,MASATOMO NISHIBAYASHI,Axis Jiu-Jitsu
Asian International Open 2013,Adult/Male/Purple/Rooster,3,Shoichi Akahori,Strapple
Asian International Open 2013,Adult/Male/Purple/Light-Feather,1,Yuta Shimada,Nexusense
Asian International Open 2013,Adult/Male/Purple/Light-Feather,2,Yosuke Kobayashi,Axis Jiu-Jitsu
Asian International Open 2013,Adult/Male/Purple/Light-Feather,3,Kazuhiro Miyachi,Shooto Gym Roots
Asian International Open 2013,Adult/Male/Purple/Light-Feather,3,TOSHIHIKO TAKAHASHI,Paraestra
Asian International Open 2013,Adult/Male/Purple/Feather,1,Vanderlei Takasaki Cardoso,Impacto Japan B.J.J.
Asian International Open 2013,Adult/Male/Purple/Feather,2,Takashi Imaizumi,Unpluged Kokubunji
Asian International Open 2013,Adult/Male/Purple/Feather,3,LEE HYUNJU,Hiro BJJ Academy Yokohama
Asian International Open 2013,Adult/Male/Purple/Feather,3,Rayom Schroeter Ribeiro,Atos Jiu-Jitsu
Asian International Open 2013,Adult/Male/Purple/Light,1,Tanno Robson Odilio,Impacto Japan B.J.J.
Asian International Open 2013,Adult/Male/Purple/Light,2,Katsuki  Shiraishi,Gracie Barra
Asian International Open 2013,Adult/Male/Purple/Light,3,Ryosuke Sakagami,Suita Jiu-Jitsu
Asian International Open 2013,Adult/Male/Purple/Light,3,Son Jinho,DeLariva Japan
Asian International Open 2013,Adult/Male/Purple/Middle,1,Mateo Londono Armel,American Top Team Wellington
Asian International Open 2013,Adult/Male/Purple/Middle,2,Robert Vingsnes,Paraestra
Asian International Open 2013,Adult/Male/Purple/Middle,3,Kendy Shiozaki,Over Limit BJJ
Asian International Open 2013,Adult/Male/Purple/Middle,3,Masashi Takahashi,Tri-Force Jiu-Jitsu Academy
Asian International Open 2013,Adult/Male/Purple/Medium-Heavy,1,Aleksandar Jovanovic,Southside Brazilian Jiu-Jitsu
Asian International Open 2013,Adult/Male/Purple/Medium-Heavy,2,James A. Roberto,Purebred Jiu Jitsu Guam
Asian International Open 2013,Adult/Male/Purple/Medium-Heavy,3,kyouhei yoshida,Itadaki Jiu-Jitsu
Asian International Open 2013,Adult/Male/Purple/Medium-Heavy,3,Skyyler Taitano,Carlson Gracie
Asian International Open 2013,Adult/Male/Purple/Heavy,1,Nils Morten Dahl,Checkmat CDJJ Tokyo
Asian International Open 2013,Adult/Male/Purple/Heavy,2,Ruben Rivas,Bonsai JJ - USA
Asian International Open 2013,Adult/Male/Purple/Heavy,3,Nishimoto Kenji,Paraestra
Asian International Open 2013,Adult/Male/Purple/Super-Heavy,1,Danny Andre Feliz Capitao,Icon BJJ
Asian International Open 2013,Adult/Male/Purple/Super-Heavy,2,Yuji Arai,Over Limit BJJ
Asian International Open 2013,Adult/Male/Purple/OpenClass,1,Danny Andre Feliz Capitao,Icon BJJ
Asian International Open 2013,Adult/Male/Purple/OpenClass,2,Yuta Shimada,Nexusense
Asian International Open 2013,Adult/Male/Purple/OpenClass,3,Aleksandar Jovanovic,Southside Brazilian Jiu-Jitsu
Asian International Open 2013,Adult/Male/Purple/OpenClass,3,Tanno Robson Odilio,Impacto Japan B.J.J.
Asian International Open 2013,Adult/Female/Purple/Light-Feather,1,Saori Shibamoto,Tri-Force Jiu-Jitsu Academy
Asian International Open 2013,Adult/Female/Purple/Light-Feather,2,misato hori,Me, We
Asian International Open 2013,Adult/Female/Purple/Light-Feather,3,Mayumi Kai,Newaza World Higashikyushu
Asian International Open 2013,Adult/Female/Purple/Feather,1,Danielle Renee Alvarez,Nova União
Asian International Open 2013,Adult/Female/Purple/Feather,2,Kate Wilson,Guigo JJ International
Asian International Open 2013,Adult/Female/Purple/Feather,3,Cristiane Makiyama,Ogawa Jiu Jitsu
Asian International Open 2013,Adult/Female/Purple/Feather,3,Dara Roberto,Purebred Jiu Jitsu Guam
Asian International Open 2013,Adult/Female/Purple/Light,1,Sarah Johnel Black,GD Jiu-Jitsu Association
Asian International Open 2013,Adult/Female/Purple/Light,2,Yayoi Hatta,T-Rex Jiu-Jitsu Academy
Asian International Open 2013,Adult/Female/Purple/Light,3,Misato Tomita,Renatus Jiu-Jitsu Academy
Asian International Open 2013,Adult/Female/Purple/Middle,1,Fiona Louise Muxlow,Brazilian Top Team
Asian International Open 2013,Adult/Female/Purple/Heavy,1,Teresa Nien Tsu Ho,BJJ Revolution Team
Asian International Open 2013,Adult/Female/Purple/OpenClass,1,Sarah Johnel Black,GD Jiu-Jitsu Association
Asian International Open 2013,Adult/Female/Purple/OpenClass,2,Kate Wilson,Guigo JJ International
Asian International Open 2013,Adult/Female/Purple/OpenClass,3,Cristiane Makiyama,Ogawa Jiu Jitsu
Asian International Open 2013,Adult/Female/Purple/OpenClass,3,Teresa Nien Tsu Ho,BJJ Revolution Team
Asian International Open 2013,Adult/Male/Brown/Rooster,1,Masazumi Ito,Paraestra
Asian International Open 2013,Adult/Male/Brown/Rooster,2,Kinoshita Shun,Team Barbosa Japan
Asian International Open 2013,Adult/Male/Brown/Rooster,3,Hisato Naritomi,Paraestra
Asian International Open 2013,Adult/Male/Brown/Rooster,3,Taro Kimura,Free & Free
Asian International Open 2013,Adult/Male/Brown/Light-Feather,1,Rodrigo Yoshimi Oiye,Nova União
Asian International Open 2013,Adult/Male/Brown/Light-Feather,2,Jun Sakamoto,Tri-Force Jiu-Jitsu Academy
Asian International Open 2013,Adult/Male/Brown/Light-Feather,3,Akihiko Sato,Carpe Diem
Asian International Open 2013,Adult/Male/Brown/Light-Feather,3,Satoshi Tatsumi,Hiro BJJ Academy Yokohama
Asian International Open 2013,Adult/Male/Brown/Feather,1,Jason Alexander Gagnon,Alliance Los Angeles
Asian International Open 2013,Adult/Male/Brown/Feather,2,Hiroaki Otsuka,Grabaka Jiu Jitsu Club
Asian International Open 2013,Adult/Male/Brown/Feather,3,Daisuke Arikawa,Volcano Jiu-Jitsu & MMA
Asian International Open 2013,Adult/Male/Brown/Feather,3,Lee Sang Hyun,DeLariva Japan
Asian International Open 2013,Adult/Male/Brown/Light,1,Kleber Erbst Koike,Bull-Terrier Bonsai
Asian International Open 2013,Adult/Male/Brown/Light,2,Ilke Kubilay Bulut,Icon BJJ
Asian International Open 2013,Adult/Male/Brown/Light,3,Thiago Felipe Hatada,Gracie Barra
Asian International Open 2013,Adult/Male/Brown/Middle,1,Anderson Takahashi De Faria,Rocha Jiu Jitsu
Asian International Open 2013,Adult/Male/Brown/Middle,2,Akifumi Kawazoe,Gracie Barra
Asian International Open 2013,Adult/Male/Brown/Middle,3,Kane Samuel Gehling,Guigo JJ International
Asian International Open 2013,Adult/Male/Brown/Medium-Heavy,1,Sadayoshi Roberto Mota Kurimori,Impacto Japan B.J.J.
Asian International Open 2013,Adult/Male/Brown/Medium-Heavy,2,Richard Michael Cesena,Unified Jiu Jitsu
Asian International Open 2013,Adult/Male/Brown/Heavy,1,Jesse Lee Forbes,GD Jiu-Jitsu Association
Asian International Open 2013,Adult/Male/Brown/Heavy,2,Kazuyoshi Minami,Paraestra
Asian International Open 2013,Adult/Male/Brown/OpenClass,1,Kleber Erbst Koike,Bull-Terrier Bonsai
Asian International Open 2013,Adult/Male/Brown/OpenClass,2,Kane Samuel Gehling,Guigo JJ International
Asian International Open 2013,Adult/Male/Brown/OpenClass,3,Ilke Kubilay Bulut,Icon BJJ
Asian International Open 2013,Adult/Male/Brown/OpenClass,3,Thiago Felipe Hatada,Gracie Barra
Asian International Open 2013,Adult/Male/Black/Rooster,1,Koji Shibamoto,Tri-Force Jiu-Jitsu Academy
Asian International Open 2013,Adult/Male/Black/Rooster,2,Makoto Sawada,Dragon's Den
Asian International Open 2013,Adult/Male/Black/Rooster,3,Gun Na,Renzo Gracie International
Asian International Open 2013,Adult/Male/Black/Rooster,3,Hiroaki Yoshioka,Paraestra
Asian International Open 2013,Adult/Male/Black/Light-Feather,1,Takuto Kako,Grappling Shoot Boxers
Asian International Open 2013,Adult/Male/Black/Light-Feather,2,Jordy A. Jean Antoon Peute,Gracie Barra
Asian International Open 2013,Adult/Male/Black/Light-Feather,3,Yasuhito Nakatsuka,Me, We
Asian International Open 2013,Adult/Male/Black/Light-Feather,3,Yoshihiro Yamada,Pogona Club Gym
Asian International Open 2013,Adult/Male/Black/Feather,1,Ichitaro Tsukada,Damm Fight Japan
Asian International Open 2013,Adult/Male/Black/Feather,2,Makoto Aramaki,Hong Kong Jiu-Jitsu
Asian International Open 2013,Adult/Male/Black/Feather,3,Julien Robin Gaillard,Gracie Barcelona
Asian International Open 2013,Adult/Male/Black/Feather,3,Takayuki Koyama,Fukuzumi Jiu-Jitsu
Asian International Open 2013,Adult/Male/Black/Light,1,Daisuke Shiraki,Carpe Diem Hope
Asian International Open 2013,Adult/Male/Black/Light,2,Rodolphe Robert Olivier,CheckMat
Asian International Open 2013,Adult/Male/Black/Light,3,Lucas Costa Santana,Legacy
Asian International Open 2013,Adult/Male/Black/Light,3,Thibaut François Léo Olivier,CheckMat
Asian International Open 2013,Adult/Male/Black/Middle,1,William Ferreira Dias,Nova União
Asian International Open 2013,Adult/Male/Black/Middle,2,Makoto Ogasawara,Nova União International
Asian International Open 2013,Adult/Male/Black/Middle,3,Tatsuya Kaneko,Paraestra
Asian International Open 2013,Adult/Male/Black/Middle,3,Thiago de Godoi Braga,Legacy
Asian International Open 2013,Adult/Male/Black/Medium-Heavy,1,Vicente Gomes C. N. Cavalcanti,Southside Brazilian Jiu-Jitsu
Asian International Open 2013,Adult/Male/Black/Medium-Heavy,2,Yuta Nakamura,T-Rex Jiu-Jitsu Academy
Asian International Open 2013,Adult/Male/Black/Medium-Heavy,3,Julien Cazier,Gracie Barra
Asian International Open 2013,Adult/Male/Black/Super-Heavy,1,Charles Gaspar Costa,Impacto Japan B.J.J.
Asian International Open 2013,Adult/Male/Black/Super-Heavy,2,Akira Hosokawa,Alive
Asian International Open 2013,Adult/Male/Black/OpenClass,1,William Ferreira Dias,Nova União
Asian International Open 2013,Adult/Male/Black/OpenClass,2,Vicente Gomes C. N. Cavalcanti,Southside Brazilian Jiu-Jitsu
Asian International Open 2013,Adult/Male/Black/OpenClass,3,Akira Hosokawa,Alive
Asian International Open 2013,Adult/Male/Black/OpenClass,3,Tatsuya Kaneko,Paraestra
Asian International Open 2013,Master1/Male/White/Light-Feather,1,CLERTON MITSUO  Hashimoto,Infight Japan Jiu-Jitsu
Asian International Open 2013,Master1/Male/White/Light-Feather,2,YASUO KOBAYASHI,Tri-Force Jiu-Jitsu Academy
Asian International Open 2013,Master1/Male/White/Light-Feather,3,Sergio Yoshio Ueda,Kussano Team
Asian International Open 2013,Master1/Male/White/Light,1,Ashley R Neale,Nova União Australia
Asian International Open 2013,Master1/Male/White/Light,2,Ryosuke Fukui,Hiro BJJ Academy Yokohama
Asian International Open 2013,Master1/Male/White/Light,3,Michael Leung,BJJ Revolution Team
Asian International Open 2013,Master1/Male/White/Light,3,Morino Rojerio,TS Brazilian Jiu Jitsu
Asian International Open 2013,Master1/Male/White/Middle,1,Jason Sturdevant,Axis Jiu-Jitsu
Asian International Open 2013,Master1/Male/White/Middle,2,Seiichi Yokomizo,Evolve MMA
Asian International Open 2013,Master1/Male/White/Middle,3,Fábio Silva,Kussano Team
Asian International Open 2013,Master1/Male/White/Middle,3,Yasunao Nakamura,Tri-Force Jiu-Jitsu Academy
Asian International Open 2013,Master1/Male/White/Medium-Heavy,1,Adriano Kusunoki,Ogawa Jiu Jitsu
Asian International Open 2013,Master1/Male/White/Medium-Heavy,2,Gonzalo Alejandro de Varona Almira,Nova União Australia
Asian International Open 2013,Master1/Male/White/Heavy,1,Benjamin Tadashi Mizusawa,Gracie Barra
Asian International Open 2013,Master1/Male/White/Ultra-Heavy,1,Laurence Hook,BJJ Revolution Team
Asian International Open 2013,Master1/Male/White/Ultra-Heavy,2,Tomi Vauhkonen,Alliance International
Asian International Open 2013,Master1/Male/Blue/Rooster,1,Hidenori Karasawa,Paraestra
Asian International Open 2013,Master1/Male/Blue/Rooster,2,Watanabe Yoshiyuki,Ogawa Jiu Jitsu
Asian International Open 2013,Master1/Male/Blue/Rooster,3,Rohit Apte,BJJ Revolution Team
Asian International Open 2013,Master1/Male/Blue/Rooster,3,Takeshi Yano,Dragon's Den
Asian International Open 2013,Master1/Male/Blue/Light-Feather,1,Hoki Takasu,Ogawa Jiu Jitsu
Asian International Open 2013,Master1/Male/Blue/Light-Feather,2,Satoru Kawaguchi,Dragon's Den
Asian International Open 2013,Master1/Male/Blue/Light-Feather,3,alberto jose medeiros netto,Infight Japan Jiu-Jitsu
Asian International Open 2013,Master1/Male/Blue/Light-Feather,3,ryouhei kato,Carpe Diem Nagasaki
Asian International Open 2013,Master1/Male/Blue/Feather,1,Katsuaki Komatsu,Tri-Force Jiu-Jitsu Academy
Asian International Open 2013,Master1/Male/Blue/Feather,2,Masao Nakatani,Grasco Jiu-Jitsu Academy
Asian International Open 2013,Master1/Male/Blue/Feather,3,Ricardo Okagawa,Infight Japan Jiu-Jitsu
Asian International Open 2013,Master1/Male/Blue/Feather,3,Takayuki Okutomi,Dragon's Den
Asian International Open 2013,Master1/Male/Blue/Light,1,Denis Gurinenko,Gracie Barra
Asian International Open 2013,Master1/Male/Blue/Light,2,Oliver Graham,BJJ Revolution Team
Asian International Open 2013,Master1/Male/Blue/Light,3,Adriano Smalti,Garra Team
Asian International Open 2013,Master1/Male/Blue/Light,3,Hugo  Novais,Infight Japan Jiu-Jitsu
Asian International Open 2013,Master1/Male/Blue/Middle,1,Carlos Eduardo Kawashaki,Kussano Team
Asian International Open 2013,Master1/Male/Blue/Middle,2,Mboso Sampson,Carpe Diem
Asian International Open 2013,Master1/Male/Blue/Middle,3,Grant Ogbu,BJJ Revolution Team
Asian International Open 2013,Master1/Male/Blue/Middle,3,Kenichi Koiwa,Tri-Force Jiu-Jitsu Academy
Asian International Open 2013,Master1/Male/Blue/Medium-Heavy,1,Makoto Matsumoto,Dragon's Den
Asian International Open 2013,Master1/Male/Blue/Medium-Heavy,2,Denis Mugafin,Jungle BJJ
Asian International Open 2013,Master1/Male/Blue/Medium-Heavy,3,Hsien Kai Lin,Taiwan BJJ
Asian International Open 2013,Master1/Male/Blue/Ultra-Heavy,1,Erik Flores,Drysdale BJJ
Asian International Open 2013,Master1/Male/Blue/Ultra-Heavy,2,Manumea Armand Maheahea,Gracie Barra
Asian International Open 2013,Master1/Male/Blue/OpenClass,1,Manumea Armand Maheahea,Gracie Barra
Asian International Open 2013,Master1/Male/Blue/OpenClass,2,alberto jose medeiros netto,Infight Japan Jiu-Jitsu
Asian International Open 2013,Master1/Male/Blue/OpenClass,3,Hsien Kai Lin,Taiwan BJJ
Asian International Open 2013,Master1/Male/Blue/OpenClass,3,Katsuaki Komatsu,Tri-Force Jiu-Jitsu Academy
Asian International Open 2013,Master1/Female/Blue/Light-Feather,1,Miriam Villar,Nova União
Asian International Open 2013,Master1/Female/Blue/Light-Feather,2,Iori Echigo,Tri-Force Jiu-Jitsu Academy
Asian International Open 2013,Master1/Female/Blue/Light-Feather,3,Junko Tomari,Paraestra
Asian International Open 2013,Master1/Female/Blue/Light-Feather,3,Keiko  Maezaki,Reversal Gym Yokohama Groundslam
Asian International Open 2013,Master1/Female/Blue/Feather,1,Nozomi Miki,Hiro BJJ Academy Yokohama
Asian International Open 2013,Master1/Female/Blue/Feather,2,Itoe Ikejima,Tri-Force Jiu-Jitsu Academy
Asian International Open 2013,Master1/Female/Blue/Feather,3,Arlene Lim (repetido 117289),Evolve MMA
Asian International Open 2013,Master1/Female/Blue/Light,1,Clelia Machado,Impacto Japan B.J.J.
Asian International Open 2013,Master1/Female/Blue/Light,2,Katarzina Joanna Smalec,Alliance International
Asian International Open 2013,Master1/Female/Blue/Middle,1,Danielle Dorothy West,Eddie Kone BJJ (EKBJJ)
Asian International Open 2013,Master1/Female/Blue/Middle,2,Olivia Odell,BJJ Revolution Team
Asian International Open 2013,Master1/Female/Blue/OpenClass,1,Danielle Dorothy West,Eddie Kone BJJ (EKBJJ)
Asian International Open 2013,Master1/Female/Blue/OpenClass,2,Arlene Lim (repetido 117289),Evolve MMA
Asian International Open 2013,Master1/Female/Blue/OpenClass,3,Clelia Machado,Impacto Japan B.J.J.
Asian International Open 2013,Master1/Female/Blue/OpenClass,3,Keiko  Maezaki,Reversal Gym Yokohama Groundslam
Asian International Open 2013,Master1/Male/Purple/Rooster,1,Yasushi Shimizu,Pogona Club Gym
Asian International Open 2013,Master1/Male/Purple/Rooster,2,Shuji Sato,Paraestra
Asian International Open 2013,Master1/Male/Purple/Rooster,3,Chien-Kai Hung,Taiwan BJJ
Asian International Open 2013,Master1/Male/Purple/Rooster,3,TAKESHI SAMBE,Me, We
Asian International Open 2013,Master1/Male/Purple/Light-Feather,1,Takuya Yokoyama,Grabaka Jiu Jitsu Club
Asian International Open 2013,Master1/Male/Purple/Light-Feather,2,Leonardo Okuda,Dragon's Den
Asian International Open 2013,Master1/Male/Purple/Light-Feather,3,Edwin Philip Foo,Checkmat CDJJ Tokyo
Asian International Open 2013,Master1/Male/Purple/Light-Feather,3,Marcos Nakamura,Over Limit BJJ
Asian International Open 2013,Master1/Male/Purple/Feather,1,Ok Myoung Kim,DeLariva Japan
Asian International Open 2013,Master1/Male/Purple/Feather,2,KAZO KODAMA,Carpe Diem
Asian International Open 2013,Master1/Male/Purple/Feather,3,Mitsuhirto Kohana,Paraestra
Asian International Open 2013,Master1/Male/Purple/Feather,3,Tetsuo Ohkawa,Grabaka Jiu-Jitsu Club
Asian International Open 2013,Master1/Male/Purple/Light,1,Masakazu Otsuka,Paraestra
Asian International Open 2013,Master1/Male/Purple/Light,2,Hsu Huan Pin,Competition
Asian International Open 2013,Master1/Male/Purple/Light,3,Andre Sato,Ogawa Jiu Jitsu
Asian International Open 2013,Master1/Male/Purple/Light,3,Rodrigo de Souza,Impacto Japan B.J.J.
Asian International Open 2013,Master1/Male/Purple/Middle,1,Jordan Alan Shepler,Nova União
Asian International Open 2013,Master1/Male/Purple/Middle,2,Hiroaki Igusa,Purebred Omiya
Asian International Open 2013,Master1/Male/Purple/Middle,3,Larron Zachary Gandaoli,Purebred Jiu Jitsu Guam
Asian International Open 2013,Master1/Male/Purple/Middle,3,Ricardo Oliveira da Silva,Ogawa Jiu Jitsu
Asian International Open 2013,Master1/Male/Purple/Medium-Heavy,1,Kwon Sung Hwan,DeLariva Japan
Asian International Open 2013,Master1/Male/Purple/Medium-Heavy,2,Gareth Richard McNamara,SBG International (SBGI)
Asian International Open 2013,Master1/Male/Purple/Super-Heavy,1,Kleber Augusto Takayuki Yamada,Hiro BJJ Academy Yokohama
Asian International Open 2013,Master1/Male/Purple/Ultra-Heavy,1,Fernando Daikiri,Gracie Barra
Asian International Open 2013,Master1/Male/Purple/Ultra-Heavy,2,Michael James Craven,Carpe Diem
Asian International Open 2013,Master1/Male/Purple/Ultra-Heavy,3,Takashi Hashimoto,Paraestra
Asian International Open 2013,Master1/Male/Purple/OpenClass,1,Ricardo Oliveira da Silva,Ogawa Jiu Jitsu
Asian International Open 2013,Master1/Male/Purple/OpenClass,2,Gareth Richard McNamara,SBG International (SBGI)
Asian International Open 2013,Master1/Male/Purple/OpenClass,3,Kleber Augusto Takayuki Yamada,Hiro BJJ Academy Yokohama
Asian International Open 2013,Master1/Male/Purple/OpenClass,3,Takashi Hashimoto,Paraestra
Asian International Open 2013,Master1/Male/Brown/Light-Feather,1,Yasushi Ookubo,Fellows
Asian International Open 2013,Master1/Male/Brown/Light-Feather,2,Fabio Aquio Mitsuka,My Team Japan
Asian International Open 2013,Master1/Male/Brown/Light-Feather,3,Shin Kameda,DeLariva Japan
Asian International Open 2013,Master1/Male/Brown/Feather,1,Madson Massaru Santos Aihara,Impacto Japan B.J.J.
Asian International Open 2013,Master1/Male/Brown/Feather,2,Cassio Boni,Ogawa Jiu Jitsu
Asian International Open 2013,Master1/Male/Brown/Feather,3,Tomohiko Yokoyama,Fellows
Asian International Open 2013,Master1/Male/Brown/Feather,3,Wagner Pereira Nishizawa,Ogawa Jiu Jitsu
Asian International Open 2013,Master1/Male/Brown/Light,1,Carlos Augusto Da Silva Kimura,Impacto Japan B.J.J.
Asian International Open 2013,Master1/Male/Brown/Light,2,Lee Jung Yong,DeLariva Japan
Asian International Open 2013,Master1/Male/Brown/Middle,1,Dean Reynolds,Paraestra
Asian International Open 2013,Master1/Male/Brown/Middle,2,Yohei Nomura,Blows
Asian International Open 2013,Master1/Male/Brown/Middle,3,Asao Everton Ramos,Impacto Japan B.J.J.
Asian International Open 2013,Master1/Male/Brown/Middle,3,Wilson Luiz Sampaio,Impacto Japan B.J.J.
Asian International Open 2013,Master1/Male/Brown/Medium-Heavy,1,Jean-Marie Lagier,Icon BJJ
Asian International Open 2013,Master1/Male/Brown/Medium-Heavy,2,Atsushi Inoue,Strapple
Asian International Open 2013,Master1/Male/Brown/OpenClass,1,Asao Everton Ramos,Impacto Japan B.J.J.
Asian International Open 2013,Master1/Male/Brown/OpenClass,2,Carlos Augusto Da Silva Kimura,Impacto Japan B.J.J.
Asian International Open 2013,Master1/Male/Brown/OpenClass,3,Jean-Marie Lagier,Icon BJJ
Asian International Open 2013,Master1/Male/Brown/OpenClass,3,Yohei Nomura,Blows
Asian International Open 2013,Master1/Male/Black/Rooster,1,Kenshi Tomari,Paraestra
Asian International Open 2013,Master1/Male/Black/Rooster,2,Rafael Nakauchi,Ogawa Jiu Jitsu
Asian International Open 2013,Master1/Male/Black/Light-Feather,1,Kazuya Satoh,Paraestra
Asian International Open 2013,Master1/Male/Black/Light-Feather,2,Kyle Yoshiichi Takao,Nova União Hawai
Asian International Open 2013,Master1/Male/Black/Feather,1,Miqueias Toshio Asada,Impacto Japan B.J.J.
Asian International Open 2013,Master1/Male/Black/Feather,2,Roberto Yokoyama,My Team Japan
Asian International Open 2013,Master1/Male/Black/Feather,3,André Cristofoli,Núcleo JJ
Asian International Open 2013,Master1/Male/Black/Light,1,Rogerio Yoski Suto,Impacto Japan B.J.J.
Asian International Open 2013,Master1/Male/Black/Light,2,Leonardo Arruda Laurino,Guigo JJ International
Asian International Open 2013,Master1/Male/Black/Light,3,Takayasu Tsukamoto,Paraestra
Asian International Open 2013,Master1/Male/Black/Light,3,Tomikazu Goto,Paraestra
Asian International Open 2013,Master1/Male/Black/Middle,1,Alain Boret Mandengué,CheckMat International
Asian International Open 2013,Master1/Male/Black/Middle,2,Keisuke Takizawa,Kowloon BJJ
Asian International Open 2013,Master1/Male/Black/Middle,3,Anderson Kenji Murasaki Pereira,Impacto Japan B.J.J.
Asian International Open 2013,Master1/Male/Black/Middle,3,Elves De Souza Machado,Impacto Japan B.J.J.
Asian International Open 2013,Master1/Male/Black/Medium-Heavy,1,Alberto Hipácio Miná de Araújo,Gracie Barra
Asian International Open 2013,Master1/Male/Black/Medium-Heavy,2,Fabio Sakamoto Tiago,Impacto Japan B.J.J.
Asian International Open 2013,Master1/Male/Black/OpenClass,1,Rogerio Yoski Suto,Impacto Japan B.J.J.
Asian International Open 2013,Master1/Male/Black/OpenClass,2,Miqueias Toshio Asada,Impacto Japan B.J.J.
Asian International Open 2013,Master1/Male/Black/OpenClass,3,Alberto Hipácio Miná de Araújo,Gracie Barra
Asian International Open 2013,Master1/Male/Black/OpenClass,3,Kazuya Satoh,Paraestra
Asian International Open 2013,Master2/Male/White/Light-Feather,1,Tomomi Takemoto,Paraestra
Asian International Open 2013,Master2/Male/White/Light-Feather,2,Edd Lacuata,Purebred Jiu Jitsu Guam
Asian International Open 2013,Master2/Male/White/Feather,1,shigeru yamazaki,Paraestra
Asian International Open 2013,Master2/Male/White/Feather,2,Kunio Shinohara,Hiro BJJ Academy Yokohama
Asian International Open 2013,Master2/Male/White/Feather,3,Masatsugu Nogami,Strapple Waseda Hiruma Dojo
Asian International Open 2013,Master2/Male/White/Feather,3,Shinji Taneto,Carpe Diem
Asian International Open 2013,Master2/Male/White/Light,1,Claudio Assanuma,Ogawa Jiu Jitsu
Asian International Open 2013,Master2/Male/White/Light,2,Kazuomi Kiyota,Paraestra
Asian International Open 2013,Master2/Male/White/Light,3,Eijiro Katsuki,Dragon's Den
Asian International Open 2013,Master2/Male/White/Light,3,Elias Pereira Santiago,Gracie Barra
Asian International Open 2013,Master2/Male/White/Middle,1,Kerry Harris,Purebred Jiu Jitsu Guam
Asian International Open 2013,Master2/Male/White/Middle,2,Janylsson Kiyoshi T.   Koshiba,Ogawa Jiu Jitsu
Asian International Open 2013,Master2/Male/White/Middle,3,Artem Dolgikh,Jungle BJJ
Asian International Open 2013,Master2/Male/White/Middle,3,Carlo Ridolfo,Nova União Australia
Asian International Open 2013,Master2/Male/White/Medium-Heavy,1,Ederson  Silva,Ogawa Jiu Jitsu
Asian International Open 2013,Master2/Male/White/Medium-Heavy,2,Daisaku Okahata,Tri-Force Jiu-Jitsu Academy
Asian International Open 2013,Master2/Male/White/Super-Heavy,1,Jason Hernandez,Axis Jiu-Jitsu
Asian International Open 2013,Master2/Male/Blue/Rooster,1,Ryoji Takatsuji,Paraestra
Asian International Open 2013,Master2/Male/Blue/Rooster,2,Katsuyuki Eguchi,Paraestra
Asian International Open 2013,Master2/Male/Blue/Rooster,3,Renato Sato,Impacto Japan B.J.J.
Asian International Open 2013,Master2/Male/Blue/Light-Feather,1,Ted Joseph Tarpley,myBJJ Team
Asian International Open 2013,Master2/Male/Blue/Light-Feather,2,Ken Kaneko,Hiro BJJ Academy Yokohama
Asian International Open 2013,Master2/Male/Blue/Feather,1,Takadama Toshikatsu,Free & Free
Asian International Open 2013,Master2/Male/Blue/Feather,2,Junichiro Arayama,Paraestra
Asian International Open 2013,Master2/Male/Blue/Feather,3,ABDULAZIZ ALKHUBAIZI,Mauricio Gomes Origin BJJ Team
Asian International Open 2013,Master2/Male/Blue/Feather,3,Yuki Sato,Nexusense
Asian International Open 2013,Master2/Male/Blue/Light,1,Lee Sung baek,DeLariva Japan
Asian International Open 2013,Master2/Male/Blue/Light,2,OGAKI TAKAHIRO,Kanazawa Brazilian Jiu-Jitsu
Asian International Open 2013,Master2/Male/Blue/Light,3,Aziz El Bakush,Nova União International
Asian International Open 2013,Master2/Male/Blue/Light,3,takahiro ariyama,Free & Free
Asian International Open 2013,Master2/Male/Blue/Medium-Heavy,1,Nicola Pantone,BJJ Revolution Team
Asian International Open 2013,Master2/Male/Blue/Super-Heavy,1,Mikinori Nakano,Paraestra
Asian International Open 2013,Master2/Male/Blue/Super-Heavy,2,KEN SHOJIMA,Carpe Diem
Asian International Open 2013,Master2/Male/Blue/OpenClass,1,Mikinori Nakano,Paraestra
Asian International Open 2013,Master2/Male/Blue/OpenClass,2,KEN SHOJIMA,Carpe Diem
Asian International Open 2013,Master2/Male/Blue/OpenClass,3,Nicola Pantone,BJJ Revolution Team
Asian International Open 2013,Master2/Male/Blue/OpenClass,3,Ryoji Takatsuji,Paraestra
Asian International Open 2013,Master2/Male/Purple/Rooster,1,Yosuke Nakamura,Dragon's Den
Asian International Open 2013,Master2/Male/Purple/Rooster,2,hiroshi sassaki,Impacto Japan B.J.J.
Asian International Open 2013,Master2/Male/Purple/Rooster,3,Masahiko Morita,Pogona Club Gym
Asian International Open 2013,Master2/Male/Purple/Rooster,3,Sonohara Kazuhiko,Gracie Barra
Asian International Open 2013,Master2/Male/Purple/Light-Feather,1,Hitoshi Ayukawa,Paraestra
Asian International Open 2013,Master2/Male/Purple/Light-Feather,2,Fubito Aizawa,Paraestra
Asian International Open 2013,Master2/Male/Purple/Light-Feather,3,Teru Kohno,Nova União Hawai
Asian International Open 2013,Master2/Male/Purple/Light-Feather,3,Toshimitsu Yamawaki,X-Treme Jiu-Jitsu Academy
Asian International Open 2013,Master2/Male/Purple/Feather,1,Katsuhiko Hibino,Alive
Asian International Open 2013,Master2/Male/Purple/Feather,2,Celso Kosaka,Ogawa Jiu Jitsu
Asian International Open 2013,Master2/Male/Purple/Feather,3,dai ibaraki,Dragon's Den
Asian International Open 2013,Master2/Male/Purple/Feather,3,fumitomo nakahara,Paraestra
Asian International Open 2013,Master2/Male/Purple/Medium-Heavy,1,Daniel Villalpando,Impacto Japan B.J.J.
Asian International Open 2013,Master2/Male/Purple/Medium-Heavy,2,Masanori Takano,Strapple Ibaraki
Asian International Open 2013,Master2/Male/Purple/Super-Heavy,1,Hyungcheul Kim,Alliance Los Angeles
Asian International Open 2013,Master2/Male/Purple/Super-Heavy,2,Fábio  Fujii,Impacto Japan B.J.J.
Asian International Open 2013,Master2/Male/Purple/OpenClass,1,Hyungcheul Kim,Alliance Los Angeles
Asian International Open 2013,Master2/Male/Purple/OpenClass,2,Masanori Takano,Strapple Ibaraki
Asian International Open 2013,Master2/Male/Purple/OpenClass,3,Daniel Villalpando,Impacto Japan B.J.J.
Asian International Open 2013,Master2/Male/Purple/OpenClass,3,Fábio  Fujii,Impacto Japan B.J.J.
Asian International Open 2013,Master2/Male/Brown/Light-Feather,1,Mitsuhiro Iwami,Tokushima BJJ
Asian International Open 2013,Master2/Male/Brown/Feather,1,Tatsuya Sakamoto,Infight Japan Jiu-Jitsu
Asian International Open 2013,Master2/Male/Brown/Feather,2,Andrew Campbell Grahn,Pedro Sauer Team
Asian International Open 2013,Master2/Male/Brown/Light,1,Jefferson Joseph Effen,Infight Japan Jiu-Jitsu
Asian International Open 2013,Master2/Male/Brown/Light,2,Rodrigo Takemoto,Impacto Japan B.J.J.
Asian International Open 2013,Master2/Male/Brown/Medium-Heavy,1,Jacob Perez Guerrero,Nova União Hawai
Asian International Open 2013,Master2/Male/Brown/OpenClass,1,Tatsuya Sakamoto,Infight Japan Jiu-Jitsu
Asian International Open 2013,Master2/Male/Brown/OpenClass,2,Jacob Perez Guerrero,Nova União Hawai
Asian International Open 2013,Master2/Male/Brown/OpenClass,3,Jefferson Joseph Effen,Infight Japan Jiu-Jitsu
Asian International Open 2013,Master2/Male/Brown/OpenClass,3,Rodrigo Takemoto,Impacto Japan B.J.J.
Asian International Open 2013,Master2/Male/Black/Light-Feather,1,Reza Monfaradi,Alliance Manama
Asian International Open 2013,Master2/Male/Black/Feather,1,Alexandre Ogawa,Ogawa Jiu Jitsu
Asian International Open 2013,Master2/Male/Black/Feather,2,Daniel V. Alvarez Jr.,Nova União
Asian International Open 2013,Master2/Male/Black/Feather,3,Eiji Sano,Kyoto Nanige
Asian International Open 2013,Master2/Male/Black/Feather,3,Yacine Rahmani,CheckMat International
Asian International Open 2013,Master2/Male/Black/Light,1,Rogerio de Cristo Filho,Rocha Jiu Jitsu
Asian International Open 2013,Master2/Male/Black/Light,2,Gaku Inano,Team Barbosa Japan
Asian International Open 2013,Master2/Male/Black/Light,3,Koichi Nomura,Tri-Force Jiu-Jitsu Academy
Asian International Open 2013,Master2/Male/Black/Medium-Heavy,1,Eduardo Virissimo,Garra Team
Asian International Open 2013,Master2/Male/Black/Medium-Heavy,2,Patrick L Robinson,Choke-U
Asian International Open 2013,Master2/Male/Black/Medium-Heavy,3,Akira Kamimura,Paraestra
Asian International Open 2013,Master2/Male/Black/Heavy,1,Stephen Roberto,Purebred Jiu Jitsu Guam
Asian International Open 2013,Master2/Male/Black/Heavy,2,Fabio Eiti Matsusue,Infight Japan Jiu-Jitsu
Asian International Open 2013,Master2/Male/Black/OpenClass,1,Alexandre Ogawa,Ogawa Jiu Jitsu
Asian International Open 2013,Master2/Male/Black/OpenClass,2,Fabio Eiti Matsusue,Infight Japan Jiu-Jitsu
Asian International Open 2013,Master2/Male/Black/OpenClass,3,Patrick L Robinson,Choke-U
Asian International Open 2013,Master2/Male/Black/OpenClass,3,Rogerio de Cristo Filho,Rocha Jiu Jitsu
Asian International Open 2013,Master3/Male/Blue/Light-Feather,1,Hachidai Takatsuji,Paraestra
Asian International Open 2013,Master3/Male/Blue/Light-Feather,2,hirokazu miyazaki,Kanazawa Brazilian Jiu-Jitsu
Asian International Open 2013,Master3/Male/Blue/Feather,1,Kurokawa Noritaka,Tri-Force Jiu-Jitsu Academy
Asian International Open 2013,Master3/Male/Blue/Feather,2,toshikatsu fujimoto,Paraestra
Asian International Open 2013,Master3/Male/Blue/Light,1,Yamamoto Kiyokazu,Carpe Diem Nagasaki
Asian International Open 2013,Master3/Male/Blue/Light,2,Yasutoshi Takenoya,Dragon's Den
Asian International Open 2013,Master3/Male/Blue/Light,3,Kenji Habaguchi,Paraestra
Asian International Open 2013,Master3/Male/Blue/Light,3,Osamu Kimura,Paraestra
Asian International Open 2013,Master3/Male/Blue/Medium-Heavy,1,Nakamura Kenichiro,Strapple Waseda Hiruma Dojo
Asian International Open 2013,Master3/Male/Blue/Medium-Heavy,2,TAKESHI NAKAZATO,Dojyo Goujutsu
Asian International Open 2013,Master3/Male/Blue/OpenClass,1,Nakamura Kenichiro,Strapple Waseda Hiruma Dojo
Asian International Open 2013,Master3/Male/Blue/OpenClass,2,Osamu Kimura,Paraestra
Asian International Open 2013,Master3/Male/Blue/OpenClass,3,toshikatsu fujimoto,Paraestra
Asian International Open 2013,Master3/Male/Blue/OpenClass,3,Yasutoshi Takenoya,Dragon's Den
Asian International Open 2013,Master3/Male/Purple/Light-Feather,1,paulo uemura,Checkmat Japan
Asian International Open 2013,Master3/Male/Purple/Light-Feather,2,MITSUHIRO  MIYAUCHI,Paraestra
Asian International Open 2013,Master3/Male/Purple/Light-Feather,3,Hiroyuki Manabe,Tri-Force Jiu-Jitsu Academy
Asian International Open 2013,Master3/Male/Purple/Light-Feather,3,Nathaniel Darwin McIntyre,Pedro Sauer Team
Asian International Open 2013,Master3/Male/Purple/Feather,1,Ryojiro Sano,Axis Jiu-Jitsu
Asian International Open 2013,Master3/Male/Purple/Feather,2,Toshiyuki Nakayasu,Pogona Club Gym
Asian International Open 2013,Master3/Male/Purple/Feather,3,hugo yassaka,Infight Japan Jiu-Jitsu
Asian International Open 2013,Master3/Male/Purple/Feather,3,Yasunari Nakajima,Gimnashion Sapporo
Asian International Open 2013,Master3/Male/Purple/Light,1,Jinho Park,Alliance Los Angeles
Asian International Open 2013,Master3/Male/Purple/Light,2,Mitsuteru Nakajo,Hiro BJJ Academy Yokohama
Asian International Open 2013,Master3/Male/Purple/Middle,1,Kazutada Yokoyama (repetido 80362),Paraestra
Asian International Open 2013,Master3/Male/Purple/Middle,2,Yumi Ito,Tri-Force Jiu-Jitsu Academy
Asian International Open 2013,Master3/Male/Purple/Super-Heavy,1,Shinya Muroi,DeLariva Japan
Asian International Open 2013,Master3/Male/Purple/OpenClass,1,Jinho Park,Alliance Los Angeles
Asian International Open 2013,Master3/Male/Purple/OpenClass,2,Shinya Muroi,DeLariva Japan
Asian International Open 2013,Master3/Male/Purple/OpenClass,3,Mitsuteru Nakajo,Hiro BJJ Academy Yokohama
Asian International Open 2013,Master3/Male/Purple/OpenClass,3,Ryojiro Sano,Axis Jiu-Jitsu
Asian International Open 2013,Master3/Male/Brown/Light-Feather,1,Seena Ebrahim Abdulla Monfaradi,Alliance International
Asian International Open 2013,Master3/Male/Brown/Light-Feather,2,Nobuo Takenaka,Suita Jiu-Jitsu
Asian International Open 2013,Master3/Male/Brown/Feather,1,Yuuki Moriyama,Carpe Diem Nagasaki
Asian International Open 2013,Master3/Male/Brown/Middle,1,Yojiro Nishimura,Gracie Barra
Asian International Open 2013,Master3/Male/Brown/Middle,2,Mark D.C. Pangilinan,Purebred Jiu Jitsu Guam
Asian International Open 2013,Master3/Male/Brown/Ultra-Heavy,1,Masato Yoshida,Grasco Jiu-Jitsu Academy
Asian International Open 2013,Master3/Male/Brown/OpenClass,1,Yuuki Moriyama,Carpe Diem Nagasaki
Asian International Open 2013,Master3/Male/Brown/OpenClass,2,Masato Yoshida,Grasco Jiu-Jitsu Academy
Asian International Open 2013,Master3/Male/Brown/OpenClass,3,Seena Ebrahim Abdulla Monfaradi,Alliance International
Asian International Open 2013,Master3/Male/Brown/OpenClass,3,Yojiro Nishimura,Gracie Barra
Asian International Open 2013,Master3/Male/Black/Feather,1,Kazumasa Sekiguchi,Purebred Omiya
Asian International Open 2013,Master3/Male/Black/Feather,2,Emerson Azuma,Newaza World
Asian International Open 2013,Master3/Male/Black/Feather,3,Edison Kagohara,Over Limit BJJ
Asian International Open 2013,Master3/Male/Black/Feather,3,Yoshihiro Fujita,Fujita Jiu-Jitsu
Asian International Open 2013,Master3/Male/Black/Light,1,Takashi Ouchi,Paraestra
Asian International Open 2013,Master3/Male/Black/Light,2,Akira Nishimura,Infight Japan Jiu-Jitsu
Asian International Open 2013,Master3/Male/Black/Middle,1,Rodrigo Medeiros,BJJ Revolution Team
Asian International Open 2013,Master3/Male/Black/Middle,2,Shinsuke Fukuzumi,Fukuzumi Jiu-Jitsu
Asian International Open 2013,Master3/Male/Black/Middle,3,Satoshi Kotani,Paraestra
Asian International Open 2013,Master3/Male/Black/Ultra-Heavy,1,Almir Rogerio Dos Santos,Ogawa Jiu Jitsu
Asian International Open 2013,Master3/Male/Black/OpenClass,1,Rodrigo Medeiros,BJJ Revolution Team
Asian International Open 2013,Master3/Male/Black/OpenClass,2,Emerson Azuma,Newaza World
Asian International Open 2013,Master3/Male/Black/OpenClass,3,Almir Rogerio Dos Santos,Ogawa Jiu Jitsu
Asian International Open 2013,Master3/Male/Black/OpenClass,3,Yoshihiro Fujita,Fujita Jiu-Jitsu
Asian International Open 2013,Master4/Male/Blue/Feather,1,Katsufumi Hiraishi,Tri-Force Jiu-Jitsu Academy
Asian International Open 2013,Master4/Male/Blue/Feather,2,Yoshiharu Takahashi,Shooto Gym K`z Factory
Asian International Open 2013,Master4/Male/Blue/Feather,3,Eric So,BJJ Revolution Team
Asian International Open 2013,Master4/Male/Blue/Feather,3,Osamu Saiga,Carpe Diem
Asian International Open 2013,Master4/Male/Blue/Middle,1,Kazufumi Tanaka,Paraestra
Asian International Open 2013,Master4/Male/Blue/Middle,2,Hayato Iwasaki,Carpe Diem
Asian International Open 2013,Master4/Male/Blue/Ultra-Heavy,1,Hideaki Kurita,Renatus Jiu-Jitsu Academy
Asian International Open 2013,Master4/Male/Blue/OpenClass,1,Kazufumi Tanaka,Paraestra
Asian International Open 2013,Master4/Male/Blue/OpenClass,2,Katsufumi Hiraishi,Tri-Force Jiu-Jitsu Academy
Asian International Open 2013,Master4/Male/Blue/OpenClass,3,Hideaki Kurita,Renatus Jiu-Jitsu Academy
Asian International Open 2013,Master4/Male/Blue/OpenClass,3,Yoshiharu Takahashi,Shooto Gym K`z Factory
Asian International Open 2013,Master4/Male/Purple/Rooster,1,Eiji Fukuda,Grasco Jiu-Jitsu Academy
Asian International Open 2013,Master4/Male/Purple/Rooster,2,Fumitaka Iizuka,Gracie Barra
Asian International Open 2013,Master4/Male/Purple/Feather,1,Masahiro Shikada,Tri-Force Jiu-Jitsu Academy
Asian International Open 2013,Master4/Male/Purple/Light,1,Tatsuro Togo,Tri-Force Jiu-Jitsu Academy
Asian International Open 2013,Master4/Male/Purple/Light,2,shoichi daito,Gracie Barra
Asian International Open 2013,Master4/Male/Purple/Ultra-Heavy,1,Marcos Oshiro,Tokai Brazilian Jiu-Jitsu
Asian International Open 2013,Master4/Male/Purple/OpenClass,1,Marcos Oshiro,Tokai Brazilian Jiu-Jitsu
Asian International Open 2013,Master4/Male/Purple/OpenClass,2,shoichi daito,Gracie Barra
Asian International Open 2013,Master4/Male/Purple/OpenClass,3,Masahiro Shikada,Tri-Force Jiu-Jitsu Academy
Asian International Open 2013,Master4/Male/Purple/OpenClass,3,Tatsuro Togo,Tri-Force Jiu-Jitsu Academy
Asian International Open 2013,Master5/Male/Blue/Light-Feather,1,Akio Abe,Carpe Diem
Asian International Open 2013,Master5/Male/Blue/OpenClass,1,Akio Abe,Carpe Diem
Asian International Open 2013,Master5/Male/Purple/Feather,1,Fumio Nakajima,Tri-Force Jiu-Jitsu Academy
Asian International Open 2013,Master5/Male/Purple/Feather,2,Juro Morita,Paraestra
Asian International Open 2013,Master5/Male/Purple/Heavy,1,anton bosnich,Legacy
Asian International Open 2013,Master5/Male/Purple/OpenClass,1,Fumio Nakajima,Tri-Force Jiu-Jitsu Academy
