European Jiu-Jitsu No Gi Open 2014,Juvenile/Male/Blue/Light-Feather,1,Usman Jindy Dylan Rahman,Brasa/99
European Jiu-Jitsu No Gi Open 2014,Juvenile/Male/Blue/Feather,1,Nadav Mandil,Pariente Academy
European Jiu-Jitsu No Gi Open 2014,Juvenile/Male/Blue/Feather,2,Camil Neil Belmaachi,Fight Sports International
European Jiu-Jitsu No Gi Open 2014,Juvenile/Male/Blue/Feather,3,Yarin Simana,Renzo Gracie Israel
European Jiu-Jitsu No Gi Open 2014,Juvenile/Male/Blue/Light,1,Daniel Reimond Eklund,Gladius MMA
European Jiu-Jitsu No Gi Open 2014,Juvenile/Male/Blue/Light,2,Eitan Gueron,Pariente Academy
European Jiu-Jitsu No Gi Open 2014,Juvenile/Male/Blue/Light,3,Arda Çelebi,Corvos
European Jiu-Jitsu No Gi Open 2014,Juvenile/Male/Blue/Middle,1,Amit Asher Deri,Pariente Academy
European Jiu-Jitsu No Gi Open 2014,Juvenile/Male/Blue/Middle,2,Amir Alroy,Pariente Academy
European Jiu-Jitsu No Gi Open 2014,Juvenile/Male/Blue/Middle,3,Thomas Alexandre Can Kocer,CheckMat
European Jiu-Jitsu No Gi Open 2014,Juvenile/Male/Blue/Medium-Heavy,1,Haitham Kiuof,Renzo Gracie Israel
European Jiu-Jitsu No Gi Open 2014,Juvenile/Male/Blue/Medium-Heavy,2,Yoav Strauss,Renzo Gracie Israel
European Jiu-Jitsu No Gi Open 2014,Juvenile/Male/Blue/Heavy,1,Yahya Ali,BJJ Globetrotters
European Jiu-Jitsu No Gi Open 2014,Juvenile/Male/Blue/Heavy,2,Claudiu Andrei Patru,Rio Grappling Club Europe
European Jiu-Jitsu No Gi Open 2014,Juvenile/Male/Blue/Super-Heavy,1,Gidi kisari,Renzo Gracie Israel
European Jiu-Jitsu No Gi Open 2014,Juvenile/Male/Blue/OpenClass,1,Amit Asher Deri,Pariente Academy
European Jiu-Jitsu No Gi Open 2014,Juvenile/Male/Blue/OpenClass,2,Claudiu Andrei Patru,Rio Grappling Club Europe
European Jiu-Jitsu No Gi Open 2014,Juvenile/Male/Blue/OpenClass,3,Amir Alroy,Pariente Academy
European Jiu-Jitsu No Gi Open 2014,Juvenile/Male/Blue/OpenClass,3,Gidi kisari,Renzo Gracie Israel
European Jiu-Jitsu No Gi Open 2014,Adult/Male/Blue/Rooster,1,Mehdi Louis Nordine Allaoui,GF Team France
European Jiu-Jitsu No Gi Open 2014,Adult/Male/Blue/Rooster,2,Alberto Alamia,Accademia Kama
European Jiu-Jitsu No Gi Open 2014,Adult/Male/Blue/Rooster,3,Christian Salvatore Gangi,Cyclone
European Jiu-Jitsu No Gi Open 2014,Adult/Male/Blue/Rooster,3,Marek Krasnan,BJJ Revolution Team - International
European Jiu-Jitsu No Gi Open 2014,Adult/Male/Blue/Light-Feather,1,aldo  saavedra,Association Aranha
European Jiu-Jitsu No Gi Open 2014,Adult/Male/Blue/Light-Feather,2,Pietro Rizzi,Jiu Jitsu Factor
European Jiu-Jitsu No Gi Open 2014,Adult/Male/Blue/Light-Feather,3,Andrew Sill,BJJ Globetrotters
European Jiu-Jitsu No Gi Open 2014,Adult/Male/Blue/Light-Feather,3,zoubair bouarsa,GF Team France
European Jiu-Jitsu No Gi Open 2014,Adult/Male/Blue/Feather,1,Lakatos Sándor,Gracie Barra
European Jiu-Jitsu No Gi Open 2014,Adult/Male/Blue/Feather,2,Aleksi  Kainulainen,Hilti BJJ Turku
European Jiu-Jitsu No Gi Open 2014,Adult/Male/Blue/Feather,3,Rafael Cipriano Catarino,Ferrari Team Academy
European Jiu-Jitsu No Gi Open 2014,Adult/Male/Blue/Feather,3,Stav Deri,Pariente Academy
European Jiu-Jitsu No Gi Open 2014,Adult/Male/Blue/Light,1,Marcus Dahl Rasmussen,Choke Academy
European Jiu-Jitsu No Gi Open 2014,Adult/Male/Blue/Light,2,Avihai Balila,Kitober BJJ
European Jiu-Jitsu No Gi Open 2014,Adult/Male/Blue/Light,3,Dimitar Dimitrov,De La Riva International
European Jiu-Jitsu No Gi Open 2014,Adult/Male/Blue/Light,3,Ellis Younger,BJJ Globetrotters
European Jiu-Jitsu No Gi Open 2014,Adult/Male/Blue/Middle,1,Tsvetozar Penov,De La Riva International
European Jiu-Jitsu No Gi Open 2014,Adult/Male/Blue/Middle,2,Adrià Pérez,Reinaldo Ribeiro Team BJJ Association
European Jiu-Jitsu No Gi Open 2014,Adult/Male/Blue/Middle,3,Danil Erlikh,Gracie Barra
European Jiu-Jitsu No Gi Open 2014,Adult/Male/Blue/Middle,3,Kenneth croxson,99 Nine Nine JJ - International
European Jiu-Jitsu No Gi Open 2014,Adult/Male/Blue/Medium-Heavy,1,Euclides Florival Ferreira de Castro,Brazilian Power Team
European Jiu-Jitsu No Gi Open 2014,Adult/Male/Blue/Medium-Heavy,2,Sorokin Alexey,Gracie Barra
European Jiu-Jitsu No Gi Open 2014,Adult/Male/Blue/Medium-Heavy,3,Antti Tuomas Tapani Simola,Brasa JJ
European Jiu-Jitsu No Gi Open 2014,Adult/Male/Blue/Medium-Heavy,3,MAGOMET MATIEV,Brasa Caio Terra
European Jiu-Jitsu No Gi Open 2014,Adult/Male/Blue/Heavy,1,Ivo Dimitrov,De La Riva International
European Jiu-Jitsu No Gi Open 2014,Adult/Male/Blue/Heavy,2,Alessandro Grandis,Aeterna Jiu Jitsu
European Jiu-Jitsu No Gi Open 2014,Adult/Male/Blue/Heavy,3,Igor Magdelinic,CheckMat
European Jiu-Jitsu No Gi Open 2014,Adult/Male/Blue/Heavy,3,Kristóf Szucs,Gracie Barra
European Jiu-Jitsu No Gi Open 2014,Adult/Male/Blue/Super-Heavy,1,Perttu Tapio Tepponen,Hilti BJJ Tampere
European Jiu-Jitsu No Gi Open 2014,Adult/Male/Blue/Super-Heavy,2,Beslan Atabaev,Brasa Caio Terra
European Jiu-Jitsu No Gi Open 2014,Adult/Male/Blue/Super-Heavy,3,Björn Eriksen,CheckMat
European Jiu-Jitsu No Gi Open 2014,Adult/Male/Blue/Super-Heavy,3,Sabi Tinterov,De La Riva International
European Jiu-Jitsu No Gi Open 2014,Adult/Male/Blue/Ultra-Heavy,1,Tatu Immonen,Alliance
European Jiu-Jitsu No Gi Open 2014,Adult/Male/Blue/Ultra-Heavy,2,Ozel Kozinoglu,Corvos
European Jiu-Jitsu No Gi Open 2014,Adult/Male/Blue/Ultra-Heavy,3,Abubakirov Saydkhasan,Brasa
European Jiu-Jitsu No Gi Open 2014,Adult/Male/Blue/Ultra-Heavy,3,Simon John James Young,BJJ Globetrotters
European Jiu-Jitsu No Gi Open 2014,Adult/Male/Blue/OpenClass,1,Kristóf Szucs,Gracie Barra
European Jiu-Jitsu No Gi Open 2014,Adult/Male/Blue/OpenClass,2,Igor Magdelinic,CheckMat
European Jiu-Jitsu No Gi Open 2014,Adult/Male/Blue/OpenClass,3,Adrià Pérez,Reinaldo Ribeiro Team BJJ Association
European Jiu-Jitsu No Gi Open 2014,Adult/Male/Blue/OpenClass,3,Perttu Tapio Tepponen,Hilti BJJ Tampere
European Jiu-Jitsu No Gi Open 2014,Adult/Female/Blue/Light-Feather,1,Miriam Belousov,Pariente Academy
European Jiu-Jitsu No Gi Open 2014,Adult/Female/Blue/Light-Feather,2,Daniela Kortmann,10th Planet Jiu Jitsu
European Jiu-Jitsu No Gi Open 2014,Adult/Female/Blue/Light-Feather,3,Andrea Cisarova,BJJ Revolution Team - International
European Jiu-Jitsu No Gi Open 2014,Adult/Female/Blue/Light-Feather,3,Zayna Davis,Gracie Barra Birmingham
European Jiu-Jitsu No Gi Open 2014,Adult/Female/Blue/Feather,1,Kaisa Yli-Paunu,Alliance
European Jiu-Jitsu No Gi Open 2014,Adult/Female/Blue/Feather,2,Litvinova Victoriya,Gracie Barra
European Jiu-Jitsu No Gi Open 2014,Adult/Female/Blue/Feather,3,Asena Melike Agansoy,Corvos
European Jiu-Jitsu No Gi Open 2014,Adult/Female/Blue/Feather,3,tonje almeland,Nova União
European Jiu-Jitsu No Gi Open 2014,Adult/Female/Blue/Light,1,Maria Liuska,Alliance
European Jiu-Jitsu No Gi Open 2014,Adult/Female/Blue/Light,2,Jenny Lundberg,Dynamix Fighting Sports
European Jiu-Jitsu No Gi Open 2014,Adult/Female/Blue/Light,3,Diana Laura Rodriguez Cabrera,Brasa
European Jiu-Jitsu No Gi Open 2014,Adult/Female/Blue/Light,3,Liisa Nurmivaara,Hilti BJJ Tampere
European Jiu-Jitsu No Gi Open 2014,Adult/Female/Blue/Middle,1,Ambar Villagrán,CheckMat
European Jiu-Jitsu No Gi Open 2014,Adult/Female/Blue/Middle,2,Tijana Stosic,Zerjal Team
European Jiu-Jitsu No Gi Open 2014,Adult/Female/Blue/Medium-Heavy,1,Marta Szarecka,Gracie Barra
European Jiu-Jitsu No Gi Open 2014,Adult/Female/Blue/Medium-Heavy,2,Lisa Pihl,Gladius MMA
European Jiu-Jitsu No Gi Open 2014,Adult/Female/Blue/Medium-Heavy,3,Lucija Avgustin,Gracie Barra Ljubljana
European Jiu-Jitsu No Gi Open 2014,Adult/Female/Blue/Heavy,1,Jacquie epelle,99 Nine Nine JJ - International
European Jiu-Jitsu No Gi Open 2014,Adult/Female/Blue/OpenClass,1,Ambar Villagrán,CheckMat
European Jiu-Jitsu No Gi Open 2014,Adult/Female/Blue/OpenClass,2,Jacquie epelle,99 Nine Nine JJ - International
European Jiu-Jitsu No Gi Open 2014,Adult/Female/Blue/OpenClass,3,Jenny Lundberg,Dynamix Fighting Sports
European Jiu-Jitsu No Gi Open 2014,Adult/Female/Blue/OpenClass,3,Marta Szarecka,Gracie Barra
European Jiu-Jitsu No Gi Open 2014,Adult/Male/Purple/Light-Feather,1,Fabien Arthur Pierre Brochetelle,JC Melun
European Jiu-Jitsu No Gi Open 2014,Adult/Male/Purple/Light-Feather,2,Aleksi Toivonen,Hilti
European Jiu-Jitsu No Gi Open 2014,Adult/Male/Purple/Light-Feather,3,Anthony Guy De Oliveira,Fabricio Werdum JJ
European Jiu-Jitsu No Gi Open 2014,Adult/Male/Purple/Light-Feather,3,david prescott,Gracie Barra
European Jiu-Jitsu No Gi Open 2014,Adult/Male/Purple/Feather,1,Fernando Carsalade Araujo Pena,Gracie Barra
European Jiu-Jitsu No Gi Open 2014,Adult/Male/Purple/Feather,2,Matthew Barber,99 Nine Nine JJ - International
European Jiu-Jitsu No Gi Open 2014,Adult/Male/Purple/Feather,3,jani hägg,Hilti
European Jiu-Jitsu No Gi Open 2014,Adult/Male/Purple/Feather,3,Tommi Tapio Pulkkanen,Hilti
European Jiu-Jitsu No Gi Open 2014,Adult/Male/Purple/Light,1,Mads Burnell,Combat Base UK
European Jiu-Jitsu No Gi Open 2014,Adult/Male/Purple/Light,2,Anton Åberg,Dynamix Fighting Sports
European Jiu-Jitsu No Gi Open 2014,Adult/Male/Purple/Light,3,Aleksi Joukamo Lohi,Brasa
European Jiu-Jitsu No Gi Open 2014,Adult/Male/Purple/Light,3,Caio Rigante Nunes,Alliance JJ
European Jiu-Jitsu No Gi Open 2014,Adult/Male/Purple/Middle,1,Kauan Argimon Barboza,Carlson Gracie Team
European Jiu-Jitsu No Gi Open 2014,Adult/Male/Purple/Middle,2,Nick Robinson,New School BJJ
European Jiu-Jitsu No Gi Open 2014,Adult/Male/Purple/Middle,3,Jaakko Vilander,Alliance
European Jiu-Jitsu No Gi Open 2014,Adult/Male/Purple/Middle,3,Walter Ruben Antonio Faustino,Gracie Humaita International
European Jiu-Jitsu No Gi Open 2014,Adult/Male/Purple/Medium-Heavy,1,Louis Michael Glismann,CheckMat
European Jiu-Jitsu No Gi Open 2014,Adult/Male/Purple/Medium-Heavy,2,Benjamin Mark Dyson,Roy Dean Academy
European Jiu-Jitsu No Gi Open 2014,Adult/Male/Purple/Medium-Heavy,3,Daniel  Brauchle,Ribeiro Jiu-Jitsu International
European Jiu-Jitsu No Gi Open 2014,Adult/Male/Purple/Medium-Heavy,3,Peter Lobeck,Gracie Barra JJ
European Jiu-Jitsu No Gi Open 2014,Adult/Male/Purple/Heavy,1,Jesse Juhani Urholin,Alliance
European Jiu-Jitsu No Gi Open 2014,Adult/Male/Purple/Heavy,2,Pierre  Larsson,Dynamix Fighting Sports
European Jiu-Jitsu No Gi Open 2014,Adult/Male/Purple/Heavy,3,Gilvan Gomes da Costa,Brazilian Top Team
European Jiu-Jitsu No Gi Open 2014,Adult/Male/Purple/Heavy,3,Shapiev Arsen,Brasa Caio Terra
European Jiu-Jitsu No Gi Open 2014,Adult/Male/Purple/Super-Heavy,1,Riku August Urholin,Alliance
European Jiu-Jitsu No Gi Open 2014,Adult/Male/Purple/Super-Heavy,2,Eldar Rafigaev,Jungle BJJ
European Jiu-Jitsu No Gi Open 2014,Adult/Male/Purple/Ultra-Heavy,1,Camil Moldoveanu,Absoluto BJJ
European Jiu-Jitsu No Gi Open 2014,Adult/Male/Purple/Ultra-Heavy,2,Evangelos Moumtzis,Zenith BJJ
European Jiu-Jitsu No Gi Open 2014,Adult/Male/Purple/Ultra-Heavy,3,Nandip Singh Khera,Gracie Barra
European Jiu-Jitsu No Gi Open 2014,Adult/Male/Purple/Ultra-Heavy,3,nick jordan,Roger Gracie
European Jiu-Jitsu No Gi Open 2014,Adult/Male/Purple/OpenClass,1,Jesse Juhani Urholin,Alliance
European Jiu-Jitsu No Gi Open 2014,Adult/Male/Purple/OpenClass,2,Camil Moldoveanu,Absoluto BJJ
European Jiu-Jitsu No Gi Open 2014,Adult/Male/Purple/OpenClass,3,Louis Michael Glismann,CheckMat
European Jiu-Jitsu No Gi Open 2014,Adult/Male/Purple/OpenClass,3,Riku August Urholin,Alliance
European Jiu-Jitsu No Gi Open 2014,Adult/Female/Purple/Light-Feather,1,Outi Järvilehto,Brasa
European Jiu-Jitsu No Gi Open 2014,Adult/Female/Purple/Light-Feather,2,Linda  Lindström,Dynamix Fighting Sports
European Jiu-Jitsu No Gi Open 2014,Adult/Female/Purple/Light-Feather,3,Serena Gabrielli,Cyclone
European Jiu-Jitsu No Gi Open 2014,Adult/Female/Purple/Feather,1,Michaela Dostálová,Clube de Jiu-Jitsu Pitbull Czech Republic
European Jiu-Jitsu No Gi Open 2014,Adult/Female/Purple/Feather,2,Pippa Granger,CheckMat
European Jiu-Jitsu No Gi Open 2014,Adult/Female/Purple/Light,1,Cornelia Rossier,IN-OUT Switzerland
European Jiu-Jitsu No Gi Open 2014,Adult/Female/Purple/Medium-Heavy,1,Tereza  Cordeiro de Souza,Gracie Barra
European Jiu-Jitsu No Gi Open 2014,Adult/Female/Purple/Medium-Heavy,2,Anna Sophia Maria Nordenö,Hilti
European Jiu-Jitsu No Gi Open 2014,Adult/Female/Purple/Medium-Heavy,3,Ida Fløisvik,Roger Gracie Academy
European Jiu-Jitsu No Gi Open 2014,Adult/Female/Purple/Heavy,1,Hanna Klara Benedikte Tibbling,CheckMat
European Jiu-Jitsu No Gi Open 2014,Adult/Female/Purple/Heavy,2,Jonna Karoliina Konivuori,Alliance
European Jiu-Jitsu No Gi Open 2014,Adult/Female/Purple/OpenClass,1,Jonna Karoliina Konivuori,Alliance
European Jiu-Jitsu No Gi Open 2014,Adult/Female/Purple/OpenClass,2,Ida Fløisvik,Roger Gracie Academy
European Jiu-Jitsu No Gi Open 2014,Adult/Female/Purple/OpenClass,3,Linda  Lindström,Dynamix Fighting Sports
European Jiu-Jitsu No Gi Open 2014,Adult/Female/Purple/OpenClass,3,Pippa Granger,CheckMat
European Jiu-Jitsu No Gi Open 2014,Adult/Male/Brown/Rooster,1,Kristian R Woodmansee,Zenith BJJ
European Jiu-Jitsu No Gi Open 2014,Adult/Male/Brown/Light-Feather,1,David Younan,Maromba Academia International
European Jiu-Jitsu No Gi Open 2014,Adult/Male/Brown/Light-Feather,2,Erno Elgland,Hilti BJJ Tampere
European Jiu-Jitsu No Gi Open 2014,Adult/Male/Brown/Light-Feather,3,Mark Stephen K Stephenson,New Force UK
European Jiu-Jitsu No Gi Open 2014,Adult/Male/Brown/Feather,1,Windson Ramos da Silva,CheckMat
European Jiu-Jitsu No Gi Open 2014,Adult/Male/Brown/Feather,2,Ashley Jordan Williams,Gracie Barra
European Jiu-Jitsu No Gi Open 2014,Adult/Male/Brown/Feather,3,Matteo Tugnoli,Rio Grappling Club asd
European Jiu-Jitsu No Gi Open 2014,Adult/Male/Brown/Feather,3,Piotr Pawel Podstawczuk,Brasa Poland
European Jiu-Jitsu No Gi Open 2014,Adult/Male/Brown/Light,1,Nicolas Jean Paul Renier,GF Team France
European Jiu-Jitsu No Gi Open 2014,Adult/Male/Brown/Light,2,Aleksandar Milicevic,CheckMat
European Jiu-Jitsu No Gi Open 2014,Adult/Male/Brown/Light,3,Ilke Kubilay Bulut,Icon Jiu-Jitsu Team
European Jiu-Jitsu No Gi Open 2014,Adult/Male/Brown/Light,3,Robert Fallon,Gracie Barra
European Jiu-Jitsu No Gi Open 2014,Adult/Male/Brown/Middle,1,Sebastian Brosché,Frontline Academy
European Jiu-Jitsu No Gi Open 2014,Adult/Male/Brown/Middle,2,Darragh O Conaill,Ribeiro Jiu-Jitsu
European Jiu-Jitsu No Gi Open 2014,Adult/Male/Brown/Middle,3,Christian Dellevag,Akademi Nord
European Jiu-Jitsu No Gi Open 2014,Adult/Male/Brown/Middle,3,Santeri Lilius,Roger Gracie España
European Jiu-Jitsu No Gi Open 2014,Adult/Male/Brown/Medium-Heavy,1,Alexander G M Musi Wennergren,CheckMat
European Jiu-Jitsu No Gi Open 2014,Adult/Male/Brown/Medium-Heavy,2,Tero Antti Mikael Pyylampi,Hilti BJJ Tampere
European Jiu-Jitsu No Gi Open 2014,Adult/Male/Brown/Medium-Heavy,3,Andreas Lars Martin Olsson,Hilti BJJ Stockholm
European Jiu-Jitsu No Gi Open 2014,Adult/Male/Brown/Medium-Heavy,3,Viking Wai Chun Wong,GF Team International
European Jiu-Jitsu No Gi Open 2014,Adult/Male/Brown/Heavy,1,Bruno Ivan Tomasetti,Aeterna Jiu Jitsu
European Jiu-Jitsu No Gi Open 2014,Adult/Male/Brown/Heavy,2,Mikhail Pogodin,Ribeiro Jiu-Jitsu International
European Jiu-Jitsu No Gi Open 2014,Adult/Male/Brown/Heavy,3,Leonardo de Freitas Costa,Tanque Jiu-Jitsu
European Jiu-Jitsu No Gi Open 2014,Adult/Male/Brown/Super-Heavy,1,Kamil Uminski,Alliance
European Jiu-Jitsu No Gi Open 2014,Adult/Male/Brown/Super-Heavy,2,Samir Hamid Krvavac,Gracie Barra
European Jiu-Jitsu No Gi Open 2014,Adult/Male/Brown/Super-Heavy,3,Cristhian Espejel Pavon,Reinaldo Ribeiro Team BJJ Association
European Jiu-Jitsu No Gi Open 2014,Adult/Male/Brown/Super-Heavy,3,Pawel Albert Kaczynski,Gold Team Fighters
European Jiu-Jitsu No Gi Open 2014,Adult/Male/Brown/Ultra-Heavy,1,Attila Bánfi,ZR Team Hungary
European Jiu-Jitsu No Gi Open 2014,Adult/Male/Brown/Ultra-Heavy,2,Marcus Antonio Guedes Salerno,Gracie Barra
European Jiu-Jitsu No Gi Open 2014,Adult/Male/Brown/OpenClass,1,Bruno Ivan Tomasetti,Aeterna Jiu Jitsu
European Jiu-Jitsu No Gi Open 2014,Adult/Male/Brown/OpenClass,2,Kamil Uminski,Alliance
European Jiu-Jitsu No Gi Open 2014,Adult/Male/Brown/OpenClass,3,Darragh O Conaill,Ribeiro Jiu-Jitsu
European Jiu-Jitsu No Gi Open 2014,Adult/Male/Brown/OpenClass,3,Leonardo de Freitas Costa,Tanque Jiu-Jitsu
European Jiu-Jitsu No Gi Open 2014,Adult/Female/Brown/Light-Feather,1,Helene Wenger,Malicia Team
European Jiu-Jitsu No Gi Open 2014,Adult/Female/Brown/Light-Feather,2,Giulia Roggio,Aeterna Jiu Jitsu
European Jiu-Jitsu No Gi Open 2014,Adult/Female/Brown/Light-Feather,3,Alexandra de Melo Lima Santos,Schubert Jiu-Jitsu
European Jiu-Jitsu No Gi Open 2014,Adult/Female/Brown/Light,1,Charlotte von Baumgarten,Alliance
European Jiu-Jitsu No Gi Open 2014,Adult/Female/Brown/Middle,1,Irena Preiss,Brasa Poland
European Jiu-Jitsu No Gi Open 2014,Adult/Female/Brown/Medium-Heavy,1,Olga Lyashevska,Carlson Gracie Team
European Jiu-Jitsu No Gi Open 2014,Adult/Female/Brown/OpenClass,1,Charlotte von Baumgarten,Alliance
European Jiu-Jitsu No Gi Open 2014,Adult/Female/Brown/OpenClass,2,Irena Preiss,Brasa Poland
European Jiu-Jitsu No Gi Open 2014,Adult/Female/Brown/OpenClass,3,Helene Wenger,Malicia Team
European Jiu-Jitsu No Gi Open 2014,Adult/Female/Brown/OpenClass,3,Olga Lyashevska,Carlson Gracie Team
European Jiu-Jitsu No Gi Open 2014,Adult/Male/Black/Light-Feather,1,Paulo Fernando Ferreira Melo,Gracie Barra
European Jiu-Jitsu No Gi Open 2014,Adult/Male/Black/Light-Feather,2,Baruc Martin Barrios,Icon Jiu-Jitsu Team
European Jiu-Jitsu No Gi Open 2014,Adult/Male/Black/Feather,1,Simone Franceschini,Cyclone
European Jiu-Jitsu No Gi Open 2014,Adult/Male/Black/Feather,2,Tuomas Kristian Tammilehto,Brasa
European Jiu-Jitsu No Gi Open 2014,Adult/Male/Black/Feather,3,Cristofer Martin Barrios,Icon Jiu-Jitsu Team
European Jiu-Jitsu No Gi Open 2014,Adult/Male/Black/Feather,3,David Dimopoulos Said,Alliance
European Jiu-Jitsu No Gi Open 2014,Adult/Male/Black/Light,1,AJ Agazarm,Gracie Barra
European Jiu-Jitsu No Gi Open 2014,Adult/Male/Black/Light,2,Paulo Henrique Alves da Silva,Zenith BJJ
European Jiu-Jitsu No Gi Open 2014,Adult/Male/Black/Light,3,Hans Anders Mikael Xu,Hilti BJJ Stockholm
European Jiu-Jitsu No Gi Open 2014,Adult/Male/Black/Light,3,Ralf Gosta Carneborn,Dynamix Fighting Sports
European Jiu-Jitsu No Gi Open 2014,Adult/Male/Black/Middle,1,Luca Anacoreta,Aeterna Jiu Jitsu
European Jiu-Jitsu No Gi Open 2014,Adult/Male/Black/Middle,2,Pedro Henrique Weiss Bessa,99 Nine Nine JJ - International
European Jiu-Jitsu No Gi Open 2014,Adult/Male/Black/Middle,3,Nic Ruben Nikolaisen,Frontline Academy
European Jiu-Jitsu No Gi Open 2014,Adult/Male/Black/Medium-Heavy,1,Eduardo Rios,Frontline Academy
European Jiu-Jitsu No Gi Open 2014,Adult/Male/Black/Medium-Heavy,2,Maximiliano de Figueiredo Carvalho,Gracie Barra
European Jiu-Jitsu No Gi Open 2014,Adult/Male/Black/Medium-Heavy,3,Filipe Meirelles Bobrick,Alliance
European Jiu-Jitsu No Gi Open 2014,Adult/Male/Black/Medium-Heavy,3,Maksymilian Wisniewski,Zenith BJJ International
European Jiu-Jitsu No Gi Open 2014,Adult/Male/Black/Heavy,1,Ricardo Ramos de Mesquita,Alliance
European Jiu-Jitsu No Gi Open 2014,Adult/Male/Black/Heavy,2,Samuel Monin,Gracie Barra
European Jiu-Jitsu No Gi Open 2014,Adult/Male/Black/Heavy,3,Cleiton Novas Pinheiro,Fight Club
European Jiu-Jitsu No Gi Open 2014,Adult/Male/Black/Super-Heavy,1,Radoslaw Turek,Alliance
European Jiu-Jitsu No Gi Open 2014,Adult/Male/Black/Super-Heavy,2,Rodrigo Ferreira Reis,Tanque Jiu-Jitsu
European Jiu-Jitsu No Gi Open 2014,Adult/Male/Black/Super-Heavy,3,Henrique João Alves Pereira,Brazilian Power Team
European Jiu-Jitsu No Gi Open 2014,Adult/Male/Black/Super-Heavy,3,Michal Bittner,Clube de Jiu-Jitsu Pitbull Czech Republic
European Jiu-Jitsu No Gi Open 2014,Adult/Male/Black/Ultra-Heavy,1,Mauricio Henrique Cristo Lima,PSLPB Cicero Costha
European Jiu-Jitsu No Gi Open 2014,Adult/Male/Black/Ultra-Heavy,2,Bruno Matias Soares,CheckMat
European Jiu-Jitsu No Gi Open 2014,Adult/Male/Black/Ultra-Heavy,3,Raphael da Costa Goulart,Brazilian Top Team
European Jiu-Jitsu No Gi Open 2014,Adult/Male/Black/Ultra-Heavy,3,Vedran Ikic,CheckMat
European Jiu-Jitsu No Gi Open 2014,Adult/Male/Black/OpenClass,1,AJ Agazarm,Gracie Barra
European Jiu-Jitsu No Gi Open 2014,Adult/Male/Black/OpenClass,2,Mauricio Henrique Cristo Lima,PSLPB Cicero Costha
European Jiu-Jitsu No Gi Open 2014,Adult/Male/Black/OpenClass,3,Luca Anacoreta,Aeterna Jiu Jitsu
European Jiu-Jitsu No Gi Open 2014,Adult/Male/Black/OpenClass,3,Vedran Ikic,CheckMat
European Jiu-Jitsu No Gi Open 2014,Master1/Male/Blue/Feather,1,Jefferson Santana Silva,Association Aranha
European Jiu-Jitsu No Gi Open 2014,Master1/Male/Blue/Feather,2,Emil Kadakevliev,10th Planet Jiu Jitsu
European Jiu-Jitsu No Gi Open 2014,Master1/Male/Blue/Feather,3,KARL MIFSUD,CheckMat
European Jiu-Jitsu No Gi Open 2014,Master1/Male/Blue/Feather,3,Ofer Mazor,Pariente Academy
European Jiu-Jitsu No Gi Open 2014,Master1/Male/Blue/Light,1,Samuel Padron Castellano,Carlson Gracie Team
European Jiu-Jitsu No Gi Open 2014,Master1/Male/Blue/Light,2,Richard Andrs,Jungle BJJ
European Jiu-Jitsu No Gi Open 2014,Master1/Male/Blue/Light,3,Jukka Kuitunen,Barreto Jiu-Jitsu Finland
European Jiu-Jitsu No Gi Open 2014,Master1/Male/Blue/Light,3,Luca Compagnoni,Nova União Europa
European Jiu-Jitsu No Gi Open 2014,Master1/Male/Blue/Middle,1,Daniel Prantner,Budo Clan Austria
European Jiu-Jitsu No Gi Open 2014,Master1/Male/Blue/Middle,2,Fabio Terlizzi,Powerhouse Sanremo
European Jiu-Jitsu No Gi Open 2014,Master1/Male/Blue/Middle,3,Aymeric Olivier,CheckMat
European Jiu-Jitsu No Gi Open 2014,Master1/Male/Blue/Middle,3,Enrico Loatelli,Nova União Europa
European Jiu-Jitsu No Gi Open 2014,Master1/Male/Blue/Medium-Heavy,1,Egemen Mehmet Baranok,CheckMat
European Jiu-Jitsu No Gi Open 2014,Master1/Male/Blue/Medium-Heavy,2,Denis Gefel (repetido 82413),Gracie Barra
European Jiu-Jitsu No Gi Open 2014,Master1/Male/Blue/Medium-Heavy,3,Andreas Andreadakis,Gracie Barra
European Jiu-Jitsu No Gi Open 2014,Master1/Male/Blue/Medium-Heavy,3,Rahav Meshulam,Pariente Academy
European Jiu-Jitsu No Gi Open 2014,Master1/Male/Blue/Heavy,1,JAN erik Zachrison,CheckMat
European Jiu-Jitsu No Gi Open 2014,Master1/Male/Blue/Heavy,2,IOANNIS GIAKOUMAKIS,CheckMat
European Jiu-Jitsu No Gi Open 2014,Master1/Male/Blue/Heavy,3,Argirios Karavas,Alliance
European Jiu-Jitsu No Gi Open 2014,Master1/Male/Blue/Super-Heavy,1,Tony Silvernäs,Dynamix Fighting Sports
European Jiu-Jitsu No Gi Open 2014,Master1/Male/Blue/Super-Heavy,2,Kamil Iwaniuk,SBG Ireland
European Jiu-Jitsu No Gi Open 2014,Master1/Male/Blue/Ultra-Heavy,1,Vladimir Diaz-Muñoz,CheckMat
European Jiu-Jitsu No Gi Open 2014,Master1/Male/Blue/Ultra-Heavy,2,Ufuk Isik,Corvos
European Jiu-Jitsu No Gi Open 2014,Master1/Male/Blue/Ultra-Heavy,3,Evan Lotzof,Alliance
European Jiu-Jitsu No Gi Open 2014,Master1/Male/Blue/OpenClass,1,Kamil Iwaniuk,SBG Ireland
European Jiu-Jitsu No Gi Open 2014,Master1/Male/Blue/OpenClass,2,Richard Andrs,Jungle BJJ
European Jiu-Jitsu No Gi Open 2014,Master1/Male/Blue/OpenClass,3,Emil Kadakevliev,10th Planet Jiu Jitsu
European Jiu-Jitsu No Gi Open 2014,Master1/Male/Blue/OpenClass,3,Tony Silvernäs,Dynamix Fighting Sports
European Jiu-Jitsu No Gi Open 2014,Master1/Female/Blue/Light,1,Jolie Boyle,Carlson Gracie Team
European Jiu-Jitsu No Gi Open 2014,Master1/Female/Blue/Light,2,Annelies Kohne (repetido 157318),GF Team
European Jiu-Jitsu No Gi Open 2014,Master1/Female/Blue/Light,3,Oxana Bench,Ribeiro Jiu-Jitsu International
European Jiu-Jitsu No Gi Open 2014,Master1/Female/Blue/OpenClass,1,Annelies Kohne (repetido 157318),GF Team
European Jiu-Jitsu No Gi Open 2014,Master1/Female/Blue/OpenClass,2,Jolie Boyle,Carlson Gracie Team
European Jiu-Jitsu No Gi Open 2014,Master1/Female/Blue/OpenClass,3,Oxana Bench,Ribeiro Jiu-Jitsu International
European Jiu-Jitsu No Gi Open 2014,Master1/Male/Purple/Light-Feather,1,Jose Alfonso Hermoza,Brazilian Top Team
European Jiu-Jitsu No Gi Open 2014,Master1/Male/Purple/Light-Feather,2,Simone Auricchio,Yamato Milano
European Jiu-Jitsu No Gi Open 2014,Master1/Male/Purple/Feather,1,Alexander Umantsev,Pariente Academy
European Jiu-Jitsu No Gi Open 2014,Master1/Male/Purple/Feather,2,Neil Atkins,Gracie Barra
European Jiu-Jitsu No Gi Open 2014,Master1/Male/Purple/Feather,3,António Renato Marques Ferreira,Focus Jiu-Jitsu
European Jiu-Jitsu No Gi Open 2014,Master1/Male/Purple/Feather,3,Matteo Bertelli,Nova União Europa
European Jiu-Jitsu No Gi Open 2014,Master1/Male/Purple/Light,1,Antonio Boluda Yago,WING BJJ
European Jiu-Jitsu No Gi Open 2014,Master1/Male/Purple/Light,2,Doron wolfberg,Pariente Academy
European Jiu-Jitsu No Gi Open 2014,Master1/Male/Purple/Light,3,Matteo Folloni,Tribe JJ
European Jiu-Jitsu No Gi Open 2014,Master1/Male/Purple/Light,3,Vladimir Dzharkalov,De La Riva International
European Jiu-Jitsu No Gi Open 2014,Master1/Male/Purple/Middle,1,ludovic kadi,GF Team France
European Jiu-Jitsu No Gi Open 2014,Master1/Male/Purple/Middle,2,Edinson Alberto Cassiani Garcia,Atos JJ International
European Jiu-Jitsu No Gi Open 2014,Master1/Male/Purple/Middle,3,Michael Malischewski,Brasa
European Jiu-Jitsu No Gi Open 2014,Master1/Male/Purple/Middle,3,Rogerio de Lima,Roger Gracie
European Jiu-Jitsu No Gi Open 2014,Master1/Male/Purple/Medium-Heavy,1,Dennis Erdogan,Dynamix Fighting Sports
European Jiu-Jitsu No Gi Open 2014,Master1/Male/Purple/Medium-Heavy,2,Igor Dimoski,Mirkovic - Ruckus BJJ
European Jiu-Jitsu No Gi Open 2014,Master1/Male/Purple/Medium-Heavy,3,Pavol Pagac,BJJ Revolution Team - International
European Jiu-Jitsu No Gi Open 2014,Master1/Male/Purple/Medium-Heavy,3,Sandro Costa,Roger Gracie Academy Italy
European Jiu-Jitsu No Gi Open 2014,Master1/Male/Purple/Heavy,1,Sidi Mohamed Said Benaddou-Idrissi,Fight Sports
European Jiu-Jitsu No Gi Open 2014,Master1/Male/Purple/Super-Heavy,1,Edward Ingamells,Roger Gracie Academy
European Jiu-Jitsu No Gi Open 2014,Master1/Male/Purple/Super-Heavy,2,Zdenek Kubena,Clube de Jiu-Jitsu Pitbull Czech Republic
European Jiu-Jitsu No Gi Open 2014,Master1/Male/Purple/Super-Heavy,3,Grigorios Rousiadis (repetido 157184),Gracie Barra
European Jiu-Jitsu No Gi Open 2014,Master1/Male/Purple/Ultra-Heavy,1,Cafafa Ludovic,B19RNK
European Jiu-Jitsu No Gi Open 2014,Master1/Male/Purple/OpenClass,1,Edward Ingamells,Roger Gracie Academy
European Jiu-Jitsu No Gi Open 2014,Master1/Male/Purple/OpenClass,2,Cafafa Ludovic,B19RNK
European Jiu-Jitsu No Gi Open 2014,Master1/Male/Purple/OpenClass,3,Edinson Alberto Cassiani Garcia,Atos JJ International
European Jiu-Jitsu No Gi Open 2014,Master1/Male/Purple/OpenClass,3,Igor Dimoski,Mirkovic - Ruckus BJJ
European Jiu-Jitsu No Gi Open 2014,Master1/Female/Purple/Light-Feather,1,Natalie Aino Lourie,Clube de Jiu-jitsu Pitbull Europe
European Jiu-Jitsu No Gi Open 2014,Master1/Female/Purple/Middle,1,Rita Tana,Waza
European Jiu-Jitsu No Gi Open 2014,Master1/Female/Purple/Middle,2,Anke Mueller,BJJ Team Marshmallow/Akita-Inu Do e.V.
European Jiu-Jitsu No Gi Open 2014,Master1/Female/Purple/Medium-Heavy,1,Clarissa Jane Thomson,Gracie Barra
European Jiu-Jitsu No Gi Open 2014,Master1/Female/Purple/OpenClass,1,Anke Mueller,BJJ Team Marshmallow/Akita-Inu Do e.V.
European Jiu-Jitsu No Gi Open 2014,Master1/Female/Purple/OpenClass,2,Rita Tana,Waza
European Jiu-Jitsu No Gi Open 2014,Master1/Female/Purple/OpenClass,3,Clarissa Jane Thomson,Gracie Barra
European Jiu-Jitsu No Gi Open 2014,Master1/Female/Purple/OpenClass,3,Natalie Aino Lourie,Clube de Jiu-jitsu Pitbull Europe
European Jiu-Jitsu No Gi Open 2014,Master1/Male/Brown/Feather,1,Roberto Cardu,Milanimal
European Jiu-Jitsu No Gi Open 2014,Master1/Male/Brown/Feather,2,Jan Köthe,Vacirca Brothers Jiu-Jitsu
European Jiu-Jitsu No Gi Open 2014,Master1/Male/Brown/Light,1,Nuno Manuel N. F. Martins,Brazilian Power Team
European Jiu-Jitsu No Gi Open 2014,Master1/Male/Brown/Light,2,Timothy Fergal Noel Murphy,BJJ Revolution Team - International
European Jiu-Jitsu No Gi Open 2014,Master1/Male/Brown/Light,3,Giuseppe Petrini,Tribe Jiu-Jitsu Roma
European Jiu-Jitsu No Gi Open 2014,Master1/Male/Brown/Light,3,Neven Polajnar,Alliance
European Jiu-Jitsu No Gi Open 2014,Master1/Male/Brown/Middle,1,Kari Gunnarsson,BJJ Globetrotters
European Jiu-Jitsu No Gi Open 2014,Master1/Male/Brown/Middle,2,Mohammed Yousuf Nabi,CFS BJJ
European Jiu-Jitsu No Gi Open 2014,Master1/Male/Brown/Middle,3,Paolo Cavaciocchi,Nova União Europa
European Jiu-Jitsu No Gi Open 2014,Master1/Male/Brown/Middle,3,Samuel Sanvicente Garcia,CheckMat Ground Fighters Hamburg
European Jiu-Jitsu No Gi Open 2014,Master1/Male/Brown/Medium-Heavy,1,Marc Vincent Adami,Alliance
European Jiu-Jitsu No Gi Open 2014,Master1/Male/Brown/Medium-Heavy,2,Tolly Plested,Icon Jiu-Jitsu Team
European Jiu-Jitsu No Gi Open 2014,Master1/Male/Brown/Medium-Heavy,3,Juan Carlos Perez Pasamontes,PRBJJ Ronny Carvalho
European Jiu-Jitsu No Gi Open 2014,Master1/Male/Brown/Heavy,1,Christopher John Regan,Gracie Barra
European Jiu-Jitsu No Gi Open 2014,Master1/Male/Brown/Heavy,2,Pablo Tees Leite,Emirates Jiu-Jitsu Center
European Jiu-Jitsu No Gi Open 2014,Master1/Male/Brown/Super-Heavy,1,Ibrahim Inal,CheckMat
European Jiu-Jitsu No Gi Open 2014,Master1/Male/Brown/Super-Heavy,2,Fouzan Alsabej,Brasa
European Jiu-Jitsu No Gi Open 2014,Master1/Male/Brown/Ultra-Heavy,1,Wojciech Klimkiewicz,Rick Young BJJ Academy
European Jiu-Jitsu No Gi Open 2014,Master1/Male/Brown/OpenClass,1,Tolly Plested,Icon Jiu-Jitsu Team
European Jiu-Jitsu No Gi Open 2014,Master1/Male/Brown/OpenClass,2,Ibrahim Inal,CheckMat
European Jiu-Jitsu No Gi Open 2014,Master1/Male/Brown/OpenClass,3,Christopher John Regan,Gracie Barra
European Jiu-Jitsu No Gi Open 2014,Master1/Male/Brown/OpenClass,3,Pablo Tees Leite,Emirates Jiu-Jitsu Center
European Jiu-Jitsu No Gi Open 2014,Master1/Female/Brown/Feather,1,Gegi E Van de Walker,Cia Paulista USA
European Jiu-Jitsu No Gi Open 2014,Master1/Female/Brown/Light,1,Ana Gloria Yagües Molina,CheckMat Ground Fighters Hamburg
European Jiu-Jitsu No Gi Open 2014,Master1/Female/Brown/OpenClass,1,Ana Gloria Yagües Molina,CheckMat Ground Fighters Hamburg
European Jiu-Jitsu No Gi Open 2014,Master1/Female/Brown/OpenClass,2,Gegi E Van de Walker,Cia Paulista USA
European Jiu-Jitsu No Gi Open 2014,Master1/Male/Black/Light-Feather,1,Marcel Sasso de Oliveira,Fratelli Leteri - Brazilian Jiu-Jitsu
European Jiu-Jitsu No Gi Open 2014,Master1/Male/Black/Light-Feather,2,Renato Campos Lage,Gracie Humaita
European Jiu-Jitsu No Gi Open 2014,Master1/Male/Black/Light-Feather,3,Mahomedaly Samsoudine,Gracie Humaita Reunion
European Jiu-Jitsu No Gi Open 2014,Master1/Male/Black/Light,1,Fabio Anacoreta,Aeterna Jiu Jitsu
European Jiu-Jitsu No Gi Open 2014,Master1/Male/Black/Light,2,João Alfredo Tavares Marinho,GF Team
European Jiu-Jitsu No Gi Open 2014,Master1/Male/Black/Light,3,Davide Berardi,Powerhouse Sanremo
European Jiu-Jitsu No Gi Open 2014,Master1/Male/Black/Light,3,Mourad Smail Benabdallah,Vacirca Brothers Jiu-Jitsu
European Jiu-Jitsu No Gi Open 2014,Master1/Male/Black/Middle,1,Miogre Tavares Coronheiro,Gracie Barra
European Jiu-Jitsu No Gi Open 2014,Master1/Male/Black/Middle,2,Fergal Quinlan,BJJ Revolution Team - International
European Jiu-Jitsu No Gi Open 2014,Master1/Male/Black/Middle,3,Giordano Brozzi,Tribe Jiu-Jitsu Roma
European Jiu-Jitsu No Gi Open 2014,Master1/Male/Black/Middle,3,Wim Louis Deputter,Brasa
European Jiu-Jitsu No Gi Open 2014,Master1/Male/Black/Medium-Heavy,1,Alan Douglas Pereira do Nascimento,CheckMat
European Jiu-Jitsu No Gi Open 2014,Master1/Male/Black/Medium-Heavy,2,Alexandre Sousa Izidro da Silva,Icon Jiu-Jitsu Team
European Jiu-Jitsu No Gi Open 2014,Master1/Male/Black/Medium-Heavy,3,Mirko Silvestri,Aeterna Jiu Jitsu
European Jiu-Jitsu No Gi Open 2014,Master1/Male/Black/Medium-Heavy,3,Valdir Oliveira Linhares,Werdum Combat Team Spain
European Jiu-Jitsu No Gi Open 2014,Master1/Male/Black/Heavy,1,Marcelo da Silva Bernardo,Brazilian Power Team
European Jiu-Jitsu No Gi Open 2014,Master1/Male/Black/Heavy,2,Raullen Nunes Serra,Clube de Jiu-jitsu Pitbull Europe
European Jiu-Jitsu No Gi Open 2014,Master1/Male/Black/Heavy,3,Bruno Emanoel M. de Oliveira,Zé Mario Team
European Jiu-Jitsu No Gi Open 2014,Master1/Male/Black/Heavy,3,Ronney Eustaquio de Carvalho Lima,PRBJJ Ronny Carvalho
European Jiu-Jitsu No Gi Open 2014,Master1/Male/Black/Ultra-Heavy,1,Vanderson Gomes Dias dos Santos,Gracie Barra
European Jiu-Jitsu No Gi Open 2014,Master1/Male/Black/Ultra-Heavy,2,Christophe Levy,Raça Luta BJJ
European Jiu-Jitsu No Gi Open 2014,Master1/Male/Black/OpenClass,1,Alan Douglas Pereira do Nascimento,CheckMat
European Jiu-Jitsu No Gi Open 2014,Master1/Male/Black/OpenClass,2,Wim Louis Deputter,Brasa
European Jiu-Jitsu No Gi Open 2014,Master1/Male/Black/OpenClass,3,Marcelo da Silva Bernardo,Brazilian Power Team
European Jiu-Jitsu No Gi Open 2014,Master1/Male/Black/OpenClass,3,Miogre Tavares Coronheiro,Gracie Barra
European Jiu-Jitsu No Gi Open 2014,Master2/Male/Blue/Light-Feather,1,Lorenzo Battigaglia,Cyclone
European Jiu-Jitsu No Gi Open 2014,Master2/Male/Blue/Light-Feather,2,Daniel  Colio Gomez,De La Riva International
European Jiu-Jitsu No Gi Open 2014,Master2/Male/Blue/Feather,1,alberto chiminazzo,Nova União Europa
European Jiu-Jitsu No Gi Open 2014,Master2/Male/Blue/Feather,2,stephane lobet,Acemat
European Jiu-Jitsu No Gi Open 2014,Master2/Male/Blue/Light,1,Georgi Stefanov,De La Riva International
European Jiu-Jitsu No Gi Open 2014,Master2/Male/Blue/Light,2,ASIER RODRIGUEZ GARNACHO,Gracie Barra
European Jiu-Jitsu No Gi Open 2014,Master2/Male/Blue/Light,3,Laurent Gonzalez,GF Team France
European Jiu-Jitsu No Gi Open 2014,Master2/Male/Blue/Middle,1,Tino Kindling,Hilti BJJ IMAG Berlin
European Jiu-Jitsu No Gi Open 2014,Master2/Male/Blue/Middle,2,Zaur Mehdiyev,Corvos
European Jiu-Jitsu No Gi Open 2014,Master2/Male/Blue/Middle,3,Giovanni Montuori,Rio Grappling Club asd
European Jiu-Jitsu No Gi Open 2014,Master2/Male/Blue/Middle,3,Simon Di Meo,Fightzone - Stockholm
European Jiu-Jitsu No Gi Open 2014,Master2/Male/Blue/Medium-Heavy,1,Daniel  PAQUET,Icon Jiu-Jitsu Team
European Jiu-Jitsu No Gi Open 2014,Master2/Male/Blue/Medium-Heavy,2,Jamie Taylor,Andy Roberts BJJ
European Jiu-Jitsu No Gi Open 2014,Master2/Male/Blue/Medium-Heavy,3,Maik Henneberg,Coelhao Jiu-Jitsu Germany
European Jiu-Jitsu No Gi Open 2014,Master2/Male/Blue/Heavy,1,Göksel Böttcher,Alliance
European Jiu-Jitsu No Gi Open 2014,Master2/Male/Blue/Heavy,2,Enrico Ignazio Di Luise,Accademia Kama
European Jiu-Jitsu No Gi Open 2014,Master2/Male/Blue/Super-Heavy,1,Angel Fernando Sanchez Soriano,Taz BJJ
European Jiu-Jitsu No Gi Open 2014,Master2/Male/Blue/Super-Heavy,2,Tyrone Derick,Nova Uniao NYC
European Jiu-Jitsu No Gi Open 2014,Master2/Male/Blue/Ultra-Heavy,1,Isa Umut Tekin,Corvos
European Jiu-Jitsu No Gi Open 2014,Master2/Male/Blue/Ultra-Heavy,2,tahar yousfi,Acemat
European Jiu-Jitsu No Gi Open 2014,Master2/Male/Blue/Ultra-Heavy,3,Giuseppe Volo,Rio Grappling Club asd
European Jiu-Jitsu No Gi Open 2014,Master2/Male/Blue/OpenClass,1,Angel Fernando Sanchez Soriano,Taz BJJ
European Jiu-Jitsu No Gi Open 2014,Master2/Male/Blue/OpenClass,2,Göksel Böttcher,Alliance
European Jiu-Jitsu No Gi Open 2014,Master2/Male/Blue/OpenClass,3,Jamie Taylor,Andy Roberts BJJ
European Jiu-Jitsu No Gi Open 2014,Master2/Male/Blue/OpenClass,3,Tyrone Derick,Nova Uniao NYC
European Jiu-Jitsu No Gi Open 2014,Master2/Male/Purple/Light,1,Ahmed Suhail Bin Huwaiden Al Ketbi,UAE Jiu-jitsu Team
European Jiu-Jitsu No Gi Open 2014,Master2/Male/Purple/Light,2,Emil Sylwester Waszak,Gold Team Fighters
European Jiu-Jitsu No Gi Open 2014,Master2/Male/Purple/Light,3,Domenico Vestito,Rio Grappling Club asd
European Jiu-Jitsu No Gi Open 2014,Master2/Male/Purple/Light,3,Emanuel Carnevale,Milanimal
European Jiu-Jitsu No Gi Open 2014,Master2/Male/Purple/Middle,1,Javier Camara Baños,Reinaldo Ribeiro Team BJJ Association
European Jiu-Jitsu No Gi Open 2014,Master2/Male/Purple/Middle,2,Jamie Stanley Horsman,Roger Gracie
European Jiu-Jitsu No Gi Open 2014,Master2/Male/Purple/Middle,3,Amir Boaron,Pariente Academy
European Jiu-Jitsu No Gi Open 2014,Master2/Male/Purple/Medium-Heavy,1,Scott Taylor,Andy Roberts BJJ
European Jiu-Jitsu No Gi Open 2014,Master2/Male/Purple/Medium-Heavy,2,Stefano Dabizzi,Tribe JJ
European Jiu-Jitsu No Gi Open 2014,Master2/Male/Purple/Super-Heavy,1,Sagi Dovev,Renzo Gracie Israel
European Jiu-Jitsu No Gi Open 2014,Master2/Male/Purple/Ultra-Heavy,1,Phil Clegg,Gracie Barra
European Jiu-Jitsu No Gi Open 2014,Master2/Male/Purple/Ultra-Heavy,2,Piotr Frenkiel,Alliance
European Jiu-Jitsu No Gi Open 2014,Master2/Male/Purple/OpenClass,1,Sagi Dovev,Renzo Gracie Israel
European Jiu-Jitsu No Gi Open 2014,Master2/Male/Purple/OpenClass,2,Phil Clegg,Gracie Barra
European Jiu-Jitsu No Gi Open 2014,Master2/Male/Purple/OpenClass,3,Ahmed Suhail Bin Huwaiden Al Ketbi,UAE Jiu-jitsu Team
European Jiu-Jitsu No Gi Open 2014,Master2/Male/Purple/OpenClass,3,Scott Taylor,Andy Roberts BJJ
European Jiu-Jitsu No Gi Open 2014,Master2/Male/Brown/Light-Feather,1,Anders Dittmer Rosendal,CheckMat
European Jiu-Jitsu No Gi Open 2014,Master2/Male/Brown/Light-Feather,2,Itiel Sharabi,Kitober BJJ
European Jiu-Jitsu No Gi Open 2014,Master2/Male/Brown/Light-Feather,3,Stefan Serafim,Behring Romania
European Jiu-Jitsu No Gi Open 2014,Master2/Male/Brown/Feather,1,Manuel Molinari,Nova União Europa
European Jiu-Jitsu No Gi Open 2014,Master2/Male/Brown/Light,1,Tracy Conner,Alliance
European Jiu-Jitsu No Gi Open 2014,Master2/Male/Brown/Middle,1,Alessandro Di Martino,Tribe Jiu-Jitsu Roma
European Jiu-Jitsu No Gi Open 2014,Master2/Male/Brown/Middle,2,Salvatore Costantini,Musica e Passioni / Ars Nova Team
European Jiu-Jitsu No Gi Open 2014,Master2/Male/Brown/Heavy,1,Wayne Paul Fagan,Jiu-Jitsu Brotherhood
European Jiu-Jitsu No Gi Open 2014,Master2/Male/Brown/Heavy,2,Andrea Carotti,Aeterna Jiu Jitsu
European Jiu-Jitsu No Gi Open 2014,Master2/Male/Brown/Heavy,3,Alexandru Lucian Moldovan,PRBJJ Ronny Carvalho
European Jiu-Jitsu No Gi Open 2014,Master2/Male/Brown/Super-Heavy,1,Selwyn Jason Bell,Carlson Gracie Team
European Jiu-Jitsu No Gi Open 2014,Master2/Male/Brown/OpenClass,1,Selwyn Jason Bell,Carlson Gracie Team
European Jiu-Jitsu No Gi Open 2014,Master2/Male/Brown/OpenClass,2,Tracy Conner,Alliance
European Jiu-Jitsu No Gi Open 2014,Master2/Male/Brown/OpenClass,3,Alessandro Di Martino,Tribe Jiu-Jitsu Roma
European Jiu-Jitsu No Gi Open 2014,Master2/Male/Brown/OpenClass,3,Manuel Molinari,Nova União Europa
European Jiu-Jitsu No Gi Open 2014,Master2/Male/Black/Feather,1,Oren-Shlomo Levin,Pariente Academy
European Jiu-Jitsu No Gi Open 2014,Master2/Male/Black/Feather,2,Cristian Migovan,Nova União Europa
European Jiu-Jitsu No Gi Open 2014,Master2/Male/Black/Feather,3,Karim Saki,GF Team France
European Jiu-Jitsu No Gi Open 2014,Master2/Male/Black/Feather,3,Leandro Gontijo Fernandes,Gracie Barra
European Jiu-Jitsu No Gi Open 2014,Master2/Male/Black/Light,1,Michal Adamczak,Brasa Caio Terra
European Jiu-Jitsu No Gi Open 2014,Master2/Male/Black/Light,2,Rumen Yeray Caraballo Martin,Team Gil Catarino
European Jiu-Jitsu No Gi Open 2014,Master2/Male/Black/Light,3,Christian Frederik Kühn,Coelhao Jiu-Jitsu Germany
European Jiu-Jitsu No Gi Open 2014,Master2/Male/Black/Middle,1,Renato Migliaccio,Sampa BJJ Academy
European Jiu-Jitsu No Gi Open 2014,Master2/Male/Black/Middle,2,Jose Carlos Hissa Granja,Nova União
European Jiu-Jitsu No Gi Open 2014,Master2/Male/Black/Middle,3,Burak Deger Bicer,Corvos
European Jiu-Jitsu No Gi Open 2014,Master2/Male/Black/Middle,3,Cristiano Pietrobelli,Nova União Europa
European Jiu-Jitsu No Gi Open 2014,Master2/Male/Black/Medium-Heavy,1,Piotr Sebastian Baginski,Brasa Poland
European Jiu-Jitsu No Gi Open 2014,Master2/Male/Black/Medium-Heavy,2,Thomas John King,SBG Ireland
European Jiu-Jitsu No Gi Open 2014,Master2/Male/Black/Medium-Heavy,3,David Robert Iverson,Gracie Barra
European Jiu-Jitsu No Gi Open 2014,Master2/Male/Black/Heavy,1,Alberto Crane,Gracie Barra
European Jiu-Jitsu No Gi Open 2014,Master2/Male/Black/Heavy,2,Paulo Sergio Gazze Jr.,Cia Paulista USA
European Jiu-Jitsu No Gi Open 2014,Master2/Male/Black/Heavy,3,Wander Braga Corrêa da Costa,Braga Jiu-Jitsu Brasil
European Jiu-Jitsu No Gi Open 2014,Master2/Male/Black/Super-Heavy,1,Renato Sobral da Cunha,Babalu's Iron Gym
European Jiu-Jitsu No Gi Open 2014,Master2/Male/Black/Super-Heavy,2,Haim Gozali,Renzo Gracie Israel
European Jiu-Jitsu No Gi Open 2014,Master2/Male/Black/Super-Heavy,3,Pinhas Pini Hadida,Kitober BJJ
European Jiu-Jitsu No Gi Open 2014,Master2/Male/Black/Ultra-Heavy,1,Marco Antonio Dib,Brazilian Top Team
European Jiu-Jitsu No Gi Open 2014,Master2/Male/Black/OpenClass,1,Jose Carlos Hissa Granja,Nova União
European Jiu-Jitsu No Gi Open 2014,Master2/Male/Black/OpenClass,2,Piotr Sebastian Baginski,Brasa Poland
European Jiu-Jitsu No Gi Open 2014,Master2/Male/Black/OpenClass,3,Michal Adamczak,Brasa Caio Terra
European Jiu-Jitsu No Gi Open 2014,Master2/Male/Black/OpenClass,3,Rumen Yeray Caraballo Martin,Team Gil Catarino
European Jiu-Jitsu No Gi Open 2014,Master3/Male/Blue/Rooster,1,Jean-marc NGUYEN,Raça Luta BJJ
European Jiu-Jitsu No Gi Open 2014,Master3/Male/Blue/Light-Feather,1,NEGRU GHEORGHE (repetido 75092),Icon Jiu-Jitsu Team
European Jiu-Jitsu No Gi Open 2014,Master3/Male/Blue/Light,1,David Mendelsohn,CheckMat Ground Fighters Hamburg
European Jiu-Jitsu No Gi Open 2014,Master3/Male/Blue/Light,2,Andres Serrano,Boca De La Riva
European Jiu-Jitsu No Gi Open 2014,Master3/Male/Blue/Middle,1,Veselin Vangelov,De La Riva International
European Jiu-Jitsu No Gi Open 2014,Master3/Male/Blue/Middle,2,medjbeur mohamed,Acemat
European Jiu-Jitsu No Gi Open 2014,Master3/Male/Blue/Middle,3,michele zanardelli,Nova União Europa
European Jiu-Jitsu No Gi Open 2014,Master3/Male/Blue/Middle,3,Pete O'Shea,Carlson Gracie Team
European Jiu-Jitsu No Gi Open 2014,Master3/Male/Blue/Medium-Heavy,1,Giorgio Gastaldi,Waza
European Jiu-Jitsu No Gi Open 2014,Master3/Male/Blue/Heavy,1,Yuliyan Hristov,De La Riva International
European Jiu-Jitsu No Gi Open 2014,Master3/Male/Blue/Heavy,2,Thomas Huthmacher,CheckMat
European Jiu-Jitsu No Gi Open 2014,Master3/Male/Blue/Heavy,3,Goran Gligorijevic,Zerjal Team
European Jiu-Jitsu No Gi Open 2014,Master3/Male/Blue/OpenClass,1,Veselin Vangelov,De La Riva International
European Jiu-Jitsu No Gi Open 2014,Master3/Male/Blue/OpenClass,2,NEGRU GHEORGHE (repetido 75092),Icon Jiu-Jitsu Team
European Jiu-Jitsu No Gi Open 2014,Master3/Male/Blue/OpenClass,3,Giorgio Gastaldi,Waza
European Jiu-Jitsu No Gi Open 2014,Master3/Male/Purple/Feather,1,MAURO LENTI,Musica e Passioni / Ars Nova Team
European Jiu-Jitsu No Gi Open 2014,Master3/Male/Purple/Light,1,Vadym Puzanov,Gracie Barra
European Jiu-Jitsu No Gi Open 2014,Master3/Male/Purple/Light,2,Mark Nixon,BJJ Revolution Team - International
European Jiu-Jitsu No Gi Open 2014,Master3/Male/Purple/Light,3,Giacomo Landi,Associazione Aranha Italia
European Jiu-Jitsu No Gi Open 2014,Master3/Male/Purple/Light,3,Luigi Mazzetti di Pietralata,Icon Jiu-Jitsu Team
European Jiu-Jitsu No Gi Open 2014,Master3/Male/Purple/Middle,1,Scott Richard Purnell,99 Nine Nine JJ - International
European Jiu-Jitsu No Gi Open 2014,Master3/Male/Purple/Middle,2,Gary Taylor,Gracie Barra
European Jiu-Jitsu No Gi Open 2014,Master3/Male/Purple/Medium-Heavy,1,Moshe Keidar,Pariente Academy
European Jiu-Jitsu No Gi Open 2014,Master3/Male/Purple/Medium-Heavy,2,Per-Arne Johansson,Hilti BJJ Stockholm
European Jiu-Jitsu No Gi Open 2014,Master3/Male/Purple/Medium-Heavy,3,Piotr Mazur,Brasa Poland
European Jiu-Jitsu No Gi Open 2014,Master3/Male/Purple/Super-Heavy,1,Mehmet Gök,Caio Terra Association
European Jiu-Jitsu No Gi Open 2014,Master3/Male/Purple/Super-Heavy,2,Andrew Reeves,Roger Gracie
European Jiu-Jitsu No Gi Open 2014,Master3/Male/Purple/OpenClass,1,Per-Arne Johansson,Hilti BJJ Stockholm
European Jiu-Jitsu No Gi Open 2014,Master3/Male/Purple/OpenClass,2,Mehmet Gök,Caio Terra Association
European Jiu-Jitsu No Gi Open 2014,Master3/Male/Purple/OpenClass,3,Andrew Reeves,Roger Gracie
European Jiu-Jitsu No Gi Open 2014,Master3/Male/Purple/OpenClass,3,MAURO LENTI,Musica e Passioni / Ars Nova Team
European Jiu-Jitsu No Gi Open 2014,Master3/Male/Brown/Middle,1,Andrea Festuccia,Budo Clan
European Jiu-Jitsu No Gi Open 2014,Master3/Male/Brown/Medium-Heavy,1,Shay Brand,Clube de Jiu-jitsu Pitbull Europe
European Jiu-Jitsu No Gi Open 2014,Master3/Male/Brown/Super-Heavy,1,Artur Krerowicz,Brasa Poland
European Jiu-Jitsu No Gi Open 2014,Master3/Male/Brown/Super-Heavy,2,Slawomir Zbigniew Zakrzewski,Gold Team Fighters
European Jiu-Jitsu No Gi Open 2014,Master3/Male/Brown/OpenClass,1,Artur Krerowicz,Brasa Poland
European Jiu-Jitsu No Gi Open 2014,Master3/Male/Brown/OpenClass,2,Shay Brand,Clube de Jiu-jitsu Pitbull Europe
European Jiu-Jitsu No Gi Open 2014,Master3/Male/Brown/OpenClass,3,Andrea Festuccia,Budo Clan
European Jiu-Jitsu No Gi Open 2014,Master3/Male/Black/Light,1,Andre Luiz Leite,Andre Maneco BJJ
European Jiu-Jitsu No Gi Open 2014,Master3/Male/Black/Middle,1,Luiz Osvaldo Ribeiro Duo,CheckMat
European Jiu-Jitsu No Gi Open 2014,Master3/Male/Black/Middle,2,Tony Larsson,CheckMat
European Jiu-Jitsu No Gi Open 2014,Master3/Male/Black/Middle,3,Stefano Meneghel,Nova União Europa
European Jiu-Jitsu No Gi Open 2014,Master3/Male/Black/Medium-Heavy,1,Jose Beltran Martinez,WING BJJ
European Jiu-Jitsu No Gi Open 2014,Master3/Male/Black/OpenClass,1,Jose Beltran Martinez,WING BJJ
European Jiu-Jitsu No Gi Open 2014,Master3/Male/Black/OpenClass,2,Stefano Meneghel,Nova União Europa
European Jiu-Jitsu No Gi Open 2014,Master4/Male/Blue/Medium-Heavy,1,Gerald klement,Brazilian Top Team Int.
European Jiu-Jitsu No Gi Open 2014,Master4/Male/Blue/Medium-Heavy,2,Patrick Wittevrongel,Gracie Barcelona
European Jiu-Jitsu No Gi Open 2014,Master4/Male/Blue/OpenClass,1,Patrick Wittevrongel,Gracie Barcelona
European Jiu-Jitsu No Gi Open 2014,Master4/Male/Black/Middle,1,Manuel Benjamin Salas,Carlson Gracie Team
European Jiu-Jitsu No Gi Open 2014,Master4/Male/Black/Medium-Heavy,1,Valécio Senna Vasconcelos da Silva,Stone Fight
European Jiu-Jitsu No Gi Open 2014,Master4/Male/Black/Super-Heavy,1,Kelly Don Rundle,Alliance
European Jiu-Jitsu No Gi Open 2014,Master4/Male/Black/OpenClass,1,Valécio Senna Vasconcelos da Silva,Stone Fight
European Jiu-Jitsu No Gi Open 2014,Master4/Male/Black/OpenClass,2,Kelly Don Rundle,Alliance
European Jiu-Jitsu No Gi Open 2014,Master4/Male/Black/OpenClass,3,Manuel Benjamin Salas,Carlson Gracie Team
European Jiu-Jitsu No Gi Open 2014,Master5/Male/Blue/Feather,1,Domenico Merante,Batatinha Team Italia
