Irvine International Open Jiu-Jitsu Championship 2015,Juvenile/Female/White/Feather,1,Ashleah Alissa Cano,Jean Jacques Machado BJJ
Irvine International Open Jiu-Jitsu Championship 2015,Juvenile/Male/Blue/Light-Feather,1,Liam Randall Thoren Moss,Atos Jiu-Jitsu
Irvine International Open Jiu-Jitsu Championship 2015,Juvenile/Male/Blue/Feather,1,Brad Matthew Johnston,Atos Jiu-Jitsu
Irvine International Open Jiu-Jitsu Championship 2015,Juvenile/Male/Blue/Feather,2,Adnan Almeida Yahya Jr,Constrictor Team
Irvine International Open Jiu-Jitsu Championship 2015,Juvenile/Male/Blue/Feather,3,Hyung Nam Guerra,Gracie Humaita
Irvine International Open Jiu-Jitsu Championship 2015,Juvenile/Male/Blue/Light,1,Noah Boyce Anderson,Alliance
Irvine International Open Jiu-Jitsu Championship 2015,Juvenile/Male/Blue/Light,2,João Pedro Capociama,CheckMat
Irvine International Open Jiu-Jitsu Championship 2015,Juvenile/Male/Blue/Middle,1,Spencer Nolan,Relson Gracie
Irvine International Open Jiu-Jitsu Championship 2015,Juvenile/Male/Blue/Middle,2,James Aaron Aguilar,Crosley Gracie Academy
Irvine International Open Jiu-Jitsu Championship 2015,Juvenile/Male/Blue/Medium-Heavy,1,Chelan Hawk Schumacher,GD Jiu-Jitsu Association
Irvine International Open Jiu-Jitsu Championship 2015,Juvenile/Male/Blue/Heavy,1,Zachary Peter Cunningham,Gracie Jiu-Jitsu Academy
Irvine International Open Jiu-Jitsu Championship 2015,Juvenile/Female/Blue/Light,1,Sophia Marie Flores,Atos Jiu-Jitsu
Irvine International Open Jiu-Jitsu Championship 2015,Adult/Male/White/Light-Feather,1,Elijah Perez,Connect BJJ
Irvine International Open Jiu-Jitsu Championship 2015,Adult/Male/White/Light-Feather,2,Vin Yi,CheckMat USA
Irvine International Open Jiu-Jitsu Championship 2015,Adult/Male/White/Light-Feather,3,Paul Kim,Lotus Club / One Jiu-Jitsu
Irvine International Open Jiu-Jitsu Championship 2015,Adult/Male/White/Feather,1,Cristiano Braz,Alliance San Diego
Irvine International Open Jiu-Jitsu Championship 2015,Adult/Male/White/Feather,2,Colton Bugawisan,Gracie Humaita
Irvine International Open Jiu-Jitsu Championship 2015,Adult/Male/White/Feather,3,Andrew Arellano,Phenom Brazilian Jiu-Jitsu - Orange County
Irvine International Open Jiu-Jitsu Championship 2015,Adult/Male/White/Feather,3,Fernando Adriano Iii,Gracie Barra JJ
Irvine International Open Jiu-Jitsu Championship 2015,Adult/Male/White/Light,1,Austin Hardt,Ralph Gracie Jiu-Jitsu Berkeley
Irvine International Open Jiu-Jitsu Championship 2015,Adult/Male/White/Light,2,Jeremiah Ramirez,Paragon Brazilian Jiu Jitsu Austin
Irvine International Open Jiu-Jitsu Championship 2015,Adult/Male/White/Light,3,Dominic Wilson,Brazilian Top Team
Irvine International Open Jiu-Jitsu Championship 2015,Adult/Male/White/Light,3,Luis Robles,CheckMat Mafra
Irvine International Open Jiu-Jitsu Championship 2015,Adult/Male/White/Middle,1,Scott Cummings,TRUJITSU / Bakersfield
Irvine International Open Jiu-Jitsu Championship 2015,Adult/Male/White/Middle,2,Anthony Vigano,Brazilian Top Team
Irvine International Open Jiu-Jitsu Championship 2015,Adult/Male/White/Middle,3,Lucas Estep,Bruno Mamute Jiu Jitsu
Irvine International Open Jiu-Jitsu Championship 2015,Adult/Male/White/Middle,3,Spencer Alvarez,Brazilian Top Team
Irvine International Open Jiu-Jitsu Championship 2015,Adult/Male/White/Medium-Heavy,1,Sina Sadeghi,Beverly Hills Jiu Jitsu Club
Irvine International Open Jiu-Jitsu Championship 2015,Adult/Male/White/Medium-Heavy,2,Johnson Lay,Alliance Los Angeles
Irvine International Open Jiu-Jitsu Championship 2015,Adult/Male/White/Medium-Heavy,3,Robert Medrano,CheckMat USA
Irvine International Open Jiu-Jitsu Championship 2015,Adult/Male/White/Medium-Heavy,3,Tyler James Dama,Roberto Traven BJJ
Irvine International Open Jiu-Jitsu Championship 2015,Adult/Male/White/Super-Heavy,1,Michael  Stromsness,Gracie Barra
Irvine International Open Jiu-Jitsu Championship 2015,Adult/Male/White/Super-Heavy,2,Kevin Charles Fusilier,Gracie Barra
Irvine International Open Jiu-Jitsu Championship 2015,Adult/Male/White/Super-Heavy,3,Charlie Lewis,Nova União
Irvine International Open Jiu-Jitsu Championship 2015,Adult/Male/White/Super-Heavy,3,christian kilmer,Brasa CTA
Irvine International Open Jiu-Jitsu Championship 2015,Adult/Male/White/Ultra-Heavy,1,Robert Jesse Mirick,CheckMat USA
Irvine International Open Jiu-Jitsu Championship 2015,Adult/Male/White/Ultra-Heavy,2,Bryan A,Connect BJJ
Irvine International Open Jiu-Jitsu Championship 2015,Adult/Male/White/Ultra-Heavy,3,Denis Wayne Ryan,Brazilian Top Team
Irvine International Open Jiu-Jitsu Championship 2015,Adult/Female/White/Light-Feather,1,Monica Lao,Lotus Club / One Jiu-Jitsu
Irvine International Open Jiu-Jitsu Championship 2015,Adult/Female/White/Light-Feather,2,Ana Flores,Lótus Club
Irvine International Open Jiu-Jitsu Championship 2015,Adult/Female/White/Light-Feather,3,Alexandra Timkova,Roberto Zapata Team
Irvine International Open Jiu-Jitsu Championship 2015,Adult/Female/White/Feather,1,Jodalyn  Flores,Gracie Barra
Irvine International Open Jiu-Jitsu Championship 2015,Adult/Female/White/Feather,2,Lisa Sosa,Brazilian Top Team
Irvine International Open Jiu-Jitsu Championship 2015,Adult/Female/White/Feather,3,Stephanie Aguilar,TRUJITSU / Bakersfield
Irvine International Open Jiu-Jitsu Championship 2015,Adult/Female/White/Light,1,Laura Mourafetis,Clark Gracie Jiu Jitsu Academy
Irvine International Open Jiu-Jitsu Championship 2015,Adult/Female/White/Light,2,Janet -to Planetto Roundround Lee,Lotus Club / One Jiu-Jitsu
Irvine International Open Jiu-Jitsu Championship 2015,Adult/Female/White/Light,3,Anjani Siddhartha,Gracie Jiu-Jitsu Academy
Irvine International Open Jiu-Jitsu Championship 2015,Adult/Female/White/Light,3,Fernanda Mello Gonçalves,Gracie Barra
Irvine International Open Jiu-Jitsu Championship 2015,Adult/Female/White/Middle,1,Katrina Nicole McCrummen,Brazil Academy USA
Irvine International Open Jiu-Jitsu Championship 2015,Adult/Female/White/Middle,2,Jasmine Collazo,Carlson Gracie Team
Irvine International Open Jiu-Jitsu Championship 2015,Adult/Female/White/Middle,3,Anastassia Lover,Brazilian Top Team
Irvine International Open Jiu-Jitsu Championship 2015,Adult/Female/White/Medium-Heavy,1,Angie Gimaie,Atos Jiu-Jitsu
Irvine International Open Jiu-Jitsu Championship 2015,Adult/Female/White/Medium-Heavy,2,Brittany Davidson,Marcel Louzado BJJ
Irvine International Open Jiu-Jitsu Championship 2015,Adult/Female/White/Medium-Heavy,3,Elizabeth Jackman,TRUJITSU / Bakersfield
Irvine International Open Jiu-Jitsu Championship 2015,Adult/Female/White/Heavy,1,Tiffany Trosclair,TRUJITSU / Bakersfield
Irvine International Open Jiu-Jitsu Championship 2015,Adult/Female/White/Heavy,2,Michelle  Goodspeed,TRUJITSU / Bakersfield
Irvine International Open Jiu-Jitsu Championship 2015,Adult/Female/White/Heavy,3,Kathryn Louise Bennett,Gracie Barra
Irvine International Open Jiu-Jitsu Championship 2015,Adult/Female/White/Heavy,3,Lisa  Jewell,Brazilian Top Team
Irvine International Open Jiu-Jitsu Championship 2015,Adult/Female/White/Super-Heavy,1,Arlene Barraza,Gracie Barra
Irvine International Open Jiu-Jitsu Championship 2015,Adult/Female/White/Super-Heavy,2,Sarah Hoagland,Carlson Gracie Team
Irvine International Open Jiu-Jitsu Championship 2015,Adult/Female/White/Super-Heavy,3,Ellen Veenstra,Triunfo Brazilian Jiu Jitsu
Irvine International Open Jiu-Jitsu Championship 2015,Adult/Female/White/Super-Heavy,3,Ryan Eileen Outlaw,Fabin Rosa Brazilian Jiu-Jitsu
Irvine International Open Jiu-Jitsu Championship 2015,Adult/Male/Blue/Rooster,1,Samuel Bretado,Atos Jiu-Jitsu
Irvine International Open Jiu-Jitsu Championship 2015,Adult/Male/Blue/Rooster,2,Ryan Galvan,Alliance North Carolina
Irvine International Open Jiu-Jitsu Championship 2015,Adult/Male/Blue/Rooster,3,Jason Torres,Gracie Barra
Irvine International Open Jiu-Jitsu Championship 2015,Adult/Male/Blue/Rooster,3,Ritchie  Mercado,Faito Tamashi Combat Club
Irvine International Open Jiu-Jitsu Championship 2015,Adult/Male/Blue/Light-Feather,1,Anarbol Arratia,Lotus Club / One Jiu-Jitsu
Irvine International Open Jiu-Jitsu Championship 2015,Adult/Male/Blue/Light-Feather,2,Alexandru Costan,Atos Jiu-Jitsu
Irvine International Open Jiu-Jitsu Championship 2015,Adult/Male/Blue/Light-Feather,3,alex undiano,Carlson Gracie Team
Irvine International Open Jiu-Jitsu Championship 2015,Adult/Male/Blue/Light-Feather,3,Luiz Dias Junior,Alliance International
Irvine International Open Jiu-Jitsu Championship 2015,Adult/Male/Blue/Feather,1,samuel galvez,Lotus Club / One Jiu-Jitsu
Irvine International Open Jiu-Jitsu Championship 2015,Adult/Male/Blue/Feather,2,Josiah Brandon Paul,Iron Lion Jiu-Jitsu Academy
Irvine International Open Jiu-Jitsu Championship 2015,Adult/Male/Blue/Feather,3,Ashley Samaniego,Alliance Los Angeles
Irvine International Open Jiu-Jitsu Championship 2015,Adult/Male/Blue/Feather,3,Brian Gatus,TRUJITSU / Bakersfield
Irvine International Open Jiu-Jitsu Championship 2015,Adult/Male/Blue/Light,1,Ricky Briceno,Atos JJ USA
Irvine International Open Jiu-Jitsu Championship 2015,Adult/Male/Blue/Light,2,Christopher Gallego,Atos Jiu-Jitsu
Irvine International Open Jiu-Jitsu Championship 2015,Adult/Male/Blue/Light,3,Jack Matthew Lipa,Gracie Barra
Irvine International Open Jiu-Jitsu Championship 2015,Adult/Male/Blue/Light,3,Pierce Reginald Gould,Paragon BJJ Academy
Irvine International Open Jiu-Jitsu Championship 2015,Adult/Male/Blue/Middle,1,Darin Conner Deangelis,Atos Jiu-Jitsu
Irvine International Open Jiu-Jitsu Championship 2015,Adult/Male/Blue/Middle,2,Daniel Marc Calvert,Prime Jiu-Jitsu Center
Irvine International Open Jiu-Jitsu Championship 2015,Adult/Male/Blue/Middle,3,Dane Nishikawa,Brazilian Top Team
Irvine International Open Jiu-Jitsu Championship 2015,Adult/Male/Blue/Middle,3,Thomas Calderon,Clark Gracie Jiu Jitsu Academy
Irvine International Open Jiu-Jitsu Championship 2015,Adult/Male/Blue/Medium-Heavy,1,Zachary Balaban,Atos Jiu-Jitsu
Irvine International Open Jiu-Jitsu Championship 2015,Adult/Male/Blue/Medium-Heavy,2,Adam Bradley,Atos Jiu-Jitsu
Irvine International Open Jiu-Jitsu Championship 2015,Adult/Male/Blue/Medium-Heavy,3,Nicholas Imkamp,Brazilian Top Team
Irvine International Open Jiu-Jitsu Championship 2015,Adult/Male/Blue/Medium-Heavy,3,Stevenson Marroquin,Werdum Combat Team USA
Irvine International Open Jiu-Jitsu Championship 2015,Adult/Male/Blue/Heavy,1,Kevin Lepert,GD Jiu-Jitsu Association
Irvine International Open Jiu-Jitsu Championship 2015,Adult/Male/Blue/Heavy,2,John Hatfield,TRUJITSU / Bakersfield
Irvine International Open Jiu-Jitsu Championship 2015,Adult/Male/Blue/Heavy,3,Troy Simmons,Surfight Jiu-Jitsu
Irvine International Open Jiu-Jitsu Championship 2015,Adult/Male/Blue/Heavy,3,Zane Spruce,Gracie Barra
Irvine International Open Jiu-Jitsu Championship 2015,Adult/Male/Blue/Ultra-Heavy,1,Diego Vasquez,Carlson Gracie Team
Irvine International Open Jiu-Jitsu Championship 2015,Adult/Male/Blue/Ultra-Heavy,2,Jason  Chen,Atos Jiu-Jitsu
Irvine International Open Jiu-Jitsu Championship 2015,Adult/Male/Blue/Ultra-Heavy,3,Denton Hoover,Zenith BJJ - Las Vegas
Irvine International Open Jiu-Jitsu Championship 2015,Adult/Male/Blue/Ultra-Heavy,3,Gabriel Garza,TRUJITSU / Bakersfield
Irvine International Open Jiu-Jitsu Championship 2015,Adult/Male/Blue/OpenClass,1,Diego Vasquez,Carlson Gracie Team
Irvine International Open Jiu-Jitsu Championship 2015,Adult/Male/Blue/OpenClass,2,Adam Bradley,Atos Jiu-Jitsu
Irvine International Open Jiu-Jitsu Championship 2015,Adult/Male/Blue/OpenClass,3,John Hatfield,TRUJITSU / Bakersfield
Irvine International Open Jiu-Jitsu Championship 2015,Adult/Male/Blue/OpenClass,3,Nicholas Imkamp,Brazilian Top Team
Irvine International Open Jiu-Jitsu Championship 2015,Adult/Female/Blue/Light-Feather,1,Mei-lein Preston,Gracie Barra
Irvine International Open Jiu-Jitsu Championship 2015,Adult/Female/Blue/Light-Feather,2,Grace Campbell,GD Jiu-Jitsu Association
Irvine International Open Jiu-Jitsu Championship 2015,Adult/Female/Blue/Feather,1,Natalie Van Hamersveld,Gracie Barra
Irvine International Open Jiu-Jitsu Championship 2015,Adult/Female/Blue/Feather,2,Melissa Templeman,Ralph Gracie Jiu-Jitsu Berkeley
Irvine International Open Jiu-Jitsu Championship 2015,Adult/Female/Blue/Middle,1,Kalie Nicole Crothers,Carlson Gracie Team
Irvine International Open Jiu-Jitsu Championship 2015,Adult/Female/Blue/Middle,2,Melissa Rivera,Brazilian Top Team
Irvine International Open Jiu-Jitsu Championship 2015,Adult/Female/Blue/OpenClass,1,Natalie Van Hamersveld,Gracie Barra
Irvine International Open Jiu-Jitsu Championship 2015,Adult/Female/Blue/OpenClass,2,Mei-lein Preston,Gracie Barra
Irvine International Open Jiu-Jitsu Championship 2015,Adult/Male/Purple/Rooster,1,Daniel Rodriguez,GD Jiu-Jitsu Association
Irvine International Open Jiu-Jitsu Championship 2015,Adult/Male/Purple/Rooster,2,Michael Gatus,TRUJITSU / Bakersfield
Irvine International Open Jiu-Jitsu Championship 2015,Adult/Male/Purple/Rooster,3,Brian Jake Molinaro,Coalition 95
Irvine International Open Jiu-Jitsu Championship 2015,Adult/Male/Purple/Rooster,3,Lee Rosenfield,Atos Jiu-Jitsu
Irvine International Open Jiu-Jitsu Championship 2015,Adult/Male/Purple/Light-Feather,1,Mason Monsevais,Atos Jiu-Jitsu
Irvine International Open Jiu-Jitsu Championship 2015,Adult/Male/Purple/Light-Feather,2,Kennedy Leonardo Maciel,Alliance Los Angeles
Irvine International Open Jiu-Jitsu Championship 2015,Adult/Male/Purple/Light-Feather,3,Elijah Rueben Tagalog,Gracie Barra
Irvine International Open Jiu-Jitsu Championship 2015,Adult/Male/Purple/Light-Feather,3,Nestor Alexander Lemus,Brazilian Top Team
Irvine International Open Jiu-Jitsu Championship 2015,Adult/Male/Purple/Feather,1,Spencer Royce Nogawa,Atos Jiu-Jitsu
Irvine International Open Jiu-Jitsu Championship 2015,Adult/Male/Purple/Feather,2,Enrique Silva,Jiu-Jitsu Foundation
Irvine International Open Jiu-Jitsu Championship 2015,Adult/Male/Purple/Feather,3,Tyson Antillon (Repetido 229052),GD Jiu-Jitsu Association
Irvine International Open Jiu-Jitsu Championship 2015,Adult/Male/Purple/Feather,3,Westen Waltjen,SoNo BJJ
Irvine International Open Jiu-Jitsu Championship 2015,Adult/Male/Purple/Light,1,fernando amado,Atos Jiu-Jitsu
Irvine International Open Jiu-Jitsu Championship 2015,Adult/Male/Purple/Light,2,Michael Arshag Khatchikian,Gracie Barra
Irvine International Open Jiu-Jitsu Championship 2015,Adult/Male/Purple/Light,3,Alan Casey Barineau Jr.,Gracie Barra
Irvine International Open Jiu-Jitsu Championship 2015,Adult/Male/Purple/Light,3,Jacob Lanier,TRUJITSU / Bakersfield
Irvine International Open Jiu-Jitsu Championship 2015,Adult/Male/Purple/Middle,1,Angelo Guerrero-Barden (repetido 33249),Atos Jiu-Jitsu
Irvine International Open Jiu-Jitsu Championship 2015,Adult/Male/Purple/Middle,2,Thomas John Keenan,GD Jiu-Jitsu Association
Irvine International Open Jiu-Jitsu Championship 2015,Adult/Male/Purple/Middle,3,Connor James Donaldson,Gracie Barra
Irvine International Open Jiu-Jitsu Championship 2015,Adult/Male/Purple/Middle,3,Kauan Argimon Barboza,Gracie Humaita
Irvine International Open Jiu-Jitsu Championship 2015,Adult/Male/Purple/Medium-Heavy,1,Rehan Muttalib,Alliance Los Angeles
Irvine International Open Jiu-Jitsu Championship 2015,Adult/Male/Purple/Medium-Heavy,2,Ashkan Moghaddam,Ralph Gracie Jiu-Jitsu Berkeley
Irvine International Open Jiu-Jitsu Championship 2015,Adult/Male/Purple/Medium-Heavy,3,Raymond Mugica Jr.,Brazilian Top Team
Irvine International Open Jiu-Jitsu Championship 2015,Adult/Male/Purple/Medium-Heavy,3,Thomas Montgomery Ortega-Stern,Ralph Gracie Jiu-Jitsu Berkeley
Irvine International Open Jiu-Jitsu Championship 2015,Adult/Male/Purple/Heavy,1,Lance Kaanoi,SoNo BJJ
Irvine International Open Jiu-Jitsu Championship 2015,Adult/Male/Purple/Heavy,2,Christopher Raymond Tangonan,Cleber Jiu Jitsu
Irvine International Open Jiu-Jitsu Championship 2015,Adult/Male/Purple/Super-Heavy,1,Kyle Aaron Rideau,Faito Tamashi Combat Club
Irvine International Open Jiu-Jitsu Championship 2015,Adult/Male/Purple/Ultra-Heavy,1,Charley Rooney,Combat Base
Irvine International Open Jiu-Jitsu Championship 2015,Adult/Male/Purple/OpenClass,1,Connor James Donaldson,Gracie Barra
Irvine International Open Jiu-Jitsu Championship 2015,Adult/Male/Purple/OpenClass,2,Thomas John Keenan,GD Jiu-Jitsu Association
Irvine International Open Jiu-Jitsu Championship 2015,Adult/Male/Purple/OpenClass,3,Kennedy Leonardo Maciel,Alliance Los Angeles
Irvine International Open Jiu-Jitsu Championship 2015,Adult/Male/Purple/OpenClass,3,Michael Arshag Khatchikian,Gracie Barra
Irvine International Open Jiu-Jitsu Championship 2015,Adult/Female/Purple/Light-Feather,1,Amber Rowe,Carlson Gracie Team
Irvine International Open Jiu-Jitsu Championship 2015,Adult/Female/Purple/Light-Feather,2,Melissa Dawn Campanella,TRUJITSU / Bakersfield
Irvine International Open Jiu-Jitsu Championship 2015,Adult/Female/Purple/Light-Feather,3,Amber Rymarz-freitas,Gracie Barra
Irvine International Open Jiu-Jitsu Championship 2015,Adult/Female/Purple/Light-Feather,3,Laura Wesson,Gracie Barra
Irvine International Open Jiu-Jitsu Championship 2015,Adult/Female/Purple/Light,1,Margot Ciccarelli,Atos Jiu-Jitsu
Irvine International Open Jiu-Jitsu Championship 2015,Adult/Female/Purple/Light,2,Morgan Leigh Black,Prime Jiu-Jitsu Center
Irvine International Open Jiu-Jitsu Championship 2015,Adult/Female/Purple/Light,3,Elizabeth Jane Exell,Gracie Morumbi
Irvine International Open Jiu-Jitsu Championship 2015,Adult/Female/Purple/Medium-Heavy,1,Lilach Etgar,Renzo Gracie LA
Irvine International Open Jiu-Jitsu Championship 2015,Adult/Female/Purple/OpenClass,1,Elizabeth Jane Exell,Gracie Morumbi
Irvine International Open Jiu-Jitsu Championship 2015,Adult/Female/Purple/OpenClass,2,Laura Wesson,Gracie Barra
Irvine International Open Jiu-Jitsu Championship 2015,Adult/Female/Purple/OpenClass,3,Lilach Etgar,Renzo Gracie LA
Irvine International Open Jiu-Jitsu Championship 2015,Adult/Female/Purple/OpenClass,3,Melissa Dawn Campanella,TRUJITSU / Bakersfield
Irvine International Open Jiu-Jitsu Championship 2015,Adult/Male/Brown/Feather,1,Wallace Fernando Santos,Gracie Humaita
Irvine International Open Jiu-Jitsu Championship 2015,Adult/Male/Brown/Feather,2,Joshua S. Rodriguez,GD Jiu-Jitsu Association
Irvine International Open Jiu-Jitsu Championship 2015,Adult/Male/Brown/Feather,3,Aubrey Isaac Koenig,Gracie Barra
Irvine International Open Jiu-Jitsu Championship 2015,Adult/Male/Brown/Light,1,Sergio Zuniga,Phenom Brazilian Jiu-Jitsu - Orange County
Irvine International Open Jiu-Jitsu Championship 2015,Adult/Male/Brown/Medium-Heavy,1,Bruno Capac Cavalcante Machado,Atos Jiu-Jitsu
Irvine International Open Jiu-Jitsu Championship 2015,Adult/Male/Brown/Heavy,1,Nisar Amin Loynab,Atos Jiu-Jitsu
Irvine International Open Jiu-Jitsu Championship 2015,Adult/Male/Brown/Super-Heavy,1,James Russell Friedrich,Atos Jiu-Jitsu
Irvine International Open Jiu-Jitsu Championship 2015,Adult/Male/Brown/OpenClass,1,James Russell Friedrich,Atos Jiu-Jitsu
Irvine International Open Jiu-Jitsu Championship 2015,Adult/Male/Brown/OpenClass,2,Nisar Amin Loynab,Atos Jiu-Jitsu
Irvine International Open Jiu-Jitsu Championship 2015,Adult/Male/Brown/OpenClass,3,Sergio Zuniga,Phenom Brazilian Jiu-Jitsu - Orange County
Irvine International Open Jiu-Jitsu Championship 2015,Adult/Male/Brown/OpenClass,3,Wallace Fernando Santos,Gracie Humaita
Irvine International Open Jiu-Jitsu Championship 2015,Adult/Female/Brown/Feather,1,Sofie Madelaine Zambas,Brasa CTA
Irvine International Open Jiu-Jitsu Championship 2015,Adult/Female/Brown/Light,1,Erica Alicia Santana,Lotus Club / One Jiu-Jitsu
Irvine International Open Jiu-Jitsu Championship 2015,Adult/Female/Brown/Middle,1,Melissa Faith Davis,Lotus Club / One Jiu-Jitsu
Irvine International Open Jiu-Jitsu Championship 2015,Adult/Female/Brown/OpenClass,1,Melissa Faith Davis,Lotus Club / One Jiu-Jitsu
Irvine International Open Jiu-Jitsu Championship 2015,Adult/Female/Brown/OpenClass,2,Sofie Madelaine Zambas,Brasa CTA
Irvine International Open Jiu-Jitsu Championship 2015,Adult/Female/Brown/OpenClass,3,Erica Alicia Santana,Lotus Club / One Jiu-Jitsu
Irvine International Open Jiu-Jitsu Championship 2015,Adult/Male/Black/Rooster,1,Takahito Yoshioka,Atos Jiu-Jitsu
Irvine International Open Jiu-Jitsu Championship 2015,Adult/Male/Black/Light-Feather,1,Gabriel Afonso dos Santos Moraes,Alliance SP
Irvine International Open Jiu-Jitsu Championship 2015,Adult/Male/Black/Light-Feather,2,Gustavo Ernesto Carpio Caceres,Connect BJJ
Irvine International Open Jiu-Jitsu Championship 2015,Adult/Male/Black/Light-Feather,3,Andre Luiz Cecilio Roriz Pontes,Ribeiro Jiu-Jitsu
Irvine International Open Jiu-Jitsu Championship 2015,Adult/Male/Black/Light-Feather,3,Luis Felipe Ninja de Moraes Pinto,Brazil Academy USA
Irvine International Open Jiu-Jitsu Championship 2015,Adult/Male/Black/Feather,1,Samir José Chantre Dahás,Ares BJJ
Irvine International Open Jiu-Jitsu Championship 2015,Adult/Male/Black/Feather,2,Richard Stephen Slomba Jr.,Atos Jiu-Jitsu
Irvine International Open Jiu-Jitsu Championship 2015,Adult/Male/Black/Feather,3,Jose Luis Alvarez Albor,Renzo Gracie Mexico
Irvine International Open Jiu-Jitsu Championship 2015,Adult/Male/Black/Feather,3,Vitor Peres Paschoal,Caio Terra Association
Irvine International Open Jiu-Jitsu Championship 2015,Adult/Male/Black/Light,1,Thiago Augusto Araujo Macedo,Rodrigo Pinheiro
Irvine International Open Jiu-Jitsu Championship 2015,Adult/Male/Black/Light,2,Marcelo dos Santos Motta,Prime Jiu-Jitsu Center
Irvine International Open Jiu-Jitsu Championship 2015,Adult/Male/Black/Light,3,kenneth Primola,Brasa Caio Terra
Irvine International Open Jiu-Jitsu Championship 2015,Adult/Male/Black/Light,3,Nicollas Welker Amorim Araujo,Ryan Gracie Team
Irvine International Open Jiu-Jitsu Championship 2015,Adult/Male/Black/Middle,1,Gabriel Procópio da Fonseca,Brazilian Top Team
Irvine International Open Jiu-Jitsu Championship 2015,Adult/Male/Black/Middle,2,Gabriel Rodrigues A. Goulart,Alliance Los Angeles
Irvine International Open Jiu-Jitsu Championship 2015,Adult/Male/Black/Middle,3,Joshua Roy Hinger,Atos Jiu-Jitsu
Irvine International Open Jiu-Jitsu Championship 2015,Adult/Male/Black/Middle,3,Sergio Raimundo Rios da Silva,Brasa/99
Irvine International Open Jiu-Jitsu Championship 2015,Adult/Male/Black/Medium-Heavy,1,Gabriel Arges de Sousa,Gracie Barra
Irvine International Open Jiu-Jitsu Championship 2015,Adult/Male/Black/Medium-Heavy,2,Lucas Daniel Silva Barbosa,Atos Jiu-Jitsu
Irvine International Open Jiu-Jitsu Championship 2015,Adult/Male/Black/Medium-Heavy,3,Andrew Logan Wooten,Gracie Barra
Irvine International Open Jiu-Jitsu Championship 2015,Adult/Male/Black/Heavy,1,Tanner Wade Rice,Amazonas Rice Bros BJJ
Irvine International Open Jiu-Jitsu Championship 2015,Adult/Male/Black/Heavy,2,Inacio Ferreira Gomes Neto,Gracie Barra
Irvine International Open Jiu-Jitsu Championship 2015,Adult/Male/Black/Heavy,3,Jason Scott Ackerman,Kron Gracie Jiu Jitsu
Irvine International Open Jiu-Jitsu Championship 2015,Adult/Male/Black/Super-Heavy,1,Nathan Albrecht Mendelsohn,Coalition 95
Irvine International Open Jiu-Jitsu Championship 2015,Adult/Male/Black/Super-Heavy,2,Alessandro Ferreira da Silva,Gracie Fighter
Irvine International Open Jiu-Jitsu Championship 2015,Adult/Male/Black/Ultra-Heavy,1,Carlos Eduardo de Araujo Farias,Roberto Traven BJJ
Irvine International Open Jiu-Jitsu Championship 2015,Adult/Male/Black/OpenClass,1,Gabriel Arges de Sousa,Gracie Barra
Irvine International Open Jiu-Jitsu Championship 2015,Adult/Male/Black/OpenClass,2,Inacio Ferreira Gomes Neto,Gracie Barra
Irvine International Open Jiu-Jitsu Championship 2015,Adult/Male/Black/OpenClass,3,Lucas Daniel Silva Barbosa,Atos Jiu-Jitsu
Irvine International Open Jiu-Jitsu Championship 2015,Adult/Male/Black/OpenClass,3,Thiago Augusto Araujo Macedo,Rodrigo Pinheiro
Irvine International Open Jiu-Jitsu Championship 2015,Adult/Female/Black/Light,1,Sarah Johnel Black,GD Jiu-Jitsu Association
Irvine International Open Jiu-Jitsu Championship 2015,Adult/Female/Black/Light,2,Kiri Noelle Liao,Ribeiro Jiu-Jitsu
Irvine International Open Jiu-Jitsu Championship 2015,Adult/Female/Black/Heavy,1,Jill Marie Baker,TRUJITSU / Bakersfield
Irvine International Open Jiu-Jitsu Championship 2015,Adult/Female/Black/OpenClass,1,Sarah Johnel Black,GD Jiu-Jitsu Association
Irvine International Open Jiu-Jitsu Championship 2015,Adult/Female/Black/OpenClass,2,Kiri Noelle Liao,Ribeiro Jiu-Jitsu
Irvine International Open Jiu-Jitsu Championship 2015,Adult/Female/Black/OpenClass,3,Jill Marie Baker,TRUJITSU / Bakersfield
Irvine International Open Jiu-Jitsu Championship 2015,Master1/Male/White/Feather,1,Jacob Michael Cleveland,Gracie Barra
Irvine International Open Jiu-Jitsu Championship 2015,Master1/Male/White/Feather,2,Brandon Ruben Rodriguez,Brazilian Top Team
Irvine International Open Jiu-Jitsu Championship 2015,Master1/Male/White/Light,1,Lee B. Butcher,Beverly Hills Jiu Jitsu Club
Irvine International Open Jiu-Jitsu Championship 2015,Master1/Male/White/Light,2,Roberto Sheets,Nova União
Irvine International Open Jiu-Jitsu Championship 2015,Master1/Male/White/Light,3,David Munoz,TRUJITSU / Bakersfield
Irvine International Open Jiu-Jitsu Championship 2015,Master1/Male/White/Light,3,Ericsariel  Caro Jr,Brazilian Top Team
Irvine International Open Jiu-Jitsu Championship 2015,Master1/Male/White/Middle,1,Storm Huie,Lotus Club / One Jiu-Jitsu
Irvine International Open Jiu-Jitsu Championship 2015,Master1/Male/White/Middle,2,Drew Cloud,Nova União
Irvine International Open Jiu-Jitsu Championship 2015,Master1/Male/White/Medium-Heavy,1,Miguel Diaz,TRUJITSU / Bakersfield
Irvine International Open Jiu-Jitsu Championship 2015,Master1/Male/White/Medium-Heavy,2,Eric Castillo,TRUJITSU / Bakersfield
Irvine International Open Jiu-Jitsu Championship 2015,Master1/Male/White/Medium-Heavy,3,Andrew  Harris,Atos Jiu-Jitsu
Irvine International Open Jiu-Jitsu Championship 2015,Master1/Male/White/Medium-Heavy,3,Robin Suh,Marcel Louzado BJJ
Irvine International Open Jiu-Jitsu Championship 2015,Master1/Male/White/Heavy,1,Clint Felder,CheckMat USA
Irvine International Open Jiu-Jitsu Championship 2015,Master1/Male/White/Heavy,2,Francisco Padilla,TRUJITSU / Bakersfield
Irvine International Open Jiu-Jitsu Championship 2015,Master1/Male/White/Heavy,3,Kevin Kunz,Beverly Hills Jiu Jitsu Club
Irvine International Open Jiu-Jitsu Championship 2015,Master1/Male/White/Heavy,3,Simon Vigoletti,Brazilian Top Team
Irvine International Open Jiu-Jitsu Championship 2015,Master1/Male/White/Ultra-Heavy,1,Stefan Bellotto,Gracie Barra
Irvine International Open Jiu-Jitsu Championship 2015,Master1/Male/White/Ultra-Heavy,2,Sean Starkey,TRUJITSU / Bakersfield
Irvine International Open Jiu-Jitsu Championship 2015,Master1/Male/White/Ultra-Heavy,3,Noel Elpedes,Brazilian Top Team
Irvine International Open Jiu-Jitsu Championship 2015,Master1/Male/Blue/Light-Feather,1,Dustin Pitcher,TRUJITSU / Bakersfield
Irvine International Open Jiu-Jitsu Championship 2015,Master1/Male/Blue/Light-Feather,2,Andrew Thaxter,Tinguinha BJJ academy
Irvine International Open Jiu-Jitsu Championship 2015,Master1/Male/Blue/Feather,1,Richard Arreola,Lotus Club / One Jiu-Jitsu
Irvine International Open Jiu-Jitsu Championship 2015,Master1/Male/Blue/Feather,2,Shawn Priddy,CheckMat Mafra
Irvine International Open Jiu-Jitsu Championship 2015,Master1/Male/Blue/Feather,3,Sonetra Tol,Bruno Mamute Jiu Jitsu
Irvine International Open Jiu-Jitsu Championship 2015,Master1/Male/Blue/Light,1,Aaron Berry,Brazilian Top Team
Irvine International Open Jiu-Jitsu Championship 2015,Master1/Male/Blue/Light,2,Luiz Barcelos,Gracie Humaita
Irvine International Open Jiu-Jitsu Championship 2015,Master1/Male/Blue/Light,3,Jeffrey Hairston,Atos Jiu-Jitsu
Irvine International Open Jiu-Jitsu Championship 2015,Master1/Male/Blue/Middle,1,Mark  Mendoza Jr (repetido 215005),Cleber Jiu Jitsu
Irvine International Open Jiu-Jitsu Championship 2015,Master1/Male/Blue/Middle,2,Gustavo Gonzalez Jr,Gracie Humaita
Irvine International Open Jiu-Jitsu Championship 2015,Master1/Male/Blue/Middle,3,Gil Galindo,Clark Gracie Jiu Jitsu Academy
Irvine International Open Jiu-Jitsu Championship 2015,Master1/Male/Blue/Middle,3,Kacey Brown,Paragon BJJ Academy
Irvine International Open Jiu-Jitsu Championship 2015,Master1/Male/Blue/Medium-Heavy,1,Joseph Dougherty,Ribeiro Jiu-Jitsu
Irvine International Open Jiu-Jitsu Championship 2015,Master1/Male/Blue/Medium-Heavy,2,Ryan Palmer,Prime Jiu-Jitsu Center
Irvine International Open Jiu-Jitsu Championship 2015,Master1/Male/Blue/Heavy,1,Stephen Mears,TRUJITSU / Bakersfield
Irvine International Open Jiu-Jitsu Championship 2015,Master1/Male/Blue/Heavy,2,GRANT OTTO,United Brazilian Jiu-Jitsu
Irvine International Open Jiu-Jitsu Championship 2015,Master1/Male/Blue/Heavy,3,Juan  Lopez,Brazilian Top Team
Irvine International Open Jiu-Jitsu Championship 2015,Master1/Male/Blue/Super-Heavy,1,Dauren Kabykenov,Brazilian Top Team
Irvine International Open Jiu-Jitsu Championship 2015,Master1/Male/Blue/Super-Heavy,2,Malcolm Justin Braniff,Carlson Gracie Team
Irvine International Open Jiu-Jitsu Championship 2015,Master1/Male/Blue/Super-Heavy,3,Brock Wiscott,Carlson Gracie Team
Irvine International Open Jiu-Jitsu Championship 2015,Master1/Male/Blue/Super-Heavy,3,Christopher Ryan Miller,Alliance San Diego
Irvine International Open Jiu-Jitsu Championship 2015,Master1/Male/Blue/Ultra-Heavy,1,Mykal Leonoah,TRUJITSU / Bakersfield
Irvine International Open Jiu-Jitsu Championship 2015,Master1/Male/Blue/OpenClass,1,Aaron Berry,Brazilian Top Team
Irvine International Open Jiu-Jitsu Championship 2015,Master1/Male/Blue/OpenClass,2,Sonetra Tol,Bruno Mamute Jiu Jitsu
Irvine International Open Jiu-Jitsu Championship 2015,Master1/Male/Blue/OpenClass,3,Brock Wiscott,Carlson Gracie Team
Irvine International Open Jiu-Jitsu Championship 2015,Master1/Female/Blue/Light-Feather,1,Lisa Pinney,BJJ Revolution Team
Irvine International Open Jiu-Jitsu Championship 2015,Master1/Female/Blue/Light-Feather,2,alicia marroquin,Rodrigo Freitas Brazilian Jiu-Jitsu
Irvine International Open Jiu-Jitsu Championship 2015,Master1/Female/Blue/Light-Feather,3,Renee Nieman,CheckMat USA
Irvine International Open Jiu-Jitsu Championship 2015,Master1/Female/Blue/Feather,1,Susan  Kocab,Zenith BJJ - Las Vegas
Irvine International Open Jiu-Jitsu Championship 2015,Master1/Female/Blue/Feather,2,Yi Liu-Williams,Legacy
Irvine International Open Jiu-Jitsu Championship 2015,Master1/Female/Blue/Feather,3,Rene Grobecker,Gracie Barra
Irvine International Open Jiu-Jitsu Championship 2015,Master1/Female/Blue/OpenClass,1,Susan  Kocab,Zenith BJJ - Las Vegas
Irvine International Open Jiu-Jitsu Championship 2015,Master1/Male/Purple/Light-Feather,1,jason debruyn,Atos Jiu-Jitsu
Irvine International Open Jiu-Jitsu Championship 2015,Master1/Male/Purple/Light-Feather,2,Juan Avila,Alliance Los Angeles
Irvine International Open Jiu-Jitsu Championship 2015,Master1/Male/Purple/Light-Feather,3,Daniel Nakamura,Surfight Jiu-Jitsu
Irvine International Open Jiu-Jitsu Championship 2015,Master1/Male/Purple/Feather,1,David Duran,Brazilian Top Team
Irvine International Open Jiu-Jitsu Championship 2015,Master1/Male/Purple/Feather,2,Evan Ernest Gongora,Ares BJJ
Irvine International Open Jiu-Jitsu Championship 2015,Master1/Male/Purple/Light,1,Yusuke  Hayashi,Studio 540
Irvine International Open Jiu-Jitsu Championship 2015,Master1/Male/Purple/Light,2,Pedro Sifuentes,Fabin Rosa Brazilian Jiu-Jitsu
Irvine International Open Jiu-Jitsu Championship 2015,Master1/Male/Purple/Middle,1,Moises Lopez,Zenith BJJ - Las Vegas
Irvine International Open Jiu-Jitsu Championship 2015,Master1/Male/Purple/Middle,2,George Padilla,Cia Paulista
Irvine International Open Jiu-Jitsu Championship 2015,Master1/Male/Purple/Middle,3,Chris Shuman,Gracie Barra
Irvine International Open Jiu-Jitsu Championship 2015,Master1/Male/Purple/Middle,3,Greg Dennison,CheckMat Mafra
Irvine International Open Jiu-Jitsu Championship 2015,Master1/Male/Purple/Medium-Heavy,1,Jordan Paul Joseph Alameda,Atos Jiu-Jitsu
Irvine International Open Jiu-Jitsu Championship 2015,Master1/Male/Purple/Medium-Heavy,2,scott torres,BJJ Revolution Team
Irvine International Open Jiu-Jitsu Championship 2015,Master1/Male/Purple/Medium-Heavy,3,Rafael Justino,Brazilian Top Team
Irvine International Open Jiu-Jitsu Championship 2015,Master1/Male/Purple/Heavy,1,Neftali  Diaz,Brazilian Top Team
Irvine International Open Jiu-Jitsu Championship 2015,Master1/Male/Purple/Heavy,2,Josef Justin De La Vega,Fabio Prado BJJ
Irvine International Open Jiu-Jitsu Championship 2015,Master1/Male/Purple/Ultra-Heavy,1,Henry Garcia,TRUJITSU / Bakersfield
Irvine International Open Jiu-Jitsu Championship 2015,Master1/Male/Purple/OpenClass,1,Henry Garcia,TRUJITSU / Bakersfield
Irvine International Open Jiu-Jitsu Championship 2015,Master1/Male/Purple/OpenClass,2,Moises Lopez,Zenith BJJ - Las Vegas
Irvine International Open Jiu-Jitsu Championship 2015,Master1/Male/Purple/OpenClass,3,Daniel Nakamura,Surfight Jiu-Jitsu
Irvine International Open Jiu-Jitsu Championship 2015,Master1/Male/Purple/OpenClass,3,David Duran,Brazilian Top Team
Irvine International Open Jiu-Jitsu Championship 2015,Master1/Male/Brown/Light-Feather,1,Cresencio Zamora,Gracie Humaita
Irvine International Open Jiu-Jitsu Championship 2015,Master1/Male/Brown/Light-Feather,2,Yu Fujioka,Fujita Jiu-Jitsu
Irvine International Open Jiu-Jitsu Championship 2015,Master1/Male/Brown/Feather,1,Gustavo Adolfo Fonseca Jr.,Atos Jiu-Jitsu
Irvine International Open Jiu-Jitsu Championship 2015,Master1/Male/Brown/Feather,2,Cedric Co Ling,Dynamic Mixed Martial Arts
Irvine International Open Jiu-Jitsu Championship 2015,Master1/Male/Brown/Feather,3,Simone Jose Velasques,Cobra Kai Jiu Jitsu
Irvine International Open Jiu-Jitsu Championship 2015,Master1/Male/Brown/Middle,1,Seth Adam Dikun,CheckMat Mafra
Irvine International Open Jiu-Jitsu Championship 2015,Master1/Male/Brown/Middle,2,Ryan C. Delacruz,Gracie Barra
Irvine International Open Jiu-Jitsu Championship 2015,Master1/Male/Brown/Medium-Heavy,1,Cesar Marcel Dubon Monterrosa,Clark Gracie Jiu Jitsu Academy
Irvine International Open Jiu-Jitsu Championship 2015,Master1/Male/Brown/Medium-Heavy,2,David Ranada Paulo,Gracie Barra
Irvine International Open Jiu-Jitsu Championship 2015,Master1/Male/Brown/Heavy,1,Bruce L Morgenstern,Gracie Humaita
Irvine International Open Jiu-Jitsu Championship 2015,Master1/Male/Brown/Heavy,2,Ryan Bernardino,Gracie Humaita
Irvine International Open Jiu-Jitsu Championship 2015,Master1/Male/Brown/Super-Heavy,1,Jonathan Andrew Thomas,Atos Jiu-Jitsu
Irvine International Open Jiu-Jitsu Championship 2015,Master1/Male/Brown/Super-Heavy,2,Gerome Jayectin Uy,Brazilian Top Team
Irvine International Open Jiu-Jitsu Championship 2015,Master1/Male/Brown/OpenClass,1,Gerome Jayectin Uy,Brazilian Top Team
Irvine International Open Jiu-Jitsu Championship 2015,Master1/Male/Brown/OpenClass,2,Seth Adam Dikun,CheckMat Mafra
Irvine International Open Jiu-Jitsu Championship 2015,Master1/Male/Brown/OpenClass,3,Ryan Bernardino,Gracie Humaita
Irvine International Open Jiu-Jitsu Championship 2015,Master1/Male/Brown/OpenClass,3,Yu Fujioka,Fujita Jiu-Jitsu
Irvine International Open Jiu-Jitsu Championship 2015,Master1/Male/Black/Middle,1,Jason Desmond Youseph,Carlson Gracie Team
Irvine International Open Jiu-Jitsu Championship 2015,Master1/Male/Black/Middle,2,Bruno Oscar Silva Marchi,Alliance Los Angeles
Irvine International Open Jiu-Jitsu Championship 2015,Master1/Male/Black/Middle,3,Manuel Paul Marquez,Paragon BJJ Academy
Irvine International Open Jiu-Jitsu Championship 2015,Master1/Male/Black/Medium-Heavy,1,Euclides Oliveira Barboza Junior,Brazilian Top Team
Irvine International Open Jiu-Jitsu Championship 2015,Master1/Male/Black/Medium-Heavy,2,Marcelo Meleiro,Nova União USA
Irvine International Open Jiu-Jitsu Championship 2015,Master1/Male/Black/Heavy,1,Omar Sabha,Brazilian Top Team
Irvine International Open Jiu-Jitsu Championship 2015,Master1/Male/Black/Super-Heavy,1,Gustavo dos Santos Pires,Gracie Barra
Irvine International Open Jiu-Jitsu Championship 2015,Master1/Male/Black/Super-Heavy,2,Samuel Joseph Campanella III,TRUJITSU / Bakersfield
Irvine International Open Jiu-Jitsu Championship 2015,Master1/Male/Black/OpenClass,1,Gustavo dos Santos Pires,Gracie Barra
Irvine International Open Jiu-Jitsu Championship 2015,Master1/Male/Black/OpenClass,2,Omar Sabha,Brazilian Top Team
Irvine International Open Jiu-Jitsu Championship 2015,Master1/Male/Black/OpenClass,3,Bruno Oscar Silva Marchi,Alliance Los Angeles
Irvine International Open Jiu-Jitsu Championship 2015,Master1/Male/Black/OpenClass,3,Euclides Oliveira Barboza Junior,Brazilian Top Team
Irvine International Open Jiu-Jitsu Championship 2015,Master2/Male/White/Feather,1,Luis Aceves,Atos Jiu-Jitsu
Irvine International Open Jiu-Jitsu Championship 2015,Master2/Male/White/Feather,2,Abrar Siddiqui,Brazilian Top Team
Irvine International Open Jiu-Jitsu Championship 2015,Master2/Male/White/Light,1,Pablo Sanchez,Jean Jacques Machado BJJ
Irvine International Open Jiu-Jitsu Championship 2015,Master2/Male/White/Light,2,Nicolas Felix,TRUJITSU / Bakersfield
Irvine International Open Jiu-Jitsu Championship 2015,Master2/Male/White/Light,3,Freddie Cantrell,Atos Jiu-Jitsu
Irvine International Open Jiu-Jitsu Championship 2015,Master2/Male/White/Light,3,Sam Nam,Gracie Barra
Irvine International Open Jiu-Jitsu Championship 2015,Master2/Male/White/Middle,1,Will Wu,Gracie Barra
Irvine International Open Jiu-Jitsu Championship 2015,Master2/Male/White/Middle,2,Bruce Watson,Brazilian Top Team
Irvine International Open Jiu-Jitsu Championship 2015,Master2/Male/White/Middle,3,Robert Mcmillan,Fabin Rosa Brazilian Jiu-Jitsu
Irvine International Open Jiu-Jitsu Championship 2015,Master2/Male/White/Medium-Heavy,1,Paul Hudson,Ribeiro Jiu-Jitsu
Irvine International Open Jiu-Jitsu Championship 2015,Master2/Male/White/Medium-Heavy,2,Brian Romero,Brazilian Top Team
Irvine International Open Jiu-Jitsu Championship 2015,Master2/Male/White/Medium-Heavy,3,Victor Perales,TRUJITSU / Bakersfield
Irvine International Open Jiu-Jitsu Championship 2015,Master2/Male/White/Heavy,1,Anthony Vincent Falotico,Fabin Rosa Brazilian Jiu-Jitsu
Irvine International Open Jiu-Jitsu Championship 2015,Master2/Male/White/Heavy,2,Ramon Calderon,Fabin Rosa Brazilian Jiu-Jitsu
Irvine International Open Jiu-Jitsu Championship 2015,Master2/Male/White/Heavy,3,John Cunningham,Phenom Brazilian Jiu-Jitsu - Orange County
Irvine International Open Jiu-Jitsu Championship 2015,Master2/Male/White/Heavy,3,Matt Nieman,CheckMat USA
Irvine International Open Jiu-Jitsu Championship 2015,Master2/Male/White/Ultra-Heavy,1,Brandon Hendrikx,Carlson Gracie Team
Irvine International Open Jiu-Jitsu Championship 2015,Master2/Male/White/Ultra-Heavy,2,Alexander  Angustain,Renzo Gracie LA
Irvine International Open Jiu-Jitsu Championship 2015,Master2/Male/White/Ultra-Heavy,3,Eduardo Machado,TRUJITSU / Bakersfield
Irvine International Open Jiu-Jitsu Championship 2015,Master2/Male/White/Ultra-Heavy,3,Joel Veenstra,Triunfo Brazilian Jiu Jitsu
Irvine International Open Jiu-Jitsu Championship 2015,Master2/Male/Blue/Light,1,Scott Lowder,Tinguinha BJJ academy
Irvine International Open Jiu-Jitsu Championship 2015,Master2/Male/Blue/Light,2,Carlos Capela,Brasa Caio Terra
Irvine International Open Jiu-Jitsu Championship 2015,Master2/Male/Blue/Light,3,Johnsent Lagatao,SoNo BJJ
Irvine International Open Jiu-Jitsu Championship 2015,Master2/Male/Blue/Light,3,Steven James Calderon,Rodrigo Gracie Jiu Jitsu
Irvine International Open Jiu-Jitsu Championship 2015,Master2/Male/Blue/Middle,1,Justin Agee,TRUJITSU / Bakersfield
Irvine International Open Jiu-Jitsu Championship 2015,Master2/Male/Blue/Middle,2,Jeff Stambook,TRUJITSU / Bakersfield
Irvine International Open Jiu-Jitsu Championship 2015,Master2/Male/Blue/Middle,3,Joseph Jewell,Brazilian Top Team
Irvine International Open Jiu-Jitsu Championship 2015,Master2/Male/Blue/Medium-Heavy,1,Samuel Miguel Leonardi,BJJ Lifestyle Academy
Irvine International Open Jiu-Jitsu Championship 2015,Master2/Male/Blue/Medium-Heavy,2,Nathanael Secor,Brazilian Top Team
Irvine International Open Jiu-Jitsu Championship 2015,Master2/Male/Blue/Heavy,1,Tyson Boring,Gracie Humaita
Irvine International Open Jiu-Jitsu Championship 2015,Master2/Male/Blue/Heavy,2,Jon Bice,Rodrigo Freitas Brazilian Jiu-Jitsu
Irvine International Open Jiu-Jitsu Championship 2015,Master2/Male/Blue/Heavy,3,Joaquin Narvaez,Jean Jacques Machado BJJ
Irvine International Open Jiu-Jitsu Championship 2015,Master2/Male/Blue/Heavy,3,Michael Steenson,Brazilian Top Team
Irvine International Open Jiu-Jitsu Championship 2015,Master2/Male/Blue/Ultra-Heavy,1,Enrique Guillen,TRUJITSU / Bakersfield
Irvine International Open Jiu-Jitsu Championship 2015,Master2/Male/Blue/Ultra-Heavy,2,Nolan Archer,Gracie Barra
Irvine International Open Jiu-Jitsu Championship 2015,Master2/Male/Blue/OpenClass,1,Enrique Guillen,TRUJITSU / Bakersfield
Irvine International Open Jiu-Jitsu Championship 2015,Master2/Male/Blue/OpenClass,2,Nolan Archer,Gracie Barra
Irvine International Open Jiu-Jitsu Championship 2015,Master2/Male/Blue/OpenClass,3,Jeff Stambook,TRUJITSU / Bakersfield
Irvine International Open Jiu-Jitsu Championship 2015,Master2/Male/Blue/OpenClass,3,Scott Lowder,Tinguinha BJJ academy
Irvine International Open Jiu-Jitsu Championship 2015,Master2/Male/Purple/Light,1,Aliki Alalamua,Soul Fighters BJJ
Irvine International Open Jiu-Jitsu Championship 2015,Master2/Male/Purple/Light,2,Samuel Ty,Brazilian Top Team
Irvine International Open Jiu-Jitsu Championship 2015,Master2/Male/Purple/Middle,1,Oleg Ryaboy,BJJ Academy LV - Pedro Sauer Team
Irvine International Open Jiu-Jitsu Championship 2015,Master2/Male/Purple/Middle,2,Bruce Nardone,Caio Terra Association
Irvine International Open Jiu-Jitsu Championship 2015,Master2/Male/Purple/Middle,3,Salvador  Martinez,Brazilian Top Team
Irvine International Open Jiu-Jitsu Championship 2015,Master2/Male/Purple/Medium-Heavy,1,gabby valdez,Cleber Jiu Jitsu
Irvine International Open Jiu-Jitsu Championship 2015,Master2/Male/Purple/Heavy,1,Timothy Michael Varallo,Prime Jiu-Jitsu Center
Irvine International Open Jiu-Jitsu Championship 2015,Master2/Male/Purple/Super-Heavy,1,Joe  Tate,Maracaba BJJ
Irvine International Open Jiu-Jitsu Championship 2015,Master2/Male/Purple/Super-Heavy,2,Humberto  Costa,Igor BJJ
Irvine International Open Jiu-Jitsu Championship 2015,Master2/Male/Purple/Ultra-Heavy,1,Jerry Foster,Brazilian Top Team
Irvine International Open Jiu-Jitsu Championship 2015,Master2/Male/Purple/OpenClass,1,Jerry Foster,Brazilian Top Team
Irvine International Open Jiu-Jitsu Championship 2015,Master2/Male/Purple/OpenClass,2,Bruce Nardone,Caio Terra Association
Irvine International Open Jiu-Jitsu Championship 2015,Master2/Male/Purple/OpenClass,3,gabby valdez,Cleber Jiu Jitsu
Irvine International Open Jiu-Jitsu Championship 2015,Master2/Male/Purple/OpenClass,3,Timothy Michael Varallo,Prime Jiu-Jitsu Center
Irvine International Open Jiu-Jitsu Championship 2015,Master2/Male/Brown/Light,1,Tony Lam,Brazilian Top Team
Irvine International Open Jiu-Jitsu Championship 2015,Master2/Male/Brown/Light,2,Brandon Ross Recendez,Brazilian Top Team
Irvine International Open Jiu-Jitsu Championship 2015,Master2/Male/Brown/Light,3,Daniel Ray Gordon,TRUJITSU / Bakersfield
Irvine International Open Jiu-Jitsu Championship 2015,Master2/Male/Brown/Middle,1,Timothy Harlan Blackstone,Alliance
Irvine International Open Jiu-Jitsu Championship 2015,Master2/Male/Brown/Middle,2,Geoffrey  McGann,PKG Training Center
Irvine International Open Jiu-Jitsu Championship 2015,Master2/Male/Brown/Ultra-Heavy,1,Gonzalo Barahona,Brazilian Top Team
Irvine International Open Jiu-Jitsu Championship 2015,Master2/Male/Brown/OpenClass,1,Timothy Harlan Blackstone,Alliance
Irvine International Open Jiu-Jitsu Championship 2015,Master2/Male/Brown/OpenClass,2,Gonzalo Barahona,Brazilian Top Team
Irvine International Open Jiu-Jitsu Championship 2015,Master2/Male/Brown/OpenClass,3,Daniel Ray Gordon,TRUJITSU / Bakersfield
Irvine International Open Jiu-Jitsu Championship 2015,Master2/Male/Black/Heavy,1,Charles Falcon,CheckMat USA
Irvine International Open Jiu-Jitsu Championship 2015,Master2/Male/Black/Heavy,2,Jake Ryan Mosher,Gracie Humaita
Irvine International Open Jiu-Jitsu Championship 2015,Master2/Male/Black/OpenClass,1,Charles Falcon,CheckMat USA
Irvine International Open Jiu-Jitsu Championship 2015,Master3/Male/Blue/Light-Feather,1,Roy Hiro Calloway,Brazilian Top Team
Irvine International Open Jiu-Jitsu Championship 2015,Master3/Male/Blue/Light-Feather,2,Patrick Yowell,Gracie Barra
Irvine International Open Jiu-Jitsu Championship 2015,Master3/Male/Blue/Feather,1,Juan Antonio Flores,Gracie Humaita
Irvine International Open Jiu-Jitsu Championship 2015,Master3/Male/Blue/Feather,2,Vincent Rosenberg,Prime Jiu-Jitsu Center
Irvine International Open Jiu-Jitsu Championship 2015,Master3/Male/Blue/Feather,3,Jeff  Alegado,Gracie Barra
Irvine International Open Jiu-Jitsu Championship 2015,Master3/Male/Blue/Middle,1,Banka  Dhesi,Brazilian Top Team
Irvine International Open Jiu-Jitsu Championship 2015,Master3/Male/Blue/Middle,2,James Cedeno,Atos Jiu-Jitsu
Irvine International Open Jiu-Jitsu Championship 2015,Master3/Male/Blue/Ultra-Heavy,1,Dave "curintia" Larkin,Brazilian Top Team
Irvine International Open Jiu-Jitsu Championship 2015,Master3/Male/Blue/Ultra-Heavy,2,Michael Patrick Clark,Ribeiro Jiu-Jitsu
Irvine International Open Jiu-Jitsu Championship 2015,Master3/Male/Blue/OpenClass,1,Michael Patrick Clark,Ribeiro Jiu-Jitsu
Irvine International Open Jiu-Jitsu Championship 2015,Master3/Male/Purple/Light,1,Tim Ham,Gracie Elite Team America
Irvine International Open Jiu-Jitsu Championship 2015,Master3/Male/Purple/Light,2,Edward Insull,Roger Gracie
Irvine International Open Jiu-Jitsu Championship 2015,Master3/Male/Purple/Middle,1,Pharaoh Young,Clark Gracie Jiu Jitsu Academy
Irvine International Open Jiu-Jitsu Championship 2015,Master3/Male/Purple/Middle,2,David  Russell,Ribeiro Jiu-Jitsu
Irvine International Open Jiu-Jitsu Championship 2015,Master3/Male/Purple/Middle,3,Bobby Jr Walker,Gracie Barra
Irvine International Open Jiu-Jitsu Championship 2015,Master3/Male/Purple/Middle,3,Danny Sanfellipo,Gracie Barra
Irvine International Open Jiu-Jitsu Championship 2015,Master3/Male/Purple/Heavy,1,Clarence E. Chaney IV,New Breed Academy
Irvine International Open Jiu-Jitsu Championship 2015,Master3/Male/Purple/OpenClass,1,Clarence E. Chaney IV,New Breed Academy
Irvine International Open Jiu-Jitsu Championship 2015,Master3/Male/Purple/OpenClass,2,Bobby Jr Walker,Gracie Barra
Irvine International Open Jiu-Jitsu Championship 2015,Master3/Male/Purple/OpenClass,3,Edward Insull,Roger Gracie
Irvine International Open Jiu-Jitsu Championship 2015,Master3/Male/Brown/Light,1,Angel Paul Lopez,Tinguinha BJJ academy
Irvine International Open Jiu-Jitsu Championship 2015,Master3/Male/Brown/Light,2,Heath Flicker,GD Jiu-Jitsu Association
Irvine International Open Jiu-Jitsu Championship 2015,Master3/Male/Brown/Light,3,Frank Lawrence Rini,TRUJITSU / Bakersfield
Irvine International Open Jiu-Jitsu Championship 2015,Master3/Male/Brown/Light,3,Greg Tyson,Ribeiro Jiu-Jitsu
Irvine International Open Jiu-Jitsu Championship 2015,Master3/Male/Brown/Super-Heavy,1,Christopher Michael Glew,Brazilian Top Team
Irvine International Open Jiu-Jitsu Championship 2015,Master3/Male/Brown/Super-Heavy,2,Darrell Zachary Payne,Cascao Jiu-Jitsu
Irvine International Open Jiu-Jitsu Championship 2015,Master3/Male/Brown/OpenClass,1,Christopher Michael Glew,Brazilian Top Team
Irvine International Open Jiu-Jitsu Championship 2015,Master3/Male/Brown/OpenClass,2,Frank Lawrence Rini,TRUJITSU / Bakersfield
Irvine International Open Jiu-Jitsu Championship 2015,Master3/Male/Black/Feather,1,Maximilian R Goldberg,Gracie Barra
Irvine International Open Jiu-Jitsu Championship 2015,Master3/Male/Black/Middle,1,Tom D. Knox,Cleber Jiu Jitsu
Irvine International Open Jiu-Jitsu Championship 2015,Master3/Male/Black/Middle,2,Kevin D. Landry,Gracie Elite Team America
Irvine International Open Jiu-Jitsu Championship 2015,Master3/Male/Black/Medium-Heavy,1,Matt Jason Baker,TRUJITSU / Bakersfield
Irvine International Open Jiu-Jitsu Championship 2015,Master3/Male/Black/OpenClass,1,Matt Jason Baker,TRUJITSU / Bakersfield
Irvine International Open Jiu-Jitsu Championship 2015,Master3/Male/Black/OpenClass,2,Tom D. Knox,Cleber Jiu Jitsu
Irvine International Open Jiu-Jitsu Championship 2015,Master3/Male/Black/OpenClass,3,Kevin D. Landry,Gracie Elite Team America
Irvine International Open Jiu-Jitsu Championship 2015,Master4/Male/Blue/Heavy,1,Andrew Lowrimore,TRUJITSU / Bakersfield
Irvine International Open Jiu-Jitsu Championship 2015,Master4/Male/Blue/Heavy,2,Jeffrey Alan Dart,Brazilian Top Team
Irvine International Open Jiu-Jitsu Championship 2015,Master4/Male/Blue/Super-Heavy,1,Lincoln Green Jr.,Gracie Humaita
Irvine International Open Jiu-Jitsu Championship 2015,Master4/Male/Blue/OpenClass,1,Lincoln Green Jr.,Gracie Humaita
Irvine International Open Jiu-Jitsu Championship 2015,Master4/Male/Blue/OpenClass,2,Andrew Lowrimore,TRUJITSU / Bakersfield
Irvine International Open Jiu-Jitsu Championship 2015,Master4/Male/Purple/Light,1,Mike Vafadar,CheckMat
Irvine International Open Jiu-Jitsu Championship 2015,Master4/Male/Purple/Middle,1,James Morales,TRUJITSU / Bakersfield
Irvine International Open Jiu-Jitsu Championship 2015,Master4/Male/Purple/Middle,2,John von Aspen,Brazilian Top Team
Irvine International Open Jiu-Jitsu Championship 2015,Master4/Male/Purple/OpenClass,1,John von Aspen,Brazilian Top Team
Irvine International Open Jiu-Jitsu Championship 2015,Master4/Male/Brown/Heavy,1,Brian Mallory,Gracie Morumbi
Irvine International Open Jiu-Jitsu Championship 2015,Master4/Male/Brown/OpenClass,1,Brian Mallory,Gracie Morumbi
Irvine International Open Jiu-Jitsu Championship 2015,Master4/Male/Black/Light,1,Ricardo Guimarães,Gracie Humaita
Irvine International Open Jiu-Jitsu Championship 2015,Master4/Male/Black/Light,2,Scott Leslie Dewitt,Jean Jacques Machado BJJ
Irvine International Open Jiu-Jitsu Championship 2015,Master4/Male/Black/Light,3,Franklin Patrick Quenga,Brazilian Top Team
Irvine International Open Jiu-Jitsu Championship 2015,Master4/Male/Black/Light,3,Yoshihiro Fujita,Fujita Jiu-Jitsu
Irvine International Open Jiu-Jitsu Championship 2015,Master4/Male/Black/OpenClass,1,Ricardo Guimarães,Gracie Humaita
Irvine International Open Jiu-Jitsu Championship 2015,Master4/Male/Black/OpenClass,2,Yoshihiro Fujita,Fujita Jiu-Jitsu
Irvine International Open Jiu-Jitsu Championship 2015,Master5/Male/Purple/Medium-Heavy,1,Gene Cook,Carlson Gracie Team
Irvine International Open Jiu-Jitsu Championship 2015,Master5/Male/Purple/Ultra-Heavy,1,Matt Buren Owens (repetido 44563),TRUJITSU / Bakersfield
Irvine International Open Jiu-Jitsu Championship 2015,Master5/Male/Purple/Ultra-Heavy,2,Jeffery Phillip Cordero,CheckMat USA
Irvine International Open Jiu-Jitsu Championship 2015,Master5/Male/Purple/OpenClass,1,Gene Cook,Carlson Gracie Team
Irvine International Open Jiu-Jitsu Championship 2015,Master5/Male/Purple/OpenClass,2,Matt Buren Owens (repetido 44563),TRUJITSU / Bakersfield
Irvine International Open Jiu-Jitsu Championship 2015,Master5/Male/Purple/OpenClass,3,Jeffery Phillip Cordero,CheckMat USA
