Munich Fall International Open 2014,Juvenile/Male/White/Feather,1,Marco  Di Pasquale,Icon BJJ
Munich Fall International Open 2014,Juvenile/Male/White/Feather,2,Dylan Young,Marcio Cruz BJJ
Munich Fall International Open 2014,Juvenile/Male/White/Feather,3,Kevin Joseph Bouhadana,Fight Sports International
Munich Fall International Open 2014,Juvenile/Male/Blue/Middle,1,Usman Jindy Dylan Rahman,Brasa/99
Munich Fall International Open 2014,Juvenile/Male/Blue/OpenClass,1,Usman Jindy Dylan Rahman,Brasa/99
Munich Fall International Open 2014,Juvenile/Female/Blue/Middle,1,Mayssa Caldas Pereira Bastos,GF Team
Munich Fall International Open 2014,Adult/Male/White/Light-Feather,1,Fabian Renner,Team Wing Revolution
Munich Fall International Open 2014,Adult/Male/White/Light-Feather,2,Tokhirdzhon Rafiev,Pound for Pound Team
Munich Fall International Open 2014,Adult/Male/White/Light-Feather,3,Shota Bakuradze,Munich MMA
Munich Fall International Open 2014,Adult/Male/White/Light-Feather,3,Shukrullo Zokirjoni,Pound for Pound Team
Munich Fall International Open 2014,Adult/Male/White/Feather,1,Marco Perna,Frota Team
Munich Fall International Open 2014,Adult/Male/White/Feather,2,MAHMUT FIRAT AKDENIZ,Corvos
Munich Fall International Open 2014,Adult/Male/White/Feather,3,Alessandro Ferini,Cyclone
Munich Fall International Open 2014,Adult/Male/White/Feather,3,Kamil Polak,Roger Gracie Vienna
Munich Fall International Open 2014,Adult/Male/White/Light,1,Bryan  Gerzner,Nova União
Munich Fall International Open 2014,Adult/Male/White/Light,2,Jakub Houra,Jungle BJJ
Munich Fall International Open 2014,Adult/Male/White/Light,3,Heinrich Pan,Budo Clan Austria International
Munich Fall International Open 2014,Adult/Male/White/Light,3,Luca Andrade De Amorim,NU Europa
Munich Fall International Open 2014,Adult/Male/White/Middle,1,Christopher Alt,Carlson Gracie International
Munich Fall International Open 2014,Adult/Male/White/Middle,2,Hosni Ben Amor,GF Team Munchen
Munich Fall International Open 2014,Adult/Male/White/Middle,3,Jan Knütter,Ribeiro Jiu-Jitsu International
Munich Fall International Open 2014,Adult/Male/White/Middle,3,Philipp Koch,Ribeiro Jiu-Jitsu International
Munich Fall International Open 2014,Adult/Male/White/Medium-Heavy,1,Adrian Lebmeier,Mirkovic - Ruckus BJJ
Munich Fall International Open 2014,Adult/Male/White/Medium-Heavy,2,Maximilian Steiner,Budo Clan Austria
Munich Fall International Open 2014,Adult/Male/White/Medium-Heavy,3,Dawid Masarczyk,Team Wing Revolution
Munich Fall International Open 2014,Adult/Male/White/Medium-Heavy,3,Sören Walter,Alliance International
Munich Fall International Open 2014,Adult/Male/White/Heavy,1,Manuel Eggerth,Team Wing Revolution
Munich Fall International Open 2014,Adult/Male/White/Heavy,2,Tom Hagen,Team Wing Revolution
Munich Fall International Open 2014,Adult/Male/White/Heavy,3,Danny Teubel,Carlson Gracie International
Munich Fall International Open 2014,Adult/Male/White/Heavy,3,Paul Schloz,Pound for Pound Team
Munich Fall International Open 2014,Adult/Male/White/Super-Heavy,1,Gold Ire Omotayo,Frota Team
Munich Fall International Open 2014,Adult/Male/White/Super-Heavy,2,Mamadou Sissoko,Gracie Barra
Munich Fall International Open 2014,Adult/Male/White/Super-Heavy,3,Domenico Tricamo,Trinacria BJJ
Munich Fall International Open 2014,Adult/Male/White/Super-Heavy,3,Spencer Smith,Marcio Cruz BJJ
Munich Fall International Open 2014,Adult/Female/White/Feather,1,Melany Tavares de carvalho,Gracie Humaita
Munich Fall International Open 2014,Adult/Female/White/Feather,2,Dijana Veleska,Gracie Barra Ljubljana
Munich Fall International Open 2014,Adult/Female/White/Light,1,Rita Contrino,Tribe Jiu-Jitsu Roma
Munich Fall International Open 2014,Adult/Female/White/Light,2,Kimberlj Böhm,Team Wing Revolution
Munich Fall International Open 2014,Adult/Female/White/Light,3,Caroline Prill,Alliance Ecuador
Munich Fall International Open 2014,Adult/Female/White/Light,3,Miriam Sundermeier,Gracie Barra
Munich Fall International Open 2014,Adult/Male/Blue/Light-Feather,1,Sergio  Cayuela García,Mathias Ribeiro Team
Munich Fall International Open 2014,Adult/Male/Blue/Light-Feather,2,Wojciech Surowaniec,CheckMat
Munich Fall International Open 2014,Adult/Male/Blue/Light-Feather,3,bruno souza paes,Nova União
Munich Fall International Open 2014,Adult/Male/Blue/Light-Feather,3,Petrit Memeti,Pound for Pound Team
Munich Fall International Open 2014,Adult/Male/Blue/Feather,1,Semir Piric,Pound for Pound Team
Munich Fall International Open 2014,Adult/Male/Blue/Feather,2,Mathias Polanski,Alliance Ecuador
Munich Fall International Open 2014,Adult/Male/Blue/Feather,3,Cosimo Masi,Tribe Jiu-Jitsu Roma
Munich Fall International Open 2014,Adult/Male/Blue/Feather,3,Marcus Haider,Team Wing Revolution
Munich Fall International Open 2014,Adult/Male/Blue/Light,1,Alexander Matschl,Munich MMA
Munich Fall International Open 2014,Adult/Male/Blue/Light,2,Lukas  Zigo,A-Force Brazilian Jiu-Jitsu International
Munich Fall International Open 2014,Adult/Male/Blue/Light,3,Lukas Ohanka,A-Force Brazilian Jiu-Jitsu
Munich Fall International Open 2014,Adult/Male/Blue/Light,3,Santoro Vincenzo,Tribe Jiu-Jitsu Roma
Munich Fall International Open 2014,Adult/Male/Blue/Middle,1,David Rovchanin,Gracie Barra Ljubljana
Munich Fall International Open 2014,Adult/Male/Blue/Middle,2,Owen Campbell,Rio Grappling Club
Munich Fall International Open 2014,Adult/Male/Blue/Middle,3,Alexander Alkofer,New England United BJJ
Munich Fall International Open 2014,Adult/Male/Blue/Middle,3,Raphael Lesnino,Munich MMA
Munich Fall International Open 2014,Adult/Male/Blue/Medium-Heavy,1,Stefan Uittenboogaard,Gracie Barra
Munich Fall International Open 2014,Adult/Male/Blue/Medium-Heavy,2,Max Matzner,Mirkovic BJJ
Munich Fall International Open 2014,Adult/Male/Blue/Medium-Heavy,3,Kristian Hernandez,Alliance International
Munich Fall International Open 2014,Adult/Male/Blue/Medium-Heavy,3,Michael Matzner,Mirkovic BJJ
Munich Fall International Open 2014,Adult/Male/Blue/Heavy,1,Marc Charles Grayson,Gracie Barra
Munich Fall International Open 2014,Adult/Male/Blue/Heavy,2,Ghenadie Popa,MXT Academy BJJ
Munich Fall International Open 2014,Adult/Male/Blue/Heavy,3,Atanasios Papastergios,Mirkovic - Ruckus BJJ
Munich Fall International Open 2014,Adult/Male/Blue/Heavy,3,Georgios Patrelakis,Gracie Barra JJ
Munich Fall International Open 2014,Adult/Male/Blue/Super-Heavy,1,Martin Rose,CheckMat
Munich Fall International Open 2014,Adult/Male/Blue/Super-Heavy,2,James Bryan,CheckMat
Munich Fall International Open 2014,Adult/Male/Blue/Super-Heavy,3,Kyldare Teixeira,Gracie Barra
Munich Fall International Open 2014,Adult/Male/Blue/Super-Heavy,3,Stjepan Kljajic,Fabricio JJ International
Munich Fall International Open 2014,Adult/Male/Blue/OpenClass,1,Michael Matzner,Mirkovic BJJ
Munich Fall International Open 2014,Adult/Male/Blue/OpenClass,2,Max Matzner,Mirkovic BJJ
Munich Fall International Open 2014,Adult/Male/Blue/OpenClass,3,Ghenadie Popa,MXT Academy BJJ
Munich Fall International Open 2014,Adult/Male/Blue/OpenClass,3,Martin Rose,CheckMat
Munich Fall International Open 2014,Adult/Female/Blue/Light-Feather,1,Andrea Cisarova,A-Force Brazilian Jiu-Jitsu International
Munich Fall International Open 2014,Adult/Female/Blue/Light-Feather,2,Nora Ticha Levy-Forsythe,Roger Gracie Vienna
Munich Fall International Open 2014,Adult/Female/Blue/Light-Feather,3,Soojin Hong,Roger Gracie Vienna
Munich Fall International Open 2014,Adult/Female/Blue/Feather,1,Sirlei Costa (REPETIDO 50419),Nova União
Munich Fall International Open 2014,Adult/Female/Blue/Feather,2,Tanja Hoffmann,Gracie Barra
Munich Fall International Open 2014,Adult/Female/Blue/Feather,3,Denise Huber,Ferrer BJJ
Munich Fall International Open 2014,Adult/Female/Blue/Feather,3,Moravia Widmer,Nova União
Munich Fall International Open 2014,Adult/Female/Blue/Light,1,Sophie  Walters,Roger Gracie Vienna
Munich Fall International Open 2014,Adult/Female/Blue/Light,2,Sylvia  Nagel,Hilti BJJ IMAG Berlin
Munich Fall International Open 2014,Adult/Female/Blue/Medium-Heavy,1,Lucija Avgustin,Gracie Barra Ljubljana
Munich Fall International Open 2014,Adult/Female/Blue/Medium-Heavy,2,Vanessa Maria Varela Pereira,Nova União
Munich Fall International Open 2014,Adult/Female/Blue/Super-Heavy,1,Jacquie epelle,99 Nine Nine JJ - International
Munich Fall International Open 2014,Adult/Female/Blue/OpenClass,1,Jacquie epelle,99 Nine Nine JJ - International
Munich Fall International Open 2014,Adult/Female/Blue/OpenClass,2,Vanessa Maria Varela Pereira,Nova União
Munich Fall International Open 2014,Adult/Female/Blue/OpenClass,3,Sophie  Walters,Roger Gracie Vienna
Munich Fall International Open 2014,Adult/Female/Blue/OpenClass,3,Tanja Hoffmann,Gracie Barra
Munich Fall International Open 2014,Adult/Male/Purple/Feather,1,Jan Andreas Basso,PSLPB Cicero Costha
Munich Fall International Open 2014,Adult/Male/Purple/Feather,2,Damien Migai,Nova União
Munich Fall International Open 2014,Adult/Male/Purple/Feather,3,Julian Fazekas-Con,Team Wing Revolution
Munich Fall International Open 2014,Adult/Male/Purple/Feather,3,Robert Galluccio,Legacy
Munich Fall International Open 2014,Adult/Male/Purple/Light,1,Luca Caracciolo,Tribe Jiu-Jitsu Roma
Munich Fall International Open 2014,Adult/Male/Purple/Light,2,Jerryan Lucio de Melo,Nóbrega Team
Munich Fall International Open 2014,Adult/Male/Purple/Middle,1,Alexandre Faria Molinaro,Alliance RJ
Munich Fall International Open 2014,Adult/Male/Purple/Middle,2,Jacopo Pasquini,Rio Grappling Club asd
Munich Fall International Open 2014,Adult/Male/Purple/Middle,3,Giuliano Martini,Ribeiro Jiu-Jitsu International
Munich Fall International Open 2014,Adult/Male/Purple/Medium-Heavy,1,Firas El Hamed,GF Team International
Munich Fall International Open 2014,Adult/Male/Purple/Medium-Heavy,2,Jakob Marschall,Munich MMA
Munich Fall International Open 2014,Adult/Male/Purple/Medium-Heavy,3,Antonio Stanic,Roger Gracie Vienna
Munich Fall International Open 2014,Adult/Male/Purple/Medium-Heavy,3,Peter Lobeck,Gracie Barra
Munich Fall International Open 2014,Adult/Male/Purple/Heavy,1,Daniel Ladero (REPETIDO),Roger Gracie Vienna
Munich Fall International Open 2014,Adult/Male/Purple/Heavy,2,Clément Marcel Francois Figoni,Nova União
Munich Fall International Open 2014,Adult/Male/Purple/Heavy,3,Luca Gorgoni,Mirkovic - Ruckus BJJ
Munich Fall International Open 2014,Adult/Male/Purple/Heavy,3,Markus Plieninger,Ribeiro Jiu-Jitsu
Munich Fall International Open 2014,Adult/Male/Purple/Ultra-Heavy,1,Alic Mensur,Roger Gracie Vienna
Munich Fall International Open 2014,Adult/Male/Purple/OpenClass,1,Jan Andreas Basso,PSLPB Cicero Costha
Munich Fall International Open 2014,Adult/Male/Purple/OpenClass,2,Damien Migai,Nova União
Munich Fall International Open 2014,Adult/Male/Purple/OpenClass,3,Clément Marcel Francois Figoni,Nova União
Munich Fall International Open 2014,Adult/Male/Purple/OpenClass,3,Luca Caracciolo,Tribe Jiu-Jitsu Roma
Munich Fall International Open 2014,Adult/Male/Brown/Middle,1,Yusef Abdeselam Kaddur,Zarate Team
Munich Fall International Open 2014,Adult/Male/Brown/Middle,2,Remo Cassella,Tribe Jiu-Jitsu Roma
Munich Fall International Open 2014,Adult/Male/Brown/Middle,3,Tevz Erzen,Gracie Barra Ljubljana
Munich Fall International Open 2014,Adult/Male/Brown/Middle,3,Thomas Buschkamp,Frota Team
Munich Fall International Open 2014,Adult/Male/Brown/Heavy,1,Marek Pawel Zbrog,Gracie Barra
Munich Fall International Open 2014,Adult/Male/Brown/Ultra-Heavy,1,Martin Johannes Gobel,CheckMat Ground Fighters Hamburg
Munich Fall International Open 2014,Adult/Male/Brown/OpenClass,1,Yusef Abdeselam Kaddur,Zarate Team
Munich Fall International Open 2014,Adult/Male/Brown/OpenClass,2,Marek Pawel Zbrog,Gracie Barra
Munich Fall International Open 2014,Adult/Male/Brown/OpenClass,3,Martin Johannes Gobel,CheckMat Ground Fighters Hamburg
Munich Fall International Open 2014,Adult/Male/Black/Light-Feather,1,Jordy A. Jean Antoon Peute,Gracie Barra
Munich Fall International Open 2014,Adult/Male/Black/Light-Feather,2,Jorge Elias Bucaram Santistevan,Alliance
Munich Fall International Open 2014,Adult/Male/Black/Feather,1,Simone Franceschini,Cyclone
Munich Fall International Open 2014,Adult/Male/Black/Feather,2,Andre Carvalho Monteiro,BJJ Revolution Team
Munich Fall International Open 2014,Adult/Male/Black/Feather,3,Sergio Calderon Gonzalez,Association Aranha
Munich Fall International Open 2014,Adult/Male/Black/Light,1,Oliver Leys Geddes,Roger Gracie Vienna
Munich Fall International Open 2014,Adult/Male/Black/Light,2,Douglas Mayer,Icon BJJ
Munich Fall International Open 2014,Adult/Male/Black/Middle,1,Luca Anacoreta,Aeterna Jiu Jitsu
Munich Fall International Open 2014,Adult/Male/Black/Medium-Heavy,1,Felipe Thiago Pereira da Silva,Carlson Gracie PE
Munich Fall International Open 2014,Adult/Male/Black/Medium-Heavy,2,Julien Cazier,Gracie Barra Paris
Munich Fall International Open 2014,Adult/Male/Black/OpenClass,1,Luca Anacoreta,Aeterna Jiu Jitsu
Munich Fall International Open 2014,Adult/Male/Black/OpenClass,2,Oliver Leys Geddes,Roger Gracie Vienna
Munich Fall International Open 2014,Adult/Male/Black/OpenClass,3,Felipe Thiago Pereira da Silva,Carlson Gracie PE
Munich Fall International Open 2014,Adult/Male/Black/OpenClass,3,Simone Franceschini,Cyclone
Munich Fall International Open 2014,Master1/Male/White/Feather,1,Franco Sergiu (repetido 124043),MXT Academy BJJ
Munich Fall International Open 2014,Master1/Male/White/Feather,2,Marco Benasso,Budo Clan Austria
Munich Fall International Open 2014,Master1/Male/White/Feather,3,Sergio Da Conceicao,Nóbrega Team
Munich Fall International Open 2014,Master1/Male/White/Feather,3,Stefan Riegel,Sportschule Wolfgang Heindel
Munich Fall International Open 2014,Master1/Male/White/Light,1,Mario Wolf,Carlson Gracie International
Munich Fall International Open 2014,Master1/Male/White/Light,2,Fabian Holzheid,Hilti BJJ IMAG Berlin
Munich Fall International Open 2014,Master1/Male/White/Light,3,Martin Wechselberger,Budo Clan Austria
Munich Fall International Open 2014,Master1/Male/White/Light,3,Sebastian Kubis,Team Wing Revolution
Munich Fall International Open 2014,Master1/Male/White/Middle,1,Philippe Best,GF Team Munchen
Munich Fall International Open 2014,Master1/Male/White/Middle,2,Ivan Silva,Nova União
Munich Fall International Open 2014,Master1/Male/White/Middle,3,Miodrag Vujnovic,Balance
Munich Fall International Open 2014,Master1/Male/White/Middle,3,Philipp Krüsmann,Budo Clan Austria
Munich Fall International Open 2014,Master1/Male/White/Medium-Heavy,1,Sebastian Schwarzhuber,Pound for Pound Team
Munich Fall International Open 2014,Master1/Male/White/Medium-Heavy,2,Dhani Spiller,BJJ Globetrotters
Munich Fall International Open 2014,Master1/Male/White/Medium-Heavy,3,Carlos Alberto Silva Fernandes,Nova União
Munich Fall International Open 2014,Master1/Male/White/Medium-Heavy,3,John Cress,Marcio Cruz BJJ
Munich Fall International Open 2014,Master1/Male/White/Heavy,1,Erick Simon Yoann Van Clemputte,Gracie Barra
Munich Fall International Open 2014,Master1/Male/White/Heavy,2,Kemal Kilic,Roger Gracie Vienna
Munich Fall International Open 2014,Master1/Male/White/Heavy,3,Arijan Alimi,Nova União
Munich Fall International Open 2014,Master1/Male/White/Heavy,3,Thomas Herrmann,Ribeiro Jiu-Jitsu International
Munich Fall International Open 2014,Master1/Male/White/Super-Heavy,1,Nemanja Grabovac,Team Wing Revolution
Munich Fall International Open 2014,Master1/Male/White/Ultra-Heavy,1,Johann Odendahl,Gracie Barra
Munich Fall International Open 2014,Master1/Male/White/Ultra-Heavy,2,Cosimo Ciaccia,Tribe Jiu-Jitsu Roma
Munich Fall International Open 2014,Master1/Male/Blue/Feather,1,Sascha Angerhoefer,Hilti BJJ IMAG Berlin
Munich Fall International Open 2014,Master1/Male/Blue/Feather,2,Sascha Hartenberger,Gracie Barra
Munich Fall International Open 2014,Master1/Male/Blue/Light,1,Mauro dal Maso,Batatinha Team Italia
Munich Fall International Open 2014,Master1/Male/Blue/Light,2,Martin Mihajlov,Gracie Barra Ljubljana
Munich Fall International Open 2014,Master1/Male/Blue/Light,3,Daniel Grosenick,Alliance International
Munich Fall International Open 2014,Master1/Male/Blue/Light,3,diego donzelli,Tribe Jiu-Jitsu Roma
Munich Fall International Open 2014,Master1/Male/Blue/Middle,1,Richard Long,CheckMat
Munich Fall International Open 2014,Master1/Male/Blue/Middle,2,Martin Kuchler,Akxe BJJ Germany
Munich Fall International Open 2014,Master1/Male/Blue/Middle,3,Daniel Prantner,Budo Clan Austria
Munich Fall International Open 2014,Master1/Male/Blue/Middle,3,Sebastian Schreiber,Marcio Cruz BJJ
Munich Fall International Open 2014,Master1/Male/Blue/Medium-Heavy,1,Patrick Simon,Munich MMA
Munich Fall International Open 2014,Master1/Male/Blue/Medium-Heavy,2,Florian Roesemann,Alliance International
Munich Fall International Open 2014,Master1/Male/Blue/Medium-Heavy,3,Emanuel Smilcevski,Pound for Pound Team
Munich Fall International Open 2014,Master1/Male/Blue/Medium-Heavy,3,Luke Lofters,Brasa/99
Munich Fall International Open 2014,Master1/Male/Blue/Heavy,1,kerim lamiri,Pound for Pound Team
Munich Fall International Open 2014,Master1/Male/Blue/Heavy,2,Yavuz Bozkurt Ögüt,Coelhao Jiu-Jitsu Germany
Munich Fall International Open 2014,Master1/Male/Blue/Heavy,3,Marc Smentek,Pound for Pound Team
Munich Fall International Open 2014,Master1/Male/Blue/Super-Heavy,1,nicolas djurdjevic,American Top Team Coconut Creek
Munich Fall International Open 2014,Master1/Male/Blue/Super-Heavy,2,Philipp Reichle,Ribeiro Jiu-Jitsu International
Munich Fall International Open 2014,Master1/Male/Blue/Super-Heavy,3,Giuseppe Volo,Rio Grappling Club asd
Munich Fall International Open 2014,Master1/Male/Blue/Ultra-Heavy,1,Konrad Vanselow,Carlson Gracie International
Munich Fall International Open 2014,Master1/Male/Blue/Ultra-Heavy,2,Carlos Alberto  Santos Silva Junior,Nova União
Munich Fall International Open 2014,Master1/Male/Blue/OpenClass,1,Yavuz Bozkurt Ögüt,Coelhao Jiu-Jitsu Germany
Munich Fall International Open 2014,Master1/Male/Blue/OpenClass,2,Emanuel Smilcevski,Pound for Pound Team
Munich Fall International Open 2014,Master1/Male/Blue/OpenClass,3,Richard Long,CheckMat
Munich Fall International Open 2014,Master1/Male/Blue/OpenClass,3,Sascha Hartenberger,Gracie Barra
Munich Fall International Open 2014,Master1/Female/Blue/Light,1,Annelies Kohne (repetido 157318),GF Team
Munich Fall International Open 2014,Master1/Female/Blue/Middle,1,Ramona Barbara Hirsch,Alliance International
Munich Fall International Open 2014,Master1/Female/Blue/Middle,2,Chevon Workman,Marcio Cruz BJJ
Munich Fall International Open 2014,Master1/Female/Blue/OpenClass,1,Annelies Kohne (repetido 157318),GF Team
Munich Fall International Open 2014,Master1/Female/Blue/OpenClass,2,Chevon Workman,Marcio Cruz BJJ
Munich Fall International Open 2014,Master1/Male/Purple/Middle,1,Riccardo Pelosi,Associazione Aranha Italia
Munich Fall International Open 2014,Master1/Male/Purple/Middle,2,Luigi D'Antonio,Cyclone
Munich Fall International Open 2014,Master1/Male/Purple/Middle,3,Darlan Nepomuceno,Carlson Gracie International
Munich Fall International Open 2014,Master1/Male/Purple/Medium-Heavy,1,Pawel Piotr Kunysz (repetido 86680),CheckMat
Munich Fall International Open 2014,Master1/Male/Purple/Medium-Heavy,2,Fabian Laugwitz,Alliance International
Munich Fall International Open 2014,Master1/Male/Purple/Medium-Heavy,3,Kristian Ozimec,Ribeiro Jiu-Jitsu International
Munich Fall International Open 2014,Master1/Male/Purple/Heavy,1,Jeremy Workman,Marcio Cruz BJJ
Munich Fall International Open 2014,Master1/Male/Purple/OpenClass,1,Pawel Piotr Kunysz (repetido 86680),CheckMat
Munich Fall International Open 2014,Master1/Male/Purple/OpenClass,2,Jeremy Workman,Marcio Cruz BJJ
Munich Fall International Open 2014,Master1/Male/Purple/OpenClass,3,Darlan Nepomuceno,Carlson Gracie International
Munich Fall International Open 2014,Master1/Male/Purple/OpenClass,3,Kristian Ozimec,Ribeiro Jiu-Jitsu International
Munich Fall International Open 2014,Master1/Male/Black/Feather,1,Ederson Rafael Ribeiro,Rafael Ribeiro BJJ
Munich Fall International Open 2014,Master1/Male/Black/Light,1,Fabio Anacoreta,Aeterna Jiu Jitsu
Munich Fall International Open 2014,Master1/Male/Black/Light,2,Romulo S. Smith Caliri,CheckMat
Munich Fall International Open 2014,Master1/Male/Black/Middle,1,Wolfgang Friedrich Heindel,Sportschule Wolfgang Heindel
Munich Fall International Open 2014,Master1/Male/Black/Middle,2,Gustavo Guimaraes Michels,Nova União
Munich Fall International Open 2014,Master1/Male/Black/Medium-Heavy,1,Mirko Silvestri,Aeterna Jiu Jitsu
Munich Fall International Open 2014,Master1/Male/Black/OpenClass,1,Ederson Rafael Ribeiro,Rafael Ribeiro BJJ
Munich Fall International Open 2014,Master1/Male/Black/OpenClass,2,Mirko Silvestri,Aeterna Jiu Jitsu
Munich Fall International Open 2014,Master1/Male/Black/OpenClass,3,Wolfgang Friedrich Heindel,Sportschule Wolfgang Heindel
Munich Fall International Open 2014,Master2/Male/White/Light,1,Alex  Fernandes,Icon BJJ
Munich Fall International Open 2014,Master2/Male/White/Light,2,Massimiliano Ferini,Cyclone
Munich Fall International Open 2014,Master2/Male/White/Middle,1,Hristijan Miloshevski,Gracie Barra Ljubljana
Munich Fall International Open 2014,Master2/Male/White/Middle,2,Steven Vass,Marcio Cruz BJJ
Munich Fall International Open 2014,Master2/Male/White/Middle,3,Ignacio Chamorro Balda,Rafael Ribeiro BJJ
Munich Fall International Open 2014,Master2/Male/White/Middle,3,Luis Cantero,Team Wing Revolution
Munich Fall International Open 2014,Master2/Male/White/Medium-Heavy,1,Rainer Saemann,Hilti BJJ IMAG Berlin
Munich Fall International Open 2014,Master2/Male/White/Medium-Heavy,2,Max Markowitsch,Budo Clan Austria
Munich Fall International Open 2014,Master2/Male/White/Medium-Heavy,3,Georg Schopfer,Ribeiro Jiu-Jitsu International
Munich Fall International Open 2014,Master2/Male/White/Medium-Heavy,3,Jaroslaw Jadczak (repetido 178965),Roger Gracie Vienna
Munich Fall International Open 2014,Master2/Male/White/Heavy,1,Patrick Gunkel,Alliance International
Munich Fall International Open 2014,Master2/Male/White/Heavy,2,Orhan Öztürk,Mirkovic - Ruckus BJJ
Munich Fall International Open 2014,Master2/Male/Blue/Medium-Heavy,1,Kai Butzkies-Schiemann,CheckMat Ground Fighters Hamburg
Munich Fall International Open 2014,Master2/Male/Blue/Medium-Heavy,2,Rene Bartels,Alliance International
Munich Fall International Open 2014,Master2/Male/Blue/Medium-Heavy,3,Marvin Neill,Sportschule Wolfgang Heindel
Munich Fall International Open 2014,Master2/Male/Blue/Heavy,1,Mohamed Salah Mansouri,Pound for Pound Team
Munich Fall International Open 2014,Master2/Male/Blue/Ultra-Heavy,1,Lothar Beyer,Alliance International
Munich Fall International Open 2014,Master2/Male/Blue/Ultra-Heavy,2,István Fejes,Gracie Barra
Munich Fall International Open 2014,Master2/Male/Blue/OpenClass,1,Lothar Beyer,Alliance International
Munich Fall International Open 2014,Master2/Male/Blue/OpenClass,2,Rene Bartels,Alliance International
Munich Fall International Open 2014,Master2/Male/Blue/OpenClass,3,Marvin Neill,Sportschule Wolfgang Heindel
Munich Fall International Open 2014,Master2/Male/Blue/OpenClass,3,Mohamed Salah Mansouri,Pound for Pound Team
Munich Fall International Open 2014,Master2/Male/Purple/Feather,1,Giuseppe Origlio,Batatinha Team Italia
Munich Fall International Open 2014,Master2/Male/Purple/Middle,1,Sary Rosa,Batatinha Team Italia
Munich Fall International Open 2014,Master2/Male/Purple/Heavy,1,Pawel Kwiatkowski,Hilti BJJ IMAG Berlin
Munich Fall International Open 2014,Master2/Male/Purple/Heavy,2,Michael Rizzo,Big Brothers
Munich Fall International Open 2014,Master2/Male/Purple/Heavy,3,Stefano Pressello,H2O Barbosa's Italy Team
Munich Fall International Open 2014,Master2/Male/Purple/Ultra-Heavy,1,Nektarios Giannakakis,GF Team
Munich Fall International Open 2014,Master2/Male/Purple/OpenClass,1,Pawel Kwiatkowski,Hilti BJJ IMAG Berlin
Munich Fall International Open 2014,Master2/Male/Purple/OpenClass,2,Stefano Pressello,H2O Barbosa's Italy Team
Munich Fall International Open 2014,Master2/Male/Purple/OpenClass,3,Nektarios Giannakakis,GF Team
Munich Fall International Open 2014,Master2/Male/Purple/OpenClass,3,Sary Rosa,Batatinha Team Italia
Munich Fall International Open 2014,Master2/Male/Brown/Feather,1,Claudio Batista Rocha Santos,Nova União
Munich Fall International Open 2014,Master2/Male/Brown/Middle,1,Renato Germano,Carlson Gracie International
Munich Fall International Open 2014,Master2/Male/Brown/Middle,2,Marco Walzel,Pound for Pound Team
Munich Fall International Open 2014,Master2/Male/Brown/Middle,3,Pedro Garcia Santisteban,GF Team International
Munich Fall International Open 2014,Master2/Male/Brown/Medium-Heavy,1,Jaques Douglas Guimarães,Brazilian Power Team
Munich Fall International Open 2014,Master2/Male/Brown/Super-Heavy,1,Sven Rug,AJJK
Munich Fall International Open 2014,Master2/Male/Brown/OpenClass,1,Pedro Garcia Santisteban,GF Team International
Munich Fall International Open 2014,Master2/Male/Brown/OpenClass,2,Renato Germano,Carlson Gracie International
Munich Fall International Open 2014,Master2/Male/Brown/OpenClass,3,Jaques Douglas Guimarães,Brazilian Power Team
Munich Fall International Open 2014,Master2/Male/Black/Feather,1,Cristian Migovan,Nova União
Munich Fall International Open 2014,Master2/Male/Black/Ultra-Heavy,1,Hans Hutton,Team Wing Revolution
Munich Fall International Open 2014,Master2/Male/Black/OpenClass,1,Cristian Migovan,Nova União
Munich Fall International Open 2014,Master3/Male/Blue/Light,1,Arnaud MEYER,Academie Pythagore
Munich Fall International Open 2014,Master3/Male/Blue/Light,2,Jörn Meiners,Sportschule Wolfgang Heindel
Munich Fall International Open 2014,Master3/Male/Blue/Middle,1,Wilhelm Siegemund,Sportschule Wolfgang Heindel
Munich Fall International Open 2014,Master3/Male/Blue/Middle,2,michele zanardelli,Nova União
Munich Fall International Open 2014,Master3/Male/Blue/Medium-Heavy,1,Jose Lantigua,Roger Gracie Vienna
Munich Fall International Open 2014,Master3/Male/Blue/Medium-Heavy,2,Kerwin Iglesias,Marcio Cruz BJJ
Munich Fall International Open 2014,Master3/Male/Blue/OpenClass,1,Wilhelm Siegemund,Sportschule Wolfgang Heindel
Munich Fall International Open 2014,Master3/Male/Blue/OpenClass,2,Jose Lantigua,Roger Gracie Vienna
Munich Fall International Open 2014,Master3/Male/Blue/OpenClass,3,Kerwin Iglesias,Marcio Cruz BJJ
Munich Fall International Open 2014,Master3/Male/Blue/OpenClass,3,michele zanardelli,Nova União
Munich Fall International Open 2014,Master3/Male/Purple/Heavy,1,Malek Rafiq Hariri,Samy Al Jamal - FIT Jiu-Jitsu
Munich Fall International Open 2014,Master3/Male/Purple/OpenClass,1,Malek Rafiq Hariri,Samy Al Jamal - FIT Jiu-Jitsu
Munich Fall International Open 2014,Master3/Male/Black/Feather,1,Seena Ebrahim Abdulla Monfaradi,Alliance International
Munich Fall International Open 2014,Master3/Male/Black/OpenClass,1,Seena Ebrahim Abdulla Monfaradi,Alliance International
Munich Fall International Open 2014,Master4/Male/Blue/Middle,1,Martin Steffens,GF Team International
Munich Fall International Open 2014,Master4/Male/Blue/Middle,2,Ivo Hoffman,Jungle BJJ
Munich Fall International Open 2014,Master4/Male/Blue/Middle,3,Gerald klement,Brazilian Top Team Int.
Munich Fall International Open 2014,Master4/Male/Blue/OpenClass,1,Ivo Hoffman,Jungle BJJ
Munich Fall International Open 2014,Master4/Male/Blue/OpenClass,2,Martin Steffens,GF Team International
Munich Fall International Open 2014,Master4/Male/Purple/Light,1,Panagiotis Triggelis,Team Wing Revolution
Munich Fall International Open 2014,Master4/Male/Purple/OpenClass,1,Panagiotis Triggelis,Team Wing Revolution
Munich Fall International Open 2014,Master4/Male/Black/Light,1,Austin Nehemiah Gardner,Brasa/99
Munich Fall International Open 2014,Master4/Male/Black/Heavy,1,Frank Burczynski,Hilti BJJ IMAG Berlin
Munich Fall International Open 2014,Master4/Male/Black/OpenClass,1,Frank Burczynski,Hilti BJJ IMAG Berlin
Munich Fall International Open 2014,Master4/Male/Black/OpenClass,2,Austin Nehemiah Gardner,Brasa/99
