Manaus International Open Jiu-Jitsu No-Gi IBJJF 2016,Juvenile/Male/Blue/Light-Feather,1,Gustavo Bie Mandarino,Guigo BJJ
Manaus International Open Jiu-Jitsu No-Gi IBJJF 2016,Juvenile/Male/Blue/Light-Feather,2,Feliciano Neto,Associação Monteiro
Manaus International Open Jiu-Jitsu No-Gi IBJJF 2016,Juvenile/Male/Blue/Light-Feather,3,Caique de Souza Xavier,Associação Monteiro
Manaus International Open Jiu-Jitsu No-Gi IBJJF 2016,Juvenile/Male/Blue/Feather,1,Thalison Vitorino Soares,PSLPB Cicero Costha
Manaus International Open Jiu-Jitsu No-Gi IBJJF 2016,Juvenile/Male/Blue/Feather,2,Fabricio Andrey Batista  Junior,PSLPB Cicero Costha
Manaus International Open Jiu-Jitsu No-Gi IBJJF 2016,Juvenile/Male/Blue/Feather,3,Fabio Henrique Vieira Fernandes,CheckMat
Manaus International Open Jiu-Jitsu No-Gi IBJJF 2016,Juvenile/Male/Blue/Feather,3,Kaio Roberto Rebelo Corrêa,Denis Wester Jiu-Jitsu
Manaus International Open Jiu-Jitsu No-Gi IBJJF 2016,Juvenile/Male/Blue/Light,1,Jose Igor Medeiros de Castro,Nova União
Manaus International Open Jiu-Jitsu No-Gi IBJJF 2016,Juvenile/Male/Blue/Light,2,Ronaldo da Silva Estrada,Associação Monteiro
Manaus International Open Jiu-Jitsu No-Gi IBJJF 2016,Juvenile/Male/Blue/Light,3,Bryan Felipe Sampaio Furtado,GF Team Rondônia
Manaus International Open Jiu-Jitsu No-Gi IBJJF 2016,Juvenile/Male/Blue/Light,3,Luiz Fernando Braga da Silva,Osvaldo Alves - AM
Manaus International Open Jiu-Jitsu No-Gi IBJJF 2016,Juvenile/Male/Blue/Middle,1,Macley Silva,Associação Monteiro
Manaus International Open Jiu-Jitsu No-Gi IBJJF 2016,Juvenile/Male/Blue/Middle,2,Matheus Rodrigues Do Nascimento,Roraima Top Team Jiu-Jitsu
Manaus International Open Jiu-Jitsu No-Gi IBJJF 2016,Juvenile/Male/Blue/Medium-Heavy,1,Edriel Magalhães Mendes,Denis Wester Jiu-Jitsu
Manaus International Open Jiu-Jitsu No-Gi IBJJF 2016,Juvenile/Male/Blue/Medium-Heavy,2,Railson dos Santos Vasconcelos,Nabil Jiu-Jitsu
Manaus International Open Jiu-Jitsu No-Gi IBJJF 2016,Juvenile/Male/Blue/Medium-Heavy,3,Carlos Alberto Castro Araújo Neto,Club Pina
Manaus International Open Jiu-Jitsu No-Gi IBJJF 2016,Juvenile/Male/Blue/Heavy,1,Yago Fellipe Guimarães das Neves,Gracie Barra
Manaus International Open Jiu-Jitsu No-Gi IBJJF 2016,Juvenile/Male/Blue/Heavy,2,Leonardo Davi Cavalcante Coimbra,Roraima Top Team Jiu-Jitsu
Manaus International Open Jiu-Jitsu No-Gi IBJJF 2016,Juvenile/Male/Blue/Heavy,3,Felipe Aníbal Ferraz Teixeira,CheckMat
Manaus International Open Jiu-Jitsu No-Gi IBJJF 2016,Juvenile/Male/Blue/Super-Heavy,1,Robson Gomes Praia Júnior,Associação Monteiro
Manaus International Open Jiu-Jitsu No-Gi IBJJF 2016,Juvenile/Male/Blue/Ultra-Heavy,1,Matheus Henrique Vieira Pereira,Omar Salum Jiu-Jitsu
Manaus International Open Jiu-Jitsu No-Gi IBJJF 2016,Juvenile/Female/Blue/Light,1,Brenda Larissa,PSLPB Cicero Costha
Manaus International Open Jiu-Jitsu No-Gi IBJJF 2016,Juvenile/Female/Blue/Middle,1,Rainara Sousa Lima,Cia Amazonense de Jiu-Jitsu
Manaus International Open Jiu-Jitsu No-Gi IBJJF 2016,Adult/Male/Blue/Rooster,1,Jackson Souza,Zenith North BJJ
Manaus International Open Jiu-Jitsu No-Gi IBJJF 2016,Adult/Male/Blue/Rooster,2,Relter Lima Silva Filho,MG TEAM
Manaus International Open Jiu-Jitsu No-Gi IBJJF 2016,Adult/Male/Blue/Light-Feather,1,Mateus Borges Amandio,HBJ
Manaus International Open Jiu-Jitsu No-Gi IBJJF 2016,Adult/Male/Blue/Feather,1,Gabriel Felliph Alexandre do Nascimento,Nova União
Manaus International Open Jiu-Jitsu No-Gi IBJJF 2016,Adult/Male/Blue/Feather,2,Matheus dos Santos,Art of Jiu Jitsu Academy
Manaus International Open Jiu-Jitsu No-Gi IBJJF 2016,Adult/Male/Blue/Feather,3,Jean da Costa Pereira,PSLPB Cicero Costha
Manaus International Open Jiu-Jitsu No-Gi IBJJF 2016,Adult/Male/Blue/Light,1,Allen Gabriel da Silva e Silva,Guigo BJJ
Manaus International Open Jiu-Jitsu No-Gi IBJJF 2016,Adult/Male/Blue/Light,2,Alexandre de Souza Cruz Silva Neto,Zenith North BJJ
Manaus International Open Jiu-Jitsu No-Gi IBJJF 2016,Adult/Male/Blue/Light,3,Breno Moura Oliveira,Cia Amazonense de Jiu-Jitsu
Manaus International Open Jiu-Jitsu No-Gi IBJJF 2016,Adult/Male/Blue/Light,3,Luis Carlos Pinheiro Araujo,Club Pina
Manaus International Open Jiu-Jitsu No-Gi IBJJF 2016,Adult/Male/Blue/Middle,1,Jailson de Sousa Rodrigues,Ribeiro Jiu-Jitsu Brasil
Manaus International Open Jiu-Jitsu No-Gi IBJJF 2016,Adult/Male/Blue/Middle,2,Elder Da Silveira Gomes Junior (REPETIDO: 147992),Ronnie Melo Jiu-Jitsu
Manaus International Open Jiu-Jitsu No-Gi IBJJF 2016,Adult/Male/Blue/Middle,3,Antonio Ricardo Da Silva Junior,Gracie Barra
Manaus International Open Jiu-Jitsu No-Gi IBJJF 2016,Adult/Male/Blue/Middle,3,Atila Batista Gomes,Denis Wester Jiu-Jitsu
Manaus International Open Jiu-Jitsu No-Gi IBJJF 2016,Adult/Male/Blue/Medium-Heavy,1,Anderson Aguiar Martim,Elvys / Osvaldo Alves - AM
Manaus International Open Jiu-Jitsu No-Gi IBJJF 2016,Adult/Male/Blue/Medium-Heavy,2,Hebert dos Santos,Clube Orley Lobato
Manaus International Open Jiu-Jitsu No-Gi IBJJF 2016,Adult/Male/Blue/Medium-Heavy,3,Blaine Gomes da Costa Junior,Roraima Top Team Jiu-Jitsu
Manaus International Open Jiu-Jitsu No-Gi IBJJF 2016,Adult/Male/Blue/Medium-Heavy,3,Marcos Cunha Da Silva,Cia Amazonense de Jiu-Jitsu
Manaus International Open Jiu-Jitsu No-Gi IBJJF 2016,Adult/Male/Blue/Heavy,1,Lucas Fernandes de Carvalho,Nova União
Manaus International Open Jiu-Jitsu No-Gi IBJJF 2016,Adult/Male/Blue/Ultra-Heavy,1,Matheus de Vasconcelos Ferreira,Gracie Barra
Manaus International Open Jiu-Jitsu No-Gi IBJJF 2016,Adult/Male/Blue/OpenClass,1,Allen Gabriel da Silva e Silva,Guigo BJJ
Manaus International Open Jiu-Jitsu No-Gi IBJJF 2016,Adult/Male/Blue/OpenClass,2,Elder Da Silveira Gomes Junior (REPETIDO: 147992),Ronnie Melo Jiu-Jitsu
Manaus International Open Jiu-Jitsu No-Gi IBJJF 2016,Adult/Male/Blue/OpenClass,3,Hebert dos Santos,Clube Orley Lobato
Manaus International Open Jiu-Jitsu No-Gi IBJJF 2016,Adult/Male/Blue/OpenClass,3,Lucas Fernandes de Carvalho,Nova União
Manaus International Open Jiu-Jitsu No-Gi IBJJF 2016,Adult/Female/Blue/Light,1,Thamires Arruda Monteiro,Academia Marangoni
Manaus International Open Jiu-Jitsu No-Gi IBJJF 2016,Adult/Female/Blue/Light,2,Ester da Silva Souza,Associação Monteiro
Manaus International Open Jiu-Jitsu No-Gi IBJJF 2016,Adult/Female/Blue/Middle,1,Fernanda Erica Gomes da Silva,Carioca Team
Manaus International Open Jiu-Jitsu No-Gi IBJJF 2016,Adult/Female/Blue/Middle,2,Joelma Aguiar da Silva,Zenith North BJJ
Manaus International Open Jiu-Jitsu No-Gi IBJJF 2016,Adult/Female/Blue/Heavy,1,Nayara Cristina M. de Araújo,Nova União
Manaus International Open Jiu-Jitsu No-Gi IBJJF 2016,Adult/Female/Blue/Super-Heavy,1,Mayara Moreira Ribeiro,CheckMat
Manaus International Open Jiu-Jitsu No-Gi IBJJF 2016,Adult/Female/Blue/OpenClass,1,Mayara Moreira Ribeiro,CheckMat
Manaus International Open Jiu-Jitsu No-Gi IBJJF 2016,Adult/Female/Blue/OpenClass,2,Fernanda Erica Gomes da Silva,Carioca Team
Manaus International Open Jiu-Jitsu No-Gi IBJJF 2016,Adult/Female/Blue/OpenClass,3,Joelma Aguiar da Silva,Zenith North BJJ
Manaus International Open Jiu-Jitsu No-Gi IBJJF 2016,Adult/Male/Purple/Rooster,1,Diego Henrique Barros Oliveira,Gracie Barra
Manaus International Open Jiu-Jitsu No-Gi IBJJF 2016,Adult/Male/Purple/Light-Feather,1,Willis da Mota Nunes,Alliance
Manaus International Open Jiu-Jitsu No-Gi IBJJF 2016,Adult/Male/Purple/Light-Feather,2,Michael de Lima Carvalho,Gracie Barra
Manaus International Open Jiu-Jitsu No-Gi IBJJF 2016,Adult/Male/Purple/Light-Feather,3,Ivan Lenon de Souza Torres,CT MR
Manaus International Open Jiu-Jitsu No-Gi IBJJF 2016,Adult/Male/Purple/Feather,1,Walter Wendell Benes Nunes,Associação Monteiro
Manaus International Open Jiu-Jitsu No-Gi IBJJF 2016,Adult/Male/Purple/Feather,2,Diones Alfaia,Nova União
Manaus International Open Jiu-Jitsu No-Gi IBJJF 2016,Adult/Male/Purple/Feather,3,Fabrício Souza Cunha,CheckMat
Manaus International Open Jiu-Jitsu No-Gi IBJJF 2016,Adult/Male/Purple/Feather,3,Renzo Walltter Martinez Barazarte,Arte Suave Venezuela
Manaus International Open Jiu-Jitsu No-Gi IBJJF 2016,Adult/Male/Purple/Light,1,Mauricio Freire de Almeida,Equipe Zero
Manaus International Open Jiu-Jitsu No-Gi IBJJF 2016,Adult/Male/Purple/Light,2,Joel Adan Torres Silva,Alliance
Manaus International Open Jiu-Jitsu No-Gi IBJJF 2016,Adult/Male/Purple/Light,3,Halisson Francisco Torres Mercês,Associação Extremo Norte de Lutas
Manaus International Open Jiu-Jitsu No-Gi IBJJF 2016,Adult/Male/Purple/Middle,1,Thiago da Silva Macedo,Nova União
Manaus International Open Jiu-Jitsu No-Gi IBJJF 2016,Adult/Male/Purple/Middle,2,Alexandro de Aquino Monteiro,GF Team Rondônia
Manaus International Open Jiu-Jitsu No-Gi IBJJF 2016,Adult/Male/Purple/Middle,3,Alejandro Enrique Villaparedes Quiroz,Arte Suave Venezuela
Manaus International Open Jiu-Jitsu No-Gi IBJJF 2016,Adult/Male/Purple/Middle,3,Caio Victor Barbosa de Almeida,KMR BJJ KIMURA
Manaus International Open Jiu-Jitsu No-Gi IBJJF 2016,Adult/Male/Purple/Medium-Heavy,1,Andrey Alickson Lima de Araújo,Associação Monteiro
Manaus International Open Jiu-Jitsu No-Gi IBJJF 2016,Adult/Male/Purple/Heavy,1,Filipe Vieira Moitinho,PSLPB Cicero Costha
Manaus International Open Jiu-Jitsu No-Gi IBJJF 2016,Adult/Male/Purple/Heavy,2,Enoc Martins Rodrigues,Alliance
Manaus International Open Jiu-Jitsu No-Gi IBJJF 2016,Adult/Male/Purple/Heavy,3,André Luiz Novaes Porfirio,PSLPB Cicero Costha
Manaus International Open Jiu-Jitsu No-Gi IBJJF 2016,Adult/Male/Purple/Heavy,3,Carlos Eduardo Alves de Andrade,Familia Marcio Frank BJJ
Manaus International Open Jiu-Jitsu No-Gi IBJJF 2016,Adult/Male/Purple/Super-Heavy,1,Marcelio de Oliveira Cruz,Roraima Top Team Jiu-Jitsu
Manaus International Open Jiu-Jitsu No-Gi IBJJF 2016,Adult/Male/Purple/Super-Heavy,2,Frederico Teixeira Fernandes,CheckMat
Manaus International Open Jiu-Jitsu No-Gi IBJJF 2016,Adult/Male/Purple/Super-Heavy,3,Marcos Lopes de Oliveira Silva,CheckMat
Manaus International Open Jiu-Jitsu No-Gi IBJJF 2016,Adult/Male/Purple/Ultra-Heavy,1,Marcos Adriano Lima Leal,Associação Monteiro
Manaus International Open Jiu-Jitsu No-Gi IBJJF 2016,Adult/Male/Purple/Ultra-Heavy,2,Romulo Cesar Reis da Silva,CheckMat
Manaus International Open Jiu-Jitsu No-Gi IBJJF 2016,Adult/Male/Purple/Ultra-Heavy,3,Goran Gligorijevic,ZR Team Hungary
Manaus International Open Jiu-Jitsu No-Gi IBJJF 2016,Adult/Male/Purple/OpenClass,1,Thiago da Silva Macedo,Nova União
Manaus International Open Jiu-Jitsu No-Gi IBJJF 2016,Adult/Male/Purple/OpenClass,2,Mauricio Freire de Almeida,Equipe Zero
Manaus International Open Jiu-Jitsu No-Gi IBJJF 2016,Adult/Male/Purple/OpenClass,3,Andrey Alickson Lima de Araújo,Associação Monteiro
Manaus International Open Jiu-Jitsu No-Gi IBJJF 2016,Adult/Male/Purple/OpenClass,3,Marcos Lopes de Oliveira Silva,CheckMat
Manaus International Open Jiu-Jitsu No-Gi IBJJF 2016,Adult/Female/Purple/Light-Feather,1,Karen Danielle de Sousa Carvalho,Academia Marangoni
Manaus International Open Jiu-Jitsu No-Gi IBJJF 2016,Adult/Female/Purple/Light-Feather,2,Isabelle Fernanda Souza de Azevedo,Associação Monteiro
Manaus International Open Jiu-Jitsu No-Gi IBJJF 2016,Adult/Female/Purple/Middle,1,Mary Kelly Coelho Pedrosa,Omar Salum Jiu-Jitsu
Manaus International Open Jiu-Jitsu No-Gi IBJJF 2016,Adult/Female/Purple/Super-Heavy,1,Taynara Souza Brito Souza,Nova União
Manaus International Open Jiu-Jitsu No-Gi IBJJF 2016,Adult/Female/Purple/OpenClass,1,Taynara Souza Brito Souza,Nova União
Manaus International Open Jiu-Jitsu No-Gi IBJJF 2016,Adult/Female/Purple/OpenClass,2,Karen Danielle de Sousa Carvalho,Academia Marangoni
Manaus International Open Jiu-Jitsu No-Gi IBJJF 2016,Adult/Female/Purple/OpenClass,3,Isabelle Fernanda Souza de Azevedo,Associação Monteiro
Manaus International Open Jiu-Jitsu No-Gi IBJJF 2016,Adult/Male/Brown/Rooster,1,Cícero Lívio Ribeiro Saldanha Paiva,Nova União
Manaus International Open Jiu-Jitsu No-Gi IBJJF 2016,Adult/Male/Brown/Light-Feather,1,Oziel Santos de Carvalho,Game Fight BJJ/Manimal
Manaus International Open Jiu-Jitsu No-Gi IBJJF 2016,Adult/Male/Brown/Feather,1,Doriandson de Lira Talmaturgo,Carioca Team
Manaus International Open Jiu-Jitsu No-Gi IBJJF 2016,Adult/Male/Brown/Feather,2,Breno Faustino Corrêa de Lima,GF Team
Manaus International Open Jiu-Jitsu No-Gi IBJJF 2016,Adult/Male/Brown/Feather,3,Alcenir Mendonça da Silva,Gracie Barra
Manaus International Open Jiu-Jitsu No-Gi IBJJF 2016,Adult/Male/Brown/Feather,3,Gustavo Mendes M. Praxedes Leal,KMR BJJ KIMURA
Manaus International Open Jiu-Jitsu No-Gi IBJJF 2016,Adult/Male/Brown/Middle,1,Leandro Lima de Souza,Club Pina
Manaus International Open Jiu-Jitsu No-Gi IBJJF 2016,Adult/Male/Brown/Middle,2,José Antonio Greco Júnior,CT MR
Manaus International Open Jiu-Jitsu No-Gi IBJJF 2016,Adult/Male/Brown/Middle,3,Luciano Rocha Santiago Nery,CheckMat
Manaus International Open Jiu-Jitsu No-Gi IBJJF 2016,Adult/Male/Brown/Middle,3,Sergillam Barroso Oliveira,Clube Orley Lobato
Manaus International Open Jiu-Jitsu No-Gi IBJJF 2016,Adult/Male/Brown/Medium-Heavy,1,Slax Sousa Nascimento,GF Team Rondônia
Manaus International Open Jiu-Jitsu No-Gi IBJJF 2016,Adult/Male/Brown/Medium-Heavy,2,Marcio De Souza Loureiro,CheckMat
Manaus International Open Jiu-Jitsu No-Gi IBJJF 2016,Adult/Male/Brown/Medium-Heavy,3,Alexandre Vitor Gomes Santos,Elvys / Osvaldo Alves - AM
Manaus International Open Jiu-Jitsu No-Gi IBJJF 2016,Adult/Male/Brown/Heavy,1,Rudson Mateus Sarmento Teles,Brasa Caio Terra
Manaus International Open Jiu-Jitsu No-Gi IBJJF 2016,Adult/Male/Brown/Heavy,2,Gaston Candido de Oliveira,Academia Marangoni
Manaus International Open Jiu-Jitsu No-Gi IBJJF 2016,Adult/Male/Brown/Heavy,3,Samuel Alencar da Silva,CheckMat
Manaus International Open Jiu-Jitsu No-Gi IBJJF 2016,Adult/Male/Brown/Super-Heavy,1,Elismaique Santos Azevedo,Game Fight BJJ/Manimal
Manaus International Open Jiu-Jitsu No-Gi IBJJF 2016,Adult/Male/Brown/Super-Heavy,2,Leonardo Sobrinho Câmara,CheckMat
Manaus International Open Jiu-Jitsu No-Gi IBJJF 2016,Adult/Male/Brown/Ultra-Heavy,1,Wesley Sousa Mamede,Osvaldo Alves - AM
Manaus International Open Jiu-Jitsu No-Gi IBJJF 2016,Adult/Male/Brown/Ultra-Heavy,2,Rafael Ribeiro Oliveira,CheckMat
Manaus International Open Jiu-Jitsu No-Gi IBJJF 2016,Adult/Male/Brown/Ultra-Heavy,3,Alexandre Alves Lopes,Nardini Evolution
Manaus International Open Jiu-Jitsu No-Gi IBJJF 2016,Adult/Male/Brown/OpenClass,1,Rudson Mateus Sarmento Teles,Brasa Caio Terra
Manaus International Open Jiu-Jitsu No-Gi IBJJF 2016,Adult/Male/Brown/OpenClass,2,Elismaique Santos Azevedo,Game Fight BJJ/Manimal
Manaus International Open Jiu-Jitsu No-Gi IBJJF 2016,Adult/Male/Brown/OpenClass,3,Sergillam Barroso Oliveira,Clube Orley Lobato
Manaus International Open Jiu-Jitsu No-Gi IBJJF 2016,Adult/Male/Brown/OpenClass,3,Wesley Sousa Mamede,Osvaldo Alves - AM
Manaus International Open Jiu-Jitsu No-Gi IBJJF 2016,Adult/Female/Brown/Feather,1,Soraia Souza de Freitas,Gracie Barra
Manaus International Open Jiu-Jitsu No-Gi IBJJF 2016,Adult/Female/Brown/Light,1,Raisa Seabra Carvalho,Elvys / Osvaldo Alves - AM
Manaus International Open Jiu-Jitsu No-Gi IBJJF 2016,Adult/Female/Brown/Heavy,1,Rebeca Rodrigues Moreira,Ribeiro Jiu-Jitsu Brasil
Manaus International Open Jiu-Jitsu No-Gi IBJJF 2016,Adult/Female/Brown/OpenClass,1,Rebeca Rodrigues Moreira,Ribeiro Jiu-Jitsu Brasil
Manaus International Open Jiu-Jitsu No-Gi IBJJF 2016,Adult/Female/Brown/OpenClass,2,Soraia Souza de Freitas,Gracie Barra
Manaus International Open Jiu-Jitsu No-Gi IBJJF 2016,Adult/Female/Brown/OpenClass,3,Raisa Seabra Carvalho,Elvys / Osvaldo Alves - AM
Manaus International Open Jiu-Jitsu No-Gi IBJJF 2016,Adult/Male/Black/Rooster,1,Samuel da Silva Souza,Omar Salum Jiu-Jitsu
Manaus International Open Jiu-Jitsu No-Gi IBJJF 2016,Adult/Male/Black/Light-Feather,1,Anoar de Lima Jezini,Nova União - Clube NV de Jiu-Jitsu
Manaus International Open Jiu-Jitsu No-Gi IBJJF 2016,Adult/Male/Black/Light-Feather,2,Sebastião Sergio da S. Alves,Omar Salum Jiu-Jitsu
Manaus International Open Jiu-Jitsu No-Gi IBJJF 2016,Adult/Male/Black/Feather,1,Robson Brasil Feitoza,Club Pina
Manaus International Open Jiu-Jitsu No-Gi IBJJF 2016,Adult/Male/Black/Light,1,Claudevan Martins Oliveira,Associação Monteiro
Manaus International Open Jiu-Jitsu No-Gi IBJJF 2016,Adult/Male/Black/Light,2,Ayres  Modesto Dias Neto,Carioca Team
Manaus International Open Jiu-Jitsu No-Gi IBJJF 2016,Adult/Male/Black/Light,3,Juliano Silva Rocha,Atos Jiu-Jitsu
Manaus International Open Jiu-Jitsu No-Gi IBJJF 2016,Adult/Male/Black/Middle,1,Chaise Olimpio Ivo Cavalcante Albuquerque,GF Team Rondônia
Manaus International Open Jiu-Jitsu No-Gi IBJJF 2016,Adult/Male/Black/Middle,2,Caio Almeida Silva,Eq. Claudionor Cardoso
Manaus International Open Jiu-Jitsu No-Gi IBJJF 2016,Adult/Male/Black/Middle,3,Marcelo Henrique Nascimento Da Silva,Clube Orley Lobato
Manaus International Open Jiu-Jitsu No-Gi IBJJF 2016,Adult/Male/Black/Medium-Heavy,1,Diego Borges Silva,Zenith North BJJ
Manaus International Open Jiu-Jitsu No-Gi IBJJF 2016,Adult/Male/Black/Medium-Heavy,2,Charles Tavares Mota,Gracie Barra
Manaus International Open Jiu-Jitsu No-Gi IBJJF 2016,Adult/Male/Black/Medium-Heavy,3,Victor Hugo das Neves,Club Pina
Manaus International Open Jiu-Jitsu No-Gi IBJJF 2016,Adult/Male/Black/Heavy,1,Manoel Fernandes de Oliveira Neto,GF Team
Manaus International Open Jiu-Jitsu No-Gi IBJJF 2016,Adult/Male/Black/Super-Heavy,1,Adriano Morilo Soares,CheckMat
Manaus International Open Jiu-Jitsu No-Gi IBJJF 2016,Adult/Male/Black/Super-Heavy,2,Antonio Rodrigo da Fonseca Costa,Zenith North BJJ
Manaus International Open Jiu-Jitsu No-Gi IBJJF 2016,Adult/Male/Black/Ultra-Heavy,1,Sammy Dias Sampaio,CheckMat
Manaus International Open Jiu-Jitsu No-Gi IBJJF 2016,Adult/Male/Black/Ultra-Heavy,2,Alexsandro Nogueira,Beto Brito Jiu-Jitsu
Manaus International Open Jiu-Jitsu No-Gi IBJJF 2016,Adult/Male/Black/Ultra-Heavy,3,Wagton Oliveira Cardoso,Gracie Barra
Manaus International Open Jiu-Jitsu No-Gi IBJJF 2016,Adult/Male/Black/OpenClass,1,Manoel Fernandes de Oliveira Neto,GF Team
Manaus International Open Jiu-Jitsu No-Gi IBJJF 2016,Adult/Male/Black/OpenClass,2,Claudevan Martins Oliveira,Associação Monteiro
Manaus International Open Jiu-Jitsu No-Gi IBJJF 2016,Adult/Male/Black/OpenClass,3,Chaise Olimpio Ivo Cavalcante Albuquerque,GF Team Rondônia
Manaus International Open Jiu-Jitsu No-Gi IBJJF 2016,Adult/Male/Black/OpenClass,3,Juliano Silva Rocha,Atos Jiu-Jitsu
Manaus International Open Jiu-Jitsu No-Gi IBJJF 2016,Adult/Female/Black/Light,1,Angélica Gonçalves Lunguinho,Associação Monteiro
Manaus International Open Jiu-Jitsu No-Gi IBJJF 2016,Adult/Female/Black/Heavy,1,Fabiana Pereira Santos,Zenith North BJJ
Manaus International Open Jiu-Jitsu No-Gi IBJJF 2016,Master1/Male/Blue/Light,1,Marcus Venicius de Oliveira Pimentel,Omar Salum Jiu-Jitsu
Manaus International Open Jiu-Jitsu No-Gi IBJJF 2016,Master1/Male/Blue/Light,2,Charmison Ardison C. Macedo,Gracie Barra
Manaus International Open Jiu-Jitsu No-Gi IBJJF 2016,Master1/Male/Blue/Middle,1,Jussyê Paz Mendes,Attack JJ Team
Manaus International Open Jiu-Jitsu No-Gi IBJJF 2016,Master1/Male/Blue/Middle,2,Maircon Vinicius Fernandes Nunes,Cia Amazonense de Jiu-Jitsu
Manaus International Open Jiu-Jitsu No-Gi IBJJF 2016,Master1/Male/Blue/Medium-Heavy,1,André Vieira dos Santos de Aquino,Cia Amazonense de Jiu-Jitsu
Manaus International Open Jiu-Jitsu No-Gi IBJJF 2016,Master1/Male/Blue/Heavy,1,Dario Santos Guedes,Team Sidney Lima
Manaus International Open Jiu-Jitsu No-Gi IBJJF 2016,Master1/Male/Blue/Heavy,2,Carlos Cavalcante Van Den Berg,Gracie Barra
Manaus International Open Jiu-Jitsu No-Gi IBJJF 2016,Master1/Male/Blue/Ultra-Heavy,1,Lucinor de Souza Junior,Gracie Barra
Manaus International Open Jiu-Jitsu No-Gi IBJJF 2016,Master1/Male/Blue/Ultra-Heavy,2,Jamal Baali,Associação Monteiro
Manaus International Open Jiu-Jitsu No-Gi IBJJF 2016,Master1/Male/Blue/Ultra-Heavy,3,Rogério de Oliveira Moraes,Zenith North BJJ
Manaus International Open Jiu-Jitsu No-Gi IBJJF 2016,Master1/Male/Blue/OpenClass,1,André Vieira dos Santos de Aquino,Cia Amazonense de Jiu-Jitsu
Manaus International Open Jiu-Jitsu No-Gi IBJJF 2016,Master1/Male/Blue/OpenClass,2,Lucinor de Souza Junior,Gracie Barra
Manaus International Open Jiu-Jitsu No-Gi IBJJF 2016,Master1/Male/Blue/OpenClass,3,Jussyê Paz Mendes,Attack JJ Team
Manaus International Open Jiu-Jitsu No-Gi IBJJF 2016,Master1/Male/Blue/OpenClass,3,Marcus Venicius de Oliveira Pimentel,Omar Salum Jiu-Jitsu
Manaus International Open Jiu-Jitsu No-Gi IBJJF 2016,Master1/Male/Purple/Feather,1,Marcos Cordeiro Brilhante,Centro de Artes Marciais Hadha-Dojô
Manaus International Open Jiu-Jitsu No-Gi IBJJF 2016,Master1/Male/Purple/Feather,2,Rennan Pereira da Silva,Elvys / Osvaldo Alves - AM
Manaus International Open Jiu-Jitsu No-Gi IBJJF 2016,Master1/Male/Purple/Light,1,Enoque Sarah de Lima Galvão,PSLPB Cicero Costha
Manaus International Open Jiu-Jitsu No-Gi IBJJF 2016,Master1/Male/Purple/Light,2,Hudson dos Santos Colares,Elvys / Osvaldo Alves - AM
Manaus International Open Jiu-Jitsu No-Gi IBJJF 2016,Master1/Male/Purple/Middle,1,Wilson Jorge de Souza Junior,Cia Amazonense de Jiu-Jitsu
Manaus International Open Jiu-Jitsu No-Gi IBJJF 2016,Master1/Male/Purple/Middle,2,Andrew Grant Morris,Combat Base UK
Manaus International Open Jiu-Jitsu No-Gi IBJJF 2016,Master1/Male/Purple/Middle,3,Silvanildo Silva Santos,Osvaldo Alves - AM
Manaus International Open Jiu-Jitsu No-Gi IBJJF 2016,Master1/Male/Purple/Heavy,1,Antonio Franklin Bastos Matos,Gracie Humaita
Manaus International Open Jiu-Jitsu No-Gi IBJJF 2016,Master1/Male/Purple/Heavy,2,Diego Gomes Forero,Gracie Humaita
Manaus International Open Jiu-Jitsu No-Gi IBJJF 2016,Master1/Male/Purple/Heavy,3,Rauny Pereira Corrêa,Gracie Humaita International
Manaus International Open Jiu-Jitsu No-Gi IBJJF 2016,Master1/Male/Purple/Super-Heavy,1,Alvaro Nery Santana,Gracie Humaita
Manaus International Open Jiu-Jitsu No-Gi IBJJF 2016,Master1/Male/Purple/Super-Heavy,2,Erik Diniz Figueira,Associação Monteiro
Manaus International Open Jiu-Jitsu No-Gi IBJJF 2016,Master1/Male/Purple/Super-Heavy,3,Gabriel Cunha dos Santos,Norfight
Manaus International Open Jiu-Jitsu No-Gi IBJJF 2016,Master1/Male/Purple/OpenClass,1,Erik Diniz Figueira,Associação Monteiro
Manaus International Open Jiu-Jitsu No-Gi IBJJF 2016,Master1/Male/Purple/OpenClass,2,Rauny Pereira Corrêa,Gracie Humaita International
Manaus International Open Jiu-Jitsu No-Gi IBJJF 2016,Master1/Male/Purple/OpenClass,3,Antonio Franklin Bastos Matos,Gracie Humaita
Manaus International Open Jiu-Jitsu No-Gi IBJJF 2016,Master1/Male/Purple/OpenClass,3,Enoque Sarah de Lima Galvão,PSLPB Cicero Costha
Manaus International Open Jiu-Jitsu No-Gi IBJJF 2016,Master1/Male/Brown/Feather,1,Obede de Souza Rocha,Carioca Team
Manaus International Open Jiu-Jitsu No-Gi IBJJF 2016,Master1/Male/Brown/Feather,2,Alex dos Santos Souza,Sheknah Team
Manaus International Open Jiu-Jitsu No-Gi IBJJF 2016,Master1/Male/Brown/Light,1,Remy Leitão Sobrinho,Carioca Team
Manaus International Open Jiu-Jitsu No-Gi IBJJF 2016,Master1/Male/Brown/Middle,1,Allan Rivaldo da Silva Ramos,Juarez Harles BJJ
Manaus International Open Jiu-Jitsu No-Gi IBJJF 2016,Master1/Male/Brown/Medium-Heavy,1,Gleidson M. Sampaio Cardoso,Omar Salum Jiu-Jitsu
Manaus International Open Jiu-Jitsu No-Gi IBJJF 2016,Master1/Male/Brown/Heavy,1,Jociê Martins Da Silva,Gracie Barra
Manaus International Open Jiu-Jitsu No-Gi IBJJF 2016,Master1/Male/Brown/Heavy,2,Eduardo dos Santos Assunção,Familia Marcio Frank BJJ
Manaus International Open Jiu-Jitsu No-Gi IBJJF 2016,Master1/Male/Brown/Heavy,3,Wiliam da Silva Simonetti,Associação Monteiro
Manaus International Open Jiu-Jitsu No-Gi IBJJF 2016,Master1/Male/Brown/OpenClass,1,Gleidson M. Sampaio Cardoso,Omar Salum Jiu-Jitsu
Manaus International Open Jiu-Jitsu No-Gi IBJJF 2016,Master1/Male/Brown/OpenClass,2,Eduardo dos Santos Assunção,Familia Marcio Frank BJJ
Manaus International Open Jiu-Jitsu No-Gi IBJJF 2016,Master1/Male/Brown/OpenClass,3,Alex dos Santos Souza,Sheknah Team
Manaus International Open Jiu-Jitsu No-Gi IBJJF 2016,Master1/Male/Black/Rooster,1,Marcio dos Santos Guimaraes,Gracie Humaita
Manaus International Open Jiu-Jitsu No-Gi IBJJF 2016,Master1/Male/Black/Rooster,2,Jackson Brandao de Vasconcelos,Club Pina
Manaus International Open Jiu-Jitsu No-Gi IBJJF 2016,Master1/Male/Black/Light-Feather,1,Paulo Andre Castro de Oliveira,Associação Monteiro
Manaus International Open Jiu-Jitsu No-Gi IBJJF 2016,Master1/Male/Black/Light-Feather,2,Ednei Franco Tomazini,Gracie Barra
Manaus International Open Jiu-Jitsu No-Gi IBJJF 2016,Master1/Male/Black/Feather,1,Caio Marco Pacheco Rodrigues,GF Team
Manaus International Open Jiu-Jitsu No-Gi IBJJF 2016,Master1/Male/Black/Feather,2,Paulo Andre Bicho Lobato,Omar Salum Jiu-Jitsu
Manaus International Open Jiu-Jitsu No-Gi IBJJF 2016,Master1/Male/Black/Light,1,Wagner Noronha de Souza,Associação Monteiro
Manaus International Open Jiu-Jitsu No-Gi IBJJF 2016,Master1/Male/Black/Light,2,Sidney Lima e Silva,Team Sidney Lima
Manaus International Open Jiu-Jitsu No-Gi IBJJF 2016,Master1/Male/Black/Middle,1,Cleresthon Farias de Oliveira,Associação Monteiro
Manaus International Open Jiu-Jitsu No-Gi IBJJF 2016,Master1/Male/Black/Middle,2,Renner Maiorga Martins,CheckMat
Manaus International Open Jiu-Jitsu No-Gi IBJJF 2016,Master1/Male/Black/Middle,3,Eder Rufino de Souza,Gracie Barra
Manaus International Open Jiu-Jitsu No-Gi IBJJF 2016,Master1/Male/Black/Medium-Heavy,1,Juarez Harles Martins Nunes,Juarez Harles BJJ
Manaus International Open Jiu-Jitsu No-Gi IBJJF 2016,Master1/Male/Black/Medium-Heavy,2,Carlos Henrique Nascimento de Assis,Associação Monteiro
Manaus International Open Jiu-Jitsu No-Gi IBJJF 2016,Master1/Male/Black/Medium-Heavy,3,Mamede de Lima Jezeni,Associação Monteiro
Manaus International Open Jiu-Jitsu No-Gi IBJJF 2016,Master1/Male/Black/Heavy,1,Diego Leonardo Palheta Lopes,Gracie Humaita
Manaus International Open Jiu-Jitsu No-Gi IBJJF 2016,Master1/Male/Black/Heavy,2,Daniel Oliveira Do Nascimento,Nova União - Clube NV de Jiu-Jitsu
Manaus International Open Jiu-Jitsu No-Gi IBJJF 2016,Master1/Male/Black/Ultra-Heavy,1,Francisco Rafael Barroso,Associação Monteiro
Manaus International Open Jiu-Jitsu No-Gi IBJJF 2016,Master1/Male/Black/Ultra-Heavy,3,Roger Mendes de Vasconcelos,Cia Amazonense de Jiu-Jitsu
Manaus International Open Jiu-Jitsu No-Gi IBJJF 2016,Master1/Male/Black/Ultra-Heavy,3,Wallace Mississipe de Lemos,Associação Monteiro
Manaus International Open Jiu-Jitsu No-Gi IBJJF 2016,Master1/Male/Black/OpenClass,1,Francisco Rafael Barroso,Associação Monteiro
Manaus International Open Jiu-Jitsu No-Gi IBJJF 2016,Master1/Male/Black/OpenClass,2,Renner Maiorga Martins,CheckMat
Manaus International Open Jiu-Jitsu No-Gi IBJJF 2016,Master1/Male/Black/OpenClass,3,Juarez Harles Martins Nunes,Juarez Harles BJJ
Manaus International Open Jiu-Jitsu No-Gi IBJJF 2016,Master1/Male/Black/OpenClass,3,Roger Mendes de Vasconcelos,Cia Amazonense de Jiu-Jitsu
Manaus International Open Jiu-Jitsu No-Gi IBJJF 2016,Master2/Male/Blue/Medium-Heavy,1,Anderson Fadel Arruda,Ribeiro Jiu-Jitsu Brasil
Manaus International Open Jiu-Jitsu No-Gi IBJJF 2016,Master2/Male/Blue/Super-Heavy,1,Airton Sobrinho de Paula Pessoa dos Reis,Associação Monteiro
Manaus International Open Jiu-Jitsu No-Gi IBJJF 2016,Master2/Male/Purple/Light,1,Anderson Costa  De Menezes,PSLPB Cicero Costha
Manaus International Open Jiu-Jitsu No-Gi IBJJF 2016,Master2/Male/Purple/Light,2,Mario Carriço,Equipe Totti Jiu-Jitsu
Manaus International Open Jiu-Jitsu No-Gi IBJJF 2016,Master2/Male/Purple/Light,3,Eduardo Henrique Lass Alves,Ribeiro Jiu-Jitsu Brasil
Manaus International Open Jiu-Jitsu No-Gi IBJJF 2016,Master2/Male/Purple/Middle,1,João Guilherme Almeida,GF Team Rondônia
Manaus International Open Jiu-Jitsu No-Gi IBJJF 2016,Master2/Male/Purple/Middle,2,Jander Luiz Silva,PSLPB Cicero Costha
Manaus International Open Jiu-Jitsu No-Gi IBJJF 2016,Master2/Male/Purple/Medium-Heavy,1,Maurilio Albuquerque de Almeida Neto,Gracie Barra
Manaus International Open Jiu-Jitsu No-Gi IBJJF 2016,Master2/Male/Purple/Medium-Heavy,2,Everton Carlos Alves Araujo,Norfight
Manaus International Open Jiu-Jitsu No-Gi IBJJF 2016,Master2/Male/Purple/OpenClass,1,Anderson Costa  De Menezes,PSLPB Cicero Costha
Manaus International Open Jiu-Jitsu No-Gi IBJJF 2016,Master2/Male/Purple/OpenClass,2,João Guilherme Almeida,GF Team Rondônia
Manaus International Open Jiu-Jitsu No-Gi IBJJF 2016,Master2/Male/Brown/Feather,1,Artemes da Silva Farias,Associação Monteiro
Manaus International Open Jiu-Jitsu No-Gi IBJJF 2016,Master2/Male/Brown/Feather,2,Jose Gomes Ferreira,Elvys / Osvaldo Alves - AM
Manaus International Open Jiu-Jitsu No-Gi IBJJF 2016,Master2/Male/Brown/Middle,1,George Serrao Bomfim,Elvys / Osvaldo Alves - AM
Manaus International Open Jiu-Jitsu No-Gi IBJJF 2016,Master2/Male/Brown/Middle,2,Luciano Mario Ferreira Paes,CheckMat
Manaus International Open Jiu-Jitsu No-Gi IBJJF 2016,Master2/Male/Brown/Medium-Heavy,1,Glaubert Gomes de Assis,ZR Team Brasil
Manaus International Open Jiu-Jitsu No-Gi IBJJF 2016,Master2/Male/Brown/Heavy,1,Gustavo Viana Correia Lima,Associação Monteiro
Manaus International Open Jiu-Jitsu No-Gi IBJJF 2016,Master2/Male/Brown/Heavy,2,Rodrigo Junio Pereira dos Santos,Gracie Barra
Manaus International Open Jiu-Jitsu No-Gi IBJJF 2016,Master2/Male/Brown/Ultra-Heavy,1,Leandro Lucas Alves,Associação Monteiro
Manaus International Open Jiu-Jitsu No-Gi IBJJF 2016,Master2/Male/Brown/OpenClass,1,Rodrigo Junio Pereira dos Santos,Gracie Barra
Manaus International Open Jiu-Jitsu No-Gi IBJJF 2016,Master2/Male/Brown/OpenClass,2,Artemes da Silva Farias,Associação Monteiro
Manaus International Open Jiu-Jitsu No-Gi IBJJF 2016,Master2/Male/Brown/OpenClass,3,Glaubert Gomes de Assis,ZR Team Brasil
Manaus International Open Jiu-Jitsu No-Gi IBJJF 2016,Master2/Male/Brown/OpenClass,3,Leandro Lucas Alves,Associação Monteiro
Manaus International Open Jiu-Jitsu No-Gi IBJJF 2016,Master2/Male/Black/Light-Feather,1,Ader de Melo Castro,Osvaldo Alves - AM
Manaus International Open Jiu-Jitsu No-Gi IBJJF 2016,Master2/Male/Black/Light-Feather,2,Marcus Vinicius Zampieri dos Reis,Gracie Barra
Manaus International Open Jiu-Jitsu No-Gi IBJJF 2016,Master2/Male/Black/Feather,1,Marcos Fernandes do Nascimento,Associação Monteiro
Manaus International Open Jiu-Jitsu No-Gi IBJJF 2016,Master2/Male/Black/Feather,2,Quelfe Rogerio de Souza Pires da Luz,Familia Marcio Frank BJJ
Manaus International Open Jiu-Jitsu No-Gi IBJJF 2016,Master2/Male/Black/Light,1,Alex Sander Mucceda Leite,CheckMat
Manaus International Open Jiu-Jitsu No-Gi IBJJF 2016,Master2/Male/Black/Light,2,Roterdam Rodrigues de Abreu,Elvys / Osvaldo Alves - AM
Manaus International Open Jiu-Jitsu No-Gi IBJJF 2016,Master2/Male/Black/Light,3,Cosmo Ferreira Dias,Nova União
Manaus International Open Jiu-Jitsu No-Gi IBJJF 2016,Master2/Male/Black/Middle,1,Janio Rodrigues Ferreira,Clube Orley Lobato
Manaus International Open Jiu-Jitsu No-Gi IBJJF 2016,Master2/Male/Black/Medium-Heavy,1,George Marcio Tico Silva,Familia Marcio Frank BJJ
Manaus International Open Jiu-Jitsu No-Gi IBJJF 2016,Master2/Male/Black/Medium-Heavy,2,Saneyson de Siqueira Lopes,CheckMat
Manaus International Open Jiu-Jitsu No-Gi IBJJF 2016,Master2/Male/Black/Heavy,1,Júlio de Souza Franco Neto,Associação Monteiro
Manaus International Open Jiu-Jitsu No-Gi IBJJF 2016,Master2/Male/Black/Super-Heavy,1,Rigoney Castro Costa Junior,Cia Amazonense de Jiu-Jitsu
Manaus International Open Jiu-Jitsu No-Gi IBJJF 2016,Master2/Male/Black/Super-Heavy,2,Frank Alberto Alves Franco,Associação Monteiro
Manaus International Open Jiu-Jitsu No-Gi IBJJF 2016,Master2/Male/Black/Ultra-Heavy,1,Antonio Marcos Sotto Mayor Ribeiro,GF Team
Manaus International Open Jiu-Jitsu No-Gi IBJJF 2016,Master2/Male/Black/Ultra-Heavy,2,Werneck Ferreira Wolter,Nova União
Manaus International Open Jiu-Jitsu No-Gi IBJJF 2016,Master2/Male/Black/Ultra-Heavy,3,Almir Marcelo Oliveira Viana,Clube Orley Lobato
Manaus International Open Jiu-Jitsu No-Gi IBJJF 2016,Master2/Male/Black/OpenClass,1,Rigoney Castro Costa Junior,Cia Amazonense de Jiu-Jitsu
Manaus International Open Jiu-Jitsu No-Gi IBJJF 2016,Master2/Male/Black/OpenClass,2,Frank Alberto Alves Franco,Associação Monteiro
Manaus International Open Jiu-Jitsu No-Gi IBJJF 2016,Master2/Male/Black/OpenClass,3,Cosmo Ferreira Dias,Nova União
Manaus International Open Jiu-Jitsu No-Gi IBJJF 2016,Master2/Male/Black/OpenClass,3,Saneyson de Siqueira Lopes,CheckMat
