Mexico City Winter International Open Jiu-Jitsu No-Gi Championship 2018,Adult/Male/Blue/Feather,1,Luis Eduardo Villarreal Davila,LEAD BJJ
Mexico City Winter International Open Jiu-Jitsu No-Gi Championship 2018,Adult/Male/Blue/Feather,2,Kenneth Kindred IV,Marcus Soares Brazilian Jiu-Jitsu USA
Mexico City Winter International Open Jiu-Jitsu No-Gi Championship 2018,Adult/Male/Blue/Feather,3,Omar Eduardo Alfaro Solis,LEAD BJJ
Mexico City Winter International Open Jiu-Jitsu No-Gi Championship 2018,Adult/Male/Blue/Feather,3,Oscar Cum,Rilion Gracie Jiu-Jitsu Academy
Mexico City Winter International Open Jiu-Jitsu No-Gi Championship 2018,Adult/Male/Blue/Light,1,Thomas Standridge,Gracie Barra
Mexico City Winter International Open Jiu-Jitsu No-Gi Championship 2018,Adult/Male/Blue/Light,2,Casto K. De La Rocha D Amico,Alliance
Mexico City Winter International Open Jiu-Jitsu No-Gi Championship 2018,Adult/Male/Blue/Light,3,Ivan Herrera,Baret Submissions
Mexico City Winter International Open Jiu-Jitsu No-Gi Championship 2018,Adult/Male/Blue/Light,3,Juan Pablo Usma,Nova Geração Mexico
Mexico City Winter International Open Jiu-Jitsu No-Gi Championship 2018,Adult/Male/Blue/Middle,1,Sam Martinez,Gracie Humaita Winnipeg
Mexico City Winter International Open Jiu-Jitsu No-Gi Championship 2018,Adult/Male/Blue/Middle,2,Sergio Ulises Bote Gutierrez,Brasa CTA
Mexico City Winter International Open Jiu-Jitsu No-Gi Championship 2018,Adult/Male/Blue/Medium-Heavy,1,Oscar Javier Diaz Pino,Samurai Fight Center
Mexico City Winter International Open Jiu-Jitsu No-Gi Championship 2018,Adult/Male/Blue/Medium-Heavy,2,William Joseph Kabelka Boix,Gracie Barra
Mexico City Winter International Open Jiu-Jitsu No-Gi Championship 2018,Adult/Male/Blue/Medium-Heavy,3,Erik Medlin,Excelsior Jiu-Jitsu
Mexico City Winter International Open Jiu-Jitsu No-Gi Championship 2018,Adult/Male/Blue/Heavy,1,Edwin Ricardo Aguilar Palma,Gracie Humaita Winnipeg
Mexico City Winter International Open Jiu-Jitsu No-Gi Championship 2018,Adult/Male/Blue/Super-Heavy,1,Edgar Sair Peña Bernal,Renzo Gracie Mexico
Mexico City Winter International Open Jiu-Jitsu No-Gi Championship 2018,Adult/Male/Blue/Super-Heavy,2,Jesus Cantu,LEAD BJJ
Mexico City Winter International Open Jiu-Jitsu No-Gi Championship 2018,Adult/Male/Blue/OpenClass,1,Thomas Standridge,Gracie Barra
Mexico City Winter International Open Jiu-Jitsu No-Gi Championship 2018,Adult/Male/Blue/OpenClass,2,Edwin Ricardo Aguilar Palma,Gracie Humaita Winnipeg
Mexico City Winter International Open Jiu-Jitsu No-Gi Championship 2018,Adult/Male/Blue/OpenClass,3,Omar Eduardo Alfaro Solis,LEAD BJJ
Mexico City Winter International Open Jiu-Jitsu No-Gi Championship 2018,Adult/Male/Blue/OpenClass,3,Oscar Javier Diaz Pino,Samurai Fight Center
Mexico City Winter International Open Jiu-Jitsu No-Gi Championship 2018,Adult/Male/Purple/Feather,1,Demian Balderrama Gomez,Atos Jiu-Jitsu
Mexico City Winter International Open Jiu-Jitsu No-Gi Championship 2018,Adult/Male/Purple/Feather,2,Jorge  Garcia,Renzo Gracie Mexico
Mexico City Winter International Open Jiu-Jitsu No-Gi Championship 2018,Adult/Male/Purple/Feather,3,Claudio Schlegel,Atos Jiu-Jitsu
Mexico City Winter International Open Jiu-Jitsu No-Gi Championship 2018,Adult/Male/Purple/Medium-Heavy,1,Daniel  Elizondo,LEAD BJJ
Mexico City Winter International Open Jiu-Jitsu No-Gi Championship 2018,Adult/Male/Purple/OpenClass,1,Daniel  Elizondo,LEAD BJJ
Mexico City Winter International Open Jiu-Jitsu No-Gi Championship 2018,Adult/Male/Brown/Middle,1,Clay Mayfield,Team Royce Gracie
Mexico City Winter International Open Jiu-Jitsu No-Gi Championship 2018,Adult/Male/Brown/Super-Heavy,1,Sebastian Black,CheckMat
Mexico City Winter International Open Jiu-Jitsu No-Gi Championship 2018,Adult/Male/Black/Feather,1,Pablo Mantovani Dutra,Atos Jiu-Jitsu
Mexico City Winter International Open Jiu-Jitsu No-Gi Championship 2018,Adult/Male/Black/Feather,2,Juan Manuel Calderon Esquivel,Renzo Gracie International
Mexico City Winter International Open Jiu-Jitsu No-Gi Championship 2018,Adult/Male/Black/Medium-Heavy,1,Sergio Raimundo Rios da Silva,Brasa/99
Mexico City Winter International Open Jiu-Jitsu No-Gi Championship 2018,Adult/Male/Black/Super-Heavy,1,Fellipe Ubaiz Trovo,Ushirobira JJ
Mexico City Winter International Open Jiu-Jitsu No-Gi Championship 2018,Adult/Male/Black/Ultra-Heavy,1,Casey William Hellenberg,Ribeiro Jiu-Jitsu
Mexico City Winter International Open Jiu-Jitsu No-Gi Championship 2018,Adult/Male/Black/Ultra-Heavy,2,Guilherme de Lima,Brasa
Mexico City Winter International Open Jiu-Jitsu No-Gi Championship 2018,Adult/Male/Black/OpenClass,1,Sergio Raimundo Rios da Silva,Brasa/99
Mexico City Winter International Open Jiu-Jitsu No-Gi Championship 2018,Adult/Male/Black/OpenClass,2,Fellipe Ubaiz Trovo,Ushirobira JJ
Mexico City Winter International Open Jiu-Jitsu No-Gi Championship 2018,Adult/Male/Black/OpenClass,3,Guilherme de Lima,Brasa
Mexico City Winter International Open Jiu-Jitsu No-Gi Championship 2018,Adult/Female/Blue/Light-Feather,1,Mayra Rocio Rangel Eledezma,Carlson Gracie Mexico
Mexico City Winter International Open Jiu-Jitsu No-Gi Championship 2018,Adult/Female/Blue/Light-Feather,2,Veronica Morales,Renzo Gracie Mexico
Mexico City Winter International Open Jiu-Jitsu No-Gi Championship 2018,Adult/Female/Blue/Feather,1,Lilian Lucia Borja,LEAD BJJ
Mexico City Winter International Open Jiu-Jitsu No-Gi Championship 2018,Adult/Female/Blue/Feather,2,Priscilla Brenes,Mauro Sergio BJJ
Mexico City Winter International Open Jiu-Jitsu No-Gi Championship 2018,Adult/Female/Blue/Middle,1,Stephanie McPherson,Colorado BJJ
Mexico City Winter International Open Jiu-Jitsu No-Gi Championship 2018,Adult/Female/Blue/Super-Heavy,1,Heather Westman,Colorado BJJ
Mexico City Winter International Open Jiu-Jitsu No-Gi Championship 2018,Adult/Female/Blue/Super-Heavy,2,Diana Lizabeth Villar,LEAD BJJ
Mexico City Winter International Open Jiu-Jitsu No-Gi Championship 2018,Adult/Female/Blue/OpenClass,1,Heather Westman,Colorado BJJ
Mexico City Winter International Open Jiu-Jitsu No-Gi Championship 2018,Adult/Female/Blue/OpenClass,2,Stephanie McPherson,Colorado BJJ
Mexico City Winter International Open Jiu-Jitsu No-Gi Championship 2018,Adult/Female/Blue/OpenClass,3,Diana Lizabeth Villar,LEAD BJJ
Mexico City Winter International Open Jiu-Jitsu No-Gi Championship 2018,Adult/Female/Purple/Feather,1,Gisela Alejandra Barba Rodriguez,Renzo Gracie Mexico
Mexico City Winter International Open Jiu-Jitsu No-Gi Championship 2018,Adult/Female/Purple/Feather,2,Patricia Daniela Flores,Casa Chimeyo Mexico
Mexico City Winter International Open Jiu-Jitsu No-Gi Championship 2018,Adult/Female/Purple/Light,1,Daniela Arceo Herrera,Brazilian Top Team Boston
Mexico City Winter International Open Jiu-Jitsu No-Gi Championship 2018,Adult/Female/Purple/OpenClass,1,Daniela Arceo Herrera,Brazilian Top Team Boston
Mexico City Winter International Open Jiu-Jitsu No-Gi Championship 2018,Adult/Female/Black/Medium-Heavy,1,Monique Ricardo Carvalho,CheckMat
Mexico City Winter International Open Jiu-Jitsu No-Gi Championship 2018,Adult/Female/Black/Heavy,1,Claudia Fernanda Onofre Valim Doval,De La Riva JJ
Mexico City Winter International Open Jiu-Jitsu No-Gi Championship 2018,Adult/Female/Black/Heavy,2,Itzel Bazua Aguilar,Zentih BJJ - Greece
Mexico City Winter International Open Jiu-Jitsu No-Gi Championship 2018,Adult/Female/Black/OpenClass,1,Claudia Fernanda Onofre Valim Doval,De La Riva JJ
Mexico City Winter International Open Jiu-Jitsu No-Gi Championship 2018,Master1/Male/Blue/Feather,1,Alejandro Castillo,Renzo Gracie Mexico
Mexico City Winter International Open Jiu-Jitsu No-Gi Championship 2018,Master1/Male/Blue/Light,1,Rodrigo Escriba,Rilion Gracie Panama
Mexico City Winter International Open Jiu-Jitsu No-Gi Championship 2018,Master1/Male/Blue/Middle,1,Sean Watters,Zenith BJJ - Las Vegas
Mexico City Winter International Open Jiu-Jitsu No-Gi Championship 2018,Master1/Male/Blue/Middle,2,Blas Daniel Rodriguez Lopez,LEAD BJJ
Mexico City Winter International Open Jiu-Jitsu No-Gi Championship 2018,Master1/Male/Blue/Middle,3,Roberto Arjona Luna,Top Brother Mexico
Mexico City Winter International Open Jiu-Jitsu No-Gi Championship 2018,Master1/Male/Blue/Heavy,1,Gabriel Ernesto  Duarte Gonzalez,LEAD BJJ
Mexico City Winter International Open Jiu-Jitsu No-Gi Championship 2018,Master1/Male/Blue/Heavy,2,Jensen Samayoa Estrada,Rilion Gracie Panama
Mexico City Winter International Open Jiu-Jitsu No-Gi Championship 2018,Master1/Male/Blue/Super-Heavy,1,Javier Alejandro Pompa Sosa,Team Carvalho Mexico
Mexico City Winter International Open Jiu-Jitsu No-Gi Championship 2018,Master1/Male/Blue/Super-Heavy,2,Aaron Sena Rodriguez,LEAD BJJ
Mexico City Winter International Open Jiu-Jitsu No-Gi Championship 2018,Master1/Male/Blue/Ultra-Heavy,1,Alexander Vazquez,Team Carvalho Mexico
Mexico City Winter International Open Jiu-Jitsu No-Gi Championship 2018,Master1/Male/Blue/Ultra-Heavy,2,Edson Antonio De León Rodriguez,LEAD BJJ
Mexico City Winter International Open Jiu-Jitsu No-Gi Championship 2018,Master1/Male/Blue/OpenClass,1,Javier Alejandro Pompa Sosa,Team Carvalho Mexico
Mexico City Winter International Open Jiu-Jitsu No-Gi Championship 2018,Master1/Male/Blue/OpenClass,2,Gabriel Ernesto  Duarte Gonzalez,LEAD BJJ
Mexico City Winter International Open Jiu-Jitsu No-Gi Championship 2018,Master1/Male/Blue/OpenClass,3,Alejandro Castillo,Renzo Gracie Mexico
Mexico City Winter International Open Jiu-Jitsu No-Gi Championship 2018,Master1/Male/Blue/OpenClass,3,Alexander Vazquez,Team Carvalho Mexico
Mexico City Winter International Open Jiu-Jitsu No-Gi Championship 2018,Master1/Male/Purple/Light,1,Eduardo Javier Maya Gutierrez,Schon BJJ
Mexico City Winter International Open Jiu-Jitsu No-Gi Championship 2018,Master1/Male/Purple/Light,2,Andres Trujillo Hernández,Cicero Costha Internacional
Mexico City Winter International Open Jiu-Jitsu No-Gi Championship 2018,Master1/Male/Purple/Ultra-Heavy,1,Raul Carreon Flores,LEAD BJJ
Mexico City Winter International Open Jiu-Jitsu No-Gi Championship 2018,Master1/Male/Purple/OpenClass,1,Andres Trujillo Hernández,Cicero Costha Internacional
Mexico City Winter International Open Jiu-Jitsu No-Gi Championship 2018,Master1/Male/Brown/Light,1,Oscar Eulalio Aldana,Carlson Gracie Mexico
Mexico City Winter International Open Jiu-Jitsu No-Gi Championship 2018,Master1/Male/Brown/OpenClass,1,Oscar Eulalio Aldana,Carlson Gracie Mexico
Mexico City Winter International Open Jiu-Jitsu No-Gi Championship 2018,Master1/Male/Black/Medium-Heavy,1,Sean Christopher Stewart,Colorado BJJ
Mexico City Winter International Open Jiu-Jitsu No-Gi Championship 2018,Master1/Male/Black/Heavy,1,Francisco Javier Torres,Gracie Humaita Las Vegas
Mexico City Winter International Open Jiu-Jitsu No-Gi Championship 2018,Master1/Male/Black/Heavy,2,Diego Esteves Pacheco,LEAD BJJ
Mexico City Winter International Open Jiu-Jitsu No-Gi Championship 2018,Master1/Male/Black/Super-Heavy,1,Eduardo Ricardo de Carvalho,CheckMat
Mexico City Winter International Open Jiu-Jitsu No-Gi Championship 2018,Master1/Male/Black/Ultra-Heavy,1,Luiz Fernando da Silva,Ns Brotherhood
Mexico City Winter International Open Jiu-Jitsu No-Gi Championship 2018,Master1/Male/Black/Ultra-Heavy,2,Emerson Gomes da Silva,Ns Brotherhood
Mexico City Winter International Open Jiu-Jitsu No-Gi Championship 2018,Master1/Male/Black/OpenClass,1,Emerson Gomes da Silva,Ns Brotherhood
Mexico City Winter International Open Jiu-Jitsu No-Gi Championship 2018,Master1/Male/Black/OpenClass,2,Luiz Fernando da Silva,Ns Brotherhood
Mexico City Winter International Open Jiu-Jitsu No-Gi Championship 2018,Master1/Male/Black/OpenClass,3,Diego Esteves Pacheco,LEAD BJJ
Mexico City Winter International Open Jiu-Jitsu No-Gi Championship 2018,Master1/Male/Black/OpenClass,3,Francisco Javier Torres,Gracie Humaita Las Vegas
Mexico City Winter International Open Jiu-Jitsu No-Gi Championship 2018,Master2/Male/Blue/Middle,1,Badhy Alberto Cobos Sleme,Brasa
Mexico City Winter International Open Jiu-Jitsu No-Gi Championship 2018,Master2/Male/Blue/Medium-Heavy,1,Adrian Erick Davo,La Colonia Jiu-Jitsu
Mexico City Winter International Open Jiu-Jitsu No-Gi Championship 2018,Master2/Male/Purple/Feather,1,Cesar Palomera,Team Carvalho Mexico
Mexico City Winter International Open Jiu-Jitsu No-Gi Championship 2018,Master2/Male/Purple/Middle,1,Marco Virgilio Venegas De La Cerda,Top Brother Mexico
Mexico City Winter International Open Jiu-Jitsu No-Gi Championship 2018,Master2/Male/Purple/Middle,2,Raymond Barrie Walker,Pablo Silva BJJ - ZR Team
Mexico City Winter International Open Jiu-Jitsu No-Gi Championship 2018,Master2/Male/Purple/Medium-Heavy,1,Marco Antonio  Alcala Bermudez,Ribeiro Jiu-Jitsu
Mexico City Winter International Open Jiu-Jitsu No-Gi Championship 2018,Master2/Male/Purple/OpenClass,1,Cesar Palomera,Team Carvalho Mexico
Mexico City Winter International Open Jiu-Jitsu No-Gi Championship 2018,Master2/Male/Purple/OpenClass,2,Marco Virgilio Venegas De La Cerda,Top Brother Mexico
Mexico City Winter International Open Jiu-Jitsu No-Gi Championship 2018,Master2/Male/Purple/OpenClass,3,Marco Antonio  Alcala Bermudez,Ribeiro Jiu-Jitsu
Mexico City Winter International Open Jiu-Jitsu No-Gi Championship 2018,Master2/Male/Brown/Light,1,Gerardo Mayoral Flores,Renzo Gracie Mexico
Mexico City Winter International Open Jiu-Jitsu No-Gi Championship 2018,Master2/Male/Brown/Middle,1,Christian Cornejo Sosa,Renzo Gracie Mexico
Mexico City Winter International Open Jiu-Jitsu No-Gi Championship 2018,Master2/Male/Brown/Middle,2,Javier Flores,Casa Chimeyo Mexico
Mexico City Winter International Open Jiu-Jitsu No-Gi Championship 2018,Master2/Male/Brown/Medium-Heavy,1,Emilio Gomez Zambrano,Top Brother Mexico
Mexico City Winter International Open Jiu-Jitsu No-Gi Championship 2018,Master2/Male/Brown/OpenClass,1,Emilio Gomez Zambrano,Top Brother Mexico
Mexico City Winter International Open Jiu-Jitsu No-Gi Championship 2018,Master2/Male/Black/Feather,1,Windson Fontes Monteiro,Soul Fighters BJJ Tijuca
Mexico City Winter International Open Jiu-Jitsu No-Gi Championship 2018,Master2/Male/Black/Middle,1,Berndt Greger Forsell,Polar Jiu Jitsu Team
Mexico City Winter International Open Jiu-Jitsu No-Gi Championship 2018,Master2/Male/Black/Middle,2,Mauricio Cabral de Melo,Black Helmets
Mexico City Winter International Open Jiu-Jitsu No-Gi Championship 2018,Master2/Male/Black/Heavy,1,Mark Thomas Turner,Demian Maia Jiu-Jitsu USA
Mexico City Winter International Open Jiu-Jitsu No-Gi Championship 2018,Master2/Male/Black/Super-Heavy,1,Cassio Lisboa da Costa Junior,Top Brother
Mexico City Winter International Open Jiu-Jitsu No-Gi Championship 2018,Master2/Male/Black/Ultra-Heavy,1,Brecht Pataki Mondragon,Ns Brotherhood
Mexico City Winter International Open Jiu-Jitsu No-Gi Championship 2018,Master2/Male/Black/OpenClass,1,Cassio Lisboa da Costa Junior,Top Brother
Mexico City Winter International Open Jiu-Jitsu No-Gi Championship 2018,Master2/Male/Black/OpenClass,2,Mark Thomas Turner,Demian Maia Jiu-Jitsu USA
Mexico City Winter International Open Jiu-Jitsu No-Gi Championship 2018,Master2/Male/Black/OpenClass,3,Brecht Pataki Mondragon,Ns Brotherhood
