Pan Pacific Jiu-Jitsu No-Gi IBJJF Championship 2016,Juvenile/Male/Blue/Light-Feather,1,Khava William Black,Gracie Humaita Australia
Pan Pacific Jiu-Jitsu No-Gi IBJJF Championship 2016,Juvenile/Male/Blue/Light-Feather,2,Jaden Dennis O'dea,Tukaha Brazilian Jiu Jitsu
Pan Pacific Jiu-Jitsu No-Gi IBJJF Championship 2016,Juvenile/Male/Blue/Middle,1,Marc Bishop,de Been 100% Jiu-Jitsu
Pan Pacific Jiu-Jitsu No-Gi IBJJF Championship 2016,Juvenile/Male/Blue/Middle,2,Jayden Luke Binnie,Infinity Martial Arts
Pan Pacific Jiu-Jitsu No-Gi IBJJF Championship 2016,Juvenile/Male/Blue/Middle,3,Colby Neville Thicknesse,de Been 100% Jiu-Jitsu
Pan Pacific Jiu-Jitsu No-Gi IBJJF Championship 2016,Juvenile/Male/Blue/Middle,3,Oliver Henry Turner,Guigo JJ International
Pan Pacific Jiu-Jitsu No-Gi IBJJF Championship 2016,Juvenile/Male/Blue/Medium-Heavy,1,Cooper Tye Burnham,Maromba Academia International
Pan Pacific Jiu-Jitsu No-Gi IBJJF Championship 2016,Juvenile/Male/Blue/Medium-Heavy,2,Matthew Robert Dawkins,Infinity Martial Arts
Pan Pacific Jiu-Jitsu No-Gi IBJJF Championship 2016,Juvenile/Male/Blue/Medium-Heavy,3,Jackie Zebuline Papuni-Hunt-Kingi,Brasa
Pan Pacific Jiu-Jitsu No-Gi IBJJF Championship 2016,Juvenile/Male/Blue/Heavy,1,Zachary  Ghanbari,Australian Elite Team
Pan Pacific Jiu-Jitsu No-Gi IBJJF Championship 2016,Juvenile/Male/Blue/Heavy,2,Joel Douglas,de Been 100% Jiu-Jitsu
Pan Pacific Jiu-Jitsu No-Gi IBJJF Championship 2016,Juvenile/Female/Blue/Super-Heavy,1,Kristen Talevski,Australian Elite Team
Pan Pacific Jiu-Jitsu No-Gi IBJJF Championship 2016,Adult/Male/Blue/Rooster,1,Cody Haddon,Coringa Jiu-Jitsu
Pan Pacific Jiu-Jitsu No-Gi IBJJF Championship 2016,Adult/Male/Blue/Light-Feather,1,Robert Hoa Thai Vu,de Been 100% Jiu-Jitsu
Pan Pacific Jiu-Jitsu No-Gi IBJJF Championship 2016,Adult/Male/Blue/Light-Feather,2,Tom Everett,Maromba Academia International
Pan Pacific Jiu-Jitsu No-Gi IBJJF Championship 2016,Adult/Male/Blue/Light-Feather,3,Samil Atlihan,Australian Elite Team
Pan Pacific Jiu-Jitsu No-Gi IBJJF Championship 2016,Adult/Male/Blue/Feather,1,Airana Ngarewa,American Top Team New Zealand
Pan Pacific Jiu-Jitsu No-Gi IBJJF Championship 2016,Adult/Male/Blue/Feather,2,Thomas Daniel Koski,myBJJ Team
Pan Pacific Jiu-Jitsu No-Gi IBJJF Championship 2016,Adult/Male/Blue/Feather,3,Nick Thornton,American Top Team New Zealand
Pan Pacific Jiu-Jitsu No-Gi IBJJF Championship 2016,Adult/Male/Blue/Feather,3,Tyson John Read,Equipe Mestre Wilson Jiu Jitsu Australia
Pan Pacific Jiu-Jitsu No-Gi IBJJF Championship 2016,Adult/Male/Blue/Light,1,Richard Lattemagi,Maromba Academia International
Pan Pacific Jiu-Jitsu No-Gi IBJJF Championship 2016,Adult/Male/Blue/Light,2,Sam Cowie,Team Perosh Mixed Martial Arts
Pan Pacific Jiu-Jitsu No-Gi IBJJF Championship 2016,Adult/Male/Blue/Light,3,Christian Burghartswieser,Jean Jacques Machado Australia
Pan Pacific Jiu-Jitsu No-Gi IBJJF Championship 2016,Adult/Male/Blue/Light,3,M Hoffman,Southside Brazilian Jiu-Jitsu
Pan Pacific Jiu-Jitsu No-Gi IBJJF Championship 2016,Adult/Male/Blue/Middle,1,Thomas David,Australian Elite Team
Pan Pacific Jiu-Jitsu No-Gi IBJJF Championship 2016,Adult/Male/Blue/Middle,2,Alexander Tasios,Cia Paulista
Pan Pacific Jiu-Jitsu No-Gi IBJJF Championship 2016,Adult/Male/Blue/Middle,3,Damien Parsons,Galeb Brothers Brazilian Jiu Jitsu
Pan Pacific Jiu-Jitsu No-Gi IBJJF Championship 2016,Adult/Male/Blue/Middle,3,Lewis Moullali,Roger Gracie
Pan Pacific Jiu-Jitsu No-Gi IBJJF Championship 2016,Adult/Male/Blue/Medium-Heavy,1,Matt O'Brien Inzalaco,Coringa Jiu-Jitsu
Pan Pacific Jiu-Jitsu No-Gi IBJJF Championship 2016,Adult/Male/Blue/Medium-Heavy,2,Tristan Beven,Australian Elite Team
Pan Pacific Jiu-Jitsu No-Gi IBJJF Championship 2016,Adult/Male/Blue/Medium-Heavy,3,Abel Seymour,Australian Elite Team
Pan Pacific Jiu-Jitsu No-Gi IBJJF Championship 2016,Adult/Male/Blue/Medium-Heavy,3,Robert Killorn,UFC Gym
Pan Pacific Jiu-Jitsu No-Gi IBJJF Championship 2016,Adult/Male/Blue/Heavy,1,Lucas Rusit,Fight Club Jiu Jitsu Australia
Pan Pacific Jiu-Jitsu No-Gi IBJJF Championship 2016,Adult/Male/Blue/Heavy,2,Zahid  Handanovic,CheckMat
Pan Pacific Jiu-Jitsu No-Gi IBJJF Championship 2016,Adult/Male/Blue/Heavy,3,Blake Davis,Australian Elite Team
Pan Pacific Jiu-Jitsu No-Gi IBJJF Championship 2016,Adult/Male/Blue/Heavy,3,Jordan De Marchi,Australian Elite Team
Pan Pacific Jiu-Jitsu No-Gi IBJJF Championship 2016,Adult/Male/Blue/Super-Heavy,1,Tim Baker,Maromba Academia International
Pan Pacific Jiu-Jitsu No-Gi IBJJF Championship 2016,Adult/Male/Blue/Super-Heavy,2,Muhammad Syafiq Bin Zulkfli,Evolve MMA
Pan Pacific Jiu-Jitsu No-Gi IBJJF Championship 2016,Adult/Male/Blue/Ultra-Heavy,1,Duke Didier,Elements BJJ
Pan Pacific Jiu-Jitsu No-Gi IBJJF Championship 2016,Adult/Male/Blue/Ultra-Heavy,2,Emanuel Khoshaba,Cia Paulista - International
Pan Pacific Jiu-Jitsu No-Gi IBJJF Championship 2016,Adult/Male/Blue/Ultra-Heavy,3,Zoran Covic,Guigo JJ International
Pan Pacific Jiu-Jitsu No-Gi IBJJF Championship 2016,Adult/Male/Blue/OpenClass,1,Duke Didier,Elements BJJ
Pan Pacific Jiu-Jitsu No-Gi IBJJF Championship 2016,Adult/Male/Blue/OpenClass,2,Abel Seymour,Australian Elite Team
Pan Pacific Jiu-Jitsu No-Gi IBJJF Championship 2016,Adult/Male/Blue/OpenClass,3,Alexander Tasios,Cia Paulista
Pan Pacific Jiu-Jitsu No-Gi IBJJF Championship 2016,Adult/Male/Blue/OpenClass,3,Sam Cowie,Team Perosh Mixed Martial Arts
Pan Pacific Jiu-Jitsu No-Gi IBJJF Championship 2016,Adult/Female/Blue/Light-Feather,1,Kaela Shae Banney,Fight Club Jiu Jitsu Australia
Pan Pacific Jiu-Jitsu No-Gi IBJJF Championship 2016,Adult/Female/Blue/Light-Feather,2,Lauren Thompson,Maromba Academia International
Pan Pacific Jiu-Jitsu No-Gi IBJJF Championship 2016,Adult/Female/Blue/Light-Feather,3,Chisaki Akiyama,Maromba Academia International
Pan Pacific Jiu-Jitsu No-Gi IBJJF Championship 2016,Adult/Female/Blue/Feather,1,Savorng Hel,CheckMat
Pan Pacific Jiu-Jitsu No-Gi IBJJF Championship 2016,Adult/Female/Blue/Feather,2,Stefanie  Tran,Southside Brazilian Jiu-Jitsu
Pan Pacific Jiu-Jitsu No-Gi IBJJF Championship 2016,Adult/Female/Blue/Light,1,Georgia Balthazar Da Silveira,Southside Brazilian Jiu-Jitsu
Pan Pacific Jiu-Jitsu No-Gi IBJJF Championship 2016,Adult/Female/Blue/Light,2,Jasmine Jelic,Fight Club Jiu Jitsu Australia
Pan Pacific Jiu-Jitsu No-Gi IBJJF Championship 2016,Adult/Female/Blue/Light,3,Sarah Chapman,Maromba Academia International
Pan Pacific Jiu-Jitsu No-Gi IBJJF Championship 2016,Adult/Female/Blue/Middle,1,Emily Talevski,Australian Elite Team
Pan Pacific Jiu-Jitsu No-Gi IBJJF Championship 2016,Adult/Female/Blue/Middle,2,Yuan-ting Chen,Maromba Academia International
Pan Pacific Jiu-Jitsu No-Gi IBJJF Championship 2016,Adult/Female/Blue/Middle,3,Alexandra Muir,Southside Brazilian Jiu-Jitsu
Pan Pacific Jiu-Jitsu No-Gi IBJJF Championship 2016,Adult/Female/Blue/Middle,3,Elissa Renton,Southside Brazilian Jiu-Jitsu
Pan Pacific Jiu-Jitsu No-Gi IBJJF Championship 2016,Adult/Female/Blue/Medium-Heavy,1,Syaheenaz B. Abdul Halim,Team Buda International
Pan Pacific Jiu-Jitsu No-Gi IBJJF Championship 2016,Adult/Female/Blue/Heavy,1,Jessica  Talevski,Australian Elite Team
Pan Pacific Jiu-Jitsu No-Gi IBJJF Championship 2016,Adult/Female/Blue/Super-Heavy,1,Cristy Hazelman,de Been 100% Jiu-Jitsu
Pan Pacific Jiu-Jitsu No-Gi IBJJF Championship 2016,Adult/Female/Blue/Super-Heavy,2,Lasa Mataia,Australian Elite Team
Pan Pacific Jiu-Jitsu No-Gi IBJJF Championship 2016,Adult/Female/Blue/OpenClass,1,Savorng Hel,CheckMat
Pan Pacific Jiu-Jitsu No-Gi IBJJF Championship 2016,Adult/Female/Blue/OpenClass,2,Georgia Balthazar Da Silveira,Southside Brazilian Jiu-Jitsu
Pan Pacific Jiu-Jitsu No-Gi IBJJF Championship 2016,Adult/Female/Blue/OpenClass,3,Jasmine Jelic,Fight Club Jiu Jitsu Australia
Pan Pacific Jiu-Jitsu No-Gi IBJJF Championship 2016,Adult/Female/Blue/OpenClass,3,Syaheenaz B. Abdul Halim,Team Buda International
Pan Pacific Jiu-Jitsu No-Gi IBJJF Championship 2016,Adult/Male/Purple/Light-Feather,1,Rytz Nunes,Gracie Barra
Pan Pacific Jiu-Jitsu No-Gi IBJJF Championship 2016,Adult/Male/Purple/Light-Feather,2,Josh Rayner,Guigo JJ International
Pan Pacific Jiu-Jitsu No-Gi IBJJF Championship 2016,Adult/Male/Purple/Light-Feather,3,Brian Morley,de Been 100% Jiu-Jitsu
Pan Pacific Jiu-Jitsu No-Gi IBJJF Championship 2016,Adult/Male/Purple/Feather,1,Yuheng Winston Hong,Garage Jiu Jitsu
Pan Pacific Jiu-Jitsu No-Gi IBJJF Championship 2016,Adult/Male/Purple/Feather,2,Luke Michael Steel,Australian Elite Team
Pan Pacific Jiu-Jitsu No-Gi IBJJF Championship 2016,Adult/Male/Purple/Feather,3,Christophe Grumelart,de Been 100% Jiu-Jitsu
Pan Pacific Jiu-Jitsu No-Gi IBJJF Championship 2016,Adult/Male/Purple/Feather,3,Daniel Christopher Mitchell,Will/Machado
Pan Pacific Jiu-Jitsu No-Gi IBJJF Championship 2016,Adult/Male/Purple/Light,1,Thomas Alexander Caladine,Gracie Barra
Pan Pacific Jiu-Jitsu No-Gi IBJJF Championship 2016,Adult/Male/Purple/Light,2,Kieran Ruffles,American Top Team New Zealand
Pan Pacific Jiu-Jitsu No-Gi IBJJF Championship 2016,Adult/Male/Purple/Light,3,Nick Lesquillier,Australian Elite Team
Pan Pacific Jiu-Jitsu No-Gi IBJJF Championship 2016,Adult/Male/Purple/Light,3,Ruaidhri Fegan,Maromba Academia International
Pan Pacific Jiu-Jitsu No-Gi IBJJF Championship 2016,Adult/Male/Purple/Middle,1,Danny Moughabghab,Australian Elite Team
Pan Pacific Jiu-Jitsu No-Gi IBJJF Championship 2016,Adult/Male/Purple/Middle,2,Declan Moody,Bon Sai JJ
Pan Pacific Jiu-Jitsu No-Gi IBJJF Championship 2016,Adult/Male/Purple/Middle,3,John R. Chippendale,Rilion Gracie Australia
Pan Pacific Jiu-Jitsu No-Gi IBJJF Championship 2016,Adult/Male/Purple/Middle,3,Thiago Moreira Fonseca Ortiz,Legacy
Pan Pacific Jiu-Jitsu No-Gi IBJJF Championship 2016,Adult/Male/Purple/Medium-Heavy,1,Mohamed Abdi,Gracie Barra
Pan Pacific Jiu-Jitsu No-Gi IBJJF Championship 2016,Adult/Male/Purple/Medium-Heavy,2,Lucas Kanard,Sydney Jiu-Jitsu Academy / ZR Team
Pan Pacific Jiu-Jitsu No-Gi IBJJF Championship 2016,Adult/Male/Purple/Medium-Heavy,3,Daniel Kleinschmidt,Garra Brazilian Jiu-Jitsu - Australia
Pan Pacific Jiu-Jitsu No-Gi IBJJF Championship 2016,Adult/Male/Purple/Medium-Heavy,3,Kael Coster,Australian Elite Team
Pan Pacific Jiu-Jitsu No-Gi IBJJF Championship 2016,Adult/Male/Purple/Heavy,1,Jess Smith,Cia Paulista - International
Pan Pacific Jiu-Jitsu No-Gi IBJJF Championship 2016,Adult/Male/Purple/Heavy,2,Henry David Grech,The Dojo
Pan Pacific Jiu-Jitsu No-Gi IBJJF Championship 2016,Adult/Male/Purple/Heavy,3,Kieryn Wright,Maromba Academia International
Pan Pacific Jiu-Jitsu No-Gi IBJJF Championship 2016,Adult/Male/Purple/Super-Heavy,1,Amaury Menezes,Legacy
Pan Pacific Jiu-Jitsu No-Gi IBJJF Championship 2016,Adult/Male/Purple/Ultra-Heavy,1,Alexander HungaHunga,Australian Elite Team
Pan Pacific Jiu-Jitsu No-Gi IBJJF Championship 2016,Adult/Male/Purple/Ultra-Heavy,2,steven rudic,Team Perosh Mixed Martial Arts
Pan Pacific Jiu-Jitsu No-Gi IBJJF Championship 2016,Adult/Male/Purple/OpenClass,1,Alexander HungaHunga,Australian Elite Team
Pan Pacific Jiu-Jitsu No-Gi IBJJF Championship 2016,Adult/Male/Purple/OpenClass,2,Danny Moughabghab,Australian Elite Team
Pan Pacific Jiu-Jitsu No-Gi IBJJF Championship 2016,Adult/Male/Purple/OpenClass,3,Henry David Grech,The Dojo
Pan Pacific Jiu-Jitsu No-Gi IBJJF Championship 2016,Adult/Male/Purple/OpenClass,3,Kieryn Wright,Maromba Academia International
Pan Pacific Jiu-Jitsu No-Gi IBJJF Championship 2016,Adult/Female/Purple/Feather,1,Rebecca James,de Been 100% Jiu-Jitsu
Pan Pacific Jiu-Jitsu No-Gi IBJJF Championship 2016,Adult/Female/Purple/Feather,2,Annette Jung-in Lee,American Top Team New Zealand
Pan Pacific Jiu-Jitsu No-Gi IBJJF Championship 2016,Adult/Female/Purple/Medium-Heavy,1,Yasmine  Sherriff,Bali & Jakarta MMA
Pan Pacific Jiu-Jitsu No-Gi IBJJF Championship 2016,Adult/Female/Purple/Medium-Heavy,2,Kathryn  Sceneay,Maromba Academia International
Pan Pacific Jiu-Jitsu No-Gi IBJJF Championship 2016,Adult/Female/Purple/OpenClass,1,Yasmine  Sherriff,Bali & Jakarta MMA
Pan Pacific Jiu-Jitsu No-Gi IBJJF Championship 2016,Adult/Female/Purple/OpenClass,2,Kathryn  Sceneay,Maromba Academia International
Pan Pacific Jiu-Jitsu No-Gi IBJJF Championship 2016,Adult/Female/Purple/OpenClass,3,Annette Jung-in Lee,American Top Team New Zealand
Pan Pacific Jiu-Jitsu No-Gi IBJJF Championship 2016,Adult/Male/Brown/Rooster,1,pratt G. odisho,Australian Elite Team
Pan Pacific Jiu-Jitsu No-Gi IBJJF Championship 2016,Adult/Male/Brown/Light-Feather,1,Joseph Gomez,One Jiu-Jitsu USA
Pan Pacific Jiu-Jitsu No-Gi IBJJF Championship 2016,Adult/Male/Brown/Light-Feather,2,Josh Stolton,Zenith BJJ - Australia
Pan Pacific Jiu-Jitsu No-Gi IBJJF Championship 2016,Adult/Male/Brown/Light,1,Kristoffer Nini,Australian Elite Team
Pan Pacific Jiu-Jitsu No-Gi IBJJF Championship 2016,Adult/Male/Brown/Light,2,Renan Hideki Ise Silva,ESJJ (Excelence School of Jiu-Jitsu)
Pan Pacific Jiu-Jitsu No-Gi IBJJF Championship 2016,Adult/Male/Brown/Medium-Heavy,1,Burak Z Sarman,Atos JJ International
Pan Pacific Jiu-Jitsu No-Gi IBJJF Championship 2016,Adult/Male/Brown/Medium-Heavy,2,Tiê  Passos,Garra Brazilian Jiu-Jitsu - Australia
Pan Pacific Jiu-Jitsu No-Gi IBJJF Championship 2016,Adult/Male/Brown/Medium-Heavy,3,Jonathon Reginald Thomas Maflin,Roger Gracie
Pan Pacific Jiu-Jitsu No-Gi IBJJF Championship 2016,Adult/Male/Brown/Medium-Heavy,3,Tyrone Coppedge,Infinity Martial Arts
Pan Pacific Jiu-Jitsu No-Gi IBJJF Championship 2016,Adult/Male/Brown/Super-Heavy,1,Anton Minenko,Garra Brazilian Jiu-Jitsu - Australia
Pan Pacific Jiu-Jitsu No-Gi IBJJF Championship 2016,Adult/Male/Brown/Super-Heavy,2,Tony J. Dib,Australian Elite Team
Pan Pacific Jiu-Jitsu No-Gi IBJJF Championship 2016,Adult/Male/Brown/Super-Heavy,3,Tyrone Tutewehiwehi Kingi,Will/Machado
Pan Pacific Jiu-Jitsu No-Gi IBJJF Championship 2016,Adult/Male/Brown/Ultra-Heavy,1,Jerome Maitland,Australian Elite Team
Pan Pacific Jiu-Jitsu No-Gi IBJJF Championship 2016,Adult/Male/Brown/OpenClass,1,Burak Z Sarman,Atos JJ International
Pan Pacific Jiu-Jitsu No-Gi IBJJF Championship 2016,Adult/Male/Brown/OpenClass,2,Jerome Maitland,Australian Elite Team
Pan Pacific Jiu-Jitsu No-Gi IBJJF Championship 2016,Adult/Male/Brown/OpenClass,3,Kristoffer Nini,Australian Elite Team
Pan Pacific Jiu-Jitsu No-Gi IBJJF Championship 2016,Adult/Female/Brown/Feather,1,Tanya Jan Baker,de Been 100% Jiu-Jitsu
Pan Pacific Jiu-Jitsu No-Gi IBJJF Championship 2016,Adult/Female/Brown/Medium-Heavy,1,Josephine Elia,Australian Elite Team
Pan Pacific Jiu-Jitsu No-Gi IBJJF Championship 2016,Adult/Female/Brown/OpenClass,1,Josephine Elia,Australian Elite Team
Pan Pacific Jiu-Jitsu No-Gi IBJJF Championship 2016,Adult/Female/Brown/OpenClass,2,Tanya Jan Baker,de Been 100% Jiu-Jitsu
Pan Pacific Jiu-Jitsu No-Gi IBJJF Championship 2016,Adult/Male/Black/Feather,1,Michel Marcelo S.M.Tavares,GF Team International
Pan Pacific Jiu-Jitsu No-Gi IBJJF Championship 2016,Adult/Male/Black/Feather,2,Michael Thomas Hourigan,de Been 100% Jiu-Jitsu
Pan Pacific Jiu-Jitsu No-Gi IBJJF Championship 2016,Adult/Male/Black/Feather,3,David J H Brooksbank,The Dojo
Pan Pacific Jiu-Jitsu No-Gi IBJJF Championship 2016,Adult/Male/Black/Light,1,Mile Ivankovic,de Been 100% Jiu-Jitsu
Pan Pacific Jiu-Jitsu No-Gi IBJJF Championship 2016,Adult/Male/Black/Light,2,Juliano Silva Rocha,Atos Jiu-Jitsu
Pan Pacific Jiu-Jitsu No-Gi IBJJF Championship 2016,Adult/Male/Black/Heavy,1,Roberto Dib Frias,Galeb Brothers Brazilian Jiu Jitsu
Pan Pacific Jiu-Jitsu No-Gi IBJJF Championship 2016,Adult/Male/Black/Heavy,2,Reid James Reale,de Been 100% Jiu-Jitsu
Pan Pacific Jiu-Jitsu No-Gi IBJJF Championship 2016,Adult/Male/Black/Super-Heavy,1,Ian Lucas dos Santos Ludgero,Constrictor Team
Pan Pacific Jiu-Jitsu No-Gi IBJJF Championship 2016,Adult/Male/Black/Super-Heavy,2,Michael Tohme,Australian Elite Team
Pan Pacific Jiu-Jitsu No-Gi IBJJF Championship 2016,Adult/Male/Black/OpenClass,1,Roberto Dib Frias,Galeb Brothers Brazilian Jiu Jitsu
Pan Pacific Jiu-Jitsu No-Gi IBJJF Championship 2016,Adult/Male/Black/OpenClass,2,Michael Tohme,Australian Elite Team
Pan Pacific Jiu-Jitsu No-Gi IBJJF Championship 2016,Adult/Male/Black/OpenClass,3,Ian Lucas dos Santos Ludgero,Constrictor Team
Pan Pacific Jiu-Jitsu No-Gi IBJJF Championship 2016,Adult/Male/Black/OpenClass,3,Reid James Reale,de Been 100% Jiu-Jitsu
Pan Pacific Jiu-Jitsu No-Gi IBJJF Championship 2016,Master1/Male/Blue/Light-Feather,1,Gavin Delwyn Davies,Roger Gracie
Pan Pacific Jiu-Jitsu No-Gi IBJJF Championship 2016,Master1/Male/Blue/Light-Feather,2,Craig Stanton,Roger Gracie Academy
Pan Pacific Jiu-Jitsu No-Gi IBJJF Championship 2016,Master1/Male/Blue/Light,1,Steve  Karapetis,Guigo JJ International
Pan Pacific Jiu-Jitsu No-Gi IBJJF Championship 2016,Master1/Male/Blue/Light,2,Brad Hutchison,Maromba Academia International
Pan Pacific Jiu-Jitsu No-Gi IBJJF Championship 2016,Master1/Male/Blue/Light,3,Karma Kartung,Maromba Academia International
Pan Pacific Jiu-Jitsu No-Gi IBJJF Championship 2016,Master1/Male/Blue/Middle,1,Clinton  Davies,Tukaha Brazilian Jiu Jitsu
Pan Pacific Jiu-Jitsu No-Gi IBJJF Championship 2016,Master1/Male/Blue/Middle,2,Alexander  Colville,Guigo JJ International
Pan Pacific Jiu-Jitsu No-Gi IBJJF Championship 2016,Master1/Male/Blue/Middle,3,Benjamin Macfarlane,de Been 100% Jiu-Jitsu
Pan Pacific Jiu-Jitsu No-Gi IBJJF Championship 2016,Master1/Male/Blue/Middle,3,Jonathan Cotsoglou,Will/Machado
Pan Pacific Jiu-Jitsu No-Gi IBJJF Championship 2016,Master1/Male/Blue/Medium-Heavy,1,David Rangi Joseph Thomas,Australian Elite Team
Pan Pacific Jiu-Jitsu No-Gi IBJJF Championship 2016,Master1/Male/Blue/Medium-Heavy,2,Aristidis Dollas,Australian Elite Team
Pan Pacific Jiu-Jitsu No-Gi IBJJF Championship 2016,Master1/Male/Blue/Medium-Heavy,3,Andrew J. Read,Immersion Mixed Martial Arts
Pan Pacific Jiu-Jitsu No-Gi IBJJF Championship 2016,Master1/Male/Blue/OpenClass,1,David Rangi Joseph Thomas,Australian Elite Team
Pan Pacific Jiu-Jitsu No-Gi IBJJF Championship 2016,Master1/Male/Blue/OpenClass,2,Jonathan Cotsoglou,Will/Machado
Pan Pacific Jiu-Jitsu No-Gi IBJJF Championship 2016,Master1/Male/Blue/OpenClass,3,Aristidis Dollas,Australian Elite Team
Pan Pacific Jiu-Jitsu No-Gi IBJJF Championship 2016,Master1/Male/Blue/OpenClass,3,Brad Hutchison,Maromba Academia International
Pan Pacific Jiu-Jitsu No-Gi IBJJF Championship 2016,Master1/Male/Purple/Light,1,Peter Makridakis,Fight Club Jiu Jitsu Australia
Pan Pacific Jiu-Jitsu No-Gi IBJJF Championship 2016,Master1/Male/Purple/Light,2,Justin Bennetts,Arte Suave (Pty Ltd) - The Gentle Art
Pan Pacific Jiu-Jitsu No-Gi IBJJF Championship 2016,Master1/Male/Purple/Middle,1,Laurino Scriva,Guigo JJ International
Pan Pacific Jiu-Jitsu No-Gi IBJJF Championship 2016,Master1/Male/Purple/Middle,2,Sean Gibson,Australia Elite Team Brunswick
Pan Pacific Jiu-Jitsu No-Gi IBJJF Championship 2016,Master1/Male/Purple/Medium-Heavy,1,Mehmet Talat,Australian Elite Team
Pan Pacific Jiu-Jitsu No-Gi IBJJF Championship 2016,Master1/Male/Purple/Medium-Heavy,2,Phoenix  Star,Australian Elite Team
Pan Pacific Jiu-Jitsu No-Gi IBJJF Championship 2016,Master1/Male/Purple/Heavy,1,Ben Keenan,Will/Machado
Pan Pacific Jiu-Jitsu No-Gi IBJJF Championship 2016,Master1/Male/Purple/Heavy,2,Michael Biddlecombe,de Been 100% Jiu-Jitsu
Pan Pacific Jiu-Jitsu No-Gi IBJJF Championship 2016,Master1/Male/Purple/Heavy,3,Richard Jacob Parbury,Guigo JJ International
Pan Pacific Jiu-Jitsu No-Gi IBJJF Championship 2016,Master1/Male/Purple/Super-Heavy,1,Doug Kaegi,Maromba Academia International
Pan Pacific Jiu-Jitsu No-Gi IBJJF Championship 2016,Master1/Male/Purple/Super-Heavy,2,Phil Ruivivar,Australian Elite Team
Pan Pacific Jiu-Jitsu No-Gi IBJJF Championship 2016,Master1/Male/Purple/Ultra-Heavy,1,Joseph Colin Hill,Ribeiro Jiu-Jitsu
Pan Pacific Jiu-Jitsu No-Gi IBJJF Championship 2016,Master1/Male/Purple/Ultra-Heavy,2,Gerrard Sgro,Australian Elite Team
Pan Pacific Jiu-Jitsu No-Gi IBJJF Championship 2016,Master1/Male/Purple/OpenClass,1,Mehmet Talat,Australian Elite Team
Pan Pacific Jiu-Jitsu No-Gi IBJJF Championship 2016,Master1/Male/Purple/OpenClass,2,Ben Keenan,Will/Machado
Pan Pacific Jiu-Jitsu No-Gi IBJJF Championship 2016,Master1/Male/Purple/OpenClass,3,Doug Kaegi,Maromba Academia International
Pan Pacific Jiu-Jitsu No-Gi IBJJF Championship 2016,Master1/Male/Purple/OpenClass,3,Phil Ruivivar,Australian Elite Team
Pan Pacific Jiu-Jitsu No-Gi IBJJF Championship 2016,Master1/Male/Brown/Feather,1,M. N. Mashadi,Synergy Jiu-Jitsu Academy Indonesia
Pan Pacific Jiu-Jitsu No-Gi IBJJF Championship 2016,Master1/Male/Brown/Feather,2,Jaesung Choi,myBJJ Team
Pan Pacific Jiu-Jitsu No-Gi IBJJF Championship 2016,Master1/Male/Brown/Medium-Heavy,1,Lincoln J. Hancock,Will/Machado
Pan Pacific Jiu-Jitsu No-Gi IBJJF Championship 2016,Master1/Male/Brown/Medium-Heavy,2,Rafael Alag,myBJJ Team
Pan Pacific Jiu-Jitsu No-Gi IBJJF Championship 2016,Master1/Male/Brown/OpenClass,1,Lincoln J. Hancock,Will/Machado
Pan Pacific Jiu-Jitsu No-Gi IBJJF Championship 2016,Master1/Male/Brown/OpenClass,2,M. N. Mashadi,Synergy Jiu-Jitsu Academy Indonesia
Pan Pacific Jiu-Jitsu No-Gi IBJJF Championship 2016,Master1/Male/Black/Light,1,Rafael Rodrigues,Careca JJ
Pan Pacific Jiu-Jitsu No-Gi IBJJF Championship 2016,Master1/Male/Black/Light,2,Anderson Marcio da Silva Lemos,Gracie Barra
Pan Pacific Jiu-Jitsu No-Gi IBJJF Championship 2016,Master1/Male/Black/Middle,1,Namrod Bisso,Australian Elite Team
Pan Pacific Jiu-Jitsu No-Gi IBJJF Championship 2016,Master1/Male/Black/Middle,2,Jeremy Franklin Umphries,OXY
Pan Pacific Jiu-Jitsu No-Gi IBJJF Championship 2016,Master1/Male/Black/Middle,3,Bernardo Fuks Magalhães,Ribeiro Jiu-Jitsu
Pan Pacific Jiu-Jitsu No-Gi IBJJF Championship 2016,Master1/Male/Black/Middle,3,Christopher A. Gray,Jean Jacques Machado Australia
Pan Pacific Jiu-Jitsu No-Gi IBJJF Championship 2016,Master1/Male/Black/Super-Heavy,1,Dimitrios Mathioudakis,Australian Elite Team
Pan Pacific Jiu-Jitsu No-Gi IBJJF Championship 2016,Master1/Male/Black/Ultra-Heavy,1,Fabio Luiz Fernandes Galeb,Galeb Brothers Brazilian Jiu Jitsu
Pan Pacific Jiu-Jitsu No-Gi IBJJF Championship 2016,Master1/Male/Black/OpenClass,1,Fabio Luiz Fernandes Galeb,Galeb Brothers Brazilian Jiu Jitsu
Pan Pacific Jiu-Jitsu No-Gi IBJJF Championship 2016,Master1/Male/Black/OpenClass,2,Namrod Bisso,Australian Elite Team
Pan Pacific Jiu-Jitsu No-Gi IBJJF Championship 2016,Master1/Male/Black/OpenClass,3,Dimitrios Mathioudakis,Australian Elite Team
Pan Pacific Jiu-Jitsu No-Gi IBJJF Championship 2016,Master1/Male/Black/OpenClass,3,Rafael Rodrigues,Careca JJ
Pan Pacific Jiu-Jitsu No-Gi IBJJF Championship 2016,Master2/Male/Blue/Light,1,James Stewart Stevenson,Ribeiro Jiu-Jitsu
Pan Pacific Jiu-Jitsu No-Gi IBJJF Championship 2016,Master2/Male/Blue/Light,2,Roberto Burgos,Legacy
Pan Pacific Jiu-Jitsu No-Gi IBJJF Championship 2016,Master2/Male/Blue/Light,3,Man Lung  Li,Crolin Gracie
Pan Pacific Jiu-Jitsu No-Gi IBJJF Championship 2016,Master2/Male/Blue/Middle,1,Shane Mcgrath,Resilience Training Centre
Pan Pacific Jiu-Jitsu No-Gi IBJJF Championship 2016,Master2/Male/Blue/Middle,2,Kevin Diep,Australian Elite Team
Pan Pacific Jiu-Jitsu No-Gi IBJJF Championship 2016,Master2/Male/Blue/Heavy,1,Michael Austin Gothard,Garra Brazilian Jiu-Jitsu - Australia
Pan Pacific Jiu-Jitsu No-Gi IBJJF Championship 2016,Master2/Male/Blue/Heavy,2,Matthew Burcher,Maromba Academia International
Pan Pacific Jiu-Jitsu No-Gi IBJJF Championship 2016,Master2/Male/Blue/Super-Heavy,1,Hayden  Coulter,myBJJ Team
Pan Pacific Jiu-Jitsu No-Gi IBJJF Championship 2016,Master2/Male/Blue/Super-Heavy,2,Clinton John Anthony Whittaker,Brasa
Pan Pacific Jiu-Jitsu No-Gi IBJJF Championship 2016,Master2/Male/Blue/Ultra-Heavy,1,Lincoln Matatahi,Southside Brazilian Jiu-Jitsu
Pan Pacific Jiu-Jitsu No-Gi IBJJF Championship 2016,Master2/Male/Blue/Ultra-Heavy,2,Wayne G. Hay,Maromba Academia International
Pan Pacific Jiu-Jitsu No-Gi IBJJF Championship 2016,Master2/Male/Blue/Ultra-Heavy,3,Scott Graham,CheckMat
Pan Pacific Jiu-Jitsu No-Gi IBJJF Championship 2016,Master2/Male/Blue/OpenClass,1,Lincoln Matatahi,Southside Brazilian Jiu-Jitsu
Pan Pacific Jiu-Jitsu No-Gi IBJJF Championship 2016,Master2/Male/Blue/OpenClass,2,Wayne G. Hay,Maromba Academia International
Pan Pacific Jiu-Jitsu No-Gi IBJJF Championship 2016,Master2/Male/Blue/OpenClass,3,Hayden  Coulter,myBJJ Team
Pan Pacific Jiu-Jitsu No-Gi IBJJF Championship 2016,Master2/Male/Blue/OpenClass,3,Kevin Diep,Australian Elite Team
Pan Pacific Jiu-Jitsu No-Gi IBJJF Championship 2016,Master2/Male/Purple/Feather,1,Jolyon Peter Hughes Foster,Rilion Gracie Australia
Pan Pacific Jiu-Jitsu No-Gi IBJJF Championship 2016,Master2/Male/Purple/Light,1,Christopher B. Freeman,Australian Elite Team
Pan Pacific Jiu-Jitsu No-Gi IBJJF Championship 2016,Master2/Male/Purple/Light,2,Kristian Michael Smith,Nova União
Pan Pacific Jiu-Jitsu No-Gi IBJJF Championship 2016,Master2/Male/Purple/Medium-Heavy,1,Todd Sparreboom,Atos JJ International
Pan Pacific Jiu-Jitsu No-Gi IBJJF Championship 2016,Master2/Male/Purple/Medium-Heavy,2,Abram Eaton,de Been 100% Jiu-Jitsu
Pan Pacific Jiu-Jitsu No-Gi IBJJF Championship 2016,Master2/Male/Purple/Ultra-Heavy,1,Gabriel John Austin,myBJJ Team
Pan Pacific Jiu-Jitsu No-Gi IBJJF Championship 2016,Master2/Male/Purple/OpenClass,1,Todd Sparreboom,Atos JJ International
Pan Pacific Jiu-Jitsu No-Gi IBJJF Championship 2016,Master2/Male/Purple/OpenClass,2,Gabriel John Austin,myBJJ Team
Pan Pacific Jiu-Jitsu No-Gi IBJJF Championship 2016,Master2/Male/Purple/OpenClass,3,Christopher B. Freeman,Australian Elite Team
Pan Pacific Jiu-Jitsu No-Gi IBJJF Championship 2016,Master2/Male/Brown/Middle,1,Ahmed Suhail Bin Huwaiden Al Ketbi,Fabricio International Team - FIT
Pan Pacific Jiu-Jitsu No-Gi IBJJF Championship 2016,Master2/Male/Brown/Ultra-Heavy,1,Jason Saifaleupolu,Australian Elite Team
Pan Pacific Jiu-Jitsu No-Gi IBJJF Championship 2016,Master2/Male/Brown/OpenClass,1,Jason Saifaleupolu,Australian Elite Team
Pan Pacific Jiu-Jitsu No-Gi IBJJF Championship 2016,Master2/Male/Brown/OpenClass,2,Ahmed Suhail Bin Huwaiden Al Ketbi,Fabricio International Team - FIT
Pan Pacific Jiu-Jitsu No-Gi IBJJF Championship 2016,Master2/Male/Black/Feather,1,Marcel Sasso de Oliveira,Fratelli Leteri - Brazilian Jiu-Jitsu
Pan Pacific Jiu-Jitsu No-Gi IBJJF Championship 2016,Master2/Male/Black/Feather,2,Vincenzo Varisano,Australian Elite Team
Pan Pacific Jiu-Jitsu No-Gi IBJJF Championship 2016,Master2/Male/Black/Heavy,1,Hartmut Heske,Nova União
Pan Pacific Jiu-Jitsu No-Gi IBJJF Championship 2016,Master2/Male/Black/Heavy,2,Douglas Reginaldo dos Santos,Ribeiro Jiu-Jitsu
Pan Pacific Jiu-Jitsu No-Gi IBJJF Championship 2016,Master2/Male/Black/Ultra-Heavy,1,James Denoon Reid,Maromba Academia International
Pan Pacific Jiu-Jitsu No-Gi IBJJF Championship 2016,Master2/Male/Black/Ultra-Heavy,2,Eric Marandino,Team Link USA
Pan Pacific Jiu-Jitsu No-Gi IBJJF Championship 2016,Master2/Male/Black/Ultra-Heavy,3,John C. Brown,Australian Elite Team
Pan Pacific Jiu-Jitsu No-Gi IBJJF Championship 2016,Master2/Male/Black/OpenClass,1,James Denoon Reid,Maromba Academia International
Pan Pacific Jiu-Jitsu No-Gi IBJJF Championship 2016,Master2/Male/Black/OpenClass,2,Douglas Reginaldo dos Santos,Ribeiro Jiu-Jitsu
Pan Pacific Jiu-Jitsu No-Gi IBJJF Championship 2016,Master2/Male/Black/OpenClass,3,John C. Brown,Australian Elite Team
