Japanese National Jiu-Jitsu No-Gi Championship 2016,Adult/Male/Blue/Light-Feather,1,Masashi Sekino,Pato Studio
Japanese National Jiu-Jitsu No-Gi Championship 2016,Adult/Male/Blue/Light-Feather,2,Hiroyasu Komakine,Paraestra Kichijoji
Japanese National Jiu-Jitsu No-Gi Championship 2016,Adult/Male/Blue/Middle,1,Dustin Stanley,RABJJ Academy
Japanese National Jiu-Jitsu No-Gi Championship 2016,Adult/Male/Blue/Heavy,1,Walter Dailey,Rodeo Style
Japanese National Jiu-Jitsu No-Gi Championship 2016,Adult/Male/Blue/Heavy,2,James Vanderport,RCJ Machado
Japanese National Jiu-Jitsu No-Gi Championship 2016,Adult/Male/Blue/OpenClass,1,Hiroyasu Komakine,Paraestra Kichijoji
Japanese National Jiu-Jitsu No-Gi Championship 2016,Adult/Male/Blue/OpenClass,2,Dustin Stanley,RABJJ Academy
Japanese National Jiu-Jitsu No-Gi Championship 2016,Adult/Female/Blue/Light,1,Paula  Te Kawa,Carlson Gracie Team Australia
Japanese National Jiu-Jitsu No-Gi Championship 2016,Adult/Female/Blue/OpenClass,1,Paula  Te Kawa,Carlson Gracie Team Australia
Japanese National Jiu-Jitsu No-Gi Championship 2016,Adult/Male/Purple/Feather,1,daisuke murayama,Master Japan
Japanese National Jiu-Jitsu No-Gi Championship 2016,Adult/Male/Purple/Middle,1,Scott Bertrand,Alliance International
Japanese National Jiu-Jitsu No-Gi Championship 2016,Adult/Male/Purple/Ultra-Heavy,1,Rashid Matthews-Hall,Gracie Elite Team America
Japanese National Jiu-Jitsu No-Gi Championship 2016,Adult/Male/Purple/Ultra-Heavy,2,Sanni  Wehbe Jr,Pato Studio
Japanese National Jiu-Jitsu No-Gi Championship 2016,Adult/Male/Purple/OpenClass,1,daisuke murayama,Master Japan
Japanese National Jiu-Jitsu No-Gi Championship 2016,Adult/Male/Purple/OpenClass,2,Scott Bertrand,Alliance International
Japanese National Jiu-Jitsu No-Gi Championship 2016,Adult/Male/Purple/OpenClass,3,Sanni  Wehbe Jr,Pato Studio
Japanese National Jiu-Jitsu No-Gi Championship 2016,Adult/Male/Black/Light-Feather,1,Shimon Kagiyama,De La Riva JJ
Japanese National Jiu-Jitsu No-Gi Championship 2016,Adult/Male/Black/Light,1,Jason Alexander Gagnon,Alliance Los Angeles
Japanese National Jiu-Jitsu No-Gi Championship 2016,Adult/Male/Black/Middle,1,Shutaro Debana,MMA & BJJ Dojo Cobrakai
Japanese National Jiu-Jitsu No-Gi Championship 2016,Adult/Male/Black/OpenClass,1,Shutaro Debana,MMA & BJJ Dojo Cobrakai
Japanese National Jiu-Jitsu No-Gi Championship 2016,Adult/Male/Black/OpenClass,2,Jason Alexander Gagnon,Alliance Los Angeles
Japanese National Jiu-Jitsu No-Gi Championship 2016,Master1/Male/Blue/Middle,1,Hironari Tanaka,Team Barbosa Japan
Japanese National Jiu-Jitsu No-Gi Championship 2016,Master1/Male/Blue/Heavy,1,LJ Jones,Nova Uniao Japan
Japanese National Jiu-Jitsu No-Gi Championship 2016,Master1/Male/Blue/OpenClass,1,LJ Jones,Nova Uniao Japan
Japanese National Jiu-Jitsu No-Gi Championship 2016,Master1/Male/Purple/Middle,1,Denis Gurinenko,Gracie Barra
Japanese National Jiu-Jitsu No-Gi Championship 2016,Master1/Male/Purple/Heavy,1,Lee Whitehead,Enigma Gym
Japanese National Jiu-Jitsu No-Gi Championship 2016,Master1/Male/Purple/Super-Heavy,1,Brent Te Kawa,Carlson Gracie Team Australia
Japanese National Jiu-Jitsu No-Gi Championship 2016,Master1/Male/Purple/Ultra-Heavy,1,Gregory Lanier,Nova Uniao Japan
Japanese National Jiu-Jitsu No-Gi Championship 2016,Master1/Male/Purple/OpenClass,1,Denis Gurinenko,Gracie Barra
Japanese National Jiu-Jitsu No-Gi Championship 2016,Master1/Male/Purple/OpenClass,2,Lee Whitehead,Enigma Gym
Japanese National Jiu-Jitsu No-Gi Championship 2016,Master1/Male/Purple/OpenClass,3,Brent Te Kawa,Carlson Gracie Team Australia
Japanese National Jiu-Jitsu No-Gi Championship 2016,Master1/Male/Purple/OpenClass,3,Gregory Lanier,Nova Uniao Japan
Japanese National Jiu-Jitsu No-Gi Championship 2016,Master2/Male/Purple/Light,1,Toshitake Sasaki,Soujiukai Sendai
Japanese National Jiu-Jitsu No-Gi Championship 2016,Master2/Male/Purple/Light,2,Charles Willen,Carpe Diem
Japanese National Jiu-Jitsu No-Gi Championship 2016,Master2/Male/Purple/Middle,1,Randolph Bazile,Axis Jiu-Jitsu
Japanese National Jiu-Jitsu No-Gi Championship 2016,Master2/Male/Purple/Middle,2,Nicholas A. Cartwright,Nova Uniao Japan
Japanese National Jiu-Jitsu No-Gi Championship 2016,Master2/Male/Purple/Medium-Heavy,1,Sergey Vedenev,Gracie Barra
Japanese National Jiu-Jitsu No-Gi Championship 2016,Master2/Male/Purple/OpenClass,1,Sergey Vedenev,Gracie Barra
Japanese National Jiu-Jitsu No-Gi Championship 2016,Master2/Male/Purple/OpenClass,2,Nicholas A. Cartwright,Nova Uniao Japan
Japanese National Jiu-Jitsu No-Gi Championship 2016,Master2/Male/Purple/OpenClass,3,Charles Willen,Carpe Diem
Japanese National Jiu-Jitsu No-Gi Championship 2016,Master2/Male/Purple/OpenClass,3,Randolph Bazile,Axis Jiu-Jitsu
Japanese National Jiu-Jitsu No-Gi Championship 2016,Master2/Male/Black/Feather,1,Emerson Azuma,Over Limit BJJ
Japanese National Jiu-Jitsu No-Gi Championship 2016,Master2/Male/Black/Feather,2,Taba Agnaldo Massao,Cool Champ Club
Japanese National Jiu-Jitsu No-Gi Championship 2016,Master2/Male/Black/Light,1,Gaku Inano,Tri-Force Gotanda
Japanese National Jiu-Jitsu No-Gi Championship 2016,Master2/Male/Black/OpenClass,1,Gaku Inano,Tri-Force Gotanda
Japanese National Jiu-Jitsu No-Gi Championship 2016,Master2/Male/Black/OpenClass,2,Emerson Azuma,Over Limit BJJ
Japanese National Jiu-Jitsu No-Gi Championship 2016,Master2/Male/Black/OpenClass,3,Taba Agnaldo Massao,Cool Champ Club
