Las Vegas Summer International Open 2014,Juvenile/Female/White/Super-Heavy,1,Cerena Aguiran,Cascao BJJ Las Vegas
Las Vegas Summer International Open 2014,Juvenile/Male/Blue/Light,1,Richard Wolfgang Steel,Zenith BJJ - Las Vegas
Las Vegas Summer International Open 2014,Juvenile/Male/Blue/Light,2,Brad Matthew Johnston,Atos Jiu-Jitsu
Las Vegas Summer International Open 2014,Juvenile/Male/Blue/Light,3,David Nicholas Hall,Soul Fighters BJJ Arizona
Las Vegas Summer International Open 2014,Juvenile/Male/Blue/Medium-Heavy,1,Carlos Souza,Gracie Barra
Las Vegas Summer International Open 2014,Juvenile/Male/Blue/Medium-Heavy,2,Chelan Hawk Schumacher,Nova União
Las Vegas Summer International Open 2014,Juvenile/Male/Blue/Super-Heavy,1,James Lenard Gillette,Abu Brothers Las Vegas
Las Vegas Summer International Open 2014,Juvenile/Male/Blue/Ultra-Heavy,1,Elias Aguilar III,Zenith BJJ - Las Vegas
Las Vegas Summer International Open 2014,Juvenile/Male/Blue/OpenClass,1,Carlos Souza,Gracie Barra
Las Vegas Summer International Open 2014,Juvenile/Male/Blue/OpenClass,2,Chelan Hawk Schumacher,Nova União
Las Vegas Summer International Open 2014,Juvenile/Male/Blue/OpenClass,3,Elias Aguilar III,Zenith BJJ - Las Vegas
Las Vegas Summer International Open 2014,Adult/Male/White/Light-Feather,1,Connor Olson,Caio Terra Association
Las Vegas Summer International Open 2014,Adult/Male/White/Light-Feather,2,Emmanuel Cruz Ruiz,Gracie Barra
Las Vegas Summer International Open 2014,Adult/Male/White/Feather,1,David Amaya,Zenith BJJ - Las Vegas
Las Vegas Summer International Open 2014,Adult/Male/White/Feather,2,Luke Mitchell,Cascao BJJ Las Vegas
Las Vegas Summer International Open 2014,Adult/Male/White/Feather,3,Frank Khamnoy,Brazilian Top Team Long Beach
Las Vegas Summer International Open 2014,Adult/Male/White/Feather,3,nathan fenech,Nova União
Las Vegas Summer International Open 2014,Adult/Male/White/Light,1,Brendan Coronel,Nova União
Las Vegas Summer International Open 2014,Adult/Male/White/Light,2,Nathan Obnillas,Gracie Barra
Las Vegas Summer International Open 2014,Adult/Male/White/Light,3,jake brooks,Gracie Barra JJ
Las Vegas Summer International Open 2014,Adult/Male/White/Middle,1,Stanko Knezevic,Zenith BJJ - Las Vegas
Las Vegas Summer International Open 2014,Adult/Male/White/Middle,2,Joshua Senchak,Zenith BJJ - Las Vegas
Las Vegas Summer International Open 2014,Adult/Male/White/Middle,3,Bochen Li,Clark's University of Martial Arts
Las Vegas Summer International Open 2014,Adult/Male/White/Middle,3,Ilgiz Kachkynbaev,Gracie Elite Team America
Las Vegas Summer International Open 2014,Adult/Male/White/Medium-Heavy,1,EWERTON GOMES,Cascao BJJ Las Vegas
Las Vegas Summer International Open 2014,Adult/Male/White/Medium-Heavy,2,Jesus Martin Rojas Saucedo,Vieira BJJ
Las Vegas Summer International Open 2014,Adult/Male/White/Super-Heavy,1,Serge Kaminsky,Gracie Barra
Las Vegas Summer International Open 2014,Adult/Male/White/Super-Heavy,2,Alastairz Zambada,Atos Jiu-Jitsu
Las Vegas Summer International Open 2014,Adult/Male/White/Super-Heavy,3,Gregory White,BJJ Revolution Team
Las Vegas Summer International Open 2014,Adult/Male/White/Super-Heavy,3,Mathew Orton,Cascao BJJ Las Vegas
Las Vegas Summer International Open 2014,Adult/Male/White/Ultra-Heavy,1,Daniel Martinez,Cascao BJJ Las Vegas
Las Vegas Summer International Open 2014,Adult/Male/White/Ultra-Heavy,2,Thomas Nakagawa,Cascao BJJ Las Vegas
Las Vegas Summer International Open 2014,Adult/Male/White/Ultra-Heavy,3,Jarin Valencia,Gracie Barra
Las Vegas Summer International Open 2014,Adult/Female/White/Light-Feather,1,Lily Madera,Zenith BJJ - Las Vegas
Las Vegas Summer International Open 2014,Adult/Female/White/Light-Feather,2,Tamara Stanger,Soul Fighters BJJ Arizona
Las Vegas Summer International Open 2014,Adult/Female/White/Light-Feather,3,Julianne Macaspac,Gracie Humaita Las Vegas
Las Vegas Summer International Open 2014,Adult/Female/White/Feather,1,Rebekah VonSchriltz,Sandro Batata Brazilian Jiu-jitsu
Las Vegas Summer International Open 2014,Adult/Female/White/Feather,2,Alejandra Lopez,Soul Fighters BJJ Arizona
Las Vegas Summer International Open 2014,Adult/Female/White/Feather,3,Grace Campbell,Nova União
Las Vegas Summer International Open 2014,Adult/Female/White/Light,1,Makanaha'aheoanakupuna H. Reilly,Grappling Unlimited
Las Vegas Summer International Open 2014,Adult/Female/White/Light,2,Bonnie Held,Caio Terra Association
Las Vegas Summer International Open 2014,Adult/Female/White/Light,3,Michelle Biggerstaff,Gracie Humaita Phoenix
Las Vegas Summer International Open 2014,Adult/Female/White/Light,3,Samantha Chaney Prado,Total MMA Studio (BTT Orange County)
Las Vegas Summer International Open 2014,Adult/Female/White/Middle,1,Maria Esaki,Atos Jiu-Jitsu
Las Vegas Summer International Open 2014,Adult/Female/White/Middle,2,Samya De Paula,Caio Terra Association
Las Vegas Summer International Open 2014,Adult/Female/White/Middle,3,Michelle Hardyman,BJJ Revolution Team
Las Vegas Summer International Open 2014,Adult/Female/White/Medium-Heavy,1,Amanda Hoffmann,Gracie Barra
Las Vegas Summer International Open 2014,Adult/Female/White/Medium-Heavy,2,Verena Gasparin Arus,McCall MMA
Las Vegas Summer International Open 2014,Adult/Female/White/Super-Heavy,1,Shannah Medina,Gracie Humaita Temecula
Las Vegas Summer International Open 2014,Adult/Male/Blue/Rooster,1,Brandan Anthony Olivas,Relson Gracie
Las Vegas Summer International Open 2014,Adult/Male/Blue/Rooster,2,Lorne  Kirkland,Cascao BJJ Las Vegas
Las Vegas Summer International Open 2014,Adult/Male/Blue/Rooster,3,Domingo Marcel Rosas Meneses,Coalition 95
Las Vegas Summer International Open 2014,Adult/Male/Blue/Rooster,3,Michael Gatus,Jean Jacques Machado BJJ
Las Vegas Summer International Open 2014,Adult/Male/Blue/Light-Feather,1,Mason Monsevais,Atos Jiu-Jitsu
Las Vegas Summer International Open 2014,Adult/Male/Blue/Light-Feather,2,Nestor Alexander Lemus,Brazilian Top Team Long Beach
Las Vegas Summer International Open 2014,Adult/Male/Blue/Light-Feather,3,BILLY  VILAIPHANH,Clark Gracie Jiu Jitsu Academy
Las Vegas Summer International Open 2014,Adult/Male/Blue/Light-Feather,3,Robert Naputi,Coalition 95
Las Vegas Summer International Open 2014,Adult/Male/Blue/Feather,1,Eduardo Sandoval,Cascao BJJ Las Vegas
Las Vegas Summer International Open 2014,Adult/Male/Blue/Feather,2,Camille Clement,BJJ Revolution Team
Las Vegas Summer International Open 2014,Adult/Male/Blue/Feather,3,daisuke murayama,Master Japan
Las Vegas Summer International Open 2014,Adult/Male/Blue/Feather,3,Tal  Shemesh,Fight Sports
Las Vegas Summer International Open 2014,Adult/Male/Blue/Light,1,Michael Barbosa,Atos Jiu-Jitsu
Las Vegas Summer International Open 2014,Adult/Male/Blue/Light,2,Robert Earle,CheckMat USA
Las Vegas Summer International Open 2014,Adult/Male/Blue/Light,3,Jamie Homampour,Fredson Paixao BJJ Las Vegas
Las Vegas Summer International Open 2014,Adult/Male/Blue/Light,3,William Carvalho,Roberto Traven BJJ
Las Vegas Summer International Open 2014,Adult/Male/Blue/Middle,1,Bryant Heagney,Boran Jiu-Jitsu
Las Vegas Summer International Open 2014,Adult/Male/Blue/Middle,2,Andre B. Almeida,Gracie Humaita Las Vegas
Las Vegas Summer International Open 2014,Adult/Male/Blue/Middle,3,Iyare Correia,Caio Terra Association
Las Vegas Summer International Open 2014,Adult/Male/Blue/Middle,3,Michael Strang,Cascao BJJ Las Vegas
Las Vegas Summer International Open 2014,Adult/Male/Blue/Medium-Heavy,1,Pete O'Neal,Atos Jiu-Jitsu
Las Vegas Summer International Open 2014,Adult/Male/Blue/Medium-Heavy,2,peter truong,Heroes Martial Arts
Las Vegas Summer International Open 2014,Adult/Male/Blue/Medium-Heavy,3,Chris Gates,Abu Brothers Las Vegas
Las Vegas Summer International Open 2014,Adult/Male/Blue/Medium-Heavy,3,Sydhrth Manna,Absolute Behring
Las Vegas Summer International Open 2014,Adult/Male/Blue/Heavy,1,Cameron Henke,Turtle Army - Modesto Power
Las Vegas Summer International Open 2014,Adult/Male/Blue/Heavy,2,Garrick Evans,Undisputed
Las Vegas Summer International Open 2014,Adult/Male/Blue/Heavy,3,Clinton Keiser,Gracie Humaita Las Vegas
Las Vegas Summer International Open 2014,Adult/Male/Blue/Heavy,3,Walter Thompson,Reding Martial Arts
Las Vegas Summer International Open 2014,Adult/Male/Blue/Super-Heavy,1,Jack  Garrett,Peak Performance
Las Vegas Summer International Open 2014,Adult/Male/Blue/Super-Heavy,2,Denton Hoover,Zenith BJJ - Las Vegas
Las Vegas Summer International Open 2014,Adult/Male/Blue/Super-Heavy,3,Marvin Rodriguez,The Lab MMA
Las Vegas Summer International Open 2014,Adult/Male/Blue/Ultra-Heavy,1,Jordan  Hinchman,Impact Jiu Jitsu
Las Vegas Summer International Open 2014,Adult/Male/Blue/Ultra-Heavy,2,Arturo Soto,Zenith BJJ - Las Vegas
Las Vegas Summer International Open 2014,Adult/Male/Blue/Ultra-Heavy,3,Daniel Garcia Jr,Prime Jiu-Jitsu Center
Las Vegas Summer International Open 2014,Adult/Male/Blue/Ultra-Heavy,3,MARIO  OLSSON,Cascao BJJ Las Vegas
Las Vegas Summer International Open 2014,Adult/Female/Blue/Light-Feather,1,jeanine knapp,Nova União
Las Vegas Summer International Open 2014,Adult/Female/Blue/Light-Feather,2,Jennifer Ashley Darr,Striker Fight Center
Las Vegas Summer International Open 2014,Adult/Female/Blue/Light-Feather,3,Melissa Chua,Cascao BJJ Las Vegas
Las Vegas Summer International Open 2014,Adult/Female/Blue/Light-Feather,3,Sheila  Padilla,Cleber Jiu Jitsu
Las Vegas Summer International Open 2014,Adult/Female/Blue/Feather,1,Giovanna Marie Thomas,Atos Jiu-Jitsu
Las Vegas Summer International Open 2014,Adult/Female/Blue/Feather,2,Savannah Martin,Cascao BJJ Las Vegas
Las Vegas Summer International Open 2014,Adult/Female/Blue/Feather,3,Magaly Kochkarian,David Vieira BJJ
Las Vegas Summer International Open 2014,Adult/Female/Blue/Feather,3,Rosanna Bashaw,Coalition 95
Las Vegas Summer International Open 2014,Adult/Female/Blue/Light,1,Margot Ciccarelli,Atos Jiu-Jitsu
Las Vegas Summer International Open 2014,Adult/Female/Blue/Light,2,Ruonan Hu,Caio Terra Association
Las Vegas Summer International Open 2014,Adult/Female/Blue/Light,3,Rebecca Weber,Cascao BJJ Las Vegas
Las Vegas Summer International Open 2014,Adult/Female/Blue/Light,3,Sarah Bender,Cascao BJJ Las Vegas
Las Vegas Summer International Open 2014,Adult/Female/Blue/Middle,1,Louisa Bruschi,Ribeiro Jiu-Jitsu
Las Vegas Summer International Open 2014,Adult/Female/Blue/Medium-Heavy,1,Gianna Nicole Lancia,Gracie Humaita Las Vegas
Las Vegas Summer International Open 2014,Adult/Female/Blue/OpenClass,1,Giovanna Marie Thomas,Atos Jiu-Jitsu
Las Vegas Summer International Open 2014,Adult/Female/Blue/OpenClass,2,Ruonan Hu,Caio Terra Association
Las Vegas Summer International Open 2014,Adult/Female/Blue/OpenClass,3,Magaly Kochkarian,David Vieira BJJ
Las Vegas Summer International Open 2014,Adult/Female/Blue/OpenClass,3,Melissa Chua,Cascao BJJ Las Vegas
Las Vegas Summer International Open 2014,Adult/Male/Purple/Rooster,1,Octavio Flores (repetido 169416),Nova União
Las Vegas Summer International Open 2014,Adult/Male/Purple/Rooster,2,Lee Rosenfield,Long Island MMA
Las Vegas Summer International Open 2014,Adult/Male/Purple/Light-Feather,1,Nicholas Anthony Bohli,Atos Jiu-Jitsu
Las Vegas Summer International Open 2014,Adult/Male/Purple/Light-Feather,2,Arnold Gladimir Monterroso,Nova União
Las Vegas Summer International Open 2014,Adult/Male/Purple/Light-Feather,3,Arthur Salcido Cantu,Coalition 95
Las Vegas Summer International Open 2014,Adult/Male/Purple/Light-Feather,3,Erick Vargas,Cascao BJJ Las Vegas
Las Vegas Summer International Open 2014,Adult/Male/Purple/Feather,1,Ian Phyllip Sanders,Gracie Barra
Las Vegas Summer International Open 2014,Adult/Male/Purple/Feather,2,Joshua S. Rodriguez,Nova União
Las Vegas Summer International Open 2014,Adult/Male/Purple/Feather,3,Edward Nicholas Borbon,Heroes Martial Arts
Las Vegas Summer International Open 2014,Adult/Male/Purple/Feather,3,Evan Sanchez,Unified Jiu Jitsu
Las Vegas Summer International Open 2014,Adult/Male/Purple/Light,1,Angelo Jesus Guerrero-Barden,Atos Jiu-Jitsu
Las Vegas Summer International Open 2014,Adult/Male/Purple/Light,2,Evan Tadashi Esaki,Atos JJ USA
Las Vegas Summer International Open 2014,Adult/Male/Purple/Light,3,Aaron Wilson,Nova União
Las Vegas Summer International Open 2014,Adult/Male/Purple/Light,3,Eric Scott Coe,Dark Horse Jiu-Jitsu
Las Vegas Summer International Open 2014,Adult/Male/Purple/Middle,1,Horlando de Jesus Monteiro,Nova União
Las Vegas Summer International Open 2014,Adult/Male/Purple/Middle,2,Benjamin Silva IV,Caio Terra Association
Las Vegas Summer International Open 2014,Adult/Male/Purple/Middle,3,Dominique Anfeney Hoskins,BJJ Revolution Team
Las Vegas Summer International Open 2014,Adult/Male/Purple/Middle,3,John Taylor Combs,Gracie Elite Team
Las Vegas Summer International Open 2014,Adult/Male/Purple/Medium-Heavy,1,Nicholas Greene,Ralph Gracie
Las Vegas Summer International Open 2014,Adult/Male/Purple/Medium-Heavy,2,Eric Cannon,New Breed Academy
Las Vegas Summer International Open 2014,Adult/Male/Purple/Medium-Heavy,3,Brandon Walker,Nova União
Las Vegas Summer International Open 2014,Adult/Male/Purple/Medium-Heavy,3,Devin Scott Roan,Ribeiro Jiu-Jitsu
Las Vegas Summer International Open 2014,Adult/Male/Purple/Heavy,1,Kaniela Kaanoi Kahuanui,Caio Terra Association
Las Vegas Summer International Open 2014,Adult/Male/Purple/Heavy,2,Chad Phillip Shaule,Gracie Barra
Las Vegas Summer International Open 2014,Adult/Male/Purple/Heavy,3,Alika K. Angerman,Zenith BJJ
Las Vegas Summer International Open 2014,Adult/Male/Purple/Super-Heavy,1,Ryan Walsh,Caio Terra Association
Las Vegas Summer International Open 2014,Adult/Male/Purple/Super-Heavy,2,Carmichael Stanton Judge,Carlson Gracie Team
Las Vegas Summer International Open 2014,Adult/Male/Purple/Ultra-Heavy,1,Joseph Duong,Caio Terra Association
Las Vegas Summer International Open 2014,Adult/Male/Purple/Ultra-Heavy,2,Vijayanand Hemanchal,Gracie Humaita Canadá
Las Vegas Summer International Open 2014,Adult/Male/Purple/OpenClass,1,Horlando de Jesus Monteiro,Nova União
Las Vegas Summer International Open 2014,Adult/Male/Purple/OpenClass,2,Ian Phyllip Sanders,Gracie Barra
Las Vegas Summer International Open 2014,Adult/Male/Purple/OpenClass,3,Nicholas Greene,Ralph Gracie
Las Vegas Summer International Open 2014,Adult/Male/Purple/OpenClass,3,Ryan Walsh,Caio Terra Association
Las Vegas Summer International Open 2014,Adult/Female/Purple/Feather,1,Christina Gonzales,Gracie Barra
Las Vegas Summer International Open 2014,Adult/Female/Purple/Feather,2,Mylene Ramos Manalo,Cascao BJJ Las Vegas
Las Vegas Summer International Open 2014,Adult/Female/Purple/Feather,3,Nana Hosokawa,Nova União
Las Vegas Summer International Open 2014,Adult/Female/Purple/Feather,3,Sarah Jones,Atos Jiu-Jitsu
Las Vegas Summer International Open 2014,Adult/Female/Purple/Light,1,Abigail Diaz,Gracie Humaita Las Vegas
Las Vegas Summer International Open 2014,Adult/Female/Purple/Light,2,Anicia Van Buren,CheckMat USA
Las Vegas Summer International Open 2014,Adult/Female/Purple/Heavy,1,Casey Gregorio,Cascao BJJ Las Vegas
Las Vegas Summer International Open 2014,Adult/Female/Purple/OpenClass,1,Sarah Jones,Atos Jiu-Jitsu
Las Vegas Summer International Open 2014,Adult/Female/Purple/OpenClass,2,Casey Gregorio,Cascao BJJ Las Vegas
Las Vegas Summer International Open 2014,Adult/Female/Purple/OpenClass,3,Mylene Ramos Manalo,Cascao BJJ Las Vegas
Las Vegas Summer International Open 2014,Adult/Male/Brown/Feather,1,Richard Stephen Slomba Jr.,Atos Jiu-Jitsu
Las Vegas Summer International Open 2014,Adult/Male/Brown/Feather,2,Rene Eduardo Lopez,Zenith BJJ - Las Vegas
Las Vegas Summer International Open 2014,Adult/Male/Brown/Feather,3,Damon Joesph Morgan,Unified Jiu Jitsu
Las Vegas Summer International Open 2014,Adult/Male/Brown/Feather,3,Danny Bohigian,Guerrilla Jiu Jitsu
Las Vegas Summer International Open 2014,Adult/Male/Brown/Light,1,Bryan Christopher Marugg,Impact Jiu Jitsu
Las Vegas Summer International Open 2014,Adult/Male/Brown/Light,2,Jonathan Van Buren,Nova União
Las Vegas Summer International Open 2014,Adult/Male/Brown/Light,3,James Vinston Nival,Gracie Humaita Las Vegas
Las Vegas Summer International Open 2014,Adult/Male/Brown/Light,3,Marcus Cole Wilson,Grappling Unlimited
Las Vegas Summer International Open 2014,Adult/Male/Brown/Middle,1,Brian John Morizi,Clark Gracie Jiu Jitsu Academy
Las Vegas Summer International Open 2014,Adult/Male/Brown/Middle,2,David Jeremy Binder,Gracie Barra
Las Vegas Summer International Open 2014,Adult/Male/Brown/Middle,3,Bradley Scott McKinney,Alliance
Las Vegas Summer International Open 2014,Adult/Male/Brown/Middle,3,Jeffrey John Obar,Alliance Los Angeles
Las Vegas Summer International Open 2014,Adult/Male/Brown/Medium-Heavy,1,Daniel Hampton,Nova União
Las Vegas Summer International Open 2014,Adult/Male/Brown/Medium-Heavy,2,Lucas Daniel Silva Barbosa,CT MR
Las Vegas Summer International Open 2014,Adult/Male/Brown/Heavy,1,Michael-Justin Carbullido,Atos Jiu-Jitsu
Las Vegas Summer International Open 2014,Adult/Male/Brown/Heavy,2,Ryan McGillivray,Gracie Barra
Las Vegas Summer International Open 2014,Adult/Male/Brown/OpenClass,1,Lucas Daniel Silva Barbosa,CT MR
Las Vegas Summer International Open 2014,Adult/Male/Brown/OpenClass,2,Michael-Justin Carbullido,Atos Jiu-Jitsu
Las Vegas Summer International Open 2014,Adult/Male/Brown/OpenClass,3,Damon Joesph Morgan,Unified Jiu Jitsu
Las Vegas Summer International Open 2014,Adult/Female/Brown/Light,1,Kristina Sofia Puruganan Barlaan,Caio Terra Association
Las Vegas Summer International Open 2014,Adult/Female/Brown/Light,2,Nicole DeMelo-Inacio,Gracie Barra
Las Vegas Summer International Open 2014,Adult/Female/Brown/Middle,1,Christine Aldina Lang,Coalition 95
Las Vegas Summer International Open 2014,Adult/Female/Brown/Medium-Heavy,1,Jill Marie Baker,Jean Jacques Machado BJJ
Las Vegas Summer International Open 2014,Adult/Female/Brown/OpenClass,1,Kristina Sofia Puruganan Barlaan,Caio Terra Association
Las Vegas Summer International Open 2014,Adult/Female/Brown/OpenClass,2,Nicole DeMelo-Inacio,Gracie Barra
Las Vegas Summer International Open 2014,Adult/Female/Brown/OpenClass,3,Christine Aldina Lang,Coalition 95
Las Vegas Summer International Open 2014,Adult/Female/Brown/OpenClass,3,Jill Marie Baker,Jean Jacques Machado BJJ
Las Vegas Summer International Open 2014,Adult/Male/Black/Light-Feather,1,Fabbio Passos de Alencar,Alliance Los Angeles
Las Vegas Summer International Open 2014,Adult/Male/Black/Light-Feather,2,Nobuo Yagai,Rigan Machado
Las Vegas Summer International Open 2014,Adult/Male/Black/Light-Feather,3,Sonny Keola Nohara,SoNo BJJ
Las Vegas Summer International Open 2014,Adult/Male/Black/Feather,1,Samir José Chantre Dahás,Caio Terra Association
Las Vegas Summer International Open 2014,Adult/Male/Black/Feather,2,Gianni Paul Grippo,Alliance Marcelo Garcia
Las Vegas Summer International Open 2014,Adult/Male/Black/Feather,3,Gerson Atoigue,Nova União
Las Vegas Summer International Open 2014,Adult/Male/Black/Feather,3,Vitor Peres Paschoal,Caio Terra Association
Las Vegas Summer International Open 2014,Adult/Male/Black/Light,1,Rodrigo Lamounier de Freitas,Gracie Barra
Las Vegas Summer International Open 2014,Adult/Male/Black/Light,2,Rafael Domingos Benedito,Zenith BJJ
Las Vegas Summer International Open 2014,Adult/Male/Black/Light,3,Francisco Antonio Iturralde Lara,Alliance
Las Vegas Summer International Open 2014,Adult/Male/Black/Light,3,Osvaldo Augusto Honorio Moizinho,Caio Terra Association
Las Vegas Summer International Open 2014,Adult/Male/Black/Middle,1,Nathan Albrecht Mendelsohn,Coalition 95
Las Vegas Summer International Open 2014,Adult/Male/Black/Middle,2,Romulo Ramos Caiado,Carlson Gracie Team
Las Vegas Summer International Open 2014,Adult/Male/Black/Medium-Heavy,1,Antonio Antonioli,Atos Jiu-Jitsu
Las Vegas Summer International Open 2014,Adult/Male/Black/Medium-Heavy,2,David Charles Reed,Fabio Santos BJJ
Las Vegas Summer International Open 2014,Adult/Male/Black/Super-Heavy,1,Gustavo dos Santos Pires,Gracie Barra
Las Vegas Summer International Open 2014,Adult/Male/Black/Super-Heavy,2,Bradley Daniel Beckwith,Alliance
Las Vegas Summer International Open 2014,Adult/Male/Black/Super-Heavy,3,Manuel Diaz,Caio Terra Association
Las Vegas Summer International Open 2014,Adult/Male/Black/Super-Heavy,3,Thiago Veiga Ximenes,Roberto Traven BJJ
Las Vegas Summer International Open 2014,Adult/Male/Black/Ultra-Heavy,1,Carlos Eduardo de Araujo Farias,Roberto Traven BJJ
Las Vegas Summer International Open 2014,Adult/Male/Black/Ultra-Heavy,2,Ranieri Paiva de Albuquerque,Gracie Elite Team
Las Vegas Summer International Open 2014,Adult/Male/Black/Ultra-Heavy,3,Misael de Oliveira Miranda,Luiz Paulo Jiu-Jitsu
Las Vegas Summer International Open 2014,Adult/Male/Black/Ultra-Heavy,3,Prescott Foster Bailey Jr,Easton BJJ
Las Vegas Summer International Open 2014,Adult/Male/Black/OpenClass,1,Gianni Paul Grippo,Alliance Marcelo Garcia
Las Vegas Summer International Open 2014,Adult/Male/Black/OpenClass,2,Ranieri Paiva de Albuquerque,Gracie Elite Team
Las Vegas Summer International Open 2014,Adult/Male/Black/OpenClass,3,Carlos Eduardo de Araujo Farias,Roberto Traven BJJ
Las Vegas Summer International Open 2014,Adult/Male/Black/OpenClass,3,Nathan Albrecht Mendelsohn,Coalition 95
Las Vegas Summer International Open 2014,Adult/Female/Black/Feather,1,Mackenzie Lynne Dern,Gracie Humaita
Las Vegas Summer International Open 2014,Adult/Female/Black/Medium-Heavy,1,Charlene Marie Coats,Coalition 95
Las Vegas Summer International Open 2014,Adult/Female/Black/OpenClass,1,Mackenzie Lynne Dern,Gracie Humaita
Las Vegas Summer International Open 2014,Adult/Female/Black/OpenClass,2,Charlene Marie Coats,Coalition 95
Las Vegas Summer International Open 2014,Master1/Male/White/Light-Feather,1,Luigi Yoshiki Cleto,Carlson Gracie Team
Las Vegas Summer International Open 2014,Master1/Male/White/Feather,1,David arceo,Abu Brothers Las Vegas
Las Vegas Summer International Open 2014,Master1/Male/White/Feather,2,Dennis Bagay,Cascao BJJ Las Vegas
Las Vegas Summer International Open 2014,Master1/Male/White/Light,1,Marcos Day,Nova União
Las Vegas Summer International Open 2014,Master1/Male/White/Light,2,Johnsent Lagatao,SoNo BJJ
Las Vegas Summer International Open 2014,Master1/Male/White/Middle,1,Alex Mangum,Nova União
Las Vegas Summer International Open 2014,Master1/Male/White/Middle,2,Larry Troyan,SoNo BJJ
Las Vegas Summer International Open 2014,Master1/Male/White/Medium-Heavy,1,Eric Wong,Cascao BJJ Las Vegas
Las Vegas Summer International Open 2014,Master1/Male/White/Heavy,1,Malvern Reid,Gracie Humaita Phoenix
Las Vegas Summer International Open 2014,Master1/Male/White/Heavy,2,Pablo Perez,AB Mixed Martial Arts Academy
Las Vegas Summer International Open 2014,Master1/Male/White/Ultra-Heavy,1,Cory Turner,Gracie Humaita Las Vegas
Las Vegas Summer International Open 2014,Master1/Male/White/Ultra-Heavy,2,Ace Van Patten,Zenith BJJ - Las Vegas
Las Vegas Summer International Open 2014,Master1/Male/White/Ultra-Heavy,3,Monte Tanner,Paragon Brazilian Jiu Jitsu Corpus Christi
Las Vegas Summer International Open 2014,Master1/Male/White/Ultra-Heavy,3,William Figueroa,Cascao BJJ Las Vegas
Las Vegas Summer International Open 2014,Master1/Male/Blue/Light-Feather,1,Eric Juarez,Jean Jacques Machado BJJ
Las Vegas Summer International Open 2014,Master1/Male/Blue/Light-Feather,2,Michael Gracias,Brazilian Top Team Long Beach
Las Vegas Summer International Open 2014,Master1/Male/Blue/Light-Feather,3,Brian Wade,Nova União
Las Vegas Summer International Open 2014,Master1/Male/Blue/Light-Feather,3,Carmelo Guglielmino,Snap A.S.D.
Las Vegas Summer International Open 2014,Master1/Male/Blue/Feather,1,Bernard Turner,Yemaso Brazilian Jiu-Jitsu
Las Vegas Summer International Open 2014,Master1/Male/Blue/Feather,2,Cory Lujan,Alliance Los Angeles
Las Vegas Summer International Open 2014,Master1/Male/Blue/Feather,3,Eugene Lianko Chua,Carlson Gracie Team
Las Vegas Summer International Open 2014,Master1/Male/Blue/Feather,3,Fernando  Camargo,Cascao BJJ Las Vegas
Las Vegas Summer International Open 2014,Master1/Male/Blue/Light,1,Coley Edwards,Alliance
Las Vegas Summer International Open 2014,Master1/Male/Blue/Light,2,Alfonso Flores,Coalition 95
Las Vegas Summer International Open 2014,Master1/Male/Blue/Light,3,Evangelos Merkouris,Zenith BJJ - Las Vegas
Las Vegas Summer International Open 2014,Master1/Male/Blue/Middle,1,Andrew Hwang,SoNo BJJ
Las Vegas Summer International Open 2014,Master1/Male/Blue/Middle,2,RYAN ONEAL,Brazilian Top Team Long Beach
Las Vegas Summer International Open 2014,Master1/Male/Blue/Middle,3,Daniel H. Quinn,Vicente Jr. BJJ Pennsylvania
Las Vegas Summer International Open 2014,Master1/Male/Blue/Medium-Heavy,1,Thomas Ribble,Zenith BJJ - Las Vegas
Las Vegas Summer International Open 2014,Master1/Male/Blue/Medium-Heavy,2,Bernard J Colangelo Jr.,Cascao BJJ Las Vegas
Las Vegas Summer International Open 2014,Master1/Male/Blue/Medium-Heavy,3,Anthony Valenzuela,Gracie Humaita Temecula
Las Vegas Summer International Open 2014,Master1/Male/Blue/Medium-Heavy,3,Francisco Oliveira,Cascao BJJ Las Vegas
Las Vegas Summer International Open 2014,Master1/Male/Blue/Heavy,1,Emmanuel Waddy,Zenith BJJ - Las Vegas
Las Vegas Summer International Open 2014,Master1/Male/Blue/Heavy,2,Clayton Hutton,Ribeiro Jiu-Jitsu
Las Vegas Summer International Open 2014,Master1/Male/Blue/Heavy,3,Adam Kyle Schembs,Crispim BJJ Brothers
Las Vegas Summer International Open 2014,Master1/Male/Blue/Heavy,3,Cory Colt,Alliance
Las Vegas Summer International Open 2014,Master1/Male/Blue/Super-Heavy,1,Joseph DeLaura,Soul Fighters BJJ Arizona
Las Vegas Summer International Open 2014,Master1/Male/Blue/Super-Heavy,2,William Alvia Bonwell IV,Cascao BJJ Las Vegas
Las Vegas Summer International Open 2014,Master1/Male/Blue/Super-Heavy,3,Mathew Lowry,Unified Jiu Jitsu
Las Vegas Summer International Open 2014,Master1/Male/Blue/Super-Heavy,3,Rocky Citti,Guerrilla Jiu Jitsu
Las Vegas Summer International Open 2014,Master1/Male/Blue/Ultra-Heavy,1,kyle ziemann,Gracie Humaita Las Vegas
Las Vegas Summer International Open 2014,Master1/Male/Blue/Ultra-Heavy,2,Michael Zavala,Gracie Humaita Phoenix
Las Vegas Summer International Open 2014,Master1/Male/Blue/Ultra-Heavy,3,Ryan Brown,Cascao BJJ Las Vegas
Las Vegas Summer International Open 2014,Master1/Male/Blue/OpenClass,1,Andrew Hwang,SoNo BJJ
Las Vegas Summer International Open 2014,Master1/Male/Blue/OpenClass,2,Emmanuel Waddy,Zenith BJJ - Las Vegas
Las Vegas Summer International Open 2014,Master1/Male/Blue/OpenClass,3,Adam Kyle Schembs,Crispim BJJ Brothers
Las Vegas Summer International Open 2014,Master1/Male/Blue/OpenClass,3,Michael Zavala,Gracie Humaita Phoenix
Las Vegas Summer International Open 2014,Master1/Female/Blue/Light-Feather,1,Jennifer Bann,Nova União
Las Vegas Summer International Open 2014,Master1/Female/Blue/Light-Feather,2,Sofia Pimentel,Brazilian Top Team Long Beach
Las Vegas Summer International Open 2014,Master1/Female/Blue/Light-Feather,3,Quincy Torres,Coalition 95
Las Vegas Summer International Open 2014,Master1/Female/Blue/Light-Feather,3,sarah chaney,Sakora Jiu-Jitsu
Las Vegas Summer International Open 2014,Master1/Female/Blue/Feather,1,Georgina Staley,Gracie Humaita
Las Vegas Summer International Open 2014,Master1/Female/Blue/Feather,2,Judyann Lee Burgess,Cleber Jiu Jitsu
Las Vegas Summer International Open 2014,Master1/Female/Blue/Feather,3,Melissa Veselovsky,Roberto Traven BJJ
Las Vegas Summer International Open 2014,Master1/Female/Blue/Feather,3,Stefanie Teresa Wallace,CheckMat USA
Las Vegas Summer International Open 2014,Master1/Female/Blue/Middle,1,Lizbeth Adriana McCall,McCall MMA
Las Vegas Summer International Open 2014,Master1/Female/Blue/Middle,2,Molly Shawn OBrien,Coalition 95
Las Vegas Summer International Open 2014,Master1/Female/Blue/Medium-Heavy,1,Monica Arana Saenz,Cascao BJJ Las Vegas
Las Vegas Summer International Open 2014,Master1/Female/Blue/Super-Heavy,1,R A Williams,Gracie Barra
Las Vegas Summer International Open 2014,Master1/Female/Blue/Super-Heavy,2,Amanda Kemling,Gracie Humaita Phoenix
Las Vegas Summer International Open 2014,Master1/Female/Blue/OpenClass,1,R A Williams,Gracie Barra
Las Vegas Summer International Open 2014,Master1/Female/Blue/OpenClass,2,Amanda Kemling,Gracie Humaita Phoenix
Las Vegas Summer International Open 2014,Master1/Male/Purple/Light-Feather,1,Cresencio Zamora,Gracie Humaita Las Vegas
Las Vegas Summer International Open 2014,Master1/Male/Purple/Light-Feather,2,Arby Magtibay,Jean Jacques Machado BJJ
Las Vegas Summer International Open 2014,Master1/Male/Purple/Light-Feather,3,Florentino Morales,Alliance Los Angeles
Las Vegas Summer International Open 2014,Master1/Male/Purple/Light-Feather,3,jason debruyn,Atos Jiu-Jitsu
Las Vegas Summer International Open 2014,Master1/Male/Purple/Feather,1,Heriberto Valente Aguiar,Zenith BJJ - Las Vegas
Las Vegas Summer International Open 2014,Master1/Male/Purple/Feather,2,Michael Allen Kaplan,Relson Gracie
Las Vegas Summer International Open 2014,Master1/Male/Purple/Feather,3,Matthew Jakob Reid,Easton BJJ
Las Vegas Summer International Open 2014,Master1/Male/Purple/Feather,3,Nayib Marruffo,Caio Terra Association
Las Vegas Summer International Open 2014,Master1/Male/Purple/Light,1,Christian Francisco Cruz,Gracie Barra Santa Ana
Las Vegas Summer International Open 2014,Master1/Male/Purple/Light,2,Stephen Edward Poon,Street Sports BJJ
Las Vegas Summer International Open 2014,Master1/Male/Purple/Light,3,Evan Ernest Gongora,Caio Terra Association
Las Vegas Summer International Open 2014,Master1/Male/Purple/Light,3,Michael Hoskins,Coalition 95
Las Vegas Summer International Open 2014,Master1/Male/Purple/Middle,1,Moises Lopez,Zenith BJJ - Las Vegas
Las Vegas Summer International Open 2014,Master1/Male/Purple/Middle,2,Vincent Inoncillo,Cobra Kai Jiu Jitsu
Las Vegas Summer International Open 2014,Master1/Male/Purple/Medium-Heavy,1,Jose Souza (repetido 46327),Gracie Humaita San Diego
Las Vegas Summer International Open 2014,Master1/Male/Purple/Medium-Heavy,2,Michael Hisey,Gracie Barra
Las Vegas Summer International Open 2014,Master1/Male/Purple/Medium-Heavy,3,Adam Richard Nadow,Brazilian Top Team Long Beach
Las Vegas Summer International Open 2014,Master1/Male/Purple/Medium-Heavy,3,Gregory Sirico,Alliance Marcelo Garcia
Las Vegas Summer International Open 2014,Master1/Male/Purple/Heavy,1,John Tanner Martinez,Paulo Guillobel Brazilian Jiu- Jitsu
Las Vegas Summer International Open 2014,Master1/Male/Purple/Heavy,2,Clifton Teshima (repetido 70460),Guillobel Brazilian Jiu-Jitsu
Las Vegas Summer International Open 2014,Master1/Male/Purple/Super-Heavy,1,Michael Hernandez,Gracie Humaita Las Vegas
Las Vegas Summer International Open 2014,Master1/Male/Purple/Ultra-Heavy,1,Jonathan Moses,Lotus Club Jiu-Jitsu
Las Vegas Summer International Open 2014,Master1/Male/Purple/OpenClass,1,Moises Lopez,Zenith BJJ - Las Vegas
Las Vegas Summer International Open 2014,Master1/Male/Purple/OpenClass,2,John Tanner Martinez,Paulo Guillobel Brazilian Jiu- Jitsu
Las Vegas Summer International Open 2014,Master1/Male/Purple/OpenClass,3,Clifton Teshima (repetido 70460),Guillobel Brazilian Jiu-Jitsu
Las Vegas Summer International Open 2014,Master1/Male/Purple/OpenClass,3,Jonathan Moses,Lotus Club Jiu-Jitsu
Las Vegas Summer International Open 2014,Master1/Female/Purple/Feather,1,Lauren Feldman,Ralph Gracie
Las Vegas Summer International Open 2014,Master1/Female/Purple/Feather,2,Lisa Marie Hitsman Pages,Caio Terra Association
Las Vegas Summer International Open 2014,Master1/Female/Purple/Light,1,Gabriela Dolores Muller,Alliance
Las Vegas Summer International Open 2014,Master1/Female/Purple/Middle,1,Brenda Castillo Rodriguez,Paragon Brazilian Jiu Jitsu Corpus Christi
Las Vegas Summer International Open 2014,Master1/Female/Purple/OpenClass,1,Brenda Castillo Rodriguez,Paragon Brazilian Jiu Jitsu Corpus Christi
Las Vegas Summer International Open 2014,Master1/Female/Purple/OpenClass,2,Lauren Feldman,Ralph Gracie
Las Vegas Summer International Open 2014,Master1/Male/Brown/Feather,1,Gustavo Adolfo Fonseca Jr.,Atos Jiu-Jitsu
Las Vegas Summer International Open 2014,Master1/Male/Brown/Feather,2,Donald Max Flowers,Gracie Barra
Las Vegas Summer International Open 2014,Master1/Male/Brown/Light,1,Aluizio Honório Moizinho Júnior,Soul Fighters BJJ
Las Vegas Summer International Open 2014,Master1/Male/Brown/Light,2,Jonathan Gil,Guerrilla Jiu Jitsu
Las Vegas Summer International Open 2014,Master1/Male/Brown/Middle,1,Mark Hidalgo,Gracie Humaita San Diego
Las Vegas Summer International Open 2014,Master1/Male/Brown/Middle,2,Ryan Jesus Kawika Antenorcruz,Cobra Kai Jiu Jitsu
Las Vegas Summer International Open 2014,Master1/Male/Brown/Middle,3,Alvin Alphonse Tillman Jr,McCall MMA
Las Vegas Summer International Open 2014,Master1/Male/Brown/Medium-Heavy,1,Jaysen Jose Baxter,Brazilian Top Team Long Beach
Las Vegas Summer International Open 2014,Master1/Male/Brown/Medium-Heavy,2,Cody Dean Criqui,Nova União
Las Vegas Summer International Open 2014,Master1/Male/Brown/Medium-Heavy,3,Gottrell W King Jr.,Gracie Barra
Las Vegas Summer International Open 2014,Master1/Male/Brown/Medium-Heavy,3,James Duscio,Cascao BJJ Las Vegas
Las Vegas Summer International Open 2014,Master1/Male/Brown/Heavy,1,Enrique Duran,Gracie Barra
Las Vegas Summer International Open 2014,Master1/Male/Brown/Heavy,2,Bruce L Morgenstern,Gracie Humaita Las Vegas
Las Vegas Summer International Open 2014,Master1/Male/Brown/Heavy,3,Andres Blanco,Gracie Humaita International
Las Vegas Summer International Open 2014,Master1/Male/Brown/Super-Heavy,1,Daniel Joshua Priebe,Roberto Traven BJJ
Las Vegas Summer International Open 2014,Master1/Male/Brown/OpenClass,1,Gottrell W King Jr.,Gracie Barra
Las Vegas Summer International Open 2014,Master1/Male/Brown/OpenClass,2,Cody Dean Criqui,Nova União
Las Vegas Summer International Open 2014,Master1/Male/Brown/OpenClass,3,Aluizio Honório Moizinho Júnior,Soul Fighters BJJ
Las Vegas Summer International Open 2014,Master1/Male/Brown/OpenClass,3,Donald Max Flowers,Gracie Barra
Las Vegas Summer International Open 2014,Master1/Male/Black/Light,1,Marcos Alejandro Torregrosa,Yemaso Brazilian Jiu-Jitsu
Las Vegas Summer International Open 2014,Master1/Male/Black/Light,2,Diogo Alves Ferreira,Gracie Barra
Las Vegas Summer International Open 2014,Master1/Male/Black/Middle,1,Steven Rosenberg,Nova União
Las Vegas Summer International Open 2014,Master1/Male/Black/Middle,2,Daniel Souto Wanderley,Carlson Gracie Team
Las Vegas Summer International Open 2014,Master1/Male/Black/Middle,3,Fabio Alencar Trindade,Associação Monteiro
Las Vegas Summer International Open 2014,Master1/Male/Black/Middle,3,Robert Hill II,Gracie Barra
Las Vegas Summer International Open 2014,Master1/Male/Black/Medium-Heavy,1,Omar Sabha,Brazilian Top Team Long Beach
Las Vegas Summer International Open 2014,Master1/Male/Black/Medium-Heavy,2,James Caleb Weed,Cascao BJJ Las Vegas
Las Vegas Summer International Open 2014,Master1/Male/Black/Super-Heavy,1,Christopher Gene Engle,Cascao BJJ Las Vegas
Las Vegas Summer International Open 2014,Master1/Male/Black/OpenClass,1,Steven Rosenberg,Nova União
Las Vegas Summer International Open 2014,Master1/Male/Black/OpenClass,2,Diogo Alves Ferreira,Gracie Barra
Las Vegas Summer International Open 2014,Master1/Male/Black/OpenClass,3,Fabio Alencar Trindade,Associação Monteiro
Las Vegas Summer International Open 2014,Master1/Male/Black/OpenClass,3,Marcos Alejandro Torregrosa,Yemaso Brazilian Jiu-Jitsu
Las Vegas Summer International Open 2014,Master2/Male/White/Feather,1,Jeff Alegado,Gracie Barra
Las Vegas Summer International Open 2014,Master2/Male/White/Light,1,Jerry Allen Hickman,Yemaso Brazilian Jiu-Jitsu
Las Vegas Summer International Open 2014,Master2/Male/White/Light,2,Robert Dennis Chaney,Gracie Humaita Phoenix
Las Vegas Summer International Open 2014,Master2/Male/White/Middle,1,Alexander Martinez,Nova União
Las Vegas Summer International Open 2014,Master2/Male/White/Middle,2,Brandt Phillipe,Team Robson Moura
Las Vegas Summer International Open 2014,Master2/Male/White/Middle,3,Sergio Caro,Brazilian Top Team Long Beach
Las Vegas Summer International Open 2014,Master2/Male/White/Medium-Heavy,1,Joseph Valle,Carlson Gracie Team
Las Vegas Summer International Open 2014,Master2/Male/White/Medium-Heavy,2,Daniel Gomez,Gracie Barra
Las Vegas Summer International Open 2014,Master2/Male/White/Super-Heavy,1,Kawika Dutro,Nova União
Las Vegas Summer International Open 2014,Master2/Male/White/Super-Heavy,2,Marcos Velazquez,Cascao BJJ Las Vegas
Las Vegas Summer International Open 2014,Master2/Male/Blue/Light,1,Jed Wenz,Unified Jiu Jitsu
Las Vegas Summer International Open 2014,Master2/Male/Blue/Light,2,Charles Bann,Nova União
Las Vegas Summer International Open 2014,Master2/Male/Blue/Light,3,CHRIS ROTTINGER,Nova União
Las Vegas Summer International Open 2014,Master2/Male/Blue/Light,3,Henry Sum,Street Sports BJJ
Las Vegas Summer International Open 2014,Master2/Male/Blue/Medium-Heavy,1,William Woodson,Tinguinha BJJ academy
Las Vegas Summer International Open 2014,Master2/Male/Blue/OpenClass,1,William Woodson,Tinguinha BJJ academy
Las Vegas Summer International Open 2014,Master2/Male/Blue/OpenClass,2,CHRIS ROTTINGER,Nova União
Las Vegas Summer International Open 2014,Master2/Male/Purple/Feather,1,Philip Peiyuan Yeh,Marco Nascimento BJJ
Las Vegas Summer International Open 2014,Master2/Male/Purple/Feather,2,Marc Scherer,Street Sports BJJ
Las Vegas Summer International Open 2014,Master2/Male/Purple/Light,1,Steve Taligatos,SoNo BJJ
Las Vegas Summer International Open 2014,Master2/Male/Purple/Medium-Heavy,1,Richard Selmar Bothun,Yemaso Brazilian Jiu-Jitsu
Las Vegas Summer International Open 2014,Master2/Male/Purple/Medium-Heavy,2,Mario Alonso Gaxiola,Caio Terra Association
Las Vegas Summer International Open 2014,Master2/Male/Purple/Medium-Heavy,3,Brian Jeffrey Logan,Cascao BJJ Las Vegas
Las Vegas Summer International Open 2014,Master2/Male/Purple/Medium-Heavy,3,Orlando  Campos,Sandro Batata Brazilian Jiu-jitsu
Las Vegas Summer International Open 2014,Master2/Male/Purple/Super-Heavy,1,Timothy Michael Varallo,Prime Jiu-Jitsu Center
Las Vegas Summer International Open 2014,Master2/Male/Purple/Super-Heavy,2,REESE HALL (repetido 52945),Soul Fighters BJJ Arizona
Las Vegas Summer International Open 2014,Master2/Male/Purple/Ultra-Heavy,1,David Gerald Blau,Nova União
Las Vegas Summer International Open 2014,Master2/Male/Purple/OpenClass,1,David Gerald Blau,Nova União
Las Vegas Summer International Open 2014,Master2/Male/Purple/OpenClass,2,Richard Selmar Bothun,Yemaso Brazilian Jiu-Jitsu
Las Vegas Summer International Open 2014,Master2/Male/Purple/OpenClass,3,Philip Peiyuan Yeh,Marco Nascimento BJJ
Las Vegas Summer International Open 2014,Master2/Male/Purple/OpenClass,3,Steve Taligatos,SoNo BJJ
Las Vegas Summer International Open 2014,Master2/Male/Brown/Feather,1,Michael Jason Garcia,Fabio Santos BJJ
Las Vegas Summer International Open 2014,Master2/Male/Brown/Feather,2,Javier Ramon Gonzales,Guerrilla Jiu Jitsu
Las Vegas Summer International Open 2014,Master2/Male/Brown/Light,1,Marco Luiz  Zulauf,Caio Terra Association
Las Vegas Summer International Open 2014,Master2/Male/Brown/Light,2,Vellore Francisco Caballero,Easton BJJ
Las Vegas Summer International Open 2014,Master2/Male/Brown/Light,3,Angel Paul Lopez,Tinguinha BJJ academy
Las Vegas Summer International Open 2014,Master2/Male/Brown/Light,3,Jacob Schofield,Alliance
Las Vegas Summer International Open 2014,Master2/Male/Brown/Middle,1,Michael Ceijas-Raid,Zenith BJJ - Las Vegas
Las Vegas Summer International Open 2014,Master2/Male/Brown/Middle,2,Dane Christian Barlow,Alliance
Las Vegas Summer International Open 2014,Master2/Male/Brown/Middle,3,Leandro L. Massaro,Gracie Humaita Phoenix
Las Vegas Summer International Open 2014,Master2/Male/Brown/Medium-Heavy,1,Gregory Arnold Kalteich,Zenith BJJ - Las Vegas
Las Vegas Summer International Open 2014,Master2/Male/Brown/Medium-Heavy,2,Julio Cesar Diaz Solache,Cascao BJJ Las Vegas
Las Vegas Summer International Open 2014,Master2/Male/Brown/Ultra-Heavy,1,Justin Brunet,Fight Sports
Las Vegas Summer International Open 2014,Master2/Male/Brown/OpenClass,1,Justin Brunet,Fight Sports
Las Vegas Summer International Open 2014,Master2/Male/Brown/OpenClass,2,Marco Luiz  Zulauf,Caio Terra Association
Las Vegas Summer International Open 2014,Master2/Male/Brown/OpenClass,3,Dane Christian Barlow,Alliance
Las Vegas Summer International Open 2014,Master2/Male/Brown/OpenClass,3,Gregory Arnold Kalteich,Zenith BJJ - Las Vegas
Las Vegas Summer International Open 2014,Master2/Male/Black/Feather,1,Sandro Ribeiro Santiago,Sandro Batata Brazilian Jiu-jitsu - Santa Cruz
Las Vegas Summer International Open 2014,Master2/Male/Black/Light,2,Julio Armando Echeverria Dulon Neto,Sandro Batata Brazilian Jiu-jitsu - Santa Cruz
Las Vegas Summer International Open 2014,Master2/Male/Black/Middle,1,John Thomas McKean,Unified Jiu Jitsu
Las Vegas Summer International Open 2014,Master2/Male/Black/Middle,2,Chris Lee Coldiron,CheckMat USA
Las Vegas Summer International Open 2014,Master2/Male/Black/Medium-Heavy,1,Christopher Rene Jaime,CheckMat USA
Las Vegas Summer International Open 2014,Master2/Male/Black/Medium-Heavy,2,Jeston John Pages,Caio Terra Association
Las Vegas Summer International Open 2014,Master2/Male/Black/Medium-Heavy,3,Charles George Martone,Street Sports BJJ
Las Vegas Summer International Open 2014,Master2/Male/Black/Super-Heavy,1,Raul Francisco Jimenez Trivino,Alliance
Las Vegas Summer International Open 2014,Master2/Male/Black/Super-Heavy,2,Walter Fontes Vital Jr,Cascao BJJ Las Vegas
Las Vegas Summer International Open 2014,Master2/Male/Black/OpenClass,1,Sandro Ribeiro Santiago,Sandro Batata Brazilian Jiu-jitsu - Santa Cruz
Las Vegas Summer International Open 2014,Master2/Male/Black/OpenClass,2,Walter Fontes Vital Jr,Cascao BJJ Las Vegas
Las Vegas Summer International Open 2014,Master3/Male/Blue/Light-Feather,1,Erick Hung,Zenith BJJ - Las Vegas
Las Vegas Summer International Open 2014,Master3/Male/Blue/Medium-Heavy,1,Jeffrey Veselovsky,Roberto Traven BJJ
Las Vegas Summer International Open 2014,Master3/Male/Blue/Medium-Heavy,2,Joseph Fabits,Tinguinha BJJ academy
Las Vegas Summer International Open 2014,Master3/Male/Blue/Heavy,1,Troy McClain,Alliance
Las Vegas Summer International Open 2014,Master3/Male/Blue/Heavy,2,Bryan Ales,Brazilian Top Team
Las Vegas Summer International Open 2014,Master3/Male/Blue/Ultra-Heavy,1,Ray Hawkins,TAC Team BJJ
Las Vegas Summer International Open 2014,Master3/Male/Blue/OpenClass,1,Ray Hawkins,TAC Team BJJ
Las Vegas Summer International Open 2014,Master3/Male/Blue/OpenClass,2,Jeffrey Veselovsky,Roberto Traven BJJ
Las Vegas Summer International Open 2014,Master3/Male/Blue/OpenClass,3,Joseph Fabits,Tinguinha BJJ academy
Las Vegas Summer International Open 2014,Master3/Male/Blue/OpenClass,3,Troy McClain,Alliance
Las Vegas Summer International Open 2014,Master3/Male/Purple/Light,1,Darin Lyle Lee Mung Ho,Grappling Unlimited
Las Vegas Summer International Open 2014,Master3/Male/Purple/Light,2,Gilbert Valenzuela,GF Team
Las Vegas Summer International Open 2014,Master3/Male/Purple/Light,3,Brian Youakim,Easton BJJ
Las Vegas Summer International Open 2014,Master3/Male/Purple/Light,3,Mark Wegener,Gracie Barra
Las Vegas Summer International Open 2014,Master3/Male/Purple/Medium-Heavy,1,Ruben Quevedo,Caio Terra Association
Las Vegas Summer International Open 2014,Master3/Male/Purple/Medium-Heavy,2,Dax Ramos,Cascao BJJ Las Vegas
Las Vegas Summer International Open 2014,Master3/Male/Purple/Heavy,1,Sean Starn,Grappling Unlimited
Las Vegas Summer International Open 2014,Master3/Male/Purple/Heavy,2,Glen Larsen,Unified Jiu Jitsu
Las Vegas Summer International Open 2014,Master3/Male/Purple/Heavy,3,Edward  Small,Carlson Gracie Team
Las Vegas Summer International Open 2014,Master3/Male/Purple/Super-Heavy,1,Chris Lange,Cascao BJJ Las Vegas
Las Vegas Summer International Open 2014,Master3/Male/Purple/Super-Heavy,2,Robb Finlayson,Caio Terra Association
Las Vegas Summer International Open 2014,Master3/Male/Purple/OpenClass,1,Ruben Quevedo,Caio Terra Association
Las Vegas Summer International Open 2014,Master3/Male/Purple/OpenClass,2,Dax Ramos,Cascao BJJ Las Vegas
Las Vegas Summer International Open 2014,Master3/Male/Purple/OpenClass,3,Gilbert Valenzuela,GF Team
Las Vegas Summer International Open 2014,Master3/Male/Purple/OpenClass,3,Glen Larsen,Unified Jiu Jitsu
Las Vegas Summer International Open 2014,Master3/Male/Brown/Feather,1,David Angel Bazan,Cobra Kai Jiu Jitsu
Las Vegas Summer International Open 2014,Master3/Male/Brown/Feather,2,Heath Flicker,Nova União
Las Vegas Summer International Open 2014,Master3/Male/Brown/Light,1,Antonio Alvarado,Roger Machado
Las Vegas Summer International Open 2014,Master3/Male/Brown/Light,2,William Gourley,Guerrilla Jiu Jitsu
Las Vegas Summer International Open 2014,Master3/Male/Brown/Light,3,Shawn P. Fowler,Ribeiro Jiu-Jitsu
Las Vegas Summer International Open 2014,Master3/Male/Brown/Middle,1,Branden Weston Guptill,Ribeiro Jiu-Jitsu
Las Vegas Summer International Open 2014,Master3/Male/Brown/Medium-Heavy,1,Thorin Oakenshield Ryan,Gracie Elite Team
Las Vegas Summer International Open 2014,Master3/Male/Brown/Medium-Heavy,2,Joseph Mark Solorio,Nova União
Las Vegas Summer International Open 2014,Master3/Male/Brown/Medium-Heavy,3,Paul Peter Kuvelis,Cobra Kai Jiu Jitsu
Las Vegas Summer International Open 2014,Master3/Male/Brown/Heavy,1,Robert Hrcka,Zenith BJJ - Las Vegas
Las Vegas Summer International Open 2014,Master3/Male/Brown/OpenClass,1,Thorin Oakenshield Ryan,Gracie Elite Team
Las Vegas Summer International Open 2014,Master3/Male/Brown/OpenClass,2,Robert Hrcka,Zenith BJJ - Las Vegas
Las Vegas Summer International Open 2014,Master3/Male/Brown/OpenClass,3,Branden Weston Guptill,Ribeiro Jiu-Jitsu
Las Vegas Summer International Open 2014,Master3/Male/Brown/OpenClass,3,Joseph Mark Solorio,Nova União
Las Vegas Summer International Open 2014,Master3/Male/Black/Middle,1,John William Orr,Brazilian Top Team Long Beach
Las Vegas Summer International Open 2014,Master3/Male/Black/Medium-Heavy,1,Matt Jason Baker,Jean Jacques Machado BJJ
Las Vegas Summer International Open 2014,Master3/Male/Black/Medium-Heavy,2,Aurelio Gallegos Jr.,Paragon Brazilian Jiu Jitsu Corpus Christi
Las Vegas Summer International Open 2014,Master3/Male/Black/OpenClass,1,Matt Jason Baker,Jean Jacques Machado BJJ
Las Vegas Summer International Open 2014,Master3/Male/Black/OpenClass,2,Aurelio Gallegos Jr.,Paragon Brazilian Jiu Jitsu Corpus Christi
Las Vegas Summer International Open 2014,Master4/Male/Blue/Light,1,George Ross Celi,Gracie Barra
Las Vegas Summer International Open 2014,Master4/Male/Blue/Light,2,Shaun Meeds,Cascao BJJ Las Vegas
Las Vegas Summer International Open 2014,Master4/Male/Blue/Light,3,Andrew Saam,Gracie Humaita Temecula
Las Vegas Summer International Open 2014,Master4/Male/Blue/Middle,1,John Davis,CheckMat USA
Las Vegas Summer International Open 2014,Master4/Male/Blue/Middle,2,March Davis,Gracie Humaita Phoenix
Las Vegas Summer International Open 2014,Master4/Male/Blue/Medium-Heavy,1,Richard Scott Fineman,Dartanian Jiu-Jitsu
Las Vegas Summer International Open 2014,Master4/Male/Blue/Ultra-Heavy,1,James Michael Headen,Zenith BJJ - Las Vegas
Las Vegas Summer International Open 2014,Master4/Male/Blue/Ultra-Heavy,2,Jeffery Phillip Cordero,CheckMat USA
Las Vegas Summer International Open 2014,Master4/Male/Blue/OpenClass,1,Richard Scott Fineman,Dartanian Jiu-Jitsu
Las Vegas Summer International Open 2014,Master4/Male/Blue/OpenClass,2,George Ross Celi,Gracie Barra
Las Vegas Summer International Open 2014,Master4/Male/Purple/Medium-Heavy,1,Scott E. Ukeiley,Gracie Barra JJ
Las Vegas Summer International Open 2014,Master4/Male/Purple/Medium-Heavy,2,george davis,Gracie Barra
Las Vegas Summer International Open 2014,Master4/Male/Purple/Super-Heavy,1,R. Allen Wrench,C-Quence
Las Vegas Summer International Open 2014,Master4/Male/Purple/OpenClass,1,R. Allen Wrench,C-Quence
Las Vegas Summer International Open 2014,Master4/Male/Purple/OpenClass,2,george davis,Gracie Barra
Las Vegas Summer International Open 2014,Master4/Male/Brown/Feather,1,Kevin Chang,New Breed Academy
Las Vegas Summer International Open 2014,Master4/Male/Brown/Feather,2,Christopher J Howey,Carlson Gracie Team
Las Vegas Summer International Open 2014,Master4/Male/Black/Feather,1,Robert James Romero,Gracie Barra
Las Vegas Summer International Open 2014,Master4/Male/Black/Light,1,Chris Alan Wells,Unified Jiu Jitsu
Las Vegas Summer International Open 2014,Master4/Male/Black/Light,2,Michael Anthony Kondracki,Octagon MMA
Las Vegas Summer International Open 2014,Master4/Male/Black/Medium-Heavy,1,Paul Leon Nava,Nova União
Las Vegas Summer International Open 2014,Master4/Male/Black/Medium-Heavy,2,Jeri Patrick Nerney,Braga Fight Team - Los Angeles
Las Vegas Summer International Open 2014,Master4/Male/Black/OpenClass,1,Paul Leon Nava,Nova União
Las Vegas Summer International Open 2014,Master4/Male/Black/OpenClass,2,Jeri Patrick Nerney,Braga Fight Team - Los Angeles
Las Vegas Summer International Open 2014,Master5/Male/Purple/Middle,1,Jeffery Alan Carlson,Gracie Barra
Las Vegas Summer International Open 2014,Master5/Male/Purple/OpenClass,1,Jeffery Alan Carlson,Gracie Barra
