Rio Summer International Open Jiu-Jitsu No-Gi 2016,Juvenile/Male/Blue/Light-Feather,1,Leonardo Mário Pereira Júnior,PSLPB Cicero Costha
Rio Summer International Open Jiu-Jitsu No-Gi 2016,Juvenile/Male/Blue/Light-Feather,2,Lucas de Oliveira Pinheiro,Gracie Humaita
Rio Summer International Open Jiu-Jitsu No-Gi 2016,Juvenile/Male/Blue/Feather,1,Thalison Vitorino Soares,PSLPB Cicero Costha
Rio Summer International Open Jiu-Jitsu No-Gi 2016,Juvenile/Male/Blue/Feather,2,Wenderson Correa Da Silva,Nova União
Rio Summer International Open Jiu-Jitsu No-Gi 2016,Juvenile/Male/Blue/Feather,3,Igo Pereira Ribeiro,Nova União
Rio Summer International Open Jiu-Jitsu No-Gi 2016,Juvenile/Male/Blue/Feather,3,Vinícius Góes Barbosa,GF Team
Rio Summer International Open Jiu-Jitsu No-Gi 2016,Juvenile/Male/Blue/Light,1,Julio Souza Arantes,Zenith / PRBJJ
Rio Summer International Open Jiu-Jitsu No-Gi 2016,Juvenile/Male/Blue/Light,2,Thiago Herzog Melo de Oliveira,Tata Team JJ
Rio Summer International Open Jiu-Jitsu No-Gi 2016,Juvenile/Male/Blue/Light,3,Henrique Destri de Moura,Rio Grappling Club
Rio Summer International Open Jiu-Jitsu No-Gi 2016,Juvenile/Male/Blue/Light,3,Renan do A. Rodrigues Bezerra,Game Fight BJJ/Manimal
Rio Summer International Open Jiu-Jitsu No-Gi 2016,Juvenile/Male/Blue/Middle,1,Pedro Henrique Maia Costa,Cei Jiu-Jitsu
Rio Summer International Open Jiu-Jitsu No-Gi 2016,Juvenile/Male/Blue/Middle,2,Matheus Oliveira Guadagnoli,Zenith BJJ
Rio Summer International Open Jiu-Jitsu No-Gi 2016,Juvenile/Male/Blue/Middle,3,Lucas Moreira Lorêdo,GF Team
Rio Summer International Open Jiu-Jitsu No-Gi 2016,Juvenile/Male/Blue/Middle,3,Vinicius Castro Vieira,Zenith BJJ
Rio Summer International Open Jiu-Jitsu No-Gi 2016,Juvenile/Male/Blue/Medium-Heavy,1,Jean Henrique Cazelato Pereira,Zenith / PRBJJ
Rio Summer International Open Jiu-Jitsu No-Gi 2016,Juvenile/Male/Blue/Medium-Heavy,2,Márcio Gabriel Soares,GF Team
Rio Summer International Open Jiu-Jitsu No-Gi 2016,Juvenile/Male/Blue/Medium-Heavy,3,Matheus Inácio da Silva,Strauch JJ
Rio Summer International Open Jiu-Jitsu No-Gi 2016,Juvenile/Male/Blue/Medium-Heavy,3,Tadeu Deon Vieira,Ribeiro Jiu-Jitsu Brasil
Rio Summer International Open Jiu-Jitsu No-Gi 2016,Juvenile/Male/Blue/Heavy,1,Luiz Augusto Dos Santos,GF Team
Rio Summer International Open Jiu-Jitsu No-Gi 2016,Juvenile/Male/Blue/Heavy,2,Vinicius Gustavo Ferreira,Top Brother
Rio Summer International Open Jiu-Jitsu No-Gi 2016,Juvenile/Male/Blue/Super-Heavy,1,Yago Aurelio  Oliveira,PRM Team
Rio Summer International Open Jiu-Jitsu No-Gi 2016,Juvenile/Male/Blue/Ultra-Heavy,1,Marcus Vinícius de Souza Bottino,Caio Terra Association Brasil
Rio Summer International Open Jiu-Jitsu No-Gi 2016,Juvenile/Male/Blue/Ultra-Heavy,2,Davi Cabral de Souza,GF Team
Rio Summer International Open Jiu-Jitsu No-Gi 2016,Juvenile/Male/Blue/Ultra-Heavy,3,Enzo Batista Guimaraes,Brasa/Muzio
Rio Summer International Open Jiu-Jitsu No-Gi 2016,Juvenile/Male/Blue/Ultra-Heavy,3,João  Marcello de Souza Fraga,Natal e Rico Jiu-Jitsu
Rio Summer International Open Jiu-Jitsu No-Gi 2016,Juvenile/Female/Blue/Middle,1,Kimberly Silva Costa,Zenith / PRBJJ
Rio Summer International Open Jiu-Jitsu No-Gi 2016,Juvenile/Female/Blue/Middle,2,Vitoria Camila Silveira Santos,Game Fight BJJ/Manimal
Rio Summer International Open Jiu-Jitsu No-Gi 2016,Juvenile/Female/Blue/Middle,3,Ingrid  Marinho Gomes Da Silva,GF Team
Rio Summer International Open Jiu-Jitsu No-Gi 2016,Juvenile/Female/Blue/Super-Heavy,1,Roberta Pessoa Vieira Ribeiro,Soul Fighters BJJ
Rio Summer International Open Jiu-Jitsu No-Gi 2016,Juvenile/Female/Blue/Super-Heavy,2,Maria Victoria Barboza de Santiago,Nova União
Rio Summer International Open Jiu-Jitsu No-Gi 2016,Adult/Male/Blue/Rooster,1,Welerson Gonçalves da Silva,Nova União
Rio Summer International Open Jiu-Jitsu No-Gi 2016,Adult/Male/Blue/Rooster,2,Rhuan Victor Oliveira De Souza,Icon Jiu-Jitsu Team - Niteroi
Rio Summer International Open Jiu-Jitsu No-Gi 2016,Adult/Male/Blue/Rooster,3,Relter Lima Silva Filho,MG TEAM
Rio Summer International Open Jiu-Jitsu No-Gi 2016,Adult/Male/Blue/Light-Feather,1,Sheldon Carlos Assuncao Silveira,Nova União
Rio Summer International Open Jiu-Jitsu No-Gi 2016,Adult/Male/Blue/Light-Feather,2,Lucas Virgilio da Penha Boa Morte,Nova União
Rio Summer International Open Jiu-Jitsu No-Gi 2016,Adult/Male/Blue/Light-Feather,3,Manuel Roberto Aguilar,GF Team California
Rio Summer International Open Jiu-Jitsu No-Gi 2016,Adult/Male/Blue/Light-Feather,3,Matheus Matos dos Santos,Soul Fighters BJJ
Rio Summer International Open Jiu-Jitsu No-Gi 2016,Adult/Male/Blue/Feather,1,Vitor Hugo Sotini,PSLPB Cicero Costha
Rio Summer International Open Jiu-Jitsu No-Gi 2016,Adult/Male/Blue/Feather,2,Lucas Marques da Silva,Escola Bragantina de Jiu-Jitsu
Rio Summer International Open Jiu-Jitsu No-Gi 2016,Adult/Male/Blue/Feather,3,Jhonatan Batista da Silva,Nova União
Rio Summer International Open Jiu-Jitsu No-Gi 2016,Adult/Male/Blue/Feather,3,João Carlos Chaves Balbino,Nova União
Rio Summer International Open Jiu-Jitsu No-Gi 2016,Adult/Male/Blue/Light,1,Rafael dos Anjos Torres,Alliance
Rio Summer International Open Jiu-Jitsu No-Gi 2016,Adult/Male/Blue/Light,2,Victor Nithael de Oliveira Marques,Nova União
Rio Summer International Open Jiu-Jitsu No-Gi 2016,Adult/Male/Blue/Light,3,Alan Correa de Barcelos,Nova União/NU
Rio Summer International Open Jiu-Jitsu No-Gi 2016,Adult/Male/Blue/Light,3,Mateus da Silva de Moraes Meyer,PSLPB Cicero Costha
Rio Summer International Open Jiu-Jitsu No-Gi 2016,Adult/Male/Blue/Middle,1,João Soares Batista,Be One EP JJ
Rio Summer International Open Jiu-Jitsu No-Gi 2016,Adult/Male/Blue/Middle,2,Gustavo Vasconcelos Silva,Gracie Barra
Rio Summer International Open Jiu-Jitsu No-Gi 2016,Adult/Male/Blue/Middle,3,Guilherme Martins Doin,Nova União
Rio Summer International Open Jiu-Jitsu No-Gi 2016,Adult/Male/Blue/Middle,3,Nixon Belo Dos Santos Segundo,Gracie Barra
Rio Summer International Open Jiu-Jitsu No-Gi 2016,Adult/Male/Blue/Medium-Heavy,1,Erich Munis,Nova União
Rio Summer International Open Jiu-Jitsu No-Gi 2016,Adult/Male/Blue/Medium-Heavy,2,Reinaldo Luiz da Costa Souza,Gracie Barra
Rio Summer International Open Jiu-Jitsu No-Gi 2016,Adult/Male/Blue/Medium-Heavy,3,Dante Daniel  Cano Junior,Alliance
Rio Summer International Open Jiu-Jitsu No-Gi 2016,Adult/Male/Blue/Medium-Heavy,3,Fernando Freitas Badaia,Relson Gracie Brasil
Rio Summer International Open Jiu-Jitsu No-Gi 2016,Adult/Male/Blue/Heavy,1,Anderson Munis dos Santos,Nova União
Rio Summer International Open Jiu-Jitsu No-Gi 2016,Adult/Male/Blue/Heavy,2,Manoel Luiz Gustavo Couto Cardozo,GF Team Paraiba
Rio Summer International Open Jiu-Jitsu No-Gi 2016,Adult/Male/Blue/Heavy,3,Jefferson Sousa,PSLPB Cicero Costha
Rio Summer International Open Jiu-Jitsu No-Gi 2016,Adult/Male/Blue/Super-Heavy,1,José Lucas Ferreira Braga,Gracie Barra
Rio Summer International Open Jiu-Jitsu No-Gi 2016,Adult/Male/Blue/Super-Heavy,2,Igor Varela Neves Curi,Soul Fighters BJJ
Rio Summer International Open Jiu-Jitsu No-Gi 2016,Adult/Male/Blue/Super-Heavy,3,Juan Oscar Magallanes,GF Team
Rio Summer International Open Jiu-Jitsu No-Gi 2016,Adult/Male/Blue/Super-Heavy,3,Thiago Maia dos Santos,Game Fight BJJ/Manimal
Rio Summer International Open Jiu-Jitsu No-Gi 2016,Adult/Male/Blue/Ultra-Heavy,1,Wallace Costa da Silveira,GF Team
Rio Summer International Open Jiu-Jitsu No-Gi 2016,Adult/Male/Blue/Ultra-Heavy,2,Luis Flávio Vital de Paula Junior,Caio Terra Association Brasil
Rio Summer International Open Jiu-Jitsu No-Gi 2016,Adult/Male/Blue/Ultra-Heavy,3,Hugo Ernandes Duarte Kaizer,Top Brother
Rio Summer International Open Jiu-Jitsu No-Gi 2016,Adult/Male/Blue/Ultra-Heavy,3,Ramon Moreira Ribeiro,Tata Team JJ
Rio Summer International Open Jiu-Jitsu No-Gi 2016,Adult/Male/Blue/OpenClass,1,Anderson Munis dos Santos,Nova União
Rio Summer International Open Jiu-Jitsu No-Gi 2016,Adult/Male/Blue/OpenClass,2,Rafael dos Anjos Torres,Alliance
Rio Summer International Open Jiu-Jitsu No-Gi 2016,Adult/Male/Blue/OpenClass,3,Jefferson Sousa,PSLPB Cicero Costha
Rio Summer International Open Jiu-Jitsu No-Gi 2016,Adult/Male/Blue/OpenClass,3,Victor Nithael de Oliveira Marques,Nova União
Rio Summer International Open Jiu-Jitsu No-Gi 2016,Adult/Female/Blue/Rooster,1,Suelen Ferreira dos Santos,Alliance
Rio Summer International Open Jiu-Jitsu No-Gi 2016,Adult/Female/Blue/Light-Feather,1,Jessica Caroline Coelho Dantas,Caio Terra Association Brasil
Rio Summer International Open Jiu-Jitsu No-Gi 2016,Adult/Female/Blue/Light-Feather,2,Erika Fernanda Jesus Machado,Nova União
Rio Summer International Open Jiu-Jitsu No-Gi 2016,Adult/Female/Blue/Light,1,Heather Nanatte Woods,GF Team Recreio
Rio Summer International Open Jiu-Jitsu No-Gi 2016,Adult/Female/Blue/Light,2,Marcela Giantomassi Aguiar,Nova União
Rio Summer International Open Jiu-Jitsu No-Gi 2016,Adult/Female/Blue/Light,3,Michelle Santana Novaes de Assis,Soul Fighters BJJ
Rio Summer International Open Jiu-Jitsu No-Gi 2016,Adult/Female/Blue/Light,3,Nathalia Siquara da Silva Kagami,Nova União
Rio Summer International Open Jiu-Jitsu No-Gi 2016,Adult/Female/Blue/Middle,1,Laís Monteiro Alves,Gracie Barra
Rio Summer International Open Jiu-Jitsu No-Gi 2016,Adult/Female/Blue/Middle,2,Valquiria Dias,Luiz Paulo Jiu-Jitsu
Rio Summer International Open Jiu-Jitsu No-Gi 2016,Adult/Female/Blue/Middle,3,Gessica Rodrigues Fong Nien,CheckMat
Rio Summer International Open Jiu-Jitsu No-Gi 2016,Adult/Female/Blue/Middle,3,Paula Reis Campos,Gracie Barra
Rio Summer International Open Jiu-Jitsu No-Gi 2016,Adult/Female/Blue/Heavy,1,Thais Helena Mesquita,Nova União
Rio Summer International Open Jiu-Jitsu No-Gi 2016,Adult/Female/Blue/OpenClass,1,Marcela Giantomassi Aguiar,Nova União
Rio Summer International Open Jiu-Jitsu No-Gi 2016,Adult/Female/Blue/OpenClass,2,Laís Monteiro Alves,Gracie Barra
Rio Summer International Open Jiu-Jitsu No-Gi 2016,Adult/Female/Blue/OpenClass,3,Gessica Rodrigues Fong Nien,CheckMat
Rio Summer International Open Jiu-Jitsu No-Gi 2016,Adult/Female/Blue/OpenClass,3,Jessica Caroline Coelho Dantas,Caio Terra Association Brasil
Rio Summer International Open Jiu-Jitsu No-Gi 2016,Adult/Male/Purple/Rooster,1,Cícero Lívio Ribeiro Saldanha Paiva,Nova União
Rio Summer International Open Jiu-Jitsu No-Gi 2016,Adult/Male/Purple/Rooster,2,Luciano Alex da Cunha Vieira,Infight Jiu-Jitsu
Rio Summer International Open Jiu-Jitsu No-Gi 2016,Adult/Male/Purple/Rooster,3,Luciano Mariano,Top Brother
Rio Summer International Open Jiu-Jitsu No-Gi 2016,Adult/Male/Purple/Rooster,3,Wanderson Bezerra Santana,Welton Ribeiro
Rio Summer International Open Jiu-Jitsu No-Gi 2016,Adult/Male/Purple/Light-Feather,1,Leandro  Silva de Oliveira,Game Fight BJJ/Manimal
Rio Summer International Open Jiu-Jitsu No-Gi 2016,Adult/Male/Purple/Light-Feather,2,Paulo Ricardo Medeiros de Araújo,Zenith BJJ
Rio Summer International Open Jiu-Jitsu No-Gi 2016,Adult/Male/Purple/Light-Feather,3,Ramon de Macedo Valdevino,GF Team
Rio Summer International Open Jiu-Jitsu No-Gi 2016,Adult/Male/Purple/Feather,1,Alexssandro Pinto Sodré,Nova União
Rio Summer International Open Jiu-Jitsu No-Gi 2016,Adult/Male/Purple/Feather,2,Vinicius Alves de Oliveira Marques,Nova União/NU
Rio Summer International Open Jiu-Jitsu No-Gi 2016,Adult/Male/Purple/Feather,3,Gustavo Jovelino da Silva,Zenith / PRBJJ
Rio Summer International Open Jiu-Jitsu No-Gi 2016,Adult/Male/Purple/Feather,3,Venino M. Rondon De Lima Junior,Zenith / PRBJJ
Rio Summer International Open Jiu-Jitsu No-Gi 2016,Adult/Male/Purple/Light,1,Felipe Mendes Basilio,Top Brother
Rio Summer International Open Jiu-Jitsu No-Gi 2016,Adult/Male/Purple/Light,2,Joalisson Deivyde Gomes de Lima,Luiz Paulo Jiu-Jitsu
Rio Summer International Open Jiu-Jitsu No-Gi 2016,Adult/Male/Purple/Light,3,Elvis  Da Silva Gomes De Souza,Zenith / PRBJJ
Rio Summer International Open Jiu-Jitsu No-Gi 2016,Adult/Male/Purple/Light,3,Vinicius dos Santos Pereira,Gracie Barra
Rio Summer International Open Jiu-Jitsu No-Gi 2016,Adult/Male/Purple/Middle,1,Rodrigo Rocha,Welton Ribeiro
Rio Summer International Open Jiu-Jitsu No-Gi 2016,Adult/Male/Purple/Middle,2,Jeferson da Silva Batista,Bronx's Gold Team
Rio Summer International Open Jiu-Jitsu No-Gi 2016,Adult/Male/Purple/Middle,3,Caio Felipe Ferreira da Silva,Gracie Barra
Rio Summer International Open Jiu-Jitsu No-Gi 2016,Adult/Male/Purple/Middle,3,Eduardo Avelar de Carvalho,Soul Fighters BJJ
Rio Summer International Open Jiu-Jitsu No-Gi 2016,Adult/Male/Purple/Medium-Heavy,1,Marcos Vinicius de Oliveira Martins,BARBOSA JIU-JITSU
Rio Summer International Open Jiu-Jitsu No-Gi 2016,Adult/Male/Purple/Medium-Heavy,2,Vinicius Ramos dos Reis,G13 BJJ
Rio Summer International Open Jiu-Jitsu No-Gi 2016,Adult/Male/Purple/Medium-Heavy,3,João Paulo de Oliveira Rodrigues,Caio Terra Association Brasil
Rio Summer International Open Jiu-Jitsu No-Gi 2016,Adult/Male/Purple/Medium-Heavy,3,Mozart Van Erven de Lima,Academia Pitbull
Rio Summer International Open Jiu-Jitsu No-Gi 2016,Adult/Male/Purple/Heavy,1,Nicolas Moreira Inacio da Silva,Infight Jiu-Jitsu
Rio Summer International Open Jiu-Jitsu No-Gi 2016,Adult/Male/Purple/Heavy,2,Jefferson Gomes da Cruz Barbosa,Gracie Barra
Rio Summer International Open Jiu-Jitsu No-Gi 2016,Adult/Male/Purple/Heavy,3,Diego Souza Pereira,Gracie Humaita
Rio Summer International Open Jiu-Jitsu No-Gi 2016,Adult/Male/Purple/Heavy,3,Max Leonardo Sousa Silva,Infight Jiu-Jitsu
Rio Summer International Open Jiu-Jitsu No-Gi 2016,Adult/Male/Purple/Super-Heavy,1,Felipe Augusto A. Oliveira,Gracie Barra
Rio Summer International Open Jiu-Jitsu No-Gi 2016,Adult/Male/Purple/Super-Heavy,2,Leandro  Hipólito De Albuquerque,Top Brother
Rio Summer International Open Jiu-Jitsu No-Gi 2016,Adult/Male/Purple/Super-Heavy,3,Douglas de Jesus Santos,Zenith BJJ
Rio Summer International Open Jiu-Jitsu No-Gi 2016,Adult/Male/Purple/Super-Heavy,3,Marcelo Gomide Oliveira,Gracie Barra
Rio Summer International Open Jiu-Jitsu No-Gi 2016,Adult/Male/Purple/Ultra-Heavy,1,Guilherme Bacha Guedes,Game Fight BJJ/Manimal
Rio Summer International Open Jiu-Jitsu No-Gi 2016,Adult/Male/Purple/Ultra-Heavy,2,Jhonatan Costa Lopes,Nova União
Rio Summer International Open Jiu-Jitsu No-Gi 2016,Adult/Male/Purple/Ultra-Heavy,3,Elion Joaquim dos Reis Junior,Brazilian Top Team
Rio Summer International Open Jiu-Jitsu No-Gi 2016,Adult/Male/Purple/Ultra-Heavy,3,Rafael Dorr Silva,Equipe GTT/IST
Rio Summer International Open Jiu-Jitsu No-Gi 2016,Adult/Male/Purple/OpenClass,1,Alexssandro Pinto Sodré,Nova União
Rio Summer International Open Jiu-Jitsu No-Gi 2016,Adult/Male/Purple/OpenClass,2,Jhonatan Costa Lopes,Nova União
Rio Summer International Open Jiu-Jitsu No-Gi 2016,Adult/Male/Purple/OpenClass,3,Nicolas Moreira Inacio da Silva,Infight Jiu-Jitsu
Rio Summer International Open Jiu-Jitsu No-Gi 2016,Adult/Male/Purple/OpenClass,3,Venino M. Rondon De Lima Junior,Zenith / PRBJJ
Rio Summer International Open Jiu-Jitsu No-Gi 2016,Adult/Female/Purple/Feather,1,Mayssa Caldas Pereira Bastos,GF Team
Rio Summer International Open Jiu-Jitsu No-Gi 2016,Adult/Female/Purple/Light,1,Mayra Gabrielle Negreiros Abrahão,GF Team
Rio Summer International Open Jiu-Jitsu No-Gi 2016,Adult/Female/Purple/Light,2,Elizabeth Jane Exell,Ryan Gracie Team
Rio Summer International Open Jiu-Jitsu No-Gi 2016,Adult/Female/Purple/Light,3,Rutineia Mattos Pereira,Nova União
Rio Summer International Open Jiu-Jitsu No-Gi 2016,Adult/Female/Purple/Middle,1,Danielle Ronald Carvalho de Lima,GF Team
Rio Summer International Open Jiu-Jitsu No-Gi 2016,Adult/Female/Purple/Middle,2,Lysandra Karine Almeida de Sousa,Nova União
Rio Summer International Open Jiu-Jitsu No-Gi 2016,Adult/Female/Purple/Middle,3,Duxley Luz Silva,Familia Marcio Frank BJJ
Rio Summer International Open Jiu-Jitsu No-Gi 2016,Adult/Female/Purple/Heavy,1,Célia Regina Honorato de Oliveira,GF Team
Rio Summer International Open Jiu-Jitsu No-Gi 2016,Adult/Female/Purple/OpenClass,1,Mayssa Caldas Pereira Bastos,GF Team
Rio Summer International Open Jiu-Jitsu No-Gi 2016,Adult/Female/Purple/OpenClass,2,Elizabeth Jane Exell,Ryan Gracie Team
Rio Summer International Open Jiu-Jitsu No-Gi 2016,Adult/Male/Brown/Light-Feather,1,Jose Carlos Souza Lima Sobrinho,GF Team
Rio Summer International Open Jiu-Jitsu No-Gi 2016,Adult/Male/Brown/Light-Feather,2,Alessandro Carvalho da Silveira Costa,Nova União
Rio Summer International Open Jiu-Jitsu No-Gi 2016,Adult/Male/Brown/Light-Feather,3,Aniel  Bonifacio Candido,Zenith / PRBJJ
Rio Summer International Open Jiu-Jitsu No-Gi 2016,Adult/Male/Brown/Light-Feather,3,Luiz Eduardo Cabral da Costa,Academia Pitbull
Rio Summer International Open Jiu-Jitsu No-Gi 2016,Adult/Male/Brown/Feather,1,Gustavo Mendes M. Praxedes Leal,Nova União
Rio Summer International Open Jiu-Jitsu No-Gi 2016,Adult/Male/Brown/Feather,2,Bruno Silveira Costa,PSLPB Cicero Costha
Rio Summer International Open Jiu-Jitsu No-Gi 2016,Adult/Male/Brown/Feather,3,Carlos Magno Silva Batista,Top Brother
Rio Summer International Open Jiu-Jitsu No-Gi 2016,Adult/Male/Brown/Feather,3,Lukas Andrade Ferreira,Mato Grosso Jiu-Jitsu
Rio Summer International Open Jiu-Jitsu No-Gi 2016,Adult/Male/Brown/Light,1,Edward Hohl,Gracie Humaita
Rio Summer International Open Jiu-Jitsu No-Gi 2016,Adult/Male/Brown/Light,2,Leonardo Garcia Marques,CheckMat
Rio Summer International Open Jiu-Jitsu No-Gi 2016,Adult/Male/Brown/Light,3,Antônio Cesar Lucas de Souza,PSLPB Cicero Costha
Rio Summer International Open Jiu-Jitsu No-Gi 2016,Adult/Male/Brown/Light,3,Roberto Guimarães Vieira Carneiro,Gracie Humaita
Rio Summer International Open Jiu-Jitsu No-Gi 2016,Adult/Male/Brown/Middle,1,Piter Frank Almeida Silva,Zenith BJJ
Rio Summer International Open Jiu-Jitsu No-Gi 2016,Adult/Male/Brown/Middle,2,Eduardo Borges Freitas,Luiz Paulo Jiu-Jitsu
Rio Summer International Open Jiu-Jitsu No-Gi 2016,Adult/Male/Brown/Middle,3,Samuel Rodrigues M. Tosatti Dias,Brazilian Top Team
Rio Summer International Open Jiu-Jitsu No-Gi 2016,Adult/Male/Brown/Middle,3,Ygor de Souza Zavarize,GF Team
Rio Summer International Open Jiu-Jitsu No-Gi 2016,Adult/Male/Brown/Medium-Heavy,1,Tiago Castro da Silva,Nova União
Rio Summer International Open Jiu-Jitsu No-Gi 2016,Adult/Male/Brown/Medium-Heavy,2,Ildenison Tigrão Xavier,Equipe Vilhena Jiu-Jitsu
Rio Summer International Open Jiu-Jitsu No-Gi 2016,Adult/Male/Brown/Medium-Heavy,3,Flávio Junqueira,Alliance
Rio Summer International Open Jiu-Jitsu No-Gi 2016,Adult/Male/Brown/Medium-Heavy,3,Igor Matosinho de Paiva,Soul Fighters BJJ
Rio Summer International Open Jiu-Jitsu No-Gi 2016,Adult/Male/Brown/Heavy,1,Rafael Alencar Bonfim,CheckMat
Rio Summer International Open Jiu-Jitsu No-Gi 2016,Adult/Male/Brown/Heavy,2,Gilvan Gomes da Costa,Brazilian Top Team
Rio Summer International Open Jiu-Jitsu No-Gi 2016,Adult/Male/Brown/Heavy,3,Celson Augusto Caetano,Cesar Maillet Team
Rio Summer International Open Jiu-Jitsu No-Gi 2016,Adult/Male/Brown/Heavy,3,Guilherme Basílio Guimarães,GF Team
Rio Summer International Open Jiu-Jitsu No-Gi 2016,Adult/Male/Brown/Super-Heavy,1,Max dos Santos Gimenis,GF Team
Rio Summer International Open Jiu-Jitsu No-Gi 2016,Adult/Male/Brown/Super-Heavy,2,Carlos Victor Ferreira de Almeida,Top Brother
Rio Summer International Open Jiu-Jitsu No-Gi 2016,Adult/Male/Brown/Ultra-Heavy,1,Elismaique Santos Azevedo,Game Fight BJJ/Manimal
Rio Summer International Open Jiu-Jitsu No-Gi 2016,Adult/Male/Brown/Ultra-Heavy,2,Sullivan Monassa Silva de Paula,GF Team
Rio Summer International Open Jiu-Jitsu No-Gi 2016,Adult/Male/Brown/Ultra-Heavy,3,Bruno Fonseca da Silva,Nova União
Rio Summer International Open Jiu-Jitsu No-Gi 2016,Adult/Male/Brown/OpenClass,1,Max dos Santos Gimenis,GF Team
Rio Summer International Open Jiu-Jitsu No-Gi 2016,Adult/Male/Brown/OpenClass,2,Piter Frank Almeida Silva,Zenith BJJ
Rio Summer International Open Jiu-Jitsu No-Gi 2016,Adult/Male/Brown/OpenClass,3,Gilvan Gomes da Costa,Brazilian Top Team
Rio Summer International Open Jiu-Jitsu No-Gi 2016,Adult/Male/Brown/OpenClass,3,Tiago Castro da Silva,Nova União
Rio Summer International Open Jiu-Jitsu No-Gi 2016,Adult/Female/Brown/Feather,1,Mirella Regia Ferreira Feijão,Gracie Barra
Rio Summer International Open Jiu-Jitsu No-Gi 2016,Adult/Female/Brown/Light,1,Bruna Gosson Cipolletta,Academia Marangoni
Rio Summer International Open Jiu-Jitsu No-Gi 2016,Adult/Female/Brown/Heavy,1,Claudia Fernanda Onofre Valim Doval,De La Riva JJ
Rio Summer International Open Jiu-Jitsu No-Gi 2016,Adult/Female/Brown/OpenClass,1,Claudia Fernanda Onofre Valim Doval,De La Riva JJ
Rio Summer International Open Jiu-Jitsu No-Gi 2016,Adult/Female/Brown/OpenClass,2,Mirella Regia Ferreira Feijão,Gracie Barra
Rio Summer International Open Jiu-Jitsu No-Gi 2016,Adult/Female/Brown/OpenClass,3,Bruna Gosson Cipolletta,Academia Marangoni
Rio Summer International Open Jiu-Jitsu No-Gi 2016,Adult/Male/Black/Rooster,1,Raul Gomes Marcello,Ribeiro Jiu-Jitsu Brasil
Rio Summer International Open Jiu-Jitsu No-Gi 2016,Adult/Male/Black/Rooster,2,Pedro Oliveira,Zenith / PRBJJ
Rio Summer International Open Jiu-Jitsu No-Gi 2016,Adult/Male/Black/Light-Feather,1,Juan Lopes da Silva,PRM Team
Rio Summer International Open Jiu-Jitsu No-Gi 2016,Adult/Male/Black/Light-Feather,2,Rodrigo Silva Barbosa,Carioca Brazilian Jiu-Jitsu
Rio Summer International Open Jiu-Jitsu No-Gi 2016,Adult/Male/Black/Feather,1,Felipe Brito de Senna,Fight Brothers
Rio Summer International Open Jiu-Jitsu No-Gi 2016,Adult/Male/Black/Feather,2,Fabio Murat Caloi,Alliance
Rio Summer International Open Jiu-Jitsu No-Gi 2016,Adult/Male/Black/Feather,3,Luã da Silva Texeira,Top Brother
Rio Summer International Open Jiu-Jitsu No-Gi 2016,Adult/Male/Black/Middle,1,Luan de Carvalho Alves,Nova União
Rio Summer International Open Jiu-Jitsu No-Gi 2016,Adult/Male/Black/Middle,2,Pedro Alcântara Falcão Filho,Nova União/NU
Rio Summer International Open Jiu-Jitsu No-Gi 2016,Adult/Male/Black/Middle,3,Marco Aurellio de Queiroz,Akxe BJJ
Rio Summer International Open Jiu-Jitsu No-Gi 2016,Adult/Male/Black/Middle,3,Robson Alan Maia Borges,Alliance
Rio Summer International Open Jiu-Jitsu No-Gi 2016,Adult/Male/Black/Medium-Heavy,1,Bruno Ferreira Cuppari,Academia Eduardo Santoro
Rio Summer International Open Jiu-Jitsu No-Gi 2016,Adult/Male/Black/Medium-Heavy,2,Gabriel Alves de Lima,Equipe GTT/IST
Rio Summer International Open Jiu-Jitsu No-Gi 2016,Adult/Male/Black/Medium-Heavy,3,Matheus Santos de Souza,Hélio Soneca Brazilian JJ
Rio Summer International Open Jiu-Jitsu No-Gi 2016,Adult/Male/Black/Medium-Heavy,3,Paulo César Ledesma,Atos Jiu-Jitsu
Rio Summer International Open Jiu-Jitsu No-Gi 2016,Adult/Male/Black/Heavy,1,Diego Dias Ramalho,Gracie Barra
Rio Summer International Open Jiu-Jitsu No-Gi 2016,Adult/Male/Black/Heavy,2,Marcos Aurélio Goulart Alves Junior,Game Fight BJJ/Manimal
Rio Summer International Open Jiu-Jitsu No-Gi 2016,Adult/Male/Black/Heavy,3,Diogo Almeida Silva,Ryan Gracie Team
Rio Summer International Open Jiu-Jitsu No-Gi 2016,Adult/Male/Black/Heavy,3,Isaac Toledo Dull,Gracie Barra
Rio Summer International Open Jiu-Jitsu No-Gi 2016,Adult/Male/Black/Super-Heavy,1,Cássio Francis da Silva,Gracie Barra
Rio Summer International Open Jiu-Jitsu No-Gi 2016,Adult/Male/Black/Super-Heavy,2,Romes Pereira Ramos Junior,Rio Grappling Club
Rio Summer International Open Jiu-Jitsu No-Gi 2016,Adult/Male/Black/Super-Heavy,3,Márcio Santos da Silva,Equipe GTT/IST
Rio Summer International Open Jiu-Jitsu No-Gi 2016,Adult/Male/Black/Super-Heavy,3,Thiago Cidro dos Santos,GF Team
Rio Summer International Open Jiu-Jitsu No-Gi 2016,Adult/Male/Black/Ultra-Heavy,1,Otavio Tome Serafim,BARBOSA JIU-JITSU
Rio Summer International Open Jiu-Jitsu No-Gi 2016,Adult/Male/Black/Ultra-Heavy,2,Luiz Felipe Teixeira dos Santos,GF Team
Rio Summer International Open Jiu-Jitsu No-Gi 2016,Adult/Male/Black/Ultra-Heavy,3,Leonardo Rocha da Cunha,Nova União
Rio Summer International Open Jiu-Jitsu No-Gi 2016,Adult/Male/Black/Ultra-Heavy,3,Raul Fernandes Almeida,Nova União
Rio Summer International Open Jiu-Jitsu No-Gi 2016,Adult/Male/Black/OpenClass,1,Cássio Francis da Silva,Gracie Barra
Rio Summer International Open Jiu-Jitsu No-Gi 2016,Adult/Male/Black/OpenClass,2,Luiz Felipe Teixeira dos Santos,GF Team
Rio Summer International Open Jiu-Jitsu No-Gi 2016,Adult/Male/Black/OpenClass,3,Felipe Brito de Senna,Fight Brothers
Rio Summer International Open Jiu-Jitsu No-Gi 2016,Adult/Male/Black/OpenClass,3,Marcos Aurélio Goulart Alves Junior,Game Fight BJJ/Manimal
Rio Summer International Open Jiu-Jitsu No-Gi 2016,Adult/Female/Black/Feather,1,Alliny Karen Silva Santos,Nova União
Rio Summer International Open Jiu-Jitsu No-Gi 2016,Adult/Female/Black/Medium-Heavy,1,Carina Curvelo Santi,G13 BJJ
Rio Summer International Open Jiu-Jitsu No-Gi 2016,Adult/Female/Black/Super-Heavy,1,Carla de Souza Carvalho,Gracie Barra
Rio Summer International Open Jiu-Jitsu No-Gi 2016,Adult/Female/Black/OpenClass,1,Carina Curvelo Santi,G13 BJJ
Rio Summer International Open Jiu-Jitsu No-Gi 2016,Adult/Female/Black/OpenClass,2,Alliny Karen Silva Santos,Nova União
Rio Summer International Open Jiu-Jitsu No-Gi 2016,Adult/Female/Black/OpenClass,3,Carla de Souza Carvalho,Gracie Barra
Rio Summer International Open Jiu-Jitsu No-Gi 2016,Master1/Male/Blue/Rooster,1,Luiz Pierre da Silva Araujo,Gracie Barra
Rio Summer International Open Jiu-Jitsu No-Gi 2016,Master1/Male/Blue/Feather,1,Paulo Lima Alves,Be One EP JJ
Rio Summer International Open Jiu-Jitsu No-Gi 2016,Master1/Male/Blue/Feather,2,Maycon Portes Soares,De La Riva JJ
Rio Summer International Open Jiu-Jitsu No-Gi 2016,Master1/Male/Blue/Light,1,Jean Paul Verme Adrianzén,Gracie Barra
Rio Summer International Open Jiu-Jitsu No-Gi 2016,Master1/Male/Blue/Light,2,Douglas Antonio de Moraes  Leite,CheckMat
Rio Summer International Open Jiu-Jitsu No-Gi 2016,Master1/Male/Blue/Light,3,Rafael de Andrade Ferreira,014RBJJ
Rio Summer International Open Jiu-Jitsu No-Gi 2016,Master1/Male/Blue/Middle,1,Daniel Godoy Queiroz,Gracie Humaita
Rio Summer International Open Jiu-Jitsu No-Gi 2016,Master1/Male/Blue/Middle,2,Jefferson Felipe Ledesma,Atos Jiu-Jitsu
Rio Summer International Open Jiu-Jitsu No-Gi 2016,Master1/Male/Blue/Middle,3,Alexandre Batista da Conceição,Alliance SP
Rio Summer International Open Jiu-Jitsu No-Gi 2016,Master1/Male/Blue/Medium-Heavy,1,Gabriel Rufino Estrela,BARBOSA JIU-JITSU
Rio Summer International Open Jiu-Jitsu No-Gi 2016,Master1/Male/Blue/Medium-Heavy,2,Robson dos Santos Correa,GF Team
Rio Summer International Open Jiu-Jitsu No-Gi 2016,Master1/Male/Blue/Ultra-Heavy,1,Fabio Vieira dos Santos,Gracie Barra
Rio Summer International Open Jiu-Jitsu No-Gi 2016,Master1/Male/Blue/OpenClass,1,Daniel Godoy Queiroz,Gracie Humaita
Rio Summer International Open Jiu-Jitsu No-Gi 2016,Master1/Male/Blue/OpenClass,2,Jean Paul Verme Adrianzén,Gracie Barra
Rio Summer International Open Jiu-Jitsu No-Gi 2016,Master1/Male/Blue/OpenClass,3,Douglas Antonio de Moraes  Leite,CheckMat
Rio Summer International Open Jiu-Jitsu No-Gi 2016,Master1/Male/Blue/OpenClass,3,Paulo Lima Alves,Be One EP JJ
Rio Summer International Open Jiu-Jitsu No-Gi 2016,Master1/Male/Purple/Light-Feather,1,Windson Fontes Monteiro,Soul Fighters BJJ
Rio Summer International Open Jiu-Jitsu No-Gi 2016,Master1/Male/Purple/Light,1,Edilson de Farias Paulo Junior,Boi Team - Jiu-Jitsu da Serra
Rio Summer International Open Jiu-Jitsu No-Gi 2016,Master1/Male/Purple/Light,2,Alex dos Santos Souza,Sheknah Team
Rio Summer International Open Jiu-Jitsu No-Gi 2016,Master1/Male/Purple/Middle,1,Michel da Silva Oliveira,Top Brother
Rio Summer International Open Jiu-Jitsu No-Gi 2016,Master1/Male/Purple/Middle,2,Leander Sfredo Horvath,Carlson Gracie Clube
Rio Summer International Open Jiu-Jitsu No-Gi 2016,Master1/Male/Purple/Middle,3,Jorge Luiz Branco Mota Junior,Art Combat
Rio Summer International Open Jiu-Jitsu No-Gi 2016,Master1/Male/Purple/Middle,3,Thiago Resendes da Conceicao,Kito - Ryu
Rio Summer International Open Jiu-Jitsu No-Gi 2016,Master1/Male/Purple/Heavy,1,Marcus Vinicius de Souza Ramos,Gracie Humaita
Rio Summer International Open Jiu-Jitsu No-Gi 2016,Master1/Male/Purple/Heavy,2,Romildo Jose Hosken Junior,Pantera Negra
Rio Summer International Open Jiu-Jitsu No-Gi 2016,Master1/Male/Purple/Super-Heavy,1,Ediraldo da Silva Andrade,Gracie Humaita
Rio Summer International Open Jiu-Jitsu No-Gi 2016,Master1/Male/Purple/Super-Heavy,2,Marco Aurélio Ferreira,Centro de Treinamento de Maringá
Rio Summer International Open Jiu-Jitsu No-Gi 2016,Master1/Male/Purple/Ultra-Heavy,1,Bruno Jorge Cortes da Rocha,Nova União
Rio Summer International Open Jiu-Jitsu No-Gi 2016,Master1/Male/Purple/OpenClass,1,Marcus Vinicius de Souza Ramos,Gracie Humaita
Rio Summer International Open Jiu-Jitsu No-Gi 2016,Master1/Male/Purple/OpenClass,2,Marco Aurélio Ferreira,Centro de Treinamento de Maringá
Rio Summer International Open Jiu-Jitsu No-Gi 2016,Master1/Male/Purple/OpenClass,3,Alex dos Santos Souza,Sheknah Team
Rio Summer International Open Jiu-Jitsu No-Gi 2016,Master1/Male/Purple/OpenClass,3,Leander Sfredo Horvath,Carlson Gracie Clube
Rio Summer International Open Jiu-Jitsu No-Gi 2016,Master1/Male/Brown/Feather,1,André  Luiz Muylaert Caetano Paes,Nova União
Rio Summer International Open Jiu-Jitsu No-Gi 2016,Master1/Male/Brown/Feather,2,Bruno Ferreira Da Silva,PRM Team
Rio Summer International Open Jiu-Jitsu No-Gi 2016,Master1/Male/Brown/Light,1,Paulo Henrique Nogueira de Araujo,Gracie Humaita
Rio Summer International Open Jiu-Jitsu No-Gi 2016,Master1/Male/Brown/Light,2,Pablo Pinto de Araujo,Gordo Jiu-Jitsu
Rio Summer International Open Jiu-Jitsu No-Gi 2016,Master1/Male/Brown/Middle,1,Pedro Araujo Jorge de Aguiar,Nova União
Rio Summer International Open Jiu-Jitsu No-Gi 2016,Master1/Male/Brown/Medium-Heavy,1,Rubén  Martinez,Brazilian Fight
Rio Summer International Open Jiu-Jitsu No-Gi 2016,Master1/Male/Brown/Medium-Heavy,2,Alberto Macedo Leal Neto,Nova União
Rio Summer International Open Jiu-Jitsu No-Gi 2016,Master1/Male/Brown/Medium-Heavy,3,Anderson Monteiro Penin,Equipe Totti Jiu-Jitsu
Rio Summer International Open Jiu-Jitsu No-Gi 2016,Master1/Male/Brown/Medium-Heavy,3,Emmanuel Brollo Junior,Nova União
Rio Summer International Open Jiu-Jitsu No-Gi 2016,Master1/Male/Brown/Heavy,1,Marcelo Aparecido Barbosa,Gracie Barra
Rio Summer International Open Jiu-Jitsu No-Gi 2016,Master1/Male/Brown/Heavy,2,Yuri Nunes Abreu Lage,Nova União
Rio Summer International Open Jiu-Jitsu No-Gi 2016,Master1/Male/Brown/OpenClass,1,Rubén  Martinez,Brazilian Fight
Rio Summer International Open Jiu-Jitsu No-Gi 2016,Master1/Male/Brown/OpenClass,2,Emmanuel Brollo Junior,Nova União
Rio Summer International Open Jiu-Jitsu No-Gi 2016,Master1/Male/Brown/OpenClass,3,Pablo Pinto de Araujo,Gordo Jiu-Jitsu
Rio Summer International Open Jiu-Jitsu No-Gi 2016,Master1/Male/Brown/OpenClass,3,Paulo Henrique Nogueira de Araujo,Gracie Humaita
Rio Summer International Open Jiu-Jitsu No-Gi 2016,Master1/Male/Black/Light-Feather,1,Vinicius dos Santos Fonseca,Top Brother
Rio Summer International Open Jiu-Jitsu No-Gi 2016,Master1/Male/Black/Feather,1,Marcelo dos Santos Silva,Marcelo Galo Jiu-Jitsu
Rio Summer International Open Jiu-Jitsu No-Gi 2016,Master1/Male/Black/Feather,2,Ivanildo Rollemberg Lima,Nova União
Rio Summer International Open Jiu-Jitsu No-Gi 2016,Master1/Male/Black/Feather,3,Douglas dos Santos Ferreira Dias,Top Brother
Rio Summer International Open Jiu-Jitsu No-Gi 2016,Master1/Male/Black/Light,1,Lidio Henrique da Silva Santos,GF Team
Rio Summer International Open Jiu-Jitsu No-Gi 2016,Master1/Male/Black/Light,2,Thiago Gonçalves dos Santos,Tata Team JJ
Rio Summer International Open Jiu-Jitsu No-Gi 2016,Master1/Male/Black/Light,3,Rafael Porto da Costa,014RBJJ
Rio Summer International Open Jiu-Jitsu No-Gi 2016,Master1/Male/Black/Light,3,Thiago Nunes Magalhães,Top Brother
Rio Summer International Open Jiu-Jitsu No-Gi 2016,Master1/Male/Black/Middle,1,Anderson da Silva Portugal,GF Team
Rio Summer International Open Jiu-Jitsu No-Gi 2016,Master1/Male/Black/Middle,2,Rafael Carneiro de Miranda,Nova União
Rio Summer International Open Jiu-Jitsu No-Gi 2016,Master1/Male/Black/Middle,3,José Luís Nascimento de Souza Jr,Top Brother
Rio Summer International Open Jiu-Jitsu No-Gi 2016,Master1/Male/Black/Middle,3,Júlio César Soares G. Dias,Gracie Humaitá Teresópolis
Rio Summer International Open Jiu-Jitsu No-Gi 2016,Master1/Male/Black/Medium-Heavy,1,Leonardo Pereira de Sousa,Gracie Barra
Rio Summer International Open Jiu-Jitsu No-Gi 2016,Master1/Male/Black/Medium-Heavy,2,Virgílio Ravazzano José de Castro,Gracie Barra
Rio Summer International Open Jiu-Jitsu No-Gi 2016,Master1/Male/Black/Medium-Heavy,3,Celso Baldow Júnior,Tata Team JJ
Rio Summer International Open Jiu-Jitsu No-Gi 2016,Master1/Male/Black/Medium-Heavy,3,Davi Paula Fidelis,Academia Pitbull
Rio Summer International Open Jiu-Jitsu No-Gi 2016,Master1/Male/Black/Heavy,1,Bruno Ramos Dias Rozena,014RBJJ
Rio Summer International Open Jiu-Jitsu No-Gi 2016,Master1/Male/Black/Heavy,2,Nilton Barbosa de Oliveira Junior,GF Team
Rio Summer International Open Jiu-Jitsu No-Gi 2016,Master1/Male/Black/Heavy,3,Alex De Paula Martins Junior,Top Brother
Rio Summer International Open Jiu-Jitsu No-Gi 2016,Master1/Male/Black/Heavy,3,Peter Santos Andrade Silva,GF Team
Rio Summer International Open Jiu-Jitsu No-Gi 2016,Master1/Male/Black/Super-Heavy,1,Filipe Paes Cabral,Nova União
Rio Summer International Open Jiu-Jitsu No-Gi 2016,Master1/Male/Black/Super-Heavy,2,Claudio dos Santos Iwaki,NU/Nova União
Rio Summer International Open Jiu-Jitsu No-Gi 2016,Master1/Male/Black/Ultra-Heavy,1,Bruno da Silva Sales,Nova União
Rio Summer International Open Jiu-Jitsu No-Gi 2016,Master1/Male/Black/Ultra-Heavy,2,Jeferson Conceição dos Santos,CheckMat
Rio Summer International Open Jiu-Jitsu No-Gi 2016,Master1/Male/Black/Ultra-Heavy,3,Erivan Gonçalves Moura Cavalcante,Nova União
Rio Summer International Open Jiu-Jitsu No-Gi 2016,Master1/Male/Black/Ultra-Heavy,3,Leandro Jorge Pereira Vilar,GF Team
Rio Summer International Open Jiu-Jitsu No-Gi 2016,Master1/Male/Black/OpenClass,1,Filipe Paes Cabral,Nova União
Rio Summer International Open Jiu-Jitsu No-Gi 2016,Master1/Male/Black/OpenClass,2,Leonardo Pereira de Sousa,Gracie Barra
Rio Summer International Open Jiu-Jitsu No-Gi 2016,Master1/Male/Black/OpenClass,3,Bruno Ramos Dias Rozena,014RBJJ
Rio Summer International Open Jiu-Jitsu No-Gi 2016,Master1/Male/Black/OpenClass,3,Thiago Nunes Magalhães,Top Brother
Rio Summer International Open Jiu-Jitsu No-Gi 2016,Master2/Male/Blue/Middle,1,Alessandro Pimenta Krenn,Alexandre Japona
Rio Summer International Open Jiu-Jitsu No-Gi 2016,Master2/Male/Blue/Medium-Heavy,1,Anderson Cardoso Macedo,Top Brother
Rio Summer International Open Jiu-Jitsu No-Gi 2016,Master2/Male/Blue/Medium-Heavy,2,Leonardo Ramos Nascimento,Nova União
Rio Summer International Open Jiu-Jitsu No-Gi 2016,Master2/Male/Blue/Heavy,1,Juan   Carmona,Brazilian Fight
Rio Summer International Open Jiu-Jitsu No-Gi 2016,Master2/Male/Blue/Super-Heavy,1,Wilson Roberto Silva Junior,Alliance
Rio Summer International Open Jiu-Jitsu No-Gi 2016,Master2/Male/Blue/Ultra-Heavy,1,Gustavo Alberto de O. Alves,Brazil 021 School of Jiu-Jitsu BR
Rio Summer International Open Jiu-Jitsu No-Gi 2016,Master2/Male/Blue/OpenClass,1,Wilson Roberto Silva Junior,Alliance
Rio Summer International Open Jiu-Jitsu No-Gi 2016,Master2/Male/Blue/OpenClass,2,Juan   Carmona,Brazilian Fight
Rio Summer International Open Jiu-Jitsu No-Gi 2016,Master2/Male/Blue/OpenClass,3,Alessandro Pimenta Krenn,Alexandre Japona
Rio Summer International Open Jiu-Jitsu No-Gi 2016,Master2/Male/Purple/Feather,1,Thiago Adolpho Boquett,Brigadeiro BJJ - Cascavel
Rio Summer International Open Jiu-Jitsu No-Gi 2016,Master2/Male/Purple/Middle,1,Felipe Barreto Pereira,Nova União
Rio Summer International Open Jiu-Jitsu No-Gi 2016,Master2/Male/Purple/Medium-Heavy,1,Carlos Henrique da Silva,Alexandre Japona
Rio Summer International Open Jiu-Jitsu No-Gi 2016,Master2/Male/Purple/Super-Heavy,1,Emerson Fernando de Lima,Bon Sai JJ
Rio Summer International Open Jiu-Jitsu No-Gi 2016,Master2/Male/Purple/Ultra-Heavy,1,Luciano Alves Pereira,Arte Livre Jiu-Jitsu
Rio Summer International Open Jiu-Jitsu No-Gi 2016,Master2/Male/Purple/Ultra-Heavy,2,Ericson Fabiano Toffanin,BARBOSA JIU-JITSU
Rio Summer International Open Jiu-Jitsu No-Gi 2016,Master2/Male/Purple/Ultra-Heavy,3,Goran Gligorijevic,Gracie Barra
Rio Summer International Open Jiu-Jitsu No-Gi 2016,Master2/Male/Purple/OpenClass,1,Emerson Fernando de Lima,Bon Sai JJ
Rio Summer International Open Jiu-Jitsu No-Gi 2016,Master2/Male/Purple/OpenClass,2,Ericson Fabiano Toffanin,BARBOSA JIU-JITSU
Rio Summer International Open Jiu-Jitsu No-Gi 2016,Master2/Male/Purple/OpenClass,3,Carlos Henrique da Silva,Alexandre Japona
Rio Summer International Open Jiu-Jitsu No-Gi 2016,Master2/Male/Purple/OpenClass,3,Luciano Alves Pereira,Arte Livre Jiu-Jitsu
Rio Summer International Open Jiu-Jitsu No-Gi 2016,Master2/Male/Brown/Light,1,Jofre Gonçalves Nascimento,Nova União
Rio Summer International Open Jiu-Jitsu No-Gi 2016,Master2/Male/Brown/Heavy,1,Alberto Fábio de Andrade,Nova União
Rio Summer International Open Jiu-Jitsu No-Gi 2016,Master2/Male/Brown/Ultra-Heavy,1,Edson Francisco de Paula  Junior,Atos Jiu-Jitsu
Rio Summer International Open Jiu-Jitsu No-Gi 2016,Master2/Male/Brown/OpenClass,1,Edson Francisco de Paula  Junior,Atos Jiu-Jitsu
Rio Summer International Open Jiu-Jitsu No-Gi 2016,Master2/Male/Brown/OpenClass,2,Alberto Fábio de Andrade,Nova União
Rio Summer International Open Jiu-Jitsu No-Gi 2016,Master2/Male/Brown/OpenClass,3,Jofre Gonçalves Nascimento,Nova União
Rio Summer International Open Jiu-Jitsu No-Gi 2016,Master2/Male/Black/Light-Feather,1,Paulo Marcio R. Paulino,Top Brother
Rio Summer International Open Jiu-Jitsu No-Gi 2016,Master2/Male/Black/Light-Feather,2,Marcus Vinicius Zampieri dos Reis,Gracie Barra
Rio Summer International Open Jiu-Jitsu No-Gi 2016,Master2/Male/Black/Feather,1,Leonardo da Silva Rodrigues,Top Brother
Rio Summer International Open Jiu-Jitsu No-Gi 2016,Master2/Male/Black/Feather,2,Alexandro Teixeira Caires,Top Brother
Rio Summer International Open Jiu-Jitsu No-Gi 2016,Master2/Male/Black/Feather,3,Sued dos Santos,Alliance
Rio Summer International Open Jiu-Jitsu No-Gi 2016,Master2/Male/Black/Light,1,Wilson Alves da Silva Júnior,Top Brother
Rio Summer International Open Jiu-Jitsu No-Gi 2016,Master2/Male/Black/Light,2,Vugner Amador da Silva,GF Team Senhor do Bonfim
Rio Summer International Open Jiu-Jitsu No-Gi 2016,Master2/Male/Black/Light,3,Marcelo Ferreira de Oliveira,Mestre Wilson JJ
Rio Summer International Open Jiu-Jitsu No-Gi 2016,Master2/Male/Black/Light,3,Wellington Luiz Xavier,Nova União
Rio Summer International Open Jiu-Jitsu No-Gi 2016,Master2/Male/Black/Middle,1,Guilherme Madeira Goraib,Gracie Humaita
Rio Summer International Open Jiu-Jitsu No-Gi 2016,Master2/Male/Black/Middle,2,Javier Alejandro Cardozo,GF Team Argentina
Rio Summer International Open Jiu-Jitsu No-Gi 2016,Master2/Male/Black/Middle,3,Raphael Silva Mendes de Almeida,Rilion Gracie Pernambuco
Rio Summer International Open Jiu-Jitsu No-Gi 2016,Master2/Male/Black/Middle,3,Ronaldo Drumod Barcelos,Fabricio International Team - FIT
Rio Summer International Open Jiu-Jitsu No-Gi 2016,Master2/Male/Black/Medium-Heavy,1,Washington de Souza Ferreira,Nova União
Rio Summer International Open Jiu-Jitsu No-Gi 2016,Master2/Male/Black/Medium-Heavy,2,Aristotenes Ribeiro Reis,Striker JJ
Rio Summer International Open Jiu-Jitsu No-Gi 2016,Master2/Male/Black/Medium-Heavy,3,Andre Seabra Moyses,Nova União
Rio Summer International Open Jiu-Jitsu No-Gi 2016,Master2/Male/Black/Medium-Heavy,3,Estefano Silva Felipe,Gracie Barra
Rio Summer International Open Jiu-Jitsu No-Gi 2016,Master2/Male/Black/Heavy,1,Fabricio do Couto de Araujo,014RBJJ
Rio Summer International Open Jiu-Jitsu No-Gi 2016,Master2/Male/Black/Super-Heavy,1,Gustavo Lindgren Machado da Silva,Gracie Barra
Rio Summer International Open Jiu-Jitsu No-Gi 2016,Master2/Male/Black/Super-Heavy,2,Felipe Bergamini Cobra,Nova Geração
Rio Summer International Open Jiu-Jitsu No-Gi 2016,Master2/Male/Black/Super-Heavy,3,Arthur Cesar Sampaio Jacintho,GF Team
Rio Summer International Open Jiu-Jitsu No-Gi 2016,Master2/Male/Black/Super-Heavy,3,Giovanni Reis Coutinho Paniccia,Giovanni Reis Team
Rio Summer International Open Jiu-Jitsu No-Gi 2016,Master2/Male/Black/Ultra-Heavy,1,Luiz Fernando Fernandes,Nova União
Rio Summer International Open Jiu-Jitsu No-Gi 2016,Master2/Male/Black/Ultra-Heavy,2,Luiz Nestor Alves da Costa,GF Team
Rio Summer International Open Jiu-Jitsu No-Gi 2016,Master2/Male/Black/Ultra-Heavy,3,Lucio Flavio de Campos,Top Brother
Rio Summer International Open Jiu-Jitsu No-Gi 2016,Master2/Male/Black/Ultra-Heavy,3,Paulo Alexandre de Souza,Brazilian Top Team - Texas
Rio Summer International Open Jiu-Jitsu No-Gi 2016,Master2/Male/Black/OpenClass,1,Fabricio do Couto de Araujo,014RBJJ
Rio Summer International Open Jiu-Jitsu No-Gi 2016,Master2/Male/Black/OpenClass,2,Lucio Flavio de Campos,Top Brother
