Asian Jiu-Jitsu IBJJF Championship 2016,Adult/Male/White/Rooster,1,Felipe Yuji Narasaki,Atos Jiu-Jitsu
Asian Jiu-Jitsu IBJJF Championship 2016,Adult/Male/White/Rooster,2,Wei Heng Poh,Equilibrium Mixed Martial Arts
Asian Jiu-Jitsu IBJJF Championship 2016,Adult/Male/White/Rooster,3,Kok Siang See Tho,FaMA BJJ
Asian Jiu-Jitsu IBJJF Championship 2016,Adult/Male/White/Rooster,3,Lourence John Cabaluna,Over Limit BJJ
Asian Jiu-Jitsu IBJJF Championship 2016,Adult/Male/White/Light-Feather,1,Odgerel Davaadorj,Mongolian BJJ
Asian Jiu-Jitsu IBJJF Championship 2016,Adult/Male/White/Light-Feather,2,Changhee Lee,Ribeiro Jiu-Jitsu
Asian Jiu-Jitsu IBJJF Championship 2016,Adult/Male/White/Light-Feather,3,Admon Nisihara,Bull-Terrier Bonsai
Asian Jiu-Jitsu IBJJF Championship 2016,Adult/Male/White/Light-Feather,3,Ming Shi Sheu,Taiwan BJJ
Asian Jiu-Jitsu IBJJF Championship 2016,Adult/Male/White/Feather,1,Nathan Mark,Renzo Gracie LA
Asian Jiu-Jitsu IBJJF Championship 2016,Adult/Male/White/Feather,2,Luke Croucher,CheckMat
Asian Jiu-Jitsu IBJJF Championship 2016,Adult/Male/White/Feather,3,Petr Belyaev,Atos Jiu-Jitsu
Asian Jiu-Jitsu IBJJF Championship 2016,Adult/Male/White/Feather,3,Stephen Procida,FaMA BJJ
Asian Jiu-Jitsu IBJJF Championship 2016,Adult/Male/White/Light,1,Ryu Junyoung,Sanai Jiu Jitsu Academy
Asian Jiu-Jitsu IBJJF Championship 2016,Adult/Male/White/Light,2,Joshua Hildreth,RABJJ Academy
Asian Jiu-Jitsu IBJJF Championship 2016,Adult/Male/White/Light,3,David Tran,Renzo Gracie LA
Asian Jiu-Jitsu IBJJF Championship 2016,Adult/Male/White/Light,3,Miguel Magsino,Nova União
Asian Jiu-Jitsu IBJJF Championship 2016,Adult/Male/White/Middle,1,Trigo Bruno Yoshio Shiiba,Ogawa Jiu Jitsu
Asian Jiu-Jitsu IBJJF Championship 2016,Adult/Male/White/Middle,2,Tetsuya Numata,Paraestra Koga
Asian Jiu-Jitsu IBJJF Championship 2016,Adult/Male/White/Middle,3,Armand Lubbe,Atos Jiu-Jitsu
Asian Jiu-Jitsu IBJJF Championship 2016,Adult/Male/White/Middle,3,Edward Jacobson,Kowloon BJJ
Asian Jiu-Jitsu IBJJF Championship 2016,Adult/Male/White/Medium-Heavy,1,Marvin Joseph Go  Mariano,CheckMat
Asian Jiu-Jitsu IBJJF Championship 2016,Adult/Male/White/Medium-Heavy,2,Ben Cristovao,Jungle BJJ
Asian Jiu-Jitsu IBJJF Championship 2016,Adult/Male/White/Medium-Heavy,3,Carlos Watanabe,Infight Japan Jiu-Jitsu
Asian Jiu-Jitsu IBJJF Championship 2016,Adult/Male/White/Medium-Heavy,3,Paul Bradley,Hiro BJJ Academy Yokohama
Asian Jiu-Jitsu IBJJF Championship 2016,Adult/Male/White/Heavy,1,Kang Pill Sung,Sanai Jiu Jitsu Academy
Asian Jiu-Jitsu IBJJF Championship 2016,Adult/Male/White/Heavy,2,Kim Dongcheol,Paraestra
Asian Jiu-Jitsu IBJJF Championship 2016,Adult/Male/White/Heavy,3,Brian Garcia,Purebred Jiu Jitsu Guam
Asian Jiu-Jitsu IBJJF Championship 2016,Adult/Male/White/Heavy,3,Tomoaki Matsuda,Tri-Force Jiu-Jitsu Academy
Asian Jiu-Jitsu IBJJF Championship 2016,Adult/Male/White/Super-Heavy,1,Anthony Rivera,Spike 22
Asian Jiu-Jitsu IBJJF Championship 2016,Adult/Male/White/Ultra-Heavy,1,Chinzorig Tseveenregzen,Mongolian BJJ
Asian Jiu-Jitsu IBJJF Championship 2016,Adult/Male/White/Ultra-Heavy,2,John Babauta,Bonsai JJ - Guam
Asian Jiu-Jitsu IBJJF Championship 2016,Adult/Male/White/Ultra-Heavy,3,Ray  Mendoza,Purebred Jiu Jitsu Guam
Asian Jiu-Jitsu IBJJF Championship 2016,Adult/Male/Blue/Rooster,1,Thiago Ueno,Over Limit BJJ
Asian Jiu-Jitsu IBJJF Championship 2016,Adult/Male/Blue/Rooster,2,Shiozaki Bruno Ken de Almeida,CheckMat
Asian Jiu-Jitsu IBJJF Championship 2016,Adult/Male/Blue/Rooster,3,Hiago Ueno,Over Limit BJJ
Asian Jiu-Jitsu IBJJF Championship 2016,Adult/Male/Blue/Rooster,3,Kazuya Omori,Pogona Club Gym
Asian Jiu-Jitsu IBJJF Championship 2016,Adult/Male/Blue/Light-Feather,1,Hakuto Yamamoto,Gracie Barra
Asian Jiu-Jitsu IBJJF Championship 2016,Adult/Male/Blue/Light-Feather,2,Calvin Chua,Impacto Japan B.J.J.
Asian Jiu-Jitsu IBJJF Championship 2016,Adult/Male/Blue/Light-Feather,3,Keita Kobayashi,Carpe Diem
Asian Jiu-Jitsu IBJJF Championship 2016,Adult/Male/Blue/Light-Feather,3,Max Hunter Leali,GF Team International
Asian Jiu-Jitsu IBJJF Championship 2016,Adult/Male/Blue/Feather,1,Matheus Yudi Onda,Tokai Brazilian Jiu-Jitsu
Asian Jiu-Jitsu IBJJF Championship 2016,Adult/Male/Blue/Feather,2,Makoto Suzuki,Carpe Diem
Asian Jiu-Jitsu IBJJF Championship 2016,Adult/Male/Blue/Feather,3,Anderson Heiji Assakawa,Ogawa Jiu Jitsu
Asian Jiu-Jitsu IBJJF Championship 2016,Adult/Male/Blue/Feather,3,Man Jung So,Sanai Jiu Jitsu Academy
Asian Jiu-Jitsu IBJJF Championship 2016,Adult/Male/Blue/Light,1,Igor  Urata,Impacto Japan B.J.J.
Asian Jiu-Jitsu IBJJF Championship 2016,Adult/Male/Blue/Light,2,Luiz Takayama,Tokai Brazilian Jiu-Jitsu
Asian Jiu-Jitsu IBJJF Championship 2016,Adult/Male/Blue/Light,3,Hong Woohee,Carpe Diem
Asian Jiu-Jitsu IBJJF Championship 2016,Adult/Male/Blue/Light,3,Nao Kobayashi,Wajutsu Keisyukai Hearts
Asian Jiu-Jitsu IBJJF Championship 2016,Adult/Male/Blue/Middle,1,Reece Doran,CheckMat
Asian Jiu-Jitsu IBJJF Championship 2016,Adult/Male/Blue/Middle,2,Masashi Toyoda,Checkmat CDJJ Tokyo
Asian Jiu-Jitsu IBJJF Championship 2016,Adult/Male/Blue/Middle,3,Arturas Luskinas,Shanghai BJJ (SHBJJ)
Asian Jiu-Jitsu IBJJF Championship 2016,Adult/Male/Blue/Middle,3,Batbayar Bayarsaikhan,Mongolian BJJ
Asian Jiu-Jitsu IBJJF Championship 2016,Adult/Male/Blue/Medium-Heavy,1,Konstantin Iurchenko,Phuket Top Team - MMA Training Camp Thailand
Asian Jiu-Jitsu IBJJF Championship 2016,Adult/Male/Blue/Medium-Heavy,2,James Matthews,de Been 100% Jiu-Jitsu
Asian Jiu-Jitsu IBJJF Championship 2016,Adult/Male/Blue/Medium-Heavy,3,Koki Ichikawa,Tri-Force Jiu-Jitsu Academy
Asian Jiu-Jitsu IBJJF Championship 2016,Adult/Male/Blue/Medium-Heavy,3,Yunxing Tang,Equilibrium Mixed Martial Arts
Asian Jiu-Jitsu IBJJF Championship 2016,Adult/Male/Blue/Heavy,1,Daiki Sato,Axis Jiu-Jitsu
Asian Jiu-Jitsu IBJJF Championship 2016,Adult/Male/Blue/Heavy,2,Breitegan Paules,Nova União
Asian Jiu-Jitsu IBJJF Championship 2016,Adult/Male/Blue/Heavy,3,Carl Cheung,Hong Kong Jiu-Jitsu
Asian Jiu-Jitsu IBJJF Championship 2016,Adult/Male/Blue/Heavy,3,Marius Lind-olsen,Phuket Top Team - MMA Training Camp Thailand
Asian Jiu-Jitsu IBJJF Championship 2016,Adult/Male/Blue/Super-Heavy,1,Jalal Marafie,CheckMat
Asian Jiu-Jitsu IBJJF Championship 2016,Adult/Male/Blue/Super-Heavy,2,Changhun Choi,Atos Jiu-Jitsu
Asian Jiu-Jitsu IBJJF Championship 2016,Adult/Male/Blue/Super-Heavy,3,Fumiya Abe,Paraestra
Asian Jiu-Jitsu IBJJF Championship 2016,Adult/Male/Blue/Super-Heavy,3,Han Chung Sun,Taiwan BJJ
Asian Jiu-Jitsu IBJJF Championship 2016,Adult/Male/Blue/Ultra-Heavy,1,Byungchul Hwang,Sanai Jiu Jitsu Academy
Asian Jiu-Jitsu IBJJF Championship 2016,Adult/Male/Blue/Ultra-Heavy,2,Joonsung Hwang,Paraestra
Asian Jiu-Jitsu IBJJF Championship 2016,Adult/Male/Blue/Ultra-Heavy,3,Yangkeun Oh,Atos Jiu-Jitsu
Asian Jiu-Jitsu IBJJF Championship 2016,Adult/Male/Blue/OpenClass,1,Matheus Yudi Onda,Tokai Brazilian Jiu-Jitsu
Asian Jiu-Jitsu IBJJF Championship 2016,Adult/Male/Blue/OpenClass,2,Igor  Urata,Impacto Japan B.J.J.
Asian Jiu-Jitsu IBJJF Championship 2016,Adult/Male/Blue/OpenClass,3,Arturas Luskinas,Shanghai BJJ (SHBJJ)
Asian Jiu-Jitsu IBJJF Championship 2016,Adult/Male/Blue/OpenClass,3,Changhun Choi,Atos Jiu-Jitsu
Asian Jiu-Jitsu IBJJF Championship 2016,Adult/Male/Purple/Rooster,1,Kazuyuki Yoshida,Pogona Club Gym
Asian Jiu-Jitsu IBJJF Championship 2016,Adult/Male/Purple/Rooster,2,Yoshitaka Takamatsu,Purebred Kawaguchi Redips
Asian Jiu-Jitsu IBJJF Championship 2016,Adult/Male/Purple/Rooster,3,John David Rejano,Atos Jiu-Jitsu
Asian Jiu-Jitsu IBJJF Championship 2016,Adult/Male/Purple/Rooster,3,Mitsuhiro Shinoda,Tri-Force Jiu-Jitsu Academy
Asian Jiu-Jitsu IBJJF Championship 2016,Adult/Male/Purple/Light-Feather,1,Daiju Yokoyama,Paraestra
Asian Jiu-Jitsu IBJJF Championship 2016,Adult/Male/Purple/Light-Feather,2,Lucas Tahira Cintra,Rocha Jiu Jitsu
Asian Jiu-Jitsu IBJJF Championship 2016,Adult/Male/Purple/Light-Feather,3,Dwight  Tallo,Ribeiro Jiu-Jitsu
Asian Jiu-Jitsu IBJJF Championship 2016,Adult/Male/Purple/Light-Feather,3,Hiroki Sugimoto,Axis Jiu-Jitsu
Asian Jiu-Jitsu IBJJF Championship 2016,Adult/Male/Purple/Feather,1,Robert  Oda De Andrade,Suto Academy
Asian Jiu-Jitsu IBJJF Championship 2016,Adult/Male/Purple/Feather,2,Hyeonwoo Han,Roots Team
Asian Jiu-Jitsu IBJJF Championship 2016,Adult/Male/Purple/Feather,3,Caol Uno,Nexusense
Asian Jiu-Jitsu IBJJF Championship 2016,Adult/Male/Purple/Feather,3,Kazuki Hongo,X-Treme Jiu-Jitsu Academy
Asian Jiu-Jitsu IBJJF Championship 2016,Adult/Male/Purple/Light,1,Moribe  Shinsuke,Purebred Kawaguchi Redips
Asian Jiu-Jitsu IBJJF Championship 2016,Adult/Male/Purple/Light,2,Doowon Seo,Jiu Jitsu World
Asian Jiu-Jitsu IBJJF Championship 2016,Adult/Male/Purple/Light,3,Jaguar Tang (Repetido 145796),Fabricio JJ International
Asian Jiu-Jitsu IBJJF Championship 2016,Adult/Male/Purple/Light,3,Yi Yuan,Equilibrium Mixed Martial Arts
Asian Jiu-Jitsu IBJJF Championship 2016,Adult/Male/Purple/Middle,1,Sanghyeon Lee,Sanai Jiu Jitsu Academy
Asian Jiu-Jitsu IBJJF Championship 2016,Adult/Male/Purple/Middle,2,Angelo Jesus Guerrero-Barden,Atos Jiu-Jitsu
Asian Jiu-Jitsu IBJJF Championship 2016,Adult/Male/Purple/Middle,3,Declan Moody,Bon Sai JJ
Asian Jiu-Jitsu IBJJF Championship 2016,Adult/Male/Purple/Middle,3,Kimura Kevin Yoshio,Infight Japan Jiu-Jitsu
Asian Jiu-Jitsu IBJJF Championship 2016,Adult/Male/Purple/Medium-Heavy,1,Hirosawa Lucas,Infight Japan Jiu-Jitsu
Asian Jiu-Jitsu IBJJF Championship 2016,Adult/Male/Purple/Medium-Heavy,2,Vadim Lupenko,Atos JJ International
Asian Jiu-Jitsu IBJJF Championship 2016,Adult/Male/Purple/Medium-Heavy,3,Bryan Lim,Atos Jiu-Jitsu
Asian Jiu-Jitsu IBJJF Championship 2016,Adult/Male/Purple/Medium-Heavy,3,Jon Benjamin  Batac,Ribeiro Jiu-Jitsu
Asian Jiu-Jitsu IBJJF Championship 2016,Adult/Male/Purple/Heavy,1,Alic Dzevad,Infight Japan Jiu-Jitsu
Asian Jiu-Jitsu IBJJF Championship 2016,Adult/Male/Purple/Heavy,2,Sanni Wehbe,RABJJ Academy
Asian Jiu-Jitsu IBJJF Championship 2016,Adult/Male/Purple/Heavy,3,Hidehiko Noritsugu,Buffalo Jiu-Jitsu
Asian Jiu-Jitsu IBJJF Championship 2016,Adult/Male/Purple/Heavy,3,Myunghyun Kang,Ratel BJJ
Asian Jiu-Jitsu IBJJF Championship 2016,Adult/Male/Purple/Ultra-Heavy,1,Rashid Matthews-Hall,Gracie Elite Team America
Asian Jiu-Jitsu IBJJF Championship 2016,Adult/Male/Purple/OpenClass,1,Alic Dzevad,Infight Japan Jiu-Jitsu
Asian Jiu-Jitsu IBJJF Championship 2016,Adult/Male/Purple/OpenClass,2,Hirosawa Lucas,Infight Japan Jiu-Jitsu
Asian Jiu-Jitsu IBJJF Championship 2016,Adult/Male/Purple/OpenClass,3,Hidehiko Noritsugu,Buffalo Jiu-Jitsu
Asian Jiu-Jitsu IBJJF Championship 2016,Adult/Male/Purple/OpenClass,3,Yi Yuan,Equilibrium Mixed Martial Arts
Asian Jiu-Jitsu IBJJF Championship 2016,Adult/Male/Brown/Rooster,1,Kai Yan Cheng,Hong Kong Jiu-Jitsu
Asian Jiu-Jitsu IBJJF Championship 2016,Adult/Male/Brown/Rooster,2,Nobuhiro Sawada,Tri-Force Jiu-Jitsu Academy
Asian Jiu-Jitsu IBJJF Championship 2016,Adult/Male/Brown/Rooster,3,Taisuke Katayama,Carpe Diem
Asian Jiu-Jitsu IBJJF Championship 2016,Adult/Male/Brown/Light-Feather,1,Gyeongseop Lee,Tri-Force Jiu-Jitsu Academy
Asian Jiu-Jitsu IBJJF Championship 2016,Adult/Male/Brown/Light-Feather,2,Eros Vincent Baluyot,Atos Jiu-Jitsu
Asian Jiu-Jitsu IBJJF Championship 2016,Adult/Male/Brown/Light-Feather,3,Junpei Kawasaki,Paraestra
Asian Jiu-Jitsu IBJJF Championship 2016,Adult/Male/Brown/Light-Feather,3,Nilton Dos Santos Queiroz Junior,Impacto Japan B.J.J.
Asian Jiu-Jitsu IBJJF Championship 2016,Adult/Male/Brown/Feather,1,Bareum Lee,Roots Team
Asian Jiu-Jitsu IBJJF Championship 2016,Adult/Male/Brown/Feather,2,Kevin Joseph Cruz,Carlson Gracie International
Asian Jiu-Jitsu IBJJF Championship 2016,Adult/Male/Brown/Feather,3,Koya Okazaki,Carpe Diem
Asian Jiu-Jitsu IBJJF Championship 2016,Adult/Male/Brown/Feather,3,Yuki Iura,Team Barbosa Japan Tokyo
Asian Jiu-Jitsu IBJJF Championship 2016,Adult/Male/Brown/Light,1,Robson Enciso Takano,Damm Fight Japan
Asian Jiu-Jitsu IBJJF Championship 2016,Adult/Male/Brown/Light,2,Gen Adachi,Pogona Club Gym
Asian Jiu-Jitsu IBJJF Championship 2016,Adult/Male/Brown/Light,3,Keita Inoue,Grounnd Core
Asian Jiu-Jitsu IBJJF Championship 2016,Adult/Male/Brown/Light,3,Naofumi Geki,Itadaki Jiu-Jitsu
Asian Jiu-Jitsu IBJJF Championship 2016,Adult/Male/Brown/Middle,1,Thomas John Keenan,GD Jiu-Jitsu Association
Asian Jiu-Jitsu IBJJF Championship 2016,Adult/Male/Brown/Middle,2,Adrian Guggenheim,Atos Jiu-Jitsu
Asian Jiu-Jitsu IBJJF Championship 2016,Adult/Male/Brown/Middle,3,Conor Patrick Waffle,Relson Gracie
Asian Jiu-Jitsu IBJJF Championship 2016,Adult/Male/Brown/Middle,3,Thomas Mietz,Carpe Diem
Asian Jiu-Jitsu IBJJF Championship 2016,Adult/Male/Brown/Medium-Heavy,1,Dominique L. Bell,Atos Jiu-Jitsu
Asian Jiu-Jitsu IBJJF Championship 2016,Adult/Male/Brown/Medium-Heavy,2,Hyeon Rae Lee,KJ Competition Team
Asian Jiu-Jitsu IBJJF Championship 2016,Adult/Male/Brown/Heavy,1,Erikson Rafael Tavares Takeushi,Impacto Japan B.J.J.
Asian Jiu-Jitsu IBJJF Championship 2016,Adult/Male/Brown/Heavy,2,Du Yunlai,Gracie Barra
Asian Jiu-Jitsu IBJJF Championship 2016,Adult/Male/Brown/Ultra-Heavy,1,Joshua Dominic Guerra,GD Jiu-Jitsu Association
Asian Jiu-Jitsu IBJJF Championship 2016,Adult/Male/Brown/Ultra-Heavy,2,Hyungcheul Kim,Atos Jiu-Jitsu
Asian Jiu-Jitsu IBJJF Championship 2016,Adult/Male/Brown/OpenClass,1,Dominique L. Bell,Atos Jiu-Jitsu
Asian Jiu-Jitsu IBJJF Championship 2016,Adult/Male/Brown/OpenClass,2,Thomas Mietz,Carpe Diem
Asian Jiu-Jitsu IBJJF Championship 2016,Adult/Male/Brown/OpenClass,3,Du Yunlai,Gracie Barra
Asian Jiu-Jitsu IBJJF Championship 2016,Adult/Male/Brown/OpenClass,3,Joshua Dominic Guerra,GD Jiu-Jitsu Association
Asian Jiu-Jitsu IBJJF Championship 2016,Adult/Male/Black/Rooster,1,Tomoyuki Hashimoto,Carpe Diem
Asian Jiu-Jitsu IBJJF Championship 2016,Adult/Male/Black/Rooster,2,Koji Shibamoto,Tri-Force Jiu-Jitsu Academy
Asian Jiu-Jitsu IBJJF Championship 2016,Adult/Male/Black/Rooster,3,Masaaki Todokoro,Paraestra
Asian Jiu-Jitsu IBJJF Championship 2016,Adult/Male/Black/Rooster,3,Taro Kimura,Dragon's Den
Asian Jiu-Jitsu IBJJF Championship 2016,Adult/Male/Black/Light-Feather,1,Yuta Shimada,Nexusense
Asian Jiu-Jitsu IBJJF Championship 2016,Adult/Male/Black/Light-Feather,2,Kazuhiro Miyachi,Shooto Gym Roots
Asian Jiu-Jitsu IBJJF Championship 2016,Adult/Male/Black/Light-Feather,3,Hideyuki Yamada,Tri-Force Jiu-Jitsu Academy
Asian Jiu-Jitsu IBJJF Championship 2016,Adult/Male/Black/Light-Feather,3,Rene Eduardo Lopez,Dunham Jiu-Jitsu
Asian Jiu-Jitsu IBJJF Championship 2016,Adult/Male/Black/Feather,1,Daisuke Shiraki,Carpe Diem Hope
Asian Jiu-Jitsu IBJJF Championship 2016,Adult/Male/Black/Feather,2,Wanki Chae,John Frankl Jiu-Jitsu
Asian Jiu-Jitsu IBJJF Championship 2016,Adult/Male/Black/Feather,3,Charles Gaspar Costa,Impacto Japan B.J.J.
Asian Jiu-Jitsu IBJJF Championship 2016,Adult/Male/Black/Feather,3,Ichitaro Tsukada,Damm Fight Japan
Asian Jiu-Jitsu IBJJF Championship 2016,Adult/Male/Black/Light,1,Rodrigo Benedito Caporal,Atos Jiu-Jitsu
Asian Jiu-Jitsu IBJJF Championship 2016,Adult/Male/Black/Light,2,Masahiro Iwasaki,Carpe Diem
Asian Jiu-Jitsu IBJJF Championship 2016,Adult/Male/Black/Light,3,Akira Hosokawa,Carpe Diem
Asian Jiu-Jitsu IBJJF Championship 2016,Adult/Male/Black/Light,3,Tanno Robson Odilio,Infight Japan Jiu-Jitsu
Asian Jiu-Jitsu IBJJF Championship 2016,Adult/Male/Black/Middle,1,Roberto Satoshi de Souza,Atos Jiu-Jitsu
Asian Jiu-Jitsu IBJJF Championship 2016,Adult/Male/Black/Middle,2,Rodrigo Gonçalves Martins Teixeira,GF Team International
Asian Jiu-Jitsu IBJJF Championship 2016,Adult/Male/Black/Middle,3,Alexandre Ogawa,Ogawa Jiu Jitsu
Asian Jiu-Jitsu IBJJF Championship 2016,Adult/Male/Black/Middle,3,Michael Remiglio Liera Jr.,Atos Jiu-Jitsu
Asian Jiu-Jitsu IBJJF Championship 2016,Adult/Male/Black/Medium-Heavy,1,Claudio Calasans Camargo Júnior,Atos Jiu-Jitsu
Asian Jiu-Jitsu IBJJF Championship 2016,Adult/Male/Black/Medium-Heavy,2,Alec Jerrod Baulding,Alliance Atlanta
Asian Jiu-Jitsu IBJJF Championship 2016,Adult/Male/Black/Medium-Heavy,3,Leandro de Souza Kussano,Over Limit BJJ
Asian Jiu-Jitsu IBJJF Championship 2016,Adult/Male/Black/Medium-Heavy,3,Nathan Albrecht Mendelsohn,Coalition 95
Asian Jiu-Jitsu IBJJF Championship 2016,Adult/Male/Black/Heavy,1,Vitor Fabio Martins Toledo,Atos Jiu-Jitsu
Asian Jiu-Jitsu IBJJF Championship 2016,Adult/Male/Black/Heavy,2,Renato Cecílio Silva,Southside Brazilian Jiu-Jitsu
Asian Jiu-Jitsu IBJJF Championship 2016,Adult/Male/Black/Heavy,3,Reid James Reale,de Been 100% Jiu-Jitsu
Asian Jiu-Jitsu IBJJF Championship 2016,Adult/Male/Black/Heavy,3,Vicente Gomes C. N. Cavalcanti,Southside Brazilian Jiu-Jitsu
Asian Jiu-Jitsu IBJJF Championship 2016,Adult/Male/Black/Super-Heavy,1,Eliot Andrew Kelly,Yemaso Brazilian Jiu-Jitsu
Asian Jiu-Jitsu IBJJF Championship 2016,Adult/Male/Black/Super-Heavy,2,Felipe Menezes Bueno,Alliance SP
Asian Jiu-Jitsu IBJJF Championship 2016,Adult/Male/Black/Super-Heavy,3,Julio Augusto Gomes Guerra,Gracie Barra
Asian Jiu-Jitsu IBJJF Championship 2016,Adult/Male/Black/Super-Heavy,3,Luan Chirano Arouca,Ogawa Jiu Jitsu
Asian Jiu-Jitsu IBJJF Championship 2016,Adult/Male/Black/Ultra-Heavy,1,Hideki Sekine,Atos Jiu-Jitsu
Asian Jiu-Jitsu IBJJF Championship 2016,Adult/Male/Black/Ultra-Heavy,2,Joseph Moku Kahawai Jr.,Atos Jiu-Jitsu
Asian Jiu-Jitsu IBJJF Championship 2016,Adult/Male/Black/Ultra-Heavy,3,Hyun Kab Park,John Frankl Jiu-Jitsu
Asian Jiu-Jitsu IBJJF Championship 2016,Adult/Male/Black/Ultra-Heavy,3,Martin Johannes Gobel,GCP Godzilla Competition Project
Asian Jiu-Jitsu IBJJF Championship 2016,Adult/Male/Black/OpenClass,1,Claudio Calasans Camargo Júnior,Atos Jiu-Jitsu
Asian Jiu-Jitsu IBJJF Championship 2016,Adult/Male/Black/OpenClass,2,Leandro de Souza Kussano,Over Limit BJJ
Asian Jiu-Jitsu IBJJF Championship 2016,Adult/Male/Black/OpenClass,3,Eliot Andrew Kelly,Yemaso Brazilian Jiu-Jitsu
Asian Jiu-Jitsu IBJJF Championship 2016,Adult/Male/Black/OpenClass,3,Nathan Albrecht Mendelsohn,Coalition 95
Asian Jiu-Jitsu IBJJF Championship 2016,Adult/Female/White/Rooster,1,Daniella Palanca,Checkmat CDJJ Tokyo
Asian Jiu-Jitsu IBJJF Championship 2016,Adult/Female/White/Rooster,2,Lisa Katsura,Max Jiu Jitsu Academy
Asian Jiu-Jitsu IBJJF Championship 2016,Adult/Female/White/Rooster,3,Marie Miwa,Carpe Diem
Asian Jiu-Jitsu IBJJF Championship 2016,Adult/Female/White/Rooster,3,Vanessa Zyra Bayudan,Purebred Jiu Jitsu Guam
Asian Jiu-Jitsu IBJJF Championship 2016,Adult/Female/White/Light-Feather,1,Yanglu Zhang,Shanghai BJJ (SHBJJ)
Asian Jiu-Jitsu IBJJF Championship 2016,Adult/Female/White/Light-Feather,2,Yi Wen Lai,Taiwan BJJ
Asian Jiu-Jitsu IBJJF Championship 2016,Adult/Female/White/Light-Feather,3,Suyeon Lee,John Frankl Jiu-Jitsu
Asian Jiu-Jitsu IBJJF Championship 2016,Adult/Female/White/Light-Feather,3,Takata Nagisa,Impacto Japan B.J.J.
Asian Jiu-Jitsu IBJJF Championship 2016,Adult/Female/White/Feather,1,Rebecca Bursnoll,Lucio Sergio BJJ Lifestyle
Asian Jiu-Jitsu IBJJF Championship 2016,Adult/Female/White/Feather,2,Eunju Shin,Clark Gracie Team International
Asian Jiu-Jitsu IBJJF Championship 2016,Adult/Female/White/Feather,3,Miriam Katayama,Katayama Jiu-Jitsu
Asian Jiu-Jitsu IBJJF Championship 2016,Adult/Female/White/Feather,3,Saiko Sugawara,Strapple
Asian Jiu-Jitsu IBJJF Championship 2016,Adult/Female/White/Light,1,Iris Karjalainen,Frota Team Nogueira
Asian Jiu-Jitsu IBJJF Championship 2016,Adult/Female/White/Light,2,Kara Duenas,Purebred Jiu Jitsu Guam
Asian Jiu-Jitsu IBJJF Championship 2016,Adult/Female/White/Light,3,Amanda Castro,Bonsai JJ - Guam
Asian Jiu-Jitsu IBJJF Championship 2016,Adult/Female/White/Light,3,Winnie Ng,GF Team International
Asian Jiu-Jitsu IBJJF Championship 2016,Adult/Female/White/Middle,1,Kim Jisoo,KJ Competition Team
Asian Jiu-Jitsu IBJJF Championship 2016,Adult/Female/White/Middle,2,Patrisha Ann Manlulu,Carlson Gracie International
Asian Jiu-Jitsu IBJJF Championship 2016,Adult/Female/White/Middle,3,Sarah Jane McCann,Purebred Omiya
Asian Jiu-Jitsu IBJJF Championship 2016,Adult/Female/White/Middle,3,Tishana Sablan,Bonsai JJ - Guam
Asian Jiu-Jitsu IBJJF Championship 2016,Adult/Female/White/Medium-Heavy,1,Emilie Ocampo,Bonsai JJ - Guam
Asian Jiu-Jitsu IBJJF Championship 2016,Adult/Female/White/Medium-Heavy,2,Brogan Rogers,CheckMat
Asian Jiu-Jitsu IBJJF Championship 2016,Adult/Female/White/Heavy,1,Jessica Wellmaker,RABJJ Academy
Asian Jiu-Jitsu IBJJF Championship 2016,Adult/Female/White/Heavy,2,Danjie Zhou,Gracie Barra
Asian Jiu-Jitsu IBJJF Championship 2016,Adult/Female/White/Super-Heavy,1,Jesseca  Valencia,Purebred Jiu Jitsu Guam
Asian Jiu-Jitsu IBJJF Championship 2016,Adult/Female/Blue/Rooster,1,Haruki Ishiguro,Bull-Terrier Bonsai
Asian Jiu-Jitsu IBJJF Championship 2016,Adult/Female/Blue/Rooster,2,Betty Hu,Atos Jiu-Jitsu
Asian Jiu-Jitsu IBJJF Championship 2016,Adult/Female/Blue/Rooster,3,Denise Joanna Tan,Atos Jiu-Jitsu
Asian Jiu-Jitsu IBJJF Championship 2016,Adult/Female/Blue/Rooster,3,Lauren Thompson,Maromba Academia International
Asian Jiu-Jitsu IBJJF Championship 2016,Adult/Female/Blue/Light-Feather,1,Dasom  Seo,Clark Gracie Team International
Asian Jiu-Jitsu IBJJF Championship 2016,Adult/Female/Blue/Light-Feather,2,Hong  Yunha,De La Riva International
Asian Jiu-Jitsu IBJJF Championship 2016,Adult/Female/Blue/Light-Feather,3,Sue-ann Tan,GF Team International
Asian Jiu-Jitsu IBJJF Championship 2016,Adult/Female/Blue/Light-Feather,3,Yoon Min Bae,John Frankl Jiu-Jitsu
Asian Jiu-Jitsu IBJJF Championship 2016,Adult/Female/Blue/Feather,1,Dayana  Huruta,Over Limit BJJ
Asian Jiu-Jitsu IBJJF Championship 2016,Adult/Female/Blue/Feather,2,Jisun Kim,Roots BJJ
Asian Jiu-Jitsu IBJJF Championship 2016,Adult/Female/Blue/Feather,3,Kanani Guerra,GD Jiu-Jitsu Association
Asian Jiu-Jitsu IBJJF Championship 2016,Adult/Female/Blue/Feather,3,Sarah  Flores,GD Jiu-Jitsu Association
Asian Jiu-Jitsu IBJJF Championship 2016,Adult/Female/Blue/Light,1,Ching Wen Huang,Clube Deportivo Lince Team
Asian Jiu-Jitsu IBJJF Championship 2016,Adult/Female/Blue/Light,2,Jan Abigael Tan,BJJ Revolution Team - International
Asian Jiu-Jitsu IBJJF Championship 2016,Adult/Female/Blue/Light,3,Andrea Lois Lao,Atos Jiu-Jitsu
Asian Jiu-Jitsu IBJJF Championship 2016,Adult/Female/Blue/Light,3,Mariia Shamina,Isshin Jiujitsu Academy
Asian Jiu-Jitsu IBJJF Championship 2016,Adult/Female/Blue/Middle,1,Dayeon Lee,John Frankl Jiu-Jitsu
Asian Jiu-Jitsu IBJJF Championship 2016,Adult/Female/Blue/Middle,2,Audrey Kua,FaMA BJJ
Asian Jiu-Jitsu IBJJF Championship 2016,Adult/Female/Blue/Medium-Heavy,1,Otani Miyu,Purebred Sapporo
Asian Jiu-Jitsu IBJJF Championship 2016,Adult/Female/Blue/Super-Heavy,1,Stéphanie Imamura Batista,Over Limit BJJ
Asian Jiu-Jitsu IBJJF Championship 2016,Adult/Female/Blue/OpenClass,1,Otani Miyu,Purebred Sapporo
Asian Jiu-Jitsu IBJJF Championship 2016,Adult/Female/Blue/OpenClass,2,Stéphanie Imamura Batista,Over Limit BJJ
Asian Jiu-Jitsu IBJJF Championship 2016,Adult/Female/Blue/OpenClass,3,Ching Wen Huang,Clube Deportivo Lince Team
Asian Jiu-Jitsu IBJJF Championship 2016,Adult/Female/Blue/OpenClass,3,Jan Abigael Tan,BJJ Revolution Team - International
Asian Jiu-Jitsu IBJJF Championship 2016,Adult/Female/Purple/Rooster,1,Aya Matsumoto,Dragon's Den
Asian Jiu-Jitsu IBJJF Championship 2016,Adult/Female/Purple/Rooster,2,Margarita Prado Ochoa,Atos Jiu-Jitsu
Asian Jiu-Jitsu IBJJF Championship 2016,Adult/Female/Purple/Rooster,3,Kessya Takeuchi Loio,Atos Jiu-Jitsu
Asian Jiu-Jitsu IBJJF Championship 2016,Adult/Female/Purple/Rooster,3,Mika Arakawa,Carpe Diem Nagasaki
Asian Jiu-Jitsu IBJJF Championship 2016,Adult/Female/Purple/Light-Feather,1,Maiko Kurogi,Axis Jiu-Jitsu
Asian Jiu-Jitsu IBJJF Championship 2016,Adult/Female/Purple/Light-Feather,2,Eun Mi Lee,KJ Competition Team
Asian Jiu-Jitsu IBJJF Championship 2016,Adult/Female/Purple/Light-Feather,3,Arlene Lim (repetido 117289),GF Team
Asian Jiu-Jitsu IBJJF Championship 2016,Adult/Female/Purple/Light-Feather,3,Mariko Watanabe,Tri-Force Jiu-Jitsu Academy
Asian Jiu-Jitsu IBJJF Championship 2016,Adult/Female/Purple/Feather,1,Georgina  Contel Gallego,Atos Jiu-Jitsu
Asian Jiu-Jitsu IBJJF Championship 2016,Adult/Female/Purple/Feather,2,Jie Miao,Shanghai BJJ (SHBJJ)
Asian Jiu-Jitsu IBJJF Championship 2016,Adult/Female/Purple/Feather,3,Annie  Ramirez,Checkmat CDJJ Tokyo
Asian Jiu-Jitsu IBJJF Championship 2016,Adult/Female/Purple/Feather,3,Mary Wildner,Legacy
Asian Jiu-Jitsu IBJJF Championship 2016,Adult/Female/Purple/Light,1,Margot Ciccarelli,Atos Jiu-Jitsu
Asian Jiu-Jitsu IBJJF Championship 2016,Adult/Female/Purple/Light,2,jennifer perez,Easton BJJ
Asian Jiu-Jitsu IBJJF Championship 2016,Adult/Female/Purple/Light,3,Apryl  Eppinger,Maromba Academia International
Asian Jiu-Jitsu IBJJF Championship 2016,Adult/Female/Purple/Light,3,Simone Kussano,Over Limit BJJ
Asian Jiu-Jitsu IBJJF Championship 2016,Adult/Female/Purple/Heavy,1,Demi Lee Butler,Maromba Academia International
Asian Jiu-Jitsu IBJJF Championship 2016,Adult/Female/Purple/Heavy,2,Tammy Lorraine Emmsley,GD Jiu-Jitsu Association
Asian Jiu-Jitsu IBJJF Championship 2016,Adult/Female/Purple/Heavy,3,Amelia Lui,Atos Jiu-Jitsu
Asian Jiu-Jitsu IBJJF Championship 2016,Adult/Female/Purple/Heavy,3,Arial Fitzner,Fujita Jiu-Jitsu
Asian Jiu-Jitsu IBJJF Championship 2016,Adult/Female/Purple/OpenClass,1,Georgina  Contel Gallego,Atos Jiu-Jitsu
Asian Jiu-Jitsu IBJJF Championship 2016,Adult/Female/Purple/OpenClass,2,Amelia Lui,Atos Jiu-Jitsu
Asian Jiu-Jitsu IBJJF Championship 2016,Adult/Female/Purple/OpenClass,3,Jie Miao,Shanghai BJJ (SHBJJ)
Asian Jiu-Jitsu IBJJF Championship 2016,Adult/Female/Purple/OpenClass,3,Maiko Kurogi,Axis Jiu-Jitsu
Asian Jiu-Jitsu IBJJF Championship 2016,Adult/Female/Brown/Light-Feather,1,Liwia Gluchowska,Maromba Academia International
Asian Jiu-Jitsu IBJJF Championship 2016,Adult/Female/Brown/Light-Feather,2,Maybelline C. Masuda,Ribeiro Jiu-Jitsu
Asian Jiu-Jitsu IBJJF Championship 2016,Adult/Female/Brown/Feather,1,Kate Wilson,Brazilian Top Team Int.
Asian Jiu-Jitsu IBJJF Championship 2016,Adult/Female/Brown/Feather,2,Carolina Carriello,Gracie Barra
Asian Jiu-Jitsu IBJJF Championship 2016,Adult/Female/Brown/Feather,3,Miki Nakao,Hiro BJJ Academy Yokohama
Asian Jiu-Jitsu IBJJF Championship 2016,Adult/Female/Brown/Light,1,Danielle Renee Alvarez,LEAD BJJ
Asian Jiu-Jitsu IBJJF Championship 2016,Adult/Female/Brown/Light,2,Yuki Kaneko,Paraestra
Asian Jiu-Jitsu IBJJF Championship 2016,Adult/Female/Brown/Light,3,Kath Yamada,Rocha Jiu Jitsu
Asian Jiu-Jitsu IBJJF Championship 2016,Adult/Female/Brown/Light,3,Laura Hondorp,Gracie Barra
Asian Jiu-Jitsu IBJJF Championship 2016,Adult/Female/Brown/OpenClass,1,Carolina Carriello,Gracie Barra
Asian Jiu-Jitsu IBJJF Championship 2016,Adult/Female/Brown/OpenClass,2,Laura Hondorp,Gracie Barra
Asian Jiu-Jitsu IBJJF Championship 2016,Adult/Female/Brown/OpenClass,3,Liwia Gluchowska,Maromba Academia International
Asian Jiu-Jitsu IBJJF Championship 2016,Adult/Female/Brown/OpenClass,3,Maybelline C. Masuda,Ribeiro Jiu-Jitsu
Asian Jiu-Jitsu IBJJF Championship 2016,Adult/Female/Black/Light-Feather,1,Kristina Sofia Puruganan Barlaan,Caio Terra Association
Asian Jiu-Jitsu IBJJF Championship 2016,Adult/Female/Black/Light-Feather,2,Saori Shibamoto,Tri-Force Jiu-Jitsu Academy
Asian Jiu-Jitsu IBJJF Championship 2016,Adult/Female/Black/Light,1,Mackenzie Lynne Dern,Gracie Humaita
Asian Jiu-Jitsu IBJJF Championship 2016,Adult/Female/Black/Middle,1,Isabelle de Souza,Impacto Japan B.J.J.
Asian Jiu-Jitsu IBJJF Championship 2016,Adult/Female/Black/OpenClass,1,Mackenzie Lynne Dern,Gracie Humaita
Asian Jiu-Jitsu IBJJF Championship 2016,Adult/Female/Black/OpenClass,2,Isabelle de Souza,Impacto Japan B.J.J.
Asian Jiu-Jitsu IBJJF Championship 2016,Master1/Male/White/Light-Feather,1,Kim Jin,Jiu-Jitsu Lab
Asian Jiu-Jitsu IBJJF Championship 2016,Master1/Male/White/Light-Feather,2,Choong Hwan Yoo,KJ Competition Team
Asian Jiu-Jitsu IBJJF Championship 2016,Master1/Male/White/Light-Feather,3,Elias Toledo,Ribeiro Jiu-Jitsu
Asian Jiu-Jitsu IBJJF Championship 2016,Master1/Male/White/Light-Feather,3,Ka Lok Chan,BJJ Revolution Team - International
Asian Jiu-Jitsu IBJJF Championship 2016,Master1/Male/White/Feather,1,Ozeki Adriano,Impacto Japan B.J.J.
Asian Jiu-Jitsu IBJJF Championship 2016,Master1/Male/White/Feather,2,Gerald Patrick Suarez,Ribeiro Jiu-Jitsu
Asian Jiu-Jitsu IBJJF Championship 2016,Master1/Male/White/Feather,3,Matthew David Manuel,Ribeiro Jiu-Jitsu
Asian Jiu-Jitsu IBJJF Championship 2016,Master1/Male/White/Feather,3,Ryan Distor,Purebred Jiu Jitsu Guam
Asian Jiu-Jitsu IBJJF Championship 2016,Master1/Male/White/Light,1,Choi Young Dong,Jiu-Jitsu Lab
Asian Jiu-Jitsu IBJJF Championship 2016,Master1/Male/White/Light,2,Dubuc Julien,Nova União
Asian Jiu-Jitsu IBJJF Championship 2016,Master1/Male/White/Light,3,Alexander Benikov,GD Jiu-Jitsu Association
Asian Jiu-Jitsu IBJJF Championship 2016,Master1/Male/White/Light,3,Joshua Sisneros,RABJJ Academy
Asian Jiu-Jitsu IBJJF Championship 2016,Master1/Male/White/Middle,1,Dooyoung Gwon,Atos Jiu-Jitsu
Asian Jiu-Jitsu IBJJF Championship 2016,Master1/Male/White/Middle,2,Jason Tablante,Atos Jiu-Jitsu
Asian Jiu-Jitsu IBJJF Championship 2016,Master1/Male/White/Middle,3,Alex Mckemey,GF Team International
Asian Jiu-Jitsu IBJJF Championship 2016,Master1/Male/White/Middle,3,Christopher Gunn,Tri-Force Jiu-Jitsu Academy
Asian Jiu-Jitsu IBJJF Championship 2016,Master1/Male/White/Medium-Heavy,1,Fernando Benoki,Checkmat CDJJ Tokyo
Asian Jiu-Jitsu IBJJF Championship 2016,Master1/Male/White/Medium-Heavy,2,Bae Jeong Ho,Jiu-Jitsu Lab
Asian Jiu-Jitsu IBJJF Championship 2016,Master1/Male/White/Medium-Heavy,3,Hyun Seok Jung,Clark Gracie Team International
Asian Jiu-Jitsu IBJJF Championship 2016,Master1/Male/White/Medium-Heavy,3,Wonkyo Choi,Clark Gracie Team International
Asian Jiu-Jitsu IBJJF Championship 2016,Master1/Male/White/Heavy,1,Raymond Shinohara,Purebred Jiu Jitsu Guam
Asian Jiu-Jitsu IBJJF Championship 2016,Master1/Male/White/Heavy,2,Kim  Heechul,De La Riva International
Asian Jiu-Jitsu IBJJF Championship 2016,Master1/Male/White/Super-Heavy,1,Oh Se Won,Jiu-Jitsu Lab
Asian Jiu-Jitsu IBJJF Championship 2016,Master1/Male/White/Super-Heavy,2,William Dunkley,BJJ Revolution Team - International
Asian Jiu-Jitsu IBJJF Championship 2016,Master1/Male/White/Super-Heavy,3,Phillip Cruz Jr,Carlson Gracie International
Asian Jiu-Jitsu IBJJF Championship 2016,Master1/Male/White/Ultra-Heavy,1,Eduardo Moriyuki Tamashiro,Impacto Japan B.J.J.
Asian Jiu-Jitsu IBJJF Championship 2016,Master1/Male/White/Ultra-Heavy,2,Ariel De Guzman,Ribeiro Jiu-Jitsu
Asian Jiu-Jitsu IBJJF Championship 2016,Master1/Male/Blue/Rooster,1,Ayashirou Kurisu,Newaza World Shinagawa
Asian Jiu-Jitsu IBJJF Championship 2016,Master1/Male/Blue/Rooster,2,Mohd Fouzein  Mohd Fozi,Team Buda International
Asian Jiu-Jitsu IBJJF Championship 2016,Master1/Male/Blue/Rooster,3,Sakuda Kohhei,Paraestra Chiba
Asian Jiu-Jitsu IBJJF Championship 2016,Master1/Male/Blue/Light-Feather,1,Seho Ma,Clark Gracie Team International
Asian Jiu-Jitsu IBJJF Championship 2016,Master1/Male/Blue/Light-Feather,2,Nobuyuki Nishino,Strapple Waseda Hiruma Dojo
Asian Jiu-Jitsu IBJJF Championship 2016,Master1/Male/Blue/Light-Feather,3,Deokhan Jeong,Atos Jiu-Jitsu
Asian Jiu-Jitsu IBJJF Championship 2016,Master1/Male/Blue/Light-Feather,3,Tathuro Uehara,Nexusense
Asian Jiu-Jitsu IBJJF Championship 2016,Master1/Male/Blue/Feather,1,Lester Yao,Atos Jiu-Jitsu
Asian Jiu-Jitsu IBJJF Championship 2016,Master1/Male/Blue/Feather,2,Elmar John Valmores,Over Limit BJJ
Asian Jiu-Jitsu IBJJF Championship 2016,Master1/Male/Blue/Feather,3,Hiroshi Koshizuka,Tri-Force Jiu-Jitsu Academy
Asian Jiu-Jitsu IBJJF Championship 2016,Master1/Male/Blue/Feather,3,Jerome Husson,Carpe Diem
Asian Jiu-Jitsu IBJJF Championship 2016,Master1/Male/Blue/Light,1,Teru Goto,Infight Japan Jiu-Jitsu
Asian Jiu-Jitsu IBJJF Championship 2016,Master1/Male/Blue/Light,2,Xiao Bo,Gracie Barra
Asian Jiu-Jitsu IBJJF Championship 2016,Master1/Male/Blue/Light,3,Chris Jason Gaffud,Ribeiro Jiu-Jitsu
Asian Jiu-Jitsu IBJJF Championship 2016,Master1/Male/Blue/Light,3,Sylvain Sergent,Tri-Force Jiu-Jitsu Academy
Asian Jiu-Jitsu IBJJF Championship 2016,Master1/Male/Blue/Middle,1,Henry Parker,Atos Jiu-Jitsu
Asian Jiu-Jitsu IBJJF Championship 2016,Master1/Male/Blue/Middle,2,Fred Nagle,BJJ Revolution Team - International
Asian Jiu-Jitsu IBJJF Championship 2016,Master1/Male/Blue/Middle,3,Han Jaegook,De La Riva International
Asian Jiu-Jitsu IBJJF Championship 2016,Master1/Male/Blue/Middle,3,In Kwang Kim,Jiu-Jitsu Lab
Asian Jiu-Jitsu IBJJF Championship 2016,Master1/Male/Blue/Medium-Heavy,1,Sangwoo Oh,Clark Gracie Team International
Asian Jiu-Jitsu IBJJF Championship 2016,Master1/Male/Blue/Medium-Heavy,2,Park  Hyoseong,De La Riva JJ
Asian Jiu-Jitsu IBJJF Championship 2016,Master1/Male/Blue/Medium-Heavy,3,Lee  Jehui,De La Riva International
Asian Jiu-Jitsu IBJJF Championship 2016,Master1/Male/Blue/Medium-Heavy,3,Roy Naquin Naquin,Max Jiu Jitsu Academy
Asian Jiu-Jitsu IBJJF Championship 2016,Master1/Male/Blue/Heavy,1,Alexandre Shin Iti Okamoto,Paraestra
Asian Jiu-Jitsu IBJJF Championship 2016,Master1/Male/Blue/Heavy,2,Manseo Kim,Atos Jiu-Jitsu
Asian Jiu-Jitsu IBJJF Championship 2016,Master1/Male/Blue/Heavy,3,Bernardo Jr. Florendo,Ribeiro Jiu-Jitsu
Asian Jiu-Jitsu IBJJF Championship 2016,Master1/Male/Blue/Heavy,3,Cesar Ikari,Impacto Japan B.J.J.
Asian Jiu-Jitsu IBJJF Championship 2016,Master1/Male/Blue/Super-Heavy,1,Andrew Lewis,Carlson Gracie International
Asian Jiu-Jitsu IBJJF Championship 2016,Master1/Male/Blue/Super-Heavy,2,Kazuya Sakai,Max Jiu Jitsu Academy
Asian Jiu-Jitsu IBJJF Championship 2016,Master1/Male/Blue/Ultra-Heavy,1,Keith Williams,Carlson Gracie International
Asian Jiu-Jitsu IBJJF Championship 2016,Master1/Male/Blue/Ultra-Heavy,2,Naranpurev Jantsanbal,Mongolian BJJ
Asian Jiu-Jitsu IBJJF Championship 2016,Master1/Male/Blue/OpenClass,1,Sangwoo Oh,Clark Gracie Team International
Asian Jiu-Jitsu IBJJF Championship 2016,Master1/Male/Blue/OpenClass,2,Naranpurev Jantsanbal,Mongolian BJJ
Asian Jiu-Jitsu IBJJF Championship 2016,Master1/Male/Blue/OpenClass,3,Keith Williams,Carlson Gracie International
Asian Jiu-Jitsu IBJJF Championship 2016,Master1/Male/Blue/OpenClass,3,Lee  Jehui,De La Riva International
Asian Jiu-Jitsu IBJJF Championship 2016,Master1/Male/Purple/Rooster,1,Gilson Sone,Infight Japan Jiu-Jitsu
Asian Jiu-Jitsu IBJJF Championship 2016,Master1/Male/Purple/Rooster,2,Tomohiko Sato,Tri-Force Jiu-Jitsu Academy
Asian Jiu-Jitsu IBJJF Championship 2016,Master1/Male/Purple/Rooster,3,William Basmayor,Over Limit BJJ
Asian Jiu-Jitsu IBJJF Championship 2016,Master1/Male/Purple/Light-Feather,1,Minjae Kwon,Sanai Jiu Jitsu Academy
Asian Jiu-Jitsu IBJJF Championship 2016,Master1/Male/Purple/Light-Feather,2,Ryan Mohr,Marco Nascimento BJJ
Asian Jiu-Jitsu IBJJF Championship 2016,Master1/Male/Purple/Light-Feather,3,Ray Paul Jardon,Purebred Jiu Jitsu Guam
Asian Jiu-Jitsu IBJJF Championship 2016,Master1/Male/Purple/Light-Feather,3,Stefer Rahardian,Bali & Jakarta MMA
Asian Jiu-Jitsu IBJJF Championship 2016,Master1/Male/Purple/Feather,1,Thiago de Lucas Fernandes,Impacto Japan B.J.J.
Asian Jiu-Jitsu IBJJF Championship 2016,Master1/Male/Purple/Feather,2,hibikimoto hiroaki,Axis Jiu-Jitsu
Asian Jiu-Jitsu IBJJF Championship 2016,Master1/Male/Purple/Feather,3,Lloyd Cubacub,Purebred Jiu Jitsu Guam
Asian Jiu-Jitsu IBJJF Championship 2016,Master1/Male/Purple/Feather,3,Masao Nakatani,Grasco Jiu-Jitsu Academy
Asian Jiu-Jitsu IBJJF Championship 2016,Master1/Male/Purple/Light,1,Silva Tanaka Yasuo,Impacto Japan B.J.J.
Asian Jiu-Jitsu IBJJF Championship 2016,Master1/Male/Purple/Light,2,Rodrigo Kazuo Ozeki,Impacto Japan B.J.J.
Asian Jiu-Jitsu IBJJF Championship 2016,Master1/Male/Purple/Light,3,Danny Kou,Brazil 021 International
Asian Jiu-Jitsu IBJJF Championship 2016,Master1/Male/Purple/Light,3,Kyunghoon Kim,Jiu Jitsu World
Asian Jiu-Jitsu IBJJF Championship 2016,Master1/Male/Purple/Middle,1,Demitri Telfair,Taiwan BJJ
Asian Jiu-Jitsu IBJJF Championship 2016,Master1/Male/Purple/Middle,2,Oliver Hayakawa,CheckMat
Asian Jiu-Jitsu IBJJF Championship 2016,Master1/Male/Purple/Middle,3,Alex Rayos,Renzo Gracie LA
Asian Jiu-Jitsu IBJJF Championship 2016,Master1/Male/Purple/Middle,3,Tomoyuki Suda,Scorpion Gym
Asian Jiu-Jitsu IBJJF Championship 2016,Master1/Male/Purple/Medium-Heavy,1,Denis Gurinenko,Gracie Barra
Asian Jiu-Jitsu IBJJF Championship 2016,Master1/Male/Purple/Medium-Heavy,2,Eleftherios Chalkiadakis,GF Team New Caledonia
Asian Jiu-Jitsu IBJJF Championship 2016,Master1/Male/Purple/Medium-Heavy,3,Raul Fernando Suzuki,Damm Fight Japan
Asian Jiu-Jitsu IBJJF Championship 2016,Master1/Male/Purple/Super-Heavy,1,Idris  Muhaemin,Guigo JJ International
Asian Jiu-Jitsu IBJJF Championship 2016,Master1/Male/Purple/Super-Heavy,2,Takao Kobayashi,Paraestra
Asian Jiu-Jitsu IBJJF Championship 2016,Master1/Male/Purple/Super-Heavy,3,Guilherme Strano Castellan,Alliance SP
Asian Jiu-Jitsu IBJJF Championship 2016,Master1/Male/Purple/Super-Heavy,3,Ricardo  Pena,Impacto Japan B.J.J.
Asian Jiu-Jitsu IBJJF Championship 2016,Master1/Male/Purple/Ultra-Heavy,1,Minwook Kim,Jiu Jitsu World
Asian Jiu-Jitsu IBJJF Championship 2016,Master1/Male/Purple/Ultra-Heavy,2,Rodolfo de Meneses Oliveira,CheckMat
Asian Jiu-Jitsu IBJJF Championship 2016,Master1/Male/Purple/OpenClass,1,Rodolfo de Meneses Oliveira,CheckMat
Asian Jiu-Jitsu IBJJF Championship 2016,Master1/Male/Purple/OpenClass,2,Minjae Kwon,Sanai Jiu Jitsu Academy
Asian Jiu-Jitsu IBJJF Championship 2016,Master1/Male/Purple/OpenClass,3,Demitri Telfair,Taiwan BJJ
Asian Jiu-Jitsu IBJJF Championship 2016,Master1/Male/Purple/OpenClass,3,Thiago de Lucas Fernandes,Impacto Japan B.J.J.
Asian Jiu-Jitsu IBJJF Championship 2016,Master1/Male/Brown/Light-Feather,1,Rintaro Ishige,Carpe Diem
Asian Jiu-Jitsu IBJJF Championship 2016,Master1/Male/Brown/Light-Feather,2,Joseph Woo Sun Lee,Renzo Gracie LA
Asian Jiu-Jitsu IBJJF Championship 2016,Master1/Male/Brown/Light-Feather,3,Bruno Fernando Hiroshi Iamamoto,Impacto Japan B.J.J.
Asian Jiu-Jitsu IBJJF Championship 2016,Master1/Male/Brown/Light-Feather,3,Tetsuo Sugimura,Tri-Force Jiu-Jitsu Academy
Asian Jiu-Jitsu IBJJF Championship 2016,Master1/Male/Brown/Feather,1,Nestor Ponce III,Atos Jiu-Jitsu
Asian Jiu-Jitsu IBJJF Championship 2016,Master1/Male/Brown/Feather,2,Tetsuo Ohkawa,Grabaka Jiu Jitsu Club
Asian Jiu-Jitsu IBJJF Championship 2016,Master1/Male/Brown/Light,1,Won Joon Bae,Jiu-Jitsu Lab
Asian Jiu-Jitsu IBJJF Championship 2016,Master1/Male/Brown/Light,2,Aaron Michael Martinez,Coalition 95
Asian Jiu-Jitsu IBJJF Championship 2016,Master1/Male/Brown/Light,3,Joseph Q. Cruz Jr.,Purebred Jiu Jitsu Guam
Asian Jiu-Jitsu IBJJF Championship 2016,Master1/Male/Brown/Light,3,Scott William Dempster,Zenith BJJ - Australia
Asian Jiu-Jitsu IBJJF Championship 2016,Master1/Male/Brown/Middle,1,Yunus Emre Karasakal,Shanghai BJJ (SHBJJ)
Asian Jiu-Jitsu IBJJF Championship 2016,Master1/Male/Brown/Middle,2,Rodrigo de Souza,Impacto Japan B.J.J.
Asian Jiu-Jitsu IBJJF Championship 2016,Master1/Male/Brown/Medium-Heavy,1,Kim Jin Sung,Sanai Jiu Jitsu Academy
Asian Jiu-Jitsu IBJJF Championship 2016,Master1/Male/Brown/Heavy,1,Marc Vincent Adami,Alliance Marcelo Garcia
Asian Jiu-Jitsu IBJJF Championship 2016,Master1/Male/Brown/Ultra-Heavy,1,Yuji Arai,Over Limit BJJ
Asian Jiu-Jitsu IBJJF Championship 2016,Master1/Male/Brown/OpenClass,1,Marc Vincent Adami,Alliance Marcelo Garcia
Asian Jiu-Jitsu IBJJF Championship 2016,Master1/Male/Brown/OpenClass,2,Yuji Arai,Over Limit BJJ
Asian Jiu-Jitsu IBJJF Championship 2016,Master1/Male/Brown/OpenClass,3,Rodrigo de Souza,Impacto Japan B.J.J.
Asian Jiu-Jitsu IBJJF Championship 2016,Master1/Male/Brown/OpenClass,3,Yunus Emre Karasakal,Shanghai BJJ (SHBJJ)
Asian Jiu-Jitsu IBJJF Championship 2016,Master1/Male/Black/Rooster,1,Takuya Yokoyama,Grabaka Jiu Jitsu Club
Asian Jiu-Jitsu IBJJF Championship 2016,Master1/Male/Black/Rooster,2,Masahiko Morita,Newaza World
Asian Jiu-Jitsu IBJJF Championship 2016,Master1/Male/Black/Light-Feather,1,Jordy A. Jean Antoon Peute,Gracie Barra
Asian Jiu-Jitsu IBJJF Championship 2016,Master1/Male/Black/Light-Feather,2,Taba Agnaldo Massao,Cool Champ Club
Asian Jiu-Jitsu IBJJF Championship 2016,Master1/Male/Black/Light-Feather,3,Kazuya Satoh,Paraestra
Asian Jiu-Jitsu IBJJF Championship 2016,Master1/Male/Black/Light-Feather,3,Yasushi Ookubo,Fellows
Asian Jiu-Jitsu IBJJF Championship 2016,Master1/Male/Black/Feather,1,Carlos Augusto Da Silva Kimura,Impacto Japan B.J.J.
Asian Jiu-Jitsu IBJJF Championship 2016,Master1/Male/Black/Feather,2,Yoshiyuki Oonishi,Purebred Kawaguchi Redips
Asian Jiu-Jitsu IBJJF Championship 2016,Master1/Male/Black/Feather,3,Yasuhito Nakatsuka,Me, We
Asian Jiu-Jitsu IBJJF Championship 2016,Master1/Male/Black/Light,1,Bruno Henrique Amorim,Gracie Barra
Asian Jiu-Jitsu IBJJF Championship 2016,Master1/Male/Black/Light,2,Rogerio Yoski Suto,Impacto Japan B.J.J.
Asian Jiu-Jitsu IBJJF Championship 2016,Master1/Male/Black/Light,3,Donald Max Flowers,Legacy Jiu-Jitsu - Team Alberto Crane
Asian Jiu-Jitsu IBJJF Championship 2016,Master1/Male/Black/Middle,1,Jair Vicente de Moraes Neto,Alliance RJ
Asian Jiu-Jitsu IBJJF Championship 2016,Master1/Male/Black/Middle,2,Hansel Co,de Been 100% Jiu-Jitsu
Asian Jiu-Jitsu IBJJF Championship 2016,Master1/Male/Black/Middle,3,Allan Marcus Ong Co,Ribeiro Jiu-Jitsu
Asian Jiu-Jitsu IBJJF Championship 2016,Master1/Male/Black/Middle,3,Mohammed Yousuf Nabi,CheckMat
Asian Jiu-Jitsu IBJJF Championship 2016,Master1/Male/Black/Medium-Heavy,1,Sadayoshi Roberto Mota Kurimori,Infight Japan Jiu-Jitsu
Asian Jiu-Jitsu IBJJF Championship 2016,Master1/Male/Black/Medium-Heavy,2,Luis Serafim,Atos Jiu-Jitsu
Asian Jiu-Jitsu IBJJF Championship 2016,Master1/Male/Black/Medium-Heavy,3,Lee Geewah Seto,Carlson Gracie International
Asian Jiu-Jitsu IBJJF Championship 2016,Master1/Male/Black/Heavy,1,Paulo Roberto Carvalho M. de Souza Junior,Atos Jiu-Jitsu
Asian Jiu-Jitsu IBJJF Championship 2016,Master1/Male/Black/Heavy,2,Asao Everton Ramos,Impacto Japan B.J.J.
Asian Jiu-Jitsu IBJJF Championship 2016,Master1/Male/Black/Ultra-Heavy,1,Luis Gustavo Leite Galvão,Atos Jiu-Jitsu
Asian Jiu-Jitsu IBJJF Championship 2016,Master1/Male/Black/Ultra-Heavy,2,Rafael Toyofuku,Tozi Jiu Jitsu
Asian Jiu-Jitsu IBJJF Championship 2016,Master1/Male/Black/OpenClass,1,Rogerio Yoski Suto,Impacto Japan B.J.J.
Asian Jiu-Jitsu IBJJF Championship 2016,Master1/Male/Black/OpenClass,2,Bruno Henrique Amorim,Gracie Barra
Asian Jiu-Jitsu IBJJF Championship 2016,Master1/Male/Black/OpenClass,3,Luis Serafim,Atos Jiu-Jitsu
Asian Jiu-Jitsu IBJJF Championship 2016,Master1/Male/Black/OpenClass,3,Sadayoshi Roberto Mota Kurimori,Infight Japan Jiu-Jitsu
Asian Jiu-Jitsu IBJJF Championship 2016,Master1/Female/Blue/Light-Feather,1,Alvina  Lim,Evolve MMA
Asian Jiu-Jitsu IBJJF Championship 2016,Master1/Female/Blue/Light-Feather,2,Natasha Valentine,Bruno y Betinho Madrid
Asian Jiu-Jitsu IBJJF Championship 2016,Master1/Female/Blue/Light-Feather,3,Hyunjin Kim,KJ Competition Team
Asian Jiu-Jitsu IBJJF Championship 2016,Master1/Female/Blue/Light-Feather,3,Paula  Te Kawa,Carlson Gracie International
Asian Jiu-Jitsu IBJJF Championship 2016,Master1/Female/Blue/Feather,1,Katrina Viola Siozon,Ribeiro Jiu-Jitsu
Asian Jiu-Jitsu IBJJF Championship 2016,Master1/Female/Blue/Feather,2,Sin Ying Wong,BJJ Revolution Team - International
Asian Jiu-Jitsu IBJJF Championship 2016,Master1/Female/Blue/Feather,3,Eunkyung Kim,Jiu Jitsu World
Asian Jiu-Jitsu IBJJF Championship 2016,Master1/Female/Blue/Feather,3,Maria Tanya Llana,Atos Jiu-Jitsu
Asian Jiu-Jitsu IBJJF Championship 2016,Master1/Female/Blue/Light,1,Daini Wei,BJJ Revolution Team - International
Asian Jiu-Jitsu IBJJF Championship 2016,Master1/Female/Blue/Light,2,Chaochieh Ma,Taiwan BJJ
Asian Jiu-Jitsu IBJJF Championship 2016,Master1/Female/Blue/Light,3,Catherine Arlin,BJJ Revolution Team - International
Asian Jiu-Jitsu IBJJF Championship 2016,Master1/Female/Blue/Light,3,Younjin Lee,KJ Competition Team
Asian Jiu-Jitsu IBJJF Championship 2016,Master1/Female/Blue/Middle,1,Yoonja Lee,Ribeiro Jiu-Jitsu
Asian Jiu-Jitsu IBJJF Championship 2016,Master1/Female/Blue/Middle,2,Laura Andersson,Alliance
Asian Jiu-Jitsu IBJJF Championship 2016,Master1/Female/Blue/Medium-Heavy,1,Lalanea T. Taitano,Purebred Jiu Jitsu Guam
Asian Jiu-Jitsu IBJJF Championship 2016,Master1/Female/Blue/OpenClass,1,Yoonja Lee,Ribeiro Jiu-Jitsu
Asian Jiu-Jitsu IBJJF Championship 2016,Master1/Female/Blue/OpenClass,2,Lalanea T. Taitano,Purebred Jiu Jitsu Guam
Asian Jiu-Jitsu IBJJF Championship 2016,Master1/Female/Blue/OpenClass,3,Catherine Arlin,BJJ Revolution Team - International
Asian Jiu-Jitsu IBJJF Championship 2016,Master1/Female/Blue/OpenClass,3,Laura Andersson,Alliance
Asian Jiu-Jitsu IBJJF Championship 2016,Master1/Female/Purple/Light-Feather,1,Adriane Tavares  Kimura,Impacto Japan B.J.J.
Asian Jiu-Jitsu IBJJF Championship 2016,Master1/Female/Purple/Light-Feather,2,Arlene Lim Su-Yin,GF Team International
Asian Jiu-Jitsu IBJJF Championship 2016,Master1/Female/Purple/Light-Feather,3,Natsuko Shibuya,Paraestra
Asian Jiu-Jitsu IBJJF Championship 2016,Master1/Female/Purple/Feather,1,Lia Melo Da Silva,Atos Jiu-Jitsu
Asian Jiu-Jitsu IBJJF Championship 2016,Master1/Female/Purple/Feather,2,Kimie Hashinuma,Brave Heart
Asian Jiu-Jitsu IBJJF Championship 2016,Master1/Female/Purple/OpenClass,1,Adriane Tavares  Kimura,Impacto Japan B.J.J.
Asian Jiu-Jitsu IBJJF Championship 2016,Master1/Female/Purple/OpenClass,2,Arlene Lim Su-Yin,GF Team International
Asian Jiu-Jitsu IBJJF Championship 2016,Master1/Female/Purple/OpenClass,3,Natsuko Shibuya,Paraestra
Asian Jiu-Jitsu IBJJF Championship 2016,Master2/Male/White/Light-Feather,1,Kjetil Kun Pyo Ramdal,Frontline Academy
Asian Jiu-Jitsu IBJJF Championship 2016,Master2/Male/White/Light-Feather,2,Kensou Ueyonahara,Axis Jiu-Jitsu
Asian Jiu-Jitsu IBJJF Championship 2016,Master2/Male/White/Light-Feather,3,Akinori Yamamoto,Paraestra
Asian Jiu-Jitsu IBJJF Championship 2016,Master2/Male/White/Light-Feather,3,Sunggon Jun,Jiu Jitsu World
Asian Jiu-Jitsu IBJJF Championship 2016,Master2/Male/White/Feather,1,Pyun  Jeesung,De La Riva International
Asian Jiu-Jitsu IBJJF Championship 2016,Master2/Male/White/Feather,2,Guisun Kim,Ribeiro Jiu-Jitsu
Asian Jiu-Jitsu IBJJF Championship 2016,Master2/Male/White/Feather,3,Anthony Pereda,Purebred Jiu Jitsu Guam
Asian Jiu-Jitsu IBJJF Championship 2016,Master2/Male/White/Feather,3,Yusuke Fujitate,Paraestra
Asian Jiu-Jitsu IBJJF Championship 2016,Master2/Male/White/Light,1,Seung Jae Shin,Clark Gracie Team International
Asian Jiu-Jitsu IBJJF Championship 2016,Master2/Male/White/Light,2,Munkhbayar Namsraijav,Mongolian BJJ
Asian Jiu-Jitsu IBJJF Championship 2016,Master2/Male/White/Light,3,Takeshi Hatta,Paraestra
Asian Jiu-Jitsu IBJJF Championship 2016,Master2/Male/White/Light,3,Walter S Peugh Jr,Purebred Jiu Jitsu Guam
Asian Jiu-Jitsu IBJJF Championship 2016,Master2/Male/White/Middle,1,Mirco Christian Karjalainen,Frota Team Nogueira
Asian Jiu-Jitsu IBJJF Championship 2016,Master2/Male/White/Middle,2,Tommy Yau,Kowloon BJJ
Asian Jiu-Jitsu IBJJF Championship 2016,Master2/Male/White/Middle,3,Cho Jaegil,De La Riva International
Asian Jiu-Jitsu IBJJF Championship 2016,Master2/Male/White/Middle,3,Paulo Isidro,Ribeiro Jiu-Jitsu
Asian Jiu-Jitsu IBJJF Championship 2016,Master2/Male/White/Medium-Heavy,1,Doho Ko,Jiu Jitsu World
Asian Jiu-Jitsu IBJJF Championship 2016,Master2/Male/White/Medium-Heavy,2,George Campbell,Taiwan BJJ
Asian Jiu-Jitsu IBJJF Championship 2016,Master2/Male/White/Medium-Heavy,3,Pavel Lopatkin,Gracie Barra
Asian Jiu-Jitsu IBJJF Championship 2016,Master2/Male/White/Medium-Heavy,3,Tiago Oshikawa,Over Limit BJJ
Asian Jiu-Jitsu IBJJF Championship 2016,Master2/Male/White/Heavy,1,Gonchigjav Bazarjav,Mongolian BJJ
Asian Jiu-Jitsu IBJJF Championship 2016,Master2/Male/White/Heavy,2,Seungyong Yu,John Frankl Jiu-Jitsu
Asian Jiu-Jitsu IBJJF Championship 2016,Master2/Male/White/Super-Heavy,1,Federico Bogna,BJJ Revolution Team - International
Asian Jiu-Jitsu IBJJF Championship 2016,Master2/Male/White/Super-Heavy,2,Antonio Bayot,Ribeiro Jiu-Jitsu
Asian Jiu-Jitsu IBJJF Championship 2016,Master2/Male/Blue/Light-Feather,1,Jason  Mondigo,Over Limit BJJ
Asian Jiu-Jitsu IBJJF Championship 2016,Master2/Male/Blue/Light-Feather,2,Wei Heng Shen,BJJ Revolution Team - International
Asian Jiu-Jitsu IBJJF Championship 2016,Master2/Male/Blue/Light-Feather,3,Soshi Okamoto,Carpe Diem
Asian Jiu-Jitsu IBJJF Championship 2016,Master2/Male/Blue/Light-Feather,3,Yusuke Morishita,Nova União
Asian Jiu-Jitsu IBJJF Championship 2016,Master2/Male/Blue/Feather,1,Daisuke Uchida,Shooto Gym Roots
Asian Jiu-Jitsu IBJJF Championship 2016,Master2/Male/Blue/Feather,2,Atsushi Nishida,Suita Jiu-Jitsu
Asian Jiu-Jitsu IBJJF Championship 2016,Master2/Male/Blue/Feather,3,Ben Ahn,FaMA BJJ
Asian Jiu-Jitsu IBJJF Championship 2016,Master2/Male/Blue/Feather,3,takemi yoshizumi,Carpe Diem
Asian Jiu-Jitsu IBJJF Championship 2016,Master2/Male/Blue/Light,1,Pai Hsien Ming,Taiwan BJJ
Asian Jiu-Jitsu IBJJF Championship 2016,Master2/Male/Blue/Light,2,Horie Wataru,Carpe Diem
Asian Jiu-Jitsu IBJJF Championship 2016,Master2/Male/Blue/Light,3,Michael Leung,BJJ Revolution Team - International
Asian Jiu-Jitsu IBJJF Championship 2016,Master2/Male/Blue/Light,3,Tomohiko Sato,Tri-Force Jiu-Jitsu Academy
Asian Jiu-Jitsu IBJJF Championship 2016,Master2/Male/Blue/Middle,1,Dalton Toyama,Impacto Japan B.J.J.
Asian Jiu-Jitsu IBJJF Championship 2016,Master2/Male/Blue/Middle,2,Brian Apel,Carpe Diem
Asian Jiu-Jitsu IBJJF Championship 2016,Master2/Male/Blue/Middle,3,Michal Hercka,Jungle BJJ
Asian Jiu-Jitsu IBJJF Championship 2016,Master2/Male/Blue/Middle,3,Oliver Graham,BJJ Revolution Team
Asian Jiu-Jitsu IBJJF Championship 2016,Master2/Male/Blue/Medium-Heavy,1,Rodrigo  Pereira,Atos Jiu-Jitsu
Asian Jiu-Jitsu IBJJF Championship 2016,Master2/Male/Blue/Medium-Heavy,2,TOSHIRO SATO,Strapple Waseda Hiruma Dojo
Asian Jiu-Jitsu IBJJF Championship 2016,Master2/Male/Blue/Medium-Heavy,3,Young Sun Ahn,Clark Gracie Team International
Asian Jiu-Jitsu IBJJF Championship 2016,Master2/Male/Blue/Heavy,1,Hee Song Kim,Ratel BJJ
Asian Jiu-Jitsu IBJJF Championship 2016,Master2/Male/Blue/Heavy,2,Steven Archie,Abu Brothers Las Vegas
Asian Jiu-Jitsu IBJJF Championship 2016,Master2/Male/Blue/Heavy,3,Aaron Lu,Ribeiro Jiu-Jitsu
Asian Jiu-Jitsu IBJJF Championship 2016,Master2/Male/Blue/Heavy,3,Adam Vilander,Purebred Jiu Jitsu Guam
Asian Jiu-Jitsu IBJJF Championship 2016,Master2/Male/Blue/Super-Heavy,1,Delgersaikhan Batsaikhan,Mongolian BJJ
Asian Jiu-Jitsu IBJJF Championship 2016,Master2/Male/Blue/Super-Heavy,2,Frankie Perez,Purebred Jiu Jitsu Guam
Asian Jiu-Jitsu IBJJF Championship 2016,Master2/Male/Blue/Super-Heavy,3,Jehan  Jabar,Nova União
Asian Jiu-Jitsu IBJJF Championship 2016,Master2/Male/Blue/Ultra-Heavy,1,Dylan Byerly,Spike 22
Asian Jiu-Jitsu IBJJF Championship 2016,Master2/Male/Blue/Ultra-Heavy,2,Eguchi Hiroaki,Paraestra
Asian Jiu-Jitsu IBJJF Championship 2016,Master2/Male/Blue/OpenClass,1,Rodrigo  Pereira,Atos Jiu-Jitsu
Asian Jiu-Jitsu IBJJF Championship 2016,Master2/Male/Blue/OpenClass,2,Dalton Toyama,Impacto Japan B.J.J.
Asian Jiu-Jitsu IBJJF Championship 2016,Master2/Male/Blue/OpenClass,3,Daisuke Uchida,Shooto Gym Roots
Asian Jiu-Jitsu IBJJF Championship 2016,Master2/Male/Blue/OpenClass,3,Oliver Graham,BJJ Revolution Team
Asian Jiu-Jitsu IBJJF Championship 2016,Master2/Male/Purple/Rooster,1,Nadin Maxiell,Checkmat CDJJ Tokyo
Asian Jiu-Jitsu IBJJF Championship 2016,Master2/Male/Purple/Rooster,2,Seita Horiuchi,Jiu-Jitsu Brothers
Asian Jiu-Jitsu IBJJF Championship 2016,Master2/Male/Purple/Rooster,3,Renato Sato,Impacto Japan B.J.J.
Asian Jiu-Jitsu IBJJF Championship 2016,Master2/Male/Purple/Light-Feather,1,Tomoyuki Tashiro,Paraestra
Asian Jiu-Jitsu IBJJF Championship 2016,Master2/Male/Purple/Light-Feather,2,Shinji Iwai,Checkmat CDJJ Tokyo
Asian Jiu-Jitsu IBJJF Championship 2016,Master2/Male/Purple/Light-Feather,3,Ming Hoi Fai,BJJ Revolution Team - International
Asian Jiu-Jitsu IBJJF Championship 2016,Master2/Male/Purple/Light-Feather,3,Shigeru  Ikezaki,Me, We
Asian Jiu-Jitsu IBJJF Championship 2016,Master2/Male/Purple/Feather,1,Stephen Rey Costes Salazar,Kamphuis - Fabricio JJ
Asian Jiu-Jitsu IBJJF Championship 2016,Master2/Male/Purple/Feather,2,Fumitomo Nakahara,Paraestra
Asian Jiu-Jitsu IBJJF Championship 2016,Master2/Male/Purple/Feather,3,Katsuaki Komatsu,Tri-Force Jiu-Jitsu Academy
Asian Jiu-Jitsu IBJJF Championship 2016,Master2/Male/Purple/Feather,3,Takadama Toshikatsu,Free & Free
Asian Jiu-Jitsu IBJJF Championship 2016,Master2/Male/Purple/Light,1,Joey Lepiten,Ribeiro Jiu-Jitsu
Asian Jiu-Jitsu IBJJF Championship 2016,Master2/Male/Purple/Light,2,Yasuyuki Nishi,Carpe Diem
Asian Jiu-Jitsu IBJJF Championship 2016,Master2/Male/Purple/Light,3,Ryu Kanno,Paraestra
Asian Jiu-Jitsu IBJJF Championship 2016,Master2/Male/Purple/Light,3,Toshiyuki Nagahara,Paraestra
Asian Jiu-Jitsu IBJJF Championship 2016,Master2/Male/Purple/Middle,1,Daisuke Ushimaru,Impacto Japan B.J.J.
Asian Jiu-Jitsu IBJJF Championship 2016,Master2/Male/Purple/Middle,2,Ryu Seung Mok,Ratel BJJ
Asian Jiu-Jitsu IBJJF Championship 2016,Master2/Male/Purple/Middle,3,Bokun Kim,CheckMat
Asian Jiu-Jitsu IBJJF Championship 2016,Master2/Male/Purple/Middle,3,Michael Romeo,GD Jiu-Jitsu Association
Asian Jiu-Jitsu IBJJF Championship 2016,Master2/Male/Purple/Medium-Heavy,1,Sergey Vedenev,Gracie Barra
Asian Jiu-Jitsu IBJJF Championship 2016,Master2/Male/Purple/Medium-Heavy,2,Nicola Pantone,Nova União
Asian Jiu-Jitsu IBJJF Championship 2016,Master2/Male/Purple/Medium-Heavy,3,Seunghyun Lee,Jiu Jitsu World
Asian Jiu-Jitsu IBJJF Championship 2016,Master2/Male/Purple/Heavy,1,Hidenori Kuwano,Takatsuki Jiu-Jitsu
Asian Jiu-Jitsu IBJJF Championship 2016,Master2/Male/Purple/Heavy,2,Ning Zhang,Shanghai BJJ (SHBJJ)
Asian Jiu-Jitsu IBJJF Championship 2016,Master2/Male/Purple/OpenClass,1,Daisuke Ushimaru,Impacto Japan B.J.J.
Asian Jiu-Jitsu IBJJF Championship 2016,Master2/Male/Purple/OpenClass,2,Sergey Vedenev,Gracie Barra
Asian Jiu-Jitsu IBJJF Championship 2016,Master2/Male/Purple/OpenClass,3,Hidenori Kuwano,Takatsuki Jiu-Jitsu
Asian Jiu-Jitsu IBJJF Championship 2016,Master2/Male/Purple/OpenClass,3,Michael Romeo,GD Jiu-Jitsu Association
Asian Jiu-Jitsu IBJJF Championship 2016,Master2/Male/Brown/Rooster,1,Yosuke Nakamura,Dragon's Den
Asian Jiu-Jitsu IBJJF Championship 2016,Master2/Male/Brown/Rooster,2,Masaji Kawamura,Max Jiu Jitsu Academy
Asian Jiu-Jitsu IBJJF Championship 2016,Master2/Male/Brown/Light-Feather,1,Hitoshi Nishioka,Carpe Diem
Asian Jiu-Jitsu IBJJF Championship 2016,Master2/Male/Brown/Light-Feather,2,Dino James Villegas Montalbo,Purebred Jiu Jitsu Guam
Asian Jiu-Jitsu IBJJF Championship 2016,Master2/Male/Brown/Feather,1,Cheon Joo,KJ Competition Team
Asian Jiu-Jitsu IBJJF Championship 2016,Master2/Male/Brown/Feather,2,Salvador Japon,myBJJ Team
Asian Jiu-Jitsu IBJJF Championship 2016,Master2/Male/Brown/Feather,3,Eiichi Kurata,Paraestra
Asian Jiu-Jitsu IBJJF Championship 2016,Master2/Male/Brown/Feather,3,Takekazu Haraguchi,Over Limit BJJ
Asian Jiu-Jitsu IBJJF Championship 2016,Master2/Male/Brown/Light,1,Kenji Shiratsuki,Tri-Force Jiu-Jitsu Academy
Asian Jiu-Jitsu IBJJF Championship 2016,Master2/Male/Brown/Light,2,Akira Hara,Suita Jiu-Jitsu
Asian Jiu-Jitsu IBJJF Championship 2016,Master2/Male/Brown/Light,3,Bruno Bastos Venâncio,Junior Andrade
Asian Jiu-Jitsu IBJJF Championship 2016,Master2/Male/Brown/Light,3,Nicholas A. Cartwright,Nova União
Asian Jiu-Jitsu IBJJF Championship 2016,Master2/Male/Brown/Medium-Heavy,1,Adriano Lino Pereira,Over Limit BJJ
Asian Jiu-Jitsu IBJJF Championship 2016,Master2/Male/Brown/Medium-Heavy,2,Larron Zachary Gandaoli,Purebred Jiu Jitsu Guam
Asian Jiu-Jitsu IBJJF Championship 2016,Master2/Male/Brown/Super-Heavy,1,Selwyn Jason Bell,Carlson Gracie International
Asian Jiu-Jitsu IBJJF Championship 2016,Master2/Male/Brown/Super-Heavy,2,Michael James Craven,Carpe Diem
Asian Jiu-Jitsu IBJJF Championship 2016,Master2/Male/Brown/Ultra-Heavy,1,Erkhembayar Gunaajav,Mongolian BJJ
Asian Jiu-Jitsu IBJJF Championship 2016,Master2/Male/Brown/Ultra-Heavy,2,Kane Aaron Brewer,Maromba Academia International
Asian Jiu-Jitsu IBJJF Championship 2016,Master2/Male/Brown/OpenClass,1,Adriano Lino Pereira,Over Limit BJJ
Asian Jiu-Jitsu IBJJF Championship 2016,Master2/Male/Brown/OpenClass,2,Michael James Craven,Carpe Diem
Asian Jiu-Jitsu IBJJF Championship 2016,Master2/Male/Brown/OpenClass,3,Larron Zachary Gandaoli,Purebred Jiu Jitsu Guam
Asian Jiu-Jitsu IBJJF Championship 2016,Master2/Male/Brown/OpenClass,3,Selwyn Jason Bell,Carlson Gracie International
Asian Jiu-Jitsu IBJJF Championship 2016,Master2/Male/Black/Light-Feather,1,Naoto Konno,Paraestra
Asian Jiu-Jitsu IBJJF Championship 2016,Master2/Male/Black/Light-Feather,2,Takayuki Koyama,Fukuzumi Jiu-Jitsu
Asian Jiu-Jitsu IBJJF Championship 2016,Master2/Male/Black/Light-Feather,3,Masashi Nakano,Over Limit BJJ
Asian Jiu-Jitsu IBJJF Championship 2016,Master2/Male/Black/Light-Feather,3,Takashi Goto,Suita Jiu-Jitsu
Asian Jiu-Jitsu IBJJF Championship 2016,Master2/Male/Black/Feather,1,Jonathas Jefreshon Sakata,Impacto Japan B.J.J.
Asian Jiu-Jitsu IBJJF Championship 2016,Master2/Male/Black/Feather,2,Tatsuya Sakamoto,Infight Japan Jiu-Jitsu
Asian Jiu-Jitsu IBJJF Championship 2016,Master2/Male/Black/Feather,3,Deuk Young Jang,Jiu Jitsu World
Asian Jiu-Jitsu IBJJF Championship 2016,Master2/Male/Black/Light,1,Miqueias Toshio Asada,Impacto Japan B.J.J.
Asian Jiu-Jitsu IBJJF Championship 2016,Master2/Male/Black/Light,2,Alessandro Savajo Eto,Infight Japan Jiu-Jitsu
Asian Jiu-Jitsu IBJJF Championship 2016,Master2/Male/Black/Light,3,Makoto Aramaki,Hong Kong Jiu-Jitsu
Asian Jiu-Jitsu IBJJF Championship 2016,Master2/Male/Black/Light,3,Marcio Mitsuo Kobayashi,Impacto Japan B.J.J.
Asian Jiu-Jitsu IBJJF Championship 2016,Master2/Male/Black/Middle,1,Rogerio de Cristo Filho,Rocha Jiu Jitsu
Asian Jiu-Jitsu IBJJF Championship 2016,Master2/Male/Black/Middle,2,Wilson Luiz Sampaio,Impacto Japan B.J.J.
Asian Jiu-Jitsu IBJJF Championship 2016,Master2/Male/Black/Medium-Heavy,1,Fabio Sakamoto Tiago,Impacto Japan B.J.J.
Asian Jiu-Jitsu IBJJF Championship 2016,Master2/Male/Black/Medium-Heavy,2,Alberto Crane,Legacy Jiu-Jitsu - Team Alberto Crane
Asian Jiu-Jitsu IBJJF Championship 2016,Master2/Male/Black/Medium-Heavy,3,Satoshi Kotani,Paraestra
Asian Jiu-Jitsu IBJJF Championship 2016,Master2/Male/Black/Heavy,1,Fabio Borges,Atos Jiu-Jitsu
Asian Jiu-Jitsu IBJJF Championship 2016,Master2/Male/Black/OpenClass,1,Rogerio de Cristo Filho,Rocha Jiu Jitsu
Asian Jiu-Jitsu IBJJF Championship 2016,Master2/Male/Black/OpenClass,2,Fabio Borges,Atos Jiu-Jitsu
Asian Jiu-Jitsu IBJJF Championship 2016,Master2/Male/Black/OpenClass,3,Marcio Mitsuo Kobayashi,Impacto Japan B.J.J.
Asian Jiu-Jitsu IBJJF Championship 2016,Master2/Male/Black/OpenClass,3,Wilson Luiz Sampaio,Impacto Japan B.J.J.
Asian Jiu-Jitsu IBJJF Championship 2016,Master3/Male/Blue/Rooster,1,Matsuoka Wataru,T-Blood
Asian Jiu-Jitsu IBJJF Championship 2016,Master3/Male/Blue/Rooster,2,Satoru Shigematsu,Hiro BJJ Academy Yokohama
Asian Jiu-Jitsu IBJJF Championship 2016,Master3/Male/Blue/Rooster,3,Tsukumo Sato,Over Limit BJJ
Asian Jiu-Jitsu IBJJF Championship 2016,Master3/Male/Blue/Rooster,3,Yuzan Imai,Carpe Diem
Asian Jiu-Jitsu IBJJF Championship 2016,Master3/Male/Blue/Light-Feather,1,Masaru Ito,Paraestra
Asian Jiu-Jitsu IBJJF Championship 2016,Master3/Male/Blue/Light-Feather,2,Tomomi Takemoto,Paraestra
Asian Jiu-Jitsu IBJJF Championship 2016,Master3/Male/Blue/Light-Feather,3,Chui Siu Fai,Hong Kong Jiu-Jitsu
Asian Jiu-Jitsu IBJJF Championship 2016,Master3/Male/Blue/Light-Feather,3,Oyama Hiroto,Newaza World
Asian Jiu-Jitsu IBJJF Championship 2016,Master3/Male/Blue/Feather,1,Tsuda Yoshikazu,Suita Jiu-Jitsu
Asian Jiu-Jitsu IBJJF Championship 2016,Master3/Male/Blue/Feather,2,shigeru yamazaki,Paraestra
Asian Jiu-Jitsu IBJJF Championship 2016,Master3/Male/Blue/Feather,3,François Schmitt,BJJ Revolution Team - International
Asian Jiu-Jitsu IBJJF Championship 2016,Master3/Male/Blue/Feather,3,Yasuhito Sasaki,Purebred Sapporo
Asian Jiu-Jitsu IBJJF Championship 2016,Master3/Male/Blue/Light,1,Murata Shigeki,Impacto Japan B.J.J.
Asian Jiu-Jitsu IBJJF Championship 2016,Master3/Male/Blue/Light,2,Elias Perei  Santiago,Gracie Barra
Asian Jiu-Jitsu IBJJF Championship 2016,Master3/Male/Blue/Light,3,Mao  Sato,Axis Jiu-Jitsu
Asian Jiu-Jitsu IBJJF Championship 2016,Master3/Male/Blue/Light,3,shigeyuki motoki,Tri-Force Jiu-Jitsu Academy
Asian Jiu-Jitsu IBJJF Championship 2016,Master3/Male/Blue/Middle,1,Deniz Yoshida,Infight Japan Jiu-Jitsu
Asian Jiu-Jitsu IBJJF Championship 2016,Master3/Male/Blue/Middle,2,Kosaku Shibata,Carpe Diem
Asian Jiu-Jitsu IBJJF Championship 2016,Master3/Male/Blue/Middle,3,Andrew Parmet,Atos Jiu-Jitsu
Asian Jiu-Jitsu IBJJF Championship 2016,Master3/Male/Blue/Medium-Heavy,1,Oguri Koki,Grappling Shoot Boxers
Asian Jiu-Jitsu IBJJF Championship 2016,Master3/Male/Blue/Medium-Heavy,2,Andrei Tukhvatulin,Phuket Top Team - MMA Training Camp Thailand
Asian Jiu-Jitsu IBJJF Championship 2016,Master3/Male/Blue/Medium-Heavy,3,Brendan Richard Scholey,Nova União
Asian Jiu-Jitsu IBJJF Championship 2016,Master3/Male/Blue/Medium-Heavy,3,Ivan Berezovskii,Phuket Top Team - MMA Training Camp Thailand
Asian Jiu-Jitsu IBJJF Championship 2016,Master3/Male/Blue/Heavy,1,Roman Budkovskii,Gracie Barra
Asian Jiu-Jitsu IBJJF Championship 2016,Master3/Male/Blue/Heavy,2,Akinori Nagahama,Nexusense
Asian Jiu-Jitsu IBJJF Championship 2016,Master3/Male/Blue/Heavy,3,Mark Arbo,Shisui Jiu-Jitsu
Asian Jiu-Jitsu IBJJF Championship 2016,Master3/Male/Blue/Ultra-Heavy,1,Francisco De Lima,Infight Japan Jiu-Jitsu
Asian Jiu-Jitsu IBJJF Championship 2016,Master3/Male/Blue/Ultra-Heavy,2,Tawhara Tawhara,Gracie Gym Texas
Asian Jiu-Jitsu IBJJF Championship 2016,Master3/Male/Blue/OpenClass,1,Tawhara Tawhara,Gracie Gym Texas
Asian Jiu-Jitsu IBJJF Championship 2016,Master3/Male/Blue/OpenClass,2,Francisco De Lima,Infight Japan Jiu-Jitsu
Asian Jiu-Jitsu IBJJF Championship 2016,Master3/Male/Blue/OpenClass,3,Mao  Sato,Axis Jiu-Jitsu
Asian Jiu-Jitsu IBJJF Championship 2016,Master3/Male/Blue/OpenClass,3,Roman Budkovskii,Gracie Barra
Asian Jiu-Jitsu IBJJF Championship 2016,Master3/Male/Purple/Light-Feather,1,Hironori Ooka,Carpe Diem
Asian Jiu-Jitsu IBJJF Championship 2016,Master3/Male/Purple/Light-Feather,2,Ryoji Takatsuji,Paraestra
Asian Jiu-Jitsu IBJJF Championship 2016,Master3/Male/Purple/Light-Feather,3,Koji Shigemizu,Trust Jiu-jitsu Academy
Asian Jiu-Jitsu IBJJF Championship 2016,Master3/Male/Purple/Feather,1,Makoto Ono,Shooto Gym Roots
Asian Jiu-Jitsu IBJJF Championship 2016,Master3/Male/Purple/Feather,2,Alex Lin,BJJ Revolution Team - International
Asian Jiu-Jitsu IBJJF Championship 2016,Master3/Male/Purple/Feather,3,Akihiro Nakamura,X-Treme Jiu-Jitsu Academy
Asian Jiu-Jitsu IBJJF Championship 2016,Master3/Male/Purple/Feather,3,Hideki Takano,Purebred Omiya
Asian Jiu-Jitsu IBJJF Championship 2016,Master3/Male/Purple/Light,1,Shinya Takiguchi,Checkmat CDJJ Tokyo
Asian Jiu-Jitsu IBJJF Championship 2016,Master3/Male/Purple/Light,2,Yasutoshi Takenoya,Dragon's Den
Asian Jiu-Jitsu IBJJF Championship 2016,Master3/Male/Purple/Light,3,Yasunori Fujiwara,Carpe Diem
Asian Jiu-Jitsu IBJJF Championship 2016,Master3/Male/Purple/Middle,1,Francisco Kim,BJJ Revolution Team - International
Asian Jiu-Jitsu IBJJF Championship 2016,Master3/Male/Purple/Middle,2,Yuki Goto,Paraestra
Asian Jiu-Jitsu IBJJF Championship 2016,Master3/Male/Purple/Middle,3,(Frank) Wang Ngai Ma,BJJ Revolution Team - International
Asian Jiu-Jitsu IBJJF Championship 2016,Master3/Male/Purple/Middle,3,Takeshi Ijuin,Gracie Barra
Asian Jiu-Jitsu IBJJF Championship 2016,Master3/Male/Purple/Medium-Heavy,1,Arney Domingues,Over Limit BJJ
Asian Jiu-Jitsu IBJJF Championship 2016,Master3/Male/Purple/Medium-Heavy,2,Lee Sangho,Jiu-Jitsu Lab
Asian Jiu-Jitsu IBJJF Championship 2016,Master3/Male/Purple/Medium-Heavy,3,Yamamoto Kiyokazu,Carpe Diem Nagasaki
Asian Jiu-Jitsu IBJJF Championship 2016,Master3/Male/Purple/Super-Heavy,1,Jaeeuk Kim,Sanai Jiu Jitsu Academy
Asian Jiu-Jitsu IBJJF Championship 2016,Master3/Male/Purple/Ultra-Heavy,1,Aleksei Bogoslovskii,GF Team Recreio
Asian Jiu-Jitsu IBJJF Championship 2016,Master3/Male/Purple/Ultra-Heavy,2,Gregory Lanier,Nova União
Asian Jiu-Jitsu IBJJF Championship 2016,Master3/Male/Purple/Ultra-Heavy,3,Henry Tat Ming Ng,BJJ Revolution Team - International
Asian Jiu-Jitsu IBJJF Championship 2016,Master3/Male/Purple/OpenClass,1,Aleksei Bogoslovskii,GF Team Recreio
Asian Jiu-Jitsu IBJJF Championship 2016,Master3/Male/Purple/OpenClass,2,Arney Domingues,Over Limit BJJ
Asian Jiu-Jitsu IBJJF Championship 2016,Master3/Male/Purple/OpenClass,3,Jaeeuk Kim,Sanai Jiu Jitsu Academy
Asian Jiu-Jitsu IBJJF Championship 2016,Master3/Male/Purple/OpenClass,3,Takeshi Ijuin,Gracie Barra
Asian Jiu-Jitsu IBJJF Championship 2016,Master3/Male/Brown/Light-Feather,1,Toshimitsu Yamawaki,Suita Jiu-Jitsu
Asian Jiu-Jitsu IBJJF Championship 2016,Master3/Male/Brown/Light-Feather,2,Shin Kameda,De La Riva International
Asian Jiu-Jitsu IBJJF Championship 2016,Master3/Male/Brown/Light-Feather,3,Miquel Abe,Carpe Diem
Asian Jiu-Jitsu IBJJF Championship 2016,Master3/Male/Brown/Light-Feather,3,Shuji Sato,Paraestra
Asian Jiu-Jitsu IBJJF Championship 2016,Master3/Male/Brown/Feather,1,Motoaki Hirokura,Impacto Japan B.J.J.
Asian Jiu-Jitsu IBJJF Championship 2016,Master3/Male/Brown/Feather,2,Masaharu Tanigawa,Fujita Jiu-Jitsu
Asian Jiu-Jitsu IBJJF Championship 2016,Master3/Male/Brown/Feather,3,Fumio Nakajima,Tri-Force Jiu-Jitsu Academy
Asian Jiu-Jitsu IBJJF Championship 2016,Master3/Male/Brown/Feather,3,Masahiko Kogo,Suita Jiu-Jitsu
Asian Jiu-Jitsu IBJJF Championship 2016,Master3/Male/Brown/Light,1,Jinho Park,Clark Gracie Team International
Asian Jiu-Jitsu IBJJF Championship 2016,Master3/Male/Brown/Light,2,Hirotaka Suzuki,Pogona Club Gym
Asian Jiu-Jitsu IBJJF Championship 2016,Master3/Male/Brown/Light,3,Junichiro Wada,Impacto Japan B.J.J.
Asian Jiu-Jitsu IBJJF Championship 2016,Master3/Male/Brown/Light,3,Masakazu Otsuka,Paraestra
Asian Jiu-Jitsu IBJJF Championship 2016,Master3/Male/Brown/Middle,1,Keita Takahashi,Paraestra
Asian Jiu-Jitsu IBJJF Championship 2016,Master3/Male/Brown/Middle,2,Takeshi Maruyama,Paraestra
Asian Jiu-Jitsu IBJJF Championship 2016,Master3/Male/Brown/Heavy,1,Hyunsoo Jung,Sanai Jiu Jitsu Academy
Asian Jiu-Jitsu IBJJF Championship 2016,Master3/Male/Brown/Heavy,2,Jean Jereissati Neto,Alliance SP
Asian Jiu-Jitsu IBJJF Championship 2016,Master3/Male/Brown/Heavy,3,Shinya Muroi,De La Riva International
Asian Jiu-Jitsu IBJJF Championship 2016,Master3/Male/Brown/OpenClass,1,Hyunsoo Jung,Sanai Jiu Jitsu Academy
Asian Jiu-Jitsu IBJJF Championship 2016,Master3/Male/Brown/OpenClass,2,Masahiko Kogo,Suita Jiu-Jitsu
Asian Jiu-Jitsu IBJJF Championship 2016,Master3/Male/Brown/OpenClass,3,Junichiro Wada,Impacto Japan B.J.J.
Asian Jiu-Jitsu IBJJF Championship 2016,Master3/Male/Brown/OpenClass,3,Shuji Sato,Paraestra
Asian Jiu-Jitsu IBJJF Championship 2016,Master3/Male/Black/Light-Feather,1,Hiroaki Yoshioka,Paraestra
Asian Jiu-Jitsu IBJJF Championship 2016,Master3/Male/Black/Light-Feather,2,Carlos Kazuo Kihara,Impacto Japan B.J.J.
Asian Jiu-Jitsu IBJJF Championship 2016,Master3/Male/Black/Light-Feather,3,Mitsuhiro Iwami,Shuhari Jiu-Jitsu
Asian Jiu-Jitsu IBJJF Championship 2016,Master3/Male/Black/Light-Feather,3,Tashiro Flavio Seiti,Over Limit BJJ
Asian Jiu-Jitsu IBJJF Championship 2016,Master3/Male/Black/Feather,1,Daniel V. Alvarez Jr.,LEAD BJJ
Asian Jiu-Jitsu IBJJF Championship 2016,Master3/Male/Black/Feather,2,Kensuke Nogawa,Paraestra
Asian Jiu-Jitsu IBJJF Championship 2016,Master3/Male/Black/Feather,3,Edison Kagohara,Over Limit BJJ
Asian Jiu-Jitsu IBJJF Championship 2016,Master3/Male/Black/Feather,3,Francisco Vicente Garcia,Ribeiro Jiu-Jitsu
Asian Jiu-Jitsu IBJJF Championship 2016,Master3/Male/Black/Light,1,Arthur Alvin A. Aguilar,Ribeiro Jiu-Jitsu
Asian Jiu-Jitsu IBJJF Championship 2016,Master3/Male/Black/Light,2,Akichika Tanji,Brave Heart
Asian Jiu-Jitsu IBJJF Championship 2016,Master3/Male/Black/Light,3,Gaku Inano,Tri-Force Jiu-Jitsu Academy
Asian Jiu-Jitsu IBJJF Championship 2016,Master3/Male/Black/Light,3,Minoru Usui,Paraestra
Asian Jiu-Jitsu IBJJF Championship 2016,Master3/Male/Black/Middle,1,Keisuke Takizawa,Kowloon BJJ
Asian Jiu-Jitsu IBJJF Championship 2016,Master3/Male/Black/Middle,2,Tom D. Knox,Cleber Jiu Jitsu
Asian Jiu-Jitsu IBJJF Championship 2016,Master3/Male/Black/Middle,3,John Baylon,Hong Kong Jiu-Jitsu
Asian Jiu-Jitsu IBJJF Championship 2016,Master3/Male/Black/Middle,3,Julio Katashi Tashiro,Infight Japan Jiu-Jitsu
Asian Jiu-Jitsu IBJJF Championship 2016,Master3/Male/Black/Medium-Heavy,1,Alexander Sulit,Atos Jiu-Jitsu
Asian Jiu-Jitsu IBJJF Championship 2016,Master3/Male/Black/Medium-Heavy,2,Leandro L. Massaro,Gracie Humaita Phoenix
Asian Jiu-Jitsu IBJJF Championship 2016,Master3/Male/Black/Medium-Heavy,3,Fabio Eiti Matsusue,Infight Japan Jiu-Jitsu
Asian Jiu-Jitsu IBJJF Championship 2016,Master3/Male/Black/Medium-Heavy,3,Walter de Lima Franco Sobrinho,Over Limit BJJ
Asian Jiu-Jitsu IBJJF Championship 2016,Master3/Male/Black/Super-Heavy,1,Stephen Roberto,Purebred Jiu Jitsu Guam
Asian Jiu-Jitsu IBJJF Championship 2016,Master3/Male/Black/Super-Heavy,2,Almir Rogerio Dos Santos,Ogawa Jiu Jitsu
Asian Jiu-Jitsu IBJJF Championship 2016,Master3/Male/Black/OpenClass,1,Walter de Lima Franco Sobrinho,Over Limit BJJ
Asian Jiu-Jitsu IBJJF Championship 2016,Master3/Male/Black/OpenClass,2,Julio Katashi Tashiro,Infight Japan Jiu-Jitsu
Asian Jiu-Jitsu IBJJF Championship 2016,Master3/Male/Black/OpenClass,3,Carlos Kazuo Kihara,Impacto Japan B.J.J.
Asian Jiu-Jitsu IBJJF Championship 2016,Master3/Male/Black/OpenClass,3,Hiroaki Yoshioka,Paraestra
Asian Jiu-Jitsu IBJJF Championship 2016,Master4/Male/Blue/Feather,1,Kazuhiko Tamura,Carpe Diem
Asian Jiu-Jitsu IBJJF Championship 2016,Master4/Male/Blue/Feather,2,Michael ,yung Cheng,Kowloon BJJ
Asian Jiu-Jitsu IBJJF Championship 2016,Master4/Male/Blue/Feather,3,Shouichi Kubo,Impacto Japan B.J.J.
Asian Jiu-Jitsu IBJJF Championship 2016,Master4/Male/Blue/Feather,3,Tadao Sugimori,Tri-Force Jiu-Jitsu Academy
Asian Jiu-Jitsu IBJJF Championship 2016,Master4/Male/Blue/Light,1,Kazuomi Kiyota,Paraestra
Asian Jiu-Jitsu IBJJF Championship 2016,Master4/Male/Blue/Light,2,Hiromi Mizuta,Silent Jiu-Jitsu
Asian Jiu-Jitsu IBJJF Championship 2016,Master4/Male/Blue/Light,3,Akihiko Ishikawa,Tri-Force Jiu-Jitsu Academy
Asian Jiu-Jitsu IBJJF Championship 2016,Master4/Male/Blue/Light,3,Gabor Varkonyi,Carpe Diem
Asian Jiu-Jitsu IBJJF Championship 2016,Master4/Male/Blue/Heavy,1,Eduardo Ferreira Dias Dias,Infight Japan Jiu-Jitsu
Asian Jiu-Jitsu IBJJF Championship 2016,Master4/Male/Blue/Heavy,2,Tooru Kinoshita,Suita Jiu-Jitsu
Asian Jiu-Jitsu IBJJF Championship 2016,Master4/Male/Blue/Heavy,3,Kazuya Utahara,Carpe Diem
Asian Jiu-Jitsu IBJJF Championship 2016,Master4/Male/Blue/Super-Heavy,1,Jon Branch,Purebred Jiu Jitsu Guam
Asian Jiu-Jitsu IBJJF Championship 2016,Master4/Male/Blue/OpenClass,1,Shouichi Kubo,Impacto Japan B.J.J.
Asian Jiu-Jitsu IBJJF Championship 2016,Master4/Male/Blue/OpenClass,2,Jon Branch,Purebred Jiu Jitsu Guam
Asian Jiu-Jitsu IBJJF Championship 2016,Master4/Male/Blue/OpenClass,3,Eduardo Ferreira Dias Dias,Infight Japan Jiu-Jitsu
Asian Jiu-Jitsu IBJJF Championship 2016,Master4/Male/Blue/OpenClass,3,Tooru Kinoshita,Suita Jiu-Jitsu
Asian Jiu-Jitsu IBJJF Championship 2016,Master4/Male/Purple/Light-Feather,1,Hachidai Takatsuji,Paraestra
Asian Jiu-Jitsu IBJJF Championship 2016,Master4/Male/Purple/Light-Feather,2,Hideki Taguchi,Paraestra
Asian Jiu-Jitsu IBJJF Championship 2016,Master4/Male/Purple/Feather,1,Youichi Koyama,Paraestra
Asian Jiu-Jitsu IBJJF Championship 2016,Master4/Male/Purple/Feather,2,Akira Kumagai,Grasco Jiu-Jitsu Academy
Asian Jiu-Jitsu IBJJF Championship 2016,Master4/Male/Purple/Light,1,Tatsuhiko Kamata,Brave Heart
Asian Jiu-Jitsu IBJJF Championship 2016,Master4/Male/Purple/Light,2,Chin Su,BJJ Revolution Team - International
Asian Jiu-Jitsu IBJJF Championship 2016,Master4/Male/Purple/Light,3,Hiroshi Matsui,Ralph Gracie
Asian Jiu-Jitsu IBJJF Championship 2016,Master4/Male/Purple/Light,3,Takaaki Okamoto,Tk Jiu-Jitsu
Asian Jiu-Jitsu IBJJF Championship 2016,Master4/Male/Purple/Middle,1,Yukinori Hattori,Ogawa Jiu Jitsu
Asian Jiu-Jitsu IBJJF Championship 2016,Master4/Male/Purple/Middle,2,Noboru Okuda,X-Treme Jiu-Jitsu Academy
Asian Jiu-Jitsu IBJJF Championship 2016,Master4/Male/Purple/Medium-Heavy,1,Seiji Ii,Shooto Gym Roots
Asian Jiu-Jitsu IBJJF Championship 2016,Master4/Male/Purple/Super-Heavy,1,Brent Te Kawa,Carlson Gracie International
Asian Jiu-Jitsu IBJJF Championship 2016,Master4/Male/Purple/Super-Heavy,2,Sergei Matveev,Gracie Barra
Asian Jiu-Jitsu IBJJF Championship 2016,Master4/Male/Purple/Super-Heavy,3,Mark Smith,Purebred Jiu Jitsu Guam
Asian Jiu-Jitsu IBJJF Championship 2016,Master4/Male/Purple/OpenClass,1,Mark Smith,Purebred Jiu Jitsu Guam
Asian Jiu-Jitsu IBJJF Championship 2016,Master4/Male/Purple/OpenClass,2,Sergei Matveev,Gracie Barra
Asian Jiu-Jitsu IBJJF Championship 2016,Master4/Male/Purple/OpenClass,3,Seiji Ii,Shooto Gym Roots
Asian Jiu-Jitsu IBJJF Championship 2016,Master4/Male/Purple/OpenClass,3,Takaaki Okamoto,Tk Jiu-Jitsu
Asian Jiu-Jitsu IBJJF Championship 2016,Master4/Male/Brown/Rooster,1,Toru Yoshikawa,Fujita Jiu-Jitsu
Asian Jiu-Jitsu IBJJF Championship 2016,Master4/Male/Brown/Rooster,2,Sonohara Kazuhiko,Gracie Barra
Asian Jiu-Jitsu IBJJF Championship 2016,Master4/Male/Brown/Light-Feather,1,Nobuo Takenaka,Suita Jiu-Jitsu
Asian Jiu-Jitsu IBJJF Championship 2016,Master4/Male/Brown/Light-Feather,2,Yuji Takakura,Checkmat CDJJ Tokyo
Asian Jiu-Jitsu IBJJF Championship 2016,Master4/Male/Brown/Light-Feather,3,Paulo Uemura,CheckMat
Asian Jiu-Jitsu IBJJF Championship 2016,Master4/Male/Brown/OpenClass,1,Paulo Uemura,CheckMat
Asian Jiu-Jitsu IBJJF Championship 2016,Master4/Male/Brown/OpenClass,2,Toru Yoshikawa,Fujita Jiu-Jitsu
Asian Jiu-Jitsu IBJJF Championship 2016,Master4/Male/Black/Feather,1,Yasunori Yamada,Fellows
Asian Jiu-Jitsu IBJJF Championship 2016,Master4/Male/Black/Feather,2,Hisahiro Maeda,Strapple
Asian Jiu-Jitsu IBJJF Championship 2016,Master4/Male/Black/Feather,3,Hiroshi Miyazaki,Infight Japan Jiu-Jitsu
Asian Jiu-Jitsu IBJJF Championship 2016,Master4/Male/Black/Feather,3,Yoshihiro Fujita,Fujita Jiu-Jitsu
Asian Jiu-Jitsu IBJJF Championship 2016,Master4/Male/Black/Light,1,Shinsuke Fukuzumi,Fukuzumi Jiu-Jitsu
Asian Jiu-Jitsu IBJJF Championship 2016,Master4/Male/Black/Light,2,Takashi Ouchi,Paraestra
Asian Jiu-Jitsu IBJJF Championship 2016,Master4/Male/Black/Light,3,Robert Scott Schwartz,Fight Sports
Asian Jiu-Jitsu IBJJF Championship 2016,Master4/Male/Black/Middle,1,Gregory Allan Holmes,Relson Gracie
Asian Jiu-Jitsu IBJJF Championship 2016,Master4/Male/Black/Medium-Heavy,1,Lucio de Sousa Monte Alto,Alliance Sul
Asian Jiu-Jitsu IBJJF Championship 2016,Master4/Male/Black/Super-Heavy,1,Nathan Lee Zigler,Relson Gracie
Asian Jiu-Jitsu IBJJF Championship 2016,Master4/Male/Black/OpenClass,1,Nathan Lee Zigler,Relson Gracie
Asian Jiu-Jitsu IBJJF Championship 2016,Master4/Male/Black/OpenClass,2,Hiroshi Miyazaki,Infight Japan Jiu-Jitsu
Asian Jiu-Jitsu IBJJF Championship 2016,Master4/Male/Black/OpenClass,3,Gregory Allan Holmes,Relson Gracie
Asian Jiu-Jitsu IBJJF Championship 2016,Master4/Male/Black/OpenClass,3,Yoshihiro Fujita,Fujita Jiu-Jitsu
Asian Jiu-Jitsu IBJJF Championship 2016,Master5/Male/Blue/Middle,1,Andrew Marc Sheridon,Nova União
Asian Jiu-Jitsu IBJJF Championship 2016,Master5/Male/Blue/OpenClass,1,Andrew Marc Sheridon,Nova União
Asian Jiu-Jitsu IBJJF Championship 2016,Master5/Male/Purple/Light-Feather,1,Richard Cerruto,Absolute Behring
Asian Jiu-Jitsu IBJJF Championship 2016,Master5/Male/Purple/Light-Feather,2,Akio Abe,Carpe Diem
Asian Jiu-Jitsu IBJJF Championship 2016,Master5/Male/Purple/Light-Feather,3,Juro Morita,Paraestra
Asian Jiu-Jitsu IBJJF Championship 2016,Master5/Male/Purple/Feather,1,Jeff Humphrey,Alliance Marcelo Garcia
Asian Jiu-Jitsu IBJJF Championship 2016,Master5/Male/Purple/Feather,2,Chi Kit Eric So,BJJ Revolution Team - International
Asian Jiu-Jitsu IBJJF Championship 2016,Master5/Male/Purple/OpenClass,1,Jeff Humphrey,Alliance Marcelo Garcia
Asian Jiu-Jitsu IBJJF Championship 2016,Master5/Male/Purple/OpenClass,2,Akio Abe,Carpe Diem
Asian Jiu-Jitsu IBJJF Championship 2016,Master5/Male/Purple/OpenClass,3,Chi Kit Eric So,BJJ Revolution Team - International
Asian Jiu-Jitsu IBJJF Championship 2016,Master5/Male/Brown/Middle,1,Kazufumi Tanaka,Tatoru
Asian Jiu-Jitsu IBJJF Championship 2016,Master5/Male/Brown/Middle,2,Hideyuki Ohnaka,Tri-Force Jiu-Jitsu Academy
Asian Jiu-Jitsu IBJJF Championship 2016,Master5/Male/Brown/OpenClass,1,Hideyuki Ohnaka,Tri-Force Jiu-Jitsu Academy
Asian Jiu-Jitsu IBJJF Championship 2016,Master5/Male/Black/Feather,1,Eiji Sano,Kyoto Nanige
Asian Jiu-Jitsu IBJJF Championship 2016,Master5/Male/Black/Super-Heavy,1,Hiroyuki Kimura,Team Shinnihon
Asian Jiu-Jitsu IBJJF Championship 2016,Master5/Male/Black/Super-Heavy,2,Takeshi Shinkawa,Suita Jiu-Jitsu
Asian Jiu-Jitsu IBJJF Championship 2016,Master5/Male/Black/OpenClass,1,Takeshi Shinkawa,Suita Jiu-Jitsu
Asian Jiu-Jitsu IBJJF Championship 2016,Master5/Male/Black/OpenClass,2,Eiji Sano,Kyoto Nanige
Asian Jiu-Jitsu IBJJF Championship 2016,Master6/Male/Blue/Rooster,1,Katuya Seo,Hiro BJJ Academy Yokohama
Asian Jiu-Jitsu IBJJF Championship 2016,Master6/Male/Blue/Rooster,2,KAZUO Ijima,Carpe Diem
Asian Jiu-Jitsu IBJJF Championship 2016,Master6/Male/Blue/OpenClass,1,Katuya Seo,Hiro BJJ Academy Yokohama
Asian Jiu-Jitsu IBJJF Championship 2016,Juvenile/Male/White/Light-Feather,1,Bruno Ricardo Fujimoto,Atos Jiu-Jitsu
Asian Jiu-Jitsu IBJJF Championship 2016,Juvenile/Male/White/Light-Feather,2,Ariunbayar Batdelger,Mongolian BJJ
Asian Jiu-Jitsu IBJJF Championship 2016,Juvenile/Male/White/Feather,1,Luvsanjamts Gankhuu,Mongolian BJJ
Asian Jiu-Jitsu IBJJF Championship 2016,Juvenile/Male/White/Light,1,Fabio Takeshi Harada Junior,Infight Japan Jiu-Jitsu
Asian Jiu-Jitsu IBJJF Championship 2016,Juvenile/Male/White/Light,2,Bekhtur Gonchigjav,Mongolian BJJ
Asian Jiu-Jitsu IBJJF Championship 2016,Juvenile/Male/White/Light,3,Bumjargal Bayanjargal,Mongolian BJJ
Asian Jiu-Jitsu IBJJF Championship 2016,Juvenile/Male/White/Middle,1,Mendbayar Nasandelger,Mongolian BJJ
Asian Jiu-Jitsu IBJJF Championship 2016,Juvenile/Male/White/Heavy,1,Mateus Naoki Andrade Tanigut,Impacto Japan B.J.J.
Asian Jiu-Jitsu IBJJF Championship 2016,Juvenile/Male/White/Heavy,2,Arnaldo  Cano,Infight Japan Jiu-Jitsu
Asian Jiu-Jitsu IBJJF Championship 2016,Juvenile/Male/Blue/Light-Feather,1,Pedro Akira Nemoto Tavares,Infight Japan Jiu-Jitsu
Asian Jiu-Jitsu IBJJF Championship 2016,Juvenile/Male/Blue/Light-Feather,2,Hakkynen Yoshii Silva,Over Limit BJJ
Asian Jiu-Jitsu IBJJF Championship 2016,Juvenile/Male/Blue/Light-Feather,3,Collin-Ray Duenas Cruz,Carlson Gracie International
Asian Jiu-Jitsu IBJJF Championship 2016,Juvenile/Male/Blue/Light-Feather,3,Yamamoto Goncalves Antoniel Matheus,Impacto Japan B.J.J.
Asian Jiu-Jitsu IBJJF Championship 2016,Juvenile/Male/Blue/Feather,1,Gabriel Yudi Higashi,Impacto Japan B.J.J.
Asian Jiu-Jitsu IBJJF Championship 2016,Juvenile/Male/Blue/Feather,2,Nakagawa Guilherme Yuri Takahara,Over Limit BJJ
Asian Jiu-Jitsu IBJJF Championship 2016,Juvenile/Male/Blue/Light,1,Lucas Hideki Oliveira Ueno,Over Limit BJJ
Asian Jiu-Jitsu IBJJF Championship 2016,Juvenile/Male/Blue/Light,2,Dong Whan Kim,Carioca Team Asia
Asian Jiu-Jitsu IBJJF Championship 2016,Juvenile/Male/Blue/Middle,1,Andy Tomas Murasaki Pereira,Caio Terra Association
Asian Jiu-Jitsu IBJJF Championship 2016,Juvenile/Male/Blue/Middle,2,Cooper Tye Burnham,Maromba Academia International
Asian Jiu-Jitsu IBJJF Championship 2016,Juvenile/Male/Blue/Middle,3,Keoni John Aguon Taimanglo,Purebred Jiu Jitsu Guam
Asian Jiu-Jitsu IBJJF Championship 2016,Juvenile/Male/Blue/Middle,3,Willian Pegoraro Saio,Infight Japan Jiu-Jitsu
Asian Jiu-Jitsu IBJJF Championship 2016,Juvenile/Male/Blue/Ultra-Heavy,1,Igor Tanabe Guimarães,Over Limit BJJ
Asian Jiu-Jitsu IBJJF Championship 2016,Juvenile/Male/Blue/Ultra-Heavy,2,Teramoto Anderson Kooiti,Impacto Japan B.J.J.
Asian Jiu-Jitsu IBJJF Championship 2016,Juvenile/Female/White/Light,1,Rebeca Lobo de Oliveira,Infight Japan Jiu-Jitsu
Asian Jiu-Jitsu IBJJF Championship 2016,Juvenile/Female/White/Light,2,Aline Sayuri Arita Ruiz,Over Limit BJJ
Asian Jiu-Jitsu IBJJF Championship 2016,Juvenile/Female/Blue/Medium-Heavy,1,Ingrid Ferreira Franco,Over Limit BJJ
