New York Summer No-GI International Open 2015,Juvenile/Male/Blue/Feather,1,Samson Sausser,Gustavo Machado BJJ
New York Summer No-GI International Open 2015,Juvenile/Male/Blue/Light,1,Francis Dolan Marshall,Pellegrino Mixed Martial Arts
New York Summer No-GI International Open 2015,Juvenile/Male/Blue/Light,2,Michael Ryan Menditto,RABJJ Academy
New York Summer No-GI International Open 2015,Adult/Male/Blue/Rooster,1,Keanu Tomey,American Top Team
New York Summer No-GI International Open 2015,Adult/Male/Blue/Rooster,2,Garrett Francis Jackson,New England United BJJ
New York Summer No-GI International Open 2015,Adult/Male/Blue/Light-Feather,1,Raul Carmona,Alliance
New York Summer No-GI International Open 2015,Adult/Male/Blue/Light-Feather,2,Will Dodd,Alliance
New York Summer No-GI International Open 2015,Adult/Male/Blue/Light-Feather,3,Patrick Mendoza,Yamasaki Academy International
New York Summer No-GI International Open 2015,Adult/Male/Blue/Feather,1,Brayan Peynado ,Alliance International
New York Summer No-GI International Open 2015,Adult/Male/Blue/Feather,2,Jan Vincent Hao,Ribeiro Jiu-Jitsu International
New York Summer No-GI International Open 2015,Adult/Male/Blue/Feather,3,Aidan Collins,Nova União USA
New York Summer No-GI International Open 2015,Adult/Male/Blue/Feather,3,Jonathan German,Alliance
New York Summer No-GI International Open 2015,Adult/Male/Blue/Light,1,Foster Kenneth,Serra BJJ
New York Summer No-GI International Open 2015,Adult/Male/Blue/Light,2,Steven Friedman,RABJJ Academy
New York Summer No-GI International Open 2015,Adult/Male/Blue/Light,3,Patrick Gilbride,New England United
New York Summer No-GI International Open 2015,Adult/Male/Blue/Light,3,Thiago Bellucci,Unity Jiu-jitsu
New York Summer No-GI International Open 2015,Adult/Male/Blue/Middle,1,Matheus Francisco Lutes,Unity Jiu-jitsu
New York Summer No-GI International Open 2015,Adult/Male/Blue/Middle,2,Jared Moulton,Team Robson Moura
New York Summer No-GI International Open 2015,Adult/Male/Blue/Middle,3,ilan  amuev,Alliance
New York Summer No-GI International Open 2015,Adult/Male/Blue/Middle,3,Kian Grace,SBG Ireland
New York Summer No-GI International Open 2015,Adult/Male/Blue/Medium-Heavy,1,Kevin Pelikan,Alliance
New York Summer No-GI International Open 2015,Adult/Male/Blue/Medium-Heavy,2,David Rice,BJJ Globetrotters
New York Summer No-GI International Open 2015,Adult/Male/Blue/Medium-Heavy,3,Kyle Wonderly,Soul Fighters BJJ Connecticut
New York Summer No-GI International Open 2015,Adult/Male/Blue/Medium-Heavy,3,Victor Pozsonyi,Gracie Elite Team America
New York Summer No-GI International Open 2015,Adult/Male/Blue/Heavy,1,Anthony Mcginty,Gracie Tampa South
New York Summer No-GI International Open 2015,Adult/Male/Blue/Heavy,2,Diogo Machado,Alliance
New York Summer No-GI International Open 2015,Adult/Male/Blue/Heavy,3,Benjamin Kohn,Alliance International
New York Summer No-GI International Open 2015,Adult/Male/Blue/Heavy,3,Christopher Round,Fenix BJJ Woburn
New York Summer No-GI International Open 2015,Adult/Male/Blue/Super-Heavy,1,Adam Holland,Massachusetts Brazilian Jiu Jitsu
New York Summer No-GI International Open 2015,Adult/Male/Blue/Super-Heavy,2,Marc Cerrone,Abusado Team
New York Summer No-GI International Open 2015,Adult/Male/Blue/Super-Heavy,3,Julio Sanchez,Gracie Sports USA
New York Summer No-GI International Open 2015,Adult/Male/Blue/Super-Heavy,3,Nick Spencer,Soul Fighters BJJ Connecticut
New York Summer No-GI International Open 2015,Adult/Male/Blue/Ultra-Heavy,1,John Maguire,Team Jucão USA
New York Summer No-GI International Open 2015,Adult/Male/Blue/Ultra-Heavy,2,Osvaldo Da Cruz Santos,GF Team
New York Summer No-GI International Open 2015,Adult/Male/Blue/OpenClass,1,Matheus Francisco Lutes,Unity Jiu-jitsu
New York Summer No-GI International Open 2015,Adult/Male/Blue/OpenClass,2,Jared Moulton,Team Robson Moura
New York Summer No-GI International Open 2015,Adult/Male/Blue/OpenClass,3,John Maguire,Team Jucão USA
New York Summer No-GI International Open 2015,Adult/Male/Blue/OpenClass,3,Thiago Bellucci,Unity Jiu-jitsu
New York Summer No-GI International Open 2015,Adult/Female/Blue/Light-Feather,1,Gabriella Gulfin,Alliance
New York Summer No-GI International Open 2015,Adult/Female/Blue/Light-Feather,2,Marisa Messer-belenchia,Alliance
New York Summer No-GI International Open 2015,Adult/Female/Blue/Light-Feather,3,Jessica Cardwell,Fairfax Jiu Jitsu
New York Summer No-GI International Open 2015,Adult/Female/Blue/Feather,1,Sarah Stump,Caique Jiu-Jitsu
New York Summer No-GI International Open 2015,Adult/Female/Blue/Feather,2,Fiona Mortell,3rd Generation Jiu-Jitsu Academy
New York Summer No-GI International Open 2015,Adult/Female/Blue/Feather,3,Amanda Riggs,David Jacobs Jiu-Jitsu Team
New York Summer No-GI International Open 2015,Adult/Female/Blue/Feather,3,Ana Carolina Terrinha,Gracie Barra
New York Summer No-GI International Open 2015,Adult/Female/Blue/Light,1,Abigail Kate Pacinelli,TAC Team BJJ
New York Summer No-GI International Open 2015,Adult/Female/Blue/Light,2,Shawna Rodgers,Pellegrino Mixed Martial Arts
New York Summer No-GI International Open 2015,Adult/Female/Blue/Light,3,Nicholle Stoller,Team Lloyd Irvin
New York Summer No-GI International Open 2015,Adult/Female/Blue/Light,3,Olivia Deagro,RABJJ Academy
New York Summer No-GI International Open 2015,Adult/Female/Blue/Middle,1,Natalie Hallemans,Atos JJ International
New York Summer No-GI International Open 2015,Adult/Female/Blue/Middle,2,Celia Dweck,Alliance
New York Summer No-GI International Open 2015,Adult/Female/Blue/Middle,3,Kathleen Pangilinan,UFC Gym
New York Summer No-GI International Open 2015,Adult/Female/Blue/Middle,3,Susan Arnoult,Round Table BJJ
New York Summer No-GI International Open 2015,Adult/Female/Blue/Heavy,1,Kathleen Jackson,Gracie Tampa South
New York Summer No-GI International Open 2015,Adult/Female/Blue/Heavy,2,Jennifer Attardi,OCBJJ
New York Summer No-GI International Open 2015,Adult/Female/Blue/Super-Heavy,1,Corey Kuus,OCBJJ
New York Summer No-GI International Open 2015,Adult/Female/Blue/OpenClass,1,Nicholle Stoller,Team Lloyd Irvin
New York Summer No-GI International Open 2015,Adult/Female/Blue/OpenClass,2,Gabriella Gulfin,Alliance
New York Summer No-GI International Open 2015,Adult/Female/Blue/OpenClass,3,Olivia Deagro,RABJJ Academy
New York Summer No-GI International Open 2015,Adult/Female/Blue/OpenClass,3,Sarah Stump,Caique Jiu-Jitsu
New York Summer No-GI International Open 2015,Adult/Male/Purple/Light-Feather,1,Thomas Foster Kennedy,KnuckleUp
New York Summer No-GI International Open 2015,Adult/Male/Purple/Light-Feather,2,Vincent Garcia,American Top Team
New York Summer No-GI International Open 2015,Adult/Male/Purple/Light-Feather,3,Apollo Castillo,Team Jucão USA
New York Summer No-GI International Open 2015,Adult/Male/Purple/Feather,1,David Mosleh,Ribeiro Jiu-Jitsu
New York Summer No-GI International Open 2015,Adult/Male/Purple/Feather,2,Eddie L Aponte,Balance
New York Summer No-GI International Open 2015,Adult/Male/Purple/Feather,3,Vukoje Stesevic,Unity Jiu-jitsu
New York Summer No-GI International Open 2015,Adult/Male/Purple/Light,1,Alexander Nelson Ninan,Alliance
New York Summer No-GI International Open 2015,Adult/Male/Purple/Light,2,Zach Zettle,Ribeiro Jiu-Jitsu
New York Summer No-GI International Open 2015,Adult/Male/Purple/Light,3,Isaiah Vicens,GF Team
New York Summer No-GI International Open 2015,Adult/Male/Purple/Light,3,Weiss Sakhizada,Alliance International
New York Summer No-GI International Open 2015,Adult/Male/Purple/Middle,1,Dante Leon,GF Team
New York Summer No-GI International Open 2015,Adult/Male/Purple/Middle,2,Andre Soares Santos,Ryan Gracie Team
New York Summer No-GI International Open 2015,Adult/Male/Purple/Middle,3,kyle hasslinger,Gracie Tampa South
New York Summer No-GI International Open 2015,Adult/Male/Purple/Middle,3,Michael D Cheney,Caique Jiu-Jitsu
New York Summer No-GI International Open 2015,Adult/Male/Purple/Medium-Heavy,1,Marcos de Souza Ouriques Mendonça,Team Lloyd Irvin
New York Summer No-GI International Open 2015,Adult/Male/Purple/Medium-Heavy,2,Joseph Gilpin,Yamasaki Academy
New York Summer No-GI International Open 2015,Adult/Male/Purple/Medium-Heavy,3,Pema Dorji,Toronto BJJ
New York Summer No-GI International Open 2015,Adult/Male/Purple/Medium-Heavy,3,Philip  Mento,TAC Team BJJ
New York Summer No-GI International Open 2015,Adult/Male/Purple/Heavy,1,Steven Nichols,Gracie Barra
New York Summer No-GI International Open 2015,Adult/Male/Purple/Heavy,2,Patrick I. Hemenway,Pellegrino Mixed Martial Arts
New York Summer No-GI International Open 2015,Adult/Male/Purple/Super-Heavy,1,Brent Belzun,Ribeiro Jiu-Jitsu
New York Summer No-GI International Open 2015,Adult/Male/Purple/Super-Heavy,2,Quentin Leahy (REPITIDO),Renzo Gracie
New York Summer No-GI International Open 2015,Adult/Male/Purple/Super-Heavy,3,David Stein,Clockwork Jiu-Jitsu
New York Summer No-GI International Open 2015,Adult/Male/Purple/Ultra-Heavy,1,Stuart Randle Maddox,Luiz Palhares Jiu Jitsu
New York Summer No-GI International Open 2015,Adult/Male/Purple/Ultra-Heavy,2,Ed Abrasley,Balance
New York Summer No-GI International Open 2015,Adult/Male/Purple/Ultra-Heavy,3,ej mecklenburg,Yamasaki Academy
New York Summer No-GI International Open 2015,Adult/Male/Purple/OpenClass,1,Stuart Randle Maddox,Luiz Palhares Jiu Jitsu
New York Summer No-GI International Open 2015,Adult/Male/Purple/OpenClass,2,Brent Belzun,Ribeiro Jiu-Jitsu
New York Summer No-GI International Open 2015,Adult/Male/Purple/OpenClass,3,Dante Leon,GF Team
New York Summer No-GI International Open 2015,Adult/Male/Purple/OpenClass,3,Philip  Mento,TAC Team BJJ
New York Summer No-GI International Open 2015,Adult/Female/Purple/Feather,1,Laurie Anne Porsch,BETA Academy
New York Summer No-GI International Open 2015,Adult/Female/Purple/Feather,2,Jillian DeCoursey,East Coast United BJJ
New York Summer No-GI International Open 2015,Adult/Female/Purple/Feather,3,Joan DeAgro,RABJJ Academy
New York Summer No-GI International Open 2015,Adult/Female/Purple/Feather,3,Taylor Katherine Sausser,Gustavo Machado BJJ
New York Summer No-GI International Open 2015,Adult/Female/Purple/Middle,1,Jessica Constance Swanson,Soul Fighters BJJ Connecticut
New York Summer No-GI International Open 2015,Adult/Female/Purple/Middle,2,Gillian K. Davis,RCJ Machado
New York Summer No-GI International Open 2015,Adult/Female/Purple/Medium-Heavy,1,Yanelisa Reyes,Radical Jiu Jitsu
New York Summer No-GI International Open 2015,Adult/Female/Purple/Super-Heavy,1,Kassi Nicole Gulliford,Gustavo Machado BJJ
New York Summer No-GI International Open 2015,Adult/Female/Purple/OpenClass,1,Jessica Constance Swanson,Soul Fighters BJJ Connecticut
New York Summer No-GI International Open 2015,Adult/Female/Purple/OpenClass,2,Gillian K. Davis,RCJ Machado
New York Summer No-GI International Open 2015,Adult/Female/Purple/OpenClass,3,Kassi Nicole Gulliford,Gustavo Machado BJJ
New York Summer No-GI International Open 2015,Adult/Female/Purple/OpenClass,3,Taylor Katherine Sausser,Gustavo Machado BJJ
New York Summer No-GI International Open 2015,Adult/Male/Brown/Light-Feather,1,Wallace Fernando Santos,Gracie Humaita Las Vegas
New York Summer No-GI International Open 2015,Adult/Male/Brown/Light-Feather,2,Paul M. Genzale,Soca Brazilian Jiu-Jitsu
New York Summer No-GI International Open 2015,Adult/Male/Brown/Feather,1,Adonis Delano Vasquez,Checkmat New York
New York Summer No-GI International Open 2015,Adult/Male/Brown/Feather,2,Felipe Hugo de Souza Simplicio,Striker JJ
New York Summer No-GI International Open 2015,Adult/Male/Brown/Feather,3,Orlando Fernando Castillo Andaviza,Fight Sports
New York Summer No-GI International Open 2015,Adult/Male/Brown/Feather,3,Thiago Aguiar Abud,Barbosa JJ 2
New York Summer No-GI International Open 2015,Adult/Male/Brown/Middle,1,Joseph Solecki,Serra BJJ
New York Summer No-GI International Open 2015,Adult/Male/Brown/Middle,2,Silvio Duran de Barros Saraiva,Zenith BJJ
New York Summer No-GI International Open 2015,Adult/Male/Brown/Middle,3,Emmett Stewart,Soca Brazilian Jiu-Jitsu
New York Summer No-GI International Open 2015,Adult/Male/Brown/Middle,3,Michael Palladino,Soul Fighters BJJ Connecticut
New York Summer No-GI International Open 2015,Adult/Male/Brown/Medium-Heavy,1,Samir Abdolkader,Yamasaki Academy
New York Summer No-GI International Open 2015,Adult/Male/Brown/Medium-Heavy,2,Hyukil Kwon,Jiu-Jitsu Lab
New York Summer No-GI International Open 2015,Adult/Male/Brown/Medium-Heavy,3,Danilo Lopes Silva,Team Redzovic
New York Summer No-GI International Open 2015,Adult/Male/Brown/Heavy,1,Myengse Hwang,Atos JJ International
New York Summer No-GI International Open 2015,Adult/Male/Brown/Super-Heavy,1,Michael Grant Schweiger,Checkmat New York
New York Summer No-GI International Open 2015,Adult/Male/Brown/Ultra-Heavy,1,James Robert Booth,JBM BJJ Academy
New York Summer No-GI International Open 2015,Adult/Male/Brown/OpenClass,1,Samir Abdolkader,Yamasaki Academy
New York Summer No-GI International Open 2015,Adult/Male/Brown/OpenClass,2,Silvio Duran de Barros Saraiva,Zenith BJJ
New York Summer No-GI International Open 2015,Adult/Male/Brown/OpenClass,3,James Robert Booth,JBM BJJ Academy
New York Summer No-GI International Open 2015,Adult/Male/Brown/OpenClass,3,Orlando Fernando Castillo Andaviza,Fight Sports
New York Summer No-GI International Open 2015,Adult/Male/Black/Light-Feather,1,João Ricardo Bordignon Miyao,PSLPB Cicero Costha
New York Summer No-GI International Open 2015,Adult/Male/Black/Light-Feather,2,Luis Geronimo Pantoja,Yamasaki Academy
New York Summer No-GI International Open 2015,Adult/Male/Black/Feather,1,Paulo H. Bordignon Miyao,PSLPB Cicero Costha
New York Summer No-GI International Open 2015,Adult/Male/Black/Feather,2,Sidemar Honorio,Gracie Elite Team America
New York Summer No-GI International Open 2015,Adult/Male/Black/Feather,3,Flavio Ralf Meier,Caio Terra Association
New York Summer No-GI International Open 2015,Adult/Male/Black/Light,1,João Paulo de Fatima Alves Ferreira,Alliance
New York Summer No-GI International Open 2015,Adult/Male/Black/Light,2,Diego Bispo Conceição,Carlson Gracie Clube
New York Summer No-GI International Open 2015,Adult/Male/Black/Light,3,Ayres  Modesto Dias Neto,Carioca Team
New York Summer No-GI International Open 2015,Adult/Male/Black/Middle,1,Jonathan T. Satava,Alliance
New York Summer No-GI International Open 2015,Adult/Male/Black/Middle,2,Youngam Noh,Jiu-Jitsu Lab
New York Summer No-GI International Open 2015,Adult/Male/Black/Medium-Heavy,1,Marcos Vinícius da Silva Tinoco,Alliance
New York Summer No-GI International Open 2015,Adult/Male/Black/Medium-Heavy,2,Brian J Beaury II,Abusado Team
New York Summer No-GI International Open 2015,Adult/Male/Black/Medium-Heavy,3,Jordan Samuel Lutsky,East Coast United BJJ
New York Summer No-GI International Open 2015,Adult/Male/Black/Heavy,1,Matheus Oliveira Diniz,Alliance
New York Summer No-GI International Open 2015,Adult/Male/Black/Heavy,2,Neiman Gracie Stambowsky,Renzo Gracie
New York Summer No-GI International Open 2015,Adult/Male/Black/Heavy,3,Todd Brandon Mueckenheim,Soca Brazilian Jiu-Jitsu
New York Summer No-GI International Open 2015,Adult/Male/Black/Heavy,3,Vitor Moscon Schlosser,American Top Team
New York Summer No-GI International Open 2015,Adult/Male/Black/Super-Heavy,1,Haim Gozali,Renzo Gracie Israel
New York Summer No-GI International Open 2015,Adult/Male/Black/Ultra-Heavy,1,Rodrigo Castro Artilheiro,Cavalcanti BJJ - Carlson Gracie Las Vegas
New York Summer No-GI International Open 2015,Adult/Male/Black/Ultra-Heavy,2,Jason J Lees,Gracie Elite Team America
New York Summer No-GI International Open 2015,Adult/Male/Black/OpenClass,1,Matheus Oliveira Diniz,Alliance
New York Summer No-GI International Open 2015,Adult/Male/Black/OpenClass,2,Gilbert Alexander Pontes Burns,Zenith BJJ
New York Summer No-GI International Open 2015,Adult/Male/Black/OpenClass,3,Jason J Lees,Gracie Elite Team America
New York Summer No-GI International Open 2015,Adult/Male/Black/OpenClass,3,Jonathan T. Satava,Alliance
New York Summer No-GI International Open 2015,Adult/Female/Black/Feather,1,Samantha Siu Bic Tam Faulhaber,Gracie Humaita San Diego
New York Summer No-GI International Open 2015,Adult/Female/Black/Light,1,Gegi E Van de Walker,Cia Paulista USA
New York Summer No-GI International Open 2015,Adult/Female/Black/OpenClass,1,Gegi E Van de Walker,Cia Paulista USA
New York Summer No-GI International Open 2015,Adult/Female/Black/OpenClass,2,Samantha Siu Bic Tam Faulhaber,Gracie Humaita San Diego
New York Summer No-GI International Open 2015,Master1/Male/Blue/Feather,1,Nicholas Burkett,Renzo Gracie
New York Summer No-GI International Open 2015,Master1/Male/Blue/Light,1,Jonathan Margolick,BJJ Globetrotters USA
New York Summer No-GI International Open 2015,Master1/Male/Blue/Light,2,Jesse Fu,Renzo Gracie Cresskill
New York Summer No-GI International Open 2015,Master1/Male/Blue/Light,3,Danny Hwang,Alliance
New York Summer No-GI International Open 2015,Master1/Male/Blue/Light,3,Jake Kohen,Alliance
New York Summer No-GI International Open 2015,Master1/Male/Blue/Middle,1,Sina Vaghari,Zenith BJJ - Canada
New York Summer No-GI International Open 2015,Master1/Male/Blue/Middle,2,Luke J. Szeman,RABJJ Academy
New York Summer No-GI International Open 2015,Master1/Male/Blue/Middle,3,Bo Winnberg,Workshop
New York Summer No-GI International Open 2015,Master1/Male/Blue/Middle,3,Jared R. Lucas,New England United
New York Summer No-GI International Open 2015,Master1/Male/Blue/Medium-Heavy,1,Vincent Loccisano,Soca Brazilian Jiu-Jitsu
New York Summer No-GI International Open 2015,Master1/Male/Blue/Medium-Heavy,2,Leonardo Sousa,Gracie Tampa South
New York Summer No-GI International Open 2015,Master1/Male/Blue/Medium-Heavy,3,Brian Wolfe,TAC Team BJJ
New York Summer No-GI International Open 2015,Master1/Male/Blue/Medium-Heavy,3,Kyle Bruzetti,Caique Jiu Jitsu 2
New York Summer No-GI International Open 2015,Master1/Male/Blue/Ultra-Heavy,1,Richard Pocsi, Jr,TAC Team BJJ
New York Summer No-GI International Open 2015,Master1/Male/Blue/Ultra-Heavy,2,Kent Thornton,Pellegrino Mixed Martial Arts
New York Summer No-GI International Open 2015,Master1/Male/Blue/Ultra-Heavy,3,Ezra Taylor,Renzo Gracie
New York Summer No-GI International Open 2015,Master1/Male/Blue/OpenClass,1,Luke J. Szeman,RABJJ Academy
New York Summer No-GI International Open 2015,Master1/Male/Blue/OpenClass,2,Kent Thornton,Pellegrino Mixed Martial Arts
New York Summer No-GI International Open 2015,Master1/Male/Blue/OpenClass,3,Jesse Fu,Renzo Gracie Cresskill
New York Summer No-GI International Open 2015,Master1/Male/Blue/OpenClass,3,Nicholas Burkett,Renzo Gracie
New York Summer No-GI International Open 2015,Master1/Male/Purple/Rooster,1,Jose Rodriguez,Renzo Gracie
New York Summer No-GI International Open 2015,Master1/Male/Purple/Light,1,Anderson de C. Silva,Buffalo BJJ Academy
New York Summer No-GI International Open 2015,Master1/Male/Purple/Light,2,Russell Lamb,Team Jucão USA
New York Summer No-GI International Open 2015,Master1/Male/Purple/Middle,1,Sebastian Gallegos,Caique Jiu-Jitsu
New York Summer No-GI International Open 2015,Master1/Male/Purple/Medium-Heavy,1,Moises Lopez,Zenith BJJ - Las Vegas
New York Summer No-GI International Open 2015,Master1/Male/Purple/Medium-Heavy,2,Ryan Thomas,Round Table BJJ
New York Summer No-GI International Open 2015,Master1/Male/Purple/Heavy,1,Sebastian Jan Szyszka,Enigma Gym
New York Summer No-GI International Open 2015,Master1/Male/Purple/Heavy,2,Chinnonye Okafor,Alliance
New York Summer No-GI International Open 2015,Master1/Male/Purple/Ultra-Heavy,1,Fernando A P Smith,Ribeiro Jiu-Jitsu
New York Summer No-GI International Open 2015,Master1/Male/Purple/OpenClass,1,Moises Lopez,Zenith BJJ - Las Vegas
New York Summer No-GI International Open 2015,Master1/Male/Purple/OpenClass,2,Chinnonye Okafor,Alliance
New York Summer No-GI International Open 2015,Master1/Male/Purple/OpenClass,3,Jose Rodriguez,Renzo Gracie
New York Summer No-GI International Open 2015,Master1/Male/Purple/OpenClass,3,Ryan Thomas,Round Table BJJ
New York Summer No-GI International Open 2015,Master1/Male/Brown/Light-Feather,1,Orlando Rymer,Alliance
New York Summer No-GI International Open 2015,Master1/Male/Brown/Light-Feather,2,Sop Mu Huh,Gracie Barra
New York Summer No-GI International Open 2015,Master1/Male/Brown/Feather,1,Guilherme Fernandes Nogueira,BJJ for Christ
New York Summer No-GI International Open 2015,Master1/Male/Brown/Feather,2,Jose Alfonso Hermoza,Brazilian Top Team
New York Summer No-GI International Open 2015,Master1/Male/Brown/Light,1,Chad Allen Bingham,Alliance
New York Summer No-GI International Open 2015,Master1/Male/Brown/Light,2,Benjamin Joel Zapata,Gracie Tampa South
New York Summer No-GI International Open 2015,Master1/Male/Brown/OpenClass,1,Benjamin Joel Zapata,Gracie Tampa South
New York Summer No-GI International Open 2015,Master1/Male/Brown/OpenClass,2,Orlando Rymer,Alliance
New York Summer No-GI International Open 2015,Master1/Male/Brown/OpenClass,3,Jose Alfonso Hermoza,Brazilian Top Team
New York Summer No-GI International Open 2015,Master1/Male/Black/Light,1,Daniel J. Covel,Alliance
New York Summer No-GI International Open 2015,Master1/Male/Black/Light,2,Joao Paulo Meira Cruvinel,GF Team
New York Summer No-GI International Open 2015,Master1/Male/Black/Light,3,Marcos Paulo Cruvinel,GF Team
New York Summer No-GI International Open 2015,Master1/Male/Black/Middle,1,Rafael Rosendo dos Santos,Alliance
New York Summer No-GI International Open 2015,Master1/Male/Black/Middle,2,Joao Batista da Silva Junior,American Top Team
New York Summer No-GI International Open 2015,Master1/Male/Black/Middle,3,Omar Javier Serrano Zamora,Tatu BJJ
New York Summer No-GI International Open 2015,Master1/Male/Black/Heavy,1,Robson de Lima Rodrigues,GF Team
New York Summer No-GI International Open 2015,Master1/Male/Black/Heavy,2,Cleverton Vivaldo Pizol,Buffalo BJJ Academy
New York Summer No-GI International Open 2015,Master1/Male/Black/Heavy,3,Vagner Alves de Santana,Team Jucão USA
New York Summer No-GI International Open 2015,Master1/Male/Black/OpenClass,1,Robson de Lima Rodrigues,GF Team
New York Summer No-GI International Open 2015,Master1/Male/Black/OpenClass,2,Joao Batista da Silva Junior,American Top Team
New York Summer No-GI International Open 2015,Master2/Male/Blue/Light-Feather,1,Juan M. Cruz,Icon Jiu-Jitsu Team - USA
New York Summer No-GI International Open 2015,Master2/Male/Blue/Light-Feather,2,Robert Noble,3rd Generation Jiu-Jitsu Academy
New York Summer No-GI International Open 2015,Master2/Male/Blue/Feather,1,Robert  Williams (aka: Robb Hunter),Fairfax Jiu Jitsu
New York Summer No-GI International Open 2015,Master2/Male/Blue/Feather,2,Paul Geller,East Coast United BJJ
New York Summer No-GI International Open 2015,Master2/Male/Blue/Light,1,Leandro Leri Gross,Ac. Atitude - Acre
New York Summer No-GI International Open 2015,Master2/Male/Blue/Light,2,Matthew D Vasta,Icon Jiu-Jitsu Team - USA
New York Summer No-GI International Open 2015,Master2/Male/Blue/Light,3,Quentin Park,Carlson Gracie Team
New York Summer No-GI International Open 2015,Master2/Male/Blue/Medium-Heavy,1,Dwight Sollenberger,Round Table BJJ
New York Summer No-GI International Open 2015,Master2/Male/Blue/Heavy,1,Leonardo  Souza,Icon Jiu-Jitsu Team - USA
New York Summer No-GI International Open 2015,Master2/Male/Blue/Heavy,2,Matthew Hunt,Julio Binda Brazilian Jiu Jitsu
New York Summer No-GI International Open 2015,Master2/Male/Blue/Heavy,3,Anthony A. Pacinelli,TAC Team BJJ
New York Summer No-GI International Open 2015,Master2/Male/Blue/Ultra-Heavy,1,Andre Moctezuma,Monster Brazilian Jiu Jitsu and MMA
New York Summer No-GI International Open 2015,Master2/Male/Blue/OpenClass,1,Matthew Hunt,Julio Binda Brazilian Jiu Jitsu
New York Summer No-GI International Open 2015,Master2/Male/Blue/OpenClass,2,Anthony A. Pacinelli,TAC Team BJJ
New York Summer No-GI International Open 2015,Master2/Male/Blue/OpenClass,3,Robert Noble,3rd Generation Jiu-Jitsu Academy
New York Summer No-GI International Open 2015,Master2/Male/Purple/Feather,1,Virginio Minervini,Team Jucão USA
New York Summer No-GI International Open 2015,Master2/Male/Purple/Light,1,Richard Fitzgerald,David Jacobs Jiu-Jitsu Team
New York Summer No-GI International Open 2015,Master2/Male/Purple/Light,2,Sean Kline,Gracie Elite Team America
New York Summer No-GI International Open 2015,Master2/Male/Purple/Light,3,Gerald  Hoffman,Team Shawn Hammonds
New York Summer No-GI International Open 2015,Master2/Male/Purple/Middle,1,Jeffrey T. Holman,Alliance
New York Summer No-GI International Open 2015,Master2/Male/Purple/Medium-Heavy,1,Lee Yalowitz,Renzo Gracie Cresskill
New York Summer No-GI International Open 2015,Master2/Male/Purple/Super-Heavy,1,Emerson Fernando de Lima,Bon Sai JJ
New York Summer No-GI International Open 2015,Master2/Male/Purple/Ultra-Heavy,1,Alexander Castro,Renzo Gracie LA
New York Summer No-GI International Open 2015,Master2/Male/Purple/OpenClass,1,Emerson Fernando de Lima,Bon Sai JJ
New York Summer No-GI International Open 2015,Master2/Male/Purple/OpenClass,2,Richard Fitzgerald,David Jacobs Jiu-Jitsu Team
New York Summer No-GI International Open 2015,Master2/Male/Purple/OpenClass,3,Gerald  Hoffman,Team Shawn Hammonds
New York Summer No-GI International Open 2015,Master2/Male/Brown/Feather,1,Paulo Wesson,Gracie Barra
New York Summer No-GI International Open 2015,Master2/Male/Brown/Middle,1,Timothy Harlan Blackstone,Alliance
New York Summer No-GI International Open 2015,Master2/Male/Brown/Middle,2,C. Raimundo Cortinez-Romo,Gracie Humaita Philadelphia
New York Summer No-GI International Open 2015,Master2/Male/Brown/Heavy,1,Steven Michael Strivelli,The Jupiter Jiu Jitsu Academy
New York Summer No-GI International Open 2015,Master2/Male/Brown/Heavy,2,Justin G. Filer,Round Table BJJ
New York Summer No-GI International Open 2015,Master2/Male/Brown/Heavy,3,Radji Bryson-Barrett,Team Jucão USA
New York Summer No-GI International Open 2015,Master2/Male/Brown/Super-Heavy,1,David Brian Edwards,SAS Team USA
New York Summer No-GI International Open 2015,Master2/Male/Brown/Super-Heavy,2,Leandro Desouza Barcelos,GF Team
New York Summer No-GI International Open 2015,Master2/Male/Brown/Ultra-Heavy,1,Casey S. Lamb,BJJ Revolution Team
New York Summer No-GI International Open 2015,Master2/Male/Brown/Ultra-Heavy,2,Cristian V. Augusto,Icon Jiu-Jitsu Team - USA
New York Summer No-GI International Open 2015,Master2/Male/Brown/Ultra-Heavy,3,Andrew J. Colombos,Soul Fighters BJJ Connecticut
New York Summer No-GI International Open 2015,Master2/Male/Brown/Ultra-Heavy,3,John Herring,Club Ne-Waza BJJ
New York Summer No-GI International Open 2015,Master2/Male/Brown/OpenClass,1,Radji Bryson-Barrett,Team Jucão USA
New York Summer No-GI International Open 2015,Master2/Male/Brown/OpenClass,2,Cristian V. Augusto,Icon Jiu-Jitsu Team - USA
New York Summer No-GI International Open 2015,Master2/Male/Brown/OpenClass,3,Andrew J. Colombos,Soul Fighters BJJ Connecticut
New York Summer No-GI International Open 2015,Master2/Male/Brown/OpenClass,3,John Herring,Club Ne-Waza BJJ
New York Summer No-GI International Open 2015,Master2/Male/Black/Middle,1,Kevin D. Landry,Gracie Elite Team America
New York Summer No-GI International Open 2015,Master2/Male/Black/Medium-Heavy,1,Carlos Alberto Terrinha,Gracie Barra
New York Summer No-GI International Open 2015,Master2/Male/Black/Medium-Heavy,2,Áureo Trotte Couto,Escola de JJ Leão Teixeira
New York Summer No-GI International Open 2015,Master2/Male/Black/Heavy,1,Flavio Roberto Ferreira e Silva,Brazilian Top Team
New York Summer No-GI International Open 2015,Master2/Male/Black/Super-Heavy,1,Charles Alexandre Moura da França,CheckMat
New York Summer No-GI International Open 2015,Master2/Male/Black/OpenClass,1,Flavio Roberto Ferreira e Silva,Brazilian Top Team
New York Summer No-GI International Open 2015,Master2/Male/Black/OpenClass,2,Carlos Alberto Terrinha,Gracie Barra
New York Summer No-GI International Open 2015,Master2/Male/Black/OpenClass,3,Charles Alexandre Moura da França,CheckMat
