Chicago Summer International Open Jiu-Jitsu No-Gi Championship 2017,Adult/Male/Blue/Light-Feather,1,Anthony  Goetz,Pedigo Submission Fighting
Chicago Summer International Open Jiu-Jitsu No-Gi Championship 2017,Adult/Male/Blue/Light-Feather,2,Josh Rageth,Carlson Gracie Team
Chicago Summer International Open Jiu-Jitsu No-Gi Championship 2017,Adult/Male/Blue/Light-Feather,3,Felipe Rodriguez,Uflacker Academy
Chicago Summer International Open Jiu-Jitsu No-Gi Championship 2017,Adult/Male/Blue/Feather,1,Timothy Flores,Soul Fighter's Chicago - IL - USA
Chicago Summer International Open Jiu-Jitsu No-Gi Championship 2017,Adult/Male/Blue/Feather,2,John Hamamoto,Team Redzovic
Chicago Summer International Open Jiu-Jitsu No-Gi Championship 2017,Adult/Male/Blue/Feather,3,David Julia,Valko BJJ Academy
Chicago Summer International Open Jiu-Jitsu No-Gi Championship 2017,Adult/Male/Blue/Feather,3,Michael Anthony Ozanich,Brasa CTA
Chicago Summer International Open Jiu-Jitsu No-Gi Championship 2017,Adult/Male/Blue/Light,1,Alejandro Wajner,Pedigo Submission Fighting
Chicago Summer International Open Jiu-Jitsu No-Gi Championship 2017,Adult/Male/Blue/Light,2,Trevor Franklin Anderson,Hurricane Jiu-Jitsu
Chicago Summer International Open Jiu-Jitsu No-Gi Championship 2017,Adult/Male/Blue/Light,3,Connor Landick,Alliance
Chicago Summer International Open Jiu-Jitsu No-Gi Championship 2017,Adult/Male/Blue/Light,3,Joseph Runkel,Gracie Barra
Chicago Summer International Open Jiu-Jitsu No-Gi Championship 2017,Adult/Male/Blue/Middle,1,Chris Wojcik,McVicker's Brazilian Jiu Jitsu
Chicago Summer International Open Jiu-Jitsu No-Gi Championship 2017,Adult/Male/Blue/Middle,2,Braulio Andres Medina,Brazil Academy USA
Chicago Summer International Open Jiu-Jitsu No-Gi Championship 2017,Adult/Male/Blue/Middle,3,David Thore Hanson,LCCT USA
Chicago Summer International Open Jiu-Jitsu No-Gi Championship 2017,Adult/Male/Blue/Middle,3,Kyle Robert Lindstrom,Brasa CTA
Chicago Summer International Open Jiu-Jitsu No-Gi Championship 2017,Adult/Male/Blue/Medium-Heavy,1,Jake Bower,Alliance
Chicago Summer International Open Jiu-Jitsu No-Gi Championship 2017,Adult/Male/Blue/Medium-Heavy,2,Joel Johnson,Ralph Gracie Jiu Jitsu
Chicago Summer International Open Jiu-Jitsu No-Gi Championship 2017,Adult/Male/Blue/Medium-Heavy,3,Josh Andre,Valko BJJ Academy
Chicago Summer International Open Jiu-Jitsu No-Gi Championship 2017,Adult/Male/Blue/Heavy,1,Phillip Ahrens,Gracie Barra
Chicago Summer International Open Jiu-Jitsu No-Gi Championship 2017,Adult/Male/Blue/Heavy,2,Mohammad Zayyad,Brasa CTA
Chicago Summer International Open Jiu-Jitsu No-Gi Championship 2017,Adult/Male/Blue/Heavy,3,Orlando Aguilar,Carlson Gracie Team
Chicago Summer International Open Jiu-Jitsu No-Gi Championship 2017,Adult/Male/Blue/Super-Heavy,1,Emilio Morales,Pollaro's Martial Arts
Chicago Summer International Open Jiu-Jitsu No-Gi Championship 2017,Adult/Male/Blue/Super-Heavy,2,Martin Mulligan,Valko BJJ Academy
Chicago Summer International Open Jiu-Jitsu No-Gi Championship 2017,Adult/Male/Blue/Ultra-Heavy,1,Clinton Johnson III,Indiana Brazilian Jiu-Jitsu Academy
Chicago Summer International Open Jiu-Jitsu No-Gi Championship 2017,Adult/Male/Blue/Ultra-Heavy,2,Zachary Snyder,Ribeiro Jiu-Jitsu
Chicago Summer International Open Jiu-Jitsu No-Gi Championship 2017,Adult/Male/Blue/Ultra-Heavy,3,Eric Hernandez,Brasa CTA
Chicago Summer International Open Jiu-Jitsu No-Gi Championship 2017,Adult/Male/Blue/Enum_WeightDivision_OpenClass_Label,1,Clinton Johnson III,Indiana Brazilian Jiu-Jitsu Academy
Chicago Summer International Open Jiu-Jitsu No-Gi Championship 2017,Adult/Male/Blue/Enum_WeightDivision_OpenClass_Label,2,Alejandro Wajner,Pedigo Submission Fighting
Chicago Summer International Open Jiu-Jitsu No-Gi Championship 2017,Adult/Male/Blue/Enum_WeightDivision_OpenClass_Label,3,Anthony  Goetz,Pedigo Submission Fighting
Chicago Summer International Open Jiu-Jitsu No-Gi Championship 2017,Adult/Male/Blue/Enum_WeightDivision_OpenClass_Label,3,Mohammad Zayyad,Brasa CTA
Chicago Summer International Open Jiu-Jitsu No-Gi Championship 2017,Adult/Male/Purple/Light-Feather,1,Francisco Jonas Borges Andrade,PSLPB Cicero Costha
Chicago Summer International Open Jiu-Jitsu No-Gi Championship 2017,Adult/Male/Purple/Light-Feather,2,Vinícius da Silva Pereira,Brazil 021 International
Chicago Summer International Open Jiu-Jitsu No-Gi Championship 2017,Adult/Male/Purple/Light-Feather,3,Mitchell Gaffney,Gracie Barra
Chicago Summer International Open Jiu-Jitsu No-Gi Championship 2017,Adult/Male/Purple/Feather,1,Matheus Gabriel Pinheiro Barros,CheckMat
Chicago Summer International Open Jiu-Jitsu No-Gi Championship 2017,Adult/Male/Purple/Feather,2,João Pedro R. M. Soeiro Figueredo,Gracie Barra
Chicago Summer International Open Jiu-Jitsu No-Gi Championship 2017,Adult/Male/Purple/Feather,3,Brandon Kinney,Valko BJJ
Chicago Summer International Open Jiu-Jitsu No-Gi Championship 2017,Adult/Male/Purple/Light,1,Italo Moura de Azevedo,PSLPB Cicero Costha
Chicago Summer International Open Jiu-Jitsu No-Gi Championship 2017,Adult/Male/Purple/Light,2,laquinn swift,Valko BJJ Academy
Chicago Summer International Open Jiu-Jitsu No-Gi Championship 2017,Adult/Male/Purple/Light,3,Matthew Erickson,Valko BJJ Academy
Chicago Summer International Open Jiu-Jitsu No-Gi Championship 2017,Adult/Male/Purple/Middle,1,James Martin,Gracie Barra
Chicago Summer International Open Jiu-Jitsu No-Gi Championship 2017,Adult/Male/Purple/Middle,2,Justin Reyes,Bonsai JJ - USA
Chicago Summer International Open Jiu-Jitsu No-Gi Championship 2017,Adult/Male/Purple/Heavy,1,Bryan Peterson,Bonsai JJ - USA
Chicago Summer International Open Jiu-Jitsu No-Gi Championship 2017,Adult/Male/Purple/Heavy,2,Kenny Morales,Choke-U
Chicago Summer International Open Jiu-Jitsu No-Gi Championship 2017,Adult/Male/Purple/Super-Heavy,1,Nicholas N. Spacek,Bonsai JJ - USA
Chicago Summer International Open Jiu-Jitsu No-Gi Championship 2017,Adult/Male/Purple/Super-Heavy,2,Matt Fait,Valko BJJ Academy
Chicago Summer International Open Jiu-Jitsu No-Gi Championship 2017,Adult/Male/Purple/Super-Heavy,3,Roberto Ramirez,Indiana Brazilian Jiu-Jitsu Academy
Chicago Summer International Open Jiu-Jitsu No-Gi Championship 2017,Adult/Male/Purple/Enum_WeightDivision_OpenClass_Label,1,Italo Moura de Azevedo,PSLPB Cicero Costha
Chicago Summer International Open Jiu-Jitsu No-Gi Championship 2017,Adult/Male/Purple/Enum_WeightDivision_OpenClass_Label,2,Francisco Jonas Borges Andrade,PSLPB Cicero Costha
Chicago Summer International Open Jiu-Jitsu No-Gi Championship 2017,Adult/Male/Purple/Enum_WeightDivision_OpenClass_Label,3,James Martin,Gracie Barra
Chicago Summer International Open Jiu-Jitsu No-Gi Championship 2017,Adult/Male/Purple/Enum_WeightDivision_OpenClass_Label,3,Nicholas N. Spacek,Bonsai JJ - USA
Chicago Summer International Open Jiu-Jitsu No-Gi Championship 2017,Adult/Male/Brown/Feather,1,Cole Thomas Franson,Tinguinha BJJ academy
Chicago Summer International Open Jiu-Jitsu No-Gi Championship 2017,Adult/Male/Brown/Feather,2,Eric Boleaga,Soul Fighter's Chicago - IL - USA
Chicago Summer International Open Jiu-Jitsu No-Gi Championship 2017,Adult/Male/Brown/Light,1,Parie Morgan Taylor Jared,Brasa CTA
Chicago Summer International Open Jiu-Jitsu No-Gi Championship 2017,Adult/Male/Brown/Light,2,Daniel Patrick Sweeney,Hurricane Jiu-Jitsu
Chicago Summer International Open Jiu-Jitsu No-Gi Championship 2017,Adult/Male/Brown/Light,3,Aaron Brooks,Carlson Gracie Team
Chicago Summer International Open Jiu-Jitsu No-Gi Championship 2017,Adult/Male/Brown/Light,3,Caio Cesar  Oliveira,Soul Fighters BJJ
Chicago Summer International Open Jiu-Jitsu No-Gi Championship 2017,Adult/Male/Brown/Medium-Heavy,1,David Garmo,Detroit Jiu-Jitsu Academy
Chicago Summer International Open Jiu-Jitsu No-Gi Championship 2017,Adult/Male/Brown/Heavy,1,Adam Maslach,Uflacker Academy
Chicago Summer International Open Jiu-Jitsu No-Gi Championship 2017,Adult/Male/Brown/Heavy,2,Joshua Cadenbach,Gracie Barra
Chicago Summer International Open Jiu-Jitsu No-Gi Championship 2017,Adult/Male/Brown/Ultra-Heavy,1,Devhonte M. Johnson,Unity Jiu-jitsu
Chicago Summer International Open Jiu-Jitsu No-Gi Championship 2017,Adult/Male/Brown/Enum_WeightDivision_OpenClass_Label,1,David Garmo,Detroit Jiu-Jitsu Academy
Chicago Summer International Open Jiu-Jitsu No-Gi Championship 2017,Adult/Male/Brown/Enum_WeightDivision_OpenClass_Label,2,Devhonte M. Johnson,Unity Jiu-jitsu
Chicago Summer International Open Jiu-Jitsu No-Gi Championship 2017,Adult/Male/Brown/Enum_WeightDivision_OpenClass_Label,3,Joshua Cadenbach,Gracie Barra
Chicago Summer International Open Jiu-Jitsu No-Gi Championship 2017,Adult/Male/Black/Light-Feather,1,João Ricardo Bordignon Miyao,PSLPB Cicero Costha
Chicago Summer International Open Jiu-Jitsu No-Gi Championship 2017,Adult/Male/Black/Light-Feather,2,Alexis Alduncin Barragan,Renzo Gracie Mexico
Chicago Summer International Open Jiu-Jitsu No-Gi Championship 2017,Adult/Male/Black/Light-Feather,3,Juan Lopes da Silva,Carlson Gracie Team
Chicago Summer International Open Jiu-Jitsu No-Gi Championship 2017,Adult/Male/Black/Feather,1,Bruno Frazatto Xavier C. Barbosa,Atos Jiu-Jitsu
Chicago Summer International Open Jiu-Jitsu No-Gi Championship 2017,Adult/Male/Black/Feather,2,Bruce Guevara,Uflacker Academy
Chicago Summer International Open Jiu-Jitsu No-Gi Championship 2017,Adult/Male/Black/Light,1,Wallace Fernando Santos,Soul Fighter's Chicago - IL - USA
Chicago Summer International Open Jiu-Jitsu No-Gi Championship 2017,Adult/Male/Black/Enum_WeightDivision_OpenClass_Label,1,Wallace Fernando Santos,Soul Fighter's Chicago - IL - USA
Chicago Summer International Open Jiu-Jitsu No-Gi Championship 2017,Adult/Male/Black/Enum_WeightDivision_OpenClass_Label,2,Bruce Guevara,Uflacker Academy
Chicago Summer International Open Jiu-Jitsu No-Gi Championship 2017,Adult/Female/Blue/Light-Feather,1,Michelle Donovan,CheckMat
Chicago Summer International Open Jiu-Jitsu No-Gi Championship 2017,Adult/Female/Blue/Light-Feather,2,Ana Reyna,Carlson Gracie Team
Chicago Summer International Open Jiu-Jitsu No-Gi Championship 2017,Adult/Female/Blue/Feather,1,Annabelle Dacuycuy,Brasa CTA
Chicago Summer International Open Jiu-Jitsu No-Gi Championship 2017,Adult/Female/Blue/Light,1,Rachel Blum,GF Team
Chicago Summer International Open Jiu-Jitsu No-Gi Championship 2017,Adult/Female/Blue/Light,2,Nicole Haley,10th Planet Jiu Jitsu
Chicago Summer International Open Jiu-Jitsu No-Gi Championship 2017,Adult/Female/Blue/Light,3,Natalie Faris,Valko BJJ Academy
Chicago Summer International Open Jiu-Jitsu No-Gi Championship 2017,Adult/Female/Blue/Middle,1,Jessica Ann Buchman,Brasa CTA
Chicago Summer International Open Jiu-Jitsu No-Gi Championship 2017,Adult/Female/Blue/Middle,2,Sumia Duehlmeyer,MXT Fight Academy - Canada
Chicago Summer International Open Jiu-Jitsu No-Gi Championship 2017,Adult/Female/Blue/Middle,3,Darla Sedlacek,Hurricane Jiu-Jitsu
Chicago Summer International Open Jiu-Jitsu No-Gi Championship 2017,Adult/Female/Blue/Middle,3,Gwen Mihaljevich,Valko BJJ Academy
Chicago Summer International Open Jiu-Jitsu No-Gi Championship 2017,Adult/Female/Blue/Medium-Heavy,1,Eden Berg,Carlson Gracie Team
Chicago Summer International Open Jiu-Jitsu No-Gi Championship 2017,Adult/Female/Blue/Medium-Heavy,2,Sydney Skuodas,Bonsai JJ - USA
Chicago Summer International Open Jiu-Jitsu No-Gi Championship 2017,Adult/Female/Blue/Heavy,1,Samantha Hall,Gracie Barra
Chicago Summer International Open Jiu-Jitsu No-Gi Championship 2017,Adult/Female/Blue/Heavy,2,Tommi Lea Rodriguez,Carlson Gracie Team
Chicago Summer International Open Jiu-Jitsu No-Gi Championship 2017,Adult/Female/Blue/Super-Heavy,1,Evangelina  Rojo,Carlson Gracie Team
Chicago Summer International Open Jiu-Jitsu No-Gi Championship 2017,Adult/Female/Blue/Super-Heavy,2,Marianna Melannie Belmares,Carlson Gracie
Chicago Summer International Open Jiu-Jitsu No-Gi Championship 2017,Adult/Female/Blue/Enum_WeightDivision_OpenClass_Label,1,Evangelina  Rojo,Carlson Gracie Team
Chicago Summer International Open Jiu-Jitsu No-Gi Championship 2017,Adult/Female/Blue/Enum_WeightDivision_OpenClass_Label,2,Samantha Hall,Gracie Barra
Chicago Summer International Open Jiu-Jitsu No-Gi Championship 2017,Adult/Female/Blue/Enum_WeightDivision_OpenClass_Label,3,Natalie Faris,Valko BJJ Academy
Chicago Summer International Open Jiu-Jitsu No-Gi Championship 2017,Adult/Female/Blue/Enum_WeightDivision_OpenClass_Label,3,Sydney Skuodas,Bonsai JJ - USA
Chicago Summer International Open Jiu-Jitsu No-Gi Championship 2017,Adult/Female/Purple/Light,1,Gabriella Mcauliffe,Rio Pro Brazilian Jiu Jitsu
Chicago Summer International Open Jiu-Jitsu No-Gi Championship 2017,Adult/Female/Purple/Medium-Heavy,1,Maxine Knetter,Alliance
Chicago Summer International Open Jiu-Jitsu No-Gi Championship 2017,Adult/Female/Purple/Medium-Heavy,2,Crystle Kelly,Brasa CTA
Chicago Summer International Open Jiu-Jitsu No-Gi Championship 2017,Adult/Female/Purple/Medium-Heavy,3,Mary Niedrauer,Atos Jiu-Jitsu
Chicago Summer International Open Jiu-Jitsu No-Gi Championship 2017,Adult/Female/Purple/Super-Heavy,1,Melissa Maine,Brasa CTA
Chicago Summer International Open Jiu-Jitsu No-Gi Championship 2017,Adult/Female/Purple/Enum_WeightDivision_OpenClass_Label,1,Mary Niedrauer,Atos Jiu-Jitsu
Chicago Summer International Open Jiu-Jitsu No-Gi Championship 2017,Adult/Female/Purple/Enum_WeightDivision_OpenClass_Label,2,Gabriella Mcauliffe,Rio Pro Brazilian Jiu Jitsu
Chicago Summer International Open Jiu-Jitsu No-Gi Championship 2017,Adult/Female/Purple/Enum_WeightDivision_OpenClass_Label,3,Crystle Kelly,Brasa CTA
Chicago Summer International Open Jiu-Jitsu No-Gi Championship 2017,Adult/Female/Purple/Enum_WeightDivision_OpenClass_Label,3,Melissa Maine,Brasa CTA
Chicago Summer International Open Jiu-Jitsu No-Gi Championship 2017,Master1/Male/Blue/Light-Feather,1,Anthony J Zito,Soul Fighter's Chicago - IL - USA
Chicago Summer International Open Jiu-Jitsu No-Gi Championship 2017,Master1/Male/Blue/Light-Feather,2,Alex de Vera,Valko BJJ Academy
Chicago Summer International Open Jiu-Jitsu No-Gi Championship 2017,Master1/Male/Blue/Feather,1,Brandon Zimmerman,Indiana Brazilian Jiu-Jitsu Academy
Chicago Summer International Open Jiu-Jitsu No-Gi Championship 2017,Master1/Male/Blue/Light,1,Kevin Devries,Carlson Gracie Team
Chicago Summer International Open Jiu-Jitsu No-Gi Championship 2017,Master1/Male/Blue/Light,2,Tommy Cho,Uflacker Academy
Chicago Summer International Open Jiu-Jitsu No-Gi Championship 2017,Master1/Male/Blue/Light,3,David Carvey,Valko BJJ Academy
Chicago Summer International Open Jiu-Jitsu No-Gi Championship 2017,Master1/Male/Blue/Light,3,Yun Tai,Valko BJJ Academy
Chicago Summer International Open Jiu-Jitsu No-Gi Championship 2017,Master1/Male/Blue/Middle,1,Joshua Carl Wilson,Ribeiro Jiu-Jitsu
Chicago Summer International Open Jiu-Jitsu No-Gi Championship 2017,Master1/Male/Blue/Middle,2,Matt Nelson,Brasa USA
Chicago Summer International Open Jiu-Jitsu No-Gi Championship 2017,Master1/Male/Blue/Middle,3,Vincent Nguyen,Brasa USA
Chicago Summer International Open Jiu-Jitsu No-Gi Championship 2017,Master1/Male/Blue/Medium-Heavy,1,Oscar  Garcia,Carlson Gracie Team
Chicago Summer International Open Jiu-Jitsu No-Gi Championship 2017,Master1/Male/Blue/Medium-Heavy,2,Joe Dankowski,Carlson Gracie Team
Chicago Summer International Open Jiu-Jitsu No-Gi Championship 2017,Master1/Male/Blue/Medium-Heavy,3,Carl John Springer,GD Jiu-Jitsu Association
Chicago Summer International Open Jiu-Jitsu No-Gi Championship 2017,Master1/Male/Blue/Heavy,1,Jeff Schieber,Team Redzovic
Chicago Summer International Open Jiu-Jitsu No-Gi Championship 2017,Master1/Male/Blue/Heavy,2,Ryan Owens,Valko BJJ
Chicago Summer International Open Jiu-Jitsu No-Gi Championship 2017,Master1/Male/Blue/Heavy,3,Michael King,Demian Maia Jiu-Jitsu
Chicago Summer International Open Jiu-Jitsu No-Gi Championship 2017,Master1/Male/Blue/Super-Heavy,1,Andrew Tillman,Valko BJJ Academy
Chicago Summer International Open Jiu-Jitsu No-Gi Championship 2017,Master1/Male/Blue/Ultra-Heavy,1,Vusi Moyo,Valko BJJ Academy
Chicago Summer International Open Jiu-Jitsu No-Gi Championship 2017,Master1/Male/Blue/Ultra-Heavy,2,Cameron Nolin,Combat Base
Chicago Summer International Open Jiu-Jitsu No-Gi Championship 2017,Master1/Male/Blue/Ultra-Heavy,3,Joshua Hamilton,Bonsai JJ - USA
Chicago Summer International Open Jiu-Jitsu No-Gi Championship 2017,Master1/Male/Blue/Enum_WeightDivision_OpenClass_Label,1,Vusi Moyo,Valko BJJ Academy
Chicago Summer International Open Jiu-Jitsu No-Gi Championship 2017,Master1/Male/Blue/Enum_WeightDivision_OpenClass_Label,2,Kevin Devries,Carlson Gracie Team
Chicago Summer International Open Jiu-Jitsu No-Gi Championship 2017,Master1/Male/Blue/Enum_WeightDivision_OpenClass_Label,3,Michael King,Demian Maia Jiu-Jitsu
Chicago Summer International Open Jiu-Jitsu No-Gi Championship 2017,Master1/Male/Purple/Feather,1,Lior Ofir,Valko BJJ
Chicago Summer International Open Jiu-Jitsu No-Gi Championship 2017,Master1/Male/Purple/Light,1,Ryan Nishimoto,Valko BJJ Academy
Chicago Summer International Open Jiu-Jitsu No-Gi Championship 2017,Master1/Male/Purple/Light,2,Jason Chan,Brasa CTA
Chicago Summer International Open Jiu-Jitsu No-Gi Championship 2017,Master1/Male/Purple/Light,3,Christopher M. Jakubiak,Carlson Gracie Team
Chicago Summer International Open Jiu-Jitsu No-Gi Championship 2017,Master1/Male/Purple/Light,3,Quentin Park,Carlson Gracie Team
Chicago Summer International Open Jiu-Jitsu No-Gi Championship 2017,Master1/Male/Purple/Middle,1,Joseph Thrasher,Brasa CTA
Chicago Summer International Open Jiu-Jitsu No-Gi Championship 2017,Master1/Male/Purple/Middle,2,Jose Washington,Renzo Gracie International
Chicago Summer International Open Jiu-Jitsu No-Gi Championship 2017,Master1/Male/Purple/Middle,3,Alexey Iskhakov,Mike Moses' Competition Team
Chicago Summer International Open Jiu-Jitsu No-Gi Championship 2017,Master1/Male/Purple/Middle,3,Owen Brickell,Zenith BJJ
Chicago Summer International Open Jiu-Jitsu No-Gi Championship 2017,Master1/Male/Purple/Medium-Heavy,1,Patrick Cooney,Carlson Gracie Team
Chicago Summer International Open Jiu-Jitsu No-Gi Championship 2017,Master1/Male/Purple/Medium-Heavy,2,Sherman Yau,Carlson Gracie Team
Chicago Summer International Open Jiu-Jitsu No-Gi Championship 2017,Master1/Male/Purple/Medium-Heavy,3,Domenick Angiello,Gracie Barra
Chicago Summer International Open Jiu-Jitsu No-Gi Championship 2017,Master1/Male/Purple/Heavy,1,Jonathan Simon,Valko BJJ Academy
Chicago Summer International Open Jiu-Jitsu No-Gi Championship 2017,Master1/Male/Purple/Heavy,2,Rob Harman,Valko BJJ Academy
Chicago Summer International Open Jiu-Jitsu No-Gi Championship 2017,Master1/Male/Purple/Heavy,3,William R. Morgan,Gracie Barra
Chicago Summer International Open Jiu-Jitsu No-Gi Championship 2017,Master1/Male/Purple/Enum_WeightDivision_OpenClass_Label,1,Joseph Thrasher,Brasa CTA
Chicago Summer International Open Jiu-Jitsu No-Gi Championship 2017,Master1/Male/Purple/Enum_WeightDivision_OpenClass_Label,2,Owen Brickell,Zenith BJJ
Chicago Summer International Open Jiu-Jitsu No-Gi Championship 2017,Master1/Male/Purple/Enum_WeightDivision_OpenClass_Label,3,Jonathan Simon,Valko BJJ Academy
Chicago Summer International Open Jiu-Jitsu No-Gi Championship 2017,Master1/Male/Purple/Enum_WeightDivision_OpenClass_Label,3,Lior Ofir,Valko BJJ
Chicago Summer International Open Jiu-Jitsu No-Gi Championship 2017,Master1/Male/Brown/Feather,1,Brandon Christopher Reilly,Alliance
Chicago Summer International Open Jiu-Jitsu No-Gi Championship 2017,Master1/Male/Brown/Feather,2,Monta Lamor Wiley,ZR Team California
Chicago Summer International Open Jiu-Jitsu No-Gi Championship 2017,Master1/Male/Brown/Feather,3,Ron Versetto,Carlson Gracie Team
Chicago Summer International Open Jiu-Jitsu No-Gi Championship 2017,Master1/Male/Brown/Light,1,Anthony Wong,Caique Jiu-Jitsu
Chicago Summer International Open Jiu-Jitsu No-Gi Championship 2017,Master1/Male/Brown/Light,2,Darrell Jason Bender,Carlson Gracie Team
Chicago Summer International Open Jiu-Jitsu No-Gi Championship 2017,Master1/Male/Brown/Middle,1,Robert Cunningham,Carlson Gracie Team
Chicago Summer International Open Jiu-Jitsu No-Gi Championship 2017,Master1/Male/Brown/Middle,2,Keith D. Loudenber,BJJ Coach - Corral's Martial Arts
Chicago Summer International Open Jiu-Jitsu No-Gi Championship 2017,Master1/Male/Brown/Medium-Heavy,1,Isaac L. Rehner,BETA Academy
Chicago Summer International Open Jiu-Jitsu No-Gi Championship 2017,Master1/Male/Brown/Medium-Heavy,2,Nicholas S. Garcia,Brasa CTA
Chicago Summer International Open Jiu-Jitsu No-Gi Championship 2017,Master1/Male/Brown/Super-Heavy,1,Raymond A. McFarlane,Gold Team fighters USA
Chicago Summer International Open Jiu-Jitsu No-Gi Championship 2017,Master1/Male/Brown/Ultra-Heavy,1,John Mohan,Gracie Barra
Chicago Summer International Open Jiu-Jitsu No-Gi Championship 2017,Master1/Male/Brown/Enum_WeightDivision_OpenClass_Label,1,Darrell Jason Bender,Carlson Gracie Team
Chicago Summer International Open Jiu-Jitsu No-Gi Championship 2017,Master1/Male/Brown/Enum_WeightDivision_OpenClass_Label,2,Brandon Christopher Reilly,Alliance
Chicago Summer International Open Jiu-Jitsu No-Gi Championship 2017,Master1/Male/Brown/Enum_WeightDivision_OpenClass_Label,3,Ron Versetto,Carlson Gracie Team
Chicago Summer International Open Jiu-Jitsu No-Gi Championship 2017,Master1/Male/Black/Light,1,Murillo Carvalho da Silva Neto,Gracie Barra
Chicago Summer International Open Jiu-Jitsu No-Gi Championship 2017,Master1/Male/Black/Middle,1,Oliver Leys Geddes,Roger Gracie Academy
Chicago Summer International Open Jiu-Jitsu No-Gi Championship 2017,Master1/Male/Black/Middle,2,Luis Teofilo Gonzalez Jr.,McVicker's Brazilian Jiu Jitsu
Chicago Summer International Open Jiu-Jitsu No-Gi Championship 2017,Master1/Male/Black/Medium-Heavy,1,Lawrence C. Dunning,Valko BJJ Academy
Chicago Summer International Open Jiu-Jitsu No-Gi Championship 2017,Master1/Male/Black/Medium-Heavy,2,David Charles Reeves,Big Brothers
Chicago Summer International Open Jiu-Jitsu No-Gi Championship 2017,Master1/Male/Black/Heavy,1,Marcelo Capo Martins,CheckMat
Chicago Summer International Open Jiu-Jitsu No-Gi Championship 2017,Master1/Male/Black/Super-Heavy,1,Luigi Fioravanti,American Top Team
Chicago Summer International Open Jiu-Jitsu No-Gi Championship 2017,Master1/Male/Black/Ultra-Heavy,1,Rodrigo Leite de Medeiros,Brasa CTA
Chicago Summer International Open Jiu-Jitsu No-Gi Championship 2017,Master1/Male/Black/Enum_WeightDivision_OpenClass_Label,1,Lawrence C. Dunning,Valko BJJ Academy
Chicago Summer International Open Jiu-Jitsu No-Gi Championship 2017,Master1/Male/Black/Enum_WeightDivision_OpenClass_Label,2,Murillo Carvalho da Silva Neto,Gracie Barra
