Sydney International Open IBJJF Jiu-Jitsu Championship 2017,Adult/Male/White/Light-Feather,1,Wei Heng Poh,Equilibrium Mixed Martial Arts
Sydney International Open IBJJF Jiu-Jitsu Championship 2017,Adult/Male/White/Light-Feather,2,Anthony Nathaniele Dumlao,myBJJ Team
Sydney International Open IBJJF Jiu-Jitsu Championship 2017,Adult/Male/White/Light-Feather,3,Hyuntae Kim,myBJJ Team
Sydney International Open IBJJF Jiu-Jitsu Championship 2017,Adult/Male/White/Feather,1,Alan Lee Tealby,Roots BJJ
Sydney International Open IBJJF Jiu-Jitsu Championship 2017,Adult/Male/White/Feather,2,Bruno Borio,Garage Jiu Jitsu
Sydney International Open IBJJF Jiu-Jitsu Championship 2017,Adult/Male/White/Feather,3,Victor Morote,Moemacrew BJJ
Sydney International Open IBJJF Jiu-Jitsu Championship 2017,Adult/Male/White/Feather,3,Yonghun Kim,myBJJ Team
Sydney International Open IBJJF Jiu-Jitsu Championship 2017,Adult/Male/White/Light,1,John Peter Bunn,Team Perosh Mixed Martial Arts
Sydney International Open IBJJF Jiu-Jitsu Championship 2017,Adult/Male/White/Light,2,Anthony  Ngadimin,myBJJ Team
Sydney International Open IBJJF Jiu-Jitsu Championship 2017,Adult/Male/White/Light,3,James Henry Evans,Will/Machado
Sydney International Open IBJJF Jiu-Jitsu Championship 2017,Adult/Male/White/Light,3,Max Matzick,Sydney Jiu-Jitsu Academy / ZR Team
Sydney International Open IBJJF Jiu-Jitsu Championship 2017,Adult/Male/White/Middle,1,Jason Freshwater,Gracie Barra Australia
Sydney International Open IBJJF Jiu-Jitsu Championship 2017,Adult/Male/White/Middle,2,Liam Quinn,Garage Jiu Jitsu
Sydney International Open IBJJF Jiu-Jitsu Championship 2017,Adult/Male/White/Middle,3,Conor Middleton,myBJJ Team
Sydney International Open IBJJF Jiu-Jitsu Championship 2017,Adult/Male/White/Middle,3,James Smith,Roots Team
Sydney International Open IBJJF Jiu-Jitsu Championship 2017,Adult/Male/White/Medium-Heavy,1,Nicholas Stephen Galli,Guigo JJ International
Sydney International Open IBJJF Jiu-Jitsu Championship 2017,Adult/Male/White/Medium-Heavy,2,Abdullah Twail Alajmi,Maromba Academia International
Sydney International Open IBJJF Jiu-Jitsu Championship 2017,Adult/Male/White/Medium-Heavy,3,Giovani Genovali,Garage Jiu Jitsu
Sydney International Open IBJJF Jiu-Jitsu Championship 2017,Adult/Male/White/Medium-Heavy,3,Klaus Henrik Ihlberg,Roots BJJ
Sydney International Open IBJJF Jiu-Jitsu Championship 2017,Adult/Male/White/Heavy,1,Alex Butschies,Atos JJ International
Sydney International Open IBJJF Jiu-Jitsu Championship 2017,Adult/Male/White/Heavy,2,Hermann Kohlitz,Cohab
Sydney International Open IBJJF Jiu-Jitsu Championship 2017,Adult/Male/White/Heavy,3,George Markovic,Sydney Jiu-Jitsu Academy / ZR Team
Sydney International Open IBJJF Jiu-Jitsu Championship 2017,Adult/Male/White/Heavy,3,Matt Stuart Bunker,Garage Jiu Jitsu
Sydney International Open IBJJF Jiu-Jitsu Championship 2017,Adult/Male/White/Super-Heavy,1,Alexis Courselle,Tukaha Brazilian Jiu Jitsu
Sydney International Open IBJJF Jiu-Jitsu Championship 2017,Adult/Male/White/Super-Heavy,2,Matthew Steven Sole,Will/Machado
Sydney International Open IBJJF Jiu-Jitsu Championship 2017,Adult/Male/White/Super-Heavy,3,Ala Haidar,Gracie Barra Australia
Sydney International Open IBJJF Jiu-Jitsu Championship 2017,Adult/Male/White/Super-Heavy,3,Richard Williams,Tukaha Brazilian Jiu Jitsu
Sydney International Open IBJJF Jiu-Jitsu Championship 2017,Adult/Male/Blue/Light-Feather,1,Billy Newham,Gracie Barra Australia
Sydney International Open IBJJF Jiu-Jitsu Championship 2017,Adult/Male/Blue/Light-Feather,2,Nathan Moke,Gracie Barra Australia
Sydney International Open IBJJF Jiu-Jitsu Championship 2017,Adult/Male/Blue/Light-Feather,3,B. Myko Baluyot,myBJJ Team
Sydney International Open IBJJF Jiu-Jitsu Championship 2017,Adult/Male/Blue/Light-Feather,3,Ken Liu,Sydney Jiu-Jitsu Academy / ZR Team
Sydney International Open IBJJF Jiu-Jitsu Championship 2017,Adult/Male/Blue/Feather,1,Semakadde A. Kakembo,Will/Machado
Sydney International Open IBJJF Jiu-Jitsu Championship 2017,Adult/Male/Blue/Feather,2,Felipe Venegas Vasquez,Gracie Barra Australia
Sydney International Open IBJJF Jiu-Jitsu Championship 2017,Adult/Male/Blue/Feather,3,Joshua Lee,Legacy
Sydney International Open IBJJF Jiu-Jitsu Championship 2017,Adult/Male/Blue/Feather,3,Shaneil Singh,Gracie Barra Sydney
Sydney International Open IBJJF Jiu-Jitsu Championship 2017,Adult/Male/Blue/Light,1,Izaak Michell,Guigo JJ International
Sydney International Open IBJJF Jiu-Jitsu Championship 2017,Adult/Male/Blue/Light,2,Vince Rogato,Absolute MMA Australia
Sydney International Open IBJJF Jiu-Jitsu Championship 2017,Adult/Male/Blue/Light,3,Carlos Jesus Olivar Sanchez,Roberto Zapata Team
Sydney International Open IBJJF Jiu-Jitsu Championship 2017,Adult/Male/Blue/Light,3,Jarra Loyd Sherlock,Sydney Jiu-Jitsu Academy / ZR Team
Sydney International Open IBJJF Jiu-Jitsu Championship 2017,Adult/Male/Blue/Middle,1,Erion Ramljak,Gracie Barra Australia
Sydney International Open IBJJF Jiu-Jitsu Championship 2017,Adult/Male/Blue/Middle,2,Jameil Hazim,Gracie Humaita Australia
Sydney International Open IBJJF Jiu-Jitsu Championship 2017,Adult/Male/Blue/Middle,3,David Thomas James Nicol,Langes Martial Arts
Sydney International Open IBJJF Jiu-Jitsu Championship 2017,Adult/Male/Blue/Middle,3,Robby Lara,Roots BJJ
Sydney International Open IBJJF Jiu-Jitsu Championship 2017,Adult/Male/Blue/Medium-Heavy,1,Mark Preston Lobwein,Gracie Barra Australia
Sydney International Open IBJJF Jiu-Jitsu Championship 2017,Adult/Male/Blue/Medium-Heavy,2,Michael Chandler,Legacy Sydney
Sydney International Open IBJJF Jiu-Jitsu Championship 2017,Adult/Male/Blue/Medium-Heavy,3,Jack Miller,Nova União Australia
Sydney International Open IBJJF Jiu-Jitsu Championship 2017,Adult/Male/Blue/Medium-Heavy,3,Jesse Bernard Paul Olsen,Absolute MMA Australia
Sydney International Open IBJJF Jiu-Jitsu Championship 2017,Adult/Male/Blue/Heavy,1,Matthew Ienna,myBJJ Team
Sydney International Open IBJJF Jiu-Jitsu Championship 2017,Adult/Male/Blue/Heavy,2,Mathew Sinclair Lynch,Soul Fighters International
Sydney International Open IBJJF Jiu-Jitsu Championship 2017,Adult/Male/Blue/Heavy,3,Daniel Spaseski,Roots BJJ
Sydney International Open IBJJF Jiu-Jitsu Championship 2017,Adult/Male/Blue/Heavy,3,Johan Hop,Tukaha Brazilian Jiu Jitsu
Sydney International Open IBJJF Jiu-Jitsu Championship 2017,Adult/Male/Blue/Super-Heavy,1,Martin Plot,Gracie Humaita Australia
Sydney International Open IBJJF Jiu-Jitsu Championship 2017,Adult/Male/Blue/Super-Heavy,2,Nicolas Guignard,Roots BJJ
Sydney International Open IBJJF Jiu-Jitsu Championship 2017,Adult/Male/Blue/Ultra-Heavy,1,Otamar Vieira Barreto Junior,Gracie Barra Sydney
Sydney International Open IBJJF Jiu-Jitsu Championship 2017,Adult/Male/Blue/Ultra-Heavy,2,Adam Carle,Gracie Barra Australia
Sydney International Open IBJJF Jiu-Jitsu Championship 2017,Adult/Male/Blue/Enum_WeightDivision_OpenClass_Label,1,Izaak Michell,Guigo JJ International
Sydney International Open IBJJF Jiu-Jitsu Championship 2017,Adult/Male/Blue/Enum_WeightDivision_OpenClass_Label,2,Billy Newham,Gracie Barra Australia
Sydney International Open IBJJF Jiu-Jitsu Championship 2017,Adult/Male/Blue/Enum_WeightDivision_OpenClass_Label,3,Carlos Jesus Olivar Sanchez,Roberto Zapata Team
Sydney International Open IBJJF Jiu-Jitsu Championship 2017,Adult/Male/Blue/Enum_WeightDivision_OpenClass_Label,3,Martin Plot,Gracie Humaita Australia
Sydney International Open IBJJF Jiu-Jitsu Championship 2017,Adult/Male/Purple/Light-Feather,1,Hyungu Kang,Rilion Gracie Australia
Sydney International Open IBJJF Jiu-Jitsu Championship 2017,Adult/Male/Purple/Light-Feather,2,Ricardo do Carmo,Gracie Humaita Australia
Sydney International Open IBJJF Jiu-Jitsu Championship 2017,Adult/Male/Purple/Light-Feather,3,Philip Li,Legacy
Sydney International Open IBJJF Jiu-Jitsu Championship 2017,Adult/Male/Purple/Feather,1,Aaron-daniel Smith,Sydney Jiu-Jitsu Academy / ZR Team
Sydney International Open IBJJF Jiu-Jitsu Championship 2017,Adult/Male/Purple/Feather,2,Jake Robert Trindall,Infinity Martial Arts
Sydney International Open IBJJF Jiu-Jitsu Championship 2017,Adult/Male/Purple/Feather,3,Jamie Spaseski,Roots BJJ
Sydney International Open IBJJF Jiu-Jitsu Championship 2017,Adult/Male/Purple/Feather,3,Yuheng Winston Hong,Garage Jiu Jitsu
Sydney International Open IBJJF Jiu-Jitsu Championship 2017,Adult/Male/Purple/Light,1,Thomas Alexander Caladine,Gracie Barra Australia
Sydney International Open IBJJF Jiu-Jitsu Championship 2017,Adult/Male/Purple/Light,2,John Kim,Gracie Barra Sydney
Sydney International Open IBJJF Jiu-Jitsu Championship 2017,Adult/Male/Purple/Light,3,Jack Billingham,Gracie Barra Australia
Sydney International Open IBJJF Jiu-Jitsu Championship 2017,Adult/Male/Purple/Middle,1,Declan Moody,Bon-Sai Association Australia
Sydney International Open IBJJF Jiu-Jitsu Championship 2017,Adult/Male/Purple/Middle,2,Jack Bainbridge,Gracie Barra Australia
Sydney International Open IBJJF Jiu-Jitsu Championship 2017,Adult/Male/Purple/Middle,3,João Coube,Icon Jiu-Jitsu Team - Niteroi
Sydney International Open IBJJF Jiu-Jitsu Championship 2017,Adult/Male/Purple/Middle,3,Morgan Kennedy,myBJJ Team
Sydney International Open IBJJF Jiu-Jitsu Championship 2017,Adult/Male/Purple/Medium-Heavy,1,Mohamed Abdi,Gracie Barra Australia
Sydney International Open IBJJF Jiu-Jitsu Championship 2017,Adult/Male/Purple/Medium-Heavy,2,Lucas Kanard,Sydney Jiu-Jitsu Academy / ZR Team
Sydney International Open IBJJF Jiu-Jitsu Championship 2017,Adult/Male/Purple/Medium-Heavy,3,Abdulaziz Almathkour,Pedro Sauer - Team Canada
Sydney International Open IBJJF Jiu-Jitsu Championship 2017,Adult/Male/Purple/Medium-Heavy,3,Rauf Demiral,Pedro Sauer - Team Canada
Sydney International Open IBJJF Jiu-Jitsu Championship 2017,Adult/Male/Purple/Heavy,1,Marc Charles Grayson,Soul Fighters International
Sydney International Open IBJJF Jiu-Jitsu Championship 2017,Adult/Male/Purple/Heavy,2,José Eduardo Dalmazzo Fortes,De La Riva Poa
Sydney International Open IBJJF Jiu-Jitsu Championship 2017,Adult/Male/Purple/Heavy,3,Jayden Stein,Gracie Humaita Australia
Sydney International Open IBJJF Jiu-Jitsu Championship 2017,Adult/Male/Purple/Heavy,3,Joshua Moarbes,Garage Jiu Jitsu
Sydney International Open IBJJF Jiu-Jitsu Championship 2017,Adult/Male/Purple/Ultra-Heavy,1,Kaine Ian Wilken,Ribeiro Jiu-Jitsu International
Sydney International Open IBJJF Jiu-Jitsu Championship 2017,Adult/Male/Purple/Enum_WeightDivision_OpenClass_Label,1,Thomas Alexander Caladine,Gracie Barra Australia
Sydney International Open IBJJF Jiu-Jitsu Championship 2017,Adult/Male/Purple/Enum_WeightDivision_OpenClass_Label,2,José Eduardo Dalmazzo Fortes,De La Riva Poa
Sydney International Open IBJJF Jiu-Jitsu Championship 2017,Adult/Male/Purple/Enum_WeightDivision_OpenClass_Label,3,Jayden Stein,Gracie Humaita Australia
Sydney International Open IBJJF Jiu-Jitsu Championship 2017,Adult/Male/Purple/Enum_WeightDivision_OpenClass_Label,3,Joshua Moarbes,Garage Jiu Jitsu
Sydney International Open IBJJF Jiu-Jitsu Championship 2017,Adult/Male/Brown/Feather,1,Xavier Sales,Gracie Barra Australia
Sydney International Open IBJJF Jiu-Jitsu Championship 2017,Adult/Male/Brown/Feather,2,Matthew James Schwass,Gracie Barra Australia
Sydney International Open IBJJF Jiu-Jitsu Championship 2017,Adult/Male/Brown/Light,1,Jake Francis O'Driscoll,Zenith BJJ - Australia
Sydney International Open IBJJF Jiu-Jitsu Championship 2017,Adult/Male/Brown/Light,2,Renan Hideki Ise Silva,Galeb Brothers Brazilian Jiu-Jitsu - Brasil
Sydney International Open IBJJF Jiu-Jitsu Championship 2017,Adult/Male/Brown/Middle,1,Burak Z Sarman,Pedro Sauer - Team Canada
Sydney International Open IBJJF Jiu-Jitsu Championship 2017,Adult/Male/Brown/Middle,2,Riley Raymond,de Been 100% Jiu-Jitsu
Sydney International Open IBJJF Jiu-Jitsu Championship 2017,Adult/Male/Brown/Middle,3,Jonathan Wood,myBJJ Team
Sydney International Open IBJJF Jiu-Jitsu Championship 2017,Adult/Male/Brown/Medium-Heavy,1,Werique da Silva Oliveira,myBJJ Team
Sydney International Open IBJJF Jiu-Jitsu Championship 2017,Adult/Male/Brown/Medium-Heavy,2,Vitor Pereira dos Santos Ribeiro,Guigo JJ International
Sydney International Open IBJJF Jiu-Jitsu Championship 2017,Adult/Male/Brown/Medium-Heavy,3,Tiê  Passos,Garra Brazilian Jiu-Jitsu - Australia
Sydney International Open IBJJF Jiu-Jitsu Championship 2017,Adult/Male/Brown/Super-Heavy,1,Anton Minenko,Roger Gracie Academy Norway
Sydney International Open IBJJF Jiu-Jitsu Championship 2017,Adult/Male/Brown/Enum_WeightDivision_OpenClass_Label,1,Werique da Silva Oliveira,myBJJ Team
Sydney International Open IBJJF Jiu-Jitsu Championship 2017,Adult/Male/Brown/Enum_WeightDivision_OpenClass_Label,2,Anton Minenko,Roger Gracie Academy Norway
Sydney International Open IBJJF Jiu-Jitsu Championship 2017,Adult/Male/Brown/Enum_WeightDivision_OpenClass_Label,3,Burak Z Sarman,Pedro Sauer - Team Canada
Sydney International Open IBJJF Jiu-Jitsu Championship 2017,Adult/Male/Brown/Enum_WeightDivision_OpenClass_Label,3,Vitor Pereira dos Santos Ribeiro,Guigo JJ International
Sydney International Open IBJJF Jiu-Jitsu Championship 2017,Adult/Male/Black/Feather,1,Michael Thomas Hourigan,de Been 100% Jiu-Jitsu
Sydney International Open IBJJF Jiu-Jitsu Championship 2017,Adult/Male/Black/Feather,2,Ivan Voronoff,Gracie Humaita International
Sydney International Open IBJJF Jiu-Jitsu Championship 2017,Adult/Male/Black/Light,1,Marcelino Bernardo de Freitas,Nova União Australia
Sydney International Open IBJJF Jiu-Jitsu Championship 2017,Adult/Male/Black/Light,2,Rodolfo Campani Nygaard,Gracie Barra Australia
Sydney International Open IBJJF Jiu-Jitsu Championship 2017,Adult/Male/Black/Middle,1,Yan Cabral de Almeida,Association Aranha
Sydney International Open IBJJF Jiu-Jitsu Championship 2017,Adult/Male/Black/Medium-Heavy,1,Kit James Dale,Maromba Academia International
Sydney International Open IBJJF Jiu-Jitsu Championship 2017,Adult/Male/Black/Medium-Heavy,2,Reid James Reale,de Been 100% Jiu-Jitsu
Sydney International Open IBJJF Jiu-Jitsu Championship 2017,Adult/Male/Black/Medium-Heavy,3,Troy J Skidmore,Will/Machado
Sydney International Open IBJJF Jiu-Jitsu Championship 2017,Adult/Male/Black/Ultra-Heavy,1,Dean Jon Liebenberg,Cia Paulista - International
Sydney International Open IBJJF Jiu-Jitsu Championship 2017,Adult/Male/Black/Ultra-Heavy,2,Julio Augusto Gomes Guerra,Gracie Barra Australia
Sydney International Open IBJJF Jiu-Jitsu Championship 2017,Adult/Male/Black/Enum_WeightDivision_OpenClass_Label,1,Kit James Dale,Maromba Academia International
Sydney International Open IBJJF Jiu-Jitsu Championship 2017,Adult/Male/Black/Enum_WeightDivision_OpenClass_Label,2,Yan Cabral de Almeida,Association Aranha
Sydney International Open IBJJF Jiu-Jitsu Championship 2017,Adult/Male/Black/Enum_WeightDivision_OpenClass_Label,3,Reid James Reale,de Been 100% Jiu-Jitsu
Sydney International Open IBJJF Jiu-Jitsu Championship 2017,Adult/Male/Black/Enum_WeightDivision_OpenClass_Label,3,Rodolfo Campani Nygaard,Gracie Barra Australia
Sydney International Open IBJJF Jiu-Jitsu Championship 2017,Adult/Female/White/Feather,1,Astrid Ximena Ayala Amortegui,Garra Brazilian Jiu-Jitsu - Australia
Sydney International Open IBJJF Jiu-Jitsu Championship 2017,Adult/Female/White/Feather,2,Kimberley Cogley,Sydney Jiu-Jitsu Academy / ZR Team
Sydney International Open IBJJF Jiu-Jitsu Championship 2017,Adult/Female/White/Feather,3,Natalie Ng,Evolve MMA
Sydney International Open IBJJF Jiu-Jitsu Championship 2017,Adult/Female/White/Light,1,Rebecca Lucy Beuk,Team Perosh Mixed Martial Arts
Sydney International Open IBJJF Jiu-Jitsu Championship 2017,Adult/Female/White/Light,2,Chloe Souad Hraibi,Gracie Humaita Australia
Sydney International Open IBJJF Jiu-Jitsu Championship 2017,Adult/Female/White/Light,3,Antonia Rosen,Nova União Australia
Sydney International Open IBJJF Jiu-Jitsu Championship 2017,Adult/Female/White/Middle,1,Ekbal Sayed-Rich,Gracie Barra Australia
Sydney International Open IBJJF Jiu-Jitsu Championship 2017,Adult/Female/White/Middle,2,Merin Sharrock,Gracie Barra Australia
Sydney International Open IBJJF Jiu-Jitsu Championship 2017,Adult/Female/White/Middle,3,LuLu Campbell-Smith,myBJJ Team
Sydney International Open IBJJF Jiu-Jitsu Championship 2017,Adult/Female/White/Medium-Heavy,1,Roxey Kelly,Sydney Jiu-Jitsu Academy / ZR Team
Sydney International Open IBJJF Jiu-Jitsu Championship 2017,Adult/Female/White/Medium-Heavy,2,Stella Ng,Roots BJJ
Sydney International Open IBJJF Jiu-Jitsu Championship 2017,Adult/Female/White/Medium-Heavy,3,Bree Plunkett,myBJJ Team
Sydney International Open IBJJF Jiu-Jitsu Championship 2017,Adult/Female/White/Medium-Heavy,3,Emma lee Samimi,Bon-Sai Association Australia
Sydney International Open IBJJF Jiu-Jitsu Championship 2017,Adult/Female/White/Super-Heavy,1,Emma Von Ryan,KMA Martial Arts
Sydney International Open IBJJF Jiu-Jitsu Championship 2017,Adult/Female/White/Super-Heavy,2,Brooke Copping,Gracie Barra Australia
Sydney International Open IBJJF Jiu-Jitsu Championship 2017,Adult/Female/White/Super-Heavy,3,Tajana Royal Wilkie,Team Perosh Mixed Martial Arts
Sydney International Open IBJJF Jiu-Jitsu Championship 2017,Adult/Female/White/Super-Heavy,3,Yasmin Katrina Zacharias,Will/Machado
Sydney International Open IBJJF Jiu-Jitsu Championship 2017,Adult/Female/Blue/Light-Feather,1,Izyan Abdullah,Sydney Jiu-Jitsu Academy / ZR Team
Sydney International Open IBJJF Jiu-Jitsu Championship 2017,Adult/Female/Blue/Light-Feather,2,Natalie  Lunn,Soul Fighters International
Sydney International Open IBJJF Jiu-Jitsu Championship 2017,Adult/Female/Blue/Light-Feather,3,Vu Hien (Panda) Le,Gracie Barra Australia
Sydney International Open IBJJF Jiu-Jitsu Championship 2017,Adult/Female/Blue/Light-Feather,3,Wendy Tran,Gracie Humaita Australia
Sydney International Open IBJJF Jiu-Jitsu Championship 2017,Adult/Female/Blue/Feather,1,Ji Jeong  Woo,myBJJ Team
Sydney International Open IBJJF Jiu-Jitsu Championship 2017,Adult/Female/Blue/Feather,2,Laura Tang,Fratelli Leteri - Brazilian Jiu-Jitsu
Sydney International Open IBJJF Jiu-Jitsu Championship 2017,Adult/Female/Blue/Light,1,Frances Bavaro,Team Perosh Mixed Martial Arts
Sydney International Open IBJJF Jiu-Jitsu Championship 2017,Adult/Female/Blue/Light,2,Winnie Ng,GF Team International
Sydney International Open IBJJF Jiu-Jitsu Championship 2017,Adult/Female/Blue/Light,3,Dhuhlasi Sivakumaran,Roots BJJ
Sydney International Open IBJJF Jiu-Jitsu Championship 2017,Adult/Female/Blue/Light,3,Tamara  Garces,Sydney Jiu-Jitsu Academy / ZR Team
Sydney International Open IBJJF Jiu-Jitsu Championship 2017,Adult/Female/Blue/Middle,1,Mia Strembickyj,Sydney Jiu-Jitsu Academy / ZR Team
Sydney International Open IBJJF Jiu-Jitsu Championship 2017,Adult/Female/Blue/Middle,2,Kira  Magee,myBJJ Team
Sydney International Open IBJJF Jiu-Jitsu Championship 2017,Adult/Female/Blue/Middle,3,Joanne  Kiely,Gracie Barra Australia
Sydney International Open IBJJF Jiu-Jitsu Championship 2017,Adult/Female/Blue/Heavy,1,Karen Siteri Naisoro,Gracie Barra Australia
Sydney International Open IBJJF Jiu-Jitsu Championship 2017,Adult/Female/Blue/Heavy,2,de Biasio Marie,Nova União International
Sydney International Open IBJJF Jiu-Jitsu Championship 2017,Adult/Female/Blue/Enum_WeightDivision_OpenClass_Label,1,Karen Siteri Naisoro,Gracie Barra Australia
Sydney International Open IBJJF Jiu-Jitsu Championship 2017,Adult/Female/Blue/Enum_WeightDivision_OpenClass_Label,2,Joanne  Kiely,Gracie Barra Australia
Sydney International Open IBJJF Jiu-Jitsu Championship 2017,Adult/Female/Blue/Enum_WeightDivision_OpenClass_Label,3,Frances Bavaro,Team Perosh Mixed Martial Arts
Sydney International Open IBJJF Jiu-Jitsu Championship 2017,Adult/Female/Blue/Enum_WeightDivision_OpenClass_Label,3,Wendy Tran,Gracie Humaita Australia
Sydney International Open IBJJF Jiu-Jitsu Championship 2017,Adult/Female/Purple/Feather,1,Colette Kerry,Atos Jiu-Jitsu
Sydney International Open IBJJF Jiu-Jitsu Championship 2017,Adult/Female/Purple/Feather,2,Annette Jung-in Lee,American Top Team New Zealand
Sydney International Open IBJJF Jiu-Jitsu Championship 2017,Master1/Male/White/Light-Feather,1,Eddy Jarnet,Sydney Jiu-Jitsu Academy / ZR Team
Sydney International Open IBJJF Jiu-Jitsu Championship 2017,Master1/Male/White/Light-Feather,2,Boon L. Yeo,Carlson Gracie Team Australia
Sydney International Open IBJJF Jiu-Jitsu Championship 2017,Master1/Male/White/Light-Feather,3,Han Duk Cho,myBJJ Team
Sydney International Open IBJJF Jiu-Jitsu Championship 2017,Master1/Male/White/Light-Feather,3,Sang ju Jang,myBJJ Team
Sydney International Open IBJJF Jiu-Jitsu Championship 2017,Master1/Male/White/Feather,1,Gunhyuk Lee,myBJJ Team
Sydney International Open IBJJF Jiu-Jitsu Championship 2017,Master1/Male/White/Feather,2,Gabriel Antonio Matute,Gracie Barra Australia
Sydney International Open IBJJF Jiu-Jitsu Championship 2017,Master1/Male/White/Light,1,Shervin Oyan,Roots BJJ
Sydney International Open IBJJF Jiu-Jitsu Championship 2017,Master1/Male/White/Light,2,Rani Arsanios,Sydney Jiu-Jitsu Academy / ZR Team
Sydney International Open IBJJF Jiu-Jitsu Championship 2017,Master1/Male/White/Light,3,Ahmed Hamoui,myBJJ Team
Sydney International Open IBJJF Jiu-Jitsu Championship 2017,Master1/Male/White/Middle,1,Young Wan Jang,myBJJ Team
Sydney International Open IBJJF Jiu-Jitsu Championship 2017,Master1/Male/White/Middle,2,Jihyun Yoon,myBJJ Team
Sydney International Open IBJJF Jiu-Jitsu Championship 2017,Master1/Male/White/Middle,3,Paolo Renato Asprer Corpuz,Sydney Jiu-Jitsu Academy / ZR Team
Sydney International Open IBJJF Jiu-Jitsu Championship 2017,Master1/Male/White/Middle,3,Yao Wang,Carlson Gracie Team Australia
Sydney International Open IBJJF Jiu-Jitsu Championship 2017,Master1/Male/White/Medium-Heavy,1,Kristan Johnson,myBJJ Team
Sydney International Open IBJJF Jiu-Jitsu Championship 2017,Master1/Male/White/Medium-Heavy,2,Artur Gaffanov,Sydney Jiu-Jitsu Academy / ZR Team
Sydney International Open IBJJF Jiu-Jitsu Championship 2017,Master1/Male/White/Medium-Heavy,3,Jake Kernahan,Gracie Barra Australia
Sydney International Open IBJJF Jiu-Jitsu Championship 2017,Master1/Male/Blue/Feather,1,Florian Recart,Nova União International
Sydney International Open IBJJF Jiu-Jitsu Championship 2017,Master1/Male/Blue/Feather,2,Ashley Johnson,Gracie Barra Australia
Sydney International Open IBJJF Jiu-Jitsu Championship 2017,Master1/Male/Blue/Feather,3,Oh Gwonsik,myBJJ Team
Sydney International Open IBJJF Jiu-Jitsu Championship 2017,Master1/Male/Blue/Feather,3,Rodrigo Arevalo,Soul Fighters International
Sydney International Open IBJJF Jiu-Jitsu Championship 2017,Master1/Male/Blue/Light,1,Steve  Karapetis,Guigo JJ International
Sydney International Open IBJJF Jiu-Jitsu Championship 2017,Master1/Male/Blue/Light,2,Alex Been,Sydney Jiu-Jitsu Academy / ZR Team
Sydney International Open IBJJF Jiu-Jitsu Championship 2017,Master1/Male/Blue/Light,3,Graeme Forbes,myBJJ Team
Sydney International Open IBJJF Jiu-Jitsu Championship 2017,Master1/Male/Blue/Light,3,Petros Menelaou,myBJJ Team
Sydney International Open IBJJF Jiu-Jitsu Championship 2017,Master1/Male/Blue/Middle,1,Raymond Cassidy,The Dojo
Sydney International Open IBJJF Jiu-Jitsu Championship 2017,Master1/Male/Blue/Middle,2,Liam Peter Clayton,Will/Machado
Sydney International Open IBJJF Jiu-Jitsu Championship 2017,Master1/Male/Blue/Middle,3,Brendan Timothy Tindall,Sydney Jiu-Jitsu Academy / ZR Team
Sydney International Open IBJJF Jiu-Jitsu Championship 2017,Master1/Male/Blue/Middle,3,Gustavo Alves Prada,myBJJ Team
Sydney International Open IBJJF Jiu-Jitsu Championship 2017,Master1/Male/Blue/Enum_WeightDivision_OpenClass_Label,1,Florian Recart,Nova União International
Sydney International Open IBJJF Jiu-Jitsu Championship 2017,Master1/Male/Blue/Enum_WeightDivision_OpenClass_Label,2,Oh Gwonsik,myBJJ Team
Sydney International Open IBJJF Jiu-Jitsu Championship 2017,Master1/Male/Blue/Enum_WeightDivision_OpenClass_Label,3,Brendan Timothy Tindall,Sydney Jiu-Jitsu Academy / ZR Team
Sydney International Open IBJJF Jiu-Jitsu Championship 2017,Master1/Male/Blue/Enum_WeightDivision_OpenClass_Label,3,Raymond Cassidy,The Dojo
Sydney International Open IBJJF Jiu-Jitsu Championship 2017,Master1/Male/Purple/Middle,1,Mitchell Ewen Bugden,Gracie Barra Australia
Sydney International Open IBJJF Jiu-Jitsu Championship 2017,Master1/Male/Purple/Middle,2,Lam Ngo,Guigo JJ International
Sydney International Open IBJJF Jiu-Jitsu Championship 2017,Master1/Male/Purple/Heavy,1,Dale Gleeson,myBJJ Team
Sydney International Open IBJJF Jiu-Jitsu Championship 2017,Master1/Male/Purple/Heavy,2,Richard Jacob Parbury,Guigo JJ International
Sydney International Open IBJJF Jiu-Jitsu Championship 2017,Master1/Male/Purple/Heavy,3,Craig Bowron,Gracie Barra Australia
Sydney International Open IBJJF Jiu-Jitsu Championship 2017,Master1/Male/Purple/Heavy,3,Idris  Muhaemin,Guigo JJ International
Sydney International Open IBJJF Jiu-Jitsu Championship 2017,Master1/Male/Purple/Enum_WeightDivision_OpenClass_Label,1,Dale Gleeson,myBJJ Team
Sydney International Open IBJJF Jiu-Jitsu Championship 2017,Master1/Male/Purple/Enum_WeightDivision_OpenClass_Label,2,Idris  Muhaemin,Guigo JJ International
Sydney International Open IBJJF Jiu-Jitsu Championship 2017,Master1/Male/Purple/Enum_WeightDivision_OpenClass_Label,3,Lam Ngo,Guigo JJ International
Sydney International Open IBJJF Jiu-Jitsu Championship 2017,Master1/Male/Brown/Light,1,David Francis King,myBJJ Team
Sydney International Open IBJJF Jiu-Jitsu Championship 2017,Master1/Male/Brown/Light,2,juan carlos mascardo,Will/Machado
Sydney International Open IBJJF Jiu-Jitsu Championship 2017,Master1/Male/Brown/Middle,1,Rafael Alag,myBJJ Team
Sydney International Open IBJJF Jiu-Jitsu Championship 2017,Master1/Male/Brown/Super-Heavy,1,Ryann Creary,Flow Martial Arts - Gold Coast
Sydney International Open IBJJF Jiu-Jitsu Championship 2017,Master1/Male/Brown/Super-Heavy,2,Mert Berberoglu,Sydney Jiu-Jitsu Academy / ZR Team
Sydney International Open IBJJF Jiu-Jitsu Championship 2017,Master1/Male/Brown/Enum_WeightDivision_OpenClass_Label,1,Ryann Creary,Flow Martial Arts - Gold Coast
Sydney International Open IBJJF Jiu-Jitsu Championship 2017,Master1/Male/Brown/Enum_WeightDivision_OpenClass_Label,2,Mert Berberoglu,Sydney Jiu-Jitsu Academy / ZR Team
Sydney International Open IBJJF Jiu-Jitsu Championship 2017,Master1/Male/Brown/Enum_WeightDivision_OpenClass_Label,3,juan carlos mascardo,Will/Machado
Sydney International Open IBJJF Jiu-Jitsu Championship 2017,Master1/Male/Brown/Enum_WeightDivision_OpenClass_Label,3,Rafael Alag,myBJJ Team
Sydney International Open IBJJF Jiu-Jitsu Championship 2017,Master1/Male/Black/Middle,1,Tiago Martins Ferreira,Gracie Humaita Australia
Sydney International Open IBJJF Jiu-Jitsu Championship 2017,Master1/Male/Black/Middle,2,Kalil Gibran Henrichs Pinto,New School BJJ
Sydney International Open IBJJF Jiu-Jitsu Championship 2017,Master1/Male/Black/Middle,3,Anderson Fetter,Roots BJJ
Sydney International Open IBJJF Jiu-Jitsu Championship 2017,Master1/Male/Black/Middle,3,Pedro Zacharias De Paiva,Carlson Gracie Team
Sydney International Open IBJJF Jiu-Jitsu Championship 2017,Master1/Male/Black/Ultra-Heavy,1,Daniel Carlos de Almeida,LEAD BJJ
Sydney International Open IBJJF Jiu-Jitsu Championship 2017,Master1/Male/Black/Enum_WeightDivision_OpenClass_Label,1,Daniel Carlos de Almeida,LEAD BJJ
Sydney International Open IBJJF Jiu-Jitsu Championship 2017,Master1/Male/Black/Enum_WeightDivision_OpenClass_Label,2,Pedro Zacharias De Paiva,Carlson Gracie Team
Sydney International Open IBJJF Jiu-Jitsu Championship 2017,Master1/Male/Black/Enum_WeightDivision_OpenClass_Label,3,Anderson Fetter,Roots BJJ
Sydney International Open IBJJF Jiu-Jitsu Championship 2017,Master1/Female/Blue/Light-Feather,1,Paula  Te Kawa,Carlson Gracie Team
Sydney International Open IBJJF Jiu-Jitsu Championship 2017,Master1/Female/Blue/Middle,1,Eva Horvath,Sydney Jiu-Jitsu Academy / ZR Team
Sydney International Open IBJJF Jiu-Jitsu Championship 2017,Master1/Female/Blue/Middle,2,Tammy Ward,Soul Fighters International
Sydney International Open IBJJF Jiu-Jitsu Championship 2017,Master1/Female/Blue/Enum_WeightDivision_OpenClass_Label,1,Tammy Ward,Soul Fighters International
Sydney International Open IBJJF Jiu-Jitsu Championship 2017,Master1/Female/Blue/Enum_WeightDivision_OpenClass_Label,2,Paula  Te Kawa,Carlson Gracie Team
Sydney International Open IBJJF Jiu-Jitsu Championship 2017,Master2/Male/White/Feather,1,Eddie Gomez,Will/Machado
Sydney International Open IBJJF Jiu-Jitsu Championship 2017,Master2/Male/White/Feather,2,Brendan Wong,Roots BJJ
Sydney International Open IBJJF Jiu-Jitsu Championship 2017,Master2/Male/White/Feather,3,Scott Michael Hewitt,Roots BJJ
Sydney International Open IBJJF Jiu-Jitsu Championship 2017,Master2/Male/White/Light,1,Cliff Reid,Sydney Jiu-Jitsu Academy / ZR Team
Sydney International Open IBJJF Jiu-Jitsu Championship 2017,Master2/Male/White/Middle,1,Chris Shifreen,Gracie Barra Australia
Sydney International Open IBJJF Jiu-Jitsu Championship 2017,Master2/Male/White/Middle,2,Tom Alfred Larkin,Sydney Jiu-Jitsu Academy / ZR Team
Sydney International Open IBJJF Jiu-Jitsu Championship 2017,Master2/Male/White/Middle,3,Gareth Eoin Furey,myBJJ Team
Sydney International Open IBJJF Jiu-Jitsu Championship 2017,Master2/Male/White/Medium-Heavy,1,Jason Learmouth,Sydney Jiu-Jitsu Academy / ZR Team
Sydney International Open IBJJF Jiu-Jitsu Championship 2017,Master2/Male/White/Medium-Heavy,2,Matthew Marsh,Gracie Barra Australia
Sydney International Open IBJJF Jiu-Jitsu Championship 2017,Master2/Male/White/Medium-Heavy,3,Palmer Jacob,Sydney Jiu-Jitsu Academy / ZR Team
Sydney International Open IBJJF Jiu-Jitsu Championship 2017,Master2/Male/White/Ultra-Heavy,1,Alexander Rae,Sydney Jiu-Jitsu Academy / ZR Team
Sydney International Open IBJJF Jiu-Jitsu Championship 2017,Master2/Male/White/Ultra-Heavy,2,Matthew John Parkes,myBJJ Team
Sydney International Open IBJJF Jiu-Jitsu Championship 2017,Master2/Male/White/Ultra-Heavy,3,Nick Marcel Van Doninck,Roots BJJ
Sydney International Open IBJJF Jiu-Jitsu Championship 2017,Master2/Male/Blue/Feather,1,Adam Tobin,Soul Fighters International
Sydney International Open IBJJF Jiu-Jitsu Championship 2017,Master2/Male/Blue/Feather,2,Paul Green,Gracie Humaita Australia
Sydney International Open IBJJF Jiu-Jitsu Championship 2017,Master2/Male/Blue/Feather,3,Dominic John Gorman,Sydney Jiu-Jitsu Academy / ZR Team
Sydney International Open IBJJF Jiu-Jitsu Championship 2017,Master2/Male/Blue/Light,1,Oliver James Flower,Sydney Jiu-Jitsu Academy / ZR Team
Sydney International Open IBJJF Jiu-Jitsu Championship 2017,Master2/Male/Blue/Light,2,Orlando Vieira,myBJJ Team
Sydney International Open IBJJF Jiu-Jitsu Championship 2017,Master2/Male/Blue/Medium-Heavy,1,Calum Smith,myBJJ Team
Sydney International Open IBJJF Jiu-Jitsu Championship 2017,Master2/Male/Blue/Medium-Heavy,2,Warren Knight,Sydney Jiu-Jitsu Academy / ZR Team
Sydney International Open IBJJF Jiu-Jitsu Championship 2017,Master2/Male/Blue/Medium-Heavy,3,Jonathan may,Garage Jiu Jitsu
Sydney International Open IBJJF Jiu-Jitsu Championship 2017,Master2/Male/Blue/Medium-Heavy,3,Riaz Hussain,Sydney Jiu-Jitsu Academy / ZR Team
Sydney International Open IBJJF Jiu-Jitsu Championship 2017,Master2/Male/Blue/Ultra-Heavy,1,David Kapa,Flow Martial Arts - Gold Coast
Sydney International Open IBJJF Jiu-Jitsu Championship 2017,Master2/Male/Blue/Ultra-Heavy,2,Richard Andrew Harris,Gracie Barra Australia
Sydney International Open IBJJF Jiu-Jitsu Championship 2017,Master2/Male/Blue/Ultra-Heavy,3,Diego Mainou,Sydney Jiu-Jitsu Academy / ZR Team
Sydney International Open IBJJF Jiu-Jitsu Championship 2017,Master2/Male/Blue/Ultra-Heavy,3,Paul Strembickyj,Sydney Jiu-Jitsu Academy / ZR Team
Sydney International Open IBJJF Jiu-Jitsu Championship 2017,Master2/Male/Blue/Enum_WeightDivision_OpenClass_Label,1,David Kapa,Flow Martial Arts - Gold Coast
Sydney International Open IBJJF Jiu-Jitsu Championship 2017,Master2/Male/Blue/Enum_WeightDivision_OpenClass_Label,2,Calum Smith,myBJJ Team
Sydney International Open IBJJF Jiu-Jitsu Championship 2017,Master2/Male/Blue/Enum_WeightDivision_OpenClass_Label,3,Diego Mainou,Sydney Jiu-Jitsu Academy / ZR Team
Sydney International Open IBJJF Jiu-Jitsu Championship 2017,Master2/Male/Blue/Enum_WeightDivision_OpenClass_Label,3,Paul Strembickyj,Sydney Jiu-Jitsu Academy / ZR Team
Sydney International Open IBJJF Jiu-Jitsu Championship 2017,Master2/Male/Purple/Middle,1,Laurino Scriva,Guigo JJ International
Sydney International Open IBJJF Jiu-Jitsu Championship 2017,Master2/Male/Purple/Middle,2,Seunghyun Lee,Gracie Barra Australia
Sydney International Open IBJJF Jiu-Jitsu Championship 2017,Master2/Male/Purple/Middle,3,Joven Lapid,myBJJ Team
Sydney International Open IBJJF Jiu-Jitsu Championship 2017,Master2/Male/Purple/Middle,3,Michael Sison,Giant Team - The Sports Pit
Sydney International Open IBJJF Jiu-Jitsu Championship 2017,Master2/Male/Purple/Medium-Heavy,1,Kitae Kim,myBJJ Team
Sydney International Open IBJJF Jiu-Jitsu Championship 2017,Master2/Male/Purple/Medium-Heavy,2,Jonathon Sim,Gracie Humaita Australia
Sydney International Open IBJJF Jiu-Jitsu Championship 2017,Master2/Male/Purple/Enum_WeightDivision_OpenClass_Label,1,Laurino Scriva,Guigo JJ International
Sydney International Open IBJJF Jiu-Jitsu Championship 2017,Master2/Male/Purple/Enum_WeightDivision_OpenClass_Label,2,Kitae Kim,myBJJ Team
Sydney International Open IBJJF Jiu-Jitsu Championship 2017,Master2/Male/Brown/Feather,1,Kangjin Choi,myBJJ Team
Sydney International Open IBJJF Jiu-Jitsu Championship 2017,Master2/Male/Brown/Light,1,Richard Pernot,Amazonia Jiu-Jitsu
Sydney International Open IBJJF Jiu-Jitsu Championship 2017,Master2/Male/Brown/Light,2,Scott William Dempster,Zenith BJJ - Australia
Sydney International Open IBJJF Jiu-Jitsu Championship 2017,Master2/Male/Brown/Light,3,Salvador Japon,myBJJ Team
Sydney International Open IBJJF Jiu-Jitsu Championship 2017,Master2/Male/Brown/Ultra-Heavy,1,Peter Yabsley,myBJJ Team
Sydney International Open IBJJF Jiu-Jitsu Championship 2017,Master2/Male/Brown/Enum_WeightDivision_OpenClass_Label,1,Peter Yabsley,myBJJ Team
Sydney International Open IBJJF Jiu-Jitsu Championship 2017,Master2/Male/Black/Light,1,Alexandre dos Santos,Cia Paulista - International
Sydney International Open IBJJF Jiu-Jitsu Championship 2017,Master2/Male/Black/Light,2,Leonardo Arruda Laurino,Guigo JJ International
Sydney International Open IBJJF Jiu-Jitsu Championship 2017,Master2/Male/Black/Light,3,Robert Arnold,Gracie Barra Australia
Sydney International Open IBJJF Jiu-Jitsu Championship 2017,Master2/Male/Black/Medium-Heavy,1,Anderson Marcio da Silva Lemos,Gracie Barra Australia
Sydney International Open IBJJF Jiu-Jitsu Championship 2017,Master2/Male/Black/Medium-Heavy,2,Vincent Joseph Mollica,Sydney Jiu-Jitsu Academy / ZR Team
Sydney International Open IBJJF Jiu-Jitsu Championship 2017,Master2/Male/Black/Enum_WeightDivision_OpenClass_Label,1,Leonardo Arruda Laurino,Guigo JJ International
Sydney International Open IBJJF Jiu-Jitsu Championship 2017,Master3/Male/Blue/Light,1,Ian Michael Mussington,Sydney Jiu-Jitsu Academy / ZR Team
Sydney International Open IBJJF Jiu-Jitsu Championship 2017,Master3/Male/Blue/Light,2,Roberto Burgos,Legacy
Sydney International Open IBJJF Jiu-Jitsu Championship 2017,Master3/Male/Blue/Middle,1,Andre Luiz Campos Cerutti,Sydney Jiu-Jitsu Academy / ZR Team
Sydney International Open IBJJF Jiu-Jitsu Championship 2017,Master3/Male/Blue/Middle,2,Kim Heras,Gracie Barra Australia
Sydney International Open IBJJF Jiu-Jitsu Championship 2017,Master3/Male/Blue/Middle,3,James Michael Tucker,Sydney Jiu-Jitsu Academy / ZR Team
Sydney International Open IBJJF Jiu-Jitsu Championship 2017,Master3/Male/Blue/Enum_WeightDivision_OpenClass_Label,1,Kim Heras,Gracie Barra Australia
Sydney International Open IBJJF Jiu-Jitsu Championship 2017,Master3/Male/Blue/Enum_WeightDivision_OpenClass_Label,2,Andre Luiz Campos Cerutti,Sydney Jiu-Jitsu Academy / ZR Team
Sydney International Open IBJJF Jiu-Jitsu Championship 2017,Master3/Male/Purple/Light,1,Ted Joseph Tarpley,myBJJ Team
Sydney International Open IBJJF Jiu-Jitsu Championship 2017,Master3/Male/Purple/Light,2,Pradeep Sriganesh,Gracie Barra Australia
Sydney International Open IBJJF Jiu-Jitsu Championship 2017,Master3/Male/Purple/Medium-Heavy,1,William Mertens,Garage Jiu Jitsu
Sydney International Open IBJJF Jiu-Jitsu Championship 2017,Master3/Male/Purple/Medium-Heavy,2,Nouran  Tawfiq,Nova União Australia
Sydney International Open IBJJF Jiu-Jitsu Championship 2017,Master3/Male/Purple/Medium-Heavy,3,Jonathan Gray,Nova União Australia
Sydney International Open IBJJF Jiu-Jitsu Championship 2017,Master3/Male/Purple/Medium-Heavy,3,Unus Mogamat Gaffoor,Gracie Barra Australia
Sydney International Open IBJJF Jiu-Jitsu Championship 2017,Master3/Male/Purple/Enum_WeightDivision_OpenClass_Label,1,Ted Joseph Tarpley,myBJJ Team
Sydney International Open IBJJF Jiu-Jitsu Championship 2017,Master4/Male/Blue/Middle,1,Hosie William,Roots BJJ
Sydney International Open IBJJF Jiu-Jitsu Championship 2017,Master4/Male/Blue/Middle,2,Tony James,Gracie Barra Australia
Sydney International Open IBJJF Jiu-Jitsu Championship 2017,Master4/Male/Purple/Light,1,Mick John Howard,Soul Fighters International
Sydney International Open IBJJF Jiu-Jitsu Championship 2017,Master4/Male/Purple/Light,2,Omar Bin Abdullah,Sydney Jiu-Jitsu Academy / ZR Team
Sydney International Open IBJJF Jiu-Jitsu Championship 2017,Master4/Male/Purple/Heavy,1,Brent Te Kawa,Carlson Gracie Team
Sydney International Open IBJJF Jiu-Jitsu Championship 2017,Master4/Male/Purple/Enum_WeightDivision_OpenClass_Label,1,Brent Te Kawa,Carlson Gracie Team
Sydney International Open IBJJF Jiu-Jitsu Championship 2017,Master5/Male/Purple/Ultra-Heavy,1,Lloyd Clark,Soul Fighters International
Sydney International Open IBJJF Jiu-Jitsu Championship 2017,Master5/Male/Black/Light,1,John Mee,Will/Machado
Sydney International Open IBJJF Jiu-Jitsu Championship 2017,Master5/Male/Black/Enum_WeightDivision_OpenClass_Label,1,John Mee,Will/Machado
Sydney International Open IBJJF Jiu-Jitsu Championship 2017,Juvenile/Female/Blue/Middle,1,Millicent J. E. Mccourt,Art of Jiu Jitsu Academy
Sydney International Open IBJJF Jiu-Jitsu Championship 2017,Juvenile/Female/Blue/Enum_WeightDivision_OpenClass_Label,1,Millicent J. E. Mccourt,Art of Jiu Jitsu Academy
