Asian Jiu-Jitsu IBJJF Championship 2015,Juvenile/Male/White/Rooster,1,Gustavo Yukio Bunya,Impacto Japan B.J.J.
Asian Jiu-Jitsu IBJJF Championship 2015,Juvenile/Male/White/Rooster,2,Ariunbayar Batdelger,Mongolian BJJ
Asian Jiu-Jitsu IBJJF Championship 2015,Juvenile/Male/White/Light-Feather,1,Pedro Akira Nemoto Tavares,Infight Japan Jiu-Jitsu
Asian Jiu-Jitsu IBJJF Championship 2015,Juvenile/Male/White/Light-Feather,2,Lucas Saito Yumoto Campreguer,Impacto Japan B.J.J.
Asian Jiu-Jitsu IBJJF Championship 2015,Juvenile/Male/White/Feather,1,Victor Ryuichi Yoshida,Infight Japan Jiu-Jitsu
Asian Jiu-Jitsu IBJJF Championship 2015,Juvenile/Male/White/Feather,2,Hatakeyama Ichiro,Ogawa Jiu Jitsu
Asian Jiu-Jitsu IBJJF Championship 2015,Juvenile/Male/White/Feather,3,Zion Paulachak,Suzuki Jiu Jitsu-Fight G Singapore
Asian Jiu-Jitsu IBJJF Championship 2015,Juvenile/Male/White/Light,1,Shimazu Yusuke,Infight Japan Jiu-Jitsu
Asian Jiu-Jitsu IBJJF Championship 2015,Juvenile/Male/White/Light,2,Han Jun Lee,KJ Competition Team
Asian Jiu-Jitsu IBJJF Championship 2015,Juvenile/Male/White/Light,3,Iida Lucas Kakizaki,Ogawa Jiu Jitsu
Asian Jiu-Jitsu IBJJF Championship 2015,Juvenile/Male/White/Light,3,Yamamoto Goncalves Antoniel Matheus,Impacto Japan B.J.J.
Asian Jiu-Jitsu IBJJF Championship 2015,Juvenile/Male/White/Heavy,1,Diego Hashimoto de Souza,Impacto Japan B.J.J.
Asian Jiu-Jitsu IBJJF Championship 2015,Juvenile/Male/White/Heavy,2,Uemura Arthur Sadaharu,Ogawa Jiu Jitsu
Asian Jiu-Jitsu IBJJF Championship 2015,Juvenile/Male/White/Ultra-Heavy,1,Thihara Ferreira Jacky Katsuyuki,Ogawa Jiu Jitsu
Asian Jiu-Jitsu IBJJF Championship 2015,Juvenile/Female/White/Light,1,Paloma Egashira Ariki,Impacto Japan B.J.J.
Asian Jiu-Jitsu IBJJF Championship 2015,Juvenile/Male/Blue/Light-Feather,1,Shiozaki Bruno Ken de Almeida,Over Limit BJJ
Asian Jiu-Jitsu IBJJF Championship 2015,Juvenile/Male/Blue/Light-Feather,2,Julian Wang,Evolve MMA
Asian Jiu-Jitsu IBJJF Championship 2015,Juvenile/Male/Blue/Light-Feather,3,Khaserdene Narangerel,Mongolian BJJ
Asian Jiu-Jitsu IBJJF Championship 2015,Juvenile/Male/Blue/Light,1,Robert Oda De Andrade,Oda Jiu-Jitsu
Asian Jiu-Jitsu IBJJF Championship 2015,Juvenile/Male/Blue/OpenClassLight,1,Robert Oda De Andrade,Oda Jiu-Jitsu
Asian Jiu-Jitsu IBJJF Championship 2015,Juvenile/Male/Blue/OpenClassLight,2,Shiozaki Bruno Ken de Almeida,Over Limit BJJ
Asian Jiu-Jitsu IBJJF Championship 2015,Adult/Male/White/Rooster,1,Chun Ang Lim,Evolve MMA
Asian Jiu-Jitsu IBJJF Championship 2015,Adult/Male/White/Rooster,2,Rei Kawaguchi,T-Rex Jiu-Jitsu Academy
Asian Jiu-Jitsu IBJJF Championship 2015,Adult/Male/White/Rooster,3,Amado Francisco So,Ribeiro Jiu-Jitsu International
Asian Jiu-Jitsu IBJJF Championship 2015,Adult/Male/White/Rooster,3,Daryl Ong,Suzuki Jiu Jitsu-Fight G Singapore
Asian Jiu-Jitsu IBJJF Championship 2015,Adult/Male/White/Light-Feather,1,Woo Yong Park,KJ Competition Team
Asian Jiu-Jitsu IBJJF Championship 2015,Adult/Male/White/Light-Feather,2,Kuang Chieh Torng,Taiwan BJJ
Asian Jiu-Jitsu IBJJF Championship 2015,Adult/Male/White/Light-Feather,3,Daiki Mizuno,Team Barbosa Japan
Asian Jiu-Jitsu IBJJF Championship 2015,Adult/Male/White/Light-Feather,3,Yasuhiko Fujishima,Grabaka Jiu-Jitsu Club
Asian Jiu-Jitsu IBJJF Championship 2015,Adult/Male/White/Feather,1,Kenta  Iwamoto,Strapple Waseda Hiruma Dojo
Asian Jiu-Jitsu IBJJF Championship 2015,Adult/Male/White/Feather,2,ushioka ryota,Impacto Japan B.J.J.
Asian Jiu-Jitsu IBJJF Championship 2015,Adult/Male/White/Feather,3,Khayat Soufiane,Fight Sports International
Asian Jiu-Jitsu IBJJF Championship 2015,Adult/Male/White/Feather,3,Young Huyn Lee,Nova União International
Asian Jiu-Jitsu IBJJF Championship 2015,Adult/Male/White/Light,1,Michael Whalon,MyBJJ Team Japan
Asian Jiu-Jitsu IBJJF Championship 2015,Adult/Male/White/Light,2,Hong Woohee,De La Riva JJ
Asian Jiu-Jitsu IBJJF Championship 2015,Adult/Male/White/Light,3,Derrick Foo,Evolve MMA
Asian Jiu-Jitsu IBJJF Championship 2015,Adult/Male/White/Light,3,Peng Wang,Equilibrium Mixed Martial Arts
Asian Jiu-Jitsu IBJJF Championship 2015,Adult/Male/White/Middle,1,James Farrer,CheckMat International
Asian Jiu-Jitsu IBJJF Championship 2015,Adult/Male/White/Middle,2,Dexter Ong Bin Ru,Evolve MMA
Asian Jiu-Jitsu IBJJF Championship 2015,Adult/Male/White/Middle,3,John Eric Roxas,Atos Jiu-Jitsu
Asian Jiu-Jitsu IBJJF Championship 2015,Adult/Male/White/Middle,3,Thiago Cardoso Tosawa,Impacto Japan B.J.J.
Asian Jiu-Jitsu IBJJF Championship 2015,Adult/Male/White/Medium-Heavy,1,Yu Murakami,Me, We
Asian Jiu-Jitsu IBJJF Championship 2015,Adult/Male/White/Medium-Heavy,2,Stephen Prince,Hiro BJJ Academy Yokohama
Asian Jiu-Jitsu IBJJF Championship 2015,Adult/Male/White/Heavy,1,Peter J. Sheather,Australian Elite Team
Asian Jiu-Jitsu IBJJF Championship 2015,Adult/Male/White/Heavy,2,Junho Hwang,KJ Competition Team
Asian Jiu-Jitsu IBJJF Championship 2015,Adult/Male/White/Heavy,3,Zac  Tuggle,Hiro BJJ Academy Yokohama
Asian Jiu-Jitsu IBJJF Championship 2015,Adult/Male/White/Super-Heavy,1,Jung Min Su,Jiu-Jitsu Lab
Asian Jiu-Jitsu IBJJF Championship 2015,Adult/Male/White/Super-Heavy,2,Jonathan Harmer,Hiro BJJ Academy Yokohama
Asian Jiu-Jitsu IBJJF Championship 2015,Adult/Male/White/Super-Heavy,3,Fumiya Abe,Paraestra
Asian Jiu-Jitsu IBJJF Championship 2015,Adult/Male/White/Ultra-Heavy,1,Doug Glendenning,Bonsai JJ - Guam
Asian Jiu-Jitsu IBJJF Championship 2015,Adult/Male/White/Ultra-Heavy,2,Brandon Aflague,Axis Jiu-Jitsu Japan
Asian Jiu-Jitsu IBJJF Championship 2015,Adult/Female/White/Rooster,1,Machiko Hirayama,Tri-Force Jiu-Jitsu Academy
Asian Jiu-Jitsu IBJJF Championship 2015,Adult/Female/White/Rooster,2,Lara Elise Lopez,Atos Jiu-Jitsu
Asian Jiu-Jitsu IBJJF Championship 2015,Adult/Female/White/Rooster,3,Alyssa Pauline Co,Atos Jiu-Jitsu
Asian Jiu-Jitsu IBJJF Championship 2015,Adult/Female/White/Light-Feather,1,Dayana  Huruta,Over Limit BJJ
Asian Jiu-Jitsu IBJJF Championship 2015,Adult/Female/White/Light-Feather,2,Mara Yokohama,Atos Jiu-Jitsu
Asian Jiu-Jitsu IBJJF Championship 2015,Adult/Female/White/Light-Feather,3,Seahara Cruz,Bonsai JJ - Guam
Asian Jiu-Jitsu IBJJF Championship 2015,Adult/Female/White/Light-Feather,3,Shengqian Qi,Shanghai BJJ (SHBJJ)
Asian Jiu-Jitsu IBJJF Championship 2015,Adult/Female/White/Feather,1,Eunhwa Cho,KJ Competition Team
Asian Jiu-Jitsu IBJJF Championship 2015,Adult/Female/White/Feather,2,Nicoleth Anne De Castro,Atos Jiu-Jitsu
Asian Jiu-Jitsu IBJJF Championship 2015,Adult/Female/White/Feather,3,Chaw Lock Wai,CheckMat International
Asian Jiu-Jitsu IBJJF Championship 2015,Adult/Female/White/Feather,3,Miriam Katayama,Katayama Jiu-Jitsu
Asian Jiu-Jitsu IBJJF Championship 2015,Adult/Female/White/Light,1,Zhou Yuan,Gracie Barra
Asian Jiu-Jitsu IBJJF Championship 2015,Adult/Female/White/Light,2,Park Yeseul,De La Riva JJ
Asian Jiu-Jitsu IBJJF Championship 2015,Adult/Female/White/Light,3,Mai  Aoki,Newaza World Shinagawa
Asian Jiu-Jitsu IBJJF Championship 2015,Adult/Female/White/Light,3,Tina Trinh,Maromba Academia International
Asian Jiu-Jitsu IBJJF Championship 2015,Adult/Female/White/Middle,1,Joey Zi Lin Ng,CheckMat International
Asian Jiu-Jitsu IBJJF Championship 2015,Adult/Female/White/Middle,2,Elizabeth Rhodus,Hiro BJJ Academy Yokohama
Asian Jiu-Jitsu IBJJF Championship 2015,Adult/Female/White/Heavy,1,Munkhtsasan Nandinzaya,Mongolian BJJ
Asian Jiu-Jitsu IBJJF Championship 2015,Adult/Female/White/Heavy,2,Regina Sang Yoon  Shin,Evolve MMA
Asian Jiu-Jitsu IBJJF Championship 2015,Adult/Male/Blue/Rooster,1,Yong Siang Tang,CheckMat International
Asian Jiu-Jitsu IBJJF Championship 2015,Adult/Male/Blue/Rooster,2,Naoya Watanabe,Pogona Club Gym
Asian Jiu-Jitsu IBJJF Championship 2015,Adult/Male/Blue/Rooster,3,John David Rejano,Atos Jiu-Jitsu
Asian Jiu-Jitsu IBJJF Championship 2015,Adult/Male/Blue/Rooster,3,Raphael Kenji Nakano,Impacto Japan B.J.J.
Asian Jiu-Jitsu IBJJF Championship 2015,Adult/Male/Blue/Light-Feather,1,Joseph Angel Aman Jr.,American Top Team
Asian Jiu-Jitsu IBJJF Championship 2015,Adult/Male/Blue/Light-Feather,2,Makoto Sobue,Alive
Asian Jiu-Jitsu IBJJF Championship 2015,Adult/Male/Blue/Light-Feather,3,Paolo Tiu,BJJ Globetrotters
Asian Jiu-Jitsu IBJJF Championship 2015,Adult/Male/Blue/Light-Feather,3,Seungjoo Lee,Sanai Jiu Jitsu Academy
Asian Jiu-Jitsu IBJJF Championship 2015,Adult/Male/Blue/Feather,1,Diego Henrique Sato Aniceto,Ogawa Jiu Jitsu
Asian Jiu-Jitsu IBJJF Championship 2015,Adult/Male/Blue/Feather,2,Yuto Nishimura (repetido 73928),Ogawa Jiu Jitsu
Asian Jiu-Jitsu IBJJF Championship 2015,Adult/Male/Blue/Feather,3,Lee Simpson,RABJJ Academy
Asian Jiu-Jitsu IBJJF Championship 2015,Adult/Male/Blue/Feather,3,Yu Lin,Taiwan BJJ
Asian Jiu-Jitsu IBJJF Championship 2015,Adult/Male/Blue/Light,1,Kimura Kevin Yoshio,Infight Japan Jiu-Jitsu
Asian Jiu-Jitsu IBJJF Championship 2015,Adult/Male/Blue/Light,2,Adam  Watson,Australian Elite Team
Asian Jiu-Jitsu IBJJF Championship 2015,Adult/Male/Blue/Light,3,Koga Yuya,Paraestra
Asian Jiu-Jitsu IBJJF Championship 2015,Adult/Male/Blue/Light,3,Luiz Takayama,Tokai Brazilian Jiu-Jitsu
Asian Jiu-Jitsu IBJJF Championship 2015,Adult/Male/Blue/Middle,1,Norberto Rosario,Bonsai JJ - Guam
Asian Jiu-Jitsu IBJJF Championship 2015,Adult/Male/Blue/Middle,2,Reece Doran,CheckMat
Asian Jiu-Jitsu IBJJF Championship 2015,Adult/Male/Blue/Middle,3,CHU-CHENG WEI,Taiwan BJJ
Asian Jiu-Jitsu IBJJF Championship 2015,Adult/Male/Blue/Middle,3,Dustin Stanley,RABJJ Academy
Asian Jiu-Jitsu IBJJF Championship 2015,Adult/Male/Blue/Medium-Heavy,1,Hirosawa Lucas,Infight Japan Jiu-Jitsu
Asian Jiu-Jitsu IBJJF Championship 2015,Adult/Male/Blue/Medium-Heavy,2,Akihiro Maruyama,Paraestra
Asian Jiu-Jitsu IBJJF Championship 2015,Adult/Male/Blue/Medium-Heavy,3,James Rego,Purebred Jiu Jitsu Guam
Asian Jiu-Jitsu IBJJF Championship 2015,Adult/Male/Blue/Medium-Heavy,3,James Walters,Maromba Academia International
Asian Jiu-Jitsu IBJJF Championship 2015,Adult/Male/Blue/Heavy,1,Hidehiko Noritsugu,Purebred Omiya
Asian Jiu-Jitsu IBJJF Championship 2015,Adult/Male/Blue/Heavy,2,Tim Baker,Maromba Academia International
Asian Jiu-Jitsu IBJJF Championship 2015,Adult/Male/Blue/Heavy,3,Manatea COURAUD,Purebred Jiu Jitsu Guam
Asian Jiu-Jitsu IBJJF Championship 2015,Adult/Male/Blue/Heavy,3,Terrence Nichol,Checkmat Australia
Asian Jiu-Jitsu IBJJF Championship 2015,Adult/Male/Blue/Super-Heavy,1,Marc Charles Grayson,BJJ Globetrotters
Asian Jiu-Jitsu IBJJF Championship 2015,Adult/Male/Blue/Super-Heavy,2,Ricardo  Pena,Impacto Japan B.J.J.
Asian Jiu-Jitsu IBJJF Championship 2015,Adult/Male/Blue/Super-Heavy,3,Carl Cheung,Hong Kong Jiu-Jitsu
Asian Jiu-Jitsu IBJJF Championship 2015,Adult/Male/Blue/Ultra-Heavy,1,Chih-chan Wu,Taiwan BJJ
Asian Jiu-Jitsu IBJJF Championship 2015,Adult/Male/Blue/Ultra-Heavy,2,Takahiro Yoshida,Paraestra
Asian Jiu-Jitsu IBJJF Championship 2015,Adult/Male/Blue/Ultra-Heavy,3,Naranpurev Jantsanbal,Mongolian BJJ
Asian Jiu-Jitsu IBJJF Championship 2015,Adult/Male/Blue/Ultra-Heavy,3,Salvador Reyes Jr,Atos Jiu-Jitsu
Asian Jiu-Jitsu IBJJF Championship 2015,Adult/Male/Blue/OpenClass,1,Joseph Angel Aman Jr.,American Top Team
Asian Jiu-Jitsu IBJJF Championship 2015,Adult/Male/Blue/OpenClass,2,Marc Charles Grayson,BJJ Globetrotters
Asian Jiu-Jitsu IBJJF Championship 2015,Adult/Male/Blue/OpenClass,3,Manatea COURAUD,Purebred Jiu Jitsu Guam
Asian Jiu-Jitsu IBJJF Championship 2015,Adult/Male/Blue/OpenClass,3,Reece Doran,CheckMat
Asian Jiu-Jitsu IBJJF Championship 2015,Adult/Female/Blue/Rooster,1,Margarita Prado Ochoa,Atos Jiu-Jitsu
Asian Jiu-Jitsu IBJJF Championship 2015,Adult/Female/Blue/Rooster,2,Ruby Ann Velasco,Fabricio JJ International
Asian Jiu-Jitsu IBJJF Championship 2015,Adult/Female/Blue/Rooster,3,Mika Arakawa,Carpe Diem Nagasaki
Asian Jiu-Jitsu IBJJF Championship 2015,Adult/Female/Blue/Rooster,3,Soly Kim,John Frankl Jiu-Jitsu
Asian Jiu-Jitsu IBJJF Championship 2015,Adult/Female/Blue/Light-Feather,1,Amanda Loo,CheckMat International
Asian Jiu-Jitsu IBJJF Championship 2015,Adult/Female/Blue/Light-Feather,2,Watanabe Mariko,Tri-Force Jiu-Jitsu Academy
Asian Jiu-Jitsu IBJJF Championship 2015,Adult/Female/Blue/Light-Feather,3,Chen Ling Huang,Taiwan BJJ
Asian Jiu-Jitsu IBJJF Championship 2015,Adult/Female/Blue/Light-Feather,3,Kimberly Wansiri Slider,Evolve MMA
Asian Jiu-Jitsu IBJJF Championship 2015,Adult/Female/Blue/Feather,1,Annie  Ramirez,Checkmat CDJJ Tokyo
Asian Jiu-Jitsu IBJJF Championship 2015,Adult/Female/Blue/Feather,2,Weili Zhang,Equilibrium Mixed Martial Arts
Asian Jiu-Jitsu IBJJF Championship 2015,Adult/Female/Blue/Feather,3,Eri Sakai,Tri-Force Jiu-Jitsu Academy
Asian Jiu-Jitsu IBJJF Championship 2015,Adult/Female/Blue/Feather,3,Joanne Vlahovich,Nova União Australia
Asian Jiu-Jitsu IBJJF Championship 2015,Adult/Female/Blue/Light,1,Apryl  Eppinger,Maromba Academia International
Asian Jiu-Jitsu IBJJF Championship 2015,Adult/Female/Blue/Light,2,Nicholle Stoller,Team Lloyd Irvin
Asian Jiu-Jitsu IBJJF Championship 2015,Adult/Female/Blue/Light,3,Ching Wen Huang,Clube Deportivo Lince Team
Asian Jiu-Jitsu IBJJF Championship 2015,Adult/Female/Blue/Light,3,Kelly  Fenwick,Evolve MMA
Asian Jiu-Jitsu IBJJF Championship 2015,Adult/Female/Blue/Middle,1,Olivia Odell,BJJ Revolution Team - International
Asian Jiu-Jitsu IBJJF Championship 2015,Adult/Female/Blue/Middle,2,Audrey Kua,Equilibrium Mixed Martial Arts
Asian Jiu-Jitsu IBJJF Championship 2015,Adult/Female/Blue/Middle,3,Janette Vlahovich,Nova União Australia
Asian Jiu-Jitsu IBJJF Championship 2015,Adult/Female/Blue/Heavy,1,Barbara Andrea Quimpo Katter,Evolve MMA
Asian Jiu-Jitsu IBJJF Championship 2015,Adult/Female/Blue/Heavy,2,Ramona Pascual,BJJ Revolution Team - International
Asian Jiu-Jitsu IBJJF Championship 2015,Adult/Female/Blue/Super-Heavy,1,Jargalsaikhan Oktyabri,Impacto Japan B.J.J.
Asian Jiu-Jitsu IBJJF Championship 2015,Adult/Female/Blue/Super-Heavy,2,Stéphanie Imamura Batista,Over Limit BJJ
Asian Jiu-Jitsu IBJJF Championship 2015,Adult/Female/Blue/Super-Heavy,3,Agnieszka Marzena Sygula,Jungle BJJ
Asian Jiu-Jitsu IBJJF Championship 2015,Adult/Female/Blue/OpenClass,1,Annie  Ramirez,Checkmat CDJJ Tokyo
Asian Jiu-Jitsu IBJJF Championship 2015,Adult/Female/Blue/OpenClass,2,Stéphanie Imamura Batista,Over Limit BJJ
Asian Jiu-Jitsu IBJJF Championship 2015,Adult/Female/Blue/OpenClass,3,Barbara Andrea Quimpo Katter,Evolve MMA
Asian Jiu-Jitsu IBJJF Championship 2015,Adult/Female/Blue/OpenClass,3,Weili Zhang,Equilibrium Mixed Martial Arts
Asian Jiu-Jitsu IBJJF Championship 2015,Adult/Male/Purple/Rooster,1,Hiroki Sugimoto,Axis Jiu-Jitsu
Asian Jiu-Jitsu IBJJF Championship 2015,Adult/Male/Purple/Rooster,2,Jan Vincent Cortez,Atos Jiu-Jitsu
Asian Jiu-Jitsu IBJJF Championship 2015,Adult/Male/Purple/Rooster,3,Daniel Cayanan,Purebred Jiu Jitsu Guam
Asian Jiu-Jitsu IBJJF Championship 2015,Adult/Male/Purple/Rooster,3,Jackson de Meneses Dakujaku Walter,Ogawa Jiu Jitsu
Asian Jiu-Jitsu IBJJF Championship 2015,Adult/Male/Purple/Light-Feather,1,Junpei Kawasaki,Paraestra
Asian Jiu-Jitsu IBJJF Championship 2015,Adult/Male/Purple/Light-Feather,2,Daiju Yokoyama,Paraestra
Asian Jiu-Jitsu IBJJF Championship 2015,Adult/Male/Purple/Light-Feather,3,Gian Taylor Dee,Atos Jiu-Jitsu
Asian Jiu-Jitsu IBJJF Championship 2015,Adult/Male/Purple/Light-Feather,3,Kosuke SOMEKAWA,Tri-Force Jiu-Jitsu Academy
Asian Jiu-Jitsu IBJJF Championship 2015,Adult/Male/Purple/Feather,1,Amurijirigala,Shanghai BJJ (SHBJJ)
Asian Jiu-Jitsu IBJJF Championship 2015,Adult/Male/Purple/Feather,2,Michael Lim,Atos Jiu-Jitsu
Asian Jiu-Jitsu IBJJF Championship 2015,Adult/Male/Purple/Feather,3,Kevin Joseph Cruz,Carlson Gracie International
Asian Jiu-Jitsu IBJJF Championship 2015,Adult/Male/Purple/Feather,3,William Acton,Ribeiro Jiu-Jitsu
Asian Jiu-Jitsu IBJJF Championship 2015,Adult/Male/Purple/Light,1,Youngseung Cho,John Frankl Jiu-Jitsu
Asian Jiu-Jitsu IBJJF Championship 2015,Adult/Male/Purple/Light,2,Thomas Mietz,Carpe Diem
Asian Jiu-Jitsu IBJJF Championship 2015,Adult/Male/Purple/Light,3,Ivan Chua,Impacto Japan B.J.J.
Asian Jiu-Jitsu IBJJF Championship 2015,Adult/Male/Purple/Light,3,Kasuki Shiraishi (repetido 70600),Gracie Barra
Asian Jiu-Jitsu IBJJF Championship 2015,Adult/Male/Purple/Middle,1,Yasunari Sakai,Gracie Barra
Asian Jiu-Jitsu IBJJF Championship 2015,Adult/Male/Purple/Middle,2,Saulo Assis Pereira Melo Neto,Shanghai BJJ (SHBJJ)
Asian Jiu-Jitsu IBJJF Championship 2015,Adult/Male/Purple/Middle,3,Jaguar Tang,Fabricio JJ International
Asian Jiu-Jitsu IBJJF Championship 2015,Adult/Male/Purple/Middle,3,Yasuyuki Niimura,Grasco Jiu-Jitsu Academy
Asian Jiu-Jitsu IBJJF Championship 2015,Adult/Male/Purple/Medium-Heavy,1,Glauco De Almeida,Gracie Barra
Asian Jiu-Jitsu IBJJF Championship 2015,Adult/Male/Purple/Medium-Heavy,2,anthony II lim,Atos Jiu-Jitsu
Asian Jiu-Jitsu IBJJF Championship 2015,Adult/Male/Purple/Medium-Heavy,3,Jeremias Baluyot Jr.,Atos Jiu-Jitsu
Asian Jiu-Jitsu IBJJF Championship 2015,Adult/Male/Purple/Medium-Heavy,3,Sanni Wehbe,Grabaka Jiu Jitsu Club
Asian Jiu-Jitsu IBJJF Championship 2015,Adult/Male/Purple/Heavy,1,Kristóf Szucs,Gracie Barra
Asian Jiu-Jitsu IBJJF Championship 2015,Adult/Male/Purple/Heavy,2,Bryan Lim,Atos Jiu-Jitsu
Asian Jiu-Jitsu IBJJF Championship 2015,Adult/Male/Purple/Heavy,3,Hoanui Vanaa,Purebred Jiu Jitsu Guam
Asian Jiu-Jitsu IBJJF Championship 2015,Adult/Male/Purple/Heavy,3,Rida Haisam Isaac,Over Limit BJJ
Asian Jiu-Jitsu IBJJF Championship 2015,Adult/Male/Purple/Super-Heavy,1,Hudson Amaral,Over Limit BJJ
Asian Jiu-Jitsu IBJJF Championship 2015,Adult/Male/Purple/Super-Heavy,2,Myonjoong Kim,KJ Competition Team
Asian Jiu-Jitsu IBJJF Championship 2015,Adult/Male/Purple/Super-Heavy,3,Takanori Tokugawa,Paraestra
Asian Jiu-Jitsu IBJJF Championship 2015,Adult/Male/Purple/Ultra-Heavy,1,Erkhembayar Gunaajav (repetido 189705),Mongolian BJJ
Asian Jiu-Jitsu IBJJF Championship 2015,Adult/Male/Purple/Ultra-Heavy,2,Eric Dino,MyBJJ Team Japan
Asian Jiu-Jitsu IBJJF Championship 2015,Adult/Male/Purple/OpenClass,1,Kristóf Szucs,Gracie Barra
Asian Jiu-Jitsu IBJJF Championship 2015,Adult/Male/Purple/OpenClass,2,Hoanui Vanaa,Purebred Jiu Jitsu Guam
Asian Jiu-Jitsu IBJJF Championship 2015,Adult/Male/Purple/OpenClass,3,Myonjoong Kim,KJ Competition Team
Asian Jiu-Jitsu IBJJF Championship 2015,Adult/Male/Purple/OpenClass,3,Takanori Tokugawa,Paraestra
Asian Jiu-Jitsu IBJJF Championship 2015,Adult/Female/Purple/Rooster,1,Iori Echigo,Tri-Force Jiu-Jitsu Academy
Asian Jiu-Jitsu IBJJF Championship 2015,Adult/Female/Purple/Rooster,2,Aya Abe,Tokushima BJJ
Asian Jiu-Jitsu IBJJF Championship 2015,Adult/Female/Purple/Rooster,3,Keiko Akamine,Nova União Hawai
Asian Jiu-Jitsu IBJJF Championship 2015,Adult/Female/Purple/Rooster,3,Ryoko Imoto,Pogona Club Gym
Asian Jiu-Jitsu IBJJF Championship 2015,Adult/Female/Purple/Light-Feather,1,Keiko García Nakaganeku,Ogawa Jiu Jitsu
Asian Jiu-Jitsu IBJJF Championship 2015,Adult/Female/Purple/Light-Feather,2,Eun Mi Lee,KJ Competition Team
Asian Jiu-Jitsu IBJJF Championship 2015,Adult/Female/Purple/Light-Feather,3,Nozomi Miki,Hiro BJJ Academy Yokohama
Asian Jiu-Jitsu IBJJF Championship 2015,Adult/Female/Purple/Light-Feather,3,Y.X. Xiong,Game Fight UK
Asian Jiu-Jitsu IBJJF Championship 2015,Adult/Female/Purple/Light,1,Tracy Matanane,Purebred Jiu Jitsu Guam
Asian Jiu-Jitsu IBJJF Championship 2015,Adult/Female/Purple/Light,2,Kim Cousins,Maromba Academia International
Asian Jiu-Jitsu IBJJF Championship 2015,Adult/Female/Purple/Light,3,Hyejin An,De La Riva JJ
Asian Jiu-Jitsu IBJJF Championship 2015,Adult/Female/Purple/Light,3,Simone Kussano,Over Limit BJJ
Asian Jiu-Jitsu IBJJF Championship 2015,Adult/Female/Purple/OpenClass,1,Keiko García Nakaganeku,Ogawa Jiu Jitsu
Asian Jiu-Jitsu IBJJF Championship 2015,Adult/Female/Purple/OpenClass,2,Simone Kussano,Over Limit BJJ
Asian Jiu-Jitsu IBJJF Championship 2015,Adult/Female/Purple/OpenClass,3,Iori Echigo,Tri-Force Jiu-Jitsu Academy
Asian Jiu-Jitsu IBJJF Championship 2015,Adult/Female/Purple/OpenClass,3,Tracy Matanane,Purebred Jiu Jitsu Guam
Asian Jiu-Jitsu IBJJF Championship 2015,Adult/Male/Brown/Rooster,1,Shohei Watanabe,Pogona Club Gym
Asian Jiu-Jitsu IBJJF Championship 2015,Adult/Male/Brown/Rooster,2,Nobuhiro Sawada,Tri-Force Jiu-Jitsu Academy
Asian Jiu-Jitsu IBJJF Championship 2015,Adult/Male/Brown/Light-Feather,1,Yuta Shimada,Nexusense
Asian Jiu-Jitsu IBJJF Championship 2015,Adult/Male/Brown/Light-Feather,2,Taku Ishii,Atos Jiu-Jitsu
Asian Jiu-Jitsu IBJJF Championship 2015,Adult/Male/Brown/Light-Feather,3,Hideyuki Ito,Tri-Force Jiu-Jitsu Academy
Asian Jiu-Jitsu IBJJF Championship 2015,Adult/Male/Brown/Light-Feather,3,Keishiro Furukawa,Paraestra
Asian Jiu-Jitsu IBJJF Championship 2015,Adult/Male/Brown/Feather,1,Vanderlei Takasaki Cardoso,Impacto Japan B.J.J.
Asian Jiu-Jitsu IBJJF Championship 2015,Adult/Male/Brown/Feather,2,Tomoshige Sera,Grounnd Core
Asian Jiu-Jitsu IBJJF Championship 2015,Adult/Male/Brown/Feather,3,Ta Jun Kwak,KJ Competition Team
Asian Jiu-Jitsu IBJJF Championship 2015,Adult/Male/Brown/Feather,3,Yuzuru Ikeda,Paraestra
Asian Jiu-Jitsu IBJJF Championship 2015,Adult/Male/Brown/Light,1,Tanno Robson Odilio,Infight Japan Jiu-Jitsu
Asian Jiu-Jitsu IBJJF Championship 2015,Adult/Male/Brown/Light,2,David Younan,Maromba Academia International
Asian Jiu-Jitsu IBJJF Championship 2015,Adult/Male/Brown/Light,3,Brenton McKiterick,Maromba Academia International
Asian Jiu-Jitsu IBJJF Championship 2015,Adult/Male/Brown/Light,3,Gen Adachi,Pogona Club Gym
Asian Jiu-Jitsu IBJJF Championship 2015,Adult/Male/Brown/Middle,1,Nicholas Robinson,New School BJJ
Asian Jiu-Jitsu IBJJF Championship 2015,Adult/Male/Brown/Middle,2,Lee Chang Koo,De La Riva JJ
Asian Jiu-Jitsu IBJJF Championship 2015,Adult/Male/Brown/Middle,3,Jacob Douglas Staader,Gracie Barra
Asian Jiu-Jitsu IBJJF Championship 2015,Adult/Male/Brown/Middle,3,Julian O. Gonzalez,de Been 100% Jiu-Jitsu
Asian Jiu-Jitsu IBJJF Championship 2015,Adult/Male/Brown/Medium-Heavy,1,Erikson Rafael Tavares Takeushi,Impacto Japan B.J.J.
Asian Jiu-Jitsu IBJJF Championship 2015,Adult/Male/Brown/Medium-Heavy,2,Jong Mok Kim,Sanai Jiu Jitsu Academy
Asian Jiu-Jitsu IBJJF Championship 2015,Adult/Male/Brown/Medium-Heavy,3,Luiz Gustavo Rocha F. Neto,Gracie Barra
Asian Jiu-Jitsu IBJJF Championship 2015,Adult/Male/Brown/Medium-Heavy,3,Viking Wai Chun Wong,GF Team International
Asian Jiu-Jitsu IBJJF Championship 2015,Adult/Male/Brown/Heavy,1,Du Yunlai,Gracie Barra
Asian Jiu-Jitsu IBJJF Championship 2015,Adult/Male/Brown/Heavy,2,Reid James Reale,de Been 100% Jiu-Jitsu
Asian Jiu-Jitsu IBJJF Championship 2015,Adult/Male/Brown/Heavy,3,Eric James A. Sian,Purebred Jiu Jitsu Guam
Asian Jiu-Jitsu IBJJF Championship 2015,Adult/Male/Brown/Heavy,3,Hyeon Rae Lee,KJ Competition Team
Asian Jiu-Jitsu IBJJF Championship 2015,Adult/Male/Brown/Super-Heavy,1,Maitere Taihia,Purebred Jiu Jitsu Guam
Asian Jiu-Jitsu IBJJF Championship 2015,Adult/Male/Brown/Ultra-Heavy,1,Luis Paulo Lima Santos,Bon Sai JJ
Asian Jiu-Jitsu IBJJF Championship 2015,Adult/Male/Brown/OpenClass,1,Tanno Robson Odilio,Infight Japan Jiu-Jitsu
Asian Jiu-Jitsu IBJJF Championship 2015,Adult/Male/Brown/OpenClass,2,Luis Paulo Lima Santos,Bon Sai JJ
Asian Jiu-Jitsu IBJJF Championship 2015,Adult/Male/Brown/OpenClass,3,Eric James A. Sian,Purebred Jiu Jitsu Guam
Asian Jiu-Jitsu IBJJF Championship 2015,Adult/Male/Brown/OpenClass,3,Luiz Gustavo Rocha F. Neto,Gracie Barra
Asian Jiu-Jitsu IBJJF Championship 2015,Adult/Female/Brown/Light,1,Yayoi Hatta,T-Rex Jiu-Jitsu Academy
Asian Jiu-Jitsu IBJJF Championship 2015,Adult/Female/Brown/Light,2,Saori Shibamoto,Tri-Force Jiu-Jitsu Academy
Asian Jiu-Jitsu IBJJF Championship 2015,Adult/Female/Brown/Light,3,Miki Nakao,X-Treme Jiu-Jitsu Academy
Asian Jiu-Jitsu IBJJF Championship 2015,Adult/Male/Black/Rooster,1,Koji Shibamoto,Tri-Force Jiu-Jitsu Academy
Asian Jiu-Jitsu IBJJF Championship 2015,Adult/Male/Black/Rooster,2,Tomoyuki Hashimoto,Carpe Diem
Asian Jiu-Jitsu IBJJF Championship 2015,Adult/Male/Black/Rooster,3,Hisashi Ezaki,Paraestra
Asian Jiu-Jitsu IBJJF Championship 2015,Adult/Male/Black/Rooster,3,Masaaki Todokoro,Paraestra
Asian Jiu-Jitsu IBJJF Championship 2015,Adult/Male/Black/Light-Feather,1,Kazuhiro Miyachi,Shooto Gym Roots
Asian Jiu-Jitsu IBJJF Championship 2015,Adult/Male/Black/Light-Feather,2,Tsuyoshi Tamaki,Carpe Diem
Asian Jiu-Jitsu IBJJF Championship 2015,Adult/Male/Black/Light-Feather,3,Takuto Kako,Grappling Shoot Boxers
Asian Jiu-Jitsu IBJJF Championship 2015,Adult/Male/Black/Light-Feather,3,Yuto Hirao,X-Treme Jiu-Jitsu Academy
Asian Jiu-Jitsu IBJJF Championship 2015,Adult/Male/Black/Feather,1,Isaque Alberto de Oliveira Paiva,Saikoo Jiu-Jitsu
Asian Jiu-Jitsu IBJJF Championship 2015,Adult/Male/Black/Feather,2,Masahiro Iwasaki,Carpe Diem
Asian Jiu-Jitsu IBJJF Championship 2015,Adult/Male/Black/Feather,3,Ichitaro Tsukada,Damm Fight Japan
Asian Jiu-Jitsu IBJJF Championship 2015,Adult/Male/Black/Feather,3,Wanki Chae,John Frankl Jiu-Jitsu
Asian Jiu-Jitsu IBJJF Championship 2015,Adult/Male/Black/Light,1,Roberto Satoshi de Souza,Atos Jiu-Jitsu
Asian Jiu-Jitsu IBJJF Championship 2015,Adult/Male/Black/Light,2,Choi Won Choi,Atos Jiu-Jitsu
Asian Jiu-Jitsu IBJJF Championship 2015,Adult/Male/Black/Light,3,Takuma Tokito,Purebred Omiya
Asian Jiu-Jitsu IBJJF Championship 2015,Adult/Male/Black/Middle,1,Andris Auseklis Brunovskis,Atos Jiu-Jitsu
Asian Jiu-Jitsu IBJJF Championship 2015,Adult/Male/Black/Middle,2,Rodrigo Benedito Caporal,Atos Jiu-Jitsu
Asian Jiu-Jitsu IBJJF Championship 2015,Adult/Male/Black/Middle,3,Hansel Co,de Been 100% Jiu-Jitsu
Asian Jiu-Jitsu IBJJF Championship 2015,Adult/Male/Black/Middle,3,Pedro Jordão Torres Guaracy,Gracie Barra
Asian Jiu-Jitsu IBJJF Championship 2015,Adult/Male/Black/Medium-Heavy,1,Marcelo de Toledo Cortelassi,Atos Jiu-Jitsu
Asian Jiu-Jitsu IBJJF Championship 2015,Adult/Male/Black/Medium-Heavy,2,Akihisa Iriki,Team Legnum
Asian Jiu-Jitsu IBJJF Championship 2015,Adult/Male/Black/Medium-Heavy,3,Yuta Nakamura,T-Rex Jiu-Jitsu Academy
Asian Jiu-Jitsu IBJJF Championship 2015,Adult/Male/Black/Heavy,1,Vitor Fabio Martins Toledo,Atos Jiu-Jitsu
Asian Jiu-Jitsu IBJJF Championship 2015,Adult/Male/Black/Heavy,2,Howon Jung,John Frankl Jiu-Jitsu
Asian Jiu-Jitsu IBJJF Championship 2015,Adult/Male/Black/Heavy,3,Michael Lee Fowler,Purebred Jiu Jitsu Guam
Asian Jiu-Jitsu IBJJF Championship 2015,Adult/Male/Black/Super-Heavy,1,Marcos Yoshio de Souza,Atos Jiu-Jitsu
Asian Jiu-Jitsu IBJJF Championship 2015,Adult/Male/Black/Super-Heavy,2,Leigh Michael Burger,Will/Machado
Asian Jiu-Jitsu IBJJF Championship 2015,Adult/Male/Black/Ultra-Heavy,1,Dany Guy Steve Gerard,Purebred Jiu Jitsu Guam
Asian Jiu-Jitsu IBJJF Championship 2015,Adult/Male/Black/Ultra-Heavy,2,Charles Gaspar Costa,Impacto Japan B.J.J.
Asian Jiu-Jitsu IBJJF Championship 2015,Adult/Male/Black/OpenClass,1,Dany Guy Steve Gerard,Purebred Jiu Jitsu Guam
Asian Jiu-Jitsu IBJJF Championship 2015,Adult/Male/Black/OpenClass,2,Rodrigo Benedito Caporal,Atos Jiu-Jitsu
Asian Jiu-Jitsu IBJJF Championship 2015,Adult/Male/Black/OpenClass,3,Howon Jung,John Frankl Jiu-Jitsu
Asian Jiu-Jitsu IBJJF Championship 2015,Adult/Male/Black/OpenClass,3,Wanki Chae,John Frankl Jiu-Jitsu
Asian Jiu-Jitsu IBJJF Championship 2015,Adult/Female/Black/Feather,1,Mackenzie Lynne Dern,Gracie Humaita
Asian Jiu-Jitsu IBJJF Championship 2015,Adult/Female/Black/Feather,2,Rikako Yuasa,Paraestra
Asian Jiu-Jitsu IBJJF Championship 2015,Adult/Female/Black/Light,1,Isabelle de Souza,Impacto Japan B.J.J.
Asian Jiu-Jitsu IBJJF Championship 2015,Adult/Female/Black/Light,2,Sarah Johnel Black,GD Jiu-Jitsu Association
Asian Jiu-Jitsu IBJJF Championship 2015,Adult/Female/Black/Middle,1,Leanna M Dittrich,Fight Sports
Asian Jiu-Jitsu IBJJF Championship 2015,Adult/Female/Black/OpenClass,1,Mackenzie Lynne Dern,Gracie Humaita
Asian Jiu-Jitsu IBJJF Championship 2015,Adult/Female/Black/OpenClass,2,Isabelle de Souza,Impacto Japan B.J.J.
Asian Jiu-Jitsu IBJJF Championship 2015,Adult/Female/Black/OpenClass,3,Leanna M Dittrich,Fight Sports
Asian Jiu-Jitsu IBJJF Championship 2015,Master1/Male/White/Rooster,1,Masayuki Saikubo,Dragon's Den
Asian Jiu-Jitsu IBJJF Championship 2015,Master1/Male/White/Rooster,2,Ian Bonn Bolipata,Ribeiro Jiu-Jitsu International
Asian Jiu-Jitsu IBJJF Championship 2015,Master1/Male/White/Rooster,3,Mohd Hazrul Izwan Sofian,Team Buda International
Asian Jiu-Jitsu IBJJF Championship 2015,Master1/Male/White/Light-Feather,1,Inoue Yuta,Infight Japan Jiu-Jitsu
Asian Jiu-Jitsu IBJJF Championship 2015,Master1/Male/White/Light-Feather,2,Jerome Husson,Carpe Diem
Asian Jiu-Jitsu IBJJF Championship 2015,Master1/Male/White/Light-Feather,3,Asada Yoske,Impacto Japan B.J.J.
Asian Jiu-Jitsu IBJJF Championship 2015,Master1/Male/White/Light-Feather,3,Kar Meng  Tan,Team Buda International
Asian Jiu-Jitsu IBJJF Championship 2015,Master1/Male/White/Feather,1,Kim Jong Yeop,De La Riva JJ
Asian Jiu-Jitsu IBJJF Championship 2015,Master1/Male/White/Feather,2,Kuo Cheng Huang,Taiwan BJJ
Asian Jiu-Jitsu IBJJF Championship 2015,Master1/Male/White/Feather,3,Nguyen Duong Roberto Hajime,Carpe Diem
Asian Jiu-Jitsu IBJJF Championship 2015,Master1/Male/White/Feather,3,Raimy Syahrizal Bin Mohamad,Team Buda International
Asian Jiu-Jitsu IBJJF Championship 2015,Master1/Male/White/Light,1,Yusuke Matsubayashi,Infight Japan Jiu-Jitsu
Asian Jiu-Jitsu IBJJF Championship 2015,Master1/Male/White/Light,2,Sam Young,Purebred Jiu Jitsu Guam
Asian Jiu-Jitsu IBJJF Championship 2015,Master1/Male/White/Light,3,Kim Pyoungjae,De La Riva JJ
Asian Jiu-Jitsu IBJJF Championship 2015,Master1/Male/White/Light,3,Lim Suk,De La Riva JJ
Asian Jiu-Jitsu IBJJF Championship 2015,Master1/Male/White/Middle,1,Park Jihun,De La Riva JJ
Asian Jiu-Jitsu IBJJF Championship 2015,Master1/Male/White/Middle,2,Garrett Saculla,Hiro BJJ Academy Yokohama
Asian Jiu-Jitsu IBJJF Championship 2015,Master1/Male/White/Middle,3,Chinzorig Lkhais,Mongolian BJJ
Asian Jiu-Jitsu IBJJF Championship 2015,Master1/Male/White/Middle,3,Sam Dean,Me, We
Asian Jiu-Jitsu IBJJF Championship 2015,Master1/Male/White/Medium-Heavy,1,Jeremiah Oh,Hiro BJJ Academy Yokohama
Asian Jiu-Jitsu IBJJF Championship 2015,Master1/Male/White/Medium-Heavy,2,Oh Se Jin,De La Riva JJ
Asian Jiu-Jitsu IBJJF Championship 2015,Master1/Male/White/Medium-Heavy,3,Scott Downing,Hiro BJJ Academy Yokohama
Asian Jiu-Jitsu IBJJF Championship 2015,Master1/Male/White/Heavy,1,Yuhwan Hyun,KJ Competition Team
Asian Jiu-Jitsu IBJJF Championship 2015,Master1/Male/White/Ultra-Heavy,1,Paulo Alexandre Ohara,Impacto Japan B.J.J.
Asian Jiu-Jitsu IBJJF Championship 2015,Master1/Male/White/Ultra-Heavy,2,Erle Arnold,Fujita Jiu-Jitsu
Asian Jiu-Jitsu IBJJF Championship 2015,Master1/Male/White/Ultra-Heavy,3,Henry Lowery,Brazil 021 International
Asian Jiu-Jitsu IBJJF Championship 2015,Master1/Male/White/Ultra-Heavy,3,Park Hyunsoo,De La Riva JJ
Asian Jiu-Jitsu IBJJF Championship 2015,Master1/Male/Blue/Rooster,1,Satoshi Nagareda,Max Jiu Jitsu Academy
Asian Jiu-Jitsu IBJJF Championship 2015,Master1/Male/Blue/Rooster,2,Mohd Fouzein  Mohd Fozi,Team Buda International
Asian Jiu-Jitsu IBJJF Championship 2015,Master1/Male/Blue/Rooster,3,Reindy  Allendra,Alliance Jiu-Jitsu Indonesia
Asian Jiu-Jitsu IBJJF Championship 2015,Master1/Male/Blue/Rooster,3,yohei takahashi,Carpe Diem
Asian Jiu-Jitsu IBJJF Championship 2015,Master1/Male/Blue/Light-Feather,1,Takuya Nakayama,Tri-Force Jiu-Jitsu Academy
Asian Jiu-Jitsu IBJJF Championship 2015,Master1/Male/Blue/Light-Feather,2,Shinya Hirakawa,Checkmat Japan
Asian Jiu-Jitsu IBJJF Championship 2015,Master1/Male/Blue/Light-Feather,3,Clerton Mitsuo Lessa Hashimoto,Infight Japan Jiu-Jitsu
Asian Jiu-Jitsu IBJJF Championship 2015,Master1/Male/Blue/Light-Feather,3,Nobuyuki Nishino,Strapple Waseda Hiruma Dojo
Asian Jiu-Jitsu IBJJF Championship 2015,Master1/Male/Blue/Feather,1,Thiago de Lucas Fernandes,Impacto Japan B.J.J.
Asian Jiu-Jitsu IBJJF Championship 2015,Master1/Male/Blue/Feather,2,Hin Yeung Chan,Hong Kong Jiu-Jitsu
Asian Jiu-Jitsu IBJJF Championship 2015,Master1/Male/Blue/Feather,3,Han Jong Yun,De La Riva JJ
Asian Jiu-Jitsu IBJJF Championship 2015,Master1/Male/Blue/Feather,3,Yohei Fujisaki,Me, We
Asian Jiu-Jitsu IBJJF Championship 2015,Master1/Male/Blue/Light,1,You Jungok,De La Riva JJ
Asian Jiu-Jitsu IBJJF Championship 2015,Master1/Male/Blue/Light,2,Shuichirou Harashima,Wajutsu Keisyukai Hearts
Asian Jiu-Jitsu IBJJF Championship 2015,Master1/Male/Blue/Light,3,Juan Gabriel Toreja,Atos Jiu-Jitsu
Asian Jiu-Jitsu IBJJF Championship 2015,Master1/Male/Blue/Light,3,Oliver Graham,BJJ Revolution Team - International
Asian Jiu-Jitsu IBJJF Championship 2015,Master1/Male/Blue/Middle,1,Lijun Pan,Shanghai BJJ (SHBJJ)
Asian Jiu-Jitsu IBJJF Championship 2015,Master1/Male/Blue/Middle,2,Park Saingmin,De La Riva JJ
Asian Jiu-Jitsu IBJJF Championship 2015,Master1/Male/Blue/Middle,3,Raul Fernando Suzuki,Damm Fight Japan
Asian Jiu-Jitsu IBJJF Championship 2015,Master1/Male/Blue/Middle,3,Yuya Kamimura,Tri-Force Jiu-Jitsu Academy
Asian Jiu-Jitsu IBJJF Championship 2015,Master1/Male/Blue/Medium-Heavy,1,Grant Ogbu,BJJ Revolution Team - International
Asian Jiu-Jitsu IBJJF Championship 2015,Master1/Male/Blue/Medium-Heavy,2,Chih Wen Cheng,Taiwan BJJ
Asian Jiu-Jitsu IBJJF Championship 2015,Master1/Male/Blue/Medium-Heavy,3,Allan Wido Martinez,Gracie Barra
Asian Jiu-Jitsu IBJJF Championship 2015,Master1/Male/Blue/Medium-Heavy,3,Rayan Dumasia,Alliance
Asian Jiu-Jitsu IBJJF Championship 2015,Master1/Male/Blue/Heavy,1,Rory Michael Hussey,Atos Jiu-Jitsu
Asian Jiu-Jitsu IBJJF Championship 2015,Master1/Male/Blue/Heavy,2,Sergio Mitsuo  Lopes Ikari,Impacto Japan B.J.J.
Asian Jiu-Jitsu IBJJF Championship 2015,Master1/Male/Blue/Heavy,3,Mario Marozzi,Team Buda International
Asian Jiu-Jitsu IBJJF Championship 2015,Master1/Male/Blue/Heavy,3,Weiming Eugene Siew,CheckMat International
Asian Jiu-Jitsu IBJJF Championship 2015,Master1/Male/Blue/Super-Heavy,1,Jehan  Jabar,Nova União International
Asian Jiu-Jitsu IBJJF Championship 2015,Master1/Male/Blue/Super-Heavy,2,kazutoshi yazawa,Renatus Jiu-Jitsu Academy
Asian Jiu-Jitsu IBJJF Championship 2015,Master1/Male/Blue/OpenClass,1,Rory Michael Hussey,Atos Jiu-Jitsu
Asian Jiu-Jitsu IBJJF Championship 2015,Master1/Male/Blue/OpenClass,2,Grant Ogbu,BJJ Revolution Team - International
Asian Jiu-Jitsu IBJJF Championship 2015,Master1/Male/Blue/OpenClass,3,Mario Marozzi,Team Buda International
Asian Jiu-Jitsu IBJJF Championship 2015,Master1/Male/Blue/OpenClass,3,Thiago de Lucas Fernandes,Impacto Japan B.J.J.
Asian Jiu-Jitsu IBJJF Championship 2015,Master1/Female/Blue/Light-Feather,1,Yuki Maekawa,Paraestra
Asian Jiu-Jitsu IBJJF Championship 2015,Master1/Female/Blue/Light-Feather,2,Alvina  Lim,Evolve MMA
Asian Jiu-Jitsu IBJJF Championship 2015,Master1/Female/Blue/Light-Feather,3,Hyunjin Kim,KJ Competition Team
Asian Jiu-Jitsu IBJJF Championship 2015,Master1/Female/Blue/Light-Feather,3,Kyoko  Chinen,Waka Jiu-Jitsu
Asian Jiu-Jitsu IBJJF Championship 2015,Master1/Male/Purple/Rooster,1,Gilson Sone,Infight Japan Jiu-Jitsu
Asian Jiu-Jitsu IBJJF Championship 2015,Master1/Male/Purple/Rooster,2,Erwin John Tagle,Atos Jiu-Jitsu
Asian Jiu-Jitsu IBJJF Championship 2015,Master1/Male/Purple/Rooster,3,Hidenori Karasawa,Paraestra
Asian Jiu-Jitsu IBJJF Championship 2015,Master1/Male/Purple/Rooster,3,Keita Sako,Renatus Jiu-Jitsu Academy
Asian Jiu-Jitsu IBJJF Championship 2015,Master1/Male/Purple/Light-Feather,1,Bruno Raphael Ishi,Impacto Japan B.J.J.
Asian Jiu-Jitsu IBJJF Championship 2015,Master1/Male/Purple/Light-Feather,2,dai ibaraki,Dragon's Den
Asian Jiu-Jitsu IBJJF Championship 2015,Master1/Male/Purple/Light-Feather,3,Takanori Kaito,Impacto Japan B.J.J.
Asian Jiu-Jitsu IBJJF Championship 2015,Master1/Male/Purple/Light-Feather,3,Takatoshi Shibayama,Atos Jiu-Jitsu
Asian Jiu-Jitsu IBJJF Championship 2015,Master1/Male/Purple/Feather,1,Masashi Takino,Paraestra
Asian Jiu-Jitsu IBJJF Championship 2015,Master1/Male/Purple/Feather,2,Andre Teiki Ito,Infight Japan Jiu-Jitsu
Asian Jiu-Jitsu IBJJF Championship 2015,Master1/Male/Purple/Feather,3,Francis Ooi Tze Shian,Evolve MMA
Asian Jiu-Jitsu IBJJF Championship 2015,Master1/Male/Purple/Feather,3,Masao Nakatani,Grasco Jiu-Jitsu Academy
Asian Jiu-Jitsu IBJJF Championship 2015,Master1/Male/Purple/Light,1,Nestor Ponce III,Atos Jiu-Jitsu
Asian Jiu-Jitsu IBJJF Championship 2015,Master1/Male/Purple/Light,2,Keitaroh Mikuni,Hiro BJJ Academy Yokohama
Asian Jiu-Jitsu IBJJF Championship 2015,Master1/Male/Purple/Light,3,Bae Won Joon (repetido 79722),Jiu-Jitsu Lab
Asian Jiu-Jitsu IBJJF Championship 2015,Master1/Male/Purple/Light,3,Lloyd Cubacub,Purebred Jiu Jitsu Guam
Asian Jiu-Jitsu IBJJF Championship 2015,Master1/Male/Purple/Middle,1,Denis Gurinenko,Gracie Barra
Asian Jiu-Jitsu IBJJF Championship 2015,Master1/Male/Purple/Middle,2,Takuya Takayama,Tri-Force Jiu-Jitsu Academy
Asian Jiu-Jitsu IBJJF Championship 2015,Master1/Male/Purple/Medium-Heavy,1,Li Shiyuan,Equilibrium Mixed Martial Arts
Asian Jiu-Jitsu IBJJF Championship 2015,Master1/Male/Purple/Heavy,1,Fernando Daikiri,Gracie Barra
Asian Jiu-Jitsu IBJJF Championship 2015,Master1/Male/Purple/OpenClass,1,Bae Won Joon (repetido 79722),Jiu-Jitsu Lab
Asian Jiu-Jitsu IBJJF Championship 2015,Master1/Male/Purple/OpenClass,2,Li Shiyuan,Equilibrium Mixed Martial Arts
Asian Jiu-Jitsu IBJJF Championship 2015,Master1/Male/Purple/OpenClass,3,Fernando Daikiri,Gracie Barra
Asian Jiu-Jitsu IBJJF Championship 2015,Master1/Male/Purple/OpenClass,3,Masao Nakatani,Grasco Jiu-Jitsu Academy
Asian Jiu-Jitsu IBJJF Championship 2015,Master1/Male/Brown/Rooster,1,Yu Fujioka,Fujita Jiu-Jitsu
Asian Jiu-Jitsu IBJJF Championship 2015,Master1/Male/Brown/Rooster,2,Toru Nakao,X-Treme Jiu-Jitsu Academy
Asian Jiu-Jitsu IBJJF Championship 2015,Master1/Male/Brown/Light-Feather,1,Bruno Fernando Hiroshi Iamamoto,Impacto Japan B.J.J.
Asian Jiu-Jitsu IBJJF Championship 2015,Master1/Male/Brown/Light-Feather,2,Katayama Motonari,Pogona Club Gym
Asian Jiu-Jitsu IBJJF Championship 2015,Master1/Male/Brown/Light-Feather,3,Shin Kameda,De La Riva JJ
Asian Jiu-Jitsu IBJJF Championship 2015,Master1/Male/Brown/Light-Feather,3,Tatsuya Wakayama,Waka Jiu-Jitsu
Asian Jiu-Jitsu IBJJF Championship 2015,Master1/Male/Brown/Feather,1,Yuji Goto,Isshin Jiujitsu Academy
Asian Jiu-Jitsu IBJJF Championship 2015,Master1/Male/Brown/Feather,2,Luis Reyes,Bonsai JJ - Guam
Asian Jiu-Jitsu IBJJF Championship 2015,Master1/Male/Brown/Feather,3,Ok Myoung Kim,De La Riva JJ
Asian Jiu-Jitsu IBJJF Championship 2015,Master1/Male/Brown/Middle,1,Liu Chia Peng,Atos Jiu-Jitsu
Asian Jiu-Jitsu IBJJF Championship 2015,Master1/Male/Brown/Middle,2,Andrew Adams Mac Donald,Nova União International
Asian Jiu-Jitsu IBJJF Championship 2015,Master1/Male/Brown/Middle,3,Ricardo Oliveira da Silva,Ogawa Jiu Jitsu
Asian Jiu-Jitsu IBJJF Championship 2015,Master1/Male/Brown/Super-Heavy,1,Kang-Cheol Park,KJ Competition Team
Asian Jiu-Jitsu IBJJF Championship 2015,Master1/Male/Brown/Super-Heavy,2,James Sung Hyun Paek,Purebred Jiu Jitsu Guam
Asian Jiu-Jitsu IBJJF Championship 2015,Master1/Male/Brown/Super-Heavy,3,Marcelino de Paula Iida,Infight Japan Jiu-Jitsu
Asian Jiu-Jitsu IBJJF Championship 2015,Master1/Male/Brown/Ultra-Heavy,1,Joshua Paul Jerome,Purebred Jiu Jitsu Guam
Asian Jiu-Jitsu IBJJF Championship 2015,Master1/Male/Brown/OpenClass,1,Joshua Paul Jerome,Purebred Jiu Jitsu Guam
Asian Jiu-Jitsu IBJJF Championship 2015,Master1/Male/Brown/OpenClass,2,Liu Chia Peng,Atos Jiu-Jitsu
Asian Jiu-Jitsu IBJJF Championship 2015,Master1/Male/Brown/OpenClass,3,Bruno Fernando Hiroshi Iamamoto,Impacto Japan B.J.J.
Asian Jiu-Jitsu IBJJF Championship 2015,Master1/Male/Brown/OpenClass,3,Yuji Goto,Isshin Jiujitsu Academy
Asian Jiu-Jitsu IBJJF Championship 2015,Master1/Male/Black/Feather,1,Carlos Augusto Da Silva Kimura,Impacto Japan B.J.J.
Asian Jiu-Jitsu IBJJF Championship 2015,Master1/Male/Black/Feather,2,Yasuhito Nakatsuka,Me, We
Asian Jiu-Jitsu IBJJF Championship 2015,Master1/Male/Black/Feather,3,Bruno Cardoso Barbosa,Team Buda International
Asian Jiu-Jitsu IBJJF Championship 2015,Master1/Male/Black/Feather,3,Kazuya Satoh,Paraestra
Asian Jiu-Jitsu IBJJF Championship 2015,Master1/Male/Black/Light,1,Rogerio Yoski Suto,Impacto Japan B.J.J.
Asian Jiu-Jitsu IBJJF Championship 2015,Master1/Male/Black/Light,2,Namrod Bisso,Australian Elite Team
Asian Jiu-Jitsu IBJJF Championship 2015,Master1/Male/Black/Light,3,Akihiro Shibuya,Hiro BJJ Academy Yokohama
Asian Jiu-Jitsu IBJJF Championship 2015,Master1/Male/Black/Light,3,Alexsandro dos Santos Machado,CheckMat International
Asian Jiu-Jitsu IBJJF Championship 2015,Master1/Male/Black/Middle,1,Leandro de Souza Kussano,Over Limit BJJ
Asian Jiu-Jitsu IBJJF Championship 2015,Master1/Male/Black/Middle,2,Trenton J. Cooke,Alliance
Asian Jiu-Jitsu IBJJF Championship 2015,Master1/Male/Black/Middle,3,Jae-Suk Lim,John Frankl Jiu-Jitsu
Asian Jiu-Jitsu IBJJF Championship 2015,Master1/Male/Black/Medium-Heavy,1,Sadayoshi Roberto Mota Kurimori,Fight Move BJJ
Asian Jiu-Jitsu IBJJF Championship 2015,Master1/Male/Black/Medium-Heavy,2,Pablo Tees Leite,Emirates Jiu-Jitsu Center
Asian Jiu-Jitsu IBJJF Championship 2015,Master1/Male/Black/Medium-Heavy,3,Anderson Takahashi De Faria,Rocha Jiu Jitsu
Asian Jiu-Jitsu IBJJF Championship 2015,Master1/Male/Black/Medium-Heavy,3,Asao Everton Ramos,Impacto Japan B.J.J.
Asian Jiu-Jitsu IBJJF Championship 2015,Master1/Male/Black/Heavy,1,Alberto Hipácio Miná de Araújo,Gracie Barra
Asian Jiu-Jitsu IBJJF Championship 2015,Master1/Male/Black/Heavy,2,Fabio Yukio Sugawara,Infight Japan Jiu-Jitsu
Asian Jiu-Jitsu IBJJF Championship 2015,Master1/Male/Black/OpenClass,1,Leandro de Souza Kussano,Over Limit BJJ
Asian Jiu-Jitsu IBJJF Championship 2015,Master1/Male/Black/OpenClass,2,Rogerio Yoski Suto,Impacto Japan B.J.J.
Asian Jiu-Jitsu IBJJF Championship 2015,Master1/Male/Black/OpenClass,3,Anderson Takahashi De Faria,Rocha Jiu Jitsu
Asian Jiu-Jitsu IBJJF Championship 2015,Master1/Male/Black/OpenClass,3,Pablo Tees Leite,Emirates Jiu-Jitsu Center
Asian Jiu-Jitsu IBJJF Championship 2015,Master2/Male/White/Light-Feather,1,Wei Heng Shen,BJJ Revolution Team - International
Asian Jiu-Jitsu IBJJF Championship 2015,Master2/Male/White/Light-Feather,2,Siu Fai Chui,Hong Kong Jiu-Jitsu
Asian Jiu-Jitsu IBJJF Championship 2015,Master2/Male/White/Light-Feather,3,Kenji Koshida,X-Treme Jiu-Jitsu Academy
Asian Jiu-Jitsu IBJJF Championship 2015,Master2/Male/White/Light-Feather,3,Sze Kit Peter Chiang,Hong Kong Jiu-Jitsu
Asian Jiu-Jitsu IBJJF Championship 2015,Master2/Male/White/Feather,1,Murata Shigeki,Impacto Japan B.J.J.
Asian Jiu-Jitsu IBJJF Championship 2015,Master2/Male/White/Feather,2,Horie Wataru,Carpe Diem
Asian Jiu-Jitsu IBJJF Championship 2015,Master2/Male/White/Feather,3,Koji Inomata,Paraestra
Asian Jiu-Jitsu IBJJF Championship 2015,Master2/Male/White/Feather,3,Ryutaro Hayashi,Tri-Force Jiu-Jitsu Academy
Asian Jiu-Jitsu IBJJF Championship 2015,Master2/Male/White/Light,1,Tadashi Kouno,Grasco Jiu-Jitsu Academy
Asian Jiu-Jitsu IBJJF Championship 2015,Master2/Male/White/Light,2,Carlos Da Silva Ferreira,Ogawa Jiu Jitsu
Asian Jiu-Jitsu IBJJF Championship 2015,Master2/Male/White/Light,3,Lee Hojong,De La Riva JJ
Asian Jiu-Jitsu IBJJF Championship 2015,Master2/Male/White/Light,3,Masanori Inoue,Impacto Japan B.J.J.
Asian Jiu-Jitsu IBJJF Championship 2015,Master2/Male/White/Middle,1,Takahashi Yoshiyasu,Jiu-Jitsu Lab
Asian Jiu-Jitsu IBJJF Championship 2015,Master2/Male/White/Middle,2,Eli Forester,Carpe Diem
Asian Jiu-Jitsu IBJJF Championship 2015,Master2/Male/White/Middle,3,Cort Jamison,Purebred Jiu Jitsu Guam
Asian Jiu-Jitsu IBJJF Championship 2015,Master2/Male/White/Middle,3,Robert Dennis Chaney,Gracie Humaita Phoenix
Asian Jiu-Jitsu IBJJF Championship 2015,Master2/Male/White/Medium-Heavy,1,Ahmed Wagih Ibrahim Mohamed Korayem,Will/Machado
Asian Jiu-Jitsu IBJJF Championship 2015,Master2/Male/White/Medium-Heavy,2,Aleksei Kaikov,Gracie Barra
Asian Jiu-Jitsu IBJJF Championship 2015,Master2/Male/White/Medium-Heavy,3,Leandro Kumagai,Infight Japan Jiu-Jitsu
Asian Jiu-Jitsu IBJJF Championship 2015,Master2/Male/White/Medium-Heavy,3,TOSHIRO SATO,Strapple Waseda Hiruma Dojo
Asian Jiu-Jitsu IBJJF Championship 2015,Master2/Male/White/Heavy,1,Agus Susanto,Alliance Jiu-Jitsu Indonesia
Asian Jiu-Jitsu IBJJF Championship 2015,Master2/Male/White/Heavy,2,Seungyong Yu,John Frankl Jiu-Jitsu
Asian Jiu-Jitsu IBJJF Championship 2015,Master2/Male/Blue/Rooster,1,Renato Sato,Impacto Japan B.J.J.
Asian Jiu-Jitsu IBJJF Championship 2015,Master2/Male/Blue/Rooster,2,Hiromasa Ishii,Newaza World Shinagawa
Asian Jiu-Jitsu IBJJF Championship 2015,Master2/Male/Blue/Rooster,3,Kojima Yuuji,Carpe Diem
Asian Jiu-Jitsu IBJJF Championship 2015,Master2/Male/Blue/Light-Feather,1,Yukio Sugimoto,Grounnd Core
Asian Jiu-Jitsu IBJJF Championship 2015,Master2/Male/Blue/Light-Feather,2,Tomomi Takemoto,Paraestra
Asian Jiu-Jitsu IBJJF Championship 2015,Master2/Male/Blue/Light-Feather,3,Edson Shimodaira,Ogawa Jiu Jitsu
Asian Jiu-Jitsu IBJJF Championship 2015,Master2/Male/Blue/Light-Feather,3,Norikazu Yoshimoto,Hiro BJJ Academy Yokohama
Asian Jiu-Jitsu IBJJF Championship 2015,Master2/Male/Blue/Feather,1,Takayuki Okutomi,Dragon's Den
Asian Jiu-Jitsu IBJJF Championship 2015,Master2/Male/Blue/Feather,2,Chih Jen Cheng,Taiwan BJJ
Asian Jiu-Jitsu IBJJF Championship 2015,Master2/Male/Blue/Feather,3,Alex  Liu,BJJ Revolution Team - International
Asian Jiu-Jitsu IBJJF Championship 2015,Master2/Male/Blue/Feather,3,Jonathan Liang,BJJ Revolution Team - International
Asian Jiu-Jitsu IBJJF Championship 2015,Master2/Male/Blue/Light,1,Pai Hsien Ming,Taiwan BJJ
Asian Jiu-Jitsu IBJJF Championship 2015,Master2/Male/Blue/Light,2,Minuk Park,Nova União International
Asian Jiu-Jitsu IBJJF Championship 2015,Master2/Male/Blue/Light,3,Osamu Nagahama,Fellows
Asian Jiu-Jitsu IBJJF Championship 2015,Master2/Male/Blue/Light,3,Tomohiko Sato,Tri-Force Jiu-Jitsu Academy
Asian Jiu-Jitsu IBJJF Championship 2015,Master2/Male/Blue/Middle,1,Robert Daniel Lee,Axis Jiu-Jitsu
Asian Jiu-Jitsu IBJJF Championship 2015,Master2/Male/Blue/Middle,2,Benjamin Dixon,Roger Gracie
Asian Jiu-Jitsu IBJJF Championship 2015,Master2/Male/Blue/Ultra-Heavy,1,Yokoi Hirotaka,Tri-Force Jiu-Jitsu Academy
Asian Jiu-Jitsu IBJJF Championship 2015,Master2/Male/Blue/Ultra-Heavy,2,Sylvain Galibert,BJJ Globetrotters
Asian Jiu-Jitsu IBJJF Championship 2015,Master2/Male/Blue/OpenClass,1,Yokoi Hirotaka,Tri-Force Jiu-Jitsu Academy
Asian Jiu-Jitsu IBJJF Championship 2015,Master2/Male/Blue/OpenClass,2,Robert Daniel Lee,Axis Jiu-Jitsu
Asian Jiu-Jitsu IBJJF Championship 2015,Master2/Male/Blue/OpenClass,3,Sylvain Galibert,BJJ Globetrotters
Asian Jiu-Jitsu IBJJF Championship 2015,Master2/Male/Blue/OpenClass,3,Yukio Sugimoto,Grounnd Core
Asian Jiu-Jitsu IBJJF Championship 2015,Master2/Male/Purple/Rooster,1,Masaji Kawamura,Max Jiu Jitsu Academy
Asian Jiu-Jitsu IBJJF Championship 2015,Master2/Male/Purple/Rooster,2,Nadin Maxiell,Checkmat CDJJ Tokyo
Asian Jiu-Jitsu IBJJF Championship 2015,Master2/Male/Purple/Light-Feather,1,Fubito Aizawa,PSBJJ Ogikubo
Asian Jiu-Jitsu IBJJF Championship 2015,Master2/Male/Purple/Light-Feather,2,Taketoshi Tanoue,Tri-Force Jiu-Jitsu Academy
Asian Jiu-Jitsu IBJJF Championship 2015,Master2/Male/Purple/Light-Feather,3,Shigeru  Ikezaki,Me, We
Asian Jiu-Jitsu IBJJF Championship 2015,Master2/Male/Purple/Light-Feather,3,Shunsuke Higo,Strapple Waseda Hiruma Dojo
Asian Jiu-Jitsu IBJJF Championship 2015,Master2/Male/Purple/Feather,1,Akihiro Takei,Pogona Club Gym
Asian Jiu-Jitsu IBJJF Championship 2015,Master2/Male/Purple/Feather,2,Takashi Sugimoto,Paraestra
Asian Jiu-Jitsu IBJJF Championship 2015,Master2/Male/Purple/Feather,3,Katsuaki Komatsu,Tri-Force Jiu-Jitsu Academy
Asian Jiu-Jitsu IBJJF Championship 2015,Master2/Male/Purple/Feather,3,Yoshiya Suga,Carpe Diem
Asian Jiu-Jitsu IBJJF Championship 2015,Master2/Male/Purple/Light,1,Hiroyuki Kurokawa,Paraestra
Asian Jiu-Jitsu IBJJF Championship 2015,Master2/Male/Purple/Light,2,Joey Lepiten,Ribeiro Jiu-Jitsu International
Asian Jiu-Jitsu IBJJF Championship 2015,Master2/Male/Purple/Light,3,Kim Sangho (repetido 194527),De La Riva JJ
Asian Jiu-Jitsu IBJJF Championship 2015,Master2/Male/Purple/Light,3,Yasuyuki Nishi,Carpe Diem
Asian Jiu-Jitsu IBJJF Championship 2015,Master2/Male/Purple/Middle,1,Jongmu Lee,Sanai Jiu Jitsu Academy
Asian Jiu-Jitsu IBJJF Championship 2015,Master2/Male/Purple/Middle,2,Marcelo V. Hamanaka,Impacto Japan B.J.J.
Asian Jiu-Jitsu IBJJF Championship 2015,Master2/Male/Purple/Middle,3,Souza Sinomar Arakaki,Katayama Jiu-Jitsu
Asian Jiu-Jitsu IBJJF Championship 2015,Master2/Male/Purple/Medium-Heavy,1,Kazuki Nakamura,Carpe Diem Nagasaki
Asian Jiu-Jitsu IBJJF Championship 2015,Master2/Male/Purple/Medium-Heavy,2,Armando Fujiyama,Gracie Barra
Asian Jiu-Jitsu IBJJF Championship 2015,Master2/Male/Purple/Medium-Heavy,3,Randolph Bazile,Axis Jiu-Jitsu
Asian Jiu-Jitsu IBJJF Championship 2015,Master2/Male/Purple/Medium-Heavy,3,Scott William Dempster,Zenith BJJ - Australia
Asian Jiu-Jitsu IBJJF Championship 2015,Master2/Male/Purple/Ultra-Heavy,1,Satoshi Ito,Grasco Jiu-Jitsu Academy
Asian Jiu-Jitsu IBJJF Championship 2015,Master2/Male/Purple/Ultra-Heavy,2,Marcelino Shimura,Over Limit BJJ
Asian Jiu-Jitsu IBJJF Championship 2015,Master2/Male/Purple/OpenClass,1,Kazuki Nakamura,Carpe Diem Nagasaki
Asian Jiu-Jitsu IBJJF Championship 2015,Master2/Male/Purple/OpenClass,2,Satoshi Ito,Grasco Jiu-Jitsu Academy
Asian Jiu-Jitsu IBJJF Championship 2015,Master2/Male/Purple/OpenClass,3,Marcelo V. Hamanaka,Impacto Japan B.J.J.
Asian Jiu-Jitsu IBJJF Championship 2015,Master2/Male/Purple/OpenClass,3,Randolph Bazile,Axis Jiu-Jitsu
Asian Jiu-Jitsu IBJJF Championship 2015,Master2/Male/Brown/Feather,1,Gagik Tumanyan,Nova União Australia
Asian Jiu-Jitsu IBJJF Championship 2015,Master2/Male/Brown/Feather,2,Sora Tsukui,Newaza-World Hanshin
Asian Jiu-Jitsu IBJJF Championship 2015,Master2/Male/Brown/Feather,3,Katsuhiko Hibino,Alive
Asian Jiu-Jitsu IBJJF Championship 2015,Master2/Male/Brown/Feather,3,Motoaki Hirokura,Impacto Japan B.J.J.
Asian Jiu-Jitsu IBJJF Championship 2015,Master2/Male/Brown/Light,1,Yasunori Yamamoto,Paraestra
Asian Jiu-Jitsu IBJJF Championship 2015,Master2/Male/Brown/Light,2,Kenji Shiratsuki,Tri-Force Jiu-Jitsu Academy
Asian Jiu-Jitsu IBJJF Championship 2015,Master2/Male/Brown/Light,3,Ahmed Suhail Bin Huwaiden Al Ketbi,UAE Jiu-jitsu Team
Asian Jiu-Jitsu IBJJF Championship 2015,Master2/Male/Brown/Light,3,Jin Dong  Jung,KJ Competition Team
Asian Jiu-Jitsu IBJJF Championship 2015,Master2/Male/Brown/Middle,1,Wilson Luiz Sampaio,Impacto Japan B.J.J.
Asian Jiu-Jitsu IBJJF Championship 2015,Master2/Male/Brown/Middle,2,Alexandre Avakiants,Carpe Diem
Asian Jiu-Jitsu IBJJF Championship 2015,Master2/Male/Brown/Middle,3,Hiroaki Igusa,Purebred Omiya
Asian Jiu-Jitsu IBJJF Championship 2015,Master2/Male/Brown/Middle,3,Larron Zachary Gandaoli,Purebred Jiu Jitsu Guam
Asian Jiu-Jitsu IBJJF Championship 2015,Master2/Male/Brown/Medium-Heavy,1,Tsuyoshi Fujimoto,Impacto Japan B.J.J.
Asian Jiu-Jitsu IBJJF Championship 2015,Master2/Male/Brown/Medium-Heavy,2,Wilson Tadashi Karakawa,Super Team Jiu-Jitsu
Asian Jiu-Jitsu IBJJF Championship 2015,Master2/Male/Brown/Ultra-Heavy,1,Gustavo Adolfo Puente,American Top Team
Asian Jiu-Jitsu IBJJF Championship 2015,Master2/Male/Brown/OpenClass,1,Gustavo Adolfo Puente,American Top Team
Asian Jiu-Jitsu IBJJF Championship 2015,Master2/Male/Brown/OpenClass,2,Katsuhiko Hibino,Alive
Asian Jiu-Jitsu IBJJF Championship 2015,Master2/Male/Brown/OpenClass,3,Ahmed Suhail Bin Huwaiden Al Ketbi,UAE Jiu-jitsu Team
Asian Jiu-Jitsu IBJJF Championship 2015,Master2/Male/Brown/OpenClass,3,Larron Zachary Gandaoli,Purebred Jiu Jitsu Guam
Asian Jiu-Jitsu IBJJF Championship 2015,Master2/Male/Black/Light-Feather,1,Carlos Kazuo Kihara,Impacto Japan B.J.J.
Asian Jiu-Jitsu IBJJF Championship 2015,Master2/Male/Black/Light-Feather,2,Yasushi Ookubo,Fellows
Asian Jiu-Jitsu IBJJF Championship 2015,Master2/Male/Black/Light-Feather,3,Naoto Konno,Paraestra
Asian Jiu-Jitsu IBJJF Championship 2015,Master2/Male/Black/Light-Feather,3,Takashi Goto,Suita Jiu-Jitsu
Asian Jiu-Jitsu IBJJF Championship 2015,Master2/Male/Black/Feather,1,Miqueias Toshio Asada,Impacto Japan B.J.J.
Asian Jiu-Jitsu IBJJF Championship 2015,Master2/Male/Black/Feather,2,Taba Agnaldo Massao,Cool Champ Club
Asian Jiu-Jitsu IBJJF Championship 2015,Master2/Male/Black/Feather,3,Joao  Lenine kauvauti,Ogawa Jiu Jitsu
Asian Jiu-Jitsu IBJJF Championship 2015,Master2/Male/Black/Feather,3,Kensuke Nogawa,Paraestra
Asian Jiu-Jitsu IBJJF Championship 2015,Master2/Male/Black/Light,1,Rogerio de Cristo Filho,Rocha Jiu Jitsu
Asian Jiu-Jitsu IBJJF Championship 2015,Master2/Male/Black/Light,2,Antony Singh Chahal,New School BJJ
Asian Jiu-Jitsu IBJJF Championship 2015,Master2/Male/Black/Light,3,Ji-Young Kim,Ratel BJJ
Asian Jiu-Jitsu IBJJF Championship 2015,Master2/Male/Black/Middle,1,Mark J. Vives,Bonsai JJ - USA
Asian Jiu-Jitsu IBJJF Championship 2015,Master2/Male/Black/Middle,2,Byeong-Gyu Choi,John Frankl Jiu-Jitsu
Asian Jiu-Jitsu IBJJF Championship 2015,Master2/Male/Black/Middle,3,Flavio Rogerio Bueno,CheckMat International
Asian Jiu-Jitsu IBJJF Championship 2015,Master2/Male/Black/Middle,3,Marcos Antonio Cerqueira Batista,Brazil 021 International
Asian Jiu-Jitsu IBJJF Championship 2015,Master2/Male/Black/Heavy,1,Alexander Sulit,Atos Jiu-Jitsu
Asian Jiu-Jitsu IBJJF Championship 2015,Master2/Male/Black/Heavy,2,Andrew Po-chen Wang,Grappling Unlimited
Asian Jiu-Jitsu IBJJF Championship 2015,Master2/Male/Black/Ultra-Heavy,1,Fernando Nascimento Araujo,Jungle BJJ
Asian Jiu-Jitsu IBJJF Championship 2015,Master2/Male/Black/OpenClass,1,Fernando Nascimento Araujo,Jungle BJJ
Asian Jiu-Jitsu IBJJF Championship 2015,Master2/Male/Black/OpenClass,2,Miqueias Toshio Asada,Impacto Japan B.J.J.
Asian Jiu-Jitsu IBJJF Championship 2015,Master2/Male/Black/OpenClass,3,Joao  Lenine kauvauti,Ogawa Jiu Jitsu
Asian Jiu-Jitsu IBJJF Championship 2015,Master2/Male/Black/OpenClass,3,Takashi Goto,Suita Jiu-Jitsu
Asian Jiu-Jitsu IBJJF Championship 2015,Master3/Male/Blue/Light-Feather,1,Koji Shigemizu,Trust Jiu-jitsu Academy
Asian Jiu-Jitsu IBJJF Championship 2015,Master3/Male/Blue/Light-Feather,2,Satoru Imai,Carpe Diem
Asian Jiu-Jitsu IBJJF Championship 2015,Master3/Male/Blue/Light-Feather,3,Taku Sato,Max Jiu Jitsu Academy
Asian Jiu-Jitsu IBJJF Championship 2015,Master3/Male/Blue/Feather,1,Alex Lin,BJJ Revolution Team - International
Asian Jiu-Jitsu IBJJF Championship 2015,Master3/Male/Blue/Feather,2,Aki Sakamoto,BJJ Revolution Team - International
Asian Jiu-Jitsu IBJJF Championship 2015,Master3/Male/Blue/Feather,3,Kazuomi Kiyota,Paraestra
Asian Jiu-Jitsu IBJJF Championship 2015,Master3/Male/Blue/Feather,3,Yasuhito Sasaki,Purebred Sapporo
Asian Jiu-Jitsu IBJJF Championship 2015,Master3/Male/Blue/Light,1,shigeyuki motoki,Tri-Force Jiu-Jitsu Academy
Asian Jiu-Jitsu IBJJF Championship 2015,Master3/Male/Blue/Light,2,Yoshitaka Hirota,Free & Free
Asian Jiu-Jitsu IBJJF Championship 2015,Master3/Male/Blue/Light,3,Akihiko Ishikawa,Tri-Force Jiu-Jitsu Academy
Asian Jiu-Jitsu IBJJF Championship 2015,Master3/Male/Blue/Light,3,Thomas Wong,Taiwan BJJ
Asian Jiu-Jitsu IBJJF Championship 2015,Master3/Male/Blue/Middle,1,TAKESHI NAKAZATO,Dojyo Goujutsu
Asian Jiu-Jitsu IBJJF Championship 2015,Master3/Male/Blue/Middle,2,Andy  Barker,Hiro BJJ Academy Yokohama
Asian Jiu-Jitsu IBJJF Championship 2015,Master3/Male/Blue/Medium-Heavy,1,Brendan Richard Scholey,Nova União International
Asian Jiu-Jitsu IBJJF Championship 2015,Master3/Male/Blue/Medium-Heavy,2,Eduardo Ferreira Dias Dias,Infight Japan Jiu-Jitsu
Asian Jiu-Jitsu IBJJF Championship 2015,Master3/Male/Blue/Heavy,1,Roman Budkovskii,Gracie Barra
Asian Jiu-Jitsu IBJJF Championship 2015,Master3/Male/Blue/OpenClass,1,Roman Budkovskii,Gracie Barra
Asian Jiu-Jitsu IBJJF Championship 2015,Master3/Male/Blue/OpenClass,2,Brendan Richard Scholey,Nova União International
Asian Jiu-Jitsu IBJJF Championship 2015,Master3/Male/Blue/OpenClass,3,Aki Sakamoto,BJJ Revolution Team - International
Asian Jiu-Jitsu IBJJF Championship 2015,Master3/Male/Blue/OpenClass,3,Eduardo Ferreira Dias Dias,Infight Japan Jiu-Jitsu
Asian Jiu-Jitsu IBJJF Championship 2015,Master3/Male/Purple/Light-Feather,1,Masahiro Horikawa,Gracie Barra
Asian Jiu-Jitsu IBJJF Championship 2015,Master3/Male/Purple/Light-Feather,2,Steven Tong,Roots BJJ
Asian Jiu-Jitsu IBJJF Championship 2015,Master3/Male/Purple/Light-Feather,3,Akio Abe,Carpe Diem
Asian Jiu-Jitsu IBJJF Championship 2015,Master3/Male/Purple/Light-Feather,3,Juro Morita,Paraestra
Asian Jiu-Jitsu IBJJF Championship 2015,Master3/Male/Purple/Feather,1,Toshitake Sasaki,Soujiukai Sendai
Asian Jiu-Jitsu IBJJF Championship 2015,Master3/Male/Purple/Feather,2,Makoto  Ono,Shooto Gym Roots
Asian Jiu-Jitsu IBJJF Championship 2015,Master3/Male/Purple/Feather,3,Shinya Takiguchi,Checkmat CDJJ Tokyo
Asian Jiu-Jitsu IBJJF Championship 2015,Master3/Male/Purple/Feather,3,Ted Joseph Tarpley,myBJJ Team
Asian Jiu-Jitsu IBJJF Championship 2015,Master3/Male/Purple/Light,1,Haguro Kazuhito,Grasco Jiu-Jitsu Academy
Asian Jiu-Jitsu IBJJF Championship 2015,Master3/Male/Purple/Light,2,Kazutada Yokoyama,Paraestra
Asian Jiu-Jitsu IBJJF Championship 2015,Master3/Male/Purple/Light,3,Masamichi Kawada,Visca
Asian Jiu-Jitsu IBJJF Championship 2015,Master3/Male/Purple/Light,3,Yasutoshi Takenoya,Dragon's Den
Asian Jiu-Jitsu IBJJF Championship 2015,Master3/Male/Purple/Middle,1,Keita Takahashi,Paraestra
Asian Jiu-Jitsu IBJJF Championship 2015,Master3/Male/Purple/Middle,2,Francisco Kim,BJJ Revolution Team - International
Asian Jiu-Jitsu IBJJF Championship 2015,Master3/Male/Purple/Middle,3,Masato Enomoto,Free & Free
Asian Jiu-Jitsu IBJJF Championship 2015,Master3/Male/Purple/Middle,3,Yamamoto Kiyokazu,Carpe Diem Nagasaki
Asian Jiu-Jitsu IBJJF Championship 2015,Master3/Male/Purple/Super-Heavy,1,Mark Smith,Purebred Jiu Jitsu Guam
Asian Jiu-Jitsu IBJJF Championship 2015,Master3/Male/Purple/Super-Heavy,2,Kyle Peck Rhodus,Hiro BJJ Academy Yokohama
Asian Jiu-Jitsu IBJJF Championship 2015,Master3/Male/Purple/Super-Heavy,3,Shinya Muroi,De La Riva JJ
Asian Jiu-Jitsu IBJJF Championship 2015,Master3/Male/Purple/OpenClass,1,Mark Smith,Purebred Jiu Jitsu Guam
Asian Jiu-Jitsu IBJJF Championship 2015,Master3/Male/Purple/OpenClass,2,Shinya Takiguchi,Checkmat CDJJ Tokyo
Asian Jiu-Jitsu IBJJF Championship 2015,Master3/Male/Purple/OpenClass,3,Kyle Peck Rhodus,Hiro BJJ Academy Yokohama
Asian Jiu-Jitsu IBJJF Championship 2015,Master3/Male/Purple/OpenClass,3,Yasutoshi Takenoya,Dragon's Den
Asian Jiu-Jitsu IBJJF Championship 2015,Master3/Male/Brown/Rooster,1,Masahiko Morita,Newaza World
Asian Jiu-Jitsu IBJJF Championship 2015,Master3/Male/Brown/Rooster,2,Sonohara Kazuhiko,Gracie Barra
Asian Jiu-Jitsu IBJJF Championship 2015,Master3/Male/Brown/Rooster,3,Yosuke Nakamura,Dragon's Den
Asian Jiu-Jitsu IBJJF Championship 2015,Master3/Male/Brown/Light,1,Jinho Park,Clark Gracie Team International
Asian Jiu-Jitsu IBJJF Championship 2015,Master3/Male/Brown/Light,2,Toshiyuki Okabe,Gracie Barra
Asian Jiu-Jitsu IBJJF Championship 2015,Master3/Male/Brown/Light,3,David Gulliver Go,Atos Jiu-Jitsu
Asian Jiu-Jitsu IBJJF Championship 2015,Master3/Male/Brown/Light,3,Yuji Takahashi,Trial&Error
Asian Jiu-Jitsu IBJJF Championship 2015,Master3/Male/Brown/Middle,1,Kenneth J. Concepcion,Purebred Jiu Jitsu Guam
Asian Jiu-Jitsu IBJJF Championship 2015,Master3/Male/Brown/Middle,2,Thomas H. Schinaman,Axis Jiu-Jitsu
Asian Jiu-Jitsu IBJJF Championship 2015,Master3/Male/Brown/Middle,3,Atsushi Inoue,Strapple
Asian Jiu-Jitsu IBJJF Championship 2015,Master3/Male/Brown/Middle,3,Mitsuteru Nakajo,Hiro BJJ Academy Yokohama
Asian Jiu-Jitsu IBJJF Championship 2015,Master3/Male/Brown/Heavy,1,Masahito Osada,Gracie Barra
Asian Jiu-Jitsu IBJJF Championship 2015,Master3/Male/Brown/OpenClass,1,Masahito Osada,Gracie Barra
Asian Jiu-Jitsu IBJJF Championship 2015,Master3/Male/Brown/OpenClass,2,Jinho Park,Clark Gracie Team International
Asian Jiu-Jitsu IBJJF Championship 2015,Master3/Male/Brown/OpenClass,3,Kenneth J. Concepcion,Purebred Jiu Jitsu Guam
Asian Jiu-Jitsu IBJJF Championship 2015,Master3/Male/Brown/OpenClass,3,Mitsuteru Nakajo,Hiro BJJ Academy Yokohama
Asian Jiu-Jitsu IBJJF Championship 2015,Master3/Male/Black/Light-Feather,1,Tashiro Flavio Seiti,Over Limit BJJ
Asian Jiu-Jitsu IBJJF Championship 2015,Master3/Male/Black/Light-Feather,2,Hiroyuki Mizuno,Visca
Asian Jiu-Jitsu IBJJF Championship 2015,Master3/Male/Black/Feather,1,Edison Kagohara,Over Limit BJJ
Asian Jiu-Jitsu IBJJF Championship 2015,Master3/Male/Black/Feather,2,Emerson Azuma,Over Limit BJJ
Asian Jiu-Jitsu IBJJF Championship 2015,Master3/Male/Black/Light,1,Akichika Tanji,Checkmat CDJJ Tokyo
Asian Jiu-Jitsu IBJJF Championship 2015,Master3/Male/Black/Light,2,Jamie A. Murray,Australian Elite Team
Asian Jiu-Jitsu IBJJF Championship 2015,Master3/Male/Black/Light,3,Quinton Lesley Arendse,GF Team International
Asian Jiu-Jitsu IBJJF Championship 2015,Master3/Male/Black/Light,3,Takashi Ouchi,Paraestra
Asian Jiu-Jitsu IBJJF Championship 2015,Master3/Male/Black/Middle,1,John Baylon,Hong Kong Jiu-Jitsu
Asian Jiu-Jitsu IBJJF Championship 2015,Master3/Male/Black/Middle,2,Osamu Mori,Trydent Gym
Asian Jiu-Jitsu IBJJF Championship 2015,Master3/Male/Black/Middle,3,Akira Kamimura,Paraestra
Asian Jiu-Jitsu IBJJF Championship 2015,Master3/Male/Black/Middle,3,Naoya Ueyama,Tri-Force Jiu-Jitsu Academy
Asian Jiu-Jitsu IBJJF Championship 2015,Master3/Male/Black/Medium-Heavy,1,Welson Mitsuaki Haguihara,Impacto Japan B.J.J.
Asian Jiu-Jitsu IBJJF Championship 2015,Master3/Male/Black/Medium-Heavy,2,Mario Marcio Katayama,Katayama Jiu-Jitsu
Asian Jiu-Jitsu IBJJF Championship 2015,Master3/Male/Black/Medium-Heavy,3,Deddy Wigraha,Alliance Jiu-Jitsu Indonesia
Asian Jiu-Jitsu IBJJF Championship 2015,Master3/Male/Black/Super-Heavy,1,Stephen Roberto,Purebred Jiu Jitsu Guam
Asian Jiu-Jitsu IBJJF Championship 2015,Master3/Male/Black/Super-Heavy,2,Almir Rogerio Dos Santos,Ogawa Jiu Jitsu
Asian Jiu-Jitsu IBJJF Championship 2015,Master3/Male/Black/Super-Heavy,3,Roberto Massao Matsukuma,Impacto Japan B.J.J.
Asian Jiu-Jitsu IBJJF Championship 2015,Master3/Male/Black/Ultra-Heavy,1,Jailton Simao Da Cunha,Ogawa Jiu Jitsu
Asian Jiu-Jitsu IBJJF Championship 2015,Master3/Male/Black/OpenClass,1,Jailton Simao Da Cunha,Ogawa Jiu Jitsu
Asian Jiu-Jitsu IBJJF Championship 2015,Master3/Male/Black/OpenClass,2,Stephen Roberto,Purebred Jiu Jitsu Guam
Asian Jiu-Jitsu IBJJF Championship 2015,Master3/Male/Black/OpenClass,3,Akira Kamimura,Paraestra
Asian Jiu-Jitsu IBJJF Championship 2015,Master3/Male/Black/OpenClass,3,Emerson Azuma,Over Limit BJJ
Asian Jiu-Jitsu IBJJF Championship 2015,Master4/Male/Blue/Feather,1,Masataka Kondo,Grasco Jiu-Jitsu Academy
Asian Jiu-Jitsu IBJJF Championship 2015,Master4/Male/Blue/Feather,2,Osamu Saiga,Hiro BJJ Academy Yokohama
Asian Jiu-Jitsu IBJJF Championship 2015,Master4/Male/Blue/Light,1,Chin Su,BJJ Revolution Team - International
Asian Jiu-Jitsu IBJJF Championship 2015,Master4/Male/Blue/Light,2,Gabor Varkonyi,Carpe Diem
Asian Jiu-Jitsu IBJJF Championship 2015,Master4/Male/Blue/Light,3,Kenichi Kudo,Tri-Force Jiu-Jitsu Academy
Asian Jiu-Jitsu IBJJF Championship 2015,Master4/Male/Blue/Light,3,KOZO OKUDA,Tri-Force Jiu-Jitsu Academy
Asian Jiu-Jitsu IBJJF Championship 2015,Master4/Male/Blue/Middle,1,Takeshi Ijuin,Gracie Barra
Asian Jiu-Jitsu IBJJF Championship 2015,Master4/Male/Blue/Middle,2,Deniz Yoshida,Infight Japan Jiu-Jitsu
Asian Jiu-Jitsu IBJJF Championship 2015,Master4/Male/Blue/Middle,3,Hayato Iwasaki,Carpe Diem
Asian Jiu-Jitsu IBJJF Championship 2015,Master4/Male/Blue/Heavy,1,Sergei Matveev,Gracie Barra
Asian Jiu-Jitsu IBJJF Championship 2015,Master4/Male/Blue/Heavy,2,Tooru Kinoshita,Suita Jiu-Jitsu
Asian Jiu-Jitsu IBJJF Championship 2015,Master4/Male/Blue/Ultra-Heavy,1,Francisco De Lima,Infight Japan Jiu-Jitsu
Asian Jiu-Jitsu IBJJF Championship 2015,Master4/Male/Blue/OpenClass,1,Sergei Matveev,Gracie Barra
Asian Jiu-Jitsu IBJJF Championship 2015,Master4/Male/Blue/OpenClass,2,Takeshi Ijuin,Gracie Barra
Asian Jiu-Jitsu IBJJF Championship 2015,Master4/Male/Blue/OpenClass,3,Deniz Yoshida,Infight Japan Jiu-Jitsu
Asian Jiu-Jitsu IBJJF Championship 2015,Master4/Male/Blue/OpenClass,3,Gabor Varkonyi,Carpe Diem
Asian Jiu-Jitsu IBJJF Championship 2015,Master4/Male/Purple/Rooster,1,Toru Yoshikawa,Fujita Jiu-Jitsu
Asian Jiu-Jitsu IBJJF Championship 2015,Master4/Male/Purple/Rooster,2,Hideki Taguchi,Paraestra
Asian Jiu-Jitsu IBJJF Championship 2015,Master4/Male/Purple/Feather,1,Youichi Koyama,Paraestra
Asian Jiu-Jitsu IBJJF Championship 2015,Master4/Male/Purple/Feather,2,Akira Kumagai,Grasco Jiu-Jitsu Academy
Asian Jiu-Jitsu IBJJF Championship 2015,Master4/Male/Purple/Light,1,Derek Alan Arculli,Alliance Los Angeles
Asian Jiu-Jitsu IBJJF Championship 2015,Master4/Male/Purple/Light,2,Takaaki Okamoto,Tk Jiu-Jitsu
Asian Jiu-Jitsu IBJJF Championship 2015,Master4/Male/Purple/Light,3,Noboru Okuda,X-Treme Jiu-Jitsu Academy
Asian Jiu-Jitsu IBJJF Championship 2015,Master4/Male/Purple/Medium-Heavy,1,Ii Seiji,Shooto Gym Roots
Asian Jiu-Jitsu IBJJF Championship 2015,Master4/Male/Purple/Heavy,1,Yong Jae Kim,KJ Competition Team
Asian Jiu-Jitsu IBJJF Championship 2015,Master4/Male/Purple/OpenClass,1,Ii Seiji,Shooto Gym Roots
Asian Jiu-Jitsu IBJJF Championship 2015,Master4/Male/Purple/OpenClass,2,Youichi Koyama,Paraestra
Asian Jiu-Jitsu IBJJF Championship 2015,Master4/Male/Purple/OpenClass,3,Takaaki Okamoto,Tk Jiu-Jitsu
Asian Jiu-Jitsu IBJJF Championship 2015,Master4/Male/Purple/OpenClass,3,Yong Jae Kim,KJ Competition Team
Asian Jiu-Jitsu IBJJF Championship 2015,Master4/Male/Brown/Feather,1,Fumio Nakajima,Tri-Force Jiu-Jitsu Academy
Asian Jiu-Jitsu IBJJF Championship 2015,Master4/Male/Brown/Feather,2,Ookawa Osamu,Paraestra
Asian Jiu-Jitsu IBJJF Championship 2015,Master4/Male/Brown/Feather,3,Hugo Cesar Ribeiro Yassaka,Infight Japan Jiu-Jitsu
Asian Jiu-Jitsu IBJJF Championship 2015,Master4/Male/Brown/OpenClass,1,Fumio Nakajima,Tri-Force Jiu-Jitsu Academy
Asian Jiu-Jitsu IBJJF Championship 2015,Master4/Male/Brown/OpenClass,2,Hugo Cesar Ribeiro Yassaka,Infight Japan Jiu-Jitsu
Asian Jiu-Jitsu IBJJF Championship 2015,Master4/Male/Black/Feather,1,Yoshihiro Fujita,Fujita Jiu-Jitsu
Asian Jiu-Jitsu IBJJF Championship 2015,Master4/Male/Black/Feather,2,Eiji Sano,Kyoto Nanige
Asian Jiu-Jitsu IBJJF Championship 2015,Master4/Male/Black/Light,1,Keisuke Masuzawa,Max Jiu Jitsu Academy
Asian Jiu-Jitsu IBJJF Championship 2015,Master4/Male/Black/Light,2,Akira Nishimura,Infight Japan Jiu-Jitsu
Asian Jiu-Jitsu IBJJF Championship 2015,Master4/Male/Black/Medium-Heavy,1,Peter A Lawson,Gracie Elite Team America
Asian Jiu-Jitsu IBJJF Championship 2015,Master4/Male/Black/Medium-Heavy,2,Michihiro Ohhara,Pogona Club Gym
Asian Jiu-Jitsu IBJJF Championship 2015,Master4/Male/Black/Super-Heavy,1,Takeshi Shinkawa,Suita Jiu-Jitsu
Asian Jiu-Jitsu IBJJF Championship 2015,Master4/Male/Black/OpenClass,1,Yoshihiro Fujita,Fujita Jiu-Jitsu
Asian Jiu-Jitsu IBJJF Championship 2015,Master4/Male/Black/OpenClass,2,Keisuke Masuzawa,Max Jiu Jitsu Academy
Asian Jiu-Jitsu IBJJF Championship 2015,Master4/Male/Black/OpenClass,3,Akira Nishimura,Infight Japan Jiu-Jitsu
Asian Jiu-Jitsu IBJJF Championship 2015,Master4/Male/Black/OpenClass,3,Eiji Sano,Kyoto Nanige
Asian Jiu-Jitsu IBJJF Championship 2015,Master5/Male/Purple/Feather,1,Charles Willen,Carpe Diem
Asian Jiu-Jitsu IBJJF Championship 2015,Master5/Male/Purple/Feather,2,Yoshiharu Takahashi,Shooto Gym K`z Factory
