Moscow No-GI International Open 2017,Adult/Male/Blue/Feather,1,Ruslan Safarbegovich Murtazaliev,Strela Team
Moscow No-GI International Open 2017,Adult/Male/Blue/Feather,2,Николай Санакоев,Ribeiro Jiu-Jitsu
Moscow No-GI International Open 2017,Adult/Male/Blue/Light,1,Gadzhimurad Alibekov,CheckMat World
Moscow No-GI International Open 2017,Adult/Male/Blue/Light,2,Dmitrii Kugaevskikh,Flow
Moscow No-GI International Open 2017,Adult/Male/Blue/Light,3,Dodarbek Rahmonov,Flow
Moscow No-GI International Open 2017,Adult/Male/Blue/Light,3,Виктор Владимирович Косицын,Gracie Barra
Moscow No-GI International Open 2017,Adult/Male/Blue/Middle,1,Dmitriy Yurkov,Jungle Brazilian Jiu-Jitsu
Moscow No-GI International Open 2017,Adult/Male/Blue/Middle,2,Renat Shaidaev,Strela Team
Moscow No-GI International Open 2017,Adult/Male/Blue/Middle,3,Aleksandr Usachev,Gracie Barra
Moscow No-GI International Open 2017,Adult/Male/Blue/Middle,3,Emil Janiyev,The Unit
Moscow No-GI International Open 2017,Adult/Male/Blue/Medium-Heavy,1,Vladimir Kotelnikov,Gracie Barra
Moscow No-GI International Open 2017,Adult/Male/Blue/Medium-Heavy,2,Aleksey Ivanovich Druzhinin,Gracie Barra
Moscow No-GI International Open 2017,Adult/Male/Blue/Medium-Heavy,3,Nikita Gostev,Flow
Moscow No-GI International Open 2017,Adult/Male/Blue/Medium-Heavy,3,Rashad Verdiyev,Flow
Moscow No-GI International Open 2017,Adult/Male/Blue/Heavy,1,Nikita Kuznetsov,Strela Team
Moscow No-GI International Open 2017,Adult/Male/Blue/Heavy,2,Artem Zeltyn-Abramov,Strela Team
Moscow No-GI International Open 2017,Adult/Male/Blue/Heavy,3,Alexandr Kuznetsov,Roy Dean International
Moscow No-GI International Open 2017,Adult/Male/Blue/Heavy,3,Grigory Pavlikov,Ribeiro Jiu-Jitsu
Moscow No-GI International Open 2017,Adult/Male/Blue/Enum_WeightDivision_OpenClass_Label,1,Ruslan Safarbegovich Murtazaliev,Strela Team
Moscow No-GI International Open 2017,Adult/Male/Blue/Enum_WeightDivision_OpenClass_Label,2,Artem Zeltyn-Abramov,Strela Team
Moscow No-GI International Open 2017,Adult/Male/Blue/Enum_WeightDivision_OpenClass_Label,3,Aleksandr Usachev,Gracie Barra
Moscow No-GI International Open 2017,Adult/Male/Blue/Enum_WeightDivision_OpenClass_Label,3,Aleksey Ivanovich Druzhinin,Gracie Barra
Moscow No-GI International Open 2017,Adult/Male/Purple/Feather,1,Almaz Ynusov,Flow
Moscow No-GI International Open 2017,Adult/Male/Purple/Feather,2,Beslan Garuev,Brasa
Moscow No-GI International Open 2017,Adult/Male/Purple/Feather,3,Dmitriy Sapelnikov,Gracie Barra
Moscow No-GI International Open 2017,Adult/Male/Purple/Light,1,Andrei Aleksandrovich Oktiabrinskii,Strela Team
Moscow No-GI International Open 2017,Adult/Male/Purple/Light,2,Pavel Rastrosa,Strela Team
Moscow No-GI International Open 2017,Adult/Male/Purple/Middle,1,Magomed Ansarov,Brasa
Moscow No-GI International Open 2017,Adult/Male/Purple/Medium-Heavy,1,Vadim Lupenko,Atos JJ International
Moscow No-GI International Open 2017,Adult/Male/Purple/Heavy,1,Łukasz Fengler,Gracie Barra
Moscow No-GI International Open 2017,Adult/Male/Purple/Enum_WeightDivision_OpenClass_Label,1,Magomed Ansarov,Brasa
Moscow No-GI International Open 2017,Adult/Male/Purple/Enum_WeightDivision_OpenClass_Label,2,Andrei Aleksandrovich Oktiabrinskii,Strela Team
Moscow No-GI International Open 2017,Adult/Male/Purple/Enum_WeightDivision_OpenClass_Label,3,Beslan Garuev,Brasa
Moscow No-GI International Open 2017,Adult/Male/Purple/Enum_WeightDivision_OpenClass_Label,3,Pavel Rastrosa,Strela Team
Moscow No-GI International Open 2017,Adult/Male/Brown/Heavy,1,Georgiy Yemelyanov,Strela Team
Moscow No-GI International Open 2017,Adult/Male/Brown/Heavy,2,Ivan Chumakov,Ribeiro Jiu-Jitsu
Moscow No-GI International Open 2017,Adult/Male/Brown/Enum_WeightDivision_OpenClass_Label,1,Georgiy Yemelyanov,Strela Team
Moscow No-GI International Open 2017,Adult/Male/Brown/Enum_WeightDivision_OpenClass_Label,2,Ivan Chumakov,Ribeiro Jiu-Jitsu
Moscow No-GI International Open 2017,Adult/Male/Black/Medium-Heavy,1,Rinat Kashaev,Climent club
Moscow No-GI International Open 2017,Adult/Male/Black/Super-Heavy,1,Marek Pawel Zbrog,Gracie Barra
Moscow No-GI International Open 2017,Adult/Male/Black/Enum_WeightDivision_OpenClass_Label,1,Jackson Sousa dos Santos,CheckMat
Moscow No-GI International Open 2017,Adult/Male/Black/Enum_WeightDivision_OpenClass_Label,2,Rinat Kashaev,Climent club
Moscow No-GI International Open 2017,Adult/Female/Blue/Middle,1,Emelie Barwe Callas,Art of Roll
Moscow No-GI International Open 2017,Adult/Female/Blue/Enum_WeightDivision_OpenClass_Label,1,Emelie Barwe Callas,Art of Roll
Moscow No-GI International Open 2017,Master1/Male/Blue/Light-Feather,1,Mikhail Aronov,Stone Fight
Moscow No-GI International Open 2017,Master1/Male/Blue/Light-Feather,2,Nikolay Eremin,Roy Dean International
Moscow No-GI International Open 2017,Master1/Male/Blue/Light,1,Александр Казунин,Roy Dean International
Moscow No-GI International Open 2017,Master1/Male/Blue/Light,2,Andrey Viktorovich Vychegzhanin,BHJJC - Russia
Moscow No-GI International Open 2017,Master1/Male/Blue/Light,3,Alexander Shniyagin,BJJ Globetrotters
Moscow No-GI International Open 2017,Master1/Male/Blue/Light,3,Emin Elchin Asadov,Corvos
Moscow No-GI International Open 2017,Master1/Male/Blue/Middle,1,Kamil Gojayev,Alexandre Odebrecht BJJ Team Dubai
Moscow No-GI International Open 2017,Master1/Male/Blue/Middle,2,Nikolay Makhonin,Ribeiro Jiu-Jitsu
Moscow No-GI International Open 2017,Master1/Male/Blue/Medium-Heavy,1,Alex Sandro Martins de Oliveira,Art of Roll
Moscow No-GI International Open 2017,Master1/Male/Blue/Medium-Heavy,2,Sergey Andreyenkov,Strela Team
Moscow No-GI International Open 2017,Master1/Male/Blue/Heavy,1,Alexander Nikitin,GF Team Russia
Moscow No-GI International Open 2017,Master1/Male/Blue/Ultra-Heavy,1,Denis Soshilov,Strela Team
Moscow No-GI International Open 2017,Master1/Male/Blue/Ultra-Heavy,2,Azamat Otarov,Alliance International
Moscow No-GI International Open 2017,Master1/Male/Blue/Enum_WeightDivision_OpenClass_Label,1,Emin Elchin Asadov,Corvos
Moscow No-GI International Open 2017,Master1/Male/Blue/Enum_WeightDivision_OpenClass_Label,2,Alexander Shniyagin,BJJ Globetrotters
Moscow No-GI International Open 2017,Master1/Male/Blue/Enum_WeightDivision_OpenClass_Label,3,Alexander Nikitin,GF Team Russia
Moscow No-GI International Open 2017,Master1/Male/Blue/Enum_WeightDivision_OpenClass_Label,3,Andrey Viktorovich Vychegzhanin,BHJJC - Russia
Moscow No-GI International Open 2017,Master1/Male/Purple/Medium-Heavy,1,Viacheskav Sorokoletov,Stone Fight
Moscow No-GI International Open 2017,Master1/Male/Black/Heavy,1,Bruno Emanoel M. de Oliveira,GF Team International
Moscow No-GI International Open 2017,Master1/Male/Black/Super-Heavy,1,Algimants Kontauts,Gracie Barra
Moscow No-GI International Open 2017,Master1/Male/Black/Enum_WeightDivision_OpenClass_Label,1,Algimants Kontauts,Gracie Barra
Moscow No-GI International Open 2017,Master1/Male/Black/Enum_WeightDivision_OpenClass_Label,2,Bruno Emanoel M. de Oliveira,GF Team International
Moscow No-GI International Open 2017,Master2/Male/Blue/Light,1,Francesco Mininni,Checkmat San Benedetto del Tronto
Moscow No-GI International Open 2017,Master2/Male/Blue/Middle,1,Vladimir Y. Skuinsh,Stone Fight
Moscow No-GI International Open 2017,Master2/Male/Blue/Middle,2,Alexander Nikonorov,Ribeiro Jiu-Jitsu
Moscow No-GI International Open 2017,Master2/Male/Blue/Middle,3,Vadim Hazov,CheckMat World
Moscow No-GI International Open 2017,Master2/Male/Blue/Super-Heavy,1,Konstantin Starov,Strela Team
Moscow No-GI International Open 2017,Master2/Male/Blue/Super-Heavy,2,Nikolay Semechkov,BHJJC - Russia
Moscow No-GI International Open 2017,Master2/Male/Blue/Ultra-Heavy,1,Oleksandr Soboliev,BJJ Globetrotters
Moscow No-GI International Open 2017,Master2/Male/Blue/Enum_WeightDivision_OpenClass_Label,1,Oleksandr Soboliev,BJJ Globetrotters
Moscow No-GI International Open 2017,Master2/Male/Blue/Enum_WeightDivision_OpenClass_Label,2,Konstantin Starov,Strela Team
Moscow No-GI International Open 2017,Master2/Male/Blue/Enum_WeightDivision_OpenClass_Label,3,Francesco Mininni,Checkmat San Benedetto del Tronto
Moscow No-GI International Open 2017,Master2/Male/Purple/Feather,1,Franco Sergiu,A-Force Brazilian Jiu-Jitsu International
Moscow No-GI International Open 2017,Master2/Male/Purple/Medium-Heavy,1,Sergey Shevchuk,Strela Team
Moscow No-GI International Open 2017,Master2/Male/Purple/Enum_WeightDivision_OpenClass_Label,1,Sergey Shevchuk,Strela Team
Moscow No-GI International Open 2017,Master2/Male/Black/Feather,1,Ginaldo Gomes de Souza,Nordeste Fight
Moscow No-GI International Open 2017,Master2/Male/Black/Medium-Heavy,1,Eduardo Bittencourt Hernandes,Alliance International
