Brasileiro de Equipes 2015 - Chaves,Juvenile/Male/Blue/Light,1,GF Team,GF Team
Brasileiro de Equipes 2015 - Chaves,Juvenile/Male/Blue/Light,2,Zenith BJJ,Zenith BJJ
Brasileiro de Equipes 2015 - Chaves,Juvenile/Male/Blue/Light,3,Associação Oriente,Associação Oriente
Brasileiro de Equipes 2015 - Chaves,Juvenile/Male/Blue/Light,3,Nova União,Nova União
Brasileiro de Equipes 2015 - Chaves,Juvenile/Male/Blue/Heavy,1,PSLPB Cicero Costha,PSLPB Cicero Costha
Brasileiro de Equipes 2015 - Chaves,Juvenile/Male/Blue/Heavy,2,Infight Jiu Jitsu,Infight Jiu-Jitsu
Brasileiro de Equipes 2015 - Chaves,Juvenile/Male/Blue/Heavy,3,Ryan Gracie Team,Ryan Gracie Team
Brasileiro de Equipes 2015 - Chaves,Juvenile/Male/Blue/Heavy,3,Zenith BJJ,Zenith BJJ
Brasileiro de Equipes 2015 - Chaves,Adult/Male/White/Light,1,GF Team,GF Team
Brasileiro de Equipes 2015 - Chaves,Adult/Male/White/Light,2,Gracie Barra,Gracie Barra
Brasileiro de Equipes 2015 - Chaves,Adult/Male/White/Light,3,Akxe BJJ,Akxe BJJ
Brasileiro de Equipes 2015 - Chaves,Adult/Male/White/Light,3,Carlson Gracie Clube,Carlson Gracie Clube
Brasileiro de Equipes 2015 - Chaves,Adult/Male/White/Heavy,1,GF Team,GF Team
Brasileiro de Equipes 2015 - Chaves,Adult/Male/White/Heavy,2,Game Fight BJJ/Manimal,Game Fight BJJ/Manimal
Brasileiro de Equipes 2015 - Chaves,Adult/Male/Blue/Light,1,Gracie Barra,Gracie Barra
Brasileiro de Equipes 2015 - Chaves,Adult/Male/Blue/Light,2,PSLPB Cicero Costha,PSLPB Cicero Costha
Brasileiro de Equipes 2015 - Chaves,Adult/Male/Blue/Light,3,Game Fight BJJ/Manimal,Game Fight BJJ/Manimal
Brasileiro de Equipes 2015 - Chaves,Adult/Male/Blue/Light,3,GF Team,GF Team
Brasileiro de Equipes 2015 - Chaves,Adult/Male/Blue/Middle,1,Nova União,Nova União
Brasileiro de Equipes 2015 - Chaves,Adult/Male/Blue/Middle,2,Gordo Jiu Jitsu,Gordo Jiu-Jitsu
Brasileiro de Equipes 2015 - Chaves,Adult/Male/Blue/Middle,3,Equipe Marcio Rodrigues,CT MR
Brasileiro de Equipes 2015 - Chaves,Adult/Male/Blue/Middle,3,Gracie Barra,Gracie Barra
Brasileiro de Equipes 2015 - Chaves,Adult/Male/Blue/Heavy,1,GF Team,GF Team
Brasileiro de Equipes 2015 - Chaves,Adult/Male/Blue/Heavy,2,Gracie Barra,Gracie Barra
Brasileiro de Equipes 2015 - Chaves,Adult/Male/Blue/Heavy,3,Ryan Gracie Team,Ryan Gracie Team
Brasileiro de Equipes 2015 - Chaves,Adult/Male/Blue/Heavy,3,Welton Ribeiro,Welton Ribeiro
Brasileiro de Equipes 2015 - Chaves,Adult/Female/Blue/Light,1,GF Team,GF Team
Brasileiro de Equipes 2015 - Chaves,Adult/Female/Blue/Light,2,Equipe Marcio Rodrigues,CT MR
Brasileiro de Equipes 2015 - Chaves,Adult/Female/Blue/Light,3,Game Fight BJJ/Manimal,Game Fight BJJ/Manimal
Brasileiro de Equipes 2015 - Chaves,Adult/Female/Blue/Light,3,Ryan Gracie Team,Ryan Gracie Team
Brasileiro de Equipes 2015 - Chaves,Adult/Female/Blue/Heavy,1,GF Team,GF Team
Brasileiro de Equipes 2015 - Chaves,Adult/Female/Blue/Heavy,2,Ryan Gracie Team,Ryan Gracie Team
Brasileiro de Equipes 2015 - Chaves,Adult/Female/Blue/Heavy,3,Game Fight BJJ/Manimal,Game Fight BJJ/Manimal
Brasileiro de Equipes 2015 - Chaves,Adult/Male/Purple/Light,1,PSLPB Cicero Costha,PSLPB Cicero Costha
Brasileiro de Equipes 2015 - Chaves,Adult/Male/Purple/Light,2,GF Team,GF Team
Brasileiro de Equipes 2015 - Chaves,Adult/Male/Purple/Light,3,Nova União,Nova União
Brasileiro de Equipes 2015 - Chaves,Adult/Male/Purple/Light,3,Soul Fighters BJJ,Soul Fighters BJJ
Brasileiro de Equipes 2015 - Chaves,Adult/Male/Purple/Middle,1,Ryan Gracie Team,Ryan Gracie Team
Brasileiro de Equipes 2015 - Chaves,Adult/Male/Purple/Middle,2,GF Team,GF Team
Brasileiro de Equipes 2015 - Chaves,Adult/Male/Purple/Middle,3,Gracie Humaita,Gracie Humaita
Brasileiro de Equipes 2015 - Chaves,Adult/Male/Purple/Middle,3,PSLPB Cicero Costha,PSLPB Cicero Costha
Brasileiro de Equipes 2015 - Chaves,Adult/Male/Purple/Heavy,1,Zenith BJJ,Zenith BJJ
Brasileiro de Equipes 2015 - Chaves,Adult/Male/Purple/Heavy,2,Gracie Barra,Gracie Barra
Brasileiro de Equipes 2015 - Chaves,Adult/Male/Purple/Heavy,3,Academia Pitbull,Academia Pitbull
Brasileiro de Equipes 2015 - Chaves,Adult/Male/Purple/Heavy,3,GF Team,GF Team
Brasileiro de Equipes 2015 - Chaves,Adult/Female/Purple/Light,1,GF Team,GF Team
Brasileiro de Equipes 2015 - Chaves,Master1/Male/White/Light,1,,GF Team
Brasileiro de Equipes 2015 - Chaves,Master1/Male/White/Light,2,Soul Fighters BJJ / Ares BJJ,Soul Fighters BJJ
Brasileiro de Equipes 2015 - Chaves,Master1/Male/White/Light,3,Game Fight BJJ/Manimal,Game Fight BJJ/Manimal
Brasileiro de Equipes 2015 - Chaves,Master1/Male/White/Light,3,Gracie Barra,Gracie Barra
Brasileiro de Equipes 2015 - Chaves,Master1/Male/White/Heavy,1,Nova União,Nova União
Brasileiro de Equipes 2015 - Chaves,Master1/Male/White/Heavy,2,GF Team,GF Team
Brasileiro de Equipes 2015 - Chaves,Master1/Male/White/Heavy,3,Gracie Barra,Gracie Barra
Brasileiro de Equipes 2015 - Chaves,Master1/Male/White/Heavy,3,Nova União/NU,Nova União/NU
