Boston Spring International Open IBJJF Jiu-Jitsu Championship 2018,Adult/Male/White/Light-Feather,1,Kade Logan Shipley,GF Team
Boston Spring International Open IBJJF Jiu-Jitsu Championship 2018,Adult/Male/White/Light-Feather,2,Tariq Simmons,GF Team
Boston Spring International Open IBJJF Jiu-Jitsu Championship 2018,Adult/Male/White/Light-Feather,3,Alwin Joy,Gracie Barra
Boston Spring International Open IBJJF Jiu-Jitsu Championship 2018,Adult/Male/White/Light-Feather,3,Matthew Ian Carney,Massachusetts Brazilian Jiu Jitsu
Boston Spring International Open IBJJF Jiu-Jitsu Championship 2018,Adult/Male/White/Feather,1,Jimmy Kendall,Fenix BJJ
Boston Spring International Open IBJJF Jiu-Jitsu Championship 2018,Adult/Male/White/Feather,2,Jason Robert Stuedemann,Brasa
Boston Spring International Open IBJJF Jiu-Jitsu Championship 2018,Adult/Male/White/Feather,3,Ashwath Rao,Carlson Gracie Team
Boston Spring International Open IBJJF Jiu-Jitsu Championship 2018,Adult/Male/White/Feather,3,Juan Fillebrown,Icon Jiu-Jitsu Team - USA
Boston Spring International Open IBJJF Jiu-Jitsu Championship 2018,Adult/Male/White/Light,1,Joseph Medeiros,Icon Jiu-Jitsu Team - USA
Boston Spring International Open IBJJF Jiu-Jitsu Championship 2018,Adult/Male/White/Light,2,Cesar Hagopian,Kimura BJJ USA
Boston Spring International Open IBJJF Jiu-Jitsu Championship 2018,Adult/Male/White/Light,3,Joshua Michael Castro Tenorio,Zenith BJJ - USA
Boston Spring International Open IBJJF Jiu-Jitsu Championship 2018,Adult/Male/White/Light,3,Patrick Ian McCarty,Zenith BJJ
Boston Spring International Open IBJJF Jiu-Jitsu Championship 2018,Adult/Male/White/Middle,1,Jackson Schultz,Carlson Gracie Team
Boston Spring International Open IBJJF Jiu-Jitsu Championship 2018,Adult/Male/White/Middle,2,Joshua Eric John Smith,Brazilian Top Team
Boston Spring International Open IBJJF Jiu-Jitsu Championship 2018,Adult/Male/White/Middle,3,Marcos Ramos Silva,Brazil 021 International
Boston Spring International Open IBJJF Jiu-Jitsu Championship 2018,Adult/Male/White/Middle,3,Vladimir Vihrenov Valchev,Gracie Barra JJ
Boston Spring International Open IBJJF Jiu-Jitsu Championship 2018,Adult/Male/White/Medium-Heavy,1,Hagop Keshishyan,Kimura BJJ USA
Boston Spring International Open IBJJF Jiu-Jitsu Championship 2018,Adult/Male/White/Medium-Heavy,2,Ian Kulac,Gracie Barra New England
Boston Spring International Open IBJJF Jiu-Jitsu Championship 2018,Adult/Male/White/Medium-Heavy,3,Matheus Vinicius Villaça,Brazil 021 International
Boston Spring International Open IBJJF Jiu-Jitsu Championship 2018,Adult/Male/White/Medium-Heavy,3,Tyler Fish,Aaron Blake Brazilian Jiu-Jitsu
Boston Spring International Open IBJJF Jiu-Jitsu Championship 2018,Adult/Male/White/Heavy,1,Louis Charles Loeb,New England United BJJ
Boston Spring International Open IBJJF Jiu-Jitsu Championship 2018,Adult/Male/White/Heavy,2,Gregory Manaku Ishihara,New England United BJJ
Boston Spring International Open IBJJF Jiu-Jitsu Championship 2018,Adult/Male/White/Heavy,3,Mark Davison,Fenix BJJ
Boston Spring International Open IBJJF Jiu-Jitsu Championship 2018,Adult/Male/White/Heavy,3,Thomas Frellick,Brazilian Top Team
Boston Spring International Open IBJJF Jiu-Jitsu Championship 2018,Adult/Male/White/Super-Heavy,1,Clifton Wright,Team Link
Boston Spring International Open IBJJF Jiu-Jitsu Championship 2018,Adult/Male/White/Super-Heavy,2,Daniel James Sayer,Ginsberg Academy of Brazilian Jiu Jitsu
Boston Spring International Open IBJJF Jiu-Jitsu Championship 2018,Adult/Male/White/Super-Heavy,3,Carlos Andres Ordonez,GF Team
Boston Spring International Open IBJJF Jiu-Jitsu Championship 2018,Adult/Male/White/Super-Heavy,3,Zakaria Azeggouar Wallen,Brazilian Top Team
Boston Spring International Open IBJJF Jiu-Jitsu Championship 2018,Adult/Male/Blue/Rooster,1,Garcia Almeida,GF Team
Boston Spring International Open IBJJF Jiu-Jitsu Championship 2018,Adult/Male/Blue/Light-Feather,1,David Bannan,GF Team
Boston Spring International Open IBJJF Jiu-Jitsu Championship 2018,Adult/Male/Blue/Light-Feather,2,Raymundo Gonzalez,Clockwork Jiu-Jitsu
Boston Spring International Open IBJJF Jiu-Jitsu Championship 2018,Adult/Male/Blue/Light-Feather,3,Aristides Araujo,Fenix BJJ
Boston Spring International Open IBJJF Jiu-Jitsu Championship 2018,Adult/Male/Blue/Light-Feather,3,Daniel Peter,Gracie Barra
Boston Spring International Open IBJJF Jiu-Jitsu Championship 2018,Adult/Male/Blue/Feather,1,Damien Ruffy,Team Link
Boston Spring International Open IBJJF Jiu-Jitsu Championship 2018,Adult/Male/Blue/Feather,2,Gavin Mikhail Corbe,Luiz Palhares Jiu Jitsu
Boston Spring International Open IBJJF Jiu-Jitsu Championship 2018,Adult/Male/Blue/Feather,3,Luke Chomyszak,Carlos Neto BJJ
Boston Spring International Open IBJJF Jiu-Jitsu Championship 2018,Adult/Male/Blue/Feather,3,renxuan liu,Carlos Neto BJJ B Team
Boston Spring International Open IBJJF Jiu-Jitsu Championship 2018,Adult/Male/Blue/Light,1,Adrian Berg,Gracie Barra
Boston Spring International Open IBJJF Jiu-Jitsu Championship 2018,Adult/Male/Blue/Light,2,Timothy George Halaby,Gracie Barra
Boston Spring International Open IBJJF Jiu-Jitsu Championship 2018,Adult/Male/Blue/Light,3,James A. Serra,Renzo Gracie Newark
Boston Spring International Open IBJJF Jiu-Jitsu Championship 2018,Adult/Male/Blue/Light,3,Ramano Medina,Ginsberg Academy of Brazilian Jiu Jitsu
Boston Spring International Open IBJJF Jiu-Jitsu Championship 2018,Adult/Male/Blue/Middle,1,Ryan J Gilligan,New England United BJJ
Boston Spring International Open IBJJF Jiu-Jitsu Championship 2018,Adult/Male/Blue/Middle,2,Rich Santos Romaine,Soul Fighters BJJ Connecticut
Boston Spring International Open IBJJF Jiu-Jitsu Championship 2018,Adult/Male/Blue/Middle,3,Frashley Paula,EBJJ - Lowell
Boston Spring International Open IBJJF Jiu-Jitsu Championship 2018,Adult/Male/Blue/Middle,3,Justus Copeland,Alliance
Boston Spring International Open IBJJF Jiu-Jitsu Championship 2018,Adult/Male/Blue/Medium-Heavy,1,Treden Simon,Body of Four
Boston Spring International Open IBJJF Jiu-Jitsu Championship 2018,Adult/Male/Blue/Medium-Heavy,2,Shea Quill,New England United BJJ
Boston Spring International Open IBJJF Jiu-Jitsu Championship 2018,Adult/Male/Blue/Medium-Heavy,3,Alexander Ian Bosque,Carvalho BJJ Academy
Boston Spring International Open IBJJF Jiu-Jitsu Championship 2018,Adult/Male/Blue/Medium-Heavy,3,Patrick  Dillon,Alliance
Boston Spring International Open IBJJF Jiu-Jitsu Championship 2018,Adult/Male/Blue/Heavy,1,José Miguel Díaz Ureña,CheckMat
Boston Spring International Open IBJJF Jiu-Jitsu Championship 2018,Adult/Male/Blue/Heavy,2,Michael Barr,Atos Jiu-Jitsu
Boston Spring International Open IBJJF Jiu-Jitsu Championship 2018,Adult/Male/Blue/Heavy,3,Callum Martin McGeeney,Carlson Gracie Team
Boston Spring International Open IBJJF Jiu-Jitsu Championship 2018,Adult/Male/Blue/Heavy,3,Peter Hailer,Danny Savery BJJ / New England United
Boston Spring International Open IBJJF Jiu-Jitsu Championship 2018,Adult/Male/Blue/Super-Heavy,1,Christopher Palmer,Zenith BJJ - USA
Boston Spring International Open IBJJF Jiu-Jitsu Championship 2018,Adult/Male/Blue/Super-Heavy,2,Ryan Cassidy,Fenix BJJ
Boston Spring International Open IBJJF Jiu-Jitsu Championship 2018,Adult/Male/Blue/Super-Heavy,3,Jack Nottage,Zenith BJJ - USA
Boston Spring International Open IBJJF Jiu-Jitsu Championship 2018,Adult/Male/Blue/Super-Heavy,3,Jesse Davis,Team Link
Boston Spring International Open IBJJF Jiu-Jitsu Championship 2018,Adult/Male/Blue/Ultra-Heavy,1,Thomas Finnucan,Danilo Cherman BJJ
Boston Spring International Open IBJJF Jiu-Jitsu Championship 2018,Adult/Male/Blue/Ultra-Heavy,2,Andre-Luiz Ribeiro Silva,Juniko'
Boston Spring International Open IBJJF Jiu-Jitsu Championship 2018,Adult/Male/Blue/Ultra-Heavy,3,Eddie Gomez,Alliance
Boston Spring International Open IBJJF Jiu-Jitsu Championship 2018,Adult/Male/Blue/Ultra-Heavy,3,Everett Vaccaro,East Coast United BJJ
Boston Spring International Open IBJJF Jiu-Jitsu Championship 2018,Adult/Male/Blue/OpenClass,1,José Miguel Díaz Ureña,CheckMat
Boston Spring International Open IBJJF Jiu-Jitsu Championship 2018,Adult/Male/Blue/OpenClass,2,Peter Hailer,Danny Savery BJJ / New England United
Boston Spring International Open IBJJF Jiu-Jitsu Championship 2018,Adult/Male/Blue/OpenClass,3,Aristides Araujo,Fenix BJJ
Boston Spring International Open IBJJF Jiu-Jitsu Championship 2018,Adult/Male/Blue/OpenClass,3,Justus Copeland,Alliance
Boston Spring International Open IBJJF Jiu-Jitsu Championship 2018,Adult/Male/Purple/Light-Feather,1,Gabriel Vieira de Sá Bottino Gaudio,GF Team
Boston Spring International Open IBJJF Jiu-Jitsu Championship 2018,Adult/Male/Purple/Light-Feather,2,Mikey Waters,Vamos Brazilian Jiu Jitsu
Boston Spring International Open IBJJF Jiu-Jitsu Championship 2018,Adult/Male/Purple/Light-Feather,3,Adam Roy,New England United BJJ
Boston Spring International Open IBJJF Jiu-Jitsu Championship 2018,Adult/Male/Purple/Light-Feather,3,John Eugene Stapleton,GF Team
Boston Spring International Open IBJJF Jiu-Jitsu Championship 2018,Adult/Male/Purple/Feather,1,Israel de Sousa Almeida,GF Team
Boston Spring International Open IBJJF Jiu-Jitsu Championship 2018,Adult/Male/Purple/Feather,2,Jobany Rosario,Clockwork Jiu-Jitsu
Boston Spring International Open IBJJF Jiu-Jitsu Championship 2018,Adult/Male/Purple/Feather,3,Andy Kong Pak Wing,Brazilian Top Team
Boston Spring International Open IBJJF Jiu-Jitsu Championship 2018,Adult/Male/Purple/Feather,3,Vinícius da Silva Pereira,Brazil 021 International
Boston Spring International Open IBJJF Jiu-Jitsu Championship 2018,Adult/Male/Purple/Light,1,Lorram Da Cruz Esteves,Soul Fighters BJJ Tijuca
Boston Spring International Open IBJJF Jiu-Jitsu Championship 2018,Adult/Male/Purple/Light,2,Chris-Anthony D. Thompson,GF Team
Boston Spring International Open IBJJF Jiu-Jitsu Championship 2018,Adult/Male/Purple/Light,3,Gregory Batista Paulino,Renzo Gracie Newark
Boston Spring International Open IBJJF Jiu-Jitsu Championship 2018,Adult/Male/Purple/Light,3,Ricardo Costa,Alliance
Boston Spring International Open IBJJF Jiu-Jitsu Championship 2018,Adult/Male/Purple/Middle,1,Michael Sheehan,Jiu-Jitsu For Life Team
Boston Spring International Open IBJJF Jiu-Jitsu Championship 2018,Adult/Male/Purple/Middle,2,Brian Backhaus,Team Link
Boston Spring International Open IBJJF Jiu-Jitsu Championship 2018,Adult/Male/Purple/Middle,3,Dan Kaufman,Cascao Jiu-Jitsu
Boston Spring International Open IBJJF Jiu-Jitsu Championship 2018,Adult/Male/Purple/Middle,3,Kevin Tiger Shay,Juniko'
Boston Spring International Open IBJJF Jiu-Jitsu Championship 2018,Adult/Male/Purple/Medium-Heavy,1,Dmitry Latyshkin,Carlson Gracie Team
Boston Spring International Open IBJJF Jiu-Jitsu Championship 2018,Adult/Male/Purple/Medium-Heavy,2,Brad Schneider,Relson Gracie
Boston Spring International Open IBJJF Jiu-Jitsu Championship 2018,Adult/Male/Purple/Medium-Heavy,3,Alysson dos Santos,GF Team
Boston Spring International Open IBJJF Jiu-Jitsu Championship 2018,Adult/Male/Purple/Medium-Heavy,3,Felipe  Goncalves,GF Team
Boston Spring International Open IBJJF Jiu-Jitsu Championship 2018,Adult/Male/Purple/Heavy,1,Michaël Roy,Sampa BJJ International
Boston Spring International Open IBJJF Jiu-Jitsu Championship 2018,Adult/Male/Purple/Heavy,2,Chris  White,Fenix BJJ
Boston Spring International Open IBJJF Jiu-Jitsu Championship 2018,Adult/Male/Purple/Heavy,3,Levi de Moura Guimarães,Brazilian Top Team
Boston Spring International Open IBJJF Jiu-Jitsu Championship 2018,Adult/Male/Purple/Heavy,3,Victor A. Miranda Alves,Alliance
Boston Spring International Open IBJJF Jiu-Jitsu Championship 2018,Adult/Male/Purple/Ultra-Heavy,1,João Paulo Costa Fonseca,Gracie Barra
Boston Spring International Open IBJJF Jiu-Jitsu Championship 2018,Adult/Male/Purple/Ultra-Heavy,2,Omar Qusrawi,Combat Sports Boston
Boston Spring International Open IBJJF Jiu-Jitsu Championship 2018,Adult/Male/Purple/OpenClass,1,Israel de Sousa Almeida,GF Team
Boston Spring International Open IBJJF Jiu-Jitsu Championship 2018,Adult/Male/Purple/OpenClass,2,Michaël Roy,Sampa BJJ International
Boston Spring International Open IBJJF Jiu-Jitsu Championship 2018,Adult/Male/Purple/OpenClass,3,Michael Sheehan,Jiu-Jitsu For Life Team
Boston Spring International Open IBJJF Jiu-Jitsu Championship 2018,Adult/Male/Purple/OpenClass,3,Omar Qusrawi,Combat Sports Boston
Boston Spring International Open IBJJF Jiu-Jitsu Championship 2018,Adult/Male/Brown/Light-Feather,1,Edwin Ocasio,Unity Jiu-jitsu
Boston Spring International Open IBJJF Jiu-Jitsu Championship 2018,Adult/Male/Brown/Light-Feather,2,Aaron  Benzrihem,Alliance
Boston Spring International Open IBJJF Jiu-Jitsu Championship 2018,Adult/Male/Brown/Light-Feather,3,Kyle Huang,Atos Jiu-Jitsu
Boston Spring International Open IBJJF Jiu-Jitsu Championship 2018,Adult/Male/Brown/Feather,1,Deandre Villarama Corbe,Luiz Palhares Jiu Jitsu
Boston Spring International Open IBJJF Jiu-Jitsu Championship 2018,Adult/Male/Brown/Feather,2,Francis Quinn,Brazilian Top Team
Boston Spring International Open IBJJF Jiu-Jitsu Championship 2018,Adult/Male/Brown/Light,1,Rodrigo Alonso,Gracie Barra
Boston Spring International Open IBJJF Jiu-Jitsu Championship 2018,Adult/Male/Brown/Light,2,Nicholas S Salles,Alliance
Boston Spring International Open IBJJF Jiu-Jitsu Championship 2018,Adult/Male/Brown/Light,3,Graham Peckham,Action and Reaction Mixed Martial Arts
Boston Spring International Open IBJJF Jiu-Jitsu Championship 2018,Adult/Male/Brown/Light,3,Isaiah Vicens,Soul Fighters BJJ Connecticut
Boston Spring International Open IBJJF Jiu-Jitsu Championship 2018,Adult/Male/Brown/Middle,1,Marcus Johnson,Alliance Marcelo Garcia
Boston Spring International Open IBJJF Jiu-Jitsu Championship 2018,Adult/Male/Brown/Middle,2,Gialysson Adão Silva Freitas,GF Team
Boston Spring International Open IBJJF Jiu-Jitsu Championship 2018,Adult/Male/Brown/Middle,3,Gray Hendershot,Guerrilla Jiu Jitsu
Boston Spring International Open IBJJF Jiu-Jitsu Championship 2018,Adult/Male/Brown/Middle,3,Juan Carlos  Lopez Armendariz,Alliance
Boston Spring International Open IBJJF Jiu-Jitsu Championship 2018,Adult/Male/Brown/Medium-Heavy,1,Patrick I. Hemenway,Pellegrino Mixed Martial Arts
Boston Spring International Open IBJJF Jiu-Jitsu Championship 2018,Adult/Male/Brown/Medium-Heavy,2,Joel Travis Jacquard,Alliance Marcelo Garcia International
Boston Spring International Open IBJJF Jiu-Jitsu Championship 2018,Adult/Male/Brown/Medium-Heavy,3,Nikolas H. Argentinis,Juniko'
Boston Spring International Open IBJJF Jiu-Jitsu Championship 2018,Adult/Male/Brown/Heavy,1,Felipe Rocha,Atos Jiu-Jitsu
Boston Spring International Open IBJJF Jiu-Jitsu Championship 2018,Adult/Male/Brown/Heavy,2,David Rodriguez,Carlson Gracie Team
Boston Spring International Open IBJJF Jiu-Jitsu Championship 2018,Adult/Male/Brown/Heavy,3,Hayeden Bye,Brazilian Top Team
Boston Spring International Open IBJJF Jiu-Jitsu Championship 2018,Adult/Male/Brown/Super-Heavy,1,Andre  Grandbois,Jiu-Jitsu For Life Team
Boston Spring International Open IBJJF Jiu-Jitsu Championship 2018,Adult/Male/Brown/Super-Heavy,2,Efstathios Casternopoulos,Zenith BJJ - Las Vegas
Boston Spring International Open IBJJF Jiu-Jitsu Championship 2018,Adult/Male/Brown/Super-Heavy,3,Quentin E. Leahy,Renzo Gracie Academy
Boston Spring International Open IBJJF Jiu-Jitsu Championship 2018,Adult/Male/Brown/OpenClass,1,Francis Quinn,Brazilian Top Team
Boston Spring International Open IBJJF Jiu-Jitsu Championship 2018,Adult/Male/Brown/OpenClass,2,Andre  Grandbois,Jiu-Jitsu For Life Team
Boston Spring International Open IBJJF Jiu-Jitsu Championship 2018,Adult/Male/Brown/OpenClass,3,Isaiah Vicens,Soul Fighters BJJ Connecticut
Boston Spring International Open IBJJF Jiu-Jitsu Championship 2018,Adult/Male/Brown/OpenClass,3,Quentin E. Leahy,Renzo Gracie Academy
Boston Spring International Open IBJJF Jiu-Jitsu Championship 2018,Adult/Male/Black/Rooster,1,Kristian R Woodmansee,Atos Jiu-Jitsu
Boston Spring International Open IBJJF Jiu-Jitsu Championship 2018,Adult/Male/Black/Rooster,2,Eduardo Barboza da Silva,GF Team
Boston Spring International Open IBJJF Jiu-Jitsu Championship 2018,Adult/Male/Black/Feather,1,Gianni Paul Grippo,Alliance
Boston Spring International Open IBJJF Jiu-Jitsu Championship 2018,Adult/Male/Black/Feather,2,Matheus Evangelista Gonzaga,Alliance
Boston Spring International Open IBJJF Jiu-Jitsu Championship 2018,Adult/Male/Black/Feather,3,Brian Mahecha,American Top Team
Boston Spring International Open IBJJF Jiu-Jitsu Championship 2018,Adult/Male/Black/Feather,3,Tiago Alves Ribeiro,New England United BJJ
Boston Spring International Open IBJJF Jiu-Jitsu Championship 2018,Adult/Male/Black/Light,1,Alexandre Faria Molinaro,Carlson Gracie Team
Boston Spring International Open IBJJF Jiu-Jitsu Championship 2018,Adult/Male/Black/Light,2,Rodrigo Lamounier de Freitas,Rodrigo Freitas Brazilian Jiu-Jitsu
Boston Spring International Open IBJJF Jiu-Jitsu Championship 2018,Adult/Male/Black/Light,3,Kauan Argimon Barboza,Carlson Gracie Team
Boston Spring International Open IBJJF Jiu-Jitsu Championship 2018,Adult/Male/Black/Light,3,Kevin Javier Mahecha,American Top Team
Boston Spring International Open IBJJF Jiu-Jitsu Championship 2018,Adult/Male/Black/Middle,1,Gabriel Procópio da Fonseca,Brazilian Top Team
Boston Spring International Open IBJJF Jiu-Jitsu Championship 2018,Adult/Male/Black/Middle,2,Rolando Villanueva Samson,Atos Jiu-Jitsu
Boston Spring International Open IBJJF Jiu-Jitsu Championship 2018,Adult/Male/Black/Middle,3,Renan Borges,New England United BJJ
Boston Spring International Open IBJJF Jiu-Jitsu Championship 2018,Adult/Male/Black/Middle,3,Sean Patrick Fisher,Precision Jiu-Jitsu
Boston Spring International Open IBJJF Jiu-Jitsu Championship 2018,Adult/Male/Black/Medium-Heavy,1,Diogo Sampaio Araujo,Soul Fighters BJJ Connecticut
Boston Spring International Open IBJJF Jiu-Jitsu Championship 2018,Adult/Male/Black/Medium-Heavy,2,Gabriel Kitober Vieira,GF Team
Boston Spring International Open IBJJF Jiu-Jitsu Championship 2018,Adult/Male/Black/Medium-Heavy,3,Michael Logan Tremblay,Brazilian Top Team
Boston Spring International Open IBJJF Jiu-Jitsu Championship 2018,Adult/Male/Black/Heavy,1,Roberto Torralbas,Team Third Law
Boston Spring International Open IBJJF Jiu-Jitsu Championship 2018,Adult/Male/Black/Heavy,2,Charles Kilyan Mcguire,American Top Team BJJ
Boston Spring International Open IBJJF Jiu-Jitsu Championship 2018,Adult/Male/Black/Heavy,3,Gilvan Gomes da Costa,Brazilian Top Team
Boston Spring International Open IBJJF Jiu-Jitsu Championship 2018,Adult/Male/Black/Super-Heavy,1,James M Quinlan,Massachusetts Brazilian Jiu Jitsu
Boston Spring International Open IBJJF Jiu-Jitsu Championship 2018,Adult/Male/Black/OpenClass,1,Gianni Paul Grippo,Alliance
Boston Spring International Open IBJJF Jiu-Jitsu Championship 2018,Adult/Male/Black/OpenClass,2,Rodrigo Lamounier de Freitas,Rodrigo Freitas Brazilian Jiu-Jitsu
Boston Spring International Open IBJJF Jiu-Jitsu Championship 2018,Adult/Male/Black/OpenClass,3,Cesar Casamajó Cardoso,Caveirinha Jiu-Jitsu Family
Boston Spring International Open IBJJF Jiu-Jitsu Championship 2018,Adult/Male/Black/OpenClass,3,Diogo Sampaio Araujo,Soul Fighters BJJ Connecticut
Boston Spring International Open IBJJF Jiu-Jitsu Championship 2018,Adult/Female/White/Feather,1,Corina Panait Sylvester,Icon Jiu-Jitsu Team - USA
Boston Spring International Open IBJJF Jiu-Jitsu Championship 2018,Adult/Female/White/Feather,2,Ngoc Hong Vuong,Juniko'
Boston Spring International Open IBJJF Jiu-Jitsu Championship 2018,Adult/Female/White/Feather,3,Emily Melden,Fenix BJJ
Boston Spring International Open IBJJF Jiu-Jitsu Championship 2018,Adult/Female/White/Feather,3,Katrina Theresa Lebel,New England United
Boston Spring International Open IBJJF Jiu-Jitsu Championship 2018,Adult/Female/White/Light,1,Maria N Sanchez,Fenix BJJ
Boston Spring International Open IBJJF Jiu-Jitsu Championship 2018,Adult/Female/White/Light,2,Ulzhan Mukasheva,Renzo Gracie Academy
Boston Spring International Open IBJJF Jiu-Jitsu Championship 2018,Adult/Female/White/Light,3,Genevieve Lavoie,Brazilian Top Team
Boston Spring International Open IBJJF Jiu-Jitsu Championship 2018,Adult/Female/White/Light,3,Loriane Pesarini,Fenix BJJ
Boston Spring International Open IBJJF Jiu-Jitsu Championship 2018,Adult/Female/White/Middle,1,Kelly Matthews,Kimura BJJ USA
Boston Spring International Open IBJJF Jiu-Jitsu Championship 2018,Adult/Female/White/Middle,2,Brianna Croteau,Icon Jiu-Jitsu Team - USA
Boston Spring International Open IBJJF Jiu-Jitsu Championship 2018,Adult/Female/White/Middle,3,Erica Zendell,Carlson Gracie Team
Boston Spring International Open IBJJF Jiu-Jitsu Championship 2018,Adult/Female/White/Middle,3,Reema Hatoum,Team Link
Boston Spring International Open IBJJF Jiu-Jitsu Championship 2018,Adult/Female/White/Heavy,1,Jessica Finkel,Kimura BJJ USA
Boston Spring International Open IBJJF Jiu-Jitsu Championship 2018,Adult/Female/White/Heavy,2,Rebecca Sheen Hu,Unity Jiu-jitsu
Boston Spring International Open IBJJF Jiu-Jitsu Championship 2018,Adult/Female/White/Super-Heavy,1,Heidi Elizabeth HIgginbotham,Team LDMA
Boston Spring International Open IBJJF Jiu-Jitsu Championship 2018,Adult/Female/White/Super-Heavy,2,Kathleen Dzugan,Team Link
Boston Spring International Open IBJJF Jiu-Jitsu Championship 2018,Adult/Female/White/Super-Heavy,3,Colleen Marie Strunk-Ackerley,Team Link
Boston Spring International Open IBJJF Jiu-Jitsu Championship 2018,Adult/Female/White/Super-Heavy,3,Jaime Ryznic,Team Link Brazilian Jiu-Jitsu
Boston Spring International Open IBJJF Jiu-Jitsu Championship 2018,Adult/Female/Blue/Light-Feather,1,Jhenifer Aquino Gonzaga,Alliance
Boston Spring International Open IBJJF Jiu-Jitsu Championship 2018,Adult/Female/Blue/Light-Feather,2,Chynna Analisa Hernandez,Vitor Shaolin BJJ
Boston Spring International Open IBJJF Jiu-Jitsu Championship 2018,Adult/Female/Blue/Light-Feather,3,Rawanna Dasilva,Icon Jiu-Jitsu Team - USA
Boston Spring International Open IBJJF Jiu-Jitsu Championship 2018,Adult/Female/Blue/Feather,1,Eve Leblanc-bouchard,Sampa BJJ International
Boston Spring International Open IBJJF Jiu-Jitsu Championship 2018,Adult/Female/Blue/Feather,2,Nicole Katelyne Ball,BETA Academy
Boston Spring International Open IBJJF Jiu-Jitsu Championship 2018,Adult/Female/Blue/Feather,3,Alexandra Maria Bazzani,New England United BJJ
Boston Spring International Open IBJJF Jiu-Jitsu Championship 2018,Adult/Female/Blue/Feather,3,Amanda Mailberg,BETA Academy
Boston Spring International Open IBJJF Jiu-Jitsu Championship 2018,Adult/Female/Blue/Light,1,Theresa Pearl Formica,Team Third Law
Boston Spring International Open IBJJF Jiu-Jitsu Championship 2018,Adult/Female/Blue/Light,2,Charlotte Ardini,Brazil 021 International
Boston Spring International Open IBJJF Jiu-Jitsu Championship 2018,Adult/Female/Blue/Light,3,Christine Brothwell,New England United BJJ
Boston Spring International Open IBJJF Jiu-Jitsu Championship 2018,Adult/Female/Blue/Light,3,Maggie Joyal-fortier,Sampa BJJ International
Boston Spring International Open IBJJF Jiu-Jitsu Championship 2018,Adult/Female/Blue/Middle,1,Samantha Taylor Gould,Abusado Team
Boston Spring International Open IBJJF Jiu-Jitsu Championship 2018,Adult/Female/Blue/Middle,2,Brianna Marie Florio,Combat Sports Boston
Boston Spring International Open IBJJF Jiu-Jitsu Championship 2018,Adult/Female/Blue/Middle,3,Anaie Loyola,Vitor Shaolin BJJ
Boston Spring International Open IBJJF Jiu-Jitsu Championship 2018,Adult/Female/Blue/Medium-Heavy,1,Rachel Allar,Brazil 021 International
Boston Spring International Open IBJJF Jiu-Jitsu Championship 2018,Adult/Female/Blue/Medium-Heavy,2,Marilyn Vier,Brazil 021 International
Boston Spring International Open IBJJF Jiu-Jitsu Championship 2018,Adult/Female/Blue/Medium-Heavy,3,Theresa D'Andrea,Vitor Shaolin BJJ
Boston Spring International Open IBJJF Jiu-Jitsu Championship 2018,Adult/Female/Blue/Heavy,1,Brittany Howard,Ginsberg Academy of Brazilian Jiu Jitsu
Boston Spring International Open IBJJF Jiu-Jitsu Championship 2018,Adult/Female/Blue/Heavy,2,Ashley Mellen,Carlos Neto BJJ
Boston Spring International Open IBJJF Jiu-Jitsu Championship 2018,Adult/Female/Blue/Heavy,3,Kaiatiio Barnes,Brazilian Top Team
Boston Spring International Open IBJJF Jiu-Jitsu Championship 2018,Adult/Female/Blue/Heavy,3,Stephanie Lizotte,Brazilian Top Team
Boston Spring International Open IBJJF Jiu-Jitsu Championship 2018,Adult/Female/Blue/Super-Heavy,1,Asma Salem,A-Force Brazilian Jiu-Jitsu
Boston Spring International Open IBJJF Jiu-Jitsu Championship 2018,Adult/Female/Blue/Super-Heavy,2,Ally Whelan,Tri-Star Montreal
Boston Spring International Open IBJJF Jiu-Jitsu Championship 2018,Adult/Female/Blue/OpenClass,1,Theresa Pearl Formica,Team Third Law
Boston Spring International Open IBJJF Jiu-Jitsu Championship 2018,Adult/Female/Blue/OpenClass,2,Brianna Marie Florio,Combat Sports Boston
Boston Spring International Open IBJJF Jiu-Jitsu Championship 2018,Adult/Female/Blue/OpenClass,3,Maggie Joyal-fortier,Sampa BJJ International
Boston Spring International Open IBJJF Jiu-Jitsu Championship 2018,Adult/Female/Blue/OpenClass,3,Rawanna Dasilva,Icon Jiu-Jitsu Team - USA
Boston Spring International Open IBJJF Jiu-Jitsu Championship 2018,Adult/Female/Purple/Feather,1,Cassandra Lorusso,Juniko'
Boston Spring International Open IBJJF Jiu-Jitsu Championship 2018,Adult/Female/Purple/Feather,2,Jeileen Alvarez,Team Link
Boston Spring International Open IBJJF Jiu-Jitsu Championship 2018,Adult/Female/Purple/Feather,3,Elizabeth N. Cornejo,Vamos Brazilian Jiu Jitsu
Boston Spring International Open IBJJF Jiu-Jitsu Championship 2018,Adult/Female/Purple/Light,1,Margot Ciccarelli,Unity Jiu-jitsu
Boston Spring International Open IBJJF Jiu-Jitsu Championship 2018,Adult/Female/Purple/Light,2,Corinne Laframboise,Brazilian Top Team
Boston Spring International Open IBJJF Jiu-Jitsu Championship 2018,Adult/Female/Purple/Light,3,Katherine Marie Heckman Torralbas,Team Third Law
Boston Spring International Open IBJJF Jiu-Jitsu Championship 2018,Adult/Female/Purple/Middle,1,Michelle Marques de Oliveira,Boston BJJ
Boston Spring International Open IBJJF Jiu-Jitsu Championship 2018,Adult/Female/Purple/Middle,2,Darya Hamilton,Alliance
Boston Spring International Open IBJJF Jiu-Jitsu Championship 2018,Adult/Female/Purple/Middle,3,Christine Fader,Alliance
Boston Spring International Open IBJJF Jiu-Jitsu Championship 2018,Adult/Female/Purple/Middle,3,Stephanie Fox,Soul Fighters BJJ Connecticut
Boston Spring International Open IBJJF Jiu-Jitsu Championship 2018,Adult/Female/Purple/Super-Heavy,1,Vanessa  Giacoumakis,Renzo Gracie Academy
Boston Spring International Open IBJJF Jiu-Jitsu Championship 2018,Adult/Female/Purple/Super-Heavy,2,Jody Morris,Soul Fighters BJJ Connecticut
Boston Spring International Open IBJJF Jiu-Jitsu Championship 2018,Adult/Female/Purple/OpenClass,1,Katherine Marie Heckman Torralbas,Team Third Law
Boston Spring International Open IBJJF Jiu-Jitsu Championship 2018,Adult/Female/Purple/OpenClass,2,Jeileen Alvarez,Team Link
Boston Spring International Open IBJJF Jiu-Jitsu Championship 2018,Adult/Female/Purple/OpenClass,3,Jody Morris,Soul Fighters BJJ Connecticut
Boston Spring International Open IBJJF Jiu-Jitsu Championship 2018,Adult/Female/Purple/OpenClass,3,Michelle Marques de Oliveira,Boston BJJ
Boston Spring International Open IBJJF Jiu-Jitsu Championship 2018,Adult/Female/Brown/Middle,1,Jessica Constance Swanson,Soul Fighters BJJ Connecticut
Boston Spring International Open IBJJF Jiu-Jitsu Championship 2018,Adult/Female/Brown/Middle,2,Svenja Juffernbruch,Soul Fighters BJJ Connecticut
Boston Spring International Open IBJJF Jiu-Jitsu Championship 2018,Adult/Female/Brown/Middle,3,Sarah Payant,Gladiator BJJ
Boston Spring International Open IBJJF Jiu-Jitsu Championship 2018,Adult/Female/Brown/Medium-Heavy,1,Danielle Ronald Carvalho de Lima,GF Team
Boston Spring International Open IBJJF Jiu-Jitsu Championship 2018,Adult/Female/Brown/Medium-Heavy,2,Juliana Remigio Fontoura,Fenix BJJ
Boston Spring International Open IBJJF Jiu-Jitsu Championship 2018,Adult/Female/Brown/Medium-Heavy,3,Lisa Suzanne Tanguay,Brazilian Top Team
Boston Spring International Open IBJJF Jiu-Jitsu Championship 2018,Adult/Female/Brown/OpenClass,1,Svenja Juffernbruch,Soul Fighters BJJ Connecticut
Boston Spring International Open IBJJF Jiu-Jitsu Championship 2018,Adult/Female/Brown/OpenClass,2,Jessica Constance Swanson,Soul Fighters BJJ Connecticut
Boston Spring International Open IBJJF Jiu-Jitsu Championship 2018,Adult/Female/Brown/OpenClass,3,Danielle Ronald Carvalho de Lima,GF Team
Boston Spring International Open IBJJF Jiu-Jitsu Championship 2018,Adult/Female/Brown/OpenClass,3,Juliana Remigio Fontoura,Fenix BJJ
Boston Spring International Open IBJJF Jiu-Jitsu Championship 2018,Adult/Female/Black/Middle,1,Luiza Monteiro Moura da Costa,Atos Jiu-Jitsu
Boston Spring International Open IBJJF Jiu-Jitsu Championship 2018,Adult/Female/Black/Medium-Heavy,1,Claudia Fernanda Onofre Valim Doval,De La Riva JJ
Boston Spring International Open IBJJF Jiu-Jitsu Championship 2018,Adult/Female/Black/Heavy,1,Nathiely Karoline Melo de Jesus,Soul Fighters Texas
Boston Spring International Open IBJJF Jiu-Jitsu Championship 2018,Adult/Female/Black/Super-Heavy,1,Alison Victoria Tremblay,Brazilian Top Team
Boston Spring International Open IBJJF Jiu-Jitsu Championship 2018,Adult/Female/Black/OpenClass,1,Luiza Monteiro Moura da Costa,Atos Jiu-Jitsu
Boston Spring International Open IBJJF Jiu-Jitsu Championship 2018,Adult/Female/Black/OpenClass,2,Claudia Fernanda Onofre Valim Doval,De La Riva JJ
Boston Spring International Open IBJJF Jiu-Jitsu Championship 2018,Adult/Female/Black/OpenClass,3,Alison Victoria Tremblay,Brazilian Top Team
Boston Spring International Open IBJJF Jiu-Jitsu Championship 2018,Master1/Male/White/Light,1,Anthony J Gregorio,Massachusetts Brazilian Jiu Jitsu
Boston Spring International Open IBJJF Jiu-Jitsu Championship 2018,Master1/Male/White/Light,2,Matt Houston,Connors MMA
Boston Spring International Open IBJJF Jiu-Jitsu Championship 2018,Master1/Male/White/Light,3,Jonathan Berube,New England United BJJ
Boston Spring International Open IBJJF Jiu-Jitsu Championship 2018,Master1/Male/White/Middle,1,Gerardo J Martinez,Icon Jiu-Jitsu Team - USA
Boston Spring International Open IBJJF Jiu-Jitsu Championship 2018,Master1/Male/White/Middle,2,Josh Maxwell,New England United BJJ
Boston Spring International Open IBJJF Jiu-Jitsu Championship 2018,Master1/Male/White/Middle,3,Alan Sakiqi,Fenix BJJ
Boston Spring International Open IBJJF Jiu-Jitsu Championship 2018,Master1/Male/White/Middle,3,Marcos Antonio Urbaez,Yamasaki Academy/ Machete BJJ
Boston Spring International Open IBJJF Jiu-Jitsu Championship 2018,Master1/Male/White/Medium-Heavy,1,Chris Erickson,Fenix BJJ
Boston Spring International Open IBJJF Jiu-Jitsu Championship 2018,Master1/Male/White/Medium-Heavy,2,Will Diamond,Fenix BJJ
Boston Spring International Open IBJJF Jiu-Jitsu Championship 2018,Master1/Male/White/Medium-Heavy,3,Matthew John Giangregorio,BMAC / GF Team Boston
Boston Spring International Open IBJJF Jiu-Jitsu Championship 2018,Master1/Male/White/Medium-Heavy,3,Navil Charles,Combat Sports Boston
Boston Spring International Open IBJJF Jiu-Jitsu Championship 2018,Master1/Male/White/Super-Heavy,1,Timothy Lahtinen,GF Team
Boston Spring International Open IBJJF Jiu-Jitsu Championship 2018,Master1/Male/White/Super-Heavy,2,Christopher Ferrara,Fenix BJJ
Boston Spring International Open IBJJF Jiu-Jitsu Championship 2018,Master1/Male/White/Super-Heavy,3,Benjamin Lind,GF Team
Boston Spring International Open IBJJF Jiu-Jitsu Championship 2018,Master1/Male/White/Super-Heavy,3,David M Kronenberg,Fenix BJJ
Boston Spring International Open IBJJF Jiu-Jitsu Championship 2018,Master1/Male/White/Ultra-Heavy,1,Christopher Lee o'Donnell,Fenix BJJ
Boston Spring International Open IBJJF Jiu-Jitsu Championship 2018,Master1/Male/White/Ultra-Heavy,2,Kaven Bergeron,Brazilian Top Team
Boston Spring International Open IBJJF Jiu-Jitsu Championship 2018,Master1/Male/Blue/Light-Feather,1,Khaphy Sary,Fenix BJJ
Boston Spring International Open IBJJF Jiu-Jitsu Championship 2018,Master1/Male/Blue/Light-Feather,2,Jessie Perciavalle,Fight Club
Boston Spring International Open IBJJF Jiu-Jitsu Championship 2018,Master1/Male/Blue/Light-Feather,3,Brandon Bentley,Brazil 021 International
Boston Spring International Open IBJJF Jiu-Jitsu Championship 2018,Master1/Male/Blue/Light-Feather,3,Eder Melgar Romero,Brazilian Top Team
Boston Spring International Open IBJJF Jiu-Jitsu Championship 2018,Master1/Male/Blue/Feather,1,Matt Valentine,Brazilian Top Team
Boston Spring International Open IBJJF Jiu-Jitsu Championship 2018,Master1/Male/Blue/Feather,2,Christopher Shea,Kimura BJJ USA
Boston Spring International Open IBJJF Jiu-Jitsu Championship 2018,Master1/Male/Blue/Feather,3,Michael Mayors,Juniko'
Boston Spring International Open IBJJF Jiu-Jitsu Championship 2018,Master1/Male/Blue/Light,1,Juan Manuel Perez,Gracie Barra
Boston Spring International Open IBJJF Jiu-Jitsu Championship 2018,Master1/Male/Blue/Light,2,Michael Hibert,Gracie Barra
Boston Spring International Open IBJJF Jiu-Jitsu Championship 2018,Master1/Male/Blue/Light,3,Kilder Pereira Smith,Icon Jiu-Jitsu Team - USA
Boston Spring International Open IBJJF Jiu-Jitsu Championship 2018,Master1/Male/Blue/Light,3,Sean Alexis Redmond,New England United BJJ
Boston Spring International Open IBJJF Jiu-Jitsu Championship 2018,Master1/Male/Blue/Middle,1,Jon Camacho,Soul Fighters BJJ Connecticut
Boston Spring International Open IBJJF Jiu-Jitsu Championship 2018,Master1/Male/Blue/Middle,2,Aaron Roach,Carlos Neto BJJ
Boston Spring International Open IBJJF Jiu-Jitsu Championship 2018,Master1/Male/Blue/Middle,3,Dzmitry Maskaleu,GF Team
Boston Spring International Open IBJJF Jiu-Jitsu Championship 2018,Master1/Male/Blue/Middle,3,Matthew Warner,Kimura BJJ USA
Boston Spring International Open IBJJF Jiu-Jitsu Championship 2018,Master1/Male/Blue/Medium-Heavy,1,Joseph James Machowski,Soul Fighters BJJ Connecticut
Boston Spring International Open IBJJF Jiu-Jitsu Championship 2018,Master1/Male/Blue/Medium-Heavy,2,James Carroll,Renzo Gracie Academy
Boston Spring International Open IBJJF Jiu-Jitsu Championship 2018,Master1/Male/Blue/Heavy,1,Andrew Christopher Kimball,New England Top Team
Boston Spring International Open IBJJF Jiu-Jitsu Championship 2018,Master1/Male/Blue/Heavy,2,Felippe Alves,Team Jucão USA
Boston Spring International Open IBJJF Jiu-Jitsu Championship 2018,Master1/Male/Blue/Heavy,3,Adam Brady,New England United BJJ
Boston Spring International Open IBJJF Jiu-Jitsu Championship 2018,Master1/Male/Blue/Heavy,3,Matthew Gettler,Fenix BJJ
Boston Spring International Open IBJJF Jiu-Jitsu Championship 2018,Master1/Male/Blue/Super-Heavy,1,Dillon Arango,127 BJJ
Boston Spring International Open IBJJF Jiu-Jitsu Championship 2018,Master1/Male/Blue/Super-Heavy,2,Daniel Yanik Defoy,Brazilian Top Team
Boston Spring International Open IBJJF Jiu-Jitsu Championship 2018,Master1/Male/Blue/Super-Heavy,3,David Coral,Brazil 021 International
Boston Spring International Open IBJJF Jiu-Jitsu Championship 2018,Master1/Male/Blue/Super-Heavy,3,Malvin Rodriguez,Fenix BJJ
Boston Spring International Open IBJJF Jiu-Jitsu Championship 2018,Master1/Male/Blue/Ultra-Heavy,1,Christopher Thomas Metcalf,Fenix BJJ
Boston Spring International Open IBJJF Jiu-Jitsu Championship 2018,Master1/Male/Blue/Ultra-Heavy,2,Alex de Morais Bento Lima,Guigo JJ
Boston Spring International Open IBJJF Jiu-Jitsu Championship 2018,Master1/Male/Blue/Ultra-Heavy,3,Emmanuel Torres Baez,Behring Puerto Rico
Boston Spring International Open IBJJF Jiu-Jitsu Championship 2018,Master1/Male/Blue/Ultra-Heavy,3,Jeremy Bayless,GF Team
Boston Spring International Open IBJJF Jiu-Jitsu Championship 2018,Master1/Male/Blue/OpenClass,1,Christopher Thomas Metcalf,Fenix BJJ
Boston Spring International Open IBJJF Jiu-Jitsu Championship 2018,Master1/Male/Blue/OpenClass,2,Dzmitry Maskaleu,GF Team
Boston Spring International Open IBJJF Jiu-Jitsu Championship 2018,Master1/Male/Blue/OpenClass,3,Alex de Morais Bento Lima,Guigo JJ
Boston Spring International Open IBJJF Jiu-Jitsu Championship 2018,Master1/Male/Blue/OpenClass,3,Malvin Rodriguez,Fenix BJJ
Boston Spring International Open IBJJF Jiu-Jitsu Championship 2018,Master1/Male/Purple/Feather,1,Erik Johnson,New England United BJJ
Boston Spring International Open IBJJF Jiu-Jitsu Championship 2018,Master1/Male/Purple/Feather,2,Tin Thanh Nguyen,Connors MMA
Boston Spring International Open IBJJF Jiu-Jitsu Championship 2018,Master1/Male/Purple/Feather,3,Johnny Garcia,Danilo Cherman BJJ
Boston Spring International Open IBJJF Jiu-Jitsu Championship 2018,Master1/Male/Purple/Feather,3,Jose Acevedo,Gracie Barra
Boston Spring International Open IBJJF Jiu-Jitsu Championship 2018,Master1/Male/Purple/Light,1,Leandro Dos Santos Simao,GF Team
Boston Spring International Open IBJJF Jiu-Jitsu Championship 2018,Master1/Male/Purple/Light,2,Arwin Manalac,Action and Reaction Mixed Martial Arts
Boston Spring International Open IBJJF Jiu-Jitsu Championship 2018,Master1/Male/Purple/Light,3,Raphael Rosalvos Barcellos,Gracie Barra
Boston Spring International Open IBJJF Jiu-Jitsu Championship 2018,Master1/Male/Purple/Middle,1,Zachary Dustin Danesh,North Shore Brazilian Jiu Jitsu Academy
Boston Spring International Open IBJJF Jiu-Jitsu Championship 2018,Master1/Male/Purple/Middle,2,Lam Messina,Brazilian Top Team
Boston Spring International Open IBJJF Jiu-Jitsu Championship 2018,Master1/Male/Purple/Middle,3,Daniel Goncalves,New England United BJJ
Boston Spring International Open IBJJF Jiu-Jitsu Championship 2018,Master1/Male/Purple/Middle,3,Jay Noble,Fenix BJJ
Boston Spring International Open IBJJF Jiu-Jitsu Championship 2018,Master1/Male/Purple/Medium-Heavy,1,Leandro Rothier Rodrigues,GF Team
Boston Spring International Open IBJJF Jiu-Jitsu Championship 2018,Master1/Male/Purple/Medium-Heavy,2,Peterson Rodrigues,Fenix BJJ
Boston Spring International Open IBJJF Jiu-Jitsu Championship 2018,Master1/Male/Purple/Medium-Heavy,3,Lucas  Borbas,Fenix BJJ
Boston Spring International Open IBJJF Jiu-Jitsu Championship 2018,Master1/Male/Purple/Medium-Heavy,3,Vincent Camacho,Soul Fighters BJJ Connecticut
Boston Spring International Open IBJJF Jiu-Jitsu Championship 2018,Master1/Male/Purple/Ultra-Heavy,1,Michael S. Kuta,Team Link
Boston Spring International Open IBJJF Jiu-Jitsu Championship 2018,Master1/Male/Purple/Ultra-Heavy,2,Brandon Brin,GF Team
Boston Spring International Open IBJJF Jiu-Jitsu Championship 2018,Master1/Male/Purple/Ultra-Heavy,3,Dominic Girard,Brazilian Top Team
Boston Spring International Open IBJJF Jiu-Jitsu Championship 2018,Master1/Male/Purple/Ultra-Heavy,3,Jack Micciche,Fenix BJJ
Boston Spring International Open IBJJF Jiu-Jitsu Championship 2018,Master1/Male/Purple/OpenClass,1,Peterson Rodrigues,Fenix BJJ
Boston Spring International Open IBJJF Jiu-Jitsu Championship 2018,Master1/Male/Purple/OpenClass,2,Daniel Goncalves,New England United BJJ
Boston Spring International Open IBJJF Jiu-Jitsu Championship 2018,Master1/Male/Purple/OpenClass,3,Brandon Brin,GF Team
Boston Spring International Open IBJJF Jiu-Jitsu Championship 2018,Master1/Male/Purple/OpenClass,3,Erik Johnson,New England United BJJ
Boston Spring International Open IBJJF Jiu-Jitsu Championship 2018,Master1/Male/Brown/Feather,1,Thomas Waldron,Renzo Gracie Academy
Boston Spring International Open IBJJF Jiu-Jitsu Championship 2018,Master1/Male/Brown/Feather,2,Dave Kim,Gracie Barra
Boston Spring International Open IBJJF Jiu-Jitsu Championship 2018,Master1/Male/Brown/Feather,3,Josh Robinson,Elite Brazilian Jiu Jitsu Redmond
Boston Spring International Open IBJJF Jiu-Jitsu Championship 2018,Master1/Male/Brown/Feather,3,Ryan M. Allard,Soul Fighters BJJ Connecticut
Boston Spring International Open IBJJF Jiu-Jitsu Championship 2018,Master1/Male/Brown/Light,1,Louis Cugini,Vitor Shaolin BJJ
Boston Spring International Open IBJJF Jiu-Jitsu Championship 2018,Master1/Male/Brown/Light,2,Leone Alcides Da Silva,Alliance
Boston Spring International Open IBJJF Jiu-Jitsu Championship 2018,Master1/Male/Brown/Light,3,Anthony Loycano,Zenith BJJ - Las Vegas
Boston Spring International Open IBJJF Jiu-Jitsu Championship 2018,Master1/Male/Brown/Middle,1,Dustin Ryan Waters,Ares BJJ - Kenny Kim
Boston Spring International Open IBJJF Jiu-Jitsu Championship 2018,Master1/Male/Brown/Middle,2,Charles Christy,Vitor Shaolin BJJ
Boston Spring International Open IBJJF Jiu-Jitsu Championship 2018,Master1/Male/Brown/Middle,3,Guilherme Correia Abilhoa,CheckMat
Boston Spring International Open IBJJF Jiu-Jitsu Championship 2018,Master1/Male/Brown/Middle,3,Michael Sabo,Danilo Cherman BJJ
Boston Spring International Open IBJJF Jiu-Jitsu Championship 2018,Master1/Male/Brown/Heavy,1,Marcus Vinicius de Souza Ramos,Gracie Humaita
Boston Spring International Open IBJJF Jiu-Jitsu Championship 2018,Master1/Male/Brown/Heavy,2,Patrick Cooney,Carlson Gracie Team
Boston Spring International Open IBJJF Jiu-Jitsu Championship 2018,Master1/Male/Brown/Heavy,3,Matt Burke,Juniko'
Boston Spring International Open IBJJF Jiu-Jitsu Championship 2018,Master1/Male/Brown/Super-Heavy,1,Dwayne Anton Depeiza,Soca BJJ
Boston Spring International Open IBJJF Jiu-Jitsu Championship 2018,Master1/Male/Brown/Super-Heavy,2,Rodolfo Silva,BMAC / GF Team Boston
Boston Spring International Open IBJJF Jiu-Jitsu Championship 2018,Master1/Male/Brown/Ultra-Heavy,1,James MacKinnon,New England United BJJ
Boston Spring International Open IBJJF Jiu-Jitsu Championship 2018,Master1/Male/Brown/OpenClass,1,Dustin Ryan Waters,Ares BJJ - Kenny Kim
Boston Spring International Open IBJJF Jiu-Jitsu Championship 2018,Master1/Male/Brown/OpenClass,2,Leone Alcides Da Silva,Alliance
Boston Spring International Open IBJJF Jiu-Jitsu Championship 2018,Master1/Male/Brown/OpenClass,3,Guilherme Correia Abilhoa,CheckMat
Boston Spring International Open IBJJF Jiu-Jitsu Championship 2018,Master1/Male/Brown/OpenClass,3,Josh Robinson,Elite Brazilian Jiu Jitsu Redmond
Boston Spring International Open IBJJF Jiu-Jitsu Championship 2018,Master1/Male/Black/Light-Feather,1,Bruno Ayolphi Braz,Massachusetts Brazilian Jiu Jitsu
Boston Spring International Open IBJJF Jiu-Jitsu Championship 2018,Master1/Male/Black/Light-Feather,2,Ryan L. Clay,New England United BJJ
Boston Spring International Open IBJJF Jiu-Jitsu Championship 2018,Master1/Male/Black/Light-Feather,3,Jose Alfonso Hermoza,Brazilian Top Team
Boston Spring International Open IBJJF Jiu-Jitsu Championship 2018,Master1/Male/Black/Light-Feather,3,Peter T Vo,GF Team
Boston Spring International Open IBJJF Jiu-Jitsu Championship 2018,Master1/Male/Black/Feather,1,Bruno César Dias,BARBOSA JIU-JITSU
Boston Spring International Open IBJJF Jiu-Jitsu Championship 2018,Master1/Male/Black/Light,1,Bruno Cesar Silva de Souza,GF Team
Boston Spring International Open IBJJF Jiu-Jitsu Championship 2018,Master1/Male/Black/Light,2,Jose R Salazar,Brazilian Top Team
Boston Spring International Open IBJJF Jiu-Jitsu Championship 2018,Master1/Male/Black/Light,3,Kyle T. Briere,Alliance
Boston Spring International Open IBJJF Jiu-Jitsu Championship 2018,Master1/Male/Black/Middle,1,Nicolau Eduardo,Fenix BJJ
Boston Spring International Open IBJJF Jiu-Jitsu Championship 2018,Master1/Male/Black/Middle,2,Willian Satlher Moreira,GF Team
Boston Spring International Open IBJJF Jiu-Jitsu Championship 2018,Master1/Male/Black/Middle,3,Quinn Mulhern,Alliance
Boston Spring International Open IBJJF Jiu-Jitsu Championship 2018,Master1/Male/Black/Medium-Heavy,1,Rafael Monteiro Barbosa,Soul Fighters BJJ Connecticut
Boston Spring International Open IBJJF Jiu-Jitsu Championship 2018,Master1/Male/Black/Medium-Heavy,2,Vinicius Agudo Silva,Soul Fighters BJJ Connecticut
Boston Spring International Open IBJJF Jiu-Jitsu Championship 2018,Master1/Male/Black/Medium-Heavy,3,Nima Gholampour,Pedro Sauer Team
Boston Spring International Open IBJJF Jiu-Jitsu Championship 2018,Master1/Male/Black/Medium-Heavy,3,Vinicius Costa,Team Jucão USA
Boston Spring International Open IBJJF Jiu-Jitsu Championship 2018,Master1/Male/Black/Heavy,1,Robson de Lima Rodrigues,GF Team
Boston Spring International Open IBJJF Jiu-Jitsu Championship 2018,Master1/Male/Black/Heavy,2,Andrew Buckley,Cavalo Team Canada
Boston Spring International Open IBJJF Jiu-Jitsu Championship 2018,Master1/Male/Black/Heavy,3,José Luis dos Santos Varella,GF Team
Boston Spring International Open IBJJF Jiu-Jitsu Championship 2018,Master1/Male/Black/Heavy,3,Leonardo de Paiva Machado de Santana,Brazilian Top Team
Boston Spring International Open IBJJF Jiu-Jitsu Championship 2018,Master1/Male/Black/OpenClass,1,Rafael Monteiro Barbosa,Soul Fighters BJJ Connecticut
Boston Spring International Open IBJJF Jiu-Jitsu Championship 2018,Master1/Male/Black/OpenClass,2,Robson de Lima Rodrigues,GF Team
Boston Spring International Open IBJJF Jiu-Jitsu Championship 2018,Master1/Male/Black/OpenClass,3,Bruno César Dias,BARBOSA JIU-JITSU
Boston Spring International Open IBJJF Jiu-Jitsu Championship 2018,Master1/Male/Black/OpenClass,3,Quinn Mulhern,Alliance
Boston Spring International Open IBJJF Jiu-Jitsu Championship 2018,Master1/Female/Blue/Light-Feather,1,Andrea Sunseri,Danilo Cherman BJJ
Boston Spring International Open IBJJF Jiu-Jitsu Championship 2018,Master1/Female/Blue/Light-Feather,2,Colleen D Hennigan,Fenix BJJ
Boston Spring International Open IBJJF Jiu-Jitsu Championship 2018,Master1/Female/Blue/Light-Feather,3,Ashlee Ghilardi,Ginsberg Academy of Brazilian Jiu Jitsu
Boston Spring International Open IBJJF Jiu-Jitsu Championship 2018,Master1/Female/Blue/Feather,1,Yasisca  Pujols,Pablo Silva BJJ - ZR Team
Boston Spring International Open IBJJF Jiu-Jitsu Championship 2018,Master1/Female/Blue/Feather,2,Kaitlyn Buttino,Florian Martial Arts Center
Boston Spring International Open IBJJF Jiu-Jitsu Championship 2018,Master1/Female/Blue/Feather,3,Madeline Hughes,Gracie Humaita International
Boston Spring International Open IBJJF Jiu-Jitsu Championship 2018,Master1/Female/Blue/Feather,3,Tanya Block,Fenix BJJ
Boston Spring International Open IBJJF Jiu-Jitsu Championship 2018,Master1/Female/Blue/Light,1,Rachel Ervin,Cascao Jiu-Jitsu
Boston Spring International Open IBJJF Jiu-Jitsu Championship 2018,Master1/Female/Blue/Light,2,Julie Marie Waclawik,GF Team
Boston Spring International Open IBJJF Jiu-Jitsu Championship 2018,Master1/Female/Blue/Light,3,Galina Buckhout,Brazil 021 International
Boston Spring International Open IBJJF Jiu-Jitsu Championship 2018,Master1/Female/Blue/Middle,1,Mary Isabella,Renzo Gracie Academy
Boston Spring International Open IBJJF Jiu-Jitsu Championship 2018,Master1/Female/Blue/Middle,2,Molly Brown,GF Team
Boston Spring International Open IBJJF Jiu-Jitsu Championship 2018,Master1/Female/Blue/Middle,3,Andrea Gracia Rodriguez,Brazilian Top Team
Boston Spring International Open IBJJF Jiu-Jitsu Championship 2018,Master1/Female/Blue/Middle,3,Karis Callahan,Renzo Gracie Academy
Boston Spring International Open IBJJF Jiu-Jitsu Championship 2018,Master1/Female/Blue/OpenClass,1,Molly Brown,GF Team
Boston Spring International Open IBJJF Jiu-Jitsu Championship 2018,Master1/Female/Blue/OpenClass,2,Yasisca  Pujols,Pablo Silva BJJ - ZR Team
Boston Spring International Open IBJJF Jiu-Jitsu Championship 2018,Master1/Female/Blue/OpenClass,3,Colleen D Hennigan,Fenix BJJ
Boston Spring International Open IBJJF Jiu-Jitsu Championship 2018,Master1/Female/Blue/OpenClass,3,Tanya Block,Fenix BJJ
Boston Spring International Open IBJJF Jiu-Jitsu Championship 2018,Master1/Female/Purple/Light-Feather,1,Elizabeth Rosenshine,Vitor Shaolin BJJ
Boston Spring International Open IBJJF Jiu-Jitsu Championship 2018,Master1/Female/Purple/Light-Feather,2,Melanie Yalcinkaya,Brazilian Top Team
Boston Spring International Open IBJJF Jiu-Jitsu Championship 2018,Master1/Female/Purple/Feather,1,Angela L Bartlett-Kolewe,Alliance
Boston Spring International Open IBJJF Jiu-Jitsu Championship 2018,Master1/Female/Purple/Feather,2,Michelle Sparacio,Carlson Gracie Team
Boston Spring International Open IBJJF Jiu-Jitsu Championship 2018,Master1/Female/Purple/Light,1,Carlene Mulhall,Soul Fighters BJJ Connecticut
Boston Spring International Open IBJJF Jiu-Jitsu Championship 2018,Master1/Female/Purple/Light,2,Melissa Tanner,Presa Brazilian Jiu-Jitsu
Boston Spring International Open IBJJF Jiu-Jitsu Championship 2018,Master1/Female/Purple/Light,3,Terpsithea Kouroukouni,Brazilian Top Team
Boston Spring International Open IBJJF Jiu-Jitsu Championship 2018,Master1/Female/Purple/Medium-Heavy,1,Beth Simione Bahret,Fenix BJJ
Boston Spring International Open IBJJF Jiu-Jitsu Championship 2018,Master1/Female/Purple/OpenClass,1,Beth Simione Bahret,Fenix BJJ
Boston Spring International Open IBJJF Jiu-Jitsu Championship 2018,Master1/Female/Purple/OpenClass,2,Carlene Mulhall,Soul Fighters BJJ Connecticut
Boston Spring International Open IBJJF Jiu-Jitsu Championship 2018,Master1/Female/Purple/OpenClass,3,Melissa Tanner,Presa Brazilian Jiu-Jitsu
Boston Spring International Open IBJJF Jiu-Jitsu Championship 2018,Master1/Female/Purple/OpenClass,3,Michelle Sparacio,Carlson Gracie Team
Boston Spring International Open IBJJF Jiu-Jitsu Championship 2018,Master2/Male/White/Light,1,Dario Jose Duarte,Brazil 021 International
Boston Spring International Open IBJJF Jiu-Jitsu Championship 2018,Master2/Male/White/Light,2,Ronald Fuller,Fenix BJJ
Boston Spring International Open IBJJF Jiu-Jitsu Championship 2018,Master2/Male/White/Light,3,Fabio da Silva Soares,JA Jiu-Jitsu
Boston Spring International Open IBJJF Jiu-Jitsu Championship 2018,Master2/Male/White/Light,3,Ian Webster,BMAC / GF Team Boston
Boston Spring International Open IBJJF Jiu-Jitsu Championship 2018,Master2/Male/White/Middle,1,James Patrick Conneely,BMAC / GF Team Boston
Boston Spring International Open IBJJF Jiu-Jitsu Championship 2018,Master2/Male/White/Middle,2,Chad Atkins,Zenith BJJ - USA
Boston Spring International Open IBJJF Jiu-Jitsu Championship 2018,Master2/Male/White/Middle,3,Daniel Patricio Moran,Zenith BJJ
Boston Spring International Open IBJJF Jiu-Jitsu Championship 2018,Master2/Male/White/Middle,3,Robert Maglio,New England United BJJ
Boston Spring International Open IBJJF Jiu-Jitsu Championship 2018,Master2/Male/White/Medium-Heavy,1,Matthew J Delaney,Kimura BJJ USA
Boston Spring International Open IBJJF Jiu-Jitsu Championship 2018,Master2/Male/White/Medium-Heavy,2,Brian Tavares,Zenith BJJ - USA
Boston Spring International Open IBJJF Jiu-Jitsu Championship 2018,Master2/Male/White/Medium-Heavy,3,Ben Dunay,Ginsberg Academy of Brazilian Jiu Jitsu
Boston Spring International Open IBJJF Jiu-Jitsu Championship 2018,Master2/Male/White/Medium-Heavy,3,Patrick Paul Viet,Carlos Neto BJJ
Boston Spring International Open IBJJF Jiu-Jitsu Championship 2018,Master2/Male/White/Heavy,1,Sean Osborne,Icon Jiu-Jitsu Team - USA
Boston Spring International Open IBJJF Jiu-Jitsu Championship 2018,Master2/Male/White/Heavy,2,Geoffrey Rogers,Boston BJJ
Boston Spring International Open IBJJF Jiu-Jitsu Championship 2018,Master2/Male/White/Heavy,3,Jason Daniels,Brazilian Top Team
Boston Spring International Open IBJJF Jiu-Jitsu Championship 2018,Master2/Male/White/Super-Heavy,1,Stewart L Smith,Fenix BJJ
Boston Spring International Open IBJJF Jiu-Jitsu Championship 2018,Master2/Male/White/Super-Heavy,2,Eugene Myshkin,GF Team
Boston Spring International Open IBJJF Jiu-Jitsu Championship 2018,Master2/Male/White/Super-Heavy,3,Christopher X Soares,GF Team
Boston Spring International Open IBJJF Jiu-Jitsu Championship 2018,Master2/Male/White/Super-Heavy,3,William Ryan Kreamer,Fenix BJJ
Boston Spring International Open IBJJF Jiu-Jitsu Championship 2018,Master2/Male/White/Ultra-Heavy,1,Ronaldo Rodrigues dos Santos,GF Team
Boston Spring International Open IBJJF Jiu-Jitsu Championship 2018,Master2/Male/White/Ultra-Heavy,2,Chris Connelly,Fenix BJJ
Boston Spring International Open IBJJF Jiu-Jitsu Championship 2018,Master2/Male/White/Ultra-Heavy,3,Winston Bandoh,BMAC / GF Team Boston
Boston Spring International Open IBJJF Jiu-Jitsu Championship 2018,Master2/Male/Blue/Feather,1,Erick Isaac Vargas,Gladiator BJJ
Boston Spring International Open IBJJF Jiu-Jitsu Championship 2018,Master2/Male/Blue/Feather,2,Cid Riddel Costa,GF Team
Boston Spring International Open IBJJF Jiu-Jitsu Championship 2018,Master2/Male/Blue/Feather,3,Benjamen Simon,Brazilian Top Team
Boston Spring International Open IBJJF Jiu-Jitsu Championship 2018,Master2/Male/Blue/Feather,3,Jason Iorio,Balance
Boston Spring International Open IBJJF Jiu-Jitsu Championship 2018,Master2/Male/Blue/Light,1,Michael Moussa,Juniko'
Boston Spring International Open IBJJF Jiu-Jitsu Championship 2018,Master2/Male/Blue/Light,2,Alex DuBois,New England United BJJ
Boston Spring International Open IBJJF Jiu-Jitsu Championship 2018,Master2/Male/Blue/Light,3,Jason O'neill,Brazilian Jiu-Jitsu United
Boston Spring International Open IBJJF Jiu-Jitsu Championship 2018,Master2/Male/Blue/Light,3,Sam Fentress,Ginsberg Academy of Brazilian Jiu Jitsu
Boston Spring International Open IBJJF Jiu-Jitsu Championship 2018,Master2/Male/Blue/Middle,1,Nicolas Champoux,Brazilian Top Team
Boston Spring International Open IBJJF Jiu-Jitsu Championship 2018,Master2/Male/Blue/Middle,2,Sean Sibson,Brazilian Top Team
Boston Spring International Open IBJJF Jiu-Jitsu Championship 2018,Master2/Male/Blue/Middle,3,Jonathan E Lunde,Fenix BJJ
Boston Spring International Open IBJJF Jiu-Jitsu Championship 2018,Master2/Male/Blue/Middle,3,Robert White,New England United BJJ
Boston Spring International Open IBJJF Jiu-Jitsu Championship 2018,Master2/Male/Blue/Medium-Heavy,1,Jaime Christopher Lopez,Fenix BJJ
Boston Spring International Open IBJJF Jiu-Jitsu Championship 2018,Master2/Male/Blue/Medium-Heavy,2,Trevor Brooks,Central Maine Brazilian Jiu-Jitsu
Boston Spring International Open IBJJF Jiu-Jitsu Championship 2018,Master2/Male/Blue/Medium-Heavy,3,Jerry Anthony Pace,Tim Burrill BJJ
Boston Spring International Open IBJJF Jiu-Jitsu Championship 2018,Master2/Male/Blue/Medium-Heavy,3,Samuel Chhoeng,Fenix BJJ
Boston Spring International Open IBJJF Jiu-Jitsu Championship 2018,Master2/Male/Blue/Heavy,1,Andres Fernando Esparza,Casa of Jiu-Jitsu
Boston Spring International Open IBJJF Jiu-Jitsu Championship 2018,Master2/Male/Blue/Heavy,2,Eric Laporte,Brazilian Top Team
Boston Spring International Open IBJJF Jiu-Jitsu Championship 2018,Master2/Male/Blue/Heavy,3,Daniel Kennedy,Connors MMA
Boston Spring International Open IBJJF Jiu-Jitsu Championship 2018,Master2/Male/Blue/Heavy,3,Ever Alexander Gomez,Fenix BJJ
Boston Spring International Open IBJJF Jiu-Jitsu Championship 2018,Master2/Male/Blue/Ultra-Heavy,1,Karim Hallab,BMAC / GF Team Boston
Boston Spring International Open IBJJF Jiu-Jitsu Championship 2018,Master2/Male/Blue/Ultra-Heavy,2,Michael  Kimsey,Roberto Traven BJJ
Boston Spring International Open IBJJF Jiu-Jitsu Championship 2018,Master2/Male/Blue/Ultra-Heavy,3,Jason Robert Chapman,New England United BJJ
Boston Spring International Open IBJJF Jiu-Jitsu Championship 2018,Master2/Male/Blue/Ultra-Heavy,3,Steeve Vigneau,Brazilian Top Team
Boston Spring International Open IBJJF Jiu-Jitsu Championship 2018,Master2/Male/Blue/OpenClass,1,Nicolas Champoux,Brazilian Top Team
Boston Spring International Open IBJJF Jiu-Jitsu Championship 2018,Master2/Male/Blue/OpenClass,2,Jonathan E Lunde,Fenix BJJ
Boston Spring International Open IBJJF Jiu-Jitsu Championship 2018,Master2/Male/Blue/OpenClass,3,Cid Riddel Costa,GF Team
Boston Spring International Open IBJJF Jiu-Jitsu Championship 2018,Master2/Male/Blue/OpenClass,3,Steeve Vigneau,Brazilian Top Team
Boston Spring International Open IBJJF Jiu-Jitsu Championship 2018,Master2/Male/Purple/Feather,1,Sanderson Fragoso,Fenix BJJ
Boston Spring International Open IBJJF Jiu-Jitsu Championship 2018,Master2/Male/Purple/Feather,2,Paul Do,Brazil 021 International
Boston Spring International Open IBJJF Jiu-Jitsu Championship 2018,Master2/Male/Purple/Feather,3,Ariel Sarno,Helio Soneca BJJ
Boston Spring International Open IBJJF Jiu-Jitsu Championship 2018,Master2/Male/Purple/Light,1,Stephen Chorney,Connors MMA
Boston Spring International Open IBJJF Jiu-Jitsu Championship 2018,Master2/Male/Purple/Light,2,Mayco Rogério Berres,Fenix BJJ
Boston Spring International Open IBJJF Jiu-Jitsu Championship 2018,Master2/Male/Purple/Light,3,Carson Anderson Rothfuss,Vitor Shaolin BJJ
Boston Spring International Open IBJJF Jiu-Jitsu Championship 2018,Master2/Male/Purple/Middle,1,Hildeson  Vilarino,GF Team
Boston Spring International Open IBJJF Jiu-Jitsu Championship 2018,Master2/Male/Purple/Middle,2,Adam David Paul LaDelpha,GF Team
Boston Spring International Open IBJJF Jiu-Jitsu Championship 2018,Master2/Male/Purple/Middle,3,Ramon Hohlenwerger,BMAC / GF Team Boston
Boston Spring International Open IBJJF Jiu-Jitsu Championship 2018,Master2/Male/Purple/Middle,3,Warlley De Freitas,Body of Four
Boston Spring International Open IBJJF Jiu-Jitsu Championship 2018,Master2/Male/Purple/Medium-Heavy,1,Clayton Bundschuh,Caio Terra Association
Boston Spring International Open IBJJF Jiu-Jitsu Championship 2018,Master2/Male/Purple/Medium-Heavy,2,Rômulo Caitano Gomes,Massachusetts Brazilian Jiu Jitsu
Boston Spring International Open IBJJF Jiu-Jitsu Championship 2018,Master2/Male/Purple/Medium-Heavy,3,Alton Deon Moss Jr.,SAS Team USA
Boston Spring International Open IBJJF Jiu-Jitsu Championship 2018,Master2/Male/Purple/Medium-Heavy,3,derek larrabee,New England United BJJ
Boston Spring International Open IBJJF Jiu-Jitsu Championship 2018,Master2/Male/Purple/Heavy,1,Danilo Jose da Silva,GF Team
Boston Spring International Open IBJJF Jiu-Jitsu Championship 2018,Master2/Male/Purple/Heavy,2,Ryan Duhe,Fenix BJJ
Boston Spring International Open IBJJF Jiu-Jitsu Championship 2018,Master2/Male/Purple/Heavy,3,Alexander Antunes,GF Team
Boston Spring International Open IBJJF Jiu-Jitsu Championship 2018,Master2/Male/Purple/Heavy,3,Daniel M Alexander,Renzo Gracie Newark
Boston Spring International Open IBJJF Jiu-Jitsu Championship 2018,Master2/Male/Purple/Super-Heavy,1,Michael Cerrone,Danilo Cherman BJJ
Boston Spring International Open IBJJF Jiu-Jitsu Championship 2018,Master2/Male/Purple/Super-Heavy,2,Douglas Menezes,Brazilian Top Team
Boston Spring International Open IBJJF Jiu-Jitsu Championship 2018,Master2/Male/Purple/Super-Heavy,3,Douglas Franco dos Santos,Gracie Barra
Boston Spring International Open IBJJF Jiu-Jitsu Championship 2018,Master2/Male/Purple/Ultra-Heavy,1,Melvin Rivera,Brazil 021 International
Boston Spring International Open IBJJF Jiu-Jitsu Championship 2018,Master2/Male/Purple/OpenClass,1,Douglas Menezes,Brazilian Top Team
Boston Spring International Open IBJJF Jiu-Jitsu Championship 2018,Master2/Male/Purple/OpenClass,2,Michael Cerrone,Danilo Cherman BJJ
Boston Spring International Open IBJJF Jiu-Jitsu Championship 2018,Master2/Male/Purple/OpenClass,3,Alton Deon Moss Jr.,SAS Team USA
Boston Spring International Open IBJJF Jiu-Jitsu Championship 2018,Master2/Male/Purple/OpenClass,3,Danilo Jose da Silva,GF Team
Boston Spring International Open IBJJF Jiu-Jitsu Championship 2018,Master2/Male/Brown/Light,1,Matthew Doucette,Fenix BJJ
Boston Spring International Open IBJJF Jiu-Jitsu Championship 2018,Master2/Male/Brown/Light,2,Daniel Phoenix,Massachusetts Brazilian Jiu Jitsu
Boston Spring International Open IBJJF Jiu-Jitsu Championship 2018,Master2/Male/Brown/Light,3,Peter Beerman,RCJ Machado
Boston Spring International Open IBJJF Jiu-Jitsu Championship 2018,Master2/Male/Brown/Middle,1,Thiago A. Thomaz,SAS Team
Boston Spring International Open IBJJF Jiu-Jitsu Championship 2018,Master2/Male/Brown/Middle,2,Dustin Shelton,Roberto Traven BJJ
Boston Spring International Open IBJJF Jiu-Jitsu Championship 2018,Master2/Male/Brown/Middle,3,Edvinas Maciulskas,Gracie Sports USA
Boston Spring International Open IBJJF Jiu-Jitsu Championship 2018,Master2/Male/Brown/Medium-Heavy,1,Roberto Repetto Coelho,Brazilian Top Team
Boston Spring International Open IBJJF Jiu-Jitsu Championship 2018,Master2/Male/Brown/Medium-Heavy,2,Jose Fabiano Maruaga De Oliveira,Icon Jiu-Jitsu Team - USA
Boston Spring International Open IBJJF Jiu-Jitsu Championship 2018,Master2/Male/Brown/Medium-Heavy,3,Andrew Barth,Zenith BJJ - USA
Boston Spring International Open IBJJF Jiu-Jitsu Championship 2018,Master2/Male/Brown/Medium-Heavy,3,Sean Rooney,Zenith BJJ - USA
Boston Spring International Open IBJJF Jiu-Jitsu Championship 2018,Master2/Male/Brown/Heavy,1,Brian Deery,GF Team
Boston Spring International Open IBJJF Jiu-Jitsu Championship 2018,Master2/Male/Brown/Ultra-Heavy,1,roberto amaral,Brazilian Top Team
Boston Spring International Open IBJJF Jiu-Jitsu Championship 2018,Master2/Male/Brown/OpenClass,1,Roberto Repetto Coelho,Brazilian Top Team
Boston Spring International Open IBJJF Jiu-Jitsu Championship 2018,Master2/Male/Brown/OpenClass,2,Dustin Shelton,Roberto Traven BJJ
Boston Spring International Open IBJJF Jiu-Jitsu Championship 2018,Master2/Male/Brown/OpenClass,3,roberto amaral,Brazilian Top Team
Boston Spring International Open IBJJF Jiu-Jitsu Championship 2018,Master2/Male/Brown/OpenClass,3,Thiago A. Thomaz,SAS Team
Boston Spring International Open IBJJF Jiu-Jitsu Championship 2018,Master2/Male/Black/Light,1,Anderson Silverio da Silva,Brazil 021 International
Boston Spring International Open IBJJF Jiu-Jitsu Championship 2018,Master2/Male/Black/Light,2,Marcos Tulio De Melo Machado,Brazilian Top Team
Boston Spring International Open IBJJF Jiu-Jitsu Championship 2018,Master2/Male/Black/Light,3,Rodrigo Vandré de Souza Ramos,Juniko'
Boston Spring International Open IBJJF Jiu-Jitsu Championship 2018,Master2/Male/Black/Middle,1,Joao Paulo Meira Cruvinel,GF Team
Boston Spring International Open IBJJF Jiu-Jitsu Championship 2018,Master2/Male/Black/Middle,2,Marcos Paulo Cruvinel,GF Team
Boston Spring International Open IBJJF Jiu-Jitsu Championship 2018,Master2/Male/Black/Middle,3,Luis Fernando Perez Belmar,Cohab Chile
Boston Spring International Open IBJJF Jiu-Jitsu Championship 2018,Master2/Male/Black/Middle,3,Michael Robert Katilus,CheckMat
Boston Spring International Open IBJJF Jiu-Jitsu Championship 2018,Master2/Male/Black/Medium-Heavy,1,Raphael B. Carneiro Fischetti,Fenix BJJ
Boston Spring International Open IBJJF Jiu-Jitsu Championship 2018,Master2/Male/Black/Medium-Heavy,2,Mario Alberto Gomez,Louis Vintaloro Jiu-Jitsu
Boston Spring International Open IBJJF Jiu-Jitsu Championship 2018,Master2/Male/Black/Medium-Heavy,3,Guilherme Rigo Junior,G13 BJJ
Boston Spring International Open IBJJF Jiu-Jitsu Championship 2018,Master2/Male/Black/Medium-Heavy,3,Mark O. Raposo,Fenix BJJ
Boston Spring International Open IBJJF Jiu-Jitsu Championship 2018,Master2/Male/Black/Heavy,1,Lourival Julio da S. Binda,Zenith BJJ - Las Vegas
Boston Spring International Open IBJJF Jiu-Jitsu Championship 2018,Master2/Male/Black/Heavy,2,Sérgio Gutierrez,Louis Vintaloro Jiu-Jitsu
Boston Spring International Open IBJJF Jiu-Jitsu Championship 2018,Master2/Male/Black/Heavy,3,Fábio Holanda Cavalcante,Brazilian Top Team
Boston Spring International Open IBJJF Jiu-Jitsu Championship 2018,Master2/Male/Black/Heavy,3,Oleg Alf,TAC Team BJJ
Boston Spring International Open IBJJF Jiu-Jitsu Championship 2018,Master2/Male/Black/Super-Heavy,1,Rogerio Sena Dos Santos,GF Team
Boston Spring International Open IBJJF Jiu-Jitsu Championship 2018,Master2/Male/Black/Super-Heavy,2,Rizki Setia,Fenix BJJ
Boston Spring International Open IBJJF Jiu-Jitsu Championship 2018,Master2/Male/Black/Ultra-Heavy,1,Juliano Sousa Coutinho,Juniko'
Boston Spring International Open IBJJF Jiu-Jitsu Championship 2018,Master2/Male/Black/Ultra-Heavy,2,William Link,McVicker's Brazilian Jiu Jitsu
Boston Spring International Open IBJJF Jiu-Jitsu Championship 2018,Master2/Male/Black/OpenClass,1,Guilherme Rigo Junior,G13 BJJ
Boston Spring International Open IBJJF Jiu-Jitsu Championship 2018,Master2/Male/Black/OpenClass,2,Marcos Tulio De Melo Machado,Brazilian Top Team
Boston Spring International Open IBJJF Jiu-Jitsu Championship 2018,Master2/Male/Black/OpenClass,3,Fábio Holanda Cavalcante,Brazilian Top Team
Boston Spring International Open IBJJF Jiu-Jitsu Championship 2018,Master2/Male/Black/OpenClass,3,Mark O. Raposo,Fenix BJJ
Boston Spring International Open IBJJF Jiu-Jitsu Championship 2018,Master3/Male/Blue/Light,1,Nathan Mihelis,Brazil 021 International
Boston Spring International Open IBJJF Jiu-Jitsu Championship 2018,Master3/Male/Blue/Light,2,Santiago Marco,GF Team
Boston Spring International Open IBJJF Jiu-Jitsu Championship 2018,Master3/Male/Blue/Light,3,Aleides  Gomes,Brazil 021 International
Boston Spring International Open IBJJF Jiu-Jitsu Championship 2018,Master3/Male/Blue/Light,3,Todd Jeffrey Kreutzer,Pedro Sauer Team
Boston Spring International Open IBJJF Jiu-Jitsu Championship 2018,Master3/Male/Blue/Middle,1,Andrew Chang,Brazil 021 International
Boston Spring International Open IBJJF Jiu-Jitsu Championship 2018,Master3/Male/Blue/Middle,2,Jon-Manuel Rose,Juniko'
Boston Spring International Open IBJJF Jiu-Jitsu Championship 2018,Master3/Male/Blue/Middle,3,Christopher Maniachi,Fenix BJJ
Boston Spring International Open IBJJF Jiu-Jitsu Championship 2018,Master3/Male/Blue/Middle,3,Michael Hunihan,Soul Fighters BJJ Connecticut
Boston Spring International Open IBJJF Jiu-Jitsu Championship 2018,Master3/Male/Blue/Medium-Heavy,1,Augusto Cesar,GF Team
Boston Spring International Open IBJJF Jiu-Jitsu Championship 2018,Master3/Male/Blue/Medium-Heavy,2,Ed Tapia,Brazilian Top Team
Boston Spring International Open IBJJF Jiu-Jitsu Championship 2018,Master3/Male/Blue/Medium-Heavy,3,Kevin C. Filkoski,GF Team
Boston Spring International Open IBJJF Jiu-Jitsu Championship 2018,Master3/Male/Blue/Medium-Heavy,3,Mathieu Hébert,Brazilian Top Team
Boston Spring International Open IBJJF Jiu-Jitsu Championship 2018,Master3/Male/Blue/Heavy,1,Estefano E Isaias,Rilion Gracie Jiu-Jitsu Academy
Boston Spring International Open IBJJF Jiu-Jitsu Championship 2018,Master3/Male/Blue/Heavy,2,Jay Ierardi,Connors MMA
Boston Spring International Open IBJJF Jiu-Jitsu Championship 2018,Master3/Male/Blue/Ultra-Heavy,1,Marcel Omar Mullings,Fenix BJJ
Boston Spring International Open IBJJF Jiu-Jitsu Championship 2018,Master3/Male/Blue/Ultra-Heavy,2,Christopher Block,Fenix BJJ
Boston Spring International Open IBJJF Jiu-Jitsu Championship 2018,Master3/Male/Blue/Ultra-Heavy,3,Sergio Claudio Sousa,Juniko'
Boston Spring International Open IBJJF Jiu-Jitsu Championship 2018,Master3/Male/Blue/OpenClass,1,Estefano E Isaias,Rilion Gracie Jiu-Jitsu Academy
Boston Spring International Open IBJJF Jiu-Jitsu Championship 2018,Master3/Male/Blue/OpenClass,2,Marcel Omar Mullings,Fenix BJJ
Boston Spring International Open IBJJF Jiu-Jitsu Championship 2018,Master3/Male/Blue/OpenClass,3,Augusto Cesar,GF Team
Boston Spring International Open IBJJF Jiu-Jitsu Championship 2018,Master3/Male/Blue/OpenClass,3,Christopher Block,Fenix BJJ
Boston Spring International Open IBJJF Jiu-Jitsu Championship 2018,Master3/Male/Purple/Feather,1,Jose V. Fernandez Jr.,GF Team
Boston Spring International Open IBJJF Jiu-Jitsu Championship 2018,Master3/Male/Purple/Feather,2,Eric V. Plourde,Danilo Cherman BJJ
Boston Spring International Open IBJJF Jiu-Jitsu Championship 2018,Master3/Male/Purple/Feather,3,Albert Delp,Pedro Sauer Team
Boston Spring International Open IBJJF Jiu-Jitsu Championship 2018,Master3/Male/Purple/Middle,1,Amaury Adao Ferreira Bonfim,GF Team
Boston Spring International Open IBJJF Jiu-Jitsu Championship 2018,Master3/Male/Purple/Ultra-Heavy,1,James Walsh,GF Team
Boston Spring International Open IBJJF Jiu-Jitsu Championship 2018,Master3/Male/Purple/Ultra-Heavy,2,James Rosiello,G13 BJJ
Boston Spring International Open IBJJF Jiu-Jitsu Championship 2018,Master3/Male/Purple/Ultra-Heavy,3,Branislav Cenanovic,Fenix BJJ
Boston Spring International Open IBJJF Jiu-Jitsu Championship 2018,Master3/Male/Purple/OpenClass,1,James Walsh,GF Team
Boston Spring International Open IBJJF Jiu-Jitsu Championship 2018,Master3/Male/Purple/OpenClass,2,Branislav Cenanovic,Fenix BJJ
Boston Spring International Open IBJJF Jiu-Jitsu Championship 2018,Master3/Male/Purple/OpenClass,3,Amaury Adao Ferreira Bonfim,GF Team
Boston Spring International Open IBJJF Jiu-Jitsu Championship 2018,Master3/Male/Brown/Middle,1,Kenneth Stokes,Clockwork Jiu-Jitsu
Boston Spring International Open IBJJF Jiu-Jitsu Championship 2018,Master3/Male/Brown/Middle,2,Joshua G. Roy,Alliance
Boston Spring International Open IBJJF Jiu-Jitsu Championship 2018,Master3/Male/Brown/Middle,3,Brett W Oteri,New England United BJJ
Boston Spring International Open IBJJF Jiu-Jitsu Championship 2018,Master3/Male/Brown/Middle,3,Jonathan J. Key,Atos Jiu-Jitsu
Boston Spring International Open IBJJF Jiu-Jitsu Championship 2018,Master3/Male/Brown/Medium-Heavy,1,Adam Barbee,Renzo Gracie Newark
Boston Spring International Open IBJJF Jiu-Jitsu Championship 2018,Master3/Male/Brown/Medium-Heavy,2,Todd Tardiff,Team Jucão USA
Boston Spring International Open IBJJF Jiu-Jitsu Championship 2018,Master3/Male/Brown/Medium-Heavy,3,Michael Bourque,Fenix BJJ
Boston Spring International Open IBJJF Jiu-Jitsu Championship 2018,Master3/Male/Brown/Heavy,1,JJ Filipovic,Zenith BJJ - Canada
Boston Spring International Open IBJJF Jiu-Jitsu Championship 2018,Master3/Male/Brown/Heavy,2,Aaron Wolbach,Team Jucão USA
Boston Spring International Open IBJJF Jiu-Jitsu Championship 2018,Master3/Male/Brown/Ultra-Heavy,1,Brent Hamilton,Roberto Traven BJJ
Boston Spring International Open IBJJF Jiu-Jitsu Championship 2018,Master3/Male/Brown/Ultra-Heavy,2,Kenny Quon,GF Team
Boston Spring International Open IBJJF Jiu-Jitsu Championship 2018,Master3/Male/Brown/OpenClass,1,Brent Hamilton,Roberto Traven BJJ
Boston Spring International Open IBJJF Jiu-Jitsu Championship 2018,Master3/Male/Brown/OpenClass,2,Brett W Oteri,New England United BJJ
Boston Spring International Open IBJJF Jiu-Jitsu Championship 2018,Master3/Male/Brown/OpenClass,3,JJ Filipovic,Zenith BJJ - Canada
Boston Spring International Open IBJJF Jiu-Jitsu Championship 2018,Master3/Male/Black/Feather,1,Jose Paulo de Moura,Boca Team
Boston Spring International Open IBJJF Jiu-Jitsu Championship 2018,Master3/Male/Black/Feather,2,Scott R. Green,Fenix BJJ
Boston Spring International Open IBJJF Jiu-Jitsu Championship 2018,Master3/Male/Black/Light,1,Wojciech Husak,Atos JJ USA
Boston Spring International Open IBJJF Jiu-Jitsu Championship 2018,Master3/Male/Black/Light,2,Oscar G. Calderon,Icon Jiu-Jitsu Team - USA
Boston Spring International Open IBJJF Jiu-Jitsu Championship 2018,Master3/Male/Black/Light,3,Ronaldo Baptista Campos,Fenix BJJ
Boston Spring International Open IBJJF Jiu-Jitsu Championship 2018,Master3/Male/Black/Middle,1,Magdo Alexandre Vasco de Santana,Brazilian Top Team
Boston Spring International Open IBJJF Jiu-Jitsu Championship 2018,Master3/Male/Black/Middle,2,Guy Montreuil,Brazilian Top Team
Boston Spring International Open IBJJF Jiu-Jitsu Championship 2018,Master3/Male/Black/Middle,3,Bryan C Hefner,McVicker's Brazilian Jiu Jitsu
Boston Spring International Open IBJJF Jiu-Jitsu Championship 2018,Master3/Male/Black/Medium-Heavy,1,Kevin D. Landry,Renzo Gracie Academy
Boston Spring International Open IBJJF Jiu-Jitsu Championship 2018,Master3/Male/Black/Medium-Heavy,2,Fabricio Gazal Queiroz,Fenix BJJ
Boston Spring International Open IBJJF Jiu-Jitsu Championship 2018,Master3/Male/Black/Heavy,1,André Fernando Alves Terêncio,Brazil 021 International
Boston Spring International Open IBJJF Jiu-Jitsu Championship 2018,Master3/Male/Black/Heavy,2,Fabiano Teles,Soul Fighters BJJ Connecticut
Boston Spring International Open IBJJF Jiu-Jitsu Championship 2018,Master3/Male/Black/Super-Heavy,1,Sergio  Martins,Brazilian Top Team
Boston Spring International Open IBJJF Jiu-Jitsu Championship 2018,Master3/Male/Black/Super-Heavy,2,Victor Martinez Torres,Cascao Jiu-Jitsu
Boston Spring International Open IBJJF Jiu-Jitsu Championship 2018,Master3/Male/Black/Ultra-Heavy,1,Cristian V. Augusto,New England United BJJ
Boston Spring International Open IBJJF Jiu-Jitsu Championship 2018,Master3/Male/Black/Ultra-Heavy,2,Michael Zenga,Brazilian Top Team
Boston Spring International Open IBJJF Jiu-Jitsu Championship 2018,Master3/Male/Black/Ultra-Heavy,3,Joshua Robert Rapport,Jiu-Jitsu For Life Team
Boston Spring International Open IBJJF Jiu-Jitsu Championship 2018,Master3/Male/Black/OpenClass,1,Cristian V. Augusto,New England United BJJ
Boston Spring International Open IBJJF Jiu-Jitsu Championship 2018,Master3/Male/Black/OpenClass,2,Guy Montreuil,Brazilian Top Team
Boston Spring International Open IBJJF Jiu-Jitsu Championship 2018,Master3/Male/Black/OpenClass,3,Jose Paulo de Moura,Boca Team
Boston Spring International Open IBJJF Jiu-Jitsu Championship 2018,Master3/Male/Black/OpenClass,3,Michael Zenga,Brazilian Top Team
Boston Spring International Open IBJJF Jiu-Jitsu Championship 2018,Master4/Male/Blue/Heavy,1,Jason Walker,New England United BJJ
Boston Spring International Open IBJJF Jiu-Jitsu Championship 2018,Master4/Male/Blue/Heavy,2,Jamie Gaeta,Renzo Gracie Academy
Boston Spring International Open IBJJF Jiu-Jitsu Championship 2018,Master4/Male/Blue/Heavy,3,Leo Fay,Fenix BJJ
Boston Spring International Open IBJJF Jiu-Jitsu Championship 2018,Master4/Male/Blue/Ultra-Heavy,1,Rosario Ragusa,Brazilian Top Team
Boston Spring International Open IBJJF Jiu-Jitsu Championship 2018,Master4/Male/Blue/Ultra-Heavy,2,Eric Gaetan Pare,Danilo Cherman BJJ
Boston Spring International Open IBJJF Jiu-Jitsu Championship 2018,Master4/Male/Blue/Ultra-Heavy,3,Patrice O. Inda,Connors MMA
Boston Spring International Open IBJJF Jiu-Jitsu Championship 2018,Master4/Male/Blue/Ultra-Heavy,3,Stephen Wimpenney,GF Team
Boston Spring International Open IBJJF Jiu-Jitsu Championship 2018,Master4/Male/Blue/OpenClass,1,Rosario Ragusa,Brazilian Top Team
Boston Spring International Open IBJJF Jiu-Jitsu Championship 2018,Master4/Male/Purple/Light,1,John Cambronero,Serra BJJ Academy
Boston Spring International Open IBJJF Jiu-Jitsu Championship 2018,Master4/Male/Purple/Middle,1,Gregory Cinelli,Fenix BJJ
Boston Spring International Open IBJJF Jiu-Jitsu Championship 2018,Master4/Male/Purple/Middle,2,Jeffrey Allen Coger,Gracie Barra
Boston Spring International Open IBJJF Jiu-Jitsu Championship 2018,Master4/Male/Purple/Middle,3,John Burke,Connors MMA
Boston Spring International Open IBJJF Jiu-Jitsu Championship 2018,Master4/Male/Purple/Middle,3,Kurt Pechinsky,Pellegrino Mixed Martial Arts
Boston Spring International Open IBJJF Jiu-Jitsu Championship 2018,Master4/Male/Purple/Super-Heavy,1,Ladislav Mathis,Team Oliveira
Boston Spring International Open IBJJF Jiu-Jitsu Championship 2018,Master4/Male/Purple/Super-Heavy,2,James C Hevner,Fenix BJJ
Boston Spring International Open IBJJF Jiu-Jitsu Championship 2018,Master4/Male/Purple/Ultra-Heavy,1,Monte Tanner,Presa Brazilian Jiu-Jitsu
Boston Spring International Open IBJJF Jiu-Jitsu Championship 2018,Master4/Male/Purple/OpenClass,1,James C Hevner,Fenix BJJ
Boston Spring International Open IBJJF Jiu-Jitsu Championship 2018,Master4/Male/Purple/OpenClass,2,Gregory Cinelli,Fenix BJJ
Boston Spring International Open IBJJF Jiu-Jitsu Championship 2018,Master4/Male/Purple/OpenClass,3,John Cambronero,Serra BJJ Academy
Boston Spring International Open IBJJF Jiu-Jitsu Championship 2018,Master4/Male/Purple/OpenClass,3,Monte Tanner,Presa Brazilian Jiu-Jitsu
Boston Spring International Open IBJJF Jiu-Jitsu Championship 2018,Master4/Male/Brown/Light,1,Mark A. Moynihan,Gladiator BJJ
Boston Spring International Open IBJJF Jiu-Jitsu Championship 2018,Master4/Male/Brown/Middle,1,Arturo J. Morales,New England United BJJ
Boston Spring International Open IBJJF Jiu-Jitsu Championship 2018,Master4/Male/Brown/Super-Heavy,1,Tag Atkinson,Action and Reaction Mixed Martial Arts
Boston Spring International Open IBJJF Jiu-Jitsu Championship 2018,Master4/Male/Brown/OpenClass,1,Tag Atkinson,Action and Reaction Mixed Martial Arts
Boston Spring International Open IBJJF Jiu-Jitsu Championship 2018,Master4/Male/Brown/OpenClass,2,Mark A. Moynihan,Gladiator BJJ
Boston Spring International Open IBJJF Jiu-Jitsu Championship 2018,Master4/Male/Brown/OpenClass,3,Arturo J. Morales,New England United BJJ
Boston Spring International Open IBJJF Jiu-Jitsu Championship 2018,Master4/Male/Black/Light,1,John William Orr,Brazilian Top Team
Boston Spring International Open IBJJF Jiu-Jitsu Championship 2018,Master4/Male/Black/Light,2,Daniel McCarthy,Alliance
Boston Spring International Open IBJJF Jiu-Jitsu Championship 2018,Master4/Male/Black/Super-Heavy,1,Claudio Márcio Nunes Meneses,Cei Jiu-Jitsu
Boston Spring International Open IBJJF Jiu-Jitsu Championship 2018,Master4/Male/Black/Super-Heavy,2,Michael James Varner,Fenix BJJ
Boston Spring International Open IBJJF Jiu-Jitsu Championship 2018,Master4/Male/Black/OpenClass,1,Claudio Márcio Nunes Meneses,Cei Jiu-Jitsu
Boston Spring International Open IBJJF Jiu-Jitsu Championship 2018,Master6/Male/Blue/Super-Heavy,1,James Fedell,Brazilian Top Team
Boston Spring International Open IBJJF Jiu-Jitsu Championship 2018,Master6/Male/Blue/Super-Heavy,2,Philip George Rinaldi,American Top Team Connecticut
Boston Spring International Open IBJJF Jiu-Jitsu Championship 2018,Master6/Male/Blue/OpenClass,1,James Fedell,Brazilian Top Team
Boston Spring International Open IBJJF Jiu-Jitsu Championship 2018,Master6/Male/Brown/Feather,1,Daniel Eric Baloche,Team Link
Boston Spring International Open IBJJF Jiu-Jitsu Championship 2018,Master6/Male/Brown/Feather,2,Jeff Humphrey,Alliance
Boston Spring International Open IBJJF Jiu-Jitsu Championship 2018,Master6/Male/Brown/OpenClass,1,Daniel Eric Baloche,Team Link
Boston Spring International Open IBJJF Jiu-Jitsu Championship 2018,Juvenile/Male/White/Feather,1,Sebastian Robert Marciano,Pedro Sauer Team
Boston Spring International Open IBJJF Jiu-Jitsu Championship 2018,Juvenile/Male/White/Feather,2,Andrew Than,Fenix BJJ
Boston Spring International Open IBJJF Jiu-Jitsu Championship 2018,Juvenile/Male/Blue/Middle,1,Carlos Heredia,GF Team
Boston Spring International Open IBJJF Jiu-Jitsu Championship 2018,Juvenile/Male/Blue/Middle,2,Christos Papadelos,Brazil 021 International
Boston Spring International Open IBJJF Jiu-Jitsu Championship 2018,Juvenile/Male/Blue/Middle,3,João Victor Cordeiro Valdevino,Centro de Treinamento Maringá
