Long Beach Fall International Open 2013,Juvenile/Male/Blue/Feather,1,Kennedy Leonardo Maciel,Alliance
Long Beach Fall International Open 2013,Juvenile/Male/Blue/Feather,2,Tomas Salas III,Undisputed
Long Beach Fall International Open 2013,Juvenile/Male/Blue/Feather,3,Joseph Angel Aman Jr.,American Top Team
Long Beach Fall International Open 2013,Juvenile/Female/Blue/Heavy,1,Alexis Iriyani Bellew,Gracie Humaita
Long Beach Fall International Open 2013,Adult/Male/White/Light-Feather,1,Connor Olson,Brasa Caio Terra
Long Beach Fall International Open 2013,Adult/Male/White/Light-Feather,2,Roy  Calloway,Brazilian Top Team Long Beach
Long Beach Fall International Open 2013,Adult/Male/White/Light-Feather,3,Albert Pulido,Alliance
Long Beach Fall International Open 2013,Adult/Male/White/Light-Feather,3,Brian Bellows,BJJ Revolution Team
Long Beach Fall International Open 2013,Adult/Male/White/Feather,1,Roberto Eliseo Sosa,Gracie Morumbi
Long Beach Fall International Open 2013,Adult/Male/White/Feather,2,Diego Balarezi,Cia Paulista USA
Long Beach Fall International Open 2013,Adult/Male/White/Feather,3,Beau Brooks,Gracie Morumbi
Long Beach Fall International Open 2013,Adult/Male/White/Feather,3,Jeffrey Chiang,Alliance
Long Beach Fall International Open 2013,Adult/Male/White/Light,1,Norman Wong,Gracie Barra
Long Beach Fall International Open 2013,Adult/Male/White/Light,2,Salvador Aceves Jr,Cleber Jiu Jitsu
Long Beach Fall International Open 2013,Adult/Male/White/Light,3,Aleksey Kuzmenko,Impact Jiu Jitsu
Long Beach Fall International Open 2013,Adult/Male/White/Light,3,Antonio Valencia-Botha,Black House Redondo Beach
Long Beach Fall International Open 2013,Adult/Male/White/Middle,1,Tayfun Hekimoglu,Brazilian Top Team Long Beach
Long Beach Fall International Open 2013,Adult/Male/White/Middle,2,Tim Sowell,Gracie Morumbi
Long Beach Fall International Open 2013,Adult/Male/White/Middle,3,Ilya Khramstov,Beverly Hills Jiu Jitsu Club
Long Beach Fall International Open 2013,Adult/Male/White/Middle,3,Luca Bellotti,CheckMat USA
Long Beach Fall International Open 2013,Adult/Male/White/Medium-Heavy,1,Manatea COURAUD,Rocian Gracie Junior de Jiu-Jitsu
Long Beach Fall International Open 2013,Adult/Male/White/Medium-Heavy,2,Patrick Kelley,Gracie Barra
Long Beach Fall International Open 2013,Adult/Male/White/Medium-Heavy,3,Antonio Gutierrez,Absolute Behring
Long Beach Fall International Open 2013,Adult/Male/White/Medium-Heavy,3,Eric LaShelle,Kron Gracie Jiu Jitsu
Long Beach Fall International Open 2013,Adult/Male/White/Heavy,1,Aryeh Newman,Brazilian Top Team Long Beach
Long Beach Fall International Open 2013,Adult/Male/White/Heavy,2,Mark George Pavitch,Cia Paulista USA
Long Beach Fall International Open 2013,Adult/Male/White/Heavy,3,Brian Stanley,Brazilian Top Team Long Beach
Long Beach Fall International Open 2013,Adult/Male/White/Heavy,3,Mark Holford,Ribeiro Jiu-Jitsu
Long Beach Fall International Open 2013,Adult/Male/White/Super-Heavy,1,george macias,Tinguinha BJJ academy
Long Beach Fall International Open 2013,Adult/Male/White/Super-Heavy,2,John Pan,Brazilian Top Team Long Beach
Long Beach Fall International Open 2013,Adult/Male/White/Ultra-Heavy,1,Justin  May,Cleber Jiu Jitsu
Long Beach Fall International Open 2013,Adult/Male/White/Ultra-Heavy,2,Denton Hoover,Zenith BJJ
Long Beach Fall International Open 2013,Adult/Male/White/Ultra-Heavy,3,Christopher Castro,Neutral Grounds /  Gracie Jiu Jitsu Long Beach
Long Beach Fall International Open 2013,Adult/Male/White/Ultra-Heavy,3,Marco Egurvide,Brazilian Top Team Long Beach
Long Beach Fall International Open 2013,Adult/Female/White/Light-Feather,1,Sheila  Padilla,Cleber Jiu Jitsu
Long Beach Fall International Open 2013,Adult/Female/White/Light-Feather,2,Kathleen Weismiller,Gracie Humaita
Long Beach Fall International Open 2013,Adult/Female/White/Light-Feather,3,Kathleen Leon,Atos Jiu-Jitsu
Long Beach Fall International Open 2013,Adult/Female/White/Light-Feather,3,Samira  Ramirez Diniz,Atos Jiu-Jitsu
Long Beach Fall International Open 2013,Adult/Female/White/Feather,1,HANNA MARIE COLCOL,Alliance
Long Beach Fall International Open 2013,Adult/Female/White/Feather,2,Patti  Kangas,GF Team California
Long Beach Fall International Open 2013,Adult/Female/White/Light,1,Madison Chase Owning,Team Maxwell
Long Beach Fall International Open 2013,Adult/Female/White/Light,2,crystal valdez,Cleber Jiu Jitsu
Long Beach Fall International Open 2013,Adult/Female/White/Middle,1,justina gerrard,Cleber Jiu Jitsu
Long Beach Fall International Open 2013,Adult/Female/White/Middle,2,Emma Valdez,Carlson Gracie Team
Long Beach Fall International Open 2013,Adult/Female/White/Medium-Heavy,1,Jessica Conser,Cleber Jiu Jitsu
Long Beach Fall International Open 2013,Adult/Male/Blue/Rooster,1,Michael Gatus,Jean Jacques Machado BJJ
Long Beach Fall International Open 2013,Adult/Male/Blue/Rooster,2,Kyle Yoerin,Lovato Jiu-Jitsu OKC
Long Beach Fall International Open 2013,Adult/Male/Blue/Rooster,3,Domingo Marcel Rosas Meneses,Coalition 95
Long Beach Fall International Open 2013,Adult/Male/Blue/Rooster,3,Wesley cortazar,Gracie Barra
Long Beach Fall International Open 2013,Adult/Male/Blue/Light-Feather,1,Mason Monsevais,Atos Jiu-Jitsu
Long Beach Fall International Open 2013,Adult/Male/Blue/Light-Feather,2,Robert Naputi,Coalition 95
Long Beach Fall International Open 2013,Adult/Male/Blue/Light-Feather,3,felix garcia,Gracie Barra
Long Beach Fall International Open 2013,Adult/Male/Blue/Light-Feather,3,Vue Yang,Gracie Humaita
Long Beach Fall International Open 2013,Adult/Male/Blue/Feather,1,Spencer Royce Nogawa,Atos Jiu-Jitsu
Long Beach Fall International Open 2013,Adult/Male/Blue/Feather,2,Camille Clement,BJJ Revolution Team
Long Beach Fall International Open 2013,Adult/Male/Blue/Feather,3,Andrew Walter,CheckMat
Long Beach Fall International Open 2013,Adult/Male/Blue/Feather,3,Michael Arshag Khatchikian,Gracie Barra
Long Beach Fall International Open 2013,Adult/Male/Blue/Light,1,Benjamin Silva IV,Brasa Caio Terra
Long Beach Fall International Open 2013,Adult/Male/Blue/Light,2,Joseph Herbrandson,Carlson Gracie Team
Long Beach Fall International Open 2013,Adult/Male/Blue/Light,3,Angel  Alvarez,Gracie Barra
Long Beach Fall International Open 2013,Adult/Male/Blue/Light,3,Connor James Donaldson,Gracie Barra BJJ
Long Beach Fall International Open 2013,Adult/Male/Blue/Middle,1,Thomas John Keenan,Nova União USA
Long Beach Fall International Open 2013,Adult/Male/Blue/Middle,2,Phillip Ryan Palalay,Gracie Humaita
Long Beach Fall International Open 2013,Adult/Male/Blue/Middle,3,Daniel Lee,Gracie Barra BJJ
Long Beach Fall International Open 2013,Adult/Male/Blue/Middle,3,Michael Thomas,TAC Team BJJ
Long Beach Fall International Open 2013,Adult/Male/Blue/Medium-Heavy,1,Pete O'Neal,Atos Jiu-Jitsu
Long Beach Fall International Open 2013,Adult/Male/Blue/Medium-Heavy,2,Kevin Crane,Gracie Morumbi
Long Beach Fall International Open 2013,Adult/Male/Blue/Medium-Heavy,3,Justin Wohler,Gracie Barra
Long Beach Fall International Open 2013,Adult/Male/Blue/Medium-Heavy,3,Michael Ryu,Brazilian Top Team Long Beach
Long Beach Fall International Open 2013,Adult/Male/Blue/Heavy,1,Richard Semides,Ribeiro Jiu-Jitsu
Long Beach Fall International Open 2013,Adult/Male/Blue/Heavy,2,Ryan Lee,Caio Terra Association
Long Beach Fall International Open 2013,Adult/Male/Blue/Heavy,3,Griffin Conway,Atos Jiu-Jitsu
Long Beach Fall International Open 2013,Adult/Male/Blue/Heavy,3,PAUL SAMSON,Atos Jiu-Jitsu
Long Beach Fall International Open 2013,Adult/Male/Blue/Super-Heavy,1,Kyle Meyer,Sandro Batata Brazilian Jiu-jitsu - Santa Cruz
Long Beach Fall International Open 2013,Adult/Male/Blue/Super-Heavy,2,Sevak Isayan,Gracie Barra
Long Beach Fall International Open 2013,Adult/Male/Blue/Super-Heavy,3,Brian Edward Jennings,Atos Jiu-Jitsu
Long Beach Fall International Open 2013,Adult/Male/Blue/Super-Heavy,3,Dominick Richard Espinoza,Brazilian Top Team Long Beach
Long Beach Fall International Open 2013,Adult/Male/Blue/Ultra-Heavy,1,Lance Kaanoi,SoNo BJJ
Long Beach Fall International Open 2013,Adult/Male/Blue/OpenClass,1,Benjamin Silva IV,Brasa Caio Terra
Long Beach Fall International Open 2013,Adult/Male/Blue/OpenClass,2,Michael Thomas,TAC Team BJJ
Long Beach Fall International Open 2013,Adult/Male/Blue/OpenClass,3,Lance Kaanoi,SoNo BJJ
Long Beach Fall International Open 2013,Adult/Male/Blue/OpenClass,3,Thomas John Keenan,Nova União USA
Long Beach Fall International Open 2013,Adult/Female/Blue/Light-Feather,1,Melissa Dawn Campanella,Jean Jacques Machado BJJ
Long Beach Fall International Open 2013,Adult/Female/Blue/Light-Feather,2,Christina Gonzales,Gracie Barra
Long Beach Fall International Open 2013,Adult/Female/Blue/Light-Feather,3,Cheyenne Wissell,Gracie Morumbi
Long Beach Fall International Open 2013,Adult/Female/Blue/Light-Feather,3,Deborah Micev,Undisputed
Long Beach Fall International Open 2013,Adult/Female/Blue/Feather,1,Lennie Ann Alzate,Undisputed
Long Beach Fall International Open 2013,Adult/Female/Blue/Feather,2,zhavon  resendez,Lotus Club Jiu-Jitsu
Long Beach Fall International Open 2013,Adult/Female/Blue/Feather,3,Juliene Rose Lim,SoNo BJJ
Long Beach Fall International Open 2013,Adult/Female/Blue/Light,1,Elizabeth Jane Exell,Gracie Morumbi
Long Beach Fall International Open 2013,Adult/Female/Blue/Light,2,julie litman,BJJ Revolution Team
Long Beach Fall International Open 2013,Adult/Female/Blue/Light,3,lauren borja,Brazilian Top Team Long Beach
Long Beach Fall International Open 2013,Adult/Female/Blue/Heavy,1,JoAnna Smith,Jean Jacques Machado BJJ
Long Beach Fall International Open 2013,Adult/Female/Blue/OpenClass,1,Elizabeth Jane Exell,Gracie Morumbi
Long Beach Fall International Open 2013,Adult/Female/Blue/OpenClass,2,JoAnna Smith,Jean Jacques Machado BJJ
Long Beach Fall International Open 2013,Adult/Female/Blue/OpenClass,3,Cheyenne Wissell,Gracie Morumbi
Long Beach Fall International Open 2013,Adult/Female/Blue/OpenClass,3,Melissa Dawn Campanella,Jean Jacques Machado BJJ
Long Beach Fall International Open 2013,Adult/Male/Purple/Rooster,1,Kevin Ortiz,Zenith BJJ
Long Beach Fall International Open 2013,Adult/Male/Purple/Rooster,2,Florentino Morales,Alliance
Long Beach Fall International Open 2013,Adult/Male/Purple/Rooster,3,Max Goldberg (repetido 139144),Gracie Barra
Long Beach Fall International Open 2013,Adult/Male/Purple/Light-Feather,1,Adam Paul Ferrara,American Top Team
Long Beach Fall International Open 2013,Adult/Male/Purple/Light-Feather,2,Arnold Gladimir Monterroso,Nova União USA
Long Beach Fall International Open 2013,Adult/Male/Purple/Light-Feather,3,Nicholas Vincenzio Sabatino,United Brazilian Jiu-Jitsu
Long Beach Fall International Open 2013,Adult/Male/Purple/Light-Feather,3,Ruben Estrada Avila,Yemaso Brazilian Jiu-Jitsu
Long Beach Fall International Open 2013,Adult/Male/Purple/Feather,1,Richard Stephen Slomba Jr.,Atos Jiu-Jitsu
Long Beach Fall International Open 2013,Adult/Male/Purple/Feather,2,Ian Felix Delizo,Atos Jiu-Jitsu
Long Beach Fall International Open 2013,Adult/Male/Purple/Feather,3,Anthony Pinedo,Atos JJ International
Long Beach Fall International Open 2013,Adult/Male/Purple/Feather,3,Vincent Mitchell Perez,Atos JJ International
Long Beach Fall International Open 2013,Adult/Male/Purple/Light,1,Mateo Londono Armel,American Top Team
Long Beach Fall International Open 2013,Adult/Male/Purple/Light,2,Magin Llaneza,American Top Team
Long Beach Fall International Open 2013,Adult/Male/Purple/Light,3,Alexander Scott Lane,BJJ Revolution Team
Long Beach Fall International Open 2013,Adult/Male/Purple/Light,3,Brandon Russell,GFTeam Arkansas
Long Beach Fall International Open 2013,Adult/Male/Purple/Middle,1,Daniel-Shea Garcia Stolfi,Atos JJ International
Long Beach Fall International Open 2013,Adult/Male/Purple/Middle,2,Michael Anthony Perez,Atos Jiu-Jitsu
Long Beach Fall International Open 2013,Adult/Male/Purple/Middle,3,erick a leon garcia,Gracie Barra
Long Beach Fall International Open 2013,Adult/Male/Purple/Middle,3,Robby Malof,GF Team Ohio
Long Beach Fall International Open 2013,Adult/Male/Purple/Medium-Heavy,1,Nisar Amin Loynab,Atos Jiu-Jitsu
Long Beach Fall International Open 2013,Adult/Male/Purple/Medium-Heavy,2,John P. Owning,Nova União USA
Long Beach Fall International Open 2013,Adult/Male/Purple/Medium-Heavy,3,Vincent Thomas R. Colcol,Alliance
Long Beach Fall International Open 2013,Adult/Male/Purple/Heavy,1,Pedro Lucas Aguiar Araujo,Gracie Barra
Long Beach Fall International Open 2013,Adult/Male/Purple/Heavy,2,Maitere Taihia,Rocian Gracie Junior de Jiu-Jitsu
Long Beach Fall International Open 2013,Adult/Male/Purple/Heavy,3,Jose Munoz,Nova União USA
Long Beach Fall International Open 2013,Adult/Male/Purple/Ultra-Heavy,1,Dany Guy Steve Gerard,Rocian Gracie Junior de Jiu-Jitsu
Long Beach Fall International Open 2013,Adult/Male/Purple/Ultra-Heavy,2,Yahya Masour Alhammadi,UAE Jiu-jitsu Team
Long Beach Fall International Open 2013,Adult/Male/Purple/OpenClass,1,Dany Guy Steve Gerard,Rocian Gracie Junior de Jiu-Jitsu
Long Beach Fall International Open 2013,Adult/Male/Purple/OpenClass,2,Nisar Amin Loynab,Atos Jiu-Jitsu
Long Beach Fall International Open 2013,Adult/Male/Purple/OpenClass,3,Daniel-Shea Garcia Stolfi,Atos JJ International
Long Beach Fall International Open 2013,Adult/Male/Purple/OpenClass,3,Yahya Masour Alhammadi,UAE Jiu-jitsu Team
Long Beach Fall International Open 2013,Adult/Female/Purple/Feather,1,Rita Lynne Gribben,Gracie Humaita
Long Beach Fall International Open 2013,Adult/Female/Purple/Light,1,Melissa Faith Davis,Brazilian Top Team Long Beach
Long Beach Fall International Open 2013,Adult/Female/Purple/Light,2,April frost,CheckMat USA
Long Beach Fall International Open 2013,Adult/Female/Purple/Light,3,Lysset Tapia,Gracie Barra
Long Beach Fall International Open 2013,Adult/Female/Purple/OpenClass,1,Melissa Faith Davis,Brazilian Top Team Long Beach
Long Beach Fall International Open 2013,Adult/Female/Purple/OpenClass,2,April frost,CheckMat USA
Long Beach Fall International Open 2013,Adult/Female/Purple/OpenClass,3,Lysset Tapia,Gracie Barra
Long Beach Fall International Open 2013,Adult/Female/Purple/OpenClass,3,Rita Lynne Gribben,Gracie Humaita
Long Beach Fall International Open 2013,Adult/Male/Brown/Feather,1,Windson Ramos da Silva,CheckMat
Long Beach Fall International Open 2013,Adult/Male/Brown/Feather,2,Sergio Ernesto Hernandez,Undisputed
Long Beach Fall International Open 2013,Adult/Male/Brown/Feather,3,Michael C W Huang,Heroes Martial Arts
Long Beach Fall International Open 2013,Adult/Male/Brown/Feather,3,Raj Mohan Nair,Brazilian Top Team Long Beach
Long Beach Fall International Open 2013,Adult/Male/Brown/Light,1,Wallace Fernando Santos,Gracie Humaita
Long Beach Fall International Open 2013,Adult/Male/Brown/Middle,1,Cody Randal Cox,Iron Lion Jiu-Jitsu Academy
Long Beach Fall International Open 2013,Adult/Male/Brown/Middle,2,Jason Desmond Youseph,World MMA
Long Beach Fall International Open 2013,Adult/Male/Brown/Middle,3,Hernando Thola Jr.,Gracie Barra
Long Beach Fall International Open 2013,Adult/Male/Brown/Medium-Heavy,1,James Michael Strater-Smith,Easton BJJ
Long Beach Fall International Open 2013,Adult/Male/Brown/Medium-Heavy,2,Ryan John Robinson,Gracie Barra
Long Beach Fall International Open 2013,Adult/Male/Brown/Heavy,1,Brian Irving Carlsen,Easton BJJ
Long Beach Fall International Open 2013,Adult/Male/Brown/Heavy,2,Michael Neal Phelps,Gracie Humaita
Long Beach Fall International Open 2013,Adult/Male/Brown/Heavy,3,Marcos Vinícius dos Reis Bueno,Ryan Gracie Team
Long Beach Fall International Open 2013,Adult/Male/Brown/Super-Heavy,1,Faisal Fahad Al Ketbi,UAE Jiu-jitsu Team
Long Beach Fall International Open 2013,Adult/Male/Brown/Super-Heavy,2,Jason Scott Ackerman,Kron Gracie Jiu Jitsu
Long Beach Fall International Open 2013,Adult/Male/Brown/Super-Heavy,3,Louis De La Pena,Jungle Gym
Long Beach Fall International Open 2013,Adult/Male/Brown/OpenClass,1,James Michael Strater-Smith,Easton BJJ
Long Beach Fall International Open 2013,Adult/Male/Brown/OpenClass,2,Brian Irving Carlsen,Easton BJJ
Long Beach Fall International Open 2013,Adult/Male/Brown/OpenClass,3,Cody Randal Cox,Iron Lion Jiu-Jitsu Academy
Long Beach Fall International Open 2013,Adult/Male/Brown/OpenClass,3,Wallace Fernando Santos,Gracie Humaita
Long Beach Fall International Open 2013,Adult/Male/Black/Light-Feather,1,Caio Terra,Brasa Caio Terra
Long Beach Fall International Open 2013,Adult/Male/Black/Light-Feather,2,Milton Carlos Bastos P. do Nascimento,Paragon BJJ
Long Beach Fall International Open 2013,Adult/Male/Black/Feather,1,Baret Yoshida,Undisputed
Long Beach Fall International Open 2013,Adult/Male/Black/Feather,2,Gustavo Ernesto Carpio Caceres,Marra Senki
Long Beach Fall International Open 2013,Adult/Male/Black/Feather,3,Adam Marc Brofsky,Renzo Gracie Academy
Long Beach Fall International Open 2013,Adult/Male/Black/Middle,1,Carlos Eduardo Ferreira Guimarães,Gracie Barra
Long Beach Fall International Open 2013,Adult/Male/Black/Middle,2,Alex J. Aristides,Serra BJJ Academy
Long Beach Fall International Open 2013,Adult/Male/Black/Medium-Heavy,1,William Martins Morais de Lima,Gracie Barra
Long Beach Fall International Open 2013,Adult/Male/Black/Super-Heavy,1,André Alberto W. Campos,Gracie Barra
Long Beach Fall International Open 2013,Adult/Male/Black/Super-Heavy,2,Leonardo Henrique D'avila Corrêa,Atos Jiu-Jitsu
Long Beach Fall International Open 2013,Adult/Male/Black/Ultra-Heavy,1,Igor Silva,GF Team
Long Beach Fall International Open 2013,Adult/Male/Black/Ultra-Heavy,2,Carlos Eduardo de Araujo Farias,Roberto Traven BJJ
Long Beach Fall International Open 2013,Adult/Male/Black/OpenClass,1,André Alberto W. Campos,Gracie Barra
Long Beach Fall International Open 2013,Adult/Male/Black/OpenClass,2,William Martins Morais de Lima,Gracie Barra
Long Beach Fall International Open 2013,Adult/Male/Black/OpenClass,3,Alex J. Aristides,Serra BJJ Academy
Long Beach Fall International Open 2013,Adult/Male/Black/OpenClass,3,Carlos Eduardo de Araujo Farias,Roberto Traven BJJ
Long Beach Fall International Open 2013,Master1/Male/White/Feather,1,Daniel Montana,Gracie Barra
Long Beach Fall International Open 2013,Master1/Male/White/Feather,2,Marco Cruzada,Carlson Gracie Team
Long Beach Fall International Open 2013,Master1/Male/White/Feather,3,Christopher David Goymer,BJJ Globetrotters
Long Beach Fall International Open 2013,Master1/Male/White/Feather,3,Daniel Huang,Alliance
Long Beach Fall International Open 2013,Master1/Male/White/Light,1,christopher price,Undisputed
Long Beach Fall International Open 2013,Master1/Male/White/Light,2,Marcelo de Paula,Gracie Humaita
Long Beach Fall International Open 2013,Master1/Male/White/Light,3,Niccolo Rosselli,Gracie Barra
Long Beach Fall International Open 2013,Master1/Male/White/Light,3,Ryan Olson,Ribeiro Jiu-Jitsu
Long Beach Fall International Open 2013,Master1/Male/White/Middle,1,RYAN ONEAL,Brazilian Top Team Long Beach
Long Beach Fall International Open 2013,Master1/Male/White/Middle,2,Mark Nieves,CheckMat USA
Long Beach Fall International Open 2013,Master1/Male/White/Middle,3,jacob kappel,Undisputed
Long Beach Fall International Open 2013,Master1/Male/White/Middle,3,steven rodriguez,Atos Jiu-Jitsu
Long Beach Fall International Open 2013,Master1/Male/White/Heavy,1,Terry Hollister,Gracie Barra
Long Beach Fall International Open 2013,Master1/Male/White/Heavy,2,Clay Geilmann,Brazilian Top Team Long Beach
Long Beach Fall International Open 2013,Master1/Male/White/Heavy,3,Bryan Ales,Brazilian Top Team Long Beach
Long Beach Fall International Open 2013,Master1/Male/White/Heavy,3,nam nguyen,Atos Jiu-Jitsu
Long Beach Fall International Open 2013,Master1/Male/White/Ultra-Heavy,1,Jeremy Dunn,Gracie Barra
Long Beach Fall International Open 2013,Master1/Male/White/Ultra-Heavy,2,Morgan Ryono,Brazilian Top Team Long Beach
Long Beach Fall International Open 2013,Master1/Male/White/Ultra-Heavy,3,alfredo rosillo,Jean Jacques Machado BJJ
Long Beach Fall International Open 2013,Master1/Male/Blue/Rooster,1,jason debruyn,Atos Jiu-Jitsu
Long Beach Fall International Open 2013,Master1/Male/Blue/Rooster,2,Daniel David,Brazilian Top Team Long Beach
Long Beach Fall International Open 2013,Master1/Male/Blue/Light-Feather,1,DEAN REGUINDIN,Ribeiro Jiu-Jitsu
Long Beach Fall International Open 2013,Master1/Male/Blue/Light-Feather,2,Arby Magtibay,Jean Jacques Machado BJJ
Long Beach Fall International Open 2013,Master1/Male/Blue/Light-Feather,3,Kenneth Ogami,Alliance
Long Beach Fall International Open 2013,Master1/Male/Blue/Feather,1,Christopher Garcia,Ribeiro Jiu-Jitsu
Long Beach Fall International Open 2013,Master1/Male/Blue/Light,1,Jeffrey Hairston,Atos Jiu-Jitsu
Long Beach Fall International Open 2013,Master1/Male/Blue/Light,2,Alexis Mejia,Undisputed
Long Beach Fall International Open 2013,Master1/Male/Blue/Light,3,Justin Ruttkay,Atos Jiu-Jitsu
Long Beach Fall International Open 2013,Master1/Male/Blue/Light,3,Mohammad Hassanpour,Brazilian Top Team Long Beach
Long Beach Fall International Open 2013,Master1/Male/Blue/Middle,1,Iker Quilez,Black House Redondo Beach
Long Beach Fall International Open 2013,Master1/Male/Blue/Middle,2,paul popplewell,RCJ Machado
Long Beach Fall International Open 2013,Master1/Male/Blue/Middle,3,Benjamin Betz,Undisputed
Long Beach Fall International Open 2013,Master1/Male/Blue/Medium-Heavy,1,David Wayne Butler,Nova União USA
Long Beach Fall International Open 2013,Master1/Male/Blue/Medium-Heavy,2,Mark McCandless,Fabio Santos BJJ
Long Beach Fall International Open 2013,Master1/Male/Blue/Medium-Heavy,3,Jeremy Jackson,Beverly Hills Jiu Jitsu Club
Long Beach Fall International Open 2013,Master1/Male/Blue/Medium-Heavy,3,tony burbanno,CheckMat USA
Long Beach Fall International Open 2013,Master1/Male/Blue/Heavy,1,Fernando A P Smith,Ribeiro Jiu-Jitsu
Long Beach Fall International Open 2013,Master1/Male/Blue/Heavy,2,gabby valdez,Cleber Jiu Jitsu
Long Beach Fall International Open 2013,Master1/Male/Blue/Super-Heavy,1,Vaitea ETILAGE,Clark Gracie Team International
Long Beach Fall International Open 2013,Master1/Male/Blue/Super-Heavy,2,Jeffrey Poyotte,Brazilian Top Team Long Beach
Long Beach Fall International Open 2013,Master1/Male/Blue/Super-Heavy,3,Marcos Vinícius Rocher C. e Silva,Gracie Barra
Long Beach Fall International Open 2013,Master1/Male/Blue/Ultra-Heavy,1,Ronnie Castro,Paragon BJJ Academy
Long Beach Fall International Open 2013,Master1/Male/Blue/OpenClass,1,Fernando A P Smith,Ribeiro Jiu-Jitsu
Long Beach Fall International Open 2013,Master1/Male/Blue/OpenClass,2,gabby valdez,Cleber Jiu Jitsu
Long Beach Fall International Open 2013,Master1/Male/Blue/OpenClass,3,Ronnie Castro,Paragon BJJ Academy
Long Beach Fall International Open 2013,Master1/Female/Blue/Light-Feather,1,Sheree May Lewis,Gracie Humaita
Long Beach Fall International Open 2013,Master1/Female/Blue/Light-Feather,2,Vianey Garcia,Jean Jacques Machado BJJ
Long Beach Fall International Open 2013,Master1/Female/Blue/Light-Feather,3,Ramona Ross,Jean Jacques Machado BJJ
Long Beach Fall International Open 2013,Master1/Female/Blue/Light-Feather,3,Sofia Pimentel,Brazilian Top Team Long Beach
Long Beach Fall International Open 2013,Master1/Female/Blue/Feather,1,Judyann Lee Burgess,Cleber Jiu Jitsu
Long Beach Fall International Open 2013,Master1/Female/Blue/Feather,2,Amy Alonso,Carlson Gracie Team
Long Beach Fall International Open 2013,Master1/Female/Blue/Middle,1,Christine Giaquinto,Gracie Humaita
Long Beach Fall International Open 2013,Master1/Female/Blue/Middle,2,Lilach Etgar,Renzo Gracie LA
Long Beach Fall International Open 2013,Master1/Female/Blue/OpenClass,1,Judyann Lee Burgess,Cleber Jiu Jitsu
Long Beach Fall International Open 2013,Master1/Female/Blue/OpenClass,2,Lilach Etgar,Renzo Gracie LA
Long Beach Fall International Open 2013,Master1/Female/Blue/OpenClass,3,Amy Alonso,Carlson Gracie Team
Long Beach Fall International Open 2013,Master1/Male/Purple/Feather,1,Gustavo Fonseca (repetido 73117),Atos Jiu-Jitsu
Long Beach Fall International Open 2013,Master1/Male/Purple/Feather,2,Robert Arnold,AB Mixed Martial Arts Academy
Long Beach Fall International Open 2013,Master1/Male/Purple/Feather,3,Lev David Lvovsky,Brazilian Top Team Long Beach
Long Beach Fall International Open 2013,Master1/Male/Purple/Feather,3,marlo bautista,Brazilian Top Team Long Beach
Long Beach Fall International Open 2013,Master1/Male/Purple/Light,1,Jonathan  Boone,Alliance
Long Beach Fall International Open 2013,Master1/Male/Purple/Light,2,Richard Everett,Sandro Batata Brazilian Jiu-jitsu - Santa Cruz
Long Beach Fall International Open 2013,Master1/Male/Purple/Light,3,Andrew Dean Weatherhead,Zenith BJJ - Canada
Long Beach Fall International Open 2013,Master1/Male/Purple/Light,3,James Baldwin,Surfight Jiu-Jitsu
Long Beach Fall International Open 2013,Master1/Male/Purple/Middle,1,Derek Ward,Brazilian Top Team Long Beach
Long Beach Fall International Open 2013,Master1/Male/Purple/Middle,2,Scott Cohea,Gracie Morumbi
Long Beach Fall International Open 2013,Master1/Male/Purple/Middle,3,Jeremy Vargas,Undisputed
Long Beach Fall International Open 2013,Master1/Male/Purple/Middle,3,Julian Quintaes Piotto,MXT Academy BJJ
Long Beach Fall International Open 2013,Master1/Male/Purple/Medium-Heavy,1,Adam Richard Nadow,Brazilian Top Team Long Beach
Long Beach Fall International Open 2013,Master1/Male/Purple/Medium-Heavy,2,LANGOMAZINO Gino,Rocian Gracie Junior de Jiu-Jitsu
Long Beach Fall International Open 2013,Master1/Male/Purple/Medium-Heavy,3,Michael Hisey,Gracie Barra
Long Beach Fall International Open 2013,Master1/Male/Purple/Heavy,1,Jaysen Jose Baxter,Brazilian Top Team Long Beach
Long Beach Fall International Open 2013,Master1/Male/Purple/Heavy,2,Scott Clark,CheckMat USA
Long Beach Fall International Open 2013,Master1/Male/Purple/Heavy,3,George Parks,Gracie Barra
Long Beach Fall International Open 2013,Master1/Male/Purple/Heavy,3,Jeremy Brandon Marroquin (repetido 35109),Jean Jacques Machado BJJ
Long Beach Fall International Open 2013,Master1/Male/Purple/Ultra-Heavy,1,Coquil Marere,Rocian Gracie Junior de Jiu-Jitsu
Long Beach Fall International Open 2013,Master1/Male/Purple/Ultra-Heavy,2,Christopher Landeros,Brazilian Top Team Long Beach
Long Beach Fall International Open 2013,Master1/Male/Purple/OpenClass,1,Jaysen Jose Baxter,Brazilian Top Team Long Beach
Long Beach Fall International Open 2013,Master1/Male/Purple/OpenClass,2,Adam Richard Nadow,Brazilian Top Team Long Beach
Long Beach Fall International Open 2013,Master1/Male/Purple/OpenClass,3,Coquil Marere,Rocian Gracie Junior de Jiu-Jitsu
Long Beach Fall International Open 2013,Master1/Male/Purple/OpenClass,3,LANGOMAZINO Gino,Rocian Gracie Junior de Jiu-Jitsu
Long Beach Fall International Open 2013,Master1/Male/Brown/Feather,1,Jeffrey Emmanuel Nolasco,Tinguinha BJJ academy
Long Beach Fall International Open 2013,Master1/Male/Brown/Feather,2,Sak Pidech,Brazilian Top Team Long Beach
Long Beach Fall International Open 2013,Master1/Male/Brown/Feather,3,Alexandre Ballesteros,Brazilian Top Team Long Beach
Long Beach Fall International Open 2013,Master1/Male/Brown/Middle,1,Efrain Vincent Velazquez,Big Brothers
Long Beach Fall International Open 2013,Master1/Male/Brown/Middle,2,Mark Hidalgo,Sakora Jiu-Jitsu
Long Beach Fall International Open 2013,Master1/Male/Brown/Super-Heavy,1,Samuel Joseph Campanella III,Jean Jacques Machado BJJ
Long Beach Fall International Open 2013,Master1/Male/Brown/Super-Heavy,2,Gregory Linton Brown,Combat Sports Boston
Long Beach Fall International Open 2013,Master1/Male/Brown/Super-Heavy,3,Marvin E Orellana,Brazilian Top Team Long Beach
Long Beach Fall International Open 2013,Master1/Male/Brown/OpenClass,1,Mark Hidalgo,Sakora Jiu-Jitsu
Long Beach Fall International Open 2013,Master1/Male/Black/Feather,1,Alejandro Siqueira Doudement,Gracie Barra
Long Beach Fall International Open 2013,Master1/Male/Black/Feather,2,Clint James Gerona,Charles Gracie Jiu-Jitsu Academy
Long Beach Fall International Open 2013,Master1/Male/Black/Light,1,Marcos Alejandro Torregrosa,Yemaso Brazilian Jiu-Jitsu
Long Beach Fall International Open 2013,Master1/Male/Black/Middle,1,Juan Pablo Garcia Molina,Gracie Barra
Long Beach Fall International Open 2013,Master1/Male/Black/Middle,2,Carlos Cardinalli Perez,Fratelli Leteri - Brazilian Jiu-Jitsu
Long Beach Fall International Open 2013,Master1/Male/Black/Medium-Heavy,1,Joao Paulo Faria,Gracie Humaita
Long Beach Fall International Open 2013,Master1/Male/Black/Medium-Heavy,2,Omar Sabha,Brazilian Top Team Long Beach
Long Beach Fall International Open 2013,Master1/Male/Black/Medium-Heavy,3,Andre Franco dos Santos,CheckMat USA
Long Beach Fall International Open 2013,Master1/Male/Black/OpenClass,1,Marcos Alejandro Torregrosa,Yemaso Brazilian Jiu-Jitsu
Long Beach Fall International Open 2013,Master1/Male/Black/OpenClass,2,Omar Sabha,Brazilian Top Team Long Beach
Long Beach Fall International Open 2013,Master2/Male/White/Light,1,shawn johnson,Brazilian Top Team Long Beach
Long Beach Fall International Open 2013,Master2/Male/White/Light,2,Robert Dennis Chaney,Gracie Humaita
Long Beach Fall International Open 2013,Master2/Male/White/Middle,1,Kwame Kori Cobb,Gracie Humaita
Long Beach Fall International Open 2013,Master2/Male/White/Middle,2,June An,Gracie Humaita
Long Beach Fall International Open 2013,Master2/Male/White/Middle,3,Henry Winters,Brazilian Top Team Long Beach
Long Beach Fall International Open 2013,Master2/Male/White/Middle,3,Kenji Easley,Brazilian Top Team Long Beach
Long Beach Fall International Open 2013,Master2/Male/White/Medium-Heavy,1,Christian Ortiz Sr,Cleber Jiu Jitsu
Long Beach Fall International Open 2013,Master2/Male/White/Medium-Heavy,2,Mike Hyung Kim,Atos Jiu-Jitsu
Long Beach Fall International Open 2013,Master2/Male/White/Medium-Heavy,3,Jason  Bazarnick,Werdum Combat Team USA
Long Beach Fall International Open 2013,Master2/Male/White/Medium-Heavy,3,Robert Hernandez,Gracie Humaita
Long Beach Fall International Open 2013,Master2/Male/White/Super-Heavy,1,Robert Villarino,Gracie Humaita
Long Beach Fall International Open 2013,Master2/Male/White/Super-Heavy,2,Greg Bennett,Brazilian Top Team Long Beach
Long Beach Fall International Open 2013,Master2/Male/White/Super-Heavy,3,Andres Armeda,Carlson Gracie Team
Long Beach Fall International Open 2013,Master2/Male/White/Super-Heavy,3,Robert Goodloe,Brazilian Top Team Long Beach
Long Beach Fall International Open 2013,Master2/Male/Blue/Light,1,miguel  gonzalez,Brazilian Top Team Long Beach
Long Beach Fall International Open 2013,Master2/Male/Blue/Light,2,Steve Taligatos,SoNo BJJ
Long Beach Fall International Open 2013,Master2/Male/Blue/Light,3,Steven James Calderon,Neutral Grounds /  Gracie Jiu Jitsu Long Beach
Long Beach Fall International Open 2013,Master2/Male/Blue/Middle,1,Kyle  Pascucci,Gracie Barra
Long Beach Fall International Open 2013,Master2/Male/Blue/Middle,2,JAMES  MARCHIONE,Zenith BJJ
Long Beach Fall International Open 2013,Master2/Male/Blue/Medium-Heavy,1,Orlando  Campos,Sandro Batata Brazilian Jiu-jitsu - Santa Cruz
Long Beach Fall International Open 2013,Master2/Male/Blue/Medium-Heavy,2,Joseph Fabits,Tinguinha BJJ academy
Long Beach Fall International Open 2013,Master2/Male/Blue/Heavy,1,Kevin Thomas Ross,Jean Jacques Machado BJJ
Long Beach Fall International Open 2013,Master2/Male/Blue/Heavy,2,Michael Romeo,Nova União USA
Long Beach Fall International Open 2013,Master2/Male/Blue/Heavy,3,Brian Gribben,Brazilian Top Team Long Beach
Long Beach Fall International Open 2013,Master2/Male/Blue/Heavy,3,Brian Miller,C-Quence
Long Beach Fall International Open 2013,Master2/Male/Blue/Super-Heavy,1,Anthony Saunders,Cleber Jiu Jitsu
Long Beach Fall International Open 2013,Master2/Male/Blue/Ultra-Heavy,1,Yul De Los Rios,Alliance
Long Beach Fall International Open 2013,Master2/Male/Blue/Ultra-Heavy,2,Gonzalo Barahona,Brazilian Top Team Long Beach
Long Beach Fall International Open 2013,Master2/Male/Blue/OpenClass,1,Anthony Saunders,Cleber Jiu Jitsu
Long Beach Fall International Open 2013,Master2/Male/Blue/OpenClass,2,Brian Miller,C-Quence
Long Beach Fall International Open 2013,Master2/Male/Blue/OpenClass,3,Steve Taligatos,SoNo BJJ
Long Beach Fall International Open 2013,Master2/Male/Blue/OpenClass,3,Steven James Calderon,Neutral Grounds /  Gracie Jiu Jitsu Long Beach
Long Beach Fall International Open 2013,Master2/Male/Purple/Light,1,Angel Paul Lopez,Tinguinha BJJ academy
Long Beach Fall International Open 2013,Master2/Male/Purple/Light,2,joseph bellew,Gracie Humaita
Long Beach Fall International Open 2013,Master2/Male/Purple/Light,3,Binh Le,Atos Jiu-Jitsu
Long Beach Fall International Open 2013,Master2/Male/Purple/Light,3,charles idleman,Brazilian Top Team Long Beach
Long Beach Fall International Open 2013,Master2/Male/Purple/Middle,1,Mario Alonso Gaxiola,Brasa Caio Terra
Long Beach Fall International Open 2013,Master2/Male/Purple/Middle,2,Marcelo Queiroz,BJJ Revolution Team
Long Beach Fall International Open 2013,Master2/Male/Purple/Middle,3,Brandon Ross Recendez,Brazilian Top Team Long Beach
Long Beach Fall International Open 2013,Master2/Male/Purple/Medium-Heavy,1,Angelo Robert Sabadin,CheckMat USA
Long Beach Fall International Open 2013,Master2/Male/Purple/Medium-Heavy,2,Richard Selmar Bothun,Yemaso Brazilian Jiu-Jitsu
Long Beach Fall International Open 2013,Master2/Male/Purple/Medium-Heavy,3,Christian Tesoro,Ralph Gracie
Long Beach Fall International Open 2013,Master2/Male/Purple/Medium-Heavy,3,Rolando Gutierrez,Gracie Barra
Long Beach Fall International Open 2013,Master2/Male/Purple/Heavy,1,henry Ruiz,CheckMat USA
Long Beach Fall International Open 2013,Master2/Male/Purple/Super-Heavy,1,Darrell Zachary Payne,Cascao BJJ Las Vegas
Long Beach Fall International Open 2013,Master2/Male/Purple/Ultra-Heavy,1,Johnny Edward Rodriguez,Gracie Barra
Long Beach Fall International Open 2013,Master2/Male/Purple/Ultra-Heavy,2,Shannon Smith,Elite Mixed Martial Arts
Long Beach Fall International Open 2013,Master2/Male/Purple/OpenClass,1,Darrell Zachary Payne,Cascao BJJ Las Vegas
Long Beach Fall International Open 2013,Master2/Male/Purple/OpenClass,2,Richard Selmar Bothun,Yemaso Brazilian Jiu-Jitsu
Long Beach Fall International Open 2013,Master2/Male/Purple/OpenClass,3,Shannon Smith,Elite Mixed Martial Arts
Long Beach Fall International Open 2013,Master2/Male/Brown/Light,1,Ariel C. Gonzales,Brazilian Top Team Long Beach
Long Beach Fall International Open 2013,Master2/Male/Brown/Light,2,Talal Sulaiman Alrasheed,Yamasaki Academy
Long Beach Fall International Open 2013,Master2/Male/Brown/Heavy,1,Mark Allen Frasher,Cleber Jiu Jitsu
Long Beach Fall International Open 2013,Master2/Male/Brown/Super-Heavy,1,John Patrick Donahue III,Brazilian Top Team Long Beach
Long Beach Fall International Open 2013,Master2/Male/Brown/Super-Heavy,2,George Exiquio Rodriguez,Neutral Grounds /  Gracie Jiu Jitsu Long Beach
Long Beach Fall International Open 2013,Master2/Male/Brown/OpenClass,1,Mark Allen Frasher,Cleber Jiu Jitsu
Long Beach Fall International Open 2013,Master2/Male/Brown/OpenClass,2,George Exiquio Rodriguez,Neutral Grounds /  Gracie Jiu Jitsu Long Beach
Long Beach Fall International Open 2013,Master2/Male/Black/Light-Feather,1,Tom Vichit Vadakan,Brazilian Top Team Long Beach
Long Beach Fall International Open 2013,Master2/Male/Black/Light-Feather,2,Andre Luis Vasconcellos,Carlson Gracie Team
Long Beach Fall International Open 2013,Master2/Male/Black/Feather,1,Sandro Ribeiro Santiago,Sandro Batata Brazilian Jiu-jitsu - Santa Cruz
Long Beach Fall International Open 2013,Master2/Male/Black/Feather,2,Jacob James McKee,Gracie Barra
Long Beach Fall International Open 2013,Master2/Male/Black/Light,1,Julio Armando Echeverria Dulon Neto,Sandro Batata Brazilian Jiu-jitsu - Santa Cruz
Long Beach Fall International Open 2013,Master2/Male/Black/Light,2,Marcelo Perdomo,Brazilian Top Team Long Beach
Long Beach Fall International Open 2013,Master2/Male/Black/Middle,1,Régis da Silveira Lebre,Gracie Humaita
Long Beach Fall International Open 2013,Master2/Male/Black/Middle,2,Jared Lance Vanderzyl,Fabio Santos BJJ
Long Beach Fall International Open 2013,Master2/Male/Black/Middle,3,Christian Bello,Gracie Barra
Long Beach Fall International Open 2013,Master2/Male/Black/Middle,3,Fabiano Kroth Bitencourt,Cleber Jiu Jitsu
Long Beach Fall International Open 2013,Master2/Male/Black/Ultra-Heavy,1,Rodrigo Ribeiro da Cruz,Gordo Jiu-Jitsu
Long Beach Fall International Open 2013,Master2/Male/Black/OpenClass,1,Régis da Silveira Lebre,Gracie Humaita
Long Beach Fall International Open 2013,Master2/Male/Black/OpenClass,2,Fabiano Kroth Bitencourt,Cleber Jiu Jitsu
Long Beach Fall International Open 2013,Master2/Male/Black/OpenClass,3,Jacob James McKee,Gracie Barra
Long Beach Fall International Open 2013,Master3/Male/Blue/Light,1,chuck bayles,Renzo Gracie LA
Long Beach Fall International Open 2013,Master3/Male/Blue/Light,2,Steven C Shelburn,Cleber Jiu Jitsu
Long Beach Fall International Open 2013,Master3/Male/Blue/Light,3,Robert Tanner,Alliance
Long Beach Fall International Open 2013,Master3/Male/Blue/Light,3,Vincent Ruales,Carlson Gracie Team
Long Beach Fall International Open 2013,Master3/Male/Blue/Middle,1,Ronald Sayo,Gracie Barra Saddleback
Long Beach Fall International Open 2013,Master3/Male/Blue/Heavy,1,Malek Rafiq Hariri,Samy Al Jamal - FIT Jiu-Jitsu
Long Beach Fall International Open 2013,Master3/Male/Blue/Super-Heavy,1,Clarence E. Chaney IV,New Breed Academy
Long Beach Fall International Open 2013,Master3/Male/Blue/OpenClass,1,Malek Rafiq Hariri,Samy Al Jamal - FIT Jiu-Jitsu
Long Beach Fall International Open 2013,Master3/Male/Blue/OpenClass,2,Clarence E. Chaney IV,New Breed Academy
Long Beach Fall International Open 2013,Master3/Male/Purple/Heavy,1,Gary Love,Brazilian Top Team Long Beach
Long Beach Fall International Open 2013,Master3/Male/Purple/Ultra-Heavy,1,Julio Olimpio Melo de Araujo,Werdum Combat Team USA
Long Beach Fall International Open 2013,Master3/Male/Purple/OpenClass,1,Gary Love,Brazilian Top Team Long Beach
Long Beach Fall International Open 2013,Master3/Male/Purple/OpenClass,2,Julio Olimpio Melo de Araujo,Werdum Combat Team USA
Long Beach Fall International Open 2013,Master3/Male/Brown/Light,1,Carl Albert Herman,Brazilian Top Team Long Beach
Long Beach Fall International Open 2013,Master3/Male/Brown/Light,2,Roderick Cabanete Acha,Jean Jacques Machado BJJ
Long Beach Fall International Open 2013,Master3/Male/Brown/Middle,1,Robert A Monge,Gracie Humaita
Long Beach Fall International Open 2013,Master3/Male/Brown/Medium-Heavy,1,Thorin Oakenshield Ryan,Gracie Elite Team
Long Beach Fall International Open 2013,Master3/Male/Brown/Ultra-Heavy,1,Niels Sondergaard Burgess,Cleber Jiu Jitsu
Long Beach Fall International Open 2013,Master3/Male/Brown/Ultra-Heavy,2,Kevin James Gonzalez,CheckMat USA
Long Beach Fall International Open 2013,Master3/Male/Brown/OpenClass,1,Niels Sondergaard Burgess,Cleber Jiu Jitsu
Long Beach Fall International Open 2013,Master3/Male/Brown/OpenClass,2,Thorin Oakenshield Ryan,Gracie Elite Team
Long Beach Fall International Open 2013,Master3/Male/Brown/OpenClass,3,Kevin James Gonzalez,CheckMat USA
Long Beach Fall International Open 2013,Master3/Male/Black/Feather,1,Scott Leslie Dewitt,Jean Jacques Machado BJJ
Long Beach Fall International Open 2013,Master3/Male/Black/Feather,2,Maximilian R Goldberg,Gracie Barra
Long Beach Fall International Open 2013,Master3/Male/Black/Light,1,Ricardo Guimarães,Gracie Humaita
Long Beach Fall International Open 2013,Master3/Male/Black/Light,2,Franklin Patrick Quenga,Brazilian Top Team Long Beach
Long Beach Fall International Open 2013,Master3/Male/Black/Medium-Heavy,1,Matt Jason Baker,Jean Jacques Machado BJJ
Long Beach Fall International Open 2013,Master3/Male/Black/Medium-Heavy,2,John William Orr,Brazilian Top Team Long Beach
Long Beach Fall International Open 2013,Master3/Male/Black/Medium-Heavy,3,Tom D. Knox,Cleber Jiu Jitsu
Long Beach Fall International Open 2013,Master3/Male/Black/Ultra-Heavy,1,Jason Granados,Kings Jiu-Jitsu
Long Beach Fall International Open 2013,Master3/Male/Black/OpenClass,1,Tom D. Knox,Cleber Jiu Jitsu
Long Beach Fall International Open 2013,Master3/Male/Black/OpenClass,2,Matt Jason Baker,Jean Jacques Machado BJJ
Long Beach Fall International Open 2013,Master3/Male/Black/OpenClass,3,Jason Granados,Kings Jiu-Jitsu
Long Beach Fall International Open 2013,Master4/Male/Blue/Feather,1,James Morales,Jean Jacques Machado BJJ
Long Beach Fall International Open 2013,Master4/Male/Blue/Super-Heavy,1,James Michael Whitt,Carlson Gracie Team
Long Beach Fall International Open 2013,Master4/Male/Blue/OpenClass,1,James Morales,Jean Jacques Machado BJJ
Long Beach Fall International Open 2013,Master4/Male/Blue/OpenClass,2,James Michael Whitt,Carlson Gracie Team
Long Beach Fall International Open 2013,Master4/Male/Purple/Middle,1,Jeff Rohn,Ralph Gracie OC
Long Beach Fall International Open 2013,Master4/Male/Purple/OpenClass,1,Jeff Rohn,Ralph Gracie OC
Long Beach Fall International Open 2013,Master4/Male/Brown/Light,1,Gary Charles Madsen,Renzo Gracie Academy
Long Beach Fall International Open 2013,Master4/Male/Brown/Super-Heavy,1,Maurice Duane Geyen,Gracie Humaita
Long Beach Fall International Open 2013,Master4/Male/Brown/Super-Heavy,2,James Alain Fouste,Gracie Barra
Long Beach Fall International Open 2013,Master4/Male/Brown/OpenClass,1,Maurice Duane Geyen,Gracie Humaita
Long Beach Fall International Open 2013,Master4/Male/Black/Medium-Heavy,1,Jay Zeballos,Jean Jacques Machado BJJ
Long Beach Fall International Open 2013,Master4/Male/Black/Medium-Heavy,2,Jeri Patrick Nerney,Braga Fight Team - Los Angeles
