Manaus International Open IBJJF Championship 2015,Junior1/Male/White/Feather,1,David John Ferreira da Silva Junior,Gracie Barra
Manaus International Open IBJJF Championship 2015,Junior1/Male/White/Feather,2,Emanuel Guilherme Ferreira Gomes,Gordinho Brazilian Jiu-Jitsu
Manaus International Open IBJJF Championship 2015,Junior1/Male/White/Heavy,1,Rafael Hipólito de Oliveira Junior,Gracie Barra
Manaus International Open IBJJF Championship 2015,Junior1/Male/White/Heavy,2,Marcos Antonio Carvalho Pereira,Nova Opção JJ
Manaus International Open IBJJF Championship 2015,Junior1/Male/White/Heavy,3,Ruã Vitor Souza Sena De Oliveira,Elvys / Osvaldo Alves - AM
Manaus International Open IBJJF Championship 2015,Junior1/Male/White/Super-Heavy,1,João Victor Araújo Romão,Roraima Top Team Jiu-Jitsu
Manaus International Open IBJJF Championship 2015,Junior1/Male/White/Super-Heavy,2,Arthur de Oliveira Praciano,Gracie Barra
Manaus International Open IBJJF Championship 2015,Junior1/Male/White/Ultra-Heavy,1,Davi da Silva Liborio,Omar Salum Jiu-Jitsu
Manaus International Open IBJJF Championship 2015,Junior1/Female/White/Feather,1,Maria Eduarda S. Barbosa,Ronnie Melo Jiu-Jitsu
Manaus International Open IBJJF Championship 2015,Junior1/Female/White/Feather,2,Evelyn Peixoto Magno,Elvys / Osvaldo Alves - AM
Manaus International Open IBJJF Championship 2015,Junior2/Male/White/Medium-Heavy,1,João Victor Paulino De Andrade,PSLPB Cicero Costha
Manaus International Open IBJJF Championship 2015,Junior2/Male/White/Medium-Heavy,2,Marco  Antonio Dias Pereira,Denis Wester Jiu-Jitsu
Manaus International Open IBJJF Championship 2015,Junior2/Male/White/Ultra-Heavy,1,Enzo Gabriel Cavalcante Silva,Strong Fighters Team
Manaus International Open IBJJF Championship 2015,Junior2/Male/White/Ultra-Heavy,2,Vinícius Emanuel B. Da Silva,Carioca Team
Manaus International Open IBJJF Championship 2015,Junior3/Male/White/Feather,1,Matheus Moraes,Club Pina
Manaus International Open IBJJF Championship 2015,Junior3/Male/White/Middle,1,Gustavo Henrick Carvalho de Ameida Teixeira,Associação Monteiro
Manaus International Open IBJJF Championship 2015,Junior3/Male/White/Super-Heavy,1,Micael Ferreira Galvâo,PSLPB Cicero Costha
Manaus International Open IBJJF Championship 2015,Junior3/Male/White/Ultra-Heavy,1,Gustavo Fernandes Campos,Omar Salum Jiu-Jitsu
Manaus International Open IBJJF Championship 2015,Junior3/Male/White/Ultra-Heavy,2,Leonardo Tibes Abecassis,Clube Anibal Jiu Jitsu - CAJJ
Manaus International Open IBJJF Championship 2015,Junior3/Female/White/Light-Feather,1,Jhenifer Santiago Stone,Associação Monteiro
Manaus International Open IBJJF Championship 2015,Teen1/Male/White/Feather,1,Diogo Pinheiro dos Reis,PSLPB Cicero Costha
Manaus International Open IBJJF Championship 2015,Teen1/Male/White/Feather,2,Carlos Alberto Dias Pereira,Denis Wester Jiu-Jitsu
Manaus International Open IBJJF Championship 2015,Teen1/Male/White/Light,1,Antonio  Praciano Bisneto,Gracie Barra
Manaus International Open IBJJF Championship 2015,Teen1/Male/White/Light,2,Lucas Silva dos Santos,Associação Monteiro
Manaus International Open IBJJF Championship 2015,Teen1/Male/White/Medium-Heavy,1,Victor Diogo Ayres Reis,Club Pina
Manaus International Open IBJJF Championship 2015,Teen1/Male/White/Ultra-Heavy,1,João Lúcio Melo de Araujo,Clube Anibal Jiu Jitsu - CAJJ
Manaus International Open IBJJF Championship 2015,Teen1/Male/White/Ultra-Heavy,2,Joao Pedro Silva De Souza,Omar Salum Jiu-Jitsu
Manaus International Open IBJJF Championship 2015,Teen1/Male/White/Ultra-Heavy,3,João Paulo  Melo De Araújo,Clube Anibal Jiu Jitsu - CAJJ
Manaus International Open IBJJF Championship 2015,Teen1/Female/White/Medium-Heavy,1,Larissa Vitoria de Souza,Club Pina
Manaus International Open IBJJF Championship 2015,Teen1/Female/White/Super-Heavy,1,Jamily Pereira da Silva,Clube Orley Lobato
Manaus International Open IBJJF Championship 2015,Teen2/Male/White/Rooster,1,Wendel dos Santos Ferreira,Clube Orley Lobato
Manaus International Open IBJJF Championship 2015,Teen2/Male/White/Feather,1,Mayram Daniel Maquiné Alves,Nova Opção JJ
Manaus International Open IBJJF Championship 2015,Teen2/Male/White/Feather,2,Guilherme Lucio Silva Maldonado,Associação Monteiro
Manaus International Open IBJJF Championship 2015,Teen2/Male/White/Middle,1,Moises Helmut da Silva e Silva,Associação Monteiro
Manaus International Open IBJJF Championship 2015,Teen2/Male/White/Middle,2,Bruno Novo Candeira Cavalcante,Associação Monteiro
Manaus International Open IBJJF Championship 2015,Teen2/Male/White/Medium-Heavy,1,Gabriel Braz Hipolito,Gracie Barra
Manaus International Open IBJJF Championship 2015,Teen2/Male/White/Medium-Heavy,2,Arthur Pires Corrêa,Colisão Jiu-Jitsu
Manaus International Open IBJJF Championship 2015,Teen2/Female/White/Middle,1,Ana Vitória Pantoja Ferreira De Souza,Gracie Humaita
Manaus International Open IBJJF Championship 2015,Teen2/Female/White/Middle,2,Polyanna Souza De Araujo,PSLPB Cicero Costha
Manaus International Open IBJJF Championship 2015,Teen2/Female/White/Ultra-Heavy,1,Diamante Silva,Ronnie Melo Jiu-Jitsu
Manaus International Open IBJJF Championship 2015,Teen3/Male/White/Medium-Heavy,1,Jose Igor Medeiros de Castro,Nova União
Manaus International Open IBJJF Championship 2015,Teen3/Male/White/Medium-Heavy,2,Arthur Barros Oliveira,Association Gato Brazilian Jiu-Jitsu - AGBJJ
Manaus International Open IBJJF Championship 2015,Teen3/Male/White/Medium-Heavy,3,Francisco Antonio Serrão Araújo,Associação Monteiro
Manaus International Open IBJJF Championship 2015,Teen3/Male/White/Heavy,1,Wesley Mateus Azevedo Moraes,Denis Wester Jiu-Jitsu
Manaus International Open IBJJF Championship 2015,Teen3/Male/White/Heavy,2,Cláudio Henrique Nobre De Souza Luzeiro,PSLPB Cicero Costha
Manaus International Open IBJJF Championship 2015,Teen3/Male/White/Heavy,3,Vinicios Sales De Oliveira,Associação Monteiro
Manaus International Open IBJJF Championship 2015,Teen3/Male/White/Super-Heavy,1,Carlos Alberto Castro Araújo Neto,Club Pina
Manaus International Open IBJJF Championship 2015,Teen3/Male/White/Super-Heavy,2,Joao Victor Amaral,Omar Salum Jiu-Jitsu
Manaus International Open IBJJF Championship 2015,Teen3/Male/White/Ultra-Heavy,1,Yago Fellipe Guimarães das Neves,Gracie Barra
Manaus International Open IBJJF Championship 2015,Teen3/Female/White/Light,1,Cibely Lopes Dos Santos Lopes,Clube Orley Lobato
Manaus International Open IBJJF Championship 2015,Teen3/Female/White/Middle,1,Maria Karolina Israel dos Santos,Omar Salum Jiu-Jitsu
Manaus International Open IBJJF Championship 2015,Teen3/Female/White/Middle,2,Victoria Gloria V. de S. Bastos,Gracie Humaita
Manaus International Open IBJJF Championship 2015,Juvenile/Male/White/Rooster,1,Gessivaldo Auzier,CheckMat
Manaus International Open IBJJF Championship 2015,Juvenile/Male/White/Super-Heavy,1,Andrew Goberto de Jesus Macedo,Juarez Harles BJJ
Manaus International Open IBJJF Championship 2015,Juvenile/Male/White/Ultra-Heavy,1,Galdino Bandeira Guedes Neto,Clube Orley Lobato
Manaus International Open IBJJF Championship 2015,Juvenile/Female/White/Light,1,Ludmila Afonso Gomes,Elvys / Osvaldo Alves - AM
Manaus International Open IBJJF Championship 2015,Juvenile/Female/White/Super-Heavy,1,Debora Alves  Jacinto Gerolineto,Elvys / Osvaldo Alves - AM
Manaus International Open IBJJF Championship 2015,Juvenile/Male/Blue/Rooster,1,Jeriel Nunes Lima,Elvys / Osvaldo Alves - AM
Manaus International Open IBJJF Championship 2015,Juvenile/Male/Blue/Light-Feather,1,Arnaldo Cardoso Lopes,Omar Salum Jiu-Jitsu
Manaus International Open IBJJF Championship 2015,Juvenile/Male/Blue/Light-Feather,2,Jordan Vaisman N. Teodosio Silva,Gracie Barra
Manaus International Open IBJJF Championship 2015,Juvenile/Male/Blue/Light-Feather,3,Fabio Henrique Vieira Fernandes,CheckMat
Manaus International Open IBJJF Championship 2015,Juvenile/Male/Blue/Light-Feather,3,Jaime Ricardo Pereira de Oliveira,Denis Wester Jiu-Jitsu
Manaus International Open IBJJF Championship 2015,Juvenile/Male/Blue/Feather,1,Ivan Lenon de Souza Torres,CT MR
Manaus International Open IBJJF Championship 2015,Juvenile/Male/Blue/Feather,2,Vitor  De Bom Jesus Rocha,Associação Monteiro
Manaus International Open IBJJF Championship 2015,Juvenile/Male/Blue/Feather,3,Edvaldo Ewerton P. de Souza,Associação Monteiro
Manaus International Open IBJJF Championship 2015,Juvenile/Male/Blue/Feather,3,Willem Silva,Eric Tinoco BJJ
Manaus International Open IBJJF Championship 2015,Juvenile/Male/Blue/Light,1,Lukas Matheus Icavino Aguiar,CheckMat
Manaus International Open IBJJF Championship 2015,Juvenile/Male/Blue/Light,2,Anderson Aragão de Souza,Gracie Barra
Manaus International Open IBJJF Championship 2015,Juvenile/Male/Blue/Light,3,Darlison Dos Santos Pimenta,CheckMat
Manaus International Open IBJJF Championship 2015,Juvenile/Male/Blue/Light,3,Raimundo Diego Pinto Sodre,Omar Salum Jiu-Jitsu
Manaus International Open IBJJF Championship 2015,Juvenile/Male/Blue/Medium-Heavy,1,Edriel Magalhães Mendes,Denis Wester Jiu-Jitsu
Manaus International Open IBJJF Championship 2015,Juvenile/Male/Blue/Medium-Heavy,2,Luiz Eduardo Franca Marques,CheckMat
Manaus International Open IBJJF Championship 2015,Juvenile/Male/Blue/Medium-Heavy,3,Alexandre de Souza Cruz Silva Neto,Zenith BJJ
Manaus International Open IBJJF Championship 2015,Juvenile/Male/Blue/Medium-Heavy,3,Expedito Albuquerque Queiroz Neto,Zenith BJJ
Manaus International Open IBJJF Championship 2015,Juvenile/Male/Blue/Heavy,1,Sandro Paolo Gomes de Araujo Junior,Associação Monteiro
Manaus International Open IBJJF Championship 2015,Juvenile/Male/Blue/Heavy,2,Elder da Silveira Gomes Júnior,Ronnie Melo Jiu-Jitsu
Manaus International Open IBJJF Championship 2015,Juvenile/Male/Blue/Heavy,3,Cleonilson Aguila Lima,Association Gato Brazilian Jiu-Jitsu - AGBJJ
Manaus International Open IBJJF Championship 2015,Juvenile/Male/Blue/Super-Heavy,1,Luiz Paulo Carneiro Medeiros,PSLPB Cicero Costha
Manaus International Open IBJJF Championship 2015,Juvenile/Male/Blue/Ultra-Heavy,1,Robson Gomes Praia Júnior,Associação Monteiro
Manaus International Open IBJJF Championship 2015,Juvenile/Female/Blue/Light-Feather,1,Ana Beatriz Passos Colares,Clube Orley Lobato
Manaus International Open IBJJF Championship 2015,Juvenile/Female/Blue/Super-Heavy,1,Luany Cristina da Silva Fernandes,PSLPB Cicero Costha
Manaus International Open IBJJF Championship 2015,Juvenile/Female/Blue/Super-Heavy,2,Daniele Tavares,Omar Salum Jiu-Jitsu
Manaus International Open IBJJF Championship 2015,Juvenile/Female/Blue/Super-Heavy,3,Beatriz Silva,Ronnie Melo Jiu-Jitsu
Manaus International Open IBJJF Championship 2015,Adult/Male/White/Feather,1,Jonatas Batalha de Souza,Association Gato Brazilian Jiu-Jitsu - AGBJJ
Manaus International Open IBJJF Championship 2015,Adult/Male/White/Feather,2,Klemmer Sousa Paiva,Gracie Barra
Manaus International Open IBJJF Championship 2015,Adult/Male/White/Feather,3,David Willians dos Santos Pimentel,Familia Marcio Frank BJJ
Manaus International Open IBJJF Championship 2015,Adult/Male/White/Feather,3,Maicon Roberto R.De Souza,Familia Marcio Frank BJJ
Manaus International Open IBJJF Championship 2015,Adult/Male/White/Light,1,Maxwell Camilo Nolasco,CheckMat
Manaus International Open IBJJF Championship 2015,Adult/Male/White/Light,2,Same Santos do Carmo,Omar Salum Jiu-Jitsu
Manaus International Open IBJJF Championship 2015,Adult/Male/White/Light,3,Renan da Silva Pereira,Associação Monteiro
Manaus International Open IBJJF Championship 2015,Adult/Male/White/Middle,1,Atila Batista Gomes,CheckMat
Manaus International Open IBJJF Championship 2015,Adult/Male/White/Middle,2,Sebastião Moreira do Nascimento Jr,Gracie Barra
Manaus International Open IBJJF Championship 2015,Adult/Male/White/Middle,3,Antonio Ricardo Da Silva Junior,Gracie Barra
Manaus International Open IBJJF Championship 2015,Adult/Male/White/Middle,3,Huam Lemos Castro,Association Gato Brazilian Jiu-Jitsu - AGBJJ
Manaus International Open IBJJF Championship 2015,Adult/Male/White/Medium-Heavy,1,Daniel de Oliveira Silva,Elvys / Osvaldo Alves - AM
Manaus International Open IBJJF Championship 2015,Adult/Male/White/Medium-Heavy,2,Francisco Marcos Pinheiro Lima,Gracie Humaita
Manaus International Open IBJJF Championship 2015,Adult/Male/White/Heavy,1,Blaine Gomes da Costa Junior,Roraima Top Team Jiu-Jitsu
Manaus International Open IBJJF Championship 2015,Adult/Male/White/Heavy,2,Luiz Felipe Cavalcanti Nunes,Clube Orley Lobato
Manaus International Open IBJJF Championship 2015,Adult/Male/White/Heavy,3,Alberto Guilherme de Souza Lima,Gracie Humaita
Manaus International Open IBJJF Championship 2015,Adult/Male/White/Heavy,3,Matheus Rodrigues R. de Araujo,CheckMat
Manaus International Open IBJJF Championship 2015,Adult/Male/White/Ultra-Heavy,1,Riad Kamal Peso Jomblat,Associação Monteiro
Manaus International Open IBJJF Championship 2015,Adult/Male/White/Ultra-Heavy,2,Edwin Araujo Rocha,Carioca Team
Manaus International Open IBJJF Championship 2015,Adult/Female/White/Light-Feather,1,Beatriz Silva Rocha,Ronnie Melo Jiu-Jitsu
Manaus International Open IBJJF Championship 2015,Adult/Female/White/Light-Feather,2,Larissa Oliveira Lopes,Elvys / Osvaldo Alves - AM
Manaus International Open IBJJF Championship 2015,Adult/Female/White/Light-Feather,3,Stephanie Souza Penido,Gracie Barra
Manaus International Open IBJJF Championship 2015,Adult/Female/White/Feather,1,Lourena Sousa Diniz,PSLPB Cicero Costha
Manaus International Open IBJJF Championship 2015,Adult/Female/White/Feather,2,Maria Cristina Falcao Rocha,Association Gato Brazilian Jiu-Jitsu - AGBJJ
Manaus International Open IBJJF Championship 2015,Adult/Female/White/Feather,3,Aline Beatriz Kottwitz,Familia Marcio Frank BJJ
Manaus International Open IBJJF Championship 2015,Adult/Female/White/Feather,3,Karoline Mota Braga,Omar Salum Jiu-Jitsu
Manaus International Open IBJJF Championship 2015,Adult/Female/White/Light,1,Ana Maria Bezerra de Souza,Associação Monteiro
Manaus International Open IBJJF Championship 2015,Adult/Female/White/Light,2,Diana Cássia Caminha De Almeida,Familia Marcio Frank BJJ
Manaus International Open IBJJF Championship 2015,Adult/Female/White/Middle,1,Thaina Bandeira de Araujo,Association Gato Brazilian Jiu-Jitsu - AGBJJ
Manaus International Open IBJJF Championship 2015,Adult/Female/White/Middle,2,Michelle Paula Rodrigues Thome,Associação Monteiro
Manaus International Open IBJJF Championship 2015,Adult/Female/White/Super-Heavy,1,Sthefanny Nunes de Pina,Colisão Jiu-Jitsu
Manaus International Open IBJJF Championship 2015,Adult/Female/White/Super-Heavy,2,Luana Paula Cruz Silva,CheckMat
Manaus International Open IBJJF Championship 2015,Adult/Male/Blue/Rooster,1,Rodrigo Alexandre B. Dos Santos,Club Pina
Manaus International Open IBJJF Championship 2015,Adult/Male/Blue/Rooster,2,Luiz Henrique dos Santos Moura,CheckMat
Manaus International Open IBJJF Championship 2015,Adult/Male/Blue/Rooster,3,Diego Henrique Barros Oliveira,Gracie Barra
Manaus International Open IBJJF Championship 2015,Adult/Male/Blue/Rooster,3,Felipe  Ferreira de Lima,Omar Salum Jiu-Jitsu
Manaus International Open IBJJF Championship 2015,Adult/Male/Blue/Light-Feather,1,Leandro Araujo de Lima,Clube Orley Lobato
Manaus International Open IBJJF Championship 2015,Adult/Male/Blue/Light-Feather,2,Mateus Borges Amandio,HBJ
Manaus International Open IBJJF Championship 2015,Adult/Male/Blue/Light-Feather,3,Fabrício Souza Cunha,CheckMat
Manaus International Open IBJJF Championship 2015,Adult/Male/Blue/Light-Feather,3,Marcio Nunes De Souza Filho,CheckMat
Manaus International Open IBJJF Championship 2015,Adult/Male/Blue/Feather,1,Italo Moura de Azevedo,PSLPB Cicero Costha
Manaus International Open IBJJF Championship 2015,Adult/Male/Blue/Feather,2,Iago de Souza Carvalho,Ryan Gracie Team
Manaus International Open IBJJF Championship 2015,Adult/Male/Blue/Feather,3,Luis Felipe C. de Souza,Familia Marcio Frank BJJ
Manaus International Open IBJJF Championship 2015,Adult/Male/Blue/Feather,3,Matheus Gabriel Pinheiro Barros,CheckMat
Manaus International Open IBJJF Championship 2015,Adult/Male/Blue/Light,1,Dimas de Moraes Nascimento,PSLPB Cicero Costha
Manaus International Open IBJJF Championship 2015,Adult/Male/Blue/Light,2,Marcos Venicius Farias Gomes,Gracie Humaita
Manaus International Open IBJJF Championship 2015,Adult/Male/Blue/Light,3,Hendel Barros,PSLPB Cicero Costha
Manaus International Open IBJJF Championship 2015,Adult/Male/Blue/Light,3,Hugo Delleon G. C. C.  Dantas,Zenith BJJ
Manaus International Open IBJJF Championship 2015,Adult/Male/Blue/Middle,1,Thiago da Silva Macedo,Nova União Europa
Manaus International Open IBJJF Championship 2015,Adult/Male/Blue/Middle,2,Joel Adan Torres Silva,PSLPB Cicero Costha
Manaus International Open IBJJF Championship 2015,Adult/Male/Blue/Middle,3,Daniel Farias do Nascimento Jr.,Gracie Barra
Manaus International Open IBJJF Championship 2015,Adult/Male/Blue/Middle,3,Rodrygo Sena dos Santos,CT MR
Manaus International Open IBJJF Championship 2015,Adult/Male/Blue/Medium-Heavy,1,Emanuel Neponuceno de Castro,CheckMat
Manaus International Open IBJJF Championship 2015,Adult/Male/Blue/Medium-Heavy,2,Hugo de Brito Vasconcelos,Association Gato Brazilian Jiu-Jitsu - AGBJJ
Manaus International Open IBJJF Championship 2015,Adult/Male/Blue/Medium-Heavy,3,Carlos Cavalcante Van Den Berg,Gracie Barra
Manaus International Open IBJJF Championship 2015,Adult/Male/Blue/Medium-Heavy,3,Lucas Fernandes de Carvalho,Atrium BJJ
Manaus International Open IBJJF Championship 2015,Adult/Male/Blue/Heavy,1,Paulo André  Lanzillotti,GF Team
Manaus International Open IBJJF Championship 2015,Adult/Male/Blue/Heavy,2,Caio Duarte Lucena,Omar Salum Jiu-Jitsu
Manaus International Open IBJJF Championship 2015,Adult/Male/Blue/Heavy,3,Igor Brasil Villar,Zenith BJJ
Manaus International Open IBJJF Championship 2015,Adult/Male/Blue/Heavy,3,Klisman da Silva Muller,Gracie Humaita
Manaus International Open IBJJF Championship 2015,Adult/Male/Blue/Super-Heavy,1,Salenco Steel Coutinho,Associação Monteiro
Manaus International Open IBJJF Championship 2015,Adult/Male/Blue/Super-Heavy,2,Andrey Alickson Lima de Araújo,Associação Monteiro
Manaus International Open IBJJF Championship 2015,Adult/Male/Blue/Super-Heavy,3,Cristiano Rodrigo Siqueira Pereira,PSLPB Cicero Costha
Manaus International Open IBJJF Championship 2015,Adult/Male/Blue/Super-Heavy,3,Pedro Fernandes Castro Leão Ferreira,Gracie Barra
Manaus International Open IBJJF Championship 2015,Adult/Male/Blue/Ultra-Heavy,1,Matheus de Vasconcelos Ferreira,Gracie Barra
Manaus International Open IBJJF Championship 2015,Adult/Male/Blue/Ultra-Heavy,2,João Lucas Silva Brandão,Nova Opção JJ
Manaus International Open IBJJF Championship 2015,Adult/Male/Blue/Ultra-Heavy,3,Alan Pereira Alves,Familia Marcio Frank BJJ
Manaus International Open IBJJF Championship 2015,Adult/Male/Blue/Ultra-Heavy,3,Moisés Araujo de Castro,Clube Anibal Jiu Jitsu - CAJJ
Manaus International Open IBJJF Championship 2015,Adult/Male/Blue/OpenClass,1,Italo Moura de Azevedo,PSLPB Cicero Costha
Manaus International Open IBJJF Championship 2015,Adult/Male/Blue/OpenClass,2,Dimas de Moraes Nascimento,PSLPB Cicero Costha
Manaus International Open IBJJF Championship 2015,Adult/Male/Blue/OpenClass,3,Matheus Gabriel Pinheiro Barros,CheckMat
Manaus International Open IBJJF Championship 2015,Adult/Male/Blue/OpenClass,3,Thiago da Silva Macedo,Nova União Europa
Manaus International Open IBJJF Championship 2015,Adult/Female/Blue/Light-Feather,1,Layla Nayara Almeida Dias,Omar Salum Jiu-Jitsu
Manaus International Open IBJJF Championship 2015,Adult/Female/Blue/Feather,1,Isabelle Fernanda Souza de Azevedo,Associação Monteiro
Manaus International Open IBJJF Championship 2015,Adult/Female/Blue/Feather,2,Hemily Cristina Azevedo Ferreira,Familia Marcio Frank BJJ
Manaus International Open IBJJF Championship 2015,Adult/Female/Blue/Feather,3,Carmen Maura Araújo Moreira,Associação Monteiro
Manaus International Open IBJJF Championship 2015,Adult/Female/Blue/Light,1,Alliny Rayra Pinto Do Nascimento,Zenith BJJ
Manaus International Open IBJJF Championship 2015,Adult/Female/Blue/Light,2,Gisele Coelho Castro,HBJ
Manaus International Open IBJJF Championship 2015,Adult/Female/Blue/Middle,1,Franciele Nascimento,PSLPB Cicero Costha
Manaus International Open IBJJF Championship 2015,Adult/Female/Blue/Middle,2,Mayara Moreira Ribeiro,Gordinho Brazilian Jiu-Jitsu
Manaus International Open IBJJF Championship 2015,Adult/Female/Blue/Medium-Heavy,1,Katharina Araujo,Gracie Barra
Manaus International Open IBJJF Championship 2015,Adult/Female/Blue/OpenClass,1,Franciele Nascimento,PSLPB Cicero Costha
Manaus International Open IBJJF Championship 2015,Adult/Female/Blue/OpenClass,2,Mayara Moreira Ribeiro,Gordinho Brazilian Jiu-Jitsu
Manaus International Open IBJJF Championship 2015,Adult/Female/Blue/OpenClass,3,Hemily Cristina Azevedo Ferreira,Familia Marcio Frank BJJ
Manaus International Open IBJJF Championship 2015,Adult/Female/Blue/OpenClass,3,Katharina Araujo,Gracie Barra
Manaus International Open IBJJF Championship 2015,Adult/Male/Purple/Rooster,1,Eduardo Jordan Branches Barros,Omar Salum Jiu-Jitsu
Manaus International Open IBJJF Championship 2015,Adult/Male/Purple/Light-Feather,1,Willis da Mota Nunes,Gracie Barra
Manaus International Open IBJJF Championship 2015,Adult/Male/Purple/Light-Feather,2,Keison Brendo Rodrigues da Silva,Gracie Barra
Manaus International Open IBJJF Championship 2015,Adult/Male/Purple/Light-Feather,3,Jean Cardoso,Omar Salum Jiu-Jitsu
Manaus International Open IBJJF Championship 2015,Adult/Male/Purple/Light-Feather,3,Mauricio Goncalves Botelho,Association Gato Brazilian Jiu-Jitsu - AGBJJ
Manaus International Open IBJJF Championship 2015,Adult/Male/Purple/Feather,1,Max Danrley Ferreira da Silva,PSLPB Cicero Costha
Manaus International Open IBJJF Championship 2015,Adult/Male/Purple/Feather,2,Jackson Rubens Pinheiro,Ryan Gracie Team
Manaus International Open IBJJF Championship 2015,Adult/Male/Purple/Feather,3,Ryan Freire Barreto,Carioca Team
Manaus International Open IBJJF Championship 2015,Adult/Male/Purple/Feather,3,Walter Wendell Benes Nunes,Associação Monteiro
Manaus International Open IBJJF Championship 2015,Adult/Male/Purple/Light,1,Leandro Lima de Souza,PSLPB Cicero Costha
Manaus International Open IBJJF Championship 2015,Adult/Male/Purple/Light,2,Marcos Rodrigues Farias,CheckMat
Manaus International Open IBJJF Championship 2015,Adult/Male/Purple/Light,3,Evaldo Junho Alves Dias,GF Team
Manaus International Open IBJJF Championship 2015,Adult/Male/Purple/Light,3,Willian Denis Da Silva Gomes,Elvys / Osvaldo Alves - AM
Manaus International Open IBJJF Championship 2015,Adult/Male/Purple/Middle,1,Felipe Moura Consentini,Club Pina
Manaus International Open IBJJF Championship 2015,Adult/Male/Purple/Middle,2,Fabiano Jozabade Cavalcante,Carioca Team
Manaus International Open IBJJF Championship 2015,Adult/Male/Purple/Middle,3,Andrews Moraes de Oliveira,Association Gato Brazilian Jiu-Jitsu - AGBJJ
Manaus International Open IBJJF Championship 2015,Adult/Male/Purple/Middle,3,Marcos André Carvalho Costa,Association Gato Brazilian Jiu-Jitsu - AGBJJ
Manaus International Open IBJJF Championship 2015,Adult/Male/Purple/Medium-Heavy,1,Gustavo Espindola Batista,PSLPB Cicero Costha
Manaus International Open IBJJF Championship 2015,Adult/Male/Purple/Medium-Heavy,2,Lucas Ferreira Melo,Familia Marcio Frank BJJ
Manaus International Open IBJJF Championship 2015,Adult/Male/Purple/Medium-Heavy,3,Marcio De Souza Loureiro,CheckMat
Manaus International Open IBJJF Championship 2015,Adult/Male/Purple/Medium-Heavy,3,Tiago Castro da Silva,Nova União
Manaus International Open IBJJF Championship 2015,Adult/Male/Purple/Heavy,1,Victor César Braz da Silva,Gracie Barra
Manaus International Open IBJJF Championship 2015,Adult/Male/Purple/Heavy,2,Andre Felipe de Souza Afonso,Clube Anibal Jiu Jitsu - CAJJ
Manaus International Open IBJJF Championship 2015,Adult/Male/Purple/Heavy,3,Iago Silva de Freitas,Omar Salum Jiu-Jitsu
Manaus International Open IBJJF Championship 2015,Adult/Male/Purple/Heavy,3,Julio Cesar Coelho Da Silva Junior,CheckMat
Manaus International Open IBJJF Championship 2015,Adult/Male/Purple/Super-Heavy,1,Elismaique Santos Azevedo,Game Fight BJJ/Manimal
Manaus International Open IBJJF Championship 2015,Adult/Male/Purple/Super-Heavy,2,Afonso Machado Conceição,Omar Salum Jiu-Jitsu
Manaus International Open IBJJF Championship 2015,Adult/Male/Purple/Super-Heavy,3,Fabiano de Araujo Cardoso,Omar Salum Jiu-Jitsu
Manaus International Open IBJJF Championship 2015,Adult/Male/Purple/Super-Heavy,3,Janderson Jesus de Farias,Associação Monteiro
Manaus International Open IBJJF Championship 2015,Adult/Male/Purple/Ultra-Heavy,1,Wesley Sousa Mamede,Osvaldo Alves - AM
Manaus International Open IBJJF Championship 2015,Adult/Male/Purple/Ultra-Heavy,2,Leonardo Sobrinho Câmara,CheckMat
Manaus International Open IBJJF Championship 2015,Adult/Male/Purple/Ultra-Heavy,3,Rogerio Ribeiro Oliveira,Gordinho Brazilian Jiu-Jitsu
Manaus International Open IBJJF Championship 2015,Adult/Male/Purple/OpenClass,1,Gustavo Espindola Batista,PSLPB Cicero Costha
Manaus International Open IBJJF Championship 2015,Adult/Male/Purple/OpenClass,2,Wesley Sousa Mamede,Osvaldo Alves - AM
Manaus International Open IBJJF Championship 2015,Adult/Male/Purple/OpenClass,3,Fabiano de Araujo Cardoso,Omar Salum Jiu-Jitsu
Manaus International Open IBJJF Championship 2015,Adult/Male/Purple/OpenClass,3,Leonardo Sobrinho Câmara,CheckMat
Manaus International Open IBJJF Championship 2015,Adult/Female/Purple/Light,1,Gabrielle McComb Lima,Gracie Humaita
Manaus International Open IBJJF Championship 2015,Adult/Female/Purple/Light,2,Duxley Luz Silva,Familia Marcio Frank BJJ
Manaus International Open IBJJF Championship 2015,Adult/Female/Purple/Light,3,Raisa Seabra Carvalho,Elvys / Osvaldo Alves - AM
Manaus International Open IBJJF Championship 2015,Adult/Female/Purple/Light,3,Soraia Souza de Freitas,Osvaldo Alves - AM
Manaus International Open IBJJF Championship 2015,Adult/Female/Purple/Middle,1,Andreia Cruz Cerdeira,Associação Monteiro
Manaus International Open IBJJF Championship 2015,Adult/Female/Purple/Heavy,1,Andrea Louise De C. Ramos  Lopes,Omar Salum Jiu-Jitsu
Manaus International Open IBJJF Championship 2015,Adult/Female/Purple/Heavy,2,Yara Cunha Campos,Omar Salum Jiu-Jitsu
Manaus International Open IBJJF Championship 2015,Adult/Female/Purple/Heavy,3,Taynara Souza Brito Souza,Club Pina
Manaus International Open IBJJF Championship 2015,Adult/Female/Purple/Super-Heavy,1,Rebeca Rodrigues Moreira,Associação Monteiro
Manaus International Open IBJJF Championship 2015,Adult/Female/Purple/OpenClass,1,Duxley Luz Silva,Familia Marcio Frank BJJ
Manaus International Open IBJJF Championship 2015,Adult/Female/Purple/OpenClass,2,Yara Cunha Campos,Omar Salum Jiu-Jitsu
Manaus International Open IBJJF Championship 2015,Adult/Female/Purple/OpenClass,3,Gabrielle McComb Lima,Gracie Humaita
Manaus International Open IBJJF Championship 2015,Adult/Male/Brown/Feather,1,Cleber de Sousa Fernandes,Ryan Gracie Team
Manaus International Open IBJJF Championship 2015,Adult/Male/Brown/Feather,2,Alexsander Alceu Laranjeira Rocha,Ronnie Melo Jiu-Jitsu
Manaus International Open IBJJF Championship 2015,Adult/Male/Brown/Feather,3,Darlan Moraes Dos Santos,Ronnie Melo Jiu-Jitsu
Manaus International Open IBJJF Championship 2015,Adult/Male/Brown/Light,1,Anderson da Silva Gomes,Guigo BJJ
Manaus International Open IBJJF Championship 2015,Adult/Male/Brown/Light,2,Anderson Laurido Arirama,Gracie Barra
Manaus International Open IBJJF Championship 2015,Adult/Male/Brown/Light,3,Jeovane Cardoso Lopes,Omar Salum Jiu-Jitsu
Manaus International Open IBJJF Championship 2015,Adult/Male/Brown/Light,3,Rafael Lisboa de Araújo,Familia Marcio Frank BJJ
Manaus International Open IBJJF Championship 2015,Adult/Male/Brown/Middle,1,Ricardo do Amaral Brito Elleres,Quintella BJJ Brasil
Manaus International Open IBJJF Championship 2015,Adult/Male/Brown/Middle,2,Marcos Neves Vieira,Club Pina
Manaus International Open IBJJF Championship 2015,Adult/Male/Brown/Middle,3,Janairo Do Carmo Silva,Gracie Barra
Manaus International Open IBJJF Championship 2015,Adult/Male/Brown/Middle,3,Klinger Maia Trindade,Association Gato Brazilian Jiu-Jitsu - AGBJJ
Manaus International Open IBJJF Championship 2015,Adult/Male/Brown/Medium-Heavy,1,Rafael Ribeiro Oliveira,Gordinho Brazilian Jiu-Jitsu
Manaus International Open IBJJF Championship 2015,Adult/Male/Brown/Medium-Heavy,2,Ivan de Melo Silva,Nova União
Manaus International Open IBJJF Championship 2015,Adult/Male/Brown/Medium-Heavy,3,Thiago de Freitas Sobreira,Omar Salum Jiu-Jitsu
Manaus International Open IBJJF Championship 2015,Adult/Male/Brown/Heavy,1,Rodrigo Moreira Lima,Gracie Humaita
Manaus International Open IBJJF Championship 2015,Adult/Male/Brown/Heavy,2,Alexsandro Nogueira,Omar Salum Jiu-Jitsu
Manaus International Open IBJJF Championship 2015,Adult/Male/Brown/Super-Heavy,1,Felipe Maik de Oliveira Matos,Associação Monteiro
Manaus International Open IBJJF Championship 2015,Adult/Male/Brown/Super-Heavy,2,Geovanni De Paula Mathias Saldanha,CheckMat
Manaus International Open IBJJF Championship 2015,Adult/Male/Brown/Ultra-Heavy,1,Alexandre Alves Lopes,Nardini Evolution
Manaus International Open IBJJF Championship 2015,Adult/Male/Brown/Ultra-Heavy,2,Moyses R. da Silva,Quintella BJJ Brasil
Manaus International Open IBJJF Championship 2015,Adult/Male/Brown/Ultra-Heavy,3,Samuel Alencar da Silva,CheckMat
Manaus International Open IBJJF Championship 2015,Adult/Female/Brown/Medium-Heavy,1,Nathiely Karoline Melo de Jesus,PSLPB Cicero Costha
Manaus International Open IBJJF Championship 2015,Adult/Female/Brown/Heavy,1,Jessica da Silva Oliveira,Gracie Barra
Manaus International Open IBJJF Championship 2015,Adult/Female/Brown/Super-Heavy,1,Caroline Alencar Mesquita,Associação Monteiro
Manaus International Open IBJJF Championship 2015,Adult/Female/Brown/OpenClass,1,Nathiely Karoline Melo de Jesus,PSLPB Cicero Costha
Manaus International Open IBJJF Championship 2015,Adult/Male/Black/Rooster,1,Paulo Andre Castro de Oliveira,Associação Monteiro
Manaus International Open IBJJF Championship 2015,Adult/Male/Black/Rooster,2,Samuel da Silva Souza,Omar Salum Jiu-Jitsu
Manaus International Open IBJJF Championship 2015,Adult/Male/Black/Rooster,3,Francisco Rodrigues Menezes,Amazonas Top Team
Manaus International Open IBJJF Championship 2015,Adult/Male/Black/Rooster,3,Jackson Brandao de Vasconcelos,Club Pina
Manaus International Open IBJJF Championship 2015,Adult/Male/Black/Feather,1,Gilson Nunes  De Oliveira Neto,GF Team Recreio
Manaus International Open IBJJF Championship 2015,Adult/Male/Black/Feather,2,Robson Brasil Feitoza,Club Pina
Manaus International Open IBJJF Championship 2015,Adult/Male/Black/Feather,3,Carlos Vieira Holanda,CheckMat
Manaus International Open IBJJF Championship 2015,Adult/Male/Black/Feather,3,Richard Barbosa da Silva Duarte,Omar Salum Jiu-Jitsu
Manaus International Open IBJJF Championship 2015,Adult/Male/Black/Light,1,Adalberto Maia Vital Júnior,Carioca Team
Manaus International Open IBJJF Championship 2015,Adult/Male/Black/Light,2,Luiz Augusto Galdez,Colisão Jiu-Jitsu
Manaus International Open IBJJF Championship 2015,Adult/Male/Black/Light,3,Anglesson Girão,Elvys / Osvaldo Alves - AM
Manaus International Open IBJJF Championship 2015,Adult/Male/Black/Light,3,José Augusto Rocha da Silva,Association Gato Brazilian Jiu-Jitsu - AGBJJ
Manaus International Open IBJJF Championship 2015,Adult/Male/Black/Middle,1,Caio Almeida Silva,Ryan Gracie Team
Manaus International Open IBJJF Championship 2015,Adult/Male/Black/Middle,2,Giderson Barros Ferreira,Familia Marcio Frank BJJ
Manaus International Open IBJJF Championship 2015,Adult/Male/Black/Middle,3,Abel Júnior Lima dos Santos,Associação Monteiro
Manaus International Open IBJJF Championship 2015,Adult/Male/Black/Middle,3,Marcelo Henrique Nascimento Da Silva,Clube Orley Lobato
Manaus International Open IBJJF Championship 2015,Adult/Male/Black/Medium-Heavy,1,Diego Borges Silva,Zenith BJJ
Manaus International Open IBJJF Championship 2015,Adult/Male/Black/Medium-Heavy,2,Andre Julio Franco de Sá Franco,Gracie Humaita
Manaus International Open IBJJF Championship 2015,Adult/Male/Black/Medium-Heavy,3,Andre Fabiano Silva Barbosa,Pássaros da Manhã
Manaus International Open IBJJF Championship 2015,Adult/Male/Black/Medium-Heavy,3,Angelo Antonio Fonte dos Reis,Clube Orley Lobato
Manaus International Open IBJJF Championship 2015,Adult/Male/Black/Heavy,1,Victor Hugo Vasconcelos Nascimento,Elvys / Osvaldo Alves - AM
Manaus International Open IBJJF Championship 2015,Adult/Male/Black/Heavy,2,Tyrone Gonsalves,Omar Salum Jiu-Jitsu
Manaus International Open IBJJF Championship 2015,Adult/Male/Black/Heavy,3,Luiz Roberto Costa Pereira,Ribeiro Jiu-Jitsu
Manaus International Open IBJJF Championship 2015,Adult/Male/Black/Super-Heavy,1,Eduardo Alves de Inojosa,PSLPB Cicero Costha
Manaus International Open IBJJF Championship 2015,Adult/Male/Black/Super-Heavy,2,Hudson Carlos De Sousa Silva,Omar Salum Jiu-Jitsu
Manaus International Open IBJJF Championship 2015,Adult/Male/Black/Super-Heavy,3,Andre Carvalho de Souza,Associação Monteiro
Manaus International Open IBJJF Championship 2015,Adult/Male/Black/Ultra-Heavy,1,Anderson Molaz Ferreira,Elvys / Osvaldo Alves - AM
Manaus International Open IBJJF Championship 2015,Adult/Male/Black/Ultra-Heavy,2,Fabio dos Santos Matos,CheckMat
Manaus International Open IBJJF Championship 2015,Adult/Male/Black/Ultra-Heavy,3,Eraldo Santos Guerreiro,De La Riva JJ
Manaus International Open IBJJF Championship 2015,Adult/Male/Black/Ultra-Heavy,3,Thiago Henrique Rocha Lima,Associação Monteiro
Manaus International Open IBJJF Championship 2015,Adult/Male/Black/OpenClass,1,Eduardo Alves de Inojosa,PSLPB Cicero Costha
Manaus International Open IBJJF Championship 2015,Adult/Male/Black/OpenClass,2,Luiz Roberto Costa Pereira,Ribeiro Jiu-Jitsu
Manaus International Open IBJJF Championship 2015,Adult/Male/Black/OpenClass,3,Giderson Barros Ferreira,Familia Marcio Frank BJJ
Manaus International Open IBJJF Championship 2015,Adult/Male/Black/OpenClass,3,Victor Hugo Vasconcelos Nascimento,Elvys / Osvaldo Alves - AM
Manaus International Open IBJJF Championship 2015,Adult/Female/Black/Middle,1,Thais Santos Souza,Clube Orley Lobato
Manaus International Open IBJJF Championship 2015,Adult/Female/Black/Super-Heavy,1,Fabiana Pereira Santos,Zenith BJJ
Manaus International Open IBJJF Championship 2015,Adult/Female/Black/Super-Heavy,2,Andréa Mc Comb Pereira,Omar Salum Jiu-Jitsu
Manaus International Open IBJJF Championship 2015,Adult/Female/Black/OpenClass,1,Fabiana Pereira Santos,Zenith BJJ
Manaus International Open IBJJF Championship 2015,Adult/Female/Black/OpenClass,2,Thais Santos Souza,Clube Orley Lobato
Manaus International Open IBJJF Championship 2015,Master1/Male/White/Light,1,Charmison Ardison C. Macedo,Gracie Barra
Manaus International Open IBJJF Championship 2015,Master1/Male/White/Light,2,Henrique Godoi da Silva,Associação Monteiro
Manaus International Open IBJJF Championship 2015,Master1/Male/White/Middle,1,Daniel Miranda Pinheiro Campos,Gracie Humaita
Manaus International Open IBJJF Championship 2015,Master1/Male/White/Middle,2,Antonio Carlos Souza da Rosa Jr.,Club Pina
Manaus International Open IBJJF Championship 2015,Master1/Male/White/Middle,3,David Luis da Silva Pontes,Associação Monteiro
Manaus International Open IBJJF Championship 2015,Master1/Male/White/Heavy,1,Clenio Almeida da Silva Filho,Zenith BJJ
Manaus International Open IBJJF Championship 2015,Master1/Male/White/Heavy,2,Hismael de Menezes Soares,Associação Monteiro
Manaus International Open IBJJF Championship 2015,Master1/Male/White/Heavy,3,Wilton Junio Teixeira,Ribeiro Jiu-Jitsu Brasil
Manaus International Open IBJJF Championship 2015,Master1/Male/White/Super-Heavy,1,Rômulo Freitas de Souza,Gracie Humaita
Manaus International Open IBJJF Championship 2015,Master1/Male/Blue/Rooster,1,Mário Santos da Silva Jr,Denis Wester Jiu-Jitsu
Manaus International Open IBJJF Championship 2015,Master1/Male/Blue/Light-Feather,1,Allas Cesar S. de Oliveira,Gracie Humaita
Manaus International Open IBJJF Championship 2015,Master1/Male/Blue/Feather,1,Marcos Cordeiro Brilhante,Centro de Artes Marciais Hadha-Dojô
Manaus International Open IBJJF Championship 2015,Master1/Male/Blue/Feather,2,Kleiton da Silva Macedo,Omar Salum Jiu-Jitsu
Manaus International Open IBJJF Championship 2015,Master1/Male/Blue/Feather,3,Rennan Pereira da Silva,Osvaldo Alves - AM
Manaus International Open IBJJF Championship 2015,Master1/Male/Blue/Light,1,Anderson Costa  De Menezes,PSLPB Cicero Costha
Manaus International Open IBJJF Championship 2015,Master1/Male/Blue/Light,2,Alexandre de A. Medeiros,PSLPB Cicero Costha
Manaus International Open IBJJF Championship 2015,Master1/Male/Blue/Light,3,Everson da Silva Figueiredo,Association Gato Brazilian Jiu-Jitsu - AGBJJ
Manaus International Open IBJJF Championship 2015,Master1/Male/Blue/Middle,1,Júlio César Peres de Morais,Familia Marcio Frank BJJ
Manaus International Open IBJJF Championship 2015,Master1/Male/Blue/Middle,2,Fabio Junior dos S. da Silva,Clube Anibal Jiu Jitsu - CAJJ
Manaus International Open IBJJF Championship 2015,Master1/Male/Blue/Middle,3,Guillermo Sampaio Radin,Association Gato Brazilian Jiu-Jitsu - AGBJJ
Manaus International Open IBJJF Championship 2015,Master1/Male/Blue/Medium-Heavy,1,Gabriel Pinto Da Luz,Associação Monteiro
Manaus International Open IBJJF Championship 2015,Master1/Male/Blue/Heavy,1,Alysson Martins Azevedo,PSLPB Cicero Costha
Manaus International Open IBJJF Championship 2015,Master1/Male/Blue/Heavy,2,Samir Megaron Silva de Bastos,Gracie Barra
Manaus International Open IBJJF Championship 2015,Master1/Male/Blue/Heavy,3,Diego Gomes Forero,Omar Salum Jiu-Jitsu
Manaus International Open IBJJF Championship 2015,Master1/Male/Blue/Heavy,3,Ewerton Jose F. Melo,Carioca Team
Manaus International Open IBJJF Championship 2015,Master1/Male/Blue/Super-Heavy,1,Gabriel Cunha dos Santos,Norfight
Manaus International Open IBJJF Championship 2015,Master1/Male/Blue/Super-Heavy,2,Rangel Lima Lopes,Juarez Harles BJJ
Manaus International Open IBJJF Championship 2015,Master1/Male/Blue/Ultra-Heavy,1,Anderson  Medeiros De Morais,Familia Marcio Frank BJJ
Manaus International Open IBJJF Championship 2015,Master1/Male/Blue/Ultra-Heavy,2,Flávio Simões de Oliveira Filho,Omar Salum Jiu-Jitsu
Manaus International Open IBJJF Championship 2015,Master1/Male/Blue/Ultra-Heavy,3,Edilson Martins Alves,Gracie Humaita
Manaus International Open IBJJF Championship 2015,Master1/Male/Blue/Ultra-Heavy,3,Lucinor de Souza Junior,Gracie Barra
Manaus International Open IBJJF Championship 2015,Master1/Male/Blue/OpenClass,1,Anderson  Medeiros De Morais,Familia Marcio Frank BJJ
Manaus International Open IBJJF Championship 2015,Master1/Male/Blue/OpenClass,2,Alysson Martins Azevedo,PSLPB Cicero Costha
Manaus International Open IBJJF Championship 2015,Master1/Male/Blue/OpenClass,3,Júlio César Peres de Morais,Familia Marcio Frank BJJ
Manaus International Open IBJJF Championship 2015,Master1/Male/Blue/OpenClass,3,Marcos Cordeiro Brilhante,Centro de Artes Marciais Hadha-Dojô
Manaus International Open IBJJF Championship 2015,Master1/Female/Blue/Middle,1,Helena Miranda Aires Neta,Omar Salum Jiu-Jitsu
Manaus International Open IBJJF Championship 2015,Master1/Female/Blue/Middle,2,Maysa Bastos Ladislau,Carioca Team
Manaus International Open IBJJF Championship 2015,Master1/Female/Blue/OpenClass,1,Maysa Bastos Ladislau,Carioca Team
Manaus International Open IBJJF Championship 2015,Master1/Female/Blue/OpenClass,2,Helena Miranda Aires Neta,Omar Salum Jiu-Jitsu
Manaus International Open IBJJF Championship 2015,Master1/Male/Purple/Feather,1,Andre Elias Pereira,Carioca Team
Manaus International Open IBJJF Championship 2015,Master1/Male/Purple/Feather,2,Denis Moreira Rebolças,Denis Wester Jiu-Jitsu
Manaus International Open IBJJF Championship 2015,Master1/Male/Purple/Light,1,Israel Girlison Pantoja da Silva,Associação Monteiro
Manaus International Open IBJJF Championship 2015,Master1/Male/Purple/Light,2,Leandro Costa Santos,Associação Monteiro
Manaus International Open IBJJF Championship 2015,Master1/Male/Purple/Light,3,Evandro Gomes Correia Junior,Familia Marcio Frank BJJ
Manaus International Open IBJJF Championship 2015,Master1/Male/Purple/Light,3,Fellipe P. Ferreira,Elvys / Osvaldo Alves - AM
Manaus International Open IBJJF Championship 2015,Master1/Male/Purple/Middle,1,Andrew Grant Morris,Combat Base UK
Manaus International Open IBJJF Championship 2015,Master1/Male/Purple/Middle,2,Ulysses Dimas,Mascarenhas Team
Manaus International Open IBJJF Championship 2015,Master1/Male/Purple/Middle,3,Alex Coelho Da Costa,Ronnie Melo Jiu-Jitsu
Manaus International Open IBJJF Championship 2015,Master1/Male/Purple/Middle,3,Marcio Schinyder Santos Sudô,Omar Salum Jiu-Jitsu
Manaus International Open IBJJF Championship 2015,Master1/Male/Purple/Medium-Heavy,1,Leandro Peres Loureiro de Oliveira,Mascarenhas Team
Manaus International Open IBJJF Championship 2015,Master1/Male/Purple/Medium-Heavy,2,Antonio Franklin Bastos Matos,Gracie Humaita
Manaus International Open IBJJF Championship 2015,Master1/Male/Purple/Medium-Heavy,3,Joao Batista de Carvalho Galvao,Omar Salum Jiu-Jitsu
Manaus International Open IBJJF Championship 2015,Master1/Male/Purple/Heavy,1,Gleidson M. Sampaio Cardoso,Omar Salum Jiu-Jitsu
Manaus International Open IBJJF Championship 2015,Master1/Male/Purple/Heavy,2,Fábio Luis da Silva Bindá,Omar Salum Jiu-Jitsu
Manaus International Open IBJJF Championship 2015,Master1/Male/Purple/Heavy,3,Rauny Pereira Corrêa,Gracie Humaita
Manaus International Open IBJJF Championship 2015,Master1/Male/Purple/Super-Heavy,1,Erik Diniz Figueira,Associação Monteiro
Manaus International Open IBJJF Championship 2015,Master1/Male/Purple/Super-Heavy,2,Sandro Fonseca Paula,CheckMat
Manaus International Open IBJJF Championship 2015,Master1/Male/Purple/Super-Heavy,3,Anderson Roberto Viana da Silva,Juarez Harles BJJ
Manaus International Open IBJJF Championship 2015,Master1/Male/Purple/Ultra-Heavy,1,Alvaro Nery Santana,Gracie Humaita
Manaus International Open IBJJF Championship 2015,Master1/Male/Purple/Ultra-Heavy,2,Elvis Graca de Souza,CheckMat
Manaus International Open IBJJF Championship 2015,Master1/Male/Purple/OpenClass,1,Gleidson M. Sampaio Cardoso,Omar Salum Jiu-Jitsu
Manaus International Open IBJJF Championship 2015,Master1/Male/Purple/OpenClass,2,Anderson Roberto Viana da Silva,Juarez Harles BJJ
Manaus International Open IBJJF Championship 2015,Master1/Male/Purple/OpenClass,3,Antonio Franklin Bastos Matos,Gracie Humaita
Manaus International Open IBJJF Championship 2015,Master1/Male/Purple/OpenClass,3,Evandro Gomes Correia Junior,Familia Marcio Frank BJJ
Manaus International Open IBJJF Championship 2015,Master1/Female/Purple/Medium-Heavy,1,Neuza Farias da Silva Santos,Associação Monteiro
Manaus International Open IBJJF Championship 2015,Master1/Male/Brown/Light-Feather,1,Jailson Tavares Guimarães,Elvys / Osvaldo Alves - AM
Manaus International Open IBJJF Championship 2015,Master1/Male/Brown/Feather,1,Anderson Ricardo de Souza Benchimol,Associação Monteiro
Manaus International Open IBJJF Championship 2015,Master1/Male/Brown/Feather,2,Obede de Souza Rocha,Carioca Team
Manaus International Open IBJJF Championship 2015,Master1/Male/Brown/Middle,1,Erick Leonardo  Lelis De Souza,Associação Monteiro
Manaus International Open IBJJF Championship 2015,Master1/Male/Brown/Middle,2,Heleno Lima Serrão,Gracie Barra
Manaus International Open IBJJF Championship 2015,Master1/Male/Brown/Medium-Heavy,1,Alessandro Souza da Silva,Gracie Humaita
Manaus International Open IBJJF Championship 2015,Master1/Male/Brown/Heavy,1,Jorge Augusto Carvalho Vasques,Associação Monteiro
Manaus International Open IBJJF Championship 2015,Master1/Male/Brown/Super-Heavy,1,Luiz Fillipe Carvalho de Lima Ibelli Braga,Equipe Robson Moura
Manaus International Open IBJJF Championship 2015,Master1/Male/Brown/Super-Heavy,2,Kennedy Monteiro de Oliveira,Clube Anibal Jiu Jitsu - CAJJ
Manaus International Open IBJJF Championship 2015,Master1/Male/Brown/Ultra-Heavy,1,Maycon Paulo Costa Pinheiro,CheckMat
Manaus International Open IBJJF Championship 2015,Master1/Male/Brown/Ultra-Heavy,2,Abraão Moises Queiroz Matalon,Carioca Team
Manaus International Open IBJJF Championship 2015,Master1/Male/Brown/Ultra-Heavy,3,Anderson De Brito Pereira,Carioca Team
Manaus International Open IBJJF Championship 2015,Master1/Male/Brown/Ultra-Heavy,3,Leandro Lucas Alves,Associação Monteiro
Manaus International Open IBJJF Championship 2015,Master1/Male/Brown/OpenClass,1,Abraão Moises Queiroz Matalon,Carioca Team
Manaus International Open IBJJF Championship 2015,Master1/Male/Brown/OpenClass,2,Jorge Augusto Carvalho Vasques,Associação Monteiro
Manaus International Open IBJJF Championship 2015,Master1/Male/Brown/OpenClass,3,Anderson De Brito Pereira,Carioca Team
Manaus International Open IBJJF Championship 2015,Master1/Male/Brown/OpenClass,3,Luiz Fillipe Carvalho de Lima Ibelli Braga,Equipe Robson Moura
Manaus International Open IBJJF Championship 2015,Master1/Male/Black/Light-Feather,1,Ivanildo Rollemberg Lima,Nova União
Manaus International Open IBJJF Championship 2015,Master1/Male/Black/Light-Feather,2,Harley Silva Santos,Associação Monteiro
Manaus International Open IBJJF Championship 2015,Master1/Male/Black/Light-Feather,3,Jaime Pinheiro da Silva,Associação Monteiro
Manaus International Open IBJJF Championship 2015,Master1/Male/Black/Feather,1,Paulo Andre Bicho Lobato,Elvys / Osvaldo Alves - AM
Manaus International Open IBJJF Championship 2015,Master1/Male/Black/Feather,2,Maxminiano Miranda,Carioca Team
Manaus International Open IBJJF Championship 2015,Master1/Male/Black/Feather,3,Marcinei Abreu Braga,Clube Orley Lobato
Manaus International Open IBJJF Championship 2015,Master1/Male/Black/Feather,3,Rodrigo Garcia de Souza,Carioca Team
Manaus International Open IBJJF Championship 2015,Master1/Male/Black/Light,1,André Oliveira Cabral,Gracie Humaita
Manaus International Open IBJJF Championship 2015,Master1/Male/Black/Light,2,Paulo Mag Gomes de Lima,Gracie Humaita
Manaus International Open IBJJF Championship 2015,Master1/Male/Black/Light,3,Jefite Nunes da Silva,Clube Orley Lobato
Manaus International Open IBJJF Championship 2015,Master1/Male/Black/Light,3,Remigton de Lira Romano,Clube Orley Lobato
Manaus International Open IBJJF Championship 2015,Master1/Male/Black/Middle,1,Eduardo da Silva Carneiro,Zenith BJJ
Manaus International Open IBJJF Championship 2015,Master1/Male/Black/Middle,2,Marcelo Medeiros de Castro,Associação Monteiro
Manaus International Open IBJJF Championship 2015,Master1/Male/Black/Middle,3,Charles Nascimento de Araujo,Omar Salum Jiu-Jitsu
Manaus International Open IBJJF Championship 2015,Master1/Male/Black/Middle,3,Cleresthon Farias de Oliveira,Associação Monteiro
Manaus International Open IBJJF Championship 2015,Master1/Male/Black/Medium-Heavy,1,Juarez Harles Martins Nunes,Juarez Harles BJJ
Manaus International Open IBJJF Championship 2015,Master1/Male/Black/Medium-Heavy,2,Jose Alberto Brito de Souza,Omar Salum Jiu-Jitsu
Manaus International Open IBJJF Championship 2015,Master1/Male/Black/Heavy,1,João Lucio Gonzales Gomes de Oliveira,Clube Anibal Jiu Jitsu - CAJJ
Manaus International Open IBJJF Championship 2015,Master1/Male/Black/Heavy,2,Diego Leonardo Palheta Lopes,Gracie Humaita
Manaus International Open IBJJF Championship 2015,Master1/Male/Black/Heavy,3,Daniel Pedreiro da Trindade,Clube Orley Lobato
Manaus International Open IBJJF Championship 2015,Master1/Male/Black/Super-Heavy,1,Adriano Morilo Soares,Clube Anibal Jiu Jitsu - CAJJ
Manaus International Open IBJJF Championship 2015,Master1/Male/Black/Super-Heavy,2,Saneyson de Siqueira Lopes,CheckMat
Manaus International Open IBJJF Championship 2015,Master1/Male/Black/Super-Heavy,3,Antonio Rodrigo da Fonseca Costa,Zenith BJJ
Manaus International Open IBJJF Championship 2015,Master1/Male/Black/Super-Heavy,3,Sammy Dias Sampaio,CheckMat
Manaus International Open IBJJF Championship 2015,Master1/Male/Black/Ultra-Heavy,2,Nabil Lelis de O. Abdel Aziz,Omar Salum Jiu-Jitsu
Manaus International Open IBJJF Championship 2015,Master1/Male/Black/Ultra-Heavy,3,Bruno Campos Fernandes de Souza,Ribeiro Jiu-Jitsu Brasil
Manaus International Open IBJJF Championship 2015,Master1/Male/Black/Ultra-Heavy,3,Wagton Oliveira Cardoso,Gracie Barra
Manaus International Open IBJJF Championship 2015,Master1/Male/Black/OpenClass,1,Bruno Campos Fernandes de Souza,Ribeiro Jiu-Jitsu Brasil
Manaus International Open IBJJF Championship 2015,Master1/Male/Black/OpenClass,2,Daniel Pedreiro da Trindade,Clube Orley Lobato
Manaus International Open IBJJF Championship 2015,Master1/Male/Black/OpenClass,3,Cleresthon Farias de Oliveira,Associação Monteiro
Manaus International Open IBJJF Championship 2015,Master1/Male/Black/OpenClass,3,Juarez Harles Martins Nunes,Juarez Harles BJJ
Manaus International Open IBJJF Championship 2015,Master1/Female/Black/Light,1,Erika Conceicão Dias Vilhena,Equipe Rodrigo Aleixo
Manaus International Open IBJJF Championship 2015,Master2/Male/White/Feather,1,Josely De Sousa Vieira,Association Gato Brazilian Jiu-Jitsu - AGBJJ
Manaus International Open IBJJF Championship 2015,Master2/Male/White/Heavy,1,Alvaro Guilherme Silva Senna,Gracie Humaita
Manaus International Open IBJJF Championship 2015,Master2/Male/White/Heavy,2,Saulo Briseno,Ribeiro Jiu-Jitsu Brasil
Manaus International Open IBJJF Championship 2015,Master2/Male/Blue/Middle,1,Adil Ali Dahouk,G13 BJJ
Manaus International Open IBJJF Championship 2015,Master2/Male/Blue/Middle,2,Jander Luiz Silva,PSLPB Cicero Costha
Manaus International Open IBJJF Championship 2015,Master2/Male/Blue/Medium-Heavy,1,Everton Carlos Alves Araujo,Norfight
Manaus International Open IBJJF Championship 2015,Master2/Male/Blue/Medium-Heavy,2,Michel Tenorio Sena,Associação Monteiro
Manaus International Open IBJJF Championship 2015,Master2/Male/Blue/Medium-Heavy,3,Daniel de Araujo Fernandes,Eric Tinoco BJJ
Manaus International Open IBJJF Championship 2015,Master2/Male/Blue/Ultra-Heavy,1,Claudio Jose Ernesto Machado,Associação Monteiro
Manaus International Open IBJJF Championship 2015,Master2/Male/Blue/OpenClass,1,Claudio Jose Ernesto Machado,Associação Monteiro
Manaus International Open IBJJF Championship 2015,Master2/Male/Blue/OpenClass,2,Adil Ali Dahouk,G13 BJJ
Manaus International Open IBJJF Championship 2015,Master2/Male/Purple/Light-Feather,1,Alexssandre Trivelato De Lima Gama,Association Gato Brazilian Jiu-Jitsu - AGBJJ
Manaus International Open IBJJF Championship 2015,Master2/Male/Purple/Light-Feather,2,Franck Rennãn Gama de Souza,Gracie Barra
Manaus International Open IBJJF Championship 2015,Master2/Male/Purple/Feather,1,Jose Gomes Ferreira,Elvys / Osvaldo Alves - AM
Manaus International Open IBJJF Championship 2015,Master2/Male/Purple/Medium-Heavy,1,Gustavo Moreira de Aquino,Alliance SP
Manaus International Open IBJJF Championship 2015,Master2/Male/Purple/Medium-Heavy,2,Ricardo Cavalcanti Baraúna Junior,Gracie Humaita
Manaus International Open IBJJF Championship 2015,Master2/Male/Purple/Medium-Heavy,3,Luciano Mario Ferreira Paes,Clube Anibal Jiu Jitsu - CAJJ
Manaus International Open IBJJF Championship 2015,Master2/Male/Purple/Medium-Heavy,3,Maurilio Almeida Neto,Gracie Barra
Manaus International Open IBJJF Championship 2015,Master2/Male/Purple/Ultra-Heavy,1,Ricardo Cesar Garcia Amaral Filho,CheckMat
Manaus International Open IBJJF Championship 2015,Master2/Male/Purple/OpenClass,1,Gustavo Moreira de Aquino,Alliance SP
Manaus International Open IBJJF Championship 2015,Master2/Male/Purple/OpenClass,2,Alexssandre Trivelato De Lima Gama,Association Gato Brazilian Jiu-Jitsu - AGBJJ
Manaus International Open IBJJF Championship 2015,Master2/Male/Purple/OpenClass,3,Ricardo Cesar Garcia Amaral Filho,CheckMat
Manaus International Open IBJJF Championship 2015,Master2/Male/Brown/Feather,1,Josenil Lima de Sousa,Nova União
Manaus International Open IBJJF Championship 2015,Master2/Male/Brown/Light,1,Jaimerson Cardoso Cordeiro,Ronnie Melo Jiu-Jitsu
Manaus International Open IBJJF Championship 2015,Master2/Male/Brown/Light,2,Esner Robert Santos Magalhães,Omar Salum Jiu-Jitsu
Manaus International Open IBJJF Championship 2015,Master2/Male/Brown/Middle,1,Carlos Jorge Gomes Oliveira Junior,Associação Monteiro
Manaus International Open IBJJF Championship 2015,Master2/Male/Brown/Medium-Heavy,1,George Serrao Bomfim,Elvys / Osvaldo Alves - AM
Manaus International Open IBJJF Championship 2015,Master2/Male/Brown/Super-Heavy,1,Miguel de Oliveira Muniz Neto,Familia Marcio Frank BJJ
Manaus International Open IBJJF Championship 2015,Master2/Male/Brown/Super-Heavy,2,Aldemário Ribeiro Cruz Júnior,Associação Monteiro
Manaus International Open IBJJF Championship 2015,Master2/Male/Brown/OpenClass,1,Miguel de Oliveira Muniz Neto,Familia Marcio Frank BJJ
Manaus International Open IBJJF Championship 2015,Master2/Male/Brown/OpenClass,2,Carlos Jorge Gomes Oliveira Junior,Associação Monteiro
Manaus International Open IBJJF Championship 2015,Master2/Male/Black/Light-Feather,1,Marcos Fernandes do Nascimento,Associação Monteiro
Manaus International Open IBJJF Championship 2015,Master2/Male/Black/Light-Feather,2,Jose Akel Valente Freitas,Club Pina
Manaus International Open IBJJF Championship 2015,Master2/Male/Black/Feather,1,Omar Antonio Lima Salum Junior,Omar Salum Jiu-Jitsu
Manaus International Open IBJJF Championship 2015,Master2/Male/Black/Light,1,Marcelo Fernandes Batista,Clube Anibal Jiu Jitsu - CAJJ
Manaus International Open IBJJF Championship 2015,Master2/Male/Black/Light,2,Jander K. Pinheiro Martiniano,Elvys / Osvaldo Alves - AM
Manaus International Open IBJJF Championship 2015,Master2/Male/Black/Light,3,Anderson Rogerio Hosana Lobato,Associação Monteiro
Manaus International Open IBJJF Championship 2015,Master2/Male/Black/Middle,1,Janio Rodrigues Ferreira,Clube Orley Lobato
Manaus International Open IBJJF Championship 2015,Master2/Male/Black/Middle,2,Albert Frederic do Couto Souza,Omar Salum Jiu-Jitsu
Manaus International Open IBJJF Championship 2015,Master2/Male/Black/Middle,3,Rodrigo Medeiros  Santos,Elvys / Osvaldo Alves - AM
Manaus International Open IBJJF Championship 2015,Master2/Male/Black/Middle,3,Sergio Nunes de Souza,Clube Orley Lobato Porto Velho
Manaus International Open IBJJF Championship 2015,Master2/Male/Black/Medium-Heavy,1,George Marcio Tico Silva,Familia Marcio Frank BJJ
Manaus International Open IBJJF Championship 2015,Master2/Male/Black/Medium-Heavy,2,Enoch Bicharra Silva,Ronnie Melo Jiu-Jitsu
Manaus International Open IBJJF Championship 2015,Master2/Male/Black/Heavy,1,Alberto Crane,Gracie Barra
Manaus International Open IBJJF Championship 2015,Master2/Male/Black/Heavy,2,Júlio de Souza Franco Neto,Associação Monteiro
Manaus International Open IBJJF Championship 2015,Master2/Male/Black/Heavy,3,Gilberto Jose Bruces Rodrigues,HBJ
Manaus International Open IBJJF Championship 2015,Master2/Male/Black/Heavy,3,Leonardo Fábio Lopes Abecassis,Clube Anibal Jiu Jitsu - CAJJ
Manaus International Open IBJJF Championship 2015,Master2/Male/Black/Super-Heavy,1,Elton Roberto Barroso Vieira,Club Pina
Manaus International Open IBJJF Championship 2015,Master2/Male/Black/Super-Heavy,2,Glenio Lima Penalber,Clube Anibal Jiu Jitsu - CAJJ
Manaus International Open IBJJF Championship 2015,Master2/Male/Black/Super-Heavy,3,Gutemberg Monteiro Belchior,Clube Orley Lobato
Manaus International Open IBJJF Championship 2015,Master2/Male/Black/Super-Heavy,3,Tamisson de Souza Pereira,Ronnie Melo Jiu-Jitsu
Manaus International Open IBJJF Championship 2015,Master2/Male/Black/Ultra-Heavy,1,Lúcio Fábio Ferreira da Cunha,Associação Fabio Cunha
Manaus International Open IBJJF Championship 2015,Master2/Male/Black/Ultra-Heavy,2,Adson Pinho Pinto,Clube Orley Lobato
Manaus International Open IBJJF Championship 2015,Master2/Male/Black/Ultra-Heavy,3,Mauricio Pinho Da Silva,Associação Monteiro
Manaus International Open IBJJF Championship 2015,Master2/Male/Black/Ultra-Heavy,3,Uelber Marques Soares,G13 BJJ
Manaus International Open IBJJF Championship 2015,Master2/Male/Black/OpenClass,1,Omar Antonio Lima Salum Junior,Omar Salum Jiu-Jitsu
Manaus International Open IBJJF Championship 2015,Master2/Male/Black/OpenClass,2,Adson Pinho Pinto,Clube Orley Lobato
Manaus International Open IBJJF Championship 2015,Master2/Male/Black/OpenClass,3,Uelber Marques Soares,G13 BJJ
Manaus International Open IBJJF Championship 2015,Master3/Male/Blue/Middle,1,Marcelo Carvalho Pereira,CheckMat
Manaus International Open IBJJF Championship 2015,Master3/Male/Blue/Heavy,1,Roberto Bittencourt Marcondes Rocha,IFC Life Brothers
Manaus International Open IBJJF Championship 2015,Master3/Male/Blue/Heavy,2,Jairo de Holanda Lirio,Omar Salum Jiu-Jitsu
Manaus International Open IBJJF Championship 2015,Master3/Male/Blue/Ultra-Heavy,1,Wladyslaw Gryko Junior,Zenith BJJ
Manaus International Open IBJJF Championship 2015,Master3/Male/Blue/OpenClass,1,Roberto Bittencourt Marcondes Rocha,IFC Life Brothers
Manaus International Open IBJJF Championship 2015,Master3/Male/Blue/OpenClass,2,Wladyslaw Gryko Junior,Zenith BJJ
Manaus International Open IBJJF Championship 2015,Master3/Male/Purple/Light,1,Luiz Carlos Duarte Coelho,CheckMat
Manaus International Open IBJJF Championship 2015,Master3/Male/Purple/Super-Heavy,1,Emerson Elvis da Silva,G13 BJJ
Manaus International Open IBJJF Championship 2015,Master3/Male/Purple/OpenClass,1,Emerson Elvis da Silva,G13 BJJ
Manaus International Open IBJJF Championship 2015,Master3/Male/Brown/Middle,1,Jean Carlos Carvalho da Silva,Carioca Team
Manaus International Open IBJJF Championship 2015,Master3/Male/Brown/Heavy,1,Paulo Castro Cavalcanti,Omar Salum Jiu-Jitsu
Manaus International Open IBJJF Championship 2015,Master3/Male/Brown/Ultra-Heavy,1,Antonio Lima de O. Filho,Associação Monteiro
Manaus International Open IBJJF Championship 2015,Master3/Male/Black/Feather,1,Marcio Farias  Saldamha,Ronnie Melo Jiu-Jitsu
Manaus International Open IBJJF Championship 2015,Master3/Male/Black/Light,1,Alex Sander Mucceda Leite,Clube Anibal Jiu Jitsu - CAJJ
Manaus International Open IBJJF Championship 2015,Master3/Male/Black/Light,2,Itamar Lima Brito,Clube Orley Lobato
Manaus International Open IBJJF Championship 2015,Master3/Male/Black/Light,3,Marcio  Oliveira,Associação Monteiro
Manaus International Open IBJJF Championship 2015,Master3/Male/Black/Light,3,Ubiratan Puga Ferreira,Garra Office BJJ
Manaus International Open IBJJF Championship 2015,Master3/Male/Black/Middle,1,Mauricio Jose Neves de Araujo,HBJ
Manaus International Open IBJJF Championship 2015,Master3/Male/Black/Middle,2,Luiz Cesar Santos,HBJ
Manaus International Open IBJJF Championship 2015,Master3/Male/Black/Middle,3,Fábio Augusto Silva Machado,Omar Salum Jiu-Jitsu
Manaus International Open IBJJF Championship 2015,Master3/Male/Black/Medium-Heavy,1,Isaac Araujo Ramos,GF Team
Manaus International Open IBJJF Championship 2015,Master3/Male/Black/Medium-Heavy,2,Mario  Alberto Lira Paiva,Paulo Coelho
Manaus International Open IBJJF Championship 2015,Master3/Male/Black/Heavy,1,Romulo Augusto Bastos do Valle,Nova União
Manaus International Open IBJJF Championship 2015,Master3/Male/Black/Super-Heavy,1,Augusto Cesar de Oliveira Nunes Junior,Clube Orley Lobato
Manaus International Open IBJJF Championship 2015,Master3/Male/Black/Super-Heavy,2,Fabio Kudo,Bon Sai JJ
Manaus International Open IBJJF Championship 2015,Master3/Male/Black/Ultra-Heavy,1,Francisco Carvalho de Souza Junior,HBJ
Manaus International Open IBJJF Championship 2015,Master3/Male/Black/OpenClass,1,Isaac Araujo Ramos,GF Team
Manaus International Open IBJJF Championship 2015,Master3/Male/Black/OpenClass,2,Marcio Farias  Saldamha,Ronnie Melo Jiu-Jitsu
Manaus International Open IBJJF Championship 2015,Master4/Male/Blue/Light,1,Sandro Castillo,Ribeiro Jiu-Jitsu Brasil
Manaus International Open IBJJF Championship 2015,Master4/Male/Purple/Medium-Heavy,1,Tadeu João Silva Santos Junior,PSLPB Cicero Costha
Manaus International Open IBJJF Championship 2015,Master4/Male/Purple/Medium-Heavy,2,Sergio Raimundo Ernesto Machado,Associação Monteiro
Manaus International Open IBJJF Championship 2015,Master4/Male/Purple/Medium-Heavy,3,James Derek Kershner,Alliance Marcelo Garcia
Manaus International Open IBJJF Championship 2015,Master4/Male/Purple/OpenClass,1,Sergio Raimundo Ernesto Machado,Associação Monteiro
Manaus International Open IBJJF Championship 2015,Master4/Male/Brown/Medium-Heavy,1,Jailton Gomes de Oliveira,Clube Anibal Jiu Jitsu - CAJJ
Manaus International Open IBJJF Championship 2015,Master4/Male/Brown/Ultra-Heavy,1,Telmar Matos de Freitas,Omar Salum Jiu-Jitsu
Manaus International Open IBJJF Championship 2015,Master4/Male/Brown/OpenClass,1,Jailton Gomes de Oliveira,Clube Anibal Jiu Jitsu - CAJJ
Manaus International Open IBJJF Championship 2015,Master4/Male/Black/Middle,1,João Leão de Oliveira,Clube Orley Lobato
Manaus International Open IBJJF Championship 2015,Master4/Male/Black/Middle,2,Raimundo Henelito Nobre Malagueta Junior,Associação Monteiro
Manaus International Open IBJJF Championship 2015,Master4/Male/Black/Medium-Heavy,1,Marcelo Alves Cardoso,Marcelo Tubarão
Manaus International Open IBJJF Championship 2015,Master4/Male/Black/Heavy,1,Orley Lobato Pinheiro,Osvaldo Alves
Manaus International Open IBJJF Championship 2015,Master4/Male/Black/Heavy,2,Marco José Neves de Araújo,HBJ
Manaus International Open IBJJF Championship 2015,Master4/Male/Black/Super-Heavy,1,Frank Alberto Alves Franco,Associação Monteiro
Manaus International Open IBJJF Championship 2015,Master4/Male/Black/OpenClass,1,Frank Alberto Alves Franco,Associação Monteiro
Manaus International Open IBJJF Championship 2015,Master4/Male/Black/OpenClass,2,Raimundo Henelito Nobre Malagueta Junior,Associação Monteiro
