Madrid International Open Jiu-Jitsu IBJJF 2015,Juvenile/Male/White/Feather,1,Adrian Jose Hernández Luzardo,Rumen Caraballo BJJ
Madrid International Open Jiu-Jitsu IBJJF 2015,Juvenile/Male/Blue/Medium-Heavy,1,Abimael González García,Carlson Gracie International
Madrid International Open Jiu-Jitsu IBJJF 2015,Juvenile/Male/Blue/Medium-Heavy,2,Daniel González Leon,Rumen Caraballo BJJ
Madrid International Open Jiu-Jitsu IBJJF 2015,Adult/Male/White/Light-Feather,1,Jose Maria  Perez Sainz,Mathias Ribeiro Team
Madrid International Open Jiu-Jitsu IBJJF 2015,Adult/Male/White/Light-Feather,2,Israel Herranz Gallego,Mathias Ribeiro Team
Madrid International Open Jiu-Jitsu IBJJF 2015,Adult/Male/White/Light-Feather,3,Ayoze Lutzardo Rodriguez,Carlson Gracie International
Madrid International Open Jiu-Jitsu IBJJF 2015,Adult/Male/White/Light-Feather,3,Daniel Espin Balsera,Climent club
Madrid International Open Jiu-Jitsu IBJJF 2015,Adult/Male/White/Feather,1,Marcos Isaac Diaz Fernandez,Mathias Ribeiro Team
Madrid International Open Jiu-Jitsu IBJJF 2015,Adult/Male/White/Feather,2,Carlos Moreno Lopez,Climent club
Madrid International Open Jiu-Jitsu IBJJF 2015,Adult/Male/White/Feather,3,Borja  Fernandez Montesdeoca,Team Gil Catarino
Madrid International Open Jiu-Jitsu IBJJF 2015,Adult/Male/White/Feather,3,Outman Amal,Climent club
Madrid International Open Jiu-Jitsu IBJJF 2015,Adult/Male/White/Light,1,Kilian Dalmau Roman Moreno,Carlson Gracie International
Madrid International Open Jiu-Jitsu IBJJF 2015,Adult/Male/White/Light,2,Airam Izquierdo Perez,Carlson Gracie International
Madrid International Open Jiu-Jitsu IBJJF 2015,Adult/Male/White/Light,3,Adolfo Acevedo Cordon,Mathias Ribeiro Team
Madrid International Open Jiu-Jitsu IBJJF 2015,Adult/Male/White/Light,3,Eduardo Morales Arranz,Vivo Jiu-Jitsu
Madrid International Open Jiu-Jitsu IBJJF 2015,Adult/Male/White/Middle,1,Alexis  Bouba Ndong,Ases Jiu Jitsu
Madrid International Open Jiu-Jitsu IBJJF 2015,Adult/Male/White/Middle,2,Gaston Pucciano,Brasa CTA
Madrid International Open Jiu-Jitsu IBJJF 2015,Adult/Male/White/Middle,3,Alexander Kalandarishvili,Ribeiro Jiu-Jitsu
Madrid International Open Jiu-Jitsu IBJJF 2015,Adult/Male/White/Middle,3,Cláudio Filipe Franco Soares,Icon Jiu-Jitsu Team
Madrid International Open Jiu-Jitsu IBJJF 2015,Adult/Male/White/Medium-Heavy,1,Fernando Mera,MG TEAM
Madrid International Open Jiu-Jitsu IBJJF 2015,Adult/Male/White/Medium-Heavy,2,Francisco Javier Barrios Bermudez,7 Islands Jiu-Jitsu Team
Madrid International Open Jiu-Jitsu IBJJF 2015,Adult/Male/White/Medium-Heavy,3,Ioannis Efstratiou,Zentih BJJ - Greece
Madrid International Open Jiu-Jitsu IBJJF 2015,Adult/Male/White/Heavy,1,Abel Bayili,Cercle Tissier
Madrid International Open Jiu-Jitsu IBJJF 2015,Adult/Male/White/Heavy,2,Miguel Ángel Plata Perea,Bruno y Betinho Madrid
Madrid International Open Jiu-Jitsu IBJJF 2015,Adult/Male/White/Heavy,3,Abel Molla Lopez,Mathias Ribeiro Team
Madrid International Open Jiu-Jitsu IBJJF 2015,Adult/Male/White/Heavy,3,Javier Navarro Villada,CheckMat
Madrid International Open Jiu-Jitsu IBJJF 2015,Adult/Male/White/Ultra-Heavy,1,Jose  Benavent Núñez,WING BJJ
Madrid International Open Jiu-Jitsu IBJJF 2015,Adult/Male/White/Ultra-Heavy,2,Christopher C.R. Morgan,CheckMat
Madrid International Open Jiu-Jitsu IBJJF 2015,Adult/Male/White/Ultra-Heavy,3,Jose Herrero Rived,Atos JJ International
Madrid International Open Jiu-Jitsu IBJJF 2015,Adult/Female/White/Light-Feather,1,Silvia  Vega Lorenzo,Emirates Jiu Jitsu Center Barcelona
Madrid International Open Jiu-Jitsu IBJJF 2015,Adult/Female/White/Light-Feather,2,Aranzazu Roser Mantecon,Association Aranha
Madrid International Open Jiu-Jitsu IBJJF 2015,Adult/Female/White/Light-Feather,3,Amanda Lopez Hernandez,Carlson Gracie International
Madrid International Open Jiu-Jitsu IBJJF 2015,Adult/Female/White/Light-Feather,3,Sabrina Migliozzi,Fight Move BJJ
Madrid International Open Jiu-Jitsu IBJJF 2015,Adult/Female/White/Feather,1,Georgina López Rosés,Emirates Jiu Jitsu Center Barcelona
Madrid International Open Jiu-Jitsu IBJJF 2015,Adult/Female/White/Feather,2,Ríoghnach O' Leary,Ribeiro Jiu-Jitsu
Madrid International Open Jiu-Jitsu IBJJF 2015,Adult/Female/White/Feather,3,Giulia Pini,Tribe Jiu-Jitsu Roma
Madrid International Open Jiu-Jitsu IBJJF 2015,Adult/Female/White/Feather,3,Noelia Ferreiro Otero,Atos JJ International
Madrid International Open Jiu-Jitsu IBJJF 2015,Adult/Female/White/Light,1,Cristina Del Pino Caballero Ojeda,Rumen Caraballo BJJ
Madrid International Open Jiu-Jitsu IBJJF 2015,Adult/Female/White/Light,2,Vanesa Dominguez Ballesteros,Carlos Varona BJJ
Madrid International Open Jiu-Jitsu IBJJF 2015,Adult/Female/White/Light,3,Iris Karjalainen,Frota Team
Madrid International Open Jiu-Jitsu IBJJF 2015,Adult/Female/White/Light,3,Meryxell González Correa,Carlson Gracie International
Madrid International Open Jiu-Jitsu IBJJF 2015,Adult/Female/White/Middle,1,Patricia Rosario,Vivo Jiu-Jitsu
Madrid International Open Jiu-Jitsu IBJJF 2015,Adult/Female/White/Middle,2,Iliana Podean Merino,Brazilian Power Team International
Madrid International Open Jiu-Jitsu IBJJF 2015,Adult/Female/White/Middle,3,Bona Jang You,Carlson Gracie International
Madrid International Open Jiu-Jitsu IBJJF 2015,Adult/Female/White/Middle,3,Marcela Carriello,Gracie Barra
Madrid International Open Jiu-Jitsu IBJJF 2015,Adult/Female/White/Medium-Heavy,1,Simona Loredana Contemprato Moya Trasca,Lotus Club International
Madrid International Open Jiu-Jitsu IBJJF 2015,Adult/Male/Blue/Rooster,1,Mesulam Cruz Escaño,7 Islands Jiu-Jitsu Team
Madrid International Open Jiu-Jitsu IBJJF 2015,Adult/Male/Blue/Rooster,2,Alberto Alamia,Accademia Kama
Madrid International Open Jiu-Jitsu IBJJF 2015,Adult/Male/Blue/Rooster,3,Frank Eduardo Quiñonez Oviedo,Brazilian Power Team International
Madrid International Open Jiu-Jitsu IBJJF 2015,Adult/Male/Blue/Light-Feather,1,Richard Raul Bukovcsan,Ribeiro Jiu-Jitsu
Madrid International Open Jiu-Jitsu IBJJF 2015,Adult/Male/Blue/Light-Feather,2,Adil Salhi,Jackson Paulo Team
Madrid International Open Jiu-Jitsu IBJJF 2015,Adult/Male/Blue/Light-Feather,3,John Fleming,ACT JJ Int.
Madrid International Open Jiu-Jitsu IBJJF 2015,Adult/Male/Blue/Light-Feather,3,Ruben David Tejera Afonso,Carlson Gracie International
Madrid International Open Jiu-Jitsu IBJJF 2015,Adult/Male/Blue/Feather,1,ALFREDO DAVID FIGUEROA GALVAN,Carlson Gracie International
Madrid International Open Jiu-Jitsu IBJJF 2015,Adult/Male/Blue/Feather,2,Martin M. A. Izaguirre,Reinaldo Ribeiro Team BJJ Association
Madrid International Open Jiu-Jitsu IBJJF 2015,Adult/Male/Blue/Feather,3,Lukas Kryzius,Zenith BJJ International
Madrid International Open Jiu-Jitsu IBJJF 2015,Adult/Male/Blue/Feather,3,Romario Sobreira Amorim,Alliance International
Madrid International Open Jiu-Jitsu IBJJF 2015,Adult/Male/Blue/Light,1,Nicolas Medina Werner,Mathias Ribeiro Team
Madrid International Open Jiu-Jitsu IBJJF 2015,Adult/Male/Blue/Light,2,Rogelio Andres González Rojas,Team Gil Catarino
Madrid International Open Jiu-Jitsu IBJJF 2015,Adult/Male/Blue/Light,3,Carlos Alberto Monteiro,Icon Jiu-Jitsu Team
Madrid International Open Jiu-Jitsu IBJJF 2015,Adult/Male/Blue/Light,3,Stephen McDaid,ACT JJ Int.
Madrid International Open Jiu-Jitsu IBJJF 2015,Adult/Male/Blue/Middle,1,Abilio Almeida Evora Barbosa,Brazilian Power Team
Madrid International Open Jiu-Jitsu IBJJF 2015,Adult/Male/Blue/Middle,2,Thomas Mcnamara,SBG Ireland
Madrid International Open Jiu-Jitsu IBJJF 2015,Adult/Male/Blue/Middle,3,Antonio Fresno,De La Riva International
Madrid International Open Jiu-Jitsu IBJJF 2015,Adult/Male/Blue/Middle,3,Shai Gilad,Pariente Academy
Madrid International Open Jiu-Jitsu IBJJF 2015,Adult/Male/Blue/Medium-Heavy,1,Martin Franck,Gracie Barra
Madrid International Open Jiu-Jitsu IBJJF 2015,Adult/Male/Blue/Medium-Heavy,2,Ian Featherstone,Ribeiro Jiu-Jitsu
Madrid International Open Jiu-Jitsu IBJJF 2015,Adult/Male/Blue/Medium-Heavy,3,Austin Rhatigan,Ribeiro Jiu-Jitsu
Madrid International Open Jiu-Jitsu IBJJF 2015,Adult/Male/Blue/Medium-Heavy,3,Jose David  Yánez Socorro,Carlson Gracie International
Madrid International Open Jiu-Jitsu IBJJF 2015,Adult/Male/Blue/Heavy,1,Jose Luis  Cardenas Lopez,Ases Jiu Jitsu
Madrid International Open Jiu-Jitsu IBJJF 2015,Adult/Male/Blue/Heavy,2,Benjamin  Rudman,Ironside MMA
Madrid International Open Jiu-Jitsu IBJJF 2015,Adult/Male/Blue/Super-Heavy,1,Luke  Barnatt,Roger Gracie España
Madrid International Open Jiu-Jitsu IBJJF 2015,Adult/Male/Blue/Super-Heavy,2,Tiago Taguding da Costa Lourenço,Gracie Barra
Madrid International Open Jiu-Jitsu IBJJF 2015,Adult/Male/Blue/Super-Heavy,3,Domenico Tricamo,Trinacria BJJ
Madrid International Open Jiu-Jitsu IBJJF 2015,Adult/Male/Blue/Ultra-Heavy,1,Hector Castro Abad,7 Islands Jiu-Jitsu Team
Madrid International Open Jiu-Jitsu IBJJF 2015,Adult/Male/Blue/Ultra-Heavy,2,Nickolaos Chatzinikolas,Zentih BJJ - Greece
Madrid International Open Jiu-Jitsu IBJJF 2015,Adult/Male/Blue/OpenClass,1,Abilio Almeida Evora Barbosa,Brazilian Power Team
Madrid International Open Jiu-Jitsu IBJJF 2015,Adult/Male/Blue/OpenClass,2,Tiago Taguding da Costa Lourenço,Gracie Barra
Madrid International Open Jiu-Jitsu IBJJF 2015,Adult/Male/Blue/OpenClass,3,Luke  Barnatt,Roger Gracie España
Madrid International Open Jiu-Jitsu IBJJF 2015,Adult/Male/Blue/OpenClass,3,Rogelio Andres González Rojas,Team Gil Catarino
Madrid International Open Jiu-Jitsu IBJJF 2015,Adult/Female/Blue/Light-Feather,1,Mairead Coyle,Gracie Elite Team
Madrid International Open Jiu-Jitsu IBJJF 2015,Adult/Female/Blue/Light-Feather,2,Ariane Santana Medina,Carlson Gracie International
Madrid International Open Jiu-Jitsu IBJJF 2015,Adult/Female/Blue/Light-Feather,3,Jozefina Mihaiu,CFS BJJ
Madrid International Open Jiu-Jitsu IBJJF 2015,Adult/Female/Blue/Light-Feather,3,Noemie Host,Gracie Barra
Madrid International Open Jiu-Jitsu IBJJF 2015,Adult/Female/Blue/Feather,1,Elsa Moya Sergio,Braziliam Power Team - Brazil
Madrid International Open Jiu-Jitsu IBJJF 2015,Adult/Female/Blue/Feather,2,Moravia Widmer,Nova União
Madrid International Open Jiu-Jitsu IBJJF 2015,Adult/Female/Blue/Feather,3,Ana Maria Suarez Garcia,WING BJJ
Madrid International Open Jiu-Jitsu IBJJF 2015,Adult/Female/Blue/Feather,3,Melany Tavares de carvalho,Gracie Humaita
Madrid International Open Jiu-Jitsu IBJJF 2015,Adult/Female/Blue/Light,1,Luciana Cristina Leite Galvao,Atos JJ International
Madrid International Open Jiu-Jitsu IBJJF 2015,Adult/Female/Blue/Light,2,Pilar Romero Romero,Mathias Ribeiro Team
Madrid International Open Jiu-Jitsu IBJJF 2015,Adult/Female/Blue/Light,3,Eva Gavela Coya,CheckMat
Madrid International Open Jiu-Jitsu IBJJF 2015,Adult/Female/Blue/Super-Heavy,1,Katiúscia Yasmira Pires Dias,Brazilian Power Team
Madrid International Open Jiu-Jitsu IBJJF 2015,Adult/Female/Blue/Super-Heavy,2,Laura London,GF Team Connecticut
Madrid International Open Jiu-Jitsu IBJJF 2015,Adult/Female/Blue/Super-Heavy,3,Elizabeth Mckenzie,Carlos Varona BJJ
Madrid International Open Jiu-Jitsu IBJJF 2015,Adult/Female/Blue/OpenClass,1,Luciana Cristina Leite Galvao,Atos JJ International
Madrid International Open Jiu-Jitsu IBJJF 2015,Adult/Female/Blue/OpenClass,2,Noemie Host,Gracie Barra
Madrid International Open Jiu-Jitsu IBJJF 2015,Adult/Female/Blue/OpenClass,3,Laura London,GF Team Connecticut
Madrid International Open Jiu-Jitsu IBJJF 2015,Adult/Female/Blue/OpenClass,3,Melany Tavares de carvalho,Gracie Humaita
Madrid International Open Jiu-Jitsu IBJJF 2015,Adult/Male/Purple/Light-Feather,1,Sacha Marguerite,Nova União
Madrid International Open Jiu-Jitsu IBJJF 2015,Adult/Male/Purple/Light-Feather,2,Iñaki Sagarna,Team Jucão Spain
Madrid International Open Jiu-Jitsu IBJJF 2015,Adult/Male/Purple/Light-Feather,3,Curtis  Henry,De La Riva International
Madrid International Open Jiu-Jitsu IBJJF 2015,Adult/Male/Purple/Feather,1,Achraf El Hazime,Gracie Barra
Madrid International Open Jiu-Jitsu IBJJF 2015,Adult/Male/Purple/Feather,2,Ulpiano Luis Yrayzoz Noya,Mathias Ribeiro Team
Madrid International Open Jiu-Jitsu IBJJF 2015,Adult/Male/Purple/Feather,3,Kieran Reid,Rio Grappling Club Europe
Madrid International Open Jiu-Jitsu IBJJF 2015,Adult/Male/Purple/Feather,3,Kilian Rodriguez Medina,Carlson Gracie International
Madrid International Open Jiu-Jitsu IBJJF 2015,Adult/Male/Purple/Light,1,Adriano  De Oliveira Stimamilio,Carlson Gracie International
Madrid International Open Jiu-Jitsu IBJJF 2015,Adult/Male/Purple/Light,2,David Campos Pineiro,Mathias Ribeiro Team
Madrid International Open Jiu-Jitsu IBJJF 2015,Adult/Male/Purple/Light,3,Alex Varona,Carlos Varona BJJ
Madrid International Open Jiu-Jitsu IBJJF 2015,Adult/Male/Purple/Light,3,juan antonio dominguez gallardo,Roger Gracie España
Madrid International Open Jiu-Jitsu IBJJF 2015,Adult/Male/Purple/Middle,1,Aleksi Joukamo Lohi,Brasa
Madrid International Open Jiu-Jitsu IBJJF 2015,Adult/Male/Purple/Middle,2,Adrià Pérez,Reinaldo Ribeiro Team JJ
Madrid International Open Jiu-Jitsu IBJJF 2015,Adult/Male/Purple/Middle,3,Arturo Lancharro Maciá,De La Riva International
Madrid International Open Jiu-Jitsu IBJJF 2015,Adult/Male/Purple/Middle,3,Ömer Erdem  Gencer,Corvos
Madrid International Open Jiu-Jitsu IBJJF 2015,Adult/Male/Purple/Medium-Heavy,1,River Blue Dillon,Carlson Gracie Team
Madrid International Open Jiu-Jitsu IBJJF 2015,Adult/Male/Purple/Medium-Heavy,2,Michal  Szlendak,CheckMat
Madrid International Open Jiu-Jitsu IBJJF 2015,Adult/Male/Purple/Medium-Heavy,3,Nima Hashemi,Roger Gracie
Madrid International Open Jiu-Jitsu IBJJF 2015,Adult/Male/Purple/Medium-Heavy,3,valentin Lancharro Macia,De La Riva International
Madrid International Open Jiu-Jitsu IBJJF 2015,Adult/Male/Purple/Heavy,1,Alvaro Rodriguez,Mathias Ribeiro Team
Madrid International Open Jiu-Jitsu IBJJF 2015,Adult/Male/Purple/Heavy,2,richie crosdale,SBG International (SBGI)
Madrid International Open Jiu-Jitsu IBJJF 2015,Adult/Male/Purple/Ultra-Heavy,1,Andrey Kupreev,Gymnasium
Madrid International Open Jiu-Jitsu IBJJF 2015,Adult/Male/Purple/Ultra-Heavy,2,David  Trallero Oliver,Association Aranha
Madrid International Open Jiu-Jitsu IBJJF 2015,Adult/Male/Purple/Ultra-Heavy,3,ahmed toure,Cercle Tissier
Madrid International Open Jiu-Jitsu IBJJF 2015,Adult/Male/Purple/Ultra-Heavy,3,Christos Chrant Kelletzian,Zentih BJJ - Greece
Madrid International Open Jiu-Jitsu IBJJF 2015,Adult/Male/Purple/OpenClass,1,Andrey Kupreev,Gymnasium
Madrid International Open Jiu-Jitsu IBJJF 2015,Adult/Male/Purple/OpenClass,2,Alvaro Rodriguez,Mathias Ribeiro Team
Madrid International Open Jiu-Jitsu IBJJF 2015,Adult/Male/Purple/OpenClass,3,Adriano  De Oliveira Stimamilio,Carlson Gracie International
Madrid International Open Jiu-Jitsu IBJJF 2015,Adult/Male/Purple/OpenClass,3,Kilian Rodriguez Medina,Carlson Gracie International
Madrid International Open Jiu-Jitsu IBJJF 2015,Adult/Female/Purple/Light-Feather,1,Georgina  Contel Gallego,Atos JJ International
Madrid International Open Jiu-Jitsu IBJJF 2015,Adult/Female/Purple/Light-Feather,2,Ashley Louise Bendle,Gracie Barra
Madrid International Open Jiu-Jitsu IBJJF 2015,Adult/Female/Purple/Feather,1,Clara Sánchez Pérez,Brasa
Madrid International Open Jiu-Jitsu IBJJF 2015,Adult/Female/Purple/Feather,2,Elisa de la Cruz G. Escalonilla,Fight Club
Madrid International Open Jiu-Jitsu IBJJF 2015,Adult/Female/Purple/Middle,1,Anísia Ester Monteiro Garcia,Brazilian Power Team
Madrid International Open Jiu-Jitsu IBJJF 2015,Adult/Female/Purple/OpenClass,1,Ashley Louise Bendle,Gracie Barra
Madrid International Open Jiu-Jitsu IBJJF 2015,Adult/Female/Purple/OpenClass,2,Anísia Ester Monteiro Garcia,Brazilian Power Team
Madrid International Open Jiu-Jitsu IBJJF 2015,Adult/Female/Purple/OpenClass,3,Elisa de la Cruz G. Escalonilla,Fight Club
Madrid International Open Jiu-Jitsu IBJJF 2015,Adult/Female/Purple/OpenClass,3,Georgina  Contel Gallego,Atos JJ International
Madrid International Open Jiu-Jitsu IBJJF 2015,Adult/Male/Brown/Light-Feather,1,Mani Tavanaei,Mathias Ribeiro Team
Madrid International Open Jiu-Jitsu IBJJF 2015,Adult/Male/Brown/Light-Feather,2,Kai Yan Cheng,Hong Kong Jiu-Jitsu
Madrid International Open Jiu-Jitsu IBJJF 2015,Adult/Male/Brown/Light-Feather,3,Pedro Moreno Ortiz,Association Aranha
Madrid International Open Jiu-Jitsu IBJJF 2015,Adult/Male/Brown/Light-Feather,3,Simone Auricchio,Milanimal
Madrid International Open Jiu-Jitsu IBJJF 2015,Adult/Male/Brown/Feather,1,Jacob Corrigan,Stealth BJJ
Madrid International Open Jiu-Jitsu IBJJF 2015,Adult/Male/Brown/Feather,2,Jose Aaron Martin Torres,Carlson Gracie International
Madrid International Open Jiu-Jitsu IBJJF 2015,Adult/Male/Brown/Feather,3,Alejandro Carreras Lecoq,Climent club
Madrid International Open Jiu-Jitsu IBJJF 2015,Adult/Male/Brown/Feather,3,Javier Abril Civera,WING BJJ
Madrid International Open Jiu-Jitsu IBJJF 2015,Adult/Male/Brown/Light,1,Jordan Philippe Alexandre Baddi,Icon Jiu-Jitsu Team
Madrid International Open Jiu-Jitsu IBJJF 2015,Adult/Male/Brown/Light,2,Sebastien William Arnaud Garnier,Gracie Barra
Madrid International Open Jiu-Jitsu IBJJF 2015,Adult/Male/Brown/Light,3,Nicolas Valera Martinez,Zarate Team
Madrid International Open Jiu-Jitsu IBJJF 2015,Adult/Male/Brown/Light,3,Ramon Gomez,Gracie Barcelona
Madrid International Open Jiu-Jitsu IBJJF 2015,Adult/Male/Brown/Middle,1,Yusef Abdeselam Kaddur,Atos JJ International
Madrid International Open Jiu-Jitsu IBJJF 2015,Adult/Male/Brown/Middle,2,Ruben Sanda de Lemos,Gracie Barra
Madrid International Open Jiu-Jitsu IBJJF 2015,Adult/Male/Brown/Middle,3,Jamie Brian Paxman,Gracie Barra
Madrid International Open Jiu-Jitsu IBJJF 2015,Adult/Male/Brown/Middle,3,Silvio Ferreira Monteiro,Gracie Barra JJ
Madrid International Open Jiu-Jitsu IBJJF 2015,Adult/Male/Brown/Medium-Heavy,1,Adam Wardzinski,CheckMat
Madrid International Open Jiu-Jitsu IBJJF 2015,Adult/Male/Brown/Medium-Heavy,2,Miguel Quesada Molina,Mathias Ribeiro Team
Madrid International Open Jiu-Jitsu IBJJF 2015,Adult/Male/Brown/Medium-Heavy,3,Angel Cicero,Mathias Ribeiro Team
Madrid International Open Jiu-Jitsu IBJJF 2015,Adult/Male/Brown/Medium-Heavy,3,Vitalino Ceita das Neves e Silva,Brasa Portugal
Madrid International Open Jiu-Jitsu IBJJF 2015,Adult/Male/Brown/Heavy,1,Ivan Grade,Mathias Ribeiro Team
Madrid International Open Jiu-Jitsu IBJJF 2015,Adult/Male/Brown/Heavy,2,Mariusz Grzywinski,SBG Ireland
Madrid International Open Jiu-Jitsu IBJJF 2015,Adult/Male/Brown/Ultra-Heavy,1,Alvaro Gonzalez De Echavarri Romero,Team Jucão Spain
Madrid International Open Jiu-Jitsu IBJJF 2015,Adult/Male/Brown/OpenClass,1,Adam Wardzinski,CheckMat
Madrid International Open Jiu-Jitsu IBJJF 2015,Adult/Male/Brown/OpenClass,2,Jamie Brian Paxman,Gracie Barra
Madrid International Open Jiu-Jitsu IBJJF 2015,Adult/Male/Brown/OpenClass,3,Silvio Ferreira Monteiro,Gracie Barra JJ
Madrid International Open Jiu-Jitsu IBJJF 2015,Adult/Male/Brown/OpenClass,3,Yusef Abdeselam Kaddur,Atos JJ International
Madrid International Open Jiu-Jitsu IBJJF 2015,Adult/Female/Brown/Feather,1,Helene Wenger,Malicia Team
Madrid International Open Jiu-Jitsu IBJJF 2015,Adult/Female/Brown/Light,1,Carolina Carriello,Gracie Barra
Madrid International Open Jiu-Jitsu IBJJF 2015,Adult/Female/Brown/Middle,1,Leoni Munslow,New School BJJ
Madrid International Open Jiu-Jitsu IBJJF 2015,Adult/Female/Brown/OpenClass,1,Leoni Munslow,New School BJJ
Madrid International Open Jiu-Jitsu IBJJF 2015,Adult/Female/Brown/OpenClass,2,Carolina Carriello,Gracie Barra
Madrid International Open Jiu-Jitsu IBJJF 2015,Adult/Female/Brown/OpenClass,3,Helene Wenger,Malicia Team
Madrid International Open Jiu-Jitsu IBJJF 2015,Adult/Male/Black/Feather,1,Ashley Jordan Williams,Gracie Barra
Madrid International Open Jiu-Jitsu IBJJF 2015,Adult/Male/Black/Feather,2,Claudemir José de Souza,Icon Jiu-Jitsu Team
Madrid International Open Jiu-Jitsu IBJJF 2015,Adult/Male/Black/Light,1,Ilke Kubilay Bulut,Icon Jiu-Jitsu Team
Madrid International Open Jiu-Jitsu IBJJF 2015,Adult/Male/Black/Light,2,Douglas Felippe Barcelos,Gracie Barra
Madrid International Open Jiu-Jitsu IBJJF 2015,Adult/Male/Black/Light,3,Daniel Riou Vilhena de Mendonça,Brazilian Power Team
Madrid International Open Jiu-Jitsu IBJJF 2015,Adult/Male/Black/Middle,1,Luca Anacoreta,Aeterna Jiu Jitsu
Madrid International Open Jiu-Jitsu IBJJF 2015,Adult/Male/Black/Middle,2,Mathias Fernandes Ribeiro,Mathias Ribeiro Team
Madrid International Open Jiu-Jitsu IBJJF 2015,Adult/Male/Black/Middle,3,Arturo Salas Espies,Mathias Ribeiro Team
Madrid International Open Jiu-Jitsu IBJJF 2015,Adult/Male/Black/Middle,3,Carlos E. Varona,Carlos Varona BJJ
Madrid International Open Jiu-Jitsu IBJJF 2015,Adult/Male/Black/Medium-Heavy,1,Carlos José Ona Esengue,CheckMat
Madrid International Open Jiu-Jitsu IBJJF 2015,Adult/Male/Black/Medium-Heavy,2,Luiz Roberto Costa Pereira,Ribeiro Jiu-Jitsu
Madrid International Open Jiu-Jitsu IBJJF 2015,Adult/Male/Black/Heavy,1,Manuel António Ambrósio S. T. Pontes,Gracie Barra JJ
Madrid International Open Jiu-Jitsu IBJJF 2015,Adult/Male/Black/Heavy,2,Marcelo da Silva Bernardo,Brazilian Power Team
Madrid International Open Jiu-Jitsu IBJJF 2015,Adult/Male/Black/Heavy,3,Igor Araújo Ferreira de Castro,Gracie Barra
Madrid International Open Jiu-Jitsu IBJJF 2015,Adult/Male/Black/Heavy,3,Marek Pawel Zbrog,Gracie Barra
Madrid International Open Jiu-Jitsu IBJJF 2015,Adult/Male/Black/Super-Heavy,1,Rodrigo Ferreira Reis,Tanque Jiu-Jitsu
Madrid International Open Jiu-Jitsu IBJJF 2015,Adult/Male/Black/Super-Heavy,2,Francisco Javier Miguel Caraballo,WING BJJ
Madrid International Open Jiu-Jitsu IBJJF 2015,Adult/Male/Black/Ultra-Heavy,1,Alan Vitor Oliveira Ferreira,De La Riva International
Madrid International Open Jiu-Jitsu IBJJF 2015,Adult/Male/Black/Ultra-Heavy,2,Luis Alberto Martin Carrara,WING BJJ
Madrid International Open Jiu-Jitsu IBJJF 2015,Adult/Male/Black/Ultra-Heavy,3,Julien Genin,Jiu-Jitsu Gap
Madrid International Open Jiu-Jitsu IBJJF 2015,Adult/Male/Black/OpenClass,1,Rodrigo Ferreira Reis,Tanque Jiu-Jitsu
Madrid International Open Jiu-Jitsu IBJJF 2015,Adult/Male/Black/OpenClass,2,Arturo Salas Espies,Mathias Ribeiro Team
Madrid International Open Jiu-Jitsu IBJJF 2015,Adult/Male/Black/OpenClass,3,Luca Anacoreta,Aeterna Jiu Jitsu
Madrid International Open Jiu-Jitsu IBJJF 2015,Adult/Male/Black/OpenClass,3,Mathias Fernandes Ribeiro,Mathias Ribeiro Team
Madrid International Open Jiu-Jitsu IBJJF 2015,Adult/Female/Black/Light,1,Maria Dolores Asensi Gonzalez,Climent club
Madrid International Open Jiu-Jitsu IBJJF 2015,Adult/Female/Black/Medium-Heavy,1,Gretchen Dawn Zoeller,Gracie Barra
Madrid International Open Jiu-Jitsu IBJJF 2015,Adult/Female/Black/OpenClass,1,Gretchen Dawn Zoeller,Gracie Barra
Madrid International Open Jiu-Jitsu IBJJF 2015,Adult/Female/Black/OpenClass,2,Maria Dolores Asensi Gonzalez,Climent club
Madrid International Open Jiu-Jitsu IBJJF 2015,Master1/Male/White/Feather,1,Miguel Jesus Blanco Rodriguez,WING BJJ
Madrid International Open Jiu-Jitsu IBJJF 2015,Master1/Male/White/Feather,2,Gregory Alexander Lanz,Gracie Barra
Madrid International Open Jiu-Jitsu IBJJF 2015,Master1/Male/White/Feather,3,Daniel León,Association Aranha
Madrid International Open Jiu-Jitsu IBJJF 2015,Master1/Male/White/Feather,3,Ismael Ruiz Martinez,Brazilian Power Team International
Madrid International Open Jiu-Jitsu IBJJF 2015,Master1/Male/White/Light,1,David Zurdo Campos,Mathias Ribeiro Team
Madrid International Open Jiu-Jitsu IBJJF 2015,Master1/Male/White/Light,2,Vasileios Papadopoulos,CheckMat
Madrid International Open Jiu-Jitsu IBJJF 2015,Master1/Male/White/Light,3,Andrea Julini,Roger Gracie Academy Italy
Madrid International Open Jiu-Jitsu IBJJF 2015,Master1/Male/White/Light,3,Carlos Bibiloni Aguiló,De La Riva International
Madrid International Open Jiu-Jitsu IBJJF 2015,Master1/Male/White/Middle,1,Alexander Kin,Mathias Ribeiro Team
Madrid International Open Jiu-Jitsu IBJJF 2015,Master1/Male/White/Middle,2,Jorge Cubria,Mathias Ribeiro Team
Madrid International Open Jiu-Jitsu IBJJF 2015,Master1/Male/White/Middle,3,Roberto Carlos Ceres Campaña,Association Aranha
Madrid International Open Jiu-Jitsu IBJJF 2015,Master1/Male/White/Middle,3,Roman Pazos Rodríguez,Bruno y Betinho Madrid
Madrid International Open Jiu-Jitsu IBJJF 2015,Master1/Male/White/Medium-Heavy,1,Angel Oyono Ngalo,Brazilian Power Team International
Madrid International Open Jiu-Jitsu IBJJF 2015,Master1/Male/White/Medium-Heavy,2,Gorka Rozas,Clube de Jiu-jitsu Pitbull Europe
Madrid International Open Jiu-Jitsu IBJJF 2015,Master1/Male/White/Medium-Heavy,3,Antonio  Garrido Servant,Gracie Barra
Madrid International Open Jiu-Jitsu IBJJF 2015,Master1/Male/White/Medium-Heavy,3,Juan José Alvaro Ruiz,Gracie Barra
Madrid International Open Jiu-Jitsu IBJJF 2015,Master1/Male/White/Heavy,1,Luis Melchor Quintanilla Moll,De La Riva International
Madrid International Open Jiu-Jitsu IBJJF 2015,Master1/Male/White/Heavy,2,Bernardo Ramon Rincon Olbes,Mathias Ribeiro Team
Madrid International Open Jiu-Jitsu IBJJF 2015,Master1/Male/White/Heavy,3,Dragan Olbina,OXY
Madrid International Open Jiu-Jitsu IBJJF 2015,Master1/Male/Blue/Light-Feather,1,Laurent Law Ping Man,Gracie Humaita Reunion
Madrid International Open Jiu-Jitsu IBJJF 2015,Master1/Male/Blue/Light-Feather,2,Joao-carlos De Carvalho,CheckMat
Madrid International Open Jiu-Jitsu IBJJF 2015,Master1/Male/Blue/Light-Feather,3,Philippe Thanadabouth,CheckMat
Madrid International Open Jiu-Jitsu IBJJF 2015,Master1/Male/Blue/Feather,1,Ciprian Dumitru,Carlson Gracie International
Madrid International Open Jiu-Jitsu IBJJF 2015,Master1/Male/Blue/Feather,2,Anthony Andrew Blacker,Rio Grappling Club Europe
Madrid International Open Jiu-Jitsu IBJJF 2015,Master1/Male/Blue/Feather,3,David Bialik,Pariente Academy
Madrid International Open Jiu-Jitsu IBJJF 2015,Master1/Male/Blue/Feather,3,Neil Duffy,Rio Grappling Club Europe
Madrid International Open Jiu-Jitsu IBJJF 2015,Master1/Male/Blue/Light,1,Ahmed Ben Toumi,Gracie Barra
Madrid International Open Jiu-Jitsu IBJJF 2015,Master1/Male/Blue/Light,2,Stewart Glenc,Stealth BJJ
Madrid International Open Jiu-Jitsu IBJJF 2015,Master1/Male/Blue/Light,3,Javier Sevilla,Atos JJ International
Madrid International Open Jiu-Jitsu IBJJF 2015,Master1/Male/Blue/Light,3,Said Anton Gutierrez,De La Riva International
Madrid International Open Jiu-Jitsu IBJJF 2015,Master1/Male/Blue/Middle,1,William Dos Santos,Brazilian Power Team International
Madrid International Open Jiu-Jitsu IBJJF 2015,Master1/Male/Blue/Middle,2,Samuel Padron Castellano,Carlson Gracie International
Madrid International Open Jiu-Jitsu IBJJF 2015,Master1/Male/Blue/Middle,3,Shaiz Khan,Rio Grappling Club Europe
Madrid International Open Jiu-Jitsu IBJJF 2015,Master1/Male/Blue/Middle,3,VICTOR LOZANO FLORES,Vivo Jiu-Jitsu
Madrid International Open Jiu-Jitsu IBJJF 2015,Master1/Male/Blue/Medium-Heavy,1,Antonio Jose Muñoz Arcos,Association Aranha
Madrid International Open Jiu-Jitsu IBJJF 2015,Master1/Male/Blue/Medium-Heavy,2,Marco Daniel Eusébio de Abreu,Brazilian Power Team
Madrid International Open Jiu-Jitsu IBJJF 2015,Master1/Male/Blue/Medium-Heavy,3,Brice Michel M. Lemaire,Gracie Humaita Reunion
Madrid International Open Jiu-Jitsu IBJJF 2015,Master1/Male/Blue/Medium-Heavy,3,Manfredo Ferrara,Roger Gracie Academy Italy
Madrid International Open Jiu-Jitsu IBJJF 2015,Master1/Male/Blue/Super-Heavy,1,Raúl Moreno Domingo,Association Aranha
Madrid International Open Jiu-Jitsu IBJJF 2015,Master1/Male/Blue/Super-Heavy,2,Jose Manuel Torres Sanchez,Association Aranha
Madrid International Open Jiu-Jitsu IBJJF 2015,Master1/Male/Blue/Super-Heavy,3,Kristaps Kalnins,BJJ Revolution Team - International
Madrid International Open Jiu-Jitsu IBJJF 2015,Master1/Male/Blue/Super-Heavy,3,Mihut  Alexandru Ionel,Mill Hill BJJ
Madrid International Open Jiu-Jitsu IBJJF 2015,Master1/Male/Blue/OpenClass,1,Ahmed Ben Toumi,Gracie Barra
Madrid International Open Jiu-Jitsu IBJJF 2015,Master1/Male/Blue/OpenClass,2,Ciprian Dumitru,Carlson Gracie International
Madrid International Open Jiu-Jitsu IBJJF 2015,Master1/Male/Blue/OpenClass,3,Jose Manuel Torres Sanchez,Association Aranha
Madrid International Open Jiu-Jitsu IBJJF 2015,Master1/Male/Blue/OpenClass,3,Mihut  Alexandru Ionel,Mill Hill BJJ
Madrid International Open Jiu-Jitsu IBJJF 2015,Master1/Female/Blue/Feather,1,Leyla Martínez,Vivo Jiu-Jitsu
Madrid International Open Jiu-Jitsu IBJJF 2015,Master1/Female/Blue/Feather,2,Naroa Garcia,Gracie Barra
Madrid International Open Jiu-Jitsu IBJJF 2015,Master1/Female/Blue/OpenClass,1,Leyla Martínez,Vivo Jiu-Jitsu
Madrid International Open Jiu-Jitsu IBJJF 2015,Master1/Male/Purple/Light-Feather,1,José Manuel Varela Sanchez,Nova União
Madrid International Open Jiu-Jitsu IBJJF 2015,Master1/Male/Purple/Light-Feather,2,Oscar Guerra,Clube de Jiu-jitsu Pitbull Europe
Madrid International Open Jiu-Jitsu IBJJF 2015,Master1/Male/Purple/Light-Feather,3,Mohammed Alajmi,Gracie Barra
Madrid International Open Jiu-Jitsu IBJJF 2015,Master1/Male/Purple/Feather,1,Francisco Sanchez,Association Aranha
Madrid International Open Jiu-Jitsu IBJJF 2015,Master1/Male/Purple/Feather,2,raul arias martinez,De La Riva International
Madrid International Open Jiu-Jitsu IBJJF 2015,Master1/Male/Purple/Light,1,Mauro dal Maso,Juan Neves Bjj A.S.D.
Madrid International Open Jiu-Jitsu IBJJF 2015,Master1/Male/Purple/Light,2,Gledson De Giuli,Brazilian Power Team International
Madrid International Open Jiu-Jitsu IBJJF 2015,Master1/Male/Purple/Light,3,Alejandro  Sanchez Mendoza,Carlson Gracie International
Madrid International Open Jiu-Jitsu IBJJF 2015,Master1/Male/Purple/Light,3,Gavin Stephen Thomas,99 Nine Nine JJ - International
Madrid International Open Jiu-Jitsu IBJJF 2015,Master1/Male/Purple/Middle,1,Reinaldo Soriano,Gracie Barra
Madrid International Open Jiu-Jitsu IBJJF 2015,Master1/Male/Purple/Middle,2,Angel Campos Martinez,Vivo Jiu-Jitsu
Madrid International Open Jiu-Jitsu IBJJF 2015,Master1/Male/Purple/Middle,3,LAZARO Oliveira,Brazilian Power Team
Madrid International Open Jiu-Jitsu IBJJF 2015,Master1/Male/Purple/Middle,3,Lukasmar Bandeira Borges,Team Jucão Spain
Madrid International Open Jiu-Jitsu IBJJF 2015,Master1/Male/Purple/Medium-Heavy,1,Victor Pedroso,Bruno y Betinho Madrid
Madrid International Open Jiu-Jitsu IBJJF 2015,Master1/Male/Purple/Medium-Heavy,2,George Ionut Trandafirescu (repetido 39122),Icon Jiu-Jitsu Team
Madrid International Open Jiu-Jitsu IBJJF 2015,Master1/Male/Purple/Heavy,1,Yury Pashkovich,Mathias Ribeiro Team
Madrid International Open Jiu-Jitsu IBJJF 2015,Master1/Male/Purple/Heavy,2,Frederico Olavo Miranda de Freitas Melim,Gracie Barra
Madrid International Open Jiu-Jitsu IBJJF 2015,Master1/Male/Purple/OpenClass,1,Frederico Olavo Miranda de Freitas Melim,Gracie Barra
Madrid International Open Jiu-Jitsu IBJJF 2015,Master1/Male/Purple/OpenClass,2,Victor Pedroso,Bruno y Betinho Madrid
Madrid International Open Jiu-Jitsu IBJJF 2015,Master1/Male/Purple/OpenClass,3,Alejandro  Sanchez Mendoza,Carlson Gracie International
Madrid International Open Jiu-Jitsu IBJJF 2015,Master1/Male/Purple/OpenClass,3,Lukasmar Bandeira Borges,Team Jucão Spain
Madrid International Open Jiu-Jitsu IBJJF 2015,Master1/Female/Purple/Feather,1,MERLIER annabel,Gracie Humaita South Bay
Madrid International Open Jiu-Jitsu IBJJF 2015,Master1/Female/Purple/Feather,2,Sirlei Costa (REPETIDO 50419),Nova União
Madrid International Open Jiu-Jitsu IBJJF 2015,Master1/Female/Purple/OpenClass,1,MERLIER annabel,Gracie Humaita South Bay
Madrid International Open Jiu-Jitsu IBJJF 2015,Master1/Female/Purple/OpenClass,2,Sirlei Costa (REPETIDO 50419),Nova União
Madrid International Open Jiu-Jitsu IBJJF 2015,Master1/Male/Brown/Feather,1,Blas Dionisio Hernández Hernández,Carlson Gracie International
Madrid International Open Jiu-Jitsu IBJJF 2015,Master1/Male/Brown/Feather,2,Cleiton Silva da Cruz,Gracie Barra
Madrid International Open Jiu-Jitsu IBJJF 2015,Master1/Male/Brown/Feather,3,Juan Morales Jimenez,Emirates Jiu Jitsu Center Barcelona
Madrid International Open Jiu-Jitsu IBJJF 2015,Master1/Male/Brown/Feather,3,Romulo Godoy De Carvalho,Clube de Jiu-jitsu Pitbull Europe
Madrid International Open Jiu-Jitsu IBJJF 2015,Master1/Male/Brown/Light,1,Rodrigo  Viscaino Gorgolini,Gracie Barra
Madrid International Open Jiu-Jitsu IBJJF 2015,Master1/Male/Brown/Light,2,Daniel Chacon,Icon Jiu-Jitsu Team
Madrid International Open Jiu-Jitsu IBJJF 2015,Master1/Male/Brown/Middle,1,Carlos Yeray Garcia Perez,Carlson Gracie International
Madrid International Open Jiu-Jitsu IBJJF 2015,Master1/Male/Brown/Middle,2,Alexandre Magno Fernandes de Oliveira,Brazilian Power Team International
Madrid International Open Jiu-Jitsu IBJJF 2015,Master1/Male/Brown/Middle,3,Jaques Douglas Guimarães,Brazilian Power Team
Madrid International Open Jiu-Jitsu IBJJF 2015,Master1/Male/Brown/Middle,3,Manuel José Guimarães Horta,Icon Jiu-Jitsu Team
Madrid International Open Jiu-Jitsu IBJJF 2015,Master1/Male/Brown/Medium-Heavy,1,David Mc Conkey,Ribeiro Jiu-Jitsu
Madrid International Open Jiu-Jitsu IBJJF 2015,Master1/Male/Brown/Medium-Heavy,2,Ignacio Cantera Ruiz,Roger Gracie España
Madrid International Open Jiu-Jitsu IBJJF 2015,Master1/Male/Brown/Heavy,1,Patryk Galkowski,Gold Team Fighters
Madrid International Open Jiu-Jitsu IBJJF 2015,Master1/Male/Brown/Super-Heavy,1,Antonios Pappas,Zentih BJJ - Greece
Madrid International Open Jiu-Jitsu IBJJF 2015,Master1/Male/Brown/OpenClass,1,Rodrigo  Viscaino Gorgolini,Gracie Barra
Madrid International Open Jiu-Jitsu IBJJF 2015,Master1/Male/Brown/OpenClass,2,Patryk Galkowski,Gold Team Fighters
Madrid International Open Jiu-Jitsu IBJJF 2015,Master1/Male/Brown/OpenClass,3,David Mc Conkey,Ribeiro Jiu-Jitsu
Madrid International Open Jiu-Jitsu IBJJF 2015,Master1/Male/Brown/OpenClass,3,Manuel José Guimarães Horta,Icon Jiu-Jitsu Team
Madrid International Open Jiu-Jitsu IBJJF 2015,Master1/Male/Black/Light,1,Gabriel Rainho Fontes,GF Team
Madrid International Open Jiu-Jitsu IBJJF 2015,Master1/Male/Black/Light,2,Fabio Anacoreta,Aeterna Jiu Jitsu
Madrid International Open Jiu-Jitsu IBJJF 2015,Master1/Male/Black/Light,3,Richard Mathias Pankanin,JC Melun
Madrid International Open Jiu-Jitsu IBJJF 2015,Master1/Male/Black/Middle,1,Sadayoshi Roberto Mota Kurimori,Fight Move BJJ
Madrid International Open Jiu-Jitsu IBJJF 2015,Master1/Male/Black/Middle,2,Jorge dos Santos Pereira,Atos Jiu-Jitsu
Madrid International Open Jiu-Jitsu IBJJF 2015,Master1/Male/Black/Middle,3,Maciej Ireneusz Linke,Gold Team Fighters
Madrid International Open Jiu-Jitsu IBJJF 2015,Master1/Male/Black/Medium-Heavy,1,Christian de Oliveira Rodrigues,Gracie Barra
Madrid International Open Jiu-Jitsu IBJJF 2015,Master1/Male/Black/Medium-Heavy,2,Pierre Pilat Detto Braida,Cercle Tissier
Madrid International Open Jiu-Jitsu IBJJF 2015,Master1/Male/Black/Medium-Heavy,3,Cleiton Novas Pinheiro,C-Fighter Academy
Madrid International Open Jiu-Jitsu IBJJF 2015,Master1/Male/Black/Medium-Heavy,3,Iury Martins Curpentino,Ribeiro Jiu-Jitsu
Madrid International Open Jiu-Jitsu IBJJF 2015,Master1/Male/Black/Super-Heavy,1,Jackson Paulo Jacinto,Carlson Gracie International
Madrid International Open Jiu-Jitsu IBJJF 2015,Master1/Male/Black/Super-Heavy,2,Bruno Garcia Cerqueira,Bruno y Betinho Madrid
Madrid International Open Jiu-Jitsu IBJJF 2015,Master1/Male/Black/Ultra-Heavy,1,Francisco Ramos Mendes Neto,CheckMat
Madrid International Open Jiu-Jitsu IBJJF 2015,Master1/Male/Black/OpenClass,1,Jackson Paulo Jacinto,Carlson Gracie International
Madrid International Open Jiu-Jitsu IBJJF 2015,Master1/Male/Black/OpenClass,2,Francisco Ramos Mendes Neto,CheckMat
Madrid International Open Jiu-Jitsu IBJJF 2015,Master2/Male/White/Feather,1,Jaime Vicente Charameli,Team Gil Catarino
Madrid International Open Jiu-Jitsu IBJJF 2015,Master2/Male/White/Feather,2,Romain Rousval,Gracie Barra
Madrid International Open Jiu-Jitsu IBJJF 2015,Master2/Male/White/Middle,1,Antonio Angel Hernandez De Armas,Carlson Gracie International
Madrid International Open Jiu-Jitsu IBJJF 2015,Master2/Male/White/Middle,2,Javier Leon Sanchez,Carlson Gracie International
Madrid International Open Jiu-Jitsu IBJJF 2015,Master2/Male/White/Middle,3,Jose Angel Rodriguez Vicente,C-Fighter Academy
Madrid International Open Jiu-Jitsu IBJJF 2015,Master2/Male/White/Middle,3,Manuel Alonso,Ases Jiu Jitsu
Madrid International Open Jiu-Jitsu IBJJF 2015,Master2/Male/White/Medium-Heavy,1,Lucian Popescu,Icon Jiu-Jitsu Team
Madrid International Open Jiu-Jitsu IBJJF 2015,Master2/Male/White/Medium-Heavy,2,Jesus Cuesta,Mathias Ribeiro Team
Madrid International Open Jiu-Jitsu IBJJF 2015,Master2/Male/White/Medium-Heavy,3,Adolfo Lázaro Muñoz,Association Aranha
Madrid International Open Jiu-Jitsu IBJJF 2015,Master2/Male/White/Medium-Heavy,3,Paco Lopes Raez,PRBJJ Ronny Carvalho
Madrid International Open Jiu-Jitsu IBJJF 2015,Master2/Male/White/Ultra-Heavy,1,Paul Marcelo Vaca Vargas,Brazilian Power Team International
Madrid International Open Jiu-Jitsu IBJJF 2015,Master2/Male/White/Ultra-Heavy,2,Ionut Ciolac,Icon Jiu-Jitsu Team
Madrid International Open Jiu-Jitsu IBJJF 2015,Master2/Male/Blue/Light-Feather,1,Jordi  Barahona Barba,WING BJJ
Madrid International Open Jiu-Jitsu IBJJF 2015,Master2/Male/Blue/Light-Feather,2,John Ward,SBG Ireland
Madrid International Open Jiu-Jitsu IBJJF 2015,Master2/Male/Blue/Feather,1,Roberto Nevado Estevez,BJJ Globetrotters
Madrid International Open Jiu-Jitsu IBJJF 2015,Master2/Male/Blue/Feather,2,Julio Victorio Dominguez,Gracie Barra
Madrid International Open Jiu-Jitsu IBJJF 2015,Master2/Male/Blue/Feather,3,Attila Hirt,Atos JJ International
Madrid International Open Jiu-Jitsu IBJJF 2015,Master2/Male/Blue/Light,1,Kevin Cunningham,CheckMat
Madrid International Open Jiu-Jitsu IBJJF 2015,Master2/Male/Blue/Light,2,Ángel Luis  Garcia Marugan,Association Aranha
Madrid International Open Jiu-Jitsu IBJJF 2015,Master2/Male/Blue/Middle,1,Victor Bustelo Seijo,Camm BJJ
Madrid International Open Jiu-Jitsu IBJJF 2015,Master2/Male/Blue/Middle,2,Catalin Ciobirca,Icon Jiu-Jitsu Team
Madrid International Open Jiu-Jitsu IBJJF 2015,Master2/Male/Blue/Middle,3,Javier Galiano,Gracie Barra
Madrid International Open Jiu-Jitsu IBJJF 2015,Master2/Male/Blue/Middle,3,Mikhail V. Puzanov,Stone Fight
Madrid International Open Jiu-Jitsu IBJJF 2015,Master2/Male/Blue/Medium-Heavy,1,Tj Mcmenamin,Gracie Elite Team
Madrid International Open Jiu-Jitsu IBJJF 2015,Master2/Male/Blue/Medium-Heavy,2,David Bendayan,Association Aranha
Madrid International Open Jiu-Jitsu IBJJF 2015,Master2/Male/Blue/Heavy,1,Ramon Francho Miguel,Ribeiro Jiu-Jitsu
Madrid International Open Jiu-Jitsu IBJJF 2015,Master2/Male/Blue/Heavy,2,Jose María Salas Peña,Soul Fighters International
Madrid International Open Jiu-Jitsu IBJJF 2015,Master2/Male/Blue/Heavy,3,Antonius Theodorus Aloysius Rodenburg,Carlos Varona BJJ
Madrid International Open Jiu-Jitsu IBJJF 2015,Master2/Male/Blue/Heavy,3,Daniel San Pedro Balmaseda,CheckMat
Madrid International Open Jiu-Jitsu IBJJF 2015,Master2/Male/Blue/Super-Heavy,1,Maricel Ferbinte,Icon Jiu-Jitsu Team
Madrid International Open Jiu-Jitsu IBJJF 2015,Master2/Male/Blue/Ultra-Heavy,1,Gabriel Maria Pavía Noriega (Repitido 203252),Brazilian Power Team International
Madrid International Open Jiu-Jitsu IBJJF 2015,Master2/Male/Blue/Ultra-Heavy,2,Oleg Ganichev,Gracie Barra
Madrid International Open Jiu-Jitsu IBJJF 2015,Master2/Male/Blue/Ultra-Heavy,3,Miloslav  Kurilla,Brasa Poland
Madrid International Open Jiu-Jitsu IBJJF 2015,Master2/Male/Blue/OpenClass,1,Roberto Nevado Estevez,BJJ Globetrotters
Madrid International Open Jiu-Jitsu IBJJF 2015,Master2/Male/Blue/OpenClass,2,Julio Victorio Dominguez,Gracie Barra
Madrid International Open Jiu-Jitsu IBJJF 2015,Master2/Male/Blue/OpenClass,3,Antonius Theodorus Aloysius Rodenburg,Carlos Varona BJJ
Madrid International Open Jiu-Jitsu IBJJF 2015,Master2/Male/Blue/OpenClass,3,Miloslav  Kurilla,Brasa Poland
Madrid International Open Jiu-Jitsu IBJJF 2015,Master2/Male/Purple/Feather,1,David Saavedra Yuste,Team Gil Catarino
Madrid International Open Jiu-Jitsu IBJJF 2015,Master2/Male/Purple/Feather,2,Héctor Rodriguez Rivada,JB Jiu-Jitsu Team
Madrid International Open Jiu-Jitsu IBJJF 2015,Master2/Male/Purple/Feather,3,Benjamin Tibo,Fight Move BJJ
Madrid International Open Jiu-Jitsu IBJJF 2015,Master2/Male/Purple/Feather,3,Paul Browne,BJJ Revolution Team - International
Madrid International Open Jiu-Jitsu IBJJF 2015,Master2/Male/Purple/Light,1,Wing Chau Cheung,Stealth BJJ
Madrid International Open Jiu-Jitsu IBJJF 2015,Master2/Male/Purple/Light,2,Daniel Bastida,Roger Gracie España
Madrid International Open Jiu-Jitsu IBJJF 2015,Master2/Male/Purple/Middle,1,Federico Nandongo,Clube de Jiu-jitsu Pitbull Europe
Madrid International Open Jiu-Jitsu IBJJF 2015,Master2/Male/Purple/Middle,2,Richard Thompson,Stealth BJJ
Madrid International Open Jiu-Jitsu IBJJF 2015,Master2/Male/Purple/Middle,3,Erni De Souza Porto,PRBJJ Ronny Carvalho
Madrid International Open Jiu-Jitsu IBJJF 2015,Master2/Male/Purple/Middle,3,Matteo Folloni,SNAP A.S.D.
Madrid International Open Jiu-Jitsu IBJJF 2015,Master2/Male/Purple/Medium-Heavy,1,Jose Antonio Martínez Villaespesa,De La Riva International
Madrid International Open Jiu-Jitsu IBJJF 2015,Master2/Male/Purple/Medium-Heavy,2,Francisco Javier Franco Amelibia,Juquinha International Jiu-Jitsu
Madrid International Open Jiu-Jitsu IBJJF 2015,Master2/Male/Purple/Medium-Heavy,3,Javier  Suárez Bay,Gracie Barra
Madrid International Open Jiu-Jitsu IBJJF 2015,Master2/Male/Purple/Medium-Heavy,3,Pedro Báez Franco,Team Gil Catarino
Madrid International Open Jiu-Jitsu IBJJF 2015,Master2/Male/Purple/Super-Heavy,1,Ricardo Manuel O. N. Gomes Martins,Icon Jiu-Jitsu Team
Madrid International Open Jiu-Jitsu IBJJF 2015,Master2/Male/Purple/Super-Heavy,2,Marcelo Rony Dahlke,CheckMat
Madrid International Open Jiu-Jitsu IBJJF 2015,Master2/Male/Purple/Ultra-Heavy,1,Paul Walsh,BJJ Revolution Team - International
Madrid International Open Jiu-Jitsu IBJJF 2015,Master2/Male/Purple/OpenClass,1,Paul Walsh,BJJ Revolution Team - International
Madrid International Open Jiu-Jitsu IBJJF 2015,Master2/Male/Purple/OpenClass,2,Marcelo Rony Dahlke,CheckMat
Madrid International Open Jiu-Jitsu IBJJF 2015,Master2/Male/Purple/OpenClass,3,David Saavedra Yuste,Team Gil Catarino
Madrid International Open Jiu-Jitsu IBJJF 2015,Master2/Male/Purple/OpenClass,3,Wing Chau Cheung,Stealth BJJ
Madrid International Open Jiu-Jitsu IBJJF 2015,Master2/Male/Brown/Light,1,Orlando Doramas Jiménez Santana,Team Gil Catarino
Madrid International Open Jiu-Jitsu IBJJF 2015,Master2/Male/Brown/Light,2,Ahmed Suhail Bin Huwaiden Al Ketbi,UAE Jiu-jitsu Team
Madrid International Open Jiu-Jitsu IBJJF 2015,Master2/Male/Brown/Light,3,Silvio Sabriano Eler Figueira,Gracie Barra
Madrid International Open Jiu-Jitsu IBJJF 2015,Master2/Male/Brown/Medium-Heavy,1,Aron Adamko,Roger Gracie España
Madrid International Open Jiu-Jitsu IBJJF 2015,Master2/Male/Brown/Medium-Heavy,2,Fernando Muñoz Manzano,Mathias Ribeiro Team
Madrid International Open Jiu-Jitsu IBJJF 2015,Master2/Male/Brown/Medium-Heavy,3,Alberto Martinez De Luna Alvarado,Ribeiro Jiu-Jitsu
Madrid International Open Jiu-Jitsu IBJJF 2015,Master2/Male/Brown/Medium-Heavy,3,Claudio Viveiros,CheckMat
Madrid International Open Jiu-Jitsu IBJJF 2015,Master2/Male/Brown/Ultra-Heavy,1,Florin Cernat,Icon Jiu-Jitsu Team
Madrid International Open Jiu-Jitsu IBJJF 2015,Master2/Male/Brown/OpenClass,1,Fernando Muñoz Manzano,Mathias Ribeiro Team
Madrid International Open Jiu-Jitsu IBJJF 2015,Master2/Male/Brown/OpenClass,2,Orlando Doramas Jiménez Santana,Team Gil Catarino
Madrid International Open Jiu-Jitsu IBJJF 2015,Master2/Male/Brown/OpenClass,3,Alberto Martinez De Luna Alvarado,Ribeiro Jiu-Jitsu
Madrid International Open Jiu-Jitsu IBJJF 2015,Master2/Male/Brown/OpenClass,3,Aron Adamko,Roger Gracie España
Madrid International Open Jiu-Jitsu IBJJF 2015,Master2/Male/Black/Feather,1,Jose Luis Zapater Aguirre,WING BJJ
Madrid International Open Jiu-Jitsu IBJJF 2015,Master2/Male/Black/Light,1,Antony Singh Chahal,New School BJJ
Madrid International Open Jiu-Jitsu IBJJF 2015,Master2/Male/Black/Light,2,Ezekiel Zayas Latorre,Brasa CTA
Madrid International Open Jiu-Jitsu IBJJF 2015,Master2/Male/Black/Light,3,Ivan Raul  Rivero Artiles,Yamasaki Academy Gothenburg
Madrid International Open Jiu-Jitsu IBJJF 2015,Master2/Male/Black/Middle,1,Samir Bensaid,Gracie Barra
Madrid International Open Jiu-Jitsu IBJJF 2015,Master2/Male/Black/Middle,2,Francisco Solanich Lorente,Taz BJJ
Madrid International Open Jiu-Jitsu IBJJF 2015,Master2/Male/Black/Middle,3,Rumen Yeray Caraballo Martin,Rumen Caraballo BJJ
Madrid International Open Jiu-Jitsu IBJJF 2015,Master2/Male/Black/Heavy,1,Delcio Nunes Pereira,De La Riva International
Madrid International Open Jiu-Jitsu IBJJF 2015,Master2/Male/Black/Heavy,2,Johan Luc G. Deschamps-Bouillon,Ferrari Team Academy
Madrid International Open Jiu-Jitsu IBJJF 2015,Master2/Male/Black/Heavy,3,Alberto Crane,Gracie Barra
Madrid International Open Jiu-Jitsu IBJJF 2015,Master2/Male/Black/Super-Heavy,1,Sergio Moro Filho,Gracie Barra Geneve
Madrid International Open Jiu-Jitsu IBJJF 2015,Master2/Male/Black/Super-Heavy,2,Gilberto Ferraz Bastos Junior,OXY
Madrid International Open Jiu-Jitsu IBJJF 2015,Master2/Male/Black/OpenClass,1,Alberto Crane,Gracie Barra
Madrid International Open Jiu-Jitsu IBJJF 2015,Master2/Male/Black/OpenClass,2,Sergio Moro Filho,Gracie Barra Geneve
Madrid International Open Jiu-Jitsu IBJJF 2015,Master2/Male/Black/OpenClass,3,Johan Luc G. Deschamps-Bouillon,Ferrari Team Academy
Madrid International Open Jiu-Jitsu IBJJF 2015,Master3/Male/Blue/Feather,1,Gilles Rappy,Academie Pythagore
Madrid International Open Jiu-Jitsu IBJJF 2015,Master3/Male/Blue/Feather,2,Yaacov Afik,BJJ Globetrotters
Madrid International Open Jiu-Jitsu IBJJF 2015,Master3/Male/Blue/Light,1,Nicolas Benjamin Chiche,Gracie Barra
Madrid International Open Jiu-Jitsu IBJJF 2015,Master3/Male/Blue/Light,2,Pavel Junior Rojo Saavedra,Team Gil Catarino
Madrid International Open Jiu-Jitsu IBJJF 2015,Master3/Male/Blue/Middle,1,Arnaud MEYER,Academie Pythagore
Madrid International Open Jiu-Jitsu IBJJF 2015,Master3/Male/Blue/Middle,2,Roberto Despaigne Garcia,Carlson Gracie International
Madrid International Open Jiu-Jitsu IBJJF 2015,Master3/Male/Blue/Middle,3,Angel Jose Amigo Rodriguez,Carlson Gracie International
Madrid International Open Jiu-Jitsu IBJJF 2015,Master3/Male/Blue/Middle,3,Santi Aliguer,Taz BJJ
Madrid International Open Jiu-Jitsu IBJJF 2015,Master3/Male/Blue/Medium-Heavy,1,Jonathan Evans,CheckMat
Madrid International Open Jiu-Jitsu IBJJF 2015,Master3/Male/Blue/Super-Heavy,1,David Narte Pereira,Frota Team
Madrid International Open Jiu-Jitsu IBJJF 2015,Master3/Male/Blue/Super-Heavy,2,Roussel Dominguez,Alliance International
Madrid International Open Jiu-Jitsu IBJJF 2015,Master3/Male/Blue/Super-Heavy,3,Mark Little,BJJ Globetrotters
Madrid International Open Jiu-Jitsu IBJJF 2015,Master3/Male/Blue/OpenClass,1,Roberto Despaigne Garcia,Carlson Gracie International
Madrid International Open Jiu-Jitsu IBJJF 2015,Master3/Male/Blue/OpenClass,2,Pavel Junior Rojo Saavedra,Team Gil Catarino
Madrid International Open Jiu-Jitsu IBJJF 2015,Master3/Male/Blue/OpenClass,3,Nicolas Benjamin Chiche,Gracie Barra
Madrid International Open Jiu-Jitsu IBJJF 2015,Master3/Male/Blue/OpenClass,3,Santi Aliguer,Taz BJJ
Madrid International Open Jiu-Jitsu IBJJF 2015,Master3/Male/Purple/Light,1,Oleg Terekhin,Strela Team
Madrid International Open Jiu-Jitsu IBJJF 2015,Master3/Male/Purple/Light,2,António Pedro Lalanda Chacatas,Icon Jiu-Jitsu Team
Madrid International Open Jiu-Jitsu IBJJF 2015,Master3/Male/Purple/Middle,1,Jaime Gregori Moran,Gracie Barra
Madrid International Open Jiu-Jitsu IBJJF 2015,Master3/Male/Purple/Super-Heavy,1,Ievgen Chechuga,Gracie Barra
Madrid International Open Jiu-Jitsu IBJJF 2015,Master3/Male/Purple/Super-Heavy,2,Manuel Canovas,Climent club
Madrid International Open Jiu-Jitsu IBJJF 2015,Master3/Male/Purple/OpenClass,1,Ievgen Chechuga,Gracie Barra
Madrid International Open Jiu-Jitsu IBJJF 2015,Master3/Male/Purple/OpenClass,2,Manuel Canovas,Climent club
Madrid International Open Jiu-Jitsu IBJJF 2015,Master3/Male/Purple/OpenClass,3,Jaime Gregori Moran,Gracie Barra
Madrid International Open Jiu-Jitsu IBJJF 2015,Master3/Male/Brown/Feather,1,Juan Manuel Campillo Rodriguez,Roger Gracie España
Madrid International Open Jiu-Jitsu IBJJF 2015,Master3/Male/Brown/Middle,1,Vadym Puzanov,Gracie Barra
Madrid International Open Jiu-Jitsu IBJJF 2015,Master3/Male/Brown/Heavy,1,Javier  Riquelme Martinez,Mathias Ribeiro Team
Madrid International Open Jiu-Jitsu IBJJF 2015,Master3/Male/Brown/OpenClass,1,Vadym Puzanov,Gracie Barra
Madrid International Open Jiu-Jitsu IBJJF 2015,Master3/Male/Brown/OpenClass,2,Javier  Riquelme Martinez,Mathias Ribeiro Team
Madrid International Open Jiu-Jitsu IBJJF 2015,Master3/Male/Brown/OpenClass,3,Juan Manuel Campillo Rodriguez,Roger Gracie España
Madrid International Open Jiu-Jitsu IBJJF 2015,Master3/Male/Black/Feather,1,Cleyton Gonçalves Bastos,Team Jucão Spain
Madrid International Open Jiu-Jitsu IBJJF 2015,Master3/Male/Black/Middle,1,Jose Miguel Garcia Madueño,WING BJJ
Madrid International Open Jiu-Jitsu IBJJF 2015,Master3/Male/Black/Middle,2,Tomas Oran Hernandez,Team Gil Catarino
Madrid International Open Jiu-Jitsu IBJJF 2015,Master3/Male/Black/Medium-Heavy,1,Jeremy Georges Idels,Kajyn Paris
Madrid International Open Jiu-Jitsu IBJJF 2015,Master3/Male/Black/Medium-Heavy,2,Óscar Corrales Caceres,WING BJJ
Madrid International Open Jiu-Jitsu IBJJF 2015,Master3/Male/Black/Ultra-Heavy,1,Fabio Bastos Moreira de Souza,Brasa/Muzio
Madrid International Open Jiu-Jitsu IBJJF 2015,Master3/Male/Black/Ultra-Heavy,2,Carlos Mediero Martin,Gracie Barra Salvador-BA
Madrid International Open Jiu-Jitsu IBJJF 2015,Master3/Male/Black/OpenClass,1,Óscar Corrales Caceres,WING BJJ
Madrid International Open Jiu-Jitsu IBJJF 2015,Master3/Male/Black/OpenClass,2,Jose Miguel Garcia Madueño,WING BJJ
Madrid International Open Jiu-Jitsu IBJJF 2015,Master3/Male/Black/OpenClass,3,Carlos Mediero Martin,Gracie Barra Salvador-BA
Madrid International Open Jiu-Jitsu IBJJF 2015,Master3/Male/Black/OpenClass,3,Tomas Oran Hernandez,Team Gil Catarino
Madrid International Open Jiu-Jitsu IBJJF 2015,Master5/Male/Blue/Heavy,1,Juan Jose Gomez Saez,Atos JJ International
Madrid International Open Jiu-Jitsu IBJJF 2015,Master5/Male/Purple/Middle,1,José Carlos Andrade Zuzarte de Mendonça,Gracie Barra
Madrid International Open Jiu-Jitsu IBJJF 2015,Master5/Male/Purple/Medium-Heavy,1,Miguel Gabaldon Lopez,Mathias Ribeiro Team
Madrid International Open Jiu-Jitsu IBJJF 2015,Master5/Male/Purple/OpenClass,1,José Carlos Andrade Zuzarte de Mendonça,Gracie Barra
Madrid International Open Jiu-Jitsu IBJJF 2015,Master5/Male/Purple/OpenClass,2,Miguel Gabaldon Lopez,Mathias Ribeiro Team
Madrid International Open Jiu-Jitsu IBJJF 2015,Master6/Male/Blue/Heavy,1,Frederic Semour,Absoluto BJJ
Madrid International Open Jiu-Jitsu IBJJF 2015,Master6/Male/Blue/OpenClass,1,Frederic Semour,Absoluto BJJ
Madrid International Open Jiu-Jitsu IBJJF 2015,Master6/Male/Black/Medium-Heavy,1,Paul Lloyd Davies,Gracie Barra Nottingham
Madrid International Open Jiu-Jitsu IBJJF 2015,Master6/Male/Black/OpenClass,1,Paul Lloyd Davies,Gracie Barra Nottingham
