American National Jiu-Jitsu Championship 2014,Juvenile/Male/White/Light,1,Carl Fontanez,Carlson Gracie Team
American National Jiu-Jitsu Championship 2014,Juvenile/Male/White/Middle,1,Kekoa Santana,Phenom Brazilian Jiu-Jitsu
American National Jiu-Jitsu Championship 2014,Juvenile/Male/White/Middle,2,Jesus Emanuel Cervantes,Synergy Brazilian Jiu Jitsu
American National Jiu-Jitsu Championship 2014,Juvenile/Male/Blue/Feather,1,Josiah Brandon Paul,Iron Lion Jiu-Jitsu Academy
American National Jiu-Jitsu Championship 2014,Juvenile/Male/Blue/Feather,2,Christopher Michael Cisneros,Cleber Jiu Jitsu
American National Jiu-Jitsu Championship 2014,Juvenile/Male/Blue/Feather,3,Bryzen Cadiz,New Breed Academy
American National Jiu-Jitsu Championship 2014,Juvenile/Male/Blue/Feather,3,John Anthony Gloria,Atos Jiu-Jitsu
American National Jiu-Jitsu Championship 2014,Juvenile/Male/Blue/Middle,1,Kennedy Leonardo Maciel,Alliance
American National Jiu-Jitsu Championship 2014,Juvenile/Male/Blue/Middle,2,Ricardo Rea Jr,Alliance San Diego
American National Jiu-Jitsu Championship 2014,Juvenile/Male/Blue/Middle,3,Anthony Joseph Aguilera,New Breed Academy
American National Jiu-Jitsu Championship 2014,Juvenile/Male/Blue/Middle,3,Lenin R Munoz,Atos Jiu-Jitsu
American National Jiu-Jitsu Championship 2014,Juvenile/Male/Blue/Ultra-Heavy,1,Carlos Souza,Gracie Barra
American National Jiu-Jitsu Championship 2014,Juvenile/Male/Blue/Ultra-Heavy,2,James Lenard Gillette,Abu Brothers Las Vegas
American National Jiu-Jitsu Championship 2014,Juvenile/Male/Blue/OpenClass,1,Kennedy Leonardo Maciel,Alliance
American National Jiu-Jitsu Championship 2014,Juvenile/Male/Blue/OpenClass,2,James Lenard Gillette,Abu Brothers Las Vegas
American National Jiu-Jitsu Championship 2014,Juvenile/Male/Blue/OpenClass,3,Carlos Souza,Gracie Barra
American National Jiu-Jitsu Championship 2014,Juvenile/Male/Blue/OpenClass,3,Ricardo Rea Jr,Alliance San Diego
American National Jiu-Jitsu Championship 2014,Adult/Male/White/Light-Feather,1,Emmanuel Cruz Ruiz,Gracie Barra
American National Jiu-Jitsu Championship 2014,Adult/Male/White/Feather,1,Ryan Fillingame Jr,CheckMat USA
American National Jiu-Jitsu Championship 2014,Adult/Male/White/Feather,2,Amanveer Singh Kaler,Alliance
American National Jiu-Jitsu Championship 2014,Adult/Male/White/Feather,3,Brandon  Adriano,Sandro Batata Brazilian Jiu-jitsu
American National Jiu-Jitsu Championship 2014,Adult/Male/White/Feather,3,Sebastian Escobar,Phenom Brazilian Jiu-Jitsu
American National Jiu-Jitsu Championship 2014,Adult/Male/White/Light,1,Brett Kubota,Alliance USA
American National Jiu-Jitsu Championship 2014,Adult/Male/White/Light,2,Michael Montez,Alliance
American National Jiu-Jitsu Championship 2014,Adult/Male/White/Light,3,Chase Shafter,Zenith BJJ - Las Vegas
American National Jiu-Jitsu Championship 2014,Adult/Male/White/Light,3,John Tai,Yemaso Brazilian Jiu-Jitsu
American National Jiu-Jitsu Championship 2014,Adult/Male/White/Middle,1,Gonzalo  Meza,Cleber Jiu Jitsu
American National Jiu-Jitsu Championship 2014,Adult/Male/White/Middle,2,Mark  Mendoza Jr (repetido 215005),Cleber Jiu Jitsu
American National Jiu-Jitsu Championship 2014,Adult/Male/White/Middle,3,Daniel Perez,Ribeiro Jiu-Jitsu
American National Jiu-Jitsu Championship 2014,Adult/Male/White/Middle,3,Francis Sajonas,Alliance
American National Jiu-Jitsu Championship 2014,Adult/Male/White/Medium-Heavy,1,Tim Noel,BJJ Revolution Team
American National Jiu-Jitsu Championship 2014,Adult/Male/White/Medium-Heavy,2,Mohammed Alsaleh,Jean Jacques Machado BJJ
American National Jiu-Jitsu Championship 2014,Adult/Male/White/Medium-Heavy,3,Jonathan Casillas,HONU BJJ
American National Jiu-Jitsu Championship 2014,Adult/Male/White/Medium-Heavy,3,Ricardo Malia,Coalition 95
American National Jiu-Jitsu Championship 2014,Adult/Male/White/Heavy,1,Robert Lawless,Ribeiro Jiu-Jitsu
American National Jiu-Jitsu Championship 2014,Adult/Male/White/Heavy,2,Fernando  Rangel,Jiu-Jitsu Foundation
American National Jiu-Jitsu Championship 2014,Adult/Male/White/Heavy,3,Stevenson Marroquin,Werdum Combat Team USA
American National Jiu-Jitsu Championship 2014,Adult/Male/White/Heavy,3,Tyler Ihrig,Gracie Barra
American National Jiu-Jitsu Championship 2014,Adult/Male/White/Super-Heavy,1,Trenton Jordan,Gracie Barra
American National Jiu-Jitsu Championship 2014,Adult/Male/White/Super-Heavy,2,Stephen Uyemura,Tinguinha BJJ academy
American National Jiu-Jitsu Championship 2014,Adult/Male/White/Super-Heavy,3,Carlos Sanchez Vazquez,Top Brother Mexico
American National Jiu-Jitsu Championship 2014,Adult/Male/White/Super-Heavy,3,Gregory White,BJJ Revolution Team
American National Jiu-Jitsu Championship 2014,Adult/Male/White/Ultra-Heavy,1,Dwayne Lindsay Peck,Atos Jiu-Jitsu
American National Jiu-Jitsu Championship 2014,Adult/Male/White/Ultra-Heavy,2,Richard Hernandez,Sandro Batata Brazilian Jiu-jitsu - Santa Cruz
American National Jiu-Jitsu Championship 2014,Adult/Female/White/Light-Feather,1,Debora Oliven,Werdum Combat Team USA
American National Jiu-Jitsu Championship 2014,Adult/Female/White/Light-Feather,2,Precious Brown,Carlson Gracie Team
American National Jiu-Jitsu Championship 2014,Adult/Female/White/Light-Feather,3,Brianna Matsuura,Ribeiro Jiu-Jitsu
American National Jiu-Jitsu Championship 2014,Adult/Female/White/Light-Feather,3,Lily Madera,Drysdale BJJ
American National Jiu-Jitsu Championship 2014,Adult/Female/White/Feather,1,Paulete Celebrado,Alliance
American National Jiu-Jitsu Championship 2014,Adult/Female/White/Feather,2,Rebecca Reuben,Romulo Melo Brazilian Jiu-Jitsu LLC.
American National Jiu-Jitsu Championship 2014,Adult/Female/White/Feather,3,Amanda Brown,Lotus Club Jiu-Jitsu
American National Jiu-Jitsu Championship 2014,Adult/Female/White/Feather,3,Veronica Hamzeh,Atos Jiu-Jitsu
American National Jiu-Jitsu Championship 2014,Adult/Female/White/Light,1,Helen Krozos,Primal Training Center
American National Jiu-Jitsu Championship 2014,Adult/Female/White/Light,2,Shirley Yeh,Caio Terra Association
American National Jiu-Jitsu Championship 2014,Adult/Female/White/Light,3,Emma Valdez,Carlson Gracie Team
American National Jiu-Jitsu Championship 2014,Adult/Female/White/Light,3,Rebekah VonSchriltz,Sandro Batata Brazilian Jiu-jitsu
American National Jiu-Jitsu Championship 2014,Adult/Female/White/Middle,1,Kathryn Milner,Easton BJJ
American National Jiu-Jitsu Championship 2014,Adult/Female/White/Middle,2,Chanelle Michelle Alarcon,Lotus Club Jiu-Jitsu
American National Jiu-Jitsu Championship 2014,Adult/Female/White/Middle,3,Samya De Paula,Caio Terra Association
American National Jiu-Jitsu Championship 2014,Adult/Female/White/Middle,3,Satu Terrell,BJJ Revolution Team
American National Jiu-Jitsu Championship 2014,Adult/Female/White/Medium-Heavy,1,Anjani Siddhartha,Gracie Jiu-Jitsu Academy
American National Jiu-Jitsu Championship 2014,Adult/Female/White/Medium-Heavy,2,Kiana Brede,Alliance
American National Jiu-Jitsu Championship 2014,Adult/Female/White/Medium-Heavy,3,Amanda Hoffmann,Gracie Barra
American National Jiu-Jitsu Championship 2014,Adult/Female/White/Medium-Heavy,3,Jenna Hulsey,Cleber Jiu Jitsu
American National Jiu-Jitsu Championship 2014,Adult/Male/Blue/Rooster,1,Brandan Anthony Olivas,Relson Gracie
American National Jiu-Jitsu Championship 2014,Adult/Male/Blue/Rooster,2,Santos Rene Bruckner Rivera,Tucson BJJ
American National Jiu-Jitsu Championship 2014,Adult/Male/Blue/Rooster,3,Brian Jake Molinaro,Coalition 95
American National Jiu-Jitsu Championship 2014,Adult/Male/Blue/Rooster,3,Michael Gatus,Jean Jacques Machado BJJ
American National Jiu-Jitsu Championship 2014,Adult/Male/Blue/Light-Feather,1,Mason Monsevais,Atos Jiu-Jitsu
American National Jiu-Jitsu Championship 2014,Adult/Male/Blue/Light-Feather,2,Negol Varterian,Atos Jiu-Jitsu
American National Jiu-Jitsu Championship 2014,Adult/Male/Blue/Light-Feather,3,carlos florez,Fight Sports
American National Jiu-Jitsu Championship 2014,Adult/Male/Blue/Light-Feather,3,Kevin  Lu,Ralph Gracie Chino Hills
American National Jiu-Jitsu Championship 2014,Adult/Male/Blue/Feather,1,Nichalas Flores,Nova União
American National Jiu-Jitsu Championship 2014,Adult/Male/Blue/Feather,2,Pedro Iahnke de Oliveira Crixel,Atos Jiu-Jitsu
American National Jiu-Jitsu Championship 2014,Adult/Male/Blue/Feather,3,Camille Clement,BJJ Revolution Team
American National Jiu-Jitsu Championship 2014,Adult/Male/Blue/Feather,3,Saul Viayra,Gracie Barra JJ
American National Jiu-Jitsu Championship 2014,Adult/Male/Blue/Light,1,Anthony David Najera,CheckMat USA
American National Jiu-Jitsu Championship 2014,Adult/Male/Blue/Light,2,Dj workman,Amazonas Rice Bros BJJ
American National Jiu-Jitsu Championship 2014,Adult/Male/Blue/Light,3,Michael Arshag Khatchikian,Gracie Barra
American National Jiu-Jitsu Championship 2014,Adult/Male/Blue/Light,3,Tyler John Najjar,Gracie Humaita San Diego
American National Jiu-Jitsu Championship 2014,Adult/Male/Blue/Middle,1,Josh Valles,Gracie Barra
American National Jiu-Jitsu Championship 2014,Adult/Male/Blue/Middle,2,sebastian Ghouliance,Gracie Barra
American National Jiu-Jitsu Championship 2014,Adult/Male/Blue/Middle,3,Isaac Brand,Lotus Club Jiu-Jitsu
American National Jiu-Jitsu Championship 2014,Adult/Male/Blue/Middle,3,Jeremy Alan Hass,Gracie Barra JJ
American National Jiu-Jitsu Championship 2014,Adult/Male/Blue/Medium-Heavy,1,Sky Lovell,Gracie Barra
American National Jiu-Jitsu Championship 2014,Adult/Male/Blue/Medium-Heavy,2,Victor Oliveira,Gracie Humaita San Diego
American National Jiu-Jitsu Championship 2014,Adult/Male/Blue/Medium-Heavy,3,Ashkan Moghaddam,Ralph Gracie Jiu-Jitsu Berkeley
American National Jiu-Jitsu Championship 2014,Adult/Male/Blue/Medium-Heavy,3,Jurgens Olivier Jansen,Gracie Barra
American National Jiu-Jitsu Championship 2014,Adult/Male/Blue/Heavy,1,Andrew Moskowitz,Lotus Club Jiu-Jitsu
American National Jiu-Jitsu Championship 2014,Adult/Male/Blue/Heavy,2,Adil Ouassini,Zenith BJJ
American National Jiu-Jitsu Championship 2014,Adult/Male/Blue/Heavy,3,Griffin Conway,Atos Jiu-Jitsu
American National Jiu-Jitsu Championship 2014,Adult/Male/Blue/Heavy,3,Troy Simmons,Gracie Barra
American National Jiu-Jitsu Championship 2014,Adult/Male/Blue/Super-Heavy,1,Chadwick Roland,Gracie Barra
American National Jiu-Jitsu Championship 2014,Adult/Male/Blue/Super-Heavy,2,Nurlan  Sermagambetov,Atos Jiu-Jitsu
American National Jiu-Jitsu Championship 2014,Adult/Male/Blue/Super-Heavy,3,Joshua Riley,Brazilian Top Team
American National Jiu-Jitsu Championship 2014,Adult/Male/Blue/Super-Heavy,3,Taylor Kettler,Renato Tavares Association
American National Jiu-Jitsu Championship 2014,Adult/Male/Blue/Ultra-Heavy,1,Dennis Andra,CheckMat
American National Jiu-Jitsu Championship 2014,Adult/Male/Blue/Ultra-Heavy,2,Ricardo N. Camarero Esparza,Babalu's Iron Gym
American National Jiu-Jitsu Championship 2014,Adult/Male/Blue/Ultra-Heavy,3,Jose Robles,Clark Gracie Team International
American National Jiu-Jitsu Championship 2014,Adult/Male/Blue/Ultra-Heavy,3,Tony Tesone,Ribeiro Jiu-Jitsu
American National Jiu-Jitsu Championship 2014,Adult/Male/Blue/OpenClass,1,Mason Monsevais,Atos Jiu-Jitsu
American National Jiu-Jitsu Championship 2014,Adult/Male/Blue/OpenClass,2,Josh Valles,Gracie Barra
American National Jiu-Jitsu Championship 2014,Adult/Male/Blue/OpenClass,3,carlos florez,Fight Sports
American National Jiu-Jitsu Championship 2014,Adult/Male/Blue/OpenClass,3,Ricardo N. Camarero Esparza,Babalu's Iron Gym
American National Jiu-Jitsu Championship 2014,Adult/Female/Blue/Rooster,1,Jennifer Bann,Nova União
American National Jiu-Jitsu Championship 2014,Adult/Female/Blue/Rooster,2,Mimi Shing,Alliance
American National Jiu-Jitsu Championship 2014,Adult/Female/Blue/Rooster,3,Laura Gutierrez,CheckMat USA
American National Jiu-Jitsu Championship 2014,Adult/Female/Blue/Rooster,3,Laura Wesson,Gracie Barra
American National Jiu-Jitsu Championship 2014,Adult/Female/Blue/Light-Feather,1,Taylor Segovia,Atos Jiu-Jitsu
American National Jiu-Jitsu Championship 2014,Adult/Female/Blue/Light-Feather,2,Melissa Chua,Cascao BJJ Las Vegas
American National Jiu-Jitsu Championship 2014,Adult/Female/Blue/Feather,1,Giovanna Marie Thomas,Atos Jiu-Jitsu
American National Jiu-Jitsu Championship 2014,Adult/Female/Blue/Feather,2,Kristin Danielle Hassan,Renzo Gracie LA
American National Jiu-Jitsu Championship 2014,Adult/Female/Blue/Feather,3,Charlene Barretto,Alliance
American National Jiu-Jitsu Championship 2014,Adult/Female/Blue/Feather,3,Yizelmar Galvan-Jimenez,Jiu-Jitsu Foundation
American National Jiu-Jitsu Championship 2014,Adult/Female/Blue/Light,1,Madison Chase Owning,Atos Jiu-Jitsu
American National Jiu-Jitsu Championship 2014,Adult/Female/Blue/Light,2,Jenny lopez-armenta (repetido 184266),BJJ Revolution Team
American National Jiu-Jitsu Championship 2014,Adult/Female/Blue/Light,3,Elizabeth Jane Exell,Gracie Morumbi
American National Jiu-Jitsu Championship 2014,Adult/Female/Blue/Light,3,Judyann Lee Burgess,Cleber Jiu Jitsu
American National Jiu-Jitsu Championship 2014,Adult/Female/Blue/Medium-Heavy,1,Christa Cassis,Gracie Barra
American National Jiu-Jitsu Championship 2014,Adult/Female/Blue/Heavy,1,Leandra  Poole,Gracie Barra
American National Jiu-Jitsu Championship 2014,Adult/Female/Blue/Heavy,2,Brittany Mansfield,Lotus Club Jiu-Jitsu
American National Jiu-Jitsu Championship 2014,Adult/Female/Blue/OpenClass,1,Jenny lopez-armenta (repetido 184266),BJJ Revolution Team
American National Jiu-Jitsu Championship 2014,Adult/Female/Blue/OpenClass,2,Leandra  Poole,Gracie Barra
American National Jiu-Jitsu Championship 2014,Adult/Female/Blue/OpenClass,3,Brittany Mansfield,Lotus Club Jiu-Jitsu
American National Jiu-Jitsu Championship 2014,Adult/Female/Blue/OpenClass,3,Judyann Lee Burgess,Cleber Jiu Jitsu
American National Jiu-Jitsu Championship 2014,Adult/Male/Purple/Rooster,1,Joseph Gomez,Lotus Club Jiu-Jitsu
American National Jiu-Jitsu Championship 2014,Adult/Male/Purple/Rooster,2,Florentino Morales,Alliance
American National Jiu-Jitsu Championship 2014,Adult/Male/Purple/Rooster,3,Kitt Canaria,Gracie Barra
American National Jiu-Jitsu Championship 2014,Adult/Male/Purple/Rooster,3,Patrick Kevin B. Roxas,Gracie Barra
American National Jiu-Jitsu Championship 2014,Adult/Male/Purple/Light-Feather,1,Shane  Torres,Coalition 95
American National Jiu-Jitsu Championship 2014,Adult/Male/Purple/Light-Feather,2,David Thanh Chau,CheckMat
American National Jiu-Jitsu Championship 2014,Adult/Male/Purple/Light-Feather,3,David J Viera,Undisputed
American National Jiu-Jitsu Championship 2014,Adult/Male/Purple/Light-Feather,3,Nicholas Anthony Bohli,Atos Jiu-Jitsu
American National Jiu-Jitsu Championship 2014,Adult/Male/Purple/Feather,1,Ian Phyllip Sanders,Gracie Barra
American National Jiu-Jitsu Championship 2014,Adult/Male/Purple/Feather,2,Ian Felix Delizo,Atos Jiu-Jitsu
American National Jiu-Jitsu Championship 2014,Adult/Male/Purple/Feather,3,Edward Nicholas Borbon,Heroes Martial Arts
American National Jiu-Jitsu Championship 2014,Adult/Male/Purple/Feather,3,Jose Leon (repetido 45006),Coalition 95
American National Jiu-Jitsu Championship 2014,Adult/Male/Purple/Light,1,Rolando Villanueva Samson,Atos Jiu-Jitsu
American National Jiu-Jitsu Championship 2014,Adult/Male/Purple/Light,2,Angelo Jesus Guerrero-Barden,Atos Jiu-Jitsu
American National Jiu-Jitsu Championship 2014,Adult/Male/Purple/Light,3,Jeremy Keitt Spry,Undisputed
American National Jiu-Jitsu Championship 2014,Adult/Male/Purple/Light,3,Jeremy S. Jackson,Heroes Martial Arts
American National Jiu-Jitsu Championship 2014,Adult/Male/Purple/Middle,1,Horlando de Jesus Monteiro,Nova União
American National Jiu-Jitsu Championship 2014,Adult/Male/Purple/Middle,2,Joseph Justin Ruggiero,Team Lloyd Irvin
American National Jiu-Jitsu Championship 2014,Adult/Male/Purple/Middle,3,Damien Aaron Nitkin,Drysdale BJJ
American National Jiu-Jitsu Championship 2014,Adult/Male/Purple/Middle,3,Daniel Beguhl,Guerrilla Jiu Jitsu
American National Jiu-Jitsu Championship 2014,Adult/Male/Purple/Medium-Heavy,1,Devon Daniel Delbrugge,Team Lloyd Irvin
American National Jiu-Jitsu Championship 2014,Adult/Male/Purple/Medium-Heavy,2,Matthew Steven Gillette,Maracaba BJJ
American National Jiu-Jitsu Championship 2014,Adult/Male/Purple/Medium-Heavy,3,Adrian Nez,Gracie Humaita Phoenix
American National Jiu-Jitsu Championship 2014,Adult/Male/Purple/Medium-Heavy,3,Pete O'Neal,Atos Jiu-Jitsu
American National Jiu-Jitsu Championship 2014,Adult/Male/Purple/Heavy,1,Kaniela Kaanoi Kahuanui,Caio Terra Association
American National Jiu-Jitsu Championship 2014,Adult/Male/Purple/Heavy,2,Dinko Bektic,BJJ Revolution Team
American National Jiu-Jitsu Championship 2014,Adult/Male/Purple/Heavy,3,Alika K. Angerman,Zenith BJJ - Las Vegas
American National Jiu-Jitsu Championship 2014,Adult/Male/Purple/Super-Heavy,1,Quentin Leahy (REPITIDO),Renzo Gracie
American National Jiu-Jitsu Championship 2014,Adult/Male/Purple/Super-Heavy,2,Ryan Walsh,Caio Terra Association
American National Jiu-Jitsu Championship 2014,Adult/Male/Purple/Super-Heavy,3,Clayton Rutherford,Alliance
American National Jiu-Jitsu Championship 2014,Adult/Male/Purple/Super-Heavy,3,Lukas Friend Pollard,Kaijin Martial Arts
American National Jiu-Jitsu Championship 2014,Adult/Male/Purple/Ultra-Heavy,1,Brandon Devaris Tucker,Atos Jiu-Jitsu
American National Jiu-Jitsu Championship 2014,Adult/Male/Purple/OpenClass,1,Brandon Devaris Tucker,Atos Jiu-Jitsu
American National Jiu-Jitsu Championship 2014,Adult/Male/Purple/OpenClass,2,Lukas Friend Pollard,Kaijin Martial Arts
American National Jiu-Jitsu Championship 2014,Adult/Male/Purple/OpenClass,3,Devon Daniel Delbrugge,Team Lloyd Irvin
American National Jiu-Jitsu Championship 2014,Adult/Male/Purple/OpenClass,3,Horlando de Jesus Monteiro,Nova União
American National Jiu-Jitsu Championship 2014,Adult/Female/Purple/Feather,1,Ana Talita de Oliveira Alencar,GF Team
American National Jiu-Jitsu Championship 2014,Adult/Female/Purple/Feather,2,Viviana Eva Vélez,Carlson Gracie Team
American National Jiu-Jitsu Championship 2014,Adult/Female/Purple/Feather,3,Karen Tran,Alliance
American National Jiu-Jitsu Championship 2014,Adult/Female/Purple/Feather,3,Rachel Claire Ranschau,Team Lloyd Irvin
American National Jiu-Jitsu Championship 2014,Adult/Female/Purple/Light,1,Danielle Renee Alvarez,Bruno Bastos Association
American National Jiu-Jitsu Championship 2014,Adult/Female/Purple/Light,2,Kelsey Marie Belmont,Ribeiro Jiu-Jitsu
American National Jiu-Jitsu Championship 2014,Adult/Female/Purple/Light,3,Jessie Chen,Academy San Francisco
American National Jiu-Jitsu Championship 2014,Adult/Female/Purple/Light,3,Sarah Jones,Atos Jiu-Jitsu
American National Jiu-Jitsu Championship 2014,Adult/Female/Purple/Super-Heavy,1,Tara White (repetido  138268),Lotus Club Jiu-Jitsu
American National Jiu-Jitsu Championship 2014,Adult/Female/Purple/OpenClass,1,Tara White (repetido  138268),Lotus Club Jiu-Jitsu
American National Jiu-Jitsu Championship 2014,Adult/Female/Purple/OpenClass,2,Kelsey Marie Belmont,Ribeiro Jiu-Jitsu
American National Jiu-Jitsu Championship 2014,Adult/Female/Purple/OpenClass,3,Jessie Chen,Academy San Francisco
American National Jiu-Jitsu Championship 2014,Adult/Female/Purple/OpenClass,3,Rachel Claire Ranschau,Team Lloyd Irvin
American National Jiu-Jitsu Championship 2014,Adult/Male/Brown/Light-Feather,1,Vincent Nguyen,Atos Jiu-Jitsu
American National Jiu-Jitsu Championship 2014,Adult/Male/Brown/Light-Feather,2,Henry Iribe,Alliance
American National Jiu-Jitsu Championship 2014,Adult/Male/Brown/Light-Feather,3,Alexis Alduncin Barragan,Renzo Gracie Mexico
American National Jiu-Jitsu Championship 2014,Adult/Male/Brown/Light-Feather,3,Rene Eduardo Lopez,Zenith BJJ
American National Jiu-Jitsu Championship 2014,Adult/Male/Brown/Feather,1,Jason Alexander Gagnon,Alliance
American National Jiu-Jitsu Championship 2014,Adult/Male/Brown/Feather,2,Isaac Doederlein,Alliance
American National Jiu-Jitsu Championship 2014,Adult/Male/Brown/Feather,3,Jeffrey Emmanuel Nolasco,Tinguinha BJJ academy
American National Jiu-Jitsu Championship 2014,Adult/Male/Brown/Feather,3,Wallace Fernando Santos,Gracie Humaita Las Vegas
American National Jiu-Jitsu Championship 2014,Adult/Male/Brown/Light,1,Michael Remigio Liera Jr.,Atos Jiu-Jitsu
American National Jiu-Jitsu Championship 2014,Adult/Male/Brown/Light,2,Issa Able,Nova União
American National Jiu-Jitsu Championship 2014,Adult/Male/Brown/Light,3,James Randall Guyton,Atos Jiu-Jitsu
American National Jiu-Jitsu Championship 2014,Adult/Male/Brown/Light,3,Jesse Jay Newell,Gracie Morumbi
American National Jiu-Jitsu Championship 2014,Adult/Male/Brown/Middle,1,Brian John Morizi,Clark Gracie Jiu Jitsu Academy
American National Jiu-Jitsu Championship 2014,Adult/Male/Brown/Middle,2,Giacomo Raupp Zanini,Ribeiro Jiu-Jitsu
American National Jiu-Jitsu Championship 2014,Adult/Male/Brown/Middle,3,Branden Weston Guptill,Ribeiro Jiu-Jitsu
American National Jiu-Jitsu Championship 2014,Adult/Male/Brown/Middle,3,Justin Workman,Gracie Barra
American National Jiu-Jitsu Championship 2014,Adult/Male/Brown/Medium-Heavy,1,Samuel Christian Rice,Amazonas Rice Bros BJJ
American National Jiu-Jitsu Championship 2014,Adult/Male/Brown/Medium-Heavy,2,Nisar Amin Loynab,Atos Jiu-Jitsu
American National Jiu-Jitsu Championship 2014,Adult/Male/Brown/Medium-Heavy,3,Andrew Logan Wooten,Gracie Barra
American National Jiu-Jitsu Championship 2014,Adult/Male/Brown/Medium-Heavy,3,Daniel Hampton,Nova União
American National Jiu-Jitsu Championship 2014,Adult/Male/Brown/Heavy,1,Michael-Justin Carbullido,Atos Jiu-Jitsu
American National Jiu-Jitsu Championship 2014,Adult/Male/Brown/Heavy,2,Ryan McGillivray,Gracie Barra
American National Jiu-Jitsu Championship 2014,Adult/Male/Brown/Heavy,3,Luc Rousseau,BJJ Globetrotters
American National Jiu-Jitsu Championship 2014,Adult/Male/Brown/Super-Heavy,1,Pedro Lucas Aguiar Araujo,Gracie Barra
American National Jiu-Jitsu Championship 2014,Adult/Male/Brown/Super-Heavy,2,Samuel Joseph Campanella III,Jean Jacques Machado BJJ
American National Jiu-Jitsu Championship 2014,Adult/Male/Brown/Ultra-Heavy,1,Joseph Moku Kahawai Jr.,Atos Jiu-Jitsu
American National Jiu-Jitsu Championship 2014,Adult/Male/Brown/Ultra-Heavy,2,Dany Guy Steve Gerard,Atos Jiu-Jitsu
American National Jiu-Jitsu Championship 2014,Adult/Male/Brown/Ultra-Heavy,3,Rafael Deon Davis,Carlson Gracie Team
American National Jiu-Jitsu Championship 2014,Adult/Male/Brown/OpenClass,1,Michael-Justin Carbullido,Atos Jiu-Jitsu
American National Jiu-Jitsu Championship 2014,Adult/Male/Brown/OpenClass,2,Michael Remigio Liera Jr.,Atos Jiu-Jitsu
American National Jiu-Jitsu Championship 2014,Adult/Male/Brown/OpenClass,3,Justin Workman,Gracie Barra
American National Jiu-Jitsu Championship 2014,Adult/Male/Brown/OpenClass,3,Pedro Lucas Aguiar Araujo,Gracie Barra
American National Jiu-Jitsu Championship 2014,Adult/Female/Brown/Heavy,1,Kristina Sofia Puruganan Barlaan,Caio Terra Association
American National Jiu-Jitsu Championship 2014,Adult/Female/Brown/Heavy,2,Alexis Brooke Du Fresne,CheckMat USA
American National Jiu-Jitsu Championship 2014,Adult/Male/Black/Light-Feather,1,Caio Terra,Caio Terra Association
American National Jiu-Jitsu Championship 2014,Adult/Male/Black/Light-Feather,2,Fabbio Passos de Alencar,Alliance
American National Jiu-Jitsu Championship 2014,Adult/Male/Black/Light-Feather,3,J. Brandon Mullins,Gracie Barra
American National Jiu-Jitsu Championship 2014,Adult/Male/Black/Light-Feather,3,Mark Daniel Ramos,Ricardo "Rey" Diogo BJJ
American National Jiu-Jitsu Championship 2014,Adult/Male/Black/Feather,1,Vitor Peres Paschoal,Caio Terra Association
American National Jiu-Jitsu Championship 2014,Adult/Male/Black/Feather,2,Kail Bosque,Vicente Jr. Team
American National Jiu-Jitsu Championship 2014,Adult/Male/Black/Light,1,Osvaldo Augusto Honorio Moizinho,Caio Terra Association
American National Jiu-Jitsu Championship 2014,Adult/Male/Black/Light,2,Andris Auseklis Brunovskis,Atos Jiu-Jitsu
American National Jiu-Jitsu Championship 2014,Adult/Male/Black/Light,3,Choi Won Choi,Atos Jiu-Jitsu
American National Jiu-Jitsu Championship 2014,Adult/Male/Black/Light,3,Rodrigo Lamounier de Freitas,Gracie Barra
American National Jiu-Jitsu Championship 2014,Adult/Male/Black/Middle,1,Jonathan Torres,Atos Jiu-Jitsu
American National Jiu-Jitsu Championship 2014,Adult/Male/Black/Middle,2,Francisco Antonio Iturralde Lara,Alliance
American National Jiu-Jitsu Championship 2014,Adult/Male/Black/Middle,3,Joshua Roy Hinger,Atos Jiu-Jitsu
American National Jiu-Jitsu Championship 2014,Adult/Male/Black/Middle,3,Tanner Wade Rice,Amazonas Rice Bros BJJ
American National Jiu-Jitsu Championship 2014,Adult/Male/Black/Medium-Heavy,1,Keenan Kai-James Cornelius,Atos Jiu-Jitsu
American National Jiu-Jitsu Championship 2014,Adult/Male/Black/Medium-Heavy,2,Eduardo Telles Moreira,Caio Terra Association
American National Jiu-Jitsu Championship 2014,Adult/Male/Black/Medium-Heavy,3,Elias Ramirez III,Gracie Barra
American National Jiu-Jitsu Championship 2014,Adult/Male/Black/Medium-Heavy,3,Inacio Ferreira Gomes Neto,Gracie Barra
American National Jiu-Jitsu Championship 2014,Adult/Male/Black/Heavy,1,Lucas Rocha de Freitas,Gracie Barra
American National Jiu-Jitsu Championship 2014,Adult/Male/Black/Heavy,2,Eliot Andrew Kelly,Yemaso Brazilian Jiu-Jitsu
American National Jiu-Jitsu Championship 2014,Adult/Male/Black/Heavy,3,David Charles Reed,Fabio Santos BJJ
American National Jiu-Jitsu Championship 2014,Adult/Male/Black/Super-Heavy,1,Felipe Menezes Bueno,Alliance
American National Jiu-Jitsu Championship 2014,Adult/Male/Black/Super-Heavy,2,Dylan Dearborn,BJJ Revolution Team
American National Jiu-Jitsu Championship 2014,Adult/Male/Black/Super-Heavy,3,Roger Luiz Pereira Ambrosi,Ryan Gracie Team
American National Jiu-Jitsu Championship 2014,Adult/Male/Black/Ultra-Heavy,1,Carlos Eduardo de Araujo Farias,Roberto Traven BJJ
American National Jiu-Jitsu Championship 2014,Adult/Male/Black/Ultra-Heavy,2,Thiago Reinaldo de Souza,Gracie Barra
American National Jiu-Jitsu Championship 2014,Adult/Male/Black/Ultra-Heavy,3,José dos Santos Júnior,Alliance
American National Jiu-Jitsu Championship 2014,Adult/Male/Black/OpenClass,1,Jonathan Torres,Atos Jiu-Jitsu
American National Jiu-Jitsu Championship 2014,Adult/Male/Black/OpenClass,2,Keenan Kai-James Cornelius,Atos Jiu-Jitsu
American National Jiu-Jitsu Championship 2014,Adult/Male/Black/OpenClass,3,Eliot Andrew Kelly,Yemaso Brazilian Jiu-Jitsu
American National Jiu-Jitsu Championship 2014,Adult/Male/Black/OpenClass,3,Nathan Albrecht Mendelsohn,Coalition 95
American National Jiu-Jitsu Championship 2014,Adult/Female/Black/Feather,1,Mackenzie Lynne Dern,Gracie Humaita
American National Jiu-Jitsu Championship 2014,Adult/Female/Black/Feather,2,Chelsea Leah Bainbridge-Donner,Atos Jiu-Jitsu
American National Jiu-Jitsu Championship 2014,Adult/Female/Black/OpenClass,1,Mackenzie Lynne Dern,Gracie Humaita
American National Jiu-Jitsu Championship 2014,Adult/Female/Black/OpenClass,2,Chelsea Leah Bainbridge-Donner,Atos Jiu-Jitsu
American National Jiu-Jitsu Championship 2014,Master1/Male/White/Light-Feather,1,Archie Semana,Brazilian Top Team
American National Jiu-Jitsu Championship 2014,Master1/Male/White/Light-Feather,2,Luigi Yoshiki Cleto,Carlson Gracie Team
American National Jiu-Jitsu Championship 2014,Master1/Male/White/Feather,1,Eulalio Elias,Werdum Combat Team USA
American National Jiu-Jitsu Championship 2014,Master1/Male/White/Feather,2,Tim Depakakibo,Higher Ground BJJ
American National Jiu-Jitsu Championship 2014,Master1/Male/White/Light,1,Ian Lowe,BJJ Revolution Team
American National Jiu-Jitsu Championship 2014,Master1/Male/White/Light,2,Santiago Mayer,Brazilian Top Team
American National Jiu-Jitsu Championship 2014,Master1/Male/White/Light,3,Michael Yen,Ralph Gracie OC
American National Jiu-Jitsu Championship 2014,Master1/Male/White/Middle,1,Christopher Zabala,Brazilian Top Team
American National Jiu-Jitsu Championship 2014,Master1/Male/White/Middle,2,Gil Galindo,Gracie Gym
American National Jiu-Jitsu Championship 2014,Master1/Male/White/Middle,3,Damon Tavangar,Cleber BJJ
American National Jiu-Jitsu Championship 2014,Master1/Male/White/Middle,3,Moises Alvarez-Fernandez,Cleber BJJ
American National Jiu-Jitsu Championship 2014,Master1/Male/White/Medium-Heavy,1,Rex  Bias,Nova União
American National Jiu-Jitsu Championship 2014,Master1/Male/White/Medium-Heavy,2,Richard Castillo,Cleber Jiu Jitsu
American National Jiu-Jitsu Championship 2014,Master1/Male/White/Medium-Heavy,3,Eric LaShelle,Kron Gracie Jiu Jitsu
American National Jiu-Jitsu Championship 2014,Master1/Male/White/Medium-Heavy,3,Todd Burk,Tinguinha BJJ academy
American National Jiu-Jitsu Championship 2014,Master1/Male/White/Heavy,1,manny chavez,Gracie Barra
American National Jiu-Jitsu Championship 2014,Master1/Male/White/Heavy,2,Michael Steenson,Brazilian Top Team
American National Jiu-Jitsu Championship 2014,Master1/Male/White/Ultra-Heavy,1,Marcus Owens,Gracie Barra
American National Jiu-Jitsu Championship 2014,Master1/Male/White/Ultra-Heavy,2,Justin Lobo,Fairfax Jiu Jitsu
American National Jiu-Jitsu Championship 2014,Master1/Male/Blue/Light-Feather,1,Jason Robert St. Arnold,Nova União
American National Jiu-Jitsu Championship 2014,Master1/Male/Blue/Light-Feather,2,Eric Juarez,Jean Jacques Machado BJJ
American National Jiu-Jitsu Championship 2014,Master1/Male/Blue/Light-Feather,3,Daniel David,Brazilian Top Team
American National Jiu-Jitsu Championship 2014,Master1/Male/Blue/Light-Feather,3,Kenneth Ogami,Alliance
American National Jiu-Jitsu Championship 2014,Master1/Male/Blue/Feather,1,Cory Lujan,Alliance
American National Jiu-Jitsu Championship 2014,Master1/Male/Blue/Feather,2,Tony Lopez,Alliance
American National Jiu-Jitsu Championship 2014,Master1/Male/Blue/Feather,3,Bernard Turner,Yemaso Brazilian Jiu-Jitsu
American National Jiu-Jitsu Championship 2014,Master1/Male/Blue/Feather,3,George Polynin,Nova União
American National Jiu-Jitsu Championship 2014,Master1/Male/Blue/Light,1,Shawn Carr,Primal Training Center
American National Jiu-Jitsu Championship 2014,Master1/Male/Blue/Light,2,Gene Lopez,Phenom Brazilian Jiu-Jitsu
American National Jiu-Jitsu Championship 2014,Master1/Male/Blue/Light,3,Anthony Le,Atos Jiu-Jitsu
American National Jiu-Jitsu Championship 2014,Master1/Male/Blue/Light,3,Jeffrey Hairston,Atos Jiu-Jitsu
American National Jiu-Jitsu Championship 2014,Master1/Male/Blue/Middle,1,Armando Rodriguez Perez Jr.,Cleber Jiu Jitsu
American National Jiu-Jitsu Championship 2014,Master1/Male/Blue/Middle,2,Andrew Hwang,SoNo BJJ
American National Jiu-Jitsu Championship 2014,Master1/Male/Blue/Middle,3,Johnny Boswell Jr.,Vicente Jr. Team
American National Jiu-Jitsu Championship 2014,Master1/Male/Blue/Middle,3,Marshall Richey,Renzo Gracie LA
American National Jiu-Jitsu Championship 2014,Master1/Male/Blue/Medium-Heavy,1,Neftali  Diaz,Brazilian Top Team
American National Jiu-Jitsu Championship 2014,Master1/Male/Blue/Heavy,1,Matthew Mungo,United Brazilian Jiu-Jitsu
American National Jiu-Jitsu Championship 2014,Master1/Male/Blue/Heavy,2,Adam Kyle Schembs,Crispim BJJ Brothers
American National Jiu-Jitsu Championship 2014,Master1/Male/Blue/Heavy,3,Antonio Perez,Carlson Gracie Team
American National Jiu-Jitsu Championship 2014,Master1/Male/Blue/Heavy,3,Ryan Frank Baxter,Jiu-Jitsu Foundation
American National Jiu-Jitsu Championship 2014,Master1/Male/Blue/Super-Heavy,1,Ricardo Ibarra,Clark Gracie Jiu Jitsu Academy
American National Jiu-Jitsu Championship 2014,Master1/Male/Blue/Super-Heavy,2,Joe  Tate,Maracaba BJJ
American National Jiu-Jitsu Championship 2014,Master1/Male/Blue/Super-Heavy,3,Richard Andrade,Brea Jiu-Jitsu
American National Jiu-Jitsu Championship 2014,Master1/Male/Blue/Ultra-Heavy,1,J. Danny Gonzalez,Paragon BJJ Academy
American National Jiu-Jitsu Championship 2014,Master1/Male/Blue/Ultra-Heavy,2,Dauren Kabykenov,Brazilian Top Team
American National Jiu-Jitsu Championship 2014,Master1/Male/Blue/OpenClass,1,Matthew Mungo,United Brazilian Jiu-Jitsu
American National Jiu-Jitsu Championship 2014,Master1/Male/Blue/OpenClass,2,Johnny Boswell Jr.,Vicente Jr. Team
American National Jiu-Jitsu Championship 2014,Master1/Male/Blue/OpenClass,3,Bernard Turner,Yemaso Brazilian Jiu-Jitsu
American National Jiu-Jitsu Championship 2014,Master1/Male/Blue/OpenClass,3,Neftali  Diaz,Brazilian Top Team
American National Jiu-Jitsu Championship 2014,Master1/Female/Blue/Light-Feather,1,Quincy Torres,Coalition 95
American National Jiu-Jitsu Championship 2014,Master1/Female/Blue/Light-Feather,2,Sofia Pimentel,Brazilian Top Team
American National Jiu-Jitsu Championship 2014,Master1/Female/Blue/Feather,1,Sheila  Padilla,Cleber Jiu Jitsu
American National Jiu-Jitsu Championship 2014,Master1/Female/Blue/Feather,2,Georgina Staley,Gracie Humaita
American National Jiu-Jitsu Championship 2014,Master1/Female/Blue/Feather,3,Amy Konopka,Ribeiro Jiu-Jitsu
American National Jiu-Jitsu Championship 2014,Master1/Female/Blue/Light,1,BETTY SOM,Ribeiro Jiu-Jitsu
American National Jiu-Jitsu Championship 2014,Master1/Female/Blue/Light,2,julie litman,BJJ Revolution Team
American National Jiu-Jitsu Championship 2014,Master1/Female/Blue/Light,3,Monica Arana Saenz,Cascao BJJ Las Vegas
American National Jiu-Jitsu Championship 2014,Master1/Female/Blue/OpenClass,1,Georgina Staley,Gracie Humaita
American National Jiu-Jitsu Championship 2014,Master1/Female/Blue/OpenClass,2,Quincy Torres,Coalition 95
American National Jiu-Jitsu Championship 2014,Master1/Female/Blue/OpenClass,3,julie litman,BJJ Revolution Team
American National Jiu-Jitsu Championship 2014,Master1/Male/Purple/Light-Feather,1,Donny Le,Yemaso Brazilian Jiu-Jitsu
American National Jiu-Jitsu Championship 2014,Master1/Male/Purple/Light-Feather,2,Kevin Wayne Harris,Jiu-Jitsu Foundation
American National Jiu-Jitsu Championship 2014,Master1/Male/Purple/Light-Feather,3,Arby Magtibay,Jean Jacques Machado BJJ
American National Jiu-Jitsu Championship 2014,Master1/Male/Purple/Light-Feather,3,jason debruyn,Atos Jiu-Jitsu
American National Jiu-Jitsu Championship 2014,Master1/Male/Purple/Feather,1,Paul Robert Sondrini,Alliance
American National Jiu-Jitsu Championship 2014,Master1/Male/Purple/Feather,2,Matthew David Mamolen,Nova União
American National Jiu-Jitsu Championship 2014,Master1/Male/Purple/Feather,3,Aaron Sean Gonsolin,Yemaso Brazilian Jiu-Jitsu
American National Jiu-Jitsu Championship 2014,Master1/Male/Purple/Feather,3,Patrick Samac Crescini,Jiu-Jitsu Foundation
American National Jiu-Jitsu Championship 2014,Master1/Male/Purple/Light,1,Vincent Vong,Alliance Marcelo Garcia
American National Jiu-Jitsu Championship 2014,Master1/Male/Purple/Light,2,John P. Morgan,CheckMat
American National Jiu-Jitsu Championship 2014,Master1/Male/Purple/Light,3,Christian Francisco Cruz,Gracie Barra
American National Jiu-Jitsu Championship 2014,Master1/Male/Purple/Light,3,Wanly Tran,Gracie Barra
American National Jiu-Jitsu Championship 2014,Master1/Male/Purple/Middle,1,Moises Lopez,Zenith BJJ - Las Vegas
American National Jiu-Jitsu Championship 2014,Master1/Male/Purple/Middle,2,John Martin Eustace,Fight Sports
American National Jiu-Jitsu Championship 2014,Master1/Male/Purple/Middle,3,David Ramirez,Tinguinha BJJ academy
American National Jiu-Jitsu Championship 2014,Master1/Male/Purple/Middle,3,Scott Cohea,Gracie Morumbi
American National Jiu-Jitsu Championship 2014,Master1/Male/Purple/Medium-Heavy,1,Vincent Thomas R. Colcol,Alliance
American National Jiu-Jitsu Championship 2014,Master1/Male/Purple/Medium-Heavy,2,Jose Souza (repetido 46327),Gracie Humaita San Diego
American National Jiu-Jitsu Championship 2014,Master1/Male/Purple/Medium-Heavy,3,Adam Richard Nadow,Brazilian Top Team
American National Jiu-Jitsu Championship 2014,Master1/Male/Purple/Medium-Heavy,3,Luiz Fernando da Silva Gomes,Gracie Humaita
American National Jiu-Jitsu Championship 2014,Master1/Male/Purple/Heavy,1,Daniel Edward Carlson,Surfight Jiu-Jitsu
American National Jiu-Jitsu Championship 2014,Master1/Male/Purple/Heavy,2,Adam Hodges,BJJ Revolution Team
American National Jiu-Jitsu Championship 2014,Master1/Male/Purple/Super-Heavy,1,Fernando A P Smith,Ribeiro Jiu-Jitsu
American National Jiu-Jitsu Championship 2014,Master1/Male/Purple/Ultra-Heavy,1,Gonzalo Barahona,Brazilian Top Team
American National Jiu-Jitsu Championship 2014,Master1/Male/Purple/Ultra-Heavy,2,Gregory Mark Cortes,Jiu-Jitsu Foundation
American National Jiu-Jitsu Championship 2014,Master1/Male/Purple/OpenClass,1,Moises Lopez,Zenith BJJ - Las Vegas
American National Jiu-Jitsu Championship 2014,Master1/Male/Purple/OpenClass,2,Christian Francisco Cruz,Gracie Barra
American National Jiu-Jitsu Championship 2014,Master1/Male/Purple/OpenClass,3,Luiz Fernando da Silva Gomes,Gracie Humaita
American National Jiu-Jitsu Championship 2014,Master1/Male/Purple/OpenClass,3,Vincent Vong,Alliance Marcelo Garcia
American National Jiu-Jitsu Championship 2014,Master1/Male/Brown/Feather,1,Ram Ananda,Alliance
American National Jiu-Jitsu Championship 2014,Master1/Male/Brown/Feather,2,Russell Delacruz Cantorna,CheckMat
American National Jiu-Jitsu Championship 2014,Master1/Male/Brown/Feather,3,Gustavo Adolfo Fonseca Jr.,Atos Jiu-Jitsu
American National Jiu-Jitsu Championship 2014,Master1/Male/Brown/Feather,3,Nicholas P. Wilson,Waza Brazilian Jiu Jitsu
American National Jiu-Jitsu Championship 2014,Master1/Male/Brown/Light,1,Marco Luiz  Zulauf,Caio Terra Association
American National Jiu-Jitsu Championship 2014,Master1/Male/Brown/Light,2,Carlos Araujo Filho,Gracie Barra
American National Jiu-Jitsu Championship 2014,Master1/Male/Brown/Light,3,Adam J Henkel,Atos Jiu-Jitsu
American National Jiu-Jitsu Championship 2014,Master1/Male/Brown/Light,3,Young Gi Roh,Nino Schembri Team
American National Jiu-Jitsu Championship 2014,Master1/Male/Brown/Middle,1,Michael Jordan Krider,Gracie Barra
American National Jiu-Jitsu Championship 2014,Master1/Male/Brown/Middle,2,Hernando Thola Jr.,Gracie Barra
American National Jiu-Jitsu Championship 2014,Master1/Male/Brown/Middle,3,Craig Straub,Primal Training Center
American National Jiu-Jitsu Championship 2014,Master1/Male/Brown/Middle,3,Jon Price,Jean Jacques Machado BJJ
American National Jiu-Jitsu Championship 2014,Master1/Male/Brown/Medium-Heavy,1,Jaysen Jose Baxter,Brazilian Top Team
American National Jiu-Jitsu Championship 2014,Master1/Male/Brown/Medium-Heavy,2,Ryan John Robinson,Gracie Barra
American National Jiu-Jitsu Championship 2014,Master1/Male/Brown/Medium-Heavy,3,Julius Villanueva,Ribeiro Jiu-Jitsu
American National Jiu-Jitsu Championship 2014,Master1/Male/Brown/Super-Heavy,1,Gregory Linton Brown,Combat Sports Boston
American National Jiu-Jitsu Championship 2014,Master1/Male/Brown/Super-Heavy,2,Hector Tapia Jr.,Gracie Barra
American National Jiu-Jitsu Championship 2014,Master1/Male/Brown/OpenClass,1,Carlos Araujo Filho,Gracie Barra
American National Jiu-Jitsu Championship 2014,Master1/Male/Brown/OpenClass,2,Gregory Linton Brown,Combat Sports Boston
American National Jiu-Jitsu Championship 2014,Master1/Male/Brown/OpenClass,3,Julius Villanueva,Ribeiro Jiu-Jitsu
American National Jiu-Jitsu Championship 2014,Master1/Male/Brown/OpenClass,3,Ryan John Robinson,Gracie Barra
American National Jiu-Jitsu Championship 2014,Master1/Male/Black/Light-Feather,1,Luis Felipe Ninja de Moraes Pinto,Nova União
American National Jiu-Jitsu Championship 2014,Master1/Male/Black/Light-Feather,2,Jean Cartagena Maldonado,BJJ Revolution Team
American National Jiu-Jitsu Championship 2014,Master1/Male/Black/Light-Feather,3,Bruno Apolinario de Lima,DDR Jiu Jitsu
American National Jiu-Jitsu Championship 2014,Master1/Male/Black/Feather,1,Daniel V. Alvarez Jr.,Bruno Bastos Association
American National Jiu-Jitsu Championship 2014,Master1/Male/Black/Feather,2,Jimmy C Tang,Alliance
American National Jiu-Jitsu Championship 2014,Master1/Male/Black/Feather,3,Alejandro Siqueira Doudement,Gracie Barra
American National Jiu-Jitsu Championship 2014,Master1/Male/Black/Feather,3,José Luis dos Santos Varella,GF Team
American National Jiu-Jitsu Championship 2014,Master1/Male/Black/Light,1,Marcos Alejandro Torregrosa,Yemaso Brazilian Jiu-Jitsu
American National Jiu-Jitsu Championship 2014,Master1/Male/Black/Light,2,Bruno Jose Correia Alves,GF Team
American National Jiu-Jitsu Championship 2014,Master1/Male/Black/Middle,1,Steven Rosenberg,Nova União
American National Jiu-Jitsu Championship 2014,Master1/Male/Black/Middle,2,Alex Martins do Nascimento,Paragon BJJ Academy
American National Jiu-Jitsu Championship 2014,Master1/Male/Black/Middle,3,Juan Pablo Garcia Molina,Gracie Barra
American National Jiu-Jitsu Championship 2014,Master1/Male/Black/Medium-Heavy,1,Joao Paulo Faria,Gracie Humaita
American National Jiu-Jitsu Championship 2014,Master1/Male/Black/Medium-Heavy,2,Thomas Joseph Cronin Jr,Carlson Gracie Team
American National Jiu-Jitsu Championship 2014,Master1/Male/Black/Medium-Heavy,3,Fabio Alencar Trindade,Associação Monteiro
American National Jiu-Jitsu Championship 2014,Master1/Male/Black/Medium-Heavy,3,Omar Sabha,Brazilian Top Team
American National Jiu-Jitsu Championship 2014,Master1/Male/Black/Heavy,1,Adeildo José Silva de Melo,GF Team
American National Jiu-Jitsu Championship 2014,Master1/Male/Black/Super-Heavy,1,Thiago Veiga Ximenes,Roberto Traven BJJ
American National Jiu-Jitsu Championship 2014,Master1/Male/Black/Ultra-Heavy,1,Rodrigo Munduruca,Gracie Humaita
American National Jiu-Jitsu Championship 2014,Master1/Male/Black/OpenClass,1,Rodrigo Munduruca,Gracie Humaita
American National Jiu-Jitsu Championship 2014,Master1/Male/Black/OpenClass,2,Omar Sabha,Brazilian Top Team
American National Jiu-Jitsu Championship 2014,Master1/Male/Black/OpenClass,3,Marcos Alejandro Torregrosa,Yemaso Brazilian Jiu-Jitsu
American National Jiu-Jitsu Championship 2014,Master1/Male/Black/OpenClass,3,Thiago Veiga Ximenes,Roberto Traven BJJ
American National Jiu-Jitsu Championship 2014,Master2/Male/White/Feather,1,Piotr Sapinski,Boston BJJ
American National Jiu-Jitsu Championship 2014,Master2/Male/White/Light,1,Matthew Danna,Caio Terra Association
American National Jiu-Jitsu Championship 2014,Master2/Male/White/Light,2,Jerry Allen Hickman,Yemaso Brazilian Jiu-Jitsu
American National Jiu-Jitsu Championship 2014,Master2/Male/White/Light,3,Alain  Pestanas,Brazilian Top Team
American National Jiu-Jitsu Championship 2014,Master2/Male/White/Light,3,Luis Ramos,BJJ Revolution Team
American National Jiu-Jitsu Championship 2014,Master2/Male/White/Middle,1,Peter Ly,Brazilian Top Team
American National Jiu-Jitsu Championship 2014,Master2/Male/White/Middle,2,Kenji Easley,Brazilian Top Team
American National Jiu-Jitsu Championship 2014,Master2/Male/White/Middle,3,Damon Fleming,Jiu-Jitsu Foundation
American National Jiu-Jitsu Championship 2014,Master2/Male/White/Middle,3,Tad Buscho,Gracie Humaita Temecula
American National Jiu-Jitsu Championship 2014,Master2/Male/White/Medium-Heavy,1,Josh Matthew Lannon,Gracie Humaita Phoenix
American National Jiu-Jitsu Championship 2014,Master2/Male/White/Medium-Heavy,2,Stephen Mclaughlin,Alliance
American National Jiu-Jitsu Championship 2014,Master2/Male/White/Medium-Heavy,3,Oleg Vinokurov,Hollywood Brazilian Jiu Jitsu
American National Jiu-Jitsu Championship 2014,Master2/Male/White/Ultra-Heavy,1,Nolan Archer,Gracie Barra
American National Jiu-Jitsu Championship 2014,Master2/Male/White/Ultra-Heavy,2,Matthew Reynolds,360 Jiu-Jitsu Academy
American National Jiu-Jitsu Championship 2014,Master2/Male/Blue/Light,1,Scott Lowder,Tinguinha BJJ academy
American National Jiu-Jitsu Championship 2014,Master2/Male/Blue/Light,2,Mark Shane Ghitman,BJJ Revolution Team
American National Jiu-Jitsu Championship 2014,Master2/Male/Blue/Light,3,Michael Sindici,Alliance
American National Jiu-Jitsu Championship 2014,Master2/Male/Blue/Light,3,Robert Wong,Alliance
American National Jiu-Jitsu Championship 2014,Master2/Male/Blue/Middle,1,Benjamin Betz,Baret Submissions
American National Jiu-Jitsu Championship 2014,Master2/Male/Blue/Middle,2,June An,Gracie Humaita
American National Jiu-Jitsu Championship 2014,Master2/Male/Blue/Middle,3,Kyle Pascucci,Gracie Barra
American National Jiu-Jitsu Championship 2014,Master2/Male/Blue/Heavy,1,miguel trujillo,Clark Gracie Team International
American National Jiu-Jitsu Championship 2014,Master2/Male/Blue/Super-Heavy,1,shawn fabits,Tinguinha BJJ academy
American National Jiu-Jitsu Championship 2014,Master2/Male/Blue/Super-Heavy,2,James Henry Evans III,Relson Gracie
American National Jiu-Jitsu Championship 2014,Master2/Male/Blue/Ultra-Heavy,1,Justin Eastland,Alliance
American National Jiu-Jitsu Championship 2014,Master2/Male/Blue/OpenClass,1,Justin Eastland,Alliance
American National Jiu-Jitsu Championship 2014,Master2/Male/Blue/OpenClass,2,shawn fabits,Tinguinha BJJ academy
American National Jiu-Jitsu Championship 2014,Master2/Male/Blue/OpenClass,3,June An,Gracie Humaita
American National Jiu-Jitsu Championship 2014,Master2/Male/Blue/OpenClass,3,Scott Lowder,Tinguinha BJJ academy
American National Jiu-Jitsu Championship 2014,Master2/Male/Purple/Feather,1,Evan Rex Esguerra,Ralph Gracie
American National Jiu-Jitsu Championship 2014,Master2/Male/Purple/Feather,2,Philip Peiyuan Yeh,Marco Nascimento BJJ
American National Jiu-Jitsu Championship 2014,Master2/Male/Purple/Feather,3,Joon Lee,Gracie Barra
American National Jiu-Jitsu Championship 2014,Master2/Male/Purple/Feather,3,Lev David Lvovsky,Brazilian Top Team
American National Jiu-Jitsu Championship 2014,Master2/Male/Purple/Light,1,Jonathan Czornyj,Alliance
American National Jiu-Jitsu Championship 2014,Master2/Male/Purple/Light,2,joseph bellew,Gracie Humaita Temecula
American National Jiu-Jitsu Championship 2014,Master2/Male/Purple/Light,3,Jethro Ian Tesoro Alcuaz,Gracie Barra
American National Jiu-Jitsu Championship 2014,Master2/Male/Purple/Light,3,Steve Taligatos,SoNo BJJ
American National Jiu-Jitsu Championship 2014,Master2/Male/Purple/Middle,1,Piers R. Roberts,Gracie Barra
American National Jiu-Jitsu Championship 2014,Master2/Male/Purple/Medium-Heavy,1,Richard Selmar Bothun,Yemaso Brazilian Jiu-Jitsu
American National Jiu-Jitsu Championship 2014,Master2/Male/Purple/Medium-Heavy,2,Eryn Michael Hardwick,Kings Jiu-Jitsu
American National Jiu-Jitsu Championship 2014,Master2/Male/Purple/Medium-Heavy,3,Claudio Costa,Carlson Gracie Team
American National Jiu-Jitsu Championship 2014,Master2/Male/Purple/Medium-Heavy,3,David Contreras,Gracie Barra
American National Jiu-Jitsu Championship 2014,Master2/Male/Purple/Heavy,1,Michael Carnes,Alliance
American National Jiu-Jitsu Championship 2014,Master2/Male/Purple/Heavy,2,Dennis Gerald Daniels,Ribeiro Jiu-Jitsu
American National Jiu-Jitsu Championship 2014,Master2/Male/Purple/Heavy,3,gabby valdez,Cleber Jiu Jitsu
American National Jiu-Jitsu Championship 2014,Master2/Male/Purple/Heavy,3,JJ Filipovic,Zenith BJJ - Canada
American National Jiu-Jitsu Championship 2014,Master2/Male/Purple/Super-Heavy,1,Darrell Zachary Payne,Cascao BJJ Las Vegas
American National Jiu-Jitsu Championship 2014,Master2/Male/Purple/Super-Heavy,2,Heriberto Cordero Caban,Clark Gracie Jiu Jitsu Academy
American National Jiu-Jitsu Championship 2014,Master2/Male/Purple/Ultra-Heavy,1,Derrick Foster Bemis,Gracie Jiu-Jitsu Academy
American National Jiu-Jitsu Championship 2014,Master2/Male/Purple/Ultra-Heavy,2,Raul Arroyo Jr.,Cascao BJJ Las Vegas
American National Jiu-Jitsu Championship 2014,Master2/Male/Purple/OpenClass,1,Richard Selmar Bothun,Yemaso Brazilian Jiu-Jitsu
American National Jiu-Jitsu Championship 2014,Master2/Male/Purple/OpenClass,2,gabby valdez,Cleber Jiu Jitsu
American National Jiu-Jitsu Championship 2014,Master2/Male/Purple/OpenClass,3,Philip Peiyuan Yeh,Marco Nascimento BJJ
American National Jiu-Jitsu Championship 2014,Master2/Male/Purple/OpenClass,3,Piers R. Roberts,Gracie Barra
American National Jiu-Jitsu Championship 2014,Master2/Male/Brown/Light-Feather,1,Andre Luiz Cecilio Roriz Pontes,Ribeiro Jiu-Jitsu
American National Jiu-Jitsu Championship 2014,Master2/Male/Brown/Light-Feather,2,Hector Vasquez,Alliance
American National Jiu-Jitsu Championship 2014,Master2/Male/Brown/Feather,1,Heath Flicker,Nova União
American National Jiu-Jitsu Championship 2014,Master2/Male/Brown/Feather,2,Nakia L. McCauley,Combat Sports Boston
American National Jiu-Jitsu Championship 2014,Master2/Male/Brown/Light,1,Aaron Joseph Zaballos,Caio Terra Association
American National Jiu-Jitsu Championship 2014,Master2/Male/Brown/Light,2,Angel Gomez Rocha,Top Brother Mexico
American National Jiu-Jitsu Championship 2014,Master2/Male/Brown/Light,3,Jacob Schofield,Alliance
American National Jiu-Jitsu Championship 2014,Master2/Male/Brown/Light,3,Orlando Alonso,Carlson Gracie Team
American National Jiu-Jitsu Championship 2014,Master2/Male/Brown/Middle,1,Loronz Ceicilio Marion,Octagon MMA
American National Jiu-Jitsu Championship 2014,Master2/Male/Brown/Middle,2,Jesse Dwight Napier,Alliance
American National Jiu-Jitsu Championship 2014,Master2/Male/Brown/Middle,3,Christopher Richard Crail,BJJ Revolution Team
American National Jiu-Jitsu Championship 2014,Master2/Male/Brown/Middle,3,Joshua Michael Trapesonian,Gracie Barra
American National Jiu-Jitsu Championship 2014,Master2/Male/Brown/Medium-Heavy,1,Angelo Robert Sabadin,CheckMat USA
American National Jiu-Jitsu Championship 2014,Master2/Male/Brown/Medium-Heavy,2,Kristoffer Erik Nielsen,Alliance San Diego
American National Jiu-Jitsu Championship 2014,Master2/Male/Brown/Medium-Heavy,3,Jeremy Michael Barden,Ribeiro Jiu-Jitsu
American National Jiu-Jitsu Championship 2014,Master2/Male/Brown/Medium-Heavy,3,Jesus Ricardo Lopez Garcia,Clark Gracie Jiu Jitsu Academy
American National Jiu-Jitsu Championship 2014,Master2/Male/Brown/Heavy,1,Robert Lee Holloway,Gracie Humaita Phoenix
American National Jiu-Jitsu Championship 2014,Master2/Male/Brown/Heavy,2,Karl Stone,Renato Tavares Association
American National Jiu-Jitsu Championship 2014,Master2/Male/Brown/Super-Heavy,1,Anthony A. Carlson,Rodrigo Vaghi BJJ
American National Jiu-Jitsu Championship 2014,Master2/Male/Brown/Ultra-Heavy,1,Greg Hamilton,Jean Jacques Machado BJJ
American National Jiu-Jitsu Championship 2014,Master2/Male/Brown/OpenClass,1,Robert Lee Holloway,Gracie Humaita Phoenix
American National Jiu-Jitsu Championship 2014,Master2/Male/Brown/OpenClass,2,Greg Hamilton,Jean Jacques Machado BJJ
American National Jiu-Jitsu Championship 2014,Master2/Male/Brown/OpenClass,3,Anthony A. Carlson,Rodrigo Vaghi BJJ
American National Jiu-Jitsu Championship 2014,Master2/Male/Brown/OpenClass,3,Karl Stone,Renato Tavares Association
American National Jiu-Jitsu Championship 2014,Master2/Male/Black/Light-Feather,1,Luíz Vicente da Silva Júnior,De La Riva Jiu-Jitsu USA
American National Jiu-Jitsu Championship 2014,Master2/Male/Black/Light-Feather,2,Tom Vichit Vadakan,Brazilian Top Team
American National Jiu-Jitsu Championship 2014,Master2/Male/Black/Feather,1,Sandro Ribeiro Santiago,Sandro Batata Brazilian Jiu-jitsu - Santa Cruz
American National Jiu-Jitsu Championship 2014,Master2/Male/Black/Feather,2,Jacob James McKee,Gracie Barra
American National Jiu-Jitsu Championship 2014,Master2/Male/Black/Light,1,Gustavo Dantas,Nova União
American National Jiu-Jitsu Championship 2014,Master2/Male/Black/Light,2,Ron Hulsey,Cleber Jiu Jitsu
American National Jiu-Jitsu Championship 2014,Master2/Male/Black/Light,3,Gustavo Severo Gasperin,Werdum Combat Team USA
American National Jiu-Jitsu Championship 2014,Master2/Male/Black/Middle,1,Carlos Frederico Rodriguez,Carlson Gracie Team
American National Jiu-Jitsu Championship 2014,Master2/Male/Black/Middle,2,Régis da Silveira Lebre,Gracie Humaita San Diego
American National Jiu-Jitsu Championship 2014,Master2/Male/Black/Middle,3,Christian Bello,Gracie Barra
American National Jiu-Jitsu Championship 2014,Master2/Male/Black/Middle,3,Julio Armando Echeverria Dulon Neto,Sandro Batata Brazilian Jiu-jitsu - Santa Cruz
American National Jiu-Jitsu Championship 2014,Master2/Male/Black/Medium-Heavy,1,Marcos Escobar Saad,Nova União
American National Jiu-Jitsu Championship 2014,Master2/Male/Black/Heavy,1,Rodrigo Antunes Guimarães,Paragon BJJ Academy
American National Jiu-Jitsu Championship 2014,Master2/Male/Black/Super-Heavy,1,Luke Harris,Zenith BJJ - Canada
American National Jiu-Jitsu Championship 2014,Master2/Male/Black/OpenClass,1,Luke Harris,Zenith BJJ - Canada
American National Jiu-Jitsu Championship 2014,Master2/Male/Black/OpenClass,2,Marcos Escobar Saad,Nova União
American National Jiu-Jitsu Championship 2014,Master2/Male/Black/OpenClass,3,Jacob James McKee,Gracie Barra
American National Jiu-Jitsu Championship 2014,Master3/Male/Blue/Light,1,Mark Danner,Gracie Barra
American National Jiu-Jitsu Championship 2014,Master3/Male/Blue/Light,2,Jeff Teho,Alliance
American National Jiu-Jitsu Championship 2014,Master3/Male/Blue/Light,3,Daniel Joe Ramirez Sr,Cleber Jiu Jitsu
American National Jiu-Jitsu Championship 2014,Master3/Male/Blue/Light,3,J.P. Gufrinck,Lotus Club Jiu-Jitsu
American National Jiu-Jitsu Championship 2014,Master3/Male/Blue/Middle,1,David  Russell,Ribeiro Jiu-Jitsu
American National Jiu-Jitsu Championship 2014,Master3/Male/Blue/Middle,2,Ronald Sayo,Gracie Barra
American National Jiu-Jitsu Championship 2014,Master3/Male/Blue/Medium-Heavy,1,Jim Wynkoop,Rebellion Academy
American National Jiu-Jitsu Championship 2014,Master3/Male/Blue/Medium-Heavy,2,Ty  Valkanas,BJJ Revolution Team
American National Jiu-Jitsu Championship 2014,Master3/Male/Blue/Medium-Heavy,3,Joseph Fabits,Tinguinha BJJ academy
American National Jiu-Jitsu Championship 2014,Master3/Male/Blue/Medium-Heavy,3,Robert Goodloe,Brazilian Top Team
American National Jiu-Jitsu Championship 2014,Master3/Male/Blue/Heavy,1,brian gerrard,Cleber Jiu Jitsu
American National Jiu-Jitsu Championship 2014,Master3/Male/Blue/Heavy,2,Lloyd Handy,Alliance
American National Jiu-Jitsu Championship 2014,Master3/Male/Blue/Super-Heavy,1,Jason Tiegen,Alliance
American National Jiu-Jitsu Championship 2014,Master3/Male/Blue/Super-Heavy,2,Alan  Predolin,360 Jiu-Jitsu Academy
American National Jiu-Jitsu Championship 2014,Master3/Male/Blue/Ultra-Heavy,1,Brian Duzet,Tinguinha BJJ academy
American National Jiu-Jitsu Championship 2014,Master3/Male/Blue/OpenClass,1,David  Russell,Ribeiro Jiu-Jitsu
American National Jiu-Jitsu Championship 2014,Master3/Male/Blue/OpenClass,2,Brian Duzet,Tinguinha BJJ academy
American National Jiu-Jitsu Championship 2014,Master3/Male/Blue/OpenClass,3,Joseph Fabits,Tinguinha BJJ academy
American National Jiu-Jitsu Championship 2014,Master3/Male/Purple/Feather,1,Louis Song,Primal Training Center
American National Jiu-Jitsu Championship 2014,Master3/Male/Purple/Feather,2,Michael Chungsik Yun,Gracie Barra
American National Jiu-Jitsu Championship 2014,Master3/Male/Purple/Feather,3,Heriberto Lopez,Gracie Barra
American National Jiu-Jitsu Championship 2014,Master3/Male/Purple/Middle,1,Martin Galinski,Serao Mixed Martial Arts
American National Jiu-Jitsu Championship 2014,Master3/Male/Purple/Middle,2,Narendra Chandrashekar,Coachella Valley BJJ
American National Jiu-Jitsu Championship 2014,Master3/Male/Purple/Medium-Heavy,1,Ruben Quevedo,Caio Terra Association
American National Jiu-Jitsu Championship 2014,Master3/Male/Purple/Medium-Heavy,2,Dax Ramos,Cascao BJJ Las Vegas
American National Jiu-Jitsu Championship 2014,Master3/Male/Purple/Medium-Heavy,3,Gilbert Guevara,CheckMat USA
American National Jiu-Jitsu Championship 2014,Master3/Male/Purple/Medium-Heavy,3,Robert Grant,Carlson Gracie Team
American National Jiu-Jitsu Championship 2014,Master3/Male/Purple/Heavy,1,Robert Poling,Jiu-Jitsu Foundation
American National Jiu-Jitsu Championship 2014,Master3/Male/Purple/Heavy,2,Clarence E. Chaney IV,New Breed Academy
American National Jiu-Jitsu Championship 2014,Master3/Male/Purple/Heavy,3,Christopher Michael Glew,Brazilian Top Team
American National Jiu-Jitsu Championship 2014,Master3/Male/Purple/Heavy,3,Mathias Sundberg,Gracie Humaita Carlsbad
American National Jiu-Jitsu Championship 2014,Master3/Male/Purple/Super-Heavy,1,Robb  Finlayson,Caio Terra Association
American National Jiu-Jitsu Championship 2014,Master3/Male/Purple/Ultra-Heavy,1,Julio Olimpio Melo de Araujo,Werdum Combat Team USA
American National Jiu-Jitsu Championship 2014,Master3/Male/Purple/OpenClass,1,Robert Grant,Carlson Gracie Team
American National Jiu-Jitsu Championship 2014,Master3/Male/Purple/OpenClass,2,Clarence E. Chaney IV,New Breed Academy
American National Jiu-Jitsu Championship 2014,Master3/Male/Purple/OpenClass,3,Gilbert Guevara,CheckMat USA
American National Jiu-Jitsu Championship 2014,Master3/Male/Purple/OpenClass,3,Ruben Quevedo,Caio Terra Association
American National Jiu-Jitsu Championship 2014,Master3/Male/Brown/Medium-Heavy,1,Raymond Mugica Sr.,Brazilian Top Team
American National Jiu-Jitsu Championship 2014,Master3/Male/Brown/Medium-Heavy,2,Anthony Butler,Alliance Marcelo Garcia
American National Jiu-Jitsu Championship 2014,Master3/Male/Brown/Medium-Heavy,3,Robert Hrcka,Zenith BJJ
American National Jiu-Jitsu Championship 2014,Master3/Male/Brown/Ultra-Heavy,1,Niels Sondergaard Burgess,Cleber Jiu Jitsu
American National Jiu-Jitsu Championship 2014,Master3/Male/Brown/Ultra-Heavy,2,Kevin James Gonzalez,CheckMat USA
American National Jiu-Jitsu Championship 2014,Master3/Male/Brown/Ultra-Heavy,3,Guy E. Knowles,Alliance San Diego
American National Jiu-Jitsu Championship 2014,Master3/Male/Brown/OpenClass,1,Niels Sondergaard Burgess,Cleber Jiu Jitsu
American National Jiu-Jitsu Championship 2014,Master3/Male/Brown/OpenClass,2,Robert Hrcka,Zenith BJJ
American National Jiu-Jitsu Championship 2014,Master3/Male/Brown/OpenClass,3,Kevin James Gonzalez,CheckMat USA
American National Jiu-Jitsu Championship 2014,Master3/Male/Black/Light,1,John William Orr,Brazilian Top Team
American National Jiu-Jitsu Championship 2014,Master3/Male/Black/Light,2,Antonio Alvarado,Roger Machado
American National Jiu-Jitsu Championship 2014,Master3/Male/Black/Light,3,Franklin Patrick Quenga,Brazilian Top Team
American National Jiu-Jitsu Championship 2014,Master3/Male/Black/Light,3,Ricardo Wilke,Ribeiro Jiu-Jitsu
American National Jiu-Jitsu Championship 2014,Master3/Male/Black/Middle,1,Tom D. Knox,Cleber Jiu Jitsu
American National Jiu-Jitsu Championship 2014,Master3/Male/Black/Middle,2,Artur Márcio Rocha,Gracie Humaita
American National Jiu-Jitsu Championship 2014,Master3/Male/Black/Medium-Heavy,1,Matt Jason Baker,Jean Jacques Machado BJJ
American National Jiu-Jitsu Championship 2014,Master3/Male/Black/Medium-Heavy,2,Nicholas Alexander Stefan,Gracie Humaita USA
American National Jiu-Jitsu Championship 2014,Master3/Male/Black/Medium-Heavy,3,Brett Kenneth Collins,Brazilian Top Team
American National Jiu-Jitsu Championship 2014,Master3/Male/Black/OpenClass,1,Tom D. Knox,Cleber Jiu Jitsu
American National Jiu-Jitsu Championship 2014,Master3/Male/Black/OpenClass,2,Artur Márcio Rocha,Gracie Humaita
American National Jiu-Jitsu Championship 2014,Master4/Male/Blue/Light,1,Joseph Clemens Kracht,Ribeiro Jiu-Jitsu
American National Jiu-Jitsu Championship 2014,Master4/Male/Blue/Light,2,Reuben Torres,Coalition 95
American National Jiu-Jitsu Championship 2014,Master4/Male/Blue/Medium-Heavy,1,Brent Leach,Cleber Jiu Jitsu
American National Jiu-Jitsu Championship 2014,Master4/Male/Blue/Medium-Heavy,2,Greg Bennett,Brazilian Top Team
American National Jiu-Jitsu Championship 2014,Master4/Male/Blue/Heavy,1,Bryan Ales,Brazilian Top Team
American National Jiu-Jitsu Championship 2014,Master4/Male/Blue/OpenClass,1,Joseph Clemens Kracht,Ribeiro Jiu-Jitsu
American National Jiu-Jitsu Championship 2014,Master4/Male/Blue/OpenClass,2,Bryan Ales,Brazilian Top Team
American National Jiu-Jitsu Championship 2014,Master4/Male/Blue/OpenClass,3,Greg Bennett,Brazilian Top Team
American National Jiu-Jitsu Championship 2014,Master4/Male/Blue/OpenClass,3,Reuben Torres,Coalition 95
American National Jiu-Jitsu Championship 2014,Master4/Male/Purple/Feather,1,david petelo,Lotus Club Jiu-Jitsu
American National Jiu-Jitsu Championship 2014,Master4/Male/Purple/Middle,1,Jeff Rohn,Ralph Gracie OC
American National Jiu-Jitsu Championship 2014,Master4/Male/Purple/Medium-Heavy,1,Shaun Donald Holmstrom,Zenith BJJ - Canada
American National Jiu-Jitsu Championship 2014,Master4/Male/Purple/Super-Heavy,1,R. Allen Wrench,C-Quence
American National Jiu-Jitsu Championship 2014,Master4/Male/Purple/Ultra-Heavy,1,Avelardo Javier Solis,Coalition 95
American National Jiu-Jitsu Championship 2014,Master4/Male/Purple/OpenClass,1,R. Allen Wrench,C-Quence
American National Jiu-Jitsu Championship 2014,Master4/Male/Purple/OpenClass,2,Jeff Rohn,Ralph Gracie OC
American National Jiu-Jitsu Championship 2014,Master4/Male/Purple/OpenClass,3,Avelardo Javier Solis,Coalition 95
American National Jiu-Jitsu Championship 2014,Master4/Male/Purple/OpenClass,3,david petelo,Lotus Club Jiu-Jitsu
American National Jiu-Jitsu Championship 2014,Master4/Male/Black/Feather,1,Wellington Leal Dias,Gracie Humaita Phoenix
American National Jiu-Jitsu Championship 2014,Master4/Male/Black/Light,1,Ricardo Guimarães,Gracie Humaita
American National Jiu-Jitsu Championship 2014,Master4/Male/Black/Light,2,Robert James Romero,Gracie Barra
American National Jiu-Jitsu Championship 2014,Master4/Male/Black/Middle,1,Dale Allen Kersting,Gracie Humaita Phoenix
American National Jiu-Jitsu Championship 2014,Master4/Male/Black/Medium-Heavy,1,Jeri Patrick Nerney,Braga Fight Team - Los Angeles
American National Jiu-Jitsu Championship 2014,Master4/Male/Black/Medium-Heavy,2,Derek Robert Cleveland,Iron Lion Jiu-Jitsu Academy
American National Jiu-Jitsu Championship 2014,Master4/Male/Black/Heavy,1,John Patrick Donahue III,Brazilian Top Team
American National Jiu-Jitsu Championship 2014,Master4/Male/Black/Super-Heavy,1,Harlan David Berk,BJJ Revolution Team
American National Jiu-Jitsu Championship 2014,Master4/Male/Black/Super-Heavy,2,Cecil Arlice Burch,Gracie Humaita Phoenix
American National Jiu-Jitsu Championship 2014,Master4/Male/Black/OpenClass,1,Wellington Leal Dias,Gracie Humaita Phoenix
American National Jiu-Jitsu Championship 2014,Master4/Male/Black/OpenClass,2,Dale Allen Kersting,Gracie Humaita Phoenix
American National Jiu-Jitsu Championship 2014,Master6/Male/Blue/Feather,1,Philip Chang,Gracie Morumbi
American National Jiu-Jitsu Championship 2014,Master6/Male/Blue/Light,1,Andrew Saam,Gracie Humaita Temecula
American National Jiu-Jitsu Championship 2014,Master6/Male/Blue/OpenClass,1,Andrew Saam,Gracie Humaita Temecula
American National Jiu-Jitsu Championship 2014,Master6/Male/Blue/OpenClass,2,Philip Chang,Gracie Morumbi
American National Jiu-Jitsu Championship 2014,Master6/Male/Brown/Middle,1,James Allan Nations,Fabio Prado BJJ
American National Jiu-Jitsu Championship 2014,Master6/Male/Brown/OpenClass,1,James Allan Nations,Fabio Prado BJJ
