Seattle International Open 2015,Juvenile/Male/Blue/Light,1,William Galarpe,Gracie Barra
Seattle International Open 2015,Adult/Male/White/Light-Feather,1,Kody Iverson,Ribeiro Jiu-Jitsu
Seattle International Open 2015,Adult/Male/White/Light-Feather,2,Xiaoxi Du,Pacific Top Team
Seattle International Open 2015,Adult/Male/White/Light-Feather,3,Jeremiah Quichocho,Gracie Barra
Seattle International Open 2015,Adult/Male/White/Feather,1,Daniel Vedensky,Praxis Brazilian Jiu Jitsu
Seattle International Open 2015,Adult/Male/White/Feather,2,Matthew Zarate,Elite Brazilian Jiu Jitsu Redmond
Seattle International Open 2015,Adult/Male/White/Feather,3,Aaron Wisdom,Braga Fight Team - Los Angeles
Seattle International Open 2015,Adult/Male/White/Feather,3,Blake Barry,Pedro Sauer Team
Seattle International Open 2015,Adult/Male/White/Light,1,Johnson Nasona,Carlson Gracie Team
Seattle International Open 2015,Adult/Male/White/Light,2,Cristopher J Williams,Gracie Barra
Seattle International Open 2015,Adult/Male/White/Light,3,Alessandro Girardo,Elite Brazilian Jiu Jitsu Redmond
Seattle International Open 2015,Adult/Male/White/Light,3,David Balint,Gracie Barra JJ
Seattle International Open 2015,Adult/Male/White/Middle,1,Eric Herigstad,Impact Jiu Jitsu
Seattle International Open 2015,Adult/Male/White/Middle,2,Zachery Cox,Impact Jiu Jitsu
Seattle International Open 2015,Adult/Male/White/Middle,3,Austin Hardt,Ralph Gracie Jiu-Jitsu Berkeley
Seattle International Open 2015,Adult/Male/White/Middle,3,Juan Castillo,West Coast BJJ
Seattle International Open 2015,Adult/Male/White/Medium-Heavy,1,Eddy  Hume,Gracie Barra JJ
Seattle International Open 2015,Adult/Male/White/Medium-Heavy,2,Gary Carrier,Elite Brazilian Jiu Jitsu Redmond
Seattle International Open 2015,Adult/Male/White/Medium-Heavy,3,Ivan Mondragon,Gracie Barra JJ
Seattle International Open 2015,Adult/Male/White/Medium-Heavy,3,Travis Babcock,Impact Jiu Jitsu
Seattle International Open 2015,Adult/Male/White/Super-Heavy,1,Chris Widener,Gracie Barra
Seattle International Open 2015,Adult/Male/White/Super-Heavy,2,Eric Peterson,Gracie Barra
Seattle International Open 2015,Adult/Male/White/Super-Heavy,3,Mario Lara,CheckMat USA
Seattle International Open 2015,Adult/Male/White/Ultra-Heavy,1,Matthew Hamilton,Alliance
Seattle International Open 2015,Adult/Male/White/Ultra-Heavy,2,Carlos  Morales,GHBJJ
Seattle International Open 2015,Adult/Male/White/Ultra-Heavy,3,Dennyz Say,Ribeiro Jiu-Jitsu
Seattle International Open 2015,Adult/Female/White/Light-Feather,1,Fiona Ko,Atos Jiu-Jitsu
Seattle International Open 2015,Adult/Female/White/Light-Feather,2,Rachel Rummel,Braga Fight Team - Los Angeles
Seattle International Open 2015,Adult/Female/White/Light-Feather,3,Milessa Riedinger,Cascao Jiu-Jitsu
Seattle International Open 2015,Adult/Female/White/Light-Feather,3,Sarah Thackray,Alliance
Seattle International Open 2015,Adult/Female/White/Feather,1,Julia Jones,Gracie Barra JJ
Seattle International Open 2015,Adult/Female/White/Feather,2,Darcie Omori,Gracie Barra JJ
Seattle International Open 2015,Adult/Female/White/Feather,3,Camille Pascua,Gracie Barra
Seattle International Open 2015,Adult/Female/White/Feather,3,Laura Jetland,SBG International (SBGI)
Seattle International Open 2015,Adult/Female/White/Light,1,Kecia Mckenzie,CheckMat USA
Seattle International Open 2015,Adult/Female/White/Light,2,Emily Alvendia,SBG International (SBGI)
Seattle International Open 2015,Adult/Female/White/Light,3,Elise Erickson,Elite Brazilian Jiu Jitsu Redmond
Seattle International Open 2015,Adult/Female/White/Light,3,Jessica Ferris,Jiu-Jitsu Dynamics Washington
Seattle International Open 2015,Adult/Female/White/Middle,1,Kalie Nicole Crothers,Carlson Gracie Team
Seattle International Open 2015,Adult/Female/White/Middle,2,Sarah Rohman,Impact Jiu Jitsu
Seattle International Open 2015,Adult/Female/White/Medium-Heavy,1,Elizabeth Gordon,Zenith BJJ - Las Vegas
Seattle International Open 2015,Adult/Female/White/Heavy,1,Sarah Skinner,Cascao Jiu-Jitsu
Seattle International Open 2015,Adult/Female/White/Heavy,2,Eleanor Goodall,SBG International (SBGI)
Seattle International Open 2015,Adult/Female/White/Heavy,3,Alex Colman,Gracie Barra
Seattle International Open 2015,Adult/Female/White/Super-Heavy,1,Michelle Johnson,Ribeiro Jiu-Jitsu
Seattle International Open 2015,Adult/Female/White/Super-Heavy,2,Yekaterina Tomic,SBG International (SBGI)
Seattle International Open 2015,Adult/Female/White/Super-Heavy,3,Nasadia Voltz,Ribeiro Jiu-Jitsu
Seattle International Open 2015,Adult/Male/Blue/Rooster,1,Aron Peach,Easton BJJ
Seattle International Open 2015,Adult/Male/Blue/Rooster,2,Dylan Nguyen,Ribeiro Jiu-Jitsu
Seattle International Open 2015,Adult/Male/Blue/Rooster,3,Domingo Marcel Rosas Meneses,Samir Chantre BJJ
Seattle International Open 2015,Adult/Male/Blue/Light-Feather,1,Fernando Henrique,Atos Jiu-Jitsu
Seattle International Open 2015,Adult/Male/Blue/Light-Feather,2,Alexandru Costan,Atos Jiu-Jitsu
Seattle International Open 2015,Adult/Male/Blue/Light-Feather,3,Claudeus Laude,Foster Brazilian Jiu-Jitsu
Seattle International Open 2015,Adult/Male/Blue/Light-Feather,3,Wayne Purdy,Alliance
Seattle International Open 2015,Adult/Male/Blue/Feather,1,Joseph Wren,10th Planet Jiu Jitsu
Seattle International Open 2015,Adult/Male/Blue/Feather,2,Nathan Powell,Cascao Jiu-Jitsu
Seattle International Open 2015,Adult/Male/Blue/Feather,3,Daniel Bush,Elite Brazilian Jiu Jitsu Redmond
Seattle International Open 2015,Adult/Male/Blue/Feather,3,Nohel Mestas,Braga Fight Team - Los Angeles
Seattle International Open 2015,Adult/Male/Blue/Light,1,fernando amado,Atos Jiu-Jitsu
Seattle International Open 2015,Adult/Male/Blue/Light,2,Said Dunkaev,Atos Jiu-Jitsu
Seattle International Open 2015,Adult/Male/Blue/Light,3,Keith Bookman,Gracie Barra
Seattle International Open 2015,Adult/Male/Blue/Light,3,Martin Tabaco,Cascao Jiu-Jitsu
Seattle International Open 2015,Adult/Male/Blue/Middle,1,Jared Tyler Hope,Soul Fighter's Chicago - IL - USA
Seattle International Open 2015,Adult/Male/Blue/Middle,2,Jeovany Ortiz,Luiz Palhares Jiu Jitsu
Seattle International Open 2015,Adult/Male/Blue/Middle,3,Tyrel Higginbotham,Alliance
Seattle International Open 2015,Adult/Male/Blue/Middle,3,Zac Loftus,Pacific Top Team Okanagan
Seattle International Open 2015,Adult/Male/Blue/Medium-Heavy,1,Kazuki Umemura,Carlson Gracie Team
Seattle International Open 2015,Adult/Male/Blue/Medium-Heavy,2,Kyle James McAlister,Elite Brazilian Jiu Jitsu Redmond
Seattle International Open 2015,Adult/Male/Blue/Medium-Heavy,3,Niko Hughes,Renzo Gracie Academy Portland
Seattle International Open 2015,Adult/Male/Blue/Medium-Heavy,3,Shaun Kells,Gracie Barra
Seattle International Open 2015,Adult/Male/Blue/Heavy,1,Gavin Carew,Praxis Brazilian Jiu Jitsu
Seattle International Open 2015,Adult/Male/Blue/Heavy,2,Levi Alford,Cascao Jiu-Jitsu
Seattle International Open 2015,Adult/Male/Blue/Heavy,3,Cal Mcdonald,Island Top Team
Seattle International Open 2015,Adult/Male/Blue/Heavy,3,Santiago Rodriguez,Ribeiro Jiu-Jitsu
Seattle International Open 2015,Adult/Male/Blue/Super-Heavy,1,Matthew Owen  Kates,Gracie Barra
Seattle International Open 2015,Adult/Male/Blue/Super-Heavy,2,CHRISTOPHER GALLIHER,Cascao Jiu-Jitsu
Seattle International Open 2015,Adult/Male/Blue/Super-Heavy,3,Antonio Perez,Carlson Gracie Team
Seattle International Open 2015,Adult/Male/Blue/Super-Heavy,3,Zakary Longoria,Cascao Jiu-Jitsu
Seattle International Open 2015,Adult/Male/Blue/Ultra-Heavy,1,Karl Rohde,Pacific Top Team
Seattle International Open 2015,Adult/Male/Blue/Ultra-Heavy,2,Jesus  Manzo,Cascao Jiu-Jitsu
Seattle International Open 2015,Adult/Male/Blue/Ultra-Heavy,3,Aaron Lopez,Gracie Barra
Seattle International Open 2015,Adult/Male/Blue/Ultra-Heavy,3,Jean-Philippe Odunlami,Ragnarok Jiu-Jitsu
Seattle International Open 2015,Adult/Male/Blue/OpenClass,1,fernando amado,Atos Jiu-Jitsu
Seattle International Open 2015,Adult/Male/Blue/OpenClass,2,Jeovany Ortiz,Luiz Palhares Jiu Jitsu
Seattle International Open 2015,Adult/Male/Blue/OpenClass,3,Matthew Owen  Kates,Gracie Barra
Seattle International Open 2015,Adult/Male/Blue/OpenClass,3,Santiago Rodriguez,Ribeiro Jiu-Jitsu
Seattle International Open 2015,Adult/Female/Blue/Rooster,1,Gurkirman Kaur Nijjar,Atos Jiu-Jitsu
Seattle International Open 2015,Adult/Female/Blue/Rooster,2,Maryam Romani,Elite Brazilian Jiu Jitsu Redmond
Seattle International Open 2015,Adult/Female/Blue/Rooster,3,Genevive Baloloy,Gracie Barra
Seattle International Open 2015,Adult/Female/Blue/Rooster,3,Precious Brown,Carlson Gracie Team
Seattle International Open 2015,Adult/Female/Blue/Feather,1,Victoria Louise Duffy,Gracie Barra
Seattle International Open 2015,Adult/Female/Blue/Feather,2,Alex  Barcelona,Samir Chantre BJJ
Seattle International Open 2015,Adult/Female/Blue/Feather,3,Katherine  Onorato,Monster Brazilian Jiu Jitsu and MMA
Seattle International Open 2015,Adult/Female/Blue/Light,1,Madison Chase Owning,Atos Jiu-Jitsu
Seattle International Open 2015,Adult/Female/Blue/Light,2,Savannah Martin,Cascao Jiu-Jitsu
Seattle International Open 2015,Adult/Female/Blue/Light,3,Hannah Ellison,NW Jiu Jitsu Academy
Seattle International Open 2015,Adult/Female/Blue/Light,3,Louisa Bruschi,Ribeiro Jiu-Jitsu
Seattle International Open 2015,Adult/Female/Blue/Middle,1,Christy M. Van Gerwen,Gracie Barra
Seattle International Open 2015,Adult/Female/Blue/Middle,2,Eliana Reynoso,Gracie Barra
Seattle International Open 2015,Adult/Female/Blue/Medium-Heavy,1,Sonia Sillan,SBG International (SBGI)
Seattle International Open 2015,Adult/Female/Blue/OpenClass,1,Madison Chase Owning,Atos Jiu-Jitsu
Seattle International Open 2015,Adult/Female/Blue/OpenClass,2,Louisa Bruschi,Ribeiro Jiu-Jitsu
Seattle International Open 2015,Adult/Female/Blue/OpenClass,3,Christy M. Van Gerwen,Gracie Barra
Seattle International Open 2015,Adult/Female/Blue/OpenClass,3,Sonia Sillan,SBG International (SBGI)
Seattle International Open 2015,Adult/Male/Purple/Light-Feather,1,Mason Monsevais,Atos Jiu-Jitsu
Seattle International Open 2015,Adult/Male/Purple/Light-Feather,2,Levi Ford,Gracie Barra
Seattle International Open 2015,Adult/Male/Purple/Light-Feather,3,Sean Williams,Foster Brazilian Jiu-Jitsu
Seattle International Open 2015,Adult/Male/Purple/Feather,1,Spencer Royce Nogawa,Atos Jiu-Jitsu
Seattle International Open 2015,Adult/Male/Purple/Feather,2,Emilio Alejandro hernandez-rodgriquez,Zenith BJJ
Seattle International Open 2015,Adult/Male/Purple/Feather,3,Anthony Tiburcio,Gracie Barra
Seattle International Open 2015,Adult/Male/Purple/Feather,3,Clint Cooper,Alliance
Seattle International Open 2015,Adult/Male/Purple/Light,1,Joshua Daniel Keung-Chung Pike,Atos Jiu-Jitsu
Seattle International Open 2015,Adult/Male/Purple/Light,2,Herman Duenas,Team Royce Gracie
Seattle International Open 2015,Adult/Male/Purple/Light,3,Javier Garcia,Ribeiro Jiu-Jitsu
Seattle International Open 2015,Adult/Male/Purple/Light,3,Max Ruderman,Samir Chantre BJJ
Seattle International Open 2015,Adult/Male/Purple/Middle,1,Damien Aaron Nitkin,Zenith BJJ - Las Vegas
Seattle International Open 2015,Adult/Male/Purple/Middle,2,Alexander Van Le,Zenith BJJ
Seattle International Open 2015,Adult/Male/Purple/Middle,3,Anthony Brown,Carlson Gracie Team
Seattle International Open 2015,Adult/Male/Purple/Medium-Heavy,1,Kaniela Kaanoi Kahuanui,Brasa CTA
Seattle International Open 2015,Adult/Male/Purple/Medium-Heavy,2,zachary force,Impact Jiu Jitsu
Seattle International Open 2015,Adult/Male/Purple/Medium-Heavy,3,Daniel Stewart,CheckMat USA
Seattle International Open 2015,Adult/Male/Purple/Medium-Heavy,3,Sam Buttars,Alliance
Seattle International Open 2015,Adult/Male/Purple/Heavy,1,James Mole Jr.,Gracie Barra
Seattle International Open 2015,Adult/Male/Purple/Heavy,2,Chaz Jordan,Cascao Jiu-Jitsu
Seattle International Open 2015,Adult/Male/Purple/Ultra-Heavy,1,Oscar Pereira Briceño,Renzo Gracie International
Seattle International Open 2015,Adult/Male/Purple/Ultra-Heavy,2,Matthew Cox,Ribeiro Jiu-Jitsu
Seattle International Open 2015,Adult/Male/Purple/Ultra-Heavy,3,Armando Esquer,Cascao Jiu-Jitsu
Seattle International Open 2015,Adult/Male/Purple/Ultra-Heavy,3,Shane Malone,Island Top Team
Seattle International Open 2015,Adult/Male/Purple/OpenClass,1,Oscar Pereira Briceño,Renzo Gracie International
Seattle International Open 2015,Adult/Male/Purple/OpenClass,2,James Mole Jr.,Gracie Barra
Seattle International Open 2015,Adult/Male/Purple/OpenClass,3,Javier Garcia,Ribeiro Jiu-Jitsu
Seattle International Open 2015,Adult/Male/Purple/OpenClass,3,Kaniela Kaanoi Kahuanui,Brasa CTA
Seattle International Open 2015,Adult/Female/Purple/Light-Feather,1,Jennifer Martinez,CheckMat
Seattle International Open 2015,Adult/Female/Purple/Middle,1,Carly Rangel,CheckMat USA
Seattle International Open 2015,Adult/Female/Purple/Middle,2,ashleigh floyd,Impact Jiu Jitsu
Seattle International Open 2015,Adult/Female/Purple/Heavy,1,Vickie Lynn Ellickson,Cascao Jiu-Jitsu
Seattle International Open 2015,Adult/Female/Purple/OpenClass,1,Vickie Lynn Ellickson,Cascao Jiu-Jitsu
Seattle International Open 2015,Adult/Female/Purple/OpenClass,2,Jennifer Martinez,CheckMat
Seattle International Open 2015,Adult/Male/Brown/Feather,1,Zachary Charles Neminsky,Atos Jiu-Jitsu
Seattle International Open 2015,Adult/Male/Brown/Feather,2,Benjamin D. Brosbe,Gracie Barra
Seattle International Open 2015,Adult/Male/Brown/Feather,3,Arnold Gladimir Monterroso,GD Jiu-Jitsu Association
Seattle International Open 2015,Adult/Male/Brown/Light,1,Nikolaus LaVanda Gift,Ribeiro Jiu-Jitsu
Seattle International Open 2015,Adult/Male/Brown/Light,2,Cody Randal Cox,Cascao Jiu-Jitsu
Seattle International Open 2015,Adult/Male/Brown/Light,3,Seth Andrew Dawson,Ribeiro Jiu-Jitsu
Seattle International Open 2015,Adult/Male/Brown/Middle,1,Rolando Villanueva Samson,Atos Jiu-Jitsu
Seattle International Open 2015,Adult/Male/Brown/Middle,2,Daniel-Shea Garcia Stolfi,Atos Jiu-Jitsu
Seattle International Open 2015,Adult/Male/Brown/Middle,3,Jeremy Sachio Nitta,Mad Tiger Academy
Seattle International Open 2015,Adult/Male/Brown/Middle,3,Robert Paul Wolfe,Ribeiro Jiu-Jitsu
Seattle International Open 2015,Adult/Male/Brown/Medium-Heavy,1,Michael-Justin Carbullido,Atos Jiu-Jitsu
Seattle International Open 2015,Adult/Male/Brown/Medium-Heavy,2,Mohammad Faraj Mustafa,Elite Brazilian Jiu Jitsu Redmond
Seattle International Open 2015,Adult/Male/Brown/Medium-Heavy,3,Chad Phillip Shaule,Gracie Barra
Seattle International Open 2015,Adult/Male/Brown/Medium-Heavy,3,Sierran Jairus Fletcher,Ribeiro Jiu-Jitsu
Seattle International Open 2015,Adult/Male/Brown/Super-Heavy,1,John P. Owning,Cassio Werneck BJJ
Seattle International Open 2015,Adult/Male/Brown/Super-Heavy,2,Joshua Aaron Bacallao,Gracie Barra
Seattle International Open 2015,Adult/Male/Brown/Super-Heavy,3,Richard John Turner,JR Academy
Seattle International Open 2015,Adult/Male/Brown/Super-Heavy,3,Russell Tunes,Impact Jiu Jitsu
Seattle International Open 2015,Adult/Male/Brown/OpenClass,1,Michael-Justin Carbullido,Atos Jiu-Jitsu
Seattle International Open 2015,Adult/Male/Brown/OpenClass,2,Rolando Villanueva Samson,Atos Jiu-Jitsu
Seattle International Open 2015,Adult/Male/Brown/OpenClass,3,Mohammad Faraj Mustafa,Elite Brazilian Jiu Jitsu Redmond
Seattle International Open 2015,Adult/Male/Brown/OpenClass,3,Richard John Turner,JR Academy
Seattle International Open 2015,Adult/Male/Black/Light-Feather,1,Milton Carlos Bastos P. do Nascimento,Samir Chantre BJJ
Seattle International Open 2015,Adult/Male/Black/Light-Feather,2,William Earl Hagerty,Jiu-Jitsu Dynamics Washington
Seattle International Open 2015,Adult/Male/Black/Feather,1,Vitor Peres Paschoal,Brasa CTA
Seattle International Open 2015,Adult/Male/Black/Feather,2,Samir José Chantre Dahás,Samir Chantre BJJ
Seattle International Open 2015,Adult/Male/Black/Feather,3,Jordan Tomas Gomez,Caveirinha Jiu-Jitsu Family USA
Seattle International Open 2015,Adult/Male/Black/Feather,3,Richard Stephen Slomba Jr.,Atos Jiu-Jitsu
Seattle International Open 2015,Adult/Male/Black/Light,1,Francisco Antonio Iturralde Lara,Alliance
Seattle International Open 2015,Adult/Male/Black/Light,2,Kim Terra,Brasa CTA
Seattle International Open 2015,Adult/Male/Black/Light,3,Issa Able,GD Jiu-Jitsu Association
Seattle International Open 2015,Adult/Male/Black/Light,3,Jason Jerome Rivera Palacios,Team Royce Gracie
Seattle International Open 2015,Adult/Male/Black/Middle,1,Michael Remigio Liera Jr.,Atos Jiu-Jitsu
Seattle International Open 2015,Adult/Male/Black/Middle,2,Joshua Roy Hinger,Atos Jiu-Jitsu
Seattle International Open 2015,Adult/Male/Black/Middle,3,Joshua Franklin Guzman Calvo,Lotus Club Jiu-Jitsu
Seattle International Open 2015,Adult/Male/Black/Middle,3,Pedro Henrique Monteiro Palhares,Luiz Palhares Jiu Jitsu
Seattle International Open 2015,Adult/Male/Black/Medium-Heavy,1,Giacomo Raupp Zanini,Ribeiro Jiu-Jitsu
Seattle International Open 2015,Adult/Male/Black/Medium-Heavy,2,Joshua Lee Bowlin,Gracie Barra
Seattle International Open 2015,Adult/Male/Black/Medium-Heavy,3,Thomas Joseph Cronin Jr,Carlson Gracie Team
Seattle International Open 2015,Adult/Male/Black/Heavy,1,Fernando Moya Herrera,Renzo Gracie International
Seattle International Open 2015,Adult/Male/Black/Heavy,2,Jared Reid Revel,Gracie Barra
Seattle International Open 2015,Adult/Male/Black/Heavy,3,Robert Zeps,Gracie Barra
Seattle International Open 2015,Adult/Male/Black/Super-Heavy,1,Felipe Menezes Bueno,Alliance SP
Seattle International Open 2015,Adult/Male/Black/Super-Heavy,2,Alessandro Ferreira da Silva,Gracie Fighter
Seattle International Open 2015,Adult/Male/Black/Ultra-Heavy,1,Carlos Eduardo de Araujo Farias,Brasa CTA
Seattle International Open 2015,Adult/Male/Black/Ultra-Heavy,2,Larry James King,Praxis Brazilian Jiu Jitsu
Seattle International Open 2015,Adult/Male/Black/OpenClass,1,Michael Remigio Liera Jr.,Atos Jiu-Jitsu
Seattle International Open 2015,Adult/Male/Black/OpenClass,2,Fernando Moya Herrera,Renzo Gracie International
Seattle International Open 2015,Adult/Male/Black/OpenClass,3,Joshua Roy Hinger,Atos Jiu-Jitsu
Seattle International Open 2015,Adult/Male/Black/OpenClass,3,Kim Terra,Brasa CTA
Seattle International Open 2015,Adult/Female/Black/Light,1,Kiri Noelle Liao,Ribeiro Jiu-Jitsu
Seattle International Open 2015,Adult/Female/Black/Light,2,Gegi E Van de Walker,Cia Paulista USA
Seattle International Open 2015,Adult/Female/Black/Middle,1,Amanda Loewen,SBG International (SBGI)
Seattle International Open 2015,Adult/Female/Black/Middle,2,Leanna M Dittrich,Fight Sports
Seattle International Open 2015,Adult/Female/Black/Medium-Heavy,1,Angelica Cabral Firme Galvao,Atos Jiu-Jitsu
Seattle International Open 2015,Adult/Female/Black/Medium-Heavy,2,Rosamond Elin Snow,Easton BJJ
Seattle International Open 2015,Adult/Female/Black/OpenClass,1,Angelica Cabral Firme Galvao,Atos Jiu-Jitsu
Seattle International Open 2015,Adult/Female/Black/OpenClass,2,Leanna M Dittrich,Fight Sports
Seattle International Open 2015,Adult/Female/Black/OpenClass,3,Kiri Noelle Liao,Ribeiro Jiu-Jitsu
Seattle International Open 2015,Adult/Female/Black/OpenClass,3,Rosamond Elin Snow,Easton BJJ
Seattle International Open 2015,Master1/Male/White/Light,1,Michael Sailer,Alliance
Seattle International Open 2015,Master1/Male/White/Light,2,George Rushin,SBG International (SBGI)
Seattle International Open 2015,Master1/Male/White/Light,3,Philip Chin,Gracie Barra
Seattle International Open 2015,Master1/Male/White/Light,3,Roberto Sheets,Nova União USA
Seattle International Open 2015,Master1/Male/White/Middle,1,Matthew Brown,Ribeiro Jiu-Jitsu
Seattle International Open 2015,Master1/Male/White/Middle,2,Drew Wheeler,GHBJJ
Seattle International Open 2015,Master1/Male/White/Middle,3,Alexander Benikov,GD Jiu-Jitsu Association
Seattle International Open 2015,Master1/Male/White/Middle,3,Jacob Coker,Gracie Barra
Seattle International Open 2015,Master1/Male/White/Medium-Heavy,1,Sang Hwang,Elite Brazilian Jiu Jitsu Redmond
Seattle International Open 2015,Master1/Male/White/Medium-Heavy,2,Kenneth Goering,Gracie Barra
Seattle International Open 2015,Master1/Male/White/Heavy,1,John George,Braga Fight Team - Los Angeles
Seattle International Open 2015,Master1/Male/White/Super-Heavy,1,Zachery Beckman,Fabio Santos BJJ
Seattle International Open 2015,Master1/Male/White/Ultra-Heavy,1,Shane Steward,SBG International (SBGI)
Seattle International Open 2015,Master1/Male/White/Ultra-Heavy,2,Joseph Villegas,Braga Fight Team - Los Angeles
Seattle International Open 2015,Master1/Male/White/Ultra-Heavy,3,Brian Butts,Gracie Barra
Seattle International Open 2015,Master1/Male/White/Ultra-Heavy,3,David Lim,Elite Brazilian Jiu Jitsu Redmond
Seattle International Open 2015,Master1/Male/Blue/Light-Feather,1,Warren Jadraque,Gracie Barra
Seattle International Open 2015,Master1/Male/Blue/Light-Feather,2,Hiroaki  Sato,Gracie Barra
Seattle International Open 2015,Master1/Male/Blue/Light-Feather,3,Joel Vizmanos,Elite Brazilian Jiu Jitsu Redmond
Seattle International Open 2015,Master1/Male/Blue/Light-Feather,3,Roland  Edgar,GHBJJ
Seattle International Open 2015,Master1/Male/Blue/Feather,1,Arthur Kurzak,Alliance
Seattle International Open 2015,Master1/Male/Blue/Feather,2,Peter Grimes,Octagon MMA
Seattle International Open 2015,Master1/Male/Blue/Light,1,Michael Morris,Ribeiro Jiu-Jitsu
Seattle International Open 2015,Master1/Male/Blue/Light,2,Fernando  Camargo,Cascao Jiu-Jitsu
Seattle International Open 2015,Master1/Male/Blue/Light,3,Peter Arriola,Gracie Barra
Seattle International Open 2015,Master1/Male/Blue/Light,3,Richard Roach,Impact Jiu Jitsu
Seattle International Open 2015,Master1/Male/Blue/Middle,1,Ryan Carlisle,Foster Brazilian Jiu-Jitsu
Seattle International Open 2015,Master1/Male/Blue/Middle,2,Michael Salconi,Gracie Barra
Seattle International Open 2015,Master1/Male/Blue/Middle,3,Aric Loehlein,Cascao Jiu-Jitsu
Seattle International Open 2015,Master1/Male/Blue/Middle,3,ryan anderson,Cascao Jiu-Jitsu
Seattle International Open 2015,Master1/Male/Blue/Medium-Heavy,1,J.j.  Tudela,Ribeiro Jiu-Jitsu
Seattle International Open 2015,Master1/Male/Blue/Medium-Heavy,2,Clayton Bundschuh,Brasa CTA
Seattle International Open 2015,Master1/Male/Blue/Heavy,1,Matthew  Cotton,Ribeiro Jiu-Jitsu
Seattle International Open 2015,Master1/Male/Blue/Heavy,2,Luis Marfori,Dynamic Mixed Martial Arts
Seattle International Open 2015,Master1/Male/Blue/Heavy,3,Kenneth Gary Ruzicka II,Team Chard BJJ
Seattle International Open 2015,Master1/Male/Blue/Super-Heavy,1,Benjamin Brown-bieber,Cascao Jiu-Jitsu
Seattle International Open 2015,Master1/Male/Blue/Super-Heavy,2,Jason Crighton,Ribeiro Jiu-Jitsu
Seattle International Open 2015,Master1/Male/Blue/Ultra-Heavy,1,Lee Ajayi,Gracie Barra
Seattle International Open 2015,Master1/Male/Blue/Ultra-Heavy,2,Terrance Cordell Souser,Team-Choco
Seattle International Open 2015,Master1/Male/Blue/OpenClass,1,Lee Ajayi,Gracie Barra
Seattle International Open 2015,Master1/Male/Blue/OpenClass,2,Peter Grimes,Octagon MMA
Seattle International Open 2015,Master1/Male/Blue/OpenClass,3,Benjamin Brown-bieber,Cascao Jiu-Jitsu
Seattle International Open 2015,Master1/Male/Blue/OpenClass,3,Jason Crighton,Ribeiro Jiu-Jitsu
Seattle International Open 2015,Master1/Female/Blue/Feather,1,Olivia Shand,Fight Sports
Seattle International Open 2015,Master1/Female/Blue/Feather,2,Magdalena  Regdos,Gracie Barra
Seattle International Open 2015,Master1/Male/Purple/Feather,1,Mickey Elliott,Gracie Barra
Seattle International Open 2015,Master1/Male/Purple/Feather,2,Deiniol Lloyd,Gracie Barra
Seattle International Open 2015,Master1/Male/Purple/Feather,3,Eugene  Hair,Alliance
Seattle International Open 2015,Master1/Male/Purple/Feather,3,William M. Ellis,Babalu's Iron Gym
Seattle International Open 2015,Master1/Male/Purple/Light,1,Ricardo Antonio Castaneda,Gracie Barra
Seattle International Open 2015,Master1/Male/Purple/Light,2,John Minshall,Gracie Barra
Seattle International Open 2015,Master1/Male/Purple/Middle,1,Lawrence Walmsley,Elite Brazilian Jiu Jitsu Redmond
Seattle International Open 2015,Master1/Male/Purple/Middle,2,david walker,SBG International (SBGI)
Seattle International Open 2015,Master1/Male/Purple/Middle,3,Russell Malloy,Cascao Jiu-Jitsu
Seattle International Open 2015,Master1/Male/Purple/Middle,3,Vincent Inoncillo,Cobra Kai Jiu Jitsu
Seattle International Open 2015,Master1/Male/Purple/Medium-Heavy,1,Jason Smith,Cascao Jiu-Jitsu
Seattle International Open 2015,Master1/Male/Purple/Heavy,1,Christopher Lee West,Team Lloyd Irvin
Seattle International Open 2015,Master1/Male/Purple/Heavy,2,Josef Justin De La Vega,Fabio Prado BJJ
Seattle International Open 2015,Master1/Male/Purple/Super-Heavy,1,Ransen Rodrigues,Ribeiro Jiu-Jitsu
Seattle International Open 2015,Master1/Male/Purple/OpenClass,1,Christopher Lee West,Team Lloyd Irvin
Seattle International Open 2015,Master1/Male/Purple/OpenClass,2,Ransen Rodrigues,Ribeiro Jiu-Jitsu
Seattle International Open 2015,Master1/Male/Purple/OpenClass,3,Jason Smith,Cascao Jiu-Jitsu
Seattle International Open 2015,Master1/Male/Purple/OpenClass,3,Vincent Inoncillo,Cobra Kai Jiu Jitsu
Seattle International Open 2015,Master1/Female/Purple/Feather,1,Jonette Anica Simon,Gracie Barra
Seattle International Open 2015,Master1/Female/Purple/Light,1,Emily Fichtner,Carlson Gracie Team
Seattle International Open 2015,Master1/Female/Purple/Heavy,1,Rachael Kaulig,Cascao Jiu-Jitsu
Seattle International Open 2015,Master1/Female/Purple/Super-Heavy,1,Caroline  Silva,Gracie Barra
Seattle International Open 2015,Master1/Female/Purple/OpenClass,1,Jonette Anica Simon,Gracie Barra
Seattle International Open 2015,Master1/Female/Purple/OpenClass,2,Emily Fichtner,Carlson Gracie Team
Seattle International Open 2015,Master1/Female/Purple/OpenClass,3,Caroline  Silva,Gracie Barra
Seattle International Open 2015,Master1/Female/Purple/OpenClass,3,Rachael Kaulig,Cascao Jiu-Jitsu
Seattle International Open 2015,Master1/Male/Brown/Feather,1,Gustavo Adolfo Fonseca Jr.,Atos Jiu-Jitsu
Seattle International Open 2015,Master1/Male/Brown/Feather,2,Jonathan Halibas Pastrano,Brasa CTA
Seattle International Open 2015,Master1/Male/Brown/Feather,3,Cedric Co Ling,Dynamic Mixed Martial Arts
Seattle International Open 2015,Master1/Male/Brown/Feather,3,Michael D. Hansen,West Coast BJJ
Seattle International Open 2015,Master1/Male/Brown/Light,1,Jacob Nicolai Boysen,Carlson Gracie Team
Seattle International Open 2015,Master1/Male/Brown/Light,2,Sa H Kim,Gracie Barra
Seattle International Open 2015,Master1/Male/Brown/Middle,1,Eric Bernardo Calderon Linares,Ribeiro Jiu-Jitsu
Seattle International Open 2015,Master1/Male/Brown/Heavy,1,Jaysen Jose Baxter,Brazilian Top Team Long Beach
Seattle International Open 2015,Master1/Male/Brown/OpenClass,1,Jaysen Jose Baxter,Brazilian Top Team Long Beach
Seattle International Open 2015,Master1/Male/Brown/OpenClass,2,Sa H Kim,Gracie Barra
Seattle International Open 2015,Master1/Male/Brown/OpenClass,3,Eric Bernardo Calderon Linares,Ribeiro Jiu-Jitsu
Seattle International Open 2015,Master1/Female/Brown/Middle,1,Jeane Anne Saari-Ruiz,GF Team Texas
Seattle International Open 2015,Master1/Female/Brown/OpenClass,1,Jeane Anne Saari-Ruiz,GF Team Texas
Seattle International Open 2015,Master1/Male/Black/Light-Feather,1,Russell Delacruz Cantorna,CheckMat
Seattle International Open 2015,Master1/Male/Black/Light,1,Christopher James Dealy,Alliance
Seattle International Open 2015,Master1/Male/Black/Light,2,Sean Ryan,Carlson Gracie Team
Seattle International Open 2015,Master1/Male/Black/Middle,1,Gustavo Ernesto Carpio Caceres,Connect BJJ
Seattle International Open 2015,Master1/Male/Black/Middle,2,James Caleb Weed,Cascao Jiu-Jitsu
Seattle International Open 2015,Master1/Male/Black/Medium-Heavy,1,Omar Sabha,Brazilian Top Team Long Beach
Seattle International Open 2015,Master1/Male/Black/Medium-Heavy,2,Marcelo Meleiro,Nova União USA
Seattle International Open 2015,Master1/Male/Black/Ultra-Heavy,1,Griffith Carl Sombke,Gracie Barra
Seattle International Open 2015,Master1/Male/Black/OpenClass,1,Omar Sabha,Brazilian Top Team Long Beach
Seattle International Open 2015,Master1/Male/Black/OpenClass,2,Sean Ryan,Carlson Gracie Team
Seattle International Open 2015,Master1/Male/Black/OpenClass,3,James Caleb Weed,Cascao Jiu-Jitsu
Seattle International Open 2015,Master1/Male/Black/OpenClass,3,Marcelo Meleiro,Nova União USA
Seattle International Open 2015,Master2/Male/White/Light,1,Ryan Fletcher,Pacific Top Team
Seattle International Open 2015,Master2/Male/White/Light,2,Jimmy Vitelli,Team Royce Gracie
Seattle International Open 2015,Master2/Male/White/Light,3,Kris Johnson,Cascao Jiu-Jitsu
Seattle International Open 2015,Master2/Male/White/Middle,1,John K.M. Pakele Jr.,Brasa CTA
Seattle International Open 2015,Master2/Male/White/Middle,2,Damion Hatch,Cascao Jiu-Jitsu
Seattle International Open 2015,Master2/Male/White/Middle,3,Jay Avery,Carlson Gracie Team
Seattle International Open 2015,Master2/Male/White/Medium-Heavy,1,Johnny Thomaidis,Gracie Barra
Seattle International Open 2015,Master2/Male/White/Medium-Heavy,2,Michael Eckblad,Ribeiro Jiu-Jitsu
Seattle International Open 2015,Master2/Male/White/Medium-Heavy,3,Joseph Dotson,Cascao Jiu-Jitsu
Seattle International Open 2015,Master2/Male/White/Medium-Heavy,3,Kory Knudson,Braga Fight Team - Los Angeles
Seattle International Open 2015,Master2/Male/White/Heavy,1,Jon Paul Benedictson,Ribeiro Jiu-Jitsu
Seattle International Open 2015,Master2/Male/White/Heavy,2,Raul Ochoa,Braga Fight Team - Los Angeles
Seattle International Open 2015,Master2/Male/Blue/Light,1,Michael Harvey,West Coast BJJ
Seattle International Open 2015,Master2/Male/Blue/Light,2,Daniel Kroener,GHBJJ
Seattle International Open 2015,Master2/Male/Blue/Middle,1,RYAN ONEAL,Brazilian Top Team Long Beach
Seattle International Open 2015,Master2/Male/Blue/Middle,2,Joshua Caplan,Gracie Barra
Seattle International Open 2015,Master2/Male/Blue/Middle,3,Charles Quintanilla,Gracie Barra
Seattle International Open 2015,Master2/Male/Blue/Medium-Heavy,1,Jay Nichol,Alliance Los Angeles
Seattle International Open 2015,Master2/Male/Blue/Medium-Heavy,2,Matthew Bottiglieri,Nemesis Jiu Jitsu
Seattle International Open 2015,Master2/Male/Blue/Medium-Heavy,3,Jason Boyd,Team Royce Gracie
Seattle International Open 2015,Master2/Male/Blue/Medium-Heavy,3,matthew Cordell,Ribeiro Jiu-Jitsu
Seattle International Open 2015,Master2/Male/Blue/Heavy,1,David Taylor,Cascao Jiu-Jitsu
Seattle International Open 2015,Master2/Male/Blue/Heavy,2,Joe Mckinnon,Gracie Barra
Seattle International Open 2015,Master2/Male/Blue/Heavy,3,Daniel Syhre,GHBJJ
Seattle International Open 2015,Master2/Male/Blue/Ultra-Heavy,1,Walter Bracy,Jiu-Jitsu Dynamics Washington
Seattle International Open 2015,Master2/Male/Blue/Ultra-Heavy,2,Joseph Barros,Ribeiro Jiu-Jitsu
Seattle International Open 2015,Master2/Male/Blue/OpenClass,1,RYAN ONEAL,Brazilian Top Team Long Beach
Seattle International Open 2015,Master2/Male/Blue/OpenClass,2,matthew Cordell,Ribeiro Jiu-Jitsu
Seattle International Open 2015,Master2/Male/Blue/OpenClass,3,Charles Quintanilla,Gracie Barra
Seattle International Open 2015,Master2/Male/Blue/OpenClass,3,Joseph Barros,Ribeiro Jiu-Jitsu
Seattle International Open 2015,Master2/Male/Purple/Feather,1,John Bruce Wilson,Gracie Barra
Seattle International Open 2015,Master2/Male/Purple/Feather,2,Dan Hewitt,Impact Jiu Jitsu
Seattle International Open 2015,Master2/Male/Purple/Light,1,Bruce Nardone,Brasa CTA
Seattle International Open 2015,Master2/Male/Purple/Middle,1,Kevin Yang,Gracie Barra
Seattle International Open 2015,Master2/Male/Purple/Medium-Heavy,1,Sol Langsam,Cascao Jiu-Jitsu
Seattle International Open 2015,Master2/Male/Purple/Medium-Heavy,2,PHILIP ROBERTI,Gracie Barra
Seattle International Open 2015,Master2/Male/Purple/Medium-Heavy,3,Anthony Kook,Gracie Barra
Seattle International Open 2015,Master2/Male/Purple/Medium-Heavy,3,Simcha Lachman,Clark's University of Martial Arts
Seattle International Open 2015,Master2/Male/Purple/Heavy,1,Jason Michael Lambert,Ribeiro Jiu-Jitsu
Seattle International Open 2015,Master2/Male/Purple/Heavy,2,Jamie Riedinger,Cascao Jiu-Jitsu
Seattle International Open 2015,Master2/Male/Purple/Heavy,3,Rockford V. Abild,Gracie Barra
Seattle International Open 2015,Master2/Male/Purple/Super-Heavy,1,Glenn G. Calairo,Carlos Sapao BJJ
Seattle International Open 2015,Master2/Male/Purple/Ultra-Heavy,1,Manuel Padilla,Gracie Barra
Seattle International Open 2015,Master2/Male/Purple/Ultra-Heavy,2,James Miner,CheckMat USA
Seattle International Open 2015,Master2/Male/Purple/OpenClass,1,PHILIP ROBERTI,Gracie Barra
Seattle International Open 2015,Master2/Male/Purple/OpenClass,2,Manuel Padilla,Gracie Barra
Seattle International Open 2015,Master2/Male/Purple/OpenClass,3,Jamie Riedinger,Cascao Jiu-Jitsu
Seattle International Open 2015,Master2/Male/Purple/OpenClass,3,Jason Michael Lambert,Ribeiro Jiu-Jitsu
Seattle International Open 2015,Master2/Male/Brown/Middle,1,Leandro L. Massaro,Gracie Humaita Phoenix
Seattle International Open 2015,Master2/Male/Brown/Middle,2,Tyler Zachary Kishi,Caveirinha Jiu-Jitsu Family USA
Seattle International Open 2015,Master2/Male/Brown/OpenClass,1,Tyler Zachary Kishi,Caveirinha Jiu-Jitsu Family USA
Seattle International Open 2015,Master2/Male/Brown/OpenClass,2,Leandro L. Massaro,Gracie Humaita Phoenix
Seattle International Open 2015,Master2/Male/Black/Light,1,Jacob Schofield,Alliance
Seattle International Open 2015,Master2/Male/Black/Middle,1,John D Carlquist,Unified Jiu Jitsu
Seattle International Open 2015,Master2/Male/Black/Middle,2,James M. Malone,Cascao Jiu-Jitsu
Seattle International Open 2015,Master2/Male/Black/Middle,3,Harley Justin Chappell,Pacific Top Team
Seattle International Open 2015,Master2/Male/Black/Medium-Heavy,1,Robert Piotr Biernacki,Island Top Team
Seattle International Open 2015,Master2/Male/Black/Medium-Heavy,2,Julio Cesar Diaz Solache,Cascao Jiu-Jitsu
Seattle International Open 2015,Master2/Male/Black/Super-Heavy,1,Clifford David Fonseca,Luiz Palhares Jiu Jitsu
Seattle International Open 2015,Master2/Male/Black/Ultra-Heavy,1,Ethan Allan Snow,Easton BJJ
Seattle International Open 2015,Master2/Male/Black/OpenClass,1,Clifford David Fonseca,Luiz Palhares Jiu Jitsu
Seattle International Open 2015,Master2/Male/Black/OpenClass,2,Ethan Allan Snow,Easton BJJ
Seattle International Open 2015,Master2/Male/Black/OpenClass,3,Julio Cesar Diaz Solache,Cascao Jiu-Jitsu
Seattle International Open 2015,Master3/Male/Blue/Light,1,Michael Fletcher,SBG International (SBGI)
Seattle International Open 2015,Master3/Male/Blue/Light,2,Byron Fernandus Jr.,Carlson Gracie Team
Seattle International Open 2015,Master3/Male/Blue/Light,3,Blaine Kakuda,Cascao Jiu-Jitsu
Seattle International Open 2015,Master3/Male/Blue/Middle,1,Tyrone Taitch,Cascao Jiu-Jitsu
Seattle International Open 2015,Master3/Male/Blue/Heavy,1,Craig Britton,Zenith BJJ
Seattle International Open 2015,Master3/Male/Blue/Heavy,2,Caleb Shearer,Gracie Barra
Seattle International Open 2015,Master3/Male/Blue/Ultra-Heavy,1,Brian Springberg,Renzo Gracie Academy Portland
Seattle International Open 2015,Master3/Male/Blue/Ultra-Heavy,2,Michael Patrick Clark,Ribeiro Jiu-Jitsu
Seattle International Open 2015,Master3/Male/Blue/OpenClass,1,Brian Springberg,Renzo Gracie Academy Portland
Seattle International Open 2015,Master3/Male/Blue/OpenClass,2,Michael Patrick Clark,Ribeiro Jiu-Jitsu
Seattle International Open 2015,Master3/Male/Blue/OpenClass,3,Craig Britton,Zenith BJJ
Seattle International Open 2015,Master3/Male/Blue/OpenClass,3,Tyrone Taitch,Cascao Jiu-Jitsu
Seattle International Open 2015,Master3/Male/Purple/Heavy,1,Howard Galliani,Alliance
Seattle International Open 2015,Master3/Male/Purple/Heavy,2,Brian Taylor,Cascao Jiu-Jitsu
Seattle International Open 2015,Master3/Male/Brown/Heavy,1,Dean Mitchell Toews,Ribeiro Jiu-Jitsu
Seattle International Open 2015,Master3/Male/Brown/Ultra-Heavy,1,Aimoku Nahulu,Gracie Barra
Seattle International Open 2015,Master3/Male/Brown/OpenClass,1,Aimoku Nahulu,Gracie Barra
Seattle International Open 2015,Master3/Male/Brown/OpenClass,2,Dean Mitchell Toews,Ribeiro Jiu-Jitsu
Seattle International Open 2015,Master3/Male/Black/Light,1,Daryl Jay Fort,Brasa CTA
Seattle International Open 2015,Master3/Male/Black/OpenClass,1,Daryl Jay Fort,Brasa CTA
Seattle International Open 2015,Master4/Male/Blue/Feather,1,Seth Miller,Gracie Barra
Seattle International Open 2015,Master4/Male/Blue/Feather,2,Darrin Neil Tinsley,Gracie Fighter
Seattle International Open 2015,Master4/Male/Blue/Medium-Heavy,1,Shawn Michael Lawrence,Iron Lion Jiu-Jitsu Academy
Seattle International Open 2015,Master4/Male/Blue/Medium-Heavy,2,Bryan Ales,CheckMat
Seattle International Open 2015,Master4/Male/Blue/Heavy,1,Graeme  Humphrey,Ribeiro Jiu-Jitsu
Seattle International Open 2015,Master4/Male/Blue/Ultra-Heavy,1,Michael Smith,Cascao Jiu-Jitsu
Seattle International Open 2015,Master4/Male/Blue/OpenClass,1,Shawn Michael Lawrence,Iron Lion Jiu-Jitsu Academy
Seattle International Open 2015,Master4/Male/Blue/OpenClass,2,Michael Smith,Cascao Jiu-Jitsu
Seattle International Open 2015,Master4/Male/Blue/OpenClass,3,Bryan Ales,CheckMat
Seattle International Open 2015,Master4/Male/Blue/OpenClass,3,Darrin Neil Tinsley,Gracie Fighter
Seattle International Open 2015,Master4/Male/Purple/Light,1,Shaun Meeds,Cascao Jiu-Jitsu
Seattle International Open 2015,Master4/Male/Purple/Light,2,Arthur Hatch,Cascao Jiu-Jitsu
Seattle International Open 2015,Master4/Male/Purple/OpenClass,1,Shaun Meeds,Cascao Jiu-Jitsu
Seattle International Open 2015,Master4/Male/Purple/OpenClass,2,Arthur Hatch,Cascao Jiu-Jitsu
Seattle International Open 2015,Master4/Male/Brown/Heavy,1,Sean Starn,Grappling Unlimited
Seattle International Open 2015,Master4/Male/Brown/Ultra-Heavy,1,Woody Lee Little,Impact Jiu Jitsu
Seattle International Open 2015,Master4/Male/Brown/Ultra-Heavy,2,Bruce A. Elliott,CheckMat USA
Seattle International Open 2015,Master4/Male/Brown/OpenClass,1,Sean Starn,Grappling Unlimited
Seattle International Open 2015,Master5/Male/Purple/Medium-Heavy,1,Gene Cook,Carlson Gracie Team
Seattle International Open 2015,Master5/Male/Purple/Ultra-Heavy,1,Ken  Demile (repetido 189558),Ribeiro Jiu-Jitsu
Seattle International Open 2015,Master5/Male/Purple/Ultra-Heavy,2,John D. Gauntt,Gracie Barra
Seattle International Open 2015,Master5/Male/Purple/OpenClass,1,John D. Gauntt,Gracie Barra
Seattle International Open 2015,Master5/Male/Purple/OpenClass,2,Gene Cook,Carlson Gracie Team
